solid OpenSCAD_Model
  facet normal 0.0783858 0 0.996923
    outer loop
      vertex 47 30 76
      vertex 47.4693 0 75.9631
      vertex 47.4693 30 75.9631
    endloop
  endfacet
  facet normal 0.0783858 0 0.996923
    outer loop
      vertex 47.4693 0 75.9631
      vertex 47 30 76
      vertex 47 0 76
    endloop
  endfacet
  facet normal -0.0784595 0 -0.996917
    outer loop
      vertex 2.5307 0 0.0369349
      vertex 3 30 0
      vertex 3 0 0
    endloop
  endfacet
  facet normal -0.0784595 0 -0.996917
    outer loop
      vertex 3 30 0
      vertex 2.5307 0 0.0369349
      vertex 2.5307 30 0.0369349
    endloop
  endfacet
  facet normal -0 0 1
    outer loop
      vertex 25.8817 1.71618 76
      vertex 47 0 76
      vertex 47 30 76
    endloop
  endfacet
  facet normal 0 0 1
    outer loop
      vertex 47 0 76
      vertex 26.4932 0.121367 76
      vertex 26.5 0 76
    endloop
  endfacet
  facet normal 0 0 1
    outer loop
      vertex 47 0 76
      vertex 26.4815 0.331847 76
      vertex 26.4932 0.121367 76
    endloop
  endfacet
  facet normal 0 0 1
    outer loop
      vertex 47 0 76
      vertex 26.448 0.529364 76
      vertex 26.4815 0.331847 76
    endloop
  endfacet
  facet normal 0 0 1
    outer loop
      vertex 47 0 76
      vertex 26.4266 0.655523 76
      vertex 26.448 0.529364 76
    endloop
  endfacet
  facet normal 0 0 1
    outer loop
      vertex 47 0 76
      vertex 26.3901 0.779933 76
      vertex 26.4266 0.655523 76
    endloop
  endfacet
  facet normal 0 0 1
    outer loop
      vertex 47 0 76
      vertex 26.3365 0.963059 76
      vertex 26.3901 0.779933 76
    endloop
  endfacet
  facet normal 0 0 1
    outer loop
      vertex 47 0 76
      vertex 26.2846 1.08294 76
      vertex 26.3365 0.963059 76
    endloop
  endfacet
  facet normal 0 0 1
    outer loop
      vertex 47 0 76
      vertex 26.2135 1.24688 76
      vertex 26.2846 1.08294 76
    endloop
  endfacet
  facet normal 0 0 1
    outer loop
      vertex 47 0 76
      vertex 26.128 1.38853 76
      vertex 26.2135 1.24688 76
    endloop
  endfacet
  facet normal 0 0 1
    outer loop
      vertex 47 0 76
      vertex 26.0607 1.5 76
      vertex 26.128 1.38853 76
    endloop
  endfacet
  facet normal 0 0 1
    outer loop
      vertex 47 0 76
      vertex 25.9796 1.59787 76
      vertex 26.0607 1.5 76
    endloop
  endfacet
  facet normal 0 0 1
    outer loop
      vertex 47 0 76
      vertex 25.8817 1.71618 76
      vertex 25.9796 1.59787 76
    endloop
  endfacet
  facet normal 0 0 1
    outer loop
      vertex 47 30 76
      vertex 25.7743 1.8092 76
      vertex 25.8817 1.71618 76
    endloop
  endfacet
  facet normal 0 0 1
    outer loop
      vertex 47 30 76
      vertex 25.681 1.89011 76
      vertex 25.7743 1.8092 76
    endloop
  endfacet
  facet normal 0 0 1
    outer loop
      vertex 47 30 76
      vertex 25.578 1.95043 76
      vertex 25.681 1.89011 76
    endloop
  endfacet
  facet normal 0 0 1
    outer loop
      vertex 47 30 76
      vertex 25.4635 2.0175 76
      vertex 25.578 1.95043 76
    endloop
  endfacet
  facet normal 0 0 1
    outer loop
      vertex 47 30 76
      vertex 25.2347 2.0952 76
      vertex 25.4635 2.0175 76
    endloop
  endfacet
  facet normal 0 0 1
    outer loop
      vertex 47 30 76
      vertex 25 2.12132 76
      vertex 25.2347 2.0952 76
    endloop
  endfacet
  facet normal -0 0 1
    outer loop
      vertex 3 30 76
      vertex 25 2.12132 76
      vertex 47 30 76
    endloop
  endfacet
  facet normal 0 0 1
    outer loop
      vertex 25 2.12132 76
      vertex 3 30 76
      vertex 24.7653 2.0952 76
    endloop
  endfacet
  facet normal 0 0 1
    outer loop
      vertex 24.7653 2.0952 76
      vertex 3 30 76
      vertex 24.5365 2.0175 76
    endloop
  endfacet
  facet normal 0 0 1
    outer loop
      vertex 24.5365 2.0175 76
      vertex 3 30 76
      vertex 24.422 1.95043 76
    endloop
  endfacet
  facet normal 0 0 1
    outer loop
      vertex 24.422 1.95043 76
      vertex 3 30 76
      vertex 24.319 1.89011 76
    endloop
  endfacet
  facet normal 0 0 1
    outer loop
      vertex 24.319 1.89011 76
      vertex 3 30 76
      vertex 24.2257 1.8092 76
    endloop
  endfacet
  facet normal 0 0 1
    outer loop
      vertex 24.2257 1.8092 76
      vertex 3 30 76
      vertex 24.1183 1.71618 76
    endloop
  endfacet
  facet normal 0 0 1
    outer loop
      vertex 3 0 76
      vertex 24.1183 1.71618 76
      vertex 3 30 76
    endloop
  endfacet
  facet normal 0 0 1
    outer loop
      vertex 3 0 76
      vertex 23.872 1.38853 76
      vertex 23.9393 1.5 76
    endloop
  endfacet
  facet normal 0 0 1
    outer loop
      vertex 3 0 76
      vertex 23.6099 0.779933 76
      vertex 23.6635 0.963059 76
    endloop
  endfacet
  facet normal 0 0 1
    outer loop
      vertex 3 0 76
      vertex 23.552 0.529364 76
      vertex 23.5734 0.655523 76
    endloop
  endfacet
  facet normal 0 0 1
    outer loop
      vertex 24.1183 1.71618 76
      vertex 3 0 76
      vertex 24.0204 1.59787 76
    endloop
  endfacet
  facet normal 0 0 1
    outer loop
      vertex 24.0204 1.59787 76
      vertex 3 0 76
      vertex 23.9393 1.5 76
    endloop
  endfacet
  facet normal 0 0 1
    outer loop
      vertex 23.872 1.38853 76
      vertex 3 0 76
      vertex 23.7865 1.24688 76
    endloop
  endfacet
  facet normal 0 0 1
    outer loop
      vertex 23.7865 1.24688 76
      vertex 3 0 76
      vertex 23.7154 1.08294 76
    endloop
  endfacet
  facet normal 0 0 1
    outer loop
      vertex 23.7154 1.08294 76
      vertex 3 0 76
      vertex 23.6635 0.963059 76
    endloop
  endfacet
  facet normal 0 0 1
    outer loop
      vertex 23.6099 0.779933 76
      vertex 3 0 76
      vertex 23.5734 0.655523 76
    endloop
  endfacet
  facet normal 0 0 1
    outer loop
      vertex 23.552 0.529364 76
      vertex 3 0 76
      vertex 23.5185 0.331847 76
    endloop
  endfacet
  facet normal 0 0 1
    outer loop
      vertex 23.5185 0.331847 76
      vertex 3 0 76
      vertex 23.5068 0.121367 76
    endloop
  endfacet
  facet normal 0 0 1
    outer loop
      vertex 23.5068 0.121367 76
      vertex 3 0 76
      vertex 23.5 0 76
    endloop
  endfacet
  facet normal 0.852714 -0 0.522378
    outer loop
      vertex 49.4271 0 74.7634
      vertex 49.673 30 74.362
      vertex 49.4271 30 74.7634
    endloop
  endfacet
  facet normal 0.852714 0 0.522378
    outer loop
      vertex 49.673 30 74.362
      vertex 49.4271 0 74.7634
      vertex 49.673 0 74.362
    endloop
  endfacet
  facet normal 0.972362 -0 0.233477
    outer loop
      vertex 49.8532 0 73.927
      vertex 49.9631 30 73.4693
      vertex 49.8532 30 73.927
    endloop
  endfacet
  facet normal 0.972362 0 0.233477
    outer loop
      vertex 49.9631 30 73.4693
      vertex 49.8532 0 73.927
      vertex 49.9631 0 73.4693
    endloop
  endfacet
  facet normal 1 -0 0
    outer loop
      vertex 50 16.3185 20.339
      vertex 50 30 3
      vertex 50 30 73
    endloop
  endfacet
  facet normal 1 0 0
    outer loop
      vertex 50 30 3
      vertex 50 16.6569 19.2975
      vertex 50 16.7 18.75
    endloop
  endfacet
  facet normal 1 0 0
    outer loop
      vertex 50 30 3
      vertex 50 16.5287 19.8316
      vertex 50 16.6569 19.2975
    endloop
  endfacet
  facet normal 1 0 0
    outer loop
      vertex 50 30 3
      vertex 50 16.3185 20.339
      vertex 50 16.5287 19.8316
    endloop
  endfacet
  facet normal 1 0 0
    outer loop
      vertex 50 30 73
      vertex 50 16.0316 20.8072
      vertex 50 16.3185 20.339
    endloop
  endfacet
  facet normal 1 -0 0
    outer loop
      vertex 50 14.091 24.454
      vertex 50 16.0316 20.8072
      vertex 50 30 73
    endloop
  endfacet
  facet normal 1 -0 -0
    outer loop
      vertex 50 14.1511 24.309
      vertex 50 16.0316 20.8072
      vertex 50 14.091 24.454
    endloop
  endfacet
  facet normal 1 -0 -0
    outer loop
      vertex 50 14.1877 24.1564
      vertex 50 15.6749 21.2249
      vertex 50 14.1511 24.309
    endloop
  endfacet
  facet normal 1 0 0
    outer loop
      vertex 50 15.6749 21.2249
      vertex 50 14.2 24
      vertex 50 15.2572 21.5816
    endloop
  endfacet
  facet normal 1 0 0
    outer loop
      vertex 50 15.2572 21.5816
      vertex 50 14.1877 23.8436
      vertex 50 14.789 21.8685
    endloop
  endfacet
  facet normal 1 -0 0
    outer loop
      vertex 50 14.1877 23.8436
      vertex 50 15.2572 21.5816
      vertex 50 14.2 24
    endloop
  endfacet
  facet normal 1 -0 -0
    outer loop
      vertex 50 14.2 24
      vertex 50 15.6749 21.2249
      vertex 50 14.1877 24.1564
    endloop
  endfacet
  facet normal 1 0 0
    outer loop
      vertex 50 16.0316 20.8072
      vertex 50 14.1511 24.309
      vertex 50 15.6749 21.2249
    endloop
  endfacet
  facet normal 1 0 0
    outer loop
      vertex 50 30 73
      vertex 50 14.009 24.5878
      vertex 50 14.091 24.454
    endloop
  endfacet
  facet normal 1 0 0
    outer loop
      vertex 50 30 73
      vertex 50 13.9071 24.7071
      vertex 50 14.009 24.5878
    endloop
  endfacet
  facet normal 1 0 0
    outer loop
      vertex 50 30 73
      vertex 50 13.7878 24.809
      vertex 50 13.9071 24.7071
    endloop
  endfacet
  facet normal 1 0 0
    outer loop
      vertex 50 30 73
      vertex 50 13.654 24.891
      vertex 50 13.7878 24.809
    endloop
  endfacet
  facet normal 1 0 0
    outer loop
      vertex 50 30 73
      vertex 50 13.509 24.9511
      vertex 50 13.654 24.891
    endloop
  endfacet
  facet normal 1 0 0
    outer loop
      vertex 50 30 73
      vertex 50 13.3564 24.9877
      vertex 50 13.509 24.9511
    endloop
  endfacet
  facet normal 1 0 0
    outer loop
      vertex 50 30 73
      vertex 50 13.2 25
      vertex 50 13.3564 24.9877
    endloop
  endfacet
  facet normal 1 -0 0
    outer loop
      vertex 50 0 73
      vertex 50 13.2 25
      vertex 50 30 73
    endloop
  endfacet
  facet normal 1 0 0
    outer loop
      vertex 50 13.2 25
      vertex 50 0 73
      vertex 50 13.0436 24.9877
    endloop
  endfacet
  facet normal 1 0 0
    outer loop
      vertex 50 13.0436 24.9877
      vertex 50 0 73
      vertex 50 12.891 24.9511
    endloop
  endfacet
  facet normal 1 0 0
    outer loop
      vertex 50 12.891 24.9511
      vertex 50 0 73
      vertex 50 12.746 24.891
    endloop
  endfacet
  facet normal 1 0 0
    outer loop
      vertex 50 12.746 24.891
      vertex 50 0 73
      vertex 50 12.6122 24.809
    endloop
  endfacet
  facet normal 1 0 0
    outer loop
      vertex 50 12.6122 24.809
      vertex 50 0 73
      vertex 50 12.4929 24.7071
    endloop
  endfacet
  facet normal 1 0 0
    outer loop
      vertex 50 12.4929 24.7071
      vertex 50 0 73
      vertex 50 12.391 24.5878
    endloop
  endfacet
  facet normal 1 0 0
    outer loop
      vertex 50 12.391 24.5878
      vertex 50 0 73
      vertex 50 12.309 24.454
    endloop
  endfacet
  facet normal 1 0 0
    outer loop
      vertex 50 12.391 23.4122
      vertex 50 11.611 21.8685
      vertex 50 12.1184 22.0787
    endloop
  endfacet
  facet normal 1 0 0
    outer loop
      vertex 50 10.7251 21.2249
      vertex 50 12.2 24
      vertex 50 12.2123 24.1564
    endloop
  endfacet
  facet normal 1 0 0
    outer loop
      vertex 50 10.7251 21.2249
      vertex 50 12.2123 24.1564
      vertex 50 12.2489 24.309
    endloop
  endfacet
  facet normal 1 0 0
    outer loop
      vertex 50 12.2123 23.8436
      vertex 50 11.1428 21.5816
      vertex 50 11.611 21.8685
    endloop
  endfacet
  facet normal 1 0 -0
    outer loop
      vertex 50 10.3684 20.8072
      vertex 50 12.309 24.454
      vertex 50 0 73
    endloop
  endfacet
  facet normal 1 0 0
    outer loop
      vertex 50 12.309 24.454
      vertex 50 10.3684 20.8072
      vertex 50 12.2489 24.309
    endloop
  endfacet
  facet normal 1 0 0
    outer loop
      vertex 50 12.2 24
      vertex 50 10.7251 21.2249
      vertex 50 11.1428 21.5816
    endloop
  endfacet
  facet normal 1 0 0
    outer loop
      vertex 50 12.2489 24.309
      vertex 50 10.3684 20.8072
      vertex 50 10.7251 21.2249
    endloop
  endfacet
  facet normal 1 0 0
    outer loop
      vertex 50 10.3684 20.8072
      vertex 50 0 73
      vertex 50 10.0815 20.339
    endloop
  endfacet
  facet normal 1 0 0
    outer loop
      vertex 50 9.74309 19.2975
      vertex 50 0 3
      vertex 50 9.7 18.75
    endloop
  endfacet
  facet normal 1 0 0
    outer loop
      vertex 50 9.8713 19.8316
      vertex 50 0 3
      vertex 50 9.74309 19.2975
    endloop
  endfacet
  facet normal 1 0 0
    outer loop
      vertex 50 0 3
      vertex 50 9.8713 19.8316
      vertex 50 0 73
    endloop
  endfacet
  facet normal 1 0 0
    outer loop
      vertex 50 10.0815 20.339
      vertex 50 0 73
      vertex 50 9.8713 19.8316
    endloop
  endfacet
  facet normal 1 -0 0
    outer loop
      vertex 50 16.7 13.25
      vertex 50 30 3
      vertex 50 16.7 18.75
    endloop
  endfacet
  facet normal 1 -0 0
    outer loop
      vertex 50 16.6569 12.7025
      vertex 50 30 3
      vertex 50 16.7 13.25
    endloop
  endfacet
  facet normal 1 -0 0
    outer loop
      vertex 50 16.5287 12.1684
      vertex 50 30 3
      vertex 50 16.6569 12.7025
    endloop
  endfacet
  facet normal 1 -0 0
    outer loop
      vertex 50 16.3185 11.661
      vertex 50 30 3
      vertex 50 16.5287 12.1684
    endloop
  endfacet
  facet normal 1 -0 0
    outer loop
      vertex 50 16.0316 11.1928
      vertex 50 30 3
      vertex 50 16.3185 11.661
    endloop
  endfacet
  facet normal 1 -0 0
    outer loop
      vertex 50 15.6749 10.7751
      vertex 50 30 3
      vertex 50 16.0316 11.1928
    endloop
  endfacet
  facet normal 1 -0 0
    outer loop
      vertex 50 15.2572 10.4184
      vertex 50 30 3
      vertex 50 15.6749 10.7751
    endloop
  endfacet
  facet normal 1 -0 0
    outer loop
      vertex 50 14.789 10.1315
      vertex 50 30 3
      vertex 50 15.2572 10.4184
    endloop
  endfacet
  facet normal 1 -0 0
    outer loop
      vertex 50 14.2816 9.9213
      vertex 50 30 3
      vertex 50 14.789 10.1315
    endloop
  endfacet
  facet normal 1 -0 0
    outer loop
      vertex 50 13.7475 9.79309
      vertex 50 30 3
      vertex 50 14.2816 9.9213
    endloop
  endfacet
  facet normal 1 -0 0
    outer loop
      vertex 50 13.2 9.75
      vertex 50 30 3
      vertex 50 13.7475 9.79309
    endloop
  endfacet
  facet normal 1 0 0
    outer loop
      vertex 50 0 3
      vertex 50 13.2 9.75
      vertex 50 12.6525 9.79309
    endloop
  endfacet
  facet normal 1 0 0
    outer loop
      vertex 50 0 3
      vertex 50 12.6525 9.79309
      vertex 50 12.1184 9.9213
    endloop
  endfacet
  facet normal 1 0 0
    outer loop
      vertex 50 9.7 18.75
      vertex 50 0 3
      vertex 50 9.7 13.25
    endloop
  endfacet
  facet normal 1 0 0
    outer loop
      vertex 50 13.2 9.75
      vertex 50 0 3
      vertex 50 30 3
    endloop
  endfacet
  facet normal 1 0 0
    outer loop
      vertex 50 11.611 10.1315
      vertex 50 0 3
      vertex 50 12.1184 9.9213
    endloop
  endfacet
  facet normal 1 0 0
    outer loop
      vertex 50 11.1428 10.4184
      vertex 50 0 3
      vertex 50 11.611 10.1315
    endloop
  endfacet
  facet normal 1 0 0
    outer loop
      vertex 50 10.7251 10.7751
      vertex 50 0 3
      vertex 50 11.1428 10.4184
    endloop
  endfacet
  facet normal 1 0 0
    outer loop
      vertex 50 10.3684 11.1928
      vertex 50 0 3
      vertex 50 10.7251 10.7751
    endloop
  endfacet
  facet normal 1 0 0
    outer loop
      vertex 50 10.0815 11.661
      vertex 50 0 3
      vertex 50 10.3684 11.1928
    endloop
  endfacet
  facet normal 1 0 0
    outer loop
      vertex 50 9.8713 12.1684
      vertex 50 0 3
      vertex 50 10.0815 11.661
    endloop
  endfacet
  facet normal 1 0 0
    outer loop
      vertex 50 9.74309 12.7025
      vertex 50 0 3
      vertex 50 9.8713 12.1684
    endloop
  endfacet
  facet normal 1 0 0
    outer loop
      vertex 50 9.7 13.25
      vertex 50 0 3
      vertex 50 9.74309 12.7025
    endloop
  endfacet
  facet normal 1 -0 0
    outer loop
      vertex 50 14.1511 23.691
      vertex 50 14.789 21.8685
      vertex 50 14.1877 23.8436
    endloop
  endfacet
  facet normal 1 -0 0
    outer loop
      vertex 50 14.091 23.546
      vertex 50 14.789 21.8685
      vertex 50 14.1511 23.691
    endloop
  endfacet
  facet normal 1 -0 0
    outer loop
      vertex 50 14.009 23.4122
      vertex 50 14.789 21.8685
      vertex 50 14.091 23.546
    endloop
  endfacet
  facet normal 1 0 0
    outer loop
      vertex 50 14.789 21.8685
      vertex 50 14.009 23.4122
      vertex 50 14.2816 22.0787
    endloop
  endfacet
  facet normal 1 -0 0
    outer loop
      vertex 50 13.9071 23.2929
      vertex 50 14.2816 22.0787
      vertex 50 14.009 23.4122
    endloop
  endfacet
  facet normal 1 -0 0
    outer loop
      vertex 50 13.7878 23.191
      vertex 50 14.2816 22.0787
      vertex 50 13.9071 23.2929
    endloop
  endfacet
  facet normal 1 0 0
    outer loop
      vertex 50 13.7878 23.191
      vertex 50 13.7475 22.2069
      vertex 50 14.2816 22.0787
    endloop
  endfacet
  facet normal 1 -0 0
    outer loop
      vertex 50 13.654 23.109
      vertex 50 13.7475 22.2069
      vertex 50 13.7878 23.191
    endloop
  endfacet
  facet normal 1 -0 0
    outer loop
      vertex 50 13.509 23.0489
      vertex 50 13.7475 22.2069
      vertex 50 13.654 23.109
    endloop
  endfacet
  facet normal 1 -0 0
    outer loop
      vertex 50 13.3564 23.0123
      vertex 50 13.7475 22.2069
      vertex 50 13.509 23.0489
    endloop
  endfacet
  facet normal 1 0 0
    outer loop
      vertex 50 13.2 22.25
      vertex 50 13.3564 23.0123
      vertex 50 13.2 23
    endloop
  endfacet
  facet normal 1 0 0
    outer loop
      vertex 50 13.3564 23.0123
      vertex 50 13.2 22.25
      vertex 50 13.7475 22.2069
    endloop
  endfacet
  facet normal 1 0 0
    outer loop
      vertex 50 13.0436 23.0123
      vertex 50 13.2 22.25
      vertex 50 13.2 23
    endloop
  endfacet
  facet normal 1 0 0
    outer loop
      vertex 50 12.6525 22.2069
      vertex 50 13.0436 23.0123
      vertex 50 12.891 23.0489
    endloop
  endfacet
  facet normal 1 0 0
    outer loop
      vertex 50 12.6525 22.2069
      vertex 50 12.891 23.0489
      vertex 50 12.746 23.109
    endloop
  endfacet
  facet normal 1 0 0
    outer loop
      vertex 50 13.0436 23.0123
      vertex 50 12.6525 22.2069
      vertex 50 13.2 22.25
    endloop
  endfacet
  facet normal 1 0 0
    outer loop
      vertex 50 12.6122 23.191
      vertex 50 12.6525 22.2069
      vertex 50 12.746 23.109
    endloop
  endfacet
  facet normal 1 0 0
    outer loop
      vertex 50 12.1184 22.0787
      vertex 50 12.6122 23.191
      vertex 50 12.4929 23.2929
    endloop
  endfacet
  facet normal 1 0 0
    outer loop
      vertex 50 12.1184 22.0787
      vertex 50 12.4929 23.2929
      vertex 50 12.391 23.4122
    endloop
  endfacet
  facet normal 1 0 0
    outer loop
      vertex 50 11.611 21.8685
      vertex 50 12.391 23.4122
      vertex 50 12.309 23.546
    endloop
  endfacet
  facet normal 1 0 0
    outer loop
      vertex 50 11.611 21.8685
      vertex 50 12.309 23.546
      vertex 50 12.2489 23.691
    endloop
  endfacet
  facet normal 1 0 0
    outer loop
      vertex 50 12.6122 23.191
      vertex 50 12.1184 22.0787
      vertex 50 12.6525 22.2069
    endloop
  endfacet
  facet normal 1 0 0
    outer loop
      vertex 50 11.611 21.8685
      vertex 50 12.2489 23.691
      vertex 50 12.2123 23.8436
    endloop
  endfacet
  facet normal 1 0 0
    outer loop
      vertex 50 11.1428 21.5816
      vertex 50 12.2123 23.8436
      vertex 50 12.2 24
    endloop
  endfacet
  facet normal 0 0 -1
    outer loop
      vertex 3 0 0
      vertex 47 30 0
      vertex 47 0 0
    endloop
  endfacet
  facet normal -0 0 -1
    outer loop
      vertex 47 30 0
      vertex 3 0 0
      vertex 3 30 0
    endloop
  endfacet
  facet normal -0.233453 0 0.972368
    outer loop
      vertex 2.07295 30 75.8532
      vertex 2.5307 0 75.9631
      vertex 2.5307 30 75.9631
    endloop
  endfacet
  facet normal -0.233453 0 0.972368
    outer loop
      vertex 2.5307 0 75.9631
      vertex 2.07295 30 75.8532
      vertex 2.07295 0 75.8532
    endloop
  endfacet
  facet normal 0.233429 0 0.972374
    outer loop
      vertex 47.4693 30 75.9631
      vertex 47.9271 0 75.8532
      vertex 47.9271 30 75.8532
    endloop
  endfacet
  facet normal 0.233429 0 0.972374
    outer loop
      vertex 47.9271 0 75.8532
      vertex 47.4693 30 75.9631
      vertex 47.4693 0 75.9631
    endloop
  endfacet
  facet normal 0.649478 0 0.76038
    outer loop
      vertex 48.7634 30 75.427
      vertex 49.1213 0 75.1213
      vertex 49.1213 30 75.1213
    endloop
  endfacet
  facet normal 0.649478 0 0.76038
    outer loop
      vertex 49.1213 0 75.1213
      vertex 48.7634 30 75.427
      vertex 48.7634 0 75.427
    endloop
  endfacet
  facet normal 0.923867 -0 0.382714
    outer loop
      vertex 49.673 0 74.362
      vertex 49.8532 30 73.927
      vertex 49.673 30 74.362
    endloop
  endfacet
  facet normal 0.923867 0 0.382714
    outer loop
      vertex 49.8532 30 73.927
      vertex 49.673 0 74.362
      vertex 49.8532 0 73.927
    endloop
  endfacet
  facet normal 0.996923 -0 0.0783858
    outer loop
      vertex 49.9631 0 73.4693
      vertex 50 30 73
      vertex 49.9631 30 73.4693
    endloop
  endfacet
  facet normal 0.996923 0 0.0783858
    outer loop
      vertex 50 30 73
      vertex 49.9631 0 73.4693
      vertex 50 0 73
    endloop
  endfacet
  facet normal 0.522483 0 -0.85265
    outer loop
      vertex 48.362 0 0.32698
      vertex 48.7634 30 0.572948
      vertex 48.7634 0 0.572948
    endloop
  endfacet
  facet normal 0.522483 0 -0.85265
    outer loop
      vertex 48.7634 30 0.572948
      vertex 48.362 0 0.32698
      vertex 48.362 30 0.32698
    endloop
  endfacet
  facet normal -0.923904 0 0.382624
    outer loop
      vertex 0.14683 0 73.927
      vertex 0.32698 30 74.362
      vertex 0.14683 30 73.927
    endloop
  endfacet
  facet normal -0.923904 0 0.382624
    outer loop
      vertex 0.32698 30 74.362
      vertex 0.14683 0 73.927
      vertex 0.32698 0 74.362
    endloop
  endfacet
  facet normal -0.382775 0 0.923842
    outer loop
      vertex 1.63803 30 75.673
      vertex 2.07295 0 75.8532
      vertex 2.07295 30 75.8532
    endloop
  endfacet
  facet normal -0.382775 0 0.923842
    outer loop
      vertex 2.07295 0 75.8532
      vertex 1.63803 30 75.673
      vertex 1.63803 0 75.673
    endloop
  endfacet
  facet normal 0.38279 0 0.923836
    outer loop
      vertex 47.9271 30 75.8532
      vertex 48.362 0 75.673
      vertex 48.362 30 75.673
    endloop
  endfacet
  facet normal 0.38279 0 0.923836
    outer loop
      vertex 48.362 0 75.673
      vertex 47.9271 30 75.8532
      vertex 47.9271 0 75.8532
    endloop
  endfacet
  facet normal 0.760275 -0 0.649601
    outer loop
      vertex 49.1213 0 75.1213
      vertex 49.4271 30 74.7634
      vertex 49.1213 30 75.1213
    endloop
  endfacet
  facet normal 0.760275 0 0.649601
    outer loop
      vertex 49.4271 30 74.7634
      vertex 49.1213 0 75.1213
      vertex 49.4271 0 74.7634
    endloop
  endfacet
  facet normal 0.972368 0 -0.233453
    outer loop
      vertex 49.9631 0 2.5307
      vertex 49.8532 30 2.07295
      vertex 49.9631 30 2.5307
    endloop
  endfacet
  facet normal 0.972368 0 -0.233453
    outer loop
      vertex 49.8532 30 2.07295
      vertex 49.9631 0 2.5307
      vertex 49.8532 0 2.07295
    endloop
  endfacet
  facet normal 0.76033 0 -0.649537
    outer loop
      vertex 49.4271 0 1.23664
      vertex 49.1213 30 0.878679
      vertex 49.4271 30 1.23664
    endloop
  endfacet
  facet normal 0.76033 0 -0.649537
    outer loop
      vertex 49.1213 30 0.878679
      vertex 49.4271 0 1.23664
      vertex 49.1213 0 0.878679
    endloop
  endfacet
  facet normal 0.649516 0 -0.760348
    outer loop
      vertex 48.7634 0 0.572948
      vertex 49.1213 30 0.878679
      vertex 49.1213 0 0.878679
    endloop
  endfacet
  facet normal 0.649516 0 -0.760348
    outer loop
      vertex 49.1213 30 0.878679
      vertex 48.7634 0 0.572948
      vertex 48.7634 30 0.572948
    endloop
  endfacet
  facet normal -0.852644 0 -0.522492
    outer loop
      vertex 0.572948 0 1.23664
      vertex 0.32698 30 1.63803
      vertex 0.572948 30 1.23664
    endloop
  endfacet
  facet normal -0.852644 -0 -0.522492
    outer loop
      vertex 0.32698 30 1.63803
      vertex 0.572948 0 1.23664
      vertex 0.32698 0 1.63803
    endloop
  endfacet
  facet normal 0 -1 0
    outer loop
      vertex 0 0 73
      vertex 3 0 76
      vertex 2.5307 0 75.9631
    endloop
  endfacet
  facet normal 0 -1 0
    outer loop
      vertex 3 0 76
      vertex 23.5068 0 75.8786
      vertex 23.5 0 76
    endloop
  endfacet
  facet normal 0 -1 0
    outer loop
      vertex 0 0 73
      vertex 2.5307 0 75.9631
      vertex 2.07295 0 75.8532
    endloop
  endfacet
  facet normal 0 -1 0
    outer loop
      vertex 0 0 73
      vertex 2.07295 0 75.8532
      vertex 1.63803 0 75.673
    endloop
  endfacet
  facet normal 0 -1 0
    outer loop
      vertex 3 0 76
      vertex 23.5185 0 75.6682
      vertex 23.5068 0 75.8786
    endloop
  endfacet
  facet normal 0 -1 0
    outer loop
      vertex 3 0 76
      vertex 23.552 0 75.4706
      vertex 23.5185 0 75.6682
    endloop
  endfacet
  facet normal 0 -1 0
    outer loop
      vertex 0 0 73
      vertex 1.63803 0 75.673
      vertex 1.23664 0 75.427
    endloop
  endfacet
  facet normal 0 -1 0
    outer loop
      vertex 3 0 76
      vertex 23.5734 0 75.3445
      vertex 23.552 0 75.4706
    endloop
  endfacet
  facet normal 0 -1 0
    outer loop
      vertex 3 0 76
      vertex 11.1 0 62.1
      vertex 23.5734 0 75.3445
    endloop
  endfacet
  facet normal 0 -1 0
    outer loop
      vertex 0 0 73
      vertex 1.23664 0 75.427
      vertex 0.878679 0 75.1213
    endloop
  endfacet
  facet normal 0 -1 -0
    outer loop
      vertex 23.5734 0 75.3445
      vertex 11.1 0 62.1
      vertex 23.6099 0 75.2201
    endloop
  endfacet
  facet normal 0 -1 -0
    outer loop
      vertex 23.6099 0 75.2201
      vertex 11.1 0 62.1
      vertex 23.6635 0 75.0369
    endloop
  endfacet
  facet normal 0 -1 0
    outer loop
      vertex 0 0 73
      vertex 0.878679 0 75.1213
      vertex 0.572948 0 74.7634
    endloop
  endfacet
  facet normal 0 -1 -0
    outer loop
      vertex 23.6635 0 75.0369
      vertex 11.1 0 62.1
      vertex 23.7154 0 74.9171
    endloop
  endfacet
  facet normal 0 -1 -0
    outer loop
      vertex 23.7154 0 74.9171
      vertex 11.1 0 62.1
      vertex 23.7865 0 74.7531
    endloop
  endfacet
  facet normal 0 -1 -0
    outer loop
      vertex 23.7865 0 74.7531
      vertex 11.1 0 62.1
      vertex 23.872 0 74.6115
    endloop
  endfacet
  facet normal 0 -1 -0
    outer loop
      vertex 23.872 0 74.6115
      vertex 11.1 0 62.1
      vertex 23.9393 0 74.5
    endloop
  endfacet
  facet normal 0 -1 0
    outer loop
      vertex 0 0 73
      vertex 0.572948 0 74.7634
      vertex 0.32698 0 74.362
    endloop
  endfacet
  facet normal 0 -1 -0
    outer loop
      vertex 23.9393 0 74.5
      vertex 11.1 0 62.1
      vertex 24.0204 0 74.4021
    endloop
  endfacet
  facet normal 0 -1 -0
    outer loop
      vertex 24.0204 0 74.4021
      vertex 11.1 0 62.1
      vertex 24.1183 0 74.2838
    endloop
  endfacet
  facet normal 0 -1 -0
    outer loop
      vertex 24.1183 0 74.2838
      vertex 11.1 0 62.1
      vertex 24.2257 0 74.1908
    endloop
  endfacet
  facet normal 0 -1 -0
    outer loop
      vertex 24.2257 0 74.1908
      vertex 11.1 0 62.1
      vertex 24.319 0 74.1099
    endloop
  endfacet
  facet normal 0 -1 -0
    outer loop
      vertex 24.319 0 74.1099
      vertex 11.1 0 62.1
      vertex 24.422 0 74.0496
    endloop
  endfacet
  facet normal 0 -1 0
    outer loop
      vertex 0 0 73
      vertex 0.32698 0 74.362
      vertex 0.14683 0 73.927
    endloop
  endfacet
  facet normal 0 -1 -0
    outer loop
      vertex 24.422 0 74.0496
      vertex 11.1 0 62.1
      vertex 24.5365 0 73.9825
    endloop
  endfacet
  facet normal 0 -1 -0
    outer loop
      vertex 24.5365 0 73.9825
      vertex 11.1 0 62.1
      vertex 24.7653 0 73.9048
    endloop
  endfacet
  facet normal 0 -1 0
    outer loop
      vertex 0 0 73
      vertex 0.14683 0 73.927
      vertex 0.0369349 0 73.4693
    endloop
  endfacet
  facet normal 0 -1 0
    outer loop
      vertex 26.4932 0 75.8786
      vertex 47 0 76
      vertex 26.5 0 76
    endloop
  endfacet
  facet normal 0 -1 0
    outer loop
      vertex 26.4815 0 75.6682
      vertex 47 0 76
      vertex 26.4932 0 75.8786
    endloop
  endfacet
  facet normal 0 -1 0
    outer loop
      vertex 26.448 0 75.4706
      vertex 47 0 76
      vertex 26.4815 0 75.6682
    endloop
  endfacet
  facet normal 0 -1 0
    outer loop
      vertex 26.4266 0 75.3445
      vertex 47 0 76
      vertex 26.448 0 75.4706
    endloop
  endfacet
  facet normal 0 -1 0
    outer loop
      vertex 38.9 0 62.1
      vertex 47 0 76
      vertex 26.4266 0 75.3445
    endloop
  endfacet
  facet normal -0 -1 0
    outer loop
      vertex 50 0 73
      vertex 47 0 76
      vertex 38.9 0 62.1
    endloop
  endfacet
  facet normal 0 -1 0
    outer loop
      vertex 47 0 76
      vertex 50 0 73
      vertex 47.4693 0 75.9631
    endloop
  endfacet
  facet normal 0 -1 0
    outer loop
      vertex 47.4693 0 75.9631
      vertex 50 0 73
      vertex 47.9271 0 75.8532
    endloop
  endfacet
  facet normal 0 -1 0
    outer loop
      vertex 38.9 0 62.1
      vertex 26.4266 0 75.3445
      vertex 26.3901 0 75.2201
    endloop
  endfacet
  facet normal 0 -1 0
    outer loop
      vertex 47.9271 0 75.8532
      vertex 50 0 73
      vertex 48.362 0 75.673
    endloop
  endfacet
  facet normal 0 -1 0
    outer loop
      vertex 38.9 0 62.1
      vertex 26.3901 0 75.2201
      vertex 26.3365 0 75.0369
    endloop
  endfacet
  facet normal 0 -1 0
    outer loop
      vertex 38.9 0 62.1
      vertex 26.3365 0 75.0369
      vertex 26.2846 0 74.9171
    endloop
  endfacet
  facet normal 0 -1 0
    outer loop
      vertex 48.362 0 75.673
      vertex 50 0 73
      vertex 48.7634 0 75.427
    endloop
  endfacet
  facet normal 0 -1 0
    outer loop
      vertex 38.9 0 62.1
      vertex 26.2846 0 74.9171
      vertex 26.2135 0 74.7531
    endloop
  endfacet
  facet normal 0 -1 0
    outer loop
      vertex 38.9 0 62.1
      vertex 26.2135 0 74.7531
      vertex 26.128 0 74.6115
    endloop
  endfacet
  facet normal 0 -1 0
    outer loop
      vertex 38.9 0 62.1
      vertex 26.128 0 74.6115
      vertex 26.0607 0 74.5
    endloop
  endfacet
  facet normal 0 -1 0
    outer loop
      vertex 38.9 0 62.1
      vertex 26.0607 0 74.5
      vertex 25.9796 0 74.4021
    endloop
  endfacet
  facet normal 0 -1 0
    outer loop
      vertex 48.7634 0 75.427
      vertex 50 0 73
      vertex 49.1213 0 75.1213
    endloop
  endfacet
  facet normal 0 -1 0
    outer loop
      vertex 38.9 0 62.1
      vertex 25.9796 0 74.4021
      vertex 25.8817 0 74.2838
    endloop
  endfacet
  facet normal 0 -1 0
    outer loop
      vertex 38.9 0 62.1
      vertex 25.8817 0 74.2838
      vertex 25.7743 0 74.1908
    endloop
  endfacet
  facet normal 0 -1 0
    outer loop
      vertex 38.9 0 62.1
      vertex 25.7743 0 74.1908
      vertex 25.681 0 74.1099
    endloop
  endfacet
  facet normal 0 -1 0
    outer loop
      vertex 38.9 0 62.1
      vertex 25.681 0 74.1099
      vertex 25.578 0 74.0496
    endloop
  endfacet
  facet normal 0 -1 0
    outer loop
      vertex 38.9 0 62.1
      vertex 25.578 0 74.0496
      vertex 25.4635 0 73.9825
    endloop
  endfacet
  facet normal 0 -1 0
    outer loop
      vertex 49.1213 0 75.1213
      vertex 50 0 73
      vertex 49.4271 0 74.7634
    endloop
  endfacet
  facet normal 0 -1 0
    outer loop
      vertex 38.9 0 62.1
      vertex 25.4635 0 73.9825
      vertex 25.2347 0 73.9048
    endloop
  endfacet
  facet normal 0 -1 0
    outer loop
      vertex 38.9 0 62.1
      vertex 25.2347 0 73.9048
      vertex 25 0 73.8787
    endloop
  endfacet
  facet normal 0 -1 -0
    outer loop
      vertex 24.7653 0 73.9048
      vertex 11.1 0 62.1
      vertex 25 0 73.8787
    endloop
  endfacet
  facet normal 0 -1 0
    outer loop
      vertex 38.9 0 62.1
      vertex 25 0 73.8787
      vertex 11.1 0 62.1
    endloop
  endfacet
  facet normal 0 -1 -0
    outer loop
      vertex 3 0 76
      vertex 0 0 73
      vertex 11.1 0 62.1
    endloop
  endfacet
  facet normal 0 -1 0
    outer loop
      vertex 49.4271 0 74.7634
      vertex 50 0 73
      vertex 49.673 0 74.362
    endloop
  endfacet
  facet normal 0 -1 0
    outer loop
      vertex 49.673 0 74.362
      vertex 50 0 73
      vertex 49.8532 0 73.927
    endloop
  endfacet
  facet normal 0 -1 0
    outer loop
      vertex 0 0 73
      vertex 11.1 0 34.3
      vertex 11.1 0 62.1
    endloop
  endfacet
  facet normal 0 -1 0
    outer loop
      vertex 30 0 29
      vertex 11.1 0 34.3
      vertex 12 0 29
    endloop
  endfacet
  facet normal 0 -1 0
    outer loop
      vertex 0 0 3
      vertex 11.1 0 34.3
      vertex 0 0 73
    endloop
  endfacet
  facet normal 0 -1 -0
    outer loop
      vertex 11.1 0 34.3
      vertex 9.5 0 20.5
      vertex 12 0 29
    endloop
  endfacet
  facet normal 0 -1 0
    outer loop
      vertex 15.5 0 23.5
      vertex 12 0 27.6
      vertex 12.5 0 23.5
    endloop
  endfacet
  facet normal 0 -1 -0
    outer loop
      vertex 12 0 29
      vertex 9.5 0 20.5
      vertex 12 0 27.6
    endloop
  endfacet
  facet normal 0 -1 -0
    outer loop
      vertex 12 0 27.6
      vertex 9.5 0 20.5
      vertex 12.5 0 23.5
    endloop
  endfacet
  facet normal 0 -1 0
    outer loop
      vertex 11.1 0 34.3
      vertex 0 0 3
      vertex 9.5 0 20.5
    endloop
  endfacet
  facet normal 0 -1 0
    outer loop
      vertex 9.5 0 17.5
      vertex 12.5 0 14.5
      vertex 12.5 0 17.5
    endloop
  endfacet
  facet normal 0 -1 0
    outer loop
      vertex 15.6872 0 12.5632
      vertex 15.5 0 14.5
      vertex 12.5 0 14.5
    endloop
  endfacet
  facet normal 0 -1 0
    outer loop
      vertex 25.4 0 13
      vertex 15.5 0 14.5
      vertex 22.4 0 13
    endloop
  endfacet
  facet normal 0 -1 0
    outer loop
      vertex 15.5 0 14.5
      vertex 25.4 0 13
      vertex 33.1685 0 14.4326
    endloop
  endfacet
  facet normal 0 -1 0
    outer loop
      vertex 28.2749 0 12.9902
      vertex 33.1685 0 14.4326
      vertex 25.5251 0 12.9902
    endloop
  endfacet
  facet normal 0 -1 0
    outer loop
      vertex 28.6472 0 12.9608
      vertex 33.1685 0 14.4326
      vertex 28.5251 0 12.9902
    endloop
  endfacet
  facet normal 0 -1 0
    outer loop
      vertex 31.1528 0 12.9608
      vertex 33.1685 0 14.4326
      vertex 28.6472 0 12.9608
    endloop
  endfacet
  facet normal -0 -1 0
    outer loop
      vertex 31.2749 0 12.9902
      vertex 33.1685 0 14.4326
      vertex 31.1528 0 12.9608
    endloop
  endfacet
  facet normal 0 -1 0
    outer loop
      vertex 33.1172 0 14.219
      vertex 31.5251 0 12.9902
      vertex 33.1 0 14
    endloop
  endfacet
  facet normal 0 -1 0
    outer loop
      vertex 15.5 0 14.5
      vertex 16.4 0 13
      vertex 16.5251 0 12.9902
    endloop
  endfacet
  facet normal 0 -1 0
    outer loop
      vertex 15.5 0 14.5
      vertex 16.2749 0 12.9902
      vertex 16.4 0 13
    endloop
  endfacet
  facet normal 0 -1 0
    outer loop
      vertex 15.5 0 14.5
      vertex 16.1528 0 12.9608
      vertex 16.2749 0 12.9902
    endloop
  endfacet
  facet normal 0 -1 0
    outer loop
      vertex 15.5 0 14.5
      vertex 16.0368 0 12.9128
      vertex 16.1528 0 12.9608
    endloop
  endfacet
  facet normal 0 -1 0
    outer loop
      vertex 15.5 0 14.5
      vertex 15.9298 0 12.8472
      vertex 16.0368 0 12.9128
    endloop
  endfacet
  facet normal 0 -1 0
    outer loop
      vertex 15.5 0 14.5
      vertex 15.8343 0 12.7657
      vertex 15.9298 0 12.8472
    endloop
  endfacet
  facet normal 0 -1 0
    outer loop
      vertex 15.5 0 14.5
      vertex 15.7528 0 12.6702
      vertex 15.8343 0 12.7657
    endloop
  endfacet
  facet normal 0 -1 0
    outer loop
      vertex 15.5 0 14.5
      vertex 15.6872 0 12.5632
      vertex 15.7528 0 12.6702
    endloop
  endfacet
  facet normal 0 -1 0
    outer loop
      vertex 12.5 0 14.5
      vertex 15.6392 0 12.4472
      vertex 15.6872 0 12.5632
    endloop
  endfacet
  facet normal 0 -1 0
    outer loop
      vertex 12.5 0 14.5
      vertex 15.6098 0 12.3251
      vertex 15.6392 0 12.4472
    endloop
  endfacet
  facet normal 0 -1 0
    outer loop
      vertex 12.5 0 14.5
      vertex 15.6 0 12.2
      vertex 15.6098 0 12.3251
    endloop
  endfacet
  facet normal 0 -1 0
    outer loop
      vertex 12.5 0 14.5
      vertex 15.6 0 5.8
      vertex 15.6 0 12.2
    endloop
  endfacet
  facet normal 0 -1 0
    outer loop
      vertex 0 0 3
      vertex 12.5 0 14.5
      vertex 9.5 0 17.5
    endloop
  endfacet
  facet normal 0 -1 -0
    outer loop
      vertex 12.5 0 14.5
      vertex 0 0 3
      vertex 15.6 0 5.8
    endloop
  endfacet
  facet normal 0 -1 0
    outer loop
      vertex 3 0 0
      vertex 15.6 0 5.8
      vertex 0 0 3
    endloop
  endfacet
  facet normal 0 -1 -0
    outer loop
      vertex 15.6 0 5.8
      vertex 3 0 0
      vertex 15.6098 0 5.67485
    endloop
  endfacet
  facet normal 0 -1 0
    outer loop
      vertex 3 0 0
      vertex 19.4 0 5
      vertex 16.4 0 5
    endloop
  endfacet
  facet normal 0 -1 -0
    outer loop
      vertex 19.4 0 5
      vertex 3 0 0
      vertex 22.4 0 5
    endloop
  endfacet
  facet normal 0 -1 -0
    outer loop
      vertex 22.4 0 5
      vertex 3 0 0
      vertex 25.4 0 5
    endloop
  endfacet
  facet normal 0 -1 0
    outer loop
      vertex 47 0 0
      vertex 25.4 0 5
      vertex 3 0 0
    endloop
  endfacet
  facet normal 0 -1 0
    outer loop
      vertex 25.4 0 5
      vertex 47 0 0
      vertex 28.4 0 5
    endloop
  endfacet
  facet normal 0 -1 -0
    outer loop
      vertex 16.2749 0 5.00985
      vertex 3 0 0
      vertex 16.4 0 5
    endloop
  endfacet
  facet normal 0 -1 -0
    outer loop
      vertex 16.1528 0 5.03915
      vertex 3 0 0
      vertex 16.2749 0 5.00985
    endloop
  endfacet
  facet normal 0 -1 -0
    outer loop
      vertex 16.0368 0 5.08719
      vertex 3 0 0
      vertex 16.1528 0 5.03915
    endloop
  endfacet
  facet normal 0 -1 -0
    outer loop
      vertex 15.9298 0 5.15279
      vertex 3 0 0
      vertex 16.0368 0 5.08719
    endloop
  endfacet
  facet normal 0 -1 -0
    outer loop
      vertex 15.8343 0 5.23431
      vertex 3 0 0
      vertex 15.9298 0 5.15279
    endloop
  endfacet
  facet normal 0 -1 -0
    outer loop
      vertex 15.7528 0 5.32977
      vertex 3 0 0
      vertex 15.8343 0 5.23431
    endloop
  endfacet
  facet normal 0 -1 -0
    outer loop
      vertex 15.6872 0 5.43681
      vertex 3 0 0
      vertex 15.7528 0 5.32977
    endloop
  endfacet
  facet normal 0 -1 -0
    outer loop
      vertex 15.6392 0 5.55279
      vertex 3 0 0
      vertex 15.6872 0 5.43681
    endloop
  endfacet
  facet normal 0 -1 -0
    outer loop
      vertex 15.6098 0 5.67485
      vertex 3 0 0
      vertex 15.6392 0 5.55279
    endloop
  endfacet
  facet normal 0 -1 -0
    outer loop
      vertex 9.5 0 20.5
      vertex 0 0 3
      vertex 9.5 0 17.5
    endloop
  endfacet
  facet normal 0 -1 0
    outer loop
      vertex 31.6472 0 12.9608
      vertex 33.1 0 14
      vertex 31.5251 0 12.9902
    endloop
  endfacet
  facet normal 0 -1 0
    outer loop
      vertex 31.7632 0 12.9128
      vertex 33.1 0 14
      vertex 31.6472 0 12.9608
    endloop
  endfacet
  facet normal -0 -1 0
    outer loop
      vertex 31.4 0 13
      vertex 33.1685 0 14.4326
      vertex 31.2749 0 12.9902
    endloop
  endfacet
  facet normal 0 -1 0
    outer loop
      vertex 33.1685 0 14.4326
      vertex 31.4 0 13
      vertex 33.1172 0 14.219
    endloop
  endfacet
  facet normal 0 -1 0
    outer loop
      vertex 28.7632 0 12.9128
      vertex 31.1528 0 12.9608
      vertex 28.6472 0 12.9608
    endloop
  endfacet
  facet normal 0 -1 0
    outer loop
      vertex 28.7632 0 12.9128
      vertex 31.0368 0 12.9128
      vertex 31.1528 0 12.9608
    endloop
  endfacet
  facet normal 0 -1 0
    outer loop
      vertex 28.8702 0 12.8472
      vertex 31.0368 0 12.9128
      vertex 28.7632 0 12.9128
    endloop
  endfacet
  facet normal 0 -1 0
    outer loop
      vertex 28.8702 0 12.8472
      vertex 30.9298 0 12.8472
      vertex 31.0368 0 12.9128
    endloop
  endfacet
  facet normal 0 -1 0
    outer loop
      vertex 28.9657 0 12.7657
      vertex 30.9298 0 12.8472
      vertex 28.8702 0 12.8472
    endloop
  endfacet
  facet normal 0 -1 0
    outer loop
      vertex 28.9657 0 12.7657
      vertex 30.8343 0 12.7657
      vertex 30.9298 0 12.8472
    endloop
  endfacet
  facet normal 0 -1 0
    outer loop
      vertex 29.0472 0 12.6702
      vertex 30.8343 0 12.7657
      vertex 28.9657 0 12.7657
    endloop
  endfacet
  facet normal 0 -1 0
    outer loop
      vertex 29.0472 0 12.6702
      vertex 30.7528 0 12.6702
      vertex 30.8343 0 12.7657
    endloop
  endfacet
  facet normal 0 -1 0
    outer loop
      vertex 29.1128 0 12.5632
      vertex 30.7528 0 12.6702
      vertex 29.0472 0 12.6702
    endloop
  endfacet
  facet normal 0 -1 0
    outer loop
      vertex 29.1128 0 12.5632
      vertex 30.6872 0 12.5632
      vertex 30.7528 0 12.6702
    endloop
  endfacet
  facet normal 0 -1 0
    outer loop
      vertex 29.1608 0 12.4472
      vertex 30.6872 0 12.5632
      vertex 29.1128 0 12.5632
    endloop
  endfacet
  facet normal 0 -1 0
    outer loop
      vertex 29.1608 0 12.4472
      vertex 30.6392 0 12.4472
      vertex 30.6872 0 12.5632
    endloop
  endfacet
  facet normal 0 -1 0
    outer loop
      vertex 29.1902 0 12.3251
      vertex 30.6392 0 12.4472
      vertex 29.1608 0 12.4472
    endloop
  endfacet
  facet normal 0 -1 0
    outer loop
      vertex 29.1902 0 12.3251
      vertex 30.6098 0 12.3251
      vertex 30.6392 0 12.4472
    endloop
  endfacet
  facet normal 0 -1 0
    outer loop
      vertex 29.2 0 12.2
      vertex 30.6098 0 12.3251
      vertex 29.1902 0 12.3251
    endloop
  endfacet
  facet normal 0 -1 0
    outer loop
      vertex 29.2 0 12.2
      vertex 30.6 0 12.2
      vertex 30.6098 0 12.3251
    endloop
  endfacet
  facet normal 0 -1 0
    outer loop
      vertex 29.2 0 5.8
      vertex 30.6 0 12.2
      vertex 29.2 0 12.2
    endloop
  endfacet
  facet normal 0 -1 0
    outer loop
      vertex 29.2 0 5.8
      vertex 30.6 0 5.8
      vertex 30.6 0 12.2
    endloop
  endfacet
  facet normal 0 -1 0
    outer loop
      vertex 29.1902 0 5.67485
      vertex 30.6 0 5.8
      vertex 29.2 0 5.8
    endloop
  endfacet
  facet normal 0 -1 0
    outer loop
      vertex 29.1902 0 5.67485
      vertex 30.6098 0 5.67485
      vertex 30.6 0 5.8
    endloop
  endfacet
  facet normal 0 -1 0
    outer loop
      vertex 29.1608 0 5.55279
      vertex 30.6098 0 5.67485
      vertex 29.1902 0 5.67485
    endloop
  endfacet
  facet normal 0 -1 0
    outer loop
      vertex 29.1608 0 5.55279
      vertex 30.6392 0 5.55279
      vertex 30.6098 0 5.67485
    endloop
  endfacet
  facet normal 0 -1 0
    outer loop
      vertex 29.1128 0 5.43681
      vertex 30.6392 0 5.55279
      vertex 29.1608 0 5.55279
    endloop
  endfacet
  facet normal 0 -1 0
    outer loop
      vertex 29.1128 0 5.43681
      vertex 30.6872 0 5.43681
      vertex 30.6392 0 5.55279
    endloop
  endfacet
  facet normal 0 -1 0
    outer loop
      vertex 29.0472 0 5.32977
      vertex 30.6872 0 5.43681
      vertex 29.1128 0 5.43681
    endloop
  endfacet
  facet normal 0 -1 0
    outer loop
      vertex 29.0472 0 5.32977
      vertex 30.7528 0 5.32977
      vertex 30.6872 0 5.43681
    endloop
  endfacet
  facet normal 0 -1 0
    outer loop
      vertex 28.9657 0 5.23431
      vertex 30.7528 0 5.32977
      vertex 29.0472 0 5.32977
    endloop
  endfacet
  facet normal 0 -1 0
    outer loop
      vertex 28.9657 0 5.23431
      vertex 30.8343 0 5.23431
      vertex 30.7528 0 5.32977
    endloop
  endfacet
  facet normal 0 -1 0
    outer loop
      vertex 28.8702 0 5.15279
      vertex 30.8343 0 5.23431
      vertex 28.9657 0 5.23431
    endloop
  endfacet
  facet normal 0 -1 0
    outer loop
      vertex 28.8702 0 5.15279
      vertex 30.9298 0 5.15279
      vertex 30.8343 0 5.23431
    endloop
  endfacet
  facet normal 0 -1 0
    outer loop
      vertex 28.7632 0 5.08719
      vertex 30.9298 0 5.15279
      vertex 28.8702 0 5.15279
    endloop
  endfacet
  facet normal 0 -1 0
    outer loop
      vertex 28.7632 0 5.08719
      vertex 31.0368 0 5.08719
      vertex 30.9298 0 5.15279
    endloop
  endfacet
  facet normal 0 -1 0
    outer loop
      vertex 28.6472 0 5.03915
      vertex 31.0368 0 5.08719
      vertex 28.7632 0 5.08719
    endloop
  endfacet
  facet normal 0 -1 0
    outer loop
      vertex 28.6472 0 5.03915
      vertex 31.1528 0 5.03915
      vertex 31.0368 0 5.08719
    endloop
  endfacet
  facet normal 0 -1 0
    outer loop
      vertex 28.5251 0 5.00985
      vertex 31.1528 0 5.03915
      vertex 28.6472 0 5.03915
    endloop
  endfacet
  facet normal 0 -1 0
    outer loop
      vertex 28.5251 0 5.00985
      vertex 31.2749 0 5.00985
      vertex 31.1528 0 5.03915
    endloop
  endfacet
  facet normal 0 -1 0
    outer loop
      vertex 28.4 0 5
      vertex 31.2749 0 5.00985
      vertex 28.5251 0 5.00985
    endloop
  endfacet
  facet normal 0 -1 -0
    outer loop
      vertex 31.2749 0 5.00985
      vertex 28.4 0 5
      vertex 31.4 0 5
    endloop
  endfacet
  facet normal -0 -1 0
    outer loop
      vertex 28.4 0 13
      vertex 33.1685 0 14.4326
      vertex 28.2749 0 12.9902
    endloop
  endfacet
  facet normal 0 -1 0
    outer loop
      vertex 28.5251 0 12.9902
      vertex 33.1685 0 14.4326
      vertex 28.4 0 13
    endloop
  endfacet
  facet normal 0 -1 0
    outer loop
      vertex 25.6472 0 12.9608
      vertex 28.2749 0 12.9902
      vertex 25.5251 0 12.9902
    endloop
  endfacet
  facet normal 0 -1 0
    outer loop
      vertex 25.6472 0 12.9608
      vertex 28.1528 0 12.9608
      vertex 28.2749 0 12.9902
    endloop
  endfacet
  facet normal 0 -1 0
    outer loop
      vertex 25.7632 0 12.9128
      vertex 28.1528 0 12.9608
      vertex 25.6472 0 12.9608
    endloop
  endfacet
  facet normal 0 -1 0
    outer loop
      vertex 25.7632 0 12.9128
      vertex 28.0368 0 12.9128
      vertex 28.1528 0 12.9608
    endloop
  endfacet
  facet normal 0 -1 0
    outer loop
      vertex 25.8702 0 12.8472
      vertex 28.0368 0 12.9128
      vertex 25.7632 0 12.9128
    endloop
  endfacet
  facet normal 0 -1 0
    outer loop
      vertex 25.8702 0 12.8472
      vertex 27.9298 0 12.8472
      vertex 28.0368 0 12.9128
    endloop
  endfacet
  facet normal 0 -1 0
    outer loop
      vertex 25.9657 0 12.7657
      vertex 27.9298 0 12.8472
      vertex 25.8702 0 12.8472
    endloop
  endfacet
  facet normal 0 -1 0
    outer loop
      vertex 25.9657 0 12.7657
      vertex 27.8343 0 12.7657
      vertex 27.9298 0 12.8472
    endloop
  endfacet
  facet normal 0 -1 0
    outer loop
      vertex 26.0472 0 12.6702
      vertex 27.8343 0 12.7657
      vertex 25.9657 0 12.7657
    endloop
  endfacet
  facet normal 0 -1 0
    outer loop
      vertex 26.0472 0 12.6702
      vertex 27.7528 0 12.6702
      vertex 27.8343 0 12.7657
    endloop
  endfacet
  facet normal 0 -1 0
    outer loop
      vertex 26.1128 0 12.5632
      vertex 27.7528 0 12.6702
      vertex 26.0472 0 12.6702
    endloop
  endfacet
  facet normal 0 -1 0
    outer loop
      vertex 26.1128 0 12.5632
      vertex 27.6872 0 12.5632
      vertex 27.7528 0 12.6702
    endloop
  endfacet
  facet normal 0 -1 0
    outer loop
      vertex 26.1608 0 12.4472
      vertex 27.6872 0 12.5632
      vertex 26.1128 0 12.5632
    endloop
  endfacet
  facet normal 0 -1 0
    outer loop
      vertex 26.1608 0 12.4472
      vertex 27.6392 0 12.4472
      vertex 27.6872 0 12.5632
    endloop
  endfacet
  facet normal 0 -1 0
    outer loop
      vertex 26.1902 0 12.3251
      vertex 27.6392 0 12.4472
      vertex 26.1608 0 12.4472
    endloop
  endfacet
  facet normal 0 -1 0
    outer loop
      vertex 26.1902 0 12.3251
      vertex 27.6098 0 12.3251
      vertex 27.6392 0 12.4472
    endloop
  endfacet
  facet normal 0 -1 0
    outer loop
      vertex 26.2 0 12.2
      vertex 27.6098 0 12.3251
      vertex 26.1902 0 12.3251
    endloop
  endfacet
  facet normal 0 -1 0
    outer loop
      vertex 26.2 0 12.2
      vertex 27.6 0 12.2
      vertex 27.6098 0 12.3251
    endloop
  endfacet
  facet normal 0 -1 0
    outer loop
      vertex 26.2 0 5.8
      vertex 27.6 0 12.2
      vertex 26.2 0 12.2
    endloop
  endfacet
  facet normal 0 -1 0
    outer loop
      vertex 26.2 0 5.8
      vertex 27.6 0 5.8
      vertex 27.6 0 12.2
    endloop
  endfacet
  facet normal 0 -1 0
    outer loop
      vertex 26.1902 0 5.67485
      vertex 27.6 0 5.8
      vertex 26.2 0 5.8
    endloop
  endfacet
  facet normal 0 -1 0
    outer loop
      vertex 26.1902 0 5.67485
      vertex 27.6098 0 5.67485
      vertex 27.6 0 5.8
    endloop
  endfacet
  facet normal 0 -1 0
    outer loop
      vertex 26.1608 0 5.55279
      vertex 27.6098 0 5.67485
      vertex 26.1902 0 5.67485
    endloop
  endfacet
  facet normal 0 -1 0
    outer loop
      vertex 26.1608 0 5.55279
      vertex 27.6392 0 5.55279
      vertex 27.6098 0 5.67485
    endloop
  endfacet
  facet normal 0 -1 0
    outer loop
      vertex 26.1128 0 5.43681
      vertex 27.6392 0 5.55279
      vertex 26.1608 0 5.55279
    endloop
  endfacet
  facet normal 0 -1 0
    outer loop
      vertex 26.1128 0 5.43681
      vertex 27.6872 0 5.43681
      vertex 27.6392 0 5.55279
    endloop
  endfacet
  facet normal 0 -1 0
    outer loop
      vertex 26.0472 0 5.32977
      vertex 27.6872 0 5.43681
      vertex 26.1128 0 5.43681
    endloop
  endfacet
  facet normal 0 -1 0
    outer loop
      vertex 26.0472 0 5.32977
      vertex 27.7528 0 5.32977
      vertex 27.6872 0 5.43681
    endloop
  endfacet
  facet normal 0 -1 0
    outer loop
      vertex 25.9657 0 5.23431
      vertex 27.7528 0 5.32977
      vertex 26.0472 0 5.32977
    endloop
  endfacet
  facet normal 0 -1 0
    outer loop
      vertex 25.9657 0 5.23431
      vertex 27.8343 0 5.23431
      vertex 27.7528 0 5.32977
    endloop
  endfacet
  facet normal 0 -1 0
    outer loop
      vertex 25.8702 0 5.15279
      vertex 27.8343 0 5.23431
      vertex 25.9657 0 5.23431
    endloop
  endfacet
  facet normal 0 -1 0
    outer loop
      vertex 25.8702 0 5.15279
      vertex 27.9298 0 5.15279
      vertex 27.8343 0 5.23431
    endloop
  endfacet
  facet normal 0 -1 0
    outer loop
      vertex 25.7632 0 5.08719
      vertex 27.9298 0 5.15279
      vertex 25.8702 0 5.15279
    endloop
  endfacet
  facet normal 0 -1 0
    outer loop
      vertex 25.7632 0 5.08719
      vertex 28.0368 0 5.08719
      vertex 27.9298 0 5.15279
    endloop
  endfacet
  facet normal 0 -1 0
    outer loop
      vertex 25.6472 0 5.03915
      vertex 28.0368 0 5.08719
      vertex 25.7632 0 5.08719
    endloop
  endfacet
  facet normal 0 -1 0
    outer loop
      vertex 25.6472 0 5.03915
      vertex 28.1528 0 5.03915
      vertex 28.0368 0 5.08719
    endloop
  endfacet
  facet normal 0 -1 0
    outer loop
      vertex 25.5251 0 5.00985
      vertex 28.1528 0 5.03915
      vertex 25.6472 0 5.03915
    endloop
  endfacet
  facet normal 0 -1 0
    outer loop
      vertex 25.5251 0 5.00985
      vertex 28.2749 0 5.00985
      vertex 28.1528 0 5.03915
    endloop
  endfacet
  facet normal 0 -1 0
    outer loop
      vertex 25.4 0 5
      vertex 28.2749 0 5.00985
      vertex 25.5251 0 5.00985
    endloop
  endfacet
  facet normal 0 -1 -0
    outer loop
      vertex 28.2749 0 5.00985
      vertex 25.4 0 5
      vertex 28.4 0 5
    endloop
  endfacet
  facet normal 0 -1 0
    outer loop
      vertex 22.5251 0 12.9902
      vertex 25.4 0 13
      vertex 22.4 0 13
    endloop
  endfacet
  facet normal 0 -1 0
    outer loop
      vertex 22.5251 0 12.9902
      vertex 25.2749 0 12.9902
      vertex 25.4 0 13
    endloop
  endfacet
  facet normal 0 -1 0
    outer loop
      vertex 22.6472 0 12.9608
      vertex 25.2749 0 12.9902
      vertex 22.5251 0 12.9902
    endloop
  endfacet
  facet normal 0 -1 0
    outer loop
      vertex 22.6472 0 12.9608
      vertex 25.1528 0 12.9608
      vertex 25.2749 0 12.9902
    endloop
  endfacet
  facet normal 0 -1 0
    outer loop
      vertex 22.7632 0 12.9128
      vertex 25.1528 0 12.9608
      vertex 22.6472 0 12.9608
    endloop
  endfacet
  facet normal 0 -1 0
    outer loop
      vertex 22.7632 0 12.9128
      vertex 25.0368 0 12.9128
      vertex 25.1528 0 12.9608
    endloop
  endfacet
  facet normal 0 -1 0
    outer loop
      vertex 22.8702 0 12.8472
      vertex 25.0368 0 12.9128
      vertex 22.7632 0 12.9128
    endloop
  endfacet
  facet normal 0 -1 0
    outer loop
      vertex 22.8702 0 12.8472
      vertex 24.9298 0 12.8472
      vertex 25.0368 0 12.9128
    endloop
  endfacet
  facet normal 0 -1 0
    outer loop
      vertex 22.9657 0 12.7657
      vertex 24.9298 0 12.8472
      vertex 22.8702 0 12.8472
    endloop
  endfacet
  facet normal 0 -1 0
    outer loop
      vertex 22.9657 0 12.7657
      vertex 24.8343 0 12.7657
      vertex 24.9298 0 12.8472
    endloop
  endfacet
  facet normal 0 -1 0
    outer loop
      vertex 23.0472 0 12.6702
      vertex 24.8343 0 12.7657
      vertex 22.9657 0 12.7657
    endloop
  endfacet
  facet normal 0 -1 0
    outer loop
      vertex 23.0472 0 12.6702
      vertex 24.7528 0 12.6702
      vertex 24.8343 0 12.7657
    endloop
  endfacet
  facet normal 0 -1 0
    outer loop
      vertex 23.1128 0 12.5632
      vertex 24.7528 0 12.6702
      vertex 23.0472 0 12.6702
    endloop
  endfacet
  facet normal 0 -1 0
    outer loop
      vertex 23.1128 0 12.5632
      vertex 24.6872 0 12.5632
      vertex 24.7528 0 12.6702
    endloop
  endfacet
  facet normal 0 -1 0
    outer loop
      vertex 23.1608 0 12.4472
      vertex 24.6872 0 12.5632
      vertex 23.1128 0 12.5632
    endloop
  endfacet
  facet normal 0 -1 0
    outer loop
      vertex 23.1608 0 12.4472
      vertex 24.6392 0 12.4472
      vertex 24.6872 0 12.5632
    endloop
  endfacet
  facet normal 0 -1 0
    outer loop
      vertex 23.1902 0 12.3251
      vertex 24.6392 0 12.4472
      vertex 23.1608 0 12.4472
    endloop
  endfacet
  facet normal 0 -1 0
    outer loop
      vertex 23.1902 0 12.3251
      vertex 24.6098 0 12.3251
      vertex 24.6392 0 12.4472
    endloop
  endfacet
  facet normal 0 -1 0
    outer loop
      vertex 23.2 0 12.2
      vertex 24.6098 0 12.3251
      vertex 23.1902 0 12.3251
    endloop
  endfacet
  facet normal 0 -1 0
    outer loop
      vertex 23.2 0 12.2
      vertex 24.6 0 12.2
      vertex 24.6098 0 12.3251
    endloop
  endfacet
  facet normal 0 -1 0
    outer loop
      vertex 23.2 0 5.8
      vertex 24.6 0 12.2
      vertex 23.2 0 12.2
    endloop
  endfacet
  facet normal 0 -1 0
    outer loop
      vertex 23.2 0 5.8
      vertex 24.6 0 5.8
      vertex 24.6 0 12.2
    endloop
  endfacet
  facet normal 0 -1 0
    outer loop
      vertex 23.1902 0 5.67485
      vertex 24.6 0 5.8
      vertex 23.2 0 5.8
    endloop
  endfacet
  facet normal 0 -1 0
    outer loop
      vertex 23.1902 0 5.67485
      vertex 24.6098 0 5.67485
      vertex 24.6 0 5.8
    endloop
  endfacet
  facet normal 0 -1 0
    outer loop
      vertex 23.1608 0 5.55279
      vertex 24.6098 0 5.67485
      vertex 23.1902 0 5.67485
    endloop
  endfacet
  facet normal 0 -1 0
    outer loop
      vertex 23.1608 0 5.55279
      vertex 24.6392 0 5.55279
      vertex 24.6098 0 5.67485
    endloop
  endfacet
  facet normal 0 -1 0
    outer loop
      vertex 23.1128 0 5.43681
      vertex 24.6392 0 5.55279
      vertex 23.1608 0 5.55279
    endloop
  endfacet
  facet normal 0 -1 0
    outer loop
      vertex 23.1128 0 5.43681
      vertex 24.6872 0 5.43681
      vertex 24.6392 0 5.55279
    endloop
  endfacet
  facet normal 0 -1 0
    outer loop
      vertex 23.0472 0 5.32977
      vertex 24.6872 0 5.43681
      vertex 23.1128 0 5.43681
    endloop
  endfacet
  facet normal 0 -1 0
    outer loop
      vertex 23.0472 0 5.32977
      vertex 24.7528 0 5.32977
      vertex 24.6872 0 5.43681
    endloop
  endfacet
  facet normal 0 -1 0
    outer loop
      vertex 22.9657 0 5.23431
      vertex 24.7528 0 5.32977
      vertex 23.0472 0 5.32977
    endloop
  endfacet
  facet normal 0 -1 0
    outer loop
      vertex 22.9657 0 5.23431
      vertex 24.8343 0 5.23431
      vertex 24.7528 0 5.32977
    endloop
  endfacet
  facet normal 0 -1 0
    outer loop
      vertex 22.8702 0 5.15279
      vertex 24.8343 0 5.23431
      vertex 22.9657 0 5.23431
    endloop
  endfacet
  facet normal 0 -1 0
    outer loop
      vertex 22.8702 0 5.15279
      vertex 24.9298 0 5.15279
      vertex 24.8343 0 5.23431
    endloop
  endfacet
  facet normal 0 -1 0
    outer loop
      vertex 22.7632 0 5.08719
      vertex 24.9298 0 5.15279
      vertex 22.8702 0 5.15279
    endloop
  endfacet
  facet normal 0 -1 0
    outer loop
      vertex 22.7632 0 5.08719
      vertex 25.0368 0 5.08719
      vertex 24.9298 0 5.15279
    endloop
  endfacet
  facet normal 0 -1 0
    outer loop
      vertex 22.6472 0 5.03915
      vertex 25.0368 0 5.08719
      vertex 22.7632 0 5.08719
    endloop
  endfacet
  facet normal 0 -1 0
    outer loop
      vertex 22.6472 0 5.03915
      vertex 25.1528 0 5.03915
      vertex 25.0368 0 5.08719
    endloop
  endfacet
  facet normal 0 -1 0
    outer loop
      vertex 22.5251 0 5.00985
      vertex 25.1528 0 5.03915
      vertex 22.6472 0 5.03915
    endloop
  endfacet
  facet normal 0 -1 0
    outer loop
      vertex 22.5251 0 5.00985
      vertex 25.2749 0 5.00985
      vertex 25.1528 0 5.03915
    endloop
  endfacet
  facet normal 0 -1 0
    outer loop
      vertex 22.4 0 5
      vertex 25.2749 0 5.00985
      vertex 22.5251 0 5.00985
    endloop
  endfacet
  facet normal 0 -1 -0
    outer loop
      vertex 25.2749 0 5.00985
      vertex 22.4 0 5
      vertex 25.4 0 5
    endloop
  endfacet
  facet normal 0 -1 0
    outer loop
      vertex 22.2749 0 12.9902
      vertex 15.5 0 14.5
      vertex 19.5251 0 12.9902
    endloop
  endfacet
  facet normal 0 -1 0
    outer loop
      vertex 15.5 0 14.5
      vertex 22.2749 0 12.9902
      vertex 22.4 0 13
    endloop
  endfacet
  facet normal 0 -1 0
    outer loop
      vertex 19.6472 0 12.9608
      vertex 22.2749 0 12.9902
      vertex 19.5251 0 12.9902
    endloop
  endfacet
  facet normal 0 -1 0
    outer loop
      vertex 19.6472 0 12.9608
      vertex 22.1528 0 12.9608
      vertex 22.2749 0 12.9902
    endloop
  endfacet
  facet normal 0 -1 0
    outer loop
      vertex 19.7632 0 12.9128
      vertex 22.1528 0 12.9608
      vertex 19.6472 0 12.9608
    endloop
  endfacet
  facet normal 0 -1 0
    outer loop
      vertex 19.7632 0 12.9128
      vertex 22.0368 0 12.9128
      vertex 22.1528 0 12.9608
    endloop
  endfacet
  facet normal 0 -1 0
    outer loop
      vertex 19.8702 0 12.8472
      vertex 22.0368 0 12.9128
      vertex 19.7632 0 12.9128
    endloop
  endfacet
  facet normal 0 -1 0
    outer loop
      vertex 19.8702 0 12.8472
      vertex 21.9298 0 12.8472
      vertex 22.0368 0 12.9128
    endloop
  endfacet
  facet normal 0 -1 0
    outer loop
      vertex 19.9657 0 12.7657
      vertex 21.9298 0 12.8472
      vertex 19.8702 0 12.8472
    endloop
  endfacet
  facet normal 0 -1 0
    outer loop
      vertex 19.9657 0 12.7657
      vertex 21.8343 0 12.7657
      vertex 21.9298 0 12.8472
    endloop
  endfacet
  facet normal 0 -1 0
    outer loop
      vertex 20.0472 0 12.6702
      vertex 21.8343 0 12.7657
      vertex 19.9657 0 12.7657
    endloop
  endfacet
  facet normal 0 -1 0
    outer loop
      vertex 20.0472 0 12.6702
      vertex 21.7528 0 12.6702
      vertex 21.8343 0 12.7657
    endloop
  endfacet
  facet normal 0 -1 0
    outer loop
      vertex 20.1128 0 12.5632
      vertex 21.7528 0 12.6702
      vertex 20.0472 0 12.6702
    endloop
  endfacet
  facet normal 0 -1 0
    outer loop
      vertex 20.1128 0 12.5632
      vertex 21.6872 0 12.5632
      vertex 21.7528 0 12.6702
    endloop
  endfacet
  facet normal 0 -1 0
    outer loop
      vertex 20.1608 0 12.4472
      vertex 21.6872 0 12.5632
      vertex 20.1128 0 12.5632
    endloop
  endfacet
  facet normal 0 -1 0
    outer loop
      vertex 20.1608 0 12.4472
      vertex 21.6392 0 12.4472
      vertex 21.6872 0 12.5632
    endloop
  endfacet
  facet normal 0 -1 0
    outer loop
      vertex 20.1902 0 12.3251
      vertex 21.6392 0 12.4472
      vertex 20.1608 0 12.4472
    endloop
  endfacet
  facet normal 0 -1 0
    outer loop
      vertex 20.1902 0 12.3251
      vertex 21.6098 0 12.3251
      vertex 21.6392 0 12.4472
    endloop
  endfacet
  facet normal 0 -1 0
    outer loop
      vertex 20.2 0 12.2
      vertex 21.6098 0 12.3251
      vertex 20.1902 0 12.3251
    endloop
  endfacet
  facet normal 0 -1 0
    outer loop
      vertex 20.2 0 12.2
      vertex 21.6 0 12.2
      vertex 21.6098 0 12.3251
    endloop
  endfacet
  facet normal 0 -1 0
    outer loop
      vertex 20.2 0 5.8
      vertex 21.6 0 12.2
      vertex 20.2 0 12.2
    endloop
  endfacet
  facet normal 0 -1 0
    outer loop
      vertex 20.2 0 5.8
      vertex 21.6 0 5.8
      vertex 21.6 0 12.2
    endloop
  endfacet
  facet normal 0 -1 0
    outer loop
      vertex 20.1902 0 5.67485
      vertex 21.6 0 5.8
      vertex 20.2 0 5.8
    endloop
  endfacet
  facet normal 0 -1 0
    outer loop
      vertex 20.1902 0 5.67485
      vertex 21.6098 0 5.67485
      vertex 21.6 0 5.8
    endloop
  endfacet
  facet normal 0 -1 0
    outer loop
      vertex 20.1608 0 5.55279
      vertex 21.6098 0 5.67485
      vertex 20.1902 0 5.67485
    endloop
  endfacet
  facet normal 0 -1 0
    outer loop
      vertex 20.1608 0 5.55279
      vertex 21.6392 0 5.55279
      vertex 21.6098 0 5.67485
    endloop
  endfacet
  facet normal 0 -1 0
    outer loop
      vertex 20.1128 0 5.43681
      vertex 21.6392 0 5.55279
      vertex 20.1608 0 5.55279
    endloop
  endfacet
  facet normal 0 -1 0
    outer loop
      vertex 20.1128 0 5.43681
      vertex 21.6872 0 5.43681
      vertex 21.6392 0 5.55279
    endloop
  endfacet
  facet normal 0 -1 0
    outer loop
      vertex 20.0472 0 5.32977
      vertex 21.6872 0 5.43681
      vertex 20.1128 0 5.43681
    endloop
  endfacet
  facet normal 0 -1 0
    outer loop
      vertex 20.0472 0 5.32977
      vertex 21.7528 0 5.32977
      vertex 21.6872 0 5.43681
    endloop
  endfacet
  facet normal 0 -1 0
    outer loop
      vertex 19.9657 0 5.23431
      vertex 21.7528 0 5.32977
      vertex 20.0472 0 5.32977
    endloop
  endfacet
  facet normal 0 -1 0
    outer loop
      vertex 19.9657 0 5.23431
      vertex 21.8343 0 5.23431
      vertex 21.7528 0 5.32977
    endloop
  endfacet
  facet normal 0 -1 0
    outer loop
      vertex 19.8702 0 5.15279
      vertex 21.8343 0 5.23431
      vertex 19.9657 0 5.23431
    endloop
  endfacet
  facet normal 0 -1 0
    outer loop
      vertex 19.8702 0 5.15279
      vertex 21.9298 0 5.15279
      vertex 21.8343 0 5.23431
    endloop
  endfacet
  facet normal 0 -1 0
    outer loop
      vertex 19.7632 0 5.08719
      vertex 21.9298 0 5.15279
      vertex 19.8702 0 5.15279
    endloop
  endfacet
  facet normal 0 -1 0
    outer loop
      vertex 19.7632 0 5.08719
      vertex 22.0368 0 5.08719
      vertex 21.9298 0 5.15279
    endloop
  endfacet
  facet normal 0 -1 0
    outer loop
      vertex 19.6472 0 5.03915
      vertex 22.0368 0 5.08719
      vertex 19.7632 0 5.08719
    endloop
  endfacet
  facet normal 0 -1 0
    outer loop
      vertex 19.6472 0 5.03915
      vertex 22.1528 0 5.03915
      vertex 22.0368 0 5.08719
    endloop
  endfacet
  facet normal 0 -1 0
    outer loop
      vertex 19.5251 0 5.00985
      vertex 22.1528 0 5.03915
      vertex 19.6472 0 5.03915
    endloop
  endfacet
  facet normal 0 -1 0
    outer loop
      vertex 19.5251 0 5.00985
      vertex 22.2749 0 5.00985
      vertex 22.1528 0 5.03915
    endloop
  endfacet
  facet normal 0 -1 0
    outer loop
      vertex 19.4 0 5
      vertex 22.2749 0 5.00985
      vertex 19.5251 0 5.00985
    endloop
  endfacet
  facet normal 0 -1 -0
    outer loop
      vertex 22.2749 0 5.00985
      vertex 19.4 0 5
      vertex 22.4 0 5
    endloop
  endfacet
  facet normal 0 -1 0
    outer loop
      vertex 16.6472 0 12.9608
      vertex 15.5 0 14.5
      vertex 16.5251 0 12.9902
    endloop
  endfacet
  facet normal 0 -1 0
    outer loop
      vertex 15.5 0 14.5
      vertex 19.2749 0 12.9902
      vertex 19.4 0 13
    endloop
  endfacet
  facet normal 0 -1 0
    outer loop
      vertex 16.7632 0 12.9128
      vertex 15.5 0 14.5
      vertex 16.6472 0 12.9608
    endloop
  endfacet
  facet normal 0 -1 0
    outer loop
      vertex 15.5 0 14.5
      vertex 19.1528 0 12.9608
      vertex 19.2749 0 12.9902
    endloop
  endfacet
  facet normal 0 -1 0
    outer loop
      vertex 19.0368 0 12.9128
      vertex 15.5 0 14.5
      vertex 16.7632 0 12.9128
    endloop
  endfacet
  facet normal 0 -1 0
    outer loop
      vertex 15.5 0 14.5
      vertex 19.0368 0 12.9128
      vertex 19.1528 0 12.9608
    endloop
  endfacet
  facet normal 0 -1 0
    outer loop
      vertex 16.8702 0 12.8472
      vertex 19.0368 0 12.9128
      vertex 16.7632 0 12.9128
    endloop
  endfacet
  facet normal 0 -1 0
    outer loop
      vertex 16.8702 0 12.8472
      vertex 18.9298 0 12.8472
      vertex 19.0368 0 12.9128
    endloop
  endfacet
  facet normal 0 -1 0
    outer loop
      vertex 16.9657 0 12.7657
      vertex 18.9298 0 12.8472
      vertex 16.8702 0 12.8472
    endloop
  endfacet
  facet normal 0 -1 0
    outer loop
      vertex 16.9657 0 12.7657
      vertex 18.8343 0 12.7657
      vertex 18.9298 0 12.8472
    endloop
  endfacet
  facet normal 0 -1 0
    outer loop
      vertex 17.0472 0 12.6702
      vertex 18.8343 0 12.7657
      vertex 16.9657 0 12.7657
    endloop
  endfacet
  facet normal 0 -1 0
    outer loop
      vertex 17.0472 0 12.6702
      vertex 18.7528 0 12.6702
      vertex 18.8343 0 12.7657
    endloop
  endfacet
  facet normal 0 -1 0
    outer loop
      vertex 17.1128 0 12.5632
      vertex 18.7528 0 12.6702
      vertex 17.0472 0 12.6702
    endloop
  endfacet
  facet normal 0 -1 0
    outer loop
      vertex 17.1128 0 12.5632
      vertex 18.6872 0 12.5632
      vertex 18.7528 0 12.6702
    endloop
  endfacet
  facet normal 0 -1 0
    outer loop
      vertex 17.1608 0 12.4472
      vertex 18.6872 0 12.5632
      vertex 17.1128 0 12.5632
    endloop
  endfacet
  facet normal 0 -1 0
    outer loop
      vertex 17.1608 0 12.4472
      vertex 18.6392 0 12.4472
      vertex 18.6872 0 12.5632
    endloop
  endfacet
  facet normal 0 -1 0
    outer loop
      vertex 17.1902 0 12.3251
      vertex 18.6392 0 12.4472
      vertex 17.1608 0 12.4472
    endloop
  endfacet
  facet normal 0 -1 0
    outer loop
      vertex 17.1902 0 12.3251
      vertex 18.6098 0 12.3251
      vertex 18.6392 0 12.4472
    endloop
  endfacet
  facet normal 0 -1 0
    outer loop
      vertex 17.2 0 12.2
      vertex 18.6098 0 12.3251
      vertex 17.1902 0 12.3251
    endloop
  endfacet
  facet normal 0 -1 0
    outer loop
      vertex 17.2 0 12.2
      vertex 18.6 0 12.2
      vertex 18.6098 0 12.3251
    endloop
  endfacet
  facet normal 0 -1 0
    outer loop
      vertex 17.2 0 5.8
      vertex 18.6 0 12.2
      vertex 17.2 0 12.2
    endloop
  endfacet
  facet normal 0 -1 0
    outer loop
      vertex 17.2 0 5.8
      vertex 18.6 0 5.8
      vertex 18.6 0 12.2
    endloop
  endfacet
  facet normal 0 -1 0
    outer loop
      vertex 17.1902 0 5.67485
      vertex 18.6 0 5.8
      vertex 17.2 0 5.8
    endloop
  endfacet
  facet normal 0 -1 0
    outer loop
      vertex 17.1902 0 5.67485
      vertex 18.6098 0 5.67485
      vertex 18.6 0 5.8
    endloop
  endfacet
  facet normal 0 -1 0
    outer loop
      vertex 17.1608 0 5.55279
      vertex 18.6098 0 5.67485
      vertex 17.1902 0 5.67485
    endloop
  endfacet
  facet normal 0 -1 0
    outer loop
      vertex 17.1608 0 5.55279
      vertex 18.6392 0 5.55279
      vertex 18.6098 0 5.67485
    endloop
  endfacet
  facet normal 0 -1 0
    outer loop
      vertex 17.1128 0 5.43681
      vertex 18.6392 0 5.55279
      vertex 17.1608 0 5.55279
    endloop
  endfacet
  facet normal 0 -1 0
    outer loop
      vertex 17.1128 0 5.43681
      vertex 18.6872 0 5.43681
      vertex 18.6392 0 5.55279
    endloop
  endfacet
  facet normal 0 -1 0
    outer loop
      vertex 17.0472 0 5.32977
      vertex 18.6872 0 5.43681
      vertex 17.1128 0 5.43681
    endloop
  endfacet
  facet normal 0 -1 0
    outer loop
      vertex 17.0472 0 5.32977
      vertex 18.7528 0 5.32977
      vertex 18.6872 0 5.43681
    endloop
  endfacet
  facet normal 0 -1 0
    outer loop
      vertex 16.9657 0 5.23431
      vertex 18.7528 0 5.32977
      vertex 17.0472 0 5.32977
    endloop
  endfacet
  facet normal 0 -1 0
    outer loop
      vertex 16.9657 0 5.23431
      vertex 18.8343 0 5.23431
      vertex 18.7528 0 5.32977
    endloop
  endfacet
  facet normal 0 -1 0
    outer loop
      vertex 16.8702 0 5.15279
      vertex 18.8343 0 5.23431
      vertex 16.9657 0 5.23431
    endloop
  endfacet
  facet normal 0 -1 0
    outer loop
      vertex 16.8702 0 5.15279
      vertex 18.9298 0 5.15279
      vertex 18.8343 0 5.23431
    endloop
  endfacet
  facet normal 0 -1 0
    outer loop
      vertex 16.7632 0 5.08719
      vertex 18.9298 0 5.15279
      vertex 16.8702 0 5.15279
    endloop
  endfacet
  facet normal 0 -1 0
    outer loop
      vertex 16.7632 0 5.08719
      vertex 19.0368 0 5.08719
      vertex 18.9298 0 5.15279
    endloop
  endfacet
  facet normal 0 -1 0
    outer loop
      vertex 16.6472 0 5.03915
      vertex 19.0368 0 5.08719
      vertex 16.7632 0 5.08719
    endloop
  endfacet
  facet normal 0 -1 0
    outer loop
      vertex 16.6472 0 5.03915
      vertex 19.1528 0 5.03915
      vertex 19.0368 0 5.08719
    endloop
  endfacet
  facet normal 0 -1 0
    outer loop
      vertex 16.5251 0 5.00985
      vertex 19.1528 0 5.03915
      vertex 16.6472 0 5.03915
    endloop
  endfacet
  facet normal 0 -1 0
    outer loop
      vertex 16.5251 0 5.00985
      vertex 19.2749 0 5.00985
      vertex 19.1528 0 5.03915
    endloop
  endfacet
  facet normal 0 -1 0
    outer loop
      vertex 16.4 0 5
      vertex 19.2749 0 5.00985
      vertex 16.5251 0 5.00985
    endloop
  endfacet
  facet normal 0 -1 -0
    outer loop
      vertex 19.2749 0 5.00985
      vertex 16.4 0 5
      vertex 19.4 0 5
    endloop
  endfacet
  facet normal 0 -1 0
    outer loop
      vertex 19.5251 0 12.9902
      vertex 15.5 0 14.5
      vertex 19.4 0 13
    endloop
  endfacet
  facet normal 0 -1 0
    outer loop
      vertex 25.5251 0 12.9902
      vertex 33.1685 0 14.4326
      vertex 25.4 0 13
    endloop
  endfacet
  facet normal 0 -1 0
    outer loop
      vertex 31.5251 0 12.9902
      vertex 33.1172 0 14.219
      vertex 31.4 0 13
    endloop
  endfacet
  facet normal 0 -1 -0
    outer loop
      vertex 33.1 0 14
      vertex 31.7632 0 12.9128
      vertex 33.1172 0 13.781
    endloop
  endfacet
  facet normal 0 -1 0
    outer loop
      vertex 31.8702 0 12.8472
      vertex 33.1172 0 13.781
      vertex 31.7632 0 12.9128
    endloop
  endfacet
  facet normal 0 -1 -0
    outer loop
      vertex 33.1172 0 13.781
      vertex 31.8702 0 12.8472
      vertex 33.1685 0 13.5674
    endloop
  endfacet
  facet normal 0 -1 0
    outer loop
      vertex 31.9657 0 12.7657
      vertex 33.1685 0 13.5674
      vertex 31.8702 0 12.8472
    endloop
  endfacet
  facet normal 0 -1 -0
    outer loop
      vertex 33.1685 0 13.5674
      vertex 31.9657 0 12.7657
      vertex 33.2526 0 13.3644
    endloop
  endfacet
  facet normal 0 -1 0
    outer loop
      vertex 32.0472 0 12.6702
      vertex 33.2526 0 13.3644
      vertex 31.9657 0 12.7657
    endloop
  endfacet
  facet normal 0 -1 0
    outer loop
      vertex 32.1128 0 12.5632
      vertex 33.2526 0 13.3644
      vertex 32.0472 0 12.6702
    endloop
  endfacet
  facet normal 0 -1 -0
    outer loop
      vertex 33.2526 0 13.3644
      vertex 32.1128 0 12.5632
      vertex 33.3674 0 13.1771
    endloop
  endfacet
  facet normal 0 -1 0
    outer loop
      vertex 32.1608 0 12.4472
      vertex 33.3674 0 13.1771
      vertex 32.1128 0 12.5632
    endloop
  endfacet
  facet normal 0 -1 0
    outer loop
      vertex 33.6771 0 12.8674
      vertex 33.8343 0 12.7657
      vertex 33.838 0 12.7688
    endloop
  endfacet
  facet normal 0 -1 -0
    outer loop
      vertex 33.3674 0 13.1771
      vertex 32.1608 0 12.4472
      vertex 33.51 0 13.01
    endloop
  endfacet
  facet normal 0 -1 0
    outer loop
      vertex 33.6771 0 12.8674
      vertex 33.7528 0 12.6702
      vertex 33.8343 0 12.7657
    endloop
  endfacet
  facet normal 0 -1 0
    outer loop
      vertex 33.6392 0 12.4472
      vertex 33.51 0 13.01
      vertex 32.1608 0 12.4472
    endloop
  endfacet
  facet normal 0 -1 0
    outer loop
      vertex 33.6771 0 12.8674
      vertex 33.6872 0 12.5632
      vertex 33.7528 0 12.6702
    endloop
  endfacet
  facet normal -0 -1 0
    outer loop
      vertex 33.6872 0 12.5632
      vertex 33.51 0 13.01
      vertex 33.6392 0 12.4472
    endloop
  endfacet
  facet normal 0 -1 0
    outer loop
      vertex 33.51 0 13.01
      vertex 33.6872 0 12.5632
      vertex 33.6771 0 12.8674
    endloop
  endfacet
  facet normal 0 -1 0
    outer loop
      vertex 32.1902 0 12.3251
      vertex 33.6392 0 12.4472
      vertex 32.1608 0 12.4472
    endloop
  endfacet
  facet normal 0 -1 0
    outer loop
      vertex 32.1902 0 12.3251
      vertex 33.6098 0 12.3251
      vertex 33.6392 0 12.4472
    endloop
  endfacet
  facet normal 0 -1 0
    outer loop
      vertex 32.2 0 12.2
      vertex 33.6098 0 12.3251
      vertex 32.1902 0 12.3251
    endloop
  endfacet
  facet normal 0 -1 0
    outer loop
      vertex 32.2 0 12.2
      vertex 33.6 0 12.2
      vertex 33.6098 0 12.3251
    endloop
  endfacet
  facet normal 0 -1 0
    outer loop
      vertex 32.2 0 5.8
      vertex 33.6 0 12.2
      vertex 32.2 0 12.2
    endloop
  endfacet
  facet normal 0 -1 0
    outer loop
      vertex 32.2 0 5.8
      vertex 33.6 0 5.8
      vertex 33.6 0 12.2
    endloop
  endfacet
  facet normal 0 -1 0
    outer loop
      vertex 32.1902 0 5.67485
      vertex 33.6 0 5.8
      vertex 32.2 0 5.8
    endloop
  endfacet
  facet normal 0 -1 0
    outer loop
      vertex 32.1902 0 5.67485
      vertex 33.6098 0 5.67485
      vertex 33.6 0 5.8
    endloop
  endfacet
  facet normal 0 -1 0
    outer loop
      vertex 32.1608 0 5.55279
      vertex 33.6098 0 5.67485
      vertex 32.1902 0 5.67485
    endloop
  endfacet
  facet normal 0 -1 0
    outer loop
      vertex 32.1608 0 5.55279
      vertex 33.6392 0 5.55279
      vertex 33.6098 0 5.67485
    endloop
  endfacet
  facet normal 0 -1 0
    outer loop
      vertex 32.1128 0 5.43681
      vertex 33.6392 0 5.55279
      vertex 32.1608 0 5.55279
    endloop
  endfacet
  facet normal 0 -1 0
    outer loop
      vertex 32.1128 0 5.43681
      vertex 33.6872 0 5.43681
      vertex 33.6392 0 5.55279
    endloop
  endfacet
  facet normal 0 -1 0
    outer loop
      vertex 32.0472 0 5.32977
      vertex 33.6872 0 5.43681
      vertex 32.1128 0 5.43681
    endloop
  endfacet
  facet normal 0 -1 0
    outer loop
      vertex 32.0472 0 5.32977
      vertex 33.7528 0 5.32977
      vertex 33.6872 0 5.43681
    endloop
  endfacet
  facet normal 0 -1 0
    outer loop
      vertex 31.9657 0 5.23431
      vertex 33.7528 0 5.32977
      vertex 32.0472 0 5.32977
    endloop
  endfacet
  facet normal 0 -1 0
    outer loop
      vertex 31.9657 0 5.23431
      vertex 33.8343 0 5.23431
      vertex 33.7528 0 5.32977
    endloop
  endfacet
  facet normal 0 -1 0
    outer loop
      vertex 31.8702 0 5.15279
      vertex 33.8343 0 5.23431
      vertex 31.9657 0 5.23431
    endloop
  endfacet
  facet normal 0 -1 0
    outer loop
      vertex 31.8702 0 5.15279
      vertex 33.9298 0 5.15279
      vertex 33.8343 0 5.23431
    endloop
  endfacet
  facet normal 0 -1 0
    outer loop
      vertex 31.7632 0 5.08719
      vertex 33.9298 0 5.15279
      vertex 31.8702 0 5.15279
    endloop
  endfacet
  facet normal 0 -1 0
    outer loop
      vertex 31.7632 0 5.08719
      vertex 34.0368 0 5.08719
      vertex 33.9298 0 5.15279
    endloop
  endfacet
  facet normal 0 -1 0
    outer loop
      vertex 31.6472 0 5.03915
      vertex 34.0368 0 5.08719
      vertex 31.7632 0 5.08719
    endloop
  endfacet
  facet normal 0 -1 0
    outer loop
      vertex 31.6472 0 5.03915
      vertex 34.1528 0 5.03915
      vertex 34.0368 0 5.08719
    endloop
  endfacet
  facet normal 0 -1 0
    outer loop
      vertex 31.5251 0 5.00985
      vertex 34.1528 0 5.03915
      vertex 31.6472 0 5.03915
    endloop
  endfacet
  facet normal 0 -1 0
    outer loop
      vertex 31.5251 0 5.00985
      vertex 34.2749 0 5.00985
      vertex 34.1528 0 5.03915
    endloop
  endfacet
  facet normal 0 -1 0
    outer loop
      vertex 31.4 0 5
      vertex 34.2749 0 5.00985
      vertex 31.5251 0 5.00985
    endloop
  endfacet
  facet normal 0 -1 -0
    outer loop
      vertex 34.2749 0 5.00985
      vertex 31.4 0 5
      vertex 34.4 0 5
    endloop
  endfacet
  facet normal 0 -1 0
    outer loop
      vertex 15.5 0 14.5
      vertex 18.5 0 17.5
      vertex 15.5 0 17.5
    endloop
  endfacet
  facet normal 0 -1 0
    outer loop
      vertex 18.5 0 17.5
      vertex 34.0674 0 15.3315
      vertex 38.7202 0 17.2931
    endloop
  endfacet
  facet normal -0 -1 0
    outer loop
      vertex 34.281 0 15.3828
      vertex 38.7202 0 17.2931
      vertex 34.0674 0 15.3315
    endloop
  endfacet
  facet normal 0 -1 0
    outer loop
      vertex 34.719 0 15.3828
      vertex 38.7202 0 17.2931
      vertex 34.5 0 15.4
    endloop
  endfacet
  facet normal 0 -1 0
    outer loop
      vertex 38.7202 0 17.2931
      vertex 34.719 0 15.3828
      vertex 38.5398 0 16.9988
    endloop
  endfacet
  facet normal 0 -1 0
    outer loop
      vertex 34.9326 0 15.3315
      vertex 38.5398 0 16.9988
      vertex 34.719 0 15.3828
    endloop
  endfacet
  facet normal 0 -1 0
    outer loop
      vertex 35.1356 0 15.2474
      vertex 38.4077 0 16.6798
      vertex 34.9326 0 15.3315
    endloop
  endfacet
  facet normal 0 -1 0
    outer loop
      vertex 38.5398 0 16.9988
      vertex 34.9326 0 15.3315
      vertex 38.4077 0 16.6798
    endloop
  endfacet
  facet normal -0 -1 0
    outer loop
      vertex 34.5 0 15.4
      vertex 38.7202 0 17.2931
      vertex 34.281 0 15.3828
    endloop
  endfacet
  facet normal 0 -1 0
    outer loop
      vertex 18.5 0 17.5
      vertex 33.8644 0 15.2474
      vertex 34.0674 0 15.3315
    endloop
  endfacet
  facet normal 0 -1 0
    outer loop
      vertex 18.5 0 17.5
      vertex 33.6771 0 15.1326
      vertex 33.8644 0 15.2474
    endloop
  endfacet
  facet normal 0 -1 0
    outer loop
      vertex 18.5 0 17.5
      vertex 33.51 0 14.9899
      vertex 33.6771 0 15.1326
    endloop
  endfacet
  facet normal 0 -1 0
    outer loop
      vertex 18.5 0 17.5
      vertex 33.3674 0 14.8229
      vertex 33.51 0 14.9899
    endloop
  endfacet
  facet normal 0 -1 0
    outer loop
      vertex 18.5 0 17.5
      vertex 33.2526 0 14.6356
      vertex 33.3674 0 14.8229
    endloop
  endfacet
  facet normal 0 -1 -0
    outer loop
      vertex 18.5 0 17.5
      vertex 15.5 0 14.5
      vertex 33.1685 0 14.4326
    endloop
  endfacet
  facet normal 0 -1 0
    outer loop
      vertex 18.5 0 17.5
      vertex 33.1685 0 14.4326
      vertex 33.2526 0 14.6356
    endloop
  endfacet
  facet normal 0 -1 0
    outer loop
      vertex 15.5 0 23.5
      vertex 18.5 0 20.5
      vertex 30 0 27.6
    endloop
  endfacet
  facet normal 0 -1 0
    outer loop
      vertex 33.5 0 19
      vertex 30 0 27.6
      vertex 18.5 0 20.5
    endloop
  endfacet
  facet normal 0 -1 0
    outer loop
      vertex 30 0 27.6
      vertex 33.5 0 19
      vertex 36 0 23
    endloop
  endfacet
  facet normal 0 -1 0
    outer loop
      vertex 38.7202 0 17.2931
      vertex 38.5 0 19
      vertex 33.5 0 19
    endloop
  endfacet
  facet normal 0 -1 0
    outer loop
      vertex 18.5 0 17.5
      vertex 33.5 0 19
      vertex 18.5 0 20.5
    endloop
  endfacet
  facet normal 0 -1 0
    outer loop
      vertex 38.5 0 19
      vertex 40.1558 0 18.1729
      vertex 40.5 0 18.2
    endloop
  endfacet
  facet normal 0 -1 0
    outer loop
      vertex 38.5 0 19
      vertex 39.8202 0 18.0923
      vertex 40.1558 0 18.1729
    endloop
  endfacet
  facet normal 0 -1 0
    outer loop
      vertex 38.5 0 19
      vertex 39.5012 0 17.9602
      vertex 39.8202 0 18.0923
    endloop
  endfacet
  facet normal 0 -1 0
    outer loop
      vertex 38.5 0 19
      vertex 39.2069 0 17.7798
      vertex 39.5012 0 17.9602
    endloop
  endfacet
  facet normal 0 -1 0
    outer loop
      vertex 38.5 0 19
      vertex 38.9444 0 17.5556
      vertex 39.2069 0 17.7798
    endloop
  endfacet
  facet normal 0 -1 -0
    outer loop
      vertex 33.5 0 19
      vertex 18.5 0 17.5
      vertex 38.7202 0 17.2931
    endloop
  endfacet
  facet normal 0 -1 0
    outer loop
      vertex 38.5 0 19
      vertex 38.7202 0 17.2931
      vertex 38.9444 0 17.5556
    endloop
  endfacet
  facet normal 0 -1 0
    outer loop
      vertex 49.8532 0 73.927
      vertex 50 0 73
      vertex 49.9631 0 73.4693
    endloop
  endfacet
  facet normal 0 -1 0
    outer loop
      vertex 38.9 0 34.3
      vertex 50 0 73
      vertex 38.9 0 62.1
    endloop
  endfacet
  facet normal 0 -1 0
    outer loop
      vertex 11.1 0 34.3
      vertex 30 0 29
      vertex 38.9 0 34.3
    endloop
  endfacet
  facet normal 0 -1 0
    outer loop
      vertex 36 0 23
      vertex 30 0 29
      vertex 30 0 27.6
    endloop
  endfacet
  facet normal 0 -1 0
    outer loop
      vertex 12 0 27.6
      vertex 15.5 0 23.5
      vertex 30 0 27.6
    endloop
  endfacet
  facet normal 0 -1 0
    outer loop
      vertex 18.5 0 20.5
      vertex 15.5 0 23.5
      vertex 15.5 0 20.5
    endloop
  endfacet
  facet normal 0 -1 0
    outer loop
      vertex 30 0 29
      vertex 36 0 23
      vertex 38.9 0 34.3
    endloop
  endfacet
  facet normal 0 -1 0
    outer loop
      vertex 41.1798 0 18.0923
      vertex 38.9 0 34.3
      vertex 36 0 23
    endloop
  endfacet
  facet normal 0 -1 0
    outer loop
      vertex 40.8442 0 18.1729
      vertex 36 0 23
      vertex 38.5 0 19
    endloop
  endfacet
  facet normal 0 -1 0
    outer loop
      vertex 40.8442 0 18.1729
      vertex 38.5 0 19
      vertex 40.5 0 18.2
    endloop
  endfacet
  facet normal 0 -1 0
    outer loop
      vertex 36 0 23
      vertex 40.8442 0 18.1729
      vertex 41.1798 0 18.0923
    endloop
  endfacet
  facet normal 0 -1 0
    outer loop
      vertex 38.9 0 34.3
      vertex 41.1798 0 18.0923
      vertex 41.4988 0 17.9602
    endloop
  endfacet
  facet normal 0 -1 0
    outer loop
      vertex 38.9 0 34.3
      vertex 41.4988 0 17.9602
      vertex 41.7931 0 17.7798
    endloop
  endfacet
  facet normal 0 -1 0
    outer loop
      vertex 42.0556 0 17.5556
      vertex 38.9 0 34.3
      vertex 41.7931 0 17.7798
    endloop
  endfacet
  facet normal 0 -1 0
    outer loop
      vertex 42.2798 0 17.2931
      vertex 38.9 0 34.3
      vertex 42.0556 0 17.5556
    endloop
  endfacet
  facet normal 0 -1 0
    outer loop
      vertex 42.4602 0 16.9988
      vertex 38.9 0 34.3
      vertex 42.2798 0 17.2931
    endloop
  endfacet
  facet normal 0 -1 0
    outer loop
      vertex 42.5923 0 16.6798
      vertex 38.9 0 34.3
      vertex 42.4602 0 16.9988
    endloop
  endfacet
  facet normal 0 -1 0
    outer loop
      vertex 50 0 3
      vertex 38.9 0 34.3
      vertex 42.5923 0 16.6798
    endloop
  endfacet
  facet normal 0 -1 0
    outer loop
      vertex 50 0 3
      vertex 42.5923 0 16.6798
      vertex 42.6729 0 16.3442
    endloop
  endfacet
  facet normal 0 -1 0
    outer loop
      vertex 50 0 3
      vertex 42.6729 0 16.3442
      vertex 42.7 0 16
    endloop
  endfacet
  facet normal 0 -1 0
    outer loop
      vertex 50 0 3
      vertex 42.7 0 16
      vertex 42.6729 0 15.6558
    endloop
  endfacet
  facet normal 0 -1 0
    outer loop
      vertex 35.2 0 12.2
      vertex 39.5012 0 14.0398
      vertex 35.6326 0 13.1771
    endloop
  endfacet
  facet normal 0 -1 -0
    outer loop
      vertex 39.5012 0 14.0398
      vertex 35.2 0 12.2
      vertex 39.8202 0 13.9077
    endloop
  endfacet
  facet normal 0 -1 -0
    outer loop
      vertex 39.8202 0 13.9077
      vertex 35.2 0 12.2
      vertex 40.1558 0 13.8271
    endloop
  endfacet
  facet normal 0 -1 0
    outer loop
      vertex 35.2 0 5.8
      vertex 40.1558 0 13.8271
      vertex 35.2 0 12.2
    endloop
  endfacet
  facet normal 0 -1 0
    outer loop
      vertex 35.2 0 12.2
      vertex 35.6326 0 13.1771
      vertex 35.4899 0 13.01
    endloop
  endfacet
  facet normal 0 -1 0
    outer loop
      vertex 35.1902 0 12.3251
      vertex 35.4899 0 13.01
      vertex 35.3229 0 12.8674
    endloop
  endfacet
  facet normal 0 -1 0
    outer loop
      vertex 35.1128 0 12.5632
      vertex 35.3229 0 12.8674
      vertex 35.1356 0 12.7526
    endloop
  endfacet
  facet normal 0 -1 0
    outer loop
      vertex 35.0472 0 12.6702
      vertex 35.1356 0 12.7526
      vertex 35.0183 0 12.704
    endloop
  endfacet
  facet normal 0 -1 0
    outer loop
      vertex 35.1128 0 12.5632
      vertex 35.1356 0 12.7526
      vertex 35.0472 0 12.6702
    endloop
  endfacet
  facet normal 0 -1 0
    outer loop
      vertex 35.3229 0 12.8674
      vertex 35.1128 0 12.5632
      vertex 35.1608 0 12.4472
    endloop
  endfacet
  facet normal 0 -1 0
    outer loop
      vertex 35.3229 0 12.8674
      vertex 35.1608 0 12.4472
      vertex 35.1902 0 12.3251
    endloop
  endfacet
  facet normal 0 -1 0
    outer loop
      vertex 35.4899 0 13.01
      vertex 35.1902 0 12.3251
      vertex 35.2 0 12.2
    endloop
  endfacet
  facet normal 0 -1 -0
    outer loop
      vertex 40.1558 0 13.8271
      vertex 35.2 0 5.8
      vertex 40.5 0 13.8
    endloop
  endfacet
  facet normal 0 -1 -0
    outer loop
      vertex 40.5 0 13.8
      vertex 35.2 0 5.8
      vertex 40.8442 0 13.8271
    endloop
  endfacet
  facet normal 0 -1 -0
    outer loop
      vertex 40.8442 0 13.8271
      vertex 35.2 0 5.8
      vertex 41.1798 0 13.9077
    endloop
  endfacet
  facet normal 0 -1 0
    outer loop
      vertex 47 0 0
      vertex 41.1798 0 13.9077
      vertex 35.2 0 5.8
    endloop
  endfacet
  facet normal -0 -1 0
    outer loop
      vertex 50 0 3
      vertex 41.1798 0 13.9077
      vertex 47 0 0
    endloop
  endfacet
  facet normal 0 -1 0
    outer loop
      vertex 41.1798 0 13.9077
      vertex 50 0 3
      vertex 41.4988 0 14.0398
    endloop
  endfacet
  facet normal 0 -1 0
    outer loop
      vertex 41.4988 0 14.0398
      vertex 50 0 3
      vertex 41.7931 0 14.2202
    endloop
  endfacet
  facet normal 0 -1 0
    outer loop
      vertex 47 0 0
      vertex 35.2 0 5.8
      vertex 35.1902 0 5.67485
    endloop
  endfacet
  facet normal 0 -1 0
    outer loop
      vertex 47 0 0
      vertex 35.1902 0 5.67485
      vertex 35.1608 0 5.55279
    endloop
  endfacet
  facet normal 0 -1 0
    outer loop
      vertex 47 0 0
      vertex 35.1608 0 5.55279
      vertex 35.1128 0 5.43681
    endloop
  endfacet
  facet normal 0 -1 0
    outer loop
      vertex 47 0 0
      vertex 35.1128 0 5.43681
      vertex 35.0472 0 5.32977
    endloop
  endfacet
  facet normal 0 -1 0
    outer loop
      vertex 38.9 0 34.3
      vertex 50 0 3
      vertex 50 0 73
    endloop
  endfacet
  facet normal 0 -1 0
    outer loop
      vertex 42.5923 0 15.3202
      vertex 50 0 3
      vertex 42.6729 0 15.6558
    endloop
  endfacet
  facet normal 0 -1 0
    outer loop
      vertex 42.4602 0 15.0012
      vertex 50 0 3
      vertex 42.5923 0 15.3202
    endloop
  endfacet
  facet normal 0 -1 0
    outer loop
      vertex 42.2798 0 14.7069
      vertex 50 0 3
      vertex 42.4602 0 15.0012
    endloop
  endfacet
  facet normal 0 -1 0
    outer loop
      vertex 41.7931 0 14.2202
      vertex 50 0 3
      vertex 42.0556 0 14.4444
    endloop
  endfacet
  facet normal 0 -1 0
    outer loop
      vertex 47 0 0
      vertex 35.0472 0 5.32977
      vertex 34.9657 0 5.23431
    endloop
  endfacet
  facet normal 0 -1 0
    outer loop
      vertex 47 0 0
      vertex 34.9657 0 5.23431
      vertex 34.8702 0 5.15279
    endloop
  endfacet
  facet normal 0 -1 0
    outer loop
      vertex 47 0 0
      vertex 34.8702 0 5.15279
      vertex 34.7632 0 5.08719
    endloop
  endfacet
  facet normal 0 -1 0
    outer loop
      vertex 47 0 0
      vertex 34.7632 0 5.08719
      vertex 34.6472 0 5.03915
    endloop
  endfacet
  facet normal 0 -1 0
    outer loop
      vertex 47 0 0
      vertex 34.6472 0 5.03915
      vertex 34.5251 0 5.00985
    endloop
  endfacet
  facet normal 0 -1 0
    outer loop
      vertex 47 0 0
      vertex 34.5251 0 5.00985
      vertex 34.4 0 5
    endloop
  endfacet
  facet normal 0 -1 0
    outer loop
      vertex 28.4 0 5
      vertex 47 0 0
      vertex 31.4 0 5
    endloop
  endfacet
  facet normal 0 -1 0
    outer loop
      vertex 3 0 0
      vertex 0 0 3
      vertex 0.0369349 0 2.5307
    endloop
  endfacet
  facet normal 0 -1 0
    outer loop
      vertex 31.4 0 5
      vertex 47 0 0
      vertex 34.4 0 5
    endloop
  endfacet
  facet normal 0 -1 0
    outer loop
      vertex 3 0 0
      vertex 0.0369349 0 2.5307
      vertex 0.14683 0 2.07295
    endloop
  endfacet
  facet normal 0 -1 0
    outer loop
      vertex 42.0556 0 14.4444
      vertex 50 0 3
      vertex 42.2798 0 14.7069
    endloop
  endfacet
  facet normal 0 -1 0
    outer loop
      vertex 3 0 0
      vertex 0.14683 0 2.07295
      vertex 0.32698 0 1.63803
    endloop
  endfacet
  facet normal 0 -1 0
    outer loop
      vertex 50 0 3
      vertex 47 0 0
      vertex 49.9631 0 2.5307
    endloop
  endfacet
  facet normal 0 -1 0
    outer loop
      vertex 3 0 0
      vertex 0.32698 0 1.63803
      vertex 0.572948 0 1.23664
    endloop
  endfacet
  facet normal 0 -1 0
    outer loop
      vertex 49.9631 0 2.5307
      vertex 47 0 0
      vertex 49.8532 0 2.07295
    endloop
  endfacet
  facet normal 0 -1 0
    outer loop
      vertex 3 0 0
      vertex 0.572948 0 1.23664
      vertex 0.878679 0 0.878679
    endloop
  endfacet
  facet normal 0 -1 0
    outer loop
      vertex 49.8532 0 2.07295
      vertex 47 0 0
      vertex 49.673 0 1.63803
    endloop
  endfacet
  facet normal 0 -1 0
    outer loop
      vertex 3 0 0
      vertex 0.878679 0 0.878679
      vertex 1.23664 0 0.572948
    endloop
  endfacet
  facet normal 0 -1 0
    outer loop
      vertex 49.673 0 1.63803
      vertex 47 0 0
      vertex 49.4271 0 1.23664
    endloop
  endfacet
  facet normal 0 -1 0
    outer loop
      vertex 3 0 0
      vertex 1.23664 0 0.572948
      vertex 1.63803 0 0.32698
    endloop
  endfacet
  facet normal 0 -1 0
    outer loop
      vertex 49.4271 0 1.23664
      vertex 47 0 0
      vertex 49.1213 0 0.878679
    endloop
  endfacet
  facet normal 0 -1 0
    outer loop
      vertex 3 0 0
      vertex 1.63803 0 0.32698
      vertex 2.07295 0 0.14683
    endloop
  endfacet
  facet normal 0 -1 0
    outer loop
      vertex 49.1213 0 0.878679
      vertex 47 0 0
      vertex 48.7634 0 0.572948
    endloop
  endfacet
  facet normal 0 -1 0
    outer loop
      vertex 3 0 0
      vertex 2.07295 0 0.14683
      vertex 2.5307 0 0.0369349
    endloop
  endfacet
  facet normal 0 -1 0
    outer loop
      vertex 48.7634 0 0.572948
      vertex 47 0 0
      vertex 48.362 0 0.32698
    endloop
  endfacet
  facet normal 0 -1 0
    outer loop
      vertex 48.362 0 0.32698
      vertex 47 0 0
      vertex 47.9271 0 0.14683
    endloop
  endfacet
  facet normal 0 -1 0
    outer loop
      vertex 47.9271 0 0.14683
      vertex 47 0 0
      vertex 47.4693 0 0.0369349
    endloop
  endfacet
  facet normal 0 -1 -0
    outer loop
      vertex 12.5 0 23.5
      vertex 9.5 0 20.5
      vertex 12.5 0 20.5
    endloop
  endfacet
  facet normal 0 -1 0
    outer loop
      vertex 38.4077 0 16.6798
      vertex 35.1356 0 15.2474
      vertex 38.3271 0 16.3442
    endloop
  endfacet
  facet normal 0 -1 0
    outer loop
      vertex 35.3229 0 15.1326
      vertex 38.3271 0 16.3442
      vertex 35.1356 0 15.2474
    endloop
  endfacet
  facet normal 0 -1 0
    outer loop
      vertex 35.4899 0 14.9899
      vertex 38.3271 0 16.3442
      vertex 35.3229 0 15.1326
    endloop
  endfacet
  facet normal 0 -1 0
    outer loop
      vertex 38.3271 0 16.3442
      vertex 35.4899 0 14.9899
      vertex 38.3 0 16
    endloop
  endfacet
  facet normal 0 -1 0
    outer loop
      vertex 35.6326 0 14.8229
      vertex 38.3 0 16
      vertex 35.4899 0 14.9899
    endloop
  endfacet
  facet normal 0 -1 -0
    outer loop
      vertex 38.3 0 16
      vertex 35.6326 0 14.8229
      vertex 38.3271 0 15.6558
    endloop
  endfacet
  facet normal 0 -1 0
    outer loop
      vertex 35.7474 0 14.6356
      vertex 38.3271 0 15.6558
      vertex 35.6326 0 14.8229
    endloop
  endfacet
  facet normal 0 -1 -0
    outer loop
      vertex 38.3271 0 15.6558
      vertex 35.7474 0 14.6356
      vertex 38.4077 0 15.3202
    endloop
  endfacet
  facet normal 0 -1 0
    outer loop
      vertex 35.8315 0 14.4326
      vertex 38.4077 0 15.3202
      vertex 35.7474 0 14.6356
    endloop
  endfacet
  facet normal 0 -1 0
    outer loop
      vertex 35.8828 0 14.219
      vertex 38.4077 0 15.3202
      vertex 35.8315 0 14.4326
    endloop
  endfacet
  facet normal 0 -1 -0
    outer loop
      vertex 38.4077 0 15.3202
      vertex 35.8828 0 14.219
      vertex 38.5398 0 15.0012
    endloop
  endfacet
  facet normal 0 -1 0
    outer loop
      vertex 35.9 0 14
      vertex 38.5398 0 15.0012
      vertex 35.8828 0 14.219
    endloop
  endfacet
  facet normal 0 -1 -0
    outer loop
      vertex 38.5398 0 15.0012
      vertex 35.9 0 14
      vertex 38.7202 0 14.7069
    endloop
  endfacet
  facet normal 0 -1 0
    outer loop
      vertex 35.8828 0 13.781
      vertex 38.7202 0 14.7069
      vertex 35.9 0 14
    endloop
  endfacet
  facet normal 0 -1 -0
    outer loop
      vertex 38.7202 0 14.7069
      vertex 35.8828 0 13.781
      vertex 38.9444 0 14.4444
    endloop
  endfacet
  facet normal 0 -1 0
    outer loop
      vertex 35.8315 0 13.5674
      vertex 38.9444 0 14.4444
      vertex 35.8828 0 13.781
    endloop
  endfacet
  facet normal 0 -1 -0
    outer loop
      vertex 38.9444 0 14.4444
      vertex 35.8315 0 13.5674
      vertex 39.2069 0 14.2202
    endloop
  endfacet
  facet normal 0 -1 0
    outer loop
      vertex 35.7474 0 13.3644
      vertex 39.2069 0 14.2202
      vertex 35.8315 0 13.5674
    endloop
  endfacet
  facet normal 0 -1 -0
    outer loop
      vertex 39.2069 0 14.2202
      vertex 35.7474 0 13.3644
      vertex 39.5012 0 14.0398
    endloop
  endfacet
  facet normal 0 -1 0
    outer loop
      vertex 35.6326 0 13.1771
      vertex 39.5012 0 14.0398
      vertex 35.7474 0 13.3644
    endloop
  endfacet
  facet normal -0.760348 0 0.649516
    outer loop
      vertex 0.572948 0 74.7634
      vertex 0.878679 30 75.1213
      vertex 0.572948 30 74.7634
    endloop
  endfacet
  facet normal -0.760348 0 0.649516
    outer loop
      vertex 0.878679 30 75.1213
      vertex 0.572948 0 74.7634
      vertex 0.878679 0 75.1213
    endloop
  endfacet
  facet normal -0.522542 0 0.852614
    outer loop
      vertex 1.23664 30 75.427
      vertex 1.63803 0 75.673
      vertex 1.63803 30 75.673
    endloop
  endfacet
  facet normal -0.522542 0 0.852614
    outer loop
      vertex 1.63803 0 75.673
      vertex 1.23664 30 75.427
      vertex 1.23664 0 75.427
    endloop
  endfacet
  facet normal 0.522532 0 0.85262
    outer loop
      vertex 48.362 30 75.673
      vertex 48.7634 0 75.427
      vertex 48.7634 30 75.427
    endloop
  endfacet
  facet normal 0.522532 0 0.85262
    outer loop
      vertex 48.7634 0 75.427
      vertex 48.362 30 75.673
      vertex 48.362 0 75.673
    endloop
  endfacet
  facet normal 0.923842 0 -0.382775
    outer loop
      vertex 49.8532 0 2.07295
      vertex 49.673 30 1.63803
      vertex 49.8532 30 2.07295
    endloop
  endfacet
  facet normal 0.923842 0 -0.382775
    outer loop
      vertex 49.673 30 1.63803
      vertex 49.8532 0 2.07295
      vertex 49.673 0 1.63803
    endloop
  endfacet
  facet normal 0.852708 0 -0.522387
    outer loop
      vertex 49.673 0 1.63803
      vertex 49.4271 30 1.23664
      vertex 49.673 30 1.63803
    endloop
  endfacet
  facet normal 0.852708 0 -0.522387
    outer loop
      vertex 49.4271 30 1.23664
      vertex 49.673 0 1.63803
      vertex 49.4271 0 1.23664
    endloop
  endfacet
  facet normal -0.382684 0 -0.923879
    outer loop
      vertex 1.63803 0 0.32698
      vertex 2.07295 30 0.14683
      vertex 2.07295 0 0.14683
    endloop
  endfacet
  facet normal -0.382684 0 -0.923879
    outer loop
      vertex 2.07295 30 0.14683
      vertex 1.63803 0 0.32698
      vertex 1.63803 30 0.32698
    endloop
  endfacet
  facet normal -0.649452 0 -0.760402
    outer loop
      vertex 0.878679 0 0.878679
      vertex 1.23664 30 0.572948
      vertex 1.23664 0 0.572948
    endloop
  endfacet
  facet normal -0.649452 0 -0.760402
    outer loop
      vertex 1.23664 30 0.572948
      vertex 0.878679 0 0.878679
      vertex 0.878679 30 0.878679
    endloop
  endfacet
  facet normal -0.97237 0 -0.233443
    outer loop
      vertex 0.14683 0 2.07295
      vertex 0.0369349 30 2.5307
      vertex 0.14683 30 2.07295
    endloop
  endfacet
  facet normal -0.97237 -0 -0.233443
    outer loop
      vertex 0.0369349 30 2.5307
      vertex 0.14683 0 2.07295
      vertex 0.0369349 0 2.5307
    endloop
  endfacet
  facet normal 0 1 -0
    outer loop
      vertex 49.673 30 1.63803
      vertex 48 30 2.01185
      vertex 49.8532 30 2.07295
    endloop
  endfacet
  facet normal 0 1 0
    outer loop
      vertex 48.362 30 0.32698
      vertex 47.9882 30 2
      vertex 48 30 2
    endloop
  endfacet
  facet normal 0 1 0
    outer loop
      vertex 47.9882 30 2
      vertex 47 30 0
      vertex 44.1118 30 2
    endloop
  endfacet
  facet normal 0 1 0
    outer loop
      vertex 44.1118 30 2
      vertex 47 30 0
      vertex 5.88816 30 2
    endloop
  endfacet
  facet normal 0 1 0
    outer loop
      vertex 3 30 0
      vertex 5.88816 30 2
      vertex 47 30 0
    endloop
  endfacet
  facet normal 0 1 -0
    outer loop
      vertex 49.4271 30 1.23664
      vertex 48 30 2
      vertex 49.673 30 1.63803
    endloop
  endfacet
  facet normal 0 1 0
    outer loop
      vertex 48 30 2.01185
      vertex 49.673 30 1.63803
      vertex 48 30 2
    endloop
  endfacet
  facet normal 0 1 0
    outer loop
      vertex 0.32698 30 1.63803
      vertex 2 30 2.01184
      vertex 2 30 2
    endloop
  endfacet
  facet normal 0 1 0
    outer loop
      vertex 2 30 2.01184
      vertex 0.32698 30 1.63803
      vertex 0.14683 30 2.07295
    endloop
  endfacet
  facet normal 0 1 0
    outer loop
      vertex 5.88816 30 2
      vertex 3 30 0
      vertex 2.01184 30 2
    endloop
  endfacet
  facet normal 0 1 -0
    outer loop
      vertex 49.1213 30 0.878679
      vertex 48 30 2
      vertex 49.4271 30 1.23664
    endloop
  endfacet
  facet normal -0 1 -0
    outer loop
      vertex 2.5307 30 0.0369349
      vertex 2.01184 30 2
      vertex 3 30 0
    endloop
  endfacet
  facet normal 0 1 -0
    outer loop
      vertex 48.7634 30 0.572948
      vertex 48 30 2
      vertex 49.1213 30 0.878679
    endloop
  endfacet
  facet normal -0 1 -0
    outer loop
      vertex 2.07295 30 0.14683
      vertex 2.01184 30 2
      vertex 2.5307 30 0.0369349
    endloop
  endfacet
  facet normal 0 1 -0
    outer loop
      vertex 48.362 30 0.32698
      vertex 48 30 2
      vertex 48.7634 30 0.572948
    endloop
  endfacet
  facet normal 0 1 0
    outer loop
      vertex 2 30 2
      vertex 0.572948 30 1.23664
      vertex 0.32698 30 1.63803
    endloop
  endfacet
  facet normal 0 1 0
    outer loop
      vertex 47.9882 30 2
      vertex 48.362 30 0.32698
      vertex 47.9271 30 0.14683
    endloop
  endfacet
  facet normal 0 1 0
    outer loop
      vertex 2 30 2
      vertex 0.878679 30 0.878679
      vertex 0.572948 30 1.23664
    endloop
  endfacet
  facet normal 0 1 0
    outer loop
      vertex 47.9882 30 2
      vertex 47.9271 30 0.14683
      vertex 47.4693 30 0.0369349
    endloop
  endfacet
  facet normal 0 1 0
    outer loop
      vertex 2 30 2
      vertex 1.23664 30 0.572948
      vertex 0.878679 30 0.878679
    endloop
  endfacet
  facet normal 0 1 0
    outer loop
      vertex 47.9882 30 2
      vertex 47.4693 30 0.0369349
      vertex 47 30 0
    endloop
  endfacet
  facet normal 0 1 0
    outer loop
      vertex 2 30 2
      vertex 1.63803 30 0.32698
      vertex 1.23664 30 0.572948
    endloop
  endfacet
  facet normal 0 1 0
    outer loop
      vertex 2.01184 30 2
      vertex 1.63803 30 0.32698
      vertex 2 30 2
    endloop
  endfacet
  facet normal -0 1 0
    outer loop
      vertex 1.63803 30 0.32698
      vertex 2.01184 30 2
      vertex 2.07295 30 0.14683
    endloop
  endfacet
  facet normal 0 1 0
    outer loop
      vertex 3.95 30 4.8
      vertex 3.95 30 6.7
      vertex 4.38019 30 6.66614
    endloop
  endfacet
  facet normal 0 1 0
    outer loop
      vertex 4.08297 30 4.78953
      vertex 4.38019 30 6.66614
      vertex 4.7998 30 6.5654
    endloop
  endfacet
  facet normal 0 1 0
    outer loop
      vertex 3.95 30 6.7
      vertex 3.95 30 4.8
      vertex 3.5198 30 6.66614
    endloop
  endfacet
  facet normal 0 1 0
    outer loop
      vertex 4.21266 30 4.7584
      vertex 4.7998 30 6.5654
      vertex 5.19847 30 6.40027
    endloop
  endfacet
  facet normal 0 1 -0
    outer loop
      vertex 3.81703 30 4.78953
      vertex 3.5198 30 6.66614
      vertex 3.95 30 4.8
    endloop
  endfacet
  facet normal 0 1 0
    outer loop
      vertex 4.33589 30 4.70736
      vertex 5.19847 30 6.40027
      vertex 5.56641 30 6.1748
    endloop
  endfacet
  facet normal 0 1 0
    outer loop
      vertex 3.5198 30 6.66614
      vertex 3.81703 30 4.78953
      vertex 3.1002 30 6.5654
    endloop
  endfacet
  facet normal 0 1 0
    outer loop
      vertex 4.44962 30 4.63766
      vertex 5.56641 30 6.1748
      vertex 5.89454 30 5.89454
    endloop
  endfacet
  facet normal 0 1 -0
    outer loop
      vertex 3.68734 30 4.7584
      vertex 3.1002 30 6.5654
      vertex 3.81703 30 4.78953
    endloop
  endfacet
  facet normal 0 1 0
    outer loop
      vertex 3.1002 30 6.5654
      vertex 3.68734 30 4.7584
      vertex 2.70153 30 6.40027
    endloop
  endfacet
  facet normal 0 1 0
    outer loop
      vertex 4.55104 30 4.55104
      vertex 5.89454 30 5.89454
      vertex 6.1748 30 5.56641
    endloop
  endfacet
  facet normal 0 1 -0
    outer loop
      vertex 4.7998 30 69.4346
      vertex 4.21266 30 71.2416
      vertex 5.19847 30 69.5997
    endloop
  endfacet
  facet normal 0 1 0
    outer loop
      vertex 4.21266 30 71.2416
      vertex 4.7998 30 69.4346
      vertex 4.08297 30 71.2105
    endloop
  endfacet
  facet normal -0 1 0
    outer loop
      vertex 2.00546 30 70.1055
      vertex 3.95 30 71.2
      vertex 2.33359 30 69.8252
    endloop
  endfacet
  facet normal 0 1 0
    outer loop
      vertex 3.95 30 71.2
      vertex 2.00546 30 70.1055
      vertex 2 30 70.1118
    endloop
  endfacet
  facet normal 0 1 -0
    outer loop
      vertex 4.38019 30 69.3339
      vertex 4.08297 30 71.2105
      vertex 4.7998 30 69.4346
    endloop
  endfacet
  facet normal 0 1 0
    outer loop
      vertex 3.95 30 71.2
      vertex 2.70153 30 69.5997
      vertex 2.33359 30 69.8252
    endloop
  endfacet
  facet normal 0 1 0
    outer loop
      vertex 4.08297 30 71.2105
      vertex 4.38019 30 69.3339
      vertex 3.95 30 71.2
    endloop
  endfacet
  facet normal 0 1 0
    outer loop
      vertex 3.95 30 71.2
      vertex 3.1002 30 69.4346
      vertex 2.70153 30 69.5997
    endloop
  endfacet
  facet normal 0 1 0
    outer loop
      vertex 3.95 30 69.3
      vertex 3.95 30 71.2
      vertex 4.38019 30 69.3339
    endloop
  endfacet
  facet normal 0 1 0
    outer loop
      vertex 3.95 30 71.2
      vertex 3.5198 30 69.3339
      vertex 3.1002 30 69.4346
    endloop
  endfacet
  facet normal 0 1 0
    outer loop
      vertex 3.95 30 71.2
      vertex 3.95 30 69.3
      vertex 3.5198 30 69.3339
    endloop
  endfacet
  facet normal 0 1 -0
    outer loop
      vertex 46.8998 30 69.4346
      vertex 46.3127 30 71.2416
      vertex 47.2985 30 69.5997
    endloop
  endfacet
  facet normal 0 1 0
    outer loop
      vertex 46.05 30 71.2
      vertex 44.1055 30 70.1055
      vertex 43.8252 30 70.4336
    endloop
  endfacet
  facet normal 0 1 0
    outer loop
      vertex 46.3127 30 71.2416
      vertex 46.8998 30 69.4346
      vertex 46.183 30 71.2105
    endloop
  endfacet
  facet normal 0 1 0
    outer loop
      vertex 46.05 30 71.2
      vertex 44.4336 30 69.8252
      vertex 44.1055 30 70.1055
    endloop
  endfacet
  facet normal 0 1 -0
    outer loop
      vertex 46.4802 30 69.3339
      vertex 46.183 30 71.2105
      vertex 46.8998 30 69.4346
    endloop
  endfacet
  facet normal 0 1 0
    outer loop
      vertex 46.05 30 71.2
      vertex 44.8015 30 69.5997
      vertex 44.4336 30 69.8252
    endloop
  endfacet
  facet normal 0 1 0
    outer loop
      vertex 46.183 30 71.2105
      vertex 46.4802 30 69.3339
      vertex 46.05 30 71.2
    endloop
  endfacet
  facet normal 0 1 0
    outer loop
      vertex 46.05 30 71.2
      vertex 45.2002 30 69.4346
      vertex 44.8015 30 69.5997
    endloop
  endfacet
  facet normal 0 1 0
    outer loop
      vertex 46.05 30 69.3
      vertex 46.05 30 71.2
      vertex 46.4802 30 69.3339
    endloop
  endfacet
  facet normal 0 1 0
    outer loop
      vertex 46.05 30 71.2
      vertex 45.6198 30 69.3339
      vertex 45.2002 30 69.4346
    endloop
  endfacet
  facet normal 0 1 0
    outer loop
      vertex 46.05 30 71.2
      vertex 46.05 30 69.3
      vertex 45.6198 30 69.3339
    endloop
  endfacet
  facet normal 0 1 0
    outer loop
      vertex 47.9882 30 74
      vertex 46.183 30 72.8895
      vertex 46.05 30 72.9
    endloop
  endfacet
  facet normal 0 1 0
    outer loop
      vertex 48 30 73.9882
      vertex 46.3127 30 72.8584
      vertex 46.183 30 72.8895
    endloop
  endfacet
  facet normal 0 1 0
    outer loop
      vertex 48 30 73.9882
      vertex 46.4359 30 72.8074
      vertex 46.3127 30 72.8584
    endloop
  endfacet
  facet normal 0 1 0
    outer loop
      vertex 48 30 73.9882
      vertex 46.5496 30 72.7377
      vertex 46.4359 30 72.8074
    endloop
  endfacet
  facet normal 0 1 0
    outer loop
      vertex 48 30 73.9882
      vertex 46.651 30 72.651
      vertex 46.5496 30 72.7377
    endloop
  endfacet
  facet normal 0 1 0
    outer loop
      vertex 48 30 73.9882
      vertex 46.7377 30 72.5496
      vertex 46.651 30 72.651
    endloop
  endfacet
  facet normal 0 1 0
    outer loop
      vertex 48 30 73.9882
      vertex 46.8074 30 72.4359
      vertex 46.7377 30 72.5496
    endloop
  endfacet
  facet normal 0 1 0
    outer loop
      vertex 48 30 73.9882
      vertex 46.8584 30 72.3127
      vertex 46.8074 30 72.4359
    endloop
  endfacet
  facet normal 0 1 0
    outer loop
      vertex 48 30 73.9882
      vertex 46.8895 30 72.183
      vertex 46.8584 30 72.3127
    endloop
  endfacet
  facet normal 0 1 0
    outer loop
      vertex 50 30 73
      vertex 46.9 30 72.05
      vertex 46.8895 30 72.183
    endloop
  endfacet
  facet normal 0 1 0
    outer loop
      vertex 50 30 73
      vertex 46.8895 30 71.917
      vertex 46.9 30 72.05
    endloop
  endfacet
  facet normal 0 1 -0
    outer loop
      vertex 48 30 70.1118
      vertex 46.8895 30 71.917
      vertex 50 30 73
    endloop
  endfacet
  facet normal 0 1 0
    outer loop
      vertex 46.8895 30 71.917
      vertex 48 30 70.1118
      vertex 46.8584 30 71.7873
    endloop
  endfacet
  facet normal 0 1 0
    outer loop
      vertex 46.8584 30 71.7873
      vertex 48 30 70.1118
      vertex 46.8074 30 71.6641
    endloop
  endfacet
  facet normal 0 1 0
    outer loop
      vertex 46.8074 30 71.6641
      vertex 48 30 70.1118
      vertex 46.7377 30 71.5504
    endloop
  endfacet
  facet normal 0 1 0
    outer loop
      vertex 46.7377 30 71.5504
      vertex 48 30 70.1118
      vertex 46.651 30 71.449
    endloop
  endfacet
  facet normal 0 1 -0
    outer loop
      vertex 47.9945 30 70.1055
      vertex 46.651 30 71.449
      vertex 48 30 70.1118
    endloop
  endfacet
  facet normal 0 1 -0
    outer loop
      vertex 47.2985 30 69.5997
      vertex 46.4359 30 71.2926
      vertex 47.6664 30 69.8252
    endloop
  endfacet
  facet normal 0 1 0
    outer loop
      vertex 46.05 30 71.2
      vertex 43.8252 30 70.4336
      vertex 43.5997 30 70.8015
    endloop
  endfacet
  facet normal 0 1 0
    outer loop
      vertex 46.5496 30 71.3623
      vertex 47.6664 30 69.8252
      vertex 46.4359 30 71.2926
    endloop
  endfacet
  facet normal 0 1 0
    outer loop
      vertex 46.4359 30 71.2926
      vertex 47.2985 30 69.5997
      vertex 46.3127 30 71.2416
    endloop
  endfacet
  facet normal 0 1 -0
    outer loop
      vertex 47.6664 30 69.8252
      vertex 46.5496 30 71.3623
      vertex 47.9945 30 70.1055
    endloop
  endfacet
  facet normal 0 1 0
    outer loop
      vertex 46.651 30 71.449
      vertex 47.9945 30 70.1055
      vertex 46.5496 30 71.3623
    endloop
  endfacet
  facet normal 0 1 0
    outer loop
      vertex 50 30 73
      vertex 48 30 5.88815
      vertex 48 30 70.1118
    endloop
  endfacet
  facet normal 0 1 0
    outer loop
      vertex 44.8015 30 6.40027
      vertex 45.6641 30 4.70736
      vertex 44.4336 30 6.1748
    endloop
  endfacet
  facet normal 0 1 0
    outer loop
      vertex 45.917 30 4.78953
      vertex 48 30 5.88815
      vertex 46.05 30 4.8
    endloop
  endfacet
  facet normal 0 1 0
    outer loop
      vertex 48 30 5.88815
      vertex 46.183 30 4.78953
      vertex 46.05 30 4.8
    endloop
  endfacet
  facet normal 0 1 0
    outer loop
      vertex 48 30 5.88815
      vertex 46.3127 30 4.7584
      vertex 46.183 30 4.78953
    endloop
  endfacet
  facet normal 0 1 0
    outer loop
      vertex 48 30 5.88815
      vertex 46.4359 30 4.70736
      vertex 46.3127 30 4.7584
    endloop
  endfacet
  facet normal 0 1 0
    outer loop
      vertex 48 30 5.88815
      vertex 46.5496 30 4.63766
      vertex 46.4359 30 4.70736
    endloop
  endfacet
  facet normal 0 1 0
    outer loop
      vertex 48 30 5.88815
      vertex 46.651 30 4.55104
      vertex 46.5496 30 4.63766
    endloop
  endfacet
  facet normal 0 1 0
    outer loop
      vertex 48 30 5.88815
      vertex 46.7377 30 4.44962
      vertex 46.651 30 4.55104
    endloop
  endfacet
  facet normal 0 1 0
    outer loop
      vertex 48 30 5.88815
      vertex 46.8074 30 4.33589
      vertex 46.7377 30 4.44962
    endloop
  endfacet
  facet normal 0 1 0
    outer loop
      vertex 48 30 5.88815
      vertex 46.8584 30 4.21266
      vertex 46.8074 30 4.33589
    endloop
  endfacet
  facet normal 0 1 0
    outer loop
      vertex 48 30 5.88815
      vertex 46.8895 30 4.08297
      vertex 46.8584 30 4.21266
    endloop
  endfacet
  facet normal 0 1 0
    outer loop
      vertex 50 30 3
      vertex 46.8895 30 4.08297
      vertex 48 30 5.88815
    endloop
  endfacet
  facet normal 0 1 0
    outer loop
      vertex 46.8895 30 4.08297
      vertex 50 30 3
      vertex 46.9 30 3.95
    endloop
  endfacet
  facet normal 0 1 0
    outer loop
      vertex 46.9 30 3.95
      vertex 50 30 3
      vertex 46.8895 30 3.81703
    endloop
  endfacet
  facet normal 0 1 -0
    outer loop
      vertex 48 30 2.01185
      vertex 46.8895 30 3.81703
      vertex 50 30 3
    endloop
  endfacet
  facet normal 0 1 0
    outer loop
      vertex 46.4359 30 3.19264
      vertex 47.9882 30 2
      vertex 46.3127 30 3.1416
    endloop
  endfacet
  facet normal 0 1 0
    outer loop
      vertex 46.5496 30 3.26233
      vertex 47.9882 30 2
      vertex 46.4359 30 3.19264
    endloop
  endfacet
  facet normal 0 1 0
    outer loop
      vertex 46.651 30 3.34896
      vertex 47.9882 30 2
      vertex 46.5496 30 3.26233
    endloop
  endfacet
  facet normal 0 1 -0
    outer loop
      vertex 47.9882 30 2
      vertex 46.651 30 3.34896
      vertex 48 30 2.01185
    endloop
  endfacet
  facet normal 0 1 0
    outer loop
      vertex 46.7377 30 3.45038
      vertex 48 30 2.01185
      vertex 46.651 30 3.34896
    endloop
  endfacet
  facet normal 0 1 0
    outer loop
      vertex 46.8074 30 3.56411
      vertex 48 30 2.01185
      vertex 46.7377 30 3.45038
    endloop
  endfacet
  facet normal 0 1 0
    outer loop
      vertex 46.8584 30 3.68734
      vertex 48 30 2.01185
      vertex 46.8074 30 3.56411
    endloop
  endfacet
  facet normal 0 1 0
    outer loop
      vertex 46.8895 30 3.81703
      vertex 48 30 2.01185
      vertex 46.8584 30 3.68734
    endloop
  endfacet
  facet normal 0 1 -0
    outer loop
      vertex 50 30 3
      vertex 48 30 5.88815
      vertex 50 30 73
    endloop
  endfacet
  facet normal 0 1 -0
    outer loop
      vertex 3.56411 30 72.8074
      vertex 2.01185 30 74
      vertex 3.68734 30 72.8584
    endloop
  endfacet
  facet normal 0 1 -0
    outer loop
      vertex 3.45038 30 72.7377
      vertex 2.01185 30 74
      vertex 3.56411 30 72.8074
    endloop
  endfacet
  facet normal 0 1 -0
    outer loop
      vertex 3.34896 30 72.651
      vertex 2.01185 30 74
      vertex 3.45038 30 72.7377
    endloop
  endfacet
  facet normal 0 1 0
    outer loop
      vertex 2.01185 30 74
      vertex 3.34896 30 72.651
      vertex 2 30 73.9882
    endloop
  endfacet
  facet normal 0 1 -0
    outer loop
      vertex 3.26233 30 72.5496
      vertex 2 30 73.9882
      vertex 3.34896 30 72.651
    endloop
  endfacet
  facet normal 0 1 -0
    outer loop
      vertex 3.19264 30 72.4359
      vertex 2 30 73.9882
      vertex 3.26233 30 72.5496
    endloop
  endfacet
  facet normal 0 1 -0
    outer loop
      vertex 3.1416 30 72.3127
      vertex 2 30 73.9882
      vertex 3.19264 30 72.4359
    endloop
  endfacet
  facet normal 0 1 -0
    outer loop
      vertex 3.11046 30 72.183
      vertex 2 30 73.9882
      vertex 3.1416 30 72.3127
    endloop
  endfacet
  facet normal 0 1 0
    outer loop
      vertex 2 30 73.9882
      vertex 3.11046 30 72.183
      vertex 0 30 73
    endloop
  endfacet
  facet normal 0 1 -0
    outer loop
      vertex 3.1 30 72.05
      vertex 0 30 73
      vertex 3.11046 30 72.183
    endloop
  endfacet
  facet normal 0 1 0
    outer loop
      vertex 3.11046 30 71.917
      vertex 0 30 73
      vertex 3.1 30 72.05
    endloop
  endfacet
  facet normal 0 1 0
    outer loop
      vertex 2 30 70.1118
      vertex 3.11046 30 71.917
      vertex 3.1416 30 71.7873
    endloop
  endfacet
  facet normal 0 1 0
    outer loop
      vertex 2 30 70.1118
      vertex 3.1416 30 71.7873
      vertex 3.19264 30 71.6641
    endloop
  endfacet
  facet normal 0 1 0
    outer loop
      vertex 2 30 70.1118
      vertex 3.19264 30 71.6641
      vertex 3.26233 30 71.5504
    endloop
  endfacet
  facet normal 0 1 0
    outer loop
      vertex 2 30 70.1118
      vertex 3.26233 30 71.5504
      vertex 3.34896 30 71.449
    endloop
  endfacet
  facet normal 0 1 0
    outer loop
      vertex 2 30 70.1118
      vertex 3.34896 30 71.449
      vertex 3.45038 30 71.3623
    endloop
  endfacet
  facet normal 0 1 0
    outer loop
      vertex 2 30 70.1118
      vertex 3.45038 30 71.3623
      vertex 3.56411 30 71.2926
    endloop
  endfacet
  facet normal 0 1 -0
    outer loop
      vertex 5.19847 30 69.5997
      vertex 4.33589 30 71.2926
      vertex 5.56641 30 69.8252
    endloop
  endfacet
  facet normal 0 1 0
    outer loop
      vertex 4.33589 30 71.2926
      vertex 5.19847 30 69.5997
      vertex 4.21266 30 71.2416
    endloop
  endfacet
  facet normal 0 1 0
    outer loop
      vertex 3.95 30 71.2
      vertex 2 30 70.1118
      vertex 3.81703 30 71.2105
    endloop
  endfacet
  facet normal 0 1 0
    outer loop
      vertex 3.81703 30 71.2105
      vertex 2 30 70.1118
      vertex 3.68734 30 71.2416
    endloop
  endfacet
  facet normal 0 1 0
    outer loop
      vertex 2 30 70.1118
      vertex 3.56411 30 71.2926
      vertex 3.68734 30 71.2416
    endloop
  endfacet
  facet normal 0 1 0
    outer loop
      vertex 3.11046 30 71.917
      vertex 2 30 70.1118
      vertex 0 30 73
    endloop
  endfacet
  facet normal 0 1 -0
    outer loop
      vertex 2 30 5.88816
      vertex 0 30 73
      vertex 2 30 70.1118
    endloop
  endfacet
  facet normal 0 1 0
    outer loop
      vertex 4.63766 30 4.44962
      vertex 6.1748 30 5.56641
      vertex 6.40027 30 5.19847
    endloop
  endfacet
  facet normal 0 1 0
    outer loop
      vertex 4.38019 30 6.66614
      vertex 4.08297 30 4.78953
      vertex 3.95 30 4.8
    endloop
  endfacet
  facet normal 0 1 0
    outer loop
      vertex 2.70153 30 6.40027
      vertex 3.56411 30 4.70736
      vertex 2.33359 30 6.1748
    endloop
  endfacet
  facet normal 0 1 -0
    outer loop
      vertex 3.45038 30 4.63766
      vertex 2.33359 30 6.1748
      vertex 3.56411 30 4.70736
    endloop
  endfacet
  facet normal 0 1 0
    outer loop
      vertex 2.33359 30 6.1748
      vertex 3.45038 30 4.63766
      vertex 2.00546 30 5.89454
    endloop
  endfacet
  facet normal 0 1 -0
    outer loop
      vertex 3.34896 30 4.55104
      vertex 2.00546 30 5.89454
      vertex 3.45038 30 4.63766
    endloop
  endfacet
  facet normal 0 1 0
    outer loop
      vertex 2.00546 30 5.89454
      vertex 3.34896 30 4.55104
      vertex 2 30 5.88816
    endloop
  endfacet
  facet normal 0 1 -0
    outer loop
      vertex 3.26233 30 4.44962
      vertex 2 30 5.88816
      vertex 3.34896 30 4.55104
    endloop
  endfacet
  facet normal 0 1 -0
    outer loop
      vertex 3.19264 30 4.33589
      vertex 2 30 5.88816
      vertex 3.26233 30 4.44962
    endloop
  endfacet
  facet normal 0 1 -0
    outer loop
      vertex 3.1416 30 4.21266
      vertex 2 30 5.88816
      vertex 3.19264 30 4.33589
    endloop
  endfacet
  facet normal 0 1 -0
    outer loop
      vertex 3.11046 30 4.08297
      vertex 2 30 5.88816
      vertex 3.1416 30 4.21266
    endloop
  endfacet
  facet normal 0 1 0
    outer loop
      vertex 0 30 3
      vertex 3.11046 30 4.08297
      vertex 3.1 30 3.95
    endloop
  endfacet
  facet normal 0 1 0
    outer loop
      vertex 0 30 3
      vertex 3.1 30 3.95
      vertex 3.11046 30 3.81703
    endloop
  endfacet
  facet normal 0 1 0
    outer loop
      vertex 2 30 2.01184
      vertex 3.11046 30 3.81703
      vertex 3.1416 30 3.68734
    endloop
  endfacet
  facet normal 0 1 0
    outer loop
      vertex 2 30 2.01184
      vertex 3.1416 30 3.68734
      vertex 3.19264 30 3.56411
    endloop
  endfacet
  facet normal 0 1 0
    outer loop
      vertex 2 30 5.88816
      vertex 0 30 3
      vertex 0 30 73
    endloop
  endfacet
  facet normal 0 1 0
    outer loop
      vertex 3.11046 30 4.08297
      vertex 0 30 3
      vertex 2 30 5.88816
    endloop
  endfacet
  facet normal 0 1 0
    outer loop
      vertex 2 30 2.01184
      vertex 3.19264 30 3.56411
      vertex 3.26233 30 3.45038
    endloop
  endfacet
  facet normal 0 1 0
    outer loop
      vertex 2 30 2.01184
      vertex 3.26233 30 3.45038
      vertex 3.34896 30 3.34896
    endloop
  endfacet
  facet normal 0 1 0
    outer loop
      vertex 2.01184 30 2
      vertex 3.34896 30 3.34896
      vertex 3.45038 30 3.26233
    endloop
  endfacet
  facet normal 0 1 0
    outer loop
      vertex 2.01184 30 2
      vertex 3.45038 30 3.26233
      vertex 3.56411 30 3.19264
    endloop
  endfacet
  facet normal 0 1 0
    outer loop
      vertex 2.01184 30 2
      vertex 3.56411 30 3.19264
      vertex 3.68734 30 3.1416
    endloop
  endfacet
  facet normal 0 1 0
    outer loop
      vertex 2.01184 30 2
      vertex 3.68734 30 3.1416
      vertex 3.81703 30 3.11046
    endloop
  endfacet
  facet normal 0 1 0
    outer loop
      vertex 2.01184 30 2
      vertex 3.81703 30 3.11046
      vertex 3.95 30 3.1
    endloop
  endfacet
  facet normal 0 1 0
    outer loop
      vertex 4.70736 30 4.33589
      vertex 6.40027 30 5.19847
      vertex 6.5654 30 4.7998
    endloop
  endfacet
  facet normal 0 1 -0
    outer loop
      vertex 3.56411 30 4.70736
      vertex 2.70153 30 6.40027
      vertex 3.68734 30 4.7584
    endloop
  endfacet
  facet normal 0 1 0
    outer loop
      vertex 4.7998 30 6.5654
      vertex 4.21266 30 4.7584
      vertex 4.08297 30 4.78953
    endloop
  endfacet
  facet normal 0 1 0
    outer loop
      vertex 5.19847 30 6.40027
      vertex 4.33589 30 4.70736
      vertex 4.21266 30 4.7584
    endloop
  endfacet
  facet normal 0 1 0
    outer loop
      vertex 5.56641 30 6.1748
      vertex 4.44962 30 4.63766
      vertex 4.33589 30 4.70736
    endloop
  endfacet
  facet normal 0 1 0
    outer loop
      vertex 5.89454 30 5.89454
      vertex 4.55104 30 4.55104
      vertex 4.44962 30 4.63766
    endloop
  endfacet
  facet normal 0 1 0
    outer loop
      vertex 6.1748 30 5.56641
      vertex 4.63766 30 4.44962
      vertex 4.55104 30 4.55104
    endloop
  endfacet
  facet normal 0 1 0
    outer loop
      vertex 4.7584 30 4.21266
      vertex 6.5654 30 4.7998
      vertex 6.66614 30 4.38019
    endloop
  endfacet
  facet normal 0 1 0
    outer loop
      vertex 6.40027 30 5.19847
      vertex 4.70736 30 4.33589
      vertex 4.63766 30 4.44962
    endloop
  endfacet
  facet normal 0 1 0
    outer loop
      vertex 6.5654 30 4.7998
      vertex 4.7584 30 4.21266
      vertex 4.70736 30 4.33589
    endloop
  endfacet
  facet normal 0 1 0
    outer loop
      vertex 6.66614 30 4.38019
      vertex 4.78953 30 4.08297
      vertex 4.7584 30 4.21266
    endloop
  endfacet
  facet normal 0 1 0
    outer loop
      vertex 6.7 30 3.95
      vertex 4.78953 30 4.08297
      vertex 6.66614 30 4.38019
    endloop
  endfacet
  facet normal 0 1 0
    outer loop
      vertex 6.7 30 3.95
      vertex 4.8 30 3.95
      vertex 4.78953 30 4.08297
    endloop
  endfacet
  facet normal 0 1 0
    outer loop
      vertex 6.7 30 3.95
      vertex 4.78953 30 3.81703
      vertex 4.8 30 3.95
    endloop
  endfacet
  facet normal 0 1 -0
    outer loop
      vertex 6.66614 30 3.5198
      vertex 4.78953 30 3.81703
      vertex 6.7 30 3.95
    endloop
  endfacet
  facet normal 0 1 0
    outer loop
      vertex 4.78953 30 3.81703
      vertex 6.66614 30 3.5198
      vertex 4.7584 30 3.68734
    endloop
  endfacet
  facet normal 0 1 -0
    outer loop
      vertex 6.5654 30 3.1002
      vertex 4.7584 30 3.68734
      vertex 6.66614 30 3.5198
    endloop
  endfacet
  facet normal 0 1 0
    outer loop
      vertex 4.7584 30 3.68734
      vertex 6.5654 30 3.1002
      vertex 4.70736 30 3.56411
    endloop
  endfacet
  facet normal 0 1 -0
    outer loop
      vertex 6.40027 30 2.70153
      vertex 4.70736 30 3.56411
      vertex 6.5654 30 3.1002
    endloop
  endfacet
  facet normal 0 1 0
    outer loop
      vertex 4.70736 30 3.56411
      vertex 6.40027 30 2.70153
      vertex 4.63766 30 3.45038
    endloop
  endfacet
  facet normal 0 1 -0
    outer loop
      vertex 6.1748 30 2.33359
      vertex 4.63766 30 3.45038
      vertex 6.40027 30 2.70153
    endloop
  endfacet
  facet normal 0 1 0
    outer loop
      vertex 4.63766 30 3.45038
      vertex 6.1748 30 2.33359
      vertex 4.55104 30 3.34896
    endloop
  endfacet
  facet normal 0 1 -0
    outer loop
      vertex 5.89454 30 2.00546
      vertex 4.55104 30 3.34896
      vertex 6.1748 30 2.33359
    endloop
  endfacet
  facet normal 0 1 -0
    outer loop
      vertex 5.88816 30 2
      vertex 4.55104 30 3.34896
      vertex 5.89454 30 2.00546
    endloop
  endfacet
  facet normal 0 1 0
    outer loop
      vertex 4.55104 30 3.34896
      vertex 5.88816 30 2
      vertex 4.44962 30 3.26233
    endloop
  endfacet
  facet normal 0 1 0
    outer loop
      vertex 4.44962 30 3.26233
      vertex 5.88816 30 2
      vertex 4.33589 30 3.19264
    endloop
  endfacet
  facet normal 0 1 0
    outer loop
      vertex 4.33589 30 3.19264
      vertex 5.88816 30 2
      vertex 4.21266 30 3.1416
    endloop
  endfacet
  facet normal 0 1 0
    outer loop
      vertex 3.11046 30 3.81703
      vertex 2 30 2.01184
      vertex 0 30 3
    endloop
  endfacet
  facet normal 0 1 0
    outer loop
      vertex 4.21266 30 3.1416
      vertex 5.88816 30 2
      vertex 4.08297 30 3.11046
    endloop
  endfacet
  facet normal 0 1 0
    outer loop
      vertex 0 30 3
      vertex 2 30 2.01184
      vertex 0.0369349 30 2.5307
    endloop
  endfacet
  facet normal 0 1 0
    outer loop
      vertex 0.0369349 30 2.5307
      vertex 2 30 2.01184
      vertex 0.14683 30 2.07295
    endloop
  endfacet
  facet normal 0 1 0
    outer loop
      vertex 4.08297 30 3.11046
      vertex 5.88816 30 2
      vertex 3.95 30 3.1
    endloop
  endfacet
  facet normal 0 1 0
    outer loop
      vertex 2.01184 30 2
      vertex 3.95 30 3.1
      vertex 5.88816 30 2
    endloop
  endfacet
  facet normal 0 1 0
    outer loop
      vertex 3.34896 30 3.34896
      vertex 2.01184 30 2
      vertex 2 30 2.01184
    endloop
  endfacet
  facet normal 0 1 0
    outer loop
      vertex 2 30 2.01184
      vertex 2.01184 30 2
      vertex 2.00546 30 2.00546
    endloop
  endfacet
  facet normal 0 1 0
    outer loop
      vertex 45.917 30 4.78953
      vertex 46.05 30 6.7
      vertex 46.4802 30 6.66614
    endloop
  endfacet
  facet normal 0 1 0
    outer loop
      vertex 45.917 30 4.78953
      vertex 46.4802 30 6.66614
      vertex 46.8998 30 6.5654
    endloop
  endfacet
  facet normal 0 1 0
    outer loop
      vertex 46.05 30 6.7
      vertex 45.917 30 4.78953
      vertex 45.6198 30 6.66614
    endloop
  endfacet
  facet normal 0 1 0
    outer loop
      vertex 45.917 30 4.78953
      vertex 46.8998 30 6.5654
      vertex 47.2985 30 6.40027
    endloop
  endfacet
  facet normal 0 1 0
    outer loop
      vertex 45.6198 30 6.66614
      vertex 45.917 30 4.78953
      vertex 45.2002 30 6.5654
    endloop
  endfacet
  facet normal 0 1 0
    outer loop
      vertex 45.917 30 4.78953
      vertex 47.2985 30 6.40027
      vertex 47.6664 30 6.1748
    endloop
  endfacet
  facet normal 0 1 -0
    outer loop
      vertex 45.7873 30 4.7584
      vertex 45.2002 30 6.5654
      vertex 45.917 30 4.78953
    endloop
  endfacet
  facet normal 0 1 0
    outer loop
      vertex 45.917 30 4.78953
      vertex 47.9945 30 5.89454
      vertex 48 30 5.88815
    endloop
  endfacet
  facet normal 0 1 0
    outer loop
      vertex 47.9945 30 5.89454
      vertex 45.917 30 4.78953
      vertex 47.6664 30 6.1748
    endloop
  endfacet
  facet normal 0 1 0
    outer loop
      vertex 45.2002 30 6.5654
      vertex 45.7873 30 4.7584
      vertex 44.8015 30 6.40027
    endloop
  endfacet
  facet normal 0 1 -0
    outer loop
      vertex 45.6641 30 4.70736
      vertex 44.8015 30 6.40027
      vertex 45.7873 30 4.7584
    endloop
  endfacet
  facet normal 0 1 -0
    outer loop
      vertex 45.5504 30 4.63766
      vertex 44.4336 30 6.1748
      vertex 45.6641 30 4.70736
    endloop
  endfacet
  facet normal 0 1 0
    outer loop
      vertex 44.4336 30 6.1748
      vertex 45.5504 30 4.63766
      vertex 44.1055 30 5.89454
    endloop
  endfacet
  facet normal 0 1 -0
    outer loop
      vertex 45.449 30 4.55104
      vertex 44.1055 30 5.89454
      vertex 45.5504 30 4.63766
    endloop
  endfacet
  facet normal 0 1 0
    outer loop
      vertex 44.1055 30 5.89454
      vertex 45.449 30 4.55104
      vertex 43.8252 30 5.56641
    endloop
  endfacet
  facet normal 0 1 -0
    outer loop
      vertex 45.3623 30 4.44962
      vertex 43.8252 30 5.56641
      vertex 45.449 30 4.55104
    endloop
  endfacet
  facet normal 0 1 0
    outer loop
      vertex 43.8252 30 5.56641
      vertex 45.3623 30 4.44962
      vertex 43.5997 30 5.19847
    endloop
  endfacet
  facet normal 0 1 -0
    outer loop
      vertex 45.2926 30 4.33589
      vertex 43.5997 30 5.19847
      vertex 45.3623 30 4.44962
    endloop
  endfacet
  facet normal 0 1 0
    outer loop
      vertex 43.5997 30 5.19847
      vertex 45.2926 30 4.33589
      vertex 43.4346 30 4.7998
    endloop
  endfacet
  facet normal 0 1 -0
    outer loop
      vertex 45.2416 30 4.21266
      vertex 43.4346 30 4.7998
      vertex 45.2926 30 4.33589
    endloop
  endfacet
  facet normal 0 1 0
    outer loop
      vertex 43.4346 30 4.7998
      vertex 45.2416 30 4.21266
      vertex 43.3339 30 4.38019
    endloop
  endfacet
  facet normal 0 1 -0
    outer loop
      vertex 45.2105 30 4.08297
      vertex 43.3339 30 4.38019
      vertex 45.2416 30 4.21266
    endloop
  endfacet
  facet normal 0 1 -0
    outer loop
      vertex 45.2 30 3.95
      vertex 43.3339 30 4.38019
      vertex 45.2105 30 4.08297
    endloop
  endfacet
  facet normal 0 1 0
    outer loop
      vertex 45.2 30 3.95
      vertex 43.3 30 3.95
      vertex 43.3339 30 4.38019
    endloop
  endfacet
  facet normal 0 1 0
    outer loop
      vertex 45.2105 30 3.81703
      vertex 43.3 30 3.95
      vertex 45.2 30 3.95
    endloop
  endfacet
  facet normal 0 1 0
    outer loop
      vertex 43.3339 30 3.5198
      vertex 45.2105 30 3.81703
      vertex 45.2416 30 3.68734
    endloop
  endfacet
  facet normal 0 1 0
    outer loop
      vertex 43.4346 30 3.1002
      vertex 45.2416 30 3.68734
      vertex 45.2926 30 3.56411
    endloop
  endfacet
  facet normal 0 1 0
    outer loop
      vertex 45.2105 30 3.81703
      vertex 43.3339 30 3.5198
      vertex 43.3 30 3.95
    endloop
  endfacet
  facet normal 0 1 0
    outer loop
      vertex 43.5997 30 2.70153
      vertex 45.2926 30 3.56411
      vertex 45.3623 30 3.45038
    endloop
  endfacet
  facet normal 0 1 0
    outer loop
      vertex 43.8252 30 2.33359
      vertex 45.3623 30 3.45038
      vertex 45.449 30 3.34896
    endloop
  endfacet
  facet normal 0 1 0
    outer loop
      vertex 44.1118 30 2
      vertex 45.449 30 3.34896
      vertex 45.5504 30 3.26233
    endloop
  endfacet
  facet normal 0 1 0
    outer loop
      vertex 44.1118 30 2
      vertex 45.5504 30 3.26233
      vertex 45.6641 30 3.19264
    endloop
  endfacet
  facet normal 0 1 0
    outer loop
      vertex 44.1118 30 2
      vertex 45.6641 30 3.19264
      vertex 45.7873 30 3.1416
    endloop
  endfacet
  facet normal 0 1 0
    outer loop
      vertex 44.1118 30 2
      vertex 45.7873 30 3.1416
      vertex 45.917 30 3.11046
    endloop
  endfacet
  facet normal 0 1 0
    outer loop
      vertex 45.2416 30 3.68734
      vertex 43.4346 30 3.1002
      vertex 43.3339 30 3.5198
    endloop
  endfacet
  facet normal 0 1 0
    outer loop
      vertex 44.1118 30 2
      vertex 45.917 30 3.11046
      vertex 46.05 30 3.1
    endloop
  endfacet
  facet normal 0 1 0
    outer loop
      vertex 46.3127 30 3.1416
      vertex 47.9882 30 2
      vertex 46.183 30 3.11046
    endloop
  endfacet
  facet normal 0 1 0
    outer loop
      vertex 46.183 30 3.11046
      vertex 47.9882 30 2
      vertex 46.05 30 3.1
    endloop
  endfacet
  facet normal 0 1 0
    outer loop
      vertex 48 30 2.01185
      vertex 50 30 3
      vertex 49.9631 30 2.5307
    endloop
  endfacet
  facet normal 0 1 0
    outer loop
      vertex 45.2926 30 3.56411
      vertex 43.5997 30 2.70153
      vertex 43.4346 30 3.1002
    endloop
  endfacet
  facet normal 0 1 0
    outer loop
      vertex 48 30 2.01185
      vertex 49.9631 30 2.5307
      vertex 49.8532 30 2.07295
    endloop
  endfacet
  facet normal 0 1 0
    outer loop
      vertex 45.3623 30 3.45038
      vertex 43.8252 30 2.33359
      vertex 43.5997 30 2.70153
    endloop
  endfacet
  facet normal 0 1 0
    outer loop
      vertex 47.9882 30 2
      vertex 48 30 2.01185
      vertex 47.9945 30 2.00546
    endloop
  endfacet
  facet normal 0 1 0
    outer loop
      vertex 44.1118 30 2
      vertex 46.05 30 3.1
      vertex 47.9882 30 2
    endloop
  endfacet
  facet normal 0 1 0
    outer loop
      vertex 45.449 30 3.34896
      vertex 44.1118 30 2
      vertex 44.1055 30 2.00546
    endloop
  endfacet
  facet normal 0 1 0
    outer loop
      vertex 45.449 30 3.34896
      vertex 44.1055 30 2.00546
      vertex 43.8252 30 2.33359
    endloop
  endfacet
  facet normal 0 1 0
    outer loop
      vertex 4.55104 30 72.651
      vertex 5.88815 30 74
      vertex 5.89454 30 73.9945
    endloop
  endfacet
  facet normal 0 1 0
    outer loop
      vertex 5.88815 30 74
      vertex 3.95 30 72.9
      vertex 2.01185 30 74
    endloop
  endfacet
  facet normal 0 1 -0
    outer loop
      vertex 3.81703 30 72.8895
      vertex 2.01185 30 74
      vertex 3.95 30 72.9
    endloop
  endfacet
  facet normal 0 1 0
    outer loop
      vertex 2.01185 30 74
      vertex 2 30 73.9882
      vertex 2.00546 30 73.9945
    endloop
  endfacet
  facet normal 0 1 0
    outer loop
      vertex 4.55104 30 72.651
      vertex 5.89454 30 73.9945
      vertex 6.1748 30 73.6664
    endloop
  endfacet
  facet normal 0 1 -0
    outer loop
      vertex 3.68734 30 72.8584
      vertex 2.01185 30 74
      vertex 3.81703 30 72.8895
    endloop
  endfacet
  facet normal 0 1 0
    outer loop
      vertex 4.63766 30 72.5496
      vertex 6.1748 30 73.6664
      vertex 6.40027 30 73.2985
    endloop
  endfacet
  facet normal 0 1 0
    outer loop
      vertex 2 30 73.9882
      vertex 0.0369349 30 73.4693
      vertex 0.14683 30 73.927
    endloop
  endfacet
  facet normal 0 1 0
    outer loop
      vertex 2 30 73.9882
      vertex 0 30 73
      vertex 0.0369349 30 73.4693
    endloop
  endfacet
  facet normal 0 1 0
    outer loop
      vertex 4.70736 30 72.4359
      vertex 6.40027 30 73.2985
      vertex 6.5654 30 72.8998
    endloop
  endfacet
  facet normal 0 1 0
    outer loop
      vertex 5.88815 30 74
      vertex 4.08297 30 72.8895
      vertex 3.95 30 72.9
    endloop
  endfacet
  facet normal 0 1 0
    outer loop
      vertex 5.88815 30 74
      vertex 4.21266 30 72.8584
      vertex 4.08297 30 72.8895
    endloop
  endfacet
  facet normal 0 1 0
    outer loop
      vertex 5.88815 30 74
      vertex 4.33589 30 72.8074
      vertex 4.21266 30 72.8584
    endloop
  endfacet
  facet normal 0 1 0
    outer loop
      vertex 5.88815 30 74
      vertex 4.44962 30 72.7377
      vertex 4.33589 30 72.8074
    endloop
  endfacet
  facet normal 0 1 0
    outer loop
      vertex 5.88815 30 74
      vertex 4.55104 30 72.651
      vertex 4.44962 30 72.7377
    endloop
  endfacet
  facet normal 0 1 0
    outer loop
      vertex 6.1748 30 73.6664
      vertex 4.63766 30 72.5496
      vertex 4.55104 30 72.651
    endloop
  endfacet
  facet normal 0 1 0
    outer loop
      vertex 4.7584 30 72.3127
      vertex 6.5654 30 72.8998
      vertex 6.66614 30 72.4802
    endloop
  endfacet
  facet normal 0 1 0
    outer loop
      vertex 6.40027 30 73.2985
      vertex 4.70736 30 72.4359
      vertex 4.63766 30 72.5496
    endloop
  endfacet
  facet normal 0 1 0
    outer loop
      vertex 6.5654 30 72.8998
      vertex 4.7584 30 72.3127
      vertex 4.70736 30 72.4359
    endloop
  endfacet
  facet normal 0 1 0
    outer loop
      vertex 6.66614 30 72.4802
      vertex 4.78953 30 72.183
      vertex 4.7584 30 72.3127
    endloop
  endfacet
  facet normal 0 1 0
    outer loop
      vertex 6.7 30 72.05
      vertex 4.78953 30 72.183
      vertex 6.66614 30 72.4802
    endloop
  endfacet
  facet normal 0 1 0
    outer loop
      vertex 6.7 30 72.05
      vertex 4.8 30 72.05
      vertex 4.78953 30 72.183
    endloop
  endfacet
  facet normal 0 1 0
    outer loop
      vertex 6.7 30 72.05
      vertex 4.78953 30 71.917
      vertex 4.8 30 72.05
    endloop
  endfacet
  facet normal 0 1 -0
    outer loop
      vertex 6.66614 30 71.6198
      vertex 4.78953 30 71.917
      vertex 6.7 30 72.05
    endloop
  endfacet
  facet normal 0 1 0
    outer loop
      vertex 4.78953 30 71.917
      vertex 6.66614 30 71.6198
      vertex 4.7584 30 71.7873
    endloop
  endfacet
  facet normal 0 1 -0
    outer loop
      vertex 6.5654 30 71.2002
      vertex 4.7584 30 71.7873
      vertex 6.66614 30 71.6198
    endloop
  endfacet
  facet normal 0 1 0
    outer loop
      vertex 4.7584 30 71.7873
      vertex 6.5654 30 71.2002
      vertex 4.70736 30 71.6641
    endloop
  endfacet
  facet normal 0 1 -0
    outer loop
      vertex 6.40027 30 70.8015
      vertex 4.70736 30 71.6641
      vertex 6.5654 30 71.2002
    endloop
  endfacet
  facet normal 0 1 0
    outer loop
      vertex 4.70736 30 71.6641
      vertex 6.40027 30 70.8015
      vertex 4.63766 30 71.5504
    endloop
  endfacet
  facet normal 0 1 -0
    outer loop
      vertex 6.1748 30 70.4336
      vertex 4.63766 30 71.5504
      vertex 6.40027 30 70.8015
    endloop
  endfacet
  facet normal 0 1 0
    outer loop
      vertex 4.63766 30 71.5504
      vertex 6.1748 30 70.4336
      vertex 4.55104 30 71.449
    endloop
  endfacet
  facet normal 0 1 -0
    outer loop
      vertex 5.89454 30 70.1055
      vertex 4.55104 30 71.449
      vertex 6.1748 30 70.4336
    endloop
  endfacet
  facet normal 0 1 0
    outer loop
      vertex 4.55104 30 71.449
      vertex 5.89454 30 70.1055
      vertex 4.44962 30 71.3623
    endloop
  endfacet
  facet normal 0 1 -0
    outer loop
      vertex 5.56641 30 69.8252
      vertex 4.44962 30 71.3623
      vertex 5.89454 30 70.1055
    endloop
  endfacet
  facet normal 0 1 0
    outer loop
      vertex 4.44962 30 71.3623
      vertex 5.56641 30 69.8252
      vertex 4.33589 30 71.2926
    endloop
  endfacet
  facet normal 0 1 0
    outer loop
      vertex 48 30 73.9882
      vertex 47.9882 30 74
      vertex 47.9945 30 73.9945
    endloop
  endfacet
  facet normal 0 1 0
    outer loop
      vertex 47.9882 30 74
      vertex 46.05 30 72.9
      vertex 44.1118 30 74
    endloop
  endfacet
  facet normal 0 1 0
    outer loop
      vertex 46.183 30 72.8895
      vertex 47.9882 30 74
      vertex 48 30 73.9882
    endloop
  endfacet
  facet normal 0 1 0
    outer loop
      vertex 49.9631 30 73.4693
      vertex 48 30 73.9882
      vertex 49.8532 30 73.927
    endloop
  endfacet
  facet normal 0 1 -0
    outer loop
      vertex 45.917 30 72.8895
      vertex 44.1118 30 74
      vertex 46.05 30 72.9
    endloop
  endfacet
  facet normal 0 1 0
    outer loop
      vertex 50 30 73
      vertex 48 30 73.9882
      vertex 49.9631 30 73.4693
    endloop
  endfacet
  facet normal 0 1 -0
    outer loop
      vertex 45.7873 30 72.8584
      vertex 44.1118 30 74
      vertex 45.917 30 72.8895
    endloop
  endfacet
  facet normal 0 1 0
    outer loop
      vertex 46.8895 30 72.183
      vertex 48 30 73.9882
      vertex 50 30 73
    endloop
  endfacet
  facet normal 0 1 -0
    outer loop
      vertex 45.6641 30 72.8074
      vertex 44.1118 30 74
      vertex 45.7873 30 72.8584
    endloop
  endfacet
  facet normal 0 1 -0
    outer loop
      vertex 45.5504 30 72.7377
      vertex 44.1118 30 74
      vertex 45.6641 30 72.8074
    endloop
  endfacet
  facet normal 0 1 -0
    outer loop
      vertex 45.449 30 72.651
      vertex 44.1118 30 74
      vertex 45.5504 30 72.7377
    endloop
  endfacet
  facet normal 0 1 0
    outer loop
      vertex 44.1118 30 74
      vertex 45.449 30 72.651
      vertex 44.1055 30 73.9945
    endloop
  endfacet
  facet normal 0 1 0
    outer loop
      vertex 44.1055 30 73.9945
      vertex 45.449 30 72.651
      vertex 43.8252 30 73.6664
    endloop
  endfacet
  facet normal 0 1 -0
    outer loop
      vertex 45.3623 30 72.5496
      vertex 43.8252 30 73.6664
      vertex 45.449 30 72.651
    endloop
  endfacet
  facet normal 0 1 0
    outer loop
      vertex 43.8252 30 73.6664
      vertex 45.3623 30 72.5496
      vertex 43.5997 30 73.2985
    endloop
  endfacet
  facet normal 0 1 -0
    outer loop
      vertex 45.2926 30 72.4359
      vertex 43.5997 30 73.2985
      vertex 45.3623 30 72.5496
    endloop
  endfacet
  facet normal 0 1 0
    outer loop
      vertex 43.5997 30 73.2985
      vertex 45.2926 30 72.4359
      vertex 43.4346 30 72.8998
    endloop
  endfacet
  facet normal 0 1 -0
    outer loop
      vertex 45.2416 30 72.3127
      vertex 43.4346 30 72.8998
      vertex 45.2926 30 72.4359
    endloop
  endfacet
  facet normal 0 1 0
    outer loop
      vertex 43.4346 30 72.8998
      vertex 45.2416 30 72.3127
      vertex 43.3339 30 72.4802
    endloop
  endfacet
  facet normal 0 1 -0
    outer loop
      vertex 45.2105 30 72.183
      vertex 43.3339 30 72.4802
      vertex 45.2416 30 72.3127
    endloop
  endfacet
  facet normal 0 1 -0
    outer loop
      vertex 45.2 30 72.05
      vertex 43.3339 30 72.4802
      vertex 45.2105 30 72.183
    endloop
  endfacet
  facet normal 0 1 0
    outer loop
      vertex 45.2 30 72.05
      vertex 43.3 30 72.05
      vertex 43.3339 30 72.4802
    endloop
  endfacet
  facet normal 0 1 0
    outer loop
      vertex 45.2105 30 71.917
      vertex 43.3 30 72.05
      vertex 45.2 30 72.05
    endloop
  endfacet
  facet normal 0 1 0
    outer loop
      vertex 43.3339 30 71.6198
      vertex 45.2105 30 71.917
      vertex 45.2416 30 71.7873
    endloop
  endfacet
  facet normal 0 1 0
    outer loop
      vertex 43.4346 30 71.2002
      vertex 45.2416 30 71.7873
      vertex 45.2926 30 71.6641
    endloop
  endfacet
  facet normal 0 1 0
    outer loop
      vertex 45.2105 30 71.917
      vertex 43.3339 30 71.6198
      vertex 43.3 30 72.05
    endloop
  endfacet
  facet normal 0 1 0
    outer loop
      vertex 43.5997 30 70.8015
      vertex 45.2926 30 71.6641
      vertex 45.3623 30 71.5504
    endloop
  endfacet
  facet normal 0 1 0
    outer loop
      vertex 43.5997 30 70.8015
      vertex 45.3623 30 71.5504
      vertex 45.449 30 71.449
    endloop
  endfacet
  facet normal 0 1 0
    outer loop
      vertex 43.5997 30 70.8015
      vertex 45.449 30 71.449
      vertex 45.5504 30 71.3623
    endloop
  endfacet
  facet normal 0 1 0
    outer loop
      vertex 43.5997 30 70.8015
      vertex 45.5504 30 71.3623
      vertex 45.6641 30 71.2926
    endloop
  endfacet
  facet normal 0 1 0
    outer loop
      vertex 43.5997 30 70.8015
      vertex 45.6641 30 71.2926
      vertex 45.7873 30 71.2416
    endloop
  endfacet
  facet normal 0 1 0
    outer loop
      vertex 43.5997 30 70.8015
      vertex 45.7873 30 71.2416
      vertex 45.917 30 71.2105
    endloop
  endfacet
  facet normal 0 1 0
    outer loop
      vertex 45.2416 30 71.7873
      vertex 43.4346 30 71.2002
      vertex 43.3339 30 71.6198
    endloop
  endfacet
  facet normal 0 1 0
    outer loop
      vertex 43.5997 30 70.8015
      vertex 45.917 30 71.2105
      vertex 46.05 30 71.2
    endloop
  endfacet
  facet normal 0 1 0
    outer loop
      vertex 45.2926 30 71.6641
      vertex 43.5997 30 70.8015
      vertex 43.4346 30 71.2002
    endloop
  endfacet
  facet normal 0 1 0
    outer loop
      vertex 47.9882 30 74
      vertex 47 30 76
      vertex 47.4693 30 75.9631
    endloop
  endfacet
  facet normal 0 1 0
    outer loop
      vertex 47 30 76
      vertex 44.1118 30 74
      vertex 3 30 76
    endloop
  endfacet
  facet normal 0 1 0
    outer loop
      vertex 47.9882 30 74
      vertex 47.4693 30 75.9631
      vertex 47.9271 30 75.8532
    endloop
  endfacet
  facet normal 0 1 -0
    outer loop
      vertex 5.88815 30 74
      vertex 3 30 76
      vertex 44.1118 30 74
    endloop
  endfacet
  facet normal 0 1 -0
    outer loop
      vertex 47.9882 30 74
      vertex 47.9271 30 75.8532
      vertex 48.362 30 75.673
    endloop
  endfacet
  facet normal 0 1 0
    outer loop
      vertex 2.01185 30 74
      vertex 3 30 76
      vertex 5.88815 30 74
    endloop
  endfacet
  facet normal 0 1 0
    outer loop
      vertex 48 30 74
      vertex 48.362 30 75.673
      vertex 48.7634 30 75.427
    endloop
  endfacet
  facet normal 0 1 0
    outer loop
      vertex 3 30 76
      vertex 2.01185 30 74
      vertex 2.5307 30 75.9631
    endloop
  endfacet
  facet normal 0 1 0
    outer loop
      vertex 48 30 74
      vertex 48.7634 30 75.427
      vertex 49.1213 30 75.1213
    endloop
  endfacet
  facet normal 0 1 0
    outer loop
      vertex 2.5307 30 75.9631
      vertex 2.01185 30 74
      vertex 2.07295 30 75.8532
    endloop
  endfacet
  facet normal 0 1 0
    outer loop
      vertex 48 30 74
      vertex 49.1213 30 75.1213
      vertex 49.4271 30 74.7634
    endloop
  endfacet
  facet normal 0 1 0
    outer loop
      vertex 2.07295 30 75.8532
      vertex 2.01185 30 74
      vertex 1.63803 30 75.673
    endloop
  endfacet
  facet normal 0 1 0
    outer loop
      vertex 48 30 74
      vertex 49.4271 30 74.7634
      vertex 49.673 30 74.362
    endloop
  endfacet
  facet normal 0 1 -0
    outer loop
      vertex 2 30 74
      vertex 1.63803 30 75.673
      vertex 2.01185 30 74
    endloop
  endfacet
  facet normal 0 1 0
    outer loop
      vertex 48.362 30 75.673
      vertex 48 30 74
      vertex 47.9882 30 74
    endloop
  endfacet
  facet normal 0 1 0
    outer loop
      vertex 49.673 30 74.362
      vertex 48 30 73.9882
      vertex 48 30 74
    endloop
  endfacet
  facet normal -0 1 0
    outer loop
      vertex 48 30 73.9882
      vertex 49.673 30 74.362
      vertex 49.8532 30 73.927
    endloop
  endfacet
  facet normal 0 1 0
    outer loop
      vertex 47 30 76
      vertex 47.9882 30 74
      vertex 44.1118 30 74
    endloop
  endfacet
  facet normal 0 1 0
    outer loop
      vertex 1.63803 30 75.673
      vertex 2 30 74
      vertex 1.23664 30 75.427
    endloop
  endfacet
  facet normal 0 1 0
    outer loop
      vertex 1.23664 30 75.427
      vertex 2 30 74
      vertex 0.878679 30 75.1213
    endloop
  endfacet
  facet normal 0 1 0
    outer loop
      vertex 0.878679 30 75.1213
      vertex 2 30 74
      vertex 0.572948 30 74.7634
    endloop
  endfacet
  facet normal 0 1 0
    outer loop
      vertex 0.572948 30 74.7634
      vertex 2 30 74
      vertex 0.32698 30 74.362
    endloop
  endfacet
  facet normal 0 1 -0
    outer loop
      vertex 2 30 73.9882
      vertex 0.32698 30 74.362
      vertex 2 30 74
    endloop
  endfacet
  facet normal 0 1 0
    outer loop
      vertex 0.32698 30 74.362
      vertex 2 30 73.9882
      vertex 0.14683 30 73.927
    endloop
  endfacet
  facet normal -1 0 0
    outer loop
      vertex 0 14.3877 44.5936
      vertex 0 30 73
      vertex 0 30 3
    endloop
  endfacet
  facet normal -1 0 0
    outer loop
      vertex 0 30 73
      vertex 0 14.3877 44.5936
      vertex 0 14.4 44.75
    endloop
  endfacet
  facet normal -1 0 0
    outer loop
      vertex 0 30 3
      vertex 0 14.3511 44.441
      vertex 0 14.3877 44.5936
    endloop
  endfacet
  facet normal -1 0 0
    outer loop
      vertex 0 30 3
      vertex 0 14.291 44.296
      vertex 0 14.3511 44.441
    endloop
  endfacet
  facet normal -1 0 0
    outer loop
      vertex 0 30 3
      vertex 0 14.209 44.1622
      vertex 0 14.291 44.296
    endloop
  endfacet
  facet normal -1 0 0
    outer loop
      vertex 0 30 3
      vertex 0 14.1071 44.0429
      vertex 0 14.209 44.1622
    endloop
  endfacet
  facet normal -1 0 0
    outer loop
      vertex 0 30 3
      vertex 0 13.9878 43.941
      vertex 0 14.1071 44.0429
    endloop
  endfacet
  facet normal -1 0 0
    outer loop
      vertex 0 30 3
      vertex 0 13.854 43.859
      vertex 0 13.9878 43.941
    endloop
  endfacet
  facet normal -1 0 0
    outer loop
      vertex 0 30 3
      vertex 0 13.709 43.7989
      vertex 0 13.854 43.859
    endloop
  endfacet
  facet normal -1 0 0
    outer loop
      vertex 0 30 3
      vertex 0 13.5564 43.7623
      vertex 0 13.709 43.7989
    endloop
  endfacet
  facet normal -1 0 0
    outer loop
      vertex 0 30 3
      vertex 0 13.4 43.75
      vertex 0 13.5564 43.7623
    endloop
  endfacet
  facet normal -1 0 0
    outer loop
      vertex 0 0 3
      vertex 0 13.4 43.75
      vertex 0 30 3
    endloop
  endfacet
  facet normal -1 -0 0
    outer loop
      vertex 0 13.4 43.75
      vertex 0 0 3
      vertex 0 13.2436 43.7623
    endloop
  endfacet
  facet normal -1 -0 0
    outer loop
      vertex 0 13.2436 43.7623
      vertex 0 0 3
      vertex 0 13.091 43.7989
    endloop
  endfacet
  facet normal -1 -0 0
    outer loop
      vertex 0 13.091 43.7989
      vertex 0 0 3
      vertex 0 12.946 43.859
    endloop
  endfacet
  facet normal -1 -0 0
    outer loop
      vertex 0 12.946 43.859
      vertex 0 0 3
      vertex 0 12.8122 43.941
    endloop
  endfacet
  facet normal -1 -0 0
    outer loop
      vertex 0 12.8122 43.941
      vertex 0 0 3
      vertex 0 12.6929 44.0429
    endloop
  endfacet
  facet normal -1 -0 0
    outer loop
      vertex 0 12.6929 44.0429
      vertex 0 0 3
      vertex 0 12.591 44.1622
    endloop
  endfacet
  facet normal -1 0 0
    outer loop
      vertex 0 12.4123 44.5936
      vertex 0 0 73
      vertex 0 12.4 44.75
    endloop
  endfacet
  facet normal -1 0 0
    outer loop
      vertex 0 0 73
      vertex 0 12.4123 44.5936
      vertex 0 0 3
    endloop
  endfacet
  facet normal -1 -0 0
    outer loop
      vertex 0 12.4489 44.441
      vertex 0 0 3
      vertex 0 12.4123 44.5936
    endloop
  endfacet
  facet normal -1 -0 0
    outer loop
      vertex 0 12.509 44.296
      vertex 0 0 3
      vertex 0 12.4489 44.441
    endloop
  endfacet
  facet normal -1 -0 0
    outer loop
      vertex 0 12.591 44.1622
      vertex 0 0 3
      vertex 0 12.509 44.296
    endloop
  endfacet
  facet normal -1 0 0
    outer loop
      vertex 0 14.4 47.25
      vertex 0 30 73
      vertex 0 14.4 44.75
    endloop
  endfacet
  facet normal -1 0 0
    outer loop
      vertex 0 14.3877 47.4064
      vertex 0 30 73
      vertex 0 14.4 47.25
    endloop
  endfacet
  facet normal -1 0 0
    outer loop
      vertex 0 14.3511 47.559
      vertex 0 30 73
      vertex 0 14.3877 47.4064
    endloop
  endfacet
  facet normal -1 0 0
    outer loop
      vertex 0 14.291 47.704
      vertex 0 30 73
      vertex 0 14.3511 47.559
    endloop
  endfacet
  facet normal -1 0 0
    outer loop
      vertex 0 14.209 47.8378
      vertex 0 30 73
      vertex 0 14.291 47.704
    endloop
  endfacet
  facet normal -1 0 0
    outer loop
      vertex 0 14.1071 47.9571
      vertex 0 30 73
      vertex 0 14.209 47.8378
    endloop
  endfacet
  facet normal -1 0 0
    outer loop
      vertex 0 13.9878 48.059
      vertex 0 30 73
      vertex 0 14.1071 47.9571
    endloop
  endfacet
  facet normal -1 0 0
    outer loop
      vertex 0 13.854 48.141
      vertex 0 30 73
      vertex 0 13.9878 48.059
    endloop
  endfacet
  facet normal -1 0 0
    outer loop
      vertex 0 13.709 48.2011
      vertex 0 30 73
      vertex 0 13.854 48.141
    endloop
  endfacet
  facet normal -1 0 0
    outer loop
      vertex 0 13.5564 48.2377
      vertex 0 30 73
      vertex 0 13.709 48.2011
    endloop
  endfacet
  facet normal -1 0 0
    outer loop
      vertex 0 0 73
      vertex 0 13.5564 48.2377
      vertex 0 13.4 48.25
    endloop
  endfacet
  facet normal -1 0 0
    outer loop
      vertex 0 0 73
      vertex 0 13.4 48.25
      vertex 0 13.2436 48.2377
    endloop
  endfacet
  facet normal -1 0 0
    outer loop
      vertex 0 0 73
      vertex 0 13.2436 48.2377
      vertex 0 13.091 48.2011
    endloop
  endfacet
  facet normal -1 0 0
    outer loop
      vertex 0 0 73
      vertex 0 13.091 48.2011
      vertex 0 12.946 48.141
    endloop
  endfacet
  facet normal -1 0 0
    outer loop
      vertex 0 0 73
      vertex 0 12.946 48.141
      vertex 0 12.8122 48.059
    endloop
  endfacet
  facet normal -1 0 0
    outer loop
      vertex 0 0 73
      vertex 0 12.8122 48.059
      vertex 0 12.6929 47.9571
    endloop
  endfacet
  facet normal -1 0 0
    outer loop
      vertex 0 0 73
      vertex 0 12.6929 47.9571
      vertex 0 12.591 47.8378
    endloop
  endfacet
  facet normal -1 0 0
    outer loop
      vertex 0 12.4 44.75
      vertex 0 0 73
      vertex 0 12.4 47.25
    endloop
  endfacet
  facet normal -1 0 0
    outer loop
      vertex 0 12.4 47.25
      vertex 0 0 73
      vertex 0 12.4123 47.4064
    endloop
  endfacet
  facet normal -1 0 0
    outer loop
      vertex 0 13.5564 48.2377
      vertex 0 0 73
      vertex 0 30 73
    endloop
  endfacet
  facet normal -1 0 0
    outer loop
      vertex 0 12.509 47.704
      vertex 0 0 73
      vertex 0 12.591 47.8378
    endloop
  endfacet
  facet normal -1 0 0
    outer loop
      vertex 0 12.4489 47.559
      vertex 0 0 73
      vertex 0 12.509 47.704
    endloop
  endfacet
  facet normal -1 0 0
    outer loop
      vertex 0 12.4123 47.4064
      vertex 0 0 73
      vertex 0 12.4489 47.559
    endloop
  endfacet
  facet normal -0.996917 0 -0.0784595
    outer loop
      vertex 0.0369349 0 2.5307
      vertex 0 30 3
      vertex 0.0369349 30 2.5307
    endloop
  endfacet
  facet normal -0.996917 -0 -0.0784595
    outer loop
      vertex 0 30 3
      vertex 0.0369349 0 2.5307
      vertex 0 0 3
    endloop
  endfacet
  facet normal -0.85265 0 0.522483
    outer loop
      vertex 0.32698 0 74.362
      vertex 0.572948 30 74.7634
      vertex 0.32698 30 74.362
    endloop
  endfacet
  facet normal -0.85265 0 0.522483
    outer loop
      vertex 0.572948 30 74.7634
      vertex 0.32698 0 74.362
      vertex 0.572948 0 74.7634
    endloop
  endfacet
  facet normal -0.996917 0 0.0784595
    outer loop
      vertex 0 0 73
      vertex 0.0369349 30 73.4693
      vertex 0 30 73
    endloop
  endfacet
  facet normal -0.996917 0 0.0784595
    outer loop
      vertex 0.0369349 30 73.4693
      vertex 0 0 73
      vertex 0.0369349 0 73.4693
    endloop
  endfacet
  facet normal -0.0783858 0 0.996923
    outer loop
      vertex 2.5307 30 75.9631
      vertex 3 0 76
      vertex 3 30 76
    endloop
  endfacet
  facet normal -0.0783858 0 0.996923
    outer loop
      vertex 3 0 76
      vertex 2.5307 30 75.9631
      vertex 2.5307 0 75.9631
    endloop
  endfacet
  facet normal -0.649414 0 0.760435
    outer loop
      vertex 0.878679 30 75.1213
      vertex 1.23664 0 75.427
      vertex 1.23664 30 75.427
    endloop
  endfacet
  facet normal -0.649414 0 0.760435
    outer loop
      vertex 1.23664 0 75.427
      vertex 0.878679 30 75.1213
      vertex 0.878679 0 75.1213
    endloop
  endfacet
  facet normal 0.996923 0 -0.0783858
    outer loop
      vertex 50 0 3
      vertex 49.9631 30 2.5307
      vertex 50 30 3
    endloop
  endfacet
  facet normal 0.996923 0 -0.0783858
    outer loop
      vertex 49.9631 30 2.5307
      vertex 50 0 3
      vertex 49.9631 0 2.5307
    endloop
  endfacet
  facet normal -0.760402 0 -0.649452
    outer loop
      vertex 0.878679 0 0.878679
      vertex 0.572948 30 1.23664
      vertex 0.878679 30 0.878679
    endloop
  endfacet
  facet normal -0.760402 -0 -0.649452
    outer loop
      vertex 0.572948 30 1.23664
      vertex 0.878679 0 0.878679
      vertex 0.572948 0 1.23664
    endloop
  endfacet
  facet normal -0.233443 0 -0.97237
    outer loop
      vertex 2.07295 0 0.14683
      vertex 2.5307 30 0.0369349
      vertex 2.5307 0 0.0369349
    endloop
  endfacet
  facet normal -0.233443 0 -0.97237
    outer loop
      vertex 2.5307 30 0.0369349
      vertex 2.07295 0 0.14683
      vertex 2.07295 30 0.14683
    endloop
  endfacet
  facet normal -0.522492 0 -0.852644
    outer loop
      vertex 1.23664 0 0.572948
      vertex 1.63803 30 0.32698
      vertex 1.63803 0 0.32698
    endloop
  endfacet
  facet normal -0.522492 0 -0.852644
    outer loop
      vertex 1.63803 30 0.32698
      vertex 1.23664 0 0.572948
      vertex 1.23664 30 0.572948
    endloop
  endfacet
  facet normal -0.923879 0 -0.382684
    outer loop
      vertex 0.32698 0 1.63803
      vertex 0.14683 30 2.07295
      vertex 0.32698 30 1.63803
    endloop
  endfacet
  facet normal -0.923879 -0 -0.382684
    outer loop
      vertex 0.14683 30 2.07295
      vertex 0.32698 0 1.63803
      vertex 0.14683 0 2.07295
    endloop
  endfacet
  facet normal -0.972365 0 0.233468
    outer loop
      vertex 0.0369349 0 73.4693
      vertex 0.14683 30 73.927
      vertex 0.0369349 30 73.4693
    endloop
  endfacet
  facet normal -0.972365 0 0.233468
    outer loop
      vertex 0.14683 30 73.927
      vertex 0.0369349 0 73.4693
      vertex 0.14683 0 73.927
    endloop
  endfacet
  facet normal 0.382699 0 -0.923873
    outer loop
      vertex 47.9271 0 0.14683
      vertex 48.362 30 0.32698
      vertex 48.362 0 0.32698
    endloop
  endfacet
  facet normal 0.382699 0 -0.923873
    outer loop
      vertex 48.362 30 0.32698
      vertex 47.9271 0 0.14683
      vertex 47.9271 30 0.14683
    endloop
  endfacet
  facet normal 0.0784595 0 -0.996917
    outer loop
      vertex 47 0 0
      vertex 47.4693 30 0.0369349
      vertex 47.4693 0 0.0369349
    endloop
  endfacet
  facet normal 0.0784595 0 -0.996917
    outer loop
      vertex 47.4693 30 0.0369349
      vertex 47 0 0
      vertex 47 30 0
    endloop
  endfacet
  facet normal 0.233419 0 -0.972376
    outer loop
      vertex 47.4693 0 0.0369349
      vertex 47.9271 30 0.14683
      vertex 47.9271 0 0.14683
    endloop
  endfacet
  facet normal 0.233419 0 -0.972376
    outer loop
      vertex 47.9271 30 0.14683
      vertex 47.4693 0 0.0369349
      vertex 47.4693 30 0.0369349
    endloop
  endfacet
  facet normal 1 0 0
    outer loop
      vertex 2 30 74
      vertex 2 22 73.9882
      vertex 2 30 73.9882
    endloop
  endfacet
  facet normal 1 0 0
    outer loop
      vertex 2 2 74
      vertex 2 22 70.1118
      vertex 2 22 73.9882
    endloop
  endfacet
  facet normal 1 0 0
    outer loop
      vertex 2 22 70.1118
      vertex 2 15.5 41.4
      vertex 2 22 5.88816
    endloop
  endfacet
  facet normal 1 0 0
    outer loop
      vertex 2 22 70.1118
      vertex 2 15.5 50.6
      vertex 2 15.5 41.4
    endloop
  endfacet
  facet normal 1 0 0
    outer loop
      vertex 2 22 70.1118
      vertex 2 11.3 50.6
      vertex 2 15.5 50.6
    endloop
  endfacet
  facet normal 1 0 0
    outer loop
      vertex 2 11.3 50.6
      vertex 2 2 74
      vertex 2 11.3 41.4
    endloop
  endfacet
  facet normal 1 0 0
    outer loop
      vertex 2 22 70.1118
      vertex 2 2 74
      vertex 2 11.3 50.6
    endloop
  endfacet
  facet normal 1 -0 0
    outer loop
      vertex 2 2 74
      vertex 2 22 73.9882
      vertex 2 30 74
    endloop
  endfacet
  facet normal 1 -0 0
    outer loop
      vertex 2 22 70.1118
      vertex 2 30 5.88816
      vertex 2 30 70.1118
    endloop
  endfacet
  facet normal 1 0 0
    outer loop
      vertex 2 30 5.88816
      vertex 2 22 70.1118
      vertex 2 22 5.88816
    endloop
  endfacet
  facet normal 1 -0 0
    outer loop
      vertex 2 22 2.01184
      vertex 2 30 2
      vertex 2 30 2.01184
    endloop
  endfacet
  facet normal 1 -0 0
    outer loop
      vertex 2 11.3 41.4
      vertex 2 22 5.88816
      vertex 2 15.5 41.4
    endloop
  endfacet
  facet normal 1 0 0
    outer loop
      vertex 2 2 2
      vertex 2 22 5.88816
      vertex 2 11.3 41.4
    endloop
  endfacet
  facet normal 1 0 0
    outer loop
      vertex 2 2 2
      vertex 2 11.3 41.4
      vertex 2 2 74
    endloop
  endfacet
  facet normal 1 0 0
    outer loop
      vertex 2 22 2.01184
      vertex 2 2 2
      vertex 2 30 2
    endloop
  endfacet
  facet normal 1 0 0
    outer loop
      vertex 2 22 5.88816
      vertex 2 2 2
      vertex 2 22 2.01184
    endloop
  endfacet
  facet normal 0 0 -1
    outer loop
      vertex 48 2 74
      vertex 47.9882 22 74
      vertex 48 30 74
    endloop
  endfacet
  facet normal 0 0 -1
    outer loop
      vertex 48 2 74
      vertex 44.1118 22 74
      vertex 47.9882 22 74
    endloop
  endfacet
  facet normal 0 0 -1
    outer loop
      vertex 29.7 25 74
      vertex 44.1118 22 74
      vertex 29.7 11.7 74
    endloop
  endfacet
  facet normal 0 0 -1
    outer loop
      vertex 48 2 74
      vertex 29.7 11.7 74
      vertex 44.1118 22 74
    endloop
  endfacet
  facet normal 0 0 -1
    outer loop
      vertex 26.4888 2.20114 74
      vertex 48 2 74
      vertex 26.5 2 74
    endloop
  endfacet
  facet normal 0 0 -1
    outer loop
      vertex 26.4815 2.33185 74
      vertex 48 2 74
      vertex 26.4888 2.20114 74
    endloop
  endfacet
  facet normal 0 0 -1
    outer loop
      vertex 48 2 74
      vertex 26.4815 2.33185 74
      vertex 29.7 11.7 74
    endloop
  endfacet
  facet normal 0 0 -1
    outer loop
      vertex 26.4607 2.4545 74
      vertex 29.7 11.7 74
      vertex 26.4815 2.33185 74
    endloop
  endfacet
  facet normal 0 0 -1
    outer loop
      vertex 26.4266 2.65552 74
      vertex 29.7 11.7 74
      vertex 26.4607 2.4545 74
    endloop
  endfacet
  facet normal 0 0 -1
    outer loop
      vertex 26.3685 2.85376 74
      vertex 29.7 11.7 74
      vertex 26.4266 2.65552 74
    endloop
  endfacet
  facet normal 0 0 -1
    outer loop
      vertex 26.3365 2.96306 74
      vertex 29.7 11.7 74
      vertex 26.3685 2.85376 74
    endloop
  endfacet
  facet normal 0 0 -1
    outer loop
      vertex 26.2551 3.15098 74
      vertex 29.7 11.7 74
      vertex 26.3365 2.96306 74
    endloop
  endfacet
  facet normal 0 0 -1
    outer loop
      vertex 26.2135 3.24688 74
      vertex 29.7 11.7 74
      vertex 26.2551 3.15098 74
    endloop
  endfacet
  facet normal 0 0 -1
    outer loop
      vertex 26.1635 3.32974 74
      vertex 29.7 11.7 74
      vertex 26.2135 3.24688 74
    endloop
  endfacet
  facet normal 0 0 -1
    outer loop
      vertex 26.0607 3.5 74
      vertex 29.7 11.7 74
      vertex 26.1635 3.32974 74
    endloop
  endfacet
  facet normal 0 0 -1
    outer loop
      vertex 25.9369 3.64949 74
      vertex 29.7 11.7 74
      vertex 26.0607 3.5 74
    endloop
  endfacet
  facet normal 0 0 -1
    outer loop
      vertex 25.8817 3.71618 74
      vertex 29.7 11.7 74
      vertex 25.9369 3.64949 74
    endloop
  endfacet
  facet normal 0 0 -1
    outer loop
      vertex 25.8212 3.76862 74
      vertex 29.7 11.7 74
      vertex 25.8817 3.71618 74
    endloop
  endfacet
  facet normal 0 0 -1
    outer loop
      vertex 25.681 3.89011 74
      vertex 29.7 11.7 74
      vertex 25.8212 3.76862 74
    endloop
  endfacet
  facet normal 0 0 -1
    outer loop
      vertex 25.5264 3.98068 74
      vertex 29.7 11.7 74
      vertex 25.681 3.89011 74
    endloop
  endfacet
  facet normal 0 0 -1
    outer loop
      vertex 25.4635 4.0175 74
      vertex 29.7 11.7 74
      vertex 25.5264 3.98068 74
    endloop
  endfacet
  facet normal 0 0 -1
    outer loop
      vertex 25.2347 4.0952 74
      vertex 29.7 11.7 74
      vertex 25.4635 4.0175 74
    endloop
  endfacet
  facet normal 0 0 -1
    outer loop
      vertex 25 4.12132 74
      vertex 29.7 11.7 74
      vertex 25.2347 4.0952 74
    endloop
  endfacet
  facet normal 0 0 -1
    outer loop
      vertex 20.3 11.7 74
      vertex 25 4.12132 74
      vertex 24.7653 4.0952 74
    endloop
  endfacet
  facet normal 0 0 -1
    outer loop
      vertex 20.3 11.7 74
      vertex 24.7653 4.0952 74
      vertex 24.5365 4.0175 74
    endloop
  endfacet
  facet normal 0 0 -1
    outer loop
      vertex 20.3 11.7 74
      vertex 24.5365 4.0175 74
      vertex 24.4736 3.98068 74
    endloop
  endfacet
  facet normal 0 0 -1
    outer loop
      vertex 20.3 11.7 74
      vertex 24.4736 3.98068 74
      vertex 24.319 3.89011 74
    endloop
  endfacet
  facet normal 0 0 -1
    outer loop
      vertex 20.3 11.7 74
      vertex 24.319 3.89011 74
      vertex 24.1788 3.76862 74
    endloop
  endfacet
  facet normal 0 0 -1
    outer loop
      vertex 20.3 11.7 74
      vertex 24.1788 3.76862 74
      vertex 24.1183 3.71618 74
    endloop
  endfacet
  facet normal 0 0 -1
    outer loop
      vertex 20.3 11.7 74
      vertex 24.1183 3.71618 74
      vertex 24.0631 3.64949 74
    endloop
  endfacet
  facet normal 0 0 -1
    outer loop
      vertex 20.3 11.7 74
      vertex 24.0631 3.64949 74
      vertex 23.9393 3.5 74
    endloop
  endfacet
  facet normal 0 0 -1
    outer loop
      vertex 20.3 11.7 74
      vertex 23.8365 3.32974 74
      vertex 23.7865 3.24688 74
    endloop
  endfacet
  facet normal 0 0 -1
    outer loop
      vertex 20.3 11.7 74
      vertex 23.7449 3.15098 74
      vertex 23.6635 2.96306 74
    endloop
  endfacet
  facet normal 0 0 -1
    outer loop
      vertex 20.3 11.7 74
      vertex 23.5393 2.4545 74
      vertex 23.5185 2.33185 74
    endloop
  endfacet
  facet normal 0 0 -1
    outer loop
      vertex 2 2 74
      vertex 23.5112 2.20114 74
      vertex 23.5 2 74
    endloop
  endfacet
  facet normal 0 0 -1
    outer loop
      vertex 25 4.12132 74
      vertex 20.3 11.7 74
      vertex 29.7 11.7 74
    endloop
  endfacet
  facet normal 0 0 -1
    outer loop
      vertex 23.8365 3.32974 74
      vertex 20.3 11.7 74
      vertex 23.9393 3.5 74
    endloop
  endfacet
  facet normal 0 0 -1
    outer loop
      vertex 23.7449 3.15098 74
      vertex 20.3 11.7 74
      vertex 23.7865 3.24688 74
    endloop
  endfacet
  facet normal 0 0 -1
    outer loop
      vertex 23.6315 2.85376 74
      vertex 20.3 11.7 74
      vertex 23.6635 2.96306 74
    endloop
  endfacet
  facet normal 0 0 -1
    outer loop
      vertex 23.5734 2.65552 74
      vertex 20.3 11.7 74
      vertex 23.6315 2.85376 74
    endloop
  endfacet
  facet normal 0 0 -1
    outer loop
      vertex 23.5393 2.4545 74
      vertex 20.3 11.7 74
      vertex 23.5734 2.65552 74
    endloop
  endfacet
  facet normal -0 0 -1
    outer loop
      vertex 23.5112 2.20114 74
      vertex 2 2 74
      vertex 23.5185 2.33185 74
    endloop
  endfacet
  facet normal 0 0 -1
    outer loop
      vertex 20.3 11.7 74
      vertex 5.88815 22 74
      vertex 20.3 25 74
    endloop
  endfacet
  facet normal -0 0 -1
    outer loop
      vertex 23.5185 2.33185 74
      vertex 2 2 74
      vertex 20.3 11.7 74
    endloop
  endfacet
  facet normal -0 0 -1
    outer loop
      vertex 20.3 11.7 74
      vertex 2 2 74
      vertex 5.88815 22 74
    endloop
  endfacet
  facet normal -0 0 -1
    outer loop
      vertex 5.88815 22 74
      vertex 2 2 74
      vertex 2.01185 22 74
    endloop
  endfacet
  facet normal 0 0 -1
    outer loop
      vertex 2 30 74
      vertex 2.01185 22 74
      vertex 2 2 74
    endloop
  endfacet
  facet normal 0 0 -1
    outer loop
      vertex 2.01185 22 74
      vertex 2 30 74
      vertex 2.01185 30 74
    endloop
  endfacet
  facet normal -0 0 -1
    outer loop
      vertex 48 30 74
      vertex 47.9882 22 74
      vertex 47.9882 30 74
    endloop
  endfacet
  facet normal 0 0 -1
    outer loop
      vertex 44.1118 22 74
      vertex 29.7 25 74
      vertex 44.1118 30 74
    endloop
  endfacet
  facet normal 0 0 -1
    outer loop
      vertex 20.3 25 74
      vertex 44.1118 30 74
      vertex 29.7 25 74
    endloop
  endfacet
  facet normal 0 0 -1
    outer loop
      vertex 5.88815 30 74
      vertex 20.3 25 74
      vertex 5.88815 22 74
    endloop
  endfacet
  facet normal 0 0 -1
    outer loop
      vertex 20.3 25 74
      vertex 5.88815 30 74
      vertex 44.1118 30 74
    endloop
  endfacet
  facet normal -1 0 0
    outer loop
      vertex 48 15.0711 19.8534
      vertex 48 14.1877 23.8436
      vertex 48 14.2 24
    endloop
  endfacet
  facet normal -1 0 0
    outer loop
      vertex 48 13.9071 23.2929
      vertex 48 14.4343 20.5989
      vertex 48 14.1534 20.7711
    endloop
  endfacet
  facet normal -1 0 0
    outer loop
      vertex 48 14.6849 20.3849
      vertex 48 14.1511 23.691
      vertex 48 14.1877 23.8436
    endloop
  endfacet
  facet normal -1 0 0
    outer loop
      vertex 48 14.6849 20.3849
      vertex 48 14.091 23.546
      vertex 48 14.1511 23.691
    endloop
  endfacet
  facet normal -1 0 0
    outer loop
      vertex 48 14.4343 20.5989
      vertex 48 14.009 23.4122
      vertex 48 14.091 23.546
    endloop
  endfacet
  facet normal -1 0 0
    outer loop
      vertex 48 14.4343 20.5989
      vertex 48 13.9071 23.2929
      vertex 48 14.009 23.4122
    endloop
  endfacet
  facet normal -1 0 0
    outer loop
      vertex 48 13.7878 23.191
      vertex 48 14.1534 20.7711
      vertex 48 13.8489 20.8972
    endloop
  endfacet
  facet normal -1 0 0
    outer loop
      vertex 48 14.1534 20.7711
      vertex 48 13.7878 23.191
      vertex 48 13.9071 23.2929
    endloop
  endfacet
  facet normal -1 0 0
    outer loop
      vertex 48 13.8489 20.8972
      vertex 48 13.654 23.109
      vertex 48 13.7878 23.191
    endloop
  endfacet
  facet normal -1 0 0
    outer loop
      vertex 48 13.509 23.0489
      vertex 48 13.8489 20.8972
      vertex 48 13.5285 20.9741
    endloop
  endfacet
  facet normal -1 0 0
    outer loop
      vertex 48 13.8489 20.8972
      vertex 48 13.509 23.0489
      vertex 48 13.654 23.109
    endloop
  endfacet
  facet normal -1 0 0
    outer loop
      vertex 48 13.5285 20.9741
      vertex 48 13.3564 23.0123
      vertex 48 13.509 23.0489
    endloop
  endfacet
  facet normal -1 0 0
    outer loop
      vertex 48 13.2 21
      vertex 48 13.3564 23.0123
      vertex 48 13.5285 20.9741
    endloop
  endfacet
  facet normal -1 0 0
    outer loop
      vertex 48 13.2 21
      vertex 48 13.2 23
      vertex 48 13.3564 23.0123
    endloop
  endfacet
  facet normal -1 0 0
    outer loop
      vertex 48 13.2 21
      vertex 48 13.0436 23.0123
      vertex 48 13.2 23
    endloop
  endfacet
  facet normal -1 0 0
    outer loop
      vertex 48 12.8715 20.9741
      vertex 48 13.0436 23.0123
      vertex 48 13.2 21
    endloop
  endfacet
  facet normal -1 -0 0
    outer loop
      vertex 48 13.0436 23.0123
      vertex 48 12.8715 20.9741
      vertex 48 12.891 23.0489
    endloop
  endfacet
  facet normal -1 0 0
    outer loop
      vertex 48 12.5511 20.8972
      vertex 48 12.891 23.0489
      vertex 48 12.8715 20.9741
    endloop
  endfacet
  facet normal -1 -0 0
    outer loop
      vertex 48 12.891 23.0489
      vertex 48 12.5511 20.8972
      vertex 48 12.746 23.109
    endloop
  endfacet
  facet normal -1 -0 0
    outer loop
      vertex 48 12.746 23.109
      vertex 48 12.5511 20.8972
      vertex 48 12.6122 23.191
    endloop
  endfacet
  facet normal -1 0 0
    outer loop
      vertex 48 12.2466 20.7711
      vertex 48 12.6122 23.191
      vertex 48 12.5511 20.8972
    endloop
  endfacet
  facet normal -1 -0 0
    outer loop
      vertex 48 12.6122 23.191
      vertex 48 12.2466 20.7711
      vertex 48 12.4929 23.2929
    endloop
  endfacet
  facet normal -1 0 0
    outer loop
      vertex 48 11.9657 20.5989
      vertex 48 12.4929 23.2929
      vertex 48 12.2466 20.7711
    endloop
  endfacet
  facet normal -1 -0 0
    outer loop
      vertex 48 12.4929 23.2929
      vertex 48 11.9657 20.5989
      vertex 48 12.391 23.4122
    endloop
  endfacet
  facet normal -1 -0 0
    outer loop
      vertex 48 12.391 23.4122
      vertex 48 11.9657 20.5989
      vertex 48 12.309 23.546
    endloop
  endfacet
  facet normal -1 0 0
    outer loop
      vertex 48 11.7151 20.3849
      vertex 48 12.309 23.546
      vertex 48 11.9657 20.5989
    endloop
  endfacet
  facet normal -1 -0 0
    outer loop
      vertex 48 12.309 23.546
      vertex 48 11.7151 20.3849
      vertex 48 12.2489 23.691
    endloop
  endfacet
  facet normal -1 0 0
    outer loop
      vertex 48 11.5011 20.1343
      vertex 48 12.2489 23.691
      vertex 48 11.7151 20.3849
    endloop
  endfacet
  facet normal -1 0 0
    outer loop
      vertex 48 30 2
      vertex 48 22 2.01185
      vertex 48 30 2.01185
    endloop
  endfacet
  facet normal -1 0 0
    outer loop
      vertex 48 13.5285 11.0259
      vertex 48 22 5.88815
      vertex 48 22 2.01185
    endloop
  endfacet
  facet normal -1 0 0
    outer loop
      vertex 48 14.1877 24.1564
      vertex 48 22 5.88815
      vertex 48 15.1972 19.5489
    endloop
  endfacet
  facet normal -1 0 0
    outer loop
      vertex 48 22 5.88815
      vertex 48 15.3 13.1
      vertex 48 15.3 18.9
    endloop
  endfacet
  facet normal -1 0 0
    outer loop
      vertex 48 22 5.88815
      vertex 48 15.2741 12.7715
      vertex 48 15.3 13.1
    endloop
  endfacet
  facet normal -1 0 0
    outer loop
      vertex 48 22 5.88815
      vertex 48 15.1972 12.4511
      vertex 48 15.2741 12.7715
    endloop
  endfacet
  facet normal -1 0 0
    outer loop
      vertex 48 22 5.88815
      vertex 48 15.0711 12.1466
      vertex 48 15.1972 12.4511
    endloop
  endfacet
  facet normal -1 0 0
    outer loop
      vertex 48 22 5.88815
      vertex 48 14.8989 11.8657
      vertex 48 15.0711 12.1466
    endloop
  endfacet
  facet normal -1 0 0
    outer loop
      vertex 48 22 5.88815
      vertex 48 14.6849 11.6151
      vertex 48 14.8989 11.8657
    endloop
  endfacet
  facet normal -1 0 0
    outer loop
      vertex 48 22 5.88815
      vertex 48 14.4343 11.4011
      vertex 48 14.6849 11.6151
    endloop
  endfacet
  facet normal -1 0 0
    outer loop
      vertex 48 22 5.88815
      vertex 48 14.1534 11.2289
      vertex 48 14.4343 11.4011
    endloop
  endfacet
  facet normal -1 0 0
    outer loop
      vertex 48 22 5.88815
      vertex 48 13.8489 11.1028
      vertex 48 14.1534 11.2289
    endloop
  endfacet
  facet normal -1 0 0
    outer loop
      vertex 48 22 5.88815
      vertex 48 13.5285 11.0259
      vertex 48 13.8489 11.1028
    endloop
  endfacet
  facet normal -1 0 0
    outer loop
      vertex 48 22 2.01185
      vertex 48 13.2 11
      vertex 48 13.5285 11.0259
    endloop
  endfacet
  facet normal -1 0 0
    outer loop
      vertex 48 22 2.01185
      vertex 48 12.8715 11.0259
      vertex 48 13.2 11
    endloop
  endfacet
  facet normal -1 0 0
    outer loop
      vertex 48 2 2
      vertex 48 12.8715 11.0259
      vertex 48 22 2.01185
    endloop
  endfacet
  facet normal -1 -0 0
    outer loop
      vertex 48 12.8715 11.0259
      vertex 48 2 2
      vertex 48 12.5511 11.1028
    endloop
  endfacet
  facet normal -1 -0 0
    outer loop
      vertex 48 12.5511 11.1028
      vertex 48 2 2
      vertex 48 12.2466 11.2289
    endloop
  endfacet
  facet normal -1 -0 0
    outer loop
      vertex 48 12.2466 11.2289
      vertex 48 2 2
      vertex 48 11.9657 11.4011
    endloop
  endfacet
  facet normal -1 -0 0
    outer loop
      vertex 48 11.1 13.1
      vertex 48 2 2
      vertex 48 11.1 18.9
    endloop
  endfacet
  facet normal -1 -0 0
    outer loop
      vertex 48 11.1259 12.7715
      vertex 48 2 2
      vertex 48 11.1 13.1
    endloop
  endfacet
  facet normal -1 -0 0
    outer loop
      vertex 48 11.2028 12.4511
      vertex 48 2 2
      vertex 48 11.1259 12.7715
    endloop
  endfacet
  facet normal -1 -0 0
    outer loop
      vertex 48 11.3289 12.1466
      vertex 48 2 2
      vertex 48 11.2028 12.4511
    endloop
  endfacet
  facet normal -1 -0 0
    outer loop
      vertex 48 11.5011 11.8657
      vertex 48 2 2
      vertex 48 11.3289 12.1466
    endloop
  endfacet
  facet normal -1 -0 0
    outer loop
      vertex 48 11.7151 11.6151
      vertex 48 2 2
      vertex 48 11.5011 11.8657
    endloop
  endfacet
  facet normal -1 -0 0
    outer loop
      vertex 48 11.9657 11.4011
      vertex 48 2 2
      vertex 48 11.7151 11.6151
    endloop
  endfacet
  facet normal -1 0 0
    outer loop
      vertex 48 2 2
      vertex 48 22 2.01185
      vertex 48 30 2
    endloop
  endfacet
  facet normal -1 0 0
    outer loop
      vertex 48 22 5.88815
      vertex 48 30 70.1118
      vertex 48 30 5.88815
    endloop
  endfacet
  facet normal -1 -0 0
    outer loop
      vertex 48 30 70.1118
      vertex 48 22 5.88815
      vertex 48 22 70.1118
    endloop
  endfacet
  facet normal -1 0 0
    outer loop
      vertex 48 22 73.9882
      vertex 48 30 74
      vertex 48 30 73.9882
    endloop
  endfacet
  facet normal -1 0 0
    outer loop
      vertex 48 22 5.88815
      vertex 48 15.3 18.9
      vertex 48 15.2741 19.2285
    endloop
  endfacet
  facet normal -1 0 0
    outer loop
      vertex 48 22 5.88815
      vertex 48 15.2741 19.2285
      vertex 48 15.1972 19.5489
    endloop
  endfacet
  facet normal -1 0 0
    outer loop
      vertex 48 22 5.88815
      vertex 48 14.1877 24.1564
      vertex 48 22 70.1118
    endloop
  endfacet
  facet normal -1 0 0
    outer loop
      vertex 48 14.2 24
      vertex 48 15.1972 19.5489
      vertex 48 15.0711 19.8534
    endloop
  endfacet
  facet normal -1 0 0
    outer loop
      vertex 48 14.1877 23.8436
      vertex 48 15.0711 19.8534
      vertex 48 14.8989 20.1343
    endloop
  endfacet
  facet normal -1 0 0
    outer loop
      vertex 48 14.1877 23.8436
      vertex 48 14.8989 20.1343
      vertex 48 14.6849 20.3849
    endloop
  endfacet
  facet normal -1 0 0
    outer loop
      vertex 48 14.091 23.546
      vertex 48 14.6849 20.3849
      vertex 48 14.4343 20.5989
    endloop
  endfacet
  facet normal -1 0 0
    outer loop
      vertex 48 15.1972 19.5489
      vertex 48 14.2 24
      vertex 48 14.1877 24.1564
    endloop
  endfacet
  facet normal -1 0 0
    outer loop
      vertex 48 14.1511 24.309
      vertex 48 22 70.1118
      vertex 48 14.1877 24.1564
    endloop
  endfacet
  facet normal -1 0 0
    outer loop
      vertex 48 14.091 24.454
      vertex 48 22 70.1118
      vertex 48 14.1511 24.309
    endloop
  endfacet
  facet normal -1 0 0
    outer loop
      vertex 48 14.009 24.5878
      vertex 48 22 70.1118
      vertex 48 14.091 24.454
    endloop
  endfacet
  facet normal -1 0 0
    outer loop
      vertex 48 13.9071 24.7071
      vertex 48 22 70.1118
      vertex 48 14.009 24.5878
    endloop
  endfacet
  facet normal -1 0 0
    outer loop
      vertex 48 13.7878 24.809
      vertex 48 22 70.1118
      vertex 48 13.9071 24.7071
    endloop
  endfacet
  facet normal -1 0 0
    outer loop
      vertex 48 13.654 24.891
      vertex 48 22 70.1118
      vertex 48 13.7878 24.809
    endloop
  endfacet
  facet normal -1 0 0
    outer loop
      vertex 48 13.509 24.9511
      vertex 48 22 70.1118
      vertex 48 13.654 24.891
    endloop
  endfacet
  facet normal -1 0 0
    outer loop
      vertex 48 13.3564 24.9877
      vertex 48 22 70.1118
      vertex 48 13.509 24.9511
    endloop
  endfacet
  facet normal -1 0 0
    outer loop
      vertex 48 13.2 25
      vertex 48 22 70.1118
      vertex 48 13.3564 24.9877
    endloop
  endfacet
  facet normal -1 0 0
    outer loop
      vertex 48 13.0436 24.9877
      vertex 48 22 70.1118
      vertex 48 13.2 25
    endloop
  endfacet
  facet normal -1 -0 0
    outer loop
      vertex 48 22 70.1118
      vertex 48 13.0436 24.9877
      vertex 48 2 74
    endloop
  endfacet
  facet normal -1 0 0
    outer loop
      vertex 48 2 74
      vertex 48 13.0436 24.9877
      vertex 48 12.891 24.9511
    endloop
  endfacet
  facet normal -1 0 0
    outer loop
      vertex 48 2 74
      vertex 48 12.891 24.9511
      vertex 48 12.746 24.891
    endloop
  endfacet
  facet normal -1 0 0
    outer loop
      vertex 48 2 74
      vertex 48 12.746 24.891
      vertex 48 12.6122 24.809
    endloop
  endfacet
  facet normal -1 0 0
    outer loop
      vertex 48 2 74
      vertex 48 12.6122 24.809
      vertex 48 12.4929 24.7071
    endloop
  endfacet
  facet normal -1 0 0
    outer loop
      vertex 48 2 74
      vertex 48 12.4929 24.7071
      vertex 48 12.391 24.5878
    endloop
  endfacet
  facet normal -1 0 0
    outer loop
      vertex 48 2 74
      vertex 48 12.391 24.5878
      vertex 48 12.309 24.454
    endloop
  endfacet
  facet normal -1 0 0
    outer loop
      vertex 48 2 74
      vertex 48 12.309 24.454
      vertex 48 12.2489 24.309
    endloop
  endfacet
  facet normal -1 0 0
    outer loop
      vertex 48 2 74
      vertex 48 12.2489 24.309
      vertex 48 12.2123 24.1564
    endloop
  endfacet
  facet normal -1 -0 0
    outer loop
      vertex 48 12.2489 23.691
      vertex 48 11.5011 20.1343
      vertex 48 12.2123 23.8436
    endloop
  endfacet
  facet normal -1 0 0
    outer loop
      vertex 48 11.3289 19.8534
      vertex 48 12.2123 23.8436
      vertex 48 11.5011 20.1343
    endloop
  endfacet
  facet normal -1 -0 0
    outer loop
      vertex 48 12.2123 23.8436
      vertex 48 11.3289 19.8534
      vertex 48 12.2 24
    endloop
  endfacet
  facet normal -1 0 0
    outer loop
      vertex 48 11.2028 19.5489
      vertex 48 12.2 24
      vertex 48 11.3289 19.8534
    endloop
  endfacet
  facet normal -1 -0 0
    outer loop
      vertex 48 12.2 24
      vertex 48 11.2028 19.5489
      vertex 48 12.2123 24.1564
    endloop
  endfacet
  facet normal -1 0 0
    outer loop
      vertex 48 2 2
      vertex 48 12.2123 24.1564
      vertex 48 11.2028 19.5489
    endloop
  endfacet
  facet normal -1 0 0
    outer loop
      vertex 48 2 2
      vertex 48 11.2028 19.5489
      vertex 48 11.1259 19.2285
    endloop
  endfacet
  facet normal -1 0 0
    outer loop
      vertex 48 2 2
      vertex 48 11.1259 19.2285
      vertex 48 11.1 18.9
    endloop
  endfacet
  facet normal -1 -0 0
    outer loop
      vertex 48 12.2123 24.1564
      vertex 48 2 2
      vertex 48 2 74
    endloop
  endfacet
  facet normal -1 0 0
    outer loop
      vertex 48 22 73.9882
      vertex 48 2 74
      vertex 48 30 74
    endloop
  endfacet
  facet normal -1 0 0
    outer loop
      vertex 48 22 70.1118
      vertex 48 2 74
      vertex 48 22 73.9882
    endloop
  endfacet
  facet normal 0 0 1
    outer loop
      vertex 2.01184 30 2
      vertex 2 30 2
      vertex 2.01184 22 2
    endloop
  endfacet
  facet normal 0 0 1
    outer loop
      vertex 5.88816 22 2
      vertex 44.1118 22 2
      vertex 44.1118 30 2
    endloop
  endfacet
  facet normal 0 0 1
    outer loop
      vertex 44.1118 22 2
      vertex 5.88816 22 2
      vertex 41.6 5 2
    endloop
  endfacet
  facet normal 0 0 1
    outer loop
      vertex 5.88816 22 2
      vertex 44.1118 30 2
      vertex 5.88816 30 2
    endloop
  endfacet
  facet normal 0 0 1
    outer loop
      vertex 41.6 5 2
      vertex 5.88816 22 2
      vertex 8.4 5 2
    endloop
  endfacet
  facet normal -0 0 1
    outer loop
      vertex 2.01184 22 2
      vertex 8.4 5 2
      vertex 5.88816 22 2
    endloop
  endfacet
  facet normal 0 0 1
    outer loop
      vertex 8.4 5 2
      vertex 2.01184 22 2
      vertex 2 2 2
    endloop
  endfacet
  facet normal 0 0 1
    outer loop
      vertex 8.4 5 2
      vertex 2 2 2
      vertex 8.4 2 2
    endloop
  endfacet
  facet normal 0 0 1
    outer loop
      vertex 2 2 2
      vertex 2.01184 22 2
      vertex 2 30 2
    endloop
  endfacet
  facet normal 0 0 1
    outer loop
      vertex 47.9882 22 2
      vertex 48 30 2
      vertex 47.9882 30 2
    endloop
  endfacet
  facet normal 0 0 1
    outer loop
      vertex 48 30 2
      vertex 47.9882 22 2
      vertex 48 2 2
    endloop
  endfacet
  facet normal 0 0 1
    outer loop
      vertex 41.6 5 2
      vertex 47.9882 22 2
      vertex 44.1118 22 2
    endloop
  endfacet
  facet normal 0 0 1
    outer loop
      vertex 47.9882 22 2
      vertex 41.6 5 2
      vertex 48 2 2
    endloop
  endfacet
  facet normal 0 0 1
    outer loop
      vertex 48 2 2
      vertex 41.6 5 2
      vertex 41.6 2 2
    endloop
  endfacet
  facet normal 0 1 -0
    outer loop
      vertex 34.8746 2 34.2129
      vertex 15.0805 2 34.4
      vertex 34.9195 2 34.4
    endloop
  endfacet
  facet normal 0 1 0
    outer loop
      vertex 34.8746 2 34.2129
      vertex 15.1254 2 34.2129
      vertex 15.0805 2 34.4
    endloop
  endfacet
  facet normal 0 1 -0
    outer loop
      vertex 34.85 2 33.9
      vertex 15.1254 2 34.2129
      vertex 34.8746 2 34.2129
    endloop
  endfacet
  facet normal 0 1 0
    outer loop
      vertex 34.85 2 33.9
      vertex 15.15 2 33.9
      vertex 15.1254 2 34.2129
    endloop
  endfacet
  facet normal 0 1 0
    outer loop
      vertex 34.8746 2 33.5871
      vertex 15.15 2 33.9
      vertex 34.85 2 33.9
    endloop
  endfacet
  facet normal 0 1 0
    outer loop
      vertex 34.8746 2 33.5871
      vertex 15.1254 2 33.5871
      vertex 15.15 2 33.9
    endloop
  endfacet
  facet normal 0 1 0
    outer loop
      vertex 34.9479 2 33.282
      vertex 15.1254 2 33.5871
      vertex 34.8746 2 33.5871
    endloop
  endfacet
  facet normal 0 1 0
    outer loop
      vertex 34.9479 2 33.282
      vertex 15.0521 2 33.282
      vertex 15.1254 2 33.5871
    endloop
  endfacet
  facet normal 0 1 0
    outer loop
      vertex 35.068 2 32.992
      vertex 15.0521 2 33.282
      vertex 34.9479 2 33.282
    endloop
  endfacet
  facet normal 0 1 0
    outer loop
      vertex 35.068 2 32.992
      vertex 14.932 2 32.992
      vertex 15.0521 2 33.282
    endloop
  endfacet
  facet normal 0 1 0
    outer loop
      vertex 35.232 2 32.7244
      vertex 14.932 2 32.992
      vertex 35.068 2 32.992
    endloop
  endfacet
  facet normal 0 1 0
    outer loop
      vertex 35.232 2 32.7244
      vertex 14.768 2 32.7244
      vertex 14.932 2 32.992
    endloop
  endfacet
  facet normal 0 1 0
    outer loop
      vertex 35.4358 2 32.4858
      vertex 14.768 2 32.7244
      vertex 35.232 2 32.7244
    endloop
  endfacet
  facet normal 0 1 0
    outer loop
      vertex 35.4358 2 32.4858
      vertex 14.5642 2 32.4858
      vertex 14.768 2 32.7244
    endloop
  endfacet
  facet normal 0 1 0
    outer loop
      vertex 35.6744 2 32.282
      vertex 14.5642 2 32.4858
      vertex 35.4358 2 32.4858
    endloop
  endfacet
  facet normal 0 1 0
    outer loop
      vertex 35.6744 2 32.282
      vertex 14.3256 2 32.282
      vertex 14.5642 2 32.4858
    endloop
  endfacet
  facet normal 0 1 0
    outer loop
      vertex 41.6 2 24.6
      vertex 35.6744 2 32.282
      vertex 35.942 2 32.118
    endloop
  endfacet
  facet normal 0 1 0
    outer loop
      vertex 35.6744 2 32.282
      vertex 41.6 2 24.6
      vertex 14.3256 2 32.282
    endloop
  endfacet
  facet normal 0 1 0
    outer loop
      vertex 41.6 2 24.6
      vertex 35.942 2 32.118
      vertex 36.232 2 31.9979
    endloop
  endfacet
  facet normal 0 1 0
    outer loop
      vertex 8.4 2 24.6
      vertex 14.3256 2 32.282
      vertex 41.6 2 24.6
    endloop
  endfacet
  facet normal 0 1 0
    outer loop
      vertex 41.6 2 24.6
      vertex 36.232 2 31.9979
      vertex 36.5371 2 31.9246
    endloop
  endfacet
  facet normal 0 1 0
    outer loop
      vertex 14.3256 2 32.282
      vertex 8.4 2 24.6
      vertex 14.058 2 32.118
    endloop
  endfacet
  facet normal 0 1 0
    outer loop
      vertex 41.6 2 24.6
      vertex 36.5371 2 31.9246
      vertex 36.85 2 31.9
    endloop
  endfacet
  facet normal 0 1 0
    outer loop
      vertex 14.058 2 32.118
      vertex 8.4 2 24.6
      vertex 13.768 2 31.9979
    endloop
  endfacet
  facet normal 0 1 -0
    outer loop
      vertex 34.85 2 69
      vertex 26.0607 2 72.5
      vertex 34.8746 2 69.3129
    endloop
  endfacet
  facet normal 0 1 0
    outer loop
      vertex 25 2 71.8787
      vertex 13.4629 2 70.9754
      vertex 13.15 2 71
    endloop
  endfacet
  facet normal 0 1 0
    outer loop
      vertex 26.0607 2 72.5
      vertex 34.85 2 69
      vertex 25.9369 2 72.3505
    endloop
  endfacet
  facet normal 0 1 0
    outer loop
      vertex 25 2 71.8787
      vertex 13.768 2 70.9021
      vertex 13.4629 2 70.9754
    endloop
  endfacet
  facet normal 0 1 0
    outer loop
      vertex 25.9369 2 72.3505
      vertex 34.85 2 69
      vertex 25.8817 2 72.2838
    endloop
  endfacet
  facet normal 0 1 0
    outer loop
      vertex 25 2 71.8787
      vertex 14.058 2 70.782
      vertex 13.768 2 70.9021
    endloop
  endfacet
  facet normal 0 1 0
    outer loop
      vertex 34.8746 2 68.6871
      vertex 25.8817 2 72.2838
      vertex 34.85 2 69
    endloop
  endfacet
  facet normal 0 1 0
    outer loop
      vertex 25 2 71.8787
      vertex 14.3256 2 70.618
      vertex 14.058 2 70.782
    endloop
  endfacet
  facet normal 0 1 0
    outer loop
      vertex 25.8817 2 72.2838
      vertex 34.8746 2 68.6871
      vertex 25.8212 2 72.2314
    endloop
  endfacet
  facet normal 0 1 0
    outer loop
      vertex 25 2 71.8787
      vertex 14.5642 2 70.4142
      vertex 14.3256 2 70.618
    endloop
  endfacet
  facet normal 0 1 0
    outer loop
      vertex 25.8212 2 72.2314
      vertex 34.8746 2 68.6871
      vertex 25.681 2 72.1099
    endloop
  endfacet
  facet normal 0 1 0
    outer loop
      vertex 25 2 71.8787
      vertex 14.768 2 70.1756
      vertex 14.5642 2 70.4142
    endloop
  endfacet
  facet normal 0 1 0
    outer loop
      vertex 34.9479 2 68.382
      vertex 25.681 2 72.1099
      vertex 34.8746 2 68.6871
    endloop
  endfacet
  facet normal 0 1 0
    outer loop
      vertex 25 2 71.8787
      vertex 14.932 2 69.908
      vertex 14.768 2 70.1756
    endloop
  endfacet
  facet normal 0 1 0
    outer loop
      vertex 25.681 2 72.1099
      vertex 34.9479 2 68.382
      vertex 25.5264 2 72.0193
    endloop
  endfacet
  facet normal 0 1 0
    outer loop
      vertex 25 2 71.8787
      vertex 15.0521 2 69.618
      vertex 14.932 2 69.908
    endloop
  endfacet
  facet normal 0 1 0
    outer loop
      vertex 25.5264 2 72.0193
      vertex 34.9479 2 68.382
      vertex 25.4635 2 71.9825
    endloop
  endfacet
  facet normal 0 1 0
    outer loop
      vertex 25 2 71.8787
      vertex 15.1254 2 69.3129
      vertex 15.0521 2 69.618
    endloop
  endfacet
  facet normal 0 1 0
    outer loop
      vertex 35.068 2 68.092
      vertex 25.4635 2 71.9825
      vertex 34.9479 2 68.382
    endloop
  endfacet
  facet normal 0 1 0
    outer loop
      vertex 25 2 71.8787
      vertex 15.15 2 69
      vertex 15.1254 2 69.3129
    endloop
  endfacet
  facet normal 0 1 0
    outer loop
      vertex 25.4635 2 71.9825
      vertex 35.068 2 68.092
      vertex 25.2347 2 71.9048
    endloop
  endfacet
  facet normal 0 1 0
    outer loop
      vertex 25 2 71.8787
      vertex 15.1254 2 68.6871
      vertex 15.15 2 69
    endloop
  endfacet
  facet normal 0 1 0
    outer loop
      vertex 35.232 2 67.8244
      vertex 25.2347 2 71.9048
      vertex 35.068 2 68.092
    endloop
  endfacet
  facet normal 0 1 0
    outer loop
      vertex 25 2 71.8787
      vertex 15.0521 2 68.382
      vertex 15.1254 2 68.6871
    endloop
  endfacet
  facet normal 0 1 0
    outer loop
      vertex 25.2347 2 71.9048
      vertex 35.232 2 67.8244
      vertex 25 2 71.8787
    endloop
  endfacet
  facet normal 0 1 0
    outer loop
      vertex 25 2 71.8787
      vertex 14.932 2 68.092
      vertex 15.0521 2 68.382
    endloop
  endfacet
  facet normal 0 1 0
    outer loop
      vertex 38.104 2 61.304
      vertex 25 2 71.8787
      vertex 35.232 2 67.8244
    endloop
  endfacet
  facet normal 0 1 0
    outer loop
      vertex 25 2 71.8787
      vertex 14.768 2 67.8244
      vertex 14.932 2 68.092
    endloop
  endfacet
  facet normal 0 1 0
    outer loop
      vertex 38.104 2 61.304
      vertex 35.232 2 67.8244
      vertex 35.4358 2 67.5858
    endloop
  endfacet
  facet normal 0 1 0
    outer loop
      vertex 11.896 2 61.304
      vertex 25 2 71.8787
      vertex 38.104 2 61.304
    endloop
  endfacet
  facet normal 0 1 0
    outer loop
      vertex 38.104 2 61.304
      vertex 35.4358 2 67.5858
      vertex 35.6744 2 67.382
    endloop
  endfacet
  facet normal 0 1 0
    outer loop
      vertex 25 2 71.8787
      vertex 11.896 2 61.304
      vertex 14.768 2 67.8244
    endloop
  endfacet
  facet normal 0 1 0
    outer loop
      vertex 38.104 2 61.304
      vertex 35.6744 2 67.382
      vertex 35.942 2 67.218
    endloop
  endfacet
  facet normal 0 1 0
    outer loop
      vertex 14.768 2 67.8244
      vertex 11.896 2 61.304
      vertex 14.5642 2 67.5858
    endloop
  endfacet
  facet normal 0 1 0
    outer loop
      vertex 38.104 2 61.304
      vertex 35.942 2 67.218
      vertex 36.232 2 67.0979
    endloop
  endfacet
  facet normal 0 1 0
    outer loop
      vertex 14.5642 2 67.5858
      vertex 11.896 2 61.304
      vertex 14.3256 2 67.382
    endloop
  endfacet
  facet normal 0 1 0
    outer loop
      vertex 38.104 2 61.304
      vertex 36.232 2 67.0979
      vertex 36.5371 2 67.0246
    endloop
  endfacet
  facet normal 0 1 0
    outer loop
      vertex 14.3256 2 67.382
      vertex 11.896 2 61.304
      vertex 14.058 2 67.218
    endloop
  endfacet
  facet normal 0 1 0
    outer loop
      vertex 38.104 2 61.304
      vertex 36.5371 2 67.0246
      vertex 36.85 2 67
    endloop
  endfacet
  facet normal 0 1 0
    outer loop
      vertex 14.058 2 67.218
      vertex 11.896 2 61.304
      vertex 13.768 2 67.0979
    endloop
  endfacet
  facet normal 0 1 -0
    outer loop
      vertex 36.85 2 71
      vertex 26.5 2 74
      vertex 48 2 74
    endloop
  endfacet
  facet normal 0 1 -0
    outer loop
      vertex 36.5371 2 70.9754
      vertex 26.5 2 74
      vertex 36.85 2 71
    endloop
  endfacet
  facet normal 0 1 -0
    outer loop
      vertex 36.232 2 70.9021
      vertex 26.5 2 74
      vertex 36.5371 2 70.9754
    endloop
  endfacet
  facet normal 0 1 -0
    outer loop
      vertex 35.942 2 70.782
      vertex 26.5 2 74
      vertex 36.232 2 70.9021
    endloop
  endfacet
  facet normal 0 1 -0
    outer loop
      vertex 35.6744 2 70.618
      vertex 26.5 2 74
      vertex 35.942 2 70.782
    endloop
  endfacet
  facet normal 0 1 -0
    outer loop
      vertex 35.4358 2 70.4142
      vertex 26.5 2 74
      vertex 35.6744 2 70.618
    endloop
  endfacet
  facet normal 0 1 0
    outer loop
      vertex 26.5 2 74
      vertex 35.4358 2 70.4142
      vertex 26.4888 2 73.7989
    endloop
  endfacet
  facet normal 0 1 -0
    outer loop
      vertex 35.232 2 70.1756
      vertex 26.4888 2 73.7989
      vertex 35.4358 2 70.4142
    endloop
  endfacet
  facet normal 0 1 0
    outer loop
      vertex 26.4888 2 73.7989
      vertex 35.232 2 70.1756
      vertex 26.4815 2 73.6682
    endloop
  endfacet
  facet normal 0 1 0
    outer loop
      vertex 26.4815 2 73.6682
      vertex 35.232 2 70.1756
      vertex 26.4607 2 73.5455
    endloop
  endfacet
  facet normal 0 1 0
    outer loop
      vertex 26.4607 2 73.5455
      vertex 35.232 2 70.1756
      vertex 26.4266 2 73.3445
    endloop
  endfacet
  facet normal 0 1 -0
    outer loop
      vertex 35.068 2 69.908
      vertex 26.4266 2 73.3445
      vertex 35.232 2 70.1756
    endloop
  endfacet
  facet normal 0 1 0
    outer loop
      vertex 26.4266 2 73.3445
      vertex 35.068 2 69.908
      vertex 26.3685 2 73.1462
    endloop
  endfacet
  facet normal 0 1 0
    outer loop
      vertex 26.3685 2 73.1462
      vertex 35.068 2 69.908
      vertex 26.3365 2 73.0369
    endloop
  endfacet
  facet normal 0 1 -0
    outer loop
      vertex 34.9479 2 69.618
      vertex 26.3365 2 73.0369
      vertex 35.068 2 69.908
    endloop
  endfacet
  facet normal 0 1 0
    outer loop
      vertex 26.3365 2 73.0369
      vertex 34.9479 2 69.618
      vertex 26.2551 2 72.849
    endloop
  endfacet
  facet normal 0 1 0
    outer loop
      vertex 26.2551 2 72.849
      vertex 34.9479 2 69.618
      vertex 26.2135 2 72.7531
    endloop
  endfacet
  facet normal 0 1 -0
    outer loop
      vertex 34.8746 2 69.3129
      vertex 26.2135 2 72.7531
      vertex 34.9479 2 69.618
    endloop
  endfacet
  facet normal 0 1 0
    outer loop
      vertex 26.2135 2 72.7531
      vertex 34.8746 2 69.3129
      vertex 26.1635 2 72.6703
    endloop
  endfacet
  facet normal 0 1 0
    outer loop
      vertex 48 2 74
      vertex 37.1629 2 70.9754
      vertex 36.85 2 71
    endloop
  endfacet
  facet normal 0 1 0
    outer loop
      vertex 48 2 74
      vertex 37.468 2 70.9021
      vertex 37.1629 2 70.9754
    endloop
  endfacet
  facet normal 0 1 0
    outer loop
      vertex 48 2 74
      vertex 37.758 2 70.782
      vertex 37.468 2 70.9021
    endloop
  endfacet
  facet normal 0 1 0
    outer loop
      vertex 48 2 74
      vertex 38.0256 2 70.618
      vertex 37.758 2 70.782
    endloop
  endfacet
  facet normal 0 1 0
    outer loop
      vertex 48 2 74
      vertex 38.2642 2 70.4142
      vertex 38.0256 2 70.618
    endloop
  endfacet
  facet normal 0 1 0
    outer loop
      vertex 48 2 74
      vertex 38.468 2 70.1756
      vertex 38.2642 2 70.4142
    endloop
  endfacet
  facet normal 0 1 0
    outer loop
      vertex 48 2 74
      vertex 38.632 2 69.908
      vertex 38.468 2 70.1756
    endloop
  endfacet
  facet normal 0 1 0
    outer loop
      vertex 48 2 74
      vertex 38.7521 2 69.618
      vertex 38.632 2 69.908
    endloop
  endfacet
  facet normal 0 1 0
    outer loop
      vertex 48 2 74
      vertex 38.8254 2 69.3129
      vertex 38.7521 2 69.618
    endloop
  endfacet
  facet normal 0 1 0
    outer loop
      vertex 48 2 74
      vertex 38.85 2 69
      vertex 38.8254 2 69.3129
    endloop
  endfacet
  facet normal 0 1 0
    outer loop
      vertex 48 2 74
      vertex 38.8254 2 68.6871
      vertex 38.85 2 69
    endloop
  endfacet
  facet normal 0 1 0
    outer loop
      vertex 48 2 74
      vertex 38.7521 2 68.382
      vertex 38.8254 2 68.6871
    endloop
  endfacet
  facet normal 0 1 0
    outer loop
      vertex 48 2 74
      vertex 38.632 2 68.092
      vertex 38.7521 2 68.382
    endloop
  endfacet
  facet normal 0 1 0
    outer loop
      vertex 38.104 2 61.304
      vertex 38.632 2 68.092
      vertex 48 2 74
    endloop
  endfacet
  facet normal 0 1 0
    outer loop
      vertex 38.632 2 68.092
      vertex 38.104 2 61.304
      vertex 38.468 2 67.8244
    endloop
  endfacet
  facet normal 0 1 0
    outer loop
      vertex 38.468 2 67.8244
      vertex 38.104 2 61.304
      vertex 38.2642 2 67.5858
    endloop
  endfacet
  facet normal 0 1 0
    outer loop
      vertex 13.768 2 67.0979
      vertex 11.896 2 61.304
      vertex 13.4629 2 67.0246
    endloop
  endfacet
  facet normal 0 1 0
    outer loop
      vertex 37.1629 2 67.0246
      vertex 38.104 2 61.304
      vertex 36.85 2 67
    endloop
  endfacet
  facet normal 0 1 0
    outer loop
      vertex 37.468 2 67.0979
      vertex 38.104 2 61.304
      vertex 37.1629 2 67.0246
    endloop
  endfacet
  facet normal 0 1 0
    outer loop
      vertex 37.758 2 67.218
      vertex 38.104 2 61.304
      vertex 37.468 2 67.0979
    endloop
  endfacet
  facet normal 0 1 0
    outer loop
      vertex 38.0256 2 67.382
      vertex 38.104 2 61.304
      vertex 37.758 2 67.218
    endloop
  endfacet
  facet normal 0 1 0
    outer loop
      vertex 38.2642 2 67.5858
      vertex 38.104 2 61.304
      vertex 38.0256 2 67.382
    endloop
  endfacet
  facet normal 0 1 -0
    outer loop
      vertex 38.7804 2 34.4
      vertex 38.104 2 61.304
      vertex 48 2 74
    endloop
  endfacet
  facet normal 0 1 0
    outer loop
      vertex 34.9195 2 34.4
      vertex 38.104 2 35.096
      vertex 38.7804 2 34.4
    endloop
  endfacet
  facet normal 0 1 0
    outer loop
      vertex 38.104 2 61.304
      vertex 38.7804 2 34.4
      vertex 38.104 2 35.096
    endloop
  endfacet
  facet normal 0 1 0
    outer loop
      vertex 48 2 74
      vertex 38.8254 2 34.2129
      vertex 38.7804 2 34.4
    endloop
  endfacet
  facet normal 0 1 -0
    outer loop
      vertex 41.6 2 24.6
      vertex 38.8254 2 34.2129
      vertex 48 2 74
    endloop
  endfacet
  facet normal 0 1 0
    outer loop
      vertex 38.8254 2 34.2129
      vertex 41.6 2 24.6
      vertex 38.85 2 33.9
    endloop
  endfacet
  facet normal 0 1 0
    outer loop
      vertex 13.768 2 31.9979
      vertex 8.4 2 24.6
      vertex 13.4629 2 31.9246
    endloop
  endfacet
  facet normal 0 1 0
    outer loop
      vertex 37.1629 2 31.9246
      vertex 41.6 2 24.6
      vertex 36.85 2 31.9
    endloop
  endfacet
  facet normal 0 1 0
    outer loop
      vertex 37.468 2 31.9979
      vertex 41.6 2 24.6
      vertex 37.1629 2 31.9246
    endloop
  endfacet
  facet normal 0 1 0
    outer loop
      vertex 37.758 2 32.118
      vertex 41.6 2 24.6
      vertex 37.468 2 31.9979
    endloop
  endfacet
  facet normal 0 1 0
    outer loop
      vertex 38.0256 2 32.282
      vertex 41.6 2 24.6
      vertex 37.758 2 32.118
    endloop
  endfacet
  facet normal 0 1 0
    outer loop
      vertex 38.2642 2 32.4858
      vertex 41.6 2 24.6
      vertex 38.0256 2 32.282
    endloop
  endfacet
  facet normal 0 1 0
    outer loop
      vertex 38.468 2 32.7244
      vertex 41.6 2 24.6
      vertex 38.2642 2 32.4858
    endloop
  endfacet
  facet normal 0 1 0
    outer loop
      vertex 38.632 2 32.992
      vertex 41.6 2 24.6
      vertex 38.468 2 32.7244
    endloop
  endfacet
  facet normal 0 1 0
    outer loop
      vertex 38.7521 2 33.282
      vertex 41.6 2 24.6
      vertex 38.632 2 32.992
    endloop
  endfacet
  facet normal 0 1 0
    outer loop
      vertex 38.8254 2 33.5871
      vertex 41.6 2 24.6
      vertex 38.7521 2 33.282
    endloop
  endfacet
  facet normal 0 1 0
    outer loop
      vertex 38.85 2 33.9
      vertex 41.6 2 24.6
      vertex 38.8254 2 33.5871
    endloop
  endfacet
  facet normal 0 1 -0
    outer loop
      vertex 48 2 2
      vertex 41.6 2 24.6
      vertex 48 2 74
    endloop
  endfacet
  facet normal 0 1 0
    outer loop
      vertex 41.6 2 24.6
      vertex 48 2 2
      vertex 41.6 2 2
    endloop
  endfacet
  facet normal 0 1 0
    outer loop
      vertex 13.15 2 71
      vertex 23.5 2 74
      vertex 23.5112 2 73.7989
    endloop
  endfacet
  facet normal 0 1 0
    outer loop
      vertex 13.15 2 71
      vertex 23.5112 2 73.7989
      vertex 23.5185 2 73.6682
    endloop
  endfacet
  facet normal 0 1 0
    outer loop
      vertex 13.15 2 71
      vertex 23.5185 2 73.6682
      vertex 23.5393 2 73.5455
    endloop
  endfacet
  facet normal 0 1 0
    outer loop
      vertex 13.15 2 71
      vertex 23.5393 2 73.5455
      vertex 23.5734 2 73.3445
    endloop
  endfacet
  facet normal 0 1 0
    outer loop
      vertex 13.15 2 71
      vertex 23.5734 2 73.3445
      vertex 23.6315 2 73.1462
    endloop
  endfacet
  facet normal 0 1 0
    outer loop
      vertex 13.15 2 71
      vertex 23.6315 2 73.1462
      vertex 23.6635 2 73.0369
    endloop
  endfacet
  facet normal 0 1 0
    outer loop
      vertex 13.15 2 71
      vertex 23.6635 2 73.0369
      vertex 23.7449 2 72.849
    endloop
  endfacet
  facet normal 0 1 0
    outer loop
      vertex 13.15 2 71
      vertex 23.7449 2 72.849
      vertex 23.7865 2 72.7531
    endloop
  endfacet
  facet normal 0 1 0
    outer loop
      vertex 13.15 2 71
      vertex 23.7865 2 72.7531
      vertex 23.8365 2 72.6703
    endloop
  endfacet
  facet normal 0 1 0
    outer loop
      vertex 13.15 2 71
      vertex 23.8365 2 72.6703
      vertex 23.9393 2 72.5
    endloop
  endfacet
  facet normal 0 1 0
    outer loop
      vertex 13.15 2 71
      vertex 23.9393 2 72.5
      vertex 24.0631 2 72.3505
    endloop
  endfacet
  facet normal 0 1 0
    outer loop
      vertex 13.15 2 71
      vertex 24.0631 2 72.3505
      vertex 24.1183 2 72.2838
    endloop
  endfacet
  facet normal 0 1 0
    outer loop
      vertex 13.15 2 71
      vertex 24.1183 2 72.2838
      vertex 24.1788 2 72.2314
    endloop
  endfacet
  facet normal 0 1 0
    outer loop
      vertex 13.15 2 71
      vertex 24.1788 2 72.2314
      vertex 24.319 2 72.1099
    endloop
  endfacet
  facet normal 0 1 0
    outer loop
      vertex 13.15 2 71
      vertex 24.319 2 72.1099
      vertex 24.4736 2 72.0193
    endloop
  endfacet
  facet normal 0 1 0
    outer loop
      vertex 13.15 2 71
      vertex 24.4736 2 72.0193
      vertex 24.5365 2 71.9825
    endloop
  endfacet
  facet normal 0 1 0
    outer loop
      vertex 13.15 2 71
      vertex 24.5365 2 71.9825
      vertex 24.7653 2 71.9048
    endloop
  endfacet
  facet normal 0 1 0
    outer loop
      vertex 13.15 2 71
      vertex 24.7653 2 71.9048
      vertex 25 2 71.8787
    endloop
  endfacet
  facet normal 0 1 0
    outer loop
      vertex 26.1635 2 72.6703
      vertex 34.8746 2 69.3129
      vertex 26.0607 2 72.5
    endloop
  endfacet
  facet normal 0 1 0
    outer loop
      vertex 23.5 2 74
      vertex 13.15 2 71
      vertex 2 2 74
    endloop
  endfacet
  facet normal 0 1 -0
    outer loop
      vertex 12.8371 2 70.9754
      vertex 2 2 74
      vertex 13.15 2 71
    endloop
  endfacet
  facet normal 0 1 -0
    outer loop
      vertex 12.532 2 70.9021
      vertex 2 2 74
      vertex 12.8371 2 70.9754
    endloop
  endfacet
  facet normal 0 1 -0
    outer loop
      vertex 12.242 2 70.782
      vertex 2 2 74
      vertex 12.532 2 70.9021
    endloop
  endfacet
  facet normal 0 1 -0
    outer loop
      vertex 11.9744 2 70.618
      vertex 2 2 74
      vertex 12.242 2 70.782
    endloop
  endfacet
  facet normal 0 1 -0
    outer loop
      vertex 11.7358 2 70.4142
      vertex 2 2 74
      vertex 11.9744 2 70.618
    endloop
  endfacet
  facet normal 0 1 -0
    outer loop
      vertex 11.532 2 70.1756
      vertex 2 2 74
      vertex 11.7358 2 70.4142
    endloop
  endfacet
  facet normal 0 1 -0
    outer loop
      vertex 11.368 2 69.908
      vertex 2 2 74
      vertex 11.532 2 70.1756
    endloop
  endfacet
  facet normal 0 1 -0
    outer loop
      vertex 11.2479 2 69.618
      vertex 2 2 74
      vertex 11.368 2 69.908
    endloop
  endfacet
  facet normal 0 1 -0
    outer loop
      vertex 11.1746 2 69.3129
      vertex 2 2 74
      vertex 11.2479 2 69.618
    endloop
  endfacet
  facet normal 0 1 -0
    outer loop
      vertex 11.15 2 69
      vertex 2 2 74
      vertex 11.1746 2 69.3129
    endloop
  endfacet
  facet normal 0 1 0
    outer loop
      vertex 11.1746 2 68.6871
      vertex 2 2 74
      vertex 11.15 2 69
    endloop
  endfacet
  facet normal 0 1 0
    outer loop
      vertex 11.2479 2 68.382
      vertex 2 2 74
      vertex 11.1746 2 68.6871
    endloop
  endfacet
  facet normal 0 1 0
    outer loop
      vertex 11.368 2 68.092
      vertex 2 2 74
      vertex 11.2479 2 68.382
    endloop
  endfacet
  facet normal 0 1 0
    outer loop
      vertex 11.896 2 61.304
      vertex 11.368 2 68.092
      vertex 11.532 2 67.8244
    endloop
  endfacet
  facet normal 0 1 0
    outer loop
      vertex 11.896 2 61.304
      vertex 11.532 2 67.8244
      vertex 11.7358 2 67.5858
    endloop
  endfacet
  facet normal 0 1 -0
    outer loop
      vertex 11.896 2 61.304
      vertex 11.7358 2 67.5858
      vertex 11.9744 2 67.382
    endloop
  endfacet
  facet normal 0 1 0
    outer loop
      vertex 13.4629 2 67.0246
      vertex 11.896 2 61.304
      vertex 13.15 2 67
    endloop
  endfacet
  facet normal 0 1 0
    outer loop
      vertex 13.15 2 67
      vertex 11.896 2 61.304
      vertex 12.8371 2 67.0246
    endloop
  endfacet
  facet normal 0 1 0
    outer loop
      vertex 11.896 2 61.304
      vertex 12.532 2 67.0979
      vertex 12.8371 2 67.0246
    endloop
  endfacet
  facet normal 0 1 0
    outer loop
      vertex 11.896 2 61.304
      vertex 12.242 2 67.218
      vertex 12.532 2 67.0979
    endloop
  endfacet
  facet normal 0 1 0
    outer loop
      vertex 11.896 2 61.304
      vertex 11.9744 2 67.382
      vertex 12.242 2 67.218
    endloop
  endfacet
  facet normal 0 1 0
    outer loop
      vertex 11.368 2 68.092
      vertex 11.896 2 61.304
      vertex 2 2 74
    endloop
  endfacet
  facet normal 0 1 0
    outer loop
      vertex 11.2195 2 34.4
      vertex 11.896 2 61.304
      vertex 11.896 2 35.096
    endloop
  endfacet
  facet normal 0 1 0
    outer loop
      vertex 38.104 2 35.096
      vertex 34.9195 2 34.4
      vertex 11.896 2 35.096
    endloop
  endfacet
  facet normal 0 1 -0
    outer loop
      vertex 15.0805 2 34.4
      vertex 11.896 2 35.096
      vertex 34.9195 2 34.4
    endloop
  endfacet
  facet normal 0 1 0
    outer loop
      vertex 11.2195 2 34.4
      vertex 11.896 2 35.096
      vertex 15.0805 2 34.4
    endloop
  endfacet
  facet normal 0 1 0
    outer loop
      vertex 11.896 2 61.304
      vertex 11.2195 2 34.4
      vertex 2 2 74
    endloop
  endfacet
  facet normal 0 1 -0
    outer loop
      vertex 11.1746 2 34.2129
      vertex 2 2 74
      vertex 11.2195 2 34.4
    endloop
  endfacet
  facet normal 0 1 0
    outer loop
      vertex 8.4 2 24.6
      vertex 11.1746 2 34.2129
      vertex 11.15 2 33.9
    endloop
  endfacet
  facet normal 0 1 0
    outer loop
      vertex 8.4 2 24.6
      vertex 11.15 2 33.9
      vertex 11.1746 2 33.5871
    endloop
  endfacet
  facet normal 0 1 0
    outer loop
      vertex 13.4629 2 31.9246
      vertex 8.4 2 24.6
      vertex 13.15 2 31.9
    endloop
  endfacet
  facet normal 0 1 0
    outer loop
      vertex 13.15 2 31.9
      vertex 8.4 2 24.6
      vertex 12.8371 2 31.9246
    endloop
  endfacet
  facet normal 0 1 0
    outer loop
      vertex 12.8371 2 31.9246
      vertex 8.4 2 24.6
      vertex 12.532 2 31.9979
    endloop
  endfacet
  facet normal 0 1 0
    outer loop
      vertex 8.4 2 24.6
      vertex 12.242 2 32.118
      vertex 12.532 2 31.9979
    endloop
  endfacet
  facet normal 0 1 0
    outer loop
      vertex 8.4 2 24.6
      vertex 11.9744 2 32.282
      vertex 12.242 2 32.118
    endloop
  endfacet
  facet normal 0 1 0
    outer loop
      vertex 8.4 2 24.6
      vertex 11.7358 2 32.4858
      vertex 11.9744 2 32.282
    endloop
  endfacet
  facet normal 0 1 0
    outer loop
      vertex 8.4 2 24.6
      vertex 11.532 2 32.7244
      vertex 11.7358 2 32.4858
    endloop
  endfacet
  facet normal 0 1 0
    outer loop
      vertex 8.4 2 24.6
      vertex 11.368 2 32.992
      vertex 11.532 2 32.7244
    endloop
  endfacet
  facet normal 0 1 0
    outer loop
      vertex 8.4 2 24.6
      vertex 11.2479 2 33.282
      vertex 11.368 2 32.992
    endloop
  endfacet
  facet normal 0 1 0
    outer loop
      vertex 8.4 2 24.6
      vertex 11.1746 2 33.5871
      vertex 11.2479 2 33.282
    endloop
  endfacet
  facet normal 0 1 0
    outer loop
      vertex 11.1746 2 34.2129
      vertex 8.4 2 24.6
      vertex 2 2 74
    endloop
  endfacet
  facet normal 0 1 0
    outer loop
      vertex 2 2 2
      vertex 8.4 2 24.6
      vertex 8.4 2 2
    endloop
  endfacet
  facet normal 0 1 0
    outer loop
      vertex 8.4 2 24.6
      vertex 2 2 2
      vertex 2 2 74
    endloop
  endfacet
  facet normal 0 1 -0
    outer loop
      vertex 16.5251 2 12.9902
      vertex 9.6 2 23.4
      vertex 19.2749 2 12.9902
    endloop
  endfacet
  facet normal 0 1 0
    outer loop
      vertex 9.6 2 23.4
      vertex 16.5251 2 12.9902
      vertex 16.4 2 13
    endloop
  endfacet
  facet normal 0 1 -0
    outer loop
      vertex 19.1528 2 12.9608
      vertex 16.5251 2 12.9902
      vertex 19.2749 2 12.9902
    endloop
  endfacet
  facet normal 0 1 0
    outer loop
      vertex 19.1528 2 12.9608
      vertex 16.6472 2 12.9608
      vertex 16.5251 2 12.9902
    endloop
  endfacet
  facet normal 0 1 -0
    outer loop
      vertex 19.0368 2 12.9128
      vertex 16.6472 2 12.9608
      vertex 19.1528 2 12.9608
    endloop
  endfacet
  facet normal 0 1 0
    outer loop
      vertex 19.0368 2 12.9128
      vertex 16.7632 2 12.9128
      vertex 16.6472 2 12.9608
    endloop
  endfacet
  facet normal 0 1 -0
    outer loop
      vertex 18.9298 2 12.8472
      vertex 16.7632 2 12.9128
      vertex 19.0368 2 12.9128
    endloop
  endfacet
  facet normal 0 1 0
    outer loop
      vertex 18.9298 2 12.8472
      vertex 16.8702 2 12.8472
      vertex 16.7632 2 12.9128
    endloop
  endfacet
  facet normal 0 1 -0
    outer loop
      vertex 18.8343 2 12.7657
      vertex 16.8702 2 12.8472
      vertex 18.9298 2 12.8472
    endloop
  endfacet
  facet normal 0 1 0
    outer loop
      vertex 18.8343 2 12.7657
      vertex 16.9657 2 12.7657
      vertex 16.8702 2 12.8472
    endloop
  endfacet
  facet normal 0 1 -0
    outer loop
      vertex 18.7528 2 12.6702
      vertex 16.9657 2 12.7657
      vertex 18.8343 2 12.7657
    endloop
  endfacet
  facet normal 0 1 0
    outer loop
      vertex 18.7528 2 12.6702
      vertex 17.0472 2 12.6702
      vertex 16.9657 2 12.7657
    endloop
  endfacet
  facet normal 0 1 -0
    outer loop
      vertex 18.6872 2 12.5632
      vertex 17.0472 2 12.6702
      vertex 18.7528 2 12.6702
    endloop
  endfacet
  facet normal 0 1 0
    outer loop
      vertex 18.6872 2 12.5632
      vertex 17.1128 2 12.5632
      vertex 17.0472 2 12.6702
    endloop
  endfacet
  facet normal 0 1 -0
    outer loop
      vertex 18.6392 2 12.4472
      vertex 17.1128 2 12.5632
      vertex 18.6872 2 12.5632
    endloop
  endfacet
  facet normal 0 1 0
    outer loop
      vertex 18.6392 2 12.4472
      vertex 17.1608 2 12.4472
      vertex 17.1128 2 12.5632
    endloop
  endfacet
  facet normal 0 1 -0
    outer loop
      vertex 18.6098 2 12.3251
      vertex 17.1608 2 12.4472
      vertex 18.6392 2 12.4472
    endloop
  endfacet
  facet normal 0 1 0
    outer loop
      vertex 18.6098 2 12.3251
      vertex 17.1902 2 12.3251
      vertex 17.1608 2 12.4472
    endloop
  endfacet
  facet normal 0 1 -0
    outer loop
      vertex 18.6 2 12.2
      vertex 17.1902 2 12.3251
      vertex 18.6098 2 12.3251
    endloop
  endfacet
  facet normal 0 1 0
    outer loop
      vertex 18.6 2 12.2
      vertex 17.2 2 12.2
      vertex 17.1902 2 12.3251
    endloop
  endfacet
  facet normal 0 1 -0
    outer loop
      vertex 18.6 2 5.8
      vertex 17.2 2 12.2
      vertex 18.6 2 12.2
    endloop
  endfacet
  facet normal 0 1 0
    outer loop
      vertex 18.6 2 5.8
      vertex 17.2 2 5.8
      vertex 17.2 2 12.2
    endloop
  endfacet
  facet normal 0 1 0
    outer loop
      vertex 18.6098 2 5.67485
      vertex 17.2 2 5.8
      vertex 18.6 2 5.8
    endloop
  endfacet
  facet normal 0 1 0
    outer loop
      vertex 18.6098 2 5.67485
      vertex 17.1902 2 5.67485
      vertex 17.2 2 5.8
    endloop
  endfacet
  facet normal 0 1 0
    outer loop
      vertex 18.6392 2 5.55279
      vertex 17.1902 2 5.67485
      vertex 18.6098 2 5.67485
    endloop
  endfacet
  facet normal 0 1 0
    outer loop
      vertex 18.6392 2 5.55279
      vertex 17.1608 2 5.55279
      vertex 17.1902 2 5.67485
    endloop
  endfacet
  facet normal 0 1 0
    outer loop
      vertex 18.6872 2 5.43681
      vertex 17.1608 2 5.55279
      vertex 18.6392 2 5.55279
    endloop
  endfacet
  facet normal 0 1 0
    outer loop
      vertex 18.6872 2 5.43681
      vertex 17.1128 2 5.43681
      vertex 17.1608 2 5.55279
    endloop
  endfacet
  facet normal 0 1 0
    outer loop
      vertex 18.7528 2 5.32977
      vertex 17.1128 2 5.43681
      vertex 18.6872 2 5.43681
    endloop
  endfacet
  facet normal 0 1 0
    outer loop
      vertex 18.7528 2 5.32977
      vertex 17.0472 2 5.32977
      vertex 17.1128 2 5.43681
    endloop
  endfacet
  facet normal 0 1 0
    outer loop
      vertex 18.8343 2 5.23431
      vertex 17.0472 2 5.32977
      vertex 18.7528 2 5.32977
    endloop
  endfacet
  facet normal 0 1 0
    outer loop
      vertex 18.8343 2 5.23431
      vertex 16.9657 2 5.23431
      vertex 17.0472 2 5.32977
    endloop
  endfacet
  facet normal 0 1 0
    outer loop
      vertex 18.9298 2 5.15279
      vertex 16.9657 2 5.23431
      vertex 18.8343 2 5.23431
    endloop
  endfacet
  facet normal 0 1 0
    outer loop
      vertex 18.9298 2 5.15279
      vertex 16.8702 2 5.15279
      vertex 16.9657 2 5.23431
    endloop
  endfacet
  facet normal 0 1 0
    outer loop
      vertex 19.0368 2 5.08719
      vertex 16.8702 2 5.15279
      vertex 18.9298 2 5.15279
    endloop
  endfacet
  facet normal 0 1 0
    outer loop
      vertex 19.0368 2 5.08719
      vertex 16.7632 2 5.08719
      vertex 16.8702 2 5.15279
    endloop
  endfacet
  facet normal 0 1 0
    outer loop
      vertex 19.1528 2 5.03915
      vertex 16.7632 2 5.08719
      vertex 19.0368 2 5.08719
    endloop
  endfacet
  facet normal 0 1 0
    outer loop
      vertex 19.1528 2 5.03915
      vertex 16.6472 2 5.03915
      vertex 16.7632 2 5.08719
    endloop
  endfacet
  facet normal 0 1 0
    outer loop
      vertex 19.2749 2 5.00985
      vertex 16.6472 2 5.03915
      vertex 19.1528 2 5.03915
    endloop
  endfacet
  facet normal 0 1 0
    outer loop
      vertex 19.2749 2 5.00985
      vertex 16.5251 2 5.00985
      vertex 16.6472 2 5.03915
    endloop
  endfacet
  facet normal 0 1 0
    outer loop
      vertex 9.6 2 2.6
      vertex 19.2749 2 5.00985
      vertex 19.4 2 5
    endloop
  endfacet
  facet normal 0 1 0
    outer loop
      vertex 19.2749 2 5.00985
      vertex 9.6 2 2.6
      vertex 16.5251 2 5.00985
    endloop
  endfacet
  facet normal 0 1 -0
    outer loop
      vertex 19.5251 2 12.9902
      vertex 9.6 2 23.4
      vertex 22.2749 2 12.9902
    endloop
  endfacet
  facet normal 0 1 0
    outer loop
      vertex 9.6 2 23.4
      vertex 19.5251 2 12.9902
      vertex 19.4 2 13
    endloop
  endfacet
  facet normal 0 1 -0
    outer loop
      vertex 22.1528 2 12.9608
      vertex 19.5251 2 12.9902
      vertex 22.2749 2 12.9902
    endloop
  endfacet
  facet normal 0 1 0
    outer loop
      vertex 22.1528 2 12.9608
      vertex 19.6472 2 12.9608
      vertex 19.5251 2 12.9902
    endloop
  endfacet
  facet normal 0 1 -0
    outer loop
      vertex 22.0368 2 12.9128
      vertex 19.6472 2 12.9608
      vertex 22.1528 2 12.9608
    endloop
  endfacet
  facet normal 0 1 0
    outer loop
      vertex 22.0368 2 12.9128
      vertex 19.7632 2 12.9128
      vertex 19.6472 2 12.9608
    endloop
  endfacet
  facet normal 0 1 -0
    outer loop
      vertex 21.9298 2 12.8472
      vertex 19.7632 2 12.9128
      vertex 22.0368 2 12.9128
    endloop
  endfacet
  facet normal 0 1 0
    outer loop
      vertex 21.9298 2 12.8472
      vertex 19.8702 2 12.8472
      vertex 19.7632 2 12.9128
    endloop
  endfacet
  facet normal 0 1 -0
    outer loop
      vertex 21.8343 2 12.7657
      vertex 19.8702 2 12.8472
      vertex 21.9298 2 12.8472
    endloop
  endfacet
  facet normal 0 1 0
    outer loop
      vertex 21.8343 2 12.7657
      vertex 19.9657 2 12.7657
      vertex 19.8702 2 12.8472
    endloop
  endfacet
  facet normal 0 1 -0
    outer loop
      vertex 21.7528 2 12.6702
      vertex 19.9657 2 12.7657
      vertex 21.8343 2 12.7657
    endloop
  endfacet
  facet normal 0 1 0
    outer loop
      vertex 21.7528 2 12.6702
      vertex 20.0472 2 12.6702
      vertex 19.9657 2 12.7657
    endloop
  endfacet
  facet normal 0 1 -0
    outer loop
      vertex 21.6872 2 12.5632
      vertex 20.0472 2 12.6702
      vertex 21.7528 2 12.6702
    endloop
  endfacet
  facet normal 0 1 0
    outer loop
      vertex 21.6872 2 12.5632
      vertex 20.1128 2 12.5632
      vertex 20.0472 2 12.6702
    endloop
  endfacet
  facet normal 0 1 -0
    outer loop
      vertex 21.6392 2 12.4472
      vertex 20.1128 2 12.5632
      vertex 21.6872 2 12.5632
    endloop
  endfacet
  facet normal 0 1 0
    outer loop
      vertex 21.6392 2 12.4472
      vertex 20.1608 2 12.4472
      vertex 20.1128 2 12.5632
    endloop
  endfacet
  facet normal 0 1 -0
    outer loop
      vertex 21.6098 2 12.3251
      vertex 20.1608 2 12.4472
      vertex 21.6392 2 12.4472
    endloop
  endfacet
  facet normal 0 1 0
    outer loop
      vertex 21.6098 2 12.3251
      vertex 20.1902 2 12.3251
      vertex 20.1608 2 12.4472
    endloop
  endfacet
  facet normal 0 1 -0
    outer loop
      vertex 21.6 2 12.2
      vertex 20.1902 2 12.3251
      vertex 21.6098 2 12.3251
    endloop
  endfacet
  facet normal 0 1 0
    outer loop
      vertex 21.6 2 12.2
      vertex 20.2 2 12.2
      vertex 20.1902 2 12.3251
    endloop
  endfacet
  facet normal 0 1 -0
    outer loop
      vertex 21.6 2 5.8
      vertex 20.2 2 12.2
      vertex 21.6 2 12.2
    endloop
  endfacet
  facet normal 0 1 0
    outer loop
      vertex 21.6 2 5.8
      vertex 20.2 2 5.8
      vertex 20.2 2 12.2
    endloop
  endfacet
  facet normal 0 1 0
    outer loop
      vertex 21.6098 2 5.67485
      vertex 20.2 2 5.8
      vertex 21.6 2 5.8
    endloop
  endfacet
  facet normal 0 1 0
    outer loop
      vertex 21.6098 2 5.67485
      vertex 20.1902 2 5.67485
      vertex 20.2 2 5.8
    endloop
  endfacet
  facet normal 0 1 0
    outer loop
      vertex 21.6392 2 5.55279
      vertex 20.1902 2 5.67485
      vertex 21.6098 2 5.67485
    endloop
  endfacet
  facet normal 0 1 0
    outer loop
      vertex 21.6392 2 5.55279
      vertex 20.1608 2 5.55279
      vertex 20.1902 2 5.67485
    endloop
  endfacet
  facet normal 0 1 0
    outer loop
      vertex 21.6872 2 5.43681
      vertex 20.1608 2 5.55279
      vertex 21.6392 2 5.55279
    endloop
  endfacet
  facet normal 0 1 0
    outer loop
      vertex 21.6872 2 5.43681
      vertex 20.1128 2 5.43681
      vertex 20.1608 2 5.55279
    endloop
  endfacet
  facet normal 0 1 0
    outer loop
      vertex 21.7528 2 5.32977
      vertex 20.1128 2 5.43681
      vertex 21.6872 2 5.43681
    endloop
  endfacet
  facet normal 0 1 0
    outer loop
      vertex 21.7528 2 5.32977
      vertex 20.0472 2 5.32977
      vertex 20.1128 2 5.43681
    endloop
  endfacet
  facet normal 0 1 0
    outer loop
      vertex 21.8343 2 5.23431
      vertex 20.0472 2 5.32977
      vertex 21.7528 2 5.32977
    endloop
  endfacet
  facet normal 0 1 0
    outer loop
      vertex 21.8343 2 5.23431
      vertex 19.9657 2 5.23431
      vertex 20.0472 2 5.32977
    endloop
  endfacet
  facet normal 0 1 0
    outer loop
      vertex 21.9298 2 5.15279
      vertex 19.9657 2 5.23431
      vertex 21.8343 2 5.23431
    endloop
  endfacet
  facet normal 0 1 0
    outer loop
      vertex 21.9298 2 5.15279
      vertex 19.8702 2 5.15279
      vertex 19.9657 2 5.23431
    endloop
  endfacet
  facet normal 0 1 0
    outer loop
      vertex 22.0368 2 5.08719
      vertex 19.8702 2 5.15279
      vertex 21.9298 2 5.15279
    endloop
  endfacet
  facet normal 0 1 0
    outer loop
      vertex 22.0368 2 5.08719
      vertex 19.7632 2 5.08719
      vertex 19.8702 2 5.15279
    endloop
  endfacet
  facet normal 0 1 0
    outer loop
      vertex 22.1528 2 5.03915
      vertex 19.7632 2 5.08719
      vertex 22.0368 2 5.08719
    endloop
  endfacet
  facet normal 0 1 0
    outer loop
      vertex 22.1528 2 5.03915
      vertex 19.6472 2 5.03915
      vertex 19.7632 2 5.08719
    endloop
  endfacet
  facet normal 0 1 0
    outer loop
      vertex 22.2749 2 5.00985
      vertex 19.6472 2 5.03915
      vertex 22.1528 2 5.03915
    endloop
  endfacet
  facet normal 0 1 0
    outer loop
      vertex 22.2749 2 5.00985
      vertex 19.5251 2 5.00985
      vertex 19.6472 2 5.03915
    endloop
  endfacet
  facet normal 0 1 0
    outer loop
      vertex 22.4 2 5
      vertex 19.5251 2 5.00985
      vertex 22.2749 2 5.00985
    endloop
  endfacet
  facet normal 0 1 0
    outer loop
      vertex 19.5251 2 5.00985
      vertex 22.4 2 5
      vertex 19.4 2 5
    endloop
  endfacet
  facet normal 0 1 -0
    outer loop
      vertex 22.5251 2 12.9902
      vertex 9.6 2 23.4
      vertex 25.2749 2 12.9902
    endloop
  endfacet
  facet normal 0 1 0
    outer loop
      vertex 9.6 2 23.4
      vertex 22.5251 2 12.9902
      vertex 22.4 2 13
    endloop
  endfacet
  facet normal 0 1 -0
    outer loop
      vertex 25.1528 2 12.9608
      vertex 22.5251 2 12.9902
      vertex 25.2749 2 12.9902
    endloop
  endfacet
  facet normal 0 1 0
    outer loop
      vertex 25.1528 2 12.9608
      vertex 22.6472 2 12.9608
      vertex 22.5251 2 12.9902
    endloop
  endfacet
  facet normal 0 1 -0
    outer loop
      vertex 25.0368 2 12.9128
      vertex 22.6472 2 12.9608
      vertex 25.1528 2 12.9608
    endloop
  endfacet
  facet normal 0 1 0
    outer loop
      vertex 25.0368 2 12.9128
      vertex 22.7632 2 12.9128
      vertex 22.6472 2 12.9608
    endloop
  endfacet
  facet normal 0 1 -0
    outer loop
      vertex 24.9298 2 12.8472
      vertex 22.7632 2 12.9128
      vertex 25.0368 2 12.9128
    endloop
  endfacet
  facet normal 0 1 0
    outer loop
      vertex 24.9298 2 12.8472
      vertex 22.8702 2 12.8472
      vertex 22.7632 2 12.9128
    endloop
  endfacet
  facet normal 0 1 -0
    outer loop
      vertex 24.8343 2 12.7657
      vertex 22.8702 2 12.8472
      vertex 24.9298 2 12.8472
    endloop
  endfacet
  facet normal 0 1 0
    outer loop
      vertex 24.8343 2 12.7657
      vertex 22.9657 2 12.7657
      vertex 22.8702 2 12.8472
    endloop
  endfacet
  facet normal 0 1 -0
    outer loop
      vertex 24.7528 2 12.6702
      vertex 22.9657 2 12.7657
      vertex 24.8343 2 12.7657
    endloop
  endfacet
  facet normal 0 1 0
    outer loop
      vertex 24.7528 2 12.6702
      vertex 23.0472 2 12.6702
      vertex 22.9657 2 12.7657
    endloop
  endfacet
  facet normal 0 1 -0
    outer loop
      vertex 24.6872 2 12.5632
      vertex 23.0472 2 12.6702
      vertex 24.7528 2 12.6702
    endloop
  endfacet
  facet normal 0 1 0
    outer loop
      vertex 24.6872 2 12.5632
      vertex 23.1128 2 12.5632
      vertex 23.0472 2 12.6702
    endloop
  endfacet
  facet normal 0 1 -0
    outer loop
      vertex 24.6392 2 12.4472
      vertex 23.1128 2 12.5632
      vertex 24.6872 2 12.5632
    endloop
  endfacet
  facet normal 0 1 0
    outer loop
      vertex 24.6392 2 12.4472
      vertex 23.1608 2 12.4472
      vertex 23.1128 2 12.5632
    endloop
  endfacet
  facet normal 0 1 -0
    outer loop
      vertex 24.6098 2 12.3251
      vertex 23.1608 2 12.4472
      vertex 24.6392 2 12.4472
    endloop
  endfacet
  facet normal 0 1 0
    outer loop
      vertex 24.6098 2 12.3251
      vertex 23.1902 2 12.3251
      vertex 23.1608 2 12.4472
    endloop
  endfacet
  facet normal 0 1 -0
    outer loop
      vertex 24.6 2 12.2
      vertex 23.1902 2 12.3251
      vertex 24.6098 2 12.3251
    endloop
  endfacet
  facet normal 0 1 0
    outer loop
      vertex 24.6 2 12.2
      vertex 23.2 2 12.2
      vertex 23.1902 2 12.3251
    endloop
  endfacet
  facet normal 0 1 -0
    outer loop
      vertex 24.6 2 5.8
      vertex 23.2 2 12.2
      vertex 24.6 2 12.2
    endloop
  endfacet
  facet normal 0 1 0
    outer loop
      vertex 24.6 2 5.8
      vertex 23.2 2 5.8
      vertex 23.2 2 12.2
    endloop
  endfacet
  facet normal 0 1 0
    outer loop
      vertex 24.6098 2 5.67485
      vertex 23.2 2 5.8
      vertex 24.6 2 5.8
    endloop
  endfacet
  facet normal 0 1 0
    outer loop
      vertex 24.6098 2 5.67485
      vertex 23.1902 2 5.67485
      vertex 23.2 2 5.8
    endloop
  endfacet
  facet normal 0 1 0
    outer loop
      vertex 24.6392 2 5.55279
      vertex 23.1902 2 5.67485
      vertex 24.6098 2 5.67485
    endloop
  endfacet
  facet normal 0 1 0
    outer loop
      vertex 24.6392 2 5.55279
      vertex 23.1608 2 5.55279
      vertex 23.1902 2 5.67485
    endloop
  endfacet
  facet normal 0 1 0
    outer loop
      vertex 24.6872 2 5.43681
      vertex 23.1608 2 5.55279
      vertex 24.6392 2 5.55279
    endloop
  endfacet
  facet normal 0 1 0
    outer loop
      vertex 24.6872 2 5.43681
      vertex 23.1128 2 5.43681
      vertex 23.1608 2 5.55279
    endloop
  endfacet
  facet normal 0 1 0
    outer loop
      vertex 24.7528 2 5.32977
      vertex 23.1128 2 5.43681
      vertex 24.6872 2 5.43681
    endloop
  endfacet
  facet normal 0 1 0
    outer loop
      vertex 24.7528 2 5.32977
      vertex 23.0472 2 5.32977
      vertex 23.1128 2 5.43681
    endloop
  endfacet
  facet normal 0 1 0
    outer loop
      vertex 24.8343 2 5.23431
      vertex 23.0472 2 5.32977
      vertex 24.7528 2 5.32977
    endloop
  endfacet
  facet normal 0 1 0
    outer loop
      vertex 24.8343 2 5.23431
      vertex 22.9657 2 5.23431
      vertex 23.0472 2 5.32977
    endloop
  endfacet
  facet normal 0 1 0
    outer loop
      vertex 24.9298 2 5.15279
      vertex 22.9657 2 5.23431
      vertex 24.8343 2 5.23431
    endloop
  endfacet
  facet normal 0 1 0
    outer loop
      vertex 24.9298 2 5.15279
      vertex 22.8702 2 5.15279
      vertex 22.9657 2 5.23431
    endloop
  endfacet
  facet normal 0 1 0
    outer loop
      vertex 25.0368 2 5.08719
      vertex 22.8702 2 5.15279
      vertex 24.9298 2 5.15279
    endloop
  endfacet
  facet normal 0 1 0
    outer loop
      vertex 25.0368 2 5.08719
      vertex 22.7632 2 5.08719
      vertex 22.8702 2 5.15279
    endloop
  endfacet
  facet normal 0 1 0
    outer loop
      vertex 25.1528 2 5.03915
      vertex 22.7632 2 5.08719
      vertex 25.0368 2 5.08719
    endloop
  endfacet
  facet normal 0 1 0
    outer loop
      vertex 25.1528 2 5.03915
      vertex 22.6472 2 5.03915
      vertex 22.7632 2 5.08719
    endloop
  endfacet
  facet normal 0 1 0
    outer loop
      vertex 25.2749 2 5.00985
      vertex 22.6472 2 5.03915
      vertex 25.1528 2 5.03915
    endloop
  endfacet
  facet normal 0 1 0
    outer loop
      vertex 25.2749 2 5.00985
      vertex 22.5251 2 5.00985
      vertex 22.6472 2 5.03915
    endloop
  endfacet
  facet normal 0 1 0
    outer loop
      vertex 25.4 2 5
      vertex 22.5251 2 5.00985
      vertex 25.2749 2 5.00985
    endloop
  endfacet
  facet normal 0 1 0
    outer loop
      vertex 22.5251 2 5.00985
      vertex 25.4 2 5
      vertex 22.4 2 5
    endloop
  endfacet
  facet normal 0 1 0
    outer loop
      vertex 25.5251 2 12.9902
      vertex 40.4 2 23.4
      vertex 28.2749 2 12.9902
    endloop
  endfacet
  facet normal 0 1 0
    outer loop
      vertex 40.4 2 23.4
      vertex 25.5251 2 12.9902
      vertex 25.4 2 13
    endloop
  endfacet
  facet normal 0 1 -0
    outer loop
      vertex 28.1528 2 12.9608
      vertex 25.5251 2 12.9902
      vertex 28.2749 2 12.9902
    endloop
  endfacet
  facet normal 0 1 0
    outer loop
      vertex 28.1528 2 12.9608
      vertex 25.6472 2 12.9608
      vertex 25.5251 2 12.9902
    endloop
  endfacet
  facet normal 0 1 -0
    outer loop
      vertex 28.0368 2 12.9128
      vertex 25.6472 2 12.9608
      vertex 28.1528 2 12.9608
    endloop
  endfacet
  facet normal 0 1 0
    outer loop
      vertex 28.0368 2 12.9128
      vertex 25.7632 2 12.9128
      vertex 25.6472 2 12.9608
    endloop
  endfacet
  facet normal 0 1 -0
    outer loop
      vertex 27.9298 2 12.8472
      vertex 25.7632 2 12.9128
      vertex 28.0368 2 12.9128
    endloop
  endfacet
  facet normal 0 1 0
    outer loop
      vertex 27.9298 2 12.8472
      vertex 25.8702 2 12.8472
      vertex 25.7632 2 12.9128
    endloop
  endfacet
  facet normal 0 1 -0
    outer loop
      vertex 27.8343 2 12.7657
      vertex 25.8702 2 12.8472
      vertex 27.9298 2 12.8472
    endloop
  endfacet
  facet normal 0 1 0
    outer loop
      vertex 27.8343 2 12.7657
      vertex 25.9657 2 12.7657
      vertex 25.8702 2 12.8472
    endloop
  endfacet
  facet normal 0 1 -0
    outer loop
      vertex 27.7528 2 12.6702
      vertex 25.9657 2 12.7657
      vertex 27.8343 2 12.7657
    endloop
  endfacet
  facet normal 0 1 0
    outer loop
      vertex 27.7528 2 12.6702
      vertex 26.0472 2 12.6702
      vertex 25.9657 2 12.7657
    endloop
  endfacet
  facet normal 0 1 -0
    outer loop
      vertex 27.6872 2 12.5632
      vertex 26.0472 2 12.6702
      vertex 27.7528 2 12.6702
    endloop
  endfacet
  facet normal 0 1 0
    outer loop
      vertex 27.6872 2 12.5632
      vertex 26.1128 2 12.5632
      vertex 26.0472 2 12.6702
    endloop
  endfacet
  facet normal 0 1 -0
    outer loop
      vertex 27.6392 2 12.4472
      vertex 26.1128 2 12.5632
      vertex 27.6872 2 12.5632
    endloop
  endfacet
  facet normal 0 1 0
    outer loop
      vertex 27.6392 2 12.4472
      vertex 26.1608 2 12.4472
      vertex 26.1128 2 12.5632
    endloop
  endfacet
  facet normal 0 1 -0
    outer loop
      vertex 27.6098 2 12.3251
      vertex 26.1608 2 12.4472
      vertex 27.6392 2 12.4472
    endloop
  endfacet
  facet normal 0 1 0
    outer loop
      vertex 27.6098 2 12.3251
      vertex 26.1902 2 12.3251
      vertex 26.1608 2 12.4472
    endloop
  endfacet
  facet normal 0 1 -0
    outer loop
      vertex 27.6 2 12.2
      vertex 26.1902 2 12.3251
      vertex 27.6098 2 12.3251
    endloop
  endfacet
  facet normal 0 1 0
    outer loop
      vertex 27.6 2 12.2
      vertex 26.2 2 12.2
      vertex 26.1902 2 12.3251
    endloop
  endfacet
  facet normal 0 1 -0
    outer loop
      vertex 27.6 2 5.8
      vertex 26.2 2 12.2
      vertex 27.6 2 12.2
    endloop
  endfacet
  facet normal 0 1 0
    outer loop
      vertex 27.6 2 5.8
      vertex 26.2 2 5.8
      vertex 26.2 2 12.2
    endloop
  endfacet
  facet normal 0 1 0
    outer loop
      vertex 27.6098 2 5.67485
      vertex 26.2 2 5.8
      vertex 27.6 2 5.8
    endloop
  endfacet
  facet normal 0 1 0
    outer loop
      vertex 27.6098 2 5.67485
      vertex 26.1902 2 5.67485
      vertex 26.2 2 5.8
    endloop
  endfacet
  facet normal 0 1 0
    outer loop
      vertex 27.6392 2 5.55279
      vertex 26.1902 2 5.67485
      vertex 27.6098 2 5.67485
    endloop
  endfacet
  facet normal 0 1 0
    outer loop
      vertex 27.6392 2 5.55279
      vertex 26.1608 2 5.55279
      vertex 26.1902 2 5.67485
    endloop
  endfacet
  facet normal 0 1 0
    outer loop
      vertex 27.6872 2 5.43681
      vertex 26.1608 2 5.55279
      vertex 27.6392 2 5.55279
    endloop
  endfacet
  facet normal 0 1 0
    outer loop
      vertex 27.6872 2 5.43681
      vertex 26.1128 2 5.43681
      vertex 26.1608 2 5.55279
    endloop
  endfacet
  facet normal 0 1 0
    outer loop
      vertex 27.7528 2 5.32977
      vertex 26.1128 2 5.43681
      vertex 27.6872 2 5.43681
    endloop
  endfacet
  facet normal 0 1 0
    outer loop
      vertex 27.7528 2 5.32977
      vertex 26.0472 2 5.32977
      vertex 26.1128 2 5.43681
    endloop
  endfacet
  facet normal 0 1 0
    outer loop
      vertex 27.8343 2 5.23431
      vertex 26.0472 2 5.32977
      vertex 27.7528 2 5.32977
    endloop
  endfacet
  facet normal 0 1 0
    outer loop
      vertex 27.8343 2 5.23431
      vertex 25.9657 2 5.23431
      vertex 26.0472 2 5.32977
    endloop
  endfacet
  facet normal 0 1 0
    outer loop
      vertex 27.9298 2 5.15279
      vertex 25.9657 2 5.23431
      vertex 27.8343 2 5.23431
    endloop
  endfacet
  facet normal 0 1 0
    outer loop
      vertex 27.9298 2 5.15279
      vertex 25.8702 2 5.15279
      vertex 25.9657 2 5.23431
    endloop
  endfacet
  facet normal 0 1 0
    outer loop
      vertex 28.0368 2 5.08719
      vertex 25.8702 2 5.15279
      vertex 27.9298 2 5.15279
    endloop
  endfacet
  facet normal 0 1 0
    outer loop
      vertex 28.0368 2 5.08719
      vertex 25.7632 2 5.08719
      vertex 25.8702 2 5.15279
    endloop
  endfacet
  facet normal 0 1 0
    outer loop
      vertex 28.1528 2 5.03915
      vertex 25.7632 2 5.08719
      vertex 28.0368 2 5.08719
    endloop
  endfacet
  facet normal 0 1 0
    outer loop
      vertex 28.1528 2 5.03915
      vertex 25.6472 2 5.03915
      vertex 25.7632 2 5.08719
    endloop
  endfacet
  facet normal 0 1 0
    outer loop
      vertex 28.2749 2 5.00985
      vertex 25.6472 2 5.03915
      vertex 28.1528 2 5.03915
    endloop
  endfacet
  facet normal 0 1 0
    outer loop
      vertex 28.2749 2 5.00985
      vertex 25.5251 2 5.00985
      vertex 25.6472 2 5.03915
    endloop
  endfacet
  facet normal 0 1 0
    outer loop
      vertex 28.4 2 5
      vertex 25.5251 2 5.00985
      vertex 28.2749 2 5.00985
    endloop
  endfacet
  facet normal 0 1 0
    outer loop
      vertex 25.5251 2 5.00985
      vertex 28.4 2 5
      vertex 25.4 2 5
    endloop
  endfacet
  facet normal 0 1 0
    outer loop
      vertex 28.5251 2 12.9902
      vertex 40.4 2 23.4
      vertex 31.2749 2 12.9902
    endloop
  endfacet
  facet normal 0 1 0
    outer loop
      vertex 40.4 2 23.4
      vertex 28.5251 2 12.9902
      vertex 28.4 2 13
    endloop
  endfacet
  facet normal 0 1 -0
    outer loop
      vertex 31.1528 2 12.9608
      vertex 28.5251 2 12.9902
      vertex 31.2749 2 12.9902
    endloop
  endfacet
  facet normal 0 1 0
    outer loop
      vertex 31.1528 2 12.9608
      vertex 28.6472 2 12.9608
      vertex 28.5251 2 12.9902
    endloop
  endfacet
  facet normal 0 1 -0
    outer loop
      vertex 31.0368 2 12.9128
      vertex 28.6472 2 12.9608
      vertex 31.1528 2 12.9608
    endloop
  endfacet
  facet normal 0 1 0
    outer loop
      vertex 31.0368 2 12.9128
      vertex 28.7632 2 12.9128
      vertex 28.6472 2 12.9608
    endloop
  endfacet
  facet normal 0 1 -0
    outer loop
      vertex 30.9298 2 12.8472
      vertex 28.7632 2 12.9128
      vertex 31.0368 2 12.9128
    endloop
  endfacet
  facet normal 0 1 0
    outer loop
      vertex 30.9298 2 12.8472
      vertex 28.8702 2 12.8472
      vertex 28.7632 2 12.9128
    endloop
  endfacet
  facet normal 0 1 -0
    outer loop
      vertex 30.8343 2 12.7657
      vertex 28.8702 2 12.8472
      vertex 30.9298 2 12.8472
    endloop
  endfacet
  facet normal 0 1 0
    outer loop
      vertex 30.8343 2 12.7657
      vertex 28.9657 2 12.7657
      vertex 28.8702 2 12.8472
    endloop
  endfacet
  facet normal 0 1 -0
    outer loop
      vertex 30.7528 2 12.6702
      vertex 28.9657 2 12.7657
      vertex 30.8343 2 12.7657
    endloop
  endfacet
  facet normal 0 1 0
    outer loop
      vertex 30.7528 2 12.6702
      vertex 29.0472 2 12.6702
      vertex 28.9657 2 12.7657
    endloop
  endfacet
  facet normal 0 1 -0
    outer loop
      vertex 30.6872 2 12.5632
      vertex 29.0472 2 12.6702
      vertex 30.7528 2 12.6702
    endloop
  endfacet
  facet normal 0 1 0
    outer loop
      vertex 30.6872 2 12.5632
      vertex 29.1128 2 12.5632
      vertex 29.0472 2 12.6702
    endloop
  endfacet
  facet normal 0 1 -0
    outer loop
      vertex 30.6392 2 12.4472
      vertex 29.1128 2 12.5632
      vertex 30.6872 2 12.5632
    endloop
  endfacet
  facet normal 0 1 0
    outer loop
      vertex 30.6392 2 12.4472
      vertex 29.1608 2 12.4472
      vertex 29.1128 2 12.5632
    endloop
  endfacet
  facet normal 0 1 -0
    outer loop
      vertex 30.6098 2 12.3251
      vertex 29.1608 2 12.4472
      vertex 30.6392 2 12.4472
    endloop
  endfacet
  facet normal 0 1 0
    outer loop
      vertex 30.6098 2 12.3251
      vertex 29.1902 2 12.3251
      vertex 29.1608 2 12.4472
    endloop
  endfacet
  facet normal 0 1 -0
    outer loop
      vertex 30.6 2 12.2
      vertex 29.1902 2 12.3251
      vertex 30.6098 2 12.3251
    endloop
  endfacet
  facet normal 0 1 0
    outer loop
      vertex 30.6 2 12.2
      vertex 29.2 2 12.2
      vertex 29.1902 2 12.3251
    endloop
  endfacet
  facet normal 0 1 -0
    outer loop
      vertex 30.6 2 5.8
      vertex 29.2 2 12.2
      vertex 30.6 2 12.2
    endloop
  endfacet
  facet normal 0 1 0
    outer loop
      vertex 30.6 2 5.8
      vertex 29.2 2 5.8
      vertex 29.2 2 12.2
    endloop
  endfacet
  facet normal 0 1 0
    outer loop
      vertex 30.6098 2 5.67485
      vertex 29.2 2 5.8
      vertex 30.6 2 5.8
    endloop
  endfacet
  facet normal 0 1 0
    outer loop
      vertex 30.6098 2 5.67485
      vertex 29.1902 2 5.67485
      vertex 29.2 2 5.8
    endloop
  endfacet
  facet normal 0 1 0
    outer loop
      vertex 30.6392 2 5.55279
      vertex 29.1902 2 5.67485
      vertex 30.6098 2 5.67485
    endloop
  endfacet
  facet normal 0 1 0
    outer loop
      vertex 30.6392 2 5.55279
      vertex 29.1608 2 5.55279
      vertex 29.1902 2 5.67485
    endloop
  endfacet
  facet normal 0 1 0
    outer loop
      vertex 30.6872 2 5.43681
      vertex 29.1608 2 5.55279
      vertex 30.6392 2 5.55279
    endloop
  endfacet
  facet normal 0 1 0
    outer loop
      vertex 30.6872 2 5.43681
      vertex 29.1128 2 5.43681
      vertex 29.1608 2 5.55279
    endloop
  endfacet
  facet normal 0 1 0
    outer loop
      vertex 30.7528 2 5.32977
      vertex 29.1128 2 5.43681
      vertex 30.6872 2 5.43681
    endloop
  endfacet
  facet normal 0 1 0
    outer loop
      vertex 30.7528 2 5.32977
      vertex 29.0472 2 5.32977
      vertex 29.1128 2 5.43681
    endloop
  endfacet
  facet normal 0 1 0
    outer loop
      vertex 30.8343 2 5.23431
      vertex 29.0472 2 5.32977
      vertex 30.7528 2 5.32977
    endloop
  endfacet
  facet normal 0 1 0
    outer loop
      vertex 30.8343 2 5.23431
      vertex 28.9657 2 5.23431
      vertex 29.0472 2 5.32977
    endloop
  endfacet
  facet normal 0 1 0
    outer loop
      vertex 30.9298 2 5.15279
      vertex 28.9657 2 5.23431
      vertex 30.8343 2 5.23431
    endloop
  endfacet
  facet normal 0 1 0
    outer loop
      vertex 30.9298 2 5.15279
      vertex 28.8702 2 5.15279
      vertex 28.9657 2 5.23431
    endloop
  endfacet
  facet normal 0 1 0
    outer loop
      vertex 31.0368 2 5.08719
      vertex 28.8702 2 5.15279
      vertex 30.9298 2 5.15279
    endloop
  endfacet
  facet normal 0 1 0
    outer loop
      vertex 31.0368 2 5.08719
      vertex 28.7632 2 5.08719
      vertex 28.8702 2 5.15279
    endloop
  endfacet
  facet normal 0 1 0
    outer loop
      vertex 31.1528 2 5.03915
      vertex 28.7632 2 5.08719
      vertex 31.0368 2 5.08719
    endloop
  endfacet
  facet normal 0 1 0
    outer loop
      vertex 31.1528 2 5.03915
      vertex 28.6472 2 5.03915
      vertex 28.7632 2 5.08719
    endloop
  endfacet
  facet normal 0 1 0
    outer loop
      vertex 31.2749 2 5.00985
      vertex 28.6472 2 5.03915
      vertex 31.1528 2 5.03915
    endloop
  endfacet
  facet normal 0 1 0
    outer loop
      vertex 31.2749 2 5.00985
      vertex 28.5251 2 5.00985
      vertex 28.6472 2 5.03915
    endloop
  endfacet
  facet normal 0 1 0
    outer loop
      vertex 31.4 2 5
      vertex 28.5251 2 5.00985
      vertex 31.2749 2 5.00985
    endloop
  endfacet
  facet normal 0 1 0
    outer loop
      vertex 28.5251 2 5.00985
      vertex 31.4 2 5
      vertex 28.4 2 5
    endloop
  endfacet
  facet normal 0 1 0
    outer loop
      vertex 31.5251 2 12.9902
      vertex 40.4 2 23.4
      vertex 34.2749 2 12.9902
    endloop
  endfacet
  facet normal 0 1 0
    outer loop
      vertex 40.4 2 23.4
      vertex 31.5251 2 12.9902
      vertex 31.4 2 13
    endloop
  endfacet
  facet normal 0 1 -0
    outer loop
      vertex 34.1528 2 12.9608
      vertex 31.5251 2 12.9902
      vertex 34.2749 2 12.9902
    endloop
  endfacet
  facet normal 0 1 0
    outer loop
      vertex 34.1528 2 12.9608
      vertex 31.6472 2 12.9608
      vertex 31.5251 2 12.9902
    endloop
  endfacet
  facet normal 0 1 -0
    outer loop
      vertex 34.0368 2 12.9128
      vertex 31.6472 2 12.9608
      vertex 34.1528 2 12.9608
    endloop
  endfacet
  facet normal 0 1 0
    outer loop
      vertex 34.0368 2 12.9128
      vertex 31.7632 2 12.9128
      vertex 31.6472 2 12.9608
    endloop
  endfacet
  facet normal 0 1 -0
    outer loop
      vertex 33.9298 2 12.8472
      vertex 31.7632 2 12.9128
      vertex 34.0368 2 12.9128
    endloop
  endfacet
  facet normal 0 1 0
    outer loop
      vertex 33.9298 2 12.8472
      vertex 31.8702 2 12.8472
      vertex 31.7632 2 12.9128
    endloop
  endfacet
  facet normal 0 1 -0
    outer loop
      vertex 33.8343 2 12.7657
      vertex 31.8702 2 12.8472
      vertex 33.9298 2 12.8472
    endloop
  endfacet
  facet normal 0 1 0
    outer loop
      vertex 33.8343 2 12.7657
      vertex 31.9657 2 12.7657
      vertex 31.8702 2 12.8472
    endloop
  endfacet
  facet normal 0 1 -0
    outer loop
      vertex 33.7528 2 12.6702
      vertex 31.9657 2 12.7657
      vertex 33.8343 2 12.7657
    endloop
  endfacet
  facet normal 0 1 0
    outer loop
      vertex 33.7528 2 12.6702
      vertex 32.0472 2 12.6702
      vertex 31.9657 2 12.7657
    endloop
  endfacet
  facet normal 0 1 -0
    outer loop
      vertex 33.6872 2 12.5632
      vertex 32.0472 2 12.6702
      vertex 33.7528 2 12.6702
    endloop
  endfacet
  facet normal 0 1 0
    outer loop
      vertex 33.6872 2 12.5632
      vertex 32.1128 2 12.5632
      vertex 32.0472 2 12.6702
    endloop
  endfacet
  facet normal 0 1 -0
    outer loop
      vertex 33.6392 2 12.4472
      vertex 32.1128 2 12.5632
      vertex 33.6872 2 12.5632
    endloop
  endfacet
  facet normal 0 1 0
    outer loop
      vertex 33.6392 2 12.4472
      vertex 32.1608 2 12.4472
      vertex 32.1128 2 12.5632
    endloop
  endfacet
  facet normal 0 1 -0
    outer loop
      vertex 33.6098 2 12.3251
      vertex 32.1608 2 12.4472
      vertex 33.6392 2 12.4472
    endloop
  endfacet
  facet normal 0 1 0
    outer loop
      vertex 33.6098 2 12.3251
      vertex 32.1902 2 12.3251
      vertex 32.1608 2 12.4472
    endloop
  endfacet
  facet normal 0 1 -0
    outer loop
      vertex 33.6 2 12.2
      vertex 32.1902 2 12.3251
      vertex 33.6098 2 12.3251
    endloop
  endfacet
  facet normal 0 1 0
    outer loop
      vertex 33.6 2 12.2
      vertex 32.2 2 12.2
      vertex 32.1902 2 12.3251
    endloop
  endfacet
  facet normal 0 1 -0
    outer loop
      vertex 33.6 2 5.8
      vertex 32.2 2 12.2
      vertex 33.6 2 12.2
    endloop
  endfacet
  facet normal 0 1 0
    outer loop
      vertex 33.6 2 5.8
      vertex 32.2 2 5.8
      vertex 32.2 2 12.2
    endloop
  endfacet
  facet normal 0 1 0
    outer loop
      vertex 33.6098 2 5.67485
      vertex 32.2 2 5.8
      vertex 33.6 2 5.8
    endloop
  endfacet
  facet normal 0 1 0
    outer loop
      vertex 33.6098 2 5.67485
      vertex 32.1902 2 5.67485
      vertex 32.2 2 5.8
    endloop
  endfacet
  facet normal 0 1 0
    outer loop
      vertex 33.6392 2 5.55279
      vertex 32.1902 2 5.67485
      vertex 33.6098 2 5.67485
    endloop
  endfacet
  facet normal 0 1 0
    outer loop
      vertex 33.6392 2 5.55279
      vertex 32.1608 2 5.55279
      vertex 32.1902 2 5.67485
    endloop
  endfacet
  facet normal 0 1 0
    outer loop
      vertex 33.6872 2 5.43681
      vertex 32.1608 2 5.55279
      vertex 33.6392 2 5.55279
    endloop
  endfacet
  facet normal 0 1 0
    outer loop
      vertex 33.6872 2 5.43681
      vertex 32.1128 2 5.43681
      vertex 32.1608 2 5.55279
    endloop
  endfacet
  facet normal 0 1 0
    outer loop
      vertex 33.7528 2 5.32977
      vertex 32.1128 2 5.43681
      vertex 33.6872 2 5.43681
    endloop
  endfacet
  facet normal 0 1 0
    outer loop
      vertex 33.7528 2 5.32977
      vertex 32.0472 2 5.32977
      vertex 32.1128 2 5.43681
    endloop
  endfacet
  facet normal 0 1 0
    outer loop
      vertex 33.8343 2 5.23431
      vertex 32.0472 2 5.32977
      vertex 33.7528 2 5.32977
    endloop
  endfacet
  facet normal 0 1 0
    outer loop
      vertex 33.8343 2 5.23431
      vertex 31.9657 2 5.23431
      vertex 32.0472 2 5.32977
    endloop
  endfacet
  facet normal 0 1 0
    outer loop
      vertex 33.9298 2 5.15279
      vertex 31.9657 2 5.23431
      vertex 33.8343 2 5.23431
    endloop
  endfacet
  facet normal 0 1 0
    outer loop
      vertex 33.9298 2 5.15279
      vertex 31.8702 2 5.15279
      vertex 31.9657 2 5.23431
    endloop
  endfacet
  facet normal 0 1 0
    outer loop
      vertex 34.0368 2 5.08719
      vertex 31.8702 2 5.15279
      vertex 33.9298 2 5.15279
    endloop
  endfacet
  facet normal 0 1 0
    outer loop
      vertex 34.0368 2 5.08719
      vertex 31.7632 2 5.08719
      vertex 31.8702 2 5.15279
    endloop
  endfacet
  facet normal 0 1 0
    outer loop
      vertex 34.1528 2 5.03915
      vertex 31.7632 2 5.08719
      vertex 34.0368 2 5.08719
    endloop
  endfacet
  facet normal 0 1 0
    outer loop
      vertex 34.1528 2 5.03915
      vertex 31.6472 2 5.03915
      vertex 31.7632 2 5.08719
    endloop
  endfacet
  facet normal 0 1 0
    outer loop
      vertex 34.2749 2 5.00985
      vertex 31.6472 2 5.03915
      vertex 34.1528 2 5.03915
    endloop
  endfacet
  facet normal 0 1 0
    outer loop
      vertex 34.2749 2 5.00985
      vertex 31.5251 2 5.00985
      vertex 31.6472 2 5.03915
    endloop
  endfacet
  facet normal 0 1 0
    outer loop
      vertex 40.4 2 2.6
      vertex 34.2749 2 5.00985
      vertex 34.4 2 5
    endloop
  endfacet
  facet normal 0 1 0
    outer loop
      vertex 34.2749 2 5.00985
      vertex 40.4 2 2.6
      vertex 31.5251 2 5.00985
    endloop
  endfacet
  facet normal 0 1 0
    outer loop
      vertex 34.2749 2 12.9902
      vertex 40.4 2 23.4
      vertex 34.4 2 13
    endloop
  endfacet
  facet normal 0 1 0
    outer loop
      vertex 40.4 2 23.4
      vertex 34.5251 2 12.9902
      vertex 34.4 2 13
    endloop
  endfacet
  facet normal 0 1 0
    outer loop
      vertex 40.4 2 23.4
      vertex 34.6472 2 12.9608
      vertex 34.5251 2 12.9902
    endloop
  endfacet
  facet normal 0 1 0
    outer loop
      vertex 40.4 2 23.4
      vertex 34.7632 2 12.9128
      vertex 34.6472 2 12.9608
    endloop
  endfacet
  facet normal 0 1 0
    outer loop
      vertex 40.4 2 23.4
      vertex 34.8702 2 12.8472
      vertex 34.7632 2 12.9128
    endloop
  endfacet
  facet normal 0 1 0
    outer loop
      vertex 40.4 2 23.4
      vertex 34.9657 2 12.7657
      vertex 34.8702 2 12.8472
    endloop
  endfacet
  facet normal 0 1 0
    outer loop
      vertex 40.4 2 23.4
      vertex 35.0472 2 12.6702
      vertex 34.9657 2 12.7657
    endloop
  endfacet
  facet normal 0 1 0
    outer loop
      vertex 40.4 2 23.4
      vertex 35.1128 2 12.5632
      vertex 35.0472 2 12.6702
    endloop
  endfacet
  facet normal 0 1 0
    outer loop
      vertex 40.4 2 23.4
      vertex 35.1608 2 12.4472
      vertex 35.1128 2 12.5632
    endloop
  endfacet
  facet normal 0 1 0
    outer loop
      vertex 40.4 2 23.4
      vertex 35.1902 2 12.3251
      vertex 35.1608 2 12.4472
    endloop
  endfacet
  facet normal 0 1 0
    outer loop
      vertex 40.4 2 23.4
      vertex 35.2 2 12.2
      vertex 35.1902 2 12.3251
    endloop
  endfacet
  facet normal 0 1 -0
    outer loop
      vertex 40.4 2 2.6
      vertex 35.2 2 12.2
      vertex 40.4 2 23.4
    endloop
  endfacet
  facet normal 0 1 0
    outer loop
      vertex 35.2 2 12.2
      vertex 40.4 2 2.6
      vertex 35.2 2 5.8
    endloop
  endfacet
  facet normal 0 1 0
    outer loop
      vertex 35.2 2 5.8
      vertex 40.4 2 2.6
      vertex 35.1902 2 5.67485
    endloop
  endfacet
  facet normal 0 1 0
    outer loop
      vertex 31.5251 2 5.00985
      vertex 40.4 2 2.6
      vertex 31.4 2 5
    endloop
  endfacet
  facet normal 0 1 0
    outer loop
      vertex 31.4 2 5
      vertex 40.4 2 2.6
      vertex 28.4 2 5
    endloop
  endfacet
  facet normal 0 1 0
    outer loop
      vertex 28.4 2 5
      vertex 40.4 2 2.6
      vertex 25.4 2 5
    endloop
  endfacet
  facet normal 0 1 0
    outer loop
      vertex 9.6 2 2.6
      vertex 25.4 2 5
      vertex 40.4 2 2.6
    endloop
  endfacet
  facet normal 0 1 0
    outer loop
      vertex 25.4 2 5
      vertex 9.6 2 2.6
      vertex 22.4 2 5
    endloop
  endfacet
  facet normal 0 1 0
    outer loop
      vertex 22.4 2 5
      vertex 9.6 2 2.6
      vertex 19.4 2 5
    endloop
  endfacet
  facet normal 0 1 0
    outer loop
      vertex 34.5251 2 5.00985
      vertex 40.4 2 2.6
      vertex 34.4 2 5
    endloop
  endfacet
  facet normal 0 1 0
    outer loop
      vertex 34.6472 2 5.03915
      vertex 40.4 2 2.6
      vertex 34.5251 2 5.00985
    endloop
  endfacet
  facet normal 0 1 0
    outer loop
      vertex 34.7632 2 5.08719
      vertex 40.4 2 2.6
      vertex 34.6472 2 5.03915
    endloop
  endfacet
  facet normal 0 1 0
    outer loop
      vertex 34.8702 2 5.15279
      vertex 40.4 2 2.6
      vertex 34.7632 2 5.08719
    endloop
  endfacet
  facet normal 0 1 0
    outer loop
      vertex 34.9657 2 5.23431
      vertex 40.4 2 2.6
      vertex 34.8702 2 5.15279
    endloop
  endfacet
  facet normal 0 1 0
    outer loop
      vertex 35.0472 2 5.32977
      vertex 40.4 2 2.6
      vertex 34.9657 2 5.23431
    endloop
  endfacet
  facet normal 0 1 0
    outer loop
      vertex 35.1128 2 5.43681
      vertex 40.4 2 2.6
      vertex 35.0472 2 5.32977
    endloop
  endfacet
  facet normal 0 1 0
    outer loop
      vertex 35.1608 2 5.55279
      vertex 40.4 2 2.6
      vertex 35.1128 2 5.43681
    endloop
  endfacet
  facet normal 0 1 0
    outer loop
      vertex 35.1902 2 5.67485
      vertex 40.4 2 2.6
      vertex 35.1608 2 5.55279
    endloop
  endfacet
  facet normal 0 1 0
    outer loop
      vertex 31.2749 2 12.9902
      vertex 40.4 2 23.4
      vertex 31.4 2 13
    endloop
  endfacet
  facet normal 0 1 0
    outer loop
      vertex 28.2749 2 12.9902
      vertex 40.4 2 23.4
      vertex 28.4 2 13
    endloop
  endfacet
  facet normal 0 1 0
    outer loop
      vertex 40.4 2 23.4
      vertex 25.4 2 13
      vertex 9.6 2 23.4
    endloop
  endfacet
  facet normal 0 1 -0
    outer loop
      vertex 25.2749 2 12.9902
      vertex 9.6 2 23.4
      vertex 25.4 2 13
    endloop
  endfacet
  facet normal 0 1 -0
    outer loop
      vertex 22.2749 2 12.9902
      vertex 9.6 2 23.4
      vertex 22.4 2 13
    endloop
  endfacet
  facet normal 0 1 -0
    outer loop
      vertex 19.2749 2 12.9902
      vertex 9.6 2 23.4
      vertex 19.4 2 13
    endloop
  endfacet
  facet normal 0 1 -0
    outer loop
      vertex 16.2749 2 12.9902
      vertex 9.6 2 23.4
      vertex 16.4 2 13
    endloop
  endfacet
  facet normal 0 1 -0
    outer loop
      vertex 16.1528 2 12.9608
      vertex 9.6 2 23.4
      vertex 16.2749 2 12.9902
    endloop
  endfacet
  facet normal 0 1 -0
    outer loop
      vertex 16.0368 2 12.9128
      vertex 9.6 2 23.4
      vertex 16.1528 2 12.9608
    endloop
  endfacet
  facet normal 0 1 -0
    outer loop
      vertex 15.9298 2 12.8472
      vertex 9.6 2 23.4
      vertex 16.0368 2 12.9128
    endloop
  endfacet
  facet normal 0 1 -0
    outer loop
      vertex 15.8343 2 12.7657
      vertex 9.6 2 23.4
      vertex 15.9298 2 12.8472
    endloop
  endfacet
  facet normal 0 1 -0
    outer loop
      vertex 15.7528 2 12.6702
      vertex 9.6 2 23.4
      vertex 15.8343 2 12.7657
    endloop
  endfacet
  facet normal 0 1 -0
    outer loop
      vertex 15.6872 2 12.5632
      vertex 9.6 2 23.4
      vertex 15.7528 2 12.6702
    endloop
  endfacet
  facet normal 0 1 -0
    outer loop
      vertex 15.6392 2 12.4472
      vertex 9.6 2 23.4
      vertex 15.6872 2 12.5632
    endloop
  endfacet
  facet normal 0 1 -0
    outer loop
      vertex 15.6098 2 12.3251
      vertex 9.6 2 23.4
      vertex 15.6392 2 12.4472
    endloop
  endfacet
  facet normal 0 1 -0
    outer loop
      vertex 15.6 2 12.2
      vertex 9.6 2 23.4
      vertex 15.6098 2 12.3251
    endloop
  endfacet
  facet normal 0 1 0
    outer loop
      vertex 9.6 2 2.6
      vertex 15.6 2 12.2
      vertex 15.6 2 5.8
    endloop
  endfacet
  facet normal 0 1 0
    outer loop
      vertex 9.6 2 2.6
      vertex 15.6 2 5.8
      vertex 15.6098 2 5.67485
    endloop
  endfacet
  facet normal 0 1 0
    outer loop
      vertex 9.6 2 2.6
      vertex 15.6098 2 5.67485
      vertex 15.6392 2 5.55279
    endloop
  endfacet
  facet normal 0 1 0
    outer loop
      vertex 16.5251 2 5.00985
      vertex 9.6 2 2.6
      vertex 16.4 2 5
    endloop
  endfacet
  facet normal 0 1 0
    outer loop
      vertex 15.6 2 12.2
      vertex 9.6 2 2.6
      vertex 9.6 2 23.4
    endloop
  endfacet
  facet normal 0 1 0
    outer loop
      vertex 15.6872 2 5.43681
      vertex 9.6 2 2.6
      vertex 15.6392 2 5.55279
    endloop
  endfacet
  facet normal 0 1 0
    outer loop
      vertex 15.7528 2 5.32977
      vertex 9.6 2 2.6
      vertex 15.6872 2 5.43681
    endloop
  endfacet
  facet normal 0 1 0
    outer loop
      vertex 15.8343 2 5.23431
      vertex 9.6 2 2.6
      vertex 15.7528 2 5.32977
    endloop
  endfacet
  facet normal 0 1 0
    outer loop
      vertex 15.9298 2 5.15279
      vertex 9.6 2 2.6
      vertex 15.8343 2 5.23431
    endloop
  endfacet
  facet normal 0 1 0
    outer loop
      vertex 16.0368 2 5.08719
      vertex 9.6 2 2.6
      vertex 15.9298 2 5.15279
    endloop
  endfacet
  facet normal 0 1 0
    outer loop
      vertex 16.1528 2 5.03915
      vertex 9.6 2 2.6
      vertex 16.0368 2 5.08719
    endloop
  endfacet
  facet normal 0 1 0
    outer loop
      vertex 16.2749 2 5.00985
      vertex 9.6 2 2.6
      vertex 16.1528 2 5.03915
    endloop
  endfacet
  facet normal 0 1 0
    outer loop
      vertex 16.4 2 5
      vertex 9.6 2 2.6
      vertex 16.2749 2 5.00985
    endloop
  endfacet
  facet normal 0.923883 0 -0.382674
    outer loop
      vertex 6.5654 22 3.1002
      vertex 6.40027 30 2.70153
      vertex 6.5654 30 3.1002
    endloop
  endfacet
  facet normal 0.923883 0 -0.382674
    outer loop
      vertex 6.40027 30 2.70153
      vertex 6.5654 22 3.1002
      vertex 6.40027 22 2.70153
    endloop
  endfacet
  facet normal 0.852644 0 -0.522492
    outer loop
      vertex 6.40027 22 2.70153
      vertex 6.1748 30 2.33359
      vertex 6.40027 30 2.70153
    endloop
  endfacet
  facet normal 0.852644 0 -0.522492
    outer loop
      vertex 6.1748 30 2.33359
      vertex 6.40027 22 2.70153
      vertex 6.1748 22 2.33359
    endloop
  endfacet
  facet normal 0.996917 -0 0.0784667
    outer loop
      vertex 6.66614 22 4.38019
      vertex 6.7 30 3.95
      vertex 6.66614 30 4.38019
    endloop
  endfacet
  facet normal 0.996917 0 0.0784667
    outer loop
      vertex 6.7 30 3.95
      vertex 6.66614 22 4.38019
      vertex 6.7 22 3.95
    endloop
  endfacet
  facet normal 0.650203 0 -0.759761
    outer loop
      vertex 5.88816 22 2
      vertex 5.89454 30 2.00546
      vertex 5.89454 22 2.00546
    endloop
  endfacet
  facet normal 0.650203 0 -0.759761
    outer loop
      vertex 5.89454 30 2.00546
      vertex 5.88816 22 2
      vertex 5.88816 30 2
    endloop
  endfacet
  facet normal 0 -1 0
    outer loop
      vertex 3.5198 22 6.66614
      vertex 4.38019 22 6.66614
      vertex 3.95 22 6.7
    endloop
  endfacet
  facet normal 0 -1 0
    outer loop
      vertex 3.1002 22 6.5654
      vertex 4.38019 22 6.66614
      vertex 3.5198 22 6.66614
    endloop
  endfacet
  facet normal 0 -1 0
    outer loop
      vertex 3.1002 22 6.5654
      vertex 4.7998 22 6.5654
      vertex 4.38019 22 6.66614
    endloop
  endfacet
  facet normal 0 -1 0
    outer loop
      vertex 2.70153 22 6.40027
      vertex 4.7998 22 6.5654
      vertex 3.1002 22 6.5654
    endloop
  endfacet
  facet normal 0 -1 0
    outer loop
      vertex 2.70153 22 6.40027
      vertex 5.19847 22 6.40027
      vertex 4.7998 22 6.5654
    endloop
  endfacet
  facet normal 0 -1 0
    outer loop
      vertex 2.33359 22 6.1748
      vertex 5.19847 22 6.40027
      vertex 2.70153 22 6.40027
    endloop
  endfacet
  facet normal 0 -1 0
    outer loop
      vertex 2.33359 22 6.1748
      vertex 5.56641 22 6.1748
      vertex 5.19847 22 6.40027
    endloop
  endfacet
  facet normal 0 -1 0
    outer loop
      vertex 2 22 5.88816
      vertex 2.33359 22 6.1748
      vertex 2.00546 22 5.89454
    endloop
  endfacet
  facet normal 0 -1 -0
    outer loop
      vertex 2.33359 22 6.1748
      vertex 2 22 5.88816
      vertex 5.56641 22 6.1748
    endloop
  endfacet
  facet normal 0 -1 -0
    outer loop
      vertex 5.56641 22 6.1748
      vertex 2 22 5.88816
      vertex 5.89454 22 5.89454
    endloop
  endfacet
  facet normal 0 -1 0
    outer loop
      vertex 2 22 5.88816
      vertex 6.1748 22 5.56641
      vertex 5.89454 22 5.89454
    endloop
  endfacet
  facet normal 0 -1 0
    outer loop
      vertex 2 22 5.88816
      vertex 6.40027 22 5.19847
      vertex 6.1748 22 5.56641
    endloop
  endfacet
  facet normal 0 -1 0
    outer loop
      vertex 2 22 5.88816
      vertex 6.5654 22 4.7998
      vertex 6.40027 22 5.19847
    endloop
  endfacet
  facet normal 0 -1 0
    outer loop
      vertex 2 22 5.88816
      vertex 6.66614 22 4.38019
      vertex 6.5654 22 4.7998
    endloop
  endfacet
  facet normal 0 -1 0
    outer loop
      vertex 2 22 5.88816
      vertex 6.7 22 3.95
      vertex 6.66614 22 4.38019
    endloop
  endfacet
  facet normal 0 -1 0
    outer loop
      vertex 2 22 5.88816
      vertex 6.66614 22 3.5198
      vertex 6.7 22 3.95
    endloop
  endfacet
  facet normal 0 -1 0
    outer loop
      vertex 2 22 5.88816
      vertex 6.5654 22 3.1002
      vertex 6.66614 22 3.5198
    endloop
  endfacet
  facet normal 0 -1 0
    outer loop
      vertex 2 22 5.88816
      vertex 6.40027 22 2.70153
      vertex 6.5654 22 3.1002
    endloop
  endfacet
  facet normal 0 -1 0
    outer loop
      vertex 2 22 5.88816
      vertex 6.1748 22 2.33359
      vertex 6.40027 22 2.70153
    endloop
  endfacet
  facet normal 0 -1 0
    outer loop
      vertex 2 22 2.01184
      vertex 6.1748 22 2.33359
      vertex 2 22 5.88816
    endloop
  endfacet
  facet normal 0 -1 0
    outer loop
      vertex 2.01184 22 2
      vertex 2 22 2.01184
      vertex 2.00546 22 2.00546
    endloop
  endfacet
  facet normal 0 -1 0
    outer loop
      vertex 2 22 2.01184
      vertex 2.01184 22 2
      vertex 6.1748 22 2.33359
    endloop
  endfacet
  facet normal 0 -1 0
    outer loop
      vertex 5.88816 22 2
      vertex 6.1748 22 2.33359
      vertex 2.01184 22 2
    endloop
  endfacet
  facet normal 0 -1 0
    outer loop
      vertex 6.1748 22 2.33359
      vertex 5.88816 22 2
      vertex 5.89454 22 2.00546
    endloop
  endfacet
  facet normal -0.650203 0 -0.759761
    outer loop
      vertex 2.00546 22 2.00546
      vertex 2.01184 30 2
      vertex 2.01184 22 2
    endloop
  endfacet
  facet normal -0.650203 0 -0.759761
    outer loop
      vertex 2.01184 30 2
      vertex 2.00546 22 2.00546
      vertex 2.00546 30 2.00546
    endloop
  endfacet
  facet normal -0.759761 0 -0.650203
    outer loop
      vertex 2.00546 22 2.00546
      vertex 2 30 2.01184
      vertex 2.00546 30 2.00546
    endloop
  endfacet
  facet normal -0.759761 -0 -0.650203
    outer loop
      vertex 2 30 2.01184
      vertex 2.00546 22 2.00546
      vertex 2 22 2.01184
    endloop
  endfacet
  facet normal 0.996917 0 -0.0784649
    outer loop
      vertex 6.7 22 3.95
      vertex 6.66614 30 3.5198
      vertex 6.7 30 3.95
    endloop
  endfacet
  facet normal 0.996917 0 -0.0784649
    outer loop
      vertex 6.66614 30 3.5198
      vertex 6.7 22 3.95
      vertex 6.66614 22 3.5198
    endloop
  endfacet
  facet normal 0.97237 -0 0.233447
    outer loop
      vertex 6.5654 22 4.7998
      vertex 6.66614 30 4.38019
      vertex 6.5654 30 4.7998
    endloop
  endfacet
  facet normal 0.97237 0 0.233447
    outer loop
      vertex 6.66614 30 4.38019
      vertex 6.5654 22 4.7998
      vertex 6.66614 22 4.38019
    endloop
  endfacet
  facet normal 0.649462 0 0.760394
    outer loop
      vertex 5.56641 30 6.1748
      vertex 5.89454 22 5.89454
      vertex 5.89454 30 5.89454
    endloop
  endfacet
  facet normal 0.649462 0 0.760394
    outer loop
      vertex 5.89454 22 5.89454
      vertex 5.56641 30 6.1748
      vertex 5.56641 22 6.1748
    endloop
  endfacet
  facet normal 0.972368 0 -0.233452
    outer loop
      vertex 6.66614 22 3.5198
      vertex 6.5654 30 3.1002
      vertex 6.66614 30 3.5198
    endloop
  endfacet
  facet normal 0.972368 0 -0.233452
    outer loop
      vertex 6.5654 30 3.1002
      vertex 6.66614 22 3.5198
      vertex 6.5654 22 3.1002
    endloop
  endfacet
  facet normal 0.760394 0 -0.649462
    outer loop
      vertex 6.1748 22 2.33359
      vertex 5.89454 30 2.00546
      vertex 6.1748 30 2.33359
    endloop
  endfacet
  facet normal 0.760394 0 -0.649462
    outer loop
      vertex 5.89454 30 2.00546
      vertex 6.1748 22 2.33359
      vertex 5.89454 22 2.00546
    endloop
  endfacet
  facet normal 0.852644 -0 0.522492
    outer loop
      vertex 6.1748 22 5.56641
      vertex 6.40027 30 5.19847
      vertex 6.1748 30 5.56641
    endloop
  endfacet
  facet normal 0.852644 0 0.522492
    outer loop
      vertex 6.40027 30 5.19847
      vertex 6.1748 22 5.56641
      vertex 6.40027 22 5.19847
    endloop
  endfacet
  facet normal 0.233447 0 0.97237
    outer loop
      vertex 4.38019 30 6.66614
      vertex 4.7998 22 6.5654
      vertex 4.7998 30 6.5654
    endloop
  endfacet
  facet normal 0.233447 0 0.97237
    outer loop
      vertex 4.7998 22 6.5654
      vertex 4.38019 30 6.66614
      vertex 4.38019 22 6.66614
    endloop
  endfacet
  facet normal 0.923883 -0 0.382674
    outer loop
      vertex 6.40027 22 5.19847
      vertex 6.5654 30 4.7998
      vertex 6.40027 30 5.19847
    endloop
  endfacet
  facet normal 0.923883 0 0.382674
    outer loop
      vertex 6.5654 30 4.7998
      vertex 6.40027 22 5.19847
      vertex 6.5654 22 4.7998
    endloop
  endfacet
  facet normal 0.0784667 0 0.996917
    outer loop
      vertex 3.95 30 6.7
      vertex 4.38019 22 6.66614
      vertex 4.38019 30 6.66614
    endloop
  endfacet
  facet normal 0.0784667 0 0.996917
    outer loop
      vertex 4.38019 22 6.66614
      vertex 3.95 30 6.7
      vertex 3.95 22 6.7
    endloop
  endfacet
  facet normal -0.759761 0 0.650203
    outer loop
      vertex 2 22 5.88816
      vertex 2.00546 30 5.89454
      vertex 2 30 5.88816
    endloop
  endfacet
  facet normal -0.759761 0 0.650203
    outer loop
      vertex 2.00546 30 5.89454
      vertex 2 22 5.88816
      vertex 2.00546 22 5.89454
    endloop
  endfacet
  facet normal -0.649462 0 0.760394
    outer loop
      vertex 2.00546 30 5.89454
      vertex 2.33359 22 6.1748
      vertex 2.33359 30 6.1748
    endloop
  endfacet
  facet normal -0.649462 0 0.760394
    outer loop
      vertex 2.33359 22 6.1748
      vertex 2.00546 30 5.89454
      vertex 2.00546 22 5.89454
    endloop
  endfacet
  facet normal 0.522492 0 0.852644
    outer loop
      vertex 5.19847 30 6.40027
      vertex 5.56641 22 6.1748
      vertex 5.56641 30 6.1748
    endloop
  endfacet
  facet normal 0.522492 0 0.852644
    outer loop
      vertex 5.56641 22 6.1748
      vertex 5.19847 30 6.40027
      vertex 5.19847 22 6.40027
    endloop
  endfacet
  facet normal 0.382674 0 0.923883
    outer loop
      vertex 4.7998 30 6.5654
      vertex 5.19847 22 6.40027
      vertex 5.19847 30 6.40027
    endloop
  endfacet
  facet normal 0.382674 0 0.923883
    outer loop
      vertex 5.19847 22 6.40027
      vertex 4.7998 30 6.5654
      vertex 4.7998 22 6.5654
    endloop
  endfacet
  facet normal 0.760394 -0 0.649462
    outer loop
      vertex 5.89454 22 5.89454
      vertex 6.1748 30 5.56641
      vertex 5.89454 30 5.89454
    endloop
  endfacet
  facet normal 0.760394 0 0.649462
    outer loop
      vertex 6.1748 30 5.56641
      vertex 5.89454 22 5.89454
      vertex 6.1748 22 5.56641
    endloop
  endfacet
  facet normal -0.522492 0 0.852644
    outer loop
      vertex 2.33359 30 6.1748
      vertex 2.70153 22 6.40027
      vertex 2.70153 30 6.40027
    endloop
  endfacet
  facet normal -0.522492 0 0.852644
    outer loop
      vertex 2.70153 22 6.40027
      vertex 2.33359 30 6.1748
      vertex 2.33359 22 6.1748
    endloop
  endfacet
  facet normal -0.382674 0 0.923883
    outer loop
      vertex 2.70153 30 6.40027
      vertex 3.1002 22 6.5654
      vertex 3.1002 30 6.5654
    endloop
  endfacet
  facet normal -0.382674 0 0.923883
    outer loop
      vertex 3.1002 22 6.5654
      vertex 2.70153 30 6.40027
      vertex 2.70153 22 6.40027
    endloop
  endfacet
  facet normal -0.233452 0 0.972368
    outer loop
      vertex 3.1002 30 6.5654
      vertex 3.5198 22 6.66614
      vertex 3.5198 30 6.66614
    endloop
  endfacet
  facet normal -0.233452 0 0.972368
    outer loop
      vertex 3.5198 22 6.66614
      vertex 3.1002 30 6.5654
      vertex 3.1002 22 6.5654
    endloop
  endfacet
  facet normal -0.0784649 0 0.996917
    outer loop
      vertex 3.5198 30 6.66614
      vertex 3.95 22 6.7
      vertex 3.95 30 6.7
    endloop
  endfacet
  facet normal -0.0784649 0 0.996917
    outer loop
      vertex 3.95 22 6.7
      vertex 3.5198 30 6.66614
      vertex 3.5198 22 6.66614
    endloop
  endfacet
  facet normal -0.99691 0 -0.078557
    outer loop
      vertex 43.3339 22 3.5198
      vertex 43.3 30 3.95
      vertex 43.3339 30 3.5198
    endloop
  endfacet
  facet normal -0.99691 -0 -0.078557
    outer loop
      vertex 43.3 30 3.95
      vertex 43.3339 22 3.5198
      vertex 43.3 22 3.95
    endloop
  endfacet
  facet normal 0.654931 0 -0.755689
    outer loop
      vertex 47.9882 22 2
      vertex 47.9945 30 2.00546
      vertex 47.9945 22 2.00546
    endloop
  endfacet
  facet normal 0.654931 0 -0.755689
    outer loop
      vertex 47.9945 30 2.00546
      vertex 47.9882 22 2
      vertex 47.9882 30 2
    endloop
  endfacet
  facet normal -0.654931 0 -0.755689
    outer loop
      vertex 44.1055 22 2.00546
      vertex 44.1118 30 2
      vertex 44.1118 22 2
    endloop
  endfacet
  facet normal -0.654931 0 -0.755689
    outer loop
      vertex 44.1118 30 2
      vertex 44.1055 22 2.00546
      vertex 44.1055 30 2.00546
    endloop
  endfacet
  facet normal -0.972391 0 0.233359
    outer loop
      vertex 43.3339 22 4.38019
      vertex 43.4346 30 4.7998
      vertex 43.3339 30 4.38019
    endloop
  endfacet
  facet normal -0.972391 0 0.233359
    outer loop
      vertex 43.4346 30 4.7998
      vertex 43.3339 22 4.38019
      vertex 43.4346 22 4.7998
    endloop
  endfacet
  facet normal 0 -1 0
    outer loop
      vertex 45.6198 22 6.66614
      vertex 46.4802 22 6.66614
      vertex 46.05 22 6.7
    endloop
  endfacet
  facet normal 0 -1 0
    outer loop
      vertex 45.2002 22 6.5654
      vertex 46.4802 22 6.66614
      vertex 45.6198 22 6.66614
    endloop
  endfacet
  facet normal 0 -1 0
    outer loop
      vertex 45.2002 22 6.5654
      vertex 46.8998 22 6.5654
      vertex 46.4802 22 6.66614
    endloop
  endfacet
  facet normal 0 -1 0
    outer loop
      vertex 44.8015 22 6.40027
      vertex 46.8998 22 6.5654
      vertex 45.2002 22 6.5654
    endloop
  endfacet
  facet normal 0 -1 0
    outer loop
      vertex 44.8015 22 6.40027
      vertex 47.2985 22 6.40027
      vertex 46.8998 22 6.5654
    endloop
  endfacet
  facet normal 0 -1 0
    outer loop
      vertex 44.4336 22 6.1748
      vertex 47.2985 22 6.40027
      vertex 44.8015 22 6.40027
    endloop
  endfacet
  facet normal 0 -1 0
    outer loop
      vertex 44.4336 22 6.1748
      vertex 47.6664 22 6.1748
      vertex 47.2985 22 6.40027
    endloop
  endfacet
  facet normal 0 -1 0
    outer loop
      vertex 44.1055 22 5.89454
      vertex 47.6664 22 6.1748
      vertex 44.4336 22 6.1748
    endloop
  endfacet
  facet normal 0 -1 0
    outer loop
      vertex 48 22 5.88815
      vertex 47.6664 22 6.1748
      vertex 44.1055 22 5.89454
    endloop
  endfacet
  facet normal 0 -1 0
    outer loop
      vertex 47.6664 22 6.1748
      vertex 48 22 5.88815
      vertex 47.9945 22 5.89454
    endloop
  endfacet
  facet normal 0 -1 0
    outer loop
      vertex 43.8252 22 5.56641
      vertex 48 22 5.88815
      vertex 44.1055 22 5.89454
    endloop
  endfacet
  facet normal 0 -1 0
    outer loop
      vertex 43.5997 22 5.19847
      vertex 48 22 5.88815
      vertex 43.8252 22 5.56641
    endloop
  endfacet
  facet normal 0 -1 0
    outer loop
      vertex 43.4346 22 4.7998
      vertex 48 22 5.88815
      vertex 43.5997 22 5.19847
    endloop
  endfacet
  facet normal 0 -1 0
    outer loop
      vertex 43.3339 22 4.38019
      vertex 48 22 5.88815
      vertex 43.4346 22 4.7998
    endloop
  endfacet
  facet normal 0 -1 0
    outer loop
      vertex 43.3 22 3.95
      vertex 48 22 5.88815
      vertex 43.3339 22 4.38019
    endloop
  endfacet
  facet normal 0 -1 0
    outer loop
      vertex 43.3339 22 3.5198
      vertex 48 22 5.88815
      vertex 43.3 22 3.95
    endloop
  endfacet
  facet normal 0 -1 0
    outer loop
      vertex 43.4346 22 3.1002
      vertex 48 22 5.88815
      vertex 43.3339 22 3.5198
    endloop
  endfacet
  facet normal 0 -1 0
    outer loop
      vertex 43.5997 22 2.70153
      vertex 48 22 5.88815
      vertex 43.4346 22 3.1002
    endloop
  endfacet
  facet normal 0 -1 0
    outer loop
      vertex 43.8252 22 2.33359
      vertex 48 22 5.88815
      vertex 43.5997 22 2.70153
    endloop
  endfacet
  facet normal 0 -1 0
    outer loop
      vertex 43.8252 22 2.33359
      vertex 48 22 2.01185
      vertex 48 22 5.88815
    endloop
  endfacet
  facet normal 0 -1 0
    outer loop
      vertex 44.1118 22 2
      vertex 43.8252 22 2.33359
      vertex 44.1055 22 2.00546
    endloop
  endfacet
  facet normal 0 -1 0
    outer loop
      vertex 43.8252 22 2.33359
      vertex 44.1118 22 2
      vertex 48 22 2.01185
    endloop
  endfacet
  facet normal 0 -1 0
    outer loop
      vertex 47.9882 22 2
      vertex 48 22 2.01185
      vertex 44.1118 22 2
    endloop
  endfacet
  facet normal 0 -1 0
    outer loop
      vertex 48 22 2.01185
      vertex 47.9882 22 2
      vertex 47.9945 22 2.00546
    endloop
  endfacet
  facet normal 0.757915 0 -0.652353
    outer loop
      vertex 48 22 2.01185
      vertex 47.9945 30 2.00546
      vertex 48 30 2.01185
    endloop
  endfacet
  facet normal 0.757915 0 -0.652353
    outer loop
      vertex 47.9945 30 2.00546
      vertex 48 22 2.01185
      vertex 47.9945 22 2.00546
    endloop
  endfacet
  facet normal -0.852613 0 -0.522542
    outer loop
      vertex 43.8252 22 2.33359
      vertex 43.5997 30 2.70153
      vertex 43.8252 30 2.33359
    endloop
  endfacet
  facet normal -0.852613 -0 -0.522542
    outer loop
      vertex 43.5997 30 2.70153
      vertex 43.8252 22 2.33359
      vertex 43.5997 22 2.70153
    endloop
  endfacet
  facet normal -0.760348 0 -0.649516
    outer loop
      vertex 44.1055 22 2.00546
      vertex 43.8252 30 2.33359
      vertex 44.1055 30 2.00546
    endloop
  endfacet
  facet normal -0.760348 -0 -0.649516
    outer loop
      vertex 43.8252 30 2.33359
      vertex 44.1055 22 2.00546
      vertex 43.8252 22 2.33359
    endloop
  endfacet
  facet normal -0.923908 0 -0.382615
    outer loop
      vertex 43.5997 22 2.70153
      vertex 43.4346 30 3.1002
      vertex 43.5997 30 2.70153
    endloop
  endfacet
  facet normal -0.923908 -0 -0.382615
    outer loop
      vertex 43.4346 30 3.1002
      vertex 43.5997 22 2.70153
      vertex 43.4346 22 3.1002
    endloop
  endfacet
  facet normal 0.522533 0 0.852619
    outer loop
      vertex 47.2985 30 6.40027
      vertex 47.6664 22 6.1748
      vertex 47.6664 30 6.1748
    endloop
  endfacet
  facet normal 0.522533 0 0.852619
    outer loop
      vertex 47.6664 22 6.1748
      vertex 47.2985 30 6.40027
      vertex 47.2985 22 6.40027
    endloop
  endfacet
  facet normal 0.757915 -0 0.652353
    outer loop
      vertex 47.9945 22 5.89454
      vertex 48 30 5.88815
      vertex 47.9945 30 5.89454
    endloop
  endfacet
  facet normal 0.757915 0 0.652353
    outer loop
      vertex 48 30 5.88815
      vertex 47.9945 22 5.89454
      vertex 48 22 5.88815
    endloop
  endfacet
  facet normal -0.522533 0 0.852619
    outer loop
      vertex 44.4336 30 6.1748
      vertex 44.8015 22 6.40027
      vertex 44.8015 30 6.40027
    endloop
  endfacet
  facet normal -0.522533 0 0.852619
    outer loop
      vertex 44.8015 22 6.40027
      vertex 44.4336 30 6.1748
      vertex 44.4336 22 6.1748
    endloop
  endfacet
  facet normal -0.649496 0 0.760365
    outer loop
      vertex 44.1055 30 5.89454
      vertex 44.4336 22 6.1748
      vertex 44.4336 30 6.1748
    endloop
  endfacet
  facet normal -0.649496 0 0.760365
    outer loop
      vertex 44.4336 22 6.1748
      vertex 44.1055 30 5.89454
      vertex 44.1055 22 5.89454
    endloop
  endfacet
  facet normal -0.38265 0 0.923893
    outer loop
      vertex 44.8015 30 6.40027
      vertex 45.2002 22 6.5654
      vertex 45.2002 30 6.5654
    endloop
  endfacet
  facet normal -0.38265 0 0.923893
    outer loop
      vertex 45.2002 22 6.5654
      vertex 44.8015 30 6.40027
      vertex 44.8015 22 6.40027
    endloop
  endfacet
  facet normal -0.852613 0 0.522542
    outer loop
      vertex 43.5997 22 5.19847
      vertex 43.8252 30 5.56641
      vertex 43.5997 30 5.19847
    endloop
  endfacet
  facet normal -0.852613 0 0.522542
    outer loop
      vertex 43.8252 30 5.56641
      vertex 43.5997 22 5.19847
      vertex 43.8252 22 5.56641
    endloop
  endfacet
  facet normal -0.760348 0 0.649516
    outer loop
      vertex 43.8252 22 5.56641
      vertex 44.1055 30 5.89454
      vertex 43.8252 30 5.56641
    endloop
  endfacet
  facet normal -0.760348 0 0.649516
    outer loop
      vertex 44.1055 30 5.89454
      vertex 43.8252 22 5.56641
      vertex 44.1055 22 5.89454
    endloop
  endfacet
  facet normal -0.996909 0 0.0785588
    outer loop
      vertex 43.3 22 3.95
      vertex 43.3339 30 4.38019
      vertex 43.3 30 3.95
    endloop
  endfacet
  facet normal -0.996909 0 0.0785588
    outer loop
      vertex 43.3339 30 4.38019
      vertex 43.3 22 3.95
      vertex 43.3339 22 4.38019
    endloop
  endfacet
  facet normal -0.972389 0 -0.233364
    outer loop
      vertex 43.4346 22 3.1002
      vertex 43.3339 30 3.5198
      vertex 43.4346 30 3.1002
    endloop
  endfacet
  facet normal -0.972389 -0 -0.233364
    outer loop
      vertex 43.3339 30 3.5198
      vertex 43.4346 22 3.1002
      vertex 43.3339 22 3.5198
    endloop
  endfacet
  facet normal 0.0784649 0 0.996917
    outer loop
      vertex 46.05 30 6.7
      vertex 46.4802 22 6.66614
      vertex 46.4802 30 6.66614
    endloop
  endfacet
  facet normal 0.0784649 0 0.996917
    outer loop
      vertex 46.4802 22 6.66614
      vertex 46.05 30 6.7
      vertex 46.05 22 6.7
    endloop
  endfacet
  facet normal 0.38265 0 0.923893
    outer loop
      vertex 46.8998 30 6.5654
      vertex 47.2985 22 6.40027
      vertex 47.2985 30 6.40027
    endloop
  endfacet
  facet normal 0.38265 0 0.923893
    outer loop
      vertex 47.2985 22 6.40027
      vertex 46.8998 30 6.5654
      vertex 46.8998 22 6.5654
    endloop
  endfacet
  facet normal 0.649496 0 0.760365
    outer loop
      vertex 47.6664 30 6.1748
      vertex 47.9945 22 5.89454
      vertex 47.9945 30 5.89454
    endloop
  endfacet
  facet normal 0.649496 0 0.760365
    outer loop
      vertex 47.9945 22 5.89454
      vertex 47.6664 30 6.1748
      vertex 47.6664 22 6.1748
    endloop
  endfacet
  facet normal -0.0784649 0 0.996917
    outer loop
      vertex 45.6198 30 6.66614
      vertex 46.05 22 6.7
      vertex 46.05 30 6.7
    endloop
  endfacet
  facet normal -0.0784649 0 0.996917
    outer loop
      vertex 46.05 22 6.7
      vertex 45.6198 30 6.66614
      vertex 45.6198 22 6.66614
    endloop
  endfacet
  facet normal 0.233452 0 0.972368
    outer loop
      vertex 46.4802 30 6.66614
      vertex 46.8998 22 6.5654
      vertex 46.8998 30 6.5654
    endloop
  endfacet
  facet normal 0.233452 0 0.972368
    outer loop
      vertex 46.8998 22 6.5654
      vertex 46.4802 30 6.66614
      vertex 46.4802 22 6.66614
    endloop
  endfacet
  facet normal -0.233452 0 0.972368
    outer loop
      vertex 45.2002 30 6.5654
      vertex 45.6198 22 6.66614
      vertex 45.6198 30 6.66614
    endloop
  endfacet
  facet normal -0.233452 0 0.972368
    outer loop
      vertex 45.6198 22 6.66614
      vertex 45.2002 30 6.5654
      vertex 45.2002 22 6.5654
    endloop
  endfacet
  facet normal -0.923908 0 0.382615
    outer loop
      vertex 43.4346 22 4.7998
      vertex 43.5997 30 5.19847
      vertex 43.4346 30 4.7998
    endloop
  endfacet
  facet normal -0.923908 0 0.382615
    outer loop
      vertex 43.5997 30 5.19847
      vertex 43.4346 22 4.7998
      vertex 43.5997 22 5.19847
    endloop
  endfacet
  facet normal 0.996917 0 -0.0784649
    outer loop
      vertex 6.7 22 72.05
      vertex 6.66614 30 71.6198
      vertex 6.7 30 72.05
    endloop
  endfacet
  facet normal 0.996917 0 -0.0784649
    outer loop
      vertex 6.66614 30 71.6198
      vertex 6.7 22 72.05
      vertex 6.66614 22 71.6198
    endloop
  endfacet
  facet normal -0.078557 0 -0.99691
    outer loop
      vertex 3.5198 22 69.3339
      vertex 3.95 30 69.3
      vertex 3.95 22 69.3
    endloop
  endfacet
  facet normal -0.078557 0 -0.99691
    outer loop
      vertex 3.95 30 69.3
      vertex 3.5198 22 69.3339
      vertex 3.5198 30 69.3339
    endloop
  endfacet
  facet normal -0.652353 0 0.757915
    outer loop
      vertex 2.00546 30 73.9945
      vertex 2.01185 22 74
      vertex 2.01185 30 74
    endloop
  endfacet
  facet normal -0.652353 0 0.757915
    outer loop
      vertex 2.01185 22 74
      vertex 2.00546 30 73.9945
      vertex 2.00546 22 73.9945
    endloop
  endfacet
  facet normal 0.649516 0 -0.760348
    outer loop
      vertex 5.56641 22 69.8252
      vertex 5.89454 30 70.1055
      vertex 5.89454 22 70.1055
    endloop
  endfacet
  facet normal 0.649516 0 -0.760348
    outer loop
      vertex 5.89454 30 70.1055
      vertex 5.56641 22 69.8252
      vertex 5.56641 30 69.8252
    endloop
  endfacet
  facet normal -0.755689 0 -0.654931
    outer loop
      vertex 2.00546 22 70.1055
      vertex 2 30 70.1118
      vertex 2.00546 30 70.1055
    endloop
  endfacet
  facet normal -0.755689 -0 -0.654931
    outer loop
      vertex 2 30 70.1118
      vertex 2.00546 22 70.1055
      vertex 2 22 70.1118
    endloop
  endfacet
  facet normal -0.382615 0 -0.923908
    outer loop
      vertex 2.70153 22 69.5997
      vertex 3.1002 30 69.4346
      vertex 3.1002 22 69.4346
    endloop
  endfacet
  facet normal -0.382615 0 -0.923908
    outer loop
      vertex 3.1002 30 69.4346
      vertex 2.70153 22 69.5997
      vertex 2.70153 30 69.5997
    endloop
  endfacet
  facet normal 0.852619 0 -0.522533
    outer loop
      vertex 6.40027 22 70.8015
      vertex 6.1748 30 70.4336
      vertex 6.40027 30 70.8015
    endloop
  endfacet
  facet normal 0.852619 0 -0.522533
    outer loop
      vertex 6.1748 30 70.4336
      vertex 6.40027 22 70.8015
      vertex 6.1748 22 70.4336
    endloop
  endfacet
  facet normal 0.760365 0 -0.649496
    outer loop
      vertex 6.1748 22 70.4336
      vertex 5.89454 30 70.1055
      vertex 6.1748 30 70.4336
    endloop
  endfacet
  facet normal 0.760365 0 -0.649496
    outer loop
      vertex 5.89454 30 70.1055
      vertex 6.1748 22 70.4336
      vertex 5.89454 22 70.1055
    endloop
  endfacet
  facet normal 0.233359 0 -0.972391
    outer loop
      vertex 4.38019 22 69.3339
      vertex 4.7998 30 69.4346
      vertex 4.7998 22 69.4346
    endloop
  endfacet
  facet normal 0.233359 0 -0.972391
    outer loop
      vertex 4.7998 30 69.4346
      vertex 4.38019 22 69.3339
      vertex 4.38019 30 69.3339
    endloop
  endfacet
  facet normal 0.0785588 0 -0.996909
    outer loop
      vertex 3.95 22 69.3
      vertex 4.38019 30 69.3339
      vertex 4.38019 22 69.3339
    endloop
  endfacet
  facet normal 0.0785588 0 -0.996909
    outer loop
      vertex 4.38019 30 69.3339
      vertex 3.95 22 69.3
      vertex 3.95 30 69.3
    endloop
  endfacet
  facet normal 0.522542 0 -0.852613
    outer loop
      vertex 5.19847 22 69.5997
      vertex 5.56641 30 69.8252
      vertex 5.56641 22 69.8252
    endloop
  endfacet
  facet normal 0.522542 0 -0.852613
    outer loop
      vertex 5.56641 30 69.8252
      vertex 5.19847 22 69.5997
      vertex 5.19847 30 69.5997
    endloop
  endfacet
  facet normal 0 -1 0
    outer loop
      vertex 2 22 73.9882
      vertex 2.01185 22 74
      vertex 2.00546 22 73.9945
    endloop
  endfacet
  facet normal 0 -1 -0
    outer loop
      vertex 2.01185 22 74
      vertex 2 22 73.9882
      vertex 5.88815 22 74
    endloop
  endfacet
  facet normal 0 -1 0
    outer loop
      vertex 6.1748 22 73.6664
      vertex 5.88815 22 74
      vertex 2 22 73.9882
    endloop
  endfacet
  facet normal 0 -1 0
    outer loop
      vertex 5.88815 22 74
      vertex 6.1748 22 73.6664
      vertex 5.89454 22 73.9945
    endloop
  endfacet
  facet normal 0 -1 0
    outer loop
      vertex 2 22 73.9882
      vertex 6.40027 22 73.2985
      vertex 6.1748 22 73.6664
    endloop
  endfacet
  facet normal 0 -1 0
    outer loop
      vertex 2 22 73.9882
      vertex 6.5654 22 72.8998
      vertex 6.40027 22 73.2985
    endloop
  endfacet
  facet normal 0 -1 0
    outer loop
      vertex 2 22 73.9882
      vertex 6.66614 22 72.4802
      vertex 6.5654 22 72.8998
    endloop
  endfacet
  facet normal 0 -1 0
    outer loop
      vertex 2 22 73.9882
      vertex 6.7 22 72.05
      vertex 6.66614 22 72.4802
    endloop
  endfacet
  facet normal 0 -1 0
    outer loop
      vertex 2 22 73.9882
      vertex 6.66614 22 71.6198
      vertex 6.7 22 72.05
    endloop
  endfacet
  facet normal 0 -1 0
    outer loop
      vertex 2 22 73.9882
      vertex 6.5654 22 71.2002
      vertex 6.66614 22 71.6198
    endloop
  endfacet
  facet normal 0 -1 0
    outer loop
      vertex 2 22 73.9882
      vertex 6.40027 22 70.8015
      vertex 6.5654 22 71.2002
    endloop
  endfacet
  facet normal 0 -1 0
    outer loop
      vertex 2 22 73.9882
      vertex 6.1748 22 70.4336
      vertex 6.40027 22 70.8015
    endloop
  endfacet
  facet normal 0 -1 0
    outer loop
      vertex 2 22 70.1118
      vertex 6.1748 22 70.4336
      vertex 2 22 73.9882
    endloop
  endfacet
  facet normal 0 -1 0
    outer loop
      vertex 2.33359 22 69.8252
      vertex 2 22 70.1118
      vertex 2.00546 22 70.1055
    endloop
  endfacet
  facet normal 0 -1 0
    outer loop
      vertex 2 22 70.1118
      vertex 5.89454 22 70.1055
      vertex 6.1748 22 70.4336
    endloop
  endfacet
  facet normal 0 -1 0
    outer loop
      vertex 2 22 70.1118
      vertex 2.33359 22 69.8252
      vertex 5.89454 22 70.1055
    endloop
  endfacet
  facet normal 0 -1 0
    outer loop
      vertex 2.33359 22 69.8252
      vertex 5.56641 22 69.8252
      vertex 5.89454 22 70.1055
    endloop
  endfacet
  facet normal 0 -1 0
    outer loop
      vertex 2.70153 22 69.5997
      vertex 5.56641 22 69.8252
      vertex 2.33359 22 69.8252
    endloop
  endfacet
  facet normal 0 -1 0
    outer loop
      vertex 2.70153 22 69.5997
      vertex 5.19847 22 69.5997
      vertex 5.56641 22 69.8252
    endloop
  endfacet
  facet normal 0 -1 0
    outer loop
      vertex 3.1002 22 69.4346
      vertex 5.19847 22 69.5997
      vertex 2.70153 22 69.5997
    endloop
  endfacet
  facet normal 0 -1 0
    outer loop
      vertex 3.1002 22 69.4346
      vertex 4.7998 22 69.4346
      vertex 5.19847 22 69.5997
    endloop
  endfacet
  facet normal 0 -1 0
    outer loop
      vertex 3.5198 22 69.3339
      vertex 4.7998 22 69.4346
      vertex 3.1002 22 69.4346
    endloop
  endfacet
  facet normal 0 -1 0
    outer loop
      vertex 3.5198 22 69.3339
      vertex 4.38019 22 69.3339
      vertex 4.7998 22 69.4346
    endloop
  endfacet
  facet normal -0 -1 0
    outer loop
      vertex 4.38019 22 69.3339
      vertex 3.5198 22 69.3339
      vertex 3.95 22 69.3
    endloop
  endfacet
  facet normal -0.233364 0 -0.972389
    outer loop
      vertex 3.1002 22 69.4346
      vertex 3.5198 30 69.3339
      vertex 3.5198 22 69.3339
    endloop
  endfacet
  facet normal -0.233364 0 -0.972389
    outer loop
      vertex 3.5198 30 69.3339
      vertex 3.1002 22 69.4346
      vertex 3.1002 30 69.4346
    endloop
  endfacet
  facet normal 0.652353 0 0.757915
    outer loop
      vertex 5.88815 30 74
      vertex 5.89454 22 73.9945
      vertex 5.89454 30 73.9945
    endloop
  endfacet
  facet normal 0.652353 0 0.757915
    outer loop
      vertex 5.89454 22 73.9945
      vertex 5.88815 30 74
      vertex 5.88815 22 74
    endloop
  endfacet
  facet normal 0.852619 -0 0.522533
    outer loop
      vertex 6.1748 22 73.6664
      vertex 6.40027 30 73.2985
      vertex 6.1748 30 73.6664
    endloop
  endfacet
  facet normal 0.852619 0 0.522533
    outer loop
      vertex 6.40027 30 73.2985
      vertex 6.1748 22 73.6664
      vertex 6.40027 22 73.2985
    endloop
  endfacet
  facet normal 0.972368 -0 0.233452
    outer loop
      vertex 6.5654 22 72.8998
      vertex 6.66614 30 72.4802
      vertex 6.5654 30 72.8998
    endloop
  endfacet
  facet normal 0.972368 0 0.233452
    outer loop
      vertex 6.66614 30 72.4802
      vertex 6.5654 22 72.8998
      vertex 6.66614 22 72.4802
    endloop
  endfacet
  facet normal -0.755689 0 0.654931
    outer loop
      vertex 2 22 73.9882
      vertex 2.00546 30 73.9945
      vertex 2 30 73.9882
    endloop
  endfacet
  facet normal -0.755689 0 0.654931
    outer loop
      vertex 2.00546 30 73.9945
      vertex 2 22 73.9882
      vertex 2.00546 22 73.9945
    endloop
  endfacet
  facet normal 0.923893 0 -0.38265
    outer loop
      vertex 6.5654 22 71.2002
      vertex 6.40027 30 70.8015
      vertex 6.5654 30 71.2002
    endloop
  endfacet
  facet normal 0.923893 0 -0.38265
    outer loop
      vertex 6.40027 30 70.8015
      vertex 6.5654 22 71.2002
      vertex 6.40027 22 70.8015
    endloop
  endfacet
  facet normal 0.972368 0 -0.233452
    outer loop
      vertex 6.66614 22 71.6198
      vertex 6.5654 30 71.2002
      vertex 6.66614 30 71.6198
    endloop
  endfacet
  facet normal 0.972368 0 -0.233452
    outer loop
      vertex 6.5654 30 71.2002
      vertex 6.66614 22 71.6198
      vertex 6.5654 22 71.2002
    endloop
  endfacet
  facet normal 0.382615 0 -0.923908
    outer loop
      vertex 4.7998 22 69.4346
      vertex 5.19847 30 69.5997
      vertex 5.19847 22 69.5997
    endloop
  endfacet
  facet normal 0.382615 0 -0.923908
    outer loop
      vertex 5.19847 30 69.5997
      vertex 4.7998 22 69.4346
      vertex 4.7998 30 69.4346
    endloop
  endfacet
  facet normal -0.522542 0 -0.852613
    outer loop
      vertex 2.33359 22 69.8252
      vertex 2.70153 30 69.5997
      vertex 2.70153 22 69.5997
    endloop
  endfacet
  facet normal -0.522542 0 -0.852613
    outer loop
      vertex 2.70153 30 69.5997
      vertex 2.33359 22 69.8252
      vertex 2.33359 30 69.8252
    endloop
  endfacet
  facet normal -0.649516 0 -0.760348
    outer loop
      vertex 2.00546 22 70.1055
      vertex 2.33359 30 69.8252
      vertex 2.33359 22 69.8252
    endloop
  endfacet
  facet normal -0.649516 0 -0.760348
    outer loop
      vertex 2.33359 30 69.8252
      vertex 2.00546 22 70.1055
      vertex 2.00546 30 70.1055
    endloop
  endfacet
  facet normal 0.760365 -0 0.649496
    outer loop
      vertex 5.89454 22 73.9945
      vertex 6.1748 30 73.6664
      vertex 5.89454 30 73.9945
    endloop
  endfacet
  facet normal 0.760365 0 0.649496
    outer loop
      vertex 6.1748 30 73.6664
      vertex 5.89454 22 73.9945
      vertex 6.1748 22 73.6664
    endloop
  endfacet
  facet normal 0.923893 -0 0.38265
    outer loop
      vertex 6.40027 22 73.2985
      vertex 6.5654 30 72.8998
      vertex 6.40027 30 73.2985
    endloop
  endfacet
  facet normal 0.923893 0 0.38265
    outer loop
      vertex 6.5654 30 72.8998
      vertex 6.40027 22 73.2985
      vertex 6.5654 22 72.8998
    endloop
  endfacet
  facet normal 0.996917 -0 0.0784649
    outer loop
      vertex 6.66614 22 72.4802
      vertex 6.7 30 72.05
      vertex 6.66614 30 72.4802
    endloop
  endfacet
  facet normal 0.996917 0 0.0784649
    outer loop
      vertex 6.7 30 72.05
      vertex 6.66614 22 72.4802
      vertex 6.7 22 72.05
    endloop
  endfacet
  facet normal -0.99691 0 -0.078557
    outer loop
      vertex 43.3339 22 71.6198
      vertex 43.3 30 72.05
      vertex 43.3339 30 71.6198
    endloop
  endfacet
  facet normal -0.99691 -0 -0.078557
    outer loop
      vertex 43.3 30 72.05
      vertex 43.3339 22 71.6198
      vertex 43.3 22 72.05
    endloop
  endfacet
  facet normal 0.078557 0 -0.99691
    outer loop
      vertex 46.05 22 69.3
      vertex 46.4802 30 69.3339
      vertex 46.4802 22 69.3339
    endloop
  endfacet
  facet normal 0.078557 0 -0.99691
    outer loop
      vertex 46.4802 30 69.3339
      vertex 46.05 22 69.3
      vertex 46.05 30 69.3
    endloop
  endfacet
  facet normal 0.753317 0 -0.657658
    outer loop
      vertex 48 22 70.1118
      vertex 47.9945 30 70.1055
      vertex 48 30 70.1118
    endloop
  endfacet
  facet normal 0.753317 0 -0.657658
    outer loop
      vertex 47.9945 30 70.1055
      vertex 48 22 70.1118
      vertex 47.9945 22 70.1055
    endloop
  endfacet
  facet normal -0.64955 0 -0.760319
    outer loop
      vertex 44.1055 22 70.1055
      vertex 44.4336 30 69.8252
      vertex 44.4336 22 69.8252
    endloop
  endfacet
  facet normal -0.64955 0 -0.760319
    outer loop
      vertex 44.4336 30 69.8252
      vertex 44.1055 22 70.1055
      vertex 44.1055 30 70.1055
    endloop
  endfacet
  facet normal -0.382591 0 -0.923918
    outer loop
      vertex 44.8015 22 69.5997
      vertex 45.2002 30 69.4346
      vertex 45.2002 22 69.4346
    endloop
  endfacet
  facet normal -0.382591 0 -0.923918
    outer loop
      vertex 45.2002 30 69.4346
      vertex 44.8015 22 69.5997
      vertex 44.8015 30 69.5997
    endloop
  endfacet
  facet normal 0.522584 0 -0.852588
    outer loop
      vertex 47.2985 22 69.5997
      vertex 47.6664 30 69.8252
      vertex 47.6664 22 69.8252
    endloop
  endfacet
  facet normal 0.522584 0 -0.852588
    outer loop
      vertex 47.6664 30 69.8252
      vertex 47.2985 22 69.5997
      vertex 47.2985 30 69.5997
    endloop
  endfacet
  facet normal 0.382591 0 -0.923918
    outer loop
      vertex 46.8998 22 69.4346
      vertex 47.2985 30 69.5997
      vertex 47.2985 22 69.5997
    endloop
  endfacet
  facet normal 0.382591 0 -0.923918
    outer loop
      vertex 47.2985 30 69.5997
      vertex 46.8998 22 69.4346
      vertex 46.8998 30 69.4346
    endloop
  endfacet
  facet normal 0.64955 0 -0.760319
    outer loop
      vertex 47.6664 22 69.8252
      vertex 47.9945 30 70.1055
      vertex 47.9945 22 70.1055
    endloop
  endfacet
  facet normal 0.64955 0 -0.760319
    outer loop
      vertex 47.9945 30 70.1055
      vertex 47.6664 22 69.8252
      vertex 47.6664 30 69.8252
    endloop
  endfacet
  facet normal -0.852588 0 -0.522584
    outer loop
      vertex 43.8252 22 70.4336
      vertex 43.5997 30 70.8015
      vertex 43.8252 30 70.4336
    endloop
  endfacet
  facet normal -0.852588 -0 -0.522584
    outer loop
      vertex 43.5997 30 70.8015
      vertex 43.8252 22 70.4336
      vertex 43.5997 22 70.8015
    endloop
  endfacet
  facet normal -0.760319 0 -0.64955
    outer loop
      vertex 44.1055 22 70.1055
      vertex 43.8252 30 70.4336
      vertex 44.1055 30 70.1055
    endloop
  endfacet
  facet normal -0.760319 -0 -0.64955
    outer loop
      vertex 43.8252 30 70.4336
      vertex 44.1055 22 70.1055
      vertex 43.8252 22 70.4336
    endloop
  endfacet
  facet normal -0.522584 0 -0.852588
    outer loop
      vertex 44.4336 22 69.8252
      vertex 44.8015 30 69.5997
      vertex 44.8015 22 69.5997
    endloop
  endfacet
  facet normal -0.522584 0 -0.852588
    outer loop
      vertex 44.8015 30 69.5997
      vertex 44.4336 22 69.8252
      vertex 44.4336 30 69.8252
    endloop
  endfacet
  facet normal -0.078557 0 -0.99691
    outer loop
      vertex 45.6198 22 69.3339
      vertex 46.05 30 69.3
      vertex 46.05 22 69.3
    endloop
  endfacet
  facet normal -0.078557 0 -0.99691
    outer loop
      vertex 46.05 30 69.3
      vertex 45.6198 22 69.3339
      vertex 45.6198 30 69.3339
    endloop
  endfacet
  facet normal 0.233364 0 -0.972389
    outer loop
      vertex 46.4802 22 69.3339
      vertex 46.8998 30 69.4346
      vertex 46.8998 22 69.4346
    endloop
  endfacet
  facet normal 0.233364 0 -0.972389
    outer loop
      vertex 46.8998 30 69.4346
      vertex 46.4802 22 69.3339
      vertex 46.4802 30 69.3339
    endloop
  endfacet
  facet normal -0.923918 0 -0.382591
    outer loop
      vertex 43.5997 22 70.8015
      vertex 43.4346 30 71.2002
      vertex 43.5997 30 70.8015
    endloop
  endfacet
  facet normal -0.923918 -0 -0.382591
    outer loop
      vertex 43.4346 30 71.2002
      vertex 43.5997 22 70.8015
      vertex 43.4346 22 71.2002
    endloop
  endfacet
  facet normal -0.972389 0 -0.233364
    outer loop
      vertex 43.4346 22 71.2002
      vertex 43.3339 30 71.6198
      vertex 43.4346 30 71.2002
    endloop
  endfacet
  facet normal -0.972389 -0 -0.233364
    outer loop
      vertex 43.3339 30 71.6198
      vertex 43.4346 22 71.2002
      vertex 43.3339 22 71.6198
    endloop
  endfacet
  facet normal -0.233364 0 -0.972389
    outer loop
      vertex 45.2002 22 69.4346
      vertex 45.6198 30 69.3339
      vertex 45.6198 22 69.3339
    endloop
  endfacet
  facet normal -0.233364 0 -0.972389
    outer loop
      vertex 45.6198 30 69.3339
      vertex 45.2002 22 69.4346
      vertex 45.2002 30 69.4346
    endloop
  endfacet
  facet normal -0.852588 0 0.522584
    outer loop
      vertex 43.5997 22 73.2985
      vertex 43.8252 30 73.6664
      vertex 43.5997 30 73.2985
    endloop
  endfacet
  facet normal -0.852588 0 0.522584
    outer loop
      vertex 43.8252 30 73.6664
      vertex 43.5997 22 73.2985
      vertex 43.8252 22 73.6664
    endloop
  endfacet
  facet normal 0 -1 0
    outer loop
      vertex 43.8252 22 73.6664
      vertex 44.1118 22 74
      vertex 44.1055 22 73.9945
    endloop
  endfacet
  facet normal 0 -1 0
    outer loop
      vertex 44.1118 22 74
      vertex 48 22 73.9882
      vertex 47.9882 22 74
    endloop
  endfacet
  facet normal 0 -1 0
    outer loop
      vertex 47.9882 22 74
      vertex 48 22 73.9882
      vertex 47.9945 22 73.9945
    endloop
  endfacet
  facet normal 0 -1 -0
    outer loop
      vertex 44.1118 22 74
      vertex 43.8252 22 73.6664
      vertex 48 22 73.9882
    endloop
  endfacet
  facet normal 0 -1 0
    outer loop
      vertex 43.5997 22 73.2985
      vertex 48 22 73.9882
      vertex 43.8252 22 73.6664
    endloop
  endfacet
  facet normal 0 -1 0
    outer loop
      vertex 43.4346 22 72.8998
      vertex 48 22 73.9882
      vertex 43.5997 22 73.2985
    endloop
  endfacet
  facet normal 0 -1 0
    outer loop
      vertex 43.3339 22 72.4802
      vertex 48 22 73.9882
      vertex 43.4346 22 72.8998
    endloop
  endfacet
  facet normal 0 -1 0
    outer loop
      vertex 43.3 22 72.05
      vertex 48 22 73.9882
      vertex 43.3339 22 72.4802
    endloop
  endfacet
  facet normal 0 -1 0
    outer loop
      vertex 43.3339 22 71.6198
      vertex 48 22 73.9882
      vertex 43.3 22 72.05
    endloop
  endfacet
  facet normal 0 -1 0
    outer loop
      vertex 43.4346 22 71.2002
      vertex 48 22 73.9882
      vertex 43.3339 22 71.6198
    endloop
  endfacet
  facet normal 0 -1 0
    outer loop
      vertex 43.5997 22 70.8015
      vertex 48 22 73.9882
      vertex 43.4346 22 71.2002
    endloop
  endfacet
  facet normal 0 -1 0
    outer loop
      vertex 43.8252 22 70.4336
      vertex 48 22 73.9882
      vertex 43.5997 22 70.8015
    endloop
  endfacet
  facet normal 0 -1 0
    outer loop
      vertex 43.8252 22 70.4336
      vertex 48 22 70.1118
      vertex 48 22 73.9882
    endloop
  endfacet
  facet normal 0 -1 0
    outer loop
      vertex 44.1055 22 70.1055
      vertex 48 22 70.1118
      vertex 43.8252 22 70.4336
    endloop
  endfacet
  facet normal 0 -1 0
    outer loop
      vertex 44.4336 22 69.8252
      vertex 48 22 70.1118
      vertex 44.1055 22 70.1055
    endloop
  endfacet
  facet normal 0 -1 0
    outer loop
      vertex 47.6664 22 69.8252
      vertex 48 22 70.1118
      vertex 44.4336 22 69.8252
    endloop
  endfacet
  facet normal 0 -1 0
    outer loop
      vertex 48 22 70.1118
      vertex 47.6664 22 69.8252
      vertex 47.9945 22 70.1055
    endloop
  endfacet
  facet normal 0 -1 0
    outer loop
      vertex 44.8015 22 69.5997
      vertex 47.6664 22 69.8252
      vertex 44.4336 22 69.8252
    endloop
  endfacet
  facet normal 0 -1 0
    outer loop
      vertex 44.8015 22 69.5997
      vertex 47.2985 22 69.5997
      vertex 47.6664 22 69.8252
    endloop
  endfacet
  facet normal 0 -1 0
    outer loop
      vertex 45.2002 22 69.4346
      vertex 47.2985 22 69.5997
      vertex 44.8015 22 69.5997
    endloop
  endfacet
  facet normal 0 -1 0
    outer loop
      vertex 45.2002 22 69.4346
      vertex 46.8998 22 69.4346
      vertex 47.2985 22 69.5997
    endloop
  endfacet
  facet normal 0 -1 0
    outer loop
      vertex 45.6198 22 69.3339
      vertex 46.8998 22 69.4346
      vertex 45.2002 22 69.4346
    endloop
  endfacet
  facet normal 0 -1 0
    outer loop
      vertex 45.6198 22 69.3339
      vertex 46.4802 22 69.3339
      vertex 46.8998 22 69.4346
    endloop
  endfacet
  facet normal -0 -1 0
    outer loop
      vertex 46.4802 22 69.3339
      vertex 45.6198 22 69.3339
      vertex 46.05 22 69.3
    endloop
  endfacet
  facet normal 0.657658 0 0.753317
    outer loop
      vertex 47.9882 30 74
      vertex 47.9945 22 73.9945
      vertex 47.9945 30 73.9945
    endloop
  endfacet
  facet normal 0.657658 0 0.753317
    outer loop
      vertex 47.9945 22 73.9945
      vertex 47.9882 30 74
      vertex 47.9882 22 74
    endloop
  endfacet
  facet normal 0.753317 -0 0.657658
    outer loop
      vertex 47.9945 22 73.9945
      vertex 48 30 73.9882
      vertex 47.9945 30 73.9945
    endloop
  endfacet
  facet normal 0.753317 0 0.657658
    outer loop
      vertex 48 30 73.9882
      vertex 47.9945 22 73.9945
      vertex 48 22 73.9882
    endloop
  endfacet
  facet normal -0.657658 0 0.753317
    outer loop
      vertex 44.1055 30 73.9945
      vertex 44.1118 22 74
      vertex 44.1118 30 74
    endloop
  endfacet
  facet normal -0.657658 0 0.753317
    outer loop
      vertex 44.1118 22 74
      vertex 44.1055 30 73.9945
      vertex 44.1055 22 73.9945
    endloop
  endfacet
  facet normal -0.760319 0 0.64955
    outer loop
      vertex 43.8252 22 73.6664
      vertex 44.1055 30 73.9945
      vertex 43.8252 30 73.6664
    endloop
  endfacet
  facet normal -0.760319 0 0.64955
    outer loop
      vertex 44.1055 30 73.9945
      vertex 43.8252 22 73.6664
      vertex 44.1055 22 73.9945
    endloop
  endfacet
  facet normal -0.923918 0 0.382591
    outer loop
      vertex 43.4346 22 72.8998
      vertex 43.5997 30 73.2985
      vertex 43.4346 30 72.8998
    endloop
  endfacet
  facet normal -0.923918 0 0.382591
    outer loop
      vertex 43.5997 30 73.2985
      vertex 43.4346 22 72.8998
      vertex 43.5997 22 73.2985
    endloop
  endfacet
  facet normal -0.99691 0 0.078557
    outer loop
      vertex 43.3 22 72.05
      vertex 43.3339 30 72.4802
      vertex 43.3 30 72.05
    endloop
  endfacet
  facet normal -0.99691 0 0.078557
    outer loop
      vertex 43.3339 30 72.4802
      vertex 43.3 22 72.05
      vertex 43.3339 22 72.4802
    endloop
  endfacet
  facet normal -0.972389 0 0.233364
    outer loop
      vertex 43.3339 22 72.4802
      vertex 43.4346 30 72.8998
      vertex 43.3339 30 72.4802
    endloop
  endfacet
  facet normal -0.972389 0 0.233364
    outer loop
      vertex 43.4346 30 72.8998
      vertex 43.3339 22 72.4802
      vertex 43.4346 22 72.8998
    endloop
  endfacet
  facet normal 0.76038 0 -0.649478
    outer loop
      vertex 14.768 2 67.8244
      vertex 14.5642 4.2 67.5858
      vertex 14.768 4.2 67.8244
    endloop
  endfacet
  facet normal 0.76038 0 -0.649478
    outer loop
      vertex 14.5642 4.2 67.5858
      vertex 14.768 2 67.8244
      vertex 14.5642 2 67.5858
    endloop
  endfacet
  facet normal 0.233602 0 -0.972332
    outer loop
      vertex 13.4629 2 67.0246
      vertex 13.768 4.2 67.0979
      vertex 13.768 2 67.0979
    endloop
  endfacet
  facet normal 0.233602 0 -0.972332
    outer loop
      vertex 13.768 4.2 67.0979
      vertex 13.4629 2 67.0246
      vertex 13.4629 4.2 67.0246
    endloop
  endfacet
  facet normal 0.382624 0 -0.923904
    outer loop
      vertex 13.768 2 67.0979
      vertex 14.058 4.2 67.218
      vertex 14.058 2 67.218
    endloop
  endfacet
  facet normal 0.382624 0 -0.923904
    outer loop
      vertex 14.058 4.2 67.218
      vertex 13.768 2 67.0979
      vertex 13.768 4.2 67.0979
    endloop
  endfacet
  facet normal -0.382624 0 -0.923904
    outer loop
      vertex 12.242 2 67.218
      vertex 12.532 4.2 67.0979
      vertex 12.532 2 67.0979
    endloop
  endfacet
  facet normal -0.382624 0 -0.923904
    outer loop
      vertex 12.532 4.2 67.0979
      vertex 12.242 2 67.218
      vertex 12.242 4.2 67.218
    endloop
  endfacet
  facet normal -0.972332 0 -0.233602
    outer loop
      vertex 11.2479 2 68.382
      vertex 11.1746 4.2 68.6871
      vertex 11.2479 4.2 68.382
    endloop
  endfacet
  facet normal -0.972332 -0 -0.233602
    outer loop
      vertex 11.1746 4.2 68.6871
      vertex 11.2479 2 68.382
      vertex 11.1746 2 68.6871
    endloop
  endfacet
  facet normal 0.972332 0 -0.233602
    outer loop
      vertex 15.1254 2 68.6871
      vertex 15.0521 4.2 68.382
      vertex 15.1254 4.2 68.6871
    endloop
  endfacet
  facet normal 0.972332 0 -0.233602
    outer loop
      vertex 15.0521 4.2 68.382
      vertex 15.1254 2 68.6871
      vertex 15.0521 2 68.382
    endloop
  endfacet
  facet normal 0.649478 0 -0.76038
    outer loop
      vertex 14.3256 2 67.382
      vertex 14.5642 4.2 67.5858
      vertex 14.5642 2 67.5858
    endloop
  endfacet
  facet normal 0.649478 0 -0.76038
    outer loop
      vertex 14.5642 4.2 67.5858
      vertex 14.3256 2 67.382
      vertex 14.3256 4.2 67.382
    endloop
  endfacet
  facet normal 0.0783775 0 -0.996924
    outer loop
      vertex 13.15 2 67
      vertex 13.4629 4.2 67.0246
      vertex 13.4629 2 67.0246
    endloop
  endfacet
  facet normal 0.0783775 0 -0.996924
    outer loop
      vertex 13.4629 4.2 67.0246
      vertex 13.15 2 67
      vertex 13.15 4.2 67
    endloop
  endfacet
  facet normal 0.522532 0 -0.85262
    outer loop
      vertex 14.058 2 67.218
      vertex 14.3256 4.2 67.382
      vertex 14.3256 2 67.382
    endloop
  endfacet
  facet normal 0.522532 0 -0.85262
    outer loop
      vertex 14.3256 4.2 67.382
      vertex 14.058 2 67.218
      vertex 14.058 4.2 67.218
    endloop
  endfacet
  facet normal -0.996924 0 0.0783775
    outer loop
      vertex 11.15 2 69
      vertex 11.1746 4.2 69.3129
      vertex 11.15 4.2 69
    endloop
  endfacet
  facet normal -0.996924 0 0.0783775
    outer loop
      vertex 11.1746 4.2 69.3129
      vertex 11.15 2 69
      vertex 11.1746 2 69.3129
    endloop
  endfacet
  facet normal -0.85262 0 -0.522532
    outer loop
      vertex 11.532 2 67.8244
      vertex 11.368 4.2 68.092
      vertex 11.532 4.2 67.8244
    endloop
  endfacet
  facet normal -0.85262 -0 -0.522532
    outer loop
      vertex 11.368 4.2 68.092
      vertex 11.532 2 67.8244
      vertex 11.368 2 68.092
    endloop
  endfacet
  facet normal -0.233602 0 -0.972332
    outer loop
      vertex 12.532 2 67.0979
      vertex 12.8371 4.2 67.0246
      vertex 12.8371 2 67.0246
    endloop
  endfacet
  facet normal -0.233602 0 -0.972332
    outer loop
      vertex 12.8371 4.2 67.0246
      vertex 12.532 2 67.0979
      vertex 12.532 4.2 67.0979
    endloop
  endfacet
  facet normal -0.76038 0 -0.649478
    outer loop
      vertex 11.7358 2 67.5858
      vertex 11.532 4.2 67.8244
      vertex 11.7358 4.2 67.5858
    endloop
  endfacet
  facet normal -0.76038 -0 -0.649478
    outer loop
      vertex 11.532 4.2 67.8244
      vertex 11.7358 2 67.5858
      vertex 11.532 2 67.8244
    endloop
  endfacet
  facet normal 0.996924 0 -0.0783775
    outer loop
      vertex 15.15 2 69
      vertex 15.1254 4.2 68.6871
      vertex 15.15 4.2 69
    endloop
  endfacet
  facet normal 0.996924 0 -0.0783775
    outer loop
      vertex 15.1254 4.2 68.6871
      vertex 15.15 2 69
      vertex 15.1254 2 68.6871
    endloop
  endfacet
  facet normal 0.522532 0 0.85262
    outer loop
      vertex 14.058 4.2 70.782
      vertex 14.3256 2 70.618
      vertex 14.3256 4.2 70.618
    endloop
  endfacet
  facet normal 0.522532 0 0.85262
    outer loop
      vertex 14.3256 2 70.618
      vertex 14.058 4.2 70.782
      vertex 14.058 2 70.782
    endloop
  endfacet
  facet normal -0.0783775 0 -0.996924
    outer loop
      vertex 12.8371 2 67.0246
      vertex 13.15 4.2 67
      vertex 13.15 2 67
    endloop
  endfacet
  facet normal -0.0783775 0 -0.996924
    outer loop
      vertex 13.15 4.2 67
      vertex 12.8371 2 67.0246
      vertex 12.8371 4.2 67.0246
    endloop
  endfacet
  facet normal 0 1 0
    outer loop
      vertex 13.15 4.2 69.65
      vertex 13.15 4.2 71
      vertex 13.4629 4.2 70.9754
    endloop
  endfacet
  facet normal 0 1 0
    outer loop
      vertex 13.2517 4.2 69.642
      vertex 13.4629 4.2 70.9754
      vertex 13.768 4.2 70.9021
    endloop
  endfacet
  facet normal 0 1 0
    outer loop
      vertex 13.15 4.2 71
      vertex 13.15 4.2 69.65
      vertex 12.8371 4.2 70.9754
    endloop
  endfacet
  facet normal 0 1 0
    outer loop
      vertex 13.3509 4.2 69.6182
      vertex 13.768 4.2 70.9021
      vertex 14.058 4.2 70.782
    endloop
  endfacet
  facet normal 0 1 -0
    outer loop
      vertex 13.0483 4.2 69.642
      vertex 12.8371 4.2 70.9754
      vertex 13.15 4.2 69.65
    endloop
  endfacet
  facet normal 0 1 0
    outer loop
      vertex 13.4451 4.2 69.5792
      vertex 14.058 4.2 70.782
      vertex 14.3256 4.2 70.618
    endloop
  endfacet
  facet normal 0 1 0
    outer loop
      vertex 12.8371 4.2 70.9754
      vertex 13.0483 4.2 69.642
      vertex 12.532 4.2 70.9021
    endloop
  endfacet
  facet normal 0 1 0
    outer loop
      vertex 13.5321 4.2 69.5259
      vertex 14.3256 4.2 70.618
      vertex 14.5642 4.2 70.4142
    endloop
  endfacet
  facet normal 0 1 -0
    outer loop
      vertex 12.9491 4.2 69.6182
      vertex 12.532 4.2 70.9021
      vertex 13.0483 4.2 69.642
    endloop
  endfacet
  facet normal 0 1 0
    outer loop
      vertex 13.6096 4.2 69.4596
      vertex 14.5642 4.2 70.4142
      vertex 14.768 4.2 70.1756
    endloop
  endfacet
  facet normal 0 1 0
    outer loop
      vertex 12.532 4.2 70.9021
      vertex 12.9491 4.2 69.6182
      vertex 12.242 4.2 70.782
    endloop
  endfacet
  facet normal 0 1 0
    outer loop
      vertex 13.6759 4.2 69.3821
      vertex 14.768 4.2 70.1756
      vertex 14.932 4.2 69.908
    endloop
  endfacet
  facet normal 0 1 -0
    outer loop
      vertex 12.8549 4.2 69.5792
      vertex 12.242 4.2 70.782
      vertex 12.9491 4.2 69.6182
    endloop
  endfacet
  facet normal 0 1 0
    outer loop
      vertex 12.242 4.2 70.782
      vertex 12.8549 4.2 69.5792
      vertex 11.9744 4.2 70.618
    endloop
  endfacet
  facet normal 0 1 0
    outer loop
      vertex 13.4629 4.2 70.9754
      vertex 13.2517 4.2 69.642
      vertex 13.15 4.2 69.65
    endloop
  endfacet
  facet normal 0 1 0
    outer loop
      vertex 13.768 4.2 70.9021
      vertex 13.3509 4.2 69.6182
      vertex 13.2517 4.2 69.642
    endloop
  endfacet
  facet normal 0 1 0
    outer loop
      vertex 13.7292 4.2 69.2951
      vertex 14.932 4.2 69.908
      vertex 15.0521 4.2 69.618
    endloop
  endfacet
  facet normal 0 1 0
    outer loop
      vertex 14.058 4.2 70.782
      vertex 13.4451 4.2 69.5792
      vertex 13.3509 4.2 69.6182
    endloop
  endfacet
  facet normal 0 1 0
    outer loop
      vertex 14.3256 4.2 70.618
      vertex 13.5321 4.2 69.5259
      vertex 13.4451 4.2 69.5792
    endloop
  endfacet
  facet normal 0 1 0
    outer loop
      vertex 14.5642 4.2 70.4142
      vertex 13.6096 4.2 69.4596
      vertex 13.5321 4.2 69.5259
    endloop
  endfacet
  facet normal 0 1 0
    outer loop
      vertex 14.768 4.2 70.1756
      vertex 13.6759 4.2 69.3821
      vertex 13.6096 4.2 69.4596
    endloop
  endfacet
  facet normal 0 1 0
    outer loop
      vertex 13.7682 4.2 69.2009
      vertex 15.0521 4.2 69.618
      vertex 15.1254 4.2 69.3129
    endloop
  endfacet
  facet normal 0 1 0
    outer loop
      vertex 14.932 4.2 69.908
      vertex 13.7292 4.2 69.2951
      vertex 13.6759 4.2 69.3821
    endloop
  endfacet
  facet normal 0 1 0
    outer loop
      vertex 15.0521 4.2 69.618
      vertex 13.7682 4.2 69.2009
      vertex 13.7292 4.2 69.2951
    endloop
  endfacet
  facet normal 0 1 0
    outer loop
      vertex 15.1254 4.2 69.3129
      vertex 13.792 4.2 69.1017
      vertex 13.7682 4.2 69.2009
    endloop
  endfacet
  facet normal 0 1 0
    outer loop
      vertex 15.15 4.2 69
      vertex 13.792 4.2 69.1017
      vertex 15.1254 4.2 69.3129
    endloop
  endfacet
  facet normal 0 1 0
    outer loop
      vertex 15.15 4.2 69
      vertex 13.8 4.2 69
      vertex 13.792 4.2 69.1017
    endloop
  endfacet
  facet normal 0 1 0
    outer loop
      vertex 15.15 4.2 69
      vertex 13.792 4.2 68.8983
      vertex 13.8 4.2 69
    endloop
  endfacet
  facet normal 0 1 -0
    outer loop
      vertex 15.1254 4.2 68.6871
      vertex 13.792 4.2 68.8983
      vertex 15.15 4.2 69
    endloop
  endfacet
  facet normal 0 1 0
    outer loop
      vertex 13.792 4.2 68.8983
      vertex 15.1254 4.2 68.6871
      vertex 13.7682 4.2 68.7991
    endloop
  endfacet
  facet normal 0 1 -0
    outer loop
      vertex 15.0521 4.2 68.382
      vertex 13.7682 4.2 68.7991
      vertex 15.1254 4.2 68.6871
    endloop
  endfacet
  facet normal 0 1 0
    outer loop
      vertex 13.7682 4.2 68.7991
      vertex 15.0521 4.2 68.382
      vertex 13.7292 4.2 68.7049
    endloop
  endfacet
  facet normal 0 1 -0
    outer loop
      vertex 14.932 4.2 68.092
      vertex 13.7292 4.2 68.7049
      vertex 15.0521 4.2 68.382
    endloop
  endfacet
  facet normal 0 1 0
    outer loop
      vertex 13.7292 4.2 68.7049
      vertex 14.932 4.2 68.092
      vertex 13.6759 4.2 68.6179
    endloop
  endfacet
  facet normal 0 1 -0
    outer loop
      vertex 14.768 4.2 67.8244
      vertex 13.6759 4.2 68.6179
      vertex 14.932 4.2 68.092
    endloop
  endfacet
  facet normal 0 1 0
    outer loop
      vertex 13.6759 4.2 68.6179
      vertex 14.768 4.2 67.8244
      vertex 13.6096 4.2 68.5404
    endloop
  endfacet
  facet normal 0 1 -0
    outer loop
      vertex 14.5642 4.2 67.5858
      vertex 13.6096 4.2 68.5404
      vertex 14.768 4.2 67.8244
    endloop
  endfacet
  facet normal 0 1 0
    outer loop
      vertex 13.6096 4.2 68.5404
      vertex 14.5642 4.2 67.5858
      vertex 13.5321 4.2 68.4741
    endloop
  endfacet
  facet normal 0 1 -0
    outer loop
      vertex 14.3256 4.2 67.382
      vertex 13.5321 4.2 68.4741
      vertex 14.5642 4.2 67.5858
    endloop
  endfacet
  facet normal 0 1 0
    outer loop
      vertex 13.5321 4.2 68.4741
      vertex 14.3256 4.2 67.382
      vertex 13.4451 4.2 68.4208
    endloop
  endfacet
  facet normal 0 1 -0
    outer loop
      vertex 12.7679 4.2 69.5259
      vertex 11.9744 4.2 70.618
      vertex 12.8549 4.2 69.5792
    endloop
  endfacet
  facet normal 0 1 0
    outer loop
      vertex 11.9744 4.2 70.618
      vertex 12.7679 4.2 69.5259
      vertex 11.7358 4.2 70.4142
    endloop
  endfacet
  facet normal 0 1 -0
    outer loop
      vertex 12.6904 4.2 69.4596
      vertex 11.7358 4.2 70.4142
      vertex 12.7679 4.2 69.5259
    endloop
  endfacet
  facet normal 0 1 0
    outer loop
      vertex 11.7358 4.2 70.4142
      vertex 12.6904 4.2 69.4596
      vertex 11.532 4.2 70.1756
    endloop
  endfacet
  facet normal 0 1 -0
    outer loop
      vertex 12.6241 4.2 69.3821
      vertex 11.532 4.2 70.1756
      vertex 12.6904 4.2 69.4596
    endloop
  endfacet
  facet normal 0 1 0
    outer loop
      vertex 11.532 4.2 70.1756
      vertex 12.6241 4.2 69.3821
      vertex 11.368 4.2 69.908
    endloop
  endfacet
  facet normal 0 1 -0
    outer loop
      vertex 12.5708 4.2 69.2951
      vertex 11.368 4.2 69.908
      vertex 12.6241 4.2 69.3821
    endloop
  endfacet
  facet normal 0 1 0
    outer loop
      vertex 11.368 4.2 69.908
      vertex 12.5708 4.2 69.2951
      vertex 11.2479 4.2 69.618
    endloop
  endfacet
  facet normal 0 1 -0
    outer loop
      vertex 12.5318 4.2 69.2009
      vertex 11.2479 4.2 69.618
      vertex 12.5708 4.2 69.2951
    endloop
  endfacet
  facet normal 0 1 0
    outer loop
      vertex 11.2479 4.2 69.618
      vertex 12.5318 4.2 69.2009
      vertex 11.1746 4.2 69.3129
    endloop
  endfacet
  facet normal 0 1 -0
    outer loop
      vertex 12.508 4.2 69.1017
      vertex 11.1746 4.2 69.3129
      vertex 12.5318 4.2 69.2009
    endloop
  endfacet
  facet normal 0 1 -0
    outer loop
      vertex 12.5 4.2 69
      vertex 11.1746 4.2 69.3129
      vertex 12.508 4.2 69.1017
    endloop
  endfacet
  facet normal 0 1 0
    outer loop
      vertex 12.5 4.2 69
      vertex 11.15 4.2 69
      vertex 11.1746 4.2 69.3129
    endloop
  endfacet
  facet normal 0 1 0
    outer loop
      vertex 12.508 4.2 68.8983
      vertex 11.15 4.2 69
      vertex 12.5 4.2 69
    endloop
  endfacet
  facet normal 0 1 0
    outer loop
      vertex 11.1746 4.2 68.6871
      vertex 12.508 4.2 68.8983
      vertex 12.5318 4.2 68.7991
    endloop
  endfacet
  facet normal 0 1 0
    outer loop
      vertex 11.2479 4.2 68.382
      vertex 12.5318 4.2 68.7991
      vertex 12.5708 4.2 68.7049
    endloop
  endfacet
  facet normal 0 1 0
    outer loop
      vertex 12.508 4.2 68.8983
      vertex 11.1746 4.2 68.6871
      vertex 11.15 4.2 69
    endloop
  endfacet
  facet normal 0 1 0
    outer loop
      vertex 11.368 4.2 68.092
      vertex 12.5708 4.2 68.7049
      vertex 12.6241 4.2 68.6179
    endloop
  endfacet
  facet normal 0 1 0
    outer loop
      vertex 11.532 4.2 67.8244
      vertex 12.6241 4.2 68.6179
      vertex 12.6904 4.2 68.5404
    endloop
  endfacet
  facet normal 0 1 0
    outer loop
      vertex 11.7358 4.2 67.5858
      vertex 12.6904 4.2 68.5404
      vertex 12.7679 4.2 68.4741
    endloop
  endfacet
  facet normal 0 1 0
    outer loop
      vertex 11.9744 4.2 67.382
      vertex 12.7679 4.2 68.4741
      vertex 12.8549 4.2 68.4208
    endloop
  endfacet
  facet normal 0 1 0
    outer loop
      vertex 12.5318 4.2 68.7991
      vertex 11.2479 4.2 68.382
      vertex 11.1746 4.2 68.6871
    endloop
  endfacet
  facet normal 0 1 0
    outer loop
      vertex 12.242 4.2 67.218
      vertex 12.8549 4.2 68.4208
      vertex 12.9491 4.2 68.3818
    endloop
  endfacet
  facet normal 0 1 0
    outer loop
      vertex 12.532 4.2 67.0979
      vertex 12.9491 4.2 68.3818
      vertex 13.0483 4.2 68.358
    endloop
  endfacet
  facet normal 0 1 0
    outer loop
      vertex 12.8371 4.2 67.0246
      vertex 13.0483 4.2 68.358
      vertex 13.15 4.2 68.35
    endloop
  endfacet
  facet normal 0 1 -0
    outer loop
      vertex 14.058 4.2 67.218
      vertex 13.4451 4.2 68.4208
      vertex 14.3256 4.2 67.382
    endloop
  endfacet
  facet normal 0 1 0
    outer loop
      vertex 12.5708 4.2 68.7049
      vertex 11.368 4.2 68.092
      vertex 11.2479 4.2 68.382
    endloop
  endfacet
  facet normal 0 1 0
    outer loop
      vertex 13.4451 4.2 68.4208
      vertex 14.058 4.2 67.218
      vertex 13.3509 4.2 68.3818
    endloop
  endfacet
  facet normal 0 1 0
    outer loop
      vertex 12.6241 4.2 68.6179
      vertex 11.532 4.2 67.8244
      vertex 11.368 4.2 68.092
    endloop
  endfacet
  facet normal 0 1 -0
    outer loop
      vertex 13.768 4.2 67.0979
      vertex 13.3509 4.2 68.3818
      vertex 14.058 4.2 67.218
    endloop
  endfacet
  facet normal 0 1 0
    outer loop
      vertex 12.6904 4.2 68.5404
      vertex 11.7358 4.2 67.5858
      vertex 11.532 4.2 67.8244
    endloop
  endfacet
  facet normal 0 1 0
    outer loop
      vertex 13.3509 4.2 68.3818
      vertex 13.768 4.2 67.0979
      vertex 13.2517 4.2 68.358
    endloop
  endfacet
  facet normal 0 1 0
    outer loop
      vertex 12.7679 4.2 68.4741
      vertex 11.9744 4.2 67.382
      vertex 11.7358 4.2 67.5858
    endloop
  endfacet
  facet normal 0 1 -0
    outer loop
      vertex 13.4629 4.2 67.0246
      vertex 13.2517 4.2 68.358
      vertex 13.768 4.2 67.0979
    endloop
  endfacet
  facet normal 0 1 0
    outer loop
      vertex 12.8549 4.2 68.4208
      vertex 12.242 4.2 67.218
      vertex 11.9744 4.2 67.382
    endloop
  endfacet
  facet normal 0 1 0
    outer loop
      vertex 13.2517 4.2 68.358
      vertex 13.4629 4.2 67.0246
      vertex 13.15 4.2 68.35
    endloop
  endfacet
  facet normal 0 1 0
    outer loop
      vertex 12.9491 4.2 68.3818
      vertex 12.532 4.2 67.0979
      vertex 12.242 4.2 67.218
    endloop
  endfacet
  facet normal 0 1 0
    outer loop
      vertex 13.15 4.2 67
      vertex 13.15 4.2 68.35
      vertex 13.4629 4.2 67.0246
    endloop
  endfacet
  facet normal 0 1 0
    outer loop
      vertex 13.0483 4.2 68.358
      vertex 12.8371 4.2 67.0246
      vertex 12.532 4.2 67.0979
    endloop
  endfacet
  facet normal 0 1 0
    outer loop
      vertex 13.15 4.2 68.35
      vertex 13.15 4.2 67
      vertex 12.8371 4.2 67.0246
    endloop
  endfacet
  facet normal -0.996924 0 -0.0783775
    outer loop
      vertex 11.1746 2 68.6871
      vertex 11.15 4.2 69
      vertex 11.1746 4.2 68.6871
    endloop
  endfacet
  facet normal -0.996924 -0 -0.0783775
    outer loop
      vertex 11.15 4.2 69
      vertex 11.1746 2 68.6871
      vertex 11.15 2 69
    endloop
  endfacet
  facet normal -0.923904 0 -0.382624
    outer loop
      vertex 11.368 2 68.092
      vertex 11.2479 4.2 68.382
      vertex 11.368 4.2 68.092
    endloop
  endfacet
  facet normal -0.923904 -0 -0.382624
    outer loop
      vertex 11.2479 4.2 68.382
      vertex 11.368 2 68.092
      vertex 11.2479 2 68.382
    endloop
  endfacet
  facet normal -0.649478 0 -0.76038
    outer loop
      vertex 11.7358 2 67.5858
      vertex 11.9744 4.2 67.382
      vertex 11.9744 2 67.382
    endloop
  endfacet
  facet normal -0.649478 0 -0.76038
    outer loop
      vertex 11.9744 4.2 67.382
      vertex 11.7358 2 67.5858
      vertex 11.7358 4.2 67.5858
    endloop
  endfacet
  facet normal -0.522532 0 -0.85262
    outer loop
      vertex 11.9744 2 67.382
      vertex 12.242 4.2 67.218
      vertex 12.242 2 67.218
    endloop
  endfacet
  facet normal -0.522532 0 -0.85262
    outer loop
      vertex 12.242 4.2 67.218
      vertex 11.9744 2 67.382
      vertex 11.9744 4.2 67.382
    endloop
  endfacet
  facet normal 0.972332 -0 0.233602
    outer loop
      vertex 15.0521 2 69.618
      vertex 15.1254 4.2 69.3129
      vertex 15.0521 4.2 69.618
    endloop
  endfacet
  facet normal 0.972332 0 0.233602
    outer loop
      vertex 15.1254 4.2 69.3129
      vertex 15.0521 2 69.618
      vertex 15.1254 2 69.3129
    endloop
  endfacet
  facet normal 0.85262 -0 0.522532
    outer loop
      vertex 14.768 2 70.1756
      vertex 14.932 4.2 69.908
      vertex 14.768 4.2 70.1756
    endloop
  endfacet
  facet normal 0.85262 0 0.522532
    outer loop
      vertex 14.932 4.2 69.908
      vertex 14.768 2 70.1756
      vertex 14.932 2 69.908
    endloop
  endfacet
  facet normal -0.972332 0 0.233602
    outer loop
      vertex 11.1746 2 69.3129
      vertex 11.2479 4.2 69.618
      vertex 11.1746 4.2 69.3129
    endloop
  endfacet
  facet normal -0.972332 0 0.233602
    outer loop
      vertex 11.2479 4.2 69.618
      vertex 11.1746 2 69.3129
      vertex 11.2479 2 69.618
    endloop
  endfacet
  facet normal -0.923904 0 0.382624
    outer loop
      vertex 11.2479 2 69.618
      vertex 11.368 4.2 69.908
      vertex 11.2479 4.2 69.618
    endloop
  endfacet
  facet normal -0.923904 0 0.382624
    outer loop
      vertex 11.368 4.2 69.908
      vertex 11.2479 2 69.618
      vertex 11.368 2 69.908
    endloop
  endfacet
  facet normal 0.233602 0 0.972332
    outer loop
      vertex 13.4629 4.2 70.9754
      vertex 13.768 2 70.9021
      vertex 13.768 4.2 70.9021
    endloop
  endfacet
  facet normal 0.233602 0 0.972332
    outer loop
      vertex 13.768 2 70.9021
      vertex 13.4629 4.2 70.9754
      vertex 13.4629 2 70.9754
    endloop
  endfacet
  facet normal 0.382624 0 0.923904
    outer loop
      vertex 13.768 4.2 70.9021
      vertex 14.058 2 70.782
      vertex 14.058 4.2 70.782
    endloop
  endfacet
  facet normal 0.382624 0 0.923904
    outer loop
      vertex 14.058 2 70.782
      vertex 13.768 4.2 70.9021
      vertex 13.768 2 70.9021
    endloop
  endfacet
  facet normal 0.649478 0 0.76038
    outer loop
      vertex 14.3256 4.2 70.618
      vertex 14.5642 2 70.4142
      vertex 14.5642 4.2 70.4142
    endloop
  endfacet
  facet normal 0.649478 0 0.76038
    outer loop
      vertex 14.5642 2 70.4142
      vertex 14.3256 4.2 70.618
      vertex 14.3256 2 70.618
    endloop
  endfacet
  facet normal 0.85262 0 -0.522532
    outer loop
      vertex 14.932 2 68.092
      vertex 14.768 4.2 67.8244
      vertex 14.932 4.2 68.092
    endloop
  endfacet
  facet normal 0.85262 0 -0.522532
    outer loop
      vertex 14.768 4.2 67.8244
      vertex 14.932 2 68.092
      vertex 14.768 2 67.8244
    endloop
  endfacet
  facet normal 0.923904 0 -0.382624
    outer loop
      vertex 15.0521 2 68.382
      vertex 14.932 4.2 68.092
      vertex 15.0521 4.2 68.382
    endloop
  endfacet
  facet normal 0.923904 0 -0.382624
    outer loop
      vertex 14.932 4.2 68.092
      vertex 15.0521 2 68.382
      vertex 14.932 2 68.092
    endloop
  endfacet
  facet normal 0.996924 -0 0.0783775
    outer loop
      vertex 15.1254 2 69.3129
      vertex 15.15 4.2 69
      vertex 15.1254 4.2 69.3129
    endloop
  endfacet
  facet normal 0.996924 0 0.0783775
    outer loop
      vertex 15.15 4.2 69
      vertex 15.1254 2 69.3129
      vertex 15.15 2 69
    endloop
  endfacet
  facet normal 0.923904 -0 0.382624
    outer loop
      vertex 14.932 2 69.908
      vertex 15.0521 4.2 69.618
      vertex 14.932 4.2 69.908
    endloop
  endfacet
  facet normal 0.923904 0 0.382624
    outer loop
      vertex 15.0521 4.2 69.618
      vertex 14.932 2 69.908
      vertex 15.0521 2 69.618
    endloop
  endfacet
  facet normal 0.0783775 0 0.996924
    outer loop
      vertex 13.15 4.2 71
      vertex 13.4629 2 70.9754
      vertex 13.4629 4.2 70.9754
    endloop
  endfacet
  facet normal 0.0783775 0 0.996924
    outer loop
      vertex 13.4629 2 70.9754
      vertex 13.15 4.2 71
      vertex 13.15 2 71
    endloop
  endfacet
  facet normal -0.76038 0 0.649478
    outer loop
      vertex 11.532 2 70.1756
      vertex 11.7358 4.2 70.4142
      vertex 11.532 4.2 70.1756
    endloop
  endfacet
  facet normal -0.76038 0 0.649478
    outer loop
      vertex 11.7358 4.2 70.4142
      vertex 11.532 2 70.1756
      vertex 11.7358 2 70.4142
    endloop
  endfacet
  facet normal -0.649478 0 0.76038
    outer loop
      vertex 11.7358 4.2 70.4142
      vertex 11.9744 2 70.618
      vertex 11.9744 4.2 70.618
    endloop
  endfacet
  facet normal -0.649478 0 0.76038
    outer loop
      vertex 11.9744 2 70.618
      vertex 11.7358 4.2 70.4142
      vertex 11.7358 2 70.4142
    endloop
  endfacet
  facet normal 0.76038 -0 0.649478
    outer loop
      vertex 14.5642 2 70.4142
      vertex 14.768 4.2 70.1756
      vertex 14.5642 4.2 70.4142
    endloop
  endfacet
  facet normal 0.76038 0 0.649478
    outer loop
      vertex 14.768 4.2 70.1756
      vertex 14.5642 2 70.4142
      vertex 14.768 2 70.1756
    endloop
  endfacet
  facet normal -0.382624 0 0.923904
    outer loop
      vertex 12.242 4.2 70.782
      vertex 12.532 2 70.9021
      vertex 12.532 4.2 70.9021
    endloop
  endfacet
  facet normal -0.382624 0 0.923904
    outer loop
      vertex 12.532 2 70.9021
      vertex 12.242 4.2 70.782
      vertex 12.242 2 70.782
    endloop
  endfacet
  facet normal -0.522532 0 0.85262
    outer loop
      vertex 11.9744 4.2 70.618
      vertex 12.242 2 70.782
      vertex 12.242 4.2 70.782
    endloop
  endfacet
  facet normal -0.522532 0 0.85262
    outer loop
      vertex 12.242 2 70.782
      vertex 11.9744 4.2 70.618
      vertex 11.9744 2 70.618
    endloop
  endfacet
  facet normal -0.233602 0 0.972332
    outer loop
      vertex 12.532 4.2 70.9021
      vertex 12.8371 2 70.9754
      vertex 12.8371 4.2 70.9754
    endloop
  endfacet
  facet normal -0.233602 0 0.972332
    outer loop
      vertex 12.8371 2 70.9754
      vertex 12.532 4.2 70.9021
      vertex 12.532 2 70.9021
    endloop
  endfacet
  facet normal -0.85262 0 0.522532
    outer loop
      vertex 11.368 2 69.908
      vertex 11.532 4.2 70.1756
      vertex 11.368 4.2 69.908
    endloop
  endfacet
  facet normal -0.85262 0 0.522532
    outer loop
      vertex 11.532 4.2 70.1756
      vertex 11.368 2 69.908
      vertex 11.532 2 70.1756
    endloop
  endfacet
  facet normal -0.0783775 0 0.996924
    outer loop
      vertex 12.8371 4.2 70.9754
      vertex 13.15 2 71
      vertex 13.15 4.2 71
    endloop
  endfacet
  facet normal -0.0783775 0 0.996924
    outer loop
      vertex 13.15 2 71
      vertex 12.8371 4.2 70.9754
      vertex 12.8371 2 70.9754
    endloop
  endfacet
  facet normal 0.76038 0 -0.649478
    outer loop
      vertex 14.768 2 32.7244
      vertex 14.5642 4.2 32.4858
      vertex 14.768 4.2 32.7244
    endloop
  endfacet
  facet normal 0.76038 0 -0.649478
    outer loop
      vertex 14.5642 4.2 32.4858
      vertex 14.768 2 32.7244
      vertex 14.5642 2 32.4858
    endloop
  endfacet
  facet normal 0.0783775 0 -0.996924
    outer loop
      vertex 13.15 2 31.9
      vertex 13.4629 4.2 31.9246
      vertex 13.4629 2 31.9246
    endloop
  endfacet
  facet normal 0.0783775 0 -0.996924
    outer loop
      vertex 13.4629 4.2 31.9246
      vertex 13.15 2 31.9
      vertex 13.15 4.2 31.9
    endloop
  endfacet
  facet normal 0.233602 0 -0.972332
    outer loop
      vertex 13.4629 2 31.9246
      vertex 13.768 4.2 31.9979
      vertex 13.768 2 31.9979
    endloop
  endfacet
  facet normal 0.233602 0 -0.972332
    outer loop
      vertex 13.768 4.2 31.9979
      vertex 13.4629 2 31.9246
      vertex 13.4629 4.2 31.9246
    endloop
  endfacet
  facet normal -0.522532 0 -0.85262
    outer loop
      vertex 11.9744 2 32.282
      vertex 12.242 4.2 32.118
      vertex 12.242 2 32.118
    endloop
  endfacet
  facet normal -0.522532 0 -0.85262
    outer loop
      vertex 12.242 4.2 32.118
      vertex 11.9744 2 32.282
      vertex 11.9744 4.2 32.282
    endloop
  endfacet
  facet normal -0.972332 0 -0.233602
    outer loop
      vertex 11.2479 2 33.282
      vertex 11.1746 4.2 33.5871
      vertex 11.2479 4.2 33.282
    endloop
  endfacet
  facet normal -0.972332 -0 -0.233602
    outer loop
      vertex 11.1746 4.2 33.5871
      vertex 11.2479 2 33.282
      vertex 11.1746 2 33.5871
    endloop
  endfacet
  facet normal 0.649478 0 -0.76038
    outer loop
      vertex 14.3256 2 32.282
      vertex 14.5642 4.2 32.4858
      vertex 14.5642 2 32.4858
    endloop
  endfacet
  facet normal 0.649478 0 -0.76038
    outer loop
      vertex 14.5642 4.2 32.4858
      vertex 14.3256 2 32.282
      vertex 14.3256 4.2 32.282
    endloop
  endfacet
  facet normal -0.0783775 0 -0.996924
    outer loop
      vertex 12.8371 2 31.9246
      vertex 13.15 4.2 31.9
      vertex 13.15 2 31.9
    endloop
  endfacet
  facet normal -0.0783775 0 -0.996924
    outer loop
      vertex 13.15 4.2 31.9
      vertex 12.8371 2 31.9246
      vertex 12.8371 4.2 31.9246
    endloop
  endfacet
  facet normal 0.382624 0 -0.923904
    outer loop
      vertex 13.768 2 31.9979
      vertex 14.058 4.2 32.118
      vertex 14.058 2 32.118
    endloop
  endfacet
  facet normal 0.382624 0 -0.923904
    outer loop
      vertex 14.058 4.2 32.118
      vertex 13.768 2 31.9979
      vertex 13.768 4.2 31.9979
    endloop
  endfacet
  facet normal -0.996924 0 0.0783775
    outer loop
      vertex 11.15 2 33.9
      vertex 11.1746 4.2 34.2129
      vertex 11.15 4.2 33.9
    endloop
  endfacet
  facet normal -0.996924 0 0.0783775
    outer loop
      vertex 11.1746 4.2 34.2129
      vertex 11.15 2 33.9
      vertex 11.1746 2 34.2129
    endloop
  endfacet
  facet normal -0.85262 0 -0.522532
    outer loop
      vertex 11.532 2 32.7244
      vertex 11.368 4.2 32.992
      vertex 11.532 4.2 32.7244
    endloop
  endfacet
  facet normal -0.85262 -0 -0.522532
    outer loop
      vertex 11.368 4.2 32.992
      vertex 11.532 2 32.7244
      vertex 11.368 2 32.992
    endloop
  endfacet
  facet normal -0.649478 0 -0.76038
    outer loop
      vertex 11.7358 2 32.4858
      vertex 11.9744 4.2 32.282
      vertex 11.9744 2 32.282
    endloop
  endfacet
  facet normal -0.649478 0 -0.76038
    outer loop
      vertex 11.9744 4.2 32.282
      vertex 11.7358 2 32.4858
      vertex 11.7358 4.2 32.4858
    endloop
  endfacet
  facet normal -0.233602 0 -0.972332
    outer loop
      vertex 12.532 2 31.9979
      vertex 12.8371 4.2 31.9246
      vertex 12.8371 2 31.9246
    endloop
  endfacet
  facet normal -0.233602 0 -0.972332
    outer loop
      vertex 12.8371 4.2 31.9246
      vertex 12.532 2 31.9979
      vertex 12.532 4.2 31.9979
    endloop
  endfacet
  facet normal -0.76038 0 -0.649478
    outer loop
      vertex 11.7358 2 32.4858
      vertex 11.532 4.2 32.7244
      vertex 11.7358 4.2 32.4858
    endloop
  endfacet
  facet normal -0.76038 -0 -0.649478
    outer loop
      vertex 11.532 4.2 32.7244
      vertex 11.7358 2 32.4858
      vertex 11.532 2 32.7244
    endloop
  endfacet
  facet normal 0.996924 0 -0.0783775
    outer loop
      vertex 15.15 2 33.9
      vertex 15.1254 4.2 33.5871
      vertex 15.15 4.2 33.9
    endloop
  endfacet
  facet normal 0.996924 0 -0.0783775
    outer loop
      vertex 15.1254 4.2 33.5871
      vertex 15.15 2 33.9
      vertex 15.1254 2 33.5871
    endloop
  endfacet
  facet normal 0.522532 0 -0.85262
    outer loop
      vertex 14.058 2 32.118
      vertex 14.3256 4.2 32.282
      vertex 14.3256 2 32.282
    endloop
  endfacet
  facet normal 0.522532 0 -0.85262
    outer loop
      vertex 14.3256 4.2 32.282
      vertex 14.058 2 32.118
      vertex 14.058 4.2 32.118
    endloop
  endfacet
  facet normal 0 1 0
    outer loop
      vertex 15.0805 4.2 34.4
      vertex 13.6096 4.2 34.3596
      vertex 13.5623 4.2 34.4
    endloop
  endfacet
  facet normal 0 1 0
    outer loop
      vertex 15.0805 4.2 34.4
      vertex 13.6759 4.2 34.2821
      vertex 13.6096 4.2 34.3596
    endloop
  endfacet
  facet normal 0 1 0
    outer loop
      vertex 13.792 4.2 34.0017
      vertex 15.0805 4.2 34.4
      vertex 15.1254 4.2 34.2129
    endloop
  endfacet
  facet normal 0 1 0
    outer loop
      vertex 15.0805 4.2 34.4
      vertex 13.7292 4.2 34.1951
      vertex 13.6759 4.2 34.2821
    endloop
  endfacet
  facet normal 0 1 0
    outer loop
      vertex 15.0805 4.2 34.4
      vertex 13.7682 4.2 34.1009
      vertex 13.7292 4.2 34.1951
    endloop
  endfacet
  facet normal 0 1 0
    outer loop
      vertex 15.0805 4.2 34.4
      vertex 13.792 4.2 34.0017
      vertex 13.7682 4.2 34.1009
    endloop
  endfacet
  facet normal 0 1 0
    outer loop
      vertex 15.15 4.2 33.9
      vertex 13.792 4.2 34.0017
      vertex 15.1254 4.2 34.2129
    endloop
  endfacet
  facet normal 0 1 0
    outer loop
      vertex 15.15 4.2 33.9
      vertex 13.8 4.2 33.9
      vertex 13.792 4.2 34.0017
    endloop
  endfacet
  facet normal 0 1 0
    outer loop
      vertex 15.15 4.2 33.9
      vertex 13.792 4.2 33.7983
      vertex 13.8 4.2 33.9
    endloop
  endfacet
  facet normal 0 1 -0
    outer loop
      vertex 15.1254 4.2 33.5871
      vertex 13.792 4.2 33.7983
      vertex 15.15 4.2 33.9
    endloop
  endfacet
  facet normal 0 1 0
    outer loop
      vertex 13.792 4.2 33.7983
      vertex 15.1254 4.2 33.5871
      vertex 13.7682 4.2 33.6991
    endloop
  endfacet
  facet normal 0 1 -0
    outer loop
      vertex 15.0521 4.2 33.282
      vertex 13.7682 4.2 33.6991
      vertex 15.1254 4.2 33.5871
    endloop
  endfacet
  facet normal 0 1 0
    outer loop
      vertex 13.7682 4.2 33.6991
      vertex 15.0521 4.2 33.282
      vertex 13.7292 4.2 33.6049
    endloop
  endfacet
  facet normal 0 1 -0
    outer loop
      vertex 14.932 4.2 32.992
      vertex 13.7292 4.2 33.6049
      vertex 15.0521 4.2 33.282
    endloop
  endfacet
  facet normal 0 1 0
    outer loop
      vertex 13.7292 4.2 33.6049
      vertex 14.932 4.2 32.992
      vertex 13.6759 4.2 33.5179
    endloop
  endfacet
  facet normal 0 1 -0
    outer loop
      vertex 14.768 4.2 32.7244
      vertex 13.6759 4.2 33.5179
      vertex 14.932 4.2 32.992
    endloop
  endfacet
  facet normal 0 1 0
    outer loop
      vertex 13.6759 4.2 33.5179
      vertex 14.768 4.2 32.7244
      vertex 13.6096 4.2 33.4404
    endloop
  endfacet
  facet normal 0 1 -0
    outer loop
      vertex 14.5642 4.2 32.4858
      vertex 13.6096 4.2 33.4404
      vertex 14.768 4.2 32.7244
    endloop
  endfacet
  facet normal 0 1 0
    outer loop
      vertex 13.6096 4.2 33.4404
      vertex 14.5642 4.2 32.4858
      vertex 13.5321 4.2 33.3741
    endloop
  endfacet
  facet normal 0 1 -0
    outer loop
      vertex 14.3256 4.2 32.282
      vertex 13.5321 4.2 33.3741
      vertex 14.5642 4.2 32.4858
    endloop
  endfacet
  facet normal 0 1 0
    outer loop
      vertex 13.5321 4.2 33.3741
      vertex 14.3256 4.2 32.282
      vertex 13.4451 4.2 33.3208
    endloop
  endfacet
  facet normal 0 1 -0
    outer loop
      vertex 12.6904 4.2 34.3596
      vertex 11.2195 4.2 34.4
      vertex 12.7377 4.2 34.4
    endloop
  endfacet
  facet normal 0 1 -0
    outer loop
      vertex 12.6241 4.2 34.2821
      vertex 11.2195 4.2 34.4
      vertex 12.6904 4.2 34.3596
    endloop
  endfacet
  facet normal 0 1 -0
    outer loop
      vertex 12.5708 4.2 34.1951
      vertex 11.2195 4.2 34.4
      vertex 12.6241 4.2 34.2821
    endloop
  endfacet
  facet normal 0 1 -0
    outer loop
      vertex 12.5318 4.2 34.1009
      vertex 11.2195 4.2 34.4
      vertex 12.5708 4.2 34.1951
    endloop
  endfacet
  facet normal 0 1 -0
    outer loop
      vertex 12.508 4.2 34.0017
      vertex 11.2195 4.2 34.4
      vertex 12.5318 4.2 34.1009
    endloop
  endfacet
  facet normal 0 1 0
    outer loop
      vertex 11.2195 4.2 34.4
      vertex 12.508 4.2 34.0017
      vertex 11.1746 4.2 34.2129
    endloop
  endfacet
  facet normal 0 1 -0
    outer loop
      vertex 12.5 4.2 33.9
      vertex 11.1746 4.2 34.2129
      vertex 12.508 4.2 34.0017
    endloop
  endfacet
  facet normal 0 1 0
    outer loop
      vertex 12.5 4.2 33.9
      vertex 11.15 4.2 33.9
      vertex 11.1746 4.2 34.2129
    endloop
  endfacet
  facet normal 0 1 0
    outer loop
      vertex 12.508 4.2 33.7983
      vertex 11.15 4.2 33.9
      vertex 12.5 4.2 33.9
    endloop
  endfacet
  facet normal 0 1 0
    outer loop
      vertex 11.1746 4.2 33.5871
      vertex 12.508 4.2 33.7983
      vertex 12.5318 4.2 33.6991
    endloop
  endfacet
  facet normal 0 1 0
    outer loop
      vertex 11.2479 4.2 33.282
      vertex 12.5318 4.2 33.6991
      vertex 12.5708 4.2 33.6049
    endloop
  endfacet
  facet normal 0 1 0
    outer loop
      vertex 12.508 4.2 33.7983
      vertex 11.1746 4.2 33.5871
      vertex 11.15 4.2 33.9
    endloop
  endfacet
  facet normal 0 1 0
    outer loop
      vertex 11.368 4.2 32.992
      vertex 12.5708 4.2 33.6049
      vertex 12.6241 4.2 33.5179
    endloop
  endfacet
  facet normal 0 1 0
    outer loop
      vertex 11.532 4.2 32.7244
      vertex 12.6241 4.2 33.5179
      vertex 12.6904 4.2 33.4404
    endloop
  endfacet
  facet normal 0 1 0
    outer loop
      vertex 11.7358 4.2 32.4858
      vertex 12.6904 4.2 33.4404
      vertex 12.7679 4.2 33.3741
    endloop
  endfacet
  facet normal 0 1 0
    outer loop
      vertex 11.9744 4.2 32.282
      vertex 12.7679 4.2 33.3741
      vertex 12.8549 4.2 33.3208
    endloop
  endfacet
  facet normal 0 1 0
    outer loop
      vertex 12.5318 4.2 33.6991
      vertex 11.2479 4.2 33.282
      vertex 11.1746 4.2 33.5871
    endloop
  endfacet
  facet normal 0 1 0
    outer loop
      vertex 12.242 4.2 32.118
      vertex 12.8549 4.2 33.3208
      vertex 12.9491 4.2 33.2818
    endloop
  endfacet
  facet normal 0 1 0
    outer loop
      vertex 12.532 4.2 31.9979
      vertex 12.9491 4.2 33.2818
      vertex 13.0483 4.2 33.258
    endloop
  endfacet
  facet normal 0 1 0
    outer loop
      vertex 12.8371 4.2 31.9246
      vertex 13.0483 4.2 33.258
      vertex 13.15 4.2 33.25
    endloop
  endfacet
  facet normal 0 1 -0
    outer loop
      vertex 14.058 4.2 32.118
      vertex 13.4451 4.2 33.3208
      vertex 14.3256 4.2 32.282
    endloop
  endfacet
  facet normal 0 1 0
    outer loop
      vertex 12.5708 4.2 33.6049
      vertex 11.368 4.2 32.992
      vertex 11.2479 4.2 33.282
    endloop
  endfacet
  facet normal 0 1 0
    outer loop
      vertex 13.4451 4.2 33.3208
      vertex 14.058 4.2 32.118
      vertex 13.3509 4.2 33.2818
    endloop
  endfacet
  facet normal 0 1 0
    outer loop
      vertex 12.6241 4.2 33.5179
      vertex 11.532 4.2 32.7244
      vertex 11.368 4.2 32.992
    endloop
  endfacet
  facet normal 0 1 -0
    outer loop
      vertex 13.768 4.2 31.9979
      vertex 13.3509 4.2 33.2818
      vertex 14.058 4.2 32.118
    endloop
  endfacet
  facet normal 0 1 0
    outer loop
      vertex 12.6904 4.2 33.4404
      vertex 11.7358 4.2 32.4858
      vertex 11.532 4.2 32.7244
    endloop
  endfacet
  facet normal 0 1 0
    outer loop
      vertex 13.3509 4.2 33.2818
      vertex 13.768 4.2 31.9979
      vertex 13.2517 4.2 33.258
    endloop
  endfacet
  facet normal 0 1 0
    outer loop
      vertex 12.7679 4.2 33.3741
      vertex 11.9744 4.2 32.282
      vertex 11.7358 4.2 32.4858
    endloop
  endfacet
  facet normal 0 1 -0
    outer loop
      vertex 13.4629 4.2 31.9246
      vertex 13.2517 4.2 33.258
      vertex 13.768 4.2 31.9979
    endloop
  endfacet
  facet normal 0 1 0
    outer loop
      vertex 12.8549 4.2 33.3208
      vertex 12.242 4.2 32.118
      vertex 11.9744 4.2 32.282
    endloop
  endfacet
  facet normal 0 1 0
    outer loop
      vertex 13.2517 4.2 33.258
      vertex 13.4629 4.2 31.9246
      vertex 13.15 4.2 33.25
    endloop
  endfacet
  facet normal 0 1 0
    outer loop
      vertex 12.9491 4.2 33.2818
      vertex 12.532 4.2 31.9979
      vertex 12.242 4.2 32.118
    endloop
  endfacet
  facet normal 0 1 0
    outer loop
      vertex 13.15 4.2 31.9
      vertex 13.15 4.2 33.25
      vertex 13.4629 4.2 31.9246
    endloop
  endfacet
  facet normal 0 1 0
    outer loop
      vertex 13.0483 4.2 33.258
      vertex 12.8371 4.2 31.9246
      vertex 12.532 4.2 31.9979
    endloop
  endfacet
  facet normal 0 1 0
    outer loop
      vertex 13.15 4.2 33.25
      vertex 13.15 4.2 31.9
      vertex 12.8371 4.2 31.9246
    endloop
  endfacet
  facet normal -0.996924 0 -0.0783775
    outer loop
      vertex 11.1746 2 33.5871
      vertex 11.15 4.2 33.9
      vertex 11.1746 4.2 33.5871
    endloop
  endfacet
  facet normal -0.996924 -0 -0.0783775
    outer loop
      vertex 11.15 4.2 33.9
      vertex 11.1746 2 33.5871
      vertex 11.15 2 33.9
    endloop
  endfacet
  facet normal -0.923904 0 -0.382624
    outer loop
      vertex 11.368 2 32.992
      vertex 11.2479 4.2 33.282
      vertex 11.368 4.2 32.992
    endloop
  endfacet
  facet normal -0.923904 -0 -0.382624
    outer loop
      vertex 11.2479 4.2 33.282
      vertex 11.368 2 32.992
      vertex 11.2479 2 33.282
    endloop
  endfacet
  facet normal -0.382624 0 -0.923904
    outer loop
      vertex 12.242 2 32.118
      vertex 12.532 4.2 31.9979
      vertex 12.532 2 31.9979
    endloop
  endfacet
  facet normal -0.382624 0 -0.923904
    outer loop
      vertex 12.532 4.2 31.9979
      vertex 12.242 2 32.118
      vertex 12.242 4.2 32.118
    endloop
  endfacet
  facet normal 0.972392 -0 0.233353
    outer loop
      vertex 15.0805 2 34.4
      vertex 15.1254 4.2 34.2129
      vertex 15.0805 4.2 34.4
    endloop
  endfacet
  facet normal 0.972392 0 0.233353
    outer loop
      vertex 15.1254 4.2 34.2129
      vertex 15.0805 2 34.4
      vertex 15.1254 2 34.2129
    endloop
  endfacet
  facet normal -0.972392 0 0.233353
    outer loop
      vertex 11.1746 2 34.2129
      vertex 11.2195 4.2 34.4
      vertex 11.1746 4.2 34.2129
    endloop
  endfacet
  facet normal -0.972392 0 0.233353
    outer loop
      vertex 11.2195 4.2 34.4
      vertex 11.1746 2 34.2129
      vertex 11.2195 2 34.4
    endloop
  endfacet
  facet normal 0.85262 0 -0.522532
    outer loop
      vertex 14.932 2 32.992
      vertex 14.768 4.2 32.7244
      vertex 14.932 4.2 32.992
    endloop
  endfacet
  facet normal 0.85262 0 -0.522532
    outer loop
      vertex 14.768 4.2 32.7244
      vertex 14.932 2 32.992
      vertex 14.768 2 32.7244
    endloop
  endfacet
  facet normal 0.923904 0 -0.382624
    outer loop
      vertex 15.0521 2 33.282
      vertex 14.932 4.2 32.992
      vertex 15.0521 4.2 33.282
    endloop
  endfacet
  facet normal 0.923904 0 -0.382624
    outer loop
      vertex 14.932 4.2 32.992
      vertex 15.0521 2 33.282
      vertex 14.932 2 32.992
    endloop
  endfacet
  facet normal 0.972332 0 -0.233602
    outer loop
      vertex 15.1254 2 33.5871
      vertex 15.0521 4.2 33.282
      vertex 15.1254 4.2 33.5871
    endloop
  endfacet
  facet normal 0.972332 0 -0.233602
    outer loop
      vertex 15.0521 4.2 33.282
      vertex 15.1254 2 33.5871
      vertex 15.0521 2 33.282
    endloop
  endfacet
  facet normal 0.996924 -0 0.0783775
    outer loop
      vertex 15.1254 2 34.2129
      vertex 15.15 4.2 33.9
      vertex 15.1254 4.2 34.2129
    endloop
  endfacet
  facet normal 0.996924 0 0.0783775
    outer loop
      vertex 15.15 4.2 33.9
      vertex 15.1254 2 34.2129
      vertex 15.15 2 33.9
    endloop
  endfacet
  facet normal 0.522532 0 -0.85262
    outer loop
      vertex 37.758 2 67.218
      vertex 38.0256 4.2 67.382
      vertex 38.0256 2 67.382
    endloop
  endfacet
  facet normal 0.522532 0 -0.85262
    outer loop
      vertex 38.0256 4.2 67.382
      vertex 37.758 2 67.218
      vertex 37.758 4.2 67.218
    endloop
  endfacet
  facet normal 0.996924 -0 0.0783775
    outer loop
      vertex 38.8254 2 69.3129
      vertex 38.85 4.2 69
      vertex 38.8254 4.2 69.3129
    endloop
  endfacet
  facet normal 0.996924 0 0.0783775
    outer loop
      vertex 38.85 4.2 69
      vertex 38.8254 2 69.3129
      vertex 38.85 2 69
    endloop
  endfacet
  facet normal -0.233602 0 0.972332
    outer loop
      vertex 36.232 4.2 70.9021
      vertex 36.5371 2 70.9754
      vertex 36.5371 4.2 70.9754
    endloop
  endfacet
  facet normal -0.233602 0 0.972332
    outer loop
      vertex 36.5371 2 70.9754
      vertex 36.232 4.2 70.9021
      vertex 36.232 2 70.9021
    endloop
  endfacet
  facet normal -0.382624 0 -0.923904
    outer loop
      vertex 35.942 2 67.218
      vertex 36.232 4.2 67.0979
      vertex 36.232 2 67.0979
    endloop
  endfacet
  facet normal -0.382624 0 -0.923904
    outer loop
      vertex 36.232 4.2 67.0979
      vertex 35.942 2 67.218
      vertex 35.942 4.2 67.218
    endloop
  endfacet
  facet normal -0.923904 0 -0.382624
    outer loop
      vertex 35.068 2 68.092
      vertex 34.9479 4.2 68.382
      vertex 35.068 4.2 68.092
    endloop
  endfacet
  facet normal -0.923904 -0 -0.382624
    outer loop
      vertex 34.9479 4.2 68.382
      vertex 35.068 2 68.092
      vertex 34.9479 2 68.382
    endloop
  endfacet
  facet normal 0.85262 0 -0.522532
    outer loop
      vertex 38.632 2 68.092
      vertex 38.468 4.2 67.8244
      vertex 38.632 4.2 68.092
    endloop
  endfacet
  facet normal 0.85262 0 -0.522532
    outer loop
      vertex 38.468 4.2 67.8244
      vertex 38.632 2 68.092
      vertex 38.468 2 67.8244
    endloop
  endfacet
  facet normal 0.76038 0 -0.649478
    outer loop
      vertex 38.468 2 67.8244
      vertex 38.2642 4.2 67.5858
      vertex 38.468 4.2 67.8244
    endloop
  endfacet
  facet normal 0.76038 0 -0.649478
    outer loop
      vertex 38.2642 4.2 67.5858
      vertex 38.468 2 67.8244
      vertex 38.2642 2 67.5858
    endloop
  endfacet
  facet normal 0.649478 0 -0.76038
    outer loop
      vertex 38.0256 2 67.382
      vertex 38.2642 4.2 67.5858
      vertex 38.2642 2 67.5858
    endloop
  endfacet
  facet normal 0.649478 0 -0.76038
    outer loop
      vertex 38.2642 4.2 67.5858
      vertex 38.0256 2 67.382
      vertex 38.0256 4.2 67.382
    endloop
  endfacet
  facet normal 0.382624 0 -0.923904
    outer loop
      vertex 37.468 2 67.0979
      vertex 37.758 4.2 67.218
      vertex 37.758 2 67.218
    endloop
  endfacet
  facet normal 0.382624 0 -0.923904
    outer loop
      vertex 37.758 4.2 67.218
      vertex 37.468 2 67.0979
      vertex 37.468 4.2 67.0979
    endloop
  endfacet
  facet normal 0.233602 0 -0.972332
    outer loop
      vertex 37.1629 2 67.0246
      vertex 37.468 4.2 67.0979
      vertex 37.468 2 67.0979
    endloop
  endfacet
  facet normal 0.233602 0 -0.972332
    outer loop
      vertex 37.468 4.2 67.0979
      vertex 37.1629 2 67.0246
      vertex 37.1629 4.2 67.0246
    endloop
  endfacet
  facet normal 0.0783775 0 -0.996924
    outer loop
      vertex 36.85 2 67
      vertex 37.1629 4.2 67.0246
      vertex 37.1629 2 67.0246
    endloop
  endfacet
  facet normal 0.0783775 0 -0.996924
    outer loop
      vertex 37.1629 4.2 67.0246
      vertex 36.85 2 67
      vertex 36.85 4.2 67
    endloop
  endfacet
  facet normal -0.996924 0 -0.0783775
    outer loop
      vertex 34.8746 2 68.6871
      vertex 34.85 4.2 69
      vertex 34.8746 4.2 68.6871
    endloop
  endfacet
  facet normal -0.996924 -0 -0.0783775
    outer loop
      vertex 34.85 4.2 69
      vertex 34.8746 2 68.6871
      vertex 34.85 2 69
    endloop
  endfacet
  facet normal -0.85262 0 -0.522532
    outer loop
      vertex 35.232 2 67.8244
      vertex 35.068 4.2 68.092
      vertex 35.232 4.2 67.8244
    endloop
  endfacet
  facet normal -0.85262 -0 -0.522532
    outer loop
      vertex 35.068 4.2 68.092
      vertex 35.232 2 67.8244
      vertex 35.068 2 68.092
    endloop
  endfacet
  facet normal -0.522532 0 -0.85262
    outer loop
      vertex 35.6744 2 67.382
      vertex 35.942 4.2 67.218
      vertex 35.942 2 67.218
    endloop
  endfacet
  facet normal -0.522532 0 -0.85262
    outer loop
      vertex 35.942 4.2 67.218
      vertex 35.6744 2 67.382
      vertex 35.6744 4.2 67.382
    endloop
  endfacet
  facet normal -0.233602 0 -0.972332
    outer loop
      vertex 36.232 2 67.0979
      vertex 36.5371 4.2 67.0246
      vertex 36.5371 2 67.0246
    endloop
  endfacet
  facet normal -0.233602 0 -0.972332
    outer loop
      vertex 36.5371 4.2 67.0246
      vertex 36.232 2 67.0979
      vertex 36.232 4.2 67.0979
    endloop
  endfacet
  facet normal 0.996924 0 -0.0783775
    outer loop
      vertex 38.85 2 69
      vertex 38.8254 4.2 68.6871
      vertex 38.85 4.2 69
    endloop
  endfacet
  facet normal 0.996924 0 -0.0783775
    outer loop
      vertex 38.8254 4.2 68.6871
      vertex 38.85 2 69
      vertex 38.8254 2 68.6871
    endloop
  endfacet
  facet normal 0.972332 -0 0.233602
    outer loop
      vertex 38.7521 2 69.618
      vertex 38.8254 4.2 69.3129
      vertex 38.7521 4.2 69.618
    endloop
  endfacet
  facet normal 0.972332 0 0.233602
    outer loop
      vertex 38.8254 4.2 69.3129
      vertex 38.7521 2 69.618
      vertex 38.8254 2 69.3129
    endloop
  endfacet
  facet normal 0.382624 0 0.923904
    outer loop
      vertex 37.468 4.2 70.9021
      vertex 37.758 2 70.782
      vertex 37.758 4.2 70.782
    endloop
  endfacet
  facet normal 0.382624 0 0.923904
    outer loop
      vertex 37.758 2 70.782
      vertex 37.468 4.2 70.9021
      vertex 37.468 2 70.9021
    endloop
  endfacet
  facet normal -0.0783775 0 0.996924
    outer loop
      vertex 36.5371 4.2 70.9754
      vertex 36.85 2 71
      vertex 36.85 4.2 71
    endloop
  endfacet
  facet normal -0.0783775 0 0.996924
    outer loop
      vertex 36.85 2 71
      vertex 36.5371 4.2 70.9754
      vertex 36.5371 2 70.9754
    endloop
  endfacet
  facet normal -0.649478 0 0.76038
    outer loop
      vertex 35.4358 4.2 70.4142
      vertex 35.6744 2 70.618
      vertex 35.6744 4.2 70.618
    endloop
  endfacet
  facet normal -0.649478 0 0.76038
    outer loop
      vertex 35.6744 2 70.618
      vertex 35.4358 4.2 70.4142
      vertex 35.4358 2 70.4142
    endloop
  endfacet
  facet normal -0.85262 0 0.522532
    outer loop
      vertex 35.068 2 69.908
      vertex 35.232 4.2 70.1756
      vertex 35.068 4.2 69.908
    endloop
  endfacet
  facet normal -0.85262 0 0.522532
    outer loop
      vertex 35.232 4.2 70.1756
      vertex 35.068 2 69.908
      vertex 35.232 2 70.1756
    endloop
  endfacet
  facet normal 0.972332 0 -0.233602
    outer loop
      vertex 38.8254 2 68.6871
      vertex 38.7521 4.2 68.382
      vertex 38.8254 4.2 68.6871
    endloop
  endfacet
  facet normal 0.972332 0 -0.233602
    outer loop
      vertex 38.7521 4.2 68.382
      vertex 38.8254 2 68.6871
      vertex 38.7521 2 68.382
    endloop
  endfacet
  facet normal 0.923904 0 -0.382624
    outer loop
      vertex 38.7521 2 68.382
      vertex 38.632 4.2 68.092
      vertex 38.7521 4.2 68.382
    endloop
  endfacet
  facet normal 0.923904 0 -0.382624
    outer loop
      vertex 38.632 4.2 68.092
      vertex 38.7521 2 68.382
      vertex 38.632 2 68.092
    endloop
  endfacet
  facet normal -0.0783775 0 -0.996924
    outer loop
      vertex 36.5371 2 67.0246
      vertex 36.85 4.2 67
      vertex 36.85 2 67
    endloop
  endfacet
  facet normal -0.0783775 0 -0.996924
    outer loop
      vertex 36.85 4.2 67
      vertex 36.5371 2 67.0246
      vertex 36.5371 4.2 67.0246
    endloop
  endfacet
  facet normal 0 1 0
    outer loop
      vertex 36.85 4.2 69.65
      vertex 36.85 4.2 71
      vertex 37.1629 4.2 70.9754
    endloop
  endfacet
  facet normal 0 1 0
    outer loop
      vertex 36.9517 4.2 69.642
      vertex 37.1629 4.2 70.9754
      vertex 37.468 4.2 70.9021
    endloop
  endfacet
  facet normal 0 1 0
    outer loop
      vertex 36.85 4.2 71
      vertex 36.85 4.2 69.65
      vertex 36.5371 4.2 70.9754
    endloop
  endfacet
  facet normal 0 1 0
    outer loop
      vertex 37.0509 4.2 69.6182
      vertex 37.468 4.2 70.9021
      vertex 37.758 4.2 70.782
    endloop
  endfacet
  facet normal 0 1 -0
    outer loop
      vertex 36.7483 4.2 69.642
      vertex 36.5371 4.2 70.9754
      vertex 36.85 4.2 69.65
    endloop
  endfacet
  facet normal 0 1 0
    outer loop
      vertex 37.1451 4.2 69.5792
      vertex 37.758 4.2 70.782
      vertex 38.0256 4.2 70.618
    endloop
  endfacet
  facet normal 0 1 0
    outer loop
      vertex 36.5371 4.2 70.9754
      vertex 36.7483 4.2 69.642
      vertex 36.232 4.2 70.9021
    endloop
  endfacet
  facet normal 0 1 0
    outer loop
      vertex 37.2321 4.2 69.5259
      vertex 38.0256 4.2 70.618
      vertex 38.2642 4.2 70.4142
    endloop
  endfacet
  facet normal 0 1 -0
    outer loop
      vertex 36.6491 4.2 69.6182
      vertex 36.232 4.2 70.9021
      vertex 36.7483 4.2 69.642
    endloop
  endfacet
  facet normal 0 1 0
    outer loop
      vertex 37.3096 4.2 69.4596
      vertex 38.2642 4.2 70.4142
      vertex 38.468 4.2 70.1756
    endloop
  endfacet
  facet normal 0 1 0
    outer loop
      vertex 36.232 4.2 70.9021
      vertex 36.6491 4.2 69.6182
      vertex 35.942 4.2 70.782
    endloop
  endfacet
  facet normal 0 1 0
    outer loop
      vertex 37.3759 4.2 69.3821
      vertex 38.468 4.2 70.1756
      vertex 38.632 4.2 69.908
    endloop
  endfacet
  facet normal 0 1 -0
    outer loop
      vertex 36.5549 4.2 69.5792
      vertex 35.942 4.2 70.782
      vertex 36.6491 4.2 69.6182
    endloop
  endfacet
  facet normal 0 1 0
    outer loop
      vertex 35.942 4.2 70.782
      vertex 36.5549 4.2 69.5792
      vertex 35.6744 4.2 70.618
    endloop
  endfacet
  facet normal 0 1 0
    outer loop
      vertex 37.1629 4.2 70.9754
      vertex 36.9517 4.2 69.642
      vertex 36.85 4.2 69.65
    endloop
  endfacet
  facet normal 0 1 0
    outer loop
      vertex 37.468 4.2 70.9021
      vertex 37.0509 4.2 69.6182
      vertex 36.9517 4.2 69.642
    endloop
  endfacet
  facet normal 0 1 0
    outer loop
      vertex 37.4292 4.2 69.2951
      vertex 38.632 4.2 69.908
      vertex 38.7521 4.2 69.618
    endloop
  endfacet
  facet normal 0 1 0
    outer loop
      vertex 37.758 4.2 70.782
      vertex 37.1451 4.2 69.5792
      vertex 37.0509 4.2 69.6182
    endloop
  endfacet
  facet normal 0 1 0
    outer loop
      vertex 38.0256 4.2 70.618
      vertex 37.2321 4.2 69.5259
      vertex 37.1451 4.2 69.5792
    endloop
  endfacet
  facet normal 0 1 0
    outer loop
      vertex 38.2642 4.2 70.4142
      vertex 37.3096 4.2 69.4596
      vertex 37.2321 4.2 69.5259
    endloop
  endfacet
  facet normal 0 1 0
    outer loop
      vertex 38.468 4.2 70.1756
      vertex 37.3759 4.2 69.3821
      vertex 37.3096 4.2 69.4596
    endloop
  endfacet
  facet normal 0 1 0
    outer loop
      vertex 37.4682 4.2 69.2009
      vertex 38.7521 4.2 69.618
      vertex 38.8254 4.2 69.3129
    endloop
  endfacet
  facet normal 0 1 0
    outer loop
      vertex 38.632 4.2 69.908
      vertex 37.4292 4.2 69.2951
      vertex 37.3759 4.2 69.3821
    endloop
  endfacet
  facet normal 0 1 0
    outer loop
      vertex 38.7521 4.2 69.618
      vertex 37.4682 4.2 69.2009
      vertex 37.4292 4.2 69.2951
    endloop
  endfacet
  facet normal 0 1 0
    outer loop
      vertex 38.8254 4.2 69.3129
      vertex 37.492 4.2 69.1017
      vertex 37.4682 4.2 69.2009
    endloop
  endfacet
  facet normal 0 1 0
    outer loop
      vertex 38.85 4.2 69
      vertex 37.492 4.2 69.1017
      vertex 38.8254 4.2 69.3129
    endloop
  endfacet
  facet normal 0 1 0
    outer loop
      vertex 38.85 4.2 69
      vertex 37.5 4.2 69
      vertex 37.492 4.2 69.1017
    endloop
  endfacet
  facet normal 0 1 0
    outer loop
      vertex 38.85 4.2 69
      vertex 37.492 4.2 68.8983
      vertex 37.5 4.2 69
    endloop
  endfacet
  facet normal 0 1 -0
    outer loop
      vertex 38.8254 4.2 68.6871
      vertex 37.492 4.2 68.8983
      vertex 38.85 4.2 69
    endloop
  endfacet
  facet normal 0 1 0
    outer loop
      vertex 37.492 4.2 68.8983
      vertex 38.8254 4.2 68.6871
      vertex 37.4682 4.2 68.7991
    endloop
  endfacet
  facet normal 0 1 -0
    outer loop
      vertex 38.7521 4.2 68.382
      vertex 37.4682 4.2 68.7991
      vertex 38.8254 4.2 68.6871
    endloop
  endfacet
  facet normal 0 1 0
    outer loop
      vertex 37.4682 4.2 68.7991
      vertex 38.7521 4.2 68.382
      vertex 37.4292 4.2 68.7049
    endloop
  endfacet
  facet normal 0 1 -0
    outer loop
      vertex 38.632 4.2 68.092
      vertex 37.4292 4.2 68.7049
      vertex 38.7521 4.2 68.382
    endloop
  endfacet
  facet normal 0 1 0
    outer loop
      vertex 37.4292 4.2 68.7049
      vertex 38.632 4.2 68.092
      vertex 37.3759 4.2 68.6179
    endloop
  endfacet
  facet normal 0 1 -0
    outer loop
      vertex 38.468 4.2 67.8244
      vertex 37.3759 4.2 68.6179
      vertex 38.632 4.2 68.092
    endloop
  endfacet
  facet normal 0 1 0
    outer loop
      vertex 37.3759 4.2 68.6179
      vertex 38.468 4.2 67.8244
      vertex 37.3096 4.2 68.5404
    endloop
  endfacet
  facet normal 0 1 -0
    outer loop
      vertex 38.2642 4.2 67.5858
      vertex 37.3096 4.2 68.5404
      vertex 38.468 4.2 67.8244
    endloop
  endfacet
  facet normal 0 1 0
    outer loop
      vertex 37.3096 4.2 68.5404
      vertex 38.2642 4.2 67.5858
      vertex 37.2321 4.2 68.4741
    endloop
  endfacet
  facet normal 0 1 -0
    outer loop
      vertex 38.0256 4.2 67.382
      vertex 37.2321 4.2 68.4741
      vertex 38.2642 4.2 67.5858
    endloop
  endfacet
  facet normal 0 1 0
    outer loop
      vertex 37.2321 4.2 68.4741
      vertex 38.0256 4.2 67.382
      vertex 37.1451 4.2 68.4208
    endloop
  endfacet
  facet normal 0 1 -0
    outer loop
      vertex 36.4679 4.2 69.5259
      vertex 35.6744 4.2 70.618
      vertex 36.5549 4.2 69.5792
    endloop
  endfacet
  facet normal 0 1 0
    outer loop
      vertex 35.6744 4.2 70.618
      vertex 36.4679 4.2 69.5259
      vertex 35.4358 4.2 70.4142
    endloop
  endfacet
  facet normal 0 1 -0
    outer loop
      vertex 36.3904 4.2 69.4596
      vertex 35.4358 4.2 70.4142
      vertex 36.4679 4.2 69.5259
    endloop
  endfacet
  facet normal 0 1 0
    outer loop
      vertex 35.4358 4.2 70.4142
      vertex 36.3904 4.2 69.4596
      vertex 35.232 4.2 70.1756
    endloop
  endfacet
  facet normal 0 1 -0
    outer loop
      vertex 36.3241 4.2 69.3821
      vertex 35.232 4.2 70.1756
      vertex 36.3904 4.2 69.4596
    endloop
  endfacet
  facet normal 0 1 0
    outer loop
      vertex 35.232 4.2 70.1756
      vertex 36.3241 4.2 69.3821
      vertex 35.068 4.2 69.908
    endloop
  endfacet
  facet normal 0 1 -0
    outer loop
      vertex 36.2708 4.2 69.2951
      vertex 35.068 4.2 69.908
      vertex 36.3241 4.2 69.3821
    endloop
  endfacet
  facet normal 0 1 0
    outer loop
      vertex 35.068 4.2 69.908
      vertex 36.2708 4.2 69.2951
      vertex 34.9479 4.2 69.618
    endloop
  endfacet
  facet normal 0 1 -0
    outer loop
      vertex 36.2318 4.2 69.2009
      vertex 34.9479 4.2 69.618
      vertex 36.2708 4.2 69.2951
    endloop
  endfacet
  facet normal 0 1 0
    outer loop
      vertex 34.9479 4.2 69.618
      vertex 36.2318 4.2 69.2009
      vertex 34.8746 4.2 69.3129
    endloop
  endfacet
  facet normal 0 1 -0
    outer loop
      vertex 36.208 4.2 69.1017
      vertex 34.8746 4.2 69.3129
      vertex 36.2318 4.2 69.2009
    endloop
  endfacet
  facet normal 0 1 -0
    outer loop
      vertex 36.2 4.2 69
      vertex 34.8746 4.2 69.3129
      vertex 36.208 4.2 69.1017
    endloop
  endfacet
  facet normal 0 1 0
    outer loop
      vertex 36.2 4.2 69
      vertex 34.85 4.2 69
      vertex 34.8746 4.2 69.3129
    endloop
  endfacet
  facet normal 0 1 0
    outer loop
      vertex 36.208 4.2 68.8983
      vertex 34.85 4.2 69
      vertex 36.2 4.2 69
    endloop
  endfacet
  facet normal 0 1 0
    outer loop
      vertex 34.8746 4.2 68.6871
      vertex 36.208 4.2 68.8983
      vertex 36.2318 4.2 68.7991
    endloop
  endfacet
  facet normal 0 1 0
    outer loop
      vertex 34.9479 4.2 68.382
      vertex 36.2318 4.2 68.7991
      vertex 36.2708 4.2 68.7049
    endloop
  endfacet
  facet normal 0 1 0
    outer loop
      vertex 36.208 4.2 68.8983
      vertex 34.8746 4.2 68.6871
      vertex 34.85 4.2 69
    endloop
  endfacet
  facet normal 0 1 0
    outer loop
      vertex 35.068 4.2 68.092
      vertex 36.2708 4.2 68.7049
      vertex 36.3241 4.2 68.6179
    endloop
  endfacet
  facet normal 0 1 0
    outer loop
      vertex 35.232 4.2 67.8244
      vertex 36.3241 4.2 68.6179
      vertex 36.3904 4.2 68.5404
    endloop
  endfacet
  facet normal 0 1 0
    outer loop
      vertex 35.4358 4.2 67.5858
      vertex 36.3904 4.2 68.5404
      vertex 36.4679 4.2 68.4741
    endloop
  endfacet
  facet normal 0 1 0
    outer loop
      vertex 35.6744 4.2 67.382
      vertex 36.4679 4.2 68.4741
      vertex 36.5549 4.2 68.4208
    endloop
  endfacet
  facet normal 0 1 0
    outer loop
      vertex 36.2318 4.2 68.7991
      vertex 34.9479 4.2 68.382
      vertex 34.8746 4.2 68.6871
    endloop
  endfacet
  facet normal 0 1 0
    outer loop
      vertex 35.942 4.2 67.218
      vertex 36.5549 4.2 68.4208
      vertex 36.6491 4.2 68.3818
    endloop
  endfacet
  facet normal 0 1 0
    outer loop
      vertex 36.232 4.2 67.0979
      vertex 36.6491 4.2 68.3818
      vertex 36.7483 4.2 68.358
    endloop
  endfacet
  facet normal 0 1 0
    outer loop
      vertex 36.5371 4.2 67.0246
      vertex 36.7483 4.2 68.358
      vertex 36.85 4.2 68.35
    endloop
  endfacet
  facet normal 0 1 -0
    outer loop
      vertex 37.758 4.2 67.218
      vertex 37.1451 4.2 68.4208
      vertex 38.0256 4.2 67.382
    endloop
  endfacet
  facet normal 0 1 0
    outer loop
      vertex 36.2708 4.2 68.7049
      vertex 35.068 4.2 68.092
      vertex 34.9479 4.2 68.382
    endloop
  endfacet
  facet normal 0 1 0
    outer loop
      vertex 37.1451 4.2 68.4208
      vertex 37.758 4.2 67.218
      vertex 37.0509 4.2 68.3818
    endloop
  endfacet
  facet normal 0 1 0
    outer loop
      vertex 36.3241 4.2 68.6179
      vertex 35.232 4.2 67.8244
      vertex 35.068 4.2 68.092
    endloop
  endfacet
  facet normal 0 1 -0
    outer loop
      vertex 37.468 4.2 67.0979
      vertex 37.0509 4.2 68.3818
      vertex 37.758 4.2 67.218
    endloop
  endfacet
  facet normal 0 1 0
    outer loop
      vertex 36.3904 4.2 68.5404
      vertex 35.4358 4.2 67.5858
      vertex 35.232 4.2 67.8244
    endloop
  endfacet
  facet normal 0 1 0
    outer loop
      vertex 37.0509 4.2 68.3818
      vertex 37.468 4.2 67.0979
      vertex 36.9517 4.2 68.358
    endloop
  endfacet
  facet normal 0 1 0
    outer loop
      vertex 36.4679 4.2 68.4741
      vertex 35.6744 4.2 67.382
      vertex 35.4358 4.2 67.5858
    endloop
  endfacet
  facet normal 0 1 -0
    outer loop
      vertex 37.1629 4.2 67.0246
      vertex 36.9517 4.2 68.358
      vertex 37.468 4.2 67.0979
    endloop
  endfacet
  facet normal 0 1 0
    outer loop
      vertex 36.5549 4.2 68.4208
      vertex 35.942 4.2 67.218
      vertex 35.6744 4.2 67.382
    endloop
  endfacet
  facet normal 0 1 0
    outer loop
      vertex 36.9517 4.2 68.358
      vertex 37.1629 4.2 67.0246
      vertex 36.85 4.2 68.35
    endloop
  endfacet
  facet normal 0 1 0
    outer loop
      vertex 36.6491 4.2 68.3818
      vertex 36.232 4.2 67.0979
      vertex 35.942 4.2 67.218
    endloop
  endfacet
  facet normal 0 1 0
    outer loop
      vertex 36.85 4.2 67
      vertex 36.85 4.2 68.35
      vertex 37.1629 4.2 67.0246
    endloop
  endfacet
  facet normal 0 1 0
    outer loop
      vertex 36.7483 4.2 68.358
      vertex 36.5371 4.2 67.0246
      vertex 36.232 4.2 67.0979
    endloop
  endfacet
  facet normal 0 1 0
    outer loop
      vertex 36.85 4.2 68.35
      vertex 36.85 4.2 67
      vertex 36.5371 4.2 67.0246
    endloop
  endfacet
  facet normal -0.972332 0 -0.233602
    outer loop
      vertex 34.9479 2 68.382
      vertex 34.8746 4.2 68.6871
      vertex 34.9479 4.2 68.382
    endloop
  endfacet
  facet normal -0.972332 -0 -0.233602
    outer loop
      vertex 34.8746 4.2 68.6871
      vertex 34.9479 2 68.382
      vertex 34.8746 2 68.6871
    endloop
  endfacet
  facet normal -0.649478 0 -0.76038
    outer loop
      vertex 35.4358 2 67.5858
      vertex 35.6744 4.2 67.382
      vertex 35.6744 2 67.382
    endloop
  endfacet
  facet normal -0.649478 0 -0.76038
    outer loop
      vertex 35.6744 4.2 67.382
      vertex 35.4358 2 67.5858
      vertex 35.4358 4.2 67.5858
    endloop
  endfacet
  facet normal -0.76038 0 -0.649478
    outer loop
      vertex 35.4358 2 67.5858
      vertex 35.232 4.2 67.8244
      vertex 35.4358 4.2 67.5858
    endloop
  endfacet
  facet normal -0.76038 -0 -0.649478
    outer loop
      vertex 35.232 4.2 67.8244
      vertex 35.4358 2 67.5858
      vertex 35.232 2 67.8244
    endloop
  endfacet
  facet normal 0.0783775 0 0.996924
    outer loop
      vertex 36.85 4.2 71
      vertex 37.1629 2 70.9754
      vertex 37.1629 4.2 70.9754
    endloop
  endfacet
  facet normal 0.0783775 0 0.996924
    outer loop
      vertex 37.1629 2 70.9754
      vertex 36.85 4.2 71
      vertex 36.85 2 71
    endloop
  endfacet
  facet normal 0.85262 -0 0.522532
    outer loop
      vertex 38.468 2 70.1756
      vertex 38.632 4.2 69.908
      vertex 38.468 4.2 70.1756
    endloop
  endfacet
  facet normal 0.85262 0 0.522532
    outer loop
      vertex 38.632 4.2 69.908
      vertex 38.468 2 70.1756
      vertex 38.632 2 69.908
    endloop
  endfacet
  facet normal 0.923904 -0 0.382624
    outer loop
      vertex 38.632 2 69.908
      vertex 38.7521 4.2 69.618
      vertex 38.632 4.2 69.908
    endloop
  endfacet
  facet normal 0.923904 0 0.382624
    outer loop
      vertex 38.7521 4.2 69.618
      vertex 38.632 2 69.908
      vertex 38.7521 2 69.618
    endloop
  endfacet
  facet normal 0.233602 0 0.972332
    outer loop
      vertex 37.1629 4.2 70.9754
      vertex 37.468 2 70.9021
      vertex 37.468 4.2 70.9021
    endloop
  endfacet
  facet normal 0.233602 0 0.972332
    outer loop
      vertex 37.468 2 70.9021
      vertex 37.1629 4.2 70.9754
      vertex 37.1629 2 70.9754
    endloop
  endfacet
  facet normal 0.76038 -0 0.649478
    outer loop
      vertex 38.2642 2 70.4142
      vertex 38.468 4.2 70.1756
      vertex 38.2642 4.2 70.4142
    endloop
  endfacet
  facet normal 0.76038 0 0.649478
    outer loop
      vertex 38.468 4.2 70.1756
      vertex 38.2642 2 70.4142
      vertex 38.468 2 70.1756
    endloop
  endfacet
  facet normal 0.522532 0 0.85262
    outer loop
      vertex 37.758 4.2 70.782
      vertex 38.0256 2 70.618
      vertex 38.0256 4.2 70.618
    endloop
  endfacet
  facet normal 0.522532 0 0.85262
    outer loop
      vertex 38.0256 2 70.618
      vertex 37.758 4.2 70.782
      vertex 37.758 2 70.782
    endloop
  endfacet
  facet normal -0.382624 0 0.923904
    outer loop
      vertex 35.942 4.2 70.782
      vertex 36.232 2 70.9021
      vertex 36.232 4.2 70.9021
    endloop
  endfacet
  facet normal -0.382624 0 0.923904
    outer loop
      vertex 36.232 2 70.9021
      vertex 35.942 4.2 70.782
      vertex 35.942 2 70.782
    endloop
  endfacet
  facet normal -0.923904 0 0.382624
    outer loop
      vertex 34.9479 2 69.618
      vertex 35.068 4.2 69.908
      vertex 34.9479 4.2 69.618
    endloop
  endfacet
  facet normal -0.923904 0 0.382624
    outer loop
      vertex 35.068 4.2 69.908
      vertex 34.9479 2 69.618
      vertex 35.068 2 69.908
    endloop
  endfacet
  facet normal -0.996924 0 0.0783775
    outer loop
      vertex 34.85 2 69
      vertex 34.8746 4.2 69.3129
      vertex 34.85 4.2 69
    endloop
  endfacet
  facet normal -0.996924 0 0.0783775
    outer loop
      vertex 34.8746 4.2 69.3129
      vertex 34.85 2 69
      vertex 34.8746 2 69.3129
    endloop
  endfacet
  facet normal -0.76038 0 0.649478
    outer loop
      vertex 35.232 2 70.1756
      vertex 35.4358 4.2 70.4142
      vertex 35.232 4.2 70.1756
    endloop
  endfacet
  facet normal -0.76038 0 0.649478
    outer loop
      vertex 35.4358 4.2 70.4142
      vertex 35.232 2 70.1756
      vertex 35.4358 2 70.4142
    endloop
  endfacet
  facet normal 0.649478 0 0.76038
    outer loop
      vertex 38.0256 4.2 70.618
      vertex 38.2642 2 70.4142
      vertex 38.2642 4.2 70.4142
    endloop
  endfacet
  facet normal 0.649478 0 0.76038
    outer loop
      vertex 38.2642 2 70.4142
      vertex 38.0256 4.2 70.618
      vertex 38.0256 2 70.618
    endloop
  endfacet
  facet normal -0.522532 0 0.85262
    outer loop
      vertex 35.6744 4.2 70.618
      vertex 35.942 2 70.782
      vertex 35.942 4.2 70.782
    endloop
  endfacet
  facet normal -0.522532 0 0.85262
    outer loop
      vertex 35.942 2 70.782
      vertex 35.6744 4.2 70.618
      vertex 35.6744 2 70.618
    endloop
  endfacet
  facet normal -0.972332 0 0.233602
    outer loop
      vertex 34.8746 2 69.3129
      vertex 34.9479 4.2 69.618
      vertex 34.8746 4.2 69.3129
    endloop
  endfacet
  facet normal -0.972332 0 0.233602
    outer loop
      vertex 34.9479 4.2 69.618
      vertex 34.8746 2 69.3129
      vertex 34.9479 2 69.618
    endloop
  endfacet
  facet normal 0.522532 0 -0.85262
    outer loop
      vertex 37.758 2 32.118
      vertex 38.0256 4.2 32.282
      vertex 38.0256 2 32.282
    endloop
  endfacet
  facet normal 0.522532 0 -0.85262
    outer loop
      vertex 38.0256 4.2 32.282
      vertex 37.758 2 32.118
      vertex 37.758 4.2 32.118
    endloop
  endfacet
  facet normal -0.972332 0 -0.233602
    outer loop
      vertex 34.9479 2 33.282
      vertex 34.8746 4.2 33.5871
      vertex 34.9479 4.2 33.282
    endloop
  endfacet
  facet normal -0.972332 -0 -0.233602
    outer loop
      vertex 34.8746 4.2 33.5871
      vertex 34.9479 2 33.282
      vertex 34.8746 2 33.5871
    endloop
  endfacet
  facet normal 0.996924 -0 0.0783775
    outer loop
      vertex 38.8254 2 34.2129
      vertex 38.85 4.2 33.9
      vertex 38.8254 4.2 34.2129
    endloop
  endfacet
  facet normal 0.996924 0 0.0783775
    outer loop
      vertex 38.85 4.2 33.9
      vertex 38.8254 2 34.2129
      vertex 38.85 2 33.9
    endloop
  endfacet
  facet normal -0.522532 0 -0.85262
    outer loop
      vertex 35.6744 2 32.282
      vertex 35.942 4.2 32.118
      vertex 35.942 2 32.118
    endloop
  endfacet
  facet normal -0.522532 0 -0.85262
    outer loop
      vertex 35.942 4.2 32.118
      vertex 35.6744 2 32.282
      vertex 35.6744 4.2 32.282
    endloop
  endfacet
  facet normal -0.923904 0 -0.382624
    outer loop
      vertex 35.068 2 32.992
      vertex 34.9479 4.2 33.282
      vertex 35.068 4.2 32.992
    endloop
  endfacet
  facet normal -0.923904 -0 -0.382624
    outer loop
      vertex 34.9479 4.2 33.282
      vertex 35.068 2 32.992
      vertex 34.9479 2 33.282
    endloop
  endfacet
  facet normal 0.85262 0 -0.522532
    outer loop
      vertex 38.632 2 32.992
      vertex 38.468 4.2 32.7244
      vertex 38.632 4.2 32.992
    endloop
  endfacet
  facet normal 0.85262 0 -0.522532
    outer loop
      vertex 38.468 4.2 32.7244
      vertex 38.632 2 32.992
      vertex 38.468 2 32.7244
    endloop
  endfacet
  facet normal 0.972332 0 -0.233602
    outer loop
      vertex 38.8254 2 33.5871
      vertex 38.7521 4.2 33.282
      vertex 38.8254 4.2 33.5871
    endloop
  endfacet
  facet normal 0.972332 0 -0.233602
    outer loop
      vertex 38.7521 4.2 33.282
      vertex 38.8254 2 33.5871
      vertex 38.7521 2 33.282
    endloop
  endfacet
  facet normal 0.76038 0 -0.649478
    outer loop
      vertex 38.468 2 32.7244
      vertex 38.2642 4.2 32.4858
      vertex 38.468 4.2 32.7244
    endloop
  endfacet
  facet normal 0.76038 0 -0.649478
    outer loop
      vertex 38.2642 4.2 32.4858
      vertex 38.468 2 32.7244
      vertex 38.2642 2 32.4858
    endloop
  endfacet
  facet normal 0.649478 0 -0.76038
    outer loop
      vertex 38.0256 2 32.282
      vertex 38.2642 4.2 32.4858
      vertex 38.2642 2 32.4858
    endloop
  endfacet
  facet normal 0.649478 0 -0.76038
    outer loop
      vertex 38.2642 4.2 32.4858
      vertex 38.0256 2 32.282
      vertex 38.0256 4.2 32.282
    endloop
  endfacet
  facet normal 0.233602 0 -0.972332
    outer loop
      vertex 37.1629 2 31.9246
      vertex 37.468 4.2 31.9979
      vertex 37.468 2 31.9979
    endloop
  endfacet
  facet normal 0.233602 0 -0.972332
    outer loop
      vertex 37.468 4.2 31.9979
      vertex 37.1629 2 31.9246
      vertex 37.1629 4.2 31.9246
    endloop
  endfacet
  facet normal -0.0783775 0 -0.996924
    outer loop
      vertex 36.5371 2 31.9246
      vertex 36.85 4.2 31.9
      vertex 36.85 2 31.9
    endloop
  endfacet
  facet normal -0.0783775 0 -0.996924
    outer loop
      vertex 36.85 4.2 31.9
      vertex 36.5371 2 31.9246
      vertex 36.5371 4.2 31.9246
    endloop
  endfacet
  facet normal 0.0783775 0 -0.996924
    outer loop
      vertex 36.85 2 31.9
      vertex 37.1629 4.2 31.9246
      vertex 37.1629 2 31.9246
    endloop
  endfacet
  facet normal 0.0783775 0 -0.996924
    outer loop
      vertex 37.1629 4.2 31.9246
      vertex 36.85 2 31.9
      vertex 36.85 4.2 31.9
    endloop
  endfacet
  facet normal -0.996924 0 -0.0783775
    outer loop
      vertex 34.8746 2 33.5871
      vertex 34.85 4.2 33.9
      vertex 34.8746 4.2 33.5871
    endloop
  endfacet
  facet normal -0.996924 -0 -0.0783775
    outer loop
      vertex 34.85 4.2 33.9
      vertex 34.8746 2 33.5871
      vertex 34.85 2 33.9
    endloop
  endfacet
  facet normal -0.85262 0 -0.522532
    outer loop
      vertex 35.232 2 32.7244
      vertex 35.068 4.2 32.992
      vertex 35.232 4.2 32.7244
    endloop
  endfacet
  facet normal -0.85262 -0 -0.522532
    outer loop
      vertex 35.068 4.2 32.992
      vertex 35.232 2 32.7244
      vertex 35.068 2 32.992
    endloop
  endfacet
  facet normal -0.649478 0 -0.76038
    outer loop
      vertex 35.4358 2 32.4858
      vertex 35.6744 4.2 32.282
      vertex 35.6744 2 32.282
    endloop
  endfacet
  facet normal -0.649478 0 -0.76038
    outer loop
      vertex 35.6744 4.2 32.282
      vertex 35.4358 2 32.4858
      vertex 35.4358 4.2 32.4858
    endloop
  endfacet
  facet normal -0.233602 0 -0.972332
    outer loop
      vertex 36.232 2 31.9979
      vertex 36.5371 4.2 31.9246
      vertex 36.5371 2 31.9246
    endloop
  endfacet
  facet normal -0.233602 0 -0.972332
    outer loop
      vertex 36.5371 4.2 31.9246
      vertex 36.232 2 31.9979
      vertex 36.232 4.2 31.9979
    endloop
  endfacet
  facet normal -0.76038 0 -0.649478
    outer loop
      vertex 35.4358 2 32.4858
      vertex 35.232 4.2 32.7244
      vertex 35.4358 4.2 32.4858
    endloop
  endfacet
  facet normal -0.76038 -0 -0.649478
    outer loop
      vertex 35.232 4.2 32.7244
      vertex 35.4358 2 32.4858
      vertex 35.232 2 32.7244
    endloop
  endfacet
  facet normal 0.996924 0 -0.0783775
    outer loop
      vertex 38.85 2 33.9
      vertex 38.8254 4.2 33.5871
      vertex 38.85 4.2 33.9
    endloop
  endfacet
  facet normal 0.996924 0 -0.0783775
    outer loop
      vertex 38.8254 4.2 33.5871
      vertex 38.85 2 33.9
      vertex 38.8254 2 33.5871
    endloop
  endfacet
  facet normal 0.972274 -0 0.233845
    outer loop
      vertex 38.7804 2 34.4
      vertex 38.8254 4.2 34.2129
      vertex 38.7804 4.2 34.4
    endloop
  endfacet
  facet normal 0.972274 0 0.233845
    outer loop
      vertex 38.8254 4.2 34.2129
      vertex 38.7804 2 34.4
      vertex 38.8254 2 34.2129
    endloop
  endfacet
  facet normal -0.996924 0 0.0783775
    outer loop
      vertex 34.85 2 33.9
      vertex 34.8746 4.2 34.2129
      vertex 34.85 4.2 33.9
    endloop
  endfacet
  facet normal -0.996924 0 0.0783775
    outer loop
      vertex 34.8746 4.2 34.2129
      vertex 34.85 2 33.9
      vertex 34.8746 2 34.2129
    endloop
  endfacet
  facet normal 0.923904 0 -0.382624
    outer loop
      vertex 38.7521 2 33.282
      vertex 38.632 4.2 32.992
      vertex 38.7521 4.2 33.282
    endloop
  endfacet
  facet normal 0.923904 0 -0.382624
    outer loop
      vertex 38.632 4.2 32.992
      vertex 38.7521 2 33.282
      vertex 38.632 2 32.992
    endloop
  endfacet
  facet normal 0.382624 0 -0.923904
    outer loop
      vertex 37.468 2 31.9979
      vertex 37.758 4.2 32.118
      vertex 37.758 2 32.118
    endloop
  endfacet
  facet normal 0.382624 0 -0.923904
    outer loop
      vertex 37.758 4.2 32.118
      vertex 37.468 2 31.9979
      vertex 37.468 4.2 31.9979
    endloop
  endfacet
  facet normal 0 1 0
    outer loop
      vertex 38.7804 4.2 34.4
      vertex 37.3096 4.2 34.3596
      vertex 37.2623 4.2 34.4
    endloop
  endfacet
  facet normal 0 1 0
    outer loop
      vertex 38.7804 4.2 34.4
      vertex 37.3759 4.2 34.2821
      vertex 37.3096 4.2 34.3596
    endloop
  endfacet
  facet normal 0 1 0
    outer loop
      vertex 37.492 4.2 34.0017
      vertex 38.7804 4.2 34.4
      vertex 38.8254 4.2 34.2129
    endloop
  endfacet
  facet normal 0 1 0
    outer loop
      vertex 38.7804 4.2 34.4
      vertex 37.4292 4.2 34.1951
      vertex 37.3759 4.2 34.2821
    endloop
  endfacet
  facet normal 0 1 0
    outer loop
      vertex 38.7804 4.2 34.4
      vertex 37.4682 4.2 34.1009
      vertex 37.4292 4.2 34.1951
    endloop
  endfacet
  facet normal 0 1 0
    outer loop
      vertex 38.7804 4.2 34.4
      vertex 37.492 4.2 34.0017
      vertex 37.4682 4.2 34.1009
    endloop
  endfacet
  facet normal 0 1 0
    outer loop
      vertex 38.85 4.2 33.9
      vertex 37.492 4.2 34.0017
      vertex 38.8254 4.2 34.2129
    endloop
  endfacet
  facet normal 0 1 0
    outer loop
      vertex 38.85 4.2 33.9
      vertex 37.5 4.2 33.9
      vertex 37.492 4.2 34.0017
    endloop
  endfacet
  facet normal 0 1 0
    outer loop
      vertex 38.85 4.2 33.9
      vertex 37.492 4.2 33.7983
      vertex 37.5 4.2 33.9
    endloop
  endfacet
  facet normal 0 1 -0
    outer loop
      vertex 38.8254 4.2 33.5871
      vertex 37.492 4.2 33.7983
      vertex 38.85 4.2 33.9
    endloop
  endfacet
  facet normal 0 1 0
    outer loop
      vertex 37.492 4.2 33.7983
      vertex 38.8254 4.2 33.5871
      vertex 37.4682 4.2 33.6991
    endloop
  endfacet
  facet normal 0 1 -0
    outer loop
      vertex 38.7521 4.2 33.282
      vertex 37.4682 4.2 33.6991
      vertex 38.8254 4.2 33.5871
    endloop
  endfacet
  facet normal 0 1 0
    outer loop
      vertex 37.4682 4.2 33.6991
      vertex 38.7521 4.2 33.282
      vertex 37.4292 4.2 33.6049
    endloop
  endfacet
  facet normal 0 1 -0
    outer loop
      vertex 38.632 4.2 32.992
      vertex 37.4292 4.2 33.6049
      vertex 38.7521 4.2 33.282
    endloop
  endfacet
  facet normal 0 1 0
    outer loop
      vertex 37.4292 4.2 33.6049
      vertex 38.632 4.2 32.992
      vertex 37.3759 4.2 33.5179
    endloop
  endfacet
  facet normal 0 1 -0
    outer loop
      vertex 38.468 4.2 32.7244
      vertex 37.3759 4.2 33.5179
      vertex 38.632 4.2 32.992
    endloop
  endfacet
  facet normal 0 1 0
    outer loop
      vertex 37.3759 4.2 33.5179
      vertex 38.468 4.2 32.7244
      vertex 37.3096 4.2 33.4404
    endloop
  endfacet
  facet normal 0 1 -0
    outer loop
      vertex 38.2642 4.2 32.4858
      vertex 37.3096 4.2 33.4404
      vertex 38.468 4.2 32.7244
    endloop
  endfacet
  facet normal 0 1 0
    outer loop
      vertex 37.3096 4.2 33.4404
      vertex 38.2642 4.2 32.4858
      vertex 37.2321 4.2 33.3741
    endloop
  endfacet
  facet normal 0 1 -0
    outer loop
      vertex 38.0256 4.2 32.282
      vertex 37.2321 4.2 33.3741
      vertex 38.2642 4.2 32.4858
    endloop
  endfacet
  facet normal 0 1 0
    outer loop
      vertex 37.2321 4.2 33.3741
      vertex 38.0256 4.2 32.282
      vertex 37.1451 4.2 33.3208
    endloop
  endfacet
  facet normal 0 1 -0
    outer loop
      vertex 36.3904 4.2 34.3596
      vertex 34.9195 4.2 34.4
      vertex 36.4377 4.2 34.4
    endloop
  endfacet
  facet normal 0 1 -0
    outer loop
      vertex 36.3241 4.2 34.2821
      vertex 34.9195 4.2 34.4
      vertex 36.3904 4.2 34.3596
    endloop
  endfacet
  facet normal 0 1 -0
    outer loop
      vertex 36.2708 4.2 34.1951
      vertex 34.9195 4.2 34.4
      vertex 36.3241 4.2 34.2821
    endloop
  endfacet
  facet normal 0 1 -0
    outer loop
      vertex 36.2318 4.2 34.1009
      vertex 34.9195 4.2 34.4
      vertex 36.2708 4.2 34.1951
    endloop
  endfacet
  facet normal 0 1 -0
    outer loop
      vertex 36.208 4.2 34.0017
      vertex 34.9195 4.2 34.4
      vertex 36.2318 4.2 34.1009
    endloop
  endfacet
  facet normal 0 1 0
    outer loop
      vertex 34.9195 4.2 34.4
      vertex 36.208 4.2 34.0017
      vertex 34.8746 4.2 34.2129
    endloop
  endfacet
  facet normal 0 1 -0
    outer loop
      vertex 36.2 4.2 33.9
      vertex 34.8746 4.2 34.2129
      vertex 36.208 4.2 34.0017
    endloop
  endfacet
  facet normal 0 1 0
    outer loop
      vertex 36.2 4.2 33.9
      vertex 34.85 4.2 33.9
      vertex 34.8746 4.2 34.2129
    endloop
  endfacet
  facet normal 0 1 0
    outer loop
      vertex 36.208 4.2 33.7983
      vertex 34.85 4.2 33.9
      vertex 36.2 4.2 33.9
    endloop
  endfacet
  facet normal 0 1 0
    outer loop
      vertex 34.8746 4.2 33.5871
      vertex 36.208 4.2 33.7983
      vertex 36.2318 4.2 33.6991
    endloop
  endfacet
  facet normal 0 1 0
    outer loop
      vertex 34.9479 4.2 33.282
      vertex 36.2318 4.2 33.6991
      vertex 36.2708 4.2 33.6049
    endloop
  endfacet
  facet normal 0 1 0
    outer loop
      vertex 36.208 4.2 33.7983
      vertex 34.8746 4.2 33.5871
      vertex 34.85 4.2 33.9
    endloop
  endfacet
  facet normal 0 1 0
    outer loop
      vertex 35.068 4.2 32.992
      vertex 36.2708 4.2 33.6049
      vertex 36.3241 4.2 33.5179
    endloop
  endfacet
  facet normal 0 1 0
    outer loop
      vertex 35.232 4.2 32.7244
      vertex 36.3241 4.2 33.5179
      vertex 36.3904 4.2 33.4404
    endloop
  endfacet
  facet normal 0 1 0
    outer loop
      vertex 35.4358 4.2 32.4858
      vertex 36.3904 4.2 33.4404
      vertex 36.4679 4.2 33.3741
    endloop
  endfacet
  facet normal 0 1 0
    outer loop
      vertex 35.6744 4.2 32.282
      vertex 36.4679 4.2 33.3741
      vertex 36.5549 4.2 33.3208
    endloop
  endfacet
  facet normal 0 1 0
    outer loop
      vertex 36.2318 4.2 33.6991
      vertex 34.9479 4.2 33.282
      vertex 34.8746 4.2 33.5871
    endloop
  endfacet
  facet normal 0 1 0
    outer loop
      vertex 35.942 4.2 32.118
      vertex 36.5549 4.2 33.3208
      vertex 36.6491 4.2 33.2818
    endloop
  endfacet
  facet normal 0 1 0
    outer loop
      vertex 36.232 4.2 31.9979
      vertex 36.6491 4.2 33.2818
      vertex 36.7483 4.2 33.258
    endloop
  endfacet
  facet normal 0 1 0
    outer loop
      vertex 36.5371 4.2 31.9246
      vertex 36.7483 4.2 33.258
      vertex 36.85 4.2 33.25
    endloop
  endfacet
  facet normal 0 1 -0
    outer loop
      vertex 37.758 4.2 32.118
      vertex 37.1451 4.2 33.3208
      vertex 38.0256 4.2 32.282
    endloop
  endfacet
  facet normal 0 1 0
    outer loop
      vertex 36.2708 4.2 33.6049
      vertex 35.068 4.2 32.992
      vertex 34.9479 4.2 33.282
    endloop
  endfacet
  facet normal 0 1 0
    outer loop
      vertex 37.1451 4.2 33.3208
      vertex 37.758 4.2 32.118
      vertex 37.0509 4.2 33.2818
    endloop
  endfacet
  facet normal 0 1 0
    outer loop
      vertex 36.3241 4.2 33.5179
      vertex 35.232 4.2 32.7244
      vertex 35.068 4.2 32.992
    endloop
  endfacet
  facet normal 0 1 -0
    outer loop
      vertex 37.468 4.2 31.9979
      vertex 37.0509 4.2 33.2818
      vertex 37.758 4.2 32.118
    endloop
  endfacet
  facet normal 0 1 0
    outer loop
      vertex 36.3904 4.2 33.4404
      vertex 35.4358 4.2 32.4858
      vertex 35.232 4.2 32.7244
    endloop
  endfacet
  facet normal 0 1 0
    outer loop
      vertex 37.0509 4.2 33.2818
      vertex 37.468 4.2 31.9979
      vertex 36.9517 4.2 33.258
    endloop
  endfacet
  facet normal 0 1 0
    outer loop
      vertex 36.4679 4.2 33.3741
      vertex 35.6744 4.2 32.282
      vertex 35.4358 4.2 32.4858
    endloop
  endfacet
  facet normal 0 1 -0
    outer loop
      vertex 37.1629 4.2 31.9246
      vertex 36.9517 4.2 33.258
      vertex 37.468 4.2 31.9979
    endloop
  endfacet
  facet normal 0 1 0
    outer loop
      vertex 36.5549 4.2 33.3208
      vertex 35.942 4.2 32.118
      vertex 35.6744 4.2 32.282
    endloop
  endfacet
  facet normal 0 1 0
    outer loop
      vertex 36.9517 4.2 33.258
      vertex 37.1629 4.2 31.9246
      vertex 36.85 4.2 33.25
    endloop
  endfacet
  facet normal 0 1 0
    outer loop
      vertex 36.6491 4.2 33.2818
      vertex 36.232 4.2 31.9979
      vertex 35.942 4.2 32.118
    endloop
  endfacet
  facet normal 0 1 0
    outer loop
      vertex 36.85 4.2 31.9
      vertex 36.85 4.2 33.25
      vertex 37.1629 4.2 31.9246
    endloop
  endfacet
  facet normal 0 1 0
    outer loop
      vertex 36.7483 4.2 33.258
      vertex 36.5371 4.2 31.9246
      vertex 36.232 4.2 31.9979
    endloop
  endfacet
  facet normal 0 1 0
    outer loop
      vertex 36.85 4.2 33.25
      vertex 36.85 4.2 31.9
      vertex 36.5371 4.2 31.9246
    endloop
  endfacet
  facet normal -0.382624 0 -0.923904
    outer loop
      vertex 35.942 2 32.118
      vertex 36.232 4.2 31.9979
      vertex 36.232 2 31.9979
    endloop
  endfacet
  facet normal -0.382624 0 -0.923904
    outer loop
      vertex 36.232 4.2 31.9979
      vertex 35.942 2 32.118
      vertex 35.942 4.2 32.118
    endloop
  endfacet
  facet normal -0.972392 0 0.233353
    outer loop
      vertex 34.8746 2 34.2129
      vertex 34.9195 4.2 34.4
      vertex 34.8746 4.2 34.2129
    endloop
  endfacet
  facet normal -0.972392 0 0.233353
    outer loop
      vertex 34.9195 4.2 34.4
      vertex 34.8746 2 34.2129
      vertex 34.9195 2 34.4
    endloop
  endfacet
  facet normal 0 0 1
    outer loop
      vertex 12.7377 4.2 34.4
      vertex 11.2195 4.2 34.4
      vertex 12.7377 2.6 34.4
    endloop
  endfacet
  facet normal 0 0 1
    outer loop
      vertex 13.5623 2.6 34.4
      vertex 15.0805 4.2 34.4
      vertex 13.5623 4.2 34.4
    endloop
  endfacet
  facet normal 0 0 1
    outer loop
      vertex 15.0805 4.2 34.4
      vertex 13.5623 2.6 34.4
      vertex 15.0805 2 34.4
    endloop
  endfacet
  facet normal -0 0 1
    outer loop
      vertex 12.7377 2.6 34.4
      vertex 15.0805 2 34.4
      vertex 13.5623 2.6 34.4
    endloop
  endfacet
  facet normal 0 0 1
    outer loop
      vertex 12.7377 2.6 34.4
      vertex 11.2195 2 34.4
      vertex 15.0805 2 34.4
    endloop
  endfacet
  facet normal 0 0 1
    outer loop
      vertex 11.2195 2 34.4
      vertex 12.7377 2.6 34.4
      vertex 11.2195 4.2 34.4
    endloop
  endfacet
  facet normal 0 0 1
    outer loop
      vertex 36.4377 4.2 34.4
      vertex 34.9195 4.2 34.4
      vertex 36.4377 2.6 34.4
    endloop
  endfacet
  facet normal 0 0 1
    outer loop
      vertex 37.2623 2.6 34.4
      vertex 38.7804 4.2 34.4
      vertex 37.2623 4.2 34.4
    endloop
  endfacet
  facet normal 0 0 1
    outer loop
      vertex 38.7804 4.2 34.4
      vertex 37.2623 2.6 34.4
      vertex 38.7804 2 34.4
    endloop
  endfacet
  facet normal -0 0 1
    outer loop
      vertex 36.4377 2.6 34.4
      vertex 38.7804 2 34.4
      vertex 37.2623 2.6 34.4
    endloop
  endfacet
  facet normal 0 0 1
    outer loop
      vertex 36.4377 2.6 34.4
      vertex 34.9195 2 34.4
      vertex 38.7804 2 34.4
    endloop
  endfacet
  facet normal 0 0 1
    outer loop
      vertex 34.9195 2 34.4
      vertex 36.4377 2.6 34.4
      vertex 34.9195 4.2 34.4
    endloop
  endfacet
  facet normal -1 0 0
    outer loop
      vertex 8.4 2 2
      vertex 8.4 5 24.6
      vertex 8.4 5 2
    endloop
  endfacet
  facet normal -1 -0 0
    outer loop
      vertex 8.4 5 24.6
      vertex 8.4 2 2
      vertex 8.4 2 24.6
    endloop
  endfacet
  facet normal -0 0 1
    outer loop
      vertex 8.4 5 24.6
      vertex 41.6 2 24.6
      vertex 41.6 5 24.6
    endloop
  endfacet
  facet normal 0 0 1
    outer loop
      vertex 41.6 2 24.6
      vertex 8.4 5 24.6
      vertex 8.4 2 24.6
    endloop
  endfacet
  facet normal 1 -0 0
    outer loop
      vertex 41.6 2 24.6
      vertex 41.6 5 2
      vertex 41.6 5 24.6
    endloop
  endfacet
  facet normal 1 0 0
    outer loop
      vertex 41.6 5 2
      vertex 41.6 2 24.6
      vertex 41.6 2 2
    endloop
  endfacet
  facet normal 0 1 0
    outer loop
      vertex 41.6 5 24.6
      vertex 40.4 5 23.4
      vertex 8.4 5 24.6
    endloop
  endfacet
  facet normal 0 1 -0
    outer loop
      vertex 41.6 5 2
      vertex 40.4 5 23.4
      vertex 41.6 5 24.6
    endloop
  endfacet
  facet normal 0 1 0
    outer loop
      vertex 40.4 5 2.6
      vertex 41.6 5 2
      vertex 9.6 5 2.6
    endloop
  endfacet
  facet normal 0 1 0
    outer loop
      vertex 40.4 5 23.4
      vertex 41.6 5 2
      vertex 40.4 5 2.6
    endloop
  endfacet
  facet normal 0 1 -0
    outer loop
      vertex 9.6 5 23.4
      vertex 8.4 5 24.6
      vertex 40.4 5 23.4
    endloop
  endfacet
  facet normal 0 1 0
    outer loop
      vertex 8.4 5 2
      vertex 9.6 5 23.4
      vertex 9.6 5 2.6
    endloop
  endfacet
  facet normal 0 1 0
    outer loop
      vertex 9.6 5 23.4
      vertex 8.4 5 2
      vertex 8.4 5 24.6
    endloop
  endfacet
  facet normal 0 1 0
    outer loop
      vertex 8.4 5 2
      vertex 9.6 5 2.6
      vertex 41.6 5 2
    endloop
  endfacet
  facet normal 1 -0 0
    outer loop
      vertex 9.6 2 23.4
      vertex 9.6 5 2.6
      vertex 9.6 5 23.4
    endloop
  endfacet
  facet normal 1 0 0
    outer loop
      vertex 9.6 5 2.6
      vertex 9.6 2 23.4
      vertex 9.6 2 2.6
    endloop
  endfacet
  facet normal 0 0 -1
    outer loop
      vertex 9.6 2 23.4
      vertex 40.4 5 23.4
      vertex 40.4 2 23.4
    endloop
  endfacet
  facet normal -0 0 -1
    outer loop
      vertex 40.4 5 23.4
      vertex 9.6 2 23.4
      vertex 9.6 5 23.4
    endloop
  endfacet
  facet normal -1 0 0
    outer loop
      vertex 40.4 2 2.6
      vertex 40.4 5 23.4
      vertex 40.4 5 2.6
    endloop
  endfacet
  facet normal -1 -0 0
    outer loop
      vertex 40.4 5 23.4
      vertex 40.4 2 2.6
      vertex 40.4 2 23.4
    endloop
  endfacet
  facet normal -0 0 1
    outer loop
      vertex 9.6 5 2.6
      vertex 40.4 2 2.6
      vertex 40.4 5 2.6
    endloop
  endfacet
  facet normal 0 0 1
    outer loop
      vertex 40.4 2 2.6
      vertex 9.6 5 2.6
      vertex 9.6 2 2.6
    endloop
  endfacet
  facet normal -1 0 0
    outer loop
      vertex 9.5 -0.599999 17.5
      vertex 9.5 0 20.5
      vertex 9.5 0 17.5
    endloop
  endfacet
  facet normal -1 -0 0
    outer loop
      vertex 9.5 0 20.5
      vertex 9.5 -0.599999 17.5
      vertex 9.5 -0.599999 20.5
    endloop
  endfacet
  facet normal -0 0 1
    outer loop
      vertex 15.5 0 20.5
      vertex 18.5 -0.599999 20.5
      vertex 18.5 0 20.5
    endloop
  endfacet
  facet normal 0 0 1
    outer loop
      vertex 18.5 -0.599999 20.5
      vertex 15.5 0 20.5
      vertex 15.5 -0.599999 20.5
    endloop
  endfacet
  facet normal -0 0 1
    outer loop
      vertex 9.5 0 20.5
      vertex 12.5 -0.599999 20.5
      vertex 12.5 0 20.5
    endloop
  endfacet
  facet normal 0 0 1
    outer loop
      vertex 12.5 -0.599999 20.5
      vertex 9.5 0 20.5
      vertex 9.5 -0.599999 20.5
    endloop
  endfacet
  facet normal 1 -0 0
    outer loop
      vertex 18.5 -0.599999 20.5
      vertex 18.5 0 17.5
      vertex 18.5 0 20.5
    endloop
  endfacet
  facet normal 1 0 0
    outer loop
      vertex 18.5 0 17.5
      vertex 18.5 -0.599999 20.5
      vertex 18.5 -0.599999 17.5
    endloop
  endfacet
  facet normal 0 0 -1
    outer loop
      vertex 9.5 -0.599999 17.5
      vertex 12.5 0 17.5
      vertex 12.5 -0.599999 17.5
    endloop
  endfacet
  facet normal -0 0 -1
    outer loop
      vertex 12.5 0 17.5
      vertex 9.5 -0.599999 17.5
      vertex 9.5 0 17.5
    endloop
  endfacet
  facet normal 0 0 -1
    outer loop
      vertex 15.5 -0.599999 17.5
      vertex 18.5 0 17.5
      vertex 18.5 -0.599999 17.5
    endloop
  endfacet
  facet normal -0 0 -1
    outer loop
      vertex 18.5 0 17.5
      vertex 15.5 -0.599999 17.5
      vertex 15.5 0 17.5
    endloop
  endfacet
  facet normal 0 -1 0
    outer loop
      vertex 12.5 -0.599999 14.5
      vertex 15.5 -0.599999 17.5
      vertex 12.5 -0.599999 17.5
    endloop
  endfacet
  facet normal 0 -1 -0
    outer loop
      vertex 15.5 -0.599999 17.5
      vertex 12.5 -0.599999 14.5
      vertex 15.5 -0.599999 14.5
    endloop
  endfacet
  facet normal 0 -1 0
    outer loop
      vertex 12.5 -0.599999 17.5
      vertex 12.5 -0.599999 20.5
      vertex 9.5 -0.599999 20.5
    endloop
  endfacet
  facet normal 0 -1 0
    outer loop
      vertex 12.5 -0.599999 20.5
      vertex 12.5 -0.599999 17.5
      vertex 15.5 -0.599999 20.5
    endloop
  endfacet
  facet normal 0 -1 0
    outer loop
      vertex 12.5 -0.599999 17.5
      vertex 9.5 -0.599999 20.5
      vertex 9.5 -0.599999 17.5
    endloop
  endfacet
  facet normal 0 -1 0
    outer loop
      vertex 15.5 -0.599999 17.5
      vertex 15.5 -0.599999 20.5
      vertex 12.5 -0.599999 17.5
    endloop
  endfacet
  facet normal 0 -1 0
    outer loop
      vertex 15.5 -0.599999 20.5
      vertex 15.5 -0.599999 17.5
      vertex 18.5 -0.599999 20.5
    endloop
  endfacet
  facet normal 0 -1 -0
    outer loop
      vertex 18.5 -0.599999 20.5
      vertex 15.5 -0.599999 17.5
      vertex 18.5 -0.599999 17.5
    endloop
  endfacet
  facet normal 0 -1 0
    outer loop
      vertex 12.5 -0.599999 20.5
      vertex 15.5 -0.599999 23.5
      vertex 12.5 -0.599999 23.5
    endloop
  endfacet
  facet normal 0 -1 -0
    outer loop
      vertex 15.5 -0.599999 23.5
      vertex 12.5 -0.599999 20.5
      vertex 15.5 -0.599999 20.5
    endloop
  endfacet
  facet normal -1 0 0
    outer loop
      vertex 12.5 -0.599999 14.5
      vertex 12.5 0 17.5
      vertex 12.5 0 14.5
    endloop
  endfacet
  facet normal -1 -0 0
    outer loop
      vertex 12.5 0 17.5
      vertex 12.5 -0.599999 14.5
      vertex 12.5 -0.599999 17.5
    endloop
  endfacet
  facet normal -1 0 0
    outer loop
      vertex 12.5 -0.599999 20.5
      vertex 12.5 0 23.5
      vertex 12.5 0 20.5
    endloop
  endfacet
  facet normal -1 -0 0
    outer loop
      vertex 12.5 0 23.5
      vertex 12.5 -0.599999 20.5
      vertex 12.5 -0.599999 23.5
    endloop
  endfacet
  facet normal -0 0 1
    outer loop
      vertex 12.5 0 23.5
      vertex 15.5 -0.599999 23.5
      vertex 15.5 0 23.5
    endloop
  endfacet
  facet normal 0 0 1
    outer loop
      vertex 15.5 -0.599999 23.5
      vertex 12.5 0 23.5
      vertex 12.5 -0.599999 23.5
    endloop
  endfacet
  facet normal 1 -0 0
    outer loop
      vertex 15.5 -0.599999 23.5
      vertex 15.5 0 20.5
      vertex 15.5 0 23.5
    endloop
  endfacet
  facet normal 1 0 0
    outer loop
      vertex 15.5 0 20.5
      vertex 15.5 -0.599999 23.5
      vertex 15.5 -0.599999 20.5
    endloop
  endfacet
  facet normal 1 -0 0
    outer loop
      vertex 15.5 -0.599999 17.5
      vertex 15.5 0 14.5
      vertex 15.5 0 17.5
    endloop
  endfacet
  facet normal 1 0 0
    outer loop
      vertex 15.5 0 14.5
      vertex 15.5 -0.599999 17.5
      vertex 15.5 -0.599999 14.5
    endloop
  endfacet
  facet normal 0 0 -1
    outer loop
      vertex 12.5 -0.599999 14.5
      vertex 15.5 0 14.5
      vertex 15.5 -0.599999 14.5
    endloop
  endfacet
  facet normal -0 0 -1
    outer loop
      vertex 15.5 0 14.5
      vertex 12.5 -0.599999 14.5
      vertex 12.5 0 14.5
    endloop
  endfacet
  facet normal 0 0 -1
    outer loop
      vertex 33.5 -0.599999 19
      vertex 38.5 0 19
      vertex 38.5 -0.599999 19
    endloop
  endfacet
  facet normal -0 0 -1
    outer loop
      vertex 38.5 0 19
      vertex 33.5 -0.599999 19
      vertex 33.5 0 19
    endloop
  endfacet
  facet normal 0.847998 -0 0.529999
    outer loop
      vertex 36 -0.599999 23
      vertex 38.5 0 19
      vertex 36 0 23
    endloop
  endfacet
  facet normal 0.847998 0 0.529999
    outer loop
      vertex 38.5 0 19
      vertex 36 -0.599999 23
      vertex 38.5 -0.599999 19
    endloop
  endfacet
  facet normal 0 -1 -0
    outer loop
      vertex 36 -0.599999 23
      vertex 33.5 -0.599999 19
      vertex 38.5 -0.599999 19
    endloop
  endfacet
  facet normal -0.847998 0 0.529999
    outer loop
      vertex 33.5 -0.599999 19
      vertex 36 0 23
      vertex 33.5 0 19
    endloop
  endfacet
  facet normal -0.847998 0 0.529999
    outer loop
      vertex 36 0 23
      vertex 33.5 -0.599999 19
      vertex 36 -0.599999 23
    endloop
  endfacet
  facet normal 0.996915 -0 0.0784904
    outer loop
      vertex 42.6729 -0.599999 16.3442
      vertex 42.7 0 16
      vertex 42.6729 0 16.3442
    endloop
  endfacet
  facet normal 0.996915 0 0.0784904
    outer loop
      vertex 42.7 0 16
      vertex 42.6729 -0.599999 16.3442
      vertex 42.7 -0.599999 16
    endloop
  endfacet
  facet normal 0.97235 -0 0.233526
    outer loop
      vertex 42.5923 -0.599999 16.6798
      vertex 42.6729 0 16.3442
      vertex 42.5923 0 16.6798
    endloop
  endfacet
  facet normal 0.97235 0 0.233526
    outer loop
      vertex 42.6729 0 16.3442
      vertex 42.5923 -0.599999 16.6798
      vertex 42.6729 -0.599999 16.3442
    endloop
  endfacet
  facet normal -0.0784904 0 0.996915
    outer loop
      vertex 40.1558 0 18.1729
      vertex 40.5 -0.599999 18.2
      vertex 40.5 0 18.2
    endloop
  endfacet
  facet normal -0.0784904 0 0.996915
    outer loop
      vertex 40.5 -0.599999 18.2
      vertex 40.1558 0 18.1729
      vertex 40.1558 -0.599999 18.1729
    endloop
  endfacet
  facet normal 0.852572 0 -0.52261
    outer loop
      vertex 42.4602 -0.599999 15.0012
      vertex 42.2798 0 14.7069
      vertex 42.4602 0 15.0012
    endloop
  endfacet
  facet normal 0.852572 0 -0.52261
    outer loop
      vertex 42.2798 0 14.7069
      vertex 42.4602 -0.599999 15.0012
      vertex 42.2798 -0.599999 14.7069
    endloop
  endfacet
  facet normal 0.649454 0 0.760401
    outer loop
      vertex 41.7931 0 17.7798
      vertex 42.0556 -0.599999 17.5556
      vertex 42.0556 0 17.5556
    endloop
  endfacet
  facet normal 0.649454 0 0.760401
    outer loop
      vertex 42.0556 -0.599999 17.5556
      vertex 41.7931 0 17.7798
      vertex 41.7931 -0.599999 17.7798
    endloop
  endfacet
  facet normal -0.52261 0 0.852572
    outer loop
      vertex 39.2069 0 17.7798
      vertex 39.5012 -0.599999 17.9602
      vertex 39.5012 0 17.9602
    endloop
  endfacet
  facet normal -0.52261 0 0.852572
    outer loop
      vertex 39.5012 -0.599999 17.9602
      vertex 39.2069 0 17.7798
      vertex 39.2069 -0.599999 17.7798
    endloop
  endfacet
  facet normal 0.382599 0 0.923914
    outer loop
      vertex 41.1798 0 18.0923
      vertex 41.4988 -0.599999 17.9602
      vertex 41.4988 0 17.9602
    endloop
  endfacet
  facet normal 0.382599 0 0.923914
    outer loop
      vertex 41.4988 -0.599999 17.9602
      vertex 41.1798 0 18.0923
      vertex 41.1798 -0.599999 18.0923
    endloop
  endfacet
  facet normal 0.52261 0 0.852572
    outer loop
      vertex 41.4988 0 17.9602
      vertex 41.7931 -0.599999 17.7798
      vertex 41.7931 0 17.7798
    endloop
  endfacet
  facet normal 0.52261 0 0.852572
    outer loop
      vertex 41.7931 -0.599999 17.7798
      vertex 41.4988 0 17.9602
      vertex 41.4988 -0.599999 17.9602
    endloop
  endfacet
  facet normal -0.923914 0 0.382599
    outer loop
      vertex 38.4077 -0.599999 16.6798
      vertex 38.5398 0 16.9988
      vertex 38.4077 0 16.6798
    endloop
  endfacet
  facet normal -0.923914 0 0.382599
    outer loop
      vertex 38.5398 0 16.9988
      vertex 38.4077 -0.599999 16.6798
      vertex 38.5398 -0.599999 16.9988
    endloop
  endfacet
  facet normal -0.852572 0 0.52261
    outer loop
      vertex 38.5398 -0.599999 16.9988
      vertex 38.7202 0 17.2931
      vertex 38.5398 0 16.9988
    endloop
  endfacet
  facet normal -0.852572 0 0.52261
    outer loop
      vertex 38.7202 0 17.2931
      vertex 38.5398 -0.599999 16.9988
      vertex 38.7202 -0.599999 17.2931
    endloop
  endfacet
  facet normal -0.233526 0 0.97235
    outer loop
      vertex 39.8202 0 18.0923
      vertex 40.1558 -0.599999 18.1729
      vertex 40.1558 0 18.1729
    endloop
  endfacet
  facet normal -0.233526 0 0.97235
    outer loop
      vertex 40.1558 -0.599999 18.1729
      vertex 39.8202 0 18.0923
      vertex 39.8202 -0.599999 18.0923
    endloop
  endfacet
  facet normal 0.923914 0 -0.382599
    outer loop
      vertex 42.5923 -0.599999 15.3202
      vertex 42.4602 0 15.0012
      vertex 42.5923 0 15.3202
    endloop
  endfacet
  facet normal 0.923914 0 -0.382599
    outer loop
      vertex 42.4602 0 15.0012
      vertex 42.5923 -0.599999 15.3202
      vertex 42.4602 -0.599999 15.0012
    endloop
  endfacet
  facet normal 0.233526 0 -0.97235
    outer loop
      vertex 40.8442 -0.599999 13.8271
      vertex 41.1798 0 13.9077
      vertex 41.1798 -0.599999 13.9077
    endloop
  endfacet
  facet normal 0.233526 0 -0.97235
    outer loop
      vertex 41.1798 0 13.9077
      vertex 40.8442 -0.599999 13.8271
      vertex 40.8442 0 13.8271
    endloop
  endfacet
  facet normal 0.760401 -0 0.649454
    outer loop
      vertex 42.0556 -0.599999 17.5556
      vertex 42.2798 0 17.2931
      vertex 42.0556 0 17.5556
    endloop
  endfacet
  facet normal 0.760401 0 0.649454
    outer loop
      vertex 42.2798 0 17.2931
      vertex 42.0556 -0.599999 17.5556
      vertex 42.2798 -0.599999 17.2931
    endloop
  endfacet
  facet normal 0.233526 0 0.97235
    outer loop
      vertex 40.8442 0 18.1729
      vertex 41.1798 -0.599999 18.0923
      vertex 41.1798 0 18.0923
    endloop
  endfacet
  facet normal 0.233526 0 0.97235
    outer loop
      vertex 41.1798 -0.599999 18.0923
      vertex 40.8442 0 18.1729
      vertex 40.8442 -0.599999 18.1729
    endloop
  endfacet
  facet normal 0.0784904 0 0.996915
    outer loop
      vertex 40.5 0 18.2
      vertex 40.8442 -0.599999 18.1729
      vertex 40.8442 0 18.1729
    endloop
  endfacet
  facet normal 0.0784904 0 0.996915
    outer loop
      vertex 40.8442 -0.599999 18.1729
      vertex 40.5 0 18.2
      vertex 40.5 -0.599999 18.2
    endloop
  endfacet
  facet normal -0.996915 0 0.0784904
    outer loop
      vertex 38.3 -0.599999 16
      vertex 38.3271 0 16.3442
      vertex 38.3 0 16
    endloop
  endfacet
  facet normal -0.996915 0 0.0784904
    outer loop
      vertex 38.3271 0 16.3442
      vertex 38.3 -0.599999 16
      vertex 38.3271 -0.599999 16.3442
    endloop
  endfacet
  facet normal -0.996915 0 -0.0784904
    outer loop
      vertex 38.3271 -0.599999 15.6558
      vertex 38.3 0 16
      vertex 38.3271 0 15.6558
    endloop
  endfacet
  facet normal -0.996915 -0 -0.0784904
    outer loop
      vertex 38.3 0 16
      vertex 38.3271 -0.599999 15.6558
      vertex 38.3 -0.599999 16
    endloop
  endfacet
  facet normal -0.649454 0 0.760401
    outer loop
      vertex 38.9444 0 17.5556
      vertex 39.2069 -0.599999 17.7798
      vertex 39.2069 0 17.7798
    endloop
  endfacet
  facet normal -0.649454 0 0.760401
    outer loop
      vertex 39.2069 -0.599999 17.7798
      vertex 38.9444 0 17.5556
      vertex 38.9444 -0.599999 17.5556
    endloop
  endfacet
  facet normal -0.760401 0 0.649454
    outer loop
      vertex 38.7202 -0.599999 17.2931
      vertex 38.9444 0 17.5556
      vertex 38.7202 0 17.2931
    endloop
  endfacet
  facet normal -0.760401 0 0.649454
    outer loop
      vertex 38.9444 0 17.5556
      vertex 38.7202 -0.599999 17.2931
      vertex 38.9444 -0.599999 17.5556
    endloop
  endfacet
  facet normal -0.760401 0 -0.649454
    outer loop
      vertex 38.9444 -0.599999 14.4444
      vertex 38.7202 0 14.7069
      vertex 38.9444 0 14.4444
    endloop
  endfacet
  facet normal -0.760401 -0 -0.649454
    outer loop
      vertex 38.7202 0 14.7069
      vertex 38.9444 -0.599999 14.4444
      vertex 38.7202 -0.599999 14.7069
    endloop
  endfacet
  facet normal -0.97235 0 -0.233526
    outer loop
      vertex 38.4077 -0.599999 15.3202
      vertex 38.3271 0 15.6558
      vertex 38.4077 0 15.3202
    endloop
  endfacet
  facet normal -0.97235 -0 -0.233526
    outer loop
      vertex 38.3271 0 15.6558
      vertex 38.4077 -0.599999 15.3202
      vertex 38.3271 -0.599999 15.6558
    endloop
  endfacet
  facet normal 0.0784904 0 -0.996915
    outer loop
      vertex 40.5 -0.599999 13.8
      vertex 40.8442 0 13.8271
      vertex 40.8442 -0.599999 13.8271
    endloop
  endfacet
  facet normal 0.0784904 0 -0.996915
    outer loop
      vertex 40.8442 0 13.8271
      vertex 40.5 -0.599999 13.8
      vertex 40.5 0 13.8
    endloop
  endfacet
  facet normal 0.52261 0 -0.852572
    outer loop
      vertex 41.4988 -0.599999 14.0398
      vertex 41.7931 0 14.2202
      vertex 41.7931 -0.599999 14.2202
    endloop
  endfacet
  facet normal 0.52261 0 -0.852572
    outer loop
      vertex 41.7931 0 14.2202
      vertex 41.4988 -0.599999 14.0398
      vertex 41.4988 0 14.0398
    endloop
  endfacet
  facet normal 0.923914 -0 0.382599
    outer loop
      vertex 42.4602 -0.599999 16.9988
      vertex 42.5923 0 16.6798
      vertex 42.4602 0 16.9988
    endloop
  endfacet
  facet normal 0.923914 0 0.382599
    outer loop
      vertex 42.5923 0 16.6798
      vertex 42.4602 -0.599999 16.9988
      vertex 42.5923 -0.599999 16.6798
    endloop
  endfacet
  facet normal 0.852572 -0 0.52261
    outer loop
      vertex 42.2798 -0.599999 17.2931
      vertex 42.4602 0 16.9988
      vertex 42.2798 0 17.2931
    endloop
  endfacet
  facet normal 0.852572 0 0.52261
    outer loop
      vertex 42.4602 0 16.9988
      vertex 42.2798 -0.599999 17.2931
      vertex 42.4602 -0.599999 16.9988
    endloop
  endfacet
  facet normal 0 -1 0
    outer loop
      vertex 40.1558 -0.599999 18.1729
      vertex 40.8442 -0.599999 18.1729
      vertex 40.5 -0.599999 18.2
    endloop
  endfacet
  facet normal 0 -1 0
    outer loop
      vertex 39.8202 -0.599999 18.0923
      vertex 40.8442 -0.599999 18.1729
      vertex 40.1558 -0.599999 18.1729
    endloop
  endfacet
  facet normal 0 -1 0
    outer loop
      vertex 39.8202 -0.599999 18.0923
      vertex 41.1798 -0.599999 18.0923
      vertex 40.8442 -0.599999 18.1729
    endloop
  endfacet
  facet normal 0 -1 0
    outer loop
      vertex 39.5012 -0.599999 17.9602
      vertex 41.1798 -0.599999 18.0923
      vertex 39.8202 -0.599999 18.0923
    endloop
  endfacet
  facet normal 0 -1 0
    outer loop
      vertex 39.5012 -0.599999 17.9602
      vertex 41.4988 -0.599999 17.9602
      vertex 41.1798 -0.599999 18.0923
    endloop
  endfacet
  facet normal 0 -1 0
    outer loop
      vertex 39.2069 -0.599999 17.7798
      vertex 41.4988 -0.599999 17.9602
      vertex 39.5012 -0.599999 17.9602
    endloop
  endfacet
  facet normal 0 -1 0
    outer loop
      vertex 39.2069 -0.599999 17.7798
      vertex 41.7931 -0.599999 17.7798
      vertex 41.4988 -0.599999 17.9602
    endloop
  endfacet
  facet normal 0 -1 0
    outer loop
      vertex 38.9444 -0.599999 17.5556
      vertex 41.7931 -0.599999 17.7798
      vertex 39.2069 -0.599999 17.7798
    endloop
  endfacet
  facet normal 0 -1 0
    outer loop
      vertex 38.9444 -0.599999 17.5556
      vertex 42.0556 -0.599999 17.5556
      vertex 41.7931 -0.599999 17.7798
    endloop
  endfacet
  facet normal 0 -1 0
    outer loop
      vertex 38.7202 -0.599999 17.2931
      vertex 42.0556 -0.599999 17.5556
      vertex 38.9444 -0.599999 17.5556
    endloop
  endfacet
  facet normal 0 -1 0
    outer loop
      vertex 38.7202 -0.599999 17.2931
      vertex 42.2798 -0.599999 17.2931
      vertex 42.0556 -0.599999 17.5556
    endloop
  endfacet
  facet normal 0 -1 0
    outer loop
      vertex 38.5398 -0.599999 16.9988
      vertex 42.2798 -0.599999 17.2931
      vertex 38.7202 -0.599999 17.2931
    endloop
  endfacet
  facet normal 0 -1 0
    outer loop
      vertex 38.5398 -0.599999 16.9988
      vertex 42.4602 -0.599999 16.9988
      vertex 42.2798 -0.599999 17.2931
    endloop
  endfacet
  facet normal 0 -1 0
    outer loop
      vertex 38.4077 -0.599999 16.6798
      vertex 42.4602 -0.599999 16.9988
      vertex 38.5398 -0.599999 16.9988
    endloop
  endfacet
  facet normal 0 -1 0
    outer loop
      vertex 38.4077 -0.599999 16.6798
      vertex 42.5923 -0.599999 16.6798
      vertex 42.4602 -0.599999 16.9988
    endloop
  endfacet
  facet normal 0 -1 0
    outer loop
      vertex 38.3271 -0.599999 16.3442
      vertex 42.5923 -0.599999 16.6798
      vertex 38.4077 -0.599999 16.6798
    endloop
  endfacet
  facet normal 0 -1 0
    outer loop
      vertex 38.3271 -0.599999 16.3442
      vertex 42.6729 -0.599999 16.3442
      vertex 42.5923 -0.599999 16.6798
    endloop
  endfacet
  facet normal 0 -1 0
    outer loop
      vertex 38.3 -0.599999 16
      vertex 42.6729 -0.599999 16.3442
      vertex 38.3271 -0.599999 16.3442
    endloop
  endfacet
  facet normal 0 -1 0
    outer loop
      vertex 38.3 -0.599999 16
      vertex 42.7 -0.599999 16
      vertex 42.6729 -0.599999 16.3442
    endloop
  endfacet
  facet normal 0 -1 0
    outer loop
      vertex 38.3271 -0.599999 15.6558
      vertex 42.7 -0.599999 16
      vertex 38.3 -0.599999 16
    endloop
  endfacet
  facet normal 0 -1 0
    outer loop
      vertex 38.3271 -0.599999 15.6558
      vertex 42.6729 -0.599999 15.6558
      vertex 42.7 -0.599999 16
    endloop
  endfacet
  facet normal 0 -1 0
    outer loop
      vertex 38.4077 -0.599999 15.3202
      vertex 42.6729 -0.599999 15.6558
      vertex 38.3271 -0.599999 15.6558
    endloop
  endfacet
  facet normal 0 -1 0
    outer loop
      vertex 38.4077 -0.599999 15.3202
      vertex 42.5923 -0.599999 15.3202
      vertex 42.6729 -0.599999 15.6558
    endloop
  endfacet
  facet normal 0 -1 0
    outer loop
      vertex 38.5398 -0.599999 15.0012
      vertex 42.5923 -0.599999 15.3202
      vertex 38.4077 -0.599999 15.3202
    endloop
  endfacet
  facet normal 0 -1 0
    outer loop
      vertex 38.5398 -0.599999 15.0012
      vertex 42.4602 -0.599999 15.0012
      vertex 42.5923 -0.599999 15.3202
    endloop
  endfacet
  facet normal 0 -1 0
    outer loop
      vertex 38.7202 -0.599999 14.7069
      vertex 42.4602 -0.599999 15.0012
      vertex 38.5398 -0.599999 15.0012
    endloop
  endfacet
  facet normal 0 -1 0
    outer loop
      vertex 38.7202 -0.599999 14.7069
      vertex 42.2798 -0.599999 14.7069
      vertex 42.4602 -0.599999 15.0012
    endloop
  endfacet
  facet normal 0 -1 0
    outer loop
      vertex 38.9444 -0.599999 14.4444
      vertex 42.2798 -0.599999 14.7069
      vertex 38.7202 -0.599999 14.7069
    endloop
  endfacet
  facet normal 0 -1 0
    outer loop
      vertex 38.9444 -0.599999 14.4444
      vertex 42.0556 -0.599999 14.4444
      vertex 42.2798 -0.599999 14.7069
    endloop
  endfacet
  facet normal 0 -1 0
    outer loop
      vertex 39.2069 -0.599999 14.2202
      vertex 42.0556 -0.599999 14.4444
      vertex 38.9444 -0.599999 14.4444
    endloop
  endfacet
  facet normal 0 -1 0
    outer loop
      vertex 39.2069 -0.599999 14.2202
      vertex 41.7931 -0.599999 14.2202
      vertex 42.0556 -0.599999 14.4444
    endloop
  endfacet
  facet normal 0 -1 0
    outer loop
      vertex 39.5012 -0.599999 14.0398
      vertex 41.7931 -0.599999 14.2202
      vertex 39.2069 -0.599999 14.2202
    endloop
  endfacet
  facet normal 0 -1 0
    outer loop
      vertex 39.5012 -0.599999 14.0398
      vertex 41.4988 -0.599999 14.0398
      vertex 41.7931 -0.599999 14.2202
    endloop
  endfacet
  facet normal 0 -1 0
    outer loop
      vertex 39.8202 -0.599999 13.9077
      vertex 41.4988 -0.599999 14.0398
      vertex 39.5012 -0.599999 14.0398
    endloop
  endfacet
  facet normal 0 -1 0
    outer loop
      vertex 39.8202 -0.599999 13.9077
      vertex 41.1798 -0.599999 13.9077
      vertex 41.4988 -0.599999 14.0398
    endloop
  endfacet
  facet normal 0 -1 0
    outer loop
      vertex 40.1558 -0.599999 13.8271
      vertex 41.1798 -0.599999 13.9077
      vertex 39.8202 -0.599999 13.9077
    endloop
  endfacet
  facet normal 0 -1 0
    outer loop
      vertex 40.1558 -0.599999 13.8271
      vertex 40.8442 -0.599999 13.8271
      vertex 41.1798 -0.599999 13.9077
    endloop
  endfacet
  facet normal -0 -1 0
    outer loop
      vertex 40.8442 -0.599999 13.8271
      vertex 40.1558 -0.599999 13.8271
      vertex 40.5 -0.599999 13.8
    endloop
  endfacet
  facet normal -0.97235 0 0.233526
    outer loop
      vertex 38.3271 -0.599999 16.3442
      vertex 38.4077 0 16.6798
      vertex 38.3271 0 16.3442
    endloop
  endfacet
  facet normal -0.97235 0 0.233526
    outer loop
      vertex 38.4077 0 16.6798
      vertex 38.3271 -0.599999 16.3442
      vertex 38.4077 -0.599999 16.6798
    endloop
  endfacet
  facet normal -0.382599 0 0.923914
    outer loop
      vertex 39.5012 0 17.9602
      vertex 39.8202 -0.599999 18.0923
      vertex 39.8202 0 18.0923
    endloop
  endfacet
  facet normal -0.382599 0 0.923914
    outer loop
      vertex 39.8202 -0.599999 18.0923
      vertex 39.5012 0 17.9602
      vertex 39.5012 -0.599999 17.9602
    endloop
  endfacet
  facet normal -0.852572 0 -0.52261
    outer loop
      vertex 38.7202 -0.599999 14.7069
      vertex 38.5398 0 15.0012
      vertex 38.7202 0 14.7069
    endloop
  endfacet
  facet normal -0.852572 -0 -0.52261
    outer loop
      vertex 38.5398 0 15.0012
      vertex 38.7202 -0.599999 14.7069
      vertex 38.5398 -0.599999 15.0012
    endloop
  endfacet
  facet normal -0.923914 0 -0.382599
    outer loop
      vertex 38.5398 -0.599999 15.0012
      vertex 38.4077 0 15.3202
      vertex 38.5398 0 15.0012
    endloop
  endfacet
  facet normal -0.923914 -0 -0.382599
    outer loop
      vertex 38.4077 0 15.3202
      vertex 38.5398 -0.599999 15.0012
      vertex 38.4077 -0.599999 15.3202
    endloop
  endfacet
  facet normal 0.649454 0 -0.760401
    outer loop
      vertex 41.7931 -0.599999 14.2202
      vertex 42.0556 0 14.4444
      vertex 42.0556 -0.599999 14.4444
    endloop
  endfacet
  facet normal 0.649454 0 -0.760401
    outer loop
      vertex 42.0556 0 14.4444
      vertex 41.7931 -0.599999 14.2202
      vertex 41.7931 0 14.2202
    endloop
  endfacet
  facet normal 0.760401 0 -0.649454
    outer loop
      vertex 42.2798 -0.599999 14.7069
      vertex 42.0556 0 14.4444
      vertex 42.2798 0 14.7069
    endloop
  endfacet
  facet normal 0.760401 0 -0.649454
    outer loop
      vertex 42.0556 0 14.4444
      vertex 42.2798 -0.599999 14.7069
      vertex 42.0556 -0.599999 14.4444
    endloop
  endfacet
  facet normal 0.382599 0 -0.923914
    outer loop
      vertex 41.1798 -0.599999 13.9077
      vertex 41.4988 0 14.0398
      vertex 41.4988 -0.599999 14.0398
    endloop
  endfacet
  facet normal 0.382599 0 -0.923914
    outer loop
      vertex 41.4988 0 14.0398
      vertex 41.1798 -0.599999 13.9077
      vertex 41.1798 0 13.9077
    endloop
  endfacet
  facet normal 0.97235 0 -0.233526
    outer loop
      vertex 42.6729 -0.599999 15.6558
      vertex 42.5923 0 15.3202
      vertex 42.6729 0 15.6558
    endloop
  endfacet
  facet normal 0.97235 0 -0.233526
    outer loop
      vertex 42.5923 0 15.3202
      vertex 42.6729 -0.599999 15.6558
      vertex 42.5923 -0.599999 15.3202
    endloop
  endfacet
  facet normal 0.996915 0 -0.0784904
    outer loop
      vertex 42.7 -0.599999 16
      vertex 42.6729 0 15.6558
      vertex 42.7 0 16
    endloop
  endfacet
  facet normal 0.996915 0 -0.0784904
    outer loop
      vertex 42.6729 0 15.6558
      vertex 42.7 -0.599999 16
      vertex 42.6729 -0.599999 15.6558
    endloop
  endfacet
  facet normal -0.649454 0 -0.760401
    outer loop
      vertex 38.9444 -0.599999 14.4444
      vertex 39.2069 0 14.2202
      vertex 39.2069 -0.599999 14.2202
    endloop
  endfacet
  facet normal -0.649454 0 -0.760401
    outer loop
      vertex 39.2069 0 14.2202
      vertex 38.9444 -0.599999 14.4444
      vertex 38.9444 0 14.4444
    endloop
  endfacet
  facet normal -0.233526 0 -0.97235
    outer loop
      vertex 39.8202 -0.599999 13.9077
      vertex 40.1558 0 13.8271
      vertex 40.1558 -0.599999 13.8271
    endloop
  endfacet
  facet normal -0.233526 0 -0.97235
    outer loop
      vertex 40.1558 0 13.8271
      vertex 39.8202 -0.599999 13.9077
      vertex 39.8202 0 13.9077
    endloop
  endfacet
  facet normal -0.0784904 0 -0.996915
    outer loop
      vertex 40.1558 -0.599999 13.8271
      vertex 40.5 0 13.8
      vertex 40.5 -0.599999 13.8
    endloop
  endfacet
  facet normal -0.0784904 0 -0.996915
    outer loop
      vertex 40.5 0 13.8
      vertex 40.1558 -0.599999 13.8271
      vertex 40.1558 0 13.8271
    endloop
  endfacet
  facet normal -0.52261 0 -0.852572
    outer loop
      vertex 39.2069 -0.599999 14.2202
      vertex 39.5012 0 14.0398
      vertex 39.5012 -0.599999 14.0398
    endloop
  endfacet
  facet normal -0.52261 0 -0.852572
    outer loop
      vertex 39.5012 0 14.0398
      vertex 39.2069 -0.599999 14.2202
      vertex 39.2069 0 14.2202
    endloop
  endfacet
  facet normal -0.382599 0 -0.923914
    outer loop
      vertex 39.5012 -0.599999 14.0398
      vertex 39.8202 0 13.9077
      vertex 39.8202 -0.599999 13.9077
    endloop
  endfacet
  facet normal -0.382599 0 -0.923914
    outer loop
      vertex 39.8202 0 13.9077
      vertex 39.5012 -0.599999 14.0398
      vertex 39.5012 0 14.0398
    endloop
  endfacet
  facet normal 0.99693 -0 0.0782977
    outer loop
      vertex 35.8828 -0.599999 14.219
      vertex 35.9 0 14
      vertex 35.8828 0 14.219
    endloop
  endfacet
  facet normal 0.99693 0 0.0782977
    outer loop
      vertex 35.9 0 14
      vertex 35.8828 -0.599999 14.219
      vertex 35.9 -0.599999 14
    endloop
  endfacet
  facet normal 0.97235 -0 0.233528
    outer loop
      vertex 35.8315 -0.599999 14.4326
      vertex 35.8828 0 14.219
      vertex 35.8315 0 14.4326
    endloop
  endfacet
  facet normal 0.97235 0 0.233528
    outer loop
      vertex 35.8828 0 14.219
      vertex 35.8315 -0.599999 14.4326
      vertex 35.8828 -0.599999 14.219
    endloop
  endfacet
  facet normal -0.0782977 0 0.99693
    outer loop
      vertex 34.281 0 15.3828
      vertex 34.5 -0.599999 15.4
      vertex 34.5 0 15.4
    endloop
  endfacet
  facet normal -0.0782977 0 0.99693
    outer loop
      vertex 34.5 -0.599999 15.4
      vertex 34.281 0 15.3828
      vertex 34.281 -0.599999 15.3828
    endloop
  endfacet
  facet normal 0.649628 0 0.760252
    outer loop
      vertex 35.3229 0 15.1326
      vertex 35.4899 -0.599999 14.9899
      vertex 35.4899 0 14.9899
    endloop
  endfacet
  facet normal 0.649628 0 0.760252
    outer loop
      vertex 35.4899 -0.599999 14.9899
      vertex 35.3229 0 15.1326
      vertex 35.3229 -0.599999 15.1326
    endloop
  endfacet
  facet normal -0.522573 0 0.852595
    outer loop
      vertex 33.6771 0 15.1326
      vertex 33.8644 -0.599999 15.2474
      vertex 33.8644 0 15.2474
    endloop
  endfacet
  facet normal -0.522573 0 0.852595
    outer loop
      vertex 33.8644 -0.599999 15.2474
      vertex 33.6771 0 15.1326
      vertex 33.6771 -0.599999 15.1326
    endloop
  endfacet
  facet normal 0.852595 -0 0.522573
    outer loop
      vertex 35.6326 -0.599999 14.8229
      vertex 35.7474 0 14.6356
      vertex 35.6326 0 14.8229
    endloop
  endfacet
  facet normal 0.852595 0 0.522573
    outer loop
      vertex 35.7474 0 14.6356
      vertex 35.6326 -0.599999 14.8229
      vertex 35.7474 -0.599999 14.6356
    endloop
  endfacet
  facet normal 0.38274 0 0.923856
    outer loop
      vertex 34.9326 0 15.3315
      vertex 35.1356 -0.599999 15.2474
      vertex 35.1356 0 15.2474
    endloop
  endfacet
  facet normal 0.38274 0 0.923856
    outer loop
      vertex 35.1356 -0.599999 15.2474
      vertex 34.9326 0 15.3315
      vertex 34.9326 -0.599999 15.3315
    endloop
  endfacet
  facet normal 0.522573 0 0.852595
    outer loop
      vertex 35.1356 0 15.2474
      vertex 35.3229 -0.599999 15.1326
      vertex 35.3229 0 15.1326
    endloop
  endfacet
  facet normal 0.522573 0 0.852595
    outer loop
      vertex 35.3229 -0.599999 15.1326
      vertex 35.1356 0 15.2474
      vertex 35.1356 -0.599999 15.2474
    endloop
  endfacet
  facet normal -0.923856 0 0.38274
    outer loop
      vertex 33.1685 -0.599999 14.4326
      vertex 33.2526 0 14.6356
      vertex 33.1685 0 14.4326
    endloop
  endfacet
  facet normal -0.923856 0 0.38274
    outer loop
      vertex 33.2526 0 14.6356
      vertex 33.1685 -0.599999 14.4326
      vertex 33.2526 -0.599999 14.6356
    endloop
  endfacet
  facet normal -0.852595 0 0.522573
    outer loop
      vertex 33.2526 -0.599999 14.6356
      vertex 33.3674 0 14.8229
      vertex 33.2526 0 14.6356
    endloop
  endfacet
  facet normal -0.852595 0 0.522573
    outer loop
      vertex 33.3674 0 14.8229
      vertex 33.2526 -0.599999 14.6356
      vertex 33.3674 -0.599999 14.8229
    endloop
  endfacet
  facet normal -0.233528 0 0.97235
    outer loop
      vertex 34.0674 0 15.3315
      vertex 34.281 -0.599999 15.3828
      vertex 34.281 0 15.3828
    endloop
  endfacet
  facet normal -0.233528 0 0.97235
    outer loop
      vertex 34.281 -0.599999 15.3828
      vertex 34.0674 0 15.3315
      vertex 34.0674 -0.599999 15.3315
    endloop
  endfacet
  facet normal 0.760252 -0 0.649628
    outer loop
      vertex 35.4899 -0.599999 14.9899
      vertex 35.6326 0 14.8229
      vertex 35.4899 0 14.9899
    endloop
  endfacet
  facet normal 0.760252 0 0.649628
    outer loop
      vertex 35.6326 0 14.8229
      vertex 35.4899 -0.599999 14.9899
      vertex 35.6326 -0.599999 14.8229
    endloop
  endfacet
  facet normal 0.233528 0 0.97235
    outer loop
      vertex 34.719 0 15.3828
      vertex 34.9326 -0.599999 15.3315
      vertex 34.9326 0 15.3315
    endloop
  endfacet
  facet normal 0.233528 0 0.97235
    outer loop
      vertex 34.9326 -0.599999 15.3315
      vertex 34.719 0 15.3828
      vertex 34.719 -0.599999 15.3828
    endloop
  endfacet
  facet normal 0.0782977 0 0.99693
    outer loop
      vertex 34.5 0 15.4
      vertex 34.719 -0.599999 15.3828
      vertex 34.719 0 15.3828
    endloop
  endfacet
  facet normal 0.0782977 0 0.99693
    outer loop
      vertex 34.719 -0.599999 15.3828
      vertex 34.5 0 15.4
      vertex 34.5 -0.599999 15.4
    endloop
  endfacet
  facet normal -0.97235 0 0.233528
    outer loop
      vertex 33.1172 -0.599999 14.219
      vertex 33.1685 0 14.4326
      vertex 33.1172 0 14.219
    endloop
  endfacet
  facet normal -0.97235 0 0.233528
    outer loop
      vertex 33.1685 0 14.4326
      vertex 33.1172 -0.599999 14.219
      vertex 33.1685 -0.599999 14.4326
    endloop
  endfacet
  facet normal -0.99693 0 0.0782977
    outer loop
      vertex 33.1 -0.599999 14
      vertex 33.1172 0 14.219
      vertex 33.1 0 14
    endloop
  endfacet
  facet normal -0.99693 0 0.0782977
    outer loop
      vertex 33.1172 0 14.219
      vertex 33.1 -0.599999 14
      vertex 33.1172 -0.599999 14.219
    endloop
  endfacet
  facet normal -0.99693 0 -0.0782977
    outer loop
      vertex 33.1172 -0.599999 13.781
      vertex 33.1 0 14
      vertex 33.1172 0 13.781
    endloop
  endfacet
  facet normal -0.99693 -0 -0.0782977
    outer loop
      vertex 33.1 0 14
      vertex 33.1172 -0.599999 13.781
      vertex 33.1 -0.599999 14
    endloop
  endfacet
  facet normal -0.649404 0 0.760444
    outer loop
      vertex 33.51 0 14.9899
      vertex 33.6771 -0.599999 15.1326
      vertex 33.6771 0 15.1326
    endloop
  endfacet
  facet normal -0.649404 0 0.760444
    outer loop
      vertex 33.6771 -0.599999 15.1326
      vertex 33.51 0 14.9899
      vertex 33.51 -0.599999 14.9899
    endloop
  endfacet
  facet normal -0.760477 0 0.649365
    outer loop
      vertex 33.3674 -0.599999 14.8229
      vertex 33.51 0 14.9899
      vertex 33.3674 0 14.8229
    endloop
  endfacet
  facet normal -0.760477 0 0.649365
    outer loop
      vertex 33.51 0 14.9899
      vertex 33.3674 -0.599999 14.8229
      vertex 33.51 -0.599999 14.9899
    endloop
  endfacet
  facet normal 0.649365 0 -0.760477
    outer loop
      vertex 35.3229 -0.599999 12.8674
      vertex 35.4899 0 13.01
      vertex 35.4899 -0.599999 13.01
    endloop
  endfacet
  facet normal 0.649365 0 -0.760477
    outer loop
      vertex 35.4899 0 13.01
      vertex 35.3229 -0.599999 12.8674
      vertex 35.3229 0 12.8674
    endloop
  endfacet
  facet normal -0.64914 0 -0.760669
    outer loop
      vertex 33.51 -0.599999 13.01
      vertex 33.6771 0 12.8674
      vertex 33.6771 -0.599999 12.8674
    endloop
  endfacet
  facet normal -0.64914 0 -0.760669
    outer loop
      vertex 33.6771 0 12.8674
      vertex 33.51 -0.599999 13.01
      vertex 33.51 0 13.01
    endloop
  endfacet
  facet normal -0.97235 0 -0.233528
    outer loop
      vertex 33.1685 -0.599999 13.5674
      vertex 33.1172 0 13.781
      vertex 33.1685 0 13.5674
    endloop
  endfacet
  facet normal -0.97235 -0 -0.233528
    outer loop
      vertex 33.1172 0 13.781
      vertex 33.1685 -0.599999 13.5674
      vertex 33.1172 -0.599999 13.781
    endloop
  endfacet
  facet normal 0.923856 -0 0.38274
    outer loop
      vertex 35.7474 -0.599999 14.6356
      vertex 35.8315 0 14.4326
      vertex 35.7474 0 14.6356
    endloop
  endfacet
  facet normal 0.923856 0 0.38274
    outer loop
      vertex 35.8315 0 14.4326
      vertex 35.7474 -0.599999 14.6356
      vertex 35.8315 -0.599999 14.4326
    endloop
  endfacet
  facet normal 0 -1 0
    outer loop
      vertex 34.4 -0.599999 13
      vertex 34.5 -0.599999 15.4
      vertex 34.281 -0.599999 15.3828
    endloop
  endfacet
  facet normal 0 -1 0
    outer loop
      vertex 34.4 -0.599999 13
      vertex 34.281 -0.599999 15.3828
      vertex 34.0674 -0.599999 15.3315
    endloop
  endfacet
  facet normal 0 -1 -0
    outer loop
      vertex 34.5 -0.599999 15.4
      vertex 34.4 -0.599999 13
      vertex 34.719 -0.599999 15.3828
    endloop
  endfacet
  facet normal 0 -1 0
    outer loop
      vertex 34.4 -0.599999 13
      vertex 34.0674 -0.599999 15.3315
      vertex 33.8644 -0.599999 15.2474
    endloop
  endfacet
  facet normal 0 -1 -0
    outer loop
      vertex 34.719 -0.599999 15.3828
      vertex 34.4 -0.599999 13
      vertex 34.9326 -0.599999 15.3315
    endloop
  endfacet
  facet normal 0 -1 0
    outer loop
      vertex 34.4 -0.599999 13
      vertex 33.8644 -0.599999 15.2474
      vertex 33.6771 -0.599999 15.1326
    endloop
  endfacet
  facet normal 0 -1 0
    outer loop
      vertex 34.5251 -0.599999 12.9902
      vertex 34.9326 -0.599999 15.3315
      vertex 34.4 -0.599999 13
    endloop
  endfacet
  facet normal 0 -1 0
    outer loop
      vertex 34.4 -0.599999 13
      vertex 33.6771 -0.599999 15.1326
      vertex 33.51 -0.599999 14.9899
    endloop
  endfacet
  facet normal 0 -1 -0
    outer loop
      vertex 34.9326 -0.599999 15.3315
      vertex 34.5251 -0.599999 12.9902
      vertex 35.1356 -0.599999 15.2474
    endloop
  endfacet
  facet normal 0 -1 0
    outer loop
      vertex 34.4 -0.599999 13
      vertex 33.51 -0.599999 14.9899
      vertex 33.3674 -0.599999 14.8229
    endloop
  endfacet
  facet normal 0 -1 -0
    outer loop
      vertex 35.1356 -0.599999 15.2474
      vertex 34.5251 -0.599999 12.9902
      vertex 35.3229 -0.599999 15.1326
    endloop
  endfacet
  facet normal 0 -1 0
    outer loop
      vertex 34.4 -0.599999 13
      vertex 33.3674 -0.599999 14.8229
      vertex 33.2526 -0.599999 14.6356
    endloop
  endfacet
  facet normal 0 -1 -0
    outer loop
      vertex 35.3229 -0.599999 15.1326
      vertex 34.5251 -0.599999 12.9902
      vertex 35.4899 -0.599999 14.9899
    endloop
  endfacet
  facet normal 0 -1 0
    outer loop
      vertex 34.4 -0.599999 13
      vertex 33.2526 -0.599999 14.6356
      vertex 33.1685 -0.599999 14.4326
    endloop
  endfacet
  facet normal 0 -1 -0
    outer loop
      vertex 35.4899 -0.599999 14.9899
      vertex 34.5251 -0.599999 12.9902
      vertex 35.6326 -0.599999 14.8229
    endloop
  endfacet
  facet normal 0 -1 0
    outer loop
      vertex 34.2749 -0.599999 12.9902
      vertex 33.1685 -0.599999 14.4326
      vertex 33.1172 -0.599999 14.219
    endloop
  endfacet
  facet normal 0 -1 -0
    outer loop
      vertex 35.6326 -0.599999 14.8229
      vertex 34.5251 -0.599999 12.9902
      vertex 35.7474 -0.599999 14.6356
    endloop
  endfacet
  facet normal 0 -1 0
    outer loop
      vertex 34.2749 -0.599999 12.9902
      vertex 33.1172 -0.599999 14.219
      vertex 33.1 -0.599999 14
    endloop
  endfacet
  facet normal 0 -1 -0
    outer loop
      vertex 35.7474 -0.599999 14.6356
      vertex 34.5251 -0.599999 12.9902
      vertex 35.8315 -0.599999 14.4326
    endloop
  endfacet
  facet normal 0 -1 0
    outer loop
      vertex 34.2749 -0.599999 12.9902
      vertex 33.1 -0.599999 14
      vertex 33.1172 -0.599999 13.781
    endloop
  endfacet
  facet normal 0 -1 -0
    outer loop
      vertex 35.8315 -0.599999 14.4326
      vertex 34.5251 -0.599999 12.9902
      vertex 35.8828 -0.599999 14.219
    endloop
  endfacet
  facet normal 0 -1 0
    outer loop
      vertex 34.2749 -0.599999 12.9902
      vertex 33.1172 -0.599999 13.781
      vertex 33.1685 -0.599999 13.5674
    endloop
  endfacet
  facet normal 0 -1 -0
    outer loop
      vertex 35.8828 -0.599999 14.219
      vertex 34.5251 -0.599999 12.9902
      vertex 35.9 -0.599999 14
    endloop
  endfacet
  facet normal 0 -1 0
    outer loop
      vertex 34.1528 -0.599999 12.9608
      vertex 33.1685 -0.599999 13.5674
      vertex 33.2526 -0.599999 13.3644
    endloop
  endfacet
  facet normal 0 -1 0
    outer loop
      vertex 34.6472 -0.599999 12.9608
      vertex 35.9 -0.599999 14
      vertex 34.5251 -0.599999 12.9902
    endloop
  endfacet
  facet normal 0 -1 0
    outer loop
      vertex 34.1528 -0.599999 12.9608
      vertex 33.2526 -0.599999 13.3644
      vertex 33.3674 -0.599999 13.1771
    endloop
  endfacet
  facet normal 0 -1 0
    outer loop
      vertex 35.9 -0.599999 14
      vertex 34.6472 -0.599999 12.9608
      vertex 35.8828 -0.599999 13.781
    endloop
  endfacet
  facet normal 0 -1 0
    outer loop
      vertex 34.0368 -0.599999 12.9128
      vertex 33.3674 -0.599999 13.1771
      vertex 33.51 -0.599999 13.01
    endloop
  endfacet
  facet normal 0 -1 0
    outer loop
      vertex 35.8828 -0.599999 13.781
      vertex 34.6472 -0.599999 12.9608
      vertex 35.8315 -0.599999 13.5674
    endloop
  endfacet
  facet normal 0 -1 0
    outer loop
      vertex 35.8315 -0.599999 13.5674
      vertex 34.6472 -0.599999 12.9608
      vertex 35.7474 -0.599999 13.3644
    endloop
  endfacet
  facet normal 0 -1 0
    outer loop
      vertex 33.1685 -0.599999 14.4326
      vertex 34.2749 -0.599999 12.9902
      vertex 34.4 -0.599999 13
    endloop
  endfacet
  facet normal 0 -1 0
    outer loop
      vertex 33.1685 -0.599999 13.5674
      vertex 34.1528 -0.599999 12.9608
      vertex 34.2749 -0.599999 12.9902
    endloop
  endfacet
  facet normal 0 -1 0
    outer loop
      vertex 33.3674 -0.599999 13.1771
      vertex 34.0368 -0.599999 12.9128
      vertex 34.1528 -0.599999 12.9608
    endloop
  endfacet
  facet normal 0 -1 0
    outer loop
      vertex 33.6771 -0.599999 12.8674
      vertex 34.0368 -0.599999 12.9128
      vertex 33.51 -0.599999 13.01
    endloop
  endfacet
  facet normal 0 -1 0
    outer loop
      vertex 33.6771 -0.599999 12.8674
      vertex 33.9298 -0.599999 12.8472
      vertex 34.0368 -0.599999 12.9128
    endloop
  endfacet
  facet normal -0 -1 0
    outer loop
      vertex 33.9298 -0.599999 12.8472
      vertex 33.6771 -0.599999 12.8674
      vertex 33.838 -0.599999 12.7688
    endloop
  endfacet
  facet normal 0 -1 0
    outer loop
      vertex 35.7474 -0.599999 13.3644
      vertex 34.6472 -0.599999 12.9608
      vertex 35.6326 -0.599999 13.1771
    endloop
  endfacet
  facet normal 0 -1 0
    outer loop
      vertex 34.7632 -0.599999 12.9128
      vertex 35.6326 -0.599999 13.1771
      vertex 34.6472 -0.599999 12.9608
    endloop
  endfacet
  facet normal 0 -1 0
    outer loop
      vertex 35.6326 -0.599999 13.1771
      vertex 34.7632 -0.599999 12.9128
      vertex 35.4899 -0.599999 13.01
    endloop
  endfacet
  facet normal 0 -1 0
    outer loop
      vertex 34.7632 -0.599999 12.9128
      vertex 35.3229 -0.599999 12.8674
      vertex 35.4899 -0.599999 13.01
    endloop
  endfacet
  facet normal 0 -1 0
    outer loop
      vertex 34.8702 -0.599999 12.8472
      vertex 35.3229 -0.599999 12.8674
      vertex 34.7632 -0.599999 12.9128
    endloop
  endfacet
  facet normal 0 -1 0
    outer loop
      vertex 35.1356 -0.599999 12.7526
      vertex 34.8702 -0.599999 12.8472
      vertex 34.9657 -0.599999 12.7657
    endloop
  endfacet
  facet normal 0 -1 0
    outer loop
      vertex 34.8702 -0.599999 12.8472
      vertex 35.1356 -0.599999 12.7526
      vertex 35.3229 -0.599999 12.8674
    endloop
  endfacet
  facet normal -0 -1 0
    outer loop
      vertex 35.1356 -0.599999 12.7526
      vertex 34.9657 -0.599999 12.7657
      vertex 35.0183 -0.599999 12.704
    endloop
  endfacet
  facet normal -0.38274 0 0.923856
    outer loop
      vertex 33.8644 0 15.2474
      vertex 34.0674 -0.599999 15.3315
      vertex 34.0674 0 15.3315
    endloop
  endfacet
  facet normal -0.38274 0 0.923856
    outer loop
      vertex 34.0674 -0.599999 15.3315
      vertex 33.8644 0 15.2474
      vertex 33.8644 -0.599999 15.2474
    endloop
  endfacet
  facet normal 0.97235 0 -0.233528
    outer loop
      vertex 35.8828 -0.599999 13.781
      vertex 35.8315 0 13.5674
      vertex 35.8828 0 13.781
    endloop
  endfacet
  facet normal 0.97235 0 -0.233528
    outer loop
      vertex 35.8315 0 13.5674
      vertex 35.8828 -0.599999 13.781
      vertex 35.8315 -0.599999 13.5674
    endloop
  endfacet
  facet normal 0.99693 0 -0.0782977
    outer loop
      vertex 35.9 -0.599999 14
      vertex 35.8828 0 13.781
      vertex 35.9 0 14
    endloop
  endfacet
  facet normal 0.99693 0 -0.0782977
    outer loop
      vertex 35.8828 0 13.781
      vertex 35.9 -0.599999 14
      vertex 35.8828 -0.599999 13.781
    endloop
  endfacet
  facet normal 0.852595 0 -0.522573
    outer loop
      vertex 35.7474 -0.599999 13.3644
      vertex 35.6326 0 13.1771
      vertex 35.7474 0 13.3644
    endloop
  endfacet
  facet normal 0.852595 0 -0.522573
    outer loop
      vertex 35.6326 0 13.1771
      vertex 35.7474 -0.599999 13.3644
      vertex 35.6326 -0.599999 13.1771
    endloop
  endfacet
  facet normal 0.923856 0 -0.38274
    outer loop
      vertex 35.8315 -0.599999 13.5674
      vertex 35.7474 0 13.3644
      vertex 35.8315 0 13.5674
    endloop
  endfacet
  facet normal 0.923856 0 -0.38274
    outer loop
      vertex 35.7474 0 13.3644
      vertex 35.8315 -0.599999 13.5674
      vertex 35.7474 -0.599999 13.3644
    endloop
  endfacet
  facet normal -0.760669 0 -0.64914
    outer loop
      vertex 33.51 -0.599999 13.01
      vertex 33.3674 0 13.1771
      vertex 33.51 0 13.01
    endloop
  endfacet
  facet normal -0.760669 -0 -0.64914
    outer loop
      vertex 33.3674 0 13.1771
      vertex 33.51 -0.599999 13.01
      vertex 33.3674 -0.599999 13.1771
    endloop
  endfacet
  facet normal -0.923856 0 -0.38274
    outer loop
      vertex 33.2526 -0.599999 13.3644
      vertex 33.1685 0 13.5674
      vertex 33.2526 0 13.3644
    endloop
  endfacet
  facet normal -0.923856 -0 -0.38274
    outer loop
      vertex 33.1685 0 13.5674
      vertex 33.2526 -0.599999 13.3644
      vertex 33.1685 -0.599999 13.5674
    endloop
  endfacet
  facet normal 0.760444 0 -0.649404
    outer loop
      vertex 35.6326 -0.599999 13.1771
      vertex 35.4899 0 13.01
      vertex 35.6326 0 13.1771
    endloop
  endfacet
  facet normal 0.760444 0 -0.649404
    outer loop
      vertex 35.4899 0 13.01
      vertex 35.6326 -0.599999 13.1771
      vertex 35.4899 -0.599999 13.01
    endloop
  endfacet
  facet normal 0.382769 0 -0.923844
    outer loop
      vertex 35.0183 -0.599999 12.704
      vertex 35.1356 0 12.7526
      vertex 35.1356 -0.599999 12.7526
    endloop
  endfacet
  facet normal 0.382769 0 -0.923844
    outer loop
      vertex 35.1356 0 12.7526
      vertex 35.0183 -0.599999 12.704
      vertex 35.0183 0 12.704
    endloop
  endfacet
  facet normal 0.522573 0 -0.852595
    outer loop
      vertex 35.1356 -0.599999 12.7526
      vertex 35.3229 0 12.8674
      vertex 35.3229 -0.599999 12.8674
    endloop
  endfacet
  facet normal 0.522573 0 -0.852595
    outer loop
      vertex 35.3229 0 12.8674
      vertex 35.1356 -0.599999 12.7526
      vertex 35.1356 0 12.7526
    endloop
  endfacet
  facet normal -0.852595 0 -0.522573
    outer loop
      vertex 33.3674 -0.599999 13.1771
      vertex 33.2526 0 13.3644
      vertex 33.3674 0 13.1771
    endloop
  endfacet
  facet normal -0.852595 -0 -0.522573
    outer loop
      vertex 33.2526 0 13.3644
      vertex 33.3674 -0.599999 13.1771
      vertex 33.2526 -0.599999 13.3644
    endloop
  endfacet
  facet normal -0.5225 0 -0.852639
    outer loop
      vertex 33.6771 -0.599999 12.8674
      vertex 33.838 0 12.7688
      vertex 33.838 -0.599999 12.7688
    endloop
  endfacet
  facet normal -0.5225 0 -0.852639
    outer loop
      vertex 33.838 0 12.7688
      vertex 33.6771 -0.599999 12.8674
      vertex 33.6771 0 12.8674
    endloop
  endfacet
  facet normal -0.923889 0 0.382661
    outer loop
      vertex 4.70736 23 3.56411
      vertex 4.7584 30 3.68734
      vertex 4.70736 30 3.56411
    endloop
  endfacet
  facet normal -0.923889 0 0.382661
    outer loop
      vertex 4.7584 30 3.68734
      vertex 4.70736 23 3.56411
      vertex 4.7584 23 3.68734
    endloop
  endfacet
  facet normal -0.85262 0 0.522532
    outer loop
      vertex 4.63766 23 3.45038
      vertex 4.70736 30 3.56411
      vertex 4.63766 30 3.45038
    endloop
  endfacet
  facet normal -0.85262 0 0.522532
    outer loop
      vertex 4.70736 30 3.56411
      vertex 4.63766 23 3.45038
      vertex 4.70736 23 3.56411
    endloop
  endfacet
  facet normal -0.0784221 0 0.99692
    outer loop
      vertex 3.95 30 3.1
      vertex 4.08297 23 3.11046
      vertex 4.08297 30 3.11046
    endloop
  endfacet
  facet normal -0.0784221 0 0.99692
    outer loop
      vertex 4.08297 23 3.11046
      vertex 3.95 30 3.1
      vertex 3.95 23 3.1
    endloop
  endfacet
  facet normal -0.233475 0 0.972363
    outer loop
      vertex 4.08297 30 3.11046
      vertex 4.21266 23 3.1416
      vertex 4.21266 30 3.1416
    endloop
  endfacet
  facet normal -0.233475 0 0.972363
    outer loop
      vertex 4.21266 23 3.1416
      vertex 4.08297 30 3.11046
      vertex 4.08297 23 3.11046
    endloop
  endfacet
  facet normal 0.522478 0 0.852653
    outer loop
      vertex 3.45038 30 3.26233
      vertex 3.56411 23 3.19264
      vertex 3.56411 30 3.19264
    endloop
  endfacet
  facet normal 0.522478 0 0.852653
    outer loop
      vertex 3.56411 23 3.19264
      vertex 3.45038 30 3.26233
      vertex 3.45038 23 3.26233
    endloop
  endfacet
  facet normal 0.923889 -0 0.382661
    outer loop
      vertex 3.1416 23 3.68734
      vertex 3.19264 30 3.56411
      vertex 3.1416 30 3.68734
    endloop
  endfacet
  facet normal 0.923889 0 0.382661
    outer loop
      vertex 3.19264 30 3.56411
      vertex 3.1416 23 3.68734
      vertex 3.19264 23 3.56411
    endloop
  endfacet
  facet normal -0.996914 0 -0.0784966
    outer loop
      vertex 4.8 23 3.95
      vertex 4.78953 30 4.08297
      vertex 4.8 30 3.95
    endloop
  endfacet
  facet normal -0.996914 -0 -0.0784966
    outer loop
      vertex 4.78953 30 4.08297
      vertex 4.8 23 3.95
      vertex 4.78953 23 4.08297
    endloop
  endfacet
  facet normal -0.233404 0 -0.97238
    outer loop
      vertex 4.08297 23 4.78953
      vertex 4.21266 30 4.7584
      vertex 4.21266 23 4.7584
    endloop
  endfacet
  facet normal -0.233404 0 -0.97238
    outer loop
      vertex 4.21266 30 4.7584
      vertex 4.08297 23 4.78953
      vertex 4.08297 30 4.78953
    endloop
  endfacet
  facet normal -0.649488 0 0.760372
    outer loop
      vertex 4.44962 30 3.26233
      vertex 4.55104 23 3.34896
      vertex 4.55104 30 3.34896
    endloop
  endfacet
  facet normal -0.649488 0 0.760372
    outer loop
      vertex 4.55104 23 3.34896
      vertex 4.44962 30 3.26233
      vertex 4.44962 23 3.26233
    endloop
  endfacet
  facet normal 0.0784221 0 0.99692
    outer loop
      vertex 3.81703 30 3.11046
      vertex 3.95 23 3.1
      vertex 3.95 30 3.1
    endloop
  endfacet
  facet normal 0.0784221 0 0.99692
    outer loop
      vertex 3.95 23 3.1
      vertex 3.81703 30 3.11046
      vertex 3.81703 23 3.11046
    endloop
  endfacet
  facet normal -0.522478 0 0.852653
    outer loop
      vertex 4.33589 30 3.19264
      vertex 4.44962 23 3.26233
      vertex 4.44962 30 3.26233
    endloop
  endfacet
  facet normal -0.522478 0 0.852653
    outer loop
      vertex 4.44962 23 3.26233
      vertex 4.33589 30 3.19264
      vertex 4.33589 23 3.19264
    endloop
  endfacet
  facet normal 0.99692 -0 0.0784221
    outer loop
      vertex 3.1 23 3.95
      vertex 3.11046 30 3.81703
      vertex 3.1 30 3.95
    endloop
  endfacet
  facet normal 0.99692 0 0.0784221
    outer loop
      vertex 3.11046 30 3.81703
      vertex 3.1 23 3.95
      vertex 3.11046 23 3.81703
    endloop
  endfacet
  facet normal 0.852653 -0 0.522478
    outer loop
      vertex 3.19264 23 3.56411
      vertex 3.26233 30 3.45038
      vertex 3.19264 30 3.56411
    endloop
  endfacet
  facet normal 0.852653 0 0.522478
    outer loop
      vertex 3.26233 30 3.45038
      vertex 3.19264 23 3.56411
      vertex 3.26233 23 3.45038
    endloop
  endfacet
  facet normal 0.649488 0 0.760372
    outer loop
      vertex 3.34896 30 3.34896
      vertex 3.45038 23 3.26233
      vertex 3.45038 30 3.26233
    endloop
  endfacet
  facet normal 0.649488 0 0.760372
    outer loop
      vertex 3.45038 23 3.26233
      vertex 3.34896 30 3.34896
      vertex 3.34896 23 3.34896
    endloop
  endfacet
  facet normal 0.233475 0 0.972363
    outer loop
      vertex 3.68734 30 3.1416
      vertex 3.81703 23 3.11046
      vertex 3.81703 30 3.11046
    endloop
  endfacet
  facet normal 0.233475 0 0.972363
    outer loop
      vertex 3.81703 23 3.11046
      vertex 3.68734 30 3.1416
      vertex 3.68734 23 3.1416
    endloop
  endfacet
  facet normal 0.760372 -0 0.649488
    outer loop
      vertex 3.26233 23 3.45038
      vertex 3.34896 30 3.34896
      vertex 3.26233 30 3.45038
    endloop
  endfacet
  facet normal 0.760372 0 0.649488
    outer loop
      vertex 3.34896 30 3.34896
      vertex 3.26233 23 3.45038
      vertex 3.34896 23 3.34896
    endloop
  endfacet
  facet normal -0.996914 0 0.0784966
    outer loop
      vertex 4.78953 23 3.81703
      vertex 4.8 30 3.95
      vertex 4.78953 30 3.81703
    endloop
  endfacet
  facet normal -0.996914 0 0.0784966
    outer loop
      vertex 4.8 30 3.95
      vertex 4.78953 23 3.81703
      vertex 4.8 23 3.95
    endloop
  endfacet
  facet normal 0.649444 0 -0.760409
    outer loop
      vertex 3.34896 23 4.55104
      vertex 3.45038 30 4.63766
      vertex 3.45038 23 4.63766
    endloop
  endfacet
  facet normal 0.649444 0 -0.760409
    outer loop
      vertex 3.45038 30 4.63766
      vertex 3.34896 23 4.55104
      vertex 3.34896 30 4.55104
    endloop
  endfacet
  facet normal 0.852653 0 -0.522478
    outer loop
      vertex 3.26233 23 4.44962
      vertex 3.19264 30 4.33589
      vertex 3.26233 30 4.44962
    endloop
  endfacet
  facet normal 0.852653 0 -0.522478
    outer loop
      vertex 3.19264 30 4.33589
      vertex 3.26233 23 4.44962
      vertex 3.19264 23 4.33589
    endloop
  endfacet
  facet normal -0.97238 0 0.233404
    outer loop
      vertex 4.7584 23 3.68734
      vertex 4.78953 30 3.81703
      vertex 4.7584 30 3.68734
    endloop
  endfacet
  facet normal -0.97238 0 0.233404
    outer loop
      vertex 4.78953 30 3.81703
      vertex 4.7584 23 3.68734
      vertex 4.78953 23 3.81703
    endloop
  endfacet
  facet normal -0.760409 0 0.649444
    outer loop
      vertex 4.55104 23 3.34896
      vertex 4.63766 30 3.45038
      vertex 4.55104 30 3.34896
    endloop
  endfacet
  facet normal -0.760409 0 0.649444
    outer loop
      vertex 4.63766 30 3.45038
      vertex 4.55104 23 3.34896
      vertex 4.63766 23 3.45038
    endloop
  endfacet
  facet normal -0.382661 0 0.923889
    outer loop
      vertex 4.21266 30 3.1416
      vertex 4.33589 23 3.19264
      vertex 4.33589 30 3.19264
    endloop
  endfacet
  facet normal -0.382661 0 0.923889
    outer loop
      vertex 4.33589 23 3.19264
      vertex 4.21266 30 3.1416
      vertex 4.21266 23 3.1416
    endloop
  endfacet
  facet normal 0.972363 -0 0.233475
    outer loop
      vertex 3.11046 23 3.81703
      vertex 3.1416 30 3.68734
      vertex 3.11046 30 3.81703
    endloop
  endfacet
  facet normal 0.972363 0 0.233475
    outer loop
      vertex 3.1416 30 3.68734
      vertex 3.11046 23 3.81703
      vertex 3.1416 23 3.68734
    endloop
  endfacet
  facet normal 0.382661 0 0.923889
    outer loop
      vertex 3.56411 30 3.19264
      vertex 3.68734 23 3.1416
      vertex 3.68734 30 3.1416
    endloop
  endfacet
  facet normal 0.382661 0 0.923889
    outer loop
      vertex 3.68734 23 3.1416
      vertex 3.56411 30 3.19264
      vertex 3.56411 23 3.19264
    endloop
  endfacet
  facet normal 0.99692 0 -0.0784221
    outer loop
      vertex 3.11046 23 4.08297
      vertex 3.1 30 3.95
      vertex 3.11046 30 4.08297
    endloop
  endfacet
  facet normal 0.99692 0 -0.0784221
    outer loop
      vertex 3.1 30 3.95
      vertex 3.11046 23 4.08297
      vertex 3.1 23 3.95
    endloop
  endfacet
  facet normal 0.760372 0 -0.649488
    outer loop
      vertex 3.34896 23 4.55104
      vertex 3.26233 30 4.44962
      vertex 3.34896 30 4.55104
    endloop
  endfacet
  facet normal 0.760372 0 -0.649488
    outer loop
      vertex 3.26233 30 4.44962
      vertex 3.34896 23 4.55104
      vertex 3.26233 23 4.44962
    endloop
  endfacet
  facet normal -0.382661 0 -0.923889
    outer loop
      vertex 4.21266 23 4.7584
      vertex 4.33589 30 4.70736
      vertex 4.33589 23 4.70736
    endloop
  endfacet
  facet normal -0.382661 0 -0.923889
    outer loop
      vertex 4.33589 30 4.70736
      vertex 4.21266 23 4.7584
      vertex 4.21266 30 4.7584
    endloop
  endfacet
  facet normal -0.923889 0 -0.382661
    outer loop
      vertex 4.7584 23 4.21266
      vertex 4.70736 30 4.33589
      vertex 4.7584 30 4.21266
    endloop
  endfacet
  facet normal -0.923889 -0 -0.382661
    outer loop
      vertex 4.70736 30 4.33589
      vertex 4.7584 23 4.21266
      vertex 4.70736 23 4.33589
    endloop
  endfacet
  facet normal -0.97238 0 -0.233404
    outer loop
      vertex 4.78953 23 4.08297
      vertex 4.7584 30 4.21266
      vertex 4.78953 30 4.08297
    endloop
  endfacet
  facet normal -0.97238 -0 -0.233404
    outer loop
      vertex 4.7584 30 4.21266
      vertex 4.78953 23 4.08297
      vertex 4.7584 23 4.21266
    endloop
  endfacet
  facet normal -0.760409 0 -0.649444
    outer loop
      vertex 4.63766 23 4.44962
      vertex 4.55104 30 4.55104
      vertex 4.63766 30 4.44962
    endloop
  endfacet
  facet normal -0.760409 -0 -0.649444
    outer loop
      vertex 4.55104 30 4.55104
      vertex 4.63766 23 4.44962
      vertex 4.55104 23 4.55104
    endloop
  endfacet
  facet normal -0.85262 0 -0.522532
    outer loop
      vertex 4.70736 23 4.33589
      vertex 4.63766 30 4.44962
      vertex 4.70736 30 4.33589
    endloop
  endfacet
  facet normal -0.85262 -0 -0.522532
    outer loop
      vertex 4.63766 30 4.44962
      vertex 4.70736 23 4.33589
      vertex 4.63766 23 4.44962
    endloop
  endfacet
  facet normal 0.382661 0 -0.923889
    outer loop
      vertex 3.56411 23 4.70736
      vertex 3.68734 30 4.7584
      vertex 3.68734 23 4.7584
    endloop
  endfacet
  facet normal 0.382661 0 -0.923889
    outer loop
      vertex 3.68734 30 4.7584
      vertex 3.56411 23 4.70736
      vertex 3.56411 30 4.70736
    endloop
  endfacet
  facet normal 0 1 0
    outer loop
      vertex 4.08297 23 4.78953
      vertex 3.81703 23 4.78953
      vertex 3.95 23 4.8
    endloop
  endfacet
  facet normal 0 1 0
    outer loop
      vertex 4.21266 23 4.7584
      vertex 3.81703 23 4.78953
      vertex 4.08297 23 4.78953
    endloop
  endfacet
  facet normal 0 1 0
    outer loop
      vertex 4.21266 23 4.7584
      vertex 3.68734 23 4.7584
      vertex 3.81703 23 4.78953
    endloop
  endfacet
  facet normal 0 1 0
    outer loop
      vertex 4.33589 23 4.70736
      vertex 3.68734 23 4.7584
      vertex 4.21266 23 4.7584
    endloop
  endfacet
  facet normal 0 1 0
    outer loop
      vertex 4.33589 23 4.70736
      vertex 3.56411 23 4.70736
      vertex 3.68734 23 4.7584
    endloop
  endfacet
  facet normal 0 1 0
    outer loop
      vertex 4.44962 23 4.63766
      vertex 3.56411 23 4.70736
      vertex 4.33589 23 4.70736
    endloop
  endfacet
  facet normal 0 1 0
    outer loop
      vertex 4.44962 23 4.63766
      vertex 3.45038 23 4.63766
      vertex 3.56411 23 4.70736
    endloop
  endfacet
  facet normal 0 1 0
    outer loop
      vertex 4.55104 23 4.55104
      vertex 3.45038 23 4.63766
      vertex 4.44962 23 4.63766
    endloop
  endfacet
  facet normal 0 1 0
    outer loop
      vertex 4.55104 23 4.55104
      vertex 3.34896 23 4.55104
      vertex 3.45038 23 4.63766
    endloop
  endfacet
  facet normal 0 1 0
    outer loop
      vertex 4.63766 23 4.44962
      vertex 3.34896 23 4.55104
      vertex 4.55104 23 4.55104
    endloop
  endfacet
  facet normal 0 1 0
    outer loop
      vertex 4.63766 23 4.44962
      vertex 3.26233 23 4.44962
      vertex 3.34896 23 4.55104
    endloop
  endfacet
  facet normal 0 1 0
    outer loop
      vertex 4.70736 23 4.33589
      vertex 3.26233 23 4.44962
      vertex 4.63766 23 4.44962
    endloop
  endfacet
  facet normal 0 1 0
    outer loop
      vertex 4.70736 23 4.33589
      vertex 3.19264 23 4.33589
      vertex 3.26233 23 4.44962
    endloop
  endfacet
  facet normal 0 1 0
    outer loop
      vertex 4.7584 23 4.21266
      vertex 3.19264 23 4.33589
      vertex 4.70736 23 4.33589
    endloop
  endfacet
  facet normal 0 1 0
    outer loop
      vertex 4.7584 23 4.21266
      vertex 3.1416 23 4.21266
      vertex 3.19264 23 4.33589
    endloop
  endfacet
  facet normal 0 1 0
    outer loop
      vertex 4.78953 23 4.08297
      vertex 3.1416 23 4.21266
      vertex 4.7584 23 4.21266
    endloop
  endfacet
  facet normal 0 1 0
    outer loop
      vertex 4.78953 23 4.08297
      vertex 3.11046 23 4.08297
      vertex 3.1416 23 4.21266
    endloop
  endfacet
  facet normal 0 1 0
    outer loop
      vertex 4.8 23 3.95
      vertex 3.11046 23 4.08297
      vertex 4.78953 23 4.08297
    endloop
  endfacet
  facet normal 0 1 0
    outer loop
      vertex 4.8 23 3.95
      vertex 3.1 23 3.95
      vertex 3.11046 23 4.08297
    endloop
  endfacet
  facet normal 0 1 -0
    outer loop
      vertex 4.78953 23 3.81703
      vertex 3.1 23 3.95
      vertex 4.8 23 3.95
    endloop
  endfacet
  facet normal 0 1 0
    outer loop
      vertex 4.78953 23 3.81703
      vertex 3.11046 23 3.81703
      vertex 3.1 23 3.95
    endloop
  endfacet
  facet normal 0 1 -0
    outer loop
      vertex 4.7584 23 3.68734
      vertex 3.11046 23 3.81703
      vertex 4.78953 23 3.81703
    endloop
  endfacet
  facet normal 0 1 0
    outer loop
      vertex 4.7584 23 3.68734
      vertex 3.1416 23 3.68734
      vertex 3.11046 23 3.81703
    endloop
  endfacet
  facet normal 0 1 -0
    outer loop
      vertex 4.70736 23 3.56411
      vertex 3.1416 23 3.68734
      vertex 4.7584 23 3.68734
    endloop
  endfacet
  facet normal 0 1 0
    outer loop
      vertex 4.70736 23 3.56411
      vertex 3.19264 23 3.56411
      vertex 3.1416 23 3.68734
    endloop
  endfacet
  facet normal 0 1 -0
    outer loop
      vertex 4.63766 23 3.45038
      vertex 3.19264 23 3.56411
      vertex 4.70736 23 3.56411
    endloop
  endfacet
  facet normal 0 1 0
    outer loop
      vertex 4.63766 23 3.45038
      vertex 3.26233 23 3.45038
      vertex 3.19264 23 3.56411
    endloop
  endfacet
  facet normal 0 1 -0
    outer loop
      vertex 4.55104 23 3.34896
      vertex 3.26233 23 3.45038
      vertex 4.63766 23 3.45038
    endloop
  endfacet
  facet normal 0 1 0
    outer loop
      vertex 4.55104 23 3.34896
      vertex 3.34896 23 3.34896
      vertex 3.26233 23 3.45038
    endloop
  endfacet
  facet normal 0 1 -0
    outer loop
      vertex 4.44962 23 3.26233
      vertex 3.34896 23 3.34896
      vertex 4.55104 23 3.34896
    endloop
  endfacet
  facet normal 0 1 0
    outer loop
      vertex 4.44962 23 3.26233
      vertex 3.45038 23 3.26233
      vertex 3.34896 23 3.34896
    endloop
  endfacet
  facet normal 0 1 -0
    outer loop
      vertex 4.33589 23 3.19264
      vertex 3.45038 23 3.26233
      vertex 4.44962 23 3.26233
    endloop
  endfacet
  facet normal 0 1 0
    outer loop
      vertex 4.33589 23 3.19264
      vertex 3.56411 23 3.19264
      vertex 3.45038 23 3.26233
    endloop
  endfacet
  facet normal 0 1 -0
    outer loop
      vertex 4.21266 23 3.1416
      vertex 3.56411 23 3.19264
      vertex 4.33589 23 3.19264
    endloop
  endfacet
  facet normal 0 1 0
    outer loop
      vertex 4.21266 23 3.1416
      vertex 3.68734 23 3.1416
      vertex 3.56411 23 3.19264
    endloop
  endfacet
  facet normal 0 1 -0
    outer loop
      vertex 4.08297 23 3.11046
      vertex 3.68734 23 3.1416
      vertex 4.21266 23 3.1416
    endloop
  endfacet
  facet normal 0 1 0
    outer loop
      vertex 4.08297 23 3.11046
      vertex 3.81703 23 3.11046
      vertex 3.68734 23 3.1416
    endloop
  endfacet
  facet normal -0 1 0
    outer loop
      vertex 3.81703 23 3.11046
      vertex 4.08297 23 3.11046
      vertex 3.95 23 3.1
    endloop
  endfacet
  facet normal 0.923889 0 -0.382661
    outer loop
      vertex 3.19264 23 4.33589
      vertex 3.1416 30 4.21266
      vertex 3.19264 30 4.33589
    endloop
  endfacet
  facet normal 0.923889 0 -0.382661
    outer loop
      vertex 3.1416 30 4.21266
      vertex 3.19264 23 4.33589
      vertex 3.1416 23 4.21266
    endloop
  endfacet
  facet normal 0.972363 0 -0.233475
    outer loop
      vertex 3.1416 23 4.21266
      vertex 3.11046 30 4.08297
      vertex 3.1416 30 4.21266
    endloop
  endfacet
  facet normal 0.972363 0 -0.233475
    outer loop
      vertex 3.11046 30 4.08297
      vertex 3.1416 23 4.21266
      vertex 3.11046 23 4.08297
    endloop
  endfacet
  facet normal -0.649444 0 -0.760409
    outer loop
      vertex 4.44962 23 4.63766
      vertex 4.55104 30 4.55104
      vertex 4.55104 23 4.55104
    endloop
  endfacet
  facet normal -0.649444 0 -0.760409
    outer loop
      vertex 4.55104 30 4.55104
      vertex 4.44962 23 4.63766
      vertex 4.44962 30 4.63766
    endloop
  endfacet
  facet normal -0.522532 0 -0.85262
    outer loop
      vertex 4.33589 23 4.70736
      vertex 4.44962 30 4.63766
      vertex 4.44962 23 4.63766
    endloop
  endfacet
  facet normal -0.522532 0 -0.85262
    outer loop
      vertex 4.44962 30 4.63766
      vertex 4.33589 23 4.70736
      vertex 4.33589 30 4.70736
    endloop
  endfacet
  facet normal 0.233404 0 -0.97238
    outer loop
      vertex 3.68734 23 4.7584
      vertex 3.81703 30 4.78953
      vertex 3.81703 23 4.78953
    endloop
  endfacet
  facet normal 0.233404 0 -0.97238
    outer loop
      vertex 3.81703 30 4.78953
      vertex 3.68734 23 4.7584
      vertex 3.68734 30 4.7584
    endloop
  endfacet
  facet normal 0.0784966 0 -0.996914
    outer loop
      vertex 3.81703 23 4.78953
      vertex 3.95 30 4.8
      vertex 3.95 23 4.8
    endloop
  endfacet
  facet normal 0.0784966 0 -0.996914
    outer loop
      vertex 3.95 30 4.8
      vertex 3.81703 23 4.78953
      vertex 3.81703 30 4.78953
    endloop
  endfacet
  facet normal -0.0784966 0 -0.996914
    outer loop
      vertex 3.95 23 4.8
      vertex 4.08297 30 4.78953
      vertex 4.08297 23 4.78953
    endloop
  endfacet
  facet normal -0.0784966 0 -0.996914
    outer loop
      vertex 4.08297 30 4.78953
      vertex 3.95 23 4.8
      vertex 3.95 30 4.8
    endloop
  endfacet
  facet normal 0.522532 0 -0.85262
    outer loop
      vertex 3.45038 23 4.63766
      vertex 3.56411 30 4.70736
      vertex 3.56411 23 4.70736
    endloop
  endfacet
  facet normal 0.522532 0 -0.85262
    outer loop
      vertex 3.56411 30 4.70736
      vertex 3.45038 23 4.63766
      vertex 3.45038 30 4.63766
    endloop
  endfacet
  facet normal -0.760113 0 0.649791
    outer loop
      vertex 46.651 23 3.34896
      vertex 46.7377 30 3.45038
      vertex 46.651 30 3.34896
    endloop
  endfacet
  facet normal -0.760113 0 0.649791
    outer loop
      vertex 46.7377 30 3.45038
      vertex 46.651 23 3.34896
      vertex 46.7377 23 3.45038
    endloop
  endfacet
  facet normal -0.0784045 0 0.996922
    outer loop
      vertex 46.05 30 3.1
      vertex 46.183 23 3.11046
      vertex 46.183 30 3.11046
    endloop
  endfacet
  facet normal -0.0784045 0 0.996922
    outer loop
      vertex 46.183 23 3.11046
      vertex 46.05 30 3.1
      vertex 46.05 23 3.1
    endloop
  endfacet
  facet normal -0.233458 0 0.972367
    outer loop
      vertex 46.183 30 3.11046
      vertex 46.3127 23 3.1416
      vertex 46.3127 30 3.1416
    endloop
  endfacet
  facet normal -0.233458 0 0.972367
    outer loop
      vertex 46.3127 23 3.1416
      vertex 46.183 30 3.11046
      vertex 46.183 23 3.11046
    endloop
  endfacet
  facet normal 0.38274 0 0.923856
    outer loop
      vertex 45.6641 30 3.19264
      vertex 45.7873 23 3.1416
      vertex 45.7873 30 3.1416
    endloop
  endfacet
  facet normal 0.38274 0 0.923856
    outer loop
      vertex 45.7873 23 3.1416
      vertex 45.6641 30 3.19264
      vertex 45.6641 23 3.19264
    endloop
  endfacet
  facet normal 0.85262 -0 0.522532
    outer loop
      vertex 45.2926 23 3.56411
      vertex 45.3623 30 3.45038
      vertex 45.2926 30 3.56411
    endloop
  endfacet
  facet normal 0.85262 0 0.522532
    outer loop
      vertex 45.3623 30 3.45038
      vertex 45.2926 23 3.56411
      vertex 45.3623 23 3.45038
    endloop
  endfacet
  facet normal -0.996897 0 -0.0787201
    outer loop
      vertex 46.9 23 3.95
      vertex 46.8895 30 4.08297
      vertex 46.9 30 3.95
    endloop
  endfacet
  facet normal -0.996897 -0 -0.0787201
    outer loop
      vertex 46.8895 30 4.08297
      vertex 46.9 23 3.95
      vertex 46.8895 23 4.08297
    endloop
  endfacet
  facet normal -0.233387 0 -0.972384
    outer loop
      vertex 46.183 23 4.78953
      vertex 46.3127 30 4.7584
      vertex 46.3127 23 4.7584
    endloop
  endfacet
  facet normal -0.233387 0 -0.972384
    outer loop
      vertex 46.3127 30 4.7584
      vertex 46.183 23 4.78953
      vertex 46.183 30 4.78953
    endloop
  endfacet
  facet normal -0.972431 0 0.233191
    outer loop
      vertex 46.8584 23 3.68734
      vertex 46.8895 30 3.81703
      vertex 46.8584 30 3.68734
    endloop
  endfacet
  facet normal -0.972431 0 0.233191
    outer loop
      vertex 46.8895 30 3.81703
      vertex 46.8584 23 3.68734
      vertex 46.8895 23 3.81703
    endloop
  endfacet
  facet normal -0.649562 0 0.760309
    outer loop
      vertex 46.5496 30 3.26233
      vertex 46.651 23 3.34896
      vertex 46.651 30 3.34896
    endloop
  endfacet
  facet normal -0.649562 0 0.760309
    outer loop
      vertex 46.651 23 3.34896
      vertex 46.5496 30 3.26233
      vertex 46.5496 23 3.26233
    endloop
  endfacet
  facet normal 0.0784045 0 0.996922
    outer loop
      vertex 45.917 30 3.11046
      vertex 46.05 23 3.1
      vertex 46.05 30 3.1
    endloop
  endfacet
  facet normal 0.0784045 0 0.996922
    outer loop
      vertex 46.05 23 3.1
      vertex 45.917 30 3.11046
      vertex 45.917 23 3.11046
    endloop
  endfacet
  facet normal -0.38274 0 0.923856
    outer loop
      vertex 46.3127 30 3.1416
      vertex 46.4359 23 3.19264
      vertex 46.4359 30 3.19264
    endloop
  endfacet
  facet normal -0.38274 0 0.923856
    outer loop
      vertex 46.4359 23 3.19264
      vertex 46.3127 30 3.1416
      vertex 46.3127 23 3.1416
    endloop
  endfacet
  facet normal 0.996897 -0 0.0787201
    outer loop
      vertex 45.2 23 3.95
      vertex 45.2105 30 3.81703
      vertex 45.2 30 3.95
    endloop
  endfacet
  facet normal 0.996897 0 0.0787201
    outer loop
      vertex 45.2105 30 3.81703
      vertex 45.2 23 3.95
      vertex 45.2105 23 3.81703
    endloop
  endfacet
  facet normal 0.760113 -0 0.649791
    outer loop
      vertex 45.3623 23 3.45038
      vertex 45.449 30 3.34896
      vertex 45.3623 30 3.45038
    endloop
  endfacet
  facet normal 0.760113 0 0.649791
    outer loop
      vertex 45.449 30 3.34896
      vertex 45.3623 23 3.45038
      vertex 45.449 23 3.34896
    endloop
  endfacet
  facet normal 0.522578 0 0.852592
    outer loop
      vertex 45.5504 30 3.26233
      vertex 45.6641 23 3.19264
      vertex 45.6641 30 3.19264
    endloop
  endfacet
  facet normal 0.522578 0 0.852592
    outer loop
      vertex 45.6641 23 3.19264
      vertex 45.5504 30 3.26233
      vertex 45.5504 23 3.26233
    endloop
  endfacet
  facet normal 0.233458 0 0.972367
    outer loop
      vertex 45.7873 30 3.1416
      vertex 45.917 23 3.11046
      vertex 45.917 30 3.11046
    endloop
  endfacet
  facet normal 0.233458 0 0.972367
    outer loop
      vertex 45.917 23 3.11046
      vertex 45.7873 30 3.1416
      vertex 45.7873 23 3.1416
    endloop
  endfacet
  facet normal 0.649562 0 0.760309
    outer loop
      vertex 45.449 30 3.34896
      vertex 45.5504 23 3.26233
      vertex 45.5504 30 3.26233
    endloop
  endfacet
  facet normal 0.649562 0 0.760309
    outer loop
      vertex 45.5504 23 3.26233
      vertex 45.449 30 3.34896
      vertex 45.449 23 3.34896
    endloop
  endfacet
  facet normal -0.996897 0 0.0787201
    outer loop
      vertex 46.8895 23 3.81703
      vertex 46.9 30 3.95
      vertex 46.8895 30 3.81703
    endloop
  endfacet
  facet normal -0.996897 0 0.0787201
    outer loop
      vertex 46.9 30 3.95
      vertex 46.8895 23 3.81703
      vertex 46.9 23 3.95
    endloop
  endfacet
  facet normal -0.972431 0 -0.233191
    outer loop
      vertex 46.8895 23 4.08297
      vertex 46.8584 30 4.21266
      vertex 46.8895 30 4.08297
    endloop
  endfacet
  facet normal -0.972431 -0 -0.233191
    outer loop
      vertex 46.8584 30 4.21266
      vertex 46.8895 23 4.08297
      vertex 46.8584 23 4.21266
    endloop
  endfacet
  facet normal 0.649518 0 -0.760346
    outer loop
      vertex 45.449 23 4.55104
      vertex 45.5504 30 4.63766
      vertex 45.5504 23 4.63766
    endloop
  endfacet
  facet normal 0.649518 0 -0.760346
    outer loop
      vertex 45.5504 30 4.63766
      vertex 45.449 23 4.55104
      vertex 45.449 30 4.55104
    endloop
  endfacet
  facet normal 0.85262 0 -0.522532
    outer loop
      vertex 45.3623 23 4.44962
      vertex 45.2926 30 4.33589
      vertex 45.3623 30 4.44962
    endloop
  endfacet
  facet normal 0.85262 0 -0.522532
    outer loop
      vertex 45.2926 30 4.33589
      vertex 45.3623 23 4.44962
      vertex 45.2926 23 4.33589
    endloop
  endfacet
  facet normal -0.522632 0 -0.852558
    outer loop
      vertex 46.4359 23 4.70736
      vertex 46.5496 30 4.63766
      vertex 46.5496 23 4.63766
    endloop
  endfacet
  facet normal -0.522632 0 -0.852558
    outer loop
      vertex 46.5496 30 4.63766
      vertex 46.4359 23 4.70736
      vertex 46.4359 30 4.70736
    endloop
  endfacet
  facet normal -0.522578 0 0.852592
    outer loop
      vertex 46.4359 30 3.19264
      vertex 46.5496 23 3.26233
      vertex 46.5496 30 3.26233
    endloop
  endfacet
  facet normal -0.522578 0 0.852592
    outer loop
      vertex 46.5496 23 3.26233
      vertex 46.4359 30 3.19264
      vertex 46.4359 23 3.19264
    endloop
  endfacet
  facet normal 0.923995 -0 0.382405
    outer loop
      vertex 45.2416 23 3.68734
      vertex 45.2926 30 3.56411
      vertex 45.2416 30 3.68734
    endloop
  endfacet
  facet normal 0.923995 0 0.382405
    outer loop
      vertex 45.2926 30 3.56411
      vertex 45.2416 23 3.68734
      vertex 45.2926 23 3.56411
    endloop
  endfacet
  facet normal 0.972431 -0 0.233191
    outer loop
      vertex 45.2105 23 3.81703
      vertex 45.2416 30 3.68734
      vertex 45.2105 30 3.81703
    endloop
  endfacet
  facet normal 0.972431 0 0.233191
    outer loop
      vertex 45.2416 30 3.68734
      vertex 45.2105 23 3.81703
      vertex 45.2416 23 3.68734
    endloop
  endfacet
  facet normal -0.85262 0 -0.522532
    outer loop
      vertex 46.8074 23 4.33589
      vertex 46.7377 30 4.44962
      vertex 46.8074 30 4.33589
    endloop
  endfacet
  facet normal -0.85262 -0 -0.522532
    outer loop
      vertex 46.7377 30 4.44962
      vertex 46.8074 23 4.33589
      vertex 46.7377 23 4.44962
    endloop
  endfacet
  facet normal 0.996897 0 -0.0787201
    outer loop
      vertex 45.2105 23 4.08297
      vertex 45.2 30 3.95
      vertex 45.2105 30 4.08297
    endloop
  endfacet
  facet normal 0.996897 0 -0.0787201
    outer loop
      vertex 45.2 30 3.95
      vertex 45.2105 23 4.08297
      vertex 45.2 23 3.95
    endloop
  endfacet
  facet normal 0.760113 0 -0.649791
    outer loop
      vertex 45.449 23 4.55104
      vertex 45.3623 30 4.44962
      vertex 45.449 30 4.55104
    endloop
  endfacet
  facet normal 0.760113 0 -0.649791
    outer loop
      vertex 45.3623 30 4.44962
      vertex 45.449 23 4.55104
      vertex 45.3623 23 4.44962
    endloop
  endfacet
  facet normal -0.38274 0 -0.923856
    outer loop
      vertex 46.3127 23 4.7584
      vertex 46.4359 30 4.70736
      vertex 46.4359 23 4.70736
    endloop
  endfacet
  facet normal -0.38274 0 -0.923856
    outer loop
      vertex 46.4359 30 4.70736
      vertex 46.3127 23 4.7584
      vertex 46.3127 30 4.7584
    endloop
  endfacet
  facet normal -0.85262 0 0.522532
    outer loop
      vertex 46.7377 23 3.45038
      vertex 46.8074 30 3.56411
      vertex 46.7377 30 3.45038
    endloop
  endfacet
  facet normal -0.85262 0 0.522532
    outer loop
      vertex 46.8074 30 3.56411
      vertex 46.7377 23 3.45038
      vertex 46.8074 23 3.56411
    endloop
  endfacet
  facet normal -0.923995 0 0.382405
    outer loop
      vertex 46.8074 23 3.56411
      vertex 46.8584 30 3.68734
      vertex 46.8074 30 3.56411
    endloop
  endfacet
  facet normal -0.923995 0 0.382405
    outer loop
      vertex 46.8584 30 3.68734
      vertex 46.8074 23 3.56411
      vertex 46.8584 23 3.68734
    endloop
  endfacet
  facet normal -0.923995 0 -0.382405
    outer loop
      vertex 46.8584 23 4.21266
      vertex 46.8074 30 4.33589
      vertex 46.8584 30 4.21266
    endloop
  endfacet
  facet normal -0.923995 -0 -0.382405
    outer loop
      vertex 46.8074 30 4.33589
      vertex 46.8584 23 4.21266
      vertex 46.8074 23 4.33589
    endloop
  endfacet
  facet normal 0.38274 0 -0.923856
    outer loop
      vertex 45.6641 23 4.70736
      vertex 45.7873 30 4.7584
      vertex 45.7873 23 4.7584
    endloop
  endfacet
  facet normal 0.38274 0 -0.923856
    outer loop
      vertex 45.7873 30 4.7584
      vertex 45.6641 23 4.70736
      vertex 45.6641 30 4.70736
    endloop
  endfacet
  facet normal 0 1 0
    outer loop
      vertex 46.183 23 4.78953
      vertex 45.917 23 4.78953
      vertex 46.05 23 4.8
    endloop
  endfacet
  facet normal 0 1 0
    outer loop
      vertex 46.3127 23 4.7584
      vertex 45.917 23 4.78953
      vertex 46.183 23 4.78953
    endloop
  endfacet
  facet normal 0 1 0
    outer loop
      vertex 46.3127 23 4.7584
      vertex 45.7873 23 4.7584
      vertex 45.917 23 4.78953
    endloop
  endfacet
  facet normal 0 1 0
    outer loop
      vertex 46.4359 23 4.70736
      vertex 45.7873 23 4.7584
      vertex 46.3127 23 4.7584
    endloop
  endfacet
  facet normal 0 1 0
    outer loop
      vertex 46.4359 23 4.70736
      vertex 45.6641 23 4.70736
      vertex 45.7873 23 4.7584
    endloop
  endfacet
  facet normal 0 1 0
    outer loop
      vertex 46.5496 23 4.63766
      vertex 45.6641 23 4.70736
      vertex 46.4359 23 4.70736
    endloop
  endfacet
  facet normal 0 1 0
    outer loop
      vertex 46.5496 23 4.63766
      vertex 45.5504 23 4.63766
      vertex 45.6641 23 4.70736
    endloop
  endfacet
  facet normal 0 1 0
    outer loop
      vertex 46.651 23 4.55104
      vertex 45.5504 23 4.63766
      vertex 46.5496 23 4.63766
    endloop
  endfacet
  facet normal 0 1 0
    outer loop
      vertex 46.651 23 4.55104
      vertex 45.449 23 4.55104
      vertex 45.5504 23 4.63766
    endloop
  endfacet
  facet normal 0 1 0
    outer loop
      vertex 46.7377 23 4.44962
      vertex 45.449 23 4.55104
      vertex 46.651 23 4.55104
    endloop
  endfacet
  facet normal 0 1 0
    outer loop
      vertex 46.7377 23 4.44962
      vertex 45.3623 23 4.44962
      vertex 45.449 23 4.55104
    endloop
  endfacet
  facet normal 0 1 0
    outer loop
      vertex 46.8074 23 4.33589
      vertex 45.3623 23 4.44962
      vertex 46.7377 23 4.44962
    endloop
  endfacet
  facet normal 0 1 0
    outer loop
      vertex 46.8074 23 4.33589
      vertex 45.2926 23 4.33589
      vertex 45.3623 23 4.44962
    endloop
  endfacet
  facet normal 0 1 0
    outer loop
      vertex 46.8584 23 4.21266
      vertex 45.2926 23 4.33589
      vertex 46.8074 23 4.33589
    endloop
  endfacet
  facet normal 0 1 0
    outer loop
      vertex 46.8584 23 4.21266
      vertex 45.2416 23 4.21266
      vertex 45.2926 23 4.33589
    endloop
  endfacet
  facet normal 0 1 0
    outer loop
      vertex 46.8895 23 4.08297
      vertex 45.2416 23 4.21266
      vertex 46.8584 23 4.21266
    endloop
  endfacet
  facet normal 0 1 0
    outer loop
      vertex 46.8895 23 4.08297
      vertex 45.2105 23 4.08297
      vertex 45.2416 23 4.21266
    endloop
  endfacet
  facet normal 0 1 0
    outer loop
      vertex 46.9 23 3.95
      vertex 45.2105 23 4.08297
      vertex 46.8895 23 4.08297
    endloop
  endfacet
  facet normal 0 1 0
    outer loop
      vertex 46.9 23 3.95
      vertex 45.2 23 3.95
      vertex 45.2105 23 4.08297
    endloop
  endfacet
  facet normal 0 1 -0
    outer loop
      vertex 46.8895 23 3.81703
      vertex 45.2 23 3.95
      vertex 46.9 23 3.95
    endloop
  endfacet
  facet normal 0 1 0
    outer loop
      vertex 46.8895 23 3.81703
      vertex 45.2105 23 3.81703
      vertex 45.2 23 3.95
    endloop
  endfacet
  facet normal 0 1 -0
    outer loop
      vertex 46.8584 23 3.68734
      vertex 45.2105 23 3.81703
      vertex 46.8895 23 3.81703
    endloop
  endfacet
  facet normal 0 1 0
    outer loop
      vertex 46.8584 23 3.68734
      vertex 45.2416 23 3.68734
      vertex 45.2105 23 3.81703
    endloop
  endfacet
  facet normal 0 1 -0
    outer loop
      vertex 46.8074 23 3.56411
      vertex 45.2416 23 3.68734
      vertex 46.8584 23 3.68734
    endloop
  endfacet
  facet normal 0 1 0
    outer loop
      vertex 46.8074 23 3.56411
      vertex 45.2926 23 3.56411
      vertex 45.2416 23 3.68734
    endloop
  endfacet
  facet normal 0 1 -0
    outer loop
      vertex 46.7377 23 3.45038
      vertex 45.2926 23 3.56411
      vertex 46.8074 23 3.56411
    endloop
  endfacet
  facet normal 0 1 0
    outer loop
      vertex 46.7377 23 3.45038
      vertex 45.3623 23 3.45038
      vertex 45.2926 23 3.56411
    endloop
  endfacet
  facet normal 0 1 -0
    outer loop
      vertex 46.651 23 3.34896
      vertex 45.3623 23 3.45038
      vertex 46.7377 23 3.45038
    endloop
  endfacet
  facet normal 0 1 0
    outer loop
      vertex 46.651 23 3.34896
      vertex 45.449 23 3.34896
      vertex 45.3623 23 3.45038
    endloop
  endfacet
  facet normal 0 1 -0
    outer loop
      vertex 46.5496 23 3.26233
      vertex 45.449 23 3.34896
      vertex 46.651 23 3.34896
    endloop
  endfacet
  facet normal 0 1 0
    outer loop
      vertex 46.5496 23 3.26233
      vertex 45.5504 23 3.26233
      vertex 45.449 23 3.34896
    endloop
  endfacet
  facet normal 0 1 -0
    outer loop
      vertex 46.4359 23 3.19264
      vertex 45.5504 23 3.26233
      vertex 46.5496 23 3.26233
    endloop
  endfacet
  facet normal 0 1 0
    outer loop
      vertex 46.4359 23 3.19264
      vertex 45.6641 23 3.19264
      vertex 45.5504 23 3.26233
    endloop
  endfacet
  facet normal 0 1 -0
    outer loop
      vertex 46.3127 23 3.1416
      vertex 45.6641 23 3.19264
      vertex 46.4359 23 3.19264
    endloop
  endfacet
  facet normal 0 1 0
    outer loop
      vertex 46.3127 23 3.1416
      vertex 45.7873 23 3.1416
      vertex 45.6641 23 3.19264
    endloop
  endfacet
  facet normal 0 1 -0
    outer loop
      vertex 46.183 23 3.11046
      vertex 45.7873 23 3.1416
      vertex 46.3127 23 3.1416
    endloop
  endfacet
  facet normal 0 1 0
    outer loop
      vertex 46.183 23 3.11046
      vertex 45.917 23 3.11046
      vertex 45.7873 23 3.1416
    endloop
  endfacet
  facet normal -0 1 0
    outer loop
      vertex 45.917 23 3.11046
      vertex 46.183 23 3.11046
      vertex 46.05 23 3.1
    endloop
  endfacet
  facet normal 0.923995 0 -0.382405
    outer loop
      vertex 45.2926 23 4.33589
      vertex 45.2416 30 4.21266
      vertex 45.2926 30 4.33589
    endloop
  endfacet
  facet normal 0.923995 0 -0.382405
    outer loop
      vertex 45.2416 30 4.21266
      vertex 45.2926 23 4.33589
      vertex 45.2416 23 4.21266
    endloop
  endfacet
  facet normal 0.972431 0 -0.233191
    outer loop
      vertex 45.2416 23 4.21266
      vertex 45.2105 30 4.08297
      vertex 45.2416 30 4.21266
    endloop
  endfacet
  facet normal 0.972431 0 -0.233191
    outer loop
      vertex 45.2105 30 4.08297
      vertex 45.2416 23 4.21266
      vertex 45.2105 23 4.08297
    endloop
  endfacet
  facet normal -0.760113 0 -0.649791
    outer loop
      vertex 46.7377 23 4.44962
      vertex 46.651 30 4.55104
      vertex 46.7377 30 4.44962
    endloop
  endfacet
  facet normal -0.760113 -0 -0.649791
    outer loop
      vertex 46.651 30 4.55104
      vertex 46.7377 23 4.44962
      vertex 46.651 23 4.55104
    endloop
  endfacet
  facet normal 0.233387 0 -0.972384
    outer loop
      vertex 45.7873 23 4.7584
      vertex 45.917 30 4.78953
      vertex 45.917 23 4.78953
    endloop
  endfacet
  facet normal 0.233387 0 -0.972384
    outer loop
      vertex 45.917 30 4.78953
      vertex 45.7873 23 4.7584
      vertex 45.7873 30 4.7584
    endloop
  endfacet
  facet normal 0.078479 0 -0.996916
    outer loop
      vertex 45.917 23 4.78953
      vertex 46.05 30 4.8
      vertex 46.05 23 4.8
    endloop
  endfacet
  facet normal 0.078479 0 -0.996916
    outer loop
      vertex 46.05 30 4.8
      vertex 45.917 23 4.78953
      vertex 45.917 30 4.78953
    endloop
  endfacet
  facet normal -0.078479 0 -0.996916
    outer loop
      vertex 46.05 23 4.8
      vertex 46.183 30 4.78953
      vertex 46.183 23 4.78953
    endloop
  endfacet
  facet normal -0.078479 0 -0.996916
    outer loop
      vertex 46.183 30 4.78953
      vertex 46.05 23 4.8
      vertex 46.05 30 4.8
    endloop
  endfacet
  facet normal -0.649518 0 -0.760346
    outer loop
      vertex 46.5496 23 4.63766
      vertex 46.651 30 4.55104
      vertex 46.651 23 4.55104
    endloop
  endfacet
  facet normal -0.649518 0 -0.760346
    outer loop
      vertex 46.651 30 4.55104
      vertex 46.5496 23 4.63766
      vertex 46.5496 30 4.63766
    endloop
  endfacet
  facet normal 0.522632 0 -0.852558
    outer loop
      vertex 45.5504 23 4.63766
      vertex 45.6641 30 4.70736
      vertex 45.6641 23 4.70736
    endloop
  endfacet
  facet normal 0.522632 0 -0.852558
    outer loop
      vertex 45.6641 30 4.70736
      vertex 45.5504 23 4.63766
      vertex 45.5504 30 4.63766
    endloop
  endfacet
  facet normal 0 1 0
    outer loop
      vertex 4.08297 23 72.8895
      vertex 3.81703 23 72.8895
      vertex 3.95 23 72.9
    endloop
  endfacet
  facet normal 0 1 0
    outer loop
      vertex 4.21266 23 72.8584
      vertex 3.81703 23 72.8895
      vertex 4.08297 23 72.8895
    endloop
  endfacet
  facet normal 0 1 0
    outer loop
      vertex 4.21266 23 72.8584
      vertex 3.68734 23 72.8584
      vertex 3.81703 23 72.8895
    endloop
  endfacet
  facet normal 0 1 0
    outer loop
      vertex 4.33589 23 72.8074
      vertex 3.68734 23 72.8584
      vertex 4.21266 23 72.8584
    endloop
  endfacet
  facet normal 0 1 0
    outer loop
      vertex 4.33589 23 72.8074
      vertex 3.56411 23 72.8074
      vertex 3.68734 23 72.8584
    endloop
  endfacet
  facet normal 0 1 0
    outer loop
      vertex 4.44962 23 72.7377
      vertex 3.56411 23 72.8074
      vertex 4.33589 23 72.8074
    endloop
  endfacet
  facet normal 0 1 0
    outer loop
      vertex 4.44962 23 72.7377
      vertex 3.45038 23 72.7377
      vertex 3.56411 23 72.8074
    endloop
  endfacet
  facet normal 0 1 0
    outer loop
      vertex 4.55104 23 72.651
      vertex 3.45038 23 72.7377
      vertex 4.44962 23 72.7377
    endloop
  endfacet
  facet normal 0 1 0
    outer loop
      vertex 4.55104 23 72.651
      vertex 3.34896 23 72.651
      vertex 3.45038 23 72.7377
    endloop
  endfacet
  facet normal 0 1 0
    outer loop
      vertex 4.63766 23 72.5496
      vertex 3.34896 23 72.651
      vertex 4.55104 23 72.651
    endloop
  endfacet
  facet normal 0 1 0
    outer loop
      vertex 4.63766 23 72.5496
      vertex 3.26233 23 72.5496
      vertex 3.34896 23 72.651
    endloop
  endfacet
  facet normal 0 1 0
    outer loop
      vertex 4.70736 23 72.4359
      vertex 3.26233 23 72.5496
      vertex 4.63766 23 72.5496
    endloop
  endfacet
  facet normal 0 1 0
    outer loop
      vertex 4.70736 23 72.4359
      vertex 3.19264 23 72.4359
      vertex 3.26233 23 72.5496
    endloop
  endfacet
  facet normal 0 1 0
    outer loop
      vertex 4.7584 23 72.3127
      vertex 3.19264 23 72.4359
      vertex 4.70736 23 72.4359
    endloop
  endfacet
  facet normal 0 1 0
    outer loop
      vertex 4.7584 23 72.3127
      vertex 3.1416 23 72.3127
      vertex 3.19264 23 72.4359
    endloop
  endfacet
  facet normal 0 1 0
    outer loop
      vertex 4.78953 23 72.183
      vertex 3.1416 23 72.3127
      vertex 4.7584 23 72.3127
    endloop
  endfacet
  facet normal 0 1 0
    outer loop
      vertex 4.78953 23 72.183
      vertex 3.11046 23 72.183
      vertex 3.1416 23 72.3127
    endloop
  endfacet
  facet normal 0 1 0
    outer loop
      vertex 4.8 23 72.05
      vertex 3.11046 23 72.183
      vertex 4.78953 23 72.183
    endloop
  endfacet
  facet normal 0 1 0
    outer loop
      vertex 4.8 23 72.05
      vertex 3.1 23 72.05
      vertex 3.11046 23 72.183
    endloop
  endfacet
  facet normal 0 1 -0
    outer loop
      vertex 4.78953 23 71.917
      vertex 3.1 23 72.05
      vertex 4.8 23 72.05
    endloop
  endfacet
  facet normal 0 1 0
    outer loop
      vertex 4.78953 23 71.917
      vertex 3.11046 23 71.917
      vertex 3.1 23 72.05
    endloop
  endfacet
  facet normal 0 1 -0
    outer loop
      vertex 4.7584 23 71.7873
      vertex 3.11046 23 71.917
      vertex 4.78953 23 71.917
    endloop
  endfacet
  facet normal 0 1 0
    outer loop
      vertex 4.7584 23 71.7873
      vertex 3.1416 23 71.7873
      vertex 3.11046 23 71.917
    endloop
  endfacet
  facet normal 0 1 -0
    outer loop
      vertex 4.70736 23 71.6641
      vertex 3.1416 23 71.7873
      vertex 4.7584 23 71.7873
    endloop
  endfacet
  facet normal 0 1 0
    outer loop
      vertex 4.70736 23 71.6641
      vertex 3.19264 23 71.6641
      vertex 3.1416 23 71.7873
    endloop
  endfacet
  facet normal 0 1 -0
    outer loop
      vertex 4.63766 23 71.5504
      vertex 3.19264 23 71.6641
      vertex 4.70736 23 71.6641
    endloop
  endfacet
  facet normal 0 1 0
    outer loop
      vertex 4.63766 23 71.5504
      vertex 3.26233 23 71.5504
      vertex 3.19264 23 71.6641
    endloop
  endfacet
  facet normal 0 1 -0
    outer loop
      vertex 4.55104 23 71.449
      vertex 3.26233 23 71.5504
      vertex 4.63766 23 71.5504
    endloop
  endfacet
  facet normal 0 1 0
    outer loop
      vertex 4.55104 23 71.449
      vertex 3.34896 23 71.449
      vertex 3.26233 23 71.5504
    endloop
  endfacet
  facet normal 0 1 -0
    outer loop
      vertex 4.44962 23 71.3623
      vertex 3.34896 23 71.449
      vertex 4.55104 23 71.449
    endloop
  endfacet
  facet normal 0 1 0
    outer loop
      vertex 4.44962 23 71.3623
      vertex 3.45038 23 71.3623
      vertex 3.34896 23 71.449
    endloop
  endfacet
  facet normal 0 1 -0
    outer loop
      vertex 4.33589 23 71.2926
      vertex 3.45038 23 71.3623
      vertex 4.44962 23 71.3623
    endloop
  endfacet
  facet normal 0 1 0
    outer loop
      vertex 4.33589 23 71.2926
      vertex 3.56411 23 71.2926
      vertex 3.45038 23 71.3623
    endloop
  endfacet
  facet normal 0 1 -0
    outer loop
      vertex 4.21266 23 71.2416
      vertex 3.56411 23 71.2926
      vertex 4.33589 23 71.2926
    endloop
  endfacet
  facet normal 0 1 0
    outer loop
      vertex 4.21266 23 71.2416
      vertex 3.68734 23 71.2416
      vertex 3.56411 23 71.2926
    endloop
  endfacet
  facet normal 0 1 -0
    outer loop
      vertex 4.08297 23 71.2105
      vertex 3.68734 23 71.2416
      vertex 4.21266 23 71.2416
    endloop
  endfacet
  facet normal 0 1 0
    outer loop
      vertex 4.08297 23 71.2105
      vertex 3.81703 23 71.2105
      vertex 3.68734 23 71.2416
    endloop
  endfacet
  facet normal -0 1 0
    outer loop
      vertex 3.81703 23 71.2105
      vertex 4.08297 23 71.2105
      vertex 3.95 23 71.2
    endloop
  endfacet
  facet normal -0.522532 0 0.85262
    outer loop
      vertex 4.33589 30 71.2926
      vertex 4.44962 23 71.3623
      vertex 4.44962 30 71.3623
    endloop
  endfacet
  facet normal -0.522532 0 0.85262
    outer loop
      vertex 4.44962 23 71.3623
      vertex 4.33589 30 71.2926
      vertex 4.33589 23 71.2926
    endloop
  endfacet
  facet normal -0.996916 0 -0.078479
    outer loop
      vertex 4.8 23 72.05
      vertex 4.78953 30 72.183
      vertex 4.8 30 72.05
    endloop
  endfacet
  facet normal -0.996916 -0 -0.078479
    outer loop
      vertex 4.78953 30 72.183
      vertex 4.8 23 72.05
      vertex 4.78953 23 72.183
    endloop
  endfacet
  facet normal 0.0787201 0 -0.996897
    outer loop
      vertex 3.81703 23 72.8895
      vertex 3.95 30 72.9
      vertex 3.95 23 72.9
    endloop
  endfacet
  facet normal 0.0787201 0 -0.996897
    outer loop
      vertex 3.95 30 72.9
      vertex 3.81703 23 72.8895
      vertex 3.81703 30 72.8895
    endloop
  endfacet
  facet normal 0.382405 0 0.923995
    outer loop
      vertex 3.56411 30 71.2926
      vertex 3.68734 23 71.2416
      vertex 3.68734 30 71.2416
    endloop
  endfacet
  facet normal 0.382405 0 0.923995
    outer loop
      vertex 3.68734 23 71.2416
      vertex 3.56411 30 71.2926
      vertex 3.56411 23 71.2926
    endloop
  endfacet
  facet normal 0.972367 -0 0.233458
    outer loop
      vertex 3.11046 23 71.917
      vertex 3.1416 30 71.7873
      vertex 3.11046 30 71.917
    endloop
  endfacet
  facet normal 0.972367 0 0.233458
    outer loop
      vertex 3.1416 30 71.7873
      vertex 3.11046 23 71.917
      vertex 3.1416 23 71.7873
    endloop
  endfacet
  facet normal 0.852592 0 -0.522578
    outer loop
      vertex 3.26233 23 72.5496
      vertex 3.19264 30 72.4359
      vertex 3.26233 30 72.5496
    endloop
  endfacet
  facet normal 0.852592 0 -0.522578
    outer loop
      vertex 3.19264 30 72.4359
      vertex 3.26233 23 72.5496
      vertex 3.19264 23 72.4359
    endloop
  endfacet
  facet normal -0.972384 0 0.233387
    outer loop
      vertex 4.7584 23 71.7873
      vertex 4.78953 30 71.917
      vertex 4.7584 30 71.7873
    endloop
  endfacet
  facet normal -0.972384 0 0.233387
    outer loop
      vertex 4.78953 30 71.917
      vertex 4.7584 23 71.7873
      vertex 4.78953 23 71.917
    endloop
  endfacet
  facet normal -0.923856 0 0.38274
    outer loop
      vertex 4.70736 23 71.6641
      vertex 4.7584 30 71.7873
      vertex 4.70736 30 71.6641
    endloop
  endfacet
  facet normal -0.923856 0 0.38274
    outer loop
      vertex 4.7584 30 71.7873
      vertex 4.70736 23 71.6641
      vertex 4.7584 23 71.7873
    endloop
  endfacet
  facet normal -0.852558 0 0.522632
    outer loop
      vertex 4.63766 23 71.5504
      vertex 4.70736 30 71.6641
      vertex 4.63766 30 71.5504
    endloop
  endfacet
  facet normal -0.852558 0 0.522632
    outer loop
      vertex 4.70736 30 71.6641
      vertex 4.63766 23 71.5504
      vertex 4.70736 23 71.6641
    endloop
  endfacet
  facet normal -0.649791 0 0.760113
    outer loop
      vertex 4.44962 30 71.3623
      vertex 4.55104 23 71.449
      vertex 4.55104 30 71.449
    endloop
  endfacet
  facet normal -0.649791 0 0.760113
    outer loop
      vertex 4.55104 23 71.449
      vertex 4.44962 30 71.3623
      vertex 4.44962 23 71.3623
    endloop
  endfacet
  facet normal -0.233191 0 0.972431
    outer loop
      vertex 4.08297 30 71.2105
      vertex 4.21266 23 71.2416
      vertex 4.21266 30 71.2416
    endloop
  endfacet
  facet normal -0.233191 0 0.972431
    outer loop
      vertex 4.21266 23 71.2416
      vertex 4.08297 30 71.2105
      vertex 4.08297 23 71.2105
    endloop
  endfacet
  facet normal 0.0787201 0 0.996897
    outer loop
      vertex 3.81703 30 71.2105
      vertex 3.95 23 71.2
      vertex 3.95 30 71.2
    endloop
  endfacet
  facet normal 0.0787201 0 0.996897
    outer loop
      vertex 3.95 23 71.2
      vertex 3.81703 30 71.2105
      vertex 3.81703 23 71.2105
    endloop
  endfacet
  facet normal -0.0787201 0 0.996897
    outer loop
      vertex 3.95 30 71.2
      vertex 4.08297 23 71.2105
      vertex 4.08297 30 71.2105
    endloop
  endfacet
  facet normal -0.0787201 0 0.996897
    outer loop
      vertex 4.08297 23 71.2105
      vertex 3.95 30 71.2
      vertex 3.95 23 71.2
    endloop
  endfacet
  facet normal 0.996922 0 -0.0784045
    outer loop
      vertex 3.11046 23 72.183
      vertex 3.1 30 72.05
      vertex 3.11046 30 72.183
    endloop
  endfacet
  facet normal 0.996922 0 -0.0784045
    outer loop
      vertex 3.1 30 72.05
      vertex 3.11046 23 72.183
      vertex 3.1 23 72.05
    endloop
  endfacet
  facet normal 0.852592 -0 0.522578
    outer loop
      vertex 3.19264 23 71.6641
      vertex 3.26233 30 71.5504
      vertex 3.19264 30 71.6641
    endloop
  endfacet
  facet normal 0.852592 0 0.522578
    outer loop
      vertex 3.26233 30 71.5504
      vertex 3.19264 23 71.6641
      vertex 3.26233 23 71.5504
    endloop
  endfacet
  facet normal 0.233191 0 0.972431
    outer loop
      vertex 3.68734 30 71.2416
      vertex 3.81703 23 71.2105
      vertex 3.81703 30 71.2105
    endloop
  endfacet
  facet normal 0.233191 0 0.972431
    outer loop
      vertex 3.81703 23 71.2105
      vertex 3.68734 30 71.2416
      vertex 3.68734 23 71.2416
    endloop
  endfacet
  facet normal 0.760309 -0 0.649562
    outer loop
      vertex 3.26233 23 71.5504
      vertex 3.34896 30 71.449
      vertex 3.26233 30 71.5504
    endloop
  endfacet
  facet normal 0.760309 0 0.649562
    outer loop
      vertex 3.34896 30 71.449
      vertex 3.26233 23 71.5504
      vertex 3.34896 23 71.449
    endloop
  endfacet
  facet normal -0.996916 0 0.078479
    outer loop
      vertex 4.78953 23 71.917
      vertex 4.8 30 72.05
      vertex 4.78953 30 71.917
    endloop
  endfacet
  facet normal -0.996916 0 0.078479
    outer loop
      vertex 4.8 30 72.05
      vertex 4.78953 23 71.917
      vertex 4.8 23 72.05
    endloop
  endfacet
  facet normal -0.972384 0 -0.233387
    outer loop
      vertex 4.78953 23 72.183
      vertex 4.7584 30 72.3127
      vertex 4.78953 30 72.183
    endloop
  endfacet
  facet normal -0.972384 -0 -0.233387
    outer loop
      vertex 4.7584 30 72.3127
      vertex 4.78953 23 72.183
      vertex 4.7584 23 72.3127
    endloop
  endfacet
  facet normal -0.522532 0 -0.85262
    outer loop
      vertex 4.33589 23 72.8074
      vertex 4.44962 30 72.7377
      vertex 4.44962 23 72.7377
    endloop
  endfacet
  facet normal -0.522532 0 -0.85262
    outer loop
      vertex 4.44962 30 72.7377
      vertex 4.33589 23 72.8074
      vertex 4.33589 30 72.8074
    endloop
  endfacet
  facet normal -0.649791 0 -0.760113
    outer loop
      vertex 4.44962 23 72.7377
      vertex 4.55104 30 72.651
      vertex 4.55104 23 72.651
    endloop
  endfacet
  facet normal -0.649791 0 -0.760113
    outer loop
      vertex 4.55104 30 72.651
      vertex 4.44962 23 72.7377
      vertex 4.44962 30 72.7377
    endloop
  endfacet
  facet normal -0.0787201 0 -0.996897
    outer loop
      vertex 3.95 23 72.9
      vertex 4.08297 30 72.8895
      vertex 4.08297 23 72.8895
    endloop
  endfacet
  facet normal -0.0787201 0 -0.996897
    outer loop
      vertex 4.08297 30 72.8895
      vertex 3.95 23 72.9
      vertex 3.95 30 72.9
    endloop
  endfacet
  facet normal 0.522532 0 -0.85262
    outer loop
      vertex 3.45038 23 72.7377
      vertex 3.56411 30 72.8074
      vertex 3.56411 23 72.8074
    endloop
  endfacet
  facet normal 0.522532 0 -0.85262
    outer loop
      vertex 3.56411 30 72.8074
      vertex 3.45038 23 72.7377
      vertex 3.45038 30 72.7377
    endloop
  endfacet
  facet normal 0.760309 0 -0.649562
    outer loop
      vertex 3.34896 23 72.651
      vertex 3.26233 30 72.5496
      vertex 3.34896 30 72.651
    endloop
  endfacet
  facet normal 0.760309 0 -0.649562
    outer loop
      vertex 3.26233 30 72.5496
      vertex 3.34896 23 72.651
      vertex 3.26233 23 72.5496
    endloop
  endfacet
  facet normal 0.972367 0 -0.233458
    outer loop
      vertex 3.1416 23 72.3127
      vertex 3.11046 30 72.183
      vertex 3.1416 30 72.3127
    endloop
  endfacet
  facet normal 0.972367 0 -0.233458
    outer loop
      vertex 3.11046 30 72.183
      vertex 3.1416 23 72.3127
      vertex 3.11046 23 72.183
    endloop
  endfacet
  facet normal -0.760346 0 0.649518
    outer loop
      vertex 4.55104 23 71.449
      vertex 4.63766 30 71.5504
      vertex 4.55104 30 71.449
    endloop
  endfacet
  facet normal -0.760346 0 0.649518
    outer loop
      vertex 4.63766 30 71.5504
      vertex 4.55104 23 71.449
      vertex 4.63766 23 71.5504
    endloop
  endfacet
  facet normal -0.382405 0 0.923995
    outer loop
      vertex 4.21266 30 71.2416
      vertex 4.33589 23 71.2926
      vertex 4.33589 30 71.2926
    endloop
  endfacet
  facet normal -0.382405 0 0.923995
    outer loop
      vertex 4.33589 23 71.2926
      vertex 4.21266 30 71.2416
      vertex 4.21266 23 71.2416
    endloop
  endfacet
  facet normal 0.996922 -0 0.0784045
    outer loop
      vertex 3.1 23 72.05
      vertex 3.11046 30 71.917
      vertex 3.1 30 72.05
    endloop
  endfacet
  facet normal 0.996922 0 0.0784045
    outer loop
      vertex 3.11046 30 71.917
      vertex 3.1 23 72.05
      vertex 3.11046 23 71.917
    endloop
  endfacet
  facet normal 0.923856 -0 0.38274
    outer loop
      vertex 3.1416 23 71.7873
      vertex 3.19264 30 71.6641
      vertex 3.1416 30 71.7873
    endloop
  endfacet
  facet normal 0.923856 0 0.38274
    outer loop
      vertex 3.19264 30 71.6641
      vertex 3.1416 23 71.7873
      vertex 3.19264 23 71.6641
    endloop
  endfacet
  facet normal 0.649791 0 0.760113
    outer loop
      vertex 3.34896 30 71.449
      vertex 3.45038 23 71.3623
      vertex 3.45038 30 71.3623
    endloop
  endfacet
  facet normal 0.649791 0 0.760113
    outer loop
      vertex 3.45038 23 71.3623
      vertex 3.34896 30 71.449
      vertex 3.34896 23 71.449
    endloop
  endfacet
  facet normal 0.522532 0 0.85262
    outer loop
      vertex 3.45038 30 71.3623
      vertex 3.56411 23 71.2926
      vertex 3.56411 30 71.2926
    endloop
  endfacet
  facet normal 0.522532 0 0.85262
    outer loop
      vertex 3.56411 23 71.2926
      vertex 3.45038 30 71.3623
      vertex 3.45038 23 71.3623
    endloop
  endfacet
  facet normal -0.233191 0 -0.972431
    outer loop
      vertex 4.08297 23 72.8895
      vertex 4.21266 30 72.8584
      vertex 4.21266 23 72.8584
    endloop
  endfacet
  facet normal -0.233191 0 -0.972431
    outer loop
      vertex 4.21266 30 72.8584
      vertex 4.08297 23 72.8895
      vertex 4.08297 30 72.8895
    endloop
  endfacet
  facet normal -0.852558 0 -0.522632
    outer loop
      vertex 4.70736 23 72.4359
      vertex 4.63766 30 72.5496
      vertex 4.70736 30 72.4359
    endloop
  endfacet
  facet normal -0.852558 -0 -0.522632
    outer loop
      vertex 4.63766 30 72.5496
      vertex 4.70736 23 72.4359
      vertex 4.63766 23 72.5496
    endloop
  endfacet
  facet normal -0.382405 0 -0.923995
    outer loop
      vertex 4.21266 23 72.8584
      vertex 4.33589 30 72.8074
      vertex 4.33589 23 72.8074
    endloop
  endfacet
  facet normal -0.382405 0 -0.923995
    outer loop
      vertex 4.33589 30 72.8074
      vertex 4.21266 23 72.8584
      vertex 4.21266 30 72.8584
    endloop
  endfacet
  facet normal -0.760346 0 -0.649518
    outer loop
      vertex 4.63766 23 72.5496
      vertex 4.55104 30 72.651
      vertex 4.63766 30 72.5496
    endloop
  endfacet
  facet normal -0.760346 -0 -0.649518
    outer loop
      vertex 4.55104 30 72.651
      vertex 4.63766 23 72.5496
      vertex 4.55104 23 72.651
    endloop
  endfacet
  facet normal 0.233191 0 -0.972431
    outer loop
      vertex 3.68734 23 72.8584
      vertex 3.81703 30 72.8895
      vertex 3.81703 23 72.8895
    endloop
  endfacet
  facet normal 0.233191 0 -0.972431
    outer loop
      vertex 3.81703 30 72.8895
      vertex 3.68734 23 72.8584
      vertex 3.68734 30 72.8584
    endloop
  endfacet
  facet normal 0.923856 0 -0.38274
    outer loop
      vertex 3.19264 23 72.4359
      vertex 3.1416 30 72.3127
      vertex 3.19264 30 72.4359
    endloop
  endfacet
  facet normal 0.923856 0 -0.38274
    outer loop
      vertex 3.1416 30 72.3127
      vertex 3.19264 23 72.4359
      vertex 3.1416 23 72.3127
    endloop
  endfacet
  facet normal 0.649791 0 -0.760113
    outer loop
      vertex 3.34896 23 72.651
      vertex 3.45038 30 72.7377
      vertex 3.45038 23 72.7377
    endloop
  endfacet
  facet normal 0.649791 0 -0.760113
    outer loop
      vertex 3.45038 30 72.7377
      vertex 3.34896 23 72.651
      vertex 3.34896 30 72.651
    endloop
  endfacet
  facet normal -0.923856 0 -0.38274
    outer loop
      vertex 4.7584 23 72.3127
      vertex 4.70736 30 72.4359
      vertex 4.7584 30 72.3127
    endloop
  endfacet
  facet normal -0.923856 -0 -0.38274
    outer loop
      vertex 4.70736 30 72.4359
      vertex 4.7584 23 72.3127
      vertex 4.70736 23 72.4359
    endloop
  endfacet
  facet normal 0.382405 0 -0.923995
    outer loop
      vertex 3.56411 23 72.8074
      vertex 3.68734 30 72.8584
      vertex 3.68734 23 72.8584
    endloop
  endfacet
  facet normal 0.382405 0 -0.923995
    outer loop
      vertex 3.68734 30 72.8584
      vertex 3.56411 23 72.8074
      vertex 3.56411 30 72.8074
    endloop
  endfacet
  facet normal 0 1 0
    outer loop
      vertex 46.183 23 72.8895
      vertex 45.917 23 72.8895
      vertex 46.05 23 72.9
    endloop
  endfacet
  facet normal 0 1 0
    outer loop
      vertex 46.3127 23 72.8584
      vertex 45.917 23 72.8895
      vertex 46.183 23 72.8895
    endloop
  endfacet
  facet normal 0 1 0
    outer loop
      vertex 46.3127 23 72.8584
      vertex 45.7873 23 72.8584
      vertex 45.917 23 72.8895
    endloop
  endfacet
  facet normal 0 1 0
    outer loop
      vertex 46.4359 23 72.8074
      vertex 45.7873 23 72.8584
      vertex 46.3127 23 72.8584
    endloop
  endfacet
  facet normal 0 1 0
    outer loop
      vertex 46.4359 23 72.8074
      vertex 45.6641 23 72.8074
      vertex 45.7873 23 72.8584
    endloop
  endfacet
  facet normal 0 1 0
    outer loop
      vertex 46.5496 23 72.7377
      vertex 45.6641 23 72.8074
      vertex 46.4359 23 72.8074
    endloop
  endfacet
  facet normal 0 1 0
    outer loop
      vertex 46.5496 23 72.7377
      vertex 45.5504 23 72.7377
      vertex 45.6641 23 72.8074
    endloop
  endfacet
  facet normal 0 1 0
    outer loop
      vertex 46.651 23 72.651
      vertex 45.5504 23 72.7377
      vertex 46.5496 23 72.7377
    endloop
  endfacet
  facet normal 0 1 0
    outer loop
      vertex 46.651 23 72.651
      vertex 45.449 23 72.651
      vertex 45.5504 23 72.7377
    endloop
  endfacet
  facet normal 0 1 0
    outer loop
      vertex 46.7377 23 72.5496
      vertex 45.449 23 72.651
      vertex 46.651 23 72.651
    endloop
  endfacet
  facet normal 0 1 0
    outer loop
      vertex 46.7377 23 72.5496
      vertex 45.3623 23 72.5496
      vertex 45.449 23 72.651
    endloop
  endfacet
  facet normal 0 1 0
    outer loop
      vertex 46.8074 23 72.4359
      vertex 45.3623 23 72.5496
      vertex 46.7377 23 72.5496
    endloop
  endfacet
  facet normal 0 1 0
    outer loop
      vertex 46.8074 23 72.4359
      vertex 45.2926 23 72.4359
      vertex 45.3623 23 72.5496
    endloop
  endfacet
  facet normal 0 1 0
    outer loop
      vertex 46.8584 23 72.3127
      vertex 45.2926 23 72.4359
      vertex 46.8074 23 72.4359
    endloop
  endfacet
  facet normal 0 1 0
    outer loop
      vertex 46.8584 23 72.3127
      vertex 45.2416 23 72.3127
      vertex 45.2926 23 72.4359
    endloop
  endfacet
  facet normal 0 1 0
    outer loop
      vertex 46.8895 23 72.183
      vertex 45.2416 23 72.3127
      vertex 46.8584 23 72.3127
    endloop
  endfacet
  facet normal 0 1 0
    outer loop
      vertex 46.8895 23 72.183
      vertex 45.2105 23 72.183
      vertex 45.2416 23 72.3127
    endloop
  endfacet
  facet normal 0 1 0
    outer loop
      vertex 46.9 23 72.05
      vertex 45.2105 23 72.183
      vertex 46.8895 23 72.183
    endloop
  endfacet
  facet normal 0 1 0
    outer loop
      vertex 46.9 23 72.05
      vertex 45.2 23 72.05
      vertex 45.2105 23 72.183
    endloop
  endfacet
  facet normal 0 1 -0
    outer loop
      vertex 46.8895 23 71.917
      vertex 45.2 23 72.05
      vertex 46.9 23 72.05
    endloop
  endfacet
  facet normal 0 1 0
    outer loop
      vertex 46.8895 23 71.917
      vertex 45.2105 23 71.917
      vertex 45.2 23 72.05
    endloop
  endfacet
  facet normal 0 1 -0
    outer loop
      vertex 46.8584 23 71.7873
      vertex 45.2105 23 71.917
      vertex 46.8895 23 71.917
    endloop
  endfacet
  facet normal 0 1 0
    outer loop
      vertex 46.8584 23 71.7873
      vertex 45.2416 23 71.7873
      vertex 45.2105 23 71.917
    endloop
  endfacet
  facet normal 0 1 -0
    outer loop
      vertex 46.8074 23 71.6641
      vertex 45.2416 23 71.7873
      vertex 46.8584 23 71.7873
    endloop
  endfacet
  facet normal 0 1 0
    outer loop
      vertex 46.8074 23 71.6641
      vertex 45.2926 23 71.6641
      vertex 45.2416 23 71.7873
    endloop
  endfacet
  facet normal 0 1 -0
    outer loop
      vertex 46.7377 23 71.5504
      vertex 45.2926 23 71.6641
      vertex 46.8074 23 71.6641
    endloop
  endfacet
  facet normal 0 1 0
    outer loop
      vertex 46.7377 23 71.5504
      vertex 45.3623 23 71.5504
      vertex 45.2926 23 71.6641
    endloop
  endfacet
  facet normal 0 1 -0
    outer loop
      vertex 46.651 23 71.449
      vertex 45.3623 23 71.5504
      vertex 46.7377 23 71.5504
    endloop
  endfacet
  facet normal 0 1 0
    outer loop
      vertex 46.651 23 71.449
      vertex 45.449 23 71.449
      vertex 45.3623 23 71.5504
    endloop
  endfacet
  facet normal 0 1 -0
    outer loop
      vertex 46.5496 23 71.3623
      vertex 45.449 23 71.449
      vertex 46.651 23 71.449
    endloop
  endfacet
  facet normal 0 1 0
    outer loop
      vertex 46.5496 23 71.3623
      vertex 45.5504 23 71.3623
      vertex 45.449 23 71.449
    endloop
  endfacet
  facet normal 0 1 -0
    outer loop
      vertex 46.4359 23 71.2926
      vertex 45.5504 23 71.3623
      vertex 46.5496 23 71.3623
    endloop
  endfacet
  facet normal 0 1 0
    outer loop
      vertex 46.4359 23 71.2926
      vertex 45.6641 23 71.2926
      vertex 45.5504 23 71.3623
    endloop
  endfacet
  facet normal 0 1 -0
    outer loop
      vertex 46.3127 23 71.2416
      vertex 45.6641 23 71.2926
      vertex 46.4359 23 71.2926
    endloop
  endfacet
  facet normal 0 1 0
    outer loop
      vertex 46.3127 23 71.2416
      vertex 45.7873 23 71.2416
      vertex 45.6641 23 71.2926
    endloop
  endfacet
  facet normal 0 1 -0
    outer loop
      vertex 46.183 23 71.2105
      vertex 45.7873 23 71.2416
      vertex 46.3127 23 71.2416
    endloop
  endfacet
  facet normal 0 1 0
    outer loop
      vertex 46.183 23 71.2105
      vertex 45.917 23 71.2105
      vertex 45.7873 23 71.2416
    endloop
  endfacet
  facet normal -0 1 0
    outer loop
      vertex 45.917 23 71.2105
      vertex 46.183 23 71.2105
      vertex 46.05 23 71.2
    endloop
  endfacet
  facet normal -0.522632 0 0.852558
    outer loop
      vertex 46.4359 30 71.2926
      vertex 46.5496 23 71.3623
      vertex 46.5496 30 71.3623
    endloop
  endfacet
  facet normal -0.522632 0 0.852558
    outer loop
      vertex 46.5496 23 71.3623
      vertex 46.4359 30 71.2926
      vertex 46.4359 23 71.2926
    endloop
  endfacet
  facet normal -0.996898 0 -0.0787025
    outer loop
      vertex 46.9 23 72.05
      vertex 46.8895 30 72.183
      vertex 46.9 30 72.05
    endloop
  endfacet
  facet normal -0.996898 -0 -0.0787025
    outer loop
      vertex 46.8895 30 72.183
      vertex 46.9 23 72.05
      vertex 46.8895 23 72.183
    endloop
  endfacet
  facet normal 0.0787025 0 -0.996898
    outer loop
      vertex 45.917 23 72.8895
      vertex 46.05 30 72.9
      vertex 46.05 23 72.9
    endloop
  endfacet
  facet normal 0.0787025 0 -0.996898
    outer loop
      vertex 46.05 30 72.9
      vertex 45.917 23 72.8895
      vertex 45.917 30 72.8895
    endloop
  endfacet
  facet normal 0.382484 0 0.923962
    outer loop
      vertex 45.6641 30 71.2926
      vertex 45.7873 23 71.2416
      vertex 45.7873 30 71.2416
    endloop
  endfacet
  facet normal 0.382484 0 0.923962
    outer loop
      vertex 45.7873 23 71.2416
      vertex 45.6641 30 71.2926
      vertex 45.6641 23 71.2926
    endloop
  endfacet
  facet normal 0.972435 -0 0.233174
    outer loop
      vertex 45.2105 23 71.917
      vertex 45.2416 30 71.7873
      vertex 45.2105 30 71.917
    endloop
  endfacet
  facet normal 0.972435 0 0.233174
    outer loop
      vertex 45.2416 30 71.7873
      vertex 45.2105 23 71.917
      vertex 45.2416 23 71.7873
    endloop
  endfacet
  facet normal -0.852558 0 0.522632
    outer loop
      vertex 46.7377 23 71.5504
      vertex 46.8074 30 71.6641
      vertex 46.7377 30 71.5504
    endloop
  endfacet
  facet normal -0.852558 0 0.522632
    outer loop
      vertex 46.8074 30 71.6641
      vertex 46.7377 23 71.5504
      vertex 46.8074 23 71.6641
    endloop
  endfacet
  facet normal -0.76005 0 0.649865
    outer loop
      vertex 46.651 23 71.449
      vertex 46.7377 30 71.5504
      vertex 46.651 30 71.449
    endloop
  endfacet
  facet normal -0.76005 0 0.649865
    outer loop
      vertex 46.7377 30 71.5504
      vertex 46.651 23 71.449
      vertex 46.7377 23 71.5504
    endloop
  endfacet
  facet normal -0.649865 0 0.76005
    outer loop
      vertex 46.5496 30 71.3623
      vertex 46.651 23 71.449
      vertex 46.651 30 71.449
    endloop
  endfacet
  facet normal -0.649865 0 0.76005
    outer loop
      vertex 46.651 23 71.449
      vertex 46.5496 30 71.3623
      vertex 46.5496 23 71.3623
    endloop
  endfacet
  facet normal -0.233174 0 0.972435
    outer loop
      vertex 46.183 30 71.2105
      vertex 46.3127 23 71.2416
      vertex 46.3127 30 71.2416
    endloop
  endfacet
  facet normal -0.233174 0 0.972435
    outer loop
      vertex 46.3127 23 71.2416
      vertex 46.183 30 71.2105
      vertex 46.183 23 71.2105
    endloop
  endfacet
  facet normal 0.0787025 0 0.996898
    outer loop
      vertex 45.917 30 71.2105
      vertex 46.05 23 71.2
      vertex 46.05 30 71.2
    endloop
  endfacet
  facet normal 0.0787025 0 0.996898
    outer loop
      vertex 46.05 23 71.2
      vertex 45.917 30 71.2105
      vertex 45.917 23 71.2105
    endloop
  endfacet
  facet normal 0.996898 0 -0.0787025
    outer loop
      vertex 45.2105 23 72.183
      vertex 45.2 30 72.05
      vertex 45.2105 30 72.183
    endloop
  endfacet
  facet normal 0.996898 0 -0.0787025
    outer loop
      vertex 45.2 30 72.05
      vertex 45.2105 23 72.183
      vertex 45.2 23 72.05
    endloop
  endfacet
  facet normal 0.852558 -0 0.522632
    outer loop
      vertex 45.2926 23 71.6641
      vertex 45.3623 30 71.5504
      vertex 45.2926 30 71.6641
    endloop
  endfacet
  facet normal 0.852558 0 0.522632
    outer loop
      vertex 45.3623 30 71.5504
      vertex 45.2926 23 71.6641
      vertex 45.3623 23 71.5504
    endloop
  endfacet
  facet normal 0.233174 0 0.972435
    outer loop
      vertex 45.7873 30 71.2416
      vertex 45.917 23 71.2105
      vertex 45.917 30 71.2105
    endloop
  endfacet
  facet normal 0.233174 0 0.972435
    outer loop
      vertex 45.917 23 71.2105
      vertex 45.7873 30 71.2416
      vertex 45.7873 23 71.2416
    endloop
  endfacet
  facet normal 0.76005 -0 0.649865
    outer loop
      vertex 45.3623 23 71.5504
      vertex 45.449 30 71.449
      vertex 45.3623 30 71.5504
    endloop
  endfacet
  facet normal 0.76005 0 0.649865
    outer loop
      vertex 45.449 30 71.449
      vertex 45.3623 23 71.5504
      vertex 45.449 23 71.449
    endloop
  endfacet
  facet normal -0.996898 0 0.0787025
    outer loop
      vertex 46.8895 23 71.917
      vertex 46.9 30 72.05
      vertex 46.8895 30 71.917
    endloop
  endfacet
  facet normal -0.996898 0 0.0787025
    outer loop
      vertex 46.9 30 72.05
      vertex 46.8895 23 71.917
      vertex 46.9 23 72.05
    endloop
  endfacet
  facet normal -0.233174 0 -0.972435
    outer loop
      vertex 46.183 23 72.8895
      vertex 46.3127 30 72.8584
      vertex 46.3127 23 72.8584
    endloop
  endfacet
  facet normal -0.233174 0 -0.972435
    outer loop
      vertex 46.3127 30 72.8584
      vertex 46.183 23 72.8895
      vertex 46.183 30 72.8895
    endloop
  endfacet
  facet normal -0.852558 0 -0.522632
    outer loop
      vertex 46.8074 23 72.4359
      vertex 46.7377 30 72.5496
      vertex 46.8074 30 72.4359
    endloop
  endfacet
  facet normal -0.852558 -0 -0.522632
    outer loop
      vertex 46.7377 30 72.5496
      vertex 46.8074 23 72.4359
      vertex 46.7377 23 72.5496
    endloop
  endfacet
  facet normal -0.972435 0 -0.233174
    outer loop
      vertex 46.8895 23 72.183
      vertex 46.8584 30 72.3127
      vertex 46.8895 30 72.183
    endloop
  endfacet
  facet normal -0.972435 -0 -0.233174
    outer loop
      vertex 46.8584 30 72.3127
      vertex 46.8895 23 72.183
      vertex 46.8584 23 72.3127
    endloop
  endfacet
  facet normal -0.522632 0 -0.852558
    outer loop
      vertex 46.4359 23 72.8074
      vertex 46.5496 30 72.7377
      vertex 46.5496 23 72.7377
    endloop
  endfacet
  facet normal -0.522632 0 -0.852558
    outer loop
      vertex 46.5496 30 72.7377
      vertex 46.4359 23 72.8074
      vertex 46.4359 30 72.8074
    endloop
  endfacet
  facet normal -0.649865 0 -0.76005
    outer loop
      vertex 46.5496 23 72.7377
      vertex 46.651 30 72.651
      vertex 46.651 23 72.651
    endloop
  endfacet
  facet normal -0.649865 0 -0.76005
    outer loop
      vertex 46.651 30 72.651
      vertex 46.5496 23 72.7377
      vertex 46.5496 30 72.7377
    endloop
  endfacet
  facet normal -0.0787025 0 -0.996898
    outer loop
      vertex 46.05 23 72.9
      vertex 46.183 30 72.8895
      vertex 46.183 23 72.8895
    endloop
  endfacet
  facet normal -0.0787025 0 -0.996898
    outer loop
      vertex 46.183 30 72.8895
      vertex 46.05 23 72.9
      vertex 46.05 30 72.9
    endloop
  endfacet
  facet normal 0.522632 0 -0.852558
    outer loop
      vertex 45.5504 23 72.7377
      vertex 45.6641 30 72.8074
      vertex 45.6641 23 72.8074
    endloop
  endfacet
  facet normal 0.522632 0 -0.852558
    outer loop
      vertex 45.6641 30 72.8074
      vertex 45.5504 23 72.7377
      vertex 45.5504 30 72.7377
    endloop
  endfacet
  facet normal 0.972435 0 -0.233174
    outer loop
      vertex 45.2416 23 72.3127
      vertex 45.2105 30 72.183
      vertex 45.2416 30 72.3127
    endloop
  endfacet
  facet normal 0.972435 0 -0.233174
    outer loop
      vertex 45.2105 30 72.183
      vertex 45.2416 23 72.3127
      vertex 45.2105 23 72.183
    endloop
  endfacet
  facet normal 0.649865 0 -0.76005
    outer loop
      vertex 45.449 23 72.651
      vertex 45.5504 30 72.7377
      vertex 45.5504 23 72.7377
    endloop
  endfacet
  facet normal 0.649865 0 -0.76005
    outer loop
      vertex 45.5504 30 72.7377
      vertex 45.449 23 72.651
      vertex 45.449 30 72.651
    endloop
  endfacet
  facet normal -0.972435 0 0.233174
    outer loop
      vertex 46.8584 23 71.7873
      vertex 46.8895 30 71.917
      vertex 46.8584 30 71.7873
    endloop
  endfacet
  facet normal -0.972435 0 0.233174
    outer loop
      vertex 46.8895 30 71.917
      vertex 46.8584 23 71.7873
      vertex 46.8895 23 71.917
    endloop
  endfacet
  facet normal -0.923962 0 0.382484
    outer loop
      vertex 46.8074 23 71.6641
      vertex 46.8584 30 71.7873
      vertex 46.8074 30 71.6641
    endloop
  endfacet
  facet normal -0.923962 0 0.382484
    outer loop
      vertex 46.8584 30 71.7873
      vertex 46.8074 23 71.6641
      vertex 46.8584 23 71.7873
    endloop
  endfacet
  facet normal -0.382484 0 0.923962
    outer loop
      vertex 46.3127 30 71.2416
      vertex 46.4359 23 71.2926
      vertex 46.4359 30 71.2926
    endloop
  endfacet
  facet normal -0.382484 0 0.923962
    outer loop
      vertex 46.4359 23 71.2926
      vertex 46.3127 30 71.2416
      vertex 46.3127 23 71.2416
    endloop
  endfacet
  facet normal -0.0787025 0 0.996898
    outer loop
      vertex 46.05 30 71.2
      vertex 46.183 23 71.2105
      vertex 46.183 30 71.2105
    endloop
  endfacet
  facet normal -0.0787025 0 0.996898
    outer loop
      vertex 46.183 23 71.2105
      vertex 46.05 30 71.2
      vertex 46.05 23 71.2
    endloop
  endfacet
  facet normal 0.996898 -0 0.0787025
    outer loop
      vertex 45.2 23 72.05
      vertex 45.2105 30 71.917
      vertex 45.2 30 72.05
    endloop
  endfacet
  facet normal 0.996898 0 0.0787025
    outer loop
      vertex 45.2105 30 71.917
      vertex 45.2 23 72.05
      vertex 45.2105 23 71.917
    endloop
  endfacet
  facet normal 0.923962 -0 0.382484
    outer loop
      vertex 45.2416 23 71.7873
      vertex 45.2926 30 71.6641
      vertex 45.2416 30 71.7873
    endloop
  endfacet
  facet normal 0.923962 0 0.382484
    outer loop
      vertex 45.2926 30 71.6641
      vertex 45.2416 23 71.7873
      vertex 45.2926 23 71.6641
    endloop
  endfacet
  facet normal 0.649865 0 0.76005
    outer loop
      vertex 45.449 30 71.449
      vertex 45.5504 23 71.3623
      vertex 45.5504 30 71.3623
    endloop
  endfacet
  facet normal 0.649865 0 0.76005
    outer loop
      vertex 45.5504 23 71.3623
      vertex 45.449 30 71.449
      vertex 45.449 23 71.449
    endloop
  endfacet
  facet normal 0.522632 0 0.852558
    outer loop
      vertex 45.5504 30 71.3623
      vertex 45.6641 23 71.2926
      vertex 45.6641 30 71.2926
    endloop
  endfacet
  facet normal 0.522632 0 0.852558
    outer loop
      vertex 45.6641 23 71.2926
      vertex 45.5504 30 71.3623
      vertex 45.5504 23 71.3623
    endloop
  endfacet
  facet normal -0.382484 0 -0.923962
    outer loop
      vertex 46.3127 23 72.8584
      vertex 46.4359 30 72.8074
      vertex 46.4359 23 72.8074
    endloop
  endfacet
  facet normal -0.382484 0 -0.923962
    outer loop
      vertex 46.4359 30 72.8074
      vertex 46.3127 23 72.8584
      vertex 46.3127 30 72.8584
    endloop
  endfacet
  facet normal -0.76005 0 -0.649865
    outer loop
      vertex 46.7377 23 72.5496
      vertex 46.651 30 72.651
      vertex 46.7377 30 72.5496
    endloop
  endfacet
  facet normal -0.76005 -0 -0.649865
    outer loop
      vertex 46.651 30 72.651
      vertex 46.7377 23 72.5496
      vertex 46.651 23 72.651
    endloop
  endfacet
  facet normal 0.382484 0 -0.923962
    outer loop
      vertex 45.6641 23 72.8074
      vertex 45.7873 30 72.8584
      vertex 45.7873 23 72.8584
    endloop
  endfacet
  facet normal 0.382484 0 -0.923962
    outer loop
      vertex 45.7873 30 72.8584
      vertex 45.6641 23 72.8074
      vertex 45.6641 30 72.8074
    endloop
  endfacet
  facet normal 0.923962 0 -0.382484
    outer loop
      vertex 45.2926 23 72.4359
      vertex 45.2416 30 72.3127
      vertex 45.2926 30 72.4359
    endloop
  endfacet
  facet normal 0.923962 0 -0.382484
    outer loop
      vertex 45.2416 30 72.3127
      vertex 45.2926 23 72.4359
      vertex 45.2416 23 72.3127
    endloop
  endfacet
  facet normal 0.852558 0 -0.522632
    outer loop
      vertex 45.3623 23 72.5496
      vertex 45.2926 30 72.4359
      vertex 45.3623 30 72.5496
    endloop
  endfacet
  facet normal 0.852558 0 -0.522632
    outer loop
      vertex 45.2926 30 72.4359
      vertex 45.3623 23 72.5496
      vertex 45.2926 23 72.4359
    endloop
  endfacet
  facet normal -0.923962 0 -0.382484
    outer loop
      vertex 46.8584 23 72.3127
      vertex 46.8074 30 72.4359
      vertex 46.8584 30 72.3127
    endloop
  endfacet
  facet normal -0.923962 -0 -0.382484
    outer loop
      vertex 46.8074 30 72.4359
      vertex 46.8584 23 72.3127
      vertex 46.8074 23 72.4359
    endloop
  endfacet
  facet normal 0.233174 0 -0.972435
    outer loop
      vertex 45.7873 23 72.8584
      vertex 45.917 30 72.8895
      vertex 45.917 23 72.8895
    endloop
  endfacet
  facet normal 0.233174 0 -0.972435
    outer loop
      vertex 45.917 30 72.8895
      vertex 45.7873 23 72.8584
      vertex 45.7873 30 72.8584
    endloop
  endfacet
  facet normal 0.76005 0 -0.649865
    outer loop
      vertex 45.449 23 72.651
      vertex 45.3623 30 72.5496
      vertex 45.449 30 72.651
    endloop
  endfacet
  facet normal 0.76005 0 -0.649865
    outer loop
      vertex 45.3623 30 72.5496
      vertex 45.449 23 72.651
      vertex 45.3623 23 72.5496
    endloop
  endfacet
  facet normal -0.99692 0 0.0784205
    outer loop
      vertex 13.792 2.6 68.8983
      vertex 13.8 4.2 69
      vertex 13.792 4.2 68.8983
    endloop
  endfacet
  facet normal -0.99692 0 0.0784205
    outer loop
      vertex 13.8 4.2 69
      vertex 13.792 2.6 68.8983
      vertex 13.8 2.6 69
    endloop
  endfacet
  facet normal 0.99692 -0 0.0784205
    outer loop
      vertex 12.5 2.6 69
      vertex 12.508 4.2 68.8983
      vertex 12.5 4.2 69
    endloop
  endfacet
  facet normal 0.99692 0 0.0784205
    outer loop
      vertex 12.508 4.2 68.8983
      vertex 12.5 2.6 69
      vertex 12.508 2.6 68.8983
    endloop
  endfacet
  facet normal 0.0784205 0 0.99692
    outer loop
      vertex 13.0483 4.2 68.358
      vertex 13.15 2.6 68.35
      vertex 13.15 4.2 68.35
    endloop
  endfacet
  facet normal 0.0784205 0 0.99692
    outer loop
      vertex 13.15 2.6 68.35
      vertex 13.0483 4.2 68.358
      vertex 13.0483 2.6 68.358
    endloop
  endfacet
  facet normal -0.0784205 0 -0.99692
    outer loop
      vertex 13.15 2.6 69.65
      vertex 13.2517 4.2 69.642
      vertex 13.2517 2.6 69.642
    endloop
  endfacet
  facet normal -0.0784205 0 -0.99692
    outer loop
      vertex 13.2517 4.2 69.642
      vertex 13.15 2.6 69.65
      vertex 13.15 4.2 69.65
    endloop
  endfacet
  facet normal -0.8527 0 -0.522401
    outer loop
      vertex 13.7292 2.6 69.2951
      vertex 13.6759 4.2 69.3821
      vertex 13.7292 4.2 69.2951
    endloop
  endfacet
  facet normal -0.8527 -0 -0.522401
    outer loop
      vertex 13.6759 4.2 69.3821
      vertex 13.7292 2.6 69.2951
      vertex 13.6759 2.6 69.3821
    endloop
  endfacet
  facet normal -0.650064 0 0.759879
    outer loop
      vertex 13.5321 4.2 68.4741
      vertex 13.6096 2.6 68.5404
      vertex 13.6096 4.2 68.5404
    endloop
  endfacet
  facet normal -0.650064 0 0.759879
    outer loop
      vertex 13.6096 2.6 68.5404
      vertex 13.5321 4.2 68.4741
      vertex 13.5321 2.6 68.4741
    endloop
  endfacet
  facet normal 0.759879 -0 0.650064
    outer loop
      vertex 12.6241 2.6 68.6179
      vertex 12.6904 4.2 68.5404
      vertex 12.6241 4.2 68.6179
    endloop
  endfacet
  facet normal 0.759879 0 0.650064
    outer loop
      vertex 12.6904 4.2 68.5404
      vertex 12.6241 2.6 68.6179
      vertex 12.6904 2.6 68.5404
    endloop
  endfacet
  facet normal 0.522401 0 0.8527
    outer loop
      vertex 12.7679 4.2 68.4741
      vertex 12.8549 2.6 68.4208
      vertex 12.8549 4.2 68.4208
    endloop
  endfacet
  facet normal 0.522401 0 0.8527
    outer loop
      vertex 12.8549 2.6 68.4208
      vertex 12.7679 4.2 68.4741
      vertex 12.7679 2.6 68.4741
    endloop
  endfacet
  facet normal -0.923945 0 0.382525
    outer loop
      vertex 13.7292 2.6 68.7049
      vertex 13.7682 4.2 68.7991
      vertex 13.7292 4.2 68.7049
    endloop
  endfacet
  facet normal -0.923945 0 0.382525
    outer loop
      vertex 13.7682 4.2 68.7991
      vertex 13.7292 2.6 68.7049
      vertex 13.7682 2.6 68.7991
    endloop
  endfacet
  facet normal -0.972405 0 0.233299
    outer loop
      vertex 13.7682 2.6 68.7991
      vertex 13.792 4.2 68.8983
      vertex 13.7682 4.2 68.7991
    endloop
  endfacet
  facet normal -0.972405 0 0.233299
    outer loop
      vertex 13.792 4.2 68.8983
      vertex 13.7682 2.6 68.7991
      vertex 13.792 2.6 68.8983
    endloop
  endfacet
  facet normal -0.233299 0 0.972405
    outer loop
      vertex 13.2517 4.2 68.358
      vertex 13.3509 2.6 68.3818
      vertex 13.3509 4.2 68.3818
    endloop
  endfacet
  facet normal -0.233299 0 0.972405
    outer loop
      vertex 13.3509 2.6 68.3818
      vertex 13.2517 4.2 68.358
      vertex 13.2517 2.6 68.358
    endloop
  endfacet
  facet normal -0.0784205 0 0.99692
    outer loop
      vertex 13.15 4.2 68.35
      vertex 13.2517 2.6 68.358
      vertex 13.2517 4.2 68.358
    endloop
  endfacet
  facet normal -0.0784205 0 0.99692
    outer loop
      vertex 13.2517 2.6 68.358
      vertex 13.15 4.2 68.35
      vertex 13.15 2.6 68.35
    endloop
  endfacet
  facet normal -0.522401 0 0.8527
    outer loop
      vertex 13.4451 4.2 68.4208
      vertex 13.5321 2.6 68.4741
      vertex 13.5321 4.2 68.4741
    endloop
  endfacet
  facet normal -0.522401 0 0.8527
    outer loop
      vertex 13.5321 2.6 68.4741
      vertex 13.4451 4.2 68.4208
      vertex 13.4451 2.6 68.4208
    endloop
  endfacet
  facet normal 0.923945 -0 0.382525
    outer loop
      vertex 12.5318 2.6 68.7991
      vertex 12.5708 4.2 68.7049
      vertex 12.5318 4.2 68.7991
    endloop
  endfacet
  facet normal 0.923945 0 0.382525
    outer loop
      vertex 12.5708 4.2 68.7049
      vertex 12.5318 2.6 68.7991
      vertex 12.5708 2.6 68.7049
    endloop
  endfacet
  facet normal 0.8527 -0 0.522401
    outer loop
      vertex 12.5708 2.6 68.7049
      vertex 12.6241 4.2 68.6179
      vertex 12.5708 4.2 68.7049
    endloop
  endfacet
  facet normal 0.8527 0 0.522401
    outer loop
      vertex 12.6241 4.2 68.6179
      vertex 12.5708 2.6 68.7049
      vertex 12.6241 2.6 68.6179
    endloop
  endfacet
  facet normal 0.972405 -0 0.233299
    outer loop
      vertex 12.508 2.6 68.8983
      vertex 12.5318 4.2 68.7991
      vertex 12.508 4.2 68.8983
    endloop
  endfacet
  facet normal 0.972405 0 0.233299
    outer loop
      vertex 12.5318 4.2 68.7991
      vertex 12.508 2.6 68.8983
      vertex 12.5318 2.6 68.7991
    endloop
  endfacet
  facet normal 0.650064 0 0.759879
    outer loop
      vertex 12.6904 4.2 68.5404
      vertex 12.7679 2.6 68.4741
      vertex 12.7679 4.2 68.4741
    endloop
  endfacet
  facet normal 0.650064 0 0.759879
    outer loop
      vertex 12.7679 2.6 68.4741
      vertex 12.6904 4.2 68.5404
      vertex 12.6904 2.6 68.5404
    endloop
  endfacet
  facet normal 0.382525 0 0.923945
    outer loop
      vertex 12.8549 4.2 68.4208
      vertex 12.9491 2.6 68.3818
      vertex 12.9491 4.2 68.3818
    endloop
  endfacet
  facet normal 0.382525 0 0.923945
    outer loop
      vertex 12.9491 2.6 68.3818
      vertex 12.8549 4.2 68.4208
      vertex 12.8549 2.6 68.4208
    endloop
  endfacet
  facet normal 0.923945 0 -0.382525
    outer loop
      vertex 12.5708 2.6 69.2951
      vertex 12.5318 4.2 69.2009
      vertex 12.5708 4.2 69.2951
    endloop
  endfacet
  facet normal 0.923945 0 -0.382525
    outer loop
      vertex 12.5318 4.2 69.2009
      vertex 12.5708 2.6 69.2951
      vertex 12.5318 2.6 69.2009
    endloop
  endfacet
  facet normal -0.233299 0 -0.972405
    outer loop
      vertex 13.2517 2.6 69.642
      vertex 13.3509 4.2 69.6182
      vertex 13.3509 2.6 69.6182
    endloop
  endfacet
  facet normal -0.233299 0 -0.972405
    outer loop
      vertex 13.3509 4.2 69.6182
      vertex 13.2517 2.6 69.642
      vertex 13.2517 4.2 69.642
    endloop
  endfacet
  facet normal -0.759879 0 0.650064
    outer loop
      vertex 13.6096 2.6 68.5404
      vertex 13.6759 4.2 68.6179
      vertex 13.6096 4.2 68.5404
    endloop
  endfacet
  facet normal -0.759879 0 0.650064
    outer loop
      vertex 13.6759 4.2 68.6179
      vertex 13.6096 2.6 68.5404
      vertex 13.6759 2.6 68.6179
    endloop
  endfacet
  facet normal -0.8527 0 0.522401
    outer loop
      vertex 13.6759 2.6 68.6179
      vertex 13.7292 4.2 68.7049
      vertex 13.6759 4.2 68.6179
    endloop
  endfacet
  facet normal -0.8527 0 0.522401
    outer loop
      vertex 13.7292 4.2 68.7049
      vertex 13.6759 2.6 68.6179
      vertex 13.7292 2.6 68.7049
    endloop
  endfacet
  facet normal -0.382525 0 0.923945
    outer loop
      vertex 13.3509 4.2 68.3818
      vertex 13.4451 2.6 68.4208
      vertex 13.4451 4.2 68.4208
    endloop
  endfacet
  facet normal -0.382525 0 0.923945
    outer loop
      vertex 13.4451 2.6 68.4208
      vertex 13.3509 4.2 68.3818
      vertex 13.3509 2.6 68.3818
    endloop
  endfacet
  facet normal 0.233299 0 0.972405
    outer loop
      vertex 12.9491 4.2 68.3818
      vertex 13.0483 2.6 68.358
      vertex 13.0483 4.2 68.358
    endloop
  endfacet
  facet normal 0.233299 0 0.972405
    outer loop
      vertex 13.0483 2.6 68.358
      vertex 12.9491 4.2 68.3818
      vertex 12.9491 2.6 68.3818
    endloop
  endfacet
  facet normal -0.99692 0 -0.0784205
    outer loop
      vertex 13.8 2.6 69
      vertex 13.792 4.2 69.1017
      vertex 13.8 4.2 69
    endloop
  endfacet
  facet normal -0.99692 -0 -0.0784205
    outer loop
      vertex 13.792 4.2 69.1017
      vertex 13.8 2.6 69
      vertex 13.792 2.6 69.1017
    endloop
  endfacet
  facet normal -0.650064 0 -0.759879
    outer loop
      vertex 13.5321 2.6 69.5259
      vertex 13.6096 4.2 69.4596
      vertex 13.6096 2.6 69.4596
    endloop
  endfacet
  facet normal -0.650064 0 -0.759879
    outer loop
      vertex 13.6096 4.2 69.4596
      vertex 13.5321 2.6 69.5259
      vertex 13.5321 4.2 69.5259
    endloop
  endfacet
  facet normal -0.522401 0 -0.8527
    outer loop
      vertex 13.4451 2.6 69.5792
      vertex 13.5321 4.2 69.5259
      vertex 13.5321 2.6 69.5259
    endloop
  endfacet
  facet normal -0.522401 0 -0.8527
    outer loop
      vertex 13.5321 4.2 69.5259
      vertex 13.4451 2.6 69.5792
      vertex 13.4451 4.2 69.5792
    endloop
  endfacet
  facet normal -0.923945 0 -0.382525
    outer loop
      vertex 13.7682 2.6 69.2009
      vertex 13.7292 4.2 69.2951
      vertex 13.7682 4.2 69.2009
    endloop
  endfacet
  facet normal -0.923945 -0 -0.382525
    outer loop
      vertex 13.7292 4.2 69.2951
      vertex 13.7682 2.6 69.2009
      vertex 13.7292 2.6 69.2951
    endloop
  endfacet
  facet normal -0.972405 0 -0.233299
    outer loop
      vertex 13.792 2.6 69.1017
      vertex 13.7682 4.2 69.2009
      vertex 13.792 4.2 69.1017
    endloop
  endfacet
  facet normal -0.972405 -0 -0.233299
    outer loop
      vertex 13.7682 4.2 69.2009
      vertex 13.792 2.6 69.1017
      vertex 13.7682 2.6 69.2009
    endloop
  endfacet
  facet normal 0.650064 0 -0.759879
    outer loop
      vertex 12.6904 2.6 69.4596
      vertex 12.7679 4.2 69.5259
      vertex 12.7679 2.6 69.5259
    endloop
  endfacet
  facet normal 0.650064 0 -0.759879
    outer loop
      vertex 12.7679 4.2 69.5259
      vertex 12.6904 2.6 69.4596
      vertex 12.6904 4.2 69.4596
    endloop
  endfacet
  facet normal 0.8527 0 -0.522401
    outer loop
      vertex 12.6241 2.6 69.3821
      vertex 12.5708 4.2 69.2951
      vertex 12.6241 4.2 69.3821
    endloop
  endfacet
  facet normal 0.8527 0 -0.522401
    outer loop
      vertex 12.5708 4.2 69.2951
      vertex 12.6241 2.6 69.3821
      vertex 12.5708 2.6 69.2951
    endloop
  endfacet
  facet normal 0 1 0
    outer loop
      vertex 13.2517 2.6 69.642
      vertex 13.0483 2.6 69.642
      vertex 13.15 2.6 69.65
    endloop
  endfacet
  facet normal 0 1 0
    outer loop
      vertex 13.3509 2.6 69.6182
      vertex 13.0483 2.6 69.642
      vertex 13.2517 2.6 69.642
    endloop
  endfacet
  facet normal 0 1 0
    outer loop
      vertex 13.3509 2.6 69.6182
      vertex 12.9491 2.6 69.6182
      vertex 13.0483 2.6 69.642
    endloop
  endfacet
  facet normal 0 1 0
    outer loop
      vertex 13.4451 2.6 69.5792
      vertex 12.9491 2.6 69.6182
      vertex 13.3509 2.6 69.6182
    endloop
  endfacet
  facet normal 0 1 0
    outer loop
      vertex 13.4451 2.6 69.5792
      vertex 12.8549 2.6 69.5792
      vertex 12.9491 2.6 69.6182
    endloop
  endfacet
  facet normal 0 1 0
    outer loop
      vertex 13.5321 2.6 69.5259
      vertex 12.8549 2.6 69.5792
      vertex 13.4451 2.6 69.5792
    endloop
  endfacet
  facet normal 0 1 0
    outer loop
      vertex 13.5321 2.6 69.5259
      vertex 12.7679 2.6 69.5259
      vertex 12.8549 2.6 69.5792
    endloop
  endfacet
  facet normal 0 1 0
    outer loop
      vertex 13.6096 2.6 69.4596
      vertex 12.7679 2.6 69.5259
      vertex 13.5321 2.6 69.5259
    endloop
  endfacet
  facet normal 0 1 0
    outer loop
      vertex 13.6096 2.6 69.4596
      vertex 12.6904 2.6 69.4596
      vertex 12.7679 2.6 69.5259
    endloop
  endfacet
  facet normal 0 1 0
    outer loop
      vertex 13.6759 2.6 69.3821
      vertex 12.6904 2.6 69.4596
      vertex 13.6096 2.6 69.4596
    endloop
  endfacet
  facet normal 0 1 0
    outer loop
      vertex 13.6759 2.6 69.3821
      vertex 12.6241 2.6 69.3821
      vertex 12.6904 2.6 69.4596
    endloop
  endfacet
  facet normal 0 1 0
    outer loop
      vertex 13.7292 2.6 69.2951
      vertex 12.6241 2.6 69.3821
      vertex 13.6759 2.6 69.3821
    endloop
  endfacet
  facet normal 0 1 0
    outer loop
      vertex 13.7292 2.6 69.2951
      vertex 12.5708 2.6 69.2951
      vertex 12.6241 2.6 69.3821
    endloop
  endfacet
  facet normal 0 1 0
    outer loop
      vertex 13.7682 2.6 69.2009
      vertex 12.5708 2.6 69.2951
      vertex 13.7292 2.6 69.2951
    endloop
  endfacet
  facet normal 0 1 0
    outer loop
      vertex 13.7682 2.6 69.2009
      vertex 12.5318 2.6 69.2009
      vertex 12.5708 2.6 69.2951
    endloop
  endfacet
  facet normal 0 1 0
    outer loop
      vertex 13.792 2.6 69.1017
      vertex 12.5318 2.6 69.2009
      vertex 13.7682 2.6 69.2009
    endloop
  endfacet
  facet normal 0 1 0
    outer loop
      vertex 13.792 2.6 69.1017
      vertex 12.508 2.6 69.1017
      vertex 12.5318 2.6 69.2009
    endloop
  endfacet
  facet normal 0 1 0
    outer loop
      vertex 13.8 2.6 69
      vertex 12.508 2.6 69.1017
      vertex 13.792 2.6 69.1017
    endloop
  endfacet
  facet normal 0 1 0
    outer loop
      vertex 13.8 2.6 69
      vertex 12.5 2.6 69
      vertex 12.508 2.6 69.1017
    endloop
  endfacet
  facet normal 0 1 -0
    outer loop
      vertex 13.792 2.6 68.8983
      vertex 12.5 2.6 69
      vertex 13.8 2.6 69
    endloop
  endfacet
  facet normal 0 1 0
    outer loop
      vertex 13.792 2.6 68.8983
      vertex 12.508 2.6 68.8983
      vertex 12.5 2.6 69
    endloop
  endfacet
  facet normal 0 1 -0
    outer loop
      vertex 13.7682 2.6 68.7991
      vertex 12.508 2.6 68.8983
      vertex 13.792 2.6 68.8983
    endloop
  endfacet
  facet normal 0 1 0
    outer loop
      vertex 13.7682 2.6 68.7991
      vertex 12.5318 2.6 68.7991
      vertex 12.508 2.6 68.8983
    endloop
  endfacet
  facet normal 0 1 -0
    outer loop
      vertex 13.7292 2.6 68.7049
      vertex 12.5318 2.6 68.7991
      vertex 13.7682 2.6 68.7991
    endloop
  endfacet
  facet normal 0 1 0
    outer loop
      vertex 13.7292 2.6 68.7049
      vertex 12.5708 2.6 68.7049
      vertex 12.5318 2.6 68.7991
    endloop
  endfacet
  facet normal 0 1 -0
    outer loop
      vertex 13.6759 2.6 68.6179
      vertex 12.5708 2.6 68.7049
      vertex 13.7292 2.6 68.7049
    endloop
  endfacet
  facet normal 0 1 0
    outer loop
      vertex 13.6759 2.6 68.6179
      vertex 12.6241 2.6 68.6179
      vertex 12.5708 2.6 68.7049
    endloop
  endfacet
  facet normal 0 1 -0
    outer loop
      vertex 13.6096 2.6 68.5404
      vertex 12.6241 2.6 68.6179
      vertex 13.6759 2.6 68.6179
    endloop
  endfacet
  facet normal 0 1 0
    outer loop
      vertex 13.6096 2.6 68.5404
      vertex 12.6904 2.6 68.5404
      vertex 12.6241 2.6 68.6179
    endloop
  endfacet
  facet normal 0 1 -0
    outer loop
      vertex 13.5321 2.6 68.4741
      vertex 12.6904 2.6 68.5404
      vertex 13.6096 2.6 68.5404
    endloop
  endfacet
  facet normal 0 1 0
    outer loop
      vertex 13.5321 2.6 68.4741
      vertex 12.7679 2.6 68.4741
      vertex 12.6904 2.6 68.5404
    endloop
  endfacet
  facet normal 0 1 -0
    outer loop
      vertex 13.4451 2.6 68.4208
      vertex 12.7679 2.6 68.4741
      vertex 13.5321 2.6 68.4741
    endloop
  endfacet
  facet normal 0 1 0
    outer loop
      vertex 13.4451 2.6 68.4208
      vertex 12.8549 2.6 68.4208
      vertex 12.7679 2.6 68.4741
    endloop
  endfacet
  facet normal 0 1 -0
    outer loop
      vertex 13.3509 2.6 68.3818
      vertex 12.8549 2.6 68.4208
      vertex 13.4451 2.6 68.4208
    endloop
  endfacet
  facet normal 0 1 0
    outer loop
      vertex 13.3509 2.6 68.3818
      vertex 12.9491 2.6 68.3818
      vertex 12.8549 2.6 68.4208
    endloop
  endfacet
  facet normal 0 1 -0
    outer loop
      vertex 13.2517 2.6 68.358
      vertex 12.9491 2.6 68.3818
      vertex 13.3509 2.6 68.3818
    endloop
  endfacet
  facet normal 0 1 0
    outer loop
      vertex 13.2517 2.6 68.358
      vertex 13.0483 2.6 68.358
      vertex 12.9491 2.6 68.3818
    endloop
  endfacet
  facet normal -0 1 0
    outer loop
      vertex 13.0483 2.6 68.358
      vertex 13.2517 2.6 68.358
      vertex 13.15 2.6 68.35
    endloop
  endfacet
  facet normal -0.759879 0 -0.650064
    outer loop
      vertex 13.6759 2.6 69.3821
      vertex 13.6096 4.2 69.4596
      vertex 13.6759 4.2 69.3821
    endloop
  endfacet
  facet normal -0.759879 -0 -0.650064
    outer loop
      vertex 13.6096 4.2 69.4596
      vertex 13.6759 2.6 69.3821
      vertex 13.6096 2.6 69.4596
    endloop
  endfacet
  facet normal -0.382525 0 -0.923945
    outer loop
      vertex 13.3509 2.6 69.6182
      vertex 13.4451 4.2 69.5792
      vertex 13.4451 2.6 69.5792
    endloop
  endfacet
  facet normal -0.382525 0 -0.923945
    outer loop
      vertex 13.4451 4.2 69.5792
      vertex 13.3509 2.6 69.6182
      vertex 13.3509 4.2 69.6182
    endloop
  endfacet
  facet normal 0.522401 0 -0.8527
    outer loop
      vertex 12.7679 2.6 69.5259
      vertex 12.8549 4.2 69.5792
      vertex 12.8549 2.6 69.5792
    endloop
  endfacet
  facet normal 0.522401 0 -0.8527
    outer loop
      vertex 12.8549 4.2 69.5792
      vertex 12.7679 2.6 69.5259
      vertex 12.7679 4.2 69.5259
    endloop
  endfacet
  facet normal 0.0784205 0 -0.99692
    outer loop
      vertex 13.0483 2.6 69.642
      vertex 13.15 4.2 69.65
      vertex 13.15 2.6 69.65
    endloop
  endfacet
  facet normal 0.0784205 0 -0.99692
    outer loop
      vertex 13.15 4.2 69.65
      vertex 13.0483 2.6 69.642
      vertex 13.0483 4.2 69.642
    endloop
  endfacet
  facet normal 0.759879 0 -0.650064
    outer loop
      vertex 12.6904 2.6 69.4596
      vertex 12.6241 4.2 69.3821
      vertex 12.6904 4.2 69.4596
    endloop
  endfacet
  facet normal 0.759879 0 -0.650064
    outer loop
      vertex 12.6241 4.2 69.3821
      vertex 12.6904 2.6 69.4596
      vertex 12.6241 2.6 69.3821
    endloop
  endfacet
  facet normal 0.972405 0 -0.233299
    outer loop
      vertex 12.5318 2.6 69.2009
      vertex 12.508 4.2 69.1017
      vertex 12.5318 4.2 69.2009
    endloop
  endfacet
  facet normal 0.972405 0 -0.233299
    outer loop
      vertex 12.508 4.2 69.1017
      vertex 12.5318 2.6 69.2009
      vertex 12.508 2.6 69.1017
    endloop
  endfacet
  facet normal 0.99692 0 -0.0784205
    outer loop
      vertex 12.508 2.6 69.1017
      vertex 12.5 4.2 69
      vertex 12.508 4.2 69.1017
    endloop
  endfacet
  facet normal 0.99692 0 -0.0784205
    outer loop
      vertex 12.5 4.2 69
      vertex 12.508 2.6 69.1017
      vertex 12.5 2.6 69
    endloop
  endfacet
  facet normal 0.382525 0 -0.923945
    outer loop
      vertex 12.8549 2.6 69.5792
      vertex 12.9491 4.2 69.6182
      vertex 12.9491 2.6 69.6182
    endloop
  endfacet
  facet normal 0.382525 0 -0.923945
    outer loop
      vertex 12.9491 4.2 69.6182
      vertex 12.8549 2.6 69.5792
      vertex 12.8549 4.2 69.5792
    endloop
  endfacet
  facet normal 0.233299 0 -0.972405
    outer loop
      vertex 12.9491 2.6 69.6182
      vertex 13.0483 4.2 69.642
      vertex 13.0483 2.6 69.642
    endloop
  endfacet
  facet normal 0.233299 0 -0.972405
    outer loop
      vertex 13.0483 4.2 69.642
      vertex 12.9491 2.6 69.6182
      vertex 12.9491 4.2 69.6182
    endloop
  endfacet
  facet normal -0.99692 0 0.0784205
    outer loop
      vertex 13.792 2.6 33.7983
      vertex 13.8 4.2 33.9
      vertex 13.792 4.2 33.7983
    endloop
  endfacet
  facet normal -0.99692 0 0.0784205
    outer loop
      vertex 13.8 4.2 33.9
      vertex 13.792 2.6 33.7983
      vertex 13.8 2.6 33.9
    endloop
  endfacet
  facet normal 0.99692 -0 0.0784205
    outer loop
      vertex 12.5 2.6 33.9
      vertex 12.508 4.2 33.7983
      vertex 12.5 4.2 33.9
    endloop
  endfacet
  facet normal 0.99692 0 0.0784205
    outer loop
      vertex 12.508 4.2 33.7983
      vertex 12.5 2.6 33.9
      vertex 12.508 2.6 33.7983
    endloop
  endfacet
  facet normal 0.0784205 0 0.99692
    outer loop
      vertex 13.0483 4.2 33.258
      vertex 13.15 2.6 33.25
      vertex 13.15 4.2 33.25
    endloop
  endfacet
  facet normal 0.0784205 0 0.99692
    outer loop
      vertex 13.15 2.6 33.25
      vertex 13.0483 4.2 33.258
      vertex 13.0483 2.6 33.258
    endloop
  endfacet
  facet normal -0.8527 0 -0.522401
    outer loop
      vertex 13.7292 2.6 34.1951
      vertex 13.6759 4.2 34.2821
      vertex 13.7292 4.2 34.1951
    endloop
  endfacet
  facet normal -0.8527 -0 -0.522401
    outer loop
      vertex 13.6759 4.2 34.2821
      vertex 13.7292 2.6 34.1951
      vertex 13.6759 2.6 34.2821
    endloop
  endfacet
  facet normal -0.650064 0 0.759879
    outer loop
      vertex 13.5321 4.2 33.3741
      vertex 13.6096 2.6 33.4404
      vertex 13.6096 4.2 33.4404
    endloop
  endfacet
  facet normal -0.650064 0 0.759879
    outer loop
      vertex 13.6096 2.6 33.4404
      vertex 13.5321 4.2 33.3741
      vertex 13.5321 2.6 33.3741
    endloop
  endfacet
  facet normal 0.650064 0 0.759879
    outer loop
      vertex 12.6904 4.2 33.4404
      vertex 12.7679 2.6 33.3741
      vertex 12.7679 4.2 33.3741
    endloop
  endfacet
  facet normal 0.650064 0 0.759879
    outer loop
      vertex 12.7679 2.6 33.3741
      vertex 12.6904 4.2 33.4404
      vertex 12.6904 2.6 33.4404
    endloop
  endfacet
  facet normal 0.382525 0 0.923945
    outer loop
      vertex 12.8549 4.2 33.3208
      vertex 12.9491 2.6 33.2818
      vertex 12.9491 4.2 33.2818
    endloop
  endfacet
  facet normal 0.382525 0 0.923945
    outer loop
      vertex 12.9491 2.6 33.2818
      vertex 12.8549 4.2 33.3208
      vertex 12.8549 2.6 33.3208
    endloop
  endfacet
  facet normal -0.8527 0 0.522401
    outer loop
      vertex 13.6759 2.6 33.5179
      vertex 13.7292 4.2 33.6049
      vertex 13.6759 4.2 33.5179
    endloop
  endfacet
  facet normal -0.8527 0 0.522401
    outer loop
      vertex 13.7292 4.2 33.6049
      vertex 13.6759 2.6 33.5179
      vertex 13.7292 2.6 33.6049
    endloop
  endfacet
  facet normal -0.972405 0 0.233299
    outer loop
      vertex 13.7682 2.6 33.6991
      vertex 13.792 4.2 33.7983
      vertex 13.7682 4.2 33.6991
    endloop
  endfacet
  facet normal -0.972405 0 0.233299
    outer loop
      vertex 13.792 4.2 33.7983
      vertex 13.7682 2.6 33.6991
      vertex 13.792 2.6 33.7983
    endloop
  endfacet
  facet normal -0.759879 0 0.650064
    outer loop
      vertex 13.6096 2.6 33.4404
      vertex 13.6759 4.2 33.5179
      vertex 13.6096 4.2 33.4404
    endloop
  endfacet
  facet normal -0.759879 0 0.650064
    outer loop
      vertex 13.6759 4.2 33.5179
      vertex 13.6096 2.6 33.4404
      vertex 13.6759 2.6 33.5179
    endloop
  endfacet
  facet normal -0.382525 0 0.923945
    outer loop
      vertex 13.3509 4.2 33.2818
      vertex 13.4451 2.6 33.3208
      vertex 13.4451 4.2 33.3208
    endloop
  endfacet
  facet normal -0.382525 0 0.923945
    outer loop
      vertex 13.4451 2.6 33.3208
      vertex 13.3509 4.2 33.2818
      vertex 13.3509 2.6 33.2818
    endloop
  endfacet
  facet normal -0.233299 0 0.972405
    outer loop
      vertex 13.2517 4.2 33.258
      vertex 13.3509 2.6 33.2818
      vertex 13.3509 4.2 33.2818
    endloop
  endfacet
  facet normal -0.233299 0 0.972405
    outer loop
      vertex 13.3509 2.6 33.2818
      vertex 13.2517 4.2 33.258
      vertex 13.2517 2.6 33.258
    endloop
  endfacet
  facet normal -0.522401 0 0.8527
    outer loop
      vertex 13.4451 4.2 33.3208
      vertex 13.5321 2.6 33.3741
      vertex 13.5321 4.2 33.3741
    endloop
  endfacet
  facet normal -0.522401 0 0.8527
    outer loop
      vertex 13.5321 2.6 33.3741
      vertex 13.4451 4.2 33.3208
      vertex 13.4451 2.6 33.3208
    endloop
  endfacet
  facet normal 0.923945 -0 0.382525
    outer loop
      vertex 12.5318 2.6 33.6991
      vertex 12.5708 4.2 33.6049
      vertex 12.5318 4.2 33.6991
    endloop
  endfacet
  facet normal 0.923945 0 0.382525
    outer loop
      vertex 12.5708 4.2 33.6049
      vertex 12.5318 2.6 33.6991
      vertex 12.5708 2.6 33.6049
    endloop
  endfacet
  facet normal 0.8527 -0 0.522401
    outer loop
      vertex 12.5708 2.6 33.6049
      vertex 12.6241 4.2 33.5179
      vertex 12.5708 4.2 33.6049
    endloop
  endfacet
  facet normal 0.8527 0 0.522401
    outer loop
      vertex 12.6241 4.2 33.5179
      vertex 12.5708 2.6 33.6049
      vertex 12.6241 2.6 33.5179
    endloop
  endfacet
  facet normal 0.972405 -0 0.233299
    outer loop
      vertex 12.508 2.6 33.7983
      vertex 12.5318 4.2 33.6991
      vertex 12.508 4.2 33.7983
    endloop
  endfacet
  facet normal 0.972405 0 0.233299
    outer loop
      vertex 12.5318 4.2 33.6991
      vertex 12.508 2.6 33.7983
      vertex 12.5318 2.6 33.6991
    endloop
  endfacet
  facet normal 0.522401 0 0.8527
    outer loop
      vertex 12.7679 4.2 33.3741
      vertex 12.8549 2.6 33.3208
      vertex 12.8549 4.2 33.3208
    endloop
  endfacet
  facet normal 0.522401 0 0.8527
    outer loop
      vertex 12.8549 2.6 33.3208
      vertex 12.7679 4.2 33.3741
      vertex 12.7679 2.6 33.3741
    endloop
  endfacet
  facet normal 0.233299 0 0.972405
    outer loop
      vertex 12.9491 4.2 33.2818
      vertex 13.0483 2.6 33.258
      vertex 13.0483 4.2 33.258
    endloop
  endfacet
  facet normal 0.233299 0 0.972405
    outer loop
      vertex 13.0483 2.6 33.258
      vertex 12.9491 4.2 33.2818
      vertex 12.9491 2.6 33.2818
    endloop
  endfacet
  facet normal 0 1 0
    outer loop
      vertex 13.6759 2.6 34.2821
      vertex 13.5623 2.6 34.4
      vertex 13.6096 2.6 34.3596
    endloop
  endfacet
  facet normal 0 1 0
    outer loop
      vertex 13.7292 2.6 34.1951
      vertex 13.5623 2.6 34.4
      vertex 13.6759 2.6 34.2821
    endloop
  endfacet
  facet normal 0 1 0
    outer loop
      vertex 13.5623 2.6 34.4
      vertex 13.7292 2.6 34.1951
      vertex 12.7377 2.6 34.4
    endloop
  endfacet
  facet normal 0 1 0
    outer loop
      vertex 12.7377 2.6 34.4
      vertex 12.6241 2.6 34.2821
      vertex 12.6904 2.6 34.3596
    endloop
  endfacet
  facet normal 0 1 0
    outer loop
      vertex 12.5708 2.6 34.1951
      vertex 12.7377 2.6 34.4
      vertex 13.7292 2.6 34.1951
    endloop
  endfacet
  facet normal 0 1 0
    outer loop
      vertex 12.7377 2.6 34.4
      vertex 12.5708 2.6 34.1951
      vertex 12.6241 2.6 34.2821
    endloop
  endfacet
  facet normal 0 1 0
    outer loop
      vertex 13.7682 2.6 34.1009
      vertex 12.5708 2.6 34.1951
      vertex 13.7292 2.6 34.1951
    endloop
  endfacet
  facet normal 0 1 0
    outer loop
      vertex 13.7682 2.6 34.1009
      vertex 12.5318 2.6 34.1009
      vertex 12.5708 2.6 34.1951
    endloop
  endfacet
  facet normal 0 1 0
    outer loop
      vertex 13.792 2.6 34.0017
      vertex 12.5318 2.6 34.1009
      vertex 13.7682 2.6 34.1009
    endloop
  endfacet
  facet normal 0 1 0
    outer loop
      vertex 13.792 2.6 34.0017
      vertex 12.508 2.6 34.0017
      vertex 12.5318 2.6 34.1009
    endloop
  endfacet
  facet normal 0 1 0
    outer loop
      vertex 13.8 2.6 33.9
      vertex 12.508 2.6 34.0017
      vertex 13.792 2.6 34.0017
    endloop
  endfacet
  facet normal 0 1 0
    outer loop
      vertex 13.8 2.6 33.9
      vertex 12.5 2.6 33.9
      vertex 12.508 2.6 34.0017
    endloop
  endfacet
  facet normal 0 1 -0
    outer loop
      vertex 13.792 2.6 33.7983
      vertex 12.5 2.6 33.9
      vertex 13.8 2.6 33.9
    endloop
  endfacet
  facet normal 0 1 0
    outer loop
      vertex 13.792 2.6 33.7983
      vertex 12.508 2.6 33.7983
      vertex 12.5 2.6 33.9
    endloop
  endfacet
  facet normal 0 1 -0
    outer loop
      vertex 13.7682 2.6 33.6991
      vertex 12.508 2.6 33.7983
      vertex 13.792 2.6 33.7983
    endloop
  endfacet
  facet normal 0 1 0
    outer loop
      vertex 13.7682 2.6 33.6991
      vertex 12.5318 2.6 33.6991
      vertex 12.508 2.6 33.7983
    endloop
  endfacet
  facet normal 0 1 -0
    outer loop
      vertex 13.7292 2.6 33.6049
      vertex 12.5318 2.6 33.6991
      vertex 13.7682 2.6 33.6991
    endloop
  endfacet
  facet normal 0 1 0
    outer loop
      vertex 13.7292 2.6 33.6049
      vertex 12.5708 2.6 33.6049
      vertex 12.5318 2.6 33.6991
    endloop
  endfacet
  facet normal 0 1 -0
    outer loop
      vertex 13.6759 2.6 33.5179
      vertex 12.5708 2.6 33.6049
      vertex 13.7292 2.6 33.6049
    endloop
  endfacet
  facet normal 0 1 0
    outer loop
      vertex 13.6759 2.6 33.5179
      vertex 12.6241 2.6 33.5179
      vertex 12.5708 2.6 33.6049
    endloop
  endfacet
  facet normal 0 1 -0
    outer loop
      vertex 13.6096 2.6 33.4404
      vertex 12.6241 2.6 33.5179
      vertex 13.6759 2.6 33.5179
    endloop
  endfacet
  facet normal 0 1 0
    outer loop
      vertex 13.6096 2.6 33.4404
      vertex 12.6904 2.6 33.4404
      vertex 12.6241 2.6 33.5179
    endloop
  endfacet
  facet normal 0 1 -0
    outer loop
      vertex 13.5321 2.6 33.3741
      vertex 12.6904 2.6 33.4404
      vertex 13.6096 2.6 33.4404
    endloop
  endfacet
  facet normal 0 1 0
    outer loop
      vertex 13.5321 2.6 33.3741
      vertex 12.7679 2.6 33.3741
      vertex 12.6904 2.6 33.4404
    endloop
  endfacet
  facet normal 0 1 -0
    outer loop
      vertex 13.4451 2.6 33.3208
      vertex 12.7679 2.6 33.3741
      vertex 13.5321 2.6 33.3741
    endloop
  endfacet
  facet normal 0 1 0
    outer loop
      vertex 13.4451 2.6 33.3208
      vertex 12.8549 2.6 33.3208
      vertex 12.7679 2.6 33.3741
    endloop
  endfacet
  facet normal 0 1 -0
    outer loop
      vertex 13.3509 2.6 33.2818
      vertex 12.8549 2.6 33.3208
      vertex 13.4451 2.6 33.3208
    endloop
  endfacet
  facet normal 0 1 0
    outer loop
      vertex 13.3509 2.6 33.2818
      vertex 12.9491 2.6 33.2818
      vertex 12.8549 2.6 33.3208
    endloop
  endfacet
  facet normal 0 1 -0
    outer loop
      vertex 13.2517 2.6 33.258
      vertex 12.9491 2.6 33.2818
      vertex 13.3509 2.6 33.2818
    endloop
  endfacet
  facet normal 0 1 0
    outer loop
      vertex 13.2517 2.6 33.258
      vertex 13.0483 2.6 33.258
      vertex 12.9491 2.6 33.2818
    endloop
  endfacet
  facet normal -0 1 0
    outer loop
      vertex 13.0483 2.6 33.258
      vertex 13.2517 2.6 33.258
      vertex 13.15 2.6 33.25
    endloop
  endfacet
  facet normal -0.923945 0 0.382525
    outer loop
      vertex 13.7292 2.6 33.6049
      vertex 13.7682 4.2 33.6991
      vertex 13.7292 4.2 33.6049
    endloop
  endfacet
  facet normal -0.923945 0 0.382525
    outer loop
      vertex 13.7682 4.2 33.6991
      vertex 13.7292 2.6 33.6049
      vertex 13.7682 2.6 33.6991
    endloop
  endfacet
  facet normal -0.0784205 0 0.99692
    outer loop
      vertex 13.15 4.2 33.25
      vertex 13.2517 2.6 33.258
      vertex 13.2517 4.2 33.258
    endloop
  endfacet
  facet normal -0.0784205 0 0.99692
    outer loop
      vertex 13.2517 2.6 33.258
      vertex 13.15 4.2 33.25
      vertex 13.15 2.6 33.25
    endloop
  endfacet
  facet normal -0.99692 0 -0.0784205
    outer loop
      vertex 13.8 2.6 33.9
      vertex 13.792 4.2 34.0017
      vertex 13.8 4.2 33.9
    endloop
  endfacet
  facet normal -0.99692 -0 -0.0784205
    outer loop
      vertex 13.792 4.2 34.0017
      vertex 13.8 2.6 33.9
      vertex 13.792 2.6 34.0017
    endloop
  endfacet
  facet normal -0.972405 0 -0.233299
    outer loop
      vertex 13.792 2.6 34.0017
      vertex 13.7682 4.2 34.1009
      vertex 13.792 4.2 34.0017
    endloop
  endfacet
  facet normal -0.972405 -0 -0.233299
    outer loop
      vertex 13.7682 4.2 34.1009
      vertex 13.792 2.6 34.0017
      vertex 13.7682 2.6 34.1009
    endloop
  endfacet
  facet normal 0.923945 0 -0.382525
    outer loop
      vertex 12.5708 2.6 34.1951
      vertex 12.5318 4.2 34.1009
      vertex 12.5708 4.2 34.1951
    endloop
  endfacet
  facet normal 0.923945 0 -0.382525
    outer loop
      vertex 12.5318 4.2 34.1009
      vertex 12.5708 2.6 34.1951
      vertex 12.5318 2.6 34.1009
    endloop
  endfacet
  facet normal -0.649466 0 -0.76039
    outer loop
      vertex 13.5623 2.6 34.4
      vertex 13.6096 4.2 34.3596
      vertex 13.6096 2.6 34.3596
    endloop
  endfacet
  facet normal -0.649466 0 -0.76039
    outer loop
      vertex 13.6096 4.2 34.3596
      vertex 13.5623 2.6 34.4
      vertex 13.5623 4.2 34.4
    endloop
  endfacet
  facet normal -0.923945 0 -0.382525
    outer loop
      vertex 13.7682 2.6 34.1009
      vertex 13.7292 4.2 34.1951
      vertex 13.7682 4.2 34.1009
    endloop
  endfacet
  facet normal -0.923945 -0 -0.382525
    outer loop
      vertex 13.7292 4.2 34.1951
      vertex 13.7682 2.6 34.1009
      vertex 13.7292 2.6 34.1951
    endloop
  endfacet
  facet normal 0.759879 -0 0.650064
    outer loop
      vertex 12.6241 2.6 33.5179
      vertex 12.6904 4.2 33.4404
      vertex 12.6241 4.2 33.5179
    endloop
  endfacet
  facet normal 0.759879 0 0.650064
    outer loop
      vertex 12.6904 4.2 33.4404
      vertex 12.6241 2.6 33.5179
      vertex 12.6904 2.6 33.4404
    endloop
  endfacet
  facet normal 0.972405 0 -0.233299
    outer loop
      vertex 12.5318 2.6 34.1009
      vertex 12.508 4.2 34.0017
      vertex 12.5318 4.2 34.1009
    endloop
  endfacet
  facet normal 0.972405 0 -0.233299
    outer loop
      vertex 12.508 4.2 34.0017
      vertex 12.5318 2.6 34.1009
      vertex 12.508 2.6 34.0017
    endloop
  endfacet
  facet normal 0.99692 0 -0.0784205
    outer loop
      vertex 12.508 2.6 34.0017
      vertex 12.5 4.2 33.9
      vertex 12.508 4.2 34.0017
    endloop
  endfacet
  facet normal 0.99692 0 -0.0784205
    outer loop
      vertex 12.5 4.2 33.9
      vertex 12.508 2.6 34.0017
      vertex 12.5 2.6 33.9
    endloop
  endfacet
  facet normal -0.759879 0 -0.650064
    outer loop
      vertex 13.6759 2.6 34.2821
      vertex 13.6096 4.2 34.3596
      vertex 13.6759 4.2 34.2821
    endloop
  endfacet
  facet normal -0.759879 -0 -0.650064
    outer loop
      vertex 13.6096 4.2 34.3596
      vertex 13.6759 2.6 34.2821
      vertex 13.6096 2.6 34.3596
    endloop
  endfacet
  facet normal 0.649466 0 -0.76039
    outer loop
      vertex 12.6904 2.6 34.3596
      vertex 12.7377 4.2 34.4
      vertex 12.7377 2.6 34.4
    endloop
  endfacet
  facet normal 0.649466 0 -0.76039
    outer loop
      vertex 12.7377 4.2 34.4
      vertex 12.6904 2.6 34.3596
      vertex 12.6904 4.2 34.3596
    endloop
  endfacet
  facet normal 0.759879 0 -0.650064
    outer loop
      vertex 12.6904 2.6 34.3596
      vertex 12.6241 4.2 34.2821
      vertex 12.6904 4.2 34.3596
    endloop
  endfacet
  facet normal 0.759879 0 -0.650064
    outer loop
      vertex 12.6241 4.2 34.2821
      vertex 12.6904 2.6 34.3596
      vertex 12.6241 2.6 34.2821
    endloop
  endfacet
  facet normal 0.8527 0 -0.522401
    outer loop
      vertex 12.6241 2.6 34.2821
      vertex 12.5708 4.2 34.1951
      vertex 12.6241 4.2 34.2821
    endloop
  endfacet
  facet normal 0.8527 0 -0.522401
    outer loop
      vertex 12.5708 4.2 34.1951
      vertex 12.6241 2.6 34.2821
      vertex 12.5708 2.6 34.1951
    endloop
  endfacet
  facet normal -0.99692 0 0.0784205
    outer loop
      vertex 37.492 2.6 68.8983
      vertex 37.5 4.2 69
      vertex 37.492 4.2 68.8983
    endloop
  endfacet
  facet normal -0.99692 0 0.0784205
    outer loop
      vertex 37.5 4.2 69
      vertex 37.492 2.6 68.8983
      vertex 37.5 2.6 69
    endloop
  endfacet
  facet normal 0.99692 0 -0.0784205
    outer loop
      vertex 36.208 2.6 69.1017
      vertex 36.2 4.2 69
      vertex 36.208 4.2 69.1017
    endloop
  endfacet
  facet normal 0.99692 0 -0.0784205
    outer loop
      vertex 36.2 4.2 69
      vertex 36.208 2.6 69.1017
      vertex 36.2 2.6 69
    endloop
  endfacet
  facet normal 0.0784205 0 0.99692
    outer loop
      vertex 36.7483 4.2 68.358
      vertex 36.85 2.6 68.35
      vertex 36.85 4.2 68.35
    endloop
  endfacet
  facet normal 0.0784205 0 0.99692
    outer loop
      vertex 36.85 2.6 68.35
      vertex 36.7483 4.2 68.358
      vertex 36.7483 2.6 68.358
    endloop
  endfacet
  facet normal -0.650064 0 0.759879
    outer loop
      vertex 37.2321 4.2 68.4741
      vertex 37.3096 2.6 68.5404
      vertex 37.3096 4.2 68.5404
    endloop
  endfacet
  facet normal -0.650064 0 0.759879
    outer loop
      vertex 37.3096 2.6 68.5404
      vertex 37.2321 4.2 68.4741
      vertex 37.2321 2.6 68.4741
    endloop
  endfacet
  facet normal 0.759879 -0 0.650064
    outer loop
      vertex 36.3241 2.6 68.6179
      vertex 36.3904 4.2 68.5404
      vertex 36.3241 4.2 68.6179
    endloop
  endfacet
  facet normal 0.759879 0 0.650064
    outer loop
      vertex 36.3904 4.2 68.5404
      vertex 36.3241 2.6 68.6179
      vertex 36.3904 2.6 68.5404
    endloop
  endfacet
  facet normal 0.522401 0 0.8527
    outer loop
      vertex 36.4679 4.2 68.4741
      vertex 36.5549 2.6 68.4208
      vertex 36.5549 4.2 68.4208
    endloop
  endfacet
  facet normal 0.522401 0 0.8527
    outer loop
      vertex 36.5549 2.6 68.4208
      vertex 36.4679 4.2 68.4741
      vertex 36.4679 2.6 68.4741
    endloop
  endfacet
  facet normal -0.759879 0 -0.650064
    outer loop
      vertex 37.3759 2.6 69.3821
      vertex 37.3096 4.2 69.4596
      vertex 37.3759 4.2 69.3821
    endloop
  endfacet
  facet normal -0.759879 -0 -0.650064
    outer loop
      vertex 37.3096 4.2 69.4596
      vertex 37.3759 2.6 69.3821
      vertex 37.3096 2.6 69.4596
    endloop
  endfacet
  facet normal -0.8527 0 -0.522401
    outer loop
      vertex 37.4292 2.6 69.2951
      vertex 37.3759 4.2 69.3821
      vertex 37.4292 4.2 69.2951
    endloop
  endfacet
  facet normal -0.8527 -0 -0.522401
    outer loop
      vertex 37.3759 4.2 69.3821
      vertex 37.4292 2.6 69.2951
      vertex 37.3759 2.6 69.3821
    endloop
  endfacet
  facet normal -0.923945 0 0.382525
    outer loop
      vertex 37.4292 2.6 68.7049
      vertex 37.4682 4.2 68.7991
      vertex 37.4292 4.2 68.7049
    endloop
  endfacet
  facet normal -0.923945 0 0.382525
    outer loop
      vertex 37.4682 4.2 68.7991
      vertex 37.4292 2.6 68.7049
      vertex 37.4682 2.6 68.7991
    endloop
  endfacet
  facet normal -0.972405 0 0.233299
    outer loop
      vertex 37.4682 2.6 68.7991
      vertex 37.492 4.2 68.8983
      vertex 37.4682 4.2 68.7991
    endloop
  endfacet
  facet normal -0.972405 0 0.233299
    outer loop
      vertex 37.492 4.2 68.8983
      vertex 37.4682 2.6 68.7991
      vertex 37.492 2.6 68.8983
    endloop
  endfacet
  facet normal -0.233299 0 0.972405
    outer loop
      vertex 36.9517 4.2 68.358
      vertex 37.0509 2.6 68.3818
      vertex 37.0509 4.2 68.3818
    endloop
  endfacet
  facet normal -0.233299 0 0.972405
    outer loop
      vertex 37.0509 2.6 68.3818
      vertex 36.9517 4.2 68.358
      vertex 36.9517 2.6 68.358
    endloop
  endfacet
  facet normal -0.0784205 0 0.99692
    outer loop
      vertex 36.85 4.2 68.35
      vertex 36.9517 2.6 68.358
      vertex 36.9517 4.2 68.358
    endloop
  endfacet
  facet normal -0.0784205 0 0.99692
    outer loop
      vertex 36.9517 2.6 68.358
      vertex 36.85 4.2 68.35
      vertex 36.85 2.6 68.35
    endloop
  endfacet
  facet normal -0.522401 0 0.8527
    outer loop
      vertex 37.1451 4.2 68.4208
      vertex 37.2321 2.6 68.4741
      vertex 37.2321 4.2 68.4741
    endloop
  endfacet
  facet normal -0.522401 0 0.8527
    outer loop
      vertex 37.2321 2.6 68.4741
      vertex 37.1451 4.2 68.4208
      vertex 37.1451 2.6 68.4208
    endloop
  endfacet
  facet normal 0.923945 -0 0.382525
    outer loop
      vertex 36.2318 2.6 68.7991
      vertex 36.2708 4.2 68.7049
      vertex 36.2318 4.2 68.7991
    endloop
  endfacet
  facet normal 0.923945 0 0.382525
    outer loop
      vertex 36.2708 4.2 68.7049
      vertex 36.2318 2.6 68.7991
      vertex 36.2708 2.6 68.7049
    endloop
  endfacet
  facet normal 0.8527 -0 0.522401
    outer loop
      vertex 36.2708 2.6 68.7049
      vertex 36.3241 4.2 68.6179
      vertex 36.2708 4.2 68.7049
    endloop
  endfacet
  facet normal 0.8527 0 0.522401
    outer loop
      vertex 36.3241 4.2 68.6179
      vertex 36.2708 2.6 68.7049
      vertex 36.3241 2.6 68.6179
    endloop
  endfacet
  facet normal 0.972405 -0 0.233299
    outer loop
      vertex 36.208 2.6 68.8983
      vertex 36.2318 4.2 68.7991
      vertex 36.208 4.2 68.8983
    endloop
  endfacet
  facet normal 0.972405 0 0.233299
    outer loop
      vertex 36.2318 4.2 68.7991
      vertex 36.208 2.6 68.8983
      vertex 36.2318 2.6 68.7991
    endloop
  endfacet
  facet normal 0.650064 0 0.759879
    outer loop
      vertex 36.3904 4.2 68.5404
      vertex 36.4679 2.6 68.4741
      vertex 36.4679 4.2 68.4741
    endloop
  endfacet
  facet normal 0.650064 0 0.759879
    outer loop
      vertex 36.4679 2.6 68.4741
      vertex 36.3904 4.2 68.5404
      vertex 36.3904 2.6 68.5404
    endloop
  endfacet
  facet normal 0.382525 0 0.923945
    outer loop
      vertex 36.5549 4.2 68.4208
      vertex 36.6491 2.6 68.3818
      vertex 36.6491 4.2 68.3818
    endloop
  endfacet
  facet normal 0.382525 0 0.923945
    outer loop
      vertex 36.6491 2.6 68.3818
      vertex 36.5549 4.2 68.4208
      vertex 36.5549 2.6 68.4208
    endloop
  endfacet
  facet normal -0.650064 0 -0.759879
    outer loop
      vertex 37.2321 2.6 69.5259
      vertex 37.3096 4.2 69.4596
      vertex 37.3096 2.6 69.4596
    endloop
  endfacet
  facet normal -0.650064 0 -0.759879
    outer loop
      vertex 37.3096 4.2 69.4596
      vertex 37.2321 2.6 69.5259
      vertex 37.2321 4.2 69.5259
    endloop
  endfacet
  facet normal 0.522401 0 -0.8527
    outer loop
      vertex 36.4679 2.6 69.5259
      vertex 36.5549 4.2 69.5792
      vertex 36.5549 2.6 69.5792
    endloop
  endfacet
  facet normal 0.522401 0 -0.8527
    outer loop
      vertex 36.5549 4.2 69.5792
      vertex 36.4679 2.6 69.5259
      vertex 36.4679 4.2 69.5259
    endloop
  endfacet
  facet normal 0.0784205 0 -0.99692
    outer loop
      vertex 36.7483 2.6 69.642
      vertex 36.85 4.2 69.65
      vertex 36.85 2.6 69.65
    endloop
  endfacet
  facet normal 0.0784205 0 -0.99692
    outer loop
      vertex 36.85 4.2 69.65
      vertex 36.7483 2.6 69.642
      vertex 36.7483 4.2 69.642
    endloop
  endfacet
  facet normal 0.650064 0 -0.759879
    outer loop
      vertex 36.3904 2.6 69.4596
      vertex 36.4679 4.2 69.5259
      vertex 36.4679 2.6 69.5259
    endloop
  endfacet
  facet normal 0.650064 0 -0.759879
    outer loop
      vertex 36.4679 4.2 69.5259
      vertex 36.3904 2.6 69.4596
      vertex 36.3904 4.2 69.4596
    endloop
  endfacet
  facet normal 0.972405 0 -0.233299
    outer loop
      vertex 36.2318 2.6 69.2009
      vertex 36.208 4.2 69.1017
      vertex 36.2318 4.2 69.2009
    endloop
  endfacet
  facet normal 0.972405 0 -0.233299
    outer loop
      vertex 36.208 4.2 69.1017
      vertex 36.2318 2.6 69.2009
      vertex 36.208 2.6 69.1017
    endloop
  endfacet
  facet normal -0.759879 0 0.650064
    outer loop
      vertex 37.3096 2.6 68.5404
      vertex 37.3759 4.2 68.6179
      vertex 37.3096 4.2 68.5404
    endloop
  endfacet
  facet normal -0.759879 0 0.650064
    outer loop
      vertex 37.3759 4.2 68.6179
      vertex 37.3096 2.6 68.5404
      vertex 37.3759 2.6 68.6179
    endloop
  endfacet
  facet normal -0.8527 0 0.522401
    outer loop
      vertex 37.3759 2.6 68.6179
      vertex 37.4292 4.2 68.7049
      vertex 37.3759 4.2 68.6179
    endloop
  endfacet
  facet normal -0.8527 0 0.522401
    outer loop
      vertex 37.4292 4.2 68.7049
      vertex 37.3759 2.6 68.6179
      vertex 37.4292 2.6 68.7049
    endloop
  endfacet
  facet normal 0 1 0
    outer loop
      vertex 36.9517 2.6 69.642
      vertex 36.7483 2.6 69.642
      vertex 36.85 2.6 69.65
    endloop
  endfacet
  facet normal 0 1 0
    outer loop
      vertex 37.0509 2.6 69.6182
      vertex 36.7483 2.6 69.642
      vertex 36.9517 2.6 69.642
    endloop
  endfacet
  facet normal 0 1 0
    outer loop
      vertex 37.0509 2.6 69.6182
      vertex 36.6491 2.6 69.6182
      vertex 36.7483 2.6 69.642
    endloop
  endfacet
  facet normal 0 1 0
    outer loop
      vertex 37.1451 2.6 69.5792
      vertex 36.6491 2.6 69.6182
      vertex 37.0509 2.6 69.6182
    endloop
  endfacet
  facet normal 0 1 0
    outer loop
      vertex 37.1451 2.6 69.5792
      vertex 36.5549 2.6 69.5792
      vertex 36.6491 2.6 69.6182
    endloop
  endfacet
  facet normal 0 1 0
    outer loop
      vertex 37.2321 2.6 69.5259
      vertex 36.5549 2.6 69.5792
      vertex 37.1451 2.6 69.5792
    endloop
  endfacet
  facet normal 0 1 0
    outer loop
      vertex 37.2321 2.6 69.5259
      vertex 36.4679 2.6 69.5259
      vertex 36.5549 2.6 69.5792
    endloop
  endfacet
  facet normal 0 1 0
    outer loop
      vertex 37.3096 2.6 69.4596
      vertex 36.4679 2.6 69.5259
      vertex 37.2321 2.6 69.5259
    endloop
  endfacet
  facet normal 0 1 0
    outer loop
      vertex 37.3096 2.6 69.4596
      vertex 36.3904 2.6 69.4596
      vertex 36.4679 2.6 69.5259
    endloop
  endfacet
  facet normal 0 1 0
    outer loop
      vertex 37.3759 2.6 69.3821
      vertex 36.3904 2.6 69.4596
      vertex 37.3096 2.6 69.4596
    endloop
  endfacet
  facet normal 0 1 0
    outer loop
      vertex 37.3759 2.6 69.3821
      vertex 36.3241 2.6 69.3821
      vertex 36.3904 2.6 69.4596
    endloop
  endfacet
  facet normal 0 1 0
    outer loop
      vertex 37.4292 2.6 69.2951
      vertex 36.3241 2.6 69.3821
      vertex 37.3759 2.6 69.3821
    endloop
  endfacet
  facet normal 0 1 0
    outer loop
      vertex 37.4292 2.6 69.2951
      vertex 36.2708 2.6 69.2951
      vertex 36.3241 2.6 69.3821
    endloop
  endfacet
  facet normal 0 1 0
    outer loop
      vertex 37.4682 2.6 69.2009
      vertex 36.2708 2.6 69.2951
      vertex 37.4292 2.6 69.2951
    endloop
  endfacet
  facet normal 0 1 0
    outer loop
      vertex 37.4682 2.6 69.2009
      vertex 36.2318 2.6 69.2009
      vertex 36.2708 2.6 69.2951
    endloop
  endfacet
  facet normal 0 1 0
    outer loop
      vertex 37.492 2.6 69.1017
      vertex 36.2318 2.6 69.2009
      vertex 37.4682 2.6 69.2009
    endloop
  endfacet
  facet normal 0 1 0
    outer loop
      vertex 37.492 2.6 69.1017
      vertex 36.208 2.6 69.1017
      vertex 36.2318 2.6 69.2009
    endloop
  endfacet
  facet normal 0 1 0
    outer loop
      vertex 37.5 2.6 69
      vertex 36.208 2.6 69.1017
      vertex 37.492 2.6 69.1017
    endloop
  endfacet
  facet normal 0 1 0
    outer loop
      vertex 37.5 2.6 69
      vertex 36.2 2.6 69
      vertex 36.208 2.6 69.1017
    endloop
  endfacet
  facet normal 0 1 -0
    outer loop
      vertex 37.492 2.6 68.8983
      vertex 36.2 2.6 69
      vertex 37.5 2.6 69
    endloop
  endfacet
  facet normal 0 1 0
    outer loop
      vertex 37.492 2.6 68.8983
      vertex 36.208 2.6 68.8983
      vertex 36.2 2.6 69
    endloop
  endfacet
  facet normal 0 1 -0
    outer loop
      vertex 37.4682 2.6 68.7991
      vertex 36.208 2.6 68.8983
      vertex 37.492 2.6 68.8983
    endloop
  endfacet
  facet normal 0 1 0
    outer loop
      vertex 37.4682 2.6 68.7991
      vertex 36.2318 2.6 68.7991
      vertex 36.208 2.6 68.8983
    endloop
  endfacet
  facet normal 0 1 -0
    outer loop
      vertex 37.4292 2.6 68.7049
      vertex 36.2318 2.6 68.7991
      vertex 37.4682 2.6 68.7991
    endloop
  endfacet
  facet normal 0 1 0
    outer loop
      vertex 37.4292 2.6 68.7049
      vertex 36.2708 2.6 68.7049
      vertex 36.2318 2.6 68.7991
    endloop
  endfacet
  facet normal 0 1 -0
    outer loop
      vertex 37.3759 2.6 68.6179
      vertex 36.2708 2.6 68.7049
      vertex 37.4292 2.6 68.7049
    endloop
  endfacet
  facet normal 0 1 0
    outer loop
      vertex 37.3759 2.6 68.6179
      vertex 36.3241 2.6 68.6179
      vertex 36.2708 2.6 68.7049
    endloop
  endfacet
  facet normal 0 1 -0
    outer loop
      vertex 37.3096 2.6 68.5404
      vertex 36.3241 2.6 68.6179
      vertex 37.3759 2.6 68.6179
    endloop
  endfacet
  facet normal 0 1 0
    outer loop
      vertex 37.3096 2.6 68.5404
      vertex 36.3904 2.6 68.5404
      vertex 36.3241 2.6 68.6179
    endloop
  endfacet
  facet normal 0 1 -0
    outer loop
      vertex 37.2321 2.6 68.4741
      vertex 36.3904 2.6 68.5404
      vertex 37.3096 2.6 68.5404
    endloop
  endfacet
  facet normal 0 1 0
    outer loop
      vertex 37.2321 2.6 68.4741
      vertex 36.4679 2.6 68.4741
      vertex 36.3904 2.6 68.5404
    endloop
  endfacet
  facet normal 0 1 -0
    outer loop
      vertex 37.1451 2.6 68.4208
      vertex 36.4679 2.6 68.4741
      vertex 37.2321 2.6 68.4741
    endloop
  endfacet
  facet normal 0 1 0
    outer loop
      vertex 37.1451 2.6 68.4208
      vertex 36.5549 2.6 68.4208
      vertex 36.4679 2.6 68.4741
    endloop
  endfacet
  facet normal 0 1 -0
    outer loop
      vertex 37.0509 2.6 68.3818
      vertex 36.5549 2.6 68.4208
      vertex 37.1451 2.6 68.4208
    endloop
  endfacet
  facet normal 0 1 0
    outer loop
      vertex 37.0509 2.6 68.3818
      vertex 36.6491 2.6 68.3818
      vertex 36.5549 2.6 68.4208
    endloop
  endfacet
  facet normal 0 1 -0
    outer loop
      vertex 36.9517 2.6 68.358
      vertex 36.6491 2.6 68.3818
      vertex 37.0509 2.6 68.3818
    endloop
  endfacet
  facet normal 0 1 0
    outer loop
      vertex 36.9517 2.6 68.358
      vertex 36.7483 2.6 68.358
      vertex 36.6491 2.6 68.3818
    endloop
  endfacet
  facet normal -0 1 0
    outer loop
      vertex 36.7483 2.6 68.358
      vertex 36.9517 2.6 68.358
      vertex 36.85 2.6 68.35
    endloop
  endfacet
  facet normal 0.99692 -0 0.0784205
    outer loop
      vertex 36.2 2.6 69
      vertex 36.208 4.2 68.8983
      vertex 36.2 4.2 69
    endloop
  endfacet
  facet normal 0.99692 0 0.0784205
    outer loop
      vertex 36.208 4.2 68.8983
      vertex 36.2 2.6 69
      vertex 36.208 2.6 68.8983
    endloop
  endfacet
  facet normal 0.233299 0 0.972405
    outer loop
      vertex 36.6491 4.2 68.3818
      vertex 36.7483 2.6 68.358
      vertex 36.7483 4.2 68.358
    endloop
  endfacet
  facet normal 0.233299 0 0.972405
    outer loop
      vertex 36.7483 2.6 68.358
      vertex 36.6491 4.2 68.3818
      vertex 36.6491 2.6 68.3818
    endloop
  endfacet
  facet normal -0.99692 0 -0.0784205
    outer loop
      vertex 37.5 2.6 69
      vertex 37.492 4.2 69.1017
      vertex 37.5 4.2 69
    endloop
  endfacet
  facet normal -0.99692 -0 -0.0784205
    outer loop
      vertex 37.492 4.2 69.1017
      vertex 37.5 2.6 69
      vertex 37.492 2.6 69.1017
    endloop
  endfacet
  facet normal -0.233299 0 -0.972405
    outer loop
      vertex 36.9517 2.6 69.642
      vertex 37.0509 4.2 69.6182
      vertex 37.0509 2.6 69.6182
    endloop
  endfacet
  facet normal -0.233299 0 -0.972405
    outer loop
      vertex 37.0509 4.2 69.6182
      vertex 36.9517 2.6 69.642
      vertex 36.9517 4.2 69.642
    endloop
  endfacet
  facet normal -0.522401 0 -0.8527
    outer loop
      vertex 37.1451 2.6 69.5792
      vertex 37.2321 4.2 69.5259
      vertex 37.2321 2.6 69.5259
    endloop
  endfacet
  facet normal -0.522401 0 -0.8527
    outer loop
      vertex 37.2321 4.2 69.5259
      vertex 37.1451 2.6 69.5792
      vertex 37.1451 4.2 69.5792
    endloop
  endfacet
  facet normal -0.923945 0 -0.382525
    outer loop
      vertex 37.4682 2.6 69.2009
      vertex 37.4292 4.2 69.2951
      vertex 37.4682 4.2 69.2009
    endloop
  endfacet
  facet normal -0.923945 -0 -0.382525
    outer loop
      vertex 37.4292 4.2 69.2951
      vertex 37.4682 2.6 69.2009
      vertex 37.4292 2.6 69.2951
    endloop
  endfacet
  facet normal -0.972405 0 -0.233299
    outer loop
      vertex 37.492 2.6 69.1017
      vertex 37.4682 4.2 69.2009
      vertex 37.492 4.2 69.1017
    endloop
  endfacet
  facet normal -0.972405 -0 -0.233299
    outer loop
      vertex 37.4682 4.2 69.2009
      vertex 37.492 2.6 69.1017
      vertex 37.4682 2.6 69.2009
    endloop
  endfacet
  facet normal 0.382525 0 -0.923945
    outer loop
      vertex 36.5549 2.6 69.5792
      vertex 36.6491 4.2 69.6182
      vertex 36.6491 2.6 69.6182
    endloop
  endfacet
  facet normal 0.382525 0 -0.923945
    outer loop
      vertex 36.6491 4.2 69.6182
      vertex 36.5549 2.6 69.5792
      vertex 36.5549 4.2 69.5792
    endloop
  endfacet
  facet normal 0.233299 0 -0.972405
    outer loop
      vertex 36.6491 2.6 69.6182
      vertex 36.7483 4.2 69.642
      vertex 36.7483 2.6 69.642
    endloop
  endfacet
  facet normal 0.233299 0 -0.972405
    outer loop
      vertex 36.7483 4.2 69.642
      vertex 36.6491 2.6 69.6182
      vertex 36.6491 4.2 69.6182
    endloop
  endfacet
  facet normal -0.0784205 0 -0.99692
    outer loop
      vertex 36.85 2.6 69.65
      vertex 36.9517 4.2 69.642
      vertex 36.9517 2.6 69.642
    endloop
  endfacet
  facet normal -0.0784205 0 -0.99692
    outer loop
      vertex 36.9517 4.2 69.642
      vertex 36.85 2.6 69.65
      vertex 36.85 4.2 69.65
    endloop
  endfacet
  facet normal 0.8527 0 -0.522401
    outer loop
      vertex 36.3241 2.6 69.3821
      vertex 36.2708 4.2 69.2951
      vertex 36.3241 4.2 69.3821
    endloop
  endfacet
  facet normal 0.8527 0 -0.522401
    outer loop
      vertex 36.2708 4.2 69.2951
      vertex 36.3241 2.6 69.3821
      vertex 36.2708 2.6 69.2951
    endloop
  endfacet
  facet normal 0.923945 0 -0.382525
    outer loop
      vertex 36.2708 2.6 69.2951
      vertex 36.2318 4.2 69.2009
      vertex 36.2708 4.2 69.2951
    endloop
  endfacet
  facet normal 0.923945 0 -0.382525
    outer loop
      vertex 36.2318 4.2 69.2009
      vertex 36.2708 2.6 69.2951
      vertex 36.2318 2.6 69.2009
    endloop
  endfacet
  facet normal -0.382525 0 0.923945
    outer loop
      vertex 37.0509 4.2 68.3818
      vertex 37.1451 2.6 68.4208
      vertex 37.1451 4.2 68.4208
    endloop
  endfacet
  facet normal -0.382525 0 0.923945
    outer loop
      vertex 37.1451 2.6 68.4208
      vertex 37.0509 4.2 68.3818
      vertex 37.0509 2.6 68.3818
    endloop
  endfacet
  facet normal -0.382525 0 -0.923945
    outer loop
      vertex 37.0509 2.6 69.6182
      vertex 37.1451 4.2 69.5792
      vertex 37.1451 2.6 69.5792
    endloop
  endfacet
  facet normal -0.382525 0 -0.923945
    outer loop
      vertex 37.1451 4.2 69.5792
      vertex 37.0509 2.6 69.6182
      vertex 37.0509 4.2 69.6182
    endloop
  endfacet
  facet normal 0.759879 0 -0.650064
    outer loop
      vertex 36.3904 2.6 69.4596
      vertex 36.3241 4.2 69.3821
      vertex 36.3904 4.2 69.4596
    endloop
  endfacet
  facet normal 0.759879 0 -0.650064
    outer loop
      vertex 36.3241 4.2 69.3821
      vertex 36.3904 2.6 69.4596
      vertex 36.3241 2.6 69.3821
    endloop
  endfacet
  facet normal -0.99692 0 0.0784205
    outer loop
      vertex 37.492 2.6 33.7983
      vertex 37.5 4.2 33.9
      vertex 37.492 4.2 33.7983
    endloop
  endfacet
  facet normal -0.99692 0 0.0784205
    outer loop
      vertex 37.5 4.2 33.9
      vertex 37.492 2.6 33.7983
      vertex 37.5 2.6 33.9
    endloop
  endfacet
  facet normal 0.99692 0 -0.0784205
    outer loop
      vertex 36.208 2.6 34.0017
      vertex 36.2 4.2 33.9
      vertex 36.208 4.2 34.0017
    endloop
  endfacet
  facet normal 0.99692 0 -0.0784205
    outer loop
      vertex 36.2 4.2 33.9
      vertex 36.208 2.6 34.0017
      vertex 36.2 2.6 33.9
    endloop
  endfacet
  facet normal 0.0784205 0 0.99692
    outer loop
      vertex 36.7483 4.2 33.258
      vertex 36.85 2.6 33.25
      vertex 36.85 4.2 33.25
    endloop
  endfacet
  facet normal 0.0784205 0 0.99692
    outer loop
      vertex 36.85 2.6 33.25
      vertex 36.7483 4.2 33.258
      vertex 36.7483 2.6 33.258
    endloop
  endfacet
  facet normal -0.650064 0 0.759879
    outer loop
      vertex 37.2321 4.2 33.3741
      vertex 37.3096 2.6 33.4404
      vertex 37.3096 4.2 33.4404
    endloop
  endfacet
  facet normal -0.650064 0 0.759879
    outer loop
      vertex 37.3096 2.6 33.4404
      vertex 37.2321 4.2 33.3741
      vertex 37.2321 2.6 33.3741
    endloop
  endfacet
  facet normal 0.759879 -0 0.650064
    outer loop
      vertex 36.3241 2.6 33.5179
      vertex 36.3904 4.2 33.4404
      vertex 36.3241 4.2 33.5179
    endloop
  endfacet
  facet normal 0.759879 0 0.650064
    outer loop
      vertex 36.3904 4.2 33.4404
      vertex 36.3241 2.6 33.5179
      vertex 36.3904 2.6 33.4404
    endloop
  endfacet
  facet normal 0.522401 0 0.8527
    outer loop
      vertex 36.4679 4.2 33.3741
      vertex 36.5549 2.6 33.3208
      vertex 36.5549 4.2 33.3208
    endloop
  endfacet
  facet normal 0.522401 0 0.8527
    outer loop
      vertex 36.5549 2.6 33.3208
      vertex 36.4679 4.2 33.3741
      vertex 36.4679 2.6 33.3741
    endloop
  endfacet
  facet normal -0.759879 0 -0.650064
    outer loop
      vertex 37.3759 2.6 34.2821
      vertex 37.3096 4.2 34.3596
      vertex 37.3759 4.2 34.2821
    endloop
  endfacet
  facet normal -0.759879 -0 -0.650064
    outer loop
      vertex 37.3096 4.2 34.3596
      vertex 37.3759 2.6 34.2821
      vertex 37.3096 2.6 34.3596
    endloop
  endfacet
  facet normal -0.8527 0 -0.522401
    outer loop
      vertex 37.4292 2.6 34.1951
      vertex 37.3759 4.2 34.2821
      vertex 37.4292 4.2 34.1951
    endloop
  endfacet
  facet normal -0.8527 -0 -0.522401
    outer loop
      vertex 37.3759 4.2 34.2821
      vertex 37.4292 2.6 34.1951
      vertex 37.3759 2.6 34.2821
    endloop
  endfacet
  facet normal 0.923945 0 -0.382525
    outer loop
      vertex 36.2708 2.6 34.1951
      vertex 36.2318 4.2 34.1009
      vertex 36.2708 4.2 34.1951
    endloop
  endfacet
  facet normal 0.923945 0 -0.382525
    outer loop
      vertex 36.2318 4.2 34.1009
      vertex 36.2708 2.6 34.1951
      vertex 36.2318 2.6 34.1009
    endloop
  endfacet
  facet normal -0.8527 0 0.522401
    outer loop
      vertex 37.3759 2.6 33.5179
      vertex 37.4292 4.2 33.6049
      vertex 37.3759 4.2 33.5179
    endloop
  endfacet
  facet normal -0.8527 0 0.522401
    outer loop
      vertex 37.4292 4.2 33.6049
      vertex 37.3759 2.6 33.5179
      vertex 37.4292 2.6 33.6049
    endloop
  endfacet
  facet normal -0.972405 0 0.233299
    outer loop
      vertex 37.4682 2.6 33.6991
      vertex 37.492 4.2 33.7983
      vertex 37.4682 4.2 33.6991
    endloop
  endfacet
  facet normal -0.972405 0 0.233299
    outer loop
      vertex 37.492 4.2 33.7983
      vertex 37.4682 2.6 33.6991
      vertex 37.492 2.6 33.7983
    endloop
  endfacet
  facet normal -0.759879 0 0.650064
    outer loop
      vertex 37.3096 2.6 33.4404
      vertex 37.3759 4.2 33.5179
      vertex 37.3096 4.2 33.4404
    endloop
  endfacet
  facet normal -0.759879 0 0.650064
    outer loop
      vertex 37.3759 4.2 33.5179
      vertex 37.3096 2.6 33.4404
      vertex 37.3759 2.6 33.5179
    endloop
  endfacet
  facet normal -0.382525 0 0.923945
    outer loop
      vertex 37.0509 4.2 33.2818
      vertex 37.1451 2.6 33.3208
      vertex 37.1451 4.2 33.3208
    endloop
  endfacet
  facet normal -0.382525 0 0.923945
    outer loop
      vertex 37.1451 2.6 33.3208
      vertex 37.0509 4.2 33.2818
      vertex 37.0509 2.6 33.2818
    endloop
  endfacet
  facet normal -0.233299 0 0.972405
    outer loop
      vertex 36.9517 4.2 33.258
      vertex 37.0509 2.6 33.2818
      vertex 37.0509 4.2 33.2818
    endloop
  endfacet
  facet normal -0.233299 0 0.972405
    outer loop
      vertex 37.0509 2.6 33.2818
      vertex 36.9517 4.2 33.258
      vertex 36.9517 2.6 33.258
    endloop
  endfacet
  facet normal -0.522401 0 0.8527
    outer loop
      vertex 37.1451 4.2 33.3208
      vertex 37.2321 2.6 33.3741
      vertex 37.2321 4.2 33.3741
    endloop
  endfacet
  facet normal -0.522401 0 0.8527
    outer loop
      vertex 37.2321 2.6 33.3741
      vertex 37.1451 4.2 33.3208
      vertex 37.1451 2.6 33.3208
    endloop
  endfacet
  facet normal 0.923945 -0 0.382525
    outer loop
      vertex 36.2318 2.6 33.6991
      vertex 36.2708 4.2 33.6049
      vertex 36.2318 4.2 33.6991
    endloop
  endfacet
  facet normal 0.923945 0 0.382525
    outer loop
      vertex 36.2708 4.2 33.6049
      vertex 36.2318 2.6 33.6991
      vertex 36.2708 2.6 33.6049
    endloop
  endfacet
  facet normal 0.8527 -0 0.522401
    outer loop
      vertex 36.2708 2.6 33.6049
      vertex 36.3241 4.2 33.5179
      vertex 36.2708 4.2 33.6049
    endloop
  endfacet
  facet normal 0.8527 0 0.522401
    outer loop
      vertex 36.3241 4.2 33.5179
      vertex 36.2708 2.6 33.6049
      vertex 36.3241 2.6 33.5179
    endloop
  endfacet
  facet normal 0.972405 -0 0.233299
    outer loop
      vertex 36.208 2.6 33.7983
      vertex 36.2318 4.2 33.6991
      vertex 36.208 4.2 33.7983
    endloop
  endfacet
  facet normal 0.972405 0 0.233299
    outer loop
      vertex 36.2318 4.2 33.6991
      vertex 36.208 2.6 33.7983
      vertex 36.2318 2.6 33.6991
    endloop
  endfacet
  facet normal 0.650064 0 0.759879
    outer loop
      vertex 36.3904 4.2 33.4404
      vertex 36.4679 2.6 33.3741
      vertex 36.4679 4.2 33.3741
    endloop
  endfacet
  facet normal 0.650064 0 0.759879
    outer loop
      vertex 36.4679 2.6 33.3741
      vertex 36.3904 4.2 33.4404
      vertex 36.3904 2.6 33.4404
    endloop
  endfacet
  facet normal 0.233299 0 0.972405
    outer loop
      vertex 36.6491 4.2 33.2818
      vertex 36.7483 2.6 33.258
      vertex 36.7483 4.2 33.258
    endloop
  endfacet
  facet normal 0.233299 0 0.972405
    outer loop
      vertex 36.7483 2.6 33.258
      vertex 36.6491 4.2 33.2818
      vertex 36.6491 2.6 33.2818
    endloop
  endfacet
  facet normal -0.649466 0 -0.76039
    outer loop
      vertex 37.2623 2.6 34.4
      vertex 37.3096 4.2 34.3596
      vertex 37.3096 2.6 34.3596
    endloop
  endfacet
  facet normal -0.649466 0 -0.76039
    outer loop
      vertex 37.3096 4.2 34.3596
      vertex 37.2623 2.6 34.4
      vertex 37.2623 4.2 34.4
    endloop
  endfacet
  facet normal 0.759879 0 -0.650064
    outer loop
      vertex 36.3904 2.6 34.3596
      vertex 36.3241 4.2 34.2821
      vertex 36.3904 4.2 34.3596
    endloop
  endfacet
  facet normal 0.759879 0 -0.650064
    outer loop
      vertex 36.3241 4.2 34.2821
      vertex 36.3904 2.6 34.3596
      vertex 36.3241 2.6 34.2821
    endloop
  endfacet
  facet normal 0.649466 0 -0.76039
    outer loop
      vertex 36.3904 2.6 34.3596
      vertex 36.4377 4.2 34.4
      vertex 36.4377 2.6 34.4
    endloop
  endfacet
  facet normal 0.649466 0 -0.76039
    outer loop
      vertex 36.4377 4.2 34.4
      vertex 36.3904 2.6 34.3596
      vertex 36.3904 4.2 34.3596
    endloop
  endfacet
  facet normal 0.972405 0 -0.233299
    outer loop
      vertex 36.2318 2.6 34.1009
      vertex 36.208 4.2 34.0017
      vertex 36.2318 4.2 34.1009
    endloop
  endfacet
  facet normal 0.972405 0 -0.233299
    outer loop
      vertex 36.208 4.2 34.0017
      vertex 36.2318 2.6 34.1009
      vertex 36.208 2.6 34.0017
    endloop
  endfacet
  facet normal -0.923945 0 0.382525
    outer loop
      vertex 37.4292 2.6 33.6049
      vertex 37.4682 4.2 33.6991
      vertex 37.4292 4.2 33.6049
    endloop
  endfacet
  facet normal -0.923945 0 0.382525
    outer loop
      vertex 37.4682 4.2 33.6991
      vertex 37.4292 2.6 33.6049
      vertex 37.4682 2.6 33.6991
    endloop
  endfacet
  facet normal -0.0784205 0 0.99692
    outer loop
      vertex 36.85 4.2 33.25
      vertex 36.9517 2.6 33.258
      vertex 36.9517 4.2 33.258
    endloop
  endfacet
  facet normal -0.0784205 0 0.99692
    outer loop
      vertex 36.9517 2.6 33.258
      vertex 36.85 4.2 33.25
      vertex 36.85 2.6 33.25
    endloop
  endfacet
  facet normal 0 1 0
    outer loop
      vertex 37.3759 2.6 34.2821
      vertex 37.2623 2.6 34.4
      vertex 37.3096 2.6 34.3596
    endloop
  endfacet
  facet normal 0 1 0
    outer loop
      vertex 37.4292 2.6 34.1951
      vertex 37.2623 2.6 34.4
      vertex 37.3759 2.6 34.2821
    endloop
  endfacet
  facet normal 0 1 0
    outer loop
      vertex 37.2623 2.6 34.4
      vertex 37.4292 2.6 34.1951
      vertex 36.4377 2.6 34.4
    endloop
  endfacet
  facet normal 0 1 0
    outer loop
      vertex 36.4377 2.6 34.4
      vertex 36.3241 2.6 34.2821
      vertex 36.3904 2.6 34.3596
    endloop
  endfacet
  facet normal 0 1 0
    outer loop
      vertex 36.2708 2.6 34.1951
      vertex 36.4377 2.6 34.4
      vertex 37.4292 2.6 34.1951
    endloop
  endfacet
  facet normal 0 1 0
    outer loop
      vertex 36.4377 2.6 34.4
      vertex 36.2708 2.6 34.1951
      vertex 36.3241 2.6 34.2821
    endloop
  endfacet
  facet normal 0 1 0
    outer loop
      vertex 37.4682 2.6 34.1009
      vertex 36.2708 2.6 34.1951
      vertex 37.4292 2.6 34.1951
    endloop
  endfacet
  facet normal 0 1 0
    outer loop
      vertex 37.4682 2.6 34.1009
      vertex 36.2318 2.6 34.1009
      vertex 36.2708 2.6 34.1951
    endloop
  endfacet
  facet normal 0 1 0
    outer loop
      vertex 37.492 2.6 34.0017
      vertex 36.2318 2.6 34.1009
      vertex 37.4682 2.6 34.1009
    endloop
  endfacet
  facet normal 0 1 0
    outer loop
      vertex 37.492 2.6 34.0017
      vertex 36.208 2.6 34.0017
      vertex 36.2318 2.6 34.1009
    endloop
  endfacet
  facet normal 0 1 0
    outer loop
      vertex 37.5 2.6 33.9
      vertex 36.208 2.6 34.0017
      vertex 37.492 2.6 34.0017
    endloop
  endfacet
  facet normal 0 1 0
    outer loop
      vertex 37.5 2.6 33.9
      vertex 36.2 2.6 33.9
      vertex 36.208 2.6 34.0017
    endloop
  endfacet
  facet normal 0 1 -0
    outer loop
      vertex 37.492 2.6 33.7983
      vertex 36.2 2.6 33.9
      vertex 37.5 2.6 33.9
    endloop
  endfacet
  facet normal 0 1 0
    outer loop
      vertex 37.492 2.6 33.7983
      vertex 36.208 2.6 33.7983
      vertex 36.2 2.6 33.9
    endloop
  endfacet
  facet normal 0 1 -0
    outer loop
      vertex 37.4682 2.6 33.6991
      vertex 36.208 2.6 33.7983
      vertex 37.492 2.6 33.7983
    endloop
  endfacet
  facet normal 0 1 0
    outer loop
      vertex 37.4682 2.6 33.6991
      vertex 36.2318 2.6 33.6991
      vertex 36.208 2.6 33.7983
    endloop
  endfacet
  facet normal 0 1 -0
    outer loop
      vertex 37.4292 2.6 33.6049
      vertex 36.2318 2.6 33.6991
      vertex 37.4682 2.6 33.6991
    endloop
  endfacet
  facet normal 0 1 0
    outer loop
      vertex 37.4292 2.6 33.6049
      vertex 36.2708 2.6 33.6049
      vertex 36.2318 2.6 33.6991
    endloop
  endfacet
  facet normal 0 1 -0
    outer loop
      vertex 37.3759 2.6 33.5179
      vertex 36.2708 2.6 33.6049
      vertex 37.4292 2.6 33.6049
    endloop
  endfacet
  facet normal 0 1 0
    outer loop
      vertex 37.3759 2.6 33.5179
      vertex 36.3241 2.6 33.5179
      vertex 36.2708 2.6 33.6049
    endloop
  endfacet
  facet normal 0 1 -0
    outer loop
      vertex 37.3096 2.6 33.4404
      vertex 36.3241 2.6 33.5179
      vertex 37.3759 2.6 33.5179
    endloop
  endfacet
  facet normal 0 1 0
    outer loop
      vertex 37.3096 2.6 33.4404
      vertex 36.3904 2.6 33.4404
      vertex 36.3241 2.6 33.5179
    endloop
  endfacet
  facet normal 0 1 -0
    outer loop
      vertex 37.2321 2.6 33.3741
      vertex 36.3904 2.6 33.4404
      vertex 37.3096 2.6 33.4404
    endloop
  endfacet
  facet normal 0 1 0
    outer loop
      vertex 37.2321 2.6 33.3741
      vertex 36.4679 2.6 33.3741
      vertex 36.3904 2.6 33.4404
    endloop
  endfacet
  facet normal 0 1 -0
    outer loop
      vertex 37.1451 2.6 33.3208
      vertex 36.4679 2.6 33.3741
      vertex 37.2321 2.6 33.3741
    endloop
  endfacet
  facet normal 0 1 0
    outer loop
      vertex 37.1451 2.6 33.3208
      vertex 36.5549 2.6 33.3208
      vertex 36.4679 2.6 33.3741
    endloop
  endfacet
  facet normal 0 1 -0
    outer loop
      vertex 37.0509 2.6 33.2818
      vertex 36.5549 2.6 33.3208
      vertex 37.1451 2.6 33.3208
    endloop
  endfacet
  facet normal 0 1 0
    outer loop
      vertex 37.0509 2.6 33.2818
      vertex 36.6491 2.6 33.2818
      vertex 36.5549 2.6 33.3208
    endloop
  endfacet
  facet normal 0 1 -0
    outer loop
      vertex 36.9517 2.6 33.258
      vertex 36.6491 2.6 33.2818
      vertex 37.0509 2.6 33.2818
    endloop
  endfacet
  facet normal 0 1 0
    outer loop
      vertex 36.9517 2.6 33.258
      vertex 36.7483 2.6 33.258
      vertex 36.6491 2.6 33.2818
    endloop
  endfacet
  facet normal -0 1 0
    outer loop
      vertex 36.7483 2.6 33.258
      vertex 36.9517 2.6 33.258
      vertex 36.85 2.6 33.25
    endloop
  endfacet
  facet normal 0.99692 -0 0.0784205
    outer loop
      vertex 36.2 2.6 33.9
      vertex 36.208 4.2 33.7983
      vertex 36.2 4.2 33.9
    endloop
  endfacet
  facet normal 0.99692 0 0.0784205
    outer loop
      vertex 36.208 4.2 33.7983
      vertex 36.2 2.6 33.9
      vertex 36.208 2.6 33.7983
    endloop
  endfacet
  facet normal 0.382525 0 0.923945
    outer loop
      vertex 36.5549 4.2 33.3208
      vertex 36.6491 2.6 33.2818
      vertex 36.6491 4.2 33.2818
    endloop
  endfacet
  facet normal 0.382525 0 0.923945
    outer loop
      vertex 36.6491 2.6 33.2818
      vertex 36.5549 4.2 33.3208
      vertex 36.5549 2.6 33.3208
    endloop
  endfacet
  facet normal -0.99692 0 -0.0784205
    outer loop
      vertex 37.5 2.6 33.9
      vertex 37.492 4.2 34.0017
      vertex 37.5 4.2 33.9
    endloop
  endfacet
  facet normal -0.99692 -0 -0.0784205
    outer loop
      vertex 37.492 4.2 34.0017
      vertex 37.5 2.6 33.9
      vertex 37.492 2.6 34.0017
    endloop
  endfacet
  facet normal -0.923945 0 -0.382525
    outer loop
      vertex 37.4682 2.6 34.1009
      vertex 37.4292 4.2 34.1951
      vertex 37.4682 4.2 34.1009
    endloop
  endfacet
  facet normal -0.923945 -0 -0.382525
    outer loop
      vertex 37.4292 4.2 34.1951
      vertex 37.4682 2.6 34.1009
      vertex 37.4292 2.6 34.1951
    endloop
  endfacet
  facet normal -0.972405 0 -0.233299
    outer loop
      vertex 37.492 2.6 34.0017
      vertex 37.4682 4.2 34.1009
      vertex 37.492 4.2 34.0017
    endloop
  endfacet
  facet normal -0.972405 -0 -0.233299
    outer loop
      vertex 37.4682 4.2 34.1009
      vertex 37.492 2.6 34.0017
      vertex 37.4682 2.6 34.1009
    endloop
  endfacet
  facet normal 0.8527 0 -0.522401
    outer loop
      vertex 36.3241 2.6 34.2821
      vertex 36.2708 4.2 34.1951
      vertex 36.3241 4.2 34.2821
    endloop
  endfacet
  facet normal 0.8527 0 -0.522401
    outer loop
      vertex 36.2708 4.2 34.1951
      vertex 36.3241 2.6 34.2821
      vertex 36.2708 2.6 34.1951
    endloop
  endfacet
  facet normal -0.996948 0 0.0780671
    outer loop
      vertex 17.1902 0 5.67485
      vertex 17.2 2 5.8
      vertex 17.1902 2 5.67485
    endloop
  endfacet
  facet normal -0.996948 0 0.0780671
    outer loop
      vertex 17.2 2 5.8
      vertex 17.1902 0 5.67485
      vertex 17.2 0 5.8
    endloop
  endfacet
  facet normal -0.923994 0 0.382408
    outer loop
      vertex 17.1128 0 5.43681
      vertex 17.1608 2 5.55279
      vertex 17.1128 2 5.43681
    endloop
  endfacet
  facet normal -0.923994 0 0.382408
    outer loop
      vertex 17.1608 2 5.55279
      vertex 17.1128 0 5.43681
      vertex 17.1608 0 5.55279
    endloop
  endfacet
  facet normal -1 0 0
    outer loop
      vertex 17.2 0 5.8
      vertex 17.2 2 12.2
      vertex 17.2 2 5.8
    endloop
  endfacet
  facet normal -1 -0 0
    outer loop
      vertex 17.2 2 12.2
      vertex 17.2 0 5.8
      vertex 17.2 0 12.2
    endloop
  endfacet
  facet normal 0.923994 -0 0.382408
    outer loop
      vertex 15.6392 0 5.55279
      vertex 15.6872 2 5.43681
      vertex 15.6392 2 5.55279
    endloop
  endfacet
  facet normal 0.923994 0 0.382408
    outer loop
      vertex 15.6872 2 5.43681
      vertex 15.6392 0 5.55279
      vertex 15.6872 0 5.43681
    endloop
  endfacet
  facet normal -0.972214 0 -0.234096
    outer loop
      vertex 17.1902 0 12.3251
      vertex 17.1608 2 12.4472
      vertex 17.1902 2 12.3251
    endloop
  endfacet
  facet normal -0.972214 -0 -0.234096
    outer loop
      vertex 17.1608 2 12.4472
      vertex 17.1902 0 12.3251
      vertex 17.1608 0 12.4472
    endloop
  endfacet
  facet normal -0.233343 0 0.972395
    outer loop
      vertex 16.5251 2 5.00985
      vertex 16.6472 0 5.03915
      vertex 16.6472 2 5.03915
    endloop
  endfacet
  facet normal -0.233343 0 0.972395
    outer loop
      vertex 16.6472 0 5.03915
      vertex 16.5251 2 5.00985
      vertex 16.5251 0 5.00985
    endloop
  endfacet
  facet normal 0.972196 -0 0.234168
    outer loop
      vertex 15.6098 0 5.67485
      vertex 15.6392 2 5.55279
      vertex 15.6098 2 5.67485
    endloop
  endfacet
  facet normal 0.972196 0 0.234168
    outer loop
      vertex 15.6392 2 5.55279
      vertex 15.6098 0 5.67485
      vertex 15.6392 0 5.55279
    endloop
  endfacet
  facet normal 0.996948 -0 0.0780671
    outer loop
      vertex 15.6 0 5.8
      vertex 15.6098 2 5.67485
      vertex 15.6 2 5.8
    endloop
  endfacet
  facet normal 0.996948 0 0.0780671
    outer loop
      vertex 15.6098 2 5.67485
      vertex 15.6 0 5.8
      vertex 15.6098 0 5.67485
    endloop
  endfacet
  facet normal 1 -0 0
    outer loop
      vertex 15.6 0 12.2
      vertex 15.6 2 5.8
      vertex 15.6 2 12.2
    endloop
  endfacet
  facet normal 1 0 0
    outer loop
      vertex 15.6 2 5.8
      vertex 15.6 0 12.2
      vertex 15.6 0 5.8
    endloop
  endfacet
  facet normal 0.234096 0 -0.972214
    outer loop
      vertex 16.1528 0 12.9608
      vertex 16.2749 2 12.9902
      vertex 16.2749 0 12.9902
    endloop
  endfacet
  facet normal 0.234096 0 -0.972214
    outer loop
      vertex 16.2749 2 12.9902
      vertex 16.1528 0 12.9608
      vertex 16.1528 2 12.9608
    endloop
  endfacet
  facet normal 0.852533 0 -0.522674
    outer loop
      vertex 15.7528 0 12.6702
      vertex 15.6872 2 12.5632
      vertex 15.7528 2 12.6702
    endloop
  endfacet
  facet normal 0.852533 0 -0.522674
    outer loop
      vertex 15.6872 2 12.5632
      vertex 15.7528 0 12.6702
      vertex 15.6872 0 12.5632
    endloop
  endfacet
  facet normal -0.996946 0 -0.0780981
    outer loop
      vertex 17.2 0 12.2
      vertex 17.1902 2 12.3251
      vertex 17.2 2 12.2
    endloop
  endfacet
  facet normal -0.996946 -0 -0.0780981
    outer loop
      vertex 17.1902 2 12.3251
      vertex 17.2 0 12.2
      vertex 17.1902 0 12.3251
    endloop
  endfacet
  facet normal -0.85262 0 0.522532
    outer loop
      vertex 17.0472 0 5.32977
      vertex 17.1128 2 5.43681
      vertex 17.0472 2 5.32977
    endloop
  endfacet
  facet normal -0.85262 0 0.522532
    outer loop
      vertex 17.1128 2 5.43681
      vertex 17.0472 0 5.32977
      vertex 17.1128 0 5.43681
    endloop
  endfacet
  facet normal 0.382624 0 0.923904
    outer loop
      vertex 16.0368 2 5.08719
      vertex 16.1528 0 5.03915
      vertex 16.1528 2 5.03915
    endloop
  endfacet
  facet normal 0.382624 0 0.923904
    outer loop
      vertex 16.1528 0 5.03915
      vertex 16.0368 2 5.08719
      vertex 16.0368 0 5.08719
    endloop
  endfacet
  facet normal 0.0780981 0 -0.996946
    outer loop
      vertex 16.2749 0 12.9902
      vertex 16.4 2 13
      vertex 16.4 0 13
    endloop
  endfacet
  facet normal 0.0780981 0 -0.996946
    outer loop
      vertex 16.4 2 13
      vertex 16.2749 0 12.9902
      vertex 16.2749 2 12.9902
    endloop
  endfacet
  facet normal -0.234096 0 -0.972214
    outer loop
      vertex 16.5251 0 12.9902
      vertex 16.6472 2 12.9608
      vertex 16.6472 0 12.9608
    endloop
  endfacet
  facet normal -0.234096 0 -0.972214
    outer loop
      vertex 16.6472 2 12.9608
      vertex 16.5251 0 12.9902
      vertex 16.5251 2 12.9902
    endloop
  endfacet
  facet normal -0.852533 0 -0.522674
    outer loop
      vertex 17.1128 0 12.5632
      vertex 17.0472 2 12.6702
      vertex 17.1128 2 12.5632
    endloop
  endfacet
  facet normal -0.852533 -0 -0.522674
    outer loop
      vertex 17.0472 2 12.6702
      vertex 17.1128 0 12.5632
      vertex 17.0472 0 12.6702
    endloop
  endfacet
  facet normal 0.522674 0 -0.852533
    outer loop
      vertex 15.9298 0 12.8472
      vertex 16.0368 2 12.9128
      vertex 16.0368 0 12.9128
    endloop
  endfacet
  facet normal 0.522674 0 -0.852533
    outer loop
      vertex 16.0368 2 12.9128
      vertex 15.9298 0 12.8472
      vertex 15.9298 2 12.8472
    endloop
  endfacet
  facet normal 0.76066 0 -0.64915
    outer loop
      vertex 15.8343 0 12.7657
      vertex 15.7528 2 12.6702
      vertex 15.8343 2 12.7657
    endloop
  endfacet
  facet normal 0.76066 0 -0.64915
    outer loop
      vertex 15.7528 2 12.6702
      vertex 15.8343 0 12.7657
      vertex 15.7528 0 12.6702
    endloop
  endfacet
  facet normal 0.382352 0 -0.924017
    outer loop
      vertex 16.0368 0 12.9128
      vertex 16.1528 2 12.9608
      vertex 16.1528 0 12.9608
    endloop
  endfacet
  facet normal 0.382352 0 -0.924017
    outer loop
      vertex 16.1528 2 12.9608
      vertex 16.0368 0 12.9128
      vertex 16.0368 2 12.9128
    endloop
  endfacet
  facet normal 0.996946 0 -0.0780981
    outer loop
      vertex 15.6098 0 12.3251
      vertex 15.6 2 12.2
      vertex 15.6098 2 12.3251
    endloop
  endfacet
  facet normal 0.996946 0 -0.0780981
    outer loop
      vertex 15.6 2 12.2
      vertex 15.6098 0 12.3251
      vertex 15.6 0 12.2
    endloop
  endfacet
  facet normal 0.924017 0 -0.382352
    outer loop
      vertex 15.6872 0 12.5632
      vertex 15.6392 2 12.4472
      vertex 15.6872 2 12.5632
    endloop
  endfacet
  facet normal 0.924017 0 -0.382352
    outer loop
      vertex 15.6392 2 12.4472
      vertex 15.6872 0 12.5632
      vertex 15.6392 0 12.4472
    endloop
  endfacet
  facet normal 0.972214 0 -0.234096
    outer loop
      vertex 15.6392 0 12.4472
      vertex 15.6098 2 12.3251
      vertex 15.6392 2 12.4472
    endloop
  endfacet
  facet normal 0.972214 0 -0.234096
    outer loop
      vertex 15.6098 2 12.3251
      vertex 15.6392 0 12.4472
      vertex 15.6098 0 12.3251
    endloop
  endfacet
  facet normal -0.760526 0 0.649307
    outer loop
      vertex 16.9657 0 5.23431
      vertex 17.0472 2 5.32977
      vertex 16.9657 2 5.23431
    endloop
  endfacet
  facet normal -0.760526 0 0.649307
    outer loop
      vertex 17.0472 2 5.32977
      vertex 16.9657 0 5.23431
      vertex 17.0472 0 5.32977
    endloop
  endfacet
  facet normal -0.649242 0 0.760582
    outer loop
      vertex 16.8702 2 5.15279
      vertex 16.9657 0 5.23431
      vertex 16.9657 2 5.23431
    endloop
  endfacet
  facet normal -0.649242 0 0.760582
    outer loop
      vertex 16.9657 0 5.23431
      vertex 16.8702 2 5.15279
      vertex 16.8702 0 5.15279
    endloop
  endfacet
  facet normal -0.522674 0 0.852533
    outer loop
      vertex 16.7632 2 5.08719
      vertex 16.8702 0 5.15279
      vertex 16.8702 2 5.15279
    endloop
  endfacet
  facet normal -0.522674 0 0.852533
    outer loop
      vertex 16.8702 0 5.15279
      vertex 16.7632 2 5.08719
      vertex 16.7632 0 5.08719
    endloop
  endfacet
  facet normal 0.760526 -0 0.649307
    outer loop
      vertex 15.7528 0 5.32977
      vertex 15.8343 2 5.23431
      vertex 15.7528 2 5.32977
    endloop
  endfacet
  facet normal 0.760526 0 0.649307
    outer loop
      vertex 15.8343 2 5.23431
      vertex 15.7528 0 5.32977
      vertex 15.8343 0 5.23431
    endloop
  endfacet
  facet normal -0.0784941 0 0.996915
    outer loop
      vertex 16.4 2 5
      vertex 16.5251 0 5.00985
      vertex 16.5251 2 5.00985
    endloop
  endfacet
  facet normal -0.0784941 0 0.996915
    outer loop
      vertex 16.5251 0 5.00985
      vertex 16.4 2 5
      vertex 16.4 0 5
    endloop
  endfacet
  facet normal 0.0784941 0 0.996915
    outer loop
      vertex 16.2749 2 5.00985
      vertex 16.4 0 5
      vertex 16.4 2 5
    endloop
  endfacet
  facet normal 0.0784941 0 0.996915
    outer loop
      vertex 16.4 0 5
      vertex 16.2749 2 5.00985
      vertex 16.2749 0 5.00985
    endloop
  endfacet
  facet normal -0.0780981 0 -0.996946
    outer loop
      vertex 16.4 0 13
      vertex 16.5251 2 12.9902
      vertex 16.5251 0 12.9902
    endloop
  endfacet
  facet normal -0.0780981 0 -0.996946
    outer loop
      vertex 16.5251 2 12.9902
      vertex 16.4 0 13
      vertex 16.4 2 13
    endloop
  endfacet
  facet normal -0.382352 0 -0.924017
    outer loop
      vertex 16.6472 0 12.9608
      vertex 16.7632 2 12.9128
      vertex 16.7632 0 12.9128
    endloop
  endfacet
  facet normal -0.382352 0 -0.924017
    outer loop
      vertex 16.7632 2 12.9128
      vertex 16.6472 0 12.9608
      vertex 16.6472 2 12.9608
    endloop
  endfacet
  facet normal -0.76066 0 -0.64915
    outer loop
      vertex 17.0472 0 12.6702
      vertex 16.9657 2 12.7657
      vertex 17.0472 2 12.6702
    endloop
  endfacet
  facet normal -0.76066 -0 -0.64915
    outer loop
      vertex 16.9657 2 12.7657
      vertex 17.0472 0 12.6702
      vertex 16.9657 0 12.7657
    endloop
  endfacet
  facet normal -0.522674 0 -0.852533
    outer loop
      vertex 16.7632 0 12.9128
      vertex 16.8702 2 12.8472
      vertex 16.8702 0 12.8472
    endloop
  endfacet
  facet normal -0.522674 0 -0.852533
    outer loop
      vertex 16.8702 2 12.8472
      vertex 16.7632 0 12.9128
      vertex 16.7632 2 12.9128
    endloop
  endfacet
  facet normal -0.64915 0 -0.76066
    outer loop
      vertex 16.8702 0 12.8472
      vertex 16.9657 2 12.7657
      vertex 16.9657 0 12.7657
    endloop
  endfacet
  facet normal -0.64915 0 -0.76066
    outer loop
      vertex 16.9657 2 12.7657
      vertex 16.8702 0 12.8472
      vertex 16.8702 2 12.8472
    endloop
  endfacet
  facet normal -0.924017 0 -0.382352
    outer loop
      vertex 17.1608 0 12.4472
      vertex 17.1128 2 12.5632
      vertex 17.1608 2 12.4472
    endloop
  endfacet
  facet normal -0.924017 -0 -0.382352
    outer loop
      vertex 17.1128 2 12.5632
      vertex 17.1608 0 12.4472
      vertex 17.1128 0 12.5632
    endloop
  endfacet
  facet normal 0.64915 0 -0.76066
    outer loop
      vertex 15.8343 0 12.7657
      vertex 15.9298 2 12.8472
      vertex 15.9298 0 12.8472
    endloop
  endfacet
  facet normal 0.64915 0 -0.76066
    outer loop
      vertex 15.9298 2 12.8472
      vertex 15.8343 0 12.7657
      vertex 15.8343 2 12.7657
    endloop
  endfacet
  facet normal -0.972196 0 0.234168
    outer loop
      vertex 17.1608 0 5.55279
      vertex 17.1902 2 5.67485
      vertex 17.1608 2 5.55279
    endloop
  endfacet
  facet normal -0.972196 0 0.234168
    outer loop
      vertex 17.1902 2 5.67485
      vertex 17.1608 0 5.55279
      vertex 17.1902 0 5.67485
    endloop
  endfacet
  facet normal -0.382624 0 0.923904
    outer loop
      vertex 16.6472 2 5.03915
      vertex 16.7632 0 5.08719
      vertex 16.7632 2 5.08719
    endloop
  endfacet
  facet normal -0.382624 0 0.923904
    outer loop
      vertex 16.7632 0 5.08719
      vertex 16.6472 2 5.03915
      vertex 16.6472 0 5.03915
    endloop
  endfacet
  facet normal 0.85262 -0 0.522532
    outer loop
      vertex 15.6872 0 5.43681
      vertex 15.7528 2 5.32977
      vertex 15.6872 2 5.43681
    endloop
  endfacet
  facet normal 0.85262 0 0.522532
    outer loop
      vertex 15.7528 2 5.32977
      vertex 15.6872 0 5.43681
      vertex 15.7528 0 5.32977
    endloop
  endfacet
  facet normal 0.649242 0 0.760582
    outer loop
      vertex 15.8343 2 5.23431
      vertex 15.9298 0 5.15279
      vertex 15.9298 2 5.15279
    endloop
  endfacet
  facet normal 0.649242 0 0.760582
    outer loop
      vertex 15.9298 0 5.15279
      vertex 15.8343 2 5.23431
      vertex 15.8343 0 5.23431
    endloop
  endfacet
  facet normal 0.233343 0 0.972395
    outer loop
      vertex 16.1528 2 5.03915
      vertex 16.2749 0 5.00985
      vertex 16.2749 2 5.00985
    endloop
  endfacet
  facet normal 0.233343 0 0.972395
    outer loop
      vertex 16.2749 0 5.00985
      vertex 16.1528 2 5.03915
      vertex 16.1528 0 5.03915
    endloop
  endfacet
  facet normal 0.522674 0 0.852533
    outer loop
      vertex 15.9298 2 5.15279
      vertex 16.0368 0 5.08719
      vertex 16.0368 2 5.08719
    endloop
  endfacet
  facet normal 0.522674 0 0.852533
    outer loop
      vertex 16.0368 0 5.08719
      vertex 15.9298 2 5.15279
      vertex 15.9298 0 5.15279
    endloop
  endfacet
  facet normal -0.996948 0 0.0780671
    outer loop
      vertex 20.1902 0 5.67485
      vertex 20.2 2 5.8
      vertex 20.1902 2 5.67485
    endloop
  endfacet
  facet normal -0.996948 0 0.0780671
    outer loop
      vertex 20.2 2 5.8
      vertex 20.1902 0 5.67485
      vertex 20.2 0 5.8
    endloop
  endfacet
  facet normal -0.972196 0 0.234168
    outer loop
      vertex 20.1608 0 5.55279
      vertex 20.1902 2 5.67485
      vertex 20.1608 2 5.55279
    endloop
  endfacet
  facet normal -0.972196 0 0.234168
    outer loop
      vertex 20.1902 2 5.67485
      vertex 20.1608 0 5.55279
      vertex 20.1902 0 5.67485
    endloop
  endfacet
  facet normal -0.923994 0 0.382408
    outer loop
      vertex 20.1128 0 5.43681
      vertex 20.1608 2 5.55279
      vertex 20.1128 2 5.43681
    endloop
  endfacet
  facet normal -0.923994 0 0.382408
    outer loop
      vertex 20.1608 2 5.55279
      vertex 20.1128 0 5.43681
      vertex 20.1608 0 5.55279
    endloop
  endfacet
  facet normal -1 0 0
    outer loop
      vertex 20.2 0 5.8
      vertex 20.2 2 12.2
      vertex 20.2 2 5.8
    endloop
  endfacet
  facet normal -1 -0 0
    outer loop
      vertex 20.2 2 12.2
      vertex 20.2 0 5.8
      vertex 20.2 0 12.2
    endloop
  endfacet
  facet normal 0.923994 -0 0.382408
    outer loop
      vertex 18.6392 0 5.55279
      vertex 18.6872 2 5.43681
      vertex 18.6392 2 5.55279
    endloop
  endfacet
  facet normal 0.923994 0 0.382408
    outer loop
      vertex 18.6872 2 5.43681
      vertex 18.6392 0 5.55279
      vertex 18.6872 0 5.43681
    endloop
  endfacet
  facet normal -0.972214 0 -0.234096
    outer loop
      vertex 20.1902 0 12.3251
      vertex 20.1608 2 12.4472
      vertex 20.1902 2 12.3251
    endloop
  endfacet
  facet normal -0.972214 -0 -0.234096
    outer loop
      vertex 20.1608 2 12.4472
      vertex 20.1902 0 12.3251
      vertex 20.1608 0 12.4472
    endloop
  endfacet
  facet normal -0.233343 0 0.972395
    outer loop
      vertex 19.5251 2 5.00985
      vertex 19.6472 0 5.03915
      vertex 19.6472 2 5.03915
    endloop
  endfacet
  facet normal -0.233343 0 0.972395
    outer loop
      vertex 19.6472 0 5.03915
      vertex 19.5251 2 5.00985
      vertex 19.5251 0 5.00985
    endloop
  endfacet
  facet normal 0.972196 -0 0.234168
    outer loop
      vertex 18.6098 0 5.67485
      vertex 18.6392 2 5.55279
      vertex 18.6098 2 5.67485
    endloop
  endfacet
  facet normal 0.972196 0 0.234168
    outer loop
      vertex 18.6392 2 5.55279
      vertex 18.6098 0 5.67485
      vertex 18.6392 0 5.55279
    endloop
  endfacet
  facet normal 0.996948 -0 0.0780671
    outer loop
      vertex 18.6 0 5.8
      vertex 18.6098 2 5.67485
      vertex 18.6 2 5.8
    endloop
  endfacet
  facet normal 0.996948 0 0.0780671
    outer loop
      vertex 18.6098 2 5.67485
      vertex 18.6 0 5.8
      vertex 18.6098 0 5.67485
    endloop
  endfacet
  facet normal 1 -0 0
    outer loop
      vertex 18.6 0 12.2
      vertex 18.6 2 5.8
      vertex 18.6 2 12.2
    endloop
  endfacet
  facet normal 1 0 0
    outer loop
      vertex 18.6 2 5.8
      vertex 18.6 0 12.2
      vertex 18.6 0 5.8
    endloop
  endfacet
  facet normal 0.234096 0 -0.972214
    outer loop
      vertex 19.1528 0 12.9608
      vertex 19.2749 2 12.9902
      vertex 19.2749 0 12.9902
    endloop
  endfacet
  facet normal 0.234096 0 -0.972214
    outer loop
      vertex 19.2749 2 12.9902
      vertex 19.1528 0 12.9608
      vertex 19.1528 2 12.9608
    endloop
  endfacet
  facet normal 0.852533 0 -0.522674
    outer loop
      vertex 18.7528 0 12.6702
      vertex 18.6872 2 12.5632
      vertex 18.7528 2 12.6702
    endloop
  endfacet
  facet normal 0.852533 0 -0.522674
    outer loop
      vertex 18.6872 2 12.5632
      vertex 18.7528 0 12.6702
      vertex 18.6872 0 12.5632
    endloop
  endfacet
  facet normal -0.996946 0 -0.0780981
    outer loop
      vertex 20.2 0 12.2
      vertex 20.1902 2 12.3251
      vertex 20.2 2 12.2
    endloop
  endfacet
  facet normal -0.996946 -0 -0.0780981
    outer loop
      vertex 20.1902 2 12.3251
      vertex 20.2 0 12.2
      vertex 20.1902 0 12.3251
    endloop
  endfacet
  facet normal -0.85262 0 0.522532
    outer loop
      vertex 20.0472 0 5.32977
      vertex 20.1128 2 5.43681
      vertex 20.0472 2 5.32977
    endloop
  endfacet
  facet normal -0.85262 0 0.522532
    outer loop
      vertex 20.1128 2 5.43681
      vertex 20.0472 0 5.32977
      vertex 20.1128 0 5.43681
    endloop
  endfacet
  facet normal 0.382624 0 0.923904
    outer loop
      vertex 19.0368 2 5.08719
      vertex 19.1528 0 5.03915
      vertex 19.1528 2 5.03915
    endloop
  endfacet
  facet normal 0.382624 0 0.923904
    outer loop
      vertex 19.1528 0 5.03915
      vertex 19.0368 2 5.08719
      vertex 19.0368 0 5.08719
    endloop
  endfacet
  facet normal 0.0780981 0 -0.996946
    outer loop
      vertex 19.2749 0 12.9902
      vertex 19.4 2 13
      vertex 19.4 0 13
    endloop
  endfacet
  facet normal 0.0780981 0 -0.996946
    outer loop
      vertex 19.4 2 13
      vertex 19.2749 0 12.9902
      vertex 19.2749 2 12.9902
    endloop
  endfacet
  facet normal -0.234096 0 -0.972214
    outer loop
      vertex 19.5251 0 12.9902
      vertex 19.6472 2 12.9608
      vertex 19.6472 0 12.9608
    endloop
  endfacet
  facet normal -0.234096 0 -0.972214
    outer loop
      vertex 19.6472 2 12.9608
      vertex 19.5251 0 12.9902
      vertex 19.5251 2 12.9902
    endloop
  endfacet
  facet normal -0.852533 0 -0.522674
    outer loop
      vertex 20.1128 0 12.5632
      vertex 20.0472 2 12.6702
      vertex 20.1128 2 12.5632
    endloop
  endfacet
  facet normal -0.852533 -0 -0.522674
    outer loop
      vertex 20.0472 2 12.6702
      vertex 20.1128 0 12.5632
      vertex 20.0472 0 12.6702
    endloop
  endfacet
  facet normal 0.522674 0 -0.852533
    outer loop
      vertex 18.9298 0 12.8472
      vertex 19.0368 2 12.9128
      vertex 19.0368 0 12.9128
    endloop
  endfacet
  facet normal 0.522674 0 -0.852533
    outer loop
      vertex 19.0368 2 12.9128
      vertex 18.9298 0 12.8472
      vertex 18.9298 2 12.8472
    endloop
  endfacet
  facet normal 0.76066 0 -0.64915
    outer loop
      vertex 18.8343 0 12.7657
      vertex 18.7528 2 12.6702
      vertex 18.8343 2 12.7657
    endloop
  endfacet
  facet normal 0.76066 0 -0.64915
    outer loop
      vertex 18.7528 2 12.6702
      vertex 18.8343 0 12.7657
      vertex 18.7528 0 12.6702
    endloop
  endfacet
  facet normal 0.382352 0 -0.924017
    outer loop
      vertex 19.0368 0 12.9128
      vertex 19.1528 2 12.9608
      vertex 19.1528 0 12.9608
    endloop
  endfacet
  facet normal 0.382352 0 -0.924017
    outer loop
      vertex 19.1528 2 12.9608
      vertex 19.0368 0 12.9128
      vertex 19.0368 2 12.9128
    endloop
  endfacet
  facet normal 0.996946 0 -0.0780981
    outer loop
      vertex 18.6098 0 12.3251
      vertex 18.6 2 12.2
      vertex 18.6098 2 12.3251
    endloop
  endfacet
  facet normal 0.996946 0 -0.0780981
    outer loop
      vertex 18.6 2 12.2
      vertex 18.6098 0 12.3251
      vertex 18.6 0 12.2
    endloop
  endfacet
  facet normal 0.924017 0 -0.382352
    outer loop
      vertex 18.6872 0 12.5632
      vertex 18.6392 2 12.4472
      vertex 18.6872 2 12.5632
    endloop
  endfacet
  facet normal 0.924017 0 -0.382352
    outer loop
      vertex 18.6392 2 12.4472
      vertex 18.6872 0 12.5632
      vertex 18.6392 0 12.4472
    endloop
  endfacet
  facet normal 0.972214 0 -0.234096
    outer loop
      vertex 18.6392 0 12.4472
      vertex 18.6098 2 12.3251
      vertex 18.6392 2 12.4472
    endloop
  endfacet
  facet normal 0.972214 0 -0.234096
    outer loop
      vertex 18.6098 2 12.3251
      vertex 18.6392 0 12.4472
      vertex 18.6098 0 12.3251
    endloop
  endfacet
  facet normal -0.760526 0 0.649307
    outer loop
      vertex 19.9657 0 5.23431
      vertex 20.0472 2 5.32977
      vertex 19.9657 2 5.23431
    endloop
  endfacet
  facet normal -0.760526 0 0.649307
    outer loop
      vertex 20.0472 2 5.32977
      vertex 19.9657 0 5.23431
      vertex 20.0472 0 5.32977
    endloop
  endfacet
  facet normal -0.649242 0 0.760582
    outer loop
      vertex 19.8702 2 5.15279
      vertex 19.9657 0 5.23431
      vertex 19.9657 2 5.23431
    endloop
  endfacet
  facet normal -0.649242 0 0.760582
    outer loop
      vertex 19.9657 0 5.23431
      vertex 19.8702 2 5.15279
      vertex 19.8702 0 5.15279
    endloop
  endfacet
  facet normal -0.382624 0 0.923904
    outer loop
      vertex 19.6472 2 5.03915
      vertex 19.7632 0 5.08719
      vertex 19.7632 2 5.08719
    endloop
  endfacet
  facet normal -0.382624 0 0.923904
    outer loop
      vertex 19.7632 0 5.08719
      vertex 19.6472 2 5.03915
      vertex 19.6472 0 5.03915
    endloop
  endfacet
  facet normal -0.522674 0 0.852533
    outer loop
      vertex 19.7632 2 5.08719
      vertex 19.8702 0 5.15279
      vertex 19.8702 2 5.15279
    endloop
  endfacet
  facet normal -0.522674 0 0.852533
    outer loop
      vertex 19.8702 0 5.15279
      vertex 19.7632 2 5.08719
      vertex 19.7632 0 5.08719
    endloop
  endfacet
  facet normal 0.760526 -0 0.649307
    outer loop
      vertex 18.7528 0 5.32977
      vertex 18.8343 2 5.23431
      vertex 18.7528 2 5.32977
    endloop
  endfacet
  facet normal 0.760526 0 0.649307
    outer loop
      vertex 18.8343 2 5.23431
      vertex 18.7528 0 5.32977
      vertex 18.8343 0 5.23431
    endloop
  endfacet
  facet normal 0.85262 -0 0.522532
    outer loop
      vertex 18.6872 0 5.43681
      vertex 18.7528 2 5.32977
      vertex 18.6872 2 5.43681
    endloop
  endfacet
  facet normal 0.85262 0 0.522532
    outer loop
      vertex 18.7528 2 5.32977
      vertex 18.6872 0 5.43681
      vertex 18.7528 0 5.32977
    endloop
  endfacet
  facet normal -0.0784941 0 0.996915
    outer loop
      vertex 19.4 2 5
      vertex 19.5251 0 5.00985
      vertex 19.5251 2 5.00985
    endloop
  endfacet
  facet normal -0.0784941 0 0.996915
    outer loop
      vertex 19.5251 0 5.00985
      vertex 19.4 2 5
      vertex 19.4 0 5
    endloop
  endfacet
  facet normal 0.233343 0 0.972395
    outer loop
      vertex 19.1528 2 5.03915
      vertex 19.2749 0 5.00985
      vertex 19.2749 2 5.00985
    endloop
  endfacet
  facet normal 0.233343 0 0.972395
    outer loop
      vertex 19.2749 0 5.00985
      vertex 19.1528 2 5.03915
      vertex 19.1528 0 5.03915
    endloop
  endfacet
  facet normal 0.0784941 0 0.996915
    outer loop
      vertex 19.2749 2 5.00985
      vertex 19.4 0 5
      vertex 19.4 2 5
    endloop
  endfacet
  facet normal 0.0784941 0 0.996915
    outer loop
      vertex 19.4 0 5
      vertex 19.2749 2 5.00985
      vertex 19.2749 0 5.00985
    endloop
  endfacet
  facet normal -0.0780981 0 -0.996946
    outer loop
      vertex 19.4 0 13
      vertex 19.5251 2 12.9902
      vertex 19.5251 0 12.9902
    endloop
  endfacet
  facet normal -0.0780981 0 -0.996946
    outer loop
      vertex 19.5251 2 12.9902
      vertex 19.4 0 13
      vertex 19.4 2 13
    endloop
  endfacet
  facet normal -0.382352 0 -0.924017
    outer loop
      vertex 19.6472 0 12.9608
      vertex 19.7632 2 12.9128
      vertex 19.7632 0 12.9128
    endloop
  endfacet
  facet normal -0.382352 0 -0.924017
    outer loop
      vertex 19.7632 2 12.9128
      vertex 19.6472 0 12.9608
      vertex 19.6472 2 12.9608
    endloop
  endfacet
  facet normal -0.76066 0 -0.64915
    outer loop
      vertex 20.0472 0 12.6702
      vertex 19.9657 2 12.7657
      vertex 20.0472 2 12.6702
    endloop
  endfacet
  facet normal -0.76066 -0 -0.64915
    outer loop
      vertex 19.9657 2 12.7657
      vertex 20.0472 0 12.6702
      vertex 19.9657 0 12.7657
    endloop
  endfacet
  facet normal -0.522674 0 -0.852533
    outer loop
      vertex 19.7632 0 12.9128
      vertex 19.8702 2 12.8472
      vertex 19.8702 0 12.8472
    endloop
  endfacet
  facet normal -0.522674 0 -0.852533
    outer loop
      vertex 19.8702 2 12.8472
      vertex 19.7632 0 12.9128
      vertex 19.7632 2 12.9128
    endloop
  endfacet
  facet normal -0.64915 0 -0.76066
    outer loop
      vertex 19.8702 0 12.8472
      vertex 19.9657 2 12.7657
      vertex 19.9657 0 12.7657
    endloop
  endfacet
  facet normal -0.64915 0 -0.76066
    outer loop
      vertex 19.9657 2 12.7657
      vertex 19.8702 0 12.8472
      vertex 19.8702 2 12.8472
    endloop
  endfacet
  facet normal -0.924017 0 -0.382352
    outer loop
      vertex 20.1608 0 12.4472
      vertex 20.1128 2 12.5632
      vertex 20.1608 2 12.4472
    endloop
  endfacet
  facet normal -0.924017 -0 -0.382352
    outer loop
      vertex 20.1128 2 12.5632
      vertex 20.1608 0 12.4472
      vertex 20.1128 0 12.5632
    endloop
  endfacet
  facet normal 0.64915 0 -0.76066
    outer loop
      vertex 18.8343 0 12.7657
      vertex 18.9298 2 12.8472
      vertex 18.9298 0 12.8472
    endloop
  endfacet
  facet normal 0.64915 0 -0.76066
    outer loop
      vertex 18.9298 2 12.8472
      vertex 18.8343 0 12.7657
      vertex 18.8343 2 12.7657
    endloop
  endfacet
  facet normal 0.649242 0 0.760582
    outer loop
      vertex 18.8343 2 5.23431
      vertex 18.9298 0 5.15279
      vertex 18.9298 2 5.15279
    endloop
  endfacet
  facet normal 0.649242 0 0.760582
    outer loop
      vertex 18.9298 0 5.15279
      vertex 18.8343 2 5.23431
      vertex 18.8343 0 5.23431
    endloop
  endfacet
  facet normal 0.522674 0 0.852533
    outer loop
      vertex 18.9298 2 5.15279
      vertex 19.0368 0 5.08719
      vertex 19.0368 2 5.08719
    endloop
  endfacet
  facet normal 0.522674 0 0.852533
    outer loop
      vertex 19.0368 0 5.08719
      vertex 18.9298 2 5.15279
      vertex 18.9298 0 5.15279
    endloop
  endfacet
  facet normal -0.996948 0 0.0780671
    outer loop
      vertex 23.1902 0 5.67485
      vertex 23.2 2 5.8
      vertex 23.1902 2 5.67485
    endloop
  endfacet
  facet normal -0.996948 0 0.0780671
    outer loop
      vertex 23.2 2 5.8
      vertex 23.1902 0 5.67485
      vertex 23.2 0 5.8
    endloop
  endfacet
  facet normal -1 0 0
    outer loop
      vertex 23.2 0 5.8
      vertex 23.2 2 12.2
      vertex 23.2 2 5.8
    endloop
  endfacet
  facet normal -1 -0 0
    outer loop
      vertex 23.2 2 12.2
      vertex 23.2 0 5.8
      vertex 23.2 0 12.2
    endloop
  endfacet
  facet normal -0.0784941 0 0.996915
    outer loop
      vertex 22.4 2 5
      vertex 22.5251 0 5.00985
      vertex 22.5251 2 5.00985
    endloop
  endfacet
  facet normal -0.0784941 0 0.996915
    outer loop
      vertex 22.5251 0 5.00985
      vertex 22.4 2 5
      vertex 22.4 0 5
    endloop
  endfacet
  facet normal 0.996948 -0 0.0780671
    outer loop
      vertex 21.6 0 5.8
      vertex 21.6098 2 5.67485
      vertex 21.6 2 5.8
    endloop
  endfacet
  facet normal 0.996948 0 0.0780671
    outer loop
      vertex 21.6098 2 5.67485
      vertex 21.6 0 5.8
      vertex 21.6098 0 5.67485
    endloop
  endfacet
  facet normal 0.0780981 0 -0.996946
    outer loop
      vertex 22.2749 0 12.9902
      vertex 22.4 2 13
      vertex 22.4 0 13
    endloop
  endfacet
  facet normal 0.0780981 0 -0.996946
    outer loop
      vertex 22.4 2 13
      vertex 22.2749 0 12.9902
      vertex 22.2749 2 12.9902
    endloop
  endfacet
  facet normal -0.972214 0 -0.234096
    outer loop
      vertex 23.1902 0 12.3251
      vertex 23.1608 2 12.4472
      vertex 23.1902 2 12.3251
    endloop
  endfacet
  facet normal -0.972214 -0 -0.234096
    outer loop
      vertex 23.1608 2 12.4472
      vertex 23.1902 0 12.3251
      vertex 23.1608 0 12.4472
    endloop
  endfacet
  facet normal -0.996946 0 -0.0780981
    outer loop
      vertex 23.2 0 12.2
      vertex 23.1902 2 12.3251
      vertex 23.2 2 12.2
    endloop
  endfacet
  facet normal -0.996946 -0 -0.0780981
    outer loop
      vertex 23.1902 2 12.3251
      vertex 23.2 0 12.2
      vertex 23.1902 0 12.3251
    endloop
  endfacet
  facet normal 1 -0 0
    outer loop
      vertex 21.6 0 12.2
      vertex 21.6 2 5.8
      vertex 21.6 2 12.2
    endloop
  endfacet
  facet normal 1 0 0
    outer loop
      vertex 21.6 2 5.8
      vertex 21.6 0 12.2
      vertex 21.6 0 5.8
    endloop
  endfacet
  facet normal 0.972196 -0 0.234168
    outer loop
      vertex 21.6098 0 5.67485
      vertex 21.6392 2 5.55279
      vertex 21.6098 2 5.67485
    endloop
  endfacet
  facet normal 0.972196 0 0.234168
    outer loop
      vertex 21.6392 2 5.55279
      vertex 21.6098 0 5.67485
      vertex 21.6392 0 5.55279
    endloop
  endfacet
  facet normal -0.924017 0 -0.382352
    outer loop
      vertex 23.1608 0 12.4472
      vertex 23.1128 2 12.5632
      vertex 23.1608 2 12.4472
    endloop
  endfacet
  facet normal -0.924017 -0 -0.382352
    outer loop
      vertex 23.1128 2 12.5632
      vertex 23.1608 0 12.4472
      vertex 23.1128 0 12.5632
    endloop
  endfacet
  facet normal -0.852533 0 -0.522674
    outer loop
      vertex 23.1128 0 12.5632
      vertex 23.0472 2 12.6702
      vertex 23.1128 2 12.5632
    endloop
  endfacet
  facet normal -0.852533 -0 -0.522674
    outer loop
      vertex 23.0472 2 12.6702
      vertex 23.1128 0 12.5632
      vertex 23.0472 0 12.6702
    endloop
  endfacet
  facet normal 0.972214 0 -0.234096
    outer loop
      vertex 21.6392 0 12.4472
      vertex 21.6098 2 12.3251
      vertex 21.6392 2 12.4472
    endloop
  endfacet
  facet normal 0.972214 0 -0.234096
    outer loop
      vertex 21.6098 2 12.3251
      vertex 21.6392 0 12.4472
      vertex 21.6098 0 12.3251
    endloop
  endfacet
  facet normal -0.522674 0 0.852533
    outer loop
      vertex 22.7632 2 5.08719
      vertex 22.8702 0 5.15279
      vertex 22.8702 2 5.15279
    endloop
  endfacet
  facet normal -0.522674 0 0.852533
    outer loop
      vertex 22.8702 0 5.15279
      vertex 22.7632 2 5.08719
      vertex 22.7632 0 5.08719
    endloop
  endfacet
  facet normal -0.760526 0 0.649307
    outer loop
      vertex 22.9657 0 5.23431
      vertex 23.0472 2 5.32977
      vertex 22.9657 2 5.23431
    endloop
  endfacet
  facet normal -0.760526 0 0.649307
    outer loop
      vertex 23.0472 2 5.32977
      vertex 22.9657 0 5.23431
      vertex 23.0472 0 5.32977
    endloop
  endfacet
  facet normal 0.382624 0 0.923904
    outer loop
      vertex 22.0368 2 5.08719
      vertex 22.1528 0 5.03915
      vertex 22.1528 2 5.03915
    endloop
  endfacet
  facet normal 0.382624 0 0.923904
    outer loop
      vertex 22.1528 0 5.03915
      vertex 22.0368 2 5.08719
      vertex 22.0368 0 5.08719
    endloop
  endfacet
  facet normal -0.234096 0 -0.972214
    outer loop
      vertex 22.5251 0 12.9902
      vertex 22.6472 2 12.9608
      vertex 22.6472 0 12.9608
    endloop
  endfacet
  facet normal -0.234096 0 -0.972214
    outer loop
      vertex 22.6472 2 12.9608
      vertex 22.5251 0 12.9902
      vertex 22.5251 2 12.9902
    endloop
  endfacet
  facet normal -0.522674 0 -0.852533
    outer loop
      vertex 22.7632 0 12.9128
      vertex 22.8702 2 12.8472
      vertex 22.8702 0 12.8472
    endloop
  endfacet
  facet normal -0.522674 0 -0.852533
    outer loop
      vertex 22.8702 2 12.8472
      vertex 22.7632 0 12.9128
      vertex 22.7632 2 12.9128
    endloop
  endfacet
  facet normal 0.924017 0 -0.382352
    outer loop
      vertex 21.6872 0 12.5632
      vertex 21.6392 2 12.4472
      vertex 21.6872 2 12.5632
    endloop
  endfacet
  facet normal 0.924017 0 -0.382352
    outer loop
      vertex 21.6392 2 12.4472
      vertex 21.6872 0 12.5632
      vertex 21.6392 0 12.4472
    endloop
  endfacet
  facet normal 0.996946 0 -0.0780981
    outer loop
      vertex 21.6098 0 12.3251
      vertex 21.6 2 12.2
      vertex 21.6098 2 12.3251
    endloop
  endfacet
  facet normal 0.996946 0 -0.0780981
    outer loop
      vertex 21.6 2 12.2
      vertex 21.6098 0 12.3251
      vertex 21.6 0 12.2
    endloop
  endfacet
  facet normal 0.522674 0 -0.852533
    outer loop
      vertex 21.9298 0 12.8472
      vertex 22.0368 2 12.9128
      vertex 22.0368 0 12.9128
    endloop
  endfacet
  facet normal 0.522674 0 -0.852533
    outer loop
      vertex 22.0368 2 12.9128
      vertex 21.9298 0 12.8472
      vertex 21.9298 2 12.8472
    endloop
  endfacet
  facet normal 0.382352 0 -0.924017
    outer loop
      vertex 22.0368 0 12.9128
      vertex 22.1528 2 12.9608
      vertex 22.1528 0 12.9608
    endloop
  endfacet
  facet normal 0.382352 0 -0.924017
    outer loop
      vertex 22.1528 2 12.9608
      vertex 22.0368 0 12.9128
      vertex 22.0368 2 12.9128
    endloop
  endfacet
  facet normal 0.76066 0 -0.64915
    outer loop
      vertex 21.8343 0 12.7657
      vertex 21.7528 2 12.6702
      vertex 21.8343 2 12.7657
    endloop
  endfacet
  facet normal 0.76066 0 -0.64915
    outer loop
      vertex 21.7528 2 12.6702
      vertex 21.8343 0 12.7657
      vertex 21.7528 0 12.6702
    endloop
  endfacet
  facet normal 0.234096 0 -0.972214
    outer loop
      vertex 22.1528 0 12.9608
      vertex 22.2749 2 12.9902
      vertex 22.2749 0 12.9902
    endloop
  endfacet
  facet normal 0.234096 0 -0.972214
    outer loop
      vertex 22.2749 2 12.9902
      vertex 22.1528 0 12.9608
      vertex 22.1528 2 12.9608
    endloop
  endfacet
  facet normal -0.972196 0 0.234168
    outer loop
      vertex 23.1608 0 5.55279
      vertex 23.1902 2 5.67485
      vertex 23.1608 2 5.55279
    endloop
  endfacet
  facet normal -0.972196 0 0.234168
    outer loop
      vertex 23.1902 2 5.67485
      vertex 23.1608 0 5.55279
      vertex 23.1902 0 5.67485
    endloop
  endfacet
  facet normal -0.233343 0 0.972395
    outer loop
      vertex 22.5251 2 5.00985
      vertex 22.6472 0 5.03915
      vertex 22.6472 2 5.03915
    endloop
  endfacet
  facet normal -0.233343 0 0.972395
    outer loop
      vertex 22.6472 0 5.03915
      vertex 22.5251 2 5.00985
      vertex 22.5251 0 5.00985
    endloop
  endfacet
  facet normal -0.649242 0 0.760582
    outer loop
      vertex 22.8702 2 5.15279
      vertex 22.9657 0 5.23431
      vertex 22.9657 2 5.23431
    endloop
  endfacet
  facet normal -0.649242 0 0.760582
    outer loop
      vertex 22.9657 0 5.23431
      vertex 22.8702 2 5.15279
      vertex 22.8702 0 5.15279
    endloop
  endfacet
  facet normal -0.382624 0 0.923904
    outer loop
      vertex 22.6472 2 5.03915
      vertex 22.7632 0 5.08719
      vertex 22.7632 2 5.08719
    endloop
  endfacet
  facet normal -0.382624 0 0.923904
    outer loop
      vertex 22.7632 0 5.08719
      vertex 22.6472 2 5.03915
      vertex 22.6472 0 5.03915
    endloop
  endfacet
  facet normal -0.923994 0 0.382408
    outer loop
      vertex 23.1128 0 5.43681
      vertex 23.1608 2 5.55279
      vertex 23.1128 2 5.43681
    endloop
  endfacet
  facet normal -0.923994 0 0.382408
    outer loop
      vertex 23.1608 2 5.55279
      vertex 23.1128 0 5.43681
      vertex 23.1608 0 5.55279
    endloop
  endfacet
  facet normal -0.85262 0 0.522532
    outer loop
      vertex 23.0472 0 5.32977
      vertex 23.1128 2 5.43681
      vertex 23.0472 2 5.32977
    endloop
  endfacet
  facet normal -0.85262 0 0.522532
    outer loop
      vertex 23.1128 2 5.43681
      vertex 23.0472 0 5.32977
      vertex 23.1128 0 5.43681
    endloop
  endfacet
  facet normal 0.0784941 0 0.996915
    outer loop
      vertex 22.2749 2 5.00985
      vertex 22.4 0 5
      vertex 22.4 2 5
    endloop
  endfacet
  facet normal 0.0784941 0 0.996915
    outer loop
      vertex 22.4 0 5
      vertex 22.2749 2 5.00985
      vertex 22.2749 0 5.00985
    endloop
  endfacet
  facet normal 0.923994 -0 0.382408
    outer loop
      vertex 21.6392 0 5.55279
      vertex 21.6872 2 5.43681
      vertex 21.6392 2 5.55279
    endloop
  endfacet
  facet normal 0.923994 0 0.382408
    outer loop
      vertex 21.6872 2 5.43681
      vertex 21.6392 0 5.55279
      vertex 21.6872 0 5.43681
    endloop
  endfacet
  facet normal 0.233343 0 0.972395
    outer loop
      vertex 22.1528 2 5.03915
      vertex 22.2749 0 5.00985
      vertex 22.2749 2 5.00985
    endloop
  endfacet
  facet normal 0.233343 0 0.972395
    outer loop
      vertex 22.2749 0 5.00985
      vertex 22.1528 2 5.03915
      vertex 22.1528 0 5.03915
    endloop
  endfacet
  facet normal 0.760526 -0 0.649307
    outer loop
      vertex 21.7528 0 5.32977
      vertex 21.8343 2 5.23431
      vertex 21.7528 2 5.32977
    endloop
  endfacet
  facet normal 0.760526 0 0.649307
    outer loop
      vertex 21.8343 2 5.23431
      vertex 21.7528 0 5.32977
      vertex 21.8343 0 5.23431
    endloop
  endfacet
  facet normal -0.0780981 0 -0.996946
    outer loop
      vertex 22.4 0 13
      vertex 22.5251 2 12.9902
      vertex 22.5251 0 12.9902
    endloop
  endfacet
  facet normal -0.0780981 0 -0.996946
    outer loop
      vertex 22.5251 2 12.9902
      vertex 22.4 0 13
      vertex 22.4 2 13
    endloop
  endfacet
  facet normal -0.382352 0 -0.924017
    outer loop
      vertex 22.6472 0 12.9608
      vertex 22.7632 2 12.9128
      vertex 22.7632 0 12.9128
    endloop
  endfacet
  facet normal -0.382352 0 -0.924017
    outer loop
      vertex 22.7632 2 12.9128
      vertex 22.6472 0 12.9608
      vertex 22.6472 2 12.9608
    endloop
  endfacet
  facet normal -0.76066 0 -0.64915
    outer loop
      vertex 23.0472 0 12.6702
      vertex 22.9657 2 12.7657
      vertex 23.0472 2 12.6702
    endloop
  endfacet
  facet normal -0.76066 -0 -0.64915
    outer loop
      vertex 22.9657 2 12.7657
      vertex 23.0472 0 12.6702
      vertex 22.9657 0 12.7657
    endloop
  endfacet
  facet normal 0.852533 0 -0.522674
    outer loop
      vertex 21.7528 0 12.6702
      vertex 21.6872 2 12.5632
      vertex 21.7528 2 12.6702
    endloop
  endfacet
  facet normal 0.852533 0 -0.522674
    outer loop
      vertex 21.6872 2 12.5632
      vertex 21.7528 0 12.6702
      vertex 21.6872 0 12.5632
    endloop
  endfacet
  facet normal 0.64915 0 -0.76066
    outer loop
      vertex 21.8343 0 12.7657
      vertex 21.9298 2 12.8472
      vertex 21.9298 0 12.8472
    endloop
  endfacet
  facet normal 0.64915 0 -0.76066
    outer loop
      vertex 21.9298 2 12.8472
      vertex 21.8343 0 12.7657
      vertex 21.8343 2 12.7657
    endloop
  endfacet
  facet normal 0.649242 0 0.760582
    outer loop
      vertex 21.8343 2 5.23431
      vertex 21.9298 0 5.15279
      vertex 21.9298 2 5.15279
    endloop
  endfacet
  facet normal 0.649242 0 0.760582
    outer loop
      vertex 21.9298 0 5.15279
      vertex 21.8343 2 5.23431
      vertex 21.8343 0 5.23431
    endloop
  endfacet
  facet normal 0.522674 0 0.852533
    outer loop
      vertex 21.9298 2 5.15279
      vertex 22.0368 0 5.08719
      vertex 22.0368 2 5.08719
    endloop
  endfacet
  facet normal 0.522674 0 0.852533
    outer loop
      vertex 22.0368 0 5.08719
      vertex 21.9298 2 5.15279
      vertex 21.9298 0 5.15279
    endloop
  endfacet
  facet normal 0.85262 -0 0.522532
    outer loop
      vertex 21.6872 0 5.43681
      vertex 21.7528 2 5.32977
      vertex 21.6872 2 5.43681
    endloop
  endfacet
  facet normal 0.85262 0 0.522532
    outer loop
      vertex 21.7528 2 5.32977
      vertex 21.6872 0 5.43681
      vertex 21.7528 0 5.32977
    endloop
  endfacet
  facet normal -0.64915 0 -0.76066
    outer loop
      vertex 22.8702 0 12.8472
      vertex 22.9657 2 12.7657
      vertex 22.9657 0 12.7657
    endloop
  endfacet
  facet normal -0.64915 0 -0.76066
    outer loop
      vertex 22.9657 2 12.7657
      vertex 22.8702 0 12.8472
      vertex 22.8702 2 12.8472
    endloop
  endfacet
  facet normal -0.972196 0 0.234168
    outer loop
      vertex 26.1608 0 5.55279
      vertex 26.1902 2 5.67485
      vertex 26.1608 2 5.55279
    endloop
  endfacet
  facet normal -0.972196 0 0.234168
    outer loop
      vertex 26.1902 2 5.67485
      vertex 26.1608 0 5.55279
      vertex 26.1902 0 5.67485
    endloop
  endfacet
  facet normal -0.923994 0 0.382408
    outer loop
      vertex 26.1128 0 5.43681
      vertex 26.1608 2 5.55279
      vertex 26.1128 2 5.43681
    endloop
  endfacet
  facet normal -0.923994 0 0.382408
    outer loop
      vertex 26.1608 2 5.55279
      vertex 26.1128 0 5.43681
      vertex 26.1608 0 5.55279
    endloop
  endfacet
  facet normal -1 0 0
    outer loop
      vertex 26.2 0 5.8
      vertex 26.2 2 12.2
      vertex 26.2 2 5.8
    endloop
  endfacet
  facet normal -1 -0 0
    outer loop
      vertex 26.2 2 12.2
      vertex 26.2 0 5.8
      vertex 26.2 0 12.2
    endloop
  endfacet
  facet normal 0.923994 -0 0.382408
    outer loop
      vertex 24.6392 0 5.55279
      vertex 24.6872 2 5.43681
      vertex 24.6392 2 5.55279
    endloop
  endfacet
  facet normal 0.923994 0 0.382408
    outer loop
      vertex 24.6872 2 5.43681
      vertex 24.6392 0 5.55279
      vertex 24.6872 0 5.43681
    endloop
  endfacet
  facet normal -0.972214 0 -0.234096
    outer loop
      vertex 26.1902 0 12.3251
      vertex 26.1608 2 12.4472
      vertex 26.1902 2 12.3251
    endloop
  endfacet
  facet normal -0.972214 -0 -0.234096
    outer loop
      vertex 26.1608 2 12.4472
      vertex 26.1902 0 12.3251
      vertex 26.1608 0 12.4472
    endloop
  endfacet
  facet normal -0.996948 0 0.0780671
    outer loop
      vertex 26.1902 0 5.67485
      vertex 26.2 2 5.8
      vertex 26.1902 2 5.67485
    endloop
  endfacet
  facet normal -0.996948 0 0.0780671
    outer loop
      vertex 26.2 2 5.8
      vertex 26.1902 0 5.67485
      vertex 26.2 0 5.8
    endloop
  endfacet
  facet normal -0.233343 0 0.972395
    outer loop
      vertex 25.5251 2 5.00985
      vertex 25.6472 0 5.03915
      vertex 25.6472 2 5.03915
    endloop
  endfacet
  facet normal -0.233343 0 0.972395
    outer loop
      vertex 25.6472 0 5.03915
      vertex 25.5251 2 5.00985
      vertex 25.5251 0 5.00985
    endloop
  endfacet
  facet normal 0.972196 -0 0.234168
    outer loop
      vertex 24.6098 0 5.67485
      vertex 24.6392 2 5.55279
      vertex 24.6098 2 5.67485
    endloop
  endfacet
  facet normal 0.972196 0 0.234168
    outer loop
      vertex 24.6392 2 5.55279
      vertex 24.6098 0 5.67485
      vertex 24.6392 0 5.55279
    endloop
  endfacet
  facet normal 0.996948 -0 0.0780671
    outer loop
      vertex 24.6 0 5.8
      vertex 24.6098 2 5.67485
      vertex 24.6 2 5.8
    endloop
  endfacet
  facet normal 0.996948 0 0.0780671
    outer loop
      vertex 24.6098 2 5.67485
      vertex 24.6 0 5.8
      vertex 24.6098 0 5.67485
    endloop
  endfacet
  facet normal 1 -0 0
    outer loop
      vertex 24.6 0 12.2
      vertex 24.6 2 5.8
      vertex 24.6 2 12.2
    endloop
  endfacet
  facet normal 1 0 0
    outer loop
      vertex 24.6 2 5.8
      vertex 24.6 0 12.2
      vertex 24.6 0 5.8
    endloop
  endfacet
  facet normal 0.234096 0 -0.972214
    outer loop
      vertex 25.1528 0 12.9608
      vertex 25.2749 2 12.9902
      vertex 25.2749 0 12.9902
    endloop
  endfacet
  facet normal 0.234096 0 -0.972214
    outer loop
      vertex 25.2749 2 12.9902
      vertex 25.1528 0 12.9608
      vertex 25.1528 2 12.9608
    endloop
  endfacet
  facet normal 0.852533 0 -0.522674
    outer loop
      vertex 24.7528 0 12.6702
      vertex 24.6872 2 12.5632
      vertex 24.7528 2 12.6702
    endloop
  endfacet
  facet normal 0.852533 0 -0.522674
    outer loop
      vertex 24.6872 2 12.5632
      vertex 24.7528 0 12.6702
      vertex 24.6872 0 12.5632
    endloop
  endfacet
  facet normal -0.996946 0 -0.0780981
    outer loop
      vertex 26.2 0 12.2
      vertex 26.1902 2 12.3251
      vertex 26.2 2 12.2
    endloop
  endfacet
  facet normal -0.996946 -0 -0.0780981
    outer loop
      vertex 26.1902 2 12.3251
      vertex 26.2 0 12.2
      vertex 26.1902 0 12.3251
    endloop
  endfacet
  facet normal -0.85262 0 0.522532
    outer loop
      vertex 26.0472 0 5.32977
      vertex 26.1128 2 5.43681
      vertex 26.0472 2 5.32977
    endloop
  endfacet
  facet normal -0.85262 0 0.522532
    outer loop
      vertex 26.1128 2 5.43681
      vertex 26.0472 0 5.32977
      vertex 26.1128 0 5.43681
    endloop
  endfacet
  facet normal 0.382624 0 0.923904
    outer loop
      vertex 25.0368 2 5.08719
      vertex 25.1528 0 5.03915
      vertex 25.1528 2 5.03915
    endloop
  endfacet
  facet normal 0.382624 0 0.923904
    outer loop
      vertex 25.1528 0 5.03915
      vertex 25.0368 2 5.08719
      vertex 25.0368 0 5.08719
    endloop
  endfacet
  facet normal 0.0780981 0 -0.996946
    outer loop
      vertex 25.2749 0 12.9902
      vertex 25.4 2 13
      vertex 25.4 0 13
    endloop
  endfacet
  facet normal 0.0780981 0 -0.996946
    outer loop
      vertex 25.4 2 13
      vertex 25.2749 0 12.9902
      vertex 25.2749 2 12.9902
    endloop
  endfacet
  facet normal -0.234096 0 -0.972214
    outer loop
      vertex 25.5251 0 12.9902
      vertex 25.6472 2 12.9608
      vertex 25.6472 0 12.9608
    endloop
  endfacet
  facet normal -0.234096 0 -0.972214
    outer loop
      vertex 25.6472 2 12.9608
      vertex 25.5251 0 12.9902
      vertex 25.5251 2 12.9902
    endloop
  endfacet
  facet normal -0.852533 0 -0.522674
    outer loop
      vertex 26.1128 0 12.5632
      vertex 26.0472 2 12.6702
      vertex 26.1128 2 12.5632
    endloop
  endfacet
  facet normal -0.852533 -0 -0.522674
    outer loop
      vertex 26.0472 2 12.6702
      vertex 26.1128 0 12.5632
      vertex 26.0472 0 12.6702
    endloop
  endfacet
  facet normal 0.522674 0 -0.852533
    outer loop
      vertex 24.9298 0 12.8472
      vertex 25.0368 2 12.9128
      vertex 25.0368 0 12.9128
    endloop
  endfacet
  facet normal 0.522674 0 -0.852533
    outer loop
      vertex 25.0368 2 12.9128
      vertex 24.9298 0 12.8472
      vertex 24.9298 2 12.8472
    endloop
  endfacet
  facet normal 0.76066 0 -0.64915
    outer loop
      vertex 24.8343 0 12.7657
      vertex 24.7528 2 12.6702
      vertex 24.8343 2 12.7657
    endloop
  endfacet
  facet normal 0.76066 0 -0.64915
    outer loop
      vertex 24.7528 2 12.6702
      vertex 24.8343 0 12.7657
      vertex 24.7528 0 12.6702
    endloop
  endfacet
  facet normal 0.382352 0 -0.924017
    outer loop
      vertex 25.0368 0 12.9128
      vertex 25.1528 2 12.9608
      vertex 25.1528 0 12.9608
    endloop
  endfacet
  facet normal 0.382352 0 -0.924017
    outer loop
      vertex 25.1528 2 12.9608
      vertex 25.0368 0 12.9128
      vertex 25.0368 2 12.9128
    endloop
  endfacet
  facet normal 0.996946 0 -0.0780981
    outer loop
      vertex 24.6098 0 12.3251
      vertex 24.6 2 12.2
      vertex 24.6098 2 12.3251
    endloop
  endfacet
  facet normal 0.996946 0 -0.0780981
    outer loop
      vertex 24.6 2 12.2
      vertex 24.6098 0 12.3251
      vertex 24.6 0 12.2
    endloop
  endfacet
  facet normal 0.924017 0 -0.382352
    outer loop
      vertex 24.6872 0 12.5632
      vertex 24.6392 2 12.4472
      vertex 24.6872 2 12.5632
    endloop
  endfacet
  facet normal 0.924017 0 -0.382352
    outer loop
      vertex 24.6392 2 12.4472
      vertex 24.6872 0 12.5632
      vertex 24.6392 0 12.4472
    endloop
  endfacet
  facet normal 0.972214 0 -0.234096
    outer loop
      vertex 24.6392 0 12.4472
      vertex 24.6098 2 12.3251
      vertex 24.6392 2 12.4472
    endloop
  endfacet
  facet normal 0.972214 0 -0.234096
    outer loop
      vertex 24.6098 2 12.3251
      vertex 24.6392 0 12.4472
      vertex 24.6098 0 12.3251
    endloop
  endfacet
  facet normal -0.760526 0 0.649307
    outer loop
      vertex 25.9657 0 5.23431
      vertex 26.0472 2 5.32977
      vertex 25.9657 2 5.23431
    endloop
  endfacet
  facet normal -0.760526 0 0.649307
    outer loop
      vertex 26.0472 2 5.32977
      vertex 25.9657 0 5.23431
      vertex 26.0472 0 5.32977
    endloop
  endfacet
  facet normal -0.649242 0 0.760582
    outer loop
      vertex 25.8702 2 5.15279
      vertex 25.9657 0 5.23431
      vertex 25.9657 2 5.23431
    endloop
  endfacet
  facet normal -0.649242 0 0.760582
    outer loop
      vertex 25.9657 0 5.23431
      vertex 25.8702 2 5.15279
      vertex 25.8702 0 5.15279
    endloop
  endfacet
  facet normal -0.382624 0 0.923904
    outer loop
      vertex 25.6472 2 5.03915
      vertex 25.7632 0 5.08719
      vertex 25.7632 2 5.08719
    endloop
  endfacet
  facet normal -0.382624 0 0.923904
    outer loop
      vertex 25.7632 0 5.08719
      vertex 25.6472 2 5.03915
      vertex 25.6472 0 5.03915
    endloop
  endfacet
  facet normal -0.522674 0 0.852533
    outer loop
      vertex 25.7632 2 5.08719
      vertex 25.8702 0 5.15279
      vertex 25.8702 2 5.15279
    endloop
  endfacet
  facet normal -0.522674 0 0.852533
    outer loop
      vertex 25.8702 0 5.15279
      vertex 25.7632 2 5.08719
      vertex 25.7632 0 5.08719
    endloop
  endfacet
  facet normal 0.760526 -0 0.649307
    outer loop
      vertex 24.7528 0 5.32977
      vertex 24.8343 2 5.23431
      vertex 24.7528 2 5.32977
    endloop
  endfacet
  facet normal 0.760526 0 0.649307
    outer loop
      vertex 24.8343 2 5.23431
      vertex 24.7528 0 5.32977
      vertex 24.8343 0 5.23431
    endloop
  endfacet
  facet normal -0.0784941 0 0.996915
    outer loop
      vertex 25.4 2 5
      vertex 25.5251 0 5.00985
      vertex 25.5251 2 5.00985
    endloop
  endfacet
  facet normal -0.0784941 0 0.996915
    outer loop
      vertex 25.5251 0 5.00985
      vertex 25.4 2 5
      vertex 25.4 0 5
    endloop
  endfacet
  facet normal 0.0784941 0 0.996915
    outer loop
      vertex 25.2749 2 5.00985
      vertex 25.4 0 5
      vertex 25.4 2 5
    endloop
  endfacet
  facet normal 0.0784941 0 0.996915
    outer loop
      vertex 25.4 0 5
      vertex 25.2749 2 5.00985
      vertex 25.2749 0 5.00985
    endloop
  endfacet
  facet normal -0.0780981 0 -0.996946
    outer loop
      vertex 25.4 0 13
      vertex 25.5251 2 12.9902
      vertex 25.5251 0 12.9902
    endloop
  endfacet
  facet normal -0.0780981 0 -0.996946
    outer loop
      vertex 25.5251 2 12.9902
      vertex 25.4 0 13
      vertex 25.4 2 13
    endloop
  endfacet
  facet normal -0.382352 0 -0.924017
    outer loop
      vertex 25.6472 0 12.9608
      vertex 25.7632 2 12.9128
      vertex 25.7632 0 12.9128
    endloop
  endfacet
  facet normal -0.382352 0 -0.924017
    outer loop
      vertex 25.7632 2 12.9128
      vertex 25.6472 0 12.9608
      vertex 25.6472 2 12.9608
    endloop
  endfacet
  facet normal -0.76066 0 -0.64915
    outer loop
      vertex 26.0472 0 12.6702
      vertex 25.9657 2 12.7657
      vertex 26.0472 2 12.6702
    endloop
  endfacet
  facet normal -0.76066 -0 -0.64915
    outer loop
      vertex 25.9657 2 12.7657
      vertex 26.0472 0 12.6702
      vertex 25.9657 0 12.7657
    endloop
  endfacet
  facet normal -0.522674 0 -0.852533
    outer loop
      vertex 25.7632 0 12.9128
      vertex 25.8702 2 12.8472
      vertex 25.8702 0 12.8472
    endloop
  endfacet
  facet normal -0.522674 0 -0.852533
    outer loop
      vertex 25.8702 2 12.8472
      vertex 25.7632 0 12.9128
      vertex 25.7632 2 12.9128
    endloop
  endfacet
  facet normal -0.64915 0 -0.76066
    outer loop
      vertex 25.8702 0 12.8472
      vertex 25.9657 2 12.7657
      vertex 25.9657 0 12.7657
    endloop
  endfacet
  facet normal -0.64915 0 -0.76066
    outer loop
      vertex 25.9657 2 12.7657
      vertex 25.8702 0 12.8472
      vertex 25.8702 2 12.8472
    endloop
  endfacet
  facet normal -0.924017 0 -0.382352
    outer loop
      vertex 26.1608 0 12.4472
      vertex 26.1128 2 12.5632
      vertex 26.1608 2 12.4472
    endloop
  endfacet
  facet normal -0.924017 -0 -0.382352
    outer loop
      vertex 26.1128 2 12.5632
      vertex 26.1608 0 12.4472
      vertex 26.1128 0 12.5632
    endloop
  endfacet
  facet normal 0.64915 0 -0.76066
    outer loop
      vertex 24.8343 0 12.7657
      vertex 24.9298 2 12.8472
      vertex 24.9298 0 12.8472
    endloop
  endfacet
  facet normal 0.64915 0 -0.76066
    outer loop
      vertex 24.9298 2 12.8472
      vertex 24.8343 0 12.7657
      vertex 24.8343 2 12.7657
    endloop
  endfacet
  facet normal 0.85262 -0 0.522532
    outer loop
      vertex 24.6872 0 5.43681
      vertex 24.7528 2 5.32977
      vertex 24.6872 2 5.43681
    endloop
  endfacet
  facet normal 0.85262 0 0.522532
    outer loop
      vertex 24.7528 2 5.32977
      vertex 24.6872 0 5.43681
      vertex 24.7528 0 5.32977
    endloop
  endfacet
  facet normal 0.649242 0 0.760582
    outer loop
      vertex 24.8343 2 5.23431
      vertex 24.9298 0 5.15279
      vertex 24.9298 2 5.15279
    endloop
  endfacet
  facet normal 0.649242 0 0.760582
    outer loop
      vertex 24.9298 0 5.15279
      vertex 24.8343 2 5.23431
      vertex 24.8343 0 5.23431
    endloop
  endfacet
  facet normal 0.233343 0 0.972395
    outer loop
      vertex 25.1528 2 5.03915
      vertex 25.2749 0 5.00985
      vertex 25.2749 2 5.00985
    endloop
  endfacet
  facet normal 0.233343 0 0.972395
    outer loop
      vertex 25.2749 0 5.00985
      vertex 25.1528 2 5.03915
      vertex 25.1528 0 5.03915
    endloop
  endfacet
  facet normal 0.522674 0 0.852533
    outer loop
      vertex 24.9298 2 5.15279
      vertex 25.0368 0 5.08719
      vertex 25.0368 2 5.08719
    endloop
  endfacet
  facet normal 0.522674 0 0.852533
    outer loop
      vertex 25.0368 0 5.08719
      vertex 24.9298 2 5.15279
      vertex 24.9298 0 5.15279
    endloop
  endfacet
  facet normal -0.996948 0 0.0780671
    outer loop
      vertex 29.1902 0 5.67485
      vertex 29.2 2 5.8
      vertex 29.1902 2 5.67485
    endloop
  endfacet
  facet normal -0.996948 0 0.0780671
    outer loop
      vertex 29.2 2 5.8
      vertex 29.1902 0 5.67485
      vertex 29.2 0 5.8
    endloop
  endfacet
  facet normal -0.972196 0 0.234168
    outer loop
      vertex 29.1608 0 5.55279
      vertex 29.1902 2 5.67485
      vertex 29.1608 2 5.55279
    endloop
  endfacet
  facet normal -0.972196 0 0.234168
    outer loop
      vertex 29.1902 2 5.67485
      vertex 29.1608 0 5.55279
      vertex 29.1902 0 5.67485
    endloop
  endfacet
  facet normal -0.923994 0 0.382408
    outer loop
      vertex 29.1128 0 5.43681
      vertex 29.1608 2 5.55279
      vertex 29.1128 2 5.43681
    endloop
  endfacet
  facet normal -0.923994 0 0.382408
    outer loop
      vertex 29.1608 2 5.55279
      vertex 29.1128 0 5.43681
      vertex 29.1608 0 5.55279
    endloop
  endfacet
  facet normal -1 0 0
    outer loop
      vertex 29.2 0 5.8
      vertex 29.2 2 12.2
      vertex 29.2 2 5.8
    endloop
  endfacet
  facet normal -1 -0 0
    outer loop
      vertex 29.2 2 12.2
      vertex 29.2 0 5.8
      vertex 29.2 0 12.2
    endloop
  endfacet
  facet normal 0.923994 -0 0.382408
    outer loop
      vertex 27.6392 0 5.55279
      vertex 27.6872 2 5.43681
      vertex 27.6392 2 5.55279
    endloop
  endfacet
  facet normal 0.923994 0 0.382408
    outer loop
      vertex 27.6872 2 5.43681
      vertex 27.6392 0 5.55279
      vertex 27.6872 0 5.43681
    endloop
  endfacet
  facet normal -0.972214 0 -0.234096
    outer loop
      vertex 29.1902 0 12.3251
      vertex 29.1608 2 12.4472
      vertex 29.1902 2 12.3251
    endloop
  endfacet
  facet normal -0.972214 -0 -0.234096
    outer loop
      vertex 29.1608 2 12.4472
      vertex 29.1902 0 12.3251
      vertex 29.1608 0 12.4472
    endloop
  endfacet
  facet normal -0.233343 0 0.972395
    outer loop
      vertex 28.5251 2 5.00985
      vertex 28.6472 0 5.03915
      vertex 28.6472 2 5.03915
    endloop
  endfacet
  facet normal -0.233343 0 0.972395
    outer loop
      vertex 28.6472 0 5.03915
      vertex 28.5251 2 5.00985
      vertex 28.5251 0 5.00985
    endloop
  endfacet
  facet normal 0.972196 -0 0.234168
    outer loop
      vertex 27.6098 0 5.67485
      vertex 27.6392 2 5.55279
      vertex 27.6098 2 5.67485
    endloop
  endfacet
  facet normal 0.972196 0 0.234168
    outer loop
      vertex 27.6392 2 5.55279
      vertex 27.6098 0 5.67485
      vertex 27.6392 0 5.55279
    endloop
  endfacet
  facet normal 0.996948 -0 0.0780671
    outer loop
      vertex 27.6 0 5.8
      vertex 27.6098 2 5.67485
      vertex 27.6 2 5.8
    endloop
  endfacet
  facet normal 0.996948 0 0.0780671
    outer loop
      vertex 27.6098 2 5.67485
      vertex 27.6 0 5.8
      vertex 27.6098 0 5.67485
    endloop
  endfacet
  facet normal 1 -0 0
    outer loop
      vertex 27.6 0 12.2
      vertex 27.6 2 5.8
      vertex 27.6 2 12.2
    endloop
  endfacet
  facet normal 1 0 0
    outer loop
      vertex 27.6 2 5.8
      vertex 27.6 0 12.2
      vertex 27.6 0 5.8
    endloop
  endfacet
  facet normal 0.234096 0 -0.972214
    outer loop
      vertex 28.1528 0 12.9608
      vertex 28.2749 2 12.9902
      vertex 28.2749 0 12.9902
    endloop
  endfacet
  facet normal 0.234096 0 -0.972214
    outer loop
      vertex 28.2749 2 12.9902
      vertex 28.1528 0 12.9608
      vertex 28.1528 2 12.9608
    endloop
  endfacet
  facet normal 0.852533 0 -0.522674
    outer loop
      vertex 27.7528 0 12.6702
      vertex 27.6872 2 12.5632
      vertex 27.7528 2 12.6702
    endloop
  endfacet
  facet normal 0.852533 0 -0.522674
    outer loop
      vertex 27.6872 2 12.5632
      vertex 27.7528 0 12.6702
      vertex 27.6872 0 12.5632
    endloop
  endfacet
  facet normal -0.996946 0 -0.0780981
    outer loop
      vertex 29.2 0 12.2
      vertex 29.1902 2 12.3251
      vertex 29.2 2 12.2
    endloop
  endfacet
  facet normal -0.996946 -0 -0.0780981
    outer loop
      vertex 29.1902 2 12.3251
      vertex 29.2 0 12.2
      vertex 29.1902 0 12.3251
    endloop
  endfacet
  facet normal -0.85262 0 0.522532
    outer loop
      vertex 29.0472 0 5.32977
      vertex 29.1128 2 5.43681
      vertex 29.0472 2 5.32977
    endloop
  endfacet
  facet normal -0.85262 0 0.522532
    outer loop
      vertex 29.1128 2 5.43681
      vertex 29.0472 0 5.32977
      vertex 29.1128 0 5.43681
    endloop
  endfacet
  facet normal 0.382624 0 0.923904
    outer loop
      vertex 28.0368 2 5.08719
      vertex 28.1528 0 5.03915
      vertex 28.1528 2 5.03915
    endloop
  endfacet
  facet normal 0.382624 0 0.923904
    outer loop
      vertex 28.1528 0 5.03915
      vertex 28.0368 2 5.08719
      vertex 28.0368 0 5.08719
    endloop
  endfacet
  facet normal 0.0780981 0 -0.996946
    outer loop
      vertex 28.2749 0 12.9902
      vertex 28.4 2 13
      vertex 28.4 0 13
    endloop
  endfacet
  facet normal 0.0780981 0 -0.996946
    outer loop
      vertex 28.4 2 13
      vertex 28.2749 0 12.9902
      vertex 28.2749 2 12.9902
    endloop
  endfacet
  facet normal -0.234096 0 -0.972214
    outer loop
      vertex 28.5251 0 12.9902
      vertex 28.6472 2 12.9608
      vertex 28.6472 0 12.9608
    endloop
  endfacet
  facet normal -0.234096 0 -0.972214
    outer loop
      vertex 28.6472 2 12.9608
      vertex 28.5251 0 12.9902
      vertex 28.5251 2 12.9902
    endloop
  endfacet
  facet normal -0.852533 0 -0.522674
    outer loop
      vertex 29.1128 0 12.5632
      vertex 29.0472 2 12.6702
      vertex 29.1128 2 12.5632
    endloop
  endfacet
  facet normal -0.852533 -0 -0.522674
    outer loop
      vertex 29.0472 2 12.6702
      vertex 29.1128 0 12.5632
      vertex 29.0472 0 12.6702
    endloop
  endfacet
  facet normal 0.522674 0 -0.852533
    outer loop
      vertex 27.9298 0 12.8472
      vertex 28.0368 2 12.9128
      vertex 28.0368 0 12.9128
    endloop
  endfacet
  facet normal 0.522674 0 -0.852533
    outer loop
      vertex 28.0368 2 12.9128
      vertex 27.9298 0 12.8472
      vertex 27.9298 2 12.8472
    endloop
  endfacet
  facet normal 0.76066 0 -0.64915
    outer loop
      vertex 27.8343 0 12.7657
      vertex 27.7528 2 12.6702
      vertex 27.8343 2 12.7657
    endloop
  endfacet
  facet normal 0.76066 0 -0.64915
    outer loop
      vertex 27.7528 2 12.6702
      vertex 27.8343 0 12.7657
      vertex 27.7528 0 12.6702
    endloop
  endfacet
  facet normal 0.382352 0 -0.924017
    outer loop
      vertex 28.0368 0 12.9128
      vertex 28.1528 2 12.9608
      vertex 28.1528 0 12.9608
    endloop
  endfacet
  facet normal 0.382352 0 -0.924017
    outer loop
      vertex 28.1528 2 12.9608
      vertex 28.0368 0 12.9128
      vertex 28.0368 2 12.9128
    endloop
  endfacet
  facet normal 0.996946 0 -0.0780981
    outer loop
      vertex 27.6098 0 12.3251
      vertex 27.6 2 12.2
      vertex 27.6098 2 12.3251
    endloop
  endfacet
  facet normal 0.996946 0 -0.0780981
    outer loop
      vertex 27.6 2 12.2
      vertex 27.6098 0 12.3251
      vertex 27.6 0 12.2
    endloop
  endfacet
  facet normal 0.924017 0 -0.382352
    outer loop
      vertex 27.6872 0 12.5632
      vertex 27.6392 2 12.4472
      vertex 27.6872 2 12.5632
    endloop
  endfacet
  facet normal 0.924017 0 -0.382352
    outer loop
      vertex 27.6392 2 12.4472
      vertex 27.6872 0 12.5632
      vertex 27.6392 0 12.4472
    endloop
  endfacet
  facet normal -0.760526 0 0.649307
    outer loop
      vertex 28.9657 0 5.23431
      vertex 29.0472 2 5.32977
      vertex 28.9657 2 5.23431
    endloop
  endfacet
  facet normal -0.760526 0 0.649307
    outer loop
      vertex 29.0472 2 5.32977
      vertex 28.9657 0 5.23431
      vertex 29.0472 0 5.32977
    endloop
  endfacet
  facet normal -0.649242 0 0.760582
    outer loop
      vertex 28.8702 2 5.15279
      vertex 28.9657 0 5.23431
      vertex 28.9657 2 5.23431
    endloop
  endfacet
  facet normal -0.649242 0 0.760582
    outer loop
      vertex 28.9657 0 5.23431
      vertex 28.8702 2 5.15279
      vertex 28.8702 0 5.15279
    endloop
  endfacet
  facet normal -0.522674 0 0.852533
    outer loop
      vertex 28.7632 2 5.08719
      vertex 28.8702 0 5.15279
      vertex 28.8702 2 5.15279
    endloop
  endfacet
  facet normal -0.522674 0 0.852533
    outer loop
      vertex 28.8702 0 5.15279
      vertex 28.7632 2 5.08719
      vertex 28.7632 0 5.08719
    endloop
  endfacet
  facet normal 0.760526 -0 0.649307
    outer loop
      vertex 27.7528 0 5.32977
      vertex 27.8343 2 5.23431
      vertex 27.7528 2 5.32977
    endloop
  endfacet
  facet normal 0.760526 0 0.649307
    outer loop
      vertex 27.8343 2 5.23431
      vertex 27.7528 0 5.32977
      vertex 27.8343 0 5.23431
    endloop
  endfacet
  facet normal -0.0784941 0 0.996915
    outer loop
      vertex 28.4 2 5
      vertex 28.5251 0 5.00985
      vertex 28.5251 2 5.00985
    endloop
  endfacet
  facet normal -0.0784941 0 0.996915
    outer loop
      vertex 28.5251 0 5.00985
      vertex 28.4 2 5
      vertex 28.4 0 5
    endloop
  endfacet
  facet normal 0.233343 0 0.972395
    outer loop
      vertex 28.1528 2 5.03915
      vertex 28.2749 0 5.00985
      vertex 28.2749 2 5.00985
    endloop
  endfacet
  facet normal 0.233343 0 0.972395
    outer loop
      vertex 28.2749 0 5.00985
      vertex 28.1528 2 5.03915
      vertex 28.1528 0 5.03915
    endloop
  endfacet
  facet normal 0.0784941 0 0.996915
    outer loop
      vertex 28.2749 2 5.00985
      vertex 28.4 0 5
      vertex 28.4 2 5
    endloop
  endfacet
  facet normal 0.0784941 0 0.996915
    outer loop
      vertex 28.4 0 5
      vertex 28.2749 2 5.00985
      vertex 28.2749 0 5.00985
    endloop
  endfacet
  facet normal -0.0780981 0 -0.996946
    outer loop
      vertex 28.4 0 13
      vertex 28.5251 2 12.9902
      vertex 28.5251 0 12.9902
    endloop
  endfacet
  facet normal -0.0780981 0 -0.996946
    outer loop
      vertex 28.5251 2 12.9902
      vertex 28.4 0 13
      vertex 28.4 2 13
    endloop
  endfacet
  facet normal -0.382352 0 -0.924017
    outer loop
      vertex 28.6472 0 12.9608
      vertex 28.7632 2 12.9128
      vertex 28.7632 0 12.9128
    endloop
  endfacet
  facet normal -0.382352 0 -0.924017
    outer loop
      vertex 28.7632 2 12.9128
      vertex 28.6472 0 12.9608
      vertex 28.6472 2 12.9608
    endloop
  endfacet
  facet normal -0.76066 0 -0.64915
    outer loop
      vertex 29.0472 0 12.6702
      vertex 28.9657 2 12.7657
      vertex 29.0472 2 12.6702
    endloop
  endfacet
  facet normal -0.76066 -0 -0.64915
    outer loop
      vertex 28.9657 2 12.7657
      vertex 29.0472 0 12.6702
      vertex 28.9657 0 12.7657
    endloop
  endfacet
  facet normal -0.522674 0 -0.852533
    outer loop
      vertex 28.7632 0 12.9128
      vertex 28.8702 2 12.8472
      vertex 28.8702 0 12.8472
    endloop
  endfacet
  facet normal -0.522674 0 -0.852533
    outer loop
      vertex 28.8702 2 12.8472
      vertex 28.7632 0 12.9128
      vertex 28.7632 2 12.9128
    endloop
  endfacet
  facet normal -0.64915 0 -0.76066
    outer loop
      vertex 28.8702 0 12.8472
      vertex 28.9657 2 12.7657
      vertex 28.9657 0 12.7657
    endloop
  endfacet
  facet normal -0.64915 0 -0.76066
    outer loop
      vertex 28.9657 2 12.7657
      vertex 28.8702 0 12.8472
      vertex 28.8702 2 12.8472
    endloop
  endfacet
  facet normal -0.924017 0 -0.382352
    outer loop
      vertex 29.1608 0 12.4472
      vertex 29.1128 2 12.5632
      vertex 29.1608 2 12.4472
    endloop
  endfacet
  facet normal -0.924017 -0 -0.382352
    outer loop
      vertex 29.1128 2 12.5632
      vertex 29.1608 0 12.4472
      vertex 29.1128 0 12.5632
    endloop
  endfacet
  facet normal 0.64915 0 -0.76066
    outer loop
      vertex 27.8343 0 12.7657
      vertex 27.9298 2 12.8472
      vertex 27.9298 0 12.8472
    endloop
  endfacet
  facet normal 0.64915 0 -0.76066
    outer loop
      vertex 27.9298 2 12.8472
      vertex 27.8343 0 12.7657
      vertex 27.8343 2 12.7657
    endloop
  endfacet
  facet normal 0.972214 0 -0.234096
    outer loop
      vertex 27.6392 0 12.4472
      vertex 27.6098 2 12.3251
      vertex 27.6392 2 12.4472
    endloop
  endfacet
  facet normal 0.972214 0 -0.234096
    outer loop
      vertex 27.6098 2 12.3251
      vertex 27.6392 0 12.4472
      vertex 27.6098 0 12.3251
    endloop
  endfacet
  facet normal -0.382624 0 0.923904
    outer loop
      vertex 28.6472 2 5.03915
      vertex 28.7632 0 5.08719
      vertex 28.7632 2 5.08719
    endloop
  endfacet
  facet normal -0.382624 0 0.923904
    outer loop
      vertex 28.7632 0 5.08719
      vertex 28.6472 2 5.03915
      vertex 28.6472 0 5.03915
    endloop
  endfacet
  facet normal 0.85262 -0 0.522532
    outer loop
      vertex 27.6872 0 5.43681
      vertex 27.7528 2 5.32977
      vertex 27.6872 2 5.43681
    endloop
  endfacet
  facet normal 0.85262 0 0.522532
    outer loop
      vertex 27.7528 2 5.32977
      vertex 27.6872 0 5.43681
      vertex 27.7528 0 5.32977
    endloop
  endfacet
  facet normal 0.649242 0 0.760582
    outer loop
      vertex 27.8343 2 5.23431
      vertex 27.9298 0 5.15279
      vertex 27.9298 2 5.15279
    endloop
  endfacet
  facet normal 0.649242 0 0.760582
    outer loop
      vertex 27.9298 0 5.15279
      vertex 27.8343 2 5.23431
      vertex 27.8343 0 5.23431
    endloop
  endfacet
  facet normal 0.522674 0 0.852533
    outer loop
      vertex 27.9298 2 5.15279
      vertex 28.0368 0 5.08719
      vertex 28.0368 2 5.08719
    endloop
  endfacet
  facet normal 0.522674 0 0.852533
    outer loop
      vertex 28.0368 0 5.08719
      vertex 27.9298 2 5.15279
      vertex 27.9298 0 5.15279
    endloop
  endfacet
  facet normal -0.923994 0 0.382408
    outer loop
      vertex 32.1128 0 5.43681
      vertex 32.1608 2 5.55279
      vertex 32.1128 2 5.43681
    endloop
  endfacet
  facet normal -0.923994 0 0.382408
    outer loop
      vertex 32.1608 2 5.55279
      vertex 32.1128 0 5.43681
      vertex 32.1608 0 5.55279
    endloop
  endfacet
  facet normal -0.924017 0 -0.382352
    outer loop
      vertex 32.1608 0 12.4472
      vertex 32.1128 2 12.5632
      vertex 32.1608 2 12.4472
    endloop
  endfacet
  facet normal -0.924017 -0 -0.382352
    outer loop
      vertex 32.1128 2 12.5632
      vertex 32.1608 0 12.4472
      vertex 32.1128 0 12.5632
    endloop
  endfacet
  facet normal -1 0 0
    outer loop
      vertex 32.2 0 5.8
      vertex 32.2 2 12.2
      vertex 32.2 2 5.8
    endloop
  endfacet
  facet normal -1 -0 0
    outer loop
      vertex 32.2 2 12.2
      vertex 32.2 0 5.8
      vertex 32.2 0 12.2
    endloop
  endfacet
  facet normal 0.923994 -0 0.382408
    outer loop
      vertex 30.6392 0 5.55279
      vertex 30.6872 2 5.43681
      vertex 30.6392 2 5.55279
    endloop
  endfacet
  facet normal 0.923994 0 0.382408
    outer loop
      vertex 30.6872 2 5.43681
      vertex 30.6392 0 5.55279
      vertex 30.6872 0 5.43681
    endloop
  endfacet
  facet normal -0.972214 0 -0.234096
    outer loop
      vertex 32.1902 0 12.3251
      vertex 32.1608 2 12.4472
      vertex 32.1902 2 12.3251
    endloop
  endfacet
  facet normal -0.972214 -0 -0.234096
    outer loop
      vertex 32.1608 2 12.4472
      vertex 32.1902 0 12.3251
      vertex 32.1608 0 12.4472
    endloop
  endfacet
  facet normal -0.996948 0 0.0780671
    outer loop
      vertex 32.1902 0 5.67485
      vertex 32.2 2 5.8
      vertex 32.1902 2 5.67485
    endloop
  endfacet
  facet normal -0.996948 0 0.0780671
    outer loop
      vertex 32.2 2 5.8
      vertex 32.1902 0 5.67485
      vertex 32.2 0 5.8
    endloop
  endfacet
  facet normal -0.233343 0 0.972395
    outer loop
      vertex 31.5251 2 5.00985
      vertex 31.6472 0 5.03915
      vertex 31.6472 2 5.03915
    endloop
  endfacet
  facet normal -0.233343 0 0.972395
    outer loop
      vertex 31.6472 0 5.03915
      vertex 31.5251 2 5.00985
      vertex 31.5251 0 5.00985
    endloop
  endfacet
  facet normal 0.972196 -0 0.234168
    outer loop
      vertex 30.6098 0 5.67485
      vertex 30.6392 2 5.55279
      vertex 30.6098 2 5.67485
    endloop
  endfacet
  facet normal 0.972196 0 0.234168
    outer loop
      vertex 30.6392 2 5.55279
      vertex 30.6098 0 5.67485
      vertex 30.6392 0 5.55279
    endloop
  endfacet
  facet normal 0.996948 -0 0.0780671
    outer loop
      vertex 30.6 0 5.8
      vertex 30.6098 2 5.67485
      vertex 30.6 2 5.8
    endloop
  endfacet
  facet normal 0.996948 0 0.0780671
    outer loop
      vertex 30.6098 2 5.67485
      vertex 30.6 0 5.8
      vertex 30.6098 0 5.67485
    endloop
  endfacet
  facet normal 1 -0 0
    outer loop
      vertex 30.6 0 12.2
      vertex 30.6 2 5.8
      vertex 30.6 2 12.2
    endloop
  endfacet
  facet normal 1 0 0
    outer loop
      vertex 30.6 2 5.8
      vertex 30.6 0 12.2
      vertex 30.6 0 5.8
    endloop
  endfacet
  facet normal 0.234096 0 -0.972214
    outer loop
      vertex 31.1528 0 12.9608
      vertex 31.2749 2 12.9902
      vertex 31.2749 0 12.9902
    endloop
  endfacet
  facet normal 0.234096 0 -0.972214
    outer loop
      vertex 31.2749 2 12.9902
      vertex 31.1528 0 12.9608
      vertex 31.1528 2 12.9608
    endloop
  endfacet
  facet normal 0.852533 0 -0.522674
    outer loop
      vertex 30.7528 0 12.6702
      vertex 30.6872 2 12.5632
      vertex 30.7528 2 12.6702
    endloop
  endfacet
  facet normal 0.852533 0 -0.522674
    outer loop
      vertex 30.6872 2 12.5632
      vertex 30.7528 0 12.6702
      vertex 30.6872 0 12.5632
    endloop
  endfacet
  facet normal -0.996946 0 -0.0780981
    outer loop
      vertex 32.2 0 12.2
      vertex 32.1902 2 12.3251
      vertex 32.2 2 12.2
    endloop
  endfacet
  facet normal -0.996946 -0 -0.0780981
    outer loop
      vertex 32.1902 2 12.3251
      vertex 32.2 0 12.2
      vertex 32.1902 0 12.3251
    endloop
  endfacet
  facet normal -0.85262 0 0.522532
    outer loop
      vertex 32.0472 0 5.32977
      vertex 32.1128 2 5.43681
      vertex 32.0472 2 5.32977
    endloop
  endfacet
  facet normal -0.85262 0 0.522532
    outer loop
      vertex 32.1128 2 5.43681
      vertex 32.0472 0 5.32977
      vertex 32.1128 0 5.43681
    endloop
  endfacet
  facet normal 0.382624 0 0.923904
    outer loop
      vertex 31.0368 2 5.08719
      vertex 31.1528 0 5.03915
      vertex 31.1528 2 5.03915
    endloop
  endfacet
  facet normal 0.382624 0 0.923904
    outer loop
      vertex 31.1528 0 5.03915
      vertex 31.0368 2 5.08719
      vertex 31.0368 0 5.08719
    endloop
  endfacet
  facet normal 0.0780981 0 -0.996946
    outer loop
      vertex 31.2749 0 12.9902
      vertex 31.4 2 13
      vertex 31.4 0 13
    endloop
  endfacet
  facet normal 0.0780981 0 -0.996946
    outer loop
      vertex 31.4 2 13
      vertex 31.2749 0 12.9902
      vertex 31.2749 2 12.9902
    endloop
  endfacet
  facet normal -0.234096 0 -0.972214
    outer loop
      vertex 31.5251 0 12.9902
      vertex 31.6472 2 12.9608
      vertex 31.6472 0 12.9608
    endloop
  endfacet
  facet normal -0.234096 0 -0.972214
    outer loop
      vertex 31.6472 2 12.9608
      vertex 31.5251 0 12.9902
      vertex 31.5251 2 12.9902
    endloop
  endfacet
  facet normal -0.852533 0 -0.522674
    outer loop
      vertex 32.1128 0 12.5632
      vertex 32.0472 2 12.6702
      vertex 32.1128 2 12.5632
    endloop
  endfacet
  facet normal -0.852533 -0 -0.522674
    outer loop
      vertex 32.0472 2 12.6702
      vertex 32.1128 0 12.5632
      vertex 32.0472 0 12.6702
    endloop
  endfacet
  facet normal 0.76066 0 -0.64915
    outer loop
      vertex 30.8343 0 12.7657
      vertex 30.7528 2 12.6702
      vertex 30.8343 2 12.7657
    endloop
  endfacet
  facet normal 0.76066 0 -0.64915
    outer loop
      vertex 30.7528 2 12.6702
      vertex 30.8343 0 12.7657
      vertex 30.7528 0 12.6702
    endloop
  endfacet
  facet normal 0.382352 0 -0.924017
    outer loop
      vertex 31.0368 0 12.9128
      vertex 31.1528 2 12.9608
      vertex 31.1528 0 12.9608
    endloop
  endfacet
  facet normal 0.382352 0 -0.924017
    outer loop
      vertex 31.1528 2 12.9608
      vertex 31.0368 0 12.9128
      vertex 31.0368 2 12.9128
    endloop
  endfacet
  facet normal 0.996946 0 -0.0780981
    outer loop
      vertex 30.6098 0 12.3251
      vertex 30.6 2 12.2
      vertex 30.6098 2 12.3251
    endloop
  endfacet
  facet normal 0.996946 0 -0.0780981
    outer loop
      vertex 30.6 2 12.2
      vertex 30.6098 0 12.3251
      vertex 30.6 0 12.2
    endloop
  endfacet
  facet normal 0.924017 0 -0.382352
    outer loop
      vertex 30.6872 0 12.5632
      vertex 30.6392 2 12.4472
      vertex 30.6872 2 12.5632
    endloop
  endfacet
  facet normal 0.924017 0 -0.382352
    outer loop
      vertex 30.6392 2 12.4472
      vertex 30.6872 0 12.5632
      vertex 30.6392 0 12.4472
    endloop
  endfacet
  facet normal -0.760526 0 0.649307
    outer loop
      vertex 31.9657 0 5.23431
      vertex 32.0472 2 5.32977
      vertex 31.9657 2 5.23431
    endloop
  endfacet
  facet normal -0.760526 0 0.649307
    outer loop
      vertex 32.0472 2 5.32977
      vertex 31.9657 0 5.23431
      vertex 32.0472 0 5.32977
    endloop
  endfacet
  facet normal -0.649242 0 0.760582
    outer loop
      vertex 31.8702 2 5.15279
      vertex 31.9657 0 5.23431
      vertex 31.9657 2 5.23431
    endloop
  endfacet
  facet normal -0.649242 0 0.760582
    outer loop
      vertex 31.9657 0 5.23431
      vertex 31.8702 2 5.15279
      vertex 31.8702 0 5.15279
    endloop
  endfacet
  facet normal -0.382624 0 0.923904
    outer loop
      vertex 31.6472 2 5.03915
      vertex 31.7632 0 5.08719
      vertex 31.7632 2 5.08719
    endloop
  endfacet
  facet normal -0.382624 0 0.923904
    outer loop
      vertex 31.7632 0 5.08719
      vertex 31.6472 2 5.03915
      vertex 31.6472 0 5.03915
    endloop
  endfacet
  facet normal -0.522674 0 0.852533
    outer loop
      vertex 31.7632 2 5.08719
      vertex 31.8702 0 5.15279
      vertex 31.8702 2 5.15279
    endloop
  endfacet
  facet normal -0.522674 0 0.852533
    outer loop
      vertex 31.8702 0 5.15279
      vertex 31.7632 2 5.08719
      vertex 31.7632 0 5.08719
    endloop
  endfacet
  facet normal 0.760526 -0 0.649307
    outer loop
      vertex 30.7528 0 5.32977
      vertex 30.8343 2 5.23431
      vertex 30.7528 2 5.32977
    endloop
  endfacet
  facet normal 0.760526 0 0.649307
    outer loop
      vertex 30.8343 2 5.23431
      vertex 30.7528 0 5.32977
      vertex 30.8343 0 5.23431
    endloop
  endfacet
  facet normal -0.0784941 0 0.996915
    outer loop
      vertex 31.4 2 5
      vertex 31.5251 0 5.00985
      vertex 31.5251 2 5.00985
    endloop
  endfacet
  facet normal -0.0784941 0 0.996915
    outer loop
      vertex 31.5251 0 5.00985
      vertex 31.4 2 5
      vertex 31.4 0 5
    endloop
  endfacet
  facet normal 0.0784941 0 0.996915
    outer loop
      vertex 31.2749 2 5.00985
      vertex 31.4 0 5
      vertex 31.4 2 5
    endloop
  endfacet
  facet normal 0.0784941 0 0.996915
    outer loop
      vertex 31.4 0 5
      vertex 31.2749 2 5.00985
      vertex 31.2749 0 5.00985
    endloop
  endfacet
  facet normal -0.0780981 0 -0.996946
    outer loop
      vertex 31.4 0 13
      vertex 31.5251 2 12.9902
      vertex 31.5251 0 12.9902
    endloop
  endfacet
  facet normal -0.0780981 0 -0.996946
    outer loop
      vertex 31.5251 2 12.9902
      vertex 31.4 0 13
      vertex 31.4 2 13
    endloop
  endfacet
  facet normal -0.382352 0 -0.924017
    outer loop
      vertex 31.6472 0 12.9608
      vertex 31.7632 2 12.9128
      vertex 31.7632 0 12.9128
    endloop
  endfacet
  facet normal -0.382352 0 -0.924017
    outer loop
      vertex 31.7632 2 12.9128
      vertex 31.6472 0 12.9608
      vertex 31.6472 2 12.9608
    endloop
  endfacet
  facet normal -0.76066 0 -0.64915
    outer loop
      vertex 32.0472 0 12.6702
      vertex 31.9657 2 12.7657
      vertex 32.0472 2 12.6702
    endloop
  endfacet
  facet normal -0.76066 -0 -0.64915
    outer loop
      vertex 31.9657 2 12.7657
      vertex 32.0472 0 12.6702
      vertex 31.9657 0 12.7657
    endloop
  endfacet
  facet normal -0.522674 0 -0.852533
    outer loop
      vertex 31.7632 0 12.9128
      vertex 31.8702 2 12.8472
      vertex 31.8702 0 12.8472
    endloop
  endfacet
  facet normal -0.522674 0 -0.852533
    outer loop
      vertex 31.8702 2 12.8472
      vertex 31.7632 0 12.9128
      vertex 31.7632 2 12.9128
    endloop
  endfacet
  facet normal -0.64915 0 -0.76066
    outer loop
      vertex 31.8702 0 12.8472
      vertex 31.9657 2 12.7657
      vertex 31.9657 0 12.7657
    endloop
  endfacet
  facet normal -0.64915 0 -0.76066
    outer loop
      vertex 31.9657 2 12.7657
      vertex 31.8702 0 12.8472
      vertex 31.8702 2 12.8472
    endloop
  endfacet
  facet normal 0.64915 0 -0.76066
    outer loop
      vertex 30.8343 0 12.7657
      vertex 30.9298 2 12.8472
      vertex 30.9298 0 12.8472
    endloop
  endfacet
  facet normal 0.64915 0 -0.76066
    outer loop
      vertex 30.9298 2 12.8472
      vertex 30.8343 0 12.7657
      vertex 30.8343 2 12.7657
    endloop
  endfacet
  facet normal 0.972214 0 -0.234096
    outer loop
      vertex 30.6392 0 12.4472
      vertex 30.6098 2 12.3251
      vertex 30.6392 2 12.4472
    endloop
  endfacet
  facet normal 0.972214 0 -0.234096
    outer loop
      vertex 30.6098 2 12.3251
      vertex 30.6392 0 12.4472
      vertex 30.6098 0 12.3251
    endloop
  endfacet
  facet normal -0.972196 0 0.234168
    outer loop
      vertex 32.1608 0 5.55279
      vertex 32.1902 2 5.67485
      vertex 32.1608 2 5.55279
    endloop
  endfacet
  facet normal -0.972196 0 0.234168
    outer loop
      vertex 32.1902 2 5.67485
      vertex 32.1608 0 5.55279
      vertex 32.1902 0 5.67485
    endloop
  endfacet
  facet normal 0.85262 -0 0.522532
    outer loop
      vertex 30.6872 0 5.43681
      vertex 30.7528 2 5.32977
      vertex 30.6872 2 5.43681
    endloop
  endfacet
  facet normal 0.85262 0 0.522532
    outer loop
      vertex 30.7528 2 5.32977
      vertex 30.6872 0 5.43681
      vertex 30.7528 0 5.32977
    endloop
  endfacet
  facet normal 0.649242 0 0.760582
    outer loop
      vertex 30.8343 2 5.23431
      vertex 30.9298 0 5.15279
      vertex 30.9298 2 5.15279
    endloop
  endfacet
  facet normal 0.649242 0 0.760582
    outer loop
      vertex 30.9298 0 5.15279
      vertex 30.8343 2 5.23431
      vertex 30.8343 0 5.23431
    endloop
  endfacet
  facet normal 0.233343 0 0.972395
    outer loop
      vertex 31.1528 2 5.03915
      vertex 31.2749 0 5.00985
      vertex 31.2749 2 5.00985
    endloop
  endfacet
  facet normal 0.233343 0 0.972395
    outer loop
      vertex 31.2749 0 5.00985
      vertex 31.1528 2 5.03915
      vertex 31.1528 0 5.03915
    endloop
  endfacet
  facet normal 0.522674 0 -0.852533
    outer loop
      vertex 30.9298 0 12.8472
      vertex 31.0368 2 12.9128
      vertex 31.0368 0 12.9128
    endloop
  endfacet
  facet normal 0.522674 0 -0.852533
    outer loop
      vertex 31.0368 2 12.9128
      vertex 30.9298 0 12.8472
      vertex 30.9298 2 12.8472
    endloop
  endfacet
  facet normal 0.522674 0 0.852533
    outer loop
      vertex 30.9298 2 5.15279
      vertex 31.0368 0 5.08719
      vertex 31.0368 2 5.08719
    endloop
  endfacet
  facet normal 0.522674 0 0.852533
    outer loop
      vertex 31.0368 0 5.08719
      vertex 30.9298 2 5.15279
      vertex 30.9298 0 5.15279
    endloop
  endfacet
  facet normal -0.996948 0 0.0780671
    outer loop
      vertex 35.1902 0 5.67485
      vertex 35.2 2 5.8
      vertex 35.1902 2 5.67485
    endloop
  endfacet
  facet normal -0.996948 0 0.0780671
    outer loop
      vertex 35.2 2 5.8
      vertex 35.1902 0 5.67485
      vertex 35.2 0 5.8
    endloop
  endfacet
  facet normal -0.923994 0 0.382408
    outer loop
      vertex 35.1128 0 5.43681
      vertex 35.1608 2 5.55279
      vertex 35.1128 2 5.43681
    endloop
  endfacet
  facet normal -0.923994 0 0.382408
    outer loop
      vertex 35.1608 2 5.55279
      vertex 35.1128 0 5.43681
      vertex 35.1608 0 5.55279
    endloop
  endfacet
  facet normal -0.924017 0 -0.382352
    outer loop
      vertex 35.1608 0 12.4472
      vertex 35.1128 2 12.5632
      vertex 35.1608 2 12.4472
    endloop
  endfacet
  facet normal -0.924017 -0 -0.382352
    outer loop
      vertex 35.1128 2 12.5632
      vertex 35.1608 0 12.4472
      vertex 35.1128 0 12.5632
    endloop
  endfacet
  facet normal -1 0 0
    outer loop
      vertex 35.2 0 5.8
      vertex 35.2 2 12.2
      vertex 35.2 2 5.8
    endloop
  endfacet
  facet normal -1 -0 0
    outer loop
      vertex 35.2 2 12.2
      vertex 35.2 0 5.8
      vertex 35.2 0 12.2
    endloop
  endfacet
  facet normal 0.923994 -0 0.382408
    outer loop
      vertex 33.6392 0 5.55279
      vertex 33.6872 2 5.43681
      vertex 33.6392 2 5.55279
    endloop
  endfacet
  facet normal 0.923994 0 0.382408
    outer loop
      vertex 33.6872 2 5.43681
      vertex 33.6392 0 5.55279
      vertex 33.6872 0 5.43681
    endloop
  endfacet
  facet normal -0.972214 0 -0.234096
    outer loop
      vertex 35.1902 0 12.3251
      vertex 35.1608 2 12.4472
      vertex 35.1902 2 12.3251
    endloop
  endfacet
  facet normal -0.972214 -0 -0.234096
    outer loop
      vertex 35.1608 2 12.4472
      vertex 35.1902 0 12.3251
      vertex 35.1608 0 12.4472
    endloop
  endfacet
  facet normal -0.233343 0 0.972395
    outer loop
      vertex 34.5251 2 5.00985
      vertex 34.6472 0 5.03915
      vertex 34.6472 2 5.03915
    endloop
  endfacet
  facet normal -0.233343 0 0.972395
    outer loop
      vertex 34.6472 0 5.03915
      vertex 34.5251 2 5.00985
      vertex 34.5251 0 5.00985
    endloop
  endfacet
  facet normal 0.972196 -0 0.234168
    outer loop
      vertex 33.6098 0 5.67485
      vertex 33.6392 2 5.55279
      vertex 33.6098 2 5.67485
    endloop
  endfacet
  facet normal 0.972196 0 0.234168
    outer loop
      vertex 33.6392 2 5.55279
      vertex 33.6098 0 5.67485
      vertex 33.6392 0 5.55279
    endloop
  endfacet
  facet normal 0.996948 -0 0.0780671
    outer loop
      vertex 33.6 0 5.8
      vertex 33.6098 2 5.67485
      vertex 33.6 2 5.8
    endloop
  endfacet
  facet normal 0.996948 0 0.0780671
    outer loop
      vertex 33.6098 2 5.67485
      vertex 33.6 0 5.8
      vertex 33.6098 0 5.67485
    endloop
  endfacet
  facet normal 1 -0 0
    outer loop
      vertex 33.6 0 12.2
      vertex 33.6 2 5.8
      vertex 33.6 2 12.2
    endloop
  endfacet
  facet normal 1 0 0
    outer loop
      vertex 33.6 2 5.8
      vertex 33.6 0 12.2
      vertex 33.6 0 5.8
    endloop
  endfacet
  facet normal 0.234096 0 -0.972214
    outer loop
      vertex 34.1528 -0.599999 12.9608
      vertex 34.2749 2 12.9902
      vertex 34.2749 -0.599999 12.9902
    endloop
  endfacet
  facet normal 0.234096 0 -0.972214
    outer loop
      vertex 34.2749 2 12.9902
      vertex 34.1528 -0.599999 12.9608
      vertex 34.1528 2 12.9608
    endloop
  endfacet
  facet normal 0.852533 0 -0.522674
    outer loop
      vertex 33.7528 0 12.6702
      vertex 33.6872 2 12.5632
      vertex 33.7528 2 12.6702
    endloop
  endfacet
  facet normal 0.852533 0 -0.522674
    outer loop
      vertex 33.6872 2 12.5632
      vertex 33.7528 0 12.6702
      vertex 33.6872 0 12.5632
    endloop
  endfacet
  facet normal -0.996946 0 -0.0780981
    outer loop
      vertex 35.2 0 12.2
      vertex 35.1902 2 12.3251
      vertex 35.2 2 12.2
    endloop
  endfacet
  facet normal -0.996946 -0 -0.0780981
    outer loop
      vertex 35.1902 2 12.3251
      vertex 35.2 0 12.2
      vertex 35.1902 0 12.3251
    endloop
  endfacet
  facet normal -0.85262 0 0.522532
    outer loop
      vertex 35.0472 0 5.32977
      vertex 35.1128 2 5.43681
      vertex 35.0472 2 5.32977
    endloop
  endfacet
  facet normal -0.85262 0 0.522532
    outer loop
      vertex 35.1128 2 5.43681
      vertex 35.0472 0 5.32977
      vertex 35.1128 0 5.43681
    endloop
  endfacet
  facet normal 0.382624 0 0.923904
    outer loop
      vertex 34.0368 2 5.08719
      vertex 34.1528 0 5.03915
      vertex 34.1528 2 5.03915
    endloop
  endfacet
  facet normal 0.382624 0 0.923904
    outer loop
      vertex 34.1528 0 5.03915
      vertex 34.0368 2 5.08719
      vertex 34.0368 0 5.08719
    endloop
  endfacet
  facet normal 0.0780981 0 -0.996946
    outer loop
      vertex 34.2749 -0.599999 12.9902
      vertex 34.4 2 13
      vertex 34.4 -0.599999 13
    endloop
  endfacet
  facet normal 0.0780981 0 -0.996946
    outer loop
      vertex 34.4 2 13
      vertex 34.2749 -0.599999 12.9902
      vertex 34.2749 2 12.9902
    endloop
  endfacet
  facet normal -0.234096 0 -0.972214
    outer loop
      vertex 34.5251 -0.599999 12.9902
      vertex 34.6472 2 12.9608
      vertex 34.6472 -0.599999 12.9608
    endloop
  endfacet
  facet normal -0.234096 0 -0.972214
    outer loop
      vertex 34.6472 2 12.9608
      vertex 34.5251 -0.599999 12.9902
      vertex 34.5251 2 12.9902
    endloop
  endfacet
  facet normal -0.852533 0 -0.522674
    outer loop
      vertex 35.1128 0 12.5632
      vertex 35.0472 2 12.6702
      vertex 35.1128 2 12.5632
    endloop
  endfacet
  facet normal -0.852533 -0 -0.522674
    outer loop
      vertex 35.0472 2 12.6702
      vertex 35.1128 0 12.5632
      vertex 35.0472 0 12.6702
    endloop
  endfacet
  facet normal 0.76066 0 -0.64915
    outer loop
      vertex 33.8343 0 12.7657
      vertex 33.7528 2 12.6702
      vertex 33.8343 2 12.7657
    endloop
  endfacet
  facet normal 0.76066 0 -0.64915
    outer loop
      vertex 33.7528 2 12.6702
      vertex 33.8343 0 12.7657
      vertex 33.7528 0 12.6702
    endloop
  endfacet
  facet normal 0.382352 0 -0.924017
    outer loop
      vertex 34.0368 -0.599999 12.9128
      vertex 34.1528 2 12.9608
      vertex 34.1528 -0.599999 12.9608
    endloop
  endfacet
  facet normal 0.382352 0 -0.924017
    outer loop
      vertex 34.1528 2 12.9608
      vertex 34.0368 -0.599999 12.9128
      vertex 34.0368 2 12.9128
    endloop
  endfacet
  facet normal 0.996946 0 -0.0780981
    outer loop
      vertex 33.6098 0 12.3251
      vertex 33.6 2 12.2
      vertex 33.6098 2 12.3251
    endloop
  endfacet
  facet normal 0.996946 0 -0.0780981
    outer loop
      vertex 33.6 2 12.2
      vertex 33.6098 0 12.3251
      vertex 33.6 0 12.2
    endloop
  endfacet
  facet normal 0.924017 0 -0.382352
    outer loop
      vertex 33.6872 0 12.5632
      vertex 33.6392 2 12.4472
      vertex 33.6872 2 12.5632
    endloop
  endfacet
  facet normal 0.924017 0 -0.382352
    outer loop
      vertex 33.6392 2 12.4472
      vertex 33.6872 0 12.5632
      vertex 33.6392 0 12.4472
    endloop
  endfacet
  facet normal 0.972214 0 -0.234096
    outer loop
      vertex 33.6392 0 12.4472
      vertex 33.6098 2 12.3251
      vertex 33.6392 2 12.4472
    endloop
  endfacet
  facet normal 0.972214 0 -0.234096
    outer loop
      vertex 33.6098 2 12.3251
      vertex 33.6392 0 12.4472
      vertex 33.6098 0 12.3251
    endloop
  endfacet
  facet normal -0.760526 0 0.649307
    outer loop
      vertex 34.9657 0 5.23431
      vertex 35.0472 2 5.32977
      vertex 34.9657 2 5.23431
    endloop
  endfacet
  facet normal -0.760526 0 0.649307
    outer loop
      vertex 35.0472 2 5.32977
      vertex 34.9657 0 5.23431
      vertex 35.0472 0 5.32977
    endloop
  endfacet
  facet normal -0.649242 0 0.760582
    outer loop
      vertex 34.8702 2 5.15279
      vertex 34.9657 0 5.23431
      vertex 34.9657 2 5.23431
    endloop
  endfacet
  facet normal -0.649242 0 0.760582
    outer loop
      vertex 34.9657 0 5.23431
      vertex 34.8702 2 5.15279
      vertex 34.8702 0 5.15279
    endloop
  endfacet
  facet normal -0.522674 0 0.852533
    outer loop
      vertex 34.7632 2 5.08719
      vertex 34.8702 0 5.15279
      vertex 34.8702 2 5.15279
    endloop
  endfacet
  facet normal -0.522674 0 0.852533
    outer loop
      vertex 34.8702 0 5.15279
      vertex 34.7632 2 5.08719
      vertex 34.7632 0 5.08719
    endloop
  endfacet
  facet normal 0.760526 -0 0.649307
    outer loop
      vertex 33.7528 0 5.32977
      vertex 33.8343 2 5.23431
      vertex 33.7528 2 5.32977
    endloop
  endfacet
  facet normal 0.760526 0 0.649307
    outer loop
      vertex 33.8343 2 5.23431
      vertex 33.7528 0 5.32977
      vertex 33.8343 0 5.23431
    endloop
  endfacet
  facet normal -0.0784941 0 0.996915
    outer loop
      vertex 34.4 2 5
      vertex 34.5251 0 5.00985
      vertex 34.5251 2 5.00985
    endloop
  endfacet
  facet normal -0.0784941 0 0.996915
    outer loop
      vertex 34.5251 0 5.00985
      vertex 34.4 2 5
      vertex 34.4 0 5
    endloop
  endfacet
  facet normal 0.0784941 0 0.996915
    outer loop
      vertex 34.2749 2 5.00985
      vertex 34.4 0 5
      vertex 34.4 2 5
    endloop
  endfacet
  facet normal 0.0784941 0 0.996915
    outer loop
      vertex 34.4 0 5
      vertex 34.2749 2 5.00985
      vertex 34.2749 0 5.00985
    endloop
  endfacet
  facet normal -0.0780981 0 -0.996946
    outer loop
      vertex 34.4 -0.599999 13
      vertex 34.5251 2 12.9902
      vertex 34.5251 -0.599999 12.9902
    endloop
  endfacet
  facet normal -0.0780981 0 -0.996946
    outer loop
      vertex 34.5251 2 12.9902
      vertex 34.4 -0.599999 13
      vertex 34.4 2 13
    endloop
  endfacet
  facet normal -0.382352 0 -0.924017
    outer loop
      vertex 34.6472 -0.599999 12.9608
      vertex 34.7632 2 12.9128
      vertex 34.7632 -0.599999 12.9128
    endloop
  endfacet
  facet normal -0.382352 0 -0.924017
    outer loop
      vertex 34.7632 2 12.9128
      vertex 34.6472 -0.599999 12.9608
      vertex 34.6472 2 12.9608
    endloop
  endfacet
  facet normal -0.76005 0 -0.649865
    outer loop
      vertex 35.0183 0 12.704
      vertex 35.0472 2 12.6702
      vertex 35.0472 0 12.6702
    endloop
  endfacet
  facet normal -0.76066 2.09082e-05 -0.64915
    outer loop
      vertex 35.0472 2 12.6702
      vertex 35.0183 0 12.704
      vertex 34.9657 2 12.7657
    endloop
  endfacet
  facet normal -0.760995 0 -0.648758
    outer loop
      vertex 34.9657 -0.599999 12.7657
      vertex 35.0183 0 12.704
      vertex 35.0183 -0.599999 12.704
    endloop
  endfacet
  facet normal -0.760995 0 -0.648758
    outer loop
      vertex 35.0183 0 12.704
      vertex 34.9657 -0.599999 12.7657
      vertex 34.9657 2 12.7657
    endloop
  endfacet
  facet normal -0.522674 0 -0.852533
    outer loop
      vertex 34.7632 -0.599999 12.9128
      vertex 34.8702 2 12.8472
      vertex 34.8702 -0.599999 12.8472
    endloop
  endfacet
  facet normal -0.522674 0 -0.852533
    outer loop
      vertex 34.8702 2 12.8472
      vertex 34.7632 -0.599999 12.9128
      vertex 34.7632 2 12.9128
    endloop
  endfacet
  facet normal -0.64915 0 -0.76066
    outer loop
      vertex 34.8702 -0.599999 12.8472
      vertex 34.9657 2 12.7657
      vertex 34.9657 -0.599999 12.7657
    endloop
  endfacet
  facet normal -0.64915 0 -0.76066
    outer loop
      vertex 34.9657 2 12.7657
      vertex 34.8702 -0.599999 12.8472
      vertex 34.8702 2 12.8472
    endloop
  endfacet
  facet normal 0.649426 0 -0.760425
    outer loop
      vertex 33.838 0 12.7688
      vertex 33.9298 -0.599999 12.8472
      vertex 33.838 -0.599999 12.7688
    endloop
  endfacet
  facet normal 0.649426 0 -0.760425
    outer loop
      vertex 33.9298 -0.599999 12.8472
      vertex 33.838 0 12.7688
      vertex 33.9298 2 12.8472
    endloop
  endfacet
  facet normal 0.64222 0 -0.76652
    outer loop
      vertex 33.8343 2 12.7657
      vertex 33.838 0 12.7688
      vertex 33.8343 0 12.7657
    endloop
  endfacet
  facet normal 0.64915 2.19038e-05 -0.76066
    outer loop
      vertex 33.838 0 12.7688
      vertex 33.8343 2 12.7657
      vertex 33.9298 2 12.8472
    endloop
  endfacet
  facet normal -0.972196 0 0.234168
    outer loop
      vertex 35.1608 0 5.55279
      vertex 35.1902 2 5.67485
      vertex 35.1608 2 5.55279
    endloop
  endfacet
  facet normal -0.972196 0 0.234168
    outer loop
      vertex 35.1902 2 5.67485
      vertex 35.1608 0 5.55279
      vertex 35.1902 0 5.67485
    endloop
  endfacet
  facet normal -0.382624 0 0.923904
    outer loop
      vertex 34.6472 2 5.03915
      vertex 34.7632 0 5.08719
      vertex 34.7632 2 5.08719
    endloop
  endfacet
  facet normal -0.382624 0 0.923904
    outer loop
      vertex 34.7632 0 5.08719
      vertex 34.6472 2 5.03915
      vertex 34.6472 0 5.03915
    endloop
  endfacet
  facet normal 0.522674 0 0.852533
    outer loop
      vertex 33.9298 2 5.15279
      vertex 34.0368 0 5.08719
      vertex 34.0368 2 5.08719
    endloop
  endfacet
  facet normal 0.522674 0 0.852533
    outer loop
      vertex 34.0368 0 5.08719
      vertex 33.9298 2 5.15279
      vertex 33.9298 0 5.15279
    endloop
  endfacet
  facet normal 0.85262 -0 0.522532
    outer loop
      vertex 33.6872 0 5.43681
      vertex 33.7528 2 5.32977
      vertex 33.6872 2 5.43681
    endloop
  endfacet
  facet normal 0.85262 0 0.522532
    outer loop
      vertex 33.7528 2 5.32977
      vertex 33.6872 0 5.43681
      vertex 33.7528 0 5.32977
    endloop
  endfacet
  facet normal 0.649242 0 0.760582
    outer loop
      vertex 33.8343 2 5.23431
      vertex 33.9298 0 5.15279
      vertex 33.9298 2 5.15279
    endloop
  endfacet
  facet normal 0.649242 0 0.760582
    outer loop
      vertex 33.9298 0 5.15279
      vertex 33.8343 2 5.23431
      vertex 33.8343 0 5.23431
    endloop
  endfacet
  facet normal 0.233343 0 0.972395
    outer loop
      vertex 34.1528 2 5.03915
      vertex 34.2749 0 5.00985
      vertex 34.2749 2 5.00985
    endloop
  endfacet
  facet normal 0.233343 0 0.972395
    outer loop
      vertex 34.2749 0 5.00985
      vertex 34.1528 2 5.03915
      vertex 34.1528 0 5.03915
    endloop
  endfacet
  facet normal 0.522674 0 -0.852533
    outer loop
      vertex 33.9298 -0.599999 12.8472
      vertex 34.0368 2 12.9128
      vertex 34.0368 -0.599999 12.9128
    endloop
  endfacet
  facet normal 0.522674 0 -0.852533
    outer loop
      vertex 34.0368 2 12.9128
      vertex 33.9298 -0.599999 12.8472
      vertex 33.9298 2 12.8472
    endloop
  endfacet
  facet normal 0 -0.369788 0.929116
    outer loop
      vertex 11.896 2 35.096
      vertex 38.9 0 34.3
      vertex 38.104 2 35.096
    endloop
  endfacet
  facet normal 0 -0.369788 0.929116
    outer loop
      vertex 38.9 0 34.3
      vertex 11.896 2 35.096
      vertex 11.1 0 34.3
    endloop
  endfacet
  facet normal 0.929116 -0.369788 0
    outer loop
      vertex 11.1 0 62.1
      vertex 11.896 2 35.096
      vertex 11.896 2 61.304
    endloop
  endfacet
  facet normal 0.929116 -0.369788 0
    outer loop
      vertex 11.896 2 35.096
      vertex 11.1 0 62.1
      vertex 11.1 0 34.3
    endloop
  endfacet
  facet normal 0 -0.369788 -0.929116
    outer loop
      vertex 38.9 0 62.1
      vertex 11.896 2 61.304
      vertex 38.104 2 61.304
    endloop
  endfacet
  facet normal 0 -0.369788 -0.929116
    outer loop
      vertex 11.896 2 61.304
      vertex 38.9 0 62.1
      vertex 11.1 0 62.1
    endloop
  endfacet
  facet normal -0.929116 -0.369788 0
    outer loop
      vertex 38.9 0 34.3
      vertex 38.104 2 61.304
      vertex 38.104 2 35.096
    endloop
  endfacet
  facet normal -0.929116 -0.369788 0
    outer loop
      vertex 38.104 2 61.304
      vertex 38.9 0 34.3
      vertex 38.9 0 62.1
    endloop
  endfacet
  facet normal 1 -0 0
    outer loop
      vertex 12 0 29
      vertex 12 0.589999 27.6
      vertex 12 0.589999 29
    endloop
  endfacet
  facet normal 1 0 0
    outer loop
      vertex 12 0.589999 27.6
      vertex 12 0 29
      vertex 12 0 27.6
    endloop
  endfacet
  facet normal 0 0 -1
    outer loop
      vertex 12 0 29
      vertex 30 0.589999 29
      vertex 30 0 29
    endloop
  endfacet
  facet normal -0 0 -1
    outer loop
      vertex 30 0.589999 29
      vertex 12 0 29
      vertex 12 0.589999 29
    endloop
  endfacet
  facet normal -1 0 0
    outer loop
      vertex 30 0 27.6
      vertex 30 0.589999 29
      vertex 30 0.589999 27.6
    endloop
  endfacet
  facet normal -1 -0 0
    outer loop
      vertex 30 0.589999 29
      vertex 30 0 27.6
      vertex 30 0 29
    endloop
  endfacet
  facet normal 0 -1 0
    outer loop
      vertex 12 0.589999 27.6
      vertex 30 0.589999 29
      vertex 12 0.589999 29
    endloop
  endfacet
  facet normal 0 -1 -0
    outer loop
      vertex 30 0.589999 29
      vertex 12 0.589999 27.6
      vertex 30 0.589999 27.6
    endloop
  endfacet
  facet normal -0 0 1
    outer loop
      vertex 12 0.589999 27.6
      vertex 30 0 27.6
      vertex 30 0.589999 27.6
    endloop
  endfacet
  facet normal 0 0 1
    outer loop
      vertex 30 0 27.6
      vertex 12 0.589999 27.6
      vertex 12 0 27.6
    endloop
  endfacet
  facet normal 1 -0 0
    outer loop
      vertex 20.3 11.7 75
      vertex 20.3 25 74
      vertex 20.3 25 75
    endloop
  endfacet
  facet normal 1 0 0
    outer loop
      vertex 20.3 25 74
      vertex 20.3 11.7 75
      vertex 20.3 11.7 74
    endloop
  endfacet
  facet normal 0 0 -1
    outer loop
      vertex 20.3 11.7 75
      vertex 29.7 25 75
      vertex 29.7 11.7 75
    endloop
  endfacet
  facet normal -0 0 -1
    outer loop
      vertex 29.7 25 75
      vertex 20.3 11.7 75
      vertex 20.3 25 75
    endloop
  endfacet
  facet normal -1 0 0
    outer loop
      vertex 29.7 11.7 74
      vertex 29.7 25 75
      vertex 29.7 25 74
    endloop
  endfacet
  facet normal -1 -0 0
    outer loop
      vertex 29.7 25 75
      vertex 29.7 11.7 74
      vertex 29.7 11.7 75
    endloop
  endfacet
  facet normal 0 1 -0
    outer loop
      vertex 29.7 11.7 74
      vertex 20.3 11.7 75
      vertex 29.7 11.7 75
    endloop
  endfacet
  facet normal 0 1 0
    outer loop
      vertex 20.3 11.7 75
      vertex 29.7 11.7 74
      vertex 20.3 11.7 74
    endloop
  endfacet
  facet normal 0 -1 0
    outer loop
      vertex 20.3 25 74
      vertex 29.7 25 75
      vertex 20.3 25 75
    endloop
  endfacet
  facet normal 0 -1 -0
    outer loop
      vertex 29.7 25 75
      vertex 20.3 25 74
      vertex 29.7 25 74
    endloop
  endfacet
  facet normal 0 -0.760455 -0.649391
    outer loop
      vertex 48 14.8989 20.1343
      vertex 49 14.6849 20.3849
      vertex 48 14.6849 20.3849
    endloop
  endfacet
  facet normal 0 -0.760455 -0.649391
    outer loop
      vertex 49 14.6849 20.3849
      vertex 48 14.8989 20.1343
      vertex 49 14.8989 20.1343
    endloop
  endfacet
  facet normal 0 -0.996906 -0.0785993
    outer loop
      vertex 48 15.3 18.9
      vertex 49 15.2741 19.2285
      vertex 48 15.2741 19.2285
    endloop
  endfacet
  facet normal 0 -0.996906 -0.0785993
    outer loop
      vertex 49 15.2741 19.2285
      vertex 48 15.3 18.9
      vertex 49 15.3 18.9
    endloop
  endfacet
  facet normal 0 0.0785993 -0.996906
    outer loop
      vertex 48 12.8715 20.9741
      vertex 49 13.2 21
      vertex 49 12.8715 20.9741
    endloop
  endfacet
  facet normal 0 0.0785993 -0.996906
    outer loop
      vertex 49 13.2 21
      vertex 48 12.8715 20.9741
      vertex 48 13.2 21
    endloop
  endfacet
  facet normal 0 -0.52264 -0.852553
    outer loop
      vertex 48 14.1534 20.7711
      vertex 49 14.4343 20.5989
      vertex 49 14.1534 20.7711
    endloop
  endfacet
  facet normal -0 -0.52264 -0.852553
    outer loop
      vertex 49 14.4343 20.5989
      vertex 48 14.1534 20.7711
      vertex 48 14.4343 20.5989
    endloop
  endfacet
  facet normal 0 -0.92391 -0.382611
    outer loop
      vertex 48 15.1972 19.5489
      vertex 49 15.0711 19.8534
      vertex 48 15.0711 19.8534
    endloop
  endfacet
  facet normal 0 -0.92391 -0.382611
    outer loop
      vertex 49 15.0711 19.8534
      vertex 48 15.1972 19.5489
      vertex 49 15.1972 19.5489
    endloop
  endfacet
  facet normal 0 -1 0
    outer loop
      vertex 48 15.3 13.1
      vertex 49 15.3 18.9
      vertex 48 15.3 18.9
    endloop
  endfacet
  facet normal 0 -1 -0
    outer loop
      vertex 49 15.3 18.9
      vertex 48 15.3 13.1
      vertex 49 15.3 13.1
    endloop
  endfacet
  facet normal 0 -0.0785993 -0.996906
    outer loop
      vertex 48 13.2 21
      vertex 49 13.5285 20.9741
      vertex 49 13.2 21
    endloop
  endfacet
  facet normal -0 -0.0785993 -0.996906
    outer loop
      vertex 49 13.5285 20.9741
      vertex 48 13.2 21
      vertex 48 13.5285 20.9741
    endloop
  endfacet
  facet normal 0 -0.649391 -0.760455
    outer loop
      vertex 48 14.4343 20.5989
      vertex 49 14.6849 20.3849
      vertex 49 14.4343 20.5989
    endloop
  endfacet
  facet normal -0 -0.649391 -0.760455
    outer loop
      vertex 49 14.6849 20.3849
      vertex 48 14.4343 20.5989
      vertex 48 14.6849 20.3849
    endloop
  endfacet
  facet normal 0 -0.852553 -0.52264
    outer loop
      vertex 48 15.0711 19.8534
      vertex 49 14.8989 20.1343
      vertex 48 14.8989 20.1343
    endloop
  endfacet
  facet normal 0 -0.852553 -0.52264
    outer loop
      vertex 49 14.8989 20.1343
      vertex 48 15.0711 19.8534
      vertex 49 15.0711 19.8534
    endloop
  endfacet
  facet normal 0 -0.972385 -0.233384
    outer loop
      vertex 48 15.2741 19.2285
      vertex 49 15.1972 19.5489
      vertex 48 15.1972 19.5489
    endloop
  endfacet
  facet normal 0 -0.972385 -0.233384
    outer loop
      vertex 49 15.1972 19.5489
      vertex 48 15.2741 19.2285
      vertex 49 15.2741 19.2285
    endloop
  endfacet
  facet normal 0 1 -0
    outer loop
      vertex 49 11.1 13.1
      vertex 48 11.1 18.9
      vertex 49 11.1 18.9
    endloop
  endfacet
  facet normal 0 1 0
    outer loop
      vertex 48 11.1 18.9
      vertex 49 11.1 13.1
      vertex 48 11.1 13.1
    endloop
  endfacet
  facet normal 0 0.996906 -0.0785993
    outer loop
      vertex 49 11.1 18.9
      vertex 48 11.1259 19.2285
      vertex 49 11.1259 19.2285
    endloop
  endfacet
  facet normal 0 0.996906 -0.0785993
    outer loop
      vertex 48 11.1259 19.2285
      vertex 49 11.1 18.9
      vertex 48 11.1 18.9
    endloop
  endfacet
  facet normal 0 0.760455 -0.649391
    outer loop
      vertex 49 11.5011 20.1343
      vertex 48 11.7151 20.3849
      vertex 49 11.7151 20.3849
    endloop
  endfacet
  facet normal 0 0.760455 -0.649391
    outer loop
      vertex 48 11.7151 20.3849
      vertex 49 11.5011 20.1343
      vertex 48 11.5011 20.1343
    endloop
  endfacet
  facet normal 0 0.852553 -0.52264
    outer loop
      vertex 49 11.3289 19.8534
      vertex 48 11.5011 20.1343
      vertex 49 11.5011 20.1343
    endloop
  endfacet
  facet normal 0 0.852553 -0.52264
    outer loop
      vertex 48 11.5011 20.1343
      vertex 49 11.3289 19.8534
      vertex 48 11.3289 19.8534
    endloop
  endfacet
  facet normal 0 -0.972385 0.233384
    outer loop
      vertex 48 15.1972 12.4511
      vertex 49 15.2741 12.7715
      vertex 48 15.2741 12.7715
    endloop
  endfacet
  facet normal 0 -0.972385 0.233384
    outer loop
      vertex 49 15.2741 12.7715
      vertex 48 15.1972 12.4511
      vertex 49 15.1972 12.4511
    endloop
  endfacet
  facet normal 0 0.52264 -0.852553
    outer loop
      vertex 48 11.9657 20.5989
      vertex 49 12.2466 20.7711
      vertex 49 11.9657 20.5989
    endloop
  endfacet
  facet normal 0 0.52264 -0.852553
    outer loop
      vertex 49 12.2466 20.7711
      vertex 48 11.9657 20.5989
      vertex 48 12.2466 20.7711
    endloop
  endfacet
  facet normal -0 0.649391 0.760455
    outer loop
      vertex 48 11.9657 11.4011
      vertex 49 11.7151 11.6151
      vertex 49 11.9657 11.4011
    endloop
  endfacet
  facet normal 0 0.649391 0.760455
    outer loop
      vertex 49 11.7151 11.6151
      vertex 48 11.9657 11.4011
      vertex 48 11.7151 11.6151
    endloop
  endfacet
  facet normal -0 0.233384 0.972385
    outer loop
      vertex 48 12.8715 11.0259
      vertex 49 12.5511 11.1028
      vertex 49 12.8715 11.0259
    endloop
  endfacet
  facet normal 0 0.233384 0.972385
    outer loop
      vertex 49 12.5511 11.1028
      vertex 48 12.8715 11.0259
      vertex 48 12.5511 11.1028
    endloop
  endfacet
  facet normal 0 -0.233384 0.972385
    outer loop
      vertex 48 13.8489 11.1028
      vertex 49 13.5285 11.0259
      vertex 49 13.8489 11.1028
    endloop
  endfacet
  facet normal 0 -0.233384 0.972385
    outer loop
      vertex 49 13.5285 11.0259
      vertex 48 13.8489 11.1028
      vertex 48 13.5285 11.0259
    endloop
  endfacet
  facet normal 0 -0.52264 0.852553
    outer loop
      vertex 48 14.4343 11.4011
      vertex 49 14.1534 11.2289
      vertex 49 14.4343 11.4011
    endloop
  endfacet
  facet normal 0 -0.52264 0.852553
    outer loop
      vertex 49 14.1534 11.2289
      vertex 48 14.4343 11.4011
      vertex 48 14.1534 11.2289
    endloop
  endfacet
  facet normal 0 0.996906 0.0785993
    outer loop
      vertex 49 11.1259 12.7715
      vertex 48 11.1 13.1
      vertex 49 11.1 13.1
    endloop
  endfacet
  facet normal 0 0.996906 0.0785993
    outer loop
      vertex 48 11.1 13.1
      vertex 49 11.1259 12.7715
      vertex 48 11.1259 12.7715
    endloop
  endfacet
  facet normal 0 0.972385 -0.233384
    outer loop
      vertex 49 11.1259 19.2285
      vertex 48 11.2028 19.5489
      vertex 49 11.2028 19.5489
    endloop
  endfacet
  facet normal 0 0.972385 -0.233384
    outer loop
      vertex 48 11.2028 19.5489
      vertex 49 11.1259 19.2285
      vertex 48 11.1259 19.2285
    endloop
  endfacet
  facet normal 0 0.92391 -0.382611
    outer loop
      vertex 49 11.2028 19.5489
      vertex 48 11.3289 19.8534
      vertex 49 11.3289 19.8534
    endloop
  endfacet
  facet normal 0 0.92391 -0.382611
    outer loop
      vertex 48 11.3289 19.8534
      vertex 49 11.2028 19.5489
      vertex 48 11.2028 19.5489
    endloop
  endfacet
  facet normal 0 -0.996906 0.0785993
    outer loop
      vertex 48 15.2741 12.7715
      vertex 49 15.3 13.1
      vertex 48 15.3 13.1
    endloop
  endfacet
  facet normal 0 -0.996906 0.0785993
    outer loop
      vertex 49 15.3 13.1
      vertex 48 15.2741 12.7715
      vertex 49 15.2741 12.7715
    endloop
  endfacet
  facet normal 0 0.233384 -0.972385
    outer loop
      vertex 48 12.5511 20.8972
      vertex 49 12.8715 20.9741
      vertex 49 12.5511 20.8972
    endloop
  endfacet
  facet normal 0 0.233384 -0.972385
    outer loop
      vertex 49 12.8715 20.9741
      vertex 48 12.5511 20.8972
      vertex 48 12.8715 20.9741
    endloop
  endfacet
  facet normal 0 0.382611 -0.92391
    outer loop
      vertex 48 12.2466 20.7711
      vertex 49 12.5511 20.8972
      vertex 49 12.2466 20.7711
    endloop
  endfacet
  facet normal 0 0.382611 -0.92391
    outer loop
      vertex 49 12.5511 20.8972
      vertex 48 12.2466 20.7711
      vertex 48 12.5511 20.8972
    endloop
  endfacet
  facet normal 0 -0.233384 -0.972385
    outer loop
      vertex 48 13.5285 20.9741
      vertex 49 13.8489 20.8972
      vertex 49 13.5285 20.9741
    endloop
  endfacet
  facet normal -0 -0.233384 -0.972385
    outer loop
      vertex 49 13.8489 20.8972
      vertex 48 13.5285 20.9741
      vertex 48 13.8489 20.8972
    endloop
  endfacet
  facet normal 0 -0.382611 -0.92391
    outer loop
      vertex 48 13.8489 20.8972
      vertex 49 14.1534 20.7711
      vertex 49 13.8489 20.8972
    endloop
  endfacet
  facet normal -0 -0.382611 -0.92391
    outer loop
      vertex 49 14.1534 20.7711
      vertex 48 13.8489 20.8972
      vertex 48 14.1534 20.7711
    endloop
  endfacet
  facet normal 0 0.852553 0.52264
    outer loop
      vertex 49 11.5011 11.8657
      vertex 48 11.3289 12.1466
      vertex 49 11.3289 12.1466
    endloop
  endfacet
  facet normal 0 0.852553 0.52264
    outer loop
      vertex 48 11.3289 12.1466
      vertex 49 11.5011 11.8657
      vertex 48 11.5011 11.8657
    endloop
  endfacet
  facet normal 0 0.760455 0.649391
    outer loop
      vertex 49 11.7151 11.6151
      vertex 48 11.5011 11.8657
      vertex 49 11.5011 11.8657
    endloop
  endfacet
  facet normal 0 0.760455 0.649391
    outer loop
      vertex 48 11.5011 11.8657
      vertex 49 11.7151 11.6151
      vertex 48 11.7151 11.6151
    endloop
  endfacet
  facet normal -0 0.382611 0.92391
    outer loop
      vertex 48 12.5511 11.1028
      vertex 49 12.2466 11.2289
      vertex 49 12.5511 11.1028
    endloop
  endfacet
  facet normal 0 0.382611 0.92391
    outer loop
      vertex 49 12.2466 11.2289
      vertex 48 12.5511 11.1028
      vertex 48 12.2466 11.2289
    endloop
  endfacet
  facet normal 0 -0.382611 0.92391
    outer loop
      vertex 48 14.1534 11.2289
      vertex 49 13.8489 11.1028
      vertex 49 14.1534 11.2289
    endloop
  endfacet
  facet normal 0 -0.382611 0.92391
    outer loop
      vertex 49 13.8489 11.1028
      vertex 48 14.1534 11.2289
      vertex 48 13.8489 11.1028
    endloop
  endfacet
  facet normal 0 0.649391 -0.760455
    outer loop
      vertex 48 11.7151 20.3849
      vertex 49 11.9657 20.5989
      vertex 49 11.7151 20.3849
    endloop
  endfacet
  facet normal 0 0.649391 -0.760455
    outer loop
      vertex 49 11.9657 20.5989
      vertex 48 11.7151 20.3849
      vertex 48 11.9657 20.5989
    endloop
  endfacet
  facet normal 0 0.92391 0.382611
    outer loop
      vertex 49 11.3289 12.1466
      vertex 48 11.2028 12.4511
      vertex 49 11.2028 12.4511
    endloop
  endfacet
  facet normal 0 0.92391 0.382611
    outer loop
      vertex 48 11.2028 12.4511
      vertex 49 11.3289 12.1466
      vertex 48 11.3289 12.1466
    endloop
  endfacet
  facet normal 0 0.972385 0.233384
    outer loop
      vertex 49 11.2028 12.4511
      vertex 48 11.1259 12.7715
      vertex 49 11.1259 12.7715
    endloop
  endfacet
  facet normal 0 0.972385 0.233384
    outer loop
      vertex 48 11.1259 12.7715
      vertex 49 11.2028 12.4511
      vertex 48 11.2028 12.4511
    endloop
  endfacet
  facet normal -0 0.52264 0.852553
    outer loop
      vertex 48 12.2466 11.2289
      vertex 49 11.9657 11.4011
      vertex 49 12.2466 11.2289
    endloop
  endfacet
  facet normal 0 0.52264 0.852553
    outer loop
      vertex 49 11.9657 11.4011
      vertex 48 12.2466 11.2289
      vertex 48 11.9657 11.4011
    endloop
  endfacet
  facet normal 0 -0.760455 0.649391
    outer loop
      vertex 48 14.6849 11.6151
      vertex 49 14.8989 11.8657
      vertex 48 14.8989 11.8657
    endloop
  endfacet
  facet normal 0 -0.760455 0.649391
    outer loop
      vertex 49 14.8989 11.8657
      vertex 48 14.6849 11.6151
      vertex 49 14.6849 11.6151
    endloop
  endfacet
  facet normal 0 -0.92391 0.382611
    outer loop
      vertex 48 15.0711 12.1466
      vertex 49 15.1972 12.4511
      vertex 48 15.1972 12.4511
    endloop
  endfacet
  facet normal 0 -0.92391 0.382611
    outer loop
      vertex 49 15.1972 12.4511
      vertex 48 15.0711 12.1466
      vertex 49 15.0711 12.1466
    endloop
  endfacet
  facet normal 0 -0.852553 0.52264
    outer loop
      vertex 48 14.8989 11.8657
      vertex 49 15.0711 12.1466
      vertex 48 15.0711 12.1466
    endloop
  endfacet
  facet normal 0 -0.852553 0.52264
    outer loop
      vertex 49 15.0711 12.1466
      vertex 48 14.8989 11.8657
      vertex 49 14.8989 11.8657
    endloop
  endfacet
  facet normal 0 -0.0785993 0.996906
    outer loop
      vertex 48 13.5285 11.0259
      vertex 49 13.2 11
      vertex 49 13.5285 11.0259
    endloop
  endfacet
  facet normal 0 -0.0785993 0.996906
    outer loop
      vertex 49 13.2 11
      vertex 48 13.5285 11.0259
      vertex 48 13.2 11
    endloop
  endfacet
  facet normal -0 0.0785993 0.996906
    outer loop
      vertex 48 13.2 11
      vertex 49 12.8715 11.0259
      vertex 49 13.2 11
    endloop
  endfacet
  facet normal 0 0.0785993 0.996906
    outer loop
      vertex 49 12.8715 11.0259
      vertex 48 13.2 11
      vertex 48 12.8715 11.0259
    endloop
  endfacet
  facet normal 0 -0.649391 0.760455
    outer loop
      vertex 48 14.6849 11.6151
      vertex 49 14.4343 11.4011
      vertex 49 14.6849 11.6151
    endloop
  endfacet
  facet normal 0 -0.649391 0.760455
    outer loop
      vertex 49 14.4343 11.4011
      vertex 48 14.6849 11.6151
      vertex 48 14.4343 11.4011
    endloop
  endfacet
  facet normal 0 0.0784787 -0.996916
    outer loop
      vertex 49 12.6525 22.2069
      vertex 50 13.2 22.25
      vertex 50 12.6525 22.2069
    endloop
  endfacet
  facet normal 0 0.0784787 -0.996916
    outer loop
      vertex 50 13.2 22.25
      vertex 49 12.6525 22.2069
      vertex 49 13.2 22.25
    endloop
  endfacet
  facet normal 0 -0.923861 -0.382727
    outer loop
      vertex 49 16.5287 19.8316
      vertex 50 16.3185 20.339
      vertex 49 16.3185 20.339
    endloop
  endfacet
  facet normal 0 -0.923861 -0.382727
    outer loop
      vertex 50 16.3185 20.339
      vertex 49 16.5287 19.8316
      vertex 50 16.5287 19.8316
    endloop
  endfacet
  facet normal 0 -0.649396 -0.76045
    outer loop
      vertex 49 15.2572 21.5816
      vertex 50 15.6749 21.2249
      vertex 50 15.2572 21.5816
    endloop
  endfacet
  facet normal -0 -0.649396 -0.76045
    outer loop
      vertex 50 15.6749 21.2249
      vertex 49 15.2572 21.5816
      vertex 49 15.6749 21.2249
    endloop
  endfacet
  facet normal 0 -0.972381 -0.2334
    outer loop
      vertex 49 16.6569 19.2975
      vertex 50 16.5287 19.8316
      vertex 49 16.5287 19.8316
    endloop
  endfacet
  facet normal 0 -0.972381 -0.2334
    outer loop
      vertex 50 16.5287 19.8316
      vertex 49 16.6569 19.2975
      vertex 50 16.6569 19.2975
    endloop
  endfacet
  facet normal 0 -0.996916 0.0784787
    outer loop
      vertex 49 16.6569 12.7025
      vertex 50 16.7 13.25
      vertex 49 16.7 13.25
    endloop
  endfacet
  facet normal 0 -0.996916 0.0784787
    outer loop
      vertex 50 16.7 13.25
      vertex 49 16.6569 12.7025
      vertex 50 16.6569 12.7025
    endloop
  endfacet
  facet normal 0 -1 0
    outer loop
      vertex 49 16.7 13.25
      vertex 50 16.7 18.75
      vertex 49 16.7 18.75
    endloop
  endfacet
  facet normal 0 -1 -0
    outer loop
      vertex 50 16.7 18.75
      vertex 49 16.7 13.25
      vertex 50 16.7 13.25
    endloop
  endfacet
  facet normal 0 -0.2334 -0.972381
    outer loop
      vertex 49 13.7475 22.2069
      vertex 50 14.2816 22.0787
      vertex 50 13.7475 22.2069
    endloop
  endfacet
  facet normal -0 -0.2334 -0.972381
    outer loop
      vertex 50 14.2816 22.0787
      vertex 49 13.7475 22.2069
      vertex 49 14.2816 22.0787
    endloop
  endfacet
  facet normal 0 -0.522481 -0.852651
    outer loop
      vertex 49 14.789 21.8685
      vertex 50 15.2572 21.5816
      vertex 50 14.789 21.8685
    endloop
  endfacet
  facet normal -0 -0.522481 -0.852651
    outer loop
      vertex 50 15.2572 21.5816
      vertex 49 14.789 21.8685
      vertex 49 15.2572 21.5816
    endloop
  endfacet
  facet normal 0 -0.76045 -0.649396
    outer loop
      vertex 49 16.0316 20.8072
      vertex 50 15.6749 21.2249
      vertex 49 15.6749 21.2249
    endloop
  endfacet
  facet normal 0 -0.76045 -0.649396
    outer loop
      vertex 50 15.6749 21.2249
      vertex 49 16.0316 20.8072
      vertex 50 16.0316 20.8072
    endloop
  endfacet
  facet normal 0 -0.852651 -0.522481
    outer loop
      vertex 49 16.3185 20.339
      vertex 50 16.0316 20.8072
      vertex 49 16.0316 20.8072
    endloop
  endfacet
  facet normal 0 -0.852651 -0.522481
    outer loop
      vertex 50 16.0316 20.8072
      vertex 49 16.3185 20.339
      vertex 50 16.3185 20.339
    endloop
  endfacet
  facet normal 0 -0.996916 -0.0784787
    outer loop
      vertex 49 16.7 18.75
      vertex 50 16.6569 19.2975
      vertex 49 16.6569 19.2975
    endloop
  endfacet
  facet normal 0 -0.996916 -0.0784787
    outer loop
      vertex 50 16.6569 19.2975
      vertex 49 16.7 18.75
      vertex 50 16.7 18.75
    endloop
  endfacet
  facet normal 0 -0.0784606 0.996917
    outer loop
      vertex 49 13.7475 9.79309
      vertex 50 13.2 9.75
      vertex 50 13.7475 9.79309
    endloop
  endfacet
  facet normal 0 -0.0784606 0.996917
    outer loop
      vertex 50 13.2 9.75
      vertex 49 13.7475 9.79309
      vertex 49 13.2 9.75
    endloop
  endfacet
  facet normal 0 0.382727 -0.923861
    outer loop
      vertex 49 11.611 21.8685
      vertex 50 12.1184 22.0787
      vertex 50 11.611 21.8685
    endloop
  endfacet
  facet normal 0 0.382727 -0.923861
    outer loop
      vertex 50 12.1184 22.0787
      vertex 49 11.611 21.8685
      vertex 49 12.1184 22.0787
    endloop
  endfacet
  facet normal 0 -0.382727 -0.923861
    outer loop
      vertex 49 14.2816 22.0787
      vertex 50 14.789 21.8685
      vertex 50 14.2816 22.0787
    endloop
  endfacet
  facet normal -0 -0.382727 -0.923861
    outer loop
      vertex 50 14.789 21.8685
      vertex 49 14.2816 22.0787
      vertex 49 14.789 21.8685
    endloop
  endfacet
  facet normal 0 0.852651 0.522481
    outer loop
      vertex 50 10.3684 11.1928
      vertex 49 10.0815 11.661
      vertex 50 10.0815 11.661
    endloop
  endfacet
  facet normal 0 0.852651 0.522481
    outer loop
      vertex 49 10.0815 11.661
      vertex 50 10.3684 11.1928
      vertex 49 10.3684 11.1928
    endloop
  endfacet
  facet normal 0 0.923861 0.382727
    outer loop
      vertex 50 10.0815 11.661
      vertex 49 9.8713 12.1684
      vertex 50 9.8713 12.1684
    endloop
  endfacet
  facet normal 0 0.923861 0.382727
    outer loop
      vertex 49 9.8713 12.1684
      vertex 50 10.0815 11.661
      vertex 49 10.0815 11.661
    endloop
  endfacet
  facet normal 0 1 -0
    outer loop
      vertex 50 9.7 13.25
      vertex 49 9.7 18.75
      vertex 50 9.7 18.75
    endloop
  endfacet
  facet normal 0 1 0
    outer loop
      vertex 49 9.7 18.75
      vertex 50 9.7 13.25
      vertex 49 9.7 13.25
    endloop
  endfacet
  facet normal 0 -0.522481 0.852651
    outer loop
      vertex 49 15.2572 10.4184
      vertex 50 14.789 10.1315
      vertex 50 15.2572 10.4184
    endloop
  endfacet
  facet normal 0 -0.522481 0.852651
    outer loop
      vertex 50 14.789 10.1315
      vertex 49 15.2572 10.4184
      vertex 49 14.789 10.1315
    endloop
  endfacet
  facet normal 0 -0.649396 0.76045
    outer loop
      vertex 49 15.6749 10.7751
      vertex 50 15.2572 10.4184
      vertex 50 15.6749 10.7751
    endloop
  endfacet
  facet normal 0 -0.649396 0.76045
    outer loop
      vertex 50 15.2572 10.4184
      vertex 49 15.6749 10.7751
      vertex 49 15.2572 10.4184
    endloop
  endfacet
  facet normal 0 -0.233418 0.972377
    outer loop
      vertex 49 14.2816 9.9213
      vertex 50 13.7475 9.79309
      vertex 50 14.2816 9.9213
    endloop
  endfacet
  facet normal 0 -0.233418 0.972377
    outer loop
      vertex 50 13.7475 9.79309
      vertex 49 14.2816 9.9213
      vertex 49 13.7475 9.79309
    endloop
  endfacet
  facet normal 0 0.76045 -0.649396
    outer loop
      vertex 50 10.3684 20.8072
      vertex 49 10.7251 21.2249
      vertex 50 10.7251 21.2249
    endloop
  endfacet
  facet normal 0 0.76045 -0.649396
    outer loop
      vertex 49 10.7251 21.2249
      vertex 50 10.3684 20.8072
      vertex 49 10.3684 20.8072
    endloop
  endfacet
  facet normal 0 0.923861 -0.382727
    outer loop
      vertex 50 9.8713 19.8316
      vertex 49 10.0815 20.339
      vertex 50 10.0815 20.339
    endloop
  endfacet
  facet normal 0 0.923861 -0.382727
    outer loop
      vertex 49 10.0815 20.339
      vertex 50 9.8713 19.8316
      vertex 49 9.8713 19.8316
    endloop
  endfacet
  facet normal 0 -0.0784787 -0.996916
    outer loop
      vertex 49 13.2 22.25
      vertex 50 13.7475 22.2069
      vertex 50 13.2 22.25
    endloop
  endfacet
  facet normal -0 -0.0784787 -0.996916
    outer loop
      vertex 50 13.7475 22.2069
      vertex 49 13.2 22.25
      vertex 49 13.7475 22.2069
    endloop
  endfacet
  facet normal 0 -0.972381 0.2334
    outer loop
      vertex 49 16.5287 12.1684
      vertex 50 16.6569 12.7025
      vertex 49 16.6569 12.7025
    endloop
  endfacet
  facet normal 0 -0.972381 0.2334
    outer loop
      vertex 50 16.6569 12.7025
      vertex 49 16.5287 12.1684
      vertex 50 16.5287 12.1684
    endloop
  endfacet
  facet normal -0 0.649396 0.76045
    outer loop
      vertex 49 11.1428 10.4184
      vertex 50 10.7251 10.7751
      vertex 50 11.1428 10.4184
    endloop
  endfacet
  facet normal 0 0.649396 0.76045
    outer loop
      vertex 50 10.7251 10.7751
      vertex 49 11.1428 10.4184
      vertex 49 10.7251 10.7751
    endloop
  endfacet
  facet normal 0 0.76045 0.649396
    outer loop
      vertex 50 10.7251 10.7751
      vertex 49 10.3684 11.1928
      vertex 50 10.3684 11.1928
    endloop
  endfacet
  facet normal 0 0.76045 0.649396
    outer loop
      vertex 49 10.3684 11.1928
      vertex 50 10.7251 10.7751
      vertex 49 10.7251 10.7751
    endloop
  endfacet
  facet normal 0 0.996917 0.0784606
    outer loop
      vertex 50 9.74309 12.7025
      vertex 49 9.7 13.25
      vertex 50 9.7 13.25
    endloop
  endfacet
  facet normal 0 0.996917 0.0784606
    outer loop
      vertex 49 9.7 13.25
      vertex 50 9.74309 12.7025
      vertex 49 9.74309 12.7025
    endloop
  endfacet
  facet normal 0 0.996917 -0.0784606
    outer loop
      vertex 50 9.7 18.75
      vertex 49 9.74309 19.2975
      vertex 50 9.74309 19.2975
    endloop
  endfacet
  facet normal 0 0.996917 -0.0784606
    outer loop
      vertex 49 9.74309 19.2975
      vertex 50 9.7 18.75
      vertex 49 9.7 18.75
    endloop
  endfacet
  facet normal 0 0.972377 -0.233418
    outer loop
      vertex 50 9.74309 19.2975
      vertex 49 9.8713 19.8316
      vertex 50 9.8713 19.8316
    endloop
  endfacet
  facet normal 0 0.972377 -0.233418
    outer loop
      vertex 49 9.8713 19.8316
      vertex 50 9.74309 19.2975
      vertex 49 9.74309 19.2975
    endloop
  endfacet
  facet normal 0 0.2334 -0.972381
    outer loop
      vertex 49 12.1184 22.0787
      vertex 50 12.6525 22.2069
      vertex 50 12.1184 22.0787
    endloop
  endfacet
  facet normal 0 0.2334 -0.972381
    outer loop
      vertex 50 12.6525 22.2069
      vertex 49 12.1184 22.0787
      vertex 49 12.6525 22.2069
    endloop
  endfacet
  facet normal 0 0.522481 -0.852651
    outer loop
      vertex 49 11.1428 21.5816
      vertex 50 11.611 21.8685
      vertex 50 11.1428 21.5816
    endloop
  endfacet
  facet normal 0 0.522481 -0.852651
    outer loop
      vertex 50 11.611 21.8685
      vertex 49 11.1428 21.5816
      vertex 49 11.611 21.8685
    endloop
  endfacet
  facet normal 0 0.852651 -0.522481
    outer loop
      vertex 50 10.0815 20.339
      vertex 49 10.3684 20.8072
      vertex 50 10.3684 20.8072
    endloop
  endfacet
  facet normal 0 0.852651 -0.522481
    outer loop
      vertex 49 10.3684 20.8072
      vertex 50 10.0815 20.339
      vertex 49 10.0815 20.339
    endloop
  endfacet
  facet normal 0 -0.923861 0.382727
    outer loop
      vertex 49 16.3185 11.661
      vertex 50 16.5287 12.1684
      vertex 49 16.5287 12.1684
    endloop
  endfacet
  facet normal 0 -0.923861 0.382727
    outer loop
      vertex 50 16.5287 12.1684
      vertex 49 16.3185 11.661
      vertex 50 16.3185 11.661
    endloop
  endfacet
  facet normal 0 -0.852651 0.522481
    outer loop
      vertex 49 16.0316 11.1928
      vertex 50 16.3185 11.661
      vertex 49 16.3185 11.661
    endloop
  endfacet
  facet normal 0 -0.852651 0.522481
    outer loop
      vertex 50 16.3185 11.661
      vertex 49 16.0316 11.1928
      vertex 50 16.0316 11.1928
    endloop
  endfacet
  facet normal 0 -0.76045 0.649396
    outer loop
      vertex 49 15.6749 10.7751
      vertex 50 16.0316 11.1928
      vertex 49 16.0316 11.1928
    endloop
  endfacet
  facet normal 0 -0.76045 0.649396
    outer loop
      vertex 50 16.0316 11.1928
      vertex 49 15.6749 10.7751
      vertex 50 15.6749 10.7751
    endloop
  endfacet
  facet normal -0 0.382727 0.923861
    outer loop
      vertex 49 12.1184 9.9213
      vertex 50 11.611 10.1315
      vertex 50 12.1184 9.9213
    endloop
  endfacet
  facet normal 0 0.382727 0.923861
    outer loop
      vertex 50 11.611 10.1315
      vertex 49 12.1184 9.9213
      vertex 49 11.611 10.1315
    endloop
  endfacet
  facet normal -0 0.0784606 0.996917
    outer loop
      vertex 49 13.2 9.75
      vertex 50 12.6525 9.79309
      vertex 50 13.2 9.75
    endloop
  endfacet
  facet normal 0 0.0784606 0.996917
    outer loop
      vertex 50 12.6525 9.79309
      vertex 49 13.2 9.75
      vertex 49 12.6525 9.79309
    endloop
  endfacet
  facet normal -0 0.522481 0.852651
    outer loop
      vertex 49 11.611 10.1315
      vertex 50 11.1428 10.4184
      vertex 50 11.611 10.1315
    endloop
  endfacet
  facet normal 0 0.522481 0.852651
    outer loop
      vertex 50 11.1428 10.4184
      vertex 49 11.611 10.1315
      vertex 49 11.1428 10.4184
    endloop
  endfacet
  facet normal 1 -0 0
    outer loop
      vertex 49 15.3 18.9
      vertex 49 16.7 18.75
      vertex 49 16.6569 19.2975
    endloop
  endfacet
  facet normal 1 0 0
    outer loop
      vertex 49 16.7 18.75
      vertex 49 15.3 18.9
      vertex 49 16.7 13.25
    endloop
  endfacet
  facet normal 1 0 0
    outer loop
      vertex 49 15.2741 19.2285
      vertex 49 16.6569 19.2975
      vertex 49 16.5287 19.8316
    endloop
  endfacet
  facet normal 1 0 0
    outer loop
      vertex 49 15.3 13.1
      vertex 49 16.7 13.25
      vertex 49 15.3 18.9
    endloop
  endfacet
  facet normal 1 0 0
    outer loop
      vertex 49 15.1972 19.5489
      vertex 49 16.5287 19.8316
      vertex 49 16.3185 20.339
    endloop
  endfacet
  facet normal 1 0 0
    outer loop
      vertex 49 16.7 13.25
      vertex 49 15.3 13.1
      vertex 49 16.6569 12.7025
    endloop
  endfacet
  facet normal 1 0 0
    outer loop
      vertex 49 15.0711 19.8534
      vertex 49 16.3185 20.339
      vertex 49 16.0316 20.8072
    endloop
  endfacet
  facet normal 1 -0 0
    outer loop
      vertex 49 15.2741 12.7715
      vertex 49 16.6569 12.7025
      vertex 49 15.3 13.1
    endloop
  endfacet
  facet normal 1 0 0
    outer loop
      vertex 49 14.8989 20.1343
      vertex 49 16.0316 20.8072
      vertex 49 15.6749 21.2249
    endloop
  endfacet
  facet normal 1 0 0
    outer loop
      vertex 49 16.6569 12.7025
      vertex 49 15.2741 12.7715
      vertex 49 16.5287 12.1684
    endloop
  endfacet
  facet normal 1 -0 0
    outer loop
      vertex 49 15.1972 12.4511
      vertex 49 16.5287 12.1684
      vertex 49 15.2741 12.7715
    endloop
  endfacet
  facet normal 1 0 0
    outer loop
      vertex 49 16.6569 19.2975
      vertex 49 15.2741 19.2285
      vertex 49 15.3 18.9
    endloop
  endfacet
  facet normal 1 0 0
    outer loop
      vertex 49 14.6849 20.3849
      vertex 49 15.6749 21.2249
      vertex 49 15.2572 21.5816
    endloop
  endfacet
  facet normal 1 0 0
    outer loop
      vertex 49 16.5287 19.8316
      vertex 49 15.1972 19.5489
      vertex 49 15.2741 19.2285
    endloop
  endfacet
  facet normal 1 0 0
    outer loop
      vertex 49 16.3185 20.339
      vertex 49 15.0711 19.8534
      vertex 49 15.1972 19.5489
    endloop
  endfacet
  facet normal 1 0 0
    outer loop
      vertex 49 16.0316 20.8072
      vertex 49 14.8989 20.1343
      vertex 49 15.0711 19.8534
    endloop
  endfacet
  facet normal 1 0 0
    outer loop
      vertex 49 14.4343 20.5989
      vertex 49 15.2572 21.5816
      vertex 49 14.789 21.8685
    endloop
  endfacet
  facet normal 1 0 0
    outer loop
      vertex 49 15.6749 21.2249
      vertex 49 14.6849 20.3849
      vertex 49 14.8989 20.1343
    endloop
  endfacet
  facet normal 1 0 0
    outer loop
      vertex 49 15.2572 21.5816
      vertex 49 14.4343 20.5989
      vertex 49 14.6849 20.3849
    endloop
  endfacet
  facet normal 1 0 0
    outer loop
      vertex 49 14.1534 20.7711
      vertex 49 14.789 21.8685
      vertex 49 14.2816 22.0787
    endloop
  endfacet
  facet normal 1 0 0
    outer loop
      vertex 49 14.789 21.8685
      vertex 49 14.1534 20.7711
      vertex 49 14.4343 20.5989
    endloop
  endfacet
  facet normal 1 0 0
    outer loop
      vertex 49 14.2816 22.0787
      vertex 49 13.8489 20.8972
      vertex 49 14.1534 20.7711
    endloop
  endfacet
  facet normal 1 0 0
    outer loop
      vertex 49 13.7475 22.2069
      vertex 49 13.8489 20.8972
      vertex 49 14.2816 22.0787
    endloop
  endfacet
  facet normal 1 0 0
    outer loop
      vertex 49 13.7475 22.2069
      vertex 49 13.5285 20.9741
      vertex 49 13.8489 20.8972
    endloop
  endfacet
  facet normal 1 0 0
    outer loop
      vertex 49 13.2 22.25
      vertex 49 13.5285 20.9741
      vertex 49 13.7475 22.2069
    endloop
  endfacet
  facet normal 1 0 0
    outer loop
      vertex 49 13.2 22.25
      vertex 49 13.2 21
      vertex 49 13.5285 20.9741
    endloop
  endfacet
  facet normal 1 0 0
    outer loop
      vertex 49 13.2 22.25
      vertex 49 12.8715 20.9741
      vertex 49 13.2 21
    endloop
  endfacet
  facet normal 1 -0 0
    outer loop
      vertex 49 12.6525 22.2069
      vertex 49 12.8715 20.9741
      vertex 49 13.2 22.25
    endloop
  endfacet
  facet normal 1 0 0
    outer loop
      vertex 49 12.6525 22.2069
      vertex 49 12.5511 20.8972
      vertex 49 12.8715 20.9741
    endloop
  endfacet
  facet normal 1 -0 0
    outer loop
      vertex 49 12.1184 22.0787
      vertex 49 12.5511 20.8972
      vertex 49 12.6525 22.2069
    endloop
  endfacet
  facet normal 1 0 0
    outer loop
      vertex 49 12.5511 20.8972
      vertex 49 12.1184 22.0787
      vertex 49 12.2466 20.7711
    endloop
  endfacet
  facet normal 1 -0 0
    outer loop
      vertex 49 11.611 21.8685
      vertex 49 12.2466 20.7711
      vertex 49 12.1184 22.0787
    endloop
  endfacet
  facet normal 1 0 0
    outer loop
      vertex 49 12.2466 20.7711
      vertex 49 11.611 21.8685
      vertex 49 11.9657 20.5989
    endloop
  endfacet
  facet normal 1 -0 0
    outer loop
      vertex 49 11.1428 21.5816
      vertex 49 11.9657 20.5989
      vertex 49 11.611 21.8685
    endloop
  endfacet
  facet normal 1 0 0
    outer loop
      vertex 49 11.9657 20.5989
      vertex 49 11.1428 21.5816
      vertex 49 11.7151 20.3849
    endloop
  endfacet
  facet normal 1 -0 0
    outer loop
      vertex 49 10.7251 21.2249
      vertex 49 11.7151 20.3849
      vertex 49 11.1428 21.5816
    endloop
  endfacet
  facet normal 1 0 0
    outer loop
      vertex 49 11.7151 20.3849
      vertex 49 10.7251 21.2249
      vertex 49 11.5011 20.1343
    endloop
  endfacet
  facet normal 1 -0 0
    outer loop
      vertex 49 10.3684 20.8072
      vertex 49 11.5011 20.1343
      vertex 49 10.7251 21.2249
    endloop
  endfacet
  facet normal 1 0 0
    outer loop
      vertex 49 11.5011 20.1343
      vertex 49 10.3684 20.8072
      vertex 49 11.3289 19.8534
    endloop
  endfacet
  facet normal 1 -0 0
    outer loop
      vertex 49 10.0815 20.339
      vertex 49 11.3289 19.8534
      vertex 49 10.3684 20.8072
    endloop
  endfacet
  facet normal 1 -0 0
    outer loop
      vertex 49 9.8713 19.8316
      vertex 49 11.2028 19.5489
      vertex 49 10.0815 20.339
    endloop
  endfacet
  facet normal 1 0 0
    outer loop
      vertex 49 11.3289 19.8534
      vertex 49 10.0815 20.339
      vertex 49 11.2028 19.5489
    endloop
  endfacet
  facet normal 1 0 0
    outer loop
      vertex 49 16.5287 12.1684
      vertex 49 15.1972 12.4511
      vertex 49 16.3185 11.661
    endloop
  endfacet
  facet normal 1 -0 0
    outer loop
      vertex 49 15.0711 12.1466
      vertex 49 16.3185 11.661
      vertex 49 15.1972 12.4511
    endloop
  endfacet
  facet normal 1 0 0
    outer loop
      vertex 49 16.3185 11.661
      vertex 49 15.0711 12.1466
      vertex 49 16.0316 11.1928
    endloop
  endfacet
  facet normal 1 -0 0
    outer loop
      vertex 49 14.8989 11.8657
      vertex 49 16.0316 11.1928
      vertex 49 15.0711 12.1466
    endloop
  endfacet
  facet normal 1 0 0
    outer loop
      vertex 49 16.0316 11.1928
      vertex 49 14.8989 11.8657
      vertex 49 15.6749 10.7751
    endloop
  endfacet
  facet normal 1 -0 0
    outer loop
      vertex 49 14.6849 11.6151
      vertex 49 15.6749 10.7751
      vertex 49 14.8989 11.8657
    endloop
  endfacet
  facet normal 1 0 0
    outer loop
      vertex 49 15.6749 10.7751
      vertex 49 14.6849 11.6151
      vertex 49 15.2572 10.4184
    endloop
  endfacet
  facet normal 1 -0 0
    outer loop
      vertex 49 14.4343 11.4011
      vertex 49 15.2572 10.4184
      vertex 49 14.6849 11.6151
    endloop
  endfacet
  facet normal 1 0 0
    outer loop
      vertex 49 15.2572 10.4184
      vertex 49 14.4343 11.4011
      vertex 49 14.789 10.1315
    endloop
  endfacet
  facet normal 1 -0 0
    outer loop
      vertex 49 14.1534 11.2289
      vertex 49 14.789 10.1315
      vertex 49 14.4343 11.4011
    endloop
  endfacet
  facet normal 1 0 0
    outer loop
      vertex 49 14.789 10.1315
      vertex 49 14.1534 11.2289
      vertex 49 14.2816 9.9213
    endloop
  endfacet
  facet normal 1 -0 0
    outer loop
      vertex 49 13.8489 11.1028
      vertex 49 14.2816 9.9213
      vertex 49 14.1534 11.2289
    endloop
  endfacet
  facet normal 1 0 0
    outer loop
      vertex 49 13.8489 11.1028
      vertex 49 13.7475 9.79309
      vertex 49 14.2816 9.9213
    endloop
  endfacet
  facet normal 1 -0 0
    outer loop
      vertex 49 13.5285 11.0259
      vertex 49 13.7475 9.79309
      vertex 49 13.8489 11.1028
    endloop
  endfacet
  facet normal 1 0 0
    outer loop
      vertex 49 13.2 9.75
      vertex 49 13.5285 11.0259
      vertex 49 13.2 11
    endloop
  endfacet
  facet normal 1 0 0
    outer loop
      vertex 49 13.5285 11.0259
      vertex 49 13.2 9.75
      vertex 49 13.7475 9.79309
    endloop
  endfacet
  facet normal 1 0 0
    outer loop
      vertex 49 12.8715 11.0259
      vertex 49 13.2 9.75
      vertex 49 13.2 11
    endloop
  endfacet
  facet normal 1 0 0
    outer loop
      vertex 49 12.8715 11.0259
      vertex 49 12.6525 9.79309
      vertex 49 13.2 9.75
    endloop
  endfacet
  facet normal 1 0 0
    outer loop
      vertex 49 12.5511 11.1028
      vertex 49 12.6525 9.79309
      vertex 49 12.8715 11.0259
    endloop
  endfacet
  facet normal 1 0 0
    outer loop
      vertex 49 12.1184 9.9213
      vertex 49 12.5511 11.1028
      vertex 49 12.2466 11.2289
    endloop
  endfacet
  facet normal 1 0 0
    outer loop
      vertex 49 12.5511 11.1028
      vertex 49 12.1184 9.9213
      vertex 49 12.6525 9.79309
    endloop
  endfacet
  facet normal 1 0 0
    outer loop
      vertex 49 11.611 10.1315
      vertex 49 12.2466 11.2289
      vertex 49 11.9657 11.4011
    endloop
  endfacet
  facet normal 1 0 0
    outer loop
      vertex 49 11.1428 10.4184
      vertex 49 11.9657 11.4011
      vertex 49 11.7151 11.6151
    endloop
  endfacet
  facet normal 1 0 0
    outer loop
      vertex 49 12.2466 11.2289
      vertex 49 11.611 10.1315
      vertex 49 12.1184 9.9213
    endloop
  endfacet
  facet normal 1 0 0
    outer loop
      vertex 49 10.7251 10.7751
      vertex 49 11.7151 11.6151
      vertex 49 11.5011 11.8657
    endloop
  endfacet
  facet normal 1 0 0
    outer loop
      vertex 49 10.3684 11.1928
      vertex 49 11.5011 11.8657
      vertex 49 11.3289 12.1466
    endloop
  endfacet
  facet normal 1 0 0
    outer loop
      vertex 49 10.0815 11.661
      vertex 49 11.3289 12.1466
      vertex 49 11.2028 12.4511
    endloop
  endfacet
  facet normal 1 0 0
    outer loop
      vertex 49 11.9657 11.4011
      vertex 49 11.1428 10.4184
      vertex 49 11.611 10.1315
    endloop
  endfacet
  facet normal 1 0 0
    outer loop
      vertex 49 9.8713 12.1684
      vertex 49 11.2028 12.4511
      vertex 49 11.1259 12.7715
    endloop
  endfacet
  facet normal 1 0 0
    outer loop
      vertex 49 9.74309 12.7025
      vertex 49 11.1259 12.7715
      vertex 49 11.1 13.1
    endloop
  endfacet
  facet normal 1 0 0
    outer loop
      vertex 49 11.1 18.9
      vertex 49 9.7 18.75
      vertex 49 11.1 13.1
    endloop
  endfacet
  facet normal 1 -0 0
    outer loop
      vertex 49 9.7 13.25
      vertex 49 11.1 13.1
      vertex 49 9.7 18.75
    endloop
  endfacet
  facet normal 1 0 0
    outer loop
      vertex 49 11.2028 19.5489
      vertex 49 9.8713 19.8316
      vertex 49 11.1259 19.2285
    endloop
  endfacet
  facet normal 1 0 -0
    outer loop
      vertex 49 9.74309 12.7025
      vertex 49 11.1 13.1
      vertex 49 9.7 13.25
    endloop
  endfacet
  facet normal 1 -0 0
    outer loop
      vertex 49 9.74309 19.2975
      vertex 49 11.1259 19.2285
      vertex 49 9.8713 19.8316
    endloop
  endfacet
  facet normal 1 0 0
    outer loop
      vertex 49 11.7151 11.6151
      vertex 49 10.7251 10.7751
      vertex 49 11.1428 10.4184
    endloop
  endfacet
  facet normal 1 0 0
    outer loop
      vertex 49 11.1259 19.2285
      vertex 49 9.74309 19.2975
      vertex 49 11.1 18.9
    endloop
  endfacet
  facet normal 1 0 0
    outer loop
      vertex 49 11.5011 11.8657
      vertex 49 10.3684 11.1928
      vertex 49 10.7251 10.7751
    endloop
  endfacet
  facet normal 1 0 0
    outer loop
      vertex 49 11.1 18.9
      vertex 49 9.74309 19.2975
      vertex 49 9.7 18.75
    endloop
  endfacet
  facet normal 1 0 0
    outer loop
      vertex 49 11.3289 12.1466
      vertex 49 10.0815 11.661
      vertex 49 10.3684 11.1928
    endloop
  endfacet
  facet normal 1 0 0
    outer loop
      vertex 49 11.2028 12.4511
      vertex 49 9.8713 12.1684
      vertex 49 10.0815 11.661
    endloop
  endfacet
  facet normal 1 0 0
    outer loop
      vertex 49 11.1259 12.7715
      vertex 49 9.74309 12.7025
      vertex 49 9.8713 12.1684
    endloop
  endfacet
  facet normal 0 0.972377 0.233418
    outer loop
      vertex 50 9.8713 12.1684
      vertex 49 9.74309 12.7025
      vertex 50 9.74309 12.7025
    endloop
  endfacet
  facet normal 0 0.972377 0.233418
    outer loop
      vertex 49 9.74309 12.7025
      vertex 50 9.8713 12.1684
      vertex 49 9.8713 12.1684
    endloop
  endfacet
  facet normal 0 -0.382727 0.923861
    outer loop
      vertex 49 14.789 10.1315
      vertex 50 14.2816 9.9213
      vertex 50 14.789 10.1315
    endloop
  endfacet
  facet normal 0 -0.382727 0.923861
    outer loop
      vertex 50 14.2816 9.9213
      vertex 49 14.789 10.1315
      vertex 49 14.2816 9.9213
    endloop
  endfacet
  facet normal 0 0.649396 -0.76045
    outer loop
      vertex 49 10.7251 21.2249
      vertex 50 11.1428 21.5816
      vertex 50 10.7251 21.2249
    endloop
  endfacet
  facet normal 0 0.649396 -0.76045
    outer loop
      vertex 50 11.1428 21.5816
      vertex 49 10.7251 21.2249
      vertex 49 11.1428 21.5816
    endloop
  endfacet
  facet normal -0 0.233418 0.972377
    outer loop
      vertex 49 12.6525 9.79309
      vertex 50 12.1184 9.9213
      vertex 50 12.6525 9.79309
    endloop
  endfacet
  facet normal 0 0.233418 0.972377
    outer loop
      vertex 50 12.1184 9.9213
      vertex 49 12.6525 9.79309
      vertex 49 12.1184 9.9213
    endloop
  endfacet
  facet normal 0 -0.0784024 0.996922
    outer loop
      vertex 48 13.3564 23.0123
      vertex 50 13.2 23
      vertex 50 13.3564 23.0123
    endloop
  endfacet
  facet normal 0 -0.0784024 0.996922
    outer loop
      vertex 50 13.2 23
      vertex 48 13.3564 23.0123
      vertex 48 13.2 23
    endloop
  endfacet
  facet normal 0 -0.0784024 -0.996922
    outer loop
      vertex 48 13.2 25
      vertex 50 13.3564 24.9877
      vertex 50 13.2 25
    endloop
  endfacet
  facet normal -0 -0.0784024 -0.996922
    outer loop
      vertex 50 13.3564 24.9877
      vertex 48 13.2 25
      vertex 48 13.3564 24.9877
    endloop
  endfacet
  facet normal 0 0.996922 0.0784024
    outer loop
      vertex 50 12.2123 23.8436
      vertex 48 12.2 24
      vertex 50 12.2 24
    endloop
  endfacet
  facet normal 0 0.996922 0.0784024
    outer loop
      vertex 48 12.2 24
      vertex 50 12.2123 23.8436
      vertex 48 12.2123 23.8436
    endloop
  endfacet
  facet normal -0 0.522532 0.85262
    outer loop
      vertex 48 12.746 23.109
      vertex 50 12.6122 23.191
      vertex 50 12.746 23.109
    endloop
  endfacet
  facet normal 0 0.522532 0.85262
    outer loop
      vertex 50 12.6122 23.191
      vertex 48 12.746 23.109
      vertex 48 12.6122 23.191
    endloop
  endfacet
  facet normal 0 -0.76038 -0.649478
    outer loop
      vertex 48 14.009 24.5878
      vertex 50 13.9071 24.7071
      vertex 48 13.9071 24.7071
    endloop
  endfacet
  facet normal 0 -0.76038 -0.649478
    outer loop
      vertex 50 13.9071 24.7071
      vertex 48 14.009 24.5878
      vertex 50 14.009 24.5878
    endloop
  endfacet
  facet normal 0 -0.923792 -0.382896
    outer loop
      vertex 48 14.1511 24.309
      vertex 50 14.091 24.454
      vertex 48 14.091 24.454
    endloop
  endfacet
  facet normal 0 -0.923792 -0.382896
    outer loop
      vertex 50 14.091 24.454
      vertex 48 14.1511 24.309
      vertex 50 14.1511 24.309
    endloop
  endfacet
  facet normal 0 -0.233228 0.972422
    outer loop
      vertex 48 13.509 23.0489
      vertex 50 13.3564 23.0123
      vertex 50 13.509 23.0489
    endloop
  endfacet
  facet normal 0 -0.233228 0.972422
    outer loop
      vertex 50 13.3564 23.0123
      vertex 48 13.509 23.0489
      vertex 48 13.3564 23.0123
    endloop
  endfacet
  facet normal 0 -0.972422 0.233228
    outer loop
      vertex 48 14.1511 23.691
      vertex 50 14.1877 23.8436
      vertex 48 14.1877 23.8436
    endloop
  endfacet
  facet normal 0 -0.972422 0.233228
    outer loop
      vertex 50 14.1877 23.8436
      vertex 48 14.1511 23.691
      vertex 50 14.1511 23.691
    endloop
  endfacet
  facet normal 0 -0.85262 0.522532
    outer loop
      vertex 48 14.009 23.4122
      vertex 50 14.091 23.546
      vertex 48 14.091 23.546
    endloop
  endfacet
  facet normal 0 -0.85262 0.522532
    outer loop
      vertex 50 14.091 23.546
      vertex 48 14.009 23.4122
      vertex 50 14.009 23.4122
    endloop
  endfacet
  facet normal 0 -0.382896 -0.923792
    outer loop
      vertex 48 13.509 24.9511
      vertex 50 13.654 24.891
      vertex 50 13.509 24.9511
    endloop
  endfacet
  facet normal -0 -0.382896 -0.923792
    outer loop
      vertex 50 13.654 24.891
      vertex 48 13.509 24.9511
      vertex 48 13.654 24.891
    endloop
  endfacet
  facet normal 0 -0.233228 -0.972422
    outer loop
      vertex 48 13.3564 24.9877
      vertex 50 13.509 24.9511
      vertex 50 13.3564 24.9877
    endloop
  endfacet
  facet normal -0 -0.233228 -0.972422
    outer loop
      vertex 50 13.509 24.9511
      vertex 48 13.3564 24.9877
      vertex 48 13.509 24.9511
    endloop
  endfacet
  facet normal 0 -0.85262 -0.522532
    outer loop
      vertex 48 14.091 24.454
      vertex 50 14.009 24.5878
      vertex 48 14.009 24.5878
    endloop
  endfacet
  facet normal 0 -0.85262 -0.522532
    outer loop
      vertex 50 14.009 24.5878
      vertex 48 14.091 24.454
      vertex 50 14.091 24.454
    endloop
  endfacet
  facet normal 0 -0.972422 -0.233228
    outer loop
      vertex 48 14.1877 24.1564
      vertex 50 14.1511 24.309
      vertex 48 14.1511 24.309
    endloop
  endfacet
  facet normal 0 -0.972422 -0.233228
    outer loop
      vertex 50 14.1511 24.309
      vertex 48 14.1877 24.1564
      vertex 50 14.1877 24.1564
    endloop
  endfacet
  facet normal 0 0.972422 0.233228
    outer loop
      vertex 50 12.2489 23.691
      vertex 48 12.2123 23.8436
      vertex 50 12.2123 23.8436
    endloop
  endfacet
  facet normal 0 0.972422 0.233228
    outer loop
      vertex 48 12.2123 23.8436
      vertex 50 12.2489 23.691
      vertex 48 12.2489 23.691
    endloop
  endfacet
  facet normal 0 0.85262 0.522532
    outer loop
      vertex 50 12.391 23.4122
      vertex 48 12.309 23.546
      vertex 50 12.309 23.546
    endloop
  endfacet
  facet normal 0 0.85262 0.522532
    outer loop
      vertex 48 12.309 23.546
      vertex 50 12.391 23.4122
      vertex 48 12.391 23.4122
    endloop
  endfacet
  facet normal 0 -0.382896 0.923792
    outer loop
      vertex 48 13.654 23.109
      vertex 50 13.509 23.0489
      vertex 50 13.654 23.109
    endloop
  endfacet
  facet normal 0 -0.382896 0.923792
    outer loop
      vertex 50 13.509 23.0489
      vertex 48 13.654 23.109
      vertex 48 13.509 23.0489
    endloop
  endfacet
  facet normal 0 -0.76038 0.649478
    outer loop
      vertex 48 13.9071 23.2929
      vertex 50 14.009 23.4122
      vertex 48 14.009 23.4122
    endloop
  endfacet
  facet normal 0 -0.76038 0.649478
    outer loop
      vertex 50 14.009 23.4122
      vertex 48 13.9071 23.2929
      vertex 50 13.9071 23.2929
    endloop
  endfacet
  facet normal 0 -0.522532 0.85262
    outer loop
      vertex 48 13.7878 23.191
      vertex 50 13.654 23.109
      vertex 50 13.7878 23.191
    endloop
  endfacet
  facet normal 0 -0.522532 0.85262
    outer loop
      vertex 50 13.654 23.109
      vertex 48 13.7878 23.191
      vertex 48 13.654 23.109
    endloop
  endfacet
  facet normal 0 -0.996922 0.0784024
    outer loop
      vertex 48 14.1877 23.8436
      vertex 50 14.2 24
      vertex 48 14.2 24
    endloop
  endfacet
  facet normal 0 -0.996922 0.0784024
    outer loop
      vertex 50 14.2 24
      vertex 48 14.1877 23.8436
      vertex 50 14.1877 23.8436
    endloop
  endfacet
  facet normal 0 -0.923792 0.382896
    outer loop
      vertex 48 14.091 23.546
      vertex 50 14.1511 23.691
      vertex 48 14.1511 23.691
    endloop
  endfacet
  facet normal 0 -0.923792 0.382896
    outer loop
      vertex 50 14.1511 23.691
      vertex 48 14.091 23.546
      vertex 50 14.091 23.546
    endloop
  endfacet
  facet normal 0 -0.522532 -0.85262
    outer loop
      vertex 48 13.654 24.891
      vertex 50 13.7878 24.809
      vertex 50 13.654 24.891
    endloop
  endfacet
  facet normal -0 -0.522532 -0.85262
    outer loop
      vertex 50 13.7878 24.809
      vertex 48 13.654 24.891
      vertex 48 13.7878 24.809
    endloop
  endfacet
  facet normal 0 -0.649478 -0.76038
    outer loop
      vertex 48 13.7878 24.809
      vertex 50 13.9071 24.7071
      vertex 50 13.7878 24.809
    endloop
  endfacet
  facet normal -0 -0.649478 -0.76038
    outer loop
      vertex 50 13.9071 24.7071
      vertex 48 13.7878 24.809
      vertex 48 13.9071 24.7071
    endloop
  endfacet
  facet normal 0 -0.996922 -0.0784024
    outer loop
      vertex 48 14.2 24
      vertex 50 14.1877 24.1564
      vertex 48 14.1877 24.1564
    endloop
  endfacet
  facet normal 0 -0.996922 -0.0784024
    outer loop
      vertex 50 14.1877 24.1564
      vertex 48 14.2 24
      vertex 50 14.2 24
    endloop
  endfacet
  facet normal -0 0.0784024 0.996922
    outer loop
      vertex 48 13.2 23
      vertex 50 13.0436 23.0123
      vertex 50 13.2 23
    endloop
  endfacet
  facet normal 0 0.0784024 0.996922
    outer loop
      vertex 50 13.0436 23.0123
      vertex 48 13.2 23
      vertex 48 13.0436 23.0123
    endloop
  endfacet
  facet normal 0 0.76038 -0.649478
    outer loop
      vertex 50 12.391 24.5878
      vertex 48 12.4929 24.7071
      vertex 50 12.4929 24.7071
    endloop
  endfacet
  facet normal 0 0.76038 -0.649478
    outer loop
      vertex 48 12.4929 24.7071
      vertex 50 12.391 24.5878
      vertex 48 12.391 24.5878
    endloop
  endfacet
  facet normal 0 0.649478 -0.76038
    outer loop
      vertex 48 12.4929 24.7071
      vertex 50 12.6122 24.809
      vertex 50 12.4929 24.7071
    endloop
  endfacet
  facet normal 0 0.649478 -0.76038
    outer loop
      vertex 50 12.6122 24.809
      vertex 48 12.4929 24.7071
      vertex 48 12.6122 24.809
    endloop
  endfacet
  facet normal 0 0.76038 0.649478
    outer loop
      vertex 50 12.4929 23.2929
      vertex 48 12.391 23.4122
      vertex 50 12.391 23.4122
    endloop
  endfacet
  facet normal 0 0.76038 0.649478
    outer loop
      vertex 48 12.391 23.4122
      vertex 50 12.4929 23.2929
      vertex 48 12.4929 23.2929
    endloop
  endfacet
  facet normal -0 0.382896 0.923792
    outer loop
      vertex 48 12.891 23.0489
      vertex 50 12.746 23.109
      vertex 50 12.891 23.0489
    endloop
  endfacet
  facet normal 0 0.382896 0.923792
    outer loop
      vertex 50 12.746 23.109
      vertex 48 12.891 23.0489
      vertex 48 12.746 23.109
    endloop
  endfacet
  facet normal -0 0.233228 0.972422
    outer loop
      vertex 48 13.0436 23.0123
      vertex 50 12.891 23.0489
      vertex 50 13.0436 23.0123
    endloop
  endfacet
  facet normal 0 0.233228 0.972422
    outer loop
      vertex 50 12.891 23.0489
      vertex 48 13.0436 23.0123
      vertex 48 12.891 23.0489
    endloop
  endfacet
  facet normal 0 -0.649478 0.76038
    outer loop
      vertex 48 13.9071 23.2929
      vertex 50 13.7878 23.191
      vertex 50 13.9071 23.2929
    endloop
  endfacet
  facet normal 0 -0.649478 0.76038
    outer loop
      vertex 50 13.7878 23.191
      vertex 48 13.9071 23.2929
      vertex 48 13.7878 23.191
    endloop
  endfacet
  facet normal 0 0.972422 -0.233228
    outer loop
      vertex 50 12.2123 24.1564
      vertex 48 12.2489 24.309
      vertex 50 12.2489 24.309
    endloop
  endfacet
  facet normal 0 0.972422 -0.233228
    outer loop
      vertex 48 12.2489 24.309
      vertex 50 12.2123 24.1564
      vertex 48 12.2123 24.1564
    endloop
  endfacet
  facet normal 0 0.923792 -0.382896
    outer loop
      vertex 50 12.2489 24.309
      vertex 48 12.309 24.454
      vertex 50 12.309 24.454
    endloop
  endfacet
  facet normal 0 0.923792 -0.382896
    outer loop
      vertex 48 12.309 24.454
      vertex 50 12.2489 24.309
      vertex 48 12.2489 24.309
    endloop
  endfacet
  facet normal 0 0.522532 -0.85262
    outer loop
      vertex 48 12.6122 24.809
      vertex 50 12.746 24.891
      vertex 50 12.6122 24.809
    endloop
  endfacet
  facet normal 0 0.522532 -0.85262
    outer loop
      vertex 50 12.746 24.891
      vertex 48 12.6122 24.809
      vertex 48 12.746 24.891
    endloop
  endfacet
  facet normal 0 0.382896 -0.923792
    outer loop
      vertex 48 12.746 24.891
      vertex 50 12.891 24.9511
      vertex 50 12.746 24.891
    endloop
  endfacet
  facet normal 0 0.382896 -0.923792
    outer loop
      vertex 50 12.891 24.9511
      vertex 48 12.746 24.891
      vertex 48 12.891 24.9511
    endloop
  endfacet
  facet normal -0 0.649478 0.76038
    outer loop
      vertex 48 12.6122 23.191
      vertex 50 12.4929 23.2929
      vertex 50 12.6122 23.191
    endloop
  endfacet
  facet normal 0 0.649478 0.76038
    outer loop
      vertex 50 12.4929 23.2929
      vertex 48 12.6122 23.191
      vertex 48 12.4929 23.2929
    endloop
  endfacet
  facet normal 0 0.923792 0.382896
    outer loop
      vertex 50 12.309 23.546
      vertex 48 12.2489 23.691
      vertex 50 12.2489 23.691
    endloop
  endfacet
  facet normal 0 0.923792 0.382896
    outer loop
      vertex 48 12.2489 23.691
      vertex 50 12.309 23.546
      vertex 48 12.309 23.546
    endloop
  endfacet
  facet normal 0 0.996922 -0.0784024
    outer loop
      vertex 50 12.2 24
      vertex 48 12.2123 24.1564
      vertex 50 12.2123 24.1564
    endloop
  endfacet
  facet normal 0 0.996922 -0.0784024
    outer loop
      vertex 48 12.2123 24.1564
      vertex 50 12.2 24
      vertex 48 12.2 24
    endloop
  endfacet
  facet normal 0 0.85262 -0.522532
    outer loop
      vertex 50 12.309 24.454
      vertex 48 12.391 24.5878
      vertex 50 12.391 24.5878
    endloop
  endfacet
  facet normal 0 0.85262 -0.522532
    outer loop
      vertex 48 12.391 24.5878
      vertex 50 12.309 24.454
      vertex 48 12.309 24.454
    endloop
  endfacet
  facet normal 0 0.233228 -0.972422
    outer loop
      vertex 48 12.891 24.9511
      vertex 50 13.0436 24.9877
      vertex 50 12.891 24.9511
    endloop
  endfacet
  facet normal 0 0.233228 -0.972422
    outer loop
      vertex 50 13.0436 24.9877
      vertex 48 12.891 24.9511
      vertex 48 13.0436 24.9877
    endloop
  endfacet
  facet normal 0 0.0784024 -0.996922
    outer loop
      vertex 48 13.0436 24.9877
      vertex 50 13.2 25
      vertex 50 13.0436 24.9877
    endloop
  endfacet
  facet normal 0 0.0784024 -0.996922
    outer loop
      vertex 50 13.2 25
      vertex 48 13.0436 24.9877
      vertex 48 13.2 25
    endloop
  endfacet
  facet normal 0 0.649478 -0.76038
    outer loop
      vertex 0 12.6929 47.9571
      vertex 1 12.8122 48.059
      vertex 1 12.6929 47.9571
    endloop
  endfacet
  facet normal 0 0.649478 -0.76038
    outer loop
      vertex 1 12.8122 48.059
      vertex 0 12.6929 47.9571
      vertex 0 12.8122 48.059
    endloop
  endfacet
  facet normal 0 0.522532 -0.85262
    outer loop
      vertex 0 12.8122 48.059
      vertex 1 12.946 48.141
      vertex 1 12.8122 48.059
    endloop
  endfacet
  facet normal 0 0.522532 -0.85262
    outer loop
      vertex 1 12.946 48.141
      vertex 0 12.8122 48.059
      vertex 0 12.946 48.141
    endloop
  endfacet
  facet normal 0 0.923792 -0.382896
    outer loop
      vertex 1 12.4489 47.559
      vertex 0 12.509 47.704
      vertex 1 12.509 47.704
    endloop
  endfacet
  facet normal 0 0.923792 -0.382896
    outer loop
      vertex 0 12.509 47.704
      vertex 1 12.4489 47.559
      vertex 0 12.4489 47.559
    endloop
  endfacet
  facet normal 0 0.76038 -0.649478
    outer loop
      vertex 1 12.591 47.8378
      vertex 0 12.6929 47.9571
      vertex 1 12.6929 47.9571
    endloop
  endfacet
  facet normal 0 0.76038 -0.649478
    outer loop
      vertex 0 12.6929 47.9571
      vertex 1 12.591 47.8378
      vertex 0 12.591 47.8378
    endloop
  endfacet
  facet normal 0 0.996922 -0.0784024
    outer loop
      vertex 1 12.4 47.25
      vertex 0 12.4123 47.4064
      vertex 1 12.4123 47.4064
    endloop
  endfacet
  facet normal 0 0.996922 -0.0784024
    outer loop
      vertex 0 12.4123 47.4064
      vertex 1 12.4 47.25
      vertex 0 12.4 47.25
    endloop
  endfacet
  facet normal 0 0.85262 -0.522532
    outer loop
      vertex 1 12.509 47.704
      vertex 0 12.591 47.8378
      vertex 1 12.591 47.8378
    endloop
  endfacet
  facet normal 0 0.85262 -0.522532
    outer loop
      vertex 0 12.591 47.8378
      vertex 1 12.509 47.704
      vertex 0 12.509 47.704
    endloop
  endfacet
  facet normal 0 -0.923792 0.382896
    outer loop
      vertex 0 14.291 44.296
      vertex 1 14.3511 44.441
      vertex 0 14.3511 44.441
    endloop
  endfacet
  facet normal 0 -0.923792 0.382896
    outer loop
      vertex 1 14.3511 44.441
      vertex 0 14.291 44.296
      vertex 1 14.291 44.296
    endloop
  endfacet
  facet normal 0 0.996922 0.0784024
    outer loop
      vertex 1 12.4123 44.5936
      vertex 0 12.4 44.75
      vertex 1 12.4 44.75
    endloop
  endfacet
  facet normal 0 0.996922 0.0784024
    outer loop
      vertex 0 12.4 44.75
      vertex 1 12.4123 44.5936
      vertex 0 12.4123 44.5936
    endloop
  endfacet
  facet normal 0 1 -0
    outer loop
      vertex 1 12.4 44.75
      vertex 0 12.4 47.25
      vertex 1 12.4 47.25
    endloop
  endfacet
  facet normal 0 1 0
    outer loop
      vertex 0 12.4 47.25
      vertex 1 12.4 44.75
      vertex 0 12.4 44.75
    endloop
  endfacet
  facet normal 0 0.972422 -0.233228
    outer loop
      vertex 1 12.4123 47.4064
      vertex 0 12.4489 47.559
      vertex 1 12.4489 47.559
    endloop
  endfacet
  facet normal 0 0.972422 -0.233228
    outer loop
      vertex 0 12.4489 47.559
      vertex 1 12.4123 47.4064
      vertex 0 12.4123 47.4064
    endloop
  endfacet
  facet normal 0 -0.923792 -0.382896
    outer loop
      vertex 0 14.3511 47.559
      vertex 1 14.291 47.704
      vertex 0 14.291 47.704
    endloop
  endfacet
  facet normal 0 -0.923792 -0.382896
    outer loop
      vertex 1 14.291 47.704
      vertex 0 14.3511 47.559
      vertex 1 14.3511 47.559
    endloop
  endfacet
  facet normal 0 -0.382896 -0.923792
    outer loop
      vertex 0 13.709 48.2011
      vertex 1 13.854 48.141
      vertex 1 13.709 48.2011
    endloop
  endfacet
  facet normal -0 -0.382896 -0.923792
    outer loop
      vertex 1 13.854 48.141
      vertex 0 13.709 48.2011
      vertex 0 13.854 48.141
    endloop
  endfacet
  facet normal 0 0.76038 0.649478
    outer loop
      vertex 1 12.6929 44.0429
      vertex 0 12.591 44.1622
      vertex 1 12.591 44.1622
    endloop
  endfacet
  facet normal 0 0.76038 0.649478
    outer loop
      vertex 0 12.591 44.1622
      vertex 1 12.6929 44.0429
      vertex 0 12.6929 44.0429
    endloop
  endfacet
  facet normal 0 0.85262 0.522532
    outer loop
      vertex 1 12.591 44.1622
      vertex 0 12.509 44.296
      vertex 1 12.509 44.296
    endloop
  endfacet
  facet normal 0 0.85262 0.522532
    outer loop
      vertex 0 12.509 44.296
      vertex 1 12.591 44.1622
      vertex 0 12.591 44.1622
    endloop
  endfacet
  facet normal 0 -1 0
    outer loop
      vertex 0 14.4 44.75
      vertex 1 14.4 47.25
      vertex 0 14.4 47.25
    endloop
  endfacet
  facet normal 0 -1 -0
    outer loop
      vertex 1 14.4 47.25
      vertex 0 14.4 44.75
      vertex 1 14.4 44.75
    endloop
  endfacet
  facet normal 0 -0.76038 -0.649478
    outer loop
      vertex 0 14.209 47.8378
      vertex 1 14.1071 47.9571
      vertex 0 14.1071 47.9571
    endloop
  endfacet
  facet normal 0 -0.76038 -0.649478
    outer loop
      vertex 1 14.1071 47.9571
      vertex 0 14.209 47.8378
      vertex 1 14.209 47.8378
    endloop
  endfacet
  facet normal 0 -0.85262 -0.522532
    outer loop
      vertex 0 14.291 47.704
      vertex 1 14.209 47.8378
      vertex 0 14.209 47.8378
    endloop
  endfacet
  facet normal 0 -0.85262 -0.522532
    outer loop
      vertex 1 14.209 47.8378
      vertex 0 14.291 47.704
      vertex 1 14.291 47.704
    endloop
  endfacet
  facet normal 0 0.382896 -0.923792
    outer loop
      vertex 0 12.946 48.141
      vertex 1 13.091 48.2011
      vertex 1 12.946 48.141
    endloop
  endfacet
  facet normal 0 0.382896 -0.923792
    outer loop
      vertex 1 13.091 48.2011
      vertex 0 12.946 48.141
      vertex 0 13.091 48.2011
    endloop
  endfacet
  facet normal -0 0.649478 0.76038
    outer loop
      vertex 0 12.8122 43.941
      vertex 1 12.6929 44.0429
      vertex 1 12.8122 43.941
    endloop
  endfacet
  facet normal 0 0.649478 0.76038
    outer loop
      vertex 1 12.6929 44.0429
      vertex 0 12.8122 43.941
      vertex 0 12.6929 44.0429
    endloop
  endfacet
  facet normal 0 -0.649478 0.76038
    outer loop
      vertex 0 14.1071 44.0429
      vertex 1 13.9878 43.941
      vertex 1 14.1071 44.0429
    endloop
  endfacet
  facet normal 0 -0.649478 0.76038
    outer loop
      vertex 1 13.9878 43.941
      vertex 0 14.1071 44.0429
      vertex 0 13.9878 43.941
    endloop
  endfacet
  facet normal 0 -0.76038 0.649478
    outer loop
      vertex 0 14.1071 44.0429
      vertex 1 14.209 44.1622
      vertex 0 14.209 44.1622
    endloop
  endfacet
  facet normal 0 -0.76038 0.649478
    outer loop
      vertex 1 14.209 44.1622
      vertex 0 14.1071 44.0429
      vertex 1 14.1071 44.0429
    endloop
  endfacet
  facet normal 0 0.923792 0.382896
    outer loop
      vertex 1 12.509 44.296
      vertex 0 12.4489 44.441
      vertex 1 12.4489 44.441
    endloop
  endfacet
  facet normal 0 0.923792 0.382896
    outer loop
      vertex 0 12.4489 44.441
      vertex 1 12.509 44.296
      vertex 0 12.509 44.296
    endloop
  endfacet
  facet normal 0 -0.972422 0.233228
    outer loop
      vertex 0 14.3511 44.441
      vertex 1 14.3877 44.5936
      vertex 0 14.3877 44.5936
    endloop
  endfacet
  facet normal 0 -0.972422 0.233228
    outer loop
      vertex 1 14.3877 44.5936
      vertex 0 14.3511 44.441
      vertex 1 14.3511 44.441
    endloop
  endfacet
  facet normal 0 -0.972422 -0.233228
    outer loop
      vertex 0 14.3877 47.4064
      vertex 1 14.3511 47.559
      vertex 0 14.3511 47.559
    endloop
  endfacet
  facet normal 0 -0.972422 -0.233228
    outer loop
      vertex 1 14.3511 47.559
      vertex 0 14.3877 47.4064
      vertex 1 14.3877 47.4064
    endloop
  endfacet
  facet normal 0 -0.996922 -0.0784024
    outer loop
      vertex 0 14.4 47.25
      vertex 1 14.3877 47.4064
      vertex 0 14.3877 47.4064
    endloop
  endfacet
  facet normal 0 -0.996922 -0.0784024
    outer loop
      vertex 1 14.3877 47.4064
      vertex 0 14.4 47.25
      vertex 1 14.4 47.25
    endloop
  endfacet
  facet normal 0 -0.522532 -0.85262
    outer loop
      vertex 0 13.854 48.141
      vertex 1 13.9878 48.059
      vertex 1 13.854 48.141
    endloop
  endfacet
  facet normal -0 -0.522532 -0.85262
    outer loop
      vertex 1 13.9878 48.059
      vertex 0 13.854 48.141
      vertex 0 13.9878 48.059
    endloop
  endfacet
  facet normal 0 -0.649478 -0.76038
    outer loop
      vertex 0 13.9878 48.059
      vertex 1 14.1071 47.9571
      vertex 1 13.9878 48.059
    endloop
  endfacet
  facet normal -0 -0.649478 -0.76038
    outer loop
      vertex 1 14.1071 47.9571
      vertex 0 13.9878 48.059
      vertex 0 14.1071 47.9571
    endloop
  endfacet
  facet normal 0 0.233228 -0.972422
    outer loop
      vertex 0 13.091 48.2011
      vertex 1 13.2436 48.2377
      vertex 1 13.091 48.2011
    endloop
  endfacet
  facet normal 0 0.233228 -0.972422
    outer loop
      vertex 1 13.2436 48.2377
      vertex 0 13.091 48.2011
      vertex 0 13.2436 48.2377
    endloop
  endfacet
  facet normal 0 -0.0784024 -0.996922
    outer loop
      vertex 0 13.4 48.25
      vertex 1 13.5564 48.2377
      vertex 1 13.4 48.25
    endloop
  endfacet
  facet normal -0 -0.0784024 -0.996922
    outer loop
      vertex 1 13.5564 48.2377
      vertex 0 13.4 48.25
      vertex 0 13.5564 48.2377
    endloop
  endfacet
  facet normal 0 -0.233228 -0.972422
    outer loop
      vertex 0 13.5564 48.2377
      vertex 1 13.709 48.2011
      vertex 1 13.5564 48.2377
    endloop
  endfacet
  facet normal -0 -0.233228 -0.972422
    outer loop
      vertex 1 13.709 48.2011
      vertex 0 13.5564 48.2377
      vertex 0 13.709 48.2011
    endloop
  endfacet
  facet normal 0 -0.233228 0.972422
    outer loop
      vertex 0 13.709 43.7989
      vertex 1 13.5564 43.7623
      vertex 1 13.709 43.7989
    endloop
  endfacet
  facet normal 0 -0.233228 0.972422
    outer loop
      vertex 1 13.5564 43.7623
      vertex 0 13.709 43.7989
      vertex 0 13.5564 43.7623
    endloop
  endfacet
  facet normal 0 -0.522532 0.85262
    outer loop
      vertex 0 13.9878 43.941
      vertex 1 13.854 43.859
      vertex 1 13.9878 43.941
    endloop
  endfacet
  facet normal 0 -0.522532 0.85262
    outer loop
      vertex 1 13.854 43.859
      vertex 0 13.9878 43.941
      vertex 0 13.854 43.859
    endloop
  endfacet
  facet normal 0 0.972422 0.233228
    outer loop
      vertex 1 12.4489 44.441
      vertex 0 12.4123 44.5936
      vertex 1 12.4123 44.5936
    endloop
  endfacet
  facet normal 0 0.972422 0.233228
    outer loop
      vertex 0 12.4123 44.5936
      vertex 1 12.4489 44.441
      vertex 0 12.4489 44.441
    endloop
  endfacet
  facet normal 0 -0.996922 0.0784024
    outer loop
      vertex 0 14.3877 44.5936
      vertex 1 14.4 44.75
      vertex 0 14.4 44.75
    endloop
  endfacet
  facet normal 0 -0.996922 0.0784024
    outer loop
      vertex 1 14.4 44.75
      vertex 0 14.3877 44.5936
      vertex 1 14.3877 44.5936
    endloop
  endfacet
  facet normal 0 0.0784024 -0.996922
    outer loop
      vertex 0 13.2436 48.2377
      vertex 1 13.4 48.25
      vertex 1 13.2436 48.2377
    endloop
  endfacet
  facet normal 0 0.0784024 -0.996922
    outer loop
      vertex 1 13.4 48.25
      vertex 0 13.2436 48.2377
      vertex 0 13.4 48.25
    endloop
  endfacet
  facet normal 0 -0.85262 0.522532
    outer loop
      vertex 0 14.209 44.1622
      vertex 1 14.291 44.296
      vertex 0 14.291 44.296
    endloop
  endfacet
  facet normal 0 -0.85262 0.522532
    outer loop
      vertex 1 14.291 44.296
      vertex 0 14.209 44.1622
      vertex 1 14.209 44.1622
    endloop
  endfacet
  facet normal -0 0.522532 0.85262
    outer loop
      vertex 0 12.946 43.859
      vertex 1 12.8122 43.941
      vertex 1 12.946 43.859
    endloop
  endfacet
  facet normal 0 0.522532 0.85262
    outer loop
      vertex 1 12.8122 43.941
      vertex 0 12.946 43.859
      vertex 0 12.8122 43.941
    endloop
  endfacet
  facet normal 0 -0.0784024 0.996922
    outer loop
      vertex 0 13.5564 43.7623
      vertex 1 13.4 43.75
      vertex 1 13.5564 43.7623
    endloop
  endfacet
  facet normal 0 -0.0784024 0.996922
    outer loop
      vertex 1 13.4 43.75
      vertex 0 13.5564 43.7623
      vertex 0 13.4 43.75
    endloop
  endfacet
  facet normal -0 0.233228 0.972422
    outer loop
      vertex 0 13.2436 43.7623
      vertex 1 13.091 43.7989
      vertex 1 13.2436 43.7623
    endloop
  endfacet
  facet normal 0 0.233228 0.972422
    outer loop
      vertex 1 13.091 43.7989
      vertex 0 13.2436 43.7623
      vertex 0 13.091 43.7989
    endloop
  endfacet
  facet normal -0 0.382896 0.923792
    outer loop
      vertex 0 13.091 43.7989
      vertex 1 12.946 43.859
      vertex 1 13.091 43.7989
    endloop
  endfacet
  facet normal 0 0.382896 0.923792
    outer loop
      vertex 1 12.946 43.859
      vertex 0 13.091 43.7989
      vertex 0 12.946 43.859
    endloop
  endfacet
  facet normal 0 -0.382896 0.923792
    outer loop
      vertex 0 13.854 43.859
      vertex 1 13.709 43.7989
      vertex 1 13.854 43.859
    endloop
  endfacet
  facet normal 0 -0.382896 0.923792
    outer loop
      vertex 1 13.709 43.7989
      vertex 0 13.854 43.859
      vertex 0 13.709 43.7989
    endloop
  endfacet
  facet normal -0 0.0784024 0.996922
    outer loop
      vertex 0 13.4 43.75
      vertex 1 13.2436 43.7623
      vertex 1 13.4 43.75
    endloop
  endfacet
  facet normal 0 0.0784024 0.996922
    outer loop
      vertex 1 13.2436 43.7623
      vertex 0 13.4 43.75
      vertex 0 13.2436 43.7623
    endloop
  endfacet
  facet normal 1 0 0
    outer loop
      vertex 1 15.5 50.6
      vertex 1 14.4 47.25
      vertex 1 15.5 41.4
    endloop
  endfacet
  facet normal 1 0 0
    outer loop
      vertex 1 15.5 50.6
      vertex 1 14.3877 47.4064
      vertex 1 14.4 47.25
    endloop
  endfacet
  facet normal 1 0 0
    outer loop
      vertex 1 15.5 50.6
      vertex 1 14.3511 47.559
      vertex 1 14.3877 47.4064
    endloop
  endfacet
  facet normal 1 0 0
    outer loop
      vertex 1 15.5 50.6
      vertex 1 14.291 47.704
      vertex 1 14.3511 47.559
    endloop
  endfacet
  facet normal 1 0 0
    outer loop
      vertex 1 15.5 50.6
      vertex 1 14.209 47.8378
      vertex 1 14.291 47.704
    endloop
  endfacet
  facet normal 1 0 0
    outer loop
      vertex 1 15.5 50.6
      vertex 1 14.1071 47.9571
      vertex 1 14.209 47.8378
    endloop
  endfacet
  facet normal 1 0 0
    outer loop
      vertex 1 15.5 50.6
      vertex 1 13.9878 48.059
      vertex 1 14.1071 47.9571
    endloop
  endfacet
  facet normal 1 0 0
    outer loop
      vertex 1 15.5 50.6
      vertex 1 13.854 48.141
      vertex 1 13.9878 48.059
    endloop
  endfacet
  facet normal 1 0 0
    outer loop
      vertex 1 15.5 50.6
      vertex 1 13.709 48.2011
      vertex 1 13.854 48.141
    endloop
  endfacet
  facet normal 1 0 0
    outer loop
      vertex 1 15.5 50.6
      vertex 1 13.5564 48.2377
      vertex 1 13.709 48.2011
    endloop
  endfacet
  facet normal 1 0 0
    outer loop
      vertex 1 15.5 50.6
      vertex 1 13.4 48.25
      vertex 1 13.5564 48.2377
    endloop
  endfacet
  facet normal 1 -0 0
    outer loop
      vertex 1 11.3 50.6
      vertex 1 13.4 48.25
      vertex 1 15.5 50.6
    endloop
  endfacet
  facet normal 1 0 0
    outer loop
      vertex 1 13.4 48.25
      vertex 1 11.3 50.6
      vertex 1 13.2436 48.2377
    endloop
  endfacet
  facet normal 1 0 0
    outer loop
      vertex 1 13.2436 48.2377
      vertex 1 11.3 50.6
      vertex 1 13.091 48.2011
    endloop
  endfacet
  facet normal 1 0 0
    outer loop
      vertex 1 13.091 48.2011
      vertex 1 11.3 50.6
      vertex 1 12.946 48.141
    endloop
  endfacet
  facet normal 1 0 0
    outer loop
      vertex 1 12.946 48.141
      vertex 1 11.3 50.6
      vertex 1 12.8122 48.059
    endloop
  endfacet
  facet normal 1 0 0
    outer loop
      vertex 1 12.4 47.25
      vertex 1 11.3 50.6
      vertex 1 12.4 44.75
    endloop
  endfacet
  facet normal 1 0 0
    outer loop
      vertex 1 12.4123 47.4064
      vertex 1 11.3 50.6
      vertex 1 12.4 47.25
    endloop
  endfacet
  facet normal 1 0 0
    outer loop
      vertex 1 12.4489 47.559
      vertex 1 11.3 50.6
      vertex 1 12.4123 47.4064
    endloop
  endfacet
  facet normal 1 0 0
    outer loop
      vertex 1 12.509 47.704
      vertex 1 11.3 50.6
      vertex 1 12.4489 47.559
    endloop
  endfacet
  facet normal 1 0 0
    outer loop
      vertex 1 12.591 47.8378
      vertex 1 11.3 50.6
      vertex 1 12.509 47.704
    endloop
  endfacet
  facet normal 1 0 0
    outer loop
      vertex 1 12.6929 47.9571
      vertex 1 11.3 50.6
      vertex 1 12.591 47.8378
    endloop
  endfacet
  facet normal 1 0 0
    outer loop
      vertex 1 12.8122 48.059
      vertex 1 11.3 50.6
      vertex 1 12.6929 47.9571
    endloop
  endfacet
  facet normal 1 -0 0
    outer loop
      vertex 1 14.4 44.75
      vertex 1 15.5 41.4
      vertex 1 14.4 47.25
    endloop
  endfacet
  facet normal 1 -0 0
    outer loop
      vertex 1 14.3877 44.5936
      vertex 1 15.5 41.4
      vertex 1 14.4 44.75
    endloop
  endfacet
  facet normal 1 -0 0
    outer loop
      vertex 1 14.3511 44.441
      vertex 1 15.5 41.4
      vertex 1 14.3877 44.5936
    endloop
  endfacet
  facet normal 1 -0 0
    outer loop
      vertex 1 14.291 44.296
      vertex 1 15.5 41.4
      vertex 1 14.3511 44.441
    endloop
  endfacet
  facet normal 1 -0 0
    outer loop
      vertex 1 14.209 44.1622
      vertex 1 15.5 41.4
      vertex 1 14.291 44.296
    endloop
  endfacet
  facet normal 1 -0 0
    outer loop
      vertex 1 14.1071 44.0429
      vertex 1 15.5 41.4
      vertex 1 14.209 44.1622
    endloop
  endfacet
  facet normal 1 -0 0
    outer loop
      vertex 1 13.9878 43.941
      vertex 1 15.5 41.4
      vertex 1 14.1071 44.0429
    endloop
  endfacet
  facet normal 1 -0 0
    outer loop
      vertex 1 13.854 43.859
      vertex 1 15.5 41.4
      vertex 1 13.9878 43.941
    endloop
  endfacet
  facet normal 1 -0 0
    outer loop
      vertex 1 13.709 43.7989
      vertex 1 15.5 41.4
      vertex 1 13.854 43.859
    endloop
  endfacet
  facet normal 1 -0 0
    outer loop
      vertex 1 13.5564 43.7623
      vertex 1 15.5 41.4
      vertex 1 13.709 43.7989
    endloop
  endfacet
  facet normal 1 -0 0
    outer loop
      vertex 1 13.4 43.75
      vertex 1 15.5 41.4
      vertex 1 13.5564 43.7623
    endloop
  endfacet
  facet normal 1 0 0
    outer loop
      vertex 1 11.3 41.4
      vertex 1 13.4 43.75
      vertex 1 13.2436 43.7623
    endloop
  endfacet
  facet normal 1 0 0
    outer loop
      vertex 1 11.3 41.4
      vertex 1 13.2436 43.7623
      vertex 1 13.091 43.7989
    endloop
  endfacet
  facet normal 1 0 0
    outer loop
      vertex 1 11.3 41.4
      vertex 1 13.091 43.7989
      vertex 1 12.946 43.859
    endloop
  endfacet
  facet normal 1 0 0
    outer loop
      vertex 1 11.3 41.4
      vertex 1 12.946 43.859
      vertex 1 12.8122 43.941
    endloop
  endfacet
  facet normal 1 0 0
    outer loop
      vertex 1 11.3 41.4
      vertex 1 12.8122 43.941
      vertex 1 12.6929 44.0429
    endloop
  endfacet
  facet normal 1 0 0
    outer loop
      vertex 1 11.3 41.4
      vertex 1 12.4 44.75
      vertex 1 11.3 50.6
    endloop
  endfacet
  facet normal 1 0 0
    outer loop
      vertex 1 13.4 43.75
      vertex 1 11.3 41.4
      vertex 1 15.5 41.4
    endloop
  endfacet
  facet normal 1 0 0
    outer loop
      vertex 1 12.591 44.1622
      vertex 1 11.3 41.4
      vertex 1 12.6929 44.0429
    endloop
  endfacet
  facet normal 1 0 0
    outer loop
      vertex 1 12.509 44.296
      vertex 1 11.3 41.4
      vertex 1 12.591 44.1622
    endloop
  endfacet
  facet normal 1 0 0
    outer loop
      vertex 1 12.4489 44.441
      vertex 1 11.3 41.4
      vertex 1 12.509 44.296
    endloop
  endfacet
  facet normal 1 0 0
    outer loop
      vertex 1 12.4123 44.5936
      vertex 1 11.3 41.4
      vertex 1 12.4489 44.441
    endloop
  endfacet
  facet normal 1 0 0
    outer loop
      vertex 1 12.4 44.75
      vertex 1 11.3 41.4
      vertex 1 12.4123 44.5936
    endloop
  endfacet
  facet normal 0 0 -1
    outer loop
      vertex 1 11.3 50.6
      vertex 2 15.5 50.6
      vertex 2 11.3 50.6
    endloop
  endfacet
  facet normal -0 0 -1
    outer loop
      vertex 2 15.5 50.6
      vertex 1 11.3 50.6
      vertex 1 15.5 50.6
    endloop
  endfacet
  facet normal 0 -1 0
    outer loop
      vertex 1 15.5 41.4
      vertex 2 15.5 50.6
      vertex 1 15.5 50.6
    endloop
  endfacet
  facet normal 0 -1 -0
    outer loop
      vertex 2 15.5 50.6
      vertex 1 15.5 41.4
      vertex 2 15.5 41.4
    endloop
  endfacet
  facet normal -0 0 1
    outer loop
      vertex 1 15.5 41.4
      vertex 2 11.3 41.4
      vertex 2 15.5 41.4
    endloop
  endfacet
  facet normal 0 0 1
    outer loop
      vertex 2 11.3 41.4
      vertex 1 15.5 41.4
      vertex 1 11.3 41.4
    endloop
  endfacet
  facet normal 0 1 -0
    outer loop
      vertex 2 11.3 41.4
      vertex 1 11.3 50.6
      vertex 2 11.3 50.6
    endloop
  endfacet
  facet normal 0 1 0
    outer loop
      vertex 1 11.3 50.6
      vertex 2 11.3 41.4
      vertex 1 11.3 41.4
    endloop
  endfacet
  facet normal -0.996895 -0.0556754 -0.0556755
    outer loop
      vertex 26.4888 2.20114 74
      vertex 26.4815 0.331847 76
      vertex 26.4815 2.33185 74
    endloop
  endfacet
  facet normal -0.996923 -0.0554162 -0.0554333
    outer loop
      vertex 26.4815 0.331847 76
      vertex 26.4888 2.20114 74
      vertex 26.4932 0.121367 76
    endloop
  endfacet
  facet normal -0.923789 -0.270743 -0.270761
    outer loop
      vertex 26.4266 2.65552 74
      vertex 26.3901 0.779933 76
      vertex 26.3685 2.85376 74
    endloop
  endfacet
  facet normal -0.923652 -0.270986 -0.270985
    outer loop
      vertex 26.3901 0.779933 76
      vertex 26.4266 2.65552 74
      vertex 26.4266 0.655523 76
    endloop
  endfacet
  facet normal -0.996913 -0.0555107 -0.0555316
    outer loop
      vertex 26.5 2 74
      vertex 26.4932 0.121367 76
      vertex 26.4888 2.20114 74
    endloop
  endfacet
  facet normal -0.996876 -0.0558534 -0.0558534
    outer loop
      vertex 26.4932 0.121367 76
      vertex 26.5 2 74
      vertex 26.5 0 76
    endloop
  endfacet
  facet normal -0.972409 -0.164955 -0.164954
    outer loop
      vertex 26.4607 2.4545 74
      vertex 26.4266 0.655523 76
      vertex 26.4266 2.65552 74
    endloop
  endfacet
  facet normal -0.972412 -0.164947 -0.164948
    outer loop
      vertex 26.4266 0.655523 76
      vertex 26.4607 2.4545 74
      vertex 26.448 0.529364 76
    endloop
  endfacet
  facet normal 0.760482 -0.459166 -0.459166
    outer loop
      vertex 23.9393 1.5 76
      vertex 23.8365 3.32974 74
      vertex 23.9393 3.5 74
    endloop
  endfacet
  facet normal 0.760499 -0.459151 -0.459153
    outer loop
      vertex 23.8365 3.32974 74
      vertex 23.9393 1.5 76
      vertex 23.872 1.38853 76
    endloop
  endfacet
  facet normal 0.972441 0.164862 0.164862
    outer loop
      vertex 23.552 0 75.4706
      vertex 23.5185 2 73.6682
      vertex 23.5185 0 75.6682
    endloop
  endfacet
  facet normal 0.972445 0.16485 0.164848
    outer loop
      vertex 23.5185 2 73.6682
      vertex 23.552 0 75.4706
      vertex 23.5393 2 73.5455
    endloop
  endfacet
  facet normal 0.64923 0.53782 0.53782
    outer loop
      vertex 24.0204 0 74.4021
      vertex 23.9393 2 72.5
      vertex 23.9393 0 74.5
    endloop
  endfacet
  facet normal 0.649364 0.537744 0.537734
    outer loop
      vertex 23.9393 2 72.5
      vertex 24.0204 0 74.4021
      vertex 24.0631 2 72.3505
    endloop
  endfacet
  facet normal -0.233494 -0.687561 -0.687561
    outer loop
      vertex 25.2347 4.0952 74
      vertex 25.4635 2.0175 76
      vertex 25.2347 2.0952 76
    endloop
  endfacet
  facet normal -0.233494 -0.687561 -0.687561
    outer loop
      vertex 25.4635 2.0175 76
      vertex 25.2347 4.0952 74
      vertex 25.4635 4.0175 74
    endloop
  endfacet
  facet normal -0.382453 -0.653349 -0.653349
    outer loop
      vertex 25.5264 3.98068 74
      vertex 25.4635 2.0175 76
      vertex 25.4635 4.0175 74
    endloop
  endfacet
  facet normal -0.382669 -0.653282 -0.65329
    outer loop
      vertex 25.4635 2.0175 76
      vertex 25.5264 3.98068 74
      vertex 25.578 1.95043 76
    endloop
  endfacet
  facet normal -0.522265 -0.603003 -0.603015
    outer loop
      vertex 25.8212 3.76862 74
      vertex 25.8817 1.71618 76
      vertex 25.7743 1.8092 76
    endloop
  endfacet
  facet normal -0.522562 -0.60288 -0.60288
    outer loop
      vertex 25.8817 1.71618 76
      vertex 25.8212 3.76862 74
      vertex 25.8817 3.71618 74
    endloop
  endfacet
  facet normal -0.233494 0.687561 0.687561
    outer loop
      vertex 25.4635 2 71.9825
      vertex 25.2347 0 73.9048
      vertex 25.4635 0 73.9825
    endloop
  endfacet
  facet normal -0.233494 0.687561 0.687561
    outer loop
      vertex 25.2347 0 73.9048
      vertex 25.4635 2 71.9825
      vertex 25.2347 2 71.9048
    endloop
  endfacet
  facet normal -0.760558 0.459104 0.459104
    outer loop
      vertex 26.0607 0 74.5
      vertex 26.1635 2 72.6703
      vertex 26.0607 2 72.5
    endloop
  endfacet
  facet normal -0.760585 0.459083 0.459079
    outer loop
      vertex 26.1635 2 72.6703
      vertex 26.0607 0 74.5
      vertex 26.128 0 74.6115
    endloop
  endfacet
  facet normal 0.924023 0.270357 0.270347
    outer loop
      vertex 23.6635 0 75.0369
      vertex 23.6315 2 73.1462
      vertex 23.6099 0 75.2201
    endloop
  endfacet
  facet normal 0.923935 0.270503 0.270503
    outer loop
      vertex 23.6315 2 73.1462
      vertex 23.6635 0 75.0369
      vertex 23.6635 2 73.0369
    endloop
  endfacet
  facet normal -0.649337 -0.537748 -0.537763
    outer loop
      vertex 26.0607 3.5 74
      vertex 25.9796 1.59787 76
      vertex 25.9369 3.64949 74
    endloop
  endfacet
  facet normal -0.649115 -0.537889 -0.537889
    outer loop
      vertex 25.9796 1.59787 76
      vertex 26.0607 3.5 74
      vertex 26.0607 1.5 76
    endloop
  endfacet
  facet normal 0.382669 -0.653282 -0.65329
    outer loop
      vertex 24.4736 3.98068 74
      vertex 24.5365 2.0175 76
      vertex 24.422 1.95043 76
    endloop
  endfacet
  facet normal 0.382453 -0.653349 -0.653349
    outer loop
      vertex 24.5365 2.0175 76
      vertex 24.4736 3.98068 74
      vertex 24.5365 4.0175 74
    endloop
  endfacet
  facet normal 0.996877 0.0558383 0.0558383
    outer loop
      vertex 23.5068 0 75.8786
      vertex 23.5 2 74
      vertex 23.5 0 76
    endloop
  endfacet
  facet normal 0.996912 0.055541 0.0555217
    outer loop
      vertex 23.5 2 74
      vertex 23.5068 0 75.8786
      vertex 23.5112 2 73.7989
    endloop
  endfacet
  facet normal -0.996912 0.055541 0.0555217
    outer loop
      vertex 26.4932 0 75.8786
      vertex 26.5 2 74
      vertex 26.4888 2 73.7989
    endloop
  endfacet
  facet normal -0.996877 0.0558383 0.0558383
    outer loop
      vertex 26.5 2 74
      vertex 26.4932 0 75.8786
      vertex 26.5 0 76
    endloop
  endfacet
  facet normal -0.972404 0.16497 0.16497
    outer loop
      vertex 26.4266 0 75.3445
      vertex 26.4607 2 73.5455
      vertex 26.4266 2 73.3445
    endloop
  endfacet
  facet normal -0.972388 0.165015 0.165021
    outer loop
      vertex 26.4607 2 73.5455
      vertex 26.4266 0 75.3445
      vertex 26.448 0 75.4706
    endloop
  endfacet
  facet normal -0.852697 0.369397 0.369396
    outer loop
      vertex 26.2846 0 74.9171
      vertex 26.3365 2 73.0369
      vertex 26.2551 2 72.849
    endloop
  endfacet
  facet normal -0.85269 0.369404 0.369404
    outer loop
      vertex 26.3365 2 73.0369
      vertex 26.2846 0 74.9171
      vertex 26.3365 0 75.0369
    endloop
  endfacet
  facet normal -0.382812 0.653254 0.653234
    outer loop
      vertex 25.5264 2 72.0193
      vertex 25.4635 0 73.9825
      vertex 25.578 0 74.0496
    endloop
  endfacet
  facet normal -0.382276 0.653401 0.653401
    outer loop
      vertex 25.4635 0 73.9825
      vertex 25.5264 2 72.0193
      vertex 25.4635 2 71.9825
    endloop
  endfacet
  facet normal 0.382812 0.653254 0.653234
    outer loop
      vertex 24.5365 0 73.9825
      vertex 24.4736 2 72.0193
      vertex 24.422 0 74.0496
    endloop
  endfacet
  facet normal 0.382276 0.653401 0.653401
    outer loop
      vertex 24.4736 2 72.0193
      vertex 24.5365 0 73.9825
      vertex 24.5365 2 71.9825
    endloop
  endfacet
  facet normal 0.85269 0.369404 0.369404
    outer loop
      vertex 23.7154 0 74.9171
      vertex 23.6635 2 73.0369
      vertex 23.6635 0 75.0369
    endloop
  endfacet
  facet normal 0.852697 0.369397 0.369396
    outer loop
      vertex 23.6635 2 73.0369
      vertex 23.7154 0 74.9171
      vertex 23.7449 2 72.849
    endloop
  endfacet
  facet normal -0.852726 -0.369369 -0.369358
    outer loop
      vertex 26.3365 2.96306 74
      vertex 26.2846 1.08294 76
      vertex 26.2551 3.15098 74
    endloop
  endfacet
  facet normal -0.852848 -0.369223 -0.369223
    outer loop
      vertex 26.2846 1.08294 76
      vertex 26.3365 2.96306 74
      vertex 26.3365 0.963059 76
    endloop
  endfacet
  facet normal -0.760668 -0.459008 -0.459017
    outer loop
      vertex 26.2135 3.24688 74
      vertex 26.128 1.38853 76
      vertex 26.1635 3.32974 74
    endloop
  endfacet
  facet normal -0.760579 -0.459086 -0.459086
    outer loop
      vertex 26.128 1.38853 76
      vertex 26.2135 3.24688 74
      vertex 26.2135 1.24688 76
    endloop
  endfacet
  facet normal -0.382708 -0.653271 -0.653278
    outer loop
      vertex 25.681 3.89011 74
      vertex 25.578 1.95043 76
      vertex 25.5264 3.98068 74
    endloop
  endfacet
  facet normal -0.382597 -0.653307 -0.653307
    outer loop
      vertex 25.578 1.95043 76
      vertex 25.681 3.89011 74
      vertex 25.681 1.89011 76
    endloop
  endfacet
  facet normal -0.522749 -0.602799 -0.602799
    outer loop
      vertex 25.681 3.89011 74
      vertex 25.7743 1.8092 76
      vertex 25.681 1.89011 76
    endloop
  endfacet
  facet normal -0.522456 -0.602917 -0.602935
    outer loop
      vertex 25.7743 1.8092 76
      vertex 25.681 3.89011 74
      vertex 25.8212 3.76862 74
    endloop
  endfacet
  facet normal 0.649337 -0.537748 -0.537763
    outer loop
      vertex 24.0204 1.59787 76
      vertex 23.9393 3.5 74
      vertex 24.0631 3.64949 74
    endloop
  endfacet
  facet normal 0.649115 -0.537889 -0.537889
    outer loop
      vertex 23.9393 3.5 74
      vertex 24.0204 1.59787 76
      vertex 23.9393 1.5 76
    endloop
  endfacet
  facet normal 0.0784521 -0.704927 -0.704927
    outer loop
      vertex 24.7653 4.0952 74
      vertex 25 2.12132 76
      vertex 24.7653 2.0952 76
    endloop
  endfacet
  facet normal 0.0784521 -0.704927 -0.704927
    outer loop
      vertex 25 2.12132 76
      vertex 24.7653 4.0952 74
      vertex 25 4.12132 74
    endloop
  endfacet
  facet normal 0.972409 -0.164955 -0.164954
    outer loop
      vertex 23.5734 0.655523 76
      vertex 23.5393 2.4545 74
      vertex 23.5734 2.65552 74
    endloop
  endfacet
  facet normal 0.972412 -0.164947 -0.164948
    outer loop
      vertex 23.5393 2.4545 74
      vertex 23.5734 0.655523 76
      vertex 23.552 0.529364 76
    endloop
  endfacet
  facet normal 0.972424 -0.164912 -0.164914
    outer loop
      vertex 23.552 0.529364 76
      vertex 23.5185 2.33185 74
      vertex 23.5393 2.4545 74
    endloop
  endfacet
  facet normal 0.972418 -0.164928 -0.164928
    outer loop
      vertex 23.5185 2.33185 74
      vertex 23.552 0.529364 76
      vertex 23.5185 0.331847 76
    endloop
  endfacet
  facet normal 0.522456 -0.602917 -0.602935
    outer loop
      vertex 24.319 3.89011 74
      vertex 24.2257 1.8092 76
      vertex 24.1788 3.76862 74
    endloop
  endfacet
  facet normal 0.522749 -0.602799 -0.602799
    outer loop
      vertex 24.2257 1.8092 76
      vertex 24.319 3.89011 74
      vertex 24.319 1.89011 76
    endloop
  endfacet
  facet normal 0.233494 -0.687561 -0.687561
    outer loop
      vertex 24.5365 4.0175 74
      vertex 24.7653 2.0952 76
      vertex 24.5365 2.0175 76
    endloop
  endfacet
  facet normal 0.233494 -0.687561 -0.687561
    outer loop
      vertex 24.7653 2.0952 76
      vertex 24.5365 4.0175 74
      vertex 24.7653 4.0952 74
    endloop
  endfacet
  facet normal -0.852388 0.369753 0.369753
    outer loop
      vertex 26.2135 0 74.7531
      vertex 26.2551 2 72.849
      vertex 26.2135 2 72.7531
    endloop
  endfacet
  facet normal -0.852518 0.369608 0.369598
    outer loop
      vertex 26.2551 2 72.849
      vertex 26.2135 0 74.7531
      vertex 26.2846 0 74.9171
    endloop
  endfacet
  facet normal -0.972445 0.16485 0.164848
    outer loop
      vertex 26.448 0 75.4706
      vertex 26.4815 2 73.6682
      vertex 26.4607 2 73.5455
    endloop
  endfacet
  facet normal -0.972441 0.164862 0.164862
    outer loop
      vertex 26.4815 2 73.6682
      vertex 26.448 0 75.4706
      vertex 26.4815 0 75.6682
    endloop
  endfacet
  facet normal -0.996895 0.0556797 0.0556797
    outer loop
      vertex 26.4815 0 75.6682
      vertex 26.4888 2 73.7989
      vertex 26.4815 2 73.6682
    endloop
  endfacet
  facet normal -0.996921 0.0554531 0.0554372
    outer loop
      vertex 26.4888 2 73.7989
      vertex 26.4815 0 75.6682
      vertex 26.4932 0 75.8786
    endloop
  endfacet
  facet normal -0.522273 0.603006 0.603006
    outer loop
      vertex 25.8212 2 72.2314
      vertex 25.8817 0 74.2838
      vertex 25.8817 2 72.2838
    endloop
  endfacet
  facet normal -0.522186 0.603045 0.603041
    outer loop
      vertex 25.8817 0 74.2838
      vertex 25.8212 2 72.2314
      vertex 25.7743 0 74.1908
    endloop
  endfacet
  facet normal -0.649598 0.537598 0.537598
    outer loop
      vertex 25.8817 0 74.2838
      vertex 25.9369 2 72.3505
      vertex 25.8817 2 72.2838
    endloop
  endfacet
  facet normal -0.649611 0.53759 0.53759
    outer loop
      vertex 25.9369 2 72.3505
      vertex 25.8817 0 74.2838
      vertex 25.9796 0 74.4021
    endloop
  endfacet
  facet normal -0.0783924 0.704931 0.704931
    outer loop
      vertex 25.2347 2 71.9048
      vertex 25 0 73.8787
      vertex 25.2347 0 73.9048
    endloop
  endfacet
  facet normal -0.0783924 0.704931 0.704931
    outer loop
      vertex 25 0 73.8787
      vertex 25.2347 2 71.9048
      vertex 25 2 71.8787
    endloop
  endfacet
  facet normal 0.522273 0.603006 0.603006
    outer loop
      vertex 24.1183 0 74.2838
      vertex 24.1788 2 72.2314
      vertex 24.1183 2 72.2838
    endloop
  endfacet
  facet normal 0.522186 0.603045 0.603041
    outer loop
      vertex 24.1788 2 72.2314
      vertex 24.1183 0 74.2838
      vertex 24.2257 0 74.1908
    endloop
  endfacet
  facet normal 0.233494 0.687561 0.687561
    outer loop
      vertex 24.7653 0 73.9048
      vertex 24.5365 2 71.9825
      vertex 24.5365 0 73.9825
    endloop
  endfacet
  facet normal 0.233494 0.687561 0.687561
    outer loop
      vertex 24.5365 2 71.9825
      vertex 24.7653 0 73.9048
      vertex 24.7653 2 71.9048
    endloop
  endfacet
  facet normal 0.760585 0.459083 0.459079
    outer loop
      vertex 23.9393 0 74.5
      vertex 23.8365 2 72.6703
      vertex 23.872 0 74.6115
    endloop
  endfacet
  facet normal 0.760558 0.459104 0.459104
    outer loop
      vertex 23.8365 2 72.6703
      vertex 23.9393 0 74.5
      vertex 23.9393 2 72.5
    endloop
  endfacet
  facet normal 0.923641 0.271004 0.271004
    outer loop
      vertex 23.6099 0 75.2201
      vertex 23.5734 2 73.3445
      vertex 23.5734 0 75.3445
    endloop
  endfacet
  facet normal 0.923829 0.270697 0.270673
    outer loop
      vertex 23.5734 2 73.3445
      vertex 23.6099 0 75.2201
      vertex 23.6315 2 73.1462
    endloop
  endfacet
  facet normal 0.972388 0.165015 0.165021
    outer loop
      vertex 23.5734 0 75.3445
      vertex 23.5393 2 73.5455
      vertex 23.552 0 75.4706
    endloop
  endfacet
  facet normal 0.972404 0.16497 0.16497
    outer loop
      vertex 23.5393 2 73.5455
      vertex 23.5734 0 75.3445
      vertex 23.5734 2 73.3445
    endloop
  endfacet
  facet normal 0.852518 0.369608 0.369598
    outer loop
      vertex 23.7865 0 74.7531
      vertex 23.7449 2 72.849
      vertex 23.7154 0 74.9171
    endloop
  endfacet
  facet normal 0.852388 0.369753 0.369753
    outer loop
      vertex 23.7449 2 72.849
      vertex 23.7865 0 74.7531
      vertex 23.7865 2 72.7531
    endloop
  endfacet
  facet normal 0.760466 0.45918 0.45918
    outer loop
      vertex 23.872 0 74.6115
      vertex 23.7865 2 72.7531
      vertex 23.7865 0 74.7531
    endloop
  endfacet
  facet normal 0.76044 0.4592 0.459203
    outer loop
      vertex 23.7865 2 72.7531
      vertex 23.872 0 74.6115
      vertex 23.8365 2 72.6703
    endloop
  endfacet
  facet normal -0.923935 -0.270503 -0.270503
    outer loop
      vertex 26.3685 2.85376 74
      vertex 26.3365 0.963059 76
      vertex 26.3365 2.96306 74
    endloop
  endfacet
  facet normal -0.92397 -0.270441 -0.270445
    outer loop
      vertex 26.3365 0.963059 76
      vertex 26.3685 2.85376 74
      vertex 26.3901 0.779933 76
    endloop
  endfacet
  facet normal -0.760482 -0.459166 -0.459166
    outer loop
      vertex 26.1635 3.32974 74
      vertex 26.0607 1.5 76
      vertex 26.0607 3.5 74
    endloop
  endfacet
  facet normal -0.760499 -0.459151 -0.459153
    outer loop
      vertex 26.0607 1.5 76
      vertex 26.1635 3.32974 74
      vertex 26.128 1.38853 76
    endloop
  endfacet
  facet normal -0.649541 -0.537632 -0.537632
    outer loop
      vertex 25.9369 3.64949 74
      vertex 25.8817 1.71618 76
      vertex 25.8817 3.71618 74
    endloop
  endfacet
  facet normal -0.649641 -0.537569 -0.537574
    outer loop
      vertex 25.8817 1.71618 76
      vertex 25.9369 3.64949 74
      vertex 25.9796 1.59787 76
    endloop
  endfacet
  facet normal -0.0784521 -0.704927 -0.704927
    outer loop
      vertex 25 4.12132 74
      vertex 25.2347 2.0952 76
      vertex 25 2.12132 76
    endloop
  endfacet
  facet normal -0.0784521 -0.704927 -0.704927
    outer loop
      vertex 25.2347 2.0952 76
      vertex 25 4.12132 74
      vertex 25.2347 4.0952 74
    endloop
  endfacet
  facet normal 0.996921 0.0554531 0.0554372
    outer loop
      vertex 23.5185 0 75.6682
      vertex 23.5112 2 73.7989
      vertex 23.5068 0 75.8786
    endloop
  endfacet
  facet normal 0.996895 0.0556797 0.0556797
    outer loop
      vertex 23.5112 2 73.7989
      vertex 23.5185 0 75.6682
      vertex 23.5185 2 73.6682
    endloop
  endfacet
  facet normal 0.996913 -0.0555107 -0.0555316
    outer loop
      vertex 23.5068 0.121367 76
      vertex 23.5 2 74
      vertex 23.5112 2.20114 74
    endloop
  endfacet
  facet normal 0.996876 -0.0558534 -0.0558534
    outer loop
      vertex 23.5 2 74
      vertex 23.5068 0.121367 76
      vertex 23.5 0 76
    endloop
  endfacet
  facet normal 0.996895 -0.0556754 -0.0556755
    outer loop
      vertex 23.5185 0.331847 76
      vertex 23.5112 2.20114 74
      vertex 23.5185 2.33185 74
    endloop
  endfacet
  facet normal 0.996923 -0.0554162 -0.0554333
    outer loop
      vertex 23.5112 2.20114 74
      vertex 23.5185 0.331847 76
      vertex 23.5068 0.121367 76
    endloop
  endfacet
  facet normal 0.852726 -0.369369 -0.369358
    outer loop
      vertex 23.7154 1.08294 76
      vertex 23.6635 2.96306 74
      vertex 23.7449 3.15098 74
    endloop
  endfacet
  facet normal 0.852848 -0.369223 -0.369223
    outer loop
      vertex 23.6635 2.96306 74
      vertex 23.7154 1.08294 76
      vertex 23.6635 0.963059 76
    endloop
  endfacet
  facet normal 0.923935 -0.270503 -0.270503
    outer loop
      vertex 23.6635 0.963059 76
      vertex 23.6315 2.85376 74
      vertex 23.6635 2.96306 74
    endloop
  endfacet
  facet normal 0.92397 -0.270441 -0.270445
    outer loop
      vertex 23.6315 2.85376 74
      vertex 23.6635 0.963059 76
      vertex 23.6099 0.779933 76
    endloop
  endfacet
  facet normal 0.382597 -0.653307 -0.653307
    outer loop
      vertex 24.319 3.89011 74
      vertex 24.422 1.95043 76
      vertex 24.319 1.89011 76
    endloop
  endfacet
  facet normal 0.382708 -0.653271 -0.653278
    outer loop
      vertex 24.422 1.95043 76
      vertex 24.319 3.89011 74
      vertex 24.4736 3.98068 74
    endloop
  endfacet
  facet normal -0.923829 0.270697 0.270673
    outer loop
      vertex 26.3901 0 75.2201
      vertex 26.4266 2 73.3445
      vertex 26.3685 2 73.1462
    endloop
  endfacet
  facet normal -0.923641 0.271004 0.271004
    outer loop
      vertex 26.4266 2 73.3445
      vertex 26.3901 0 75.2201
      vertex 26.4266 0 75.3445
    endloop
  endfacet
  facet normal -0.923935 0.270503 0.270503
    outer loop
      vertex 26.3365 0 75.0369
      vertex 26.3685 2 73.1462
      vertex 26.3365 2 73.0369
    endloop
  endfacet
  facet normal -0.924023 0.270357 0.270347
    outer loop
      vertex 26.3685 2 73.1462
      vertex 26.3365 0 75.0369
      vertex 26.3901 0 75.2201
    endloop
  endfacet
  facet normal -0.382488 0.653339 0.653339
    outer loop
      vertex 25.681 2 72.1099
      vertex 25.578 0 74.0496
      vertex 25.681 0 74.1099
    endloop
  endfacet
  facet normal -0.382813 0.653253 0.653233
    outer loop
      vertex 25.578 0 74.0496
      vertex 25.681 2 72.1099
      vertex 25.5264 2 72.0193
    endloop
  endfacet
  facet normal 0.0783924 0.704931 0.704931
    outer loop
      vertex 25 0 73.8787
      vertex 24.7653 2 71.9048
      vertex 24.7653 0 73.9048
    endloop
  endfacet
  facet normal 0.0783924 0.704931 0.704931
    outer loop
      vertex 24.7653 2 71.9048
      vertex 25 0 73.8787
      vertex 25 2 71.8787
    endloop
  endfacet
  facet normal 0.382488 0.653339 0.653339
    outer loop
      vertex 24.422 0 74.0496
      vertex 24.319 2 72.1099
      vertex 24.319 0 74.1099
    endloop
  endfacet
  facet normal 0.382813 0.653253 0.653233
    outer loop
      vertex 24.319 2 72.1099
      vertex 24.422 0 74.0496
      vertex 24.4736 2 72.0193
    endloop
  endfacet
  facet normal 0.522702 0.602819 0.602819
    outer loop
      vertex 24.319 2 72.1099
      vertex 24.2257 0 74.1908
      vertex 24.319 0 74.1099
    endloop
  endfacet
  facet normal 0.522489 0.602918 0.602905
    outer loop
      vertex 24.2257 0 74.1908
      vertex 24.319 2 72.1099
      vertex 24.1788 2 72.2314
    endloop
  endfacet
  facet normal 0.649611 0.53759 0.53759
    outer loop
      vertex 24.1183 0 74.2838
      vertex 24.0631 2 72.3505
      vertex 24.0204 0 74.4021
    endloop
  endfacet
  facet normal 0.649598 0.537598 0.537598
    outer loop
      vertex 24.0631 2 72.3505
      vertex 24.1183 0 74.2838
      vertex 24.1183 2 72.2838
    endloop
  endfacet
  facet normal -0.972424 -0.164912 -0.164914
    outer loop
      vertex 26.4815 2.33185 74
      vertex 26.448 0.529364 76
      vertex 26.4607 2.4545 74
    endloop
  endfacet
  facet normal -0.972418 -0.164928 -0.164928
    outer loop
      vertex 26.448 0.529364 76
      vertex 26.4815 2.33185 74
      vertex 26.4815 0.331847 76
    endloop
  endfacet
  facet normal -0.852388 -0.369753 -0.369753
    outer loop
      vertex 26.2551 3.15098 74
      vertex 26.2135 1.24688 76
      vertex 26.2135 3.24688 74
    endloop
  endfacet
  facet normal -0.852435 -0.369697 -0.369701
    outer loop
      vertex 26.2135 1.24688 76
      vertex 26.2551 3.15098 74
      vertex 26.2846 1.08294 76
    endloop
  endfacet
  facet normal 0.649541 -0.537632 -0.537632
    outer loop
      vertex 24.1183 1.71618 76
      vertex 24.0631 3.64949 74
      vertex 24.1183 3.71618 74
    endloop
  endfacet
  facet normal 0.649641 -0.537569 -0.537574
    outer loop
      vertex 24.0631 3.64949 74
      vertex 24.1183 1.71618 76
      vertex 24.0204 1.59787 76
    endloop
  endfacet
  facet normal 0.923789 -0.270743 -0.270761
    outer loop
      vertex 23.6099 0.779933 76
      vertex 23.5734 2.65552 74
      vertex 23.6315 2.85376 74
    endloop
  endfacet
  facet normal 0.923652 -0.270986 -0.270985
    outer loop
      vertex 23.5734 2.65552 74
      vertex 23.6099 0.779933 76
      vertex 23.5734 0.655523 76
    endloop
  endfacet
  facet normal 0.852388 -0.369753 -0.369753
    outer loop
      vertex 23.7865 1.24688 76
      vertex 23.7449 3.15098 74
      vertex 23.7865 3.24688 74
    endloop
  endfacet
  facet normal 0.852435 -0.369697 -0.369701
    outer loop
      vertex 23.7449 3.15098 74
      vertex 23.7865 1.24688 76
      vertex 23.7154 1.08294 76
    endloop
  endfacet
  facet normal -0.76044 0.4592 0.459203
    outer loop
      vertex 26.128 0 74.6115
      vertex 26.2135 2 72.7531
      vertex 26.1635 2 72.6703
    endloop
  endfacet
  facet normal -0.760466 0.45918 0.45918
    outer loop
      vertex 26.2135 2 72.7531
      vertex 26.128 0 74.6115
      vertex 26.2135 0 74.7531
    endloop
  endfacet
  facet normal -0.649364 0.537744 0.537734
    outer loop
      vertex 25.9796 0 74.4021
      vertex 26.0607 2 72.5
      vertex 25.9369 2 72.3505
    endloop
  endfacet
  facet normal -0.64923 0.53782 0.53782
    outer loop
      vertex 26.0607 2 72.5
      vertex 25.9796 0 74.4021
      vertex 26.0607 0 74.5
    endloop
  endfacet
  facet normal -0.522489 0.602918 0.602905
    outer loop
      vertex 25.681 2 72.1099
      vertex 25.7743 0 74.1908
      vertex 25.8212 2 72.2314
    endloop
  endfacet
  facet normal -0.522702 0.602819 0.602819
    outer loop
      vertex 25.7743 0 74.1908
      vertex 25.681 2 72.1099
      vertex 25.681 0 74.1099
    endloop
  endfacet
  facet normal 0.522562 -0.60288 -0.60288
    outer loop
      vertex 24.1788 3.76862 74
      vertex 24.1183 1.71618 76
      vertex 24.1183 3.71618 74
    endloop
  endfacet
  facet normal 0.522265 -0.603003 -0.603015
    outer loop
      vertex 24.1183 1.71618 76
      vertex 24.1788 3.76862 74
      vertex 24.2257 1.8092 76
    endloop
  endfacet
  facet normal 0.760668 -0.459008 -0.459017
    outer loop
      vertex 23.872 1.38853 76
      vertex 23.7865 3.24688 74
      vertex 23.8365 3.32974 74
    endloop
  endfacet
  facet normal 0.760579 -0.459086 -0.459086
    outer loop
      vertex 23.7865 3.24688 74
      vertex 23.872 1.38853 76
      vertex 23.7865 1.24688 76
    endloop
  endfacet
endsolid OpenSCAD_Model
