#ifndef STANDBY_BACKGROUND_H
#define STANDBY_BACKGROUND_H

#include <pgmspace.h>
#include <Arduino.h>

// Standby Background Image (240x240 RGB565)
static constexpr uint16_t BG_WIDTH = 240;
static constexpr uint16_t BG_HEIGHT = 240;

const uint16_t StandbyBackground[57600] PROGMEM = {
  0xFE57, 0xFE37, 0xFE78, 0xFE98, 0xFE78, 0xFE16, 0xF574, 0xFE37, 0xFE37, 0xFE16, 0xFDF6, 0xFE37, 
  0xFE17, 0xFE17, 0xFE16, 0xFE17, 0xFE17, 0xFDB5, 0xF533, 0xFE36, 0xFE37, 0xFE16, 0xFD94, 0xFD12, 
  0xFDF6, 0xFE37, 0xFE16, 0xFE77, 0xFE57, 0xFE78, 0xFE57, 0xFE37, 0xFE58, 0xFE37, 0xFE57, 0xFE57, 
  0xFE57, 0xFE57, 0xFE57, 0xFE57, 0xFE77, 0xFE77, 0xFE77, 0xFE78, 0xFE78, 0xFE78, 0xFE78, 0xFE77, 
  0xFE57, 0xFE78, 0xFE78, 0xFE78, 0xFE78, 0xFE98, 0xFE78, 0xFDB5, 0xFD74, 0xFE57, 0xFE98, 0xFE78, 
  0xFE78, 0xFE78, 0xFE98, 0xFE98, 0xFE98, 0xFE98, 0xFE98, 0xFE98, 0xFE78, 0xFE78, 0xFE78, 0xFE78, 
  0xFE78, 0xFE57, 0xFE58, 0xF678, 0xF698, 0xF6B9, 0xF699, 0xF678, 0xF698, 0xF678, 0xF698, 0xF637, 
  0xF657, 0xEE78, 0xF678, 0xEE78, 0xEE99, 0xE699, 0xEE99, 0xEE99, 0xEE99, 0xEE58, 0xE658, 0xE6B9, 
  0xE679, 0xE658, 0xE637, 0xE657, 0xE637, 0xE617, 0xDE57, 0xDE78, 0xDE78, 0xDE78, 0xDE79, 0xDE99, 
  0xDE98, 0xDE78, 0xD678, 0xD6B9, 0xD6B9, 0xD699, 0xD698, 0xD657, 0xCE99, 0xCED9, 0xCE98, 0xCE98, 
  0xCE78, 0xCE78, 0xCE78, 0xCE78, 0xCE78, 0xC699, 0xC699, 0xC699, 0xC6B9, 0xC6B9, 0xC699, 0xBE99, 
  0xBE99, 0xBE99, 0xBE99, 0xBE78, 0xBE78, 0xBE98, 0xB699, 0xBE99, 0xB658, 0xB658, 0xB658, 0xB658, 
  0xB699, 0xB699, 0xAE98, 0xAE98, 0xB679, 0xAE79, 0xAE58, 0xAE17, 0xAE37, 0xAE99, 0xB6BA, 0xB6BA, 
  0xAE99, 0xB6B9, 0xAE99, 0xB6B9, 0xB6BA, 0xB6BA, 0xB6B9, 0xB6BA, 0xC6DA, 0xB6BA, 0xB699, 0xBEDA, 
  0xB6B9, 0xB6BA, 0xBEDA, 0xC6FB, 0xBEBA, 0xB6B9, 0xB699, 0xB6B9, 0xB6B9, 0xAE99, 0xAE99, 0xA699, 
  0xAE99, 0xAE99, 0x9E38, 0xA679, 0xA678, 0x9658, 0x9E58, 0x9637, 0x9E58, 0xAE99, 0xA679, 0xAE99, 
  0xAE99, 0xA699, 0xB6BA, 0xAE99, 0xA699, 0xAE79, 0xA678, 0xAE99, 0xAE99, 0xB69A, 0xAE99, 0xA699, 
  0x9E78, 0xA678, 0x9E58, 0x9E78, 0xA678, 0xAE99, 0xA679, 0x9E58, 0xAE99, 0xAE79, 0xAE99, 0xAE99, 
  0xAE99, 0xAE99, 0xAE99, 0xAE99, 0xA699, 0xAE79, 0xAE99, 0xAE99, 0xAE99, 0xB6BA, 0x9E78, 0x9658, 
  0x8E37, 0x9E78, 0x9E79, 0x9E78, 0x9E78, 0x8E37, 0x85F7, 0x8E37, 0x8E17, 0x8E17, 0x9638, 0x9E79, 
  0xFE98, 0xFE98, 0xFE78, 0xFE78, 0xFE77, 0xFE57, 0xFE16, 0xFE37, 0xFDF6, 0xFE16, 0xFE16, 0xFE17, 
  0xFE37, 0xFE17, 0xFE17, 0xFDD5, 0xFDB5, 0xFDF5, 0xFDF5, 0xFE16, 0xFD94, 0xF574, 0xFDF5, 0xECF1, 
  0xFDF6, 0xF5F6, 0xFE16, 0xFDF6, 0xFE57, 0xFE78, 0xFE57, 0xFE16, 0xFE57, 0xFE37, 0xFE37, 0xFE37, 
  0xFE57, 0xFE57, 0xFE37, 0xFE37, 0xFE57, 0xFE78, 0xFE77, 0xFE77, 0xFE78, 0xFE98, 0xFE78, 0xFE78, 
  0xFE78, 0xFE98, 0xFE58, 0xFE58, 0xFE58, 0xFE78, 0xFE37, 0xFDD5, 0xFE57, 0xFE78, 0xFE78, 0xFE78, 
  0xFE78, 0xFE78, 0xFE98, 0xFE98, 0xFE98, 0xFE98, 0xFE98, 0xFE78, 0xFE78, 0xFE78, 0xFE78, 0xFE78, 
  0xFE78, 0xFE78, 0xFE78, 0xFE78, 0xF698, 0xF699, 0xF699, 0xF699, 0xF699, 0xF698, 0xF698, 0xF678, 
  0xF658, 0xEE78, 0xF678, 0xF678, 0xEE78, 0xEE99, 0xEE99, 0xEE99, 0xEEB9, 0xEE98, 0xE657, 0xE637, 
  0xE658, 0xE617, 0xE616, 0xE637, 0xE657, 0xE637, 0xE657, 0xDE78, 0xDE78, 0xDE78, 0xDE99, 0xDE99, 
  0xDE98, 0xD678, 0xD678, 0xD699, 0xD699, 0xD679, 0xD678, 0xD658, 0xD699, 0xCEB9, 0xCE99, 0xCE99, 
  0xCE99, 0xCE79, 0xCE78, 0xCE78, 0xCE78, 0xC699, 0xC6B9, 0xC699, 0xCEFA, 0xD73B, 0xC6B9, 0xBE99, 
  0xBE99, 0xBE99, 0xBE78, 0xBE58, 0xBE58, 0xBE78, 0xB699, 0xB699, 0xB658, 0xB638, 0xB658, 0xB678, 
  0xAE99, 0xAE79, 0xAE79, 0xAE79, 0xAE78, 0xAE78, 0xAE78, 0xAE57, 0xAE58, 0xAE99, 0xB699, 0xAE79, 
  0xB699, 0xB6B9, 0xB6BA, 0xB6BA, 0xB6BA, 0xB6BA, 0xB6BA, 0xBEBA, 0xC6FB, 0xC6FA, 0xBEBA, 0xBEDA, 
  0xB6DA, 0xBEDA, 0xBEFA, 0xC6FB, 0xB6BA, 0xB6BA, 0xB6B9, 0xB6B9, 0xB6B9, 0xB699, 0xAE99, 0xAE99, 
  0xA699, 0xA679, 0xA699, 0xA699, 0xAE99, 0xA699, 0x9637, 0x8616, 0x9638, 0xA679, 0xA679, 0xAE99, 
  0xAE99, 0xA678, 0xB6BA, 0xAE99, 0xA699, 0xA678, 0x9E58, 0xA679, 0xB6BA, 0xB6BA, 0xAE79, 0x9E58, 
  0x9658, 0xA679, 0xAE99, 0xA678, 0xA679, 0xAE99, 0xAE99, 0xA699, 0xA699, 0xAE99, 0xAE99, 0xAE99, 
  0xAE99, 0xAE99, 0xAE99, 0xAE79, 0xAE79, 0xB699, 0xB69A, 0xAE99, 0xAE99, 0xBEBA, 0xAE99, 0x9E78, 
  0x9E78, 0x9E58, 0x9658, 0x9658, 0x9E78, 0x9658, 0x85F7, 0x9658, 0x8E37, 0x9638, 0xA679, 0xA699, 
  0xFE98, 0xFE57, 0xFE37, 0xFE77, 0xFE16, 0xFE16, 0xF594, 0xFE16, 0xFE36, 0xFE16, 0xFDD6, 0xFE16, 
  0xFE17, 0xFE37, 0xFDD6, 0xF594, 0xFDF5, 0xFE16, 0xFDD5, 0xF573, 0xFD93, 0xF573, 0xFDD5, 0xF573, 
  0xFD94, 0xFDD5, 0xFE37, 0xFE17, 0xFE57, 0xFE57, 0xFE58, 0xFE37, 0xFE57, 0xFE57, 0xFE37, 0xFE37, 
  0xFE37, 0xFE37, 0xFE57, 0xFE57, 0xFE57, 0xFE77, 0xFE77, 0xFE78, 0xFE78, 0xFE78, 0xFE78, 0xFE98, 
  0xFE98, 0xFE78, 0xFE57, 0xFE58, 0xFE77, 0xFE57, 0xFE77, 0xFE57, 0xFE16, 0xFE77, 0xFE78, 0xFE98, 
  0xFE98, 0xFE98, 0xFE98, 0xFE98, 0xFE98, 0xFE98, 0xFE78, 0xFE78, 0xFE78, 0xFE78, 0xFE78, 0xFE78, 
  0xFE78, 0xFE78, 0xFE78, 0xFE78, 0xFE78, 0xF699, 0xF699, 0xF6B9, 0xF6B9, 0xF699, 0xF699, 0xF678, 
  0xEE78, 0xEE78, 0xF678, 0xEE78, 0xEE78, 0xE699, 0xEE99, 0xEE99, 0xEE99, 0xE699, 0xEE98, 0xEE17, 
  0xEE37, 0xE637, 0xE5F6, 0xEE37, 0xE637, 0xE637, 0xDE37, 0xDE78, 0xDE98, 0xDE99, 0xDE99, 0xDE99, 
  0xD678, 0xD678, 0xD678, 0xD678, 0xD699, 0xD699, 0xD698, 0xCE98, 0xCEB9, 0xCE99, 0xCE99, 0xCE99, 
  0xCE78, 0xCE79, 0xCE79, 0xC678, 0xC699, 0xC699, 0xC6B9, 0xC6B9, 0xC6DA, 0xCEDA, 0xBE99, 0xBE99, 
  0xBE99, 0xBE99, 0xBE78, 0xBE78, 0xBE58, 0xBE78, 0xB698, 0xB699, 0xB658, 0xB658, 0xB678, 0xB678, 
  0xAE99, 0xAE58, 0xAE58, 0xAE79, 0xAE78, 0xAE78, 0xAE78, 0xAE58, 0xAE78, 0xAE79, 0xAE58, 0xB679, 
  0xBEBA, 0xAE99, 0xBEDA, 0xB6BA, 0xB699, 0xBEDA, 0xBEDA, 0xC6FB, 0xC6FB, 0xCEFB, 0xCEFB, 0xBEDA, 
  0xBEDA, 0xB699, 0xB699, 0xBEDA, 0xB6BA, 0xBEBA, 0xB6B9, 0xB6B9, 0xB699, 0xB6B9, 0xAE99, 0xA699, 
  0x9E58, 0x9E38, 0xAE99, 0xAE99, 0xAE99, 0xA658, 0x9617, 0x9637, 0xA658, 0xAE99, 0xAE79, 0xAE99, 
  0xB6BA, 0xA658, 0xAE99, 0xAE99, 0x9E58, 0x9E58, 0x9E78, 0x9E58, 0xA699, 0xB699, 0xAE79, 0xA679, 
  0xA678, 0xA699, 0xA699, 0xA679, 0xA678, 0xA699, 0xAE99, 0xAE99, 0xAE99, 0xAE99, 0xAE99, 0xAE99, 
  0xAE99, 0xAE99, 0xAE99, 0xAE99, 0xAE99, 0xAE99, 0xB6BA, 0xA699, 0x9E78, 0xB6BA, 0xB6BA, 0x9E78, 
  0x9E58, 0x8E37, 0x8E37, 0x9658, 0x9E58, 0x9658, 0x8E37, 0x9658, 0x9658, 0x9E79, 0x85F7, 0x8E37, 
  0xFE16, 0xFDF6, 0xFE16, 0xFE37, 0xFDF6, 0xFE16, 0xFDD5, 0xFE36, 0xFE16, 0xFDF6, 0xFE16, 0xFE37, 
  0xFE37, 0xFE37, 0xFE37, 0xFDF5, 0xFDB5, 0xFD94, 0xF574, 0xFDB5, 0xFDD5, 0xFDB5, 0xFE16, 0xFDF6, 
  0xFD53, 0xFCF2, 0xFD33, 0xFDD5, 0xFE57, 0xFE98, 0xFE57, 0xFE57, 0xFE77, 0xFE57, 0xFE57, 0xFE57, 
  0xFE37, 0xFE37, 0xFE57, 0xFE77, 0xFE98, 0xFE78, 0xFE78, 0xFE78, 0xFE78, 0xFE78, 0xFE78, 0xFE98, 
  0xFE78, 0xFE58, 0xFE58, 0xFE78, 0xFE78, 0xFE78, 0xFE98, 0xFE78, 0xFE57, 0xFE78, 0xFE98, 0xFE99, 
  0xFE99, 0xFE98, 0xFE98, 0xFE98, 0xFE98, 0xFE98, 0xFE98, 0xFE98, 0xFE99, 0xFE99, 0xFE78, 0xFE78, 
  0xFE78, 0xFE78, 0xFE78, 0xF678, 0xF698, 0xF698, 0xF698, 0xF699, 0xF699, 0xF6B9, 0xF6B9, 0xF699, 
  0xEE98, 0xF678, 0xEE17, 0xEE58, 0xEE99, 0xE699, 0xEE99, 0xEE99, 0xEE99, 0xEE98, 0xEE37, 0xE637, 
  0xE657, 0xE617, 0xEDF6, 0xEE16, 0xE617, 0xE637, 0xDE58, 0xDE99, 0xDE99, 0xDE98, 0xDE98, 0xDE78, 
  0xD678, 0xD678, 0xD678, 0xD678, 0xD698, 0xD678, 0xD698, 0xCEB9, 0xCEDA, 0xCE99, 0xCE99, 0xCE99, 
  0xCE79, 0xCE78, 0xCE78, 0xCE99, 0xC699, 0xC699, 0xC6B9, 0xC6B9, 0xC6B9, 0xC6B9, 0xC6B9, 0xBE99, 
  0xBE99, 0xBE99, 0xBE99, 0xBE58, 0xBE57, 0xBE78, 0xBE98, 0xB699, 0xB678, 0xB658, 0xB678, 0xB678, 
  0xAE79, 0xAE58, 0xAE58, 0xAE78, 0xB6B9, 0xAE79, 0xAE78, 0xAE78, 0xAE58, 0xAE58, 0xAE58, 0xB699, 
  0xB6BA, 0xAE99, 0xB6B9, 0xB699, 0xB699, 0xB6BA, 0xB6BA, 0xBEBA, 0xC6FB, 0xC6FB, 0xCEFB, 0xBEDA, 
  0xAEB9, 0xB699, 0xB6BA, 0xB6BA, 0xB699, 0xBEDA, 0xB6BA, 0xB6B9, 0xB69A, 0xAE99, 0xA678, 0x9E58, 
  0x8DF6, 0x9617, 0xA699, 0xA699, 0xA678, 0xA678, 0x9E58, 0xA679, 0xB6BA, 0xB6B9, 0xA679, 0xA679, 
  0xA699, 0x9E58, 0xAE79, 0xB699, 0xA679, 0x9E58, 0xA678, 0xA679, 0x9E58, 0xAE99, 0xAE79, 0xB6BA, 
  0xAE99, 0xAE99, 0xAE99, 0xA699, 0xA678, 0x9E78, 0xA699, 0xAE99, 0xAE99, 0xAE99, 0xAE99, 0xA699, 
  0xAE99, 0xAE99, 0xAE99, 0xAE99, 0xAE99, 0xAE99, 0xAE99, 0xAE99, 0xA699, 0xA699, 0xB6BA, 0xA679, 
  0x9E58, 0x9658, 0x9657, 0x9638, 0x9E78, 0x9E78, 0x9E78, 0x9E58, 0x9E58, 0x9E78, 0x7DF6, 0x7DF7, 
  0xFE37, 0xFE16, 0xFE57, 0xFE37, 0xF5D5, 0xFDF6, 0xFE37, 0xFDD5, 0xFDF6, 0xFE16, 0xFE16, 0xFE16, 
  0xFE16, 0xFDB5, 0xF594, 0xFDB4, 0xF4D1, 0xFD32, 0xFDD5, 0xFE78, 0xFE57, 0xFDD5, 0xFDD5, 0xFE16, 
  0xFE16, 0xFDB5, 0xFCB0, 0xFCF1, 0xFD53, 0xFE16, 0xFE37, 0xFE37, 0xFE57, 0xFE57, 0xFE57, 0xFE37, 
  0xFE37, 0xFE37, 0xFE37, 0xFE57, 0xFE78, 0xFE78, 0xFE78, 0xFE78, 0xFE77, 0xFE78, 0xFE78, 0xFE78, 
  0xFE78, 0xFE78, 0xFE78, 0xFE78, 0xFE78, 0xFE78, 0xFE78, 0xFE78, 0xFE98, 0xFE98, 0xFE78, 0xFE78, 
  0xFE98, 0xFE99, 0xFE99, 0xFE98, 0xFE98, 0xFE98, 0xFE98, 0xFE99, 0xFEB9, 0xFE79, 0xFE78, 0xFE78, 
  0xFE78, 0xFE78, 0xFE78, 0xF678, 0xF698, 0xF698, 0xF698, 0xF699, 0xF699, 0xF698, 0xF6B9, 0xF699, 
  0xEE78, 0xF678, 0xEE57, 0xEE99, 0xE699, 0xEE99, 0xEE98, 0xEE99, 0xEE98, 0xE637, 0xEE17, 0xEE38, 
  0xE658, 0xEE16, 0xEDB5, 0xE5F6, 0xE658, 0xE617, 0xE617, 0xDE58, 0xDE99, 0xDE98, 0xDE78, 0xDE78, 
  0xDE78, 0xDE78, 0xD678, 0xD678, 0xD678, 0xD698, 0xD678, 0xD699, 0xCEDA, 0xCEB9, 0xCEB9, 0xCE99, 
  0xCE99, 0xCE78, 0xCE78, 0xCE99, 0xC6B9, 0xC6B9, 0xC6B9, 0xC6B9, 0xC6B9, 0xC6BA, 0xC6B9, 0xBE99, 
  0xBE79, 0xBE79, 0xBE99, 0xBE58, 0xBE57, 0xBE58, 0xBE78, 0xB698, 0xB678, 0xB658, 0xB678, 0xB678, 
  0xAE58, 0xAE58, 0xAE58, 0xAE58, 0xB699, 0xAE79, 0xAE78, 0xAE58, 0xAE58, 0xAE58, 0xAE58, 0xB699, 
  0xB6BA, 0xB6B9, 0xAE79, 0xAE79, 0xAEB9, 0xAE99, 0xAE99, 0xB6BA, 0xC6FB, 0xC6FA, 0xBEDA, 0xB6B9, 
  0xA678, 0xBEDA, 0xBEDA, 0xBEBA, 0xB6BA, 0xBEDA, 0xB6B9, 0xB6BA, 0xAEB9, 0xA679, 0xA678, 0x9617, 
  0x8DF6, 0x8E17, 0xA678, 0xAE99, 0xA679, 0xAE99, 0xA679, 0xAE99, 0xAE9A, 0x9E58, 0xA678, 0xA678, 
  0x9E78, 0x9E78, 0xA679, 0xB6BA, 0xB699, 0xA678, 0xA679, 0xA678, 0x9E58, 0xA699, 0xAE99, 0xB6BA, 
  0xAE99, 0xAE99, 0xAE99, 0xA679, 0xA679, 0x9657, 0x9E78, 0xA679, 0xA678, 0xA699, 0xA678, 0x9E78, 
  0xAE99, 0xAE99, 0xAE99, 0xAE99, 0xAE99, 0xAE79, 0xA678, 0xA679, 0xAE99, 0xAE99, 0xA699, 0x9E79, 
  0x9658, 0x9658, 0x9658, 0x9E58, 0xA699, 0x9E79, 0x9E78, 0x9E78, 0x9E78, 0x9E78, 0x9E79, 0x8E37, 
  0xFDF5, 0xFD74, 0xFDB5, 0xFE57, 0xFE16, 0xFD94, 0xFDF5, 0xFDF6, 0xFDD5, 0xFE16, 0xFE36, 0xFE16, 
  0xFDD5, 0xFD94, 0xF512, 0xFD53, 0xFD32, 0xFD11, 0xF512, 0xFCF2, 0xFD94, 0xFDF6, 0xFDB4, 0xFE16, 
  0xFDF6, 0xFDB5, 0xFDD4, 0xFCF1, 0xFD11, 0xFDD5, 0xFE57, 0xFE77, 0xFE57, 0xFE57, 0xFDD5, 0xFE16, 
  0xFE16, 0xFE37, 0xFE57, 0xFE37, 0xFE57, 0xFE77, 0xFE77, 0xFE77, 0xFE77, 0xFE58, 0xFE78, 0xFE98, 
  0xFE98, 0xFE78, 0xFE78, 0xFE78, 0xFE78, 0xFE98, 0xFE78, 0xFE78, 0xFE78, 0xFE78, 0xFE78, 0xFE98, 
  0xFE98, 0xFE99, 0xFEB9, 0xFEB9, 0xFE99, 0xFE99, 0xFE98, 0xFE99, 0xFEB9, 0xFE99, 0xFE78, 0xFE78, 
  0xF678, 0xF678, 0xFE78, 0xF699, 0xF699, 0xF699, 0xF699, 0xF699, 0xF699, 0xF699, 0xF699, 0xF678, 
  0xF658, 0xEE57, 0xF678, 0xEEBA, 0xE699, 0xEE98, 0xEE78, 0xEE98, 0xEE78, 0xEE78, 0xEE79, 0xEE78, 
  0xE658, 0xE5F6, 0xEDD5, 0xE658, 0xDE78, 0xE658, 0xDE78, 0xDE78, 0xDE78, 0xDE78, 0xDE78, 0xDE78, 
  0xDE78, 0xDE78, 0xD678, 0xDE78, 0xD698, 0xD698, 0xD678, 0xD698, 0xCEDA, 0xCEB9, 0xCEB9, 0xCE99, 
  0xCE99, 0xCE99, 0xCE99, 0xCE99, 0xC6B9, 0xC6B9, 0xC6B9, 0xC6B9, 0xC6B9, 0xC6B9, 0xC6B9, 0xC699, 
  0xBE99, 0xBE79, 0xBE98, 0xBE78, 0xBE58, 0xBE78, 0xBE78, 0xB699, 0xB678, 0xB678, 0xB658, 0xB658, 
  0xAE78, 0xAE99, 0xAE78, 0xAE78, 0xAE78, 0xAE78, 0xAE58, 0xAE58, 0xAE58, 0xB679, 0xAE99, 0xAE99, 
  0xBEBA, 0xBEBA, 0xAE99, 0xA658, 0xA678, 0xA658, 0xAE79, 0xBEDA, 0xC6FB, 0xBEDA, 0xB699, 0xB6BA, 
  0xB6BA, 0xBEDA, 0xC6FB, 0xBEBA, 0xBEDA, 0xB6BA, 0xB699, 0xB6B9, 0xA679, 0xA679, 0xAE99, 0xA658, 
  0x8E17, 0x8DF6, 0xA679, 0xAE99, 0xAE99, 0xAE99, 0xAE99, 0xAE99, 0xAE99, 0xA678, 0xA658, 0xB6BA, 
  0xB6BA, 0xAE99, 0xAEB9, 0xAEB9, 0xAE79, 0xAE99, 0xA699, 0xA679, 0xA678, 0xA699, 0xAE99, 0xAE99, 
  0xA699, 0xAE99, 0xAE99, 0xAE99, 0xAE99, 0xA678, 0xA678, 0xA678, 0xA678, 0xA699, 0x9E58, 0x9E58, 
  0xA699, 0xAE99, 0xAE99, 0xAE99, 0xAE99, 0xA678, 0x9E78, 0x9E78, 0xA678, 0xAE99, 0xA679, 0x9638, 
  0x9658, 0x9E58, 0x9E58, 0x9658, 0xA699, 0xAE99, 0xA679, 0x9E78, 0x9E78, 0x9E78, 0x9E79, 0xA699, 
  0xFE16, 0xFDD5, 0xFE16, 0xFDD5, 0xFE16, 0xFD94, 0xFE16, 0xFE37, 0xFDF6, 0xFE16, 0xFE37, 0xFE16, 
  0xFDF5, 0xFDD5, 0xFD52, 0xFD94, 0xFD12, 0xFD53, 0xFDF6, 0xFD53, 0xFD32, 0xFD32, 0xFD73, 0xFE16, 
  0xFE16, 0xF533, 0xFDF5, 0xF573, 0xFDD5, 0xFE57, 0xFE36, 0xFE77, 0xFE57, 0xFE57, 0xFDF6, 0xFE37, 
  0xFE37, 0xFE16, 0xFE58, 0xFE58, 0xFE98, 0xFE98, 0xFE77, 0xFE77, 0xFE78, 0xFE78, 0xFE78, 0xFE78, 
  0xFE98, 0xFE98, 0xFE78, 0xFE78, 0xFE37, 0xFE16, 0xFE58, 0xFE57, 0xFE98, 0xFE78, 0xFE78, 0xFE98, 
  0xFE98, 0xFE98, 0xFE98, 0xFEB9, 0xFEB9, 0xFEB9, 0xFE99, 0xFE99, 0xFE99, 0xFE98, 0xFE78, 0xFE78, 
  0xF678, 0xF698, 0xF698, 0xF699, 0xF698, 0xF699, 0xF699, 0xF698, 0xF699, 0xF699, 0xF699, 0xF699, 
  0xF658, 0xEE57, 0xF6B9, 0xEEB9, 0xEE78, 0xEE78, 0xEE58, 0xEE98, 0xEE78, 0xEE78, 0xEE58, 0xE617, 
  0xEE37, 0xE637, 0xE657, 0xE678, 0xE658, 0xE658, 0xDE78, 0xDE78, 0xDE78, 0xDE98, 0xD699, 0xDE98, 
  0xDE79, 0xD678, 0xD678, 0xD678, 0xD678, 0xD678, 0xD678, 0xD699, 0xCEDA, 0xCEB9, 0xD6B9, 0xCEB9, 
  0xCE99, 0xCE99, 0xCE99, 0xCE99, 0xCE99, 0xCE99, 0xC6B9, 0xC6B9, 0xC6B9, 0xC6B9, 0xC699, 0xC6B9, 
  0xBE99, 0xBE99, 0xBE99, 0xBE78, 0xBE58, 0xBE58, 0xBE78, 0xBE99, 0xB678, 0xB678, 0xB658, 0xB658, 
  0xB678, 0xAE98, 0xB699, 0xB6B9, 0xB6B9, 0xB699, 0xAE58, 0xAE37, 0xAE37, 0xBEBA, 0xB699, 0xB6B9, 
  0xBEBA, 0xBEDA, 0xAE99, 0xA678, 0xA658, 0xA658, 0xAEB9, 0xB699, 0xC6FA, 0xC71B, 0xBEDA, 0xBEDA, 
  0xBEFA, 0xBEDA, 0xC6FB, 0xC6FB, 0xC6DA, 0xBEBA, 0xBEDA, 0xAE99, 0xA699, 0xA679, 0xAE99, 0xAE99, 
  0xA678, 0x9E58, 0xB6BA, 0xA679, 0xAE99, 0xAE99, 0x9E58, 0x9E78, 0xA678, 0x9E57, 0x9657, 0xAE99, 
  0xAE99, 0xAE79, 0xA699, 0xAE99, 0xAE79, 0xAE79, 0xA699, 0xAE99, 0xAE99, 0xA679, 0xAE99, 0xAEBA, 
  0xA699, 0xAE99, 0xAE99, 0xAE99, 0xAE99, 0xAE99, 0xA679, 0xA679, 0xA699, 0xA699, 0xA678, 0x9E58, 
  0xA679, 0xAE99, 0xAE99, 0xAE99, 0xA679, 0x9E58, 0xA678, 0xA699, 0xAE99, 0xAE99, 0xA699, 0x9E78, 
  0x9658, 0x9E78, 0xAE79, 0x9E78, 0x9E58, 0x9E78, 0x9E58, 0x9E58, 0x9678, 0x9E58, 0x9658, 0x9E78, 
  0xFE58, 0xFE17, 0xFE37, 0xF5D5, 0xFE36, 0xFDD5, 0xFDF6, 0xFDB5, 0xFDB5, 0xFDD5, 0xFE57, 0xFE37, 
  0xFDF5, 0xF512, 0xFCF1, 0xFDB5, 0xFDB5, 0xFDB4, 0xFE37, 0xFDF6, 0xFD53, 0xFDB4, 0xFDD5, 0xFE16, 
  0xF553, 0xFD94, 0xFE16, 0xFD94, 0xFDD5, 0xFE17, 0xFDF6, 0xFE57, 0xFE57, 0xFE37, 0xFE77, 0xFE77, 
  0xFE57, 0xFDF6, 0xFE37, 0xFE98, 0xFE78, 0xFE37, 0xFE57, 0xFE57, 0xFE78, 0xFE98, 0xFE78, 0xFE57, 
  0xFE78, 0xFE98, 0xFE98, 0xFE98, 0xFE37, 0xFDF6, 0xFE77, 0xFE78, 0xFE78, 0xFE78, 0xFE78, 0xFE98, 
  0xFE98, 0xFE98, 0xFE98, 0xFE98, 0xFEB9, 0xFEB9, 0xFE99, 0xFE99, 0xFE98, 0xFE78, 0xFE78, 0xFE78, 
  0xFE78, 0xF698, 0xF699, 0xF699, 0xF698, 0xF678, 0xF678, 0xF678, 0xF699, 0xF699, 0xF699, 0xF698, 
  0xF678, 0xF699, 0xEEB9, 0xEE78, 0xEE58, 0xEE78, 0xEE98, 0xEE78, 0xEE58, 0xEE17, 0xEE16, 0xEE17, 
  0xE617, 0xE637, 0xE678, 0xE658, 0xE658, 0xE658, 0xDE78, 0xDE78, 0xDE78, 0xDE98, 0xD699, 0xD699, 
  0xD699, 0xD699, 0xD699, 0xD678, 0xD678, 0xD699, 0xD699, 0xCED9, 0xCEFA, 0xCEDA, 0xD699, 0xD6B9, 
  0xCE99, 0xCE99, 0xCE99, 0xCE99, 0xCE99, 0xCE99, 0xC6B9, 0xC6B9, 0xC6B9, 0xC6BA, 0xC6B9, 0xBE99, 
  0xBE99, 0xBE99, 0xBE99, 0xBE99, 0xBE78, 0xBE58, 0xBE78, 0xBE99, 0xB678, 0xB638, 0xB658, 0xB678, 
  0xB678, 0xAE79, 0xAE99, 0xB699, 0xB6B9, 0xB699, 0xAE79, 0xAE58, 0xB678, 0xB6B9, 0xB6B9, 0xBEBA, 
  0xB699, 0xB6B9, 0xB699, 0xAE99, 0xAE99, 0xA678, 0xA658, 0xAE99, 0xC6FB, 0xC6FB, 0xC6FB, 0xBEDA, 
  0xBEDA, 0xBEDA, 0xC6FB, 0xCEFB, 0xC6DA, 0xBEDA, 0xBEDA, 0xBEDA, 0xAE99, 0xAEB9, 0xAE99, 0xAE99, 
  0xAE99, 0xAE99, 0xA699, 0xAE99, 0xB6BA, 0xAE99, 0xA678, 0xA678, 0x9E58, 0x9E58, 0xA699, 0xAE99, 
  0xA699, 0xA679, 0xAE79, 0xAE79, 0xAE79, 0xA699, 0xA699, 0xA699, 0xA678, 0x9E78, 0xA679, 0xAEB9, 
  0xB699, 0xAE99, 0xAE99, 0xAE99, 0xA699, 0xA699, 0xAE99, 0xAE99, 0xAE99, 0xA658, 0xA679, 0xAE99, 
  0xAE99, 0xAE99, 0xAE99, 0xAE99, 0xA699, 0xA678, 0xA679, 0x9E58, 0xA679, 0xAE99, 0xAE99, 0xA699, 
  0x9E78, 0xA699, 0xAE99, 0x9E79, 0x9E58, 0x9E78, 0xA679, 0xA679, 0x9E78, 0x9E78, 0x9E78, 0x9E58, 
  0xFE99, 0xFE37, 0xFDB5, 0xFE37, 0xFE57, 0xFDD6, 0xF573, 0xFD94, 0xF594, 0xFDB5, 0xFDD5, 0xFE57, 
  0xFE37, 0xFDD5, 0xFD73, 0xFD73, 0xFDF6, 0xFE16, 0xF532, 0xFD73, 0xF574, 0xFDD5, 0xFDD5, 0xFD73, 
  0xF4D1, 0xFDD5, 0xFDF6, 0xFDF5, 0xFD73, 0xFDD5, 0xFE16, 0xFE57, 0xFE57, 0xFE37, 0xFE57, 0xFE57, 
  0xFE58, 0xFE37, 0xFDF5, 0xFDF6, 0xFDB5, 0xFDB5, 0xFE16, 0xFE37, 0xFE77, 0xFE78, 0xFE57, 0xFE57, 
  0xFE78, 0xFE78, 0xFE98, 0xFE98, 0xFE37, 0xFE37, 0xFE78, 0xFE78, 0xFE78, 0xFE78, 0xFE78, 0xFE78, 
  0xFE98, 0xFE98, 0xFE98, 0xFE98, 0xFE98, 0xFEB9, 0xFE98, 0xFE99, 0xFE78, 0xFE78, 0xFE78, 0xFE78, 
  0xFE78, 0xF678, 0xF698, 0xF698, 0xF698, 0xF698, 0xF698, 0xF678, 0xF699, 0xF699, 0xF698, 0xF698, 
  0xF699, 0xF6B9, 0xEE98, 0xEE57, 0xEE78, 0xEE98, 0xEE98, 0xEE78, 0xE5F6, 0xEE16, 0xEDD5, 0xEE37, 
  0xEE99, 0xE658, 0xE678, 0xE658, 0xE678, 0xE658, 0xDE58, 0xE658, 0xDE78, 0xDE78, 0xD699, 0xD6DA, 
  0xD699, 0xD698, 0xD698, 0xD699, 0xD699, 0xD699, 0xD6B9, 0xCEDA, 0xCEFA, 0xCEDA, 0xCEB9, 0xCE99, 
  0xCE99, 0xCE99, 0xCE99, 0xCE99, 0xCE99, 0xCE99, 0xCEB9, 0xC6B9, 0xC6B9, 0xC6B9, 0xBE99, 0xC6B9, 
  0xBEB9, 0xBE99, 0xBE99, 0xBE99, 0xBE99, 0xBE58, 0xBE78, 0xBEB9, 0xB699, 0xB658, 0xB658, 0xAE78, 
  0xB678, 0xB678, 0xAE99, 0xB699, 0xAE78, 0xAE99, 0xAE99, 0xB699, 0xAE99, 0xAE78, 0xB6B9, 0xBEBA, 
  0xAE78, 0xAE78, 0xB699, 0xAE99, 0xAE99, 0xA678, 0xA678, 0xAE99, 0xBEBA, 0xC6FB, 0xC6FB, 0xC6FB, 
  0xBEDA, 0xBEDA, 0xCF1B, 0xC6FB, 0xBEDA, 0xBEDA, 0xC6DA, 0xC6FB, 0xC6FB, 0xBEDA, 0xAEB9, 0x9E37, 
  0x9E58, 0x9E78, 0x9E58, 0xAE99, 0xB6BA, 0xB6BA, 0xAE99, 0xA678, 0x9E58, 0x9E58, 0xA699, 0xAE79, 
  0xAE79, 0xA699, 0xA699, 0xAE79, 0xAE79, 0xA679, 0xAE99, 0xA679, 0x9E58, 0x9658, 0x9657, 0xA678, 
  0xAE99, 0xAE99, 0xA679, 0xA699, 0xAE99, 0xAE99, 0xAE99, 0xAE99, 0xAE99, 0xA678, 0xA678, 0xAE99, 
  0xAE99, 0xAE99, 0xAE99, 0xA679, 0xA679, 0x9E78, 0x8E37, 0x8E37, 0x9E58, 0xA679, 0xA679, 0xA678, 
  0x9E78, 0xA679, 0xA679, 0xA679, 0x9E78, 0x9E78, 0xAE99, 0xB6BA, 0xAE99, 0xA679, 0x9E58, 0x9658, 
  0xFE99, 0xFDF6, 0xF553, 0xFDF6, 0xFE57, 0xFE36, 0xF512, 0xFE16, 0xFE57, 0xFE16, 0xF533, 0xFE16, 
  0xFE37, 0xFE57, 0xFE57, 0xFE37, 0xFE16, 0xFDD5, 0xF553, 0xFDD5, 0xFDD5, 0xFDF6, 0xFE57, 0xFE16, 
  0xFD94, 0xFDB4, 0xFD94, 0xFDF6, 0xFD32, 0xFDB5, 0xFE17, 0xFE16, 0xFE37, 0xFE57, 0xFE57, 0xFE16, 
  0xFE78, 0xFE16, 0xFD95, 0xFDD5, 0xFE36, 0xFE57, 0xFE57, 0xFE57, 0xFE57, 0xFE57, 0xFE78, 0xFE78, 
  0xFE98, 0xFE78, 0xFE78, 0xFE78, 0xFE37, 0xFE37, 0xFE78, 0xFE78, 0xFE78, 0xFE78, 0xFE78, 0xFE78, 
  0xFE78, 0xFE78, 0xFE78, 0xFE98, 0xFE98, 0xFE98, 0xFE78, 0xFE78, 0xFE78, 0xFE78, 0xFE78, 0xFE78, 
  0xFE78, 0xF698, 0xF698, 0xF698, 0xF698, 0xF698, 0xF698, 0xF698, 0xF698, 0xF698, 0xEE98, 0xF6B9, 
  0xEE99, 0xEE98, 0xEE78, 0xEE78, 0xEE98, 0xEE98, 0xEE99, 0xEE99, 0xEE58, 0xE657, 0xE637, 0xE678, 
  0xE6B9, 0xE6B9, 0xDE98, 0xDE78, 0xDE58, 0xE658, 0xE658, 0xDE37, 0xDE78, 0xDE78, 0xDE99, 0xD6B9, 
  0xD6D9, 0xD6B9, 0xD6B9, 0xD6D9, 0xD699, 0xD699, 0xD699, 0xD6B9, 0xCEB9, 0xCEB9, 0xCEB9, 0xCE99, 
  0xCE99, 0xCE99, 0xCEB9, 0xCEB9, 0xCE99, 0xCE99, 0xCE99, 0xC6B9, 0xC6B9, 0xBE99, 0xBE78, 0xBE78, 
  0xBE99, 0xBEDA, 0xC6DA, 0xB699, 0xBE99, 0xBE78, 0xBE99, 0xBEB9, 0xB6B9, 0xB658, 0xB658, 0xB678, 
  0xAE99, 0xAE99, 0xAE79, 0xAE99, 0xAE78, 0xAE78, 0xB678, 0xB6B9, 0xB699, 0xB6B9, 0xB6B9, 0xBEBA, 
  0xB6BA, 0xB6B9, 0xB699, 0xA658, 0xAE78, 0xAE99, 0xAE99, 0xAE78, 0xB699, 0xC6FB, 0xCEFB, 0xC6FB, 
  0xBEDA, 0xB6DA, 0xBEDA, 0xC6FB, 0xC6DA, 0xBEBA, 0xBEDA, 0xC6FB, 0xCF1B, 0xC6DB, 0xAE79, 0x9E58, 
  0xA678, 0xA679, 0xA679, 0xAE79, 0xAEB9, 0xB6BA, 0xAE79, 0x9E58, 0xA679, 0xA678, 0xA679, 0xAE99, 
  0xAE99, 0xAE79, 0xA679, 0xA679, 0xAE99, 0xAE99, 0xAE99, 0xB6BA, 0xAE99, 0xA699, 0x9E58, 0x9E78, 
  0xA678, 0xA679, 0x9E58, 0xA679, 0xAE99, 0xAE99, 0xAE99, 0xAE79, 0xAE99, 0xA699, 0x9E58, 0xA699, 
  0xAE99, 0xAE99, 0xAE99, 0xA678, 0xA679, 0x85F7, 0x8E17, 0x9E78, 0x9E58, 0xA679, 0xA679, 0xA678, 
  0xA679, 0xA678, 0xA679, 0xA699, 0xA678, 0xA678, 0xA679, 0xAE99, 0xA679, 0xA679, 0x9E78, 0x9E58, 
  0xFE37, 0xF5F6, 0xFE16, 0xFE16, 0xFE37, 0xFE98, 0xFE57, 0xFE58, 0xFDF5, 0xFE37, 0xFDD5, 0xFE16, 
  0xFE57, 0xFE57, 0xFE57, 0xFE57, 0xFE16, 0xFDF6, 0xFE37, 0xFDF6, 0xF573, 0xFDD5, 0xFE57, 0xFE57, 
  0xFE36, 0xFD94, 0xF574, 0xFDD5, 0xFD32, 0xFD73, 0xFE16, 0xFE16, 0xFE57, 0xFE77, 0xFE37, 0xFE37, 
  0xFE78, 0xFE57, 0xF616, 0xFE37, 0xFE57, 0xFE78, 0xFE78, 0xFE78, 0xFE57, 0xFE37, 0xFE17, 0xFE57, 
  0xFE78, 0xFE99, 0xFEB9, 0xFE99, 0xFE78, 0xFE98, 0xFE78, 0xFE98, 0xFE78, 0xFE78, 0xFE98, 0xFE98, 
  0xFE98, 0xFE98, 0xFE98, 0xFE98, 0xFE98, 0xFE98, 0xFE98, 0xFE78, 0xFE78, 0xFE78, 0xFE78, 0xFE78, 
  0xFE78, 0xFE98, 0xF698, 0xF698, 0xF6B8, 0xF698, 0xF698, 0xF678, 0xF678, 0xEE98, 0xEEB9, 0xEE98, 
  0xEE98, 0xEE99, 0xEE58, 0xEE57, 0xEE78, 0xEE78, 0xEE58, 0xEE78, 0xE658, 0xE637, 0xE657, 0xE678, 
  0xE6B9, 0xE6B9, 0xDE98, 0xE698, 0xE678, 0xDE58, 0xE658, 0xE658, 0xDE58, 0xDE78, 0xDE78, 0xD678, 
  0xD6B9, 0xD6DA, 0xD6DA, 0xD6B9, 0xD699, 0xD699, 0xD6B9, 0xD6B9, 0xD699, 0xCE98, 0xCE99, 0xCE99, 
  0xCE99, 0xCE99, 0xCE99, 0xCEB9, 0xC6D9, 0xCEB9, 0xCE99, 0xC6B9, 0xBE99, 0xBE78, 0xBE78, 0xC678, 
  0xBE78, 0xBEB9, 0xCF1B, 0xC6DA, 0xBEBA, 0xB699, 0xBEB9, 0xBEB9, 0xBEB9, 0xB658, 0xB658, 0xAE98, 
  0xAE98, 0xB699, 0xAE99, 0xAE79, 0xAE58, 0xAE58, 0xB678, 0xB699, 0xB6B9, 0xBEDA, 0xBEBA, 0xBEBA, 
  0xBEBA, 0xB6B9, 0xB699, 0xAE99, 0xAE78, 0xA678, 0xA658, 0xAE79, 0xAE99, 0xC6FB, 0xCEFB, 0xCEFB, 
  0xC6FA, 0xC6FA, 0xBEDA, 0xC6FB, 0xC6FB, 0xB699, 0xB6BA, 0xBEDA, 0xBEDA, 0xBEDA, 0xAE99, 0xA658, 
  0xA678, 0xA679, 0xAE79, 0xA699, 0xAE99, 0xBEDA, 0xAE99, 0x9E38, 0xA679, 0xAEBA, 0xAE99, 0xAE99, 
  0xAE99, 0xAE99, 0xB69A, 0xAE99, 0xAE99, 0xB6BA, 0xB69A, 0xB6BA, 0xAE99, 0xB69A, 0xA679, 0x9E58, 
  0xA699, 0xAE99, 0x9E58, 0xA699, 0xB69A, 0xB6BA, 0xAE99, 0xAE79, 0xAE99, 0xA678, 0x9E58, 0x9E78, 
  0xA699, 0xAE99, 0xAE99, 0xB6BA, 0xB69A, 0xA679, 0xA699, 0xA679, 0xA679, 0xA678, 0xAE99, 0xAE99, 
  0xA699, 0xAE99, 0xAE99, 0xAE99, 0xA699, 0xAE99, 0xAE99, 0xA699, 0xA679, 0xA679, 0xA679, 0xA679, 
  0xFE16, 0xFE57, 0xFE78, 0xFDF5, 0xFDF6, 0xFE78, 0xFEB8, 0xFE78, 0xFDD5, 0xF512, 0xFD94, 0xFE37, 
  0xFE16, 0xFE57, 0xFE57, 0xFE57, 0xFE16, 0xFDF6, 0xFE37, 0xFE36, 0xFD94, 0xFD94, 0xF5D5, 0xFE57, 
  0xFE57, 0xFDD5, 0xFE16, 0xFDF5, 0xFD52, 0xFD73, 0xFDF5, 0xFE78, 0xFE78, 0xFE37, 0xFDF6, 0xFE37, 
  0xFE57, 0xFE78, 0xFE37, 0xFE16, 0xFE57, 0xFE78, 0xFE78, 0xFE78, 0xFE78, 0xFE57, 0xFE17, 0xFE78, 
  0xFE78, 0xFEB9, 0xFEB9, 0xFE99, 0xFEB9, 0xFE98, 0xFE78, 0xFE78, 0xFE78, 0xFE98, 0xFE78, 0xFE98, 
  0xFE98, 0xFE98, 0xFE98, 0xFE98, 0xFE98, 0xFE98, 0xFE98, 0xFE98, 0xFE78, 0xFE78, 0xFE78, 0xFE78, 
  0xFE78, 0xFE78, 0xFE78, 0xF698, 0xF699, 0xF699, 0xF698, 0xF616, 0xF678, 0xEEB9, 0xEE78, 0xEE98, 
  0xEE98, 0xEE98, 0xEE98, 0xEE78, 0xEE58, 0xEE58, 0xEE37, 0xEE78, 0xEE78, 0xEE58, 0xE699, 0xE699, 
  0xE6B9, 0xE6B9, 0xE6B9, 0xDE99, 0xDE99, 0xDE78, 0xE658, 0xE658, 0xDE78, 0xDE78, 0xDE58, 0xDE78, 
  0xD699, 0xD6DA, 0xD6B9, 0xD699, 0xD6B9, 0xD699, 0xD699, 0xD6B9, 0xCE99, 0xCE99, 0xCE99, 0xCE99, 
  0xCE99, 0xCE78, 0xCEB9, 0xCEBA, 0xC6DA, 0xC6DA, 0xC6DA, 0xC6B9, 0xC6B9, 0xC699, 0xBE78, 0xBE78, 
  0xBE79, 0xBE99, 0xC6DA, 0xCF1B, 0xBEDA, 0xBEB9, 0xBEB9, 0xBEB9, 0xB699, 0xAE58, 0xB678, 0xAE79, 
  0xAE79, 0xB699, 0xB6B9, 0xB6B9, 0xBEBA, 0xB699, 0xAE79, 0xBEBA, 0xBEBA, 0xBEBA, 0xBEB9, 0xBEB9, 
  0xBEB9, 0xBEBA, 0xB699, 0xB6B9, 0xAE79, 0x9E38, 0xA658, 0xA679, 0xA658, 0xBEBA, 0xCF1C, 0xCF1B, 
  0xCF1B, 0xC6FB, 0xBEDA, 0xBEDA, 0xC6FA, 0xC6FB, 0xC6FB, 0xBEBA, 0xAE79, 0xB6BA, 0xAE79, 0xA679, 
  0x9E58, 0x9E78, 0xAE99, 0xAE99, 0xAEB9, 0xBEDA, 0xB6BA, 0xAE99, 0xA679, 0xAE99, 0xB6BA, 0xAE99, 
  0xAE99, 0xB6BA, 0xB6BA, 0xB6BA, 0xB6BA, 0xB6BA, 0xAE99, 0xAE99, 0xB6BA, 0xAE99, 0xAE99, 0xA679, 
  0xAE99, 0xAE99, 0xAE99, 0xAE99, 0xB69A, 0xB699, 0xAE79, 0xAE99, 0xAE99, 0xA679, 0xA678, 0xA679, 
  0xAE99, 0xA699, 0xAE99, 0xB6BA, 0xBEBA, 0xB6BA, 0xAEB9, 0xA699, 0x9637, 0xA679, 0xAE99, 0xA699, 
  0x9E79, 0xA679, 0xAEB9, 0xAE99, 0xA699, 0xAE99, 0xA679, 0xA678, 0xA679, 0xA699, 0xA679, 0xA679, 
  0xFE78, 0xFE98, 0xFE57, 0xFD94, 0xFDB5, 0xFE37, 0xFE57, 0xFE57, 0xFE57, 0xFDF6, 0xFE57, 0xFE37, 
  0xF5D5, 0xFE57, 0xFE57, 0xFE16, 0xFE37, 0xFE37, 0xFE57, 0xFE57, 0xFDF6, 0xFDF6, 0xF594, 0xFE16, 
  0xFE57, 0xF5B4, 0xFE16, 0xFDB4, 0xFD53, 0xFD74, 0xFDB5, 0xFE58, 0xFE57, 0xFE37, 0xFE16, 0xFE37, 
  0xFE57, 0xFE57, 0xFE57, 0xFE57, 0xFE78, 0xFE98, 0xFE78, 0xFE78, 0xFE78, 0xFE78, 0xFE78, 0xFE78, 
  0xFE58, 0xF5F6, 0xFE16, 0xFE58, 0xFE98, 0xFE98, 0xFE98, 0xFE98, 0xFE98, 0xFE78, 0xFE78, 0xFE78, 
  0xFE98, 0xFE98, 0xFE98, 0xFE98, 0xFE98, 0xFE98, 0xFE98, 0xFE98, 0xFE98, 0xFE78, 0xFE78, 0xFE78, 
  0xFE78, 0xFE78, 0xF678, 0xF698, 0xF698, 0xF6B9, 0xF698, 0xF678, 0xF6FA, 0xEEDA, 0xEE78, 0xF698, 
  0xEE98, 0xEE98, 0xEE99, 0xEED9, 0xE6B9, 0xEE78, 0xEE99, 0xE699, 0xE699, 0xEE99, 0xE6B9, 0xE699, 
  0xE678, 0xE699, 0xE6D9, 0xDE99, 0xDE99, 0xDE99, 0xE678, 0xDE17, 0xDE57, 0xDE57, 0xDE58, 0xDE78, 
  0xD699, 0xD6B9, 0xD699, 0xD6DA, 0xCED9, 0xD699, 0xD699, 0xD6B9, 0xD699, 0xD6B9, 0xCEB9, 0xCE99, 
  0xCE99, 0xCE78, 0xCEB9, 0xC6DA, 0xCEDA, 0xCEDA, 0xC6DA, 0xC6BA, 0xC6BA, 0xC6B9, 0xBE78, 0xBE78, 
  0xBE78, 0xBE99, 0xBE99, 0xC6DA, 0xB6B9, 0xB6B9, 0xBEB9, 0xB6B9, 0xB6B9, 0xB6B9, 0xAE78, 0xAE79, 
  0xB699, 0xB6DA, 0xBEDA, 0xC71B, 0xC6FB, 0xBEFA, 0xB699, 0xB6B9, 0xBEBA, 0xBEBA, 0xBEB9, 0xBEDA, 
  0xBEB9, 0xBEBA, 0xBEBA, 0xB699, 0xAE79, 0xA678, 0xA679, 0xAE78, 0xAE99, 0xB6BA, 0xCF1B, 0xCF1B, 
  0xCEFB, 0xC6FA, 0xBEDB, 0xB6DA, 0xBEDA, 0xCEFB, 0xC6DA, 0xBEBA, 0xB6BA, 0xAE99, 0xAE79, 0xBEDA, 
  0xAE99, 0xA679, 0xAE99, 0xAE99, 0xB6BA, 0xBEDA, 0xBEDA, 0xB6BA, 0xB6BA, 0xAE99, 0xAE99, 0xAE99, 
  0xAE99, 0xAE99, 0xB6BA, 0xB6BA, 0xAE99, 0xAE99, 0xAE99, 0xAE99, 0xAE99, 0x9E58, 0x9E37, 0xA679, 
  0xAE99, 0xAE99, 0xAE99, 0xAE99, 0xB699, 0xB6BA, 0xAE99, 0xB699, 0xAE99, 0xAE99, 0xAE99, 0xA699, 
  0xAE99, 0xA699, 0xAE99, 0xAE99, 0xB6BA, 0xB6BA, 0xA678, 0xA678, 0xA699, 0x9E58, 0xA679, 0xAE99, 
  0xA679, 0x9E58, 0xA679, 0xAE99, 0xAE99, 0xB69A, 0xB6BA, 0xAE99, 0x9E78, 0x9E58, 0xA679, 0xA679, 
  0xFE57, 0xFE99, 0xFE37, 0xFDB5, 0xFE16, 0xFDF6, 0xFE36, 0xFE57, 0xFE37, 0xFDD5, 0xFDB5, 0xFE17, 
  0xFE16, 0xFE37, 0xFDF6, 0xFE57, 0xFE57, 0xFE57, 0xFE57, 0xFE57, 0xFDF5, 0xFDD5, 0xFD94, 0xFD94, 
  0xFDF6, 0xFD94, 0xFE17, 0xFD94, 0xFD53, 0xFD33, 0xFD73, 0xFD74, 0xFDD5, 0xFE37, 0xFE37, 0xFE57, 
  0xFE57, 0xFE77, 0xFE77, 0xFE37, 0xFE57, 0xFE78, 0xFE78, 0xFE78, 0xFE78, 0xFE58, 0xFE99, 0xFE98, 
  0xFE78, 0xFE58, 0xFE58, 0xFE78, 0xFE98, 0xFE98, 0xFE99, 0xFEB9, 0xFE98, 0xFE78, 0xFE78, 0xFE98, 
  0xFE98, 0xFE98, 0xFE98, 0xFE98, 0xFE98, 0xFE98, 0xFE98, 0xFE98, 0xFE98, 0xFE99, 0xFE78, 0xFE78, 
  0xFE78, 0xFE78, 0xFE78, 0xF678, 0xF658, 0xF698, 0xF699, 0xF6DA, 0xEF1B, 0xEEFA, 0xEEB9, 0xEE78, 
  0xF658, 0xEE78, 0xEE99, 0xEEB9, 0xEEDA, 0xE699, 0xEE99, 0xE6B9, 0xE6B9, 0xE699, 0xE679, 0xE678, 
  0xE678, 0xE699, 0xE6D9, 0xDEB9, 0xDE99, 0xDE99, 0xE699, 0xDE37, 0xE638, 0xDE58, 0xDE78, 0xDE99, 
  0xDE78, 0xDE78, 0xDE98, 0xD6BA, 0xD6DA, 0xD6B9, 0xD6B9, 0xD6D9, 0xD6B9, 0xCEB9, 0xCEDA, 0xC6DA, 
  0xC6B9, 0xCE99, 0xC699, 0xC6DA, 0xCEDA, 0xC6DA, 0xC6B9, 0xC6DA, 0xC6DA, 0xC6DA, 0xC6B9, 0xBE98, 
  0xBE78, 0xBE78, 0xBE78, 0xBE99, 0xBEDA, 0xBEB9, 0xC6DA, 0xBEDA, 0xBEB9, 0xBEBA, 0xB6B9, 0xB699, 
  0xB6B9, 0xBEDA, 0xB6B9, 0xBEDA, 0xBEDA, 0xC6FB, 0xBEDA, 0xB6BA, 0xB699, 0xB6B9, 0xBEDA, 0xB699, 
  0xBEDA, 0xBEDA, 0xB6BA, 0xB699, 0xB6B9, 0xB699, 0xAE99, 0xAE78, 0xB6B9, 0xB699, 0xC6FB, 0xCF1B, 
  0xCF1B, 0xCEFB, 0xC6DB, 0xBEDA, 0xBEDA, 0xCEFB, 0xC6DB, 0xBEBA, 0xC6FB, 0xBEDA, 0xB6DA, 0xBEDA, 
  0xBEDA, 0xB6B9, 0xAE99, 0xB6BA, 0xAEB9, 0xB6BA, 0xBEDA, 0xB6BA, 0xB6BA, 0xA678, 0xA679, 0xAE99, 
  0xAE99, 0xAE99, 0xAEB9, 0xAE99, 0xAE99, 0xAE99, 0xAE99, 0xB6BA, 0xAE99, 0xA679, 0xAE99, 0xAE99, 
  0xAE99, 0xAE99, 0xAE99, 0xAE99, 0xB6BA, 0xAE99, 0xB6BA, 0xB699, 0xB699, 0xAE99, 0xAE99, 0xAE99, 
  0xAE99, 0xA679, 0xA679, 0xAE99, 0xAE99, 0xAE99, 0xAEB9, 0xA678, 0xA699, 0x85F7, 0x9658, 0xAE99, 
  0xA679, 0x9E58, 0x9E58, 0xA679, 0xB6BA, 0xB6BA, 0xBEBA, 0xAEBA, 0xA679, 0x9E58, 0xA679, 0xA679, 
  0xF616, 0xFE98, 0xFE77, 0xFE16, 0xFE16, 0xFDD5, 0xFE16, 0xFDF6, 0xFDB4, 0xFDB4, 0xFD94, 0xFDF6, 
  0xFE16, 0xFE37, 0xFE36, 0xFE78, 0xFE57, 0xFE37, 0xFE57, 0xFE37, 0xFD74, 0xFDD5, 0xFDD5, 0xFD95, 
  0xFDF5, 0xFDD5, 0xFDF6, 0xFDB5, 0xFD94, 0xFDB5, 0xFD53, 0xFDB5, 0xFDB5, 0xFDD5, 0xFE37, 0xFE37, 
  0xFE78, 0xFE77, 0xFE77, 0xFE37, 0xFE37, 0xFE98, 0xFE98, 0xFE98, 0xFE37, 0xF616, 0xFE99, 0xFE78, 
  0xFE99, 0xFEB9, 0xFE98, 0xFE98, 0xFE98, 0xFE78, 0xFE98, 0xFEB9, 0xFE98, 0xFE98, 0xFE98, 0xFEB9, 
  0xFED9, 0xFEB9, 0xFE98, 0xFE98, 0xFE98, 0xFE99, 0xFE99, 0xFE99, 0xFE99, 0xFE99, 0xF678, 0xFE78, 
  0xFE78, 0xFE78, 0xFE78, 0xF678, 0xF678, 0xF699, 0xF678, 0xF6FA, 0xEF1B, 0xEEFA, 0xEEB9, 0xEE98, 
  0xF657, 0xEE78, 0xEE98, 0xEE98, 0xEEB9, 0xE6B9, 0xE699, 0xE6B9, 0xE6B9, 0xE699, 0xE679, 0xE679, 
  0xE678, 0xE699, 0xE6B9, 0xDEB9, 0xDE99, 0xDE99, 0xDE99, 0xE678, 0xE658, 0xE658, 0xDE58, 0xDE99, 
  0xDE78, 0xD698, 0xD698, 0xD6B9, 0xCEDA, 0xD6DA, 0xCED9, 0xCEDA, 0xCEDA, 0xD6B9, 0xCEB9, 0xC6DA, 
  0xC6DA, 0xCEDA, 0xCEBA, 0xC6DA, 0xC6DA, 0xC6DA, 0xC679, 0xC699, 0xC6DA, 0xC6DA, 0xC6DA, 0xC6FA, 
  0xC699, 0xBE78, 0xBE78, 0xC699, 0xC6FA, 0xC6DA, 0xC6FB, 0xCEFB, 0xC6DA, 0xBEB9, 0xBEDA, 0xBEDA, 
  0xBEBA, 0xBEDA, 0xB6BA, 0xBEFA, 0xC71B, 0xBEDA, 0xBEDA, 0xBEDA, 0xB699, 0xAE99, 0xB699, 0xAE79, 
  0xBEBA, 0xBEDA, 0xB6BA, 0xB6B9, 0xBEDA, 0xB6B9, 0xB6BA, 0xB6BA, 0xB699, 0xAE79, 0xB6BA, 0xC6FB, 
  0xCEFB, 0xC6FB, 0xC6FB, 0xBEDA, 0xB6BA, 0xC6FB, 0xC6FB, 0xBEDA, 0xBEDA, 0xC6DA, 0xBEBA, 0xBEBA, 
  0xB6B9, 0xAE99, 0xAE99, 0xB6B9, 0xB6BA, 0xAE99, 0xB699, 0xB6BA, 0xB6BA, 0xA678, 0xAE99, 0xAE99, 
  0xAE99, 0xAE99, 0xAE99, 0xA699, 0xAE99, 0xA678, 0x9E78, 0xAEBA, 0xB6BA, 0xB6BA, 0xB6BA, 0xAE79, 
  0xAE99, 0xAE99, 0xB6BA, 0xB699, 0xB6BA, 0xAE99, 0xAE99, 0xAE99, 0xAE99, 0xAE99, 0xAE99, 0xAE99, 
  0xAE79, 0xA679, 0xA658, 0xB6BA, 0xAE99, 0xAE99, 0xB699, 0xAE99, 0xA678, 0x9E58, 0x9E79, 0xA679, 
  0x9E58, 0x9E58, 0x9658, 0x8E37, 0x9E78, 0xAE79, 0xAE9A, 0xAE99, 0xAEB9, 0xA699, 0x9E38, 0x9658, 
  0xFE78, 0xFE99, 0xFE57, 0xFE37, 0xF5B5, 0xFDD6, 0xFDF5, 0xFDB5, 0xFDD5, 0xFE36, 0xFDD5, 0xF573, 
  0xFE37, 0xFE16, 0xFE77, 0xFE57, 0xFE16, 0xFE37, 0xFE57, 0xFDB4, 0xF512, 0xFE17, 0xFE78, 0xFE36, 
  0xF5F5, 0xFDD5, 0xFDB5, 0xFD73, 0xFD73, 0xFE16, 0xFDD5, 0xFDD5, 0xFD74, 0xFDD5, 0xFE17, 0xFE37, 
  0xFE77, 0xFE77, 0xFE77, 0xFE57, 0xFE37, 0xFE98, 0xFE99, 0xFE98, 0xFE57, 0xFE57, 0xFE99, 0xFE78, 
  0xFE99, 0xFEB9, 0xFE98, 0xFE78, 0xFE98, 0xFE98, 0xFEB9, 0xFE98, 0xFE98, 0xFE98, 0xFE98, 0xFED9, 
  0xFEDA, 0xFEFA, 0xFED9, 0xFE98, 0xFE98, 0xFE98, 0xFE99, 0xFE99, 0xFE78, 0xFE98, 0xFE99, 0xFE78, 
  0xFE78, 0xFE78, 0xFE78, 0xF678, 0xF678, 0xF678, 0xF678, 0xEF1B, 0xF71B, 0xEEFA, 0xEEB9, 0xEE99, 
  0xEE78, 0xEE78, 0xEE99, 0xEE58, 0xEE78, 0xE6B9, 0xE6DA, 0xE6B9, 0xE6B9, 0xE6B9, 0xE6B9, 0xE699, 
  0xE698, 0xE699, 0xE6B9, 0xDE99, 0xE699, 0xDE99, 0xDE99, 0xDE99, 0xDE99, 0xE678, 0xDE37, 0xDE78, 
  0xD698, 0xD6B9, 0xD678, 0xD699, 0xCEDB, 0xCEDA, 0xD6B9, 0xCEB9, 0xCEDA, 0xD6B9, 0xCEB9, 0xCEDA, 
  0xCEDA, 0xC6DA, 0xC6DA, 0xCEDA, 0xC6DA, 0xC6DA, 0xC6BA, 0xC699, 0xCEB9, 0xC6B9, 0xBEB9, 0xBEDA, 
  0xCEFB, 0xC6B9, 0xBE78, 0xBE98, 0xC6FA, 0xC6FB, 0xCEFB, 0xCEFB, 0xC6FB, 0xC6DA, 0xBEDA, 0xBEDA, 
  0xBEDA, 0xBEDA, 0xBEDA, 0xB699, 0xBEDA, 0xBEDA, 0xBEDA, 0xBEDA, 0xB6B9, 0xB699, 0xAE99, 0xAE99, 
  0xBEBA, 0xBEDA, 0xBEFA, 0xBEFA, 0xC6DA, 0xB6BA, 0xB6B9, 0xAE99, 0xAE79, 0xB699, 0xBEDA, 0xBEDA, 
  0xC6DB, 0xBEDB, 0xBEDA, 0xBEDA, 0xB6BA, 0xBEDA, 0xC6FB, 0xCEFB, 0xC6FB, 0xC6FB, 0xBEDA, 0xAE99, 
  0xB699, 0xB6BA, 0xAEB9, 0xB6B9, 0xB6BA, 0xAE79, 0xB6BA, 0xB6BA, 0xB699, 0xAE99, 0xB6BA, 0xAE99, 
  0xAE99, 0xAE99, 0xAE99, 0xAEB9, 0xAE99, 0xA678, 0x9E58, 0xA679, 0xB6BA, 0xB6BA, 0xB69A, 0xAE99, 
  0xAE99, 0xB699, 0xAE99, 0xA658, 0xB6BA, 0xB699, 0xAE99, 0xB6BA, 0xB6B9, 0xAE99, 0xB699, 0xB699, 
  0xAE79, 0xA679, 0xA679, 0xB6BA, 0xAEB9, 0xAE99, 0xB699, 0xB6BA, 0xB6BA, 0xA658, 0x9E58, 0x9E58, 
  0x9658, 0xA699, 0x9E78, 0x8E37, 0x9E78, 0xAE99, 0xAE99, 0xAEBA, 0xAE99, 0xAE99, 0xA679, 0xA699, 
  0xFDD5, 0xFE98, 0xFE78, 0xFE37, 0xFE16, 0xFE16, 0xFDF5, 0xFDF5, 0xFE57, 0xFE57, 0xFDB4, 0xFDD5, 
  0xFE17, 0xFDF5, 0xFE16, 0xFE16, 0xFE57, 0xFE37, 0xFE37, 0xFDF6, 0xF594, 0xF574, 0xFE58, 0xFE58, 
  0xFE58, 0xFE57, 0xFE37, 0xFDD5, 0xFDD5, 0xFDB5, 0xFDB4, 0xFDD5, 0xFDF6, 0xFE37, 0xFE37, 0xFE37, 
  0xFE77, 0xFE77, 0xFE77, 0xFE77, 0xFE57, 0xFE78, 0xFE99, 0xFE98, 0xFE98, 0xFE98, 0xFE99, 0xFE98, 
  0xFEB9, 0xFED9, 0xFEB9, 0xFE98, 0xFEB9, 0xFEB9, 0xFEB9, 0xFE98, 0xFE99, 0xFE99, 0xFE78, 0xFE98, 
  0xFE78, 0xFEB9, 0xFEFA, 0xFEFA, 0xFEB9, 0xFE98, 0xFE98, 0xFE98, 0xFE98, 0xFE98, 0xFE98, 0xFE98, 
  0xFE78, 0xFE78, 0xFE78, 0xF678, 0xF617, 0xF657, 0xEF1A, 0xEF3B, 0xF71B, 0xF6FB, 0xEEDA, 0xEEB9, 
  0xEE99, 0xEE98, 0xEE98, 0xEE78, 0xEE78, 0xE699, 0xE6B9, 0xE6D9, 0xE6B9, 0xE6B9, 0xE6B9, 0xE699, 
  0xE699, 0xE678, 0xE699, 0xDE99, 0xDE99, 0xDE99, 0xDE99, 0xDE99, 0xDE99, 0xDE99, 0xDE78, 0xD698, 
  0xD699, 0xD6B9, 0xD698, 0xD699, 0xCEDA, 0xD6DA, 0xD6B9, 0xD699, 0xCED9, 0xCEDA, 0xCE99, 0xCE99, 
  0xCE99, 0xCEB9, 0xC6DA, 0xC6DA, 0xC6B9, 0xC6B9, 0xC6DA, 0xC6DA, 0xC6DA, 0xC6B9, 0xBEBA, 0xBEBA, 
  0xC6DA, 0xCF1B, 0xC6DA, 0xBE99, 0xC6DA, 0xC6DA, 0xC6FB, 0xC6FA, 0xC6FB, 0xCEFB, 0xCEFB, 0xC6FA, 
  0xBEDA, 0xBEDA, 0xB699, 0xB679, 0xB699, 0xC6FA, 0xBEDA, 0xBEDA, 0xB6B9, 0xB6BA, 0xB699, 0xAE99, 
  0xBEDA, 0xC6FA, 0xBEDA, 0xBEDA, 0xC6DA, 0xB6B9, 0xAE79, 0xAE99, 0xB6B9, 0xB6B9, 0xB699, 0xBEDA, 
  0xBEDA, 0xBEBA, 0xBEDA, 0xBEFB, 0xBEDA, 0xBEDA, 0xCEFB, 0xD71C, 0xCEFB, 0xC6FB, 0xAE99, 0xAE99, 
  0xBEDA, 0xBEDA, 0xB6B9, 0xAE99, 0xB6BA, 0xB6B9, 0xBEDA, 0xBEDA, 0xB6BA, 0xB6BA, 0xB6BA, 0xAE99, 
  0xA679, 0xA678, 0xB6BA, 0xB6BA, 0xAE99, 0xA699, 0xA679, 0x9E58, 0xAE99, 0xAE99, 0xB6BA, 0xB699, 
  0xAE79, 0xAE99, 0xAEB9, 0x9E58, 0xAE99, 0xB6BA, 0xAE99, 0xB699, 0xB699, 0xB6BA, 0xB6BA, 0xB6BA, 
  0xAEBA, 0xA658, 0xAE99, 0xAE99, 0xAE99, 0xAE99, 0xAE99, 0xAEBA, 0xB6BA, 0xAE99, 0x9E78, 0x9E58, 
  0x9658, 0xA699, 0xAE99, 0xA699, 0xA658, 0xA699, 0xAE99, 0xBEBA, 0xBEDA, 0xAE99, 0xAE99, 0xAE99, 
  0xFE16, 0xFE78, 0xFE78, 0xFE57, 0xFE16, 0xFE16, 0xFE37, 0xFDF5, 0xFDD5, 0xFE16, 0xFE16, 0xFE16, 
  0xFDD5, 0xFDF5, 0xFD73, 0xFD74, 0xFE36, 0xFE78, 0xFE16, 0xFE37, 0xFE16, 0xFD94, 0xFE78, 0xFE78, 
  0xFE78, 0xFE57, 0xFE57, 0xFE58, 0xFE57, 0xFDF6, 0xFD74, 0xFD94, 0xFE36, 0xFE57, 0xFE57, 0xFE77, 
  0xFE57, 0xFE57, 0xFE77, 0xFE78, 0xFE57, 0xFE77, 0xFE99, 0xFE99, 0xFE98, 0xFE99, 0xFE98, 0xFE77, 
  0xFE98, 0xFEB9, 0xFE78, 0xFE78, 0xFE98, 0xFEB9, 0xFEB9, 0xFEB9, 0xFEB9, 0xFEB9, 0xFE57, 0xFE78, 
  0xFE98, 0xFE99, 0xFEB9, 0xFEFA, 0xFED9, 0xFE98, 0xFE98, 0xFE98, 0xFEB9, 0xFEB9, 0xFE98, 0xF698, 
  0xFE99, 0xFE78, 0xFE57, 0xFE57, 0xF637, 0xF6D9, 0xEF3B, 0xEF1B, 0xF71A, 0xF71B, 0xEEFA, 0xEEDA, 
  0xEEB9, 0xEE78, 0xEE78, 0xEE98, 0xEE99, 0xEE99, 0xE699, 0xE699, 0xE6B9, 0xE6B9, 0xE6B9, 0xE699, 
  0xE6B9, 0xE699, 0xE699, 0xDEB9, 0xDE99, 0xDE99, 0xDE99, 0xDE99, 0xDEB9, 0xDE78, 0xDE78, 0xD699, 
  0xD678, 0xD678, 0xD699, 0xD698, 0xD699, 0xD6D9, 0xD6B9, 0xD699, 0xD6B9, 0xCEB9, 0xCEB9, 0xCE57, 
  0xCE58, 0xCE99, 0xCEB9, 0xC6DA, 0xC6DA, 0xC699, 0xC6B9, 0xC6B9, 0xC6B9, 0xC6B9, 0xBEBA, 0xBE99, 
  0xBE99, 0xC6FA, 0xC6FA, 0xC6DA, 0xBEDA, 0xC6FA, 0xC6FA, 0xBEDA, 0xBEB9, 0xC6DA, 0xC6DA, 0xC6FA, 
  0xBEDA, 0xBEDA, 0xBEDA, 0xB699, 0xB6B9, 0xC6FB, 0xC6FB, 0xC6FA, 0xBEBA, 0xB6BA, 0xB6B9, 0xB6B9, 
  0xBEDA, 0xC6DA, 0xB699, 0xB6B9, 0xC6FA, 0xB6BA, 0xAE79, 0xB699, 0xBEDA, 0xB6BA, 0xB6B9, 0xBEDA, 
  0xBEBA, 0xBEBA, 0xBEDA, 0xC6FB, 0xC6DB, 0xBEDB, 0xCF1B, 0xCF1B, 0xCF1B, 0xCF1B, 0xAE79, 0xAE99, 
  0xB6BA, 0xBEDA, 0xB6BA, 0xAE99, 0xB6B9, 0xB6BA, 0xB6DA, 0xBEDA, 0xB6DA, 0xB6BA, 0xB6BA, 0xAE99, 
  0xA699, 0xAE99, 0xB6BA, 0xB6B9, 0xAEBA, 0xAE99, 0xAE99, 0xA699, 0xA699, 0xAE99, 0xB6BA, 0xB69A, 
  0xAE99, 0xAEB9, 0xB6BA, 0xAE99, 0xAE99, 0xB699, 0xAE99, 0xAE99, 0xAE99, 0xB6BA, 0xB69A, 0xAEB9, 
  0xA678, 0xA678, 0xA679, 0xA678, 0xA699, 0xA699, 0xAE99, 0xAE99, 0xB6BA, 0xB6BA, 0xA679, 0x9E58, 
  0x9658, 0xA699, 0xA699, 0xAE99, 0xA699, 0x9E58, 0xA699, 0xB699, 0xBEDB, 0xB6BA, 0xA658, 0x9E58, 
  0xFE78, 0xFE58, 0xFE78, 0xFE57, 0xFE37, 0xFE37, 0xFE37, 0xFE36, 0xFDD5, 0xFE16, 0xFE57, 0xFDF6, 
  0xFDF6, 0xFE57, 0xF553, 0xFD53, 0xF594, 0xFE57, 0xFE98, 0xFE36, 0xFDD6, 0xFDF6, 0xFE78, 0xFE99, 
  0xFE99, 0xFE17, 0xFDB5, 0xFE16, 0xFE57, 0xFE58, 0xFE16, 0xFD73, 0xFD12, 0xFDB4, 0xFE16, 0xFE57, 
  0xFE16, 0xFE16, 0xFE57, 0xFE77, 0xFE77, 0xFE57, 0xFE98, 0xFE99, 0xFE99, 0xFE78, 0xFE57, 0xFE37, 
  0xFE78, 0xFEB9, 0xFE78, 0xFE58, 0xFE99, 0xFE99, 0xFE99, 0xFE98, 0xFE99, 0xFE99, 0xFE78, 0xFE57, 
  0xFE98, 0xFE98, 0xFEB9, 0xFEB9, 0xFEDA, 0xFEDA, 0xFEB9, 0xFEB9, 0xFE99, 0xFEB9, 0xFEB9, 0xFEB9, 
  0xF6D9, 0xF6B9, 0xF657, 0xF657, 0xF698, 0xEF3B, 0xEF1B, 0xEF1B, 0xEEDA, 0xF6DA, 0xF658, 0xF678, 
  0xEEBA, 0xEE99, 0xEE98, 0xEE99, 0xEE99, 0xEE99, 0xEE99, 0xEE99, 0xE699, 0xE6B9, 0xE6B9, 0xE6D9, 
  0xE6D9, 0xE6B9, 0xE6D9, 0xE6DA, 0xDEB9, 0xDE99, 0xDE99, 0xDE99, 0xDEB9, 0xDE78, 0xDE78, 0xD699, 
  0xD657, 0xDE57, 0xD698, 0xD678, 0xD698, 0xD6B8, 0xD6B9, 0xD699, 0xD678, 0xCE78, 0xCEB8, 0xD678, 
  0xCE78, 0xCE99, 0xCEB9, 0xCF1A, 0xCEDA, 0xC699, 0xC6B9, 0xC699, 0xC679, 0xC6B9, 0xBEBA, 0xBEBA, 
  0xBE99, 0xBEB9, 0xC6FB, 0xC6FB, 0xC6FB, 0xBEDA, 0xBEDA, 0xB6B9, 0xBEB9, 0xBEB9, 0xB6B9, 0xBEDA, 
  0xBEDA, 0xBEDA, 0xBEDA, 0xB6BA, 0xB699, 0xB6BA, 0xC6FB, 0xBEDA, 0xBEBA, 0xBEB9, 0xBEDA, 0xBEB9, 
  0xBEDA, 0xC6DA, 0xAE79, 0xB6B9, 0xC6FA, 0xBEDA, 0xB6BA, 0xBEBA, 0xBEBA, 0xBEBA, 0xBEDA, 0xBEDA, 
  0xBEDA, 0xBEDA, 0xBEDA, 0xBEDA, 0xC6DB, 0xBEFB, 0xC6FA, 0xCF1C, 0xD71C, 0xD71C, 0xCEFB, 0xB6BA, 
  0xAE79, 0xB6B9, 0xB6BA, 0xB6B9, 0xB6DA, 0xB6BA, 0xB6DA, 0xBEDA, 0xBEDA, 0xB6BA, 0xAE99, 0xAE99, 
  0xAE99, 0xAE99, 0xB6B9, 0xB6B9, 0xAE99, 0xA679, 0xA699, 0x9E78, 0x9E78, 0xA699, 0xAE99, 0xAE99, 
  0xB699, 0xB6BA, 0xB6BA, 0xB6BA, 0xB699, 0xAE99, 0xAE99, 0xB699, 0xB6BA, 0xB6BA, 0xB6BA, 0xA679, 
  0x9E58, 0xAE99, 0xA679, 0xA678, 0x9E58, 0x9E58, 0xAE99, 0xAE99, 0xB6BA, 0xB6BA, 0xAE79, 0x9E58, 
  0x9E58, 0x9E78, 0xA699, 0xA699, 0x9E58, 0xA678, 0xA699, 0xAE99, 0xAE99, 0xAE99, 0xA699, 0x9E58, 
  0xFE58, 0xFE78, 0xFE98, 0xFE98, 0xFE37, 0xF5D5, 0xFE37, 0xFE16, 0xFE16, 0xFE16, 0xFE57, 0xFDF6, 
  0xFDF6, 0xFE36, 0xFE16, 0xFE37, 0xFDF5, 0xFDF6, 0xFE78, 0xFE77, 0xFDF6, 0xFDF6, 0xFE78, 0xFEB9, 
  0xFE98, 0xFDF6, 0xFDD5, 0xFDB5, 0xFDF6, 0xFE78, 0xFE57, 0xFDF6, 0xFD53, 0xFD94, 0xFDF6, 0xFE17, 
  0xFDF6, 0xFDF6, 0xFE16, 0xFE37, 0xFE78, 0xFE57, 0xFE58, 0xFE78, 0xFE78, 0xFE37, 0xFE37, 0xFE57, 
  0xFE78, 0xFE98, 0xFE98, 0xFE78, 0xFE78, 0xFE78, 0xFE98, 0xFE78, 0xFE98, 0xFE98, 0xFE98, 0xFE57, 
  0xFE78, 0xFE98, 0xFE98, 0xFE99, 0xFE99, 0xFEFA, 0xFEFA, 0xFED9, 0xFEB9, 0xFEB9, 0xFEB9, 0xFEB9, 
  0xFEB9, 0xF6DA, 0xF6B9, 0xF699, 0xEF1B, 0xEF3B, 0xEF1B, 0xF6FA, 0xEEB9, 0xF679, 0xF617, 0xEE78, 
  0xEEBA, 0xEE99, 0xEE99, 0xEE99, 0xEE99, 0xEE99, 0xEE99, 0xEE99, 0xEE99, 0xE699, 0xE6B9, 0xE6B9, 
  0xDEDA, 0xDEDA, 0xE6DA, 0xDEDA, 0xDEB9, 0xDEB9, 0xDEB9, 0xDEB9, 0xDEB9, 0xDE99, 0xDE99, 0xD698, 
  0xD658, 0xD678, 0xD698, 0xD698, 0xD699, 0xD6B9, 0xD699, 0xD658, 0xCE58, 0xCE98, 0xCE98, 0xCE98, 
  0xCE99, 0xCE99, 0xCEB9, 0xCEDA, 0xC6D9, 0xC6B9, 0xC6B9, 0xC699, 0xC699, 0xC699, 0xC6BA, 0xC6BA, 
  0xBEB9, 0xBEB9, 0xC6DA, 0xCF1B, 0xCF1B, 0xBEB9, 0xBEB9, 0xBEB9, 0xBEB9, 0xBEB9, 0xBEB9, 0xBEB9, 
  0xBEB9, 0xBEB9, 0xBEBA, 0xC6FB, 0xB699, 0xB699, 0xBEDA, 0xC6FA, 0xBEB9, 0xBEB9, 0xC6FA, 0xBEDA, 
  0xBEDA, 0xC6FA, 0xBEBA, 0xBEDA, 0xBEDA, 0xBEBA, 0xBEDA, 0xBEDA, 0xBEBA, 0xBEDA, 0xBEDA, 0xBEDA, 
  0xBEFB, 0xBEDA, 0xBEDA, 0xCEFB, 0xC6DB, 0xC6DB, 0xBEDA, 0xC6FB, 0xCF1B, 0xCF1B, 0xD73C, 0xB699, 
  0xA678, 0xAEB9, 0xB6B9, 0xB6BA, 0xBEDA, 0xB6BA, 0xBEDA, 0xBEDA, 0xBEDA, 0xBEDA, 0xB6BA, 0xAE99, 
  0xAE99, 0xAEB9, 0xB6BA, 0xB6B9, 0xB6BA, 0x9E58, 0x9E58, 0x9E78, 0x9E58, 0xA678, 0xAE99, 0xAE99, 
  0xB699, 0xB6BA, 0xB6BA, 0xB6BA, 0xB6BA, 0xB699, 0xB699, 0xB6BA, 0xAE99, 0xB69A, 0xBEDB, 0xAE79, 
  0x9E78, 0x9E78, 0x9E79, 0xA678, 0xA679, 0xAE99, 0xAE99, 0xB6BA, 0xB6BA, 0xAE99, 0xA679, 0x9E58, 
  0x9E58, 0x9E78, 0x9E78, 0x9E78, 0xA678, 0xA699, 0x9E58, 0xA699, 0x9E58, 0x9E58, 0x9E78, 0x9E78, 
  0xFE37, 0xFE57, 0xFE98, 0xFEB9, 0xFE78, 0xFDF5, 0xFE37, 0xFE16, 0xFE16, 0xFE16, 0xFE16, 0xFDF6, 
  0xFE37, 0xFDF6, 0xFE37, 0xFE78, 0xFDD5, 0xFDF6, 0xFE37, 0xFE78, 0xFE57, 0xFE37, 0xF5D5, 0xFE16, 
  0xFE16, 0xF5D5, 0xFDB4, 0xFDB5, 0xF5B5, 0xFDF6, 0xFE37, 0xFE57, 0xFDD5, 0xFDD5, 0xFDF6, 0xFDD5, 
  0xFD95, 0xFDD5, 0xFE16, 0xFE16, 0xFE57, 0xFE57, 0xFE57, 0xFE99, 0xFE78, 0xFE78, 0xFE78, 0xFE57, 
  0xFE77, 0xFE58, 0xFE58, 0xFE78, 0xFE78, 0xFE78, 0xFE98, 0xFE98, 0xFE98, 0xFE98, 0xFE98, 0xFE78, 
  0xFE57, 0xFE98, 0xFE99, 0xFE99, 0xFE99, 0xF6B9, 0xFEFA, 0xFEFA, 0xF6B9, 0xFE99, 0xFEB9, 0xFEB9, 
  0xFE99, 0xF6D9, 0xF6B9, 0xEEFA, 0xEF3B, 0xEF1B, 0xEF1B, 0xEEB9, 0xEE99, 0xF699, 0xEE99, 0xEEB9, 
  0xEEB9, 0xEEB9, 0xEE99, 0xEE99, 0xEE99, 0xEE99, 0xEE99, 0xEE99, 0xEE99, 0xE699, 0xE699, 0xE6B9, 
  0xE6B9, 0xE6B9, 0xE6B9, 0xDEB9, 0xDED9, 0xDEB9, 0xDEB9, 0xDEB9, 0xDEB9, 0xDEB9, 0xD699, 0xD698, 
  0xD698, 0xD698, 0xD699, 0xD699, 0xD698, 0xD698, 0xD699, 0xD657, 0xD678, 0xCE98, 0xCE99, 0xCE99, 
  0xCE99, 0xCE99, 0xCEB9, 0xCEB9, 0xC6B9, 0xC6B9, 0xC699, 0xC699, 0xC699, 0xC678, 0xC699, 0xC6DA, 
  0xBEBA, 0xBEB9, 0xBEBA, 0xC6FA, 0xC6FB, 0xBEB9, 0xB699, 0xB699, 0xBEB9, 0xBEB9, 0xBEB9, 0xBEB9, 
  0xC6FA, 0xC6DA, 0xC6DA, 0xC6FB, 0xB699, 0xB6B9, 0xC6FA, 0xC6FA, 0xBEB9, 0xBEB9, 0xBEDA, 0xC6FA, 
  0xC6FA, 0xCF1B, 0xC6FB, 0xC6FB, 0xBEBA, 0xB6BA, 0xBEBA, 0xBEDA, 0xBEBA, 0xBEDA, 0xC6DA, 0xBEDA, 
  0xBEDA, 0xBEDA, 0xC6DA, 0xCEFB, 0xC6DA, 0xC6FB, 0xC6FB, 0xBEDA, 0xC71B, 0xD71B, 0xD73B, 0xB6B9, 
  0xA678, 0xB6BA, 0xBEFB, 0xBEFB, 0xB6B9, 0xB6B9, 0xB6BA, 0xBEDA, 0xC6FB, 0xBEDB, 0xBEDA, 0xB6BA, 
  0xAE99, 0xB6BA, 0xB6BA, 0xB6BA, 0xB6BA, 0xA679, 0xAEB9, 0xA679, 0xA679, 0xAE99, 0xAE99, 0xAE99, 
  0xB6BA, 0xB6BA, 0xB6BA, 0xB6BA, 0xB6BA, 0xB6BA, 0xB6BA, 0xAE99, 0xA678, 0xAE99, 0xBEBA, 0xB6BA, 
  0xA678, 0x9E78, 0x9E79, 0xA699, 0xAE99, 0xAE79, 0xAE99, 0xB6BA, 0xB6BA, 0xAE99, 0xA679, 0xA699, 
  0x9E78, 0x9E78, 0x9E78, 0x9E78, 0xA679, 0xA679, 0xA699, 0xA679, 0xA679, 0x9E99, 0x8E17, 0x8E38, 
  0xFE36, 0xFE57, 0xFE57, 0xFEB9, 0xFE78, 0xFE17, 0xFE37, 0xFE37, 0xFDF5, 0xFDF6, 0xFE16, 0xFE37, 
  0xFE78, 0xFE57, 0xFE16, 0xFDF5, 0xFD94, 0xFDF6, 0xFE37, 0xFE37, 0xFE57, 0xFE37, 0xFDB4, 0xF553, 
  0xFDF6, 0xFE37, 0xF594, 0xFDB4, 0xFDD5, 0xFDB4, 0xFDF6, 0xFE37, 0xFDF6, 0xFDF6, 0xFDF6, 0xFDD5, 
  0xFDB5, 0xFDF5, 0xFE57, 0xFE57, 0xFE58, 0xFE98, 0xFE99, 0xFEB9, 0xFE78, 0xFE57, 0xFE58, 0xFE78, 
  0xFE78, 0xFE16, 0xF5D5, 0xFE37, 0xFE78, 0xFE98, 0xFE99, 0xFE99, 0xFEB9, 0xFE98, 0xFE78, 0xFE98, 
  0xFE57, 0xFE78, 0xFE99, 0xFE99, 0xFE99, 0xFEB8, 0xF6B9, 0xF6DA, 0xFEFA, 0xFEB9, 0xFEB9, 0xFEB9, 
  0xFE99, 0xF6B9, 0xF6B9, 0xEF1B, 0xEF1B, 0xEEFB, 0xEEDA, 0xEEB9, 0xF699, 0xEE99, 0xEE99, 0xEE98, 
  0xEE99, 0xEEB9, 0xEEB9, 0xE699, 0xEE99, 0xEE99, 0xEE99, 0xEE99, 0xEE99, 0xE699, 0xE6B9, 0xE6B9, 
  0xE6B9, 0xE6B9, 0xE6B9, 0xDEB9, 0xDED9, 0xDEB9, 0xDEB9, 0xDEB9, 0xDEB9, 0xDE99, 0xDEB9, 0xD698, 
  0xD678, 0xD698, 0xD699, 0xD699, 0xD698, 0xD698, 0xCE99, 0xCE78, 0xCE78, 0xCE78, 0xCE99, 0xCE58, 
  0xD637, 0xCE78, 0xCEB9, 0xCED9, 0xC699, 0xC6B9, 0xC6B9, 0xC699, 0xC678, 0xC678, 0xC678, 0xBEB9, 
  0xBEBA, 0xBEBA, 0xBEBA, 0xC6DA, 0xCEFB, 0xBEBA, 0xBE99, 0xBE99, 0xBEB9, 0xBEB9, 0xB6B9, 0xBEDA, 
  0xCEFB, 0xCEFB, 0xCF1B, 0xCEFB, 0xCF1B, 0xC6DA, 0xBED9, 0xBEDA, 0xBEB9, 0xBEB9, 0xBEBA, 0xC6FA, 
  0xC71B, 0xCEFB, 0xC6FB, 0xC6DB, 0xBEBA, 0xB699, 0xB6B9, 0xBEBA, 0xBEBA, 0xBEDA, 0xBEDA, 0xBEFA, 
  0xB699, 0xBEDA, 0xCEFB, 0xC6DB, 0xBEFA, 0xC6FB, 0xC6DB, 0xBEFA, 0xBEDA, 0xCEFB, 0xD73C, 0xB699, 
  0xAE99, 0xBEFB, 0xC6FB, 0xBEDA, 0xAE99, 0xB6B9, 0xB6BA, 0xBEFB, 0xC6FB, 0xBEDB, 0xBEBA, 0xB6BA, 
  0xB6BA, 0xAE99, 0xA678, 0xAE99, 0xA679, 0x9E78, 0xA679, 0xA699, 0xAEB9, 0xAE99, 0xA699, 0xA678, 
  0xA699, 0xAEBA, 0xB6BA, 0xB6BA, 0xB6BA, 0xB6BA, 0xB6BA, 0xAE99, 0xA679, 0xAE99, 0xB6BA, 0xB6DA, 
  0xA678, 0x9E78, 0xA679, 0xAE99, 0xAE99, 0xAE99, 0xB6BA, 0xB6BA, 0xB6BA, 0xB6BA, 0xB6BA, 0xB6BA, 
  0xA678, 0x9E78, 0x9E78, 0x9E78, 0x9E78, 0x9E78, 0xA679, 0xA699, 0xA679, 0xA699, 0x9658, 0x9658, 
  0xFE37, 0xFE57, 0xFE57, 0xFEB9, 0xFE78, 0xFE57, 0xFE37, 0xFE16, 0xFDF5, 0xFE16, 0xFE57, 0xFE78, 
  0xFE58, 0xFE57, 0xFE16, 0xFDF6, 0xFDD5, 0xFE36, 0xFE57, 0xFE16, 0xFE37, 0xFDF6, 0xFE16, 0xFE57, 
  0xFE57, 0xFDD6, 0xFDF6, 0xFDB4, 0xFDB5, 0xFE16, 0xFDB5, 0xFE17, 0xFE37, 0xFE37, 0xFDF6, 0xFDD5, 
  0xFDF6, 0xFE36, 0xFE77, 0xFE57, 0xFE37, 0xFE57, 0xFE16, 0xFE37, 0xFE57, 0xFDF6, 0xFE17, 0xFE98, 
  0xFE78, 0xFE37, 0xFE37, 0xFE78, 0xFE78, 0xFE78, 0xFE99, 0xFEB9, 0xFE98, 0xFE98, 0xFE98, 0xFE99, 
  0xFE78, 0xFE57, 0xFE98, 0xFE79, 0xFE98, 0xFE98, 0xFEB9, 0xF6B9, 0xF6D9, 0xFEFA, 0xFED9, 0xFEB9, 
  0xFEB9, 0xFEB9, 0xF6DA, 0xEF1B, 0xEF1B, 0xEEDA, 0xEE99, 0xF658, 0xF658, 0xF699, 0xF699, 0xEE99, 
  0xEE99, 0xEE99, 0xEEB9, 0xE699, 0xEE99, 0xEE99, 0xEE99, 0xE699, 0xE699, 0xE6B9, 0xE6B9, 0xE6B9, 
  0xE6B9, 0xE6B9, 0xE6B9, 0xDED9, 0xDEDA, 0xDE99, 0xDE99, 0xDEB9, 0xDE99, 0xD699, 0xD6B9, 0xD699, 
  0xD698, 0xD699, 0xD699, 0xD678, 0xD699, 0xD699, 0xD699, 0xCE99, 0xCE78, 0xCE78, 0xCE99, 0xCE78, 
  0xCE98, 0xCEB9, 0xCED9, 0xCEB9, 0xCE99, 0xC699, 0xC6B9, 0xC699, 0xC699, 0xC678, 0xC678, 0xBE99, 
  0xBEBA, 0xBEBA, 0xBEB9, 0xC6DA, 0xCEFB, 0xBEB9, 0xBE99, 0xBEB9, 0xBE99, 0xBEB9, 0xBEB9, 0xBEB9, 
  0xC6DA, 0xC6FA, 0xCF1B, 0xD71B, 0xD71B, 0xCF1B, 0xC6DA, 0xBEB9, 0xBEB9, 0xBEB9, 0xC6FA, 0xBEBA, 
  0xBEBA, 0xCEFB, 0xC6DA, 0xBEDA, 0xBEBA, 0xB6BA, 0xBEBA, 0xBEBA, 0xBEDA, 0xBEDA, 0xBEDA, 0xBEDA, 
  0xB6BA, 0xB6BA, 0xC6FB, 0xBEFA, 0xBEDA, 0xBEFB, 0xBEDA, 0xBEDA, 0xC6FB, 0xCF1C, 0xCEFB, 0xBEBA, 
  0xB6BA, 0xBEDA, 0xBEBA, 0xBEDA, 0xB699, 0xBEDA, 0xBEDA, 0xBEDA, 0xBEDA, 0xB6DA, 0xBEDA, 0xB6BA, 
  0xAE99, 0xAE99, 0x8E37, 0x8E17, 0x9658, 0x9E78, 0xAE99, 0xAE99, 0xAE99, 0xAE99, 0xA678, 0x9E78, 
  0xA678, 0xAEB9, 0xB6BA, 0xB6BA, 0xB6BA, 0xB699, 0xB69A, 0xA699, 0xAE99, 0xAE99, 0xAE99, 0xAE99, 
  0xAE99, 0x9E78, 0x9E78, 0xAE99, 0xAE99, 0xAE99, 0xAE99, 0xAE99, 0xB6BA, 0xB6BA, 0xB6BA, 0xB6BA, 
  0xAEB9, 0xA699, 0xA699, 0xA678, 0x9E78, 0x9E78, 0xA679, 0xA699, 0xAE99, 0xAE99, 0x9657, 0x9637, 
  0xFE16, 0xFE77, 0xFEB9, 0xFEB9, 0xFE98, 0xFE16, 0xFE37, 0xFE16, 0xFE16, 0xFE37, 0xFE58, 0xFE58, 
  0xFE58, 0xFE58, 0xFE58, 0xFE58, 0xFE17, 0xFE37, 0xFE37, 0xFDF5, 0xFE16, 0xFDD5, 0xFDB5, 0xFDD5, 
  0xFDF6, 0xFE57, 0xFE37, 0xFDF5, 0xFDD6, 0xFE17, 0xFDF5, 0xFE57, 0xFE58, 0xFE58, 0xFE57, 0xFE37, 
  0xFDF6, 0xFE16, 0xFE16, 0xFE16, 0xFE16, 0xFE37, 0xFE37, 0xFE57, 0xFE57, 0xFE37, 0xFE57, 0xFE37, 
  0xFE78, 0xFE78, 0xFE98, 0xFE78, 0xFE78, 0xFE78, 0xFE98, 0xFE98, 0xFE99, 0xFE99, 0xFEB9, 0xFE99, 
  0xFE98, 0xFE57, 0xFE98, 0xFE98, 0xFE99, 0xFE99, 0xFE99, 0xF6B9, 0xF6B9, 0xF6B9, 0xFEDA, 0xFEFA, 
  0xF6B9, 0xF6D9, 0xF6FA, 0xEF1B, 0xF71A, 0xF6FA, 0xEEB9, 0xF698, 0xEE98, 0xEE99, 0xF699, 0xEE99, 
  0xEE99, 0xEE99, 0xEE99, 0xEEB9, 0xEE99, 0xEE99, 0xEE99, 0xE699, 0xE699, 0xE6B9, 0xE6B9, 0xE6B9, 
  0xE6B9, 0xE6B9, 0xE699, 0xDEB9, 0xDEB9, 0xDE98, 0xDEBA, 0xDEBA, 0xDEB9, 0xD6B9, 0xD699, 0xD6B9, 
  0xD699, 0xD698, 0xD699, 0xD698, 0xD699, 0xD699, 0xD698, 0xD699, 0xCE98, 0xCE99, 0xCE99, 0xCE99, 
  0xCEB9, 0xCED9, 0xCEB9, 0xC699, 0xC699, 0xC699, 0xC699, 0xC699, 0xC699, 0xC699, 0xC698, 0xC6B9, 
  0xBEBA, 0xBEBA, 0xBEBA, 0xC6DA, 0xC6DA, 0xB699, 0xB699, 0xB699, 0xBE99, 0xBEB9, 0xBEDA, 0xBEB9, 
  0xB6B9, 0xC6FA, 0xC6FA, 0xC6DA, 0xCF1B, 0xCF1B, 0xCF1B, 0xC6FB, 0xBEDA, 0xBEDA, 0xBEDA, 0xAE99, 
  0xBEBA, 0xCF1B, 0xC6DA, 0xBEBA, 0xBEBA, 0xBEBA, 0xBEDA, 0xBEBA, 0xBEBA, 0xBEBA, 0xBEDA, 0xBEFA, 
  0xBEFB, 0xBEFA, 0xBEFA, 0xB6BA, 0xB6BA, 0xBEFA, 0xBEDA, 0xC6FB, 0xCEFB, 0xCF1B, 0xBEBA, 0xBEDA, 
  0xBEDA, 0xBEDA, 0xC6FB, 0xBEDA, 0xBEDA, 0xBEDA, 0xBEDA, 0xC6FB, 0xC6DB, 0xBEDA, 0xC6FB, 0xBEDA, 
  0xA678, 0x9E37, 0x8617, 0x8E17, 0x9E79, 0xAE99, 0xAEB9, 0xAE99, 0xAE99, 0xAE99, 0xAE99, 0xAE99, 
  0xA679, 0xAE99, 0xB6BA, 0xBEFB, 0xB6BA, 0xAE99, 0xAE99, 0xAE99, 0xAE99, 0xA699, 0xAE99, 0xAE99, 
  0xAE99, 0xA678, 0xA699, 0xAE99, 0xB6BA, 0xB699, 0xAE99, 0xAE99, 0xAE99, 0xB6BA, 0xB6BA, 0xB6BA, 
  0xB6BA, 0xAE99, 0xA699, 0xAE99, 0xA699, 0x9E78, 0xA679, 0xAEBA, 0xA699, 0xA699, 0xA699, 0xA699, 
  0xFE57, 0xFE57, 0xFE78, 0xFE78, 0xFE98, 0xFE37, 0xFDF6, 0xFDF6, 0xF553, 0xFDF6, 0xFE57, 0xFE57, 
  0xFE57, 0xFE57, 0xFE58, 0xFE78, 0xFDF5, 0xF594, 0xFE37, 0xFDF6, 0xFDD5, 0xFE16, 0xFDD5, 0xFDF6, 
  0xFDD6, 0xFDF6, 0xFE57, 0xFDF6, 0xFDF6, 0xFDD6, 0xFDD5, 0xFE37, 0xFE58, 0xFE99, 0xFE78, 0xFE37, 
  0xFE37, 0xFE57, 0xFE37, 0xFE57, 0xFE57, 0xFE37, 0xFE36, 0xFE57, 0xFE57, 0xFE57, 0xFE57, 0xF616, 
  0xFE78, 0xFE78, 0xFE57, 0xFE57, 0xFE58, 0xFE78, 0xFE78, 0xFE98, 0xFE98, 0xFEB9, 0xFEB9, 0xFEB9, 
  0xFE98, 0xFE98, 0xFE98, 0xFE98, 0xFE99, 0xFE99, 0xF6B9, 0xF6B9, 0xF6B9, 0xF6B9, 0xF6B9, 0xF6DA, 
  0xF6DA, 0xF71A, 0xEF1B, 0xF71B, 0xEEDA, 0xF6FA, 0xF6D9, 0xF6B9, 0xEE99, 0xEE99, 0xEE99, 0xEE99, 
  0xEE99, 0xEEB9, 0xEEB9, 0xEEB9, 0xEEB9, 0xEE99, 0xEE99, 0xE699, 0xE699, 0xE6B9, 0xE6B9, 0xE6B9, 
  0xE6B9, 0xE658, 0xDE17, 0xDEB9, 0xDE99, 0xE698, 0xDEBA, 0xDEB9, 0xDED9, 0xDEB9, 0xD6B9, 0xD6B9, 
  0xD699, 0xD699, 0xD699, 0xD699, 0xD698, 0xD699, 0xD699, 0xD699, 0xCE99, 0xCE99, 0xCE99, 0xCE99, 
  0xCEB9, 0xCEB9, 0xCEB9, 0xCE99, 0xC699, 0xC699, 0xC699, 0xC699, 0xC699, 0xC699, 0xC699, 0xC6B9, 
  0xBEBA, 0xBEBA, 0xBEBA, 0xC6DA, 0xBEBA, 0xB679, 0xB699, 0xB6B9, 0xBEB9, 0xBEDA, 0xC6FB, 0xC6FB, 
  0xBEBA, 0xBEDA, 0xB699, 0xBEBA, 0xBEDA, 0xC6FA, 0xC6FA, 0xC6FA, 0xC6DA, 0xBEFA, 0xBEDA, 0xBEDA, 
  0xC6FA, 0xCEFB, 0xCF1B, 0xBEDA, 0xBEBA, 0xBEBA, 0xBEBA, 0xBEBA, 0xBEBA, 0xC6FB, 0xC6FB, 0xBEDA, 
  0xBEDA, 0xBEDA, 0xB6BA, 0xB699, 0xB6BA, 0xBEDA, 0xC6FB, 0xC6FB, 0xC6DA, 0xC6FB, 0xB699, 0xB699, 
  0xCF1B, 0xC6FB, 0xC6FB, 0xBEDA, 0xBEDA, 0xBEDA, 0xBEDA, 0xBEDA, 0xC6FB, 0xC6DB, 0xC6DB, 0xBEDA, 
  0xAE99, 0xA678, 0x8E17, 0x9E58, 0xAE9A, 0xAE99, 0xAE99, 0xAEB9, 0xAE99, 0xAE99, 0xB699, 0xB6B9, 
  0xAEB9, 0xAE99, 0xAEB9, 0xB6BA, 0xB6BA, 0xAE99, 0x9E58, 0xA678, 0xA699, 0xAE99, 0xB699, 0xB6BA, 
  0xB699, 0xAE99, 0xAE99, 0xAE99, 0xA679, 0xAE99, 0xB6BA, 0xAE99, 0xA679, 0xAE99, 0xB6BA, 0xB6BA, 
  0xB6BA, 0xB6BA, 0xA679, 0x9E78, 0x9E79, 0x9E79, 0xA679, 0xA699, 0x9E79, 0x9E58, 0xA679, 0xB69A, 
  0xFDF6, 0xFDD5, 0xFE57, 0xFE77, 0xFEB9, 0xFE36, 0xFD94, 0xF5B4, 0xFDD6, 0xFE37, 0xFE57, 0xFE57, 
  0xFE57, 0xFE37, 0xFE37, 0xFE57, 0xFDF5, 0xF553, 0xFE16, 0xFDF6, 0xFDF5, 0xFE37, 0xFE16, 0xFE16, 
  0xFE37, 0xFDB5, 0xFE16, 0xFE16, 0xFDF6, 0xFDF6, 0xFDD6, 0xFE16, 0xFE78, 0xFE16, 0xFDF6, 0xFE16, 
  0xFE37, 0xFE37, 0xFE36, 0xFDD5, 0xFE36, 0xFE37, 0xFE57, 0xFE37, 0xFE16, 0xFE37, 0xFE57, 0xFE58, 
  0xFE78, 0xFE78, 0xFE37, 0xFE37, 0xFE78, 0xFE98, 0xFE98, 0xFE98, 0xFE98, 0xFEB9, 0xFEB9, 0xFE99, 
  0xFE99, 0xFE98, 0xFE58, 0xFE98, 0xFE99, 0xFE99, 0xFEB9, 0xFEB9, 0xFEB9, 0xF6B9, 0xF6BA, 0xF6DA, 
  0xF6DA, 0xF71B, 0xEF1B, 0xF6FA, 0xF6DA, 0xF6D9, 0xF6B9, 0xEE99, 0xEE99, 0xF699, 0xEE99, 0xEE99, 
  0xEE99, 0xEE99, 0xE6B9, 0xEEB9, 0xEEB9, 0xEE99, 0xEE99, 0xE699, 0xE6B9, 0xE6B9, 0xE6B9, 0xE6B9, 
  0xE6B9, 0xE699, 0xE698, 0xDED9, 0xDEB9, 0xDEB9, 0xDEBA, 0xDEDA, 0xDEBA, 0xDEBA, 0xD6B9, 0xD6B9, 
  0xD6B9, 0xD6B9, 0xD699, 0xD699, 0xD699, 0xD699, 0xD699, 0xD6B9, 0xCE99, 0xCE99, 0xCEB9, 0xCEB9, 
  0xCEB9, 0xCE99, 0xCE99, 0xCE99, 0xC699, 0xC699, 0xC6B9, 0xC6B9, 0xC6B9, 0xC6B9, 0xC699, 0xC6B9, 
  0xBEBA, 0xBEBA, 0xBEBA, 0xC6DA, 0xC6DA, 0xB699, 0xB699, 0xBEB9, 0xBEB9, 0xBEB9, 0xBEDA, 0xBEDA, 
  0xC6FA, 0xBEFA, 0xB6B9, 0xB699, 0xBEDA, 0xC6DA, 0xC6DA, 0xC6DA, 0xC6DA, 0xBEDA, 0xB6B9, 0xC6FB, 
  0xCF1B, 0xCEFB, 0xCEFB, 0xBEBA, 0xC6DA, 0xC6FB, 0xC6DA, 0xCEFB, 0xCEFB, 0xCEFB, 0xC6DA, 0xC6FA, 
  0xC6FB, 0xC6FB, 0xBEBA, 0xB6BA, 0xBEDA, 0xBEDA, 0xC6FB, 0xC6DA, 0xBEDA, 0xCF1B, 0xC6DA, 0xB6B9, 
  0xD73C, 0xCF1B, 0xBEDA, 0xBEDA, 0xBEDA, 0xBEDA, 0xBEDA, 0xBEDA, 0xC6FB, 0xB6DA, 0xC6DB, 0xBEDA, 
  0xAE99, 0xA679, 0x9637, 0xA679, 0xAE9A, 0xAE99, 0xAE99, 0xBEDA, 0xAE99, 0xAE99, 0xB6B9, 0xB6B9, 
  0xAEBA, 0xAE99, 0xAE99, 0xAE99, 0xAEB9, 0xAE99, 0xA678, 0xAE99, 0xAE99, 0xB699, 0xAE99, 0xB6BA, 
  0xBEBA, 0xB6BA, 0xAE99, 0xAE99, 0xA679, 0xA679, 0xAE99, 0xB6BA, 0xAE99, 0xB699, 0xB6BA, 0xB6BA, 
  0xB6BA, 0xB6BA, 0xB6B9, 0xAE99, 0x9E58, 0x9E58, 0x9E78, 0x9E79, 0x9638, 0x9638, 0x9E79, 0xAE99, 
  0xFDD6, 0xFE16, 0xFE57, 0xFE57, 0xFEB9, 0xFE57, 0xFDD5, 0xF5B5, 0xFE17, 0xFE57, 0xFE16, 0xFE16, 
  0xFE37, 0xFE37, 0xFE37, 0xFE16, 0xFDF6, 0xFE57, 0xFE16, 0xFDF6, 0xFE16, 0xFDF6, 0xF5B5, 0xFDB5, 
  0xFE37, 0xFE16, 0xFE57, 0xFE57, 0xFE16, 0xFE37, 0xFE57, 0xFE99, 0xFE78, 0xF594, 0xFD94, 0xFE36, 
  0xFE57, 0xFE78, 0xFE57, 0xF594, 0xFE16, 0xFE37, 0xFE57, 0xFE16, 0xFDB5, 0xFE17, 0xFE57, 0xFE57, 
  0xFE78, 0xFE78, 0xFE78, 0xFE78, 0xFE78, 0xFE57, 0xFE78, 0xFE98, 0xFE99, 0xFEB9, 0xFEB9, 0xFEB9, 
  0xFE99, 0xFE78, 0xFE58, 0xFE78, 0xFE99, 0xFE99, 0xFE99, 0xFEB9, 0xF6B9, 0xF6B9, 0xF6DA, 0xF6DA, 
  0xF6DA, 0xF6FA, 0xF71B, 0xF6FA, 0xF6B9, 0xF6B9, 0xF6D9, 0xEE99, 0xEE99, 0xEE99, 0xEE99, 0xEE99, 
  0xEE99, 0xEE99, 0xE6B9, 0xEEB9, 0xEEB9, 0xEE99, 0xE699, 0xE699, 0xE6B9, 0xE6B9, 0xE6B9, 0xE6B9, 
  0xDEB9, 0xDEB9, 0xDEB9, 0xDED9, 0xE6B9, 0xDEDA, 0xDEFA, 0xDEFB, 0xDEDA, 0xD6B9, 0xD699, 0xD6B9, 
  0xD6B9, 0xD6B9, 0xD699, 0xD6B9, 0xD6B9, 0xD699, 0xD699, 0xCEB9, 0xCEB9, 0xCE99, 0xCEB9, 0xCED9, 
  0xC6B9, 0xCE99, 0xCE99, 0xCE99, 0xC699, 0xC6B9, 0xC6B9, 0xC6B9, 0xBED9, 0xBEB9, 0xC6B9, 0xBEB9, 
  0xBEBA, 0xBEBA, 0xBEBA, 0xC6DA, 0xC6DA, 0xB6B9, 0xBEBA, 0xBEBA, 0xBEB9, 0xBEDA, 0xB6B9, 0xBEBA, 
  0xBEDA, 0xB6BA, 0xB699, 0xB6B9, 0xBEDA, 0xBEDA, 0xBEDA, 0xC6DA, 0xC6FA, 0xB699, 0xAE78, 0xBEBA, 
  0xC6FA, 0xCEFB, 0xCEFB, 0xCEFB, 0xC6DA, 0xC6DA, 0xCEFB, 0xCEFB, 0xD71B, 0xCF1B, 0xCF1B, 0xCF1B, 
  0xC6FA, 0xCEFB, 0xC6FB, 0xBEDA, 0xBEFA, 0xBEDA, 0xC6FA, 0xC6FA, 0xC6FA, 0xCEFB, 0xD73C, 0xD73C, 
  0xD71C, 0xD73C, 0xCF1B, 0xBEDA, 0xB6DA, 0xBEDA, 0xBEDA, 0xC6FB, 0xC6FA, 0xB6DA, 0xBEDA, 0xBEDA, 
  0xB69A, 0xAE99, 0xAE99, 0xAE99, 0xAE99, 0xAEB9, 0xAE99, 0xBEDA, 0xB6BA, 0xB699, 0xB6BA, 0xB6B9, 
  0xAE99, 0xAE9A, 0xAE99, 0xAE99, 0xB6BA, 0xB69A, 0xAE99, 0xAEB9, 0xAE99, 0xB699, 0xB699, 0xB69A, 
  0xBEBA, 0xBEDA, 0xB6BA, 0xAE99, 0xAE9A, 0xA679, 0xA679, 0xB6BA, 0xB6BA, 0xB6BA, 0xB6BA, 0xB69A, 
  0xB6BA, 0xB6BA, 0xB6BA, 0xAEB9, 0x9E78, 0x9658, 0x9658, 0x9E78, 0x8617, 0x9638, 0x9E58, 0xA679, 
  0xFE37, 0xFE37, 0xF5F6, 0xFE58, 0xFE99, 0xFE16, 0xFE16, 0xFE16, 0xFDD5, 0xF533, 0xFD94, 0xFE36, 
  0xFE37, 0xFE37, 0xFE57, 0xFE16, 0xFE16, 0xFE58, 0xFE37, 0xFE17, 0xF574, 0xFDD5, 0xFE57, 0xFE57, 
  0xFE78, 0xFE57, 0xFE57, 0xFE78, 0xFE78, 0xFE58, 0xFE99, 0xFE99, 0xFE57, 0xFDF5, 0xF573, 0xFDF6, 
  0xFE16, 0xFE77, 0xFE57, 0xFDF6, 0xFE16, 0xFE37, 0xFE57, 0xFE37, 0xFE37, 0xFE57, 0xFE57, 0xFE78, 
  0xFE78, 0xFE78, 0xFE78, 0xFE98, 0xFE78, 0xFE37, 0xFE78, 0xFE98, 0xFE99, 0xFEB9, 0xFEB9, 0xFEB9, 
  0xFE78, 0xFE58, 0xFE78, 0xFE57, 0xFE57, 0xFE78, 0xFE99, 0xFEB9, 0xF6B9, 0xF6B9, 0xF6B9, 0xF6B9, 
  0xF6B9, 0xF6FA, 0xF71B, 0xEF1B, 0xEEFA, 0xF6DA, 0xF6B9, 0xF699, 0xEE99, 0xEE99, 0xEE99, 0xEE99, 
  0xEE99, 0xEE99, 0xE6B9, 0xEEB9, 0xEEB9, 0xEE99, 0xE699, 0xE699, 0xE6B9, 0xE6B9, 0xE699, 0xE6B9, 
  0xDEBA, 0xDEBA, 0xDEB9, 0xDED9, 0xDEB9, 0xDEBA, 0xDEDA, 0xDEDA, 0xDEFA, 0xD6DA, 0xD699, 0xD699, 
  0xD6B9, 0xD699, 0xD699, 0xD6D9, 0xD6D9, 0xD699, 0xD699, 0xCEB9, 0xCEDA, 0xCEB9, 0xCEB9, 0xCED9, 
  0xCEB9, 0xCE99, 0xCE99, 0xCE99, 0xCE99, 0xC6B9, 0xC6B9, 0xC699, 0xC6B9, 0xC6BA, 0xBEB9, 0xBEB9, 
  0xBEBA, 0xBEBA, 0xBE99, 0xBEBA, 0xC6FA, 0xBEDA, 0xBEBA, 0xC6FB, 0xBEBA, 0xC6FA, 0xBEBA, 0xC6FB, 
  0xC6FB, 0xB699, 0xB6BA, 0xBEDA, 0xC6FA, 0xC6FA, 0xC6FA, 0xBEFA, 0xBEBA, 0xAE79, 0xB699, 0xBEDA, 
  0xC6DA, 0xBEDA, 0xC6FA, 0xCF1B, 0xCEFB, 0xC6FA, 0xCEFB, 0xCEFB, 0xCF1B, 0xD71B, 0xCF1B, 0xCF1B, 
  0xCEFB, 0xCEFB, 0xCEFB, 0xC6DB, 0xBEFA, 0xBEDA, 0xC6DA, 0xC6FB, 0xC6FB, 0xCEFB, 0xD71C, 0xD73C, 
  0xD73C, 0xD71C, 0xD71B, 0xC6FB, 0xBEFA, 0xBEDA, 0xC6FB, 0xD71C, 0xCF1B, 0xBEDA, 0xBEDA, 0xB6DA, 
  0xB6BA, 0xB6BA, 0xAE99, 0xAE99, 0xAE99, 0xAE99, 0xAE99, 0xAE99, 0xB6BA, 0xB69A, 0xB699, 0xAE99, 
  0xAE99, 0xAE99, 0xAE99, 0xAE99, 0xB6BA, 0xB6BA, 0xB6BA, 0xA679, 0xAE79, 0xAE99, 0xB69A, 0xB6BA, 
  0xBEBA, 0xBEDA, 0xB6BA, 0xAE99, 0xAE99, 0xAE99, 0xAE79, 0xB6BA, 0xB6BA, 0xAE79, 0xBEBA, 0xB69A, 
  0xB6BA, 0xB6BA, 0xB6BA, 0xAE99, 0xA699, 0x9E58, 0x8E37, 0x9E78, 0x9E58, 0x9E58, 0xAE99, 0xA699, 
  0xFE37, 0xFE37, 0xFE77, 0xFEB9, 0xFEB9, 0xFE57, 0xFE37, 0xFE16, 0xF594, 0xFD33, 0xFDB5, 0xFE16, 
  0xFDF6, 0xFE16, 0xFE16, 0xFE37, 0xFE36, 0xFDF5, 0xFDF6, 0xFDD5, 0xFE16, 0xFDF6, 0xFE78, 0xFE78, 
  0xFE98, 0xFE98, 0xFDF6, 0xFE36, 0xFE78, 0xFE99, 0xFE99, 0xFE37, 0xFDF6, 0xFE16, 0xFDF5, 0xFE16, 
  0xFE17, 0xFE57, 0xFE16, 0xF5D6, 0xFE37, 0xFE37, 0xFE78, 0xFE58, 0xFE57, 0xFE37, 0xFE57, 0xFE78, 
  0xFE78, 0xFE78, 0xFE78, 0xFE78, 0xFE78, 0xFE57, 0xFE98, 0xFE99, 0xFE99, 0xFE99, 0xFEB9, 0xFE99, 
  0xFE78, 0xFE78, 0xFE78, 0xFE57, 0xFE58, 0xF699, 0xFE99, 0xFEB9, 0xF6B9, 0xF6B9, 0xF6B9, 0xF6B9, 
  0xF6B9, 0xF6DA, 0xF6FA, 0xF71B, 0xEF1B, 0xF71A, 0xF6DA, 0xEEB9, 0xEE99, 0xF699, 0xF699, 0xEE99, 
  0xEE99, 0xEE99, 0xEEB9, 0xEEB9, 0xEEB9, 0xEEB9, 0xE699, 0xE699, 0xE699, 0xE6B9, 0xE6B9, 0xE6B9, 
  0xDEB9, 0xDEB9, 0xDEB9, 0xDEB9, 0xE6B9, 0xDEB9, 0xD6DA, 0xD6DA, 0xDEDA, 0xDEDA, 0xD6BA, 0xD6B9, 
  0xD6B9, 0xD6B9, 0xD6DA, 0xD6FA, 0xD6B9, 0xD699, 0xD699, 0xD6BA, 0xD6FB, 0xCEBA, 0xCEB9, 0xCEB9, 
  0xCEB9, 0xCE99, 0xCE99, 0xCE99, 0xCE79, 0xCEB9, 0xC6D9, 0xC6B9, 0xC699, 0xC699, 0xC6B9, 0xC6BA, 
  0xBEDA, 0xBEB9, 0xBE79, 0xBEDA, 0xC6DA, 0xBEDA, 0xBEDA, 0xBEB9, 0xBEBA, 0xBEDA, 0xBEDA, 0xBEDA, 
  0xC6FA, 0xB6B9, 0xBEBA, 0xBEBA, 0xBEDA, 0xBEDA, 0xC6DA, 0xBEDA, 0xAE79, 0xB699, 0xBEDA, 0xC6DA, 
  0xC6DA, 0xBEDA, 0xBEB9, 0xC6FA, 0xCF1B, 0xCF1B, 0xCF1B, 0xCF1B, 0xCF1B, 0xCF1B, 0xCF1B, 0xCF3B, 
  0xCF1B, 0xCEFB, 0xCF1B, 0xC6FB, 0xBEFA, 0xBEDA, 0xC6FB, 0xC6FB, 0xC6FB, 0xCF1B, 0xD71B, 0xD73C, 
  0xD71C, 0xD71C, 0xD71C, 0xD73C, 0xC6FB, 0xBEFA, 0xCF1B, 0xCF1B, 0xD71C, 0xBEDA, 0xBEDA, 0xBEDA, 
  0xBEDA, 0xC6FB, 0xBEDA, 0xB699, 0xAE99, 0xB6BA, 0xAEB9, 0xAE99, 0xB6BA, 0xB6BA, 0xAE99, 0xAE99, 
  0xAE99, 0xAE99, 0xAE99, 0xAE99, 0xAE99, 0xB6BA, 0xAE99, 0xA679, 0xAE99, 0xB6BA, 0xB6BA, 0xBEBA, 
  0xBEDA, 0xAE99, 0xB69A, 0xB6BA, 0xAE99, 0xAE99, 0xAE99, 0xAE99, 0xB6BA, 0xB69A, 0xBEBA, 0xB6BA, 
  0xB6BA, 0xB6BA, 0xB6BA, 0xAE99, 0xA699, 0xA679, 0x9E79, 0xAE99, 0xAE99, 0xAE99, 0xAE79, 0xA679, 
  0xFE78, 0xFE57, 0xFE78, 0xFE99, 0xFED9, 0xFE99, 0xF5D6, 0xFDB4, 0xFD74, 0xFDB4, 0xF574, 0xFDF6, 
  0xFE36, 0xFE16, 0xFDD5, 0xFE37, 0xFDF6, 0xF552, 0xFDD5, 0xFDF6, 0xFE37, 0xFDB5, 0xFE37, 0xFE78, 
  0xFEB9, 0xFE99, 0xFE16, 0xFE37, 0xFE98, 0xFE99, 0xFE57, 0xFE57, 0xFE37, 0xFDF6, 0xFDF6, 0xFE57, 
  0xFE16, 0xFE16, 0xFE57, 0xFE57, 0xFE78, 0xFE77, 0xFE78, 0xFE78, 0xFE57, 0xF616, 0xFE37, 0xFE78, 
  0xFE58, 0xFE78, 0xFE57, 0xFE37, 0xFE37, 0xFE58, 0xFE98, 0xFE99, 0xFE99, 0xFE99, 0xFE99, 0xFE98, 
  0xFE98, 0xFE57, 0xFE98, 0xFE78, 0xFE17, 0xFEB9, 0xF6B9, 0xF6B9, 0xF6B9, 0xF6B9, 0xF6B9, 0xF6B9, 
  0xF6B9, 0xF6D9, 0xF6DA, 0xEF1B, 0xEF1B, 0xEEDA, 0xF6FA, 0xEEFA, 0xEEB9, 0xEE99, 0xF699, 0xEE99, 
  0xEE99, 0xEE99, 0xEEB9, 0xEEB9, 0xE6B9, 0xEEB9, 0xE699, 0xE6B9, 0xE699, 0xE6B9, 0xE699, 0xE699, 
  0xE699, 0xE698, 0xE6B9, 0xE6B9, 0xDEB9, 0xDEDA, 0xD6DA, 0xD6DA, 0xD6BA, 0xD6BA, 0xD6B9, 0xD6B9, 
  0xD6B9, 0xD6D9, 0xD6FA, 0xD6DA, 0xD699, 0xD699, 0xD698, 0xD6DA, 0xCF1B, 0xCEDA, 0xC6D9, 0xCEB9, 
  0xC699, 0xCEDA, 0xCEB9, 0xC699, 0xCE99, 0xC699, 0xC6B9, 0xC6D9, 0xC6B9, 0xBEB9, 0xBEB9, 0xBEBA, 
  0xBEBA, 0xBEB9, 0xBEBA, 0xC6DA, 0xC6DA, 0xBEB9, 0xC6FA, 0xBEDA, 0xBEBA, 0xBEDA, 0xBEDA, 0xBEDA, 
  0xBEBA, 0xBEDA, 0xBEDA, 0xBEDA, 0xBEDA, 0xBEDA, 0xC6DA, 0xBEB9, 0xAE78, 0xBEBA, 0xC6DA, 0xBEDA, 
  0xBEFA, 0xBEBA, 0xAE99, 0xBEDA, 0xCF1B, 0xCEFB, 0xCEFB, 0xCF1B, 0xCEFB, 0xC6FA, 0xC6FA, 0xCF1B, 
  0xCF1B, 0xCF1B, 0xD71B, 0xC6FB, 0xC6FB, 0xC6FB, 0xC6FB, 0xC6FB, 0xCEFB, 0xCEFB, 0xCF1B, 0xD71C, 
  0xD71C, 0xD73C, 0xD73C, 0xD71C, 0xC6DB, 0xC6FB, 0xC6FB, 0xCEFB, 0xD71C, 0xC6FB, 0xBEDA, 0xBEDA, 
  0xBEDA, 0xBEDA, 0xCEFB, 0xC6FB, 0xB6BA, 0xBEDA, 0xBEDA, 0xB6B9, 0xB6B9, 0xB6BA, 0xB6BA, 0xB6B9, 
  0xAE99, 0xAE99, 0xAE99, 0xAE99, 0xB6BA, 0xB6BA, 0xAE99, 0xB6BA, 0xB6BA, 0xAE99, 0xAE99, 0xB6BA, 
  0xBEBA, 0xBEDA, 0xBEBA, 0xB6BA, 0xAE99, 0xB699, 0xBEDA, 0xAE99, 0xAE99, 0xBEBA, 0xB6BA, 0xB6BA, 
  0xB699, 0xB6BA, 0xB6BA, 0xAE99, 0xAE99, 0xAE99, 0xB6DA, 0xBEDA, 0xB699, 0xAE99, 0xAE79, 0xA659, 
  0xFEB9, 0xFE77, 0xFE58, 0xFE98, 0xFEB9, 0xFE58, 0xFDF6, 0xFD94, 0xFD53, 0xFDB5, 0xFE16, 0xFE16, 
  0xFDF6, 0xFDF6, 0xFDF5, 0xFE37, 0xFDF6, 0xFD74, 0xFE16, 0xFE57, 0xFE16, 0xFDD5, 0xFE36, 0xFE57, 
  0xFE78, 0xFE37, 0xFE37, 0xFE99, 0xFE78, 0xFE37, 0xFE57, 0xFE57, 0xFE78, 0xFDF6, 0xF594, 0xFE37, 
  0xFE58, 0xFE17, 0xFE36, 0xFE57, 0xFE77, 0xFE98, 0xFE78, 0xFE57, 0xFE37, 0xFE57, 0xFE78, 0xFE78, 
  0xFE37, 0xFE57, 0xFE17, 0xFE37, 0xFE37, 0xFE37, 0xFE98, 0xFEB9, 0xFE99, 0xFEB9, 0xFE99, 0xFE99, 
  0xFE98, 0xFE57, 0xFE57, 0xFE98, 0xFE17, 0xFE98, 0xFEB9, 0xFEB9, 0xFEB9, 0xFEB9, 0xFEB9, 0xFEB9, 
  0xFEB9, 0xFED9, 0xF6DA, 0xF71B, 0xF71A, 0xF6DA, 0xF6DA, 0xF6FA, 0xF6FA, 0xF6DA, 0xEE99, 0xEE99, 
  0xEEB9, 0xEEB9, 0xEEB9, 0xEEB9, 0xEEB9, 0xEEB9, 0xEED9, 0xEEDA, 0xEEB9, 0xEEB9, 0xE699, 0xE699, 
  0xE699, 0xE698, 0xE6B9, 0xE6B9, 0xE6B9, 0xDEDA, 0xDEDA, 0xDEDA, 0xDEDA, 0xD6BA, 0xDEBA, 0xDEBA, 
  0xDEBA, 0xD6BA, 0xD6FA, 0xD6B9, 0xD6B9, 0xD6B9, 0xD699, 0xD6DA, 0xD71B, 0xCEDA, 0xCEDA, 0xCEDA, 
  0xCE99, 0xCEDA, 0xD6FA, 0xCEB9, 0xCE99, 0xCEB9, 0xCEB9, 0xC6B9, 0xC6DA, 0xBEDA, 0xBEDA, 0xBEB9, 
  0xBEDA, 0xBEBA, 0xC6DA, 0xCEFA, 0xC6FA, 0xBEBA, 0xBEBA, 0xC6DA, 0xC6DA, 0xBEDA, 0xBEDA, 0xBEDA, 
  0xC6DA, 0xBEDA, 0xBEDA, 0xC6DA, 0xC6FA, 0xC6DA, 0xC6FA, 0xBEB9, 0xB679, 0xBEDA, 0xC6FA, 0xC6FA, 
  0xC6DA, 0xC6DA, 0xBEBA, 0xBEDA, 0xC6FB, 0xCEFB, 0xCF1B, 0xCF1A, 0xC6FB, 0xC6FA, 0xC71A, 0xC6FB, 
  0xC6FB, 0xD71B, 0xD71C, 0xCF3B, 0xCF1B, 0xCF1B, 0xD71B, 0xD71B, 0xD71B, 0xCEFB, 0xCEFB, 0xD71C, 
  0xDF3C, 0xD73C, 0xD73C, 0xDF3C, 0xDF3C, 0xCF1B, 0xCEFA, 0xD71B, 0xD71C, 0xCF1B, 0xC6FA, 0xC6FB, 
  0xC6FB, 0xC6FB, 0xCF1B, 0xD73C, 0xC6FB, 0xBEDA, 0xBEDA, 0xB6BA, 0xB6BA, 0xB6BA, 0xB6BA, 0xB6B9, 
  0xAE99, 0xAE99, 0xAE99, 0xAE99, 0xB699, 0xB6BA, 0xB6BA, 0xBEDA, 0xBEBA, 0xB6BA, 0xB69A, 0xBEBA, 
  0xBEDA, 0xBEBA, 0xB699, 0xB69A, 0xB6BA, 0xB699, 0xBEBA, 0xBEDA, 0xBEBA, 0xBEDA, 0xAE99, 0xAE79, 
  0xB6DA, 0xB6BA, 0xB6BA, 0xB6BA, 0xB6BA, 0xBEBA, 0xBEDA, 0xBEDA, 0xB699, 0xAE99, 0xAE99, 0xAE79, 
  0xFE78, 0xF5B5, 0xF5D5, 0xFE78, 0xFE37, 0xFE78, 0xFDF5, 0xFD94, 0xFD94, 0xFDD5, 0xFE17, 0xF594, 
  0xFD94, 0xF594, 0xFE16, 0xFE57, 0xFDF6, 0xF594, 0xFDF5, 0xFE16, 0xFE37, 0xFE37, 0xFE16, 0xFE16, 
  0xFE57, 0xFE57, 0xFE78, 0xFE98, 0xFE78, 0xFE78, 0xFE16, 0xFE16, 0xFE16, 0xFDD5, 0xFD94, 0xFE77, 
  0xFE78, 0xEE57, 0xEE77, 0xEE78, 0xEE37, 0xEE57, 0xEE78, 0xEE58, 0xEE58, 0xEE78, 0xEE78, 0xEE37, 
  0xEE16, 0xEE37, 0xE5F6, 0xEE58, 0xEE78, 0xEE37, 0xEE78, 0xEE57, 0xEE57, 0xEE98, 0xE698, 0xEE98, 
  0xEE78, 0xEE78, 0xEE58, 0xEE78, 0xE698, 0xE678, 0xE699, 0xE699, 0xE699, 0xE699, 0xE699, 0xE699, 
  0xE6B9, 0xE6B9, 0xE6B9, 0xE6FA, 0xDE78, 0xE699, 0xE6B9, 0xDE99, 0xDEB9, 0xDEFA, 0xDEBA, 0xDE99, 
  0xDE99, 0xDE98, 0xD698, 0xD699, 0xD6B9, 0xD6B9, 0xD6B9, 0xD699, 0xD6B9, 0xD679, 0xD698, 0xD699, 
  0xD699, 0xD679, 0xCE99, 0xD699, 0xD699, 0xCEB9, 0xCEB9, 0xCEBA, 0xCEB9, 0xC699, 0xC699, 0xC699, 
  0xCE99, 0xC699, 0xC699, 0xC699, 0xC699, 0xC699, 0xC699, 0xC6B9, 0xC6DA, 0xBEB9, 0xBEB9, 0xBEB9, 
  0xBE79, 0xBE99, 0xC6B9, 0xBE78, 0xBE79, 0xBE79, 0xBE99, 0xBE99, 0xB699, 0xB699, 0xB699, 0xB679, 
  0xB699, 0xB699, 0xB699, 0xB6BA, 0xB6BA, 0xAE99, 0xAE99, 0xAE99, 0xB6BA, 0xB6BA, 0xAEB9, 0xB6BA, 
  0xB6BA, 0xB6BA, 0xB6BA, 0xB6BA, 0xB6BA, 0xB6BA, 0xB6BA, 0xAE99, 0xAE99, 0xB6DA, 0xB6BA, 0xB6BA, 
  0xB6BA, 0xB6B9, 0xBEDA, 0xBEDA, 0xBEFA, 0xBEDA, 0xBEDA, 0xBEDA, 0xB6DA, 0xB6DA, 0xB6DA, 0xB6DA, 
  0xAE79, 0xB6BA, 0xC6FB, 0xC6FB, 0xC6FB, 0xC6FB, 0xC6FB, 0xC6FB, 0xBEDA, 0xBEDA, 0xBEDA, 0xC6DB, 
  0xCF3C, 0xCF1C, 0xC6FB, 0xCF1C, 0xCF3C, 0xC6FB, 0xBEDA, 0xBEFA, 0xC6FB, 0xC6FB, 0xBEDB, 0xBEDA, 
  0xC6FB, 0xBEFA, 0xBEDA, 0xC6DB, 0xC6FB, 0xBEFB, 0xB6BA, 0xAE99, 0xAE99, 0xAE99, 0xAE99, 0xA699, 
  0xAEBA, 0xB6BA, 0xAE99, 0xAE99, 0xAEB9, 0xB6BA, 0xB6BA, 0xBEBA, 0xB6BA, 0xB6BA, 0xB6BA, 0xB6BA, 
  0xBEBA, 0xBEBA, 0xB6BA, 0xBEBA, 0xBEDA, 0xBEDA, 0xB6BA, 0xAE9A, 0x9E58, 0x9658, 0x8E17, 0x9E38, 
  0xB6DA, 0xB6BA, 0xB6BA, 0xB6BA, 0xB6BA, 0xB6BA, 0xBEDA, 0xB6BA, 0xAE99, 0xAE99, 0xAE99, 0xAE99, 
  0xFE99, 0xFE57, 0xF573, 0xFE16, 0xFE37, 0xFEB9, 0xFE37, 0xFDF6, 0xF5B5, 0xFDF6, 0xFE17, 0xFE16, 
  0xFE16, 0xF5B5, 0xFE17, 0xFE37, 0xFE16, 0xFE16, 0xFE16, 0xFE57, 0xFE16, 0xFDF6, 0xFE16, 0xFE37, 
  0xFE78, 0xFEB9, 0xFE78, 0xFE36, 0xFE57, 0xFE58, 0xFE37, 0xFE37, 0xFE16, 0xFDD5, 0xF5F6, 0xAD74, 
  0x7513, 0x6D74, 0x75B5, 0x75B5, 0x75B5, 0x7595, 0x75B5, 0x75B5, 0x75B5, 0x75B5, 0x75B5, 0x75B5, 
  0x75B5, 0x75B5, 0x75B5, 0x75B5, 0x75B5, 0x75B5, 0x75B5, 0x75B5, 0x75B5, 0x75B5, 0x75B5, 0x75B5, 
  0x75B5, 0x75B5, 0x75B5, 0x75B5, 0x75D5, 0x75B5, 0x75B5, 0x75B6, 0x75B5, 0x75B5, 0x75B5, 0x75D5, 
  0x75D5, 0x75D5, 0x75D5, 0x6DD6, 0x75B5, 0x75B5, 0x6DD6, 0x75B6, 0x75B5, 0x6DD6, 0x75D5, 0x75B5, 
  0x75B5, 0x6DB5, 0x6DB5, 0x6DD5, 0x6DD6, 0x75B6, 0x75B6, 0x6DB5, 0x6DB5, 0x75B5, 0x75D5, 0x6DD6, 
  0x6DB6, 0x6DB5, 0x6DD5, 0x6DD5, 0x6DD6, 0x6DD6, 0x6DD6, 0x6DD6, 0x6DD6, 0x6DD6, 0x6DD5, 0x6DB6, 
  0x6DB5, 0x6DD5, 0x6DD5, 0x6DD5, 0x6DD5, 0x6DB6, 0x6DB5, 0x6DD5, 0x6DD6, 0x6DD5, 0x6DD5, 0x6DD6, 
  0x6DB6, 0x6DD6, 0x6DD6, 0x6DB6, 0x6DB6, 0x6DD6, 0x6DB6, 0x6DD6, 0x6DD6, 0x6DD6, 0x6DD6, 0x6DD6, 
  0x6DD6, 0x6DD6, 0x6DD6, 0x6DD5, 0x6DD6, 0x6DB6, 0x6DD6, 0x6DD6, 0x6DD5, 0x6DD6, 0x6DD6, 0x6DD6, 
  0x6DD6, 0x6DD6, 0x6DD5, 0x6DD5, 0x6DD6, 0x6DD6, 0x6DB6, 0x6DB6, 0x6DD6, 0x6DD6, 0x6DD6, 0x6DD6, 
  0x6DD6, 0x6DD5, 0x6DB5, 0x6DD6, 0x6DD6, 0x6DD6, 0x6DD6, 0x6DD6, 0x6DD6, 0x6DD6, 0x6DD6, 0x6DB6, 
  0x6DB6, 0x6DB6, 0x6DD6, 0x6DD5, 0x6DD5, 0x6DD6, 0x6DD6, 0x6DD6, 0x6DD6, 0x6DD6, 0x6DD6, 0x6DD6, 
  0x6DD6, 0x6DD6, 0x6DD6, 0x6DD6, 0x6DD6, 0x6DD6, 0x6DD6, 0x6DD6, 0x6DD6, 0x6DD6, 0x6DD6, 0x6DD6, 
  0x6DD6, 0x6DD6, 0x6DD6, 0x6DD6, 0x6DD6, 0x6DD6, 0x6DD6, 0x6DD6, 0x6DB6, 0x6DD6, 0x6595, 0x5554, 
  0x5533, 0x9638, 0xBEDB, 0xAE99, 0xAEB9, 0xB6BA, 0xB6BA, 0xB6BA, 0xBEBA, 0xB6BA, 0xBEBA, 0xBEDB, 
  0xBEDB, 0xBEDB, 0xBEDA, 0xAE99, 0xA679, 0x9E58, 0x9638, 0x8E17, 0x8E17, 0xA658, 0xAE99, 0xB6DA, 
  0xB6DA, 0xB6BA, 0xB6BA, 0xB6BA, 0xB6BA, 0xB699, 0xB6BA, 0xB6BA, 0xB6BA, 0xB699, 0xB699, 0xB699, 
  0xFE99, 0xFE99, 0xFE78, 0xF616, 0xFE57, 0xFE98, 0xFE78, 0xFE57, 0xFE16, 0xFE57, 0xFE16, 0xFE16, 
  0xFE16, 0xFE37, 0xFE57, 0xFE37, 0xFE37, 0xFE37, 0xFE37, 0xFDF6, 0xFE16, 0xFDF6, 0xFDF6, 0xFE57, 
  0xFE36, 0xFE57, 0xFE57, 0xFE57, 0xFE57, 0xFE57, 0xFE77, 0xF616, 0xFE57, 0xF637, 0x74F2, 0x5575, 
  0x6617, 0x5DF6, 0x65F6, 0x65F6, 0x65F6, 0x65F6, 0x65D6, 0x65D6, 0x65D6, 0x65F6, 0x65D6, 0x65D6, 
  0x65D6, 0x65D6, 0x65D6, 0x65F6, 0x65D6, 0x65D6, 0x65D6, 0x65F6, 0x65D6, 0x65F6, 0x65D6, 0x65D6, 
  0x65D6, 0x65D6, 0x65D6, 0x65D6, 0x65D6, 0x65D6, 0x65F6, 0x65D6, 0x65D6, 0x65D6, 0x65D6, 0x65F6, 
  0x5DD6, 0x65D6, 0x65D6, 0x65D6, 0x65D6, 0x65D6, 0x65D6, 0x65D6, 0x65D6, 0x65D6, 0x65D6, 0x65D6, 
  0x65D6, 0x65D6, 0x65D6, 0x65D6, 0x65F6, 0x65D6, 0x65D6, 0x65D6, 0x65D6, 0x65D6, 0x65D6, 0x65D6, 
  0x65D6, 0x65D6, 0x65F6, 0x65F6, 0x65D6, 0x65D6, 0x65D6, 0x65D6, 0x65D6, 0x65D6, 0x65D6, 0x65D6, 
  0x65D6, 0x65D6, 0x65D6, 0x65F6, 0x65F6, 0x65F6, 0x65D6, 0x65D6, 0x65D6, 0x65D6, 0x65D6, 0x65D6, 
  0x65D6, 0x65D6, 0x65D6, 0x65D6, 0x65D6, 0x65D6, 0x65D6, 0x65D6, 0x65D6, 0x65D6, 0x65D6, 0x65D6, 
  0x65D6, 0x65D6, 0x65D6, 0x65D6, 0x65D6, 0x65F6, 0x65D6, 0x65F6, 0x65F6, 0x65D6, 0x65F6, 0x65F6, 
  0x65F6, 0x65F6, 0x65F6, 0x65F6, 0x65F6, 0x65F6, 0x65F6, 0x65D6, 0x65D6, 0x65D6, 0x65D6, 0x65F6, 
  0x65F6, 0x65F6, 0x65D6, 0x65D6, 0x65D6, 0x65D6, 0x65D6, 0x65D6, 0x65D6, 0x65D6, 0x65D6, 0x65D6, 
  0x65F6, 0x65F6, 0x65D6, 0x65F6, 0x65D6, 0x65D6, 0x65D6, 0x65D6, 0x65D6, 0x65D6, 0x65D6, 0x65D6, 
  0x65D6, 0x65D6, 0x65D6, 0x65D6, 0x65D6, 0x65D6, 0x65D6, 0x65D6, 0x65D6, 0x65D6, 0x65D6, 0x65D6, 
  0x65D6, 0x65D6, 0x65D6, 0x65D6, 0x65D6, 0x65D6, 0x65F6, 0x65D6, 0x65D6, 0x65D6, 0x65F6, 0x6E17, 
  0x65D6, 0x44D2, 0x85F7, 0xC6FB, 0xBEBA, 0xBEBA, 0xBEBA, 0xBEBA, 0xBEDA, 0xBEDA, 0xAE99, 0x9E58, 
  0x9637, 0x9658, 0xAE99, 0x9E58, 0xA699, 0xAE99, 0xAE9A, 0xB6BA, 0xBEDA, 0xB6BA, 0xB6BA, 0xBEDA, 
  0xBEDA, 0xBEDA, 0xB6BA, 0xA658, 0xAEB9, 0xB6BA, 0xB6BA, 0xB6BA, 0xB6BA, 0xB6BA, 0xB6BA, 0xB6BA, 
  0xFE78, 0xFE98, 0xFEB9, 0xFE98, 0xFE57, 0xFE78, 0xFE78, 0xFE57, 0xFE78, 0xFE36, 0xFD74, 0xFDD5, 
  0xFDD5, 0xFDB5, 0xFE16, 0xFE57, 0xFE57, 0xFE57, 0xFE57, 0xFE37, 0xFE58, 0xFE57, 0xFE37, 0xFE57, 
  0xFE16, 0xFE17, 0xFE77, 0xFE78, 0xFE57, 0xFE57, 0xFE57, 0xFE57, 0xF678, 0x7512, 0x5DB6, 0x6DF7, 
  0x6513, 0x84D2, 0x8CF2, 0x94F2, 0x94F3, 0x94F2, 0x9513, 0x94F3, 0x94F3, 0x9513, 0x9513, 0x9513, 
  0x94F3, 0x9513, 0x9513, 0x9513, 0x9513, 0x9513, 0x9513, 0x8D13, 0x8D13, 0x9513, 0x9513, 0x8D13, 
  0x8D13, 0x9513, 0x8D13, 0x8D13, 0x8D13, 0x8D13, 0x94F3, 0x8D13, 0x8D13, 0x8D13, 0x8D13, 0x8D13, 
  0x8D13, 0x8D13, 0x8D34, 0x8D13, 0x8D13, 0x8D13, 0x8D13, 0x8D13, 0x8D13, 0x8D13, 0x8D34, 0x8534, 
  0x8534, 0x8D34, 0x8D34, 0x8D34, 0x8D34, 0x8534, 0x8534, 0x8D34, 0x8D34, 0x8513, 0x8513, 0x8513, 
  0x8513, 0x8513, 0x8513, 0x8513, 0x8513, 0x8514, 0x8534, 0x8534, 0x8534, 0x8534, 0x8534, 0x8533, 
  0x8533, 0x8533, 0x8533, 0x8513, 0x8533, 0x8533, 0x8534, 0x7D34, 0x7D33, 0x8533, 0x8533, 0x7D33, 
  0x7D33, 0x7D34, 0x7D34, 0x7D14, 0x7D14, 0x7D14, 0x7D13, 0x7D13, 0x7D13, 0x7D34, 0x7D34, 0x7D34, 
  0x7D13, 0x7D14, 0x7D13, 0x7D14, 0x7D34, 0x7D14, 0x7D34, 0x7D34, 0x7D13, 0x7D34, 0x7513, 0x7D13, 
  0x7513, 0x7D34, 0x7D34, 0x7D34, 0x7D34, 0x7D34, 0x7D34, 0x7D34, 0x7D34, 0x7D34, 0x7D34, 0x7D34, 
  0x7D13, 0x7D14, 0x7D34, 0x7D34, 0x7D34, 0x7D34, 0x7D34, 0x7D13, 0x7D13, 0x7D14, 0x7D34, 0x7D34, 
  0x7D34, 0x7D14, 0x7D34, 0x7D34, 0x7D34, 0x7D34, 0x7D34, 0x8534, 0x8534, 0x8534, 0x8534, 0x8534, 
  0x8534, 0x8554, 0x8534, 0x8534, 0x8534, 0x8554, 0x8534, 0x8534, 0x7D34, 0x7D34, 0x7D34, 0x7D34, 
  0x7D34, 0x7D34, 0x7D34, 0x7D34, 0x7D34, 0x7D34, 0x7D13, 0x7D34, 0x7D34, 0x7D33, 0x74F3, 0x5CD2, 
  0x5DB5, 0x7638, 0x44F2, 0x8596, 0xC6DA, 0xBEDB, 0xBEBA, 0xB69A, 0xA679, 0x9658, 0x8617, 0x8E17, 
  0xA699, 0xAE99, 0xB6BA, 0xAE99, 0xB6BA, 0xB699, 0xB699, 0xB699, 0xBEDA, 0xBEDA, 0xB6BA, 0xBEDA, 
  0xC6FB, 0xBEDA, 0xAE99, 0xA679, 0xB6B9, 0xB6BA, 0xBEBA, 0xB6BA, 0xBEDA, 0xBEDA, 0xB6BA, 0xB6DA, 
  0xFE99, 0xFE57, 0xF5F6, 0xFE57, 0xFE58, 0xFEB9, 0xFEB9, 0xFE57, 0xFE36, 0xFE16, 0xFDD5, 0xFDF5, 
  0xFE57, 0xFDF6, 0xF574, 0xFE17, 0xFDD5, 0xF5B4, 0xFE78, 0xFE78, 0xFE58, 0xFE78, 0xFE57, 0xFE57, 
  0xFE77, 0xFE57, 0xFE57, 0xFE77, 0xFE57, 0xFE37, 0xFE37, 0xFE98, 0xBDD6, 0x5554, 0x65F6, 0x6CB1, 
  0xB4F2, 0xC513, 0xC533, 0xCD54, 0xCD74, 0xD595, 0xD595, 0xDD75, 0xDD95, 0xDDB5, 0xDDB6, 0xD5B6, 
  0xD595, 0xD5B5, 0xD5B6, 0xD5B6, 0xD5B6, 0xD5B6, 0xD5B6, 0xD595, 0xD5B5, 0xD5B6, 0xD5B5, 0xCD95, 
  0xD5B6, 0xD5B6, 0xD5B6, 0xD5B6, 0xD595, 0xD595, 0xD575, 0xD595, 0xCDB6, 0xCDB6, 0xCDB6, 0xCDD6, 
  0xCDB6, 0xCDD6, 0xCDF7, 0xCDB6, 0xCD95, 0xCDD6, 0xCDB6, 0xCDB6, 0xCDD6, 0xCDD6, 0xCDD6, 0xCDD6, 
  0xC5F7, 0xC5D6, 0xC5D6, 0xC5D6, 0xC5D6, 0xC5D6, 0xC5D6, 0xC5D6, 0xC5F6, 0xC5D6, 0xC5B6, 0xC5D6, 
  0xC5D6, 0xC5D6, 0xC5B6, 0xC5D6, 0xC5D6, 0xBDD6, 0xBDD6, 0xBDD6, 0xBDD6, 0xBDD7, 0xBDD6, 0xBDD6, 
  0xBDD6, 0xBDD6, 0xBDD6, 0xBDD6, 0xBDD6, 0xBDD6, 0xBDD6, 0xB5D6, 0xB5D6, 0xB5D6, 0xB5D6, 0xB5D6, 
  0xB5D6, 0xB5D6, 0xBDD6, 0xB5D6, 0xB5D6, 0xB5D7, 0xB5D6, 0xB5D6, 0xB5D6, 0xB5D7, 0xB5D6, 0xB5F7, 
  0xB5D6, 0xB5D7, 0xB5D6, 0xADD6, 0xB5D7, 0xADD6, 0xADD6, 0xADD6, 0xADD6, 0xB5D7, 0xADD6, 0xADD6, 
  0xADD6, 0xB5D7, 0xB5D6, 0xB5D7, 0xB5D7, 0xB5D7, 0xADD6, 0xADD7, 0xB5D7, 0xB5D7, 0xB5F7, 0xB5D7, 
  0xB5D6, 0xB5D7, 0xB5D7, 0xADD7, 0xB5F7, 0xB5F7, 0xB5F7, 0xB5D7, 0xADD6, 0xADD6, 0xB5F7, 0xB5F7, 
  0xB5F7, 0xB5D7, 0xB5F7, 0xB5F7, 0xB5F7, 0xB5F7, 0xB5F7, 0xB5F7, 0xBDF7, 0xBDF7, 0xBDF7, 0xBDF7, 
  0xBE17, 0xC618, 0xC618, 0xBDF7, 0xBDF7, 0xBE17, 0xBDF7, 0xB5F7, 0xB5D7, 0xB5F7, 0xB5F7, 0xB5F7, 
  0xBE17, 0xBE17, 0xBDF7, 0xBE17, 0xBDF7, 0xB5D7, 0xADD7, 0xADD6, 0xB5F7, 0xB5D7, 0xB5D6, 0xA5B6, 
  0x74F3, 0x5D75, 0x6E37, 0x3C71, 0x7CD3, 0x9DF7, 0xAEBA, 0x9E58, 0x9E58, 0xB6BA, 0xBEFB, 0xBEFB, 
  0xBEDA, 0xBEDA, 0xBEDA, 0xB6BA, 0xB699, 0xB6BA, 0xB6BA, 0xBEBA, 0xC6FB, 0xC6FB, 0xC6DB, 0xC6FB, 
  0xC6FB, 0xB6BA, 0xAE79, 0xAE79, 0xB6BA, 0xB6BA, 0xB6BA, 0xBEBA, 0xBEDB, 0xBEDB, 0xBEDB, 0xBEDB, 
  0xFE99, 0xFE98, 0xFE37, 0xFE57, 0xFE57, 0xFE98, 0xFE57, 0xFDF5, 0xFDF6, 0xFE37, 0xFE37, 0xFE16, 
  0xFDF6, 0xFE36, 0xFDF5, 0xFE37, 0xFDD5, 0xFDF5, 0xFDD5, 0xF5D5, 0xFE16, 0xFE37, 0xFE37, 0xFE37, 
  0xFE37, 0xFE57, 0xFE57, 0xFE77, 0xFE77, 0xFE57, 0xFE37, 0xFE78, 0x7D34, 0x65F7, 0x6513, 0xB4F3, 
  0xC4F3, 0xC533, 0xCD74, 0xD595, 0xD5D6, 0xDDF6, 0xE5F6, 0xE5F7, 0xE617, 0xE637, 0xE638, 0xE637, 
  0xE638, 0xE638, 0xE638, 0xE658, 0xE638, 0xE638, 0xE658, 0xE637, 0xE637, 0xE678, 0xE658, 0xE638, 
  0xE638, 0xE638, 0xE638, 0xE638, 0xE638, 0xDE38, 0xE638, 0xDE38, 0xDE58, 0xDE58, 0xDE58, 0xDE58, 
  0xDE38, 0xDE58, 0xDE78, 0xDE37, 0xDE38, 0xDE58, 0xDE58, 0xDE58, 0xD658, 0xD679, 0xD678, 0xD678, 
  0xD679, 0xD658, 0xD658, 0xD699, 0xD679, 0xD679, 0xD679, 0xD679, 0xD679, 0xD679, 0xD658, 0xD659, 
  0xCE79, 0xD658, 0xD658, 0xD658, 0xCE79, 0xCE78, 0xCE78, 0xCE78, 0xCE78, 0xCE78, 0xCE79, 0xCE79, 
  0xCE79, 0xCE58, 0xCE58, 0xCE58, 0xCE58, 0xCE58, 0xC658, 0xC679, 0xC679, 0xC679, 0xC679, 0xC699, 
  0xC679, 0xC678, 0xC678, 0xC658, 0xBE58, 0xBE59, 0xBE79, 0xBE79, 0xBE79, 0xBE79, 0xBE59, 0xBE59, 
  0xBE59, 0xC699, 0xC679, 0xBE59, 0xBE79, 0xBE79, 0xBE59, 0xBE58, 0xC699, 0xC679, 0xBE79, 0xBE79, 
  0xBE79, 0xBE79, 0xBE79, 0xBE79, 0xBE59, 0xBE79, 0xBE79, 0xBE59, 0xBE59, 0xBE79, 0xC679, 0xC679, 
  0xC679, 0xBE79, 0xBE79, 0xBE79, 0xC699, 0xC679, 0xBE79, 0xBE79, 0xBE79, 0xBE79, 0xBE79, 0xBE79, 
  0xC699, 0xC699, 0xC699, 0xC699, 0xBE79, 0xC679, 0xBE79, 0xC699, 0xC69A, 0xCE9A, 0xCE9A, 0xCE9A, 
  0xCE9A, 0xCEBA, 0xCE9A, 0xCE9A, 0xCE9A, 0xC699, 0xC699, 0xC679, 0xC679, 0xC679, 0xC699, 0xC679, 
  0xC679, 0xC69A, 0xC69A, 0xC69A, 0xC69A, 0xC699, 0xBE79, 0xBE79, 0xBE79, 0xC699, 0xC699, 0xBE79, 
  0xBE58, 0x6513, 0x6616, 0x5554, 0x5C50, 0x7CB2, 0x9DD6, 0xBEDA, 0xC71B, 0xC6FB, 0xC6FB, 0xBEDA, 
  0xB6DA, 0xB6DA, 0xBEDA, 0xB6BA, 0xB69A, 0xB6BA, 0xB6DA, 0xBEDA, 0xC6FB, 0xC6FB, 0xC6FB, 0xC6DB, 
  0xB6DA, 0xAE99, 0xB69A, 0xBEBA, 0xBEDA, 0xB6BA, 0xBEBA, 0xBEDA, 0xBEDB, 0xBEDB, 0xBEDB, 0xBEDB, 
  0xFE16, 0xFE98, 0xFEB9, 0xFE98, 0xFE16, 0xFE77, 0xF5D5, 0xFDF5, 0xFE16, 0xFE57, 0xFE37, 0xFE57, 
  0xFE37, 0xFDF6, 0xFDF6, 0xFE16, 0xFE78, 0xFE37, 0xFDF6, 0xFE16, 0xFE37, 0xFE16, 0xFE16, 0xFE16, 
  0xFDF6, 0xFE37, 0xFE16, 0xFE37, 0xFE77, 0xFE98, 0xFE58, 0xF616, 0x6D74, 0x5DD6, 0x7CF2, 0xC4F3, 
  0xBD13, 0xCD54, 0xD595, 0xDDD6, 0xE617, 0xEE37, 0xF638, 0xF699, 0xFEB9, 0xFEDA, 0xFEDA, 0xFEDA, 
  0xFEDA, 0xFEDA, 0xFEDA, 0xFEDA, 0xFEDA, 0xFEDA, 0xFEBA, 0xFEB9, 0xFE78, 0xFEB9, 0xF6DA, 0xF6BA, 
  0xF6DA, 0xF6FA, 0xF6FA, 0xF6DA, 0xF6DA, 0xF6DA, 0xF6FA, 0xF6DA, 0xF6DA, 0xF6FB, 0xF6FB, 0xF71B, 
  0xF6FA, 0xF6DA, 0xF6DA, 0xEEDA, 0xF6FB, 0xEEFB, 0xEEFA, 0xEEFB, 0xEF1B, 0xEF1B, 0xEF3B, 0xEF1B, 
  0xEEFB, 0xF6FB, 0xEEFB, 0xEF1B, 0xEF1B, 0xE71B, 0xE71B, 0xE71B, 0xE71B, 0xE73B, 0xE71B, 0xE6FB, 
  0xE6FB, 0xE71B, 0xE71B, 0xE71B, 0xE71B, 0xE71B, 0xE71B, 0xE71B, 0xE71B, 0xE71B, 0xE71B, 0xE71B, 
  0xE71B, 0xE71B, 0xDEFB, 0xDEFB, 0xDEFB, 0xDEFB, 0xDEFB, 0xDF1B, 0xDF1B, 0xDF1B, 0xDF3C, 0xDF3C, 
  0xDF1B, 0xDF1B, 0xD73B, 0xD6FB, 0xD6FB, 0xD71B, 0xD71B, 0xCF1B, 0xD71B, 0xD71B, 0xD71B, 0xD71B, 
  0xD6FB, 0xD71B, 0xD73C, 0xD71B, 0xD71B, 0xCEFB, 0xCEFB, 0xCEFB, 0xD73C, 0xD73C, 0xD71B, 0xD71B, 
  0xD71B, 0xD71B, 0xD71B, 0xD71B, 0xD71B, 0xCEFB, 0xD71B, 0xD71B, 0xD71B, 0xD71B, 0xD71B, 0xD71B, 
  0xD71B, 0xD71B, 0xD73C, 0xD71C, 0xD73C, 0xD73C, 0xD71B, 0xD71B, 0xD71C, 0xCF1B, 0xD71B, 0xD73C, 
  0xDF3C, 0xD73C, 0xD73C, 0xD73C, 0xD71C, 0xD71C, 0xD73C, 0xDF3C, 0xDF3C, 0xDF3C, 0xE75C, 0xE75C, 
  0xE75C, 0xE75D, 0xE75D, 0xDF3C, 0xDF3C, 0xDF3C, 0xDF3C, 0xD73C, 0xD71B, 0xD73C, 0xD73C, 0xD71C, 
  0xD71C, 0xDF3C, 0xDF3C, 0xDF5C, 0xDF3C, 0xD71C, 0xD71C, 0xCF1B, 0xCEFB, 0xCF1C, 0xCEFB, 0xC6DA, 
  0xC6FB, 0xA679, 0x65B5, 0x5DB5, 0x6CB2, 0x84D2, 0x8D13, 0x9DB6, 0xB679, 0xBEFA, 0xC6FB, 0xC6FB, 
  0xBEDA, 0xBEDA, 0xBEDA, 0xBEBA, 0xBEBA, 0xBEDA, 0xBEDA, 0xB6DA, 0xBEDA, 0xC6FB, 0xC6FB, 0xBEBA, 
  0xAE99, 0xB69A, 0xBEDA, 0xC6FB, 0xC6DA, 0xBEBA, 0xBEFB, 0xBEFB, 0xBEDB, 0xBEDB, 0xBEDB, 0xBEDA, 
  0xFE37, 0xFE78, 0xFE98, 0xFED9, 0xFE57, 0xFE77, 0xFD74, 0xFD32, 0xFD73, 0xFE78, 0xFE99, 0xFE57, 
  0xFE37, 0xFE57, 0xFE16, 0xFE16, 0xFE78, 0xFE58, 0xFE57, 0xFE37, 0xFE16, 0xFDD6, 0xFD94, 0xFDF6, 
  0xFDD5, 0xFE16, 0xFE16, 0xFE37, 0xFE37, 0xFE16, 0xFE78, 0xEE16, 0x6D54, 0x5DD6, 0x94F2, 0xBD12, 
  0xC534, 0xD575, 0xDDD6, 0xE5F7, 0xEE58, 0xF678, 0xFE99, 0xFEFB, 0xFF1B, 0xFF1B, 0xFF3B, 0xFF1B, 
  0xFF1B, 0xFF3B, 0xFF3C, 0xFF3C, 0xFF3C, 0xFF3C, 0xFF1C, 0xFEFB, 0xFED9, 0xFEB9, 0xFEFB, 0xFF1B, 
  0xFF3B, 0xFF7C, 0xFF5C, 0xFF3C, 0xFF3C, 0xFF3C, 0xFF5C, 0xFF3C, 0xFF3C, 0xFF3C, 0xFF5C, 0xFF5C, 
  0xFF1B, 0xFEDA, 0xFF1B, 0xFF3C, 0xFF3C, 0xF73C, 0xF75C, 0xFF5C, 0xFF5C, 0xF73C, 0xFF3C, 0xFF5C, 
  0xFF5C, 0xFF3C, 0xF6FB, 0xF75C, 0xF77C, 0xF75C, 0xEF5C, 0xF75C, 0xF77D, 0xEF7D, 0xEF7D, 0xEF5C, 
  0xF75C, 0xEF5C, 0xF77D, 0xEF5C, 0xEF5C, 0xEF5C, 0xEF5C, 0xEF5C, 0xEF5C, 0xEF5C, 0xEF5C, 0xEF5C, 
  0xEF5C, 0xEF5C, 0xE75C, 0xE75C, 0xE75C, 0xE75C, 0xE77C, 0xE77C, 0xE75C, 0xE75C, 0xE77D, 0xE77D, 
  0xE73C, 0xE77D, 0xE79D, 0xE77D, 0xDF5D, 0xDF5C, 0xDF5C, 0xDF5C, 0xDF5C, 0xDF5C, 0xDF5C, 0xDF5C, 
  0xDF5C, 0xDF5C, 0xDF7D, 0xDF7D, 0xDF5D, 0xD73C, 0xD73C, 0xD73C, 0xDF7D, 0xDF7D, 0xDF5C, 0xDF5D, 
  0xDF5C, 0xDF5C, 0xDF5D, 0xDF5C, 0xDF5D, 0xDF5D, 0xDF5C, 0xDF5C, 0xDF5C, 0xDF5D, 0xDF5C, 0xDF5C, 
  0xDF5D, 0xDF5D, 0xDF7D, 0xDF7D, 0xDF7D, 0xDF5C, 0xDF5C, 0xDF5D, 0xDF5D, 0xDF5C, 0xDF5D, 0xDF7D, 
  0xE77D, 0xDF7D, 0xDF7D, 0xE79D, 0xE79D, 0xDF5D, 0xDF7D, 0xE79D, 0xE77D, 0xE79D, 0xEF9E, 0xEF9E, 
  0xEFBE, 0xEFBE, 0xEFBE, 0xEF9E, 0xEF9E, 0xE77D, 0xE77D, 0xDF7D, 0xDF5D, 0xDF7D, 0xDF7D, 0xDF5D, 
  0xDF5D, 0xDF7D, 0xDF7D, 0xDF7D, 0xD75C, 0xDF7D, 0xDF5D, 0xD75C, 0xCF1C, 0xD75D, 0xDF7D, 0xDF7D, 
  0xE79D, 0xCEFA, 0x6D95, 0x65D6, 0x6C91, 0x84D2, 0x8513, 0x9575, 0xA5D6, 0xB679, 0xBEDA, 0xC71B, 
  0xC6FB, 0xBEBA, 0xBEDA, 0xBEDA, 0xBEDA, 0xBEDA, 0xBEDA, 0xB6DA, 0xBEDA, 0xC6FB, 0xC6DB, 0xBEDB, 
  0xB6BA, 0xC6DB, 0xC6FB, 0xC6FB, 0xBEBA, 0xB6BA, 0xBEBA, 0xBEDB, 0xBEDB, 0xBEDB, 0xBEDB, 0xBEBA, 
  0xFE36, 0xFE16, 0xFE98, 0xFED9, 0xFEB9, 0xFE99, 0xFE37, 0xFD53, 0xFD11, 0xF5B5, 0xFE78, 0xFE78, 
  0xFE98, 0xFE98, 0xFE37, 0xFE36, 0xFE78, 0xFE77, 0xFE57, 0xFDF6, 0xFD94, 0xFDB5, 0xFDB4, 0xFDB5, 
  0xFE16, 0xFE16, 0xFE16, 0xFE16, 0xFDD5, 0xFDD5, 0xFDF6, 0xEE57, 0x6D74, 0x5DD6, 0x94F3, 0xC4F2, 
  0xC534, 0xD595, 0xDDF6, 0xEE37, 0xF678, 0xFEBA, 0xFEFB, 0xFF3C, 0xFF3C, 0xFF1B, 0xFF1B, 0xFF1B, 
  0xFF3B, 0xFF3B, 0xFF1B, 0xFF1B, 0xFF3B, 0xFEFB, 0xFEDA, 0xFEDA, 0xFEFA, 0xFEDA, 0xFF1B, 0xFF3B, 
  0xFF3B, 0xFF5C, 0xFF3C, 0xFF3C, 0xFF3C, 0xFF3C, 0xFF5C, 0xFF5C, 0xFF3C, 0xFF3C, 0xFF3C, 0xFF3B, 
  0xFF1B, 0xFEDA, 0xFF1B, 0xFF5C, 0xFF3C, 0xF73C, 0xF73C, 0xFF3C, 0xFF3C, 0xFF3C, 0xFF3C, 0xFF3C, 
  0xF73C, 0xF71B, 0xF71B, 0xF75C, 0xF75C, 0xEF5C, 0xEF7D, 0xEF5C, 0xEF5C, 0xEF5C, 0xEF7D, 0xEF7C, 
  0xEF5C, 0xEF5C, 0xEF5C, 0xEF5C, 0xEF5C, 0xEF5C, 0xEF5C, 0xEF5C, 0xEF5C, 0xEF5C, 0xEF5C, 0xEF5C, 
  0xEF5C, 0xEF5C, 0xE75C, 0xE75C, 0xE75C, 0xE77D, 0xE77D, 0xE75C, 0xE75C, 0xE75C, 0xE75C, 0xE75C, 
  0xE73C, 0xE75C, 0xE79D, 0xE79D, 0xDF7D, 0xDF5C, 0xDF5C, 0xDF5C, 0xDF5C, 0xDF5C, 0xDF5C, 0xDF5C, 
  0xDF5C, 0xDF5C, 0xDF7D, 0xE77D, 0xDF5C, 0xD73C, 0xD73C, 0xDF5C, 0xDF7D, 0xDF7D, 0xDF5C, 0xDF5C, 
  0xD73C, 0xD75C, 0xD75C, 0xD73C, 0xDF5C, 0xDF7D, 0xDF5D, 0xD73C, 0xD73C, 0xDF5C, 0xD73C, 0xD73C, 
  0xD75C, 0xD75C, 0xDF7D, 0xDF5C, 0xDF5D, 0xDF5D, 0xDF5D, 0xDF7D, 0xDF5C, 0xDF5D, 0xDF5C, 0xD75C, 
  0xDF7D, 0xDF7D, 0xDF7D, 0xE77D, 0xE79D, 0xDF7D, 0xE77D, 0xE77D, 0xE77D, 0xE77D, 0xE77D, 0xEF9E, 
  0xEF9E, 0xEF9E, 0xE79D, 0xEF9D, 0xE77D, 0xE77D, 0xDF7D, 0xDF7D, 0xDF5D, 0xDF5D, 0xDF5D, 0xDF5D, 
  0xDF5D, 0xDF5D, 0xDF5D, 0xD73C, 0xD73C, 0xDF5D, 0xDF7D, 0xDF7D, 0xDF5C, 0xDF5C, 0xE77D, 0xE79D, 
  0xE79E, 0xCEBA, 0x6D95, 0x65D6, 0x6C92, 0x84B2, 0x8513, 0x9575, 0xA5D7, 0xAE38, 0xBEBA, 0xC6FB, 
  0xCEFB, 0xC6FB, 0xCEFB, 0xCEFB, 0xC6DB, 0xBEDB, 0xBEDA, 0xBEDA, 0xC6FB, 0xC6DA, 0xC6DA, 0xC6FB, 
  0xBEDA, 0xC6FB, 0xC6FB, 0xC6FB, 0xBEBA, 0xB6BA, 0xB6BA, 0xBEDA, 0xBEDB, 0xBEDB, 0xBEDA, 0xBEDA, 
  0xFE98, 0xFE57, 0xFE78, 0xFED9, 0xF637, 0xFE58, 0xFE36, 0xF532, 0xFD94, 0xFE17, 0xFE58, 0xFE37, 
  0xFE16, 0xFE57, 0xFDF6, 0xF5D5, 0xFE57, 0xFE58, 0xFE57, 0xFE16, 0xFD94, 0xFDD5, 0xFDD5, 0xFD94, 
  0xFDF5, 0xFE16, 0xFDF6, 0xFDF6, 0xF5D5, 0xFE37, 0xFE37, 0xEE16, 0x6D74, 0x5DD6, 0x94F2, 0xC4F2, 
  0xC513, 0xD595, 0xDDF6, 0xEE38, 0xF699, 0xFEFB, 0xFF3C, 0xFF1B, 0xFF1B, 0xFF1B, 0xFF1B, 0xFF1B, 
  0xFF1B, 0xFEFB, 0xFF1B, 0xFF1B, 0xFF1B, 0xFF1B, 0xFEFA, 0xFEFA, 0xFEDA, 0xFF1B, 0xFF1B, 0xFF3B, 
  0xFF5C, 0xFF3C, 0xFF1B, 0xFF3B, 0xFF3C, 0xFF3C, 0xFF3C, 0xFF3C, 0xFF3C, 0xFF3C, 0xFF3C, 0xFEFB, 
  0xFF3C, 0xFF3C, 0xFF3C, 0xFF5C, 0xF75C, 0xF75C, 0xF75C, 0xFF5C, 0xFF3C, 0xFF3C, 0xFF5C, 0xFF3C, 
  0xF71B, 0xF73C, 0xF73C, 0xF73C, 0xF75C, 0xEF5C, 0xF77D, 0xEF7D, 0xEF7C, 0xEF5C, 0xEF7D, 0xEF5C, 
  0xEF5C, 0xEF5C, 0xEF5C, 0xEF5C, 0xEF5C, 0xEF5C, 0xEF5C, 0xEF5C, 0xEF5C, 0xEF5C, 0xEF5C, 0xEF5C, 
  0xEF5C, 0xEF5C, 0xEF5C, 0xEF5C, 0xE77D, 0xE75C, 0xE75C, 0xE75C, 0xE75C, 0xE75C, 0xE75C, 0xE75C, 
  0xE75C, 0xE75C, 0xDF7D, 0xE77D, 0xE77D, 0xDF5C, 0xDF5C, 0xDF5C, 0xDF5C, 0xDF5C, 0xDF5C, 0xDF5C, 
  0xDF5C, 0xDF5D, 0xDF7D, 0xE79D, 0xE77D, 0xDF5D, 0xDF5C, 0xDF7D, 0xDF5D, 0xDF7D, 0xDF5D, 0xDF5C, 
  0xDF5C, 0xD75C, 0xD73C, 0xD75C, 0xDF5C, 0xDF7D, 0xDF7D, 0xDF7D, 0xDF5C, 0xD75C, 0xD75C, 0xD75C, 
  0xD75C, 0xD75C, 0xDF7D, 0xDF7D, 0xDF5D, 0xDF5C, 0xDF7D, 0xDF7D, 0xDF7D, 0xDF5C, 0xDF5C, 0xDF7D, 
  0xDF7D, 0xE77D, 0xE79D, 0xE79D, 0xDF7D, 0xDF7D, 0xE77D, 0xE77D, 0xE77D, 0xE77D, 0xE77D, 0xEF9E, 
  0xEF9E, 0xE79D, 0xE79D, 0xE79D, 0xE79D, 0xE77D, 0xDF7D, 0xDF5D, 0xDF7D, 0xDF5D, 0xDF5D, 0xDF5D, 
  0xDF5D, 0xDF5D, 0xD73C, 0xD73C, 0xD75C, 0xDF5C, 0xDF5D, 0xDF5C, 0xD75C, 0xDF5C, 0xDF7D, 0xE77D, 
  0xEFBE, 0xD6DA, 0x6D75, 0x65D6, 0x6C92, 0x84D2, 0x8D13, 0x9575, 0xA5D7, 0xA617, 0xB679, 0xBEDA, 
  0xC6FB, 0xCEFB, 0xCEFB, 0xC6FB, 0xC6FB, 0xBEDA, 0xBEDA, 0xC6DB, 0xBEDB, 0xBEDB, 0xCF1B, 0xCF1B, 
  0xC6DA, 0xC6FB, 0xC6FB, 0xBEDA, 0xAE79, 0xAE99, 0xB6DA, 0xBEDB, 0xBEDB, 0xBEDB, 0xBEBA, 0xBEDB, 
  0xFE99, 0xFE37, 0xFDD5, 0xFE57, 0xF5F6, 0xFE16, 0xFE77, 0xFE16, 0xFE16, 0xFE37, 0xFE99, 0xFE78, 
  0xFE16, 0xFE57, 0xFE37, 0xFE37, 0xFE57, 0xFE78, 0xFE78, 0xFE78, 0xFE57, 0xF5B5, 0xFDB5, 0xFD94, 
  0xFDD5, 0xFDF6, 0xFE16, 0xFE16, 0xFDF6, 0xFE58, 0xFE99, 0xEE37, 0x6D74, 0x5DD6, 0x94F3, 0xC4F3, 
  0xC534, 0xD595, 0xDDF7, 0xEE38, 0xFE99, 0xFEFA, 0xFF1B, 0xFEFB, 0xFEFA, 0xFEFB, 0xFF1B, 0xFEFA, 
  0xFEFB, 0xFF1B, 0xFF1B, 0xFF1B, 0xFEFA, 0xFF1B, 0xFF3B, 0xFF1B, 0xFEFB, 0xFF1B, 0xFF3B, 0xFF5C, 
  0xFF5C, 0xFF3B, 0xFF1B, 0xFF1B, 0xFF1B, 0xFF3B, 0xFF3B, 0xFF3C, 0xFF3C, 0xFF3B, 0xFF3C, 0xFEFB, 
  0xFF3B, 0xFF5C, 0xFF5C, 0xFF5C, 0xF75C, 0xFF3C, 0xF75C, 0xF75C, 0xFF5C, 0xFF3C, 0xFF3C, 0xFF3C, 
  0xF73C, 0xF75C, 0xF75C, 0xF75C, 0xF75C, 0xF77D, 0xEF7D, 0xEF7C, 0xEF7D, 0xEF7C, 0xEF5C, 0xEF7C, 
  0xEF5C, 0xEF5C, 0xEF5C, 0xEF5C, 0xEF5C, 0xEF5C, 0xEF7C, 0xEF9D, 0xEF7D, 0xEF7C, 0xE75C, 0xEF5C, 
  0xEF5C, 0xEF5C, 0xEF5C, 0xE75C, 0xE77C, 0xE75C, 0xE75C, 0xE75C, 0xE75C, 0xE75C, 0xE75C, 0xE75C, 
  0xE75C, 0xE75C, 0xDF5C, 0xDF5D, 0xE77D, 0xDF5D, 0xDF5C, 0xDF5C, 0xDF5C, 0xDF5C, 0xDF5C, 0xDF5C, 
  0xDF5C, 0xDF5C, 0xDF7D, 0xE79D, 0xDF7D, 0xDF5D, 0xDF5D, 0xDF7D, 0xDF5D, 0xE77D, 0xD73C, 0xD73C, 
  0xDF5C, 0xDF5C, 0xD73C, 0xDF5C, 0xDF5C, 0xDF5C, 0xDF7D, 0xDF5C, 0xD73C, 0xD73C, 0xD75C, 0xD73C, 
  0xD73C, 0xDF5D, 0xDF7D, 0xDF7D, 0xDF7D, 0xDF5C, 0xDF5C, 0xDF5D, 0xDF7D, 0xDF7D, 0xDF7D, 0xDF5C, 
  0xDF5C, 0xDF7D, 0xDF7D, 0xDF7D, 0xDF7D, 0xDF5D, 0xE77D, 0xE77D, 0xE79D, 0xE79D, 0xDF7D, 0xE77D, 
  0xE79E, 0xEF9D, 0xEF7D, 0xE77D, 0xE79D, 0xE77D, 0xDF7D, 0xDF5D, 0xDF7D, 0xDF7D, 0xDF5D, 0xDF5D, 
  0xDF5D, 0xDF5D, 0xDF5C, 0xDF7D, 0xD75C, 0xDF5D, 0xDF5D, 0xD75C, 0xD75D, 0xDF7D, 0xDF7D, 0xDF7D, 
  0xE7BE, 0xD6DA, 0x6D95, 0x65D6, 0x74B2, 0x94F3, 0x9534, 0x9575, 0x95B6, 0xA617, 0xB679, 0xBEDA, 
  0xC6FB, 0xC6FB, 0xCF1B, 0xC6FB, 0xC6FB, 0xC6DB, 0xBEDA, 0xBEDA, 0xBEBA, 0xCEFB, 0xD71C, 0xCF1C, 
  0xCF1B, 0xBEDA, 0xB6BA, 0xB6BA, 0xA699, 0x9637, 0xAEBA, 0xBEDB, 0xBEDB, 0xBEBA, 0xBEDB, 0xBEDB, 
  0xFE99, 0xFE78, 0xFE16, 0xFE78, 0xFE98, 0xFE78, 0xFE99, 0xFE99, 0xFE16, 0xFDF6, 0xFE98, 0xFEB9, 
  0xFEB9, 0xFE57, 0xFDD6, 0xFDB5, 0xFDF5, 0xFE37, 0xFE16, 0xFDF6, 0xF5B5, 0xFDD5, 0xFE16, 0xF594, 
  0xFDD5, 0xFDD5, 0xFE17, 0xFE37, 0xFDF6, 0xFDF6, 0xFE37, 0xEE58, 0x6D74, 0x65D6, 0x94F3, 0xC513, 
  0xC534, 0xD595, 0xDDF7, 0xEE38, 0xFE99, 0xFEFA, 0xFEFA, 0xFEDA, 0xFEDA, 0xFEFA, 0xFF1B, 0xFEFB, 
  0xFF1B, 0xFEFB, 0xFF1B, 0xFF3B, 0xFEFA, 0xFF1B, 0xFF1B, 0xFF3C, 0xFF3B, 0xFF1B, 0xFF5C, 0xFF5C, 
  0xFF1B, 0xFF1B, 0xFF1B, 0xFF3B, 0xFF1B, 0xFF1B, 0xFF3B, 0xFF3C, 0xFEFB, 0xFEFB, 0xFF1B, 0xFF1B, 
  0xFF5C, 0xFF5C, 0xF75C, 0xF75C, 0xF75C, 0xFF3C, 0xFF5C, 0xFF3C, 0xFF3C, 0xFF5C, 0xFF3B, 0xFF1B, 
  0xF73C, 0xF75C, 0xF75C, 0xF75C, 0xF75C, 0xEF5C, 0xEF5C, 0xEF5C, 0xF75C, 0xF77D, 0xEF7C, 0xEF5C, 
  0xEF5C, 0xEF5C, 0xEF5C, 0xEF5C, 0xEF5C, 0xEF7C, 0xEF7D, 0xE79D, 0xE79D, 0xE77D, 0xE75C, 0xEF5C, 
  0xE75C, 0xE75C, 0xE75C, 0xE75C, 0xE75C, 0xE75C, 0xE75C, 0xE75C, 0xE75C, 0xE75C, 0xE75C, 0xE75C, 
  0xE75C, 0xE75C, 0xDF5C, 0xDF5D, 0xDF5D, 0xDF5C, 0xDF5C, 0xDF5C, 0xDF5C, 0xDF5C, 0xDF5C, 0xDF7D, 
  0xDF3C, 0xDF5C, 0xDF5D, 0xE77D, 0xE77D, 0xDF7D, 0xDF5D, 0xDF7D, 0xDF7D, 0xE77D, 0xD73C, 0xDF5C, 
  0xDF5D, 0xDF5C, 0xDF5C, 0xDF5C, 0xDF5C, 0xDF5C, 0xDF5D, 0xD75C, 0xD71B, 0xD75C, 0xD75C, 0xCF1B, 
  0xD71B, 0xDF5C, 0xDF5D, 0xDF7D, 0xDF7D, 0xDF5C, 0xDF7D, 0xDF7D, 0xDF7D, 0xDF7D, 0xDF7D, 0xD75C, 
  0xD75C, 0xDF7D, 0xDF7D, 0xDF5C, 0xDF7D, 0xE77D, 0xE77D, 0xE79D, 0xDF7D, 0xE79D, 0xDF7D, 0xDF5D, 
  0xE77D, 0xE79D, 0xE77D, 0xE77D, 0xE77D, 0xE77D, 0xDF7D, 0xDF5D, 0xDF5D, 0xDF7D, 0xDF5D, 0xDF5D, 
  0xDF5D, 0xDF5D, 0xDF5D, 0xDF5D, 0xDF5D, 0xDF5C, 0xD75D, 0xCF3C, 0xD75C, 0xDF7D, 0xDF7D, 0xDF7D, 
  0xE79D, 0xD6DA, 0x6D95, 0x65D6, 0x74D2, 0x9513, 0x9D55, 0xA596, 0xA5D7, 0xBE59, 0xC69A, 0xCEFB, 
  0xCF1B, 0xC6FB, 0xC6FB, 0xC6DB, 0xC6FB, 0xCF1B, 0xC6DB, 0xB6BA, 0xC6FB, 0xCF1C, 0xCF1C, 0xCF1C, 
  0xCF1B, 0xBEBA, 0xAE99, 0xBEDA, 0xAE99, 0xAE99, 0x9E59, 0xB6BA, 0xB6DA, 0xBEBA, 0xBEBA, 0xBEBA, 
  0xFE98, 0xFE98, 0xFE37, 0xFE98, 0xFEDA, 0xFEBA, 0xFEB9, 0xFE37, 0xFE37, 0xFE57, 0xFE78, 0xFE78, 
  0xFE99, 0xFE99, 0xFE78, 0xFDF6, 0xFDD5, 0xFE37, 0xFE16, 0xFE16, 0xFDF6, 0xFE37, 0xFE58, 0xFE36, 
  0xFDD5, 0xFD74, 0xFD94, 0xFE16, 0xFDF6, 0xF594, 0xFDF5, 0xEE78, 0x6D75, 0x65D6, 0x94F3, 0xC4F3, 
  0xC534, 0xD595, 0xDDF7, 0xEE58, 0xFE99, 0xFEDA, 0xFF3B, 0xFF3B, 0xFEFA, 0xFF1B, 0xFF1B, 0xFF1B, 
  0xFF1B, 0xFF1B, 0xFF1B, 0xFEFA, 0xFEFA, 0xFEFA, 0xFEFB, 0xFF1B, 0xFF3B, 0xFF3C, 0xFF5C, 0xFF3C, 
  0xFF1B, 0xFF3B, 0xFF3B, 0xFF3C, 0xFF1B, 0xFF3B, 0xFF5C, 0xFF3B, 0xFF1B, 0xFF3C, 0xFF1B, 0xFF3C, 
  0xFF5C, 0xFF5C, 0xFF5C, 0xF75C, 0xF75C, 0xFF5C, 0xFF3B, 0xFF3C, 0xFF3C, 0xFF3B, 0xF73C, 0xF73C, 
  0xF75C, 0xF75C, 0xF75C, 0xF75C, 0xF75C, 0xF75C, 0xEF5C, 0xF75C, 0xF75C, 0xF75C, 0xF75C, 0xEF7D, 
  0xEF7D, 0xEF5C, 0xEF5C, 0xEF5C, 0xEF5C, 0xEF7C, 0xEF5C, 0xEF5C, 0xE75C, 0xE77C, 0xEF7C, 0xEF5C, 
  0xE75C, 0xE75C, 0xE75C, 0xE75C, 0xE75C, 0xE75C, 0xE75C, 0xE75C, 0xE75C, 0xE75C, 0xE75C, 0xE75C, 
  0xE75C, 0xE75C, 0xDF5C, 0xDF5D, 0xDF5C, 0xDF5C, 0xDF5C, 0xDF5C, 0xDF5C, 0xDF5C, 0xDF5C, 0xDF7D, 
  0xDF3C, 0xDF3C, 0xDF5C, 0xDF7D, 0xE77D, 0xDF5D, 0xDF5C, 0xDF5D, 0xE79D, 0xE77D, 0xDF5C, 0xDF5C, 
  0xDF5C, 0xDF5C, 0xDF5C, 0xD73C, 0xDF5C, 0xDF5C, 0xDF5C, 0xD75C, 0xD75C, 0xD75C, 0xD75C, 0xCF3B, 
  0xD75C, 0xDF5C, 0xDF5C, 0xDF5D, 0xDF5C, 0xDF5D, 0xDF7D, 0xDF7D, 0xDF5D, 0xDF5D, 0xDF7D, 0xDF7D, 
  0xDF7D, 0xDF7D, 0xDF7D, 0xDF5C, 0xD73C, 0xDF5C, 0xDF5C, 0xDF5D, 0xDF5C, 0xDF5D, 0xDF7D, 0xD73C, 
  0xDF5D, 0xDF5D, 0xDF5D, 0xDF5D, 0xDF7D, 0xE77D, 0xE77D, 0xDF5D, 0xDF5D, 0xDF5D, 0xDF7D, 0xDF5D, 
  0xDF5D, 0xDF5D, 0xDF7D, 0xDF7D, 0xDF7D, 0xD73C, 0xD73C, 0xCF3C, 0xDF5C, 0xDF5D, 0xDF5D, 0xDF7D, 
  0xE77D, 0xCEDA, 0x6D95, 0x65D6, 0x74D2, 0x9514, 0x9D55, 0xADB6, 0xB617, 0xBE79, 0xC6BA, 0xCEFB, 
  0xCEFB, 0xC6FB, 0xBEBA, 0xC6FB, 0xC6FB, 0xC6FB, 0xC6FB, 0xBEDA, 0xCF1C, 0xCF1C, 0xCEFB, 0xCEFB, 
  0xC6FB, 0xBEFA, 0x9658, 0xA699, 0xBEDA, 0xB6B9, 0x85D6, 0xA679, 0xBEDB, 0xB699, 0xB69A, 0xBEDB, 
  0xFEB9, 0xFEB9, 0xF5D5, 0xF553, 0xFE57, 0xFE78, 0xFEB9, 0xFE78, 0xFE37, 0xFE98, 0xFE98, 0xFE78, 
  0xFE78, 0xFE99, 0xFEB9, 0xFE58, 0xFE37, 0xFE37, 0xFE16, 0xFE16, 0xFE57, 0xFE37, 0xFE57, 0xFE57, 
  0xFE36, 0xF5B4, 0xFDD5, 0xFDD5, 0xFDF6, 0xFDF5, 0xFDD5, 0xEDB4, 0x6D54, 0x65D6, 0x94D2, 0xC4D2, 
  0xC533, 0xD595, 0xDDD6, 0xEE57, 0xFEB9, 0xFEFA, 0xFF1B, 0xFF3C, 0xFF1B, 0xFF1B, 0xFF3B, 0xFF1B, 
  0xFF1B, 0xFF3C, 0xFF3C, 0xFEFB, 0xFEFA, 0xFEFA, 0xFF1B, 0xFF3B, 0xFF1B, 0xFF5C, 0xFF1B, 0xFF1B, 
  0xFEFA, 0xFF1A, 0xFF3B, 0xFF1B, 0xFEFA, 0xFEFB, 0xFF5C, 0xFF3C, 0xFF5C, 0xFF5C, 0xFF5C, 0xFF5C, 
  0xFF5C, 0xFF5C, 0xFF5C, 0xFF5C, 0xFF3C, 0xFF1B, 0xFF1B, 0xF73B, 0xFF1B, 0xFF1B, 0xF75C, 0xF75C, 
  0xF75C, 0xF75C, 0xF75C, 0xF75C, 0xF75C, 0xF75C, 0xEF5C, 0xEF5C, 0xF75C, 0xF75C, 0xF75C, 0xEF7D, 
  0xEF7D, 0xEF7D, 0xEF5C, 0xEF5C, 0xEF5C, 0xEF7C, 0xEF5C, 0xEF5C, 0xEF5C, 0xE75C, 0xE75C, 0xEF5C, 
  0xEF5C, 0xEF5C, 0xE75C, 0xE75C, 0xE75C, 0xE75C, 0xE75C, 0xE75C, 0xE75C, 0xE75C, 0xE75C, 0xE75C, 
  0xE75C, 0xE75C, 0xE75C, 0xDF5C, 0xDF5C, 0xD75C, 0xDF5C, 0xDF5C, 0xDF5C, 0xDF5C, 0xDF5C, 0xDF5C, 
  0xDF5C, 0xDF5C, 0xDF5C, 0xDF5D, 0xDF5D, 0xDF5D, 0xDF5D, 0xDF7D, 0xE77D, 0xE77D, 0xDF5C, 0xDF5C, 
  0xDF5C, 0xDF5C, 0xDF5C, 0xDF5D, 0xDF5C, 0xDF5C, 0xDF5C, 0xDF5C, 0xDF5C, 0xDF5C, 0xD75C, 0xD73C, 
  0xDF5C, 0xDF7D, 0xDF5D, 0xDF5C, 0xDF5C, 0xDF5D, 0xDF5C, 0xDF5C, 0xDF5C, 0xDF5C, 0xDF7D, 0xDF7D, 
  0xDF7D, 0xDF7D, 0xE79D, 0xE77D, 0xDF3D, 0xD73C, 0xDF5D, 0xDF7D, 0xDF5C, 0xDF5D, 0xDF5D, 0xD73C, 
  0xDF5D, 0xDF5D, 0xDF5D, 0xDF5D, 0xDF5D, 0xE77D, 0xDF7D, 0xDF7D, 0xDF7D, 0xDF5D, 0xDF7D, 0xDF7D, 
  0xDF5D, 0xDF7D, 0xDF7D, 0xDF7D, 0xDF7D, 0xD75C, 0xD73C, 0xD75C, 0xDF5D, 0xDF5D, 0xD73C, 0xDF5D, 
  0xDF9D, 0xCEDA, 0x6D75, 0x5DD6, 0x74D2, 0x9514, 0x9D55, 0xA5B6, 0xB617, 0xBE59, 0xC6BA, 0xCEFB, 
  0xC6FB, 0xBEDA, 0xBEDA, 0xC6FB, 0xBEDA, 0xC6FB, 0xCEFB, 0xC6FB, 0xCF1C, 0xCEFB, 0xCEFB, 0xC6DB, 
  0xC6FB, 0xBEDA, 0xAE99, 0x8E17, 0xA699, 0xB6DA, 0xAE99, 0x8E37, 0xA679, 0xAEB9, 0xB6BA, 0xBEDA, 
  0xFE99, 0xFE78, 0xFDF5, 0xFD73, 0xFE78, 0xFEB9, 0xFE99, 0xFE78, 0xFE57, 0xFE16, 0xFDD5, 0xFE37, 
  0xFE99, 0xFE99, 0xFE98, 0xFE17, 0xFE16, 0xFE37, 0xFE36, 0xFE16, 0xFE36, 0xFE57, 0xFE57, 0xFE57, 
  0xFE57, 0xFE16, 0xFE37, 0xFE78, 0xFE37, 0xFE57, 0xFE78, 0xEDB5, 0x6D54, 0x5DB6, 0x94D2, 0xC4D2, 
  0xC513, 0xD554, 0xDDD6, 0xEE17, 0xFE99, 0xFEFB, 0xFEFA, 0xFEFA, 0xFF1B, 0xFF3C, 0xFF1B, 0xFF3B, 
  0xFF3C, 0xFF1B, 0xFF3C, 0xFF1B, 0xFF3B, 0xFF3B, 0xFF1B, 0xFF1B, 0xFF5B, 0xFF5B, 0xFF1B, 0xFEFA, 
  0xFF1B, 0xF6DA, 0xFF1B, 0xFEDA, 0xFEDA, 0xFEFA, 0xFF1B, 0xFF3C, 0xFF5C, 0xFF5C, 0xFF5C, 0xFF5C, 
  0xFF5C, 0xFF5C, 0xF75C, 0xFF3C, 0xF71B, 0xFF1B, 0xFF3B, 0xF75C, 0xFF3C, 0xF73C, 0xF73C, 0xF73C, 
  0xF75C, 0xF75C, 0xF75C, 0xEF5C, 0xF75C, 0xF75C, 0xF75C, 0xF75C, 0xEF5C, 0xF75C, 0xF75C, 0xEF5C, 
  0xEF7D, 0xEF7D, 0xEF7D, 0xEF7C, 0xEF7C, 0xEF5C, 0xEF5C, 0xEF5C, 0xEF7C, 0xEF7C, 0xE75C, 0xE75C, 
  0xE75C, 0xE75C, 0xE75C, 0xE75C, 0xE75C, 0xE75C, 0xE75C, 0xE75C, 0xE75C, 0xE75C, 0xE75C, 0xE75C, 
  0xE75C, 0xE75C, 0xE75C, 0xDF5C, 0xDF5C, 0xDF5C, 0xDF5C, 0xDF7D, 0xDF5C, 0xDF5C, 0xDF5C, 0xDF5C, 
  0xDF5C, 0xD73C, 0xDF5C, 0xDF5D, 0xDF5D, 0xDF5D, 0xDF5D, 0xDF7D, 0xE77D, 0xE77D, 0xDF7D, 0xDF5C, 
  0xDF5D, 0xDF5D, 0xDF5C, 0xDF5C, 0xDF5C, 0xDF5C, 0xDF5C, 0xDF5D, 0xDF5C, 0xDF5C, 0xDF5C, 0xD73C, 
  0xDF5C, 0xDF7D, 0xDF7D, 0xDF5D, 0xDF5C, 0xDF5C, 0xDF5C, 0xDF5C, 0xDF5C, 0xDF7D, 0xDF7D, 0xDF7D, 
  0xDF5D, 0xDF5D, 0xDF5D, 0xDF5D, 0xDF5C, 0xDF5D, 0xDF7D, 0xDF7D, 0xDF5D, 0xDF5C, 0xDF5D, 0xDF5D, 
  0xDF7D, 0xDF7D, 0xDF5C, 0xDF5C, 0xD75C, 0xDF5D, 0xDF7D, 0xDF7D, 0xDF7D, 0xDF5D, 0xDF5D, 0xDF5D, 
  0xDF5D, 0xDF7D, 0xDF7D, 0xE77D, 0xDF7D, 0xD75C, 0xCF3C, 0xDF5D, 0xDF5D, 0xD73C, 0xD73C, 0xDF5D, 
  0xDF7D, 0xC6BA, 0x6D75, 0x5DD6, 0x74B2, 0x9513, 0x9D35, 0xA5B6, 0xB617, 0xBE59, 0xC6BA, 0xCF1B, 
  0xCF1B, 0xC6FB, 0xC6DB, 0xC6FB, 0xBEDA, 0xC6FB, 0xC6FB, 0xCEFB, 0xCF1C, 0xC6FB, 0xC6FB, 0xC6FB, 
  0xC6DB, 0xBEDB, 0xC6FB, 0x9E78, 0x85F7, 0xB6BA, 0xBEDB, 0x8E37, 0x75B5, 0xA699, 0xBEBA, 0xB6BA, 
  0xFE16, 0xFDD5, 0xFE16, 0xFE16, 0xFE78, 0xFEFA, 0xFEB9, 0xFE57, 0xFE57, 0xFDB5, 0xFDD5, 0xFDD5, 
  0xF5F6, 0xFE78, 0xFE78, 0xFDD5, 0xFE57, 0xFE37, 0xFDD5, 0xFDD5, 0xFE16, 0xFE16, 0xFE16, 0xFDF6, 
  0xFE37, 0xFE57, 0xFE37, 0xFE77, 0xFE77, 0xFE57, 0xFE78, 0xEE78, 0x6D74, 0x55B5, 0x94F2, 0xC4B2, 
  0xC4F3, 0xD554, 0xDDD6, 0xEE37, 0xFE99, 0xFEFB, 0xFF1B, 0xFF1B, 0xFF1B, 0xFF1B, 0xFF1B, 0xFF3B, 
  0xFF1C, 0xFF3B, 0xFF3B, 0xFF1B, 0xFF1B, 0xFF3C, 0xFEDA, 0xFEFA, 0xFF5C, 0xFF5B, 0xFF3C, 0xFF3C, 
  0xFEFB, 0xFEDA, 0xFEFA, 0xFEFB, 0xFF1B, 0xFF1B, 0xFF1B, 0xFF3C, 0xFF3B, 0xFF3C, 0xFF5C, 0xFF5C, 
  0xFF5C, 0xFF5C, 0xFF5C, 0xF75C, 0xFF5C, 0xF71B, 0xF73C, 0xF75C, 0xF75C, 0xF73C, 0xF73C, 0xF73C, 
  0xF77C, 0xF77D, 0xF77D, 0xF77C, 0xF75C, 0xF75C, 0xF73C, 0xF75C, 0xF75C, 0xEF5C, 0xEF5C, 0xF77D, 
  0xEF5C, 0xEF5C, 0xEF5C, 0xEF7C, 0xEF7D, 0xEF5C, 0xEF5C, 0xEF5C, 0xEF5C, 0xEF7C, 0xE75C, 0xE75C, 
  0xE75C, 0xE75C, 0xE75C, 0xE75C, 0xE75C, 0xE75C, 0xE75C, 0xE77C, 0xE75C, 0xE75C, 0xE75C, 0xE75C, 
  0xDF5C, 0xE75D, 0xDF7D, 0xDF5C, 0xE75D, 0xE77D, 0xDF5D, 0xDF5D, 0xDF5D, 0xDF5C, 0xDF5C, 0xDF5C, 
  0xDF5C, 0xD73C, 0xDF5C, 0xDF7D, 0xDF5D, 0xDF5D, 0xDF5D, 0xDF7D, 0xE77D, 0xE77D, 0xDF5D, 0xDF5C, 
  0xDF5D, 0xDF5D, 0xDF5C, 0xDF5C, 0xDF5C, 0xDF5C, 0xDF5C, 0xDF5D, 0xDF5D, 0xDF5C, 0xDF7D, 0xDF7D, 
  0xDF7D, 0xDF5C, 0xDF7D, 0xDF7D, 0xDF7D, 0xDF5D, 0xDF5D, 0xDF5D, 0xDF7D, 0xDF7D, 0xDF5C, 0xD71B, 
  0xD71B, 0xDF5C, 0xDF5D, 0xDF5C, 0xDF5C, 0xDF5D, 0xDF7D, 0xDF7D, 0xD73C, 0xD75C, 0xDF5D, 0xDF5D, 
  0xDF7D, 0xDF7D, 0xDF5D, 0xDF5D, 0xD75C, 0xD73C, 0xDF7D, 0xDF7D, 0xDF5D, 0xDF5D, 0xDF7D, 0xDF7D, 
  0xDF7D, 0xDF7D, 0xDF5D, 0xDF5C, 0xDF5C, 0xCF3C, 0xCF1B, 0xDF5D, 0xE77D, 0xDF5D, 0xDF5D, 0xDF5C, 
  0xDF7D, 0xC699, 0x6D75, 0x65D6, 0x74B2, 0x94F3, 0x9D55, 0xA5B6, 0xB617, 0xBE59, 0xC6BA, 0xCF1B, 
  0xCF1C, 0xC6DB, 0xC6FB, 0xC6FB, 0xBEBA, 0xC6DB, 0xC6FB, 0xC6DA, 0xBEDB, 0xBEDA, 0xBEDA, 0xC6FB, 
  0xC6DB, 0xBEDA, 0xB6BA, 0xB6BA, 0x8E17, 0xA679, 0xBEDA, 0xAE99, 0x8617, 0x9E59, 0xB6DA, 0xB6BA, 
  0xFDF6, 0xFE37, 0xFE78, 0xFE57, 0xFEB9, 0xFED9, 0xFED9, 0xFEB9, 0xFE58, 0xFDF5, 0xFDF6, 0xFE37, 
  0xFE78, 0xFE78, 0xFDF5, 0xFD94, 0xFE78, 0xFE37, 0xFD74, 0xFD94, 0xFE16, 0xFDB5, 0xFE37, 0xFE16, 
  0xFDD6, 0xFE37, 0xFE57, 0xFE16, 0xFE37, 0xFE78, 0xFE78, 0xEE57, 0x6D54, 0x5DB6, 0x9CD2, 0xC4D2, 
  0xC4F3, 0xD554, 0xDDD6, 0xEE58, 0xF699, 0xFEFA, 0xFF1B, 0xFF1B, 0xFF1B, 0xFF3B, 0xFF3C, 0xFF1B, 
  0xFF3B, 0xFF3B, 0xFF3B, 0xFF1B, 0xFF1B, 0xFF3C, 0xFF3C, 0xFF3B, 0xFF3B, 0xFF3B, 0xFF1B, 0xFEDA, 
  0xFEDA, 0xFEDA, 0xFF1B, 0xFF3C, 0xFF3C, 0xFF1B, 0xFF3B, 0xFEFB, 0xFEFB, 0xFF3C, 0xFF5C, 0xFF5C, 
  0xFF5C, 0xFF5C, 0xFF5C, 0xFF5C, 0xFF5C, 0xFF3B, 0xFF3C, 0xF75C, 0xF75C, 0xF75C, 0xF73C, 0xF75C, 
  0xF77D, 0xF77D, 0xF75C, 0xF75C, 0xF75C, 0xF75C, 0xF73C, 0xF73C, 0xEF5C, 0xEF7C, 0xEF7C, 0xEF7D, 
  0xEF7C, 0xEF5C, 0xEF5C, 0xEF7C, 0xEF7D, 0xEF5C, 0xEF5C, 0xEF5C, 0xEF5C, 0xEF7C, 0xE75C, 0xE75C, 
  0xE75C, 0xE75C, 0xE75C, 0xE75C, 0xE75C, 0xE75C, 0xE75D, 0xE77C, 0xE75C, 0xE75C, 0xE75C, 0xE75C, 
  0xE75C, 0xE77D, 0xE79D, 0xE75D, 0xE75D, 0xE77E, 0xDF5D, 0xDF5D, 0xDF5D, 0xDF5C, 0xDF5C, 0xDF5C, 
  0xDF5C, 0xDF5C, 0xD75C, 0xDF7D, 0xDF7D, 0xDF5D, 0xDF5D, 0xDF7D, 0xE77D, 0xE77D, 0xE77D, 0xE77D, 
  0xDF7D, 0xDF5D, 0xDF5C, 0xDF5C, 0xDF5C, 0xDF5C, 0xDF5C, 0xDF5C, 0xDF5D, 0xDF5D, 0xDF5C, 0xDF5D, 
  0xDF5C, 0xDF7D, 0xDF7D, 0xE77D, 0xDF7D, 0xDF7D, 0xDF5D, 0xD73C, 0xD73C, 0xD71C, 0xD73C, 0xD73C, 
  0xDF5C, 0xDF5D, 0xDF5D, 0xDF5D, 0xDF5D, 0xDF5D, 0xDF5D, 0xD73C, 0xD73C, 0xDF5D, 0xDF5D, 0xDF5D, 
  0xDF5D, 0xDF7D, 0xDF5D, 0xDF5D, 0xDF5D, 0xD73C, 0xDF5D, 0xE77D, 0xDF7D, 0xDF5D, 0xDF7D, 0xDF7D, 
  0xDF5D, 0xDF7D, 0xDF5D, 0xDF5D, 0xD73C, 0xC71B, 0xCF1B, 0xD75C, 0xDF7D, 0xE77D, 0xDF5C, 0xDF5C, 
  0xDF7D, 0xCEBA, 0x6D75, 0x65D6, 0x74D2, 0x9513, 0x9D55, 0xA5B6, 0xAE17, 0xB658, 0xBE99, 0xCEFB, 
  0xCF1B, 0xBEDA, 0xC6DA, 0xC6FB, 0xC6FB, 0xBEDB, 0xC71B, 0xCEFB, 0xBEDB, 0xBEDA, 0xBEDA, 0xBEDA, 
  0xBEDB, 0xBEBA, 0xB6BA, 0xAE99, 0xA699, 0x9E38, 0xB6DA, 0xB6BA, 0xAE99, 0xA679, 0xA679, 0x8E17, 
  0xFE78, 0xFEB9, 0xFEB9, 0xFE99, 0xFEB9, 0xFEB9, 0xFE78, 0xFEB9, 0xFEB9, 0xFE37, 0xFDF6, 0xF573, 
  0xFDB4, 0xFE36, 0xFDB5, 0xFD73, 0xFE58, 0xFE16, 0xFDB5, 0xFE37, 0xFE57, 0xFE37, 0xFE37, 0xFE37, 
  0xFE37, 0xFE77, 0xFE78, 0xF5F5, 0xFE57, 0xFE78, 0xFE98, 0xEE37, 0x6554, 0x55B5, 0x9CD2, 0xC4B2, 
  0xC513, 0xD575, 0xDDD6, 0xEE58, 0xF699, 0xFEFA, 0xFF3B, 0xFF3B, 0xFF1B, 0xFEFA, 0xFEFB, 0xFEFB, 
  0xFF3B, 0xFF3B, 0xFF3B, 0xFF1B, 0xFF1B, 0xFF1B, 0xFF3C, 0xFF1B, 0xFF5C, 0xFF3B, 0xFF1B, 0xFF1B, 
  0xFEFB, 0xFEFA, 0xFF3B, 0xFF5B, 0xFF5C, 0xFF1B, 0xFF1B, 0xFF3B, 0xFF1B, 0xFF3B, 0xFF5C, 0xFF5C, 
  0xFF5C, 0xFF5C, 0xF75C, 0xFF5C, 0xFF5C, 0xFF5C, 0xFF3B, 0xF75C, 0xF75C, 0xF75C, 0xF75C, 0xF73C, 
  0xF75D, 0xEF7D, 0xEF5C, 0xF73C, 0xF73C, 0xF73C, 0xF75C, 0xF75C, 0xEF7C, 0xEF7C, 0xEF5C, 0xEF7C, 
  0xEF7C, 0xEF7D, 0xEF5C, 0xEF5C, 0xEF5C, 0xEF5C, 0xEF7C, 0xEF7C, 0xEF7C, 0xEF7C, 0xE75C, 0xE75C, 
  0xE75C, 0xE75C, 0xE75C, 0xE75C, 0xE75C, 0xE75C, 0xE75D, 0xE75C, 0xE77C, 0xE77C, 0xE75C, 0xE75C, 
  0xE75C, 0xE75C, 0xE77D, 0xE79E, 0xE77D, 0xE77D, 0xDF5D, 0xDF5D, 0xDF5D, 0xDF5D, 0xDF5D, 0xDF5C, 
  0xDF5C, 0xDF5C, 0xDF5C, 0xDF7D, 0xE77D, 0xDF5D, 0xDF7D, 0xDF7D, 0xDF7D, 0xDF7D, 0xE79D, 0xE79D, 
  0xDF5D, 0xDF5C, 0xDF5C, 0xDF5C, 0xDF5C, 0xDF5C, 0xDF5C, 0xDF5C, 0xDF5D, 0xDF5D, 0xDF5C, 0xDF5C, 
  0xDF5C, 0xDF5C, 0xDF7D, 0xDF7D, 0xD75C, 0xD73B, 0xCEFB, 0xD71B, 0xD73C, 0xDF5C, 0xDF7D, 0xDF7D, 
  0xDF5D, 0xDF5C, 0xDF5D, 0xDF5D, 0xDF5D, 0xDF5D, 0xDF5C, 0xD73C, 0xDF5C, 0xDF5D, 0xDF5D, 0xDF5D, 
  0xDF5D, 0xDF5D, 0xDF7D, 0xDF7D, 0xE77D, 0xDF7D, 0xE77D, 0xE77D, 0xE77D, 0xDF5D, 0xDF5D, 0xDF7D, 
  0xDF7D, 0xDF7D, 0xDF7D, 0xDF7D, 0xCF1B, 0xD75C, 0xD77D, 0xD75D, 0xD75C, 0xE77D, 0xDF5C, 0xDF5D, 
  0xDF5D, 0xC699, 0x6D95, 0x65D6, 0x74B2, 0x8CF3, 0x9D55, 0xA5B6, 0xADF7, 0xAE17, 0xB699, 0xBEDA, 
  0xCF1B, 0xC6FB, 0xBEDA, 0xBEDA, 0xBEDB, 0xBEDA, 0xC6DB, 0xBEDA, 0xC6FB, 0xC6FB, 0xC6FB, 0xC6FB, 
  0xBEDB, 0xC6DB, 0xBEBA, 0xB699, 0xA699, 0xA699, 0xB6BA, 0xBEBA, 0xB6BA, 0xAE99, 0x9E59, 0x9658, 
  0xFE98, 0xFE99, 0xFEB9, 0xFEB9, 0xFE99, 0xFE98, 0xFE78, 0xFED9, 0xFEDA, 0xFE78, 0xFE78, 0xFDF6, 
  0xFE17, 0xFE98, 0xFE37, 0xFE16, 0xFE58, 0xFDD5, 0xFE16, 0xFE78, 0xFE98, 0xFE57, 0xFE57, 0xFE77, 
  0xFE16, 0xFE16, 0xFE57, 0xFE36, 0xFE36, 0xFE78, 0xFE78, 0xEE57, 0x6554, 0x55B5, 0x94F2, 0xC4D2, 
  0xC554, 0xD5B6, 0xDDF6, 0xEE38, 0xF699, 0xFEFA, 0xFF3B, 0xFF1B, 0xFF1B, 0xFF1B, 0xFF1B, 0xFF1B, 
  0xFF3B, 0xFF3B, 0xFF3B, 0xFF3B, 0xFF1B, 0xFF1B, 0xFF3C, 0xFF3C, 0xFF3C, 0xFF3C, 0xFF3C, 0xFF3B, 
  0xFF1B, 0xFF1B, 0xFF3B, 0xFF3C, 0xFF5C, 0xFF3C, 0xFF5C, 0xFF5C, 0xFF5C, 0xFF3C, 0xFF5C, 0xFF5C, 
  0xFF5C, 0xFF5C, 0xFF5C, 0xFF5C, 0xFF5C, 0xFF3C, 0xFF3C, 0xF75C, 0xF75C, 0xF75C, 0xF73C, 0xF73C, 
  0xF75C, 0xF77D, 0xEF5C, 0xF75C, 0xF73C, 0xF73C, 0xF75C, 0xF77D, 0xF77D, 0xEF7C, 0xEF5C, 0xEF7D, 
  0xEF5C, 0xEF5C, 0xEF5C, 0xEF5C, 0xEF5C, 0xEF5C, 0xEF7D, 0xEF7D, 0xEF7D, 0xEF5C, 0xE75C, 0xE75C, 
  0xE75C, 0xE75C, 0xE75C, 0xE75C, 0xE75C, 0xE75C, 0xE75C, 0xE75C, 0xE75C, 0xE75C, 0xE77C, 0xE75C, 
  0xE75C, 0xE73C, 0xDF5C, 0xDF5D, 0xE79D, 0xE79D, 0xE79D, 0xDF7D, 0xDF5C, 0xDF5C, 0xDF5D, 0xDF7D, 
  0xDF5C, 0xDF5C, 0xDF7D, 0xDF7D, 0xDF7D, 0xDF7D, 0xDF5D, 0xDF5D, 0xDF5D, 0xDF7D, 0xE77D, 0xE77D, 
  0xDF7D, 0xDF5C, 0xDF5C, 0xDF5C, 0xDF5C, 0xDF5C, 0xDF5C, 0xDF5C, 0xDF5C, 0xDF5D, 0xDF7D, 0xDF5C, 
  0xDF5C, 0xDF5C, 0xD73C, 0xD71B, 0xCF1B, 0xD73C, 0xD75C, 0xDF5C, 0xDF5D, 0xDF5C, 0xDF5C, 0xDF5D, 
  0xDF5D, 0xDF5C, 0xDF5D, 0xDF5D, 0xDF5D, 0xDF5D, 0xDF5D, 0xDF5D, 0xDF5D, 0xDF5D, 0xDF5D, 0xDF5D, 
  0xDF5D, 0xDF7D, 0xDF5D, 0xDF7D, 0xE77D, 0xE77D, 0xE77D, 0xE77D, 0xDF7D, 0xDF7D, 0xDF7D, 0xE77D, 
  0xD73C, 0xD75C, 0xD73C, 0xCF3C, 0xD75D, 0xDF5C, 0xDF5C, 0xD73C, 0xD73C, 0xE77D, 0xDF7D, 0xDF5D, 
  0xDF5D, 0xC699, 0x6D74, 0x5DB6, 0x74B2, 0x8CD3, 0x9554, 0xA5B6, 0xADF7, 0xA5F7, 0xB679, 0xC6FB, 
  0xCF1B, 0xCF1B, 0xC6FB, 0xBEDA, 0xBEDA, 0xBEBA, 0xB6BA, 0xBEBA, 0xCEFB, 0xD73C, 0xCF1C, 0xC6FB, 
  0xBEDA, 0xBEDB, 0xBEDB, 0xBEDA, 0xAEB9, 0xA699, 0xAE99, 0xBEBA, 0xBEDB, 0xBEDA, 0xAE79, 0xAE99, 
  0xFE98, 0xFEB9, 0xFE78, 0xFE99, 0xFEB9, 0xFE98, 0xFEB9, 0xFEFA, 0xFED9, 0xFE37, 0xFDD5, 0xFDF6, 
  0xFE57, 0xFDF6, 0xFE16, 0xFE58, 0xFE37, 0xFD94, 0xFDB5, 0xFE17, 0xFE16, 0xFE16, 0xFE37, 0xFE98, 
  0xFE98, 0xFE78, 0xFE78, 0xFE16, 0xFDB4, 0xFDD5, 0xFE57, 0xEE57, 0x6574, 0x55B5, 0x94F2, 0xC4F2, 
  0xC534, 0xD5B5, 0xDDF6, 0xEE58, 0xF699, 0xFEFB, 0xFF3B, 0xFF3B, 0xFF3C, 0xFF3C, 0xFF3C, 0xFF1B, 
  0xFF3B, 0xFF3B, 0xFF3C, 0xFF3C, 0xFF3C, 0xFF3C, 0xFF3C, 0xFF3C, 0xFF3C, 0xFF3C, 0xFF3C, 0xFF3C, 
  0xFF3C, 0xFF5C, 0xFF5C, 0xFF5C, 0xFF5C, 0xFF5C, 0xFF5C, 0xFF5C, 0xFF5C, 0xFF3C, 0xFF5C, 0xFF5C, 
  0xFF5C, 0xFF5C, 0xFF5C, 0xFF5C, 0xFF3C, 0xF73B, 0xFF5C, 0xF75C, 0xF75C, 0xF73C, 0xF73C, 0xF73C, 
  0xF73C, 0xF75D, 0xF77D, 0xF75C, 0xF75C, 0xF75C, 0xF75C, 0xEF7C, 0xEF7C, 0xEF7D, 0xEF7C, 0xEF5C, 
  0xEF5C, 0xEF5C, 0xEF5C, 0xEF5C, 0xEF5C, 0xEF5C, 0xEF7D, 0xEF7D, 0xEF7D, 0xEF7C, 0xE75C, 0xE75C, 
  0xE75C, 0xE75C, 0xE75C, 0xE75C, 0xE75C, 0xE75C, 0xE75C, 0xE75C, 0xE75C, 0xE75C, 0xE77C, 0xE77C, 
  0xE75C, 0xDF5C, 0xDF5C, 0xDF5C, 0xDF5D, 0xE77D, 0xE77D, 0xE77D, 0xDF5D, 0xDF5C, 0xDF7D, 0xDF5D, 
  0xDF5D, 0xDF5D, 0xDF7D, 0xDF5D, 0xDF7D, 0xDF7D, 0xDF5D, 0xDF5D, 0xDF7D, 0xDF7D, 0xDF5C, 0xE77D, 
  0xE77D, 0xDF5C, 0xDF5C, 0xDF5D, 0xDF5C, 0xDF5C, 0xDF5C, 0xDF5C, 0xDF5D, 0xDF7D, 0xDF5D, 0xDF5C, 
  0xD71C, 0xD71B, 0xD71B, 0xD73C, 0xDF5C, 0xDF5C, 0xD73C, 0xD75C, 0xD73C, 0xDF5C, 0xDF5C, 0xDF5C, 
  0xD73C, 0xDF5D, 0xDF5D, 0xDF5D, 0xDF5D, 0xDF5D, 0xDF5D, 0xDF5D, 0xDF5D, 0xDF5D, 0xDF5D, 0xDF5D, 
  0xDF5D, 0xDF7D, 0xDF5D, 0xDF7D, 0xE77D, 0xE77D, 0xE77D, 0xE77D, 0xDF7D, 0xDF5C, 0xDF5D, 0xDF5D, 
  0xDF5C, 0xD75C, 0xD73C, 0xCF3C, 0xD75C, 0xD75C, 0xDF5C, 0xDF5C, 0xDF7D, 0xE77D, 0xDF5C, 0xDF7D, 
  0xD75D, 0xBE79, 0x6574, 0x5DB5, 0x6CB2, 0x84D2, 0x9D55, 0xA5B6, 0xADF7, 0xB638, 0xBE99, 0xC6FB, 
  0xBEDA, 0xCF1B, 0xC6FB, 0xBEDA, 0xBEDA, 0xB6BA, 0xBEBA, 0xBEDA, 0xC6FB, 0xD73C, 0xCF1B, 0xCEFB, 
  0xC6DB, 0xBEDA, 0xBEDB, 0xC6FB, 0xBEBA, 0x9E58, 0xA678, 0xBEDA, 0xBEDB, 0xBEDA, 0xBEBA, 0xBEDB, 
  0xFE98, 0xFEB9, 0xFE77, 0xF594, 0xFE57, 0xFE98, 0xFE98, 0xFEDA, 0xFED9, 0xFE16, 0xFDB5, 0xFDF6, 
  0xFE16, 0xFDF6, 0xF5B5, 0xFDB4, 0xFD94, 0xFD33, 0xFDB4, 0xFE16, 0xFDD5, 0xFDD6, 0xFDF6, 0xFE57, 
  0xFE57, 0xFE77, 0xFE57, 0xFE57, 0xFE57, 0xFDF6, 0xFE57, 0xEE58, 0x6554, 0x55B5, 0x9CF3, 0xC4F3, 
  0xC554, 0xD5B5, 0xDDF6, 0xEE58, 0xF6B9, 0xFF1B, 0xFF3B, 0xFF3B, 0xFF3B, 0xFF3C, 0xFEFB, 0xFF1B, 
  0xFF3B, 0xFF3C, 0xFF1B, 0xFF1B, 0xFF3C, 0xFF3C, 0xFF3C, 0xFF1B, 0xFF1B, 0xFF1B, 0xFF3C, 0xFF3C, 
  0xFF3C, 0xFF3B, 0xFF3C, 0xFF5C, 0xFF5C, 0xFF5C, 0xFF5C, 0xFF5C, 0xFF3C, 0xFF3C, 0xFF5C, 0xFF5C, 
  0xFF5C, 0xFF5C, 0xFF5C, 0xFF3C, 0xFF3C, 0xF73C, 0xF73C, 0xF75C, 0xF75C, 0xF75C, 0xF75C, 0xF73C, 
  0xF73C, 0xF75C, 0xF77D, 0xEF5C, 0xF75C, 0xF75C, 0xEF5C, 0xEF5C, 0xEF7C, 0xEF5C, 0xEF5C, 0xEF5C, 
  0xEF5C, 0xEF5C, 0xEF5C, 0xEF5C, 0xEF5C, 0xEF5C, 0xEF7D, 0xEF7D, 0xEF7D, 0xEF7D, 0xE75C, 0xE75C, 
  0xE75C, 0xE75C, 0xE75C, 0xE73C, 0xE75C, 0xE75C, 0xE75C, 0xE75C, 0xE75C, 0xE75C, 0xE75C, 0xE75C, 
  0xDF5C, 0xDF5C, 0xDF7D, 0xDF7D, 0xDF5C, 0xDF5C, 0xDF5C, 0xE77D, 0xE77D, 0xDF5C, 0xE79D, 0xDF7D, 
  0xDF5D, 0xDF5D, 0xDF5D, 0xDF7D, 0xDF7D, 0xDF5D, 0xDF5D, 0xDF7D, 0xDF5D, 0xDF5D, 0xDF5D, 0xE77D, 
  0xE79D, 0xDF7D, 0xDF5C, 0xDF5D, 0xDF5D, 0xDF5D, 0xDF7D, 0xDF5D, 0xDF5C, 0xD71B, 0xD71B, 0xD73C, 
  0xD73C, 0xDF5D, 0xDF5D, 0xDF5C, 0xDF5C, 0xD73C, 0xD73C, 0xD75C, 0xDF5C, 0xDF5C, 0xDF5C, 0xD75C, 
  0xD73C, 0xD73C, 0xDF5D, 0xE77D, 0xDF5D, 0xDF5D, 0xD73C, 0xD73C, 0xDF5D, 0xDF5D, 0xDF5D, 0xDF5D, 
  0xDF5D, 0xDF7D, 0xDF7D, 0xDF7D, 0xE77D, 0xE77D, 0xE77D, 0xE77D, 0xDF7D, 0xD75D, 0xD75D, 0xDF5D, 
  0xDF7D, 0xDF5D, 0xDF5D, 0xD73C, 0xD73C, 0xDF5C, 0xDF5C, 0xDF5D, 0xDF7D, 0xDF7D, 0xDF7D, 0xD75C, 
  0xD75C, 0xC699, 0x6D74, 0x5DB5, 0x6491, 0x84B2, 0x8D14, 0xA5B6, 0xADF7, 0xBE59, 0xBE99, 0xBEBA, 
  0xC6FB, 0xC6FB, 0xC6FB, 0xC6FB, 0xC6FB, 0xBEDB, 0xBEDB, 0xC6DB, 0xC6FB, 0xCEFB, 0xCF1B, 0xC6FB, 
  0xBEBA, 0xC6DB, 0xBEDB, 0xC6DB, 0xBEBA, 0xB6DA, 0xA679, 0xB6BA, 0xBEDB, 0xBEDB, 0xBEDA, 0xBEFB, 
  0xFE78, 0xFE99, 0xFEB8, 0xFDB4, 0xFD74, 0xFE16, 0xFE57, 0xFE98, 0xFED9, 0xFE78, 0xFDF6, 0xFD95, 
  0xFD95, 0xFDD5, 0xFDF5, 0xFD94, 0xFDB5, 0xFD73, 0xFDD5, 0xFE78, 0xFE16, 0xFE57, 0xFE57, 0xFE37, 
  0xFE37, 0xFE37, 0xFE57, 0xFE37, 0xFE78, 0xFE57, 0xFE98, 0xEE78, 0x6554, 0x55B5, 0x9CD2, 0xC4D2, 
  0xC513, 0xCD74, 0xDDF7, 0xEE79, 0xF6DA, 0xFF1B, 0xFF3C, 0xFF1B, 0xFF3B, 0xFF3C, 0xFF1B, 0xFF1B, 
  0xFF3C, 0xFF3C, 0xFF3C, 0xFF1B, 0xFF1B, 0xFF3C, 0xFF1B, 0xFEFA, 0xFF1B, 0xFF1B, 0xFF3C, 0xFF3C, 
  0xFF1B, 0xFF1B, 0xFF1B, 0xFF3C, 0xFF3C, 0xFF5C, 0xFF5C, 0xFF5C, 0xFF5C, 0xFF5C, 0xFF5C, 0xFF5C, 
  0xFF3C, 0xFF3C, 0xFF3C, 0xFF3C, 0xFF5C, 0xF75C, 0xF75C, 0xF75C, 0xF75C, 0xF75C, 0xF75C, 0xF73C, 
  0xF73C, 0xF75C, 0xEF9D, 0xF77D, 0xF75C, 0xF75C, 0xF75C, 0xEF5C, 0xEF5C, 0xEF5C, 0xEF3C, 0xEF5C, 
  0xEF5C, 0xEF5C, 0xEF5C, 0xEF5C, 0xEF5C, 0xEF5C, 0xEF5C, 0xEF7D, 0xEF7D, 0xEF5D, 0xEF5D, 0xEF5C, 
  0xE75C, 0xE75C, 0xEF5C, 0xE75C, 0xE75C, 0xE75C, 0xE75C, 0xE75C, 0xE75C, 0xE75C, 0xE73C, 0xE75C, 
  0xE73C, 0xE73C, 0xDF5C, 0xE77D, 0xDF5C, 0xDF5C, 0xDF5C, 0xDF3C, 0xE75D, 0xE77D, 0xDF7D, 0xDF7D, 
  0xDF7D, 0xDF5D, 0xDF5D, 0xDF7D, 0xDF7D, 0xDF5D, 0xDF7D, 0xDF7D, 0xDF5D, 0xDF5D, 0xDF5D, 0xE77D, 
  0xE77D, 0xE79D, 0xDF7D, 0xDF7D, 0xDF5D, 0xDF5C, 0xD73C, 0xD73C, 0xD71B, 0xD73C, 0xD75C, 0xD75C, 
  0xD73C, 0xDF5C, 0xDF5C, 0xDF5C, 0xDF5C, 0xD75C, 0xD75C, 0xDF5C, 0xDF5C, 0xDF5D, 0xD75C, 0xD75C, 
  0xD73C, 0xD73C, 0xDF5C, 0xE77D, 0xE77D, 0xDF5D, 0xD73C, 0xD73C, 0xDF5D, 0xDF5D, 0xDF5D, 0xDF5D, 
  0xDF5D, 0xDF7D, 0xDF5D, 0xDF5D, 0xDF7D, 0xDF7D, 0xDF7D, 0xDF7D, 0xDF7D, 0xDF7D, 0xD75D, 0xDF5D, 
  0xDF7D, 0xDF7D, 0xDF7D, 0xD75C, 0xD73C, 0xDF5D, 0xDF5D, 0xDF5D, 0xDF7D, 0xDF7D, 0xDF5D, 0xD75C, 
  0xDF7D, 0xCEBA, 0x6D74, 0x5DB5, 0x6491, 0x7491, 0x74B2, 0x9D95, 0xADF7, 0xB659, 0xBE99, 0xC6DB, 
  0xCEFB, 0xC6DA, 0xC6FB, 0xCF1B, 0xC6DB, 0xBEDA, 0xBEDA, 0xCEFB, 0xCF1C, 0xCF1C, 0xCF1C, 0xC6FB, 
  0xC6DB, 0xBEBA, 0xBEDB, 0xC6FB, 0xC6DB, 0xBEDB, 0xB6BA, 0xAE99, 0xBEFB, 0xBEDB, 0xB6BA, 0xB6BA, 
  0xFE98, 0xFEB9, 0xFE98, 0xFE37, 0xF553, 0xFDD5, 0xFE78, 0xFE78, 0xFED9, 0xFE99, 0xFE57, 0xFDB5, 
  0xFDB5, 0xFE36, 0xFE16, 0xFDF6, 0xFE57, 0xFE36, 0xFE37, 0xFE78, 0xFE57, 0xFE98, 0xFE37, 0xFDF6, 
  0xFE98, 0xFE99, 0xFE78, 0xFE36, 0xFE16, 0xFE57, 0xFE98, 0xEE99, 0x6574, 0x5D95, 0x9CD2, 0xC4D2, 
  0xC534, 0xD595, 0xDE17, 0xE699, 0xF6DA, 0xFEFB, 0xFF3C, 0xFF3C, 0xFF3C, 0xFF3B, 0xFF5C, 0xFF5C, 
  0xFF5C, 0xFF3C, 0xFF3C, 0xFF1B, 0xFF1B, 0xFF1B, 0xFF1B, 0xFF3B, 0xFF3B, 0xFF3B, 0xFF3C, 0xFF3B, 
  0xFF1B, 0xFF3C, 0xFF3C, 0xFF3C, 0xFF3C, 0xFF5C, 0xFF5C, 0xFF5C, 0xFF5C, 0xFF5C, 0xFF5C, 0xFF3C, 
  0xFF3C, 0xFF5C, 0xFF5C, 0xFF5C, 0xFF5C, 0xF75C, 0xF75C, 0xF75C, 0xF75C, 0xF75C, 0xF75C, 0xF75C, 
  0xF75C, 0xF77D, 0xEF9D, 0xF77D, 0xF75C, 0xEF5C, 0xEF5C, 0xEF5C, 0xF75C, 0xEF5C, 0xEF5C, 0xEF5C, 
  0xEF5C, 0xEF5C, 0xEF5C, 0xEF5C, 0xEF5C, 0xEF5C, 0xEF5C, 0xEF7D, 0xEF7D, 0xEF5C, 0xEF5C, 0xEF5C, 
  0xEF5C, 0xEF5C, 0xEF5C, 0xE75C, 0xE75C, 0xE75C, 0xE75C, 0xE75C, 0xE75C, 0xE73C, 0xE73C, 0xE73C, 
  0xE73C, 0xDF5C, 0xDF5C, 0xDF5C, 0xE77D, 0xDF5C, 0xDF3C, 0xDF3C, 0xDF3C, 0xE75D, 0xDF5D, 0xDF7D, 
  0xDF7D, 0xDF7D, 0xDF5D, 0xDF5D, 0xDF7D, 0xDF5D, 0xDF5D, 0xDF5D, 0xDF5D, 0xDF5D, 0xDF5D, 0xDF7D, 
  0xE79D, 0xE77D, 0xDF5C, 0xDF3C, 0xD73C, 0xD73C, 0xD73C, 0xDF5C, 0xDF5C, 0xDF5C, 0xDF7D, 0xDF7D, 
  0xDF5C, 0xDF5C, 0xDF5C, 0xDF5C, 0xDF5C, 0xDF5C, 0xDF5C, 0xDF5C, 0xDF5C, 0xDF5C, 0xDF5C, 0xDF5D, 
  0xDF5D, 0xD75C, 0xDF5D, 0xE79D, 0xE77D, 0xDF7D, 0xDF5D, 0xD75C, 0xDF5D, 0xDF5D, 0xDF5D, 0xDF5D, 
  0xDF5D, 0xDF5D, 0xDF5D, 0xDF5D, 0xDF7D, 0xDF7D, 0xDF7D, 0xDF7D, 0xDF7D, 0xDF7D, 0xDF7D, 0xDF7D, 
  0xDF7D, 0xDF7D, 0xDF5D, 0xDF5D, 0xD75D, 0xDF5D, 0xDF7D, 0xE77D, 0xDF7D, 0xE77D, 0xDF7D, 0xDF7D, 
  0xDF7D, 0xC699, 0x6D74, 0x5DB6, 0x74B2, 0x7CB2, 0x6C91, 0x9575, 0xADF7, 0xB659, 0xBE9A, 0xCEFB, 
  0xCF1B, 0xCF1B, 0xCF1B, 0xCF1B, 0xCF1B, 0xBEDA, 0xC6DB, 0xCF1C, 0xCF1B, 0xCF1C, 0xCF1B, 0xCEFB, 
  0xCEFB, 0xBEDB, 0xB69A, 0xBEBA, 0xBEDB, 0xBEDB, 0xBEDA, 0x9E38, 0xB6BA, 0xC6DB, 0xBEDA, 0xB6BA, 
  0xFE58, 0xFE99, 0xFE78, 0xFE98, 0xFDF5, 0xF5B5, 0xFE78, 0xFE78, 0xFEB9, 0xFEB9, 0xFE98, 0xFE57, 
  0xFE57, 0xFE37, 0xFE57, 0xFE78, 0xFE58, 0xFE78, 0xFE78, 0xFE77, 0xFE37, 0xFE37, 0xFDD5, 0xFE16, 
  0xFE78, 0xFE78, 0xFE78, 0xFE37, 0xFE57, 0xFE57, 0xFE98, 0xEED9, 0x6574, 0x5DB5, 0x9CF3, 0xC4F2, 
  0xC533, 0xD5B6, 0xDE17, 0xE679, 0xF6BA, 0xFEFB, 0xFF3B, 0xFF3C, 0xFF5C, 0xFF3C, 0xFF3C, 0xFF3C, 
  0xFF3B, 0xFF1B, 0xFF1B, 0xFF3C, 0xFF3C, 0xFF3B, 0xFF3C, 0xFF3C, 0xFF3C, 0xFF3B, 0xFF1A, 0xFEFA, 
  0xFF3B, 0xFF3C, 0xFF3C, 0xFF3C, 0xFF5C, 0xFF5C, 0xFF5C, 0xFF5C, 0xFF5C, 0xFF5C, 0xFF5C, 0xFF5C, 
  0xFF5C, 0xFF5C, 0xFF5C, 0xFF5C, 0xFF5C, 0xF75C, 0xF75C, 0xF75C, 0xF75C, 0xF75C, 0xF75C, 0xF75C, 
  0xF75C, 0xF77D, 0xF77C, 0xF75C, 0xF75C, 0xEF5C, 0xEF5C, 0xEF5C, 0xEF5C, 0xEF5C, 0xEF5C, 0xEF7C, 
  0xEF7C, 0xEF5C, 0xEF5C, 0xEF5C, 0xEF5C, 0xEF3C, 0xEF5C, 0xEF7C, 0xEF7D, 0xEF5C, 0xEF5C, 0xEF5C, 
  0xEF5C, 0xEF5C, 0xE75C, 0xE75C, 0xE75C, 0xE75C, 0xE75C, 0xE77C, 0xE77C, 0xDF5C, 0xE73C, 0xE73C, 
  0xDF5C, 0xDF5C, 0xDF5C, 0xDF5C, 0xDF5C, 0xE77D, 0xDF5C, 0xDF5C, 0xDF3C, 0xDF5C, 0xDF5D, 0xDF5D, 
  0xDF5D, 0xDF7D, 0xDF7D, 0xDF7D, 0xDF7D, 0xDF5D, 0xDF5D, 0xDF5D, 0xDF5D, 0xDF7D, 0xDF5D, 0xDF5D, 
  0xDF5C, 0xDF1B, 0xD71B, 0xD73B, 0xDF5C, 0xDF7D, 0xDF7D, 0xDF5D, 0xDF5D, 0xDF5D, 0xE77D, 0xE77D, 
  0xDF7D, 0xDF5C, 0xDF5D, 0xDF5D, 0xDF5C, 0xDF5C, 0xDF5C, 0xDF5D, 0xDF5C, 0xD73C, 0xDF5C, 0xDF5D, 
  0xDF5D, 0xDF5D, 0xE79E, 0xE77D, 0xDF7D, 0xDF7D, 0xDF7D, 0xDF7D, 0xDF7D, 0xDF5D, 0xDF5D, 0xDF5D, 
  0xDF5D, 0xDF7D, 0xDF7D, 0xDF7D, 0xDF7D, 0xDF7D, 0xDF7D, 0xDF7D, 0xDF7D, 0xDF7D, 0xDF7D, 0xDF5D, 
  0xDF5C, 0xDF5C, 0xDF5D, 0xDF5D, 0xDF5D, 0xDF5D, 0xDF5D, 0xDF7D, 0xE77D, 0xDF7D, 0xDF5D, 0xDF5D, 
  0xCF5C, 0xBE79, 0x6D74, 0x65B6, 0x6CB2, 0x6C71, 0x74D2, 0x9575, 0xADF7, 0xB658, 0xBE79, 0xCEFB, 
  0xCF1C, 0xCF1C, 0xC6FB, 0xC6FB, 0xCF1B, 0xC6FB, 0xC6DB, 0xCF1B, 0xCF1B, 0xCF1B, 0xC6FB, 0xC6BA, 
  0xC6FB, 0xBEDA, 0xB69A, 0xBEBA, 0xBEDA, 0xC6DB, 0xC6FB, 0x9638, 0x8E38, 0xBEFB, 0xBEDA, 0xBEDB, 
  0xFE37, 0xFE78, 0xFE78, 0xFE78, 0xFE78, 0xFE16, 0xFE37, 0xFE78, 0xFE98, 0xFE99, 0xFEBA, 0xFE58, 
  0xFE57, 0xFE16, 0xFDF6, 0xFE57, 0xFE78, 0xFE78, 0xFE78, 0xFE78, 0xFE77, 0xFDF6, 0xFDB5, 0xFE37, 
  0xF616, 0xF5F6, 0xFE78, 0xFE78, 0xFE79, 0xFE37, 0xFE78, 0xEEB9, 0x6574, 0x5DB5, 0x9CF3, 0xBD13, 
  0xC534, 0xD595, 0xDE17, 0xEE78, 0xF6BA, 0xFF1B, 0xFF3B, 0xFF1B, 0xFF1B, 0xFF5C, 0xFF1B, 0xFEFB, 
  0xFF3B, 0xFF3B, 0xFF1B, 0xFEFB, 0xFF1B, 0xFF3C, 0xFF3C, 0xFF3B, 0xFF3B, 0xFF1B, 0xFEDA, 0xFEDA, 
  0xFF3B, 0xFF1B, 0xFF3B, 0xFF3C, 0xFF5C, 0xFF7C, 0xFF5C, 0xFF5C, 0xFF5C, 0xFF5C, 0xFF5C, 0xF75C, 
  0xFF5C, 0xFF5C, 0xFF5C, 0xFF5C, 0xFF5C, 0xFF5C, 0xF75C, 0xF77C, 0xF77D, 0xF77D, 0xF77D, 0xF77D, 
  0xF77D, 0xF77D, 0xF75C, 0xEF7C, 0xF75C, 0xEF5C, 0xEF5C, 0xF75C, 0xEF5C, 0xEF7C, 0xEF5C, 0xEF5C, 
  0xEF5C, 0xEF5C, 0xEF5C, 0xEF5C, 0xEF5C, 0xEF5C, 0xEF5C, 0xEF7D, 0xEF7D, 0xEF5D, 0xEF5C, 0xEF5C, 
  0xEF5C, 0xEF5C, 0xEF5C, 0xEF5D, 0xE75C, 0xE75C, 0xE75C, 0xE75C, 0xE77D, 0xE75C, 0xE73C, 0xE73C, 
  0xE75C, 0xDF5C, 0xDF5C, 0xDF5D, 0xDF5C, 0xDF5D, 0xDF5D, 0xDF5C, 0xDF5C, 0xDF5D, 0xDF5D, 0xDF5D, 
  0xDF5C, 0xDF5C, 0xDF7D, 0xDF7D, 0xDF7D, 0xDF7D, 0xDF5D, 0xDF7D, 0xDF5D, 0xDF5C, 0xDF5D, 0xD71B, 
  0xDF3B, 0xDF3C, 0xDF3C, 0xDF5C, 0xDF5D, 0xE77D, 0xDF7D, 0xDF5C, 0xDF5D, 0xE77D, 0xE77D, 0xE75D, 
  0xDF7D, 0xDF7D, 0xE77D, 0xDF7D, 0xDF5D, 0xDF5C, 0xDF5C, 0xDF5C, 0xDF5D, 0xDF5D, 0xDF5C, 0xDF5C, 
  0xDF5D, 0xDF7D, 0xE77D, 0xDF5D, 0xDF5D, 0xDF5D, 0xDF5D, 0xDF5D, 0xDF7D, 0xDF5D, 0xDF5D, 0xDF5D, 
  0xDF7D, 0xDF7D, 0xDF7D, 0xDF7D, 0xDF5D, 0xDF7D, 0xDF7D, 0xDF7D, 0xDF7D, 0xDF7D, 0xDF7D, 0xDF5D, 
  0xDF5D, 0xDF5D, 0xDF7D, 0xDF5D, 0xDF5D, 0xDF5D, 0xDF5D, 0xDF5D, 0xE77D, 0xE77D, 0xDF5D, 0xD73C, 
  0xDF7D, 0xCEDA, 0x6574, 0x65B6, 0x6C92, 0x7491, 0x74B2, 0x9575, 0xA5B6, 0xAE38, 0xBE79, 0xC6FB, 
  0xCF1B, 0xCF1C, 0xC6FB, 0xC6DB, 0xCF1C, 0xCF1B, 0xC6FB, 0xCF1C, 0xCF1C, 0xCF1C, 0xCF1B, 0xC6DB, 
  0xBEDB, 0xBEDA, 0xBEBA, 0xBEDA, 0xB6BA, 0xBEDB, 0xC6FB, 0xA699, 0x75B5, 0xA679, 0xC6FB, 0xBEDA, 
  0xFE57, 0xFE57, 0xFE78, 0xFE57, 0xFE77, 0xFE77, 0xFE57, 0xFE78, 0xFE78, 0xFE98, 0xFE99, 0xFE58, 
  0xF5F6, 0xFE16, 0xFE16, 0xFE37, 0xFE36, 0xFE58, 0xFE37, 0xFDB5, 0xFE37, 0xFE98, 0xFE77, 0xFE98, 
  0xFE78, 0xFE58, 0xFE16, 0xFE57, 0xFEB9, 0xFE99, 0xFE99, 0xEE98, 0x6574, 0x5DB5, 0x9D13, 0xBD13, 
  0xC534, 0xD575, 0xDE17, 0xEE78, 0xF6B9, 0xFEFA, 0xFF1B, 0xFF1B, 0xFF1B, 0xFF5C, 0xFF3B, 0xFF1B, 
  0xFF1B, 0xFF3B, 0xFF3B, 0xFF1B, 0xFF3B, 0xFF3C, 0xFF3C, 0xFF3B, 0xFF3B, 0xFEFA, 0xFEFA, 0xFF3C, 
  0xFF1B, 0xFF1B, 0xFF5C, 0xFF5C, 0xFF7C, 0xFF7C, 0xFF5C, 0xFF5C, 0xFF5C, 0xFF5C, 0xFF3C, 0xFF5C, 
  0xFF3C, 0xFF3C, 0xFF5C, 0xF75C, 0xFF5C, 0xFF5C, 0xFF5D, 0xF75C, 0xF75C, 0xF75C, 0xF77D, 0xF77D, 
  0xF77D, 0xF77D, 0xEF5C, 0xEF5C, 0xF75C, 0xEF5C, 0xEF5C, 0xEF5C, 0xEF5C, 0xEF5C, 0xEF5C, 0xEF5C, 
  0xEF5C, 0xEF5C, 0xEF5C, 0xEF5C, 0xEF5C, 0xEF5C, 0xEF5C, 0xEF7C, 0xEF7D, 0xEF7D, 0xEF5D, 0xEF5C, 
  0xEF5C, 0xEF5C, 0xEF5C, 0xEF5D, 0xEF5C, 0xE75C, 0xE75C, 0xE75C, 0xE75C, 0xE75C, 0xE75C, 0xE73C, 
  0xE75C, 0xDF5C, 0xDF5C, 0xDF5D, 0xDF5D, 0xDF5D, 0xDF5D, 0xDF7D, 0xDF5D, 0xDF5C, 0xDF5D, 0xE77D, 
  0xDF7D, 0xDF7D, 0xDF7D, 0xDF7D, 0xE79D, 0xDF7D, 0xDF5D, 0xDF5C, 0xD71C, 0xD6FB, 0xDF5C, 0xDF7D, 
  0xDF5C, 0xDF5C, 0xD73C, 0xDF5C, 0xDF7D, 0xDF7D, 0xDF7D, 0xDF5D, 0xDF7D, 0xDF7D, 0xDF7D, 0xE79D, 
  0xE77D, 0xDF7D, 0xDF7D, 0xE77D, 0xDF7D, 0xDF5C, 0xDF7D, 0xDF5D, 0xDF5C, 0xDF7D, 0xDF5D, 0xDF5D, 
  0xE77D, 0xDF7D, 0xDF5D, 0xDF5D, 0xDF5D, 0xDF5D, 0xDF5D, 0xDF5D, 0xDF5D, 0xDF7D, 0xDF5D, 0xDF5D, 
  0xDF5D, 0xDF5D, 0xDF5D, 0xDF5D, 0xDF5D, 0xDF7D, 0xDF7D, 0xDF7D, 0xDF7D, 0xDF7D, 0xDF7D, 0xDF7D, 
  0xDF7D, 0xDF5D, 0xDF5D, 0xDF7D, 0xDF7D, 0xDF7D, 0xDF5D, 0xDF7D, 0xE77D, 0xDF5D, 0xDF5D, 0xDF7D, 
  0xE79E, 0xCEBA, 0x6D74, 0x65B5, 0x6C92, 0x7CB2, 0x7CD2, 0x9575, 0xA5D6, 0xAE38, 0xB679, 0xC6DB, 
  0xC6FB, 0xC6FB, 0xC6FB, 0xCEFB, 0xCF1B, 0xCF1B, 0xCEFB, 0xCF1C, 0xCF1C, 0xCF1C, 0xD73C, 0xCF1C, 
  0xC71B, 0xBEDA, 0xBEBA, 0xBEDA, 0xAE99, 0xB6BA, 0xC6FB, 0xC6DB, 0xA699, 0x9637, 0xBEDA, 0xB6BA, 
  0xFE57, 0xFE57, 0xFE77, 0xFE57, 0xFE78, 0xFE77, 0xFE36, 0xFE57, 0xFE98, 0xFE78, 0xFE57, 0xFE57, 
  0xFDD5, 0xFE16, 0xFE37, 0xFDD5, 0xFE16, 0xFE77, 0xFE16, 0xFDD5, 0xF574, 0xFE36, 0xFEB9, 0xFE57, 
  0xFE36, 0xFE77, 0xFDD6, 0xFDD5, 0xFE37, 0xFE99, 0xFE99, 0xEE99, 0x6574, 0x5DB5, 0x9D13, 0xC513, 
  0xC534, 0xD575, 0xDE17, 0xEE78, 0xF6BA, 0xFEFB, 0xFF1B, 0xFF3B, 0xFF3B, 0xFF3C, 0xFF1B, 0xFF1B, 
  0xFF1B, 0xFF3B, 0xFF3B, 0xFF3C, 0xFF3C, 0xFF3C, 0xFF3C, 0xFF5C, 0xFF3B, 0xFF1B, 0xFF3B, 0xFF5C, 
  0xFF5C, 0xFF5C, 0xFF5C, 0xFF5C, 0xFF7C, 0xFF7D, 0xFF5C, 0xFF5C, 0xFF5C, 0xFF5C, 0xFF1B, 0xFF3C, 
  0xFF1B, 0xFF5C, 0xF75C, 0xFF5C, 0xFF5C, 0xF77C, 0xFF7D, 0xF75C, 0xF75C, 0xF75C, 0xF75D, 0xF77D, 
  0xF77D, 0xF77D, 0xF77D, 0xF77C, 0xF75C, 0xF75C, 0xF75C, 0xF75C, 0xF75C, 0xF75C, 0xEF5C, 0xEF5C, 
  0xEF5C, 0xEF5C, 0xEF5C, 0xEF5C, 0xEF5C, 0xEF5C, 0xEF5C, 0xEF5C, 0xEF7D, 0xEF7D, 0xEF5D, 0xEF5C, 
  0xEF5C, 0xEF5C, 0xEF5C, 0xEF5C, 0xE75C, 0xE75C, 0xE75C, 0xE75C, 0xDF5C, 0xE73C, 0xE73C, 0xE73C, 
  0xDF5C, 0xDF5C, 0xDF5C, 0xDF5D, 0xDF5D, 0xDF5D, 0xDF5D, 0xDF7D, 0xDF5D, 0xDF5C, 0xDF5C, 0xDF7D, 
  0xE79D, 0xE79D, 0xDF7D, 0xDF7D, 0xDF7D, 0xDF5D, 0xDF5D, 0xDF5C, 0xDF7D, 0xDF5C, 0xDF7D, 0xDF5D, 
  0xDF5D, 0xDF5C, 0xDF5D, 0xDF5C, 0xDF5C, 0xD73C, 0xD73C, 0xDF5C, 0xDF7D, 0xDF5D, 0xE77D, 0xE77D, 
  0xDF7D, 0xDF7D, 0xDF5D, 0xDF7D, 0xDF7D, 0xDF7D, 0xDF7D, 0xDF5C, 0xDF5D, 0xDF5D, 0xDF5D, 0xDF7D, 
  0xE77D, 0xDF7D, 0xDF5D, 0xDF5D, 0xDF5D, 0xDF5D, 0xDF5D, 0xDF5D, 0xDF5D, 0xDF5D, 0xDF5D, 0xDF5D, 
  0xDF5D, 0xDF5D, 0xDF5D, 0xDF5D, 0xDF5D, 0xDF5D, 0xDF7D, 0xDF7D, 0xDF5D, 0xDF7D, 0xDF7D, 0xE77D, 
  0xDF7D, 0xDF7D, 0xDF7D, 0xDF7D, 0xDF7D, 0xDF7D, 0xDF7D, 0xE77D, 0xDF7D, 0xDF7D, 0xE77D, 0xDF5D, 
  0xDF7D, 0xCEBA, 0x6D74, 0x65B5, 0x6C92, 0x7CB2, 0x8D14, 0x9D75, 0xA5D7, 0xAE38, 0xBE79, 0xC6DB, 
  0xC6DB, 0xC6FB, 0xC6FB, 0xC6FB, 0xCEFB, 0xCF1C, 0xC6DB, 0xCEFB, 0xD71C, 0xCF1C, 0xD71C, 0xCF1C, 
  0xCEFB, 0xC71B, 0xCF1B, 0xC6FB, 0xC6FB, 0xC6FB, 0xC6FB, 0xCEFB, 0xBEDA, 0x9E58, 0xAEB9, 0xB6BA, 
  0xFE77, 0xFE77, 0xFE78, 0xFE57, 0xFE77, 0xFE77, 0xFE37, 0xFE57, 0xFE98, 0xFE98, 0xFE78, 0xFE57, 
  0xFE57, 0xFE77, 0xFE77, 0xFE57, 0xFE77, 0xFE57, 0xFE16, 0xFE78, 0xFDF6, 0xFE16, 0xFE37, 0xFE37, 
  0xF594, 0xFDF5, 0xFE37, 0xFDF6, 0xFDF6, 0xFE99, 0xFE99, 0xEE78, 0x6574, 0x5DB5, 0x9D13, 0xC513, 
  0xC513, 0xD575, 0xDDF7, 0xEE58, 0xF6BA, 0xFF1B, 0xFF5C, 0xFF3B, 0xFF3B, 0xFF3C, 0xFF1B, 0xFF1B, 
  0xFF3C, 0xFF3C, 0xFF5C, 0xFF3C, 0xFF3C, 0xFF3C, 0xFF5C, 0xFF5C, 0xFF3C, 0xFF3C, 0xFF3C, 0xFF5C, 
  0xFF7C, 0xFF5C, 0xFF5C, 0xFF5C, 0xFF7C, 0xFF7D, 0xFF7D, 0xFF5C, 0xFF7C, 0xFF3B, 0xFF1B, 0xFF1B, 
  0xFF3B, 0xFF5C, 0xFF5C, 0xFF5C, 0xFF5C, 0xF77D, 0xF77D, 0xF75D, 0xF75D, 0xF75D, 0xF75C, 0xF77C, 
  0xF77C, 0xF75C, 0xF77D, 0xF77C, 0xF75C, 0xF75C, 0xF75C, 0xF75C, 0xF75C, 0xF75C, 0xEF5C, 0xEF5C, 
  0xEF5C, 0xEF5C, 0xEF5C, 0xEF5C, 0xEF5C, 0xEF5C, 0xEF5C, 0xEF5C, 0xEF3C, 0xEF5C, 0xEF7C, 0xEF5C, 
  0xEF5C, 0xEF5C, 0xEF5C, 0xEF5C, 0xE75C, 0xE75C, 0xE75C, 0xE75C, 0xE75C, 0xDF5C, 0xE75C, 0xE73C, 
  0xDF5C, 0xDF5D, 0xDF5C, 0xDF5D, 0xDF5D, 0xDF5D, 0xDF5D, 0xDF7D, 0xDF5D, 0xDF5D, 0xDF5D, 0xDF5C, 
  0xDF5C, 0xDF5C, 0xDF3C, 0xDF3C, 0xDF5D, 0xDF5D, 0xDF5D, 0xDF7D, 0xE79E, 0xE77D, 0xDF7D, 0xDF5D, 
  0xDF5C, 0xDF5C, 0xDF7D, 0xE77D, 0xDF7D, 0xDF5D, 0xDF5C, 0xDF5C, 0xDF7D, 0xDF5D, 0xE77D, 0xE77D, 
  0xE77D, 0xE77D, 0xE77D, 0xDF7D, 0xDF7D, 0xDF7D, 0xDF7D, 0xDF7D, 0xDF7D, 0xDF7D, 0xDF7D, 0xDF5D, 
  0xDF5D, 0xE77D, 0xDF5D, 0xDF5D, 0xDF5D, 0xDF5D, 0xDF5D, 0xDF5D, 0xDF5D, 0xDF5D, 0xDF7D, 0xE77D, 
  0xDF7D, 0xDF5D, 0xDF5D, 0xDF7D, 0xDF5D, 0xDF5D, 0xDF7D, 0xE77D, 0xE77D, 0xE77D, 0xE77D, 0xDF7D, 
  0xDF7D, 0xDF5D, 0xDF7D, 0xE77D, 0xE77D, 0xE79D, 0xDF7D, 0xE77D, 0xE79D, 0xE79D, 0xE77D, 0xDF7D, 
  0xDF7D, 0xCEBA, 0x6D54, 0x65B5, 0x6C91, 0x84D2, 0x84F3, 0x9575, 0xA5B6, 0xAE17, 0xBE99, 0xC6DA, 
  0xC6FB, 0xC6FB, 0xC6FB, 0xC6FB, 0xC6FB, 0xCF1B, 0xC6FB, 0xC6DB, 0xD71C, 0xD71C, 0xD71C, 0xD71C, 
  0xCF1B, 0xC6FB, 0xCF1B, 0xCF1B, 0xCF1B, 0xC71B, 0xC6FB, 0xCEFB, 0xC6FB, 0xB6BA, 0xAE99, 0xB6DA, 
  0xFE77, 0xFE57, 0xFE57, 0xFE57, 0xFE57, 0xFE57, 0xFE78, 0xFE98, 0xFE98, 0xFEB9, 0xFE98, 0xFE78, 
  0xFE78, 0xFE78, 0xFE16, 0xFDF6, 0xFE58, 0xF5F6, 0xFE16, 0xFE98, 0xFEB9, 0xFE37, 0xFDD5, 0xFDD5, 
  0xFE37, 0xFE57, 0xFE16, 0xFE78, 0xFE57, 0xFE99, 0xFEB9, 0xEE78, 0x6D54, 0x5DB5, 0x9D13, 0xC4F3, 
  0xC534, 0xD575, 0xDDF7, 0xE658, 0xF6BA, 0xFF1B, 0xFF5C, 0xFF3C, 0xFF3C, 0xFF3C, 0xFF5C, 0xFF3B, 
  0xFF3C, 0xFF3C, 0xFF3C, 0xFF3C, 0xFF5C, 0xFF5C, 0xFF5C, 0xFF5C, 0xFF5C, 0xFF3C, 0xFF3C, 0xFF5C, 
  0xFF5C, 0xFF5C, 0xFF5C, 0xFF5C, 0xFF7C, 0xFF7D, 0xFF7D, 0xFF5C, 0xFF5C, 0xFF5B, 0xFF1B, 0xFF1B, 
  0xFF5C, 0xFF5C, 0xFF5C, 0xFF5C, 0xF77C, 0xF77D, 0xF77D, 0xF75C, 0xF75C, 0xF75C, 0xF75C, 0xF77C, 
  0xF75C, 0xF75C, 0xF75C, 0xF75C, 0xF75C, 0xF75C, 0xF75C, 0xF75C, 0xF75C, 0xF75C, 0xF75C, 0xF75C, 
  0xEF5C, 0xEF5C, 0xEF5C, 0xEF5C, 0xEF5C, 0xEF5C, 0xEF5C, 0xEF5C, 0xEF3C, 0xEF5C, 0xE75C, 0xEF5C, 
  0xEF5C, 0xEF5C, 0xEF5C, 0xEF5C, 0xE75C, 0xE75C, 0xE75C, 0xE75C, 0xE73C, 0xDF5C, 0xDF5C, 0xE73C, 
  0xE75C, 0xE77D, 0xDF5C, 0xDF5D, 0xDF5C, 0xDF5C, 0xDF5D, 0xDF5D, 0xDF3C, 0xDF5C, 0xDF5C, 0xDF3C, 
  0xDF3C, 0xDF5C, 0xDF5D, 0xDF5D, 0xDF5D, 0xDF5D, 0xDF5D, 0xDF5D, 0xE77D, 0xE79D, 0xE79D, 0xE77D, 
  0xDF5C, 0xDF5D, 0xDF7D, 0xE77D, 0xE79D, 0xE79D, 0xE79D, 0xE77D, 0xDF7D, 0xDF7D, 0xE77D, 0xEF7D, 
  0xE77D, 0xE77D, 0xDF7D, 0xDF7D, 0xE79D, 0xDF7D, 0xDF7D, 0xDF7D, 0xDF7D, 0xDF7D, 0xDF7D, 0xE77D, 
  0xE77D, 0xE77D, 0xDF5D, 0xDF5D, 0xDF5D, 0xDF5D, 0xDF5D, 0xDF5D, 0xDF5D, 0xDF7D, 0xDF7D, 0xE79D, 
  0xE77D, 0xDF7D, 0xE77D, 0xE77D, 0xDF7D, 0xDF5D, 0xDF7D, 0xE77D, 0xE79D, 0xE79D, 0xE77D, 0xDF7D, 
  0xDF7D, 0xDF7D, 0xDF5D, 0xDF7D, 0xE77D, 0xE79D, 0xE79D, 0xE79D, 0xEFBE, 0xE77D, 0xE77D, 0xDF5D, 
  0xDF7D, 0xCEBA, 0x6D54, 0x65B5, 0x74B2, 0x7CB2, 0x84F3, 0x9575, 0xA5D7, 0xAE18, 0xBE99, 0xC6DA, 
  0xC6FB, 0xC6FB, 0xC6FB, 0xC6DB, 0xC6FB, 0xCF1B, 0xC6FB, 0xC6DB, 0xCEFB, 0xD71C, 0xD73C, 0xCF1B, 
  0xC6FA, 0xBEDA, 0xCF1B, 0xCF1B, 0xCF1B, 0xCF1B, 0xC6DA, 0xC6DB, 0xCF1B, 0xC6FB, 0xB6DA, 0xAE99, 
  0xFE78, 0xFE58, 0xFE57, 0xFE57, 0xFE57, 0xFE16, 0xFE37, 0xFE78, 0xFE98, 0xFEB9, 0xFE98, 0xFE78, 
  0xFEB9, 0xFE78, 0xFE57, 0xFE16, 0xFE37, 0xFE57, 0xF5B5, 0xFDF6, 0xFE57, 0xFDD5, 0xFE57, 0xFDB4, 
  0xFDF6, 0xFE37, 0xFE37, 0xFE78, 0xFE78, 0xFE78, 0xFED9, 0xEEB9, 0x6D74, 0x5DB5, 0x9D13, 0xC513, 
  0xC534, 0xD575, 0xDDB6, 0xE658, 0xF69A, 0xFEFB, 0xFF3C, 0xFF3C, 0xFF1B, 0xFF1B, 0xFF3B, 0xFF3C, 
  0xFF5C, 0xFF3C, 0xFF3C, 0xFF3C, 0xFF5C, 0xFF5C, 0xFF5C, 0xFF5C, 0xFF5C, 0xFF3C, 0xFF3C, 0xFF5C, 
  0xFF5C, 0xFF5C, 0xFF5C, 0xFF5C, 0xFF5C, 0xFF7D, 0xFF7D, 0xFF5C, 0xFF1B, 0xFF3B, 0xFF3B, 0xFF5C, 
  0xFF5C, 0xF75C, 0xF75C, 0xF77D, 0xF77C, 0xF77C, 0xF77D, 0xF77D, 0xF77D, 0xF77C, 0xF75C, 0xF75C, 
  0xF75C, 0xF75C, 0xF75C, 0xF75C, 0xF75C, 0xF75C, 0xF75C, 0xF75C, 0xF75C, 0xEF3C, 0xF75C, 0xEF3B, 
  0xEF3C, 0xEF5C, 0xEF5C, 0xEF5C, 0xEF5C, 0xEF5C, 0xEF5C, 0xEF3C, 0xEF3C, 0xEF5C, 0xEF3C, 0xEF5C, 
  0xEF5C, 0xEF5C, 0xEF5C, 0xE75C, 0xE75C, 0xE73C, 0xE75C, 0xE75C, 0xE75C, 0xE73C, 0xE75C, 0xE75C, 
  0xDF5C, 0xDF5C, 0xDF5C, 0xDF5D, 0xDF5C, 0xDF7D, 0xDF7D, 0xDF5C, 0xDF5C, 0xDF5C, 0xDF5C, 0xDF5C, 
  0xDF3C, 0xDF5C, 0xDF5D, 0xDF7D, 0xDF7D, 0xDF7D, 0xDF7D, 0xDF5D, 0xDF5D, 0xDF7D, 0xE79D, 0xE79D, 
  0xE77D, 0xDF5C, 0xDF5C, 0xDF3C, 0xDF5D, 0xE79D, 0xE79D, 0xDF3C, 0xDF5C, 0xDF7D, 0xDF5D, 0xE75D, 
  0xE79D, 0xE77D, 0xDF7D, 0xDF7D, 0xDF7D, 0xE79D, 0xE79D, 0xE77D, 0xDF7D, 0xDF5D, 0xDF5C, 0xDF5D, 
  0xDF5D, 0xDF7D, 0xDF5D, 0xE77D, 0xE75D, 0xDF5D, 0xDF5D, 0xE77D, 0xDF7D, 0xDF7D, 0xE79D, 0xE79D, 
  0xE79D, 0xE77D, 0xE77D, 0xE77D, 0xE77D, 0xDF7D, 0xE77D, 0xE77D, 0xE77D, 0xE77D, 0xE77D, 0xDF7D, 
  0xDF7D, 0xE77D, 0xDF7D, 0xDF5D, 0xE77D, 0xDF7D, 0xE77D, 0xE79D, 0xE77D, 0xDF5D, 0xDF5D, 0xDF5D, 
  0xDF7D, 0xCEBA, 0x6D74, 0x65B5, 0x6CB2, 0x7CB2, 0x84F3, 0x9554, 0x9D96, 0xAE38, 0xBE79, 0xC6DA, 
  0xC6DB, 0xC6DB, 0xC6DB, 0xC6FB, 0xC6FB, 0xCF1C, 0xCEFB, 0xC6DB, 0xC6DB, 0xCF1C, 0xD73C, 0xCEFB, 
  0xBEDA, 0xC6FB, 0xCF1B, 0xCF1B, 0xCF1B, 0xCF1B, 0xCF1B, 0xCF1B, 0xCF1C, 0xC6FB, 0xAE99, 0xB6BA, 
  0xFE37, 0xFE78, 0xFE78, 0xFE78, 0xFE78, 0xFE57, 0xFE58, 0xFEB9, 0xFEB9, 0xFEDA, 0xFE99, 0xFE78, 
  0xFE99, 0xFE78, 0xFE57, 0xFE57, 0xFDF5, 0xFE37, 0xFE16, 0xFE37, 0xFDF6, 0xF5B5, 0xF5D5, 0xF5B5, 
  0xFE78, 0xF637, 0xFE98, 0xFEB8, 0xFDF6, 0xFDB5, 0xFE98, 0xEE99, 0x6D74, 0x65B5, 0x9CF2, 0xC513, 
  0xC533, 0xD575, 0xDDD6, 0xE658, 0xF6BA, 0xFF1B, 0xFF5C, 0xFF3C, 0xFF3C, 0xFF3C, 0xFF3C, 0xFF3C, 
  0xFF5C, 0xFF3C, 0xFF3C, 0xFF1B, 0xFF3C, 0xFF3C, 0xFF5C, 0xFF5C, 0xFF5C, 0xFF5C, 0xFF3C, 0xFF5C, 
  0xFF5C, 0xFF5C, 0xFF5C, 0xFF5C, 0xFF5C, 0xFF5C, 0xFF7C, 0xFF5C, 0xFF3B, 0xFF3C, 0xFF3C, 0xFF5C, 
  0xFF5C, 0xFF5C, 0xF75C, 0xF77D, 0xF77D, 0xF75C, 0xF77C, 0xF77D, 0xF77C, 0xF77D, 0xF77D, 0xF75C, 
  0xF75C, 0xF77C, 0xF75C, 0xF73C, 0xF75C, 0xF75D, 0xF75C, 0xF75C, 0xF75C, 0xEF3C, 0xF73C, 0xEF3C, 
  0xEF5C, 0xEF5C, 0xEF5C, 0xEF5C, 0xEF5C, 0xEF1B, 0xEF3B, 0xEF3C, 0xEF3C, 0xEF5C, 0xEF5C, 0xEF5C, 
  0xEF5C, 0xEF5C, 0xE75C, 0xE75C, 0xE75C, 0xE75C, 0xE75C, 0xE75C, 0xEF5C, 0xE73C, 0xE75C, 0xDF5C, 
  0xDF5C, 0xDF5C, 0xDF5C, 0xDF5C, 0xDF5C, 0xDF7D, 0xDF7D, 0xDF5C, 0xDF5C, 0xDF5C, 0xDF5D, 0xDF7D, 
  0xDF5D, 0xDF5C, 0xDF5C, 0xDF5C, 0xDF5C, 0xDF5D, 0xDF5D, 0xDF5C, 0xDF5C, 0xDF5D, 0xDF7D, 0xE77D, 
  0xDF5D, 0xDF7D, 0xDF5D, 0xDF5C, 0xDF7D, 0xDF7D, 0xE77D, 0xE77D, 0xE77D, 0xE77D, 0xDF5D, 0xD73C, 
  0xD73C, 0xD75C, 0xDF7D, 0xDF7D, 0xDF7D, 0xDF7D, 0xDF7D, 0xDF7D, 0xDF5C, 0xDF5C, 0xDF5C, 0xDF5C, 
  0xDF7D, 0xDF5C, 0xDF7D, 0xDF5D, 0xE77D, 0xDF7D, 0xDF7D, 0xE77D, 0xE77D, 0xDF5D, 0xDF5D, 0xDF7D, 
  0xDF7D, 0xE77D, 0xE77D, 0xDF7D, 0xE77D, 0xDF7D, 0xDF7D, 0xE77D, 0xE77D, 0xE77D, 0xE77D, 0xDF5D, 
  0xDF5D, 0xE77D, 0xE79D, 0xDF7D, 0xDF5D, 0xDF7D, 0xE77D, 0xE77D, 0xE77D, 0xDF5D, 0xDF5D, 0xDF5C, 
  0xDF7D, 0xCEBA, 0x6D74, 0x65B5, 0x6CB1, 0x7C92, 0x84F3, 0x9574, 0x9DB6, 0xAE38, 0xBE79, 0xC6DA, 
  0xC6DB, 0xC6DB, 0xCF1B, 0xCF1B, 0xCF1B, 0xCF1B, 0xCF1C, 0xCF1C, 0xC6DB, 0xCEFB, 0xCF1C, 0xC6FB, 
  0xB6BA, 0xC6FB, 0xCF1C, 0xCF1C, 0xCF1C, 0xCF1B, 0xCF1B, 0xCF1C, 0xC6FB, 0xB6BA, 0xC6DB, 0xCEFC, 
  0xF594, 0xFE57, 0xFE78, 0xFE78, 0xFE78, 0xFE57, 0xFE78, 0xFEB9, 0xFEFA, 0xFEDA, 0xFE99, 0xFE78, 
  0xFE78, 0xFE78, 0xFE78, 0xFE37, 0xFE16, 0xFE37, 0xFE78, 0xFE57, 0xFE37, 0xFE37, 0xFE37, 0xFE78, 
  0xFEB9, 0xFE77, 0xFE16, 0xFE98, 0xFE16, 0xF594, 0xFE77, 0xEE98, 0x7574, 0x6DB5, 0x9CF2, 0xBCD2, 
  0xC554, 0xD595, 0xDDF6, 0xEE38, 0xF699, 0xFF1B, 0xFF5C, 0xFF3C, 0xFF3C, 0xFF3C, 0xFF3C, 0xFF3C, 
  0xFF3C, 0xFF5C, 0xFF3C, 0xFF1B, 0xFF3B, 0xFF3C, 0xFF3C, 0xFF3C, 0xFF5C, 0xFF5C, 0xFF5C, 0xFF5C, 
  0xFF3C, 0xFF5C, 0xFF5C, 0xFF5C, 0xFF5C, 0xFF5C, 0xFF5C, 0xFF5C, 0xFF5C, 0xFF5C, 0xFF7C, 0xFF7C, 
  0xF75C, 0xFF5C, 0xFF5D, 0xF77D, 0xF77D, 0xF77D, 0xF77C, 0xF75C, 0xF77C, 0xF77C, 0xF77D, 0xF77C, 
  0xFF3C, 0xF6FB, 0xF6FB, 0xF6FB, 0xF73C, 0xF77D, 0xF75C, 0xF75C, 0xEF7C, 0xF77C, 0xEF5C, 0xEF5C, 
  0xEF5C, 0xEF5C, 0xEF5C, 0xEF5C, 0xEF1B, 0xEEFB, 0xEF5C, 0xEF5C, 0xEF5C, 0xEF7C, 0xEF5C, 0xEF5C, 
  0xEF5C, 0xEF5C, 0xE75C, 0xE75C, 0xE75C, 0xE75C, 0xEF5C, 0xE75C, 0xE75C, 0xE75C, 0xDF5C, 0xE75C, 
  0xE75C, 0xE75C, 0xE75C, 0xDF5C, 0xDF5C, 0xDF5C, 0xDF7D, 0xDF5C, 0xDF5C, 0xDF5C, 0xDF5C, 0xDF5D, 
  0xDF5D, 0xDF5D, 0xDF5C, 0xDF5C, 0xDF5C, 0xDF5D, 0xDF5C, 0xDF5C, 0xDF5C, 0xDF5D, 0xDF5D, 0xE77D, 
  0xE77D, 0xDF7D, 0xDF7D, 0xDF5D, 0xDF7D, 0xDF7D, 0xDF5D, 0xE77D, 0xEF9E, 0xE79D, 0xE79D, 0xE77D, 
  0xDF7D, 0xDF3C, 0xDF5D, 0xDF7D, 0xDF7D, 0xDF3C, 0xD73C, 0xD75C, 0xDF5C, 0xDF5C, 0xDF5C, 0xDF5D, 
  0xE77D, 0xDF7D, 0xDF7D, 0xDF7D, 0xDF7D, 0xDF5D, 0xDF5C, 0xDF5C, 0xDF5C, 0xDF5C, 0xD73C, 0xD73C, 
  0xD75C, 0xDF7D, 0xDF5D, 0xE77D, 0xE77D, 0xDF7D, 0xDF7D, 0xDF7D, 0xDF7D, 0xDF7D, 0xE77D, 0xE77D, 
  0xDF7D, 0xDF7D, 0xDF7D, 0xDF7D, 0xDF7D, 0xDF7D, 0xE77D, 0xE77D, 0xE77D, 0xDF5D, 0xDF5D, 0xD75C, 
  0xDF7D, 0xCEBA, 0x6D74, 0x65B5, 0x74B2, 0x84D2, 0x84F3, 0x8D54, 0xA5F7, 0xAE18, 0xBE99, 0xC6DA, 
  0xC6DB, 0xC6DB, 0xCF1B, 0xCF1C, 0xCF1B, 0xCF1B, 0xCF1C, 0xCF1C, 0xC6FB, 0xC6FB, 0xCF1B, 0xC71B, 
  0xB69A, 0xBEDA, 0xCF1B, 0xC6FB, 0xC6FB, 0xCF1B, 0xCF1B, 0xBEDA, 0xBEDA, 0xC6FB, 0xCEFB, 0xC6DB, 
  0xFE77, 0xFE78, 0xFE78, 0xFE78, 0xFE99, 0xFE99, 0xFE99, 0xFE98, 0xFEB9, 0xFEFA, 0xFEB9, 0xFEB9, 
  0xFE98, 0xFE98, 0xFE78, 0xFE57, 0xFE57, 0xFE57, 0xFE98, 0xFE57, 0xFE57, 0xFED9, 0xFE78, 0xFE37, 
  0xFE99, 0xFE78, 0xFDF6, 0xF5B5, 0xFE57, 0xFE57, 0xFE36, 0xEE78, 0x7575, 0x6DD5, 0x9CF2, 0xC4F2, 
  0xC534, 0xD595, 0xDDF7, 0xEE38, 0xFE99, 0xFF1B, 0xFF5C, 0xFF3C, 0xFF3C, 0xFF3C, 0xFF3C, 0xFF3C, 
  0xFF3C, 0xFF3C, 0xFF3C, 0xFF5C, 0xFF3B, 0xFF3B, 0xFF3B, 0xFF3B, 0xFF3C, 0xFF3B, 0xFF5C, 0xFF3B, 
  0xFF3B, 0xFF5C, 0xFF5C, 0xFF5C, 0xFF5C, 0xFF5C, 0xFF5C, 0xFF7C, 0xFF7D, 0xFF5C, 0xFF7D, 0xFF9C, 
  0xF77C, 0xFF5C, 0xF77D, 0xF77D, 0xF77D, 0xF77D, 0xF77C, 0xF75C, 0xF77C, 0xF75C, 0xF75C, 0xF75C, 
  0xF71B, 0xF71B, 0xF73C, 0xF75C, 0xF75C, 0xF77C, 0xF77C, 0xF75C, 0xEF5C, 0xEF5C, 0xEF5C, 0xEF5C, 
  0xEF5C, 0xEF5C, 0xEF5C, 0xEF5C, 0xEF3B, 0xEF3B, 0xEF5D, 0xEF5C, 0xEF5C, 0xE75C, 0xEF5C, 0xEF5C, 
  0xEF5C, 0xEF5C, 0xEF5C, 0xE75C, 0xEF5C, 0xEF5C, 0xE75C, 0xE75C, 0xE75C, 0xE75C, 0xE75C, 0xE75C, 
  0xE75C, 0xE75C, 0xDF5C, 0xDF5C, 0xDF5C, 0xDF5C, 0xDF5D, 0xDF5C, 0xDF5C, 0xDF5C, 0xDF5C, 0xDF5C, 
  0xDF5C, 0xDF5C, 0xDF5C, 0xDF5C, 0xDF5C, 0xDF5D, 0xDF5D, 0xDF5C, 0xDF5C, 0xDF5C, 0xDF5D, 0xE77D, 
  0xDF7D, 0xDF7D, 0xDF5D, 0xDF5D, 0xDF7D, 0xDF7D, 0xDF5D, 0xDF7D, 0xE77D, 0xE77D, 0xE79D, 0xE77D, 
  0xE77D, 0xDF7D, 0xDF5D, 0xE77D, 0xDF7D, 0xDF5C, 0xD73C, 0xD75C, 0xDF5C, 0xD75C, 0xD75C, 0xDF5C, 
  0xDF7D, 0xE77D, 0xE77D, 0xE77D, 0xDF5D, 0xDF5D, 0xDF5D, 0xD75D, 0xD75C, 0xD75C, 0xD75D, 0xD75C, 
  0xD75C, 0xD75C, 0xDF5D, 0xDF7D, 0xDF7D, 0xDF7D, 0xE77D, 0xDF7D, 0xDF7D, 0xDF7D, 0xDF7D, 0xDF7D, 
  0xDF5D, 0xDF5D, 0xDF7D, 0xE77D, 0xE77D, 0xE77D, 0xE77D, 0xE79D, 0xDF7D, 0xDF5C, 0xDF5D, 0xDF5D, 
  0xDF7D, 0xCEBA, 0x6D74, 0x6DB5, 0x74B2, 0x84D2, 0x84F3, 0x9555, 0xA5D6, 0xAE18, 0xBE99, 0xBEDA, 
  0xC6FB, 0xC6DB, 0xCEFB, 0xCF1C, 0xC6FB, 0xC6FB, 0xCF1C, 0xCF3B, 0xCEFB, 0xC6DB, 0xC6DB, 0xCF1B, 
  0xBEDA, 0xBEDA, 0xBEDB, 0xBEDA, 0xBEDB, 0xBEDA, 0xBEDA, 0xBEFB, 0xBEDA, 0xC6FB, 0xC6FB, 0xC6FB, 
  0xFE98, 0xFE98, 0xFE99, 0xFEB9, 0xFEB9, 0xFEDA, 0xFEB9, 0xFE99, 0xFEB9, 0xFEFA, 0xFEDA, 0xFED9, 
  0xFEB9, 0xFE98, 0xFE99, 0xFEB9, 0xFE98, 0xFE98, 0xFE99, 0xFE98, 0xFE98, 0xFED9, 0xFE98, 0xFE98, 
  0xFE99, 0xFE99, 0xFE99, 0xFE37, 0xF574, 0xFE37, 0xFE77, 0xEE58, 0x7574, 0x6DD5, 0x9CD2, 0xC4F3, 
  0xC534, 0xD595, 0xDDF7, 0xEE58, 0xF699, 0xFF1B, 0xFF7C, 0xFF3C, 0xFF3B, 0xFF3C, 0xFF3C, 0xFF5C, 
  0xFF3C, 0xFF3B, 0xFF3C, 0xFF7C, 0xFF3B, 0xFF1B, 0xFEFA, 0xFEFA, 0xFF1B, 0xFEFB, 0xFF1B, 0xFF1B, 
  0xFF3C, 0xFF5C, 0xFF5C, 0xFF5C, 0xFF5C, 0xFF5C, 0xFF5C, 0xFF7C, 0xFF9D, 0xFF9D, 0xFF9D, 0xFF7C, 
  0xFF5C, 0xFF5C, 0xFF7C, 0xFF7C, 0xF77D, 0xF77D, 0xF77C, 0xF75C, 0xF75C, 0xF77C, 0xF75C, 0xF75C, 
  0xF77C, 0xF77D, 0xF77C, 0xF75C, 0xF75D, 0xF77D, 0xF77C, 0xEF5C, 0xF75C, 0xF75C, 0xEF5C, 0xF75C, 
  0xEF5C, 0xEF5C, 0xEF5C, 0xEF5C, 0xEF5C, 0xEF5C, 0xEF5C, 0xEF5C, 0xEF5C, 0xE75C, 0xEF5C, 0xEF5C, 
  0xEF5C, 0xEF5C, 0xEF5C, 0xE75C, 0xE75C, 0xE75C, 0xE75C, 0xE75C, 0xE75C, 0xE75C, 0xE75C, 0xE75C, 
  0xE75C, 0xE75C, 0xE75C, 0xDF3C, 0xDF5C, 0xDF5D, 0xDF7D, 0xDF5C, 0xDF5C, 0xDF5C, 0xDF5C, 0xDF7D, 
  0xDF7D, 0xDF5C, 0xDF5C, 0xDF5C, 0xDF5C, 0xDF5C, 0xDF5D, 0xDF5C, 0xDF5C, 0xDF5C, 0xDF7D, 0xE79D, 
  0xDF7D, 0xE79D, 0xDF7D, 0xDF5D, 0xDF7D, 0xDF7D, 0xE77D, 0xE77D, 0xDF7D, 0xDF5C, 0xDF7D, 0xE77D, 
  0xE77D, 0xDF7D, 0xE77D, 0xE75D, 0xDF7D, 0xD75C, 0xD75C, 0xD75C, 0xD75C, 0xD75C, 0xD75C, 0xDF5C, 
  0xDF7D, 0xE77D, 0xDF7D, 0xDF5D, 0xDF5D, 0xDF5C, 0xDF5D, 0xDF5D, 0xD75C, 0xD75D, 0xDF5D, 0xD73C, 
  0xD75C, 0xD75C, 0xD75C, 0xDF5D, 0xDF7D, 0xDF7D, 0xE77D, 0xE77E, 0xE77D, 0xDF7D, 0xDF7D, 0xDF7D, 
  0xDF7D, 0xDF7D, 0xDF7D, 0xE77D, 0xDF5D, 0xDF7D, 0xDF7D, 0xE77D, 0xDF7D, 0xDF7D, 0xDF5C, 0xDF5D, 
  0xDF7D, 0xCEDA, 0x6D74, 0x6DB5, 0x74B2, 0x84D3, 0x8513, 0x9555, 0x9DD6, 0xAE18, 0xB679, 0xBEDA, 
  0xC6FB, 0xCEFB, 0xCF1C, 0xCF1C, 0xC6FB, 0xC6DB, 0xCEFB, 0xC6FB, 0xC6DB, 0xC6DB, 0xBEBA, 0xBEDA, 
  0xCF3C, 0xC6FB, 0xBEDB, 0xBEFB, 0xBEDA, 0xB69A, 0xC6FB, 0xCEFB, 0xC6DB, 0xC6DB, 0xBEBA, 0xB6BA, 
  0xFE78, 0xFE99, 0xFEB9, 0xFEB9, 0xFEB9, 0xFE99, 0xFE98, 0xFE98, 0xFEB9, 0xFEFA, 0xFEFA, 0xFEB9, 
  0xFE78, 0xFE78, 0xFE99, 0xFE99, 0xFE99, 0xFE99, 0xFE99, 0xFE99, 0xFE99, 0xFED9, 0xFE58, 0xFE98, 
  0xFE99, 0xFE99, 0xFEB9, 0xFEB9, 0xFDD5, 0xF574, 0xFE16, 0xEE16, 0x7553, 0x6DD5, 0x9CF2, 0xBCF2, 
  0xC534, 0xD595, 0xDDF7, 0xEE58, 0xF6BA, 0xFF3B, 0xFF5C, 0xFF3C, 0xFF3C, 0xFF3B, 0xFF3C, 0xFF5C, 
  0xFF5C, 0xFF5C, 0xFF3C, 0xFF3C, 0xFF5C, 0xFF3B, 0xFEFB, 0xFF1B, 0xFF1B, 0xFF1B, 0xFF3B, 0xFF3B, 
  0xFF5C, 0xFF5C, 0xFF5C, 0xFF5C, 0xFF5C, 0xFF7D, 0xFF7C, 0xFF7C, 0xFF7D, 0xFF7D, 0xFF7C, 0xFF5C, 
  0xFF3C, 0xFF3B, 0xFF5C, 0xFF7C, 0xFF7D, 0xF77D, 0xF77C, 0xF75C, 0xF75C, 0xF77D, 0xF77D, 0xF75D, 
  0xF75D, 0xF75D, 0xF75C, 0xF75C, 0xF75D, 0xF75C, 0xEF5C, 0xF75C, 0xF77D, 0xF75D, 0xEF5C, 0xEF5C, 
  0xEF7C, 0xEF5C, 0xEF5C, 0xEF5C, 0xEF5C, 0xEF5C, 0xEF5D, 0xEF7C, 0xEF7D, 0xEF5C, 0xE75C, 0xEF5C, 
  0xEF5C, 0xEF5C, 0xEF5C, 0xE75C, 0xE75C, 0xE75C, 0xE75C, 0xE75C, 0xE75C, 0xE75C, 0xE75C, 0xE75C, 
  0xE75C, 0xE75C, 0xE75C, 0xDF5C, 0xDF5C, 0xE77D, 0xDF7D, 0xDF5C, 0xDF5C, 0xDF5C, 0xDF5D, 0xE79D, 
  0xDF7D, 0xDF5C, 0xDF5C, 0xD73C, 0xD73C, 0xDF5C, 0xDF5D, 0xDF5C, 0xDF5C, 0xDF5C, 0xDF7D, 0xE79D, 
  0xE77D, 0xE77D, 0xDF7D, 0xDF7D, 0xDF7D, 0xDF5D, 0xDF7D, 0xE77D, 0xDF7D, 0xDF5D, 0xDF7D, 0xE77D, 
  0xE79D, 0xDF5C, 0xE77D, 0xE77D, 0xDF7D, 0xDF5C, 0xD75C, 0xD75C, 0xD75C, 0xD75C, 0xD75C, 0xDF5C, 
  0xDF5C, 0xDF7D, 0xDF7D, 0xD75C, 0xD75C, 0xDF5D, 0xDF5D, 0xDF5D, 0xDF5D, 0xDF5D, 0xDF5D, 0xD75C, 
  0xD73C, 0xD75C, 0xDF5D, 0xDF5D, 0xDF5D, 0xDF7D, 0xE77D, 0xE77D, 0xE77D, 0xDF7D, 0xDF5D, 0xDF5D, 
  0xDF7D, 0xDF5D, 0xDF7D, 0xDF7D, 0xDF7D, 0xE77D, 0xE79D, 0xE77D, 0xE77D, 0xDF5D, 0xDF5C, 0xDF5D, 
  0xDF7D, 0xCEBA, 0x6D74, 0x6DD6, 0x74B2, 0x8CD3, 0x8D14, 0x9554, 0x9DB6, 0xAE17, 0xAE58, 0xB6BA, 
  0xC6FB, 0xCF1C, 0xCF1C, 0xCF1B, 0xC6DB, 0xC6DB, 0xC6DB, 0xC6DB, 0xC6DB, 0xC6FB, 0xBEDA, 0xB699, 
  0xC71B, 0xC6DB, 0xBEDB, 0xB6BA, 0xB6BA, 0xC6FB, 0xCEFB, 0xC6FB, 0xC6FB, 0xC6FB, 0xAE99, 0x9E58, 
  0xFEB9, 0xFEB9, 0xFE99, 0xFE78, 0xFE98, 0xFE98, 0xFE98, 0xFE58, 0xFE78, 0xFED9, 0xFEFA, 0xFEB9, 
  0xFE78, 0xFE98, 0xFE98, 0xFE78, 0xFE58, 0xFE99, 0xFE99, 0xFE99, 0xFE99, 0xFEB9, 0xFE58, 0xFE98, 
  0xFE99, 0xFE99, 0xFE99, 0xFE99, 0xFEB9, 0xFE16, 0xFD94, 0xEDF6, 0x7D54, 0x6DB5, 0x9D13, 0xC513, 
  0xC554, 0xD5B6, 0xDDF7, 0xEE78, 0xF6DA, 0xFF1B, 0xFF5C, 0xFF3C, 0xFF3B, 0xFF3B, 0xFF3B, 0xFF5C, 
  0xFF5C, 0xFF5C, 0xFF5C, 0xFF5C, 0xFF3C, 0xFF3C, 0xFF3C, 0xFF3C, 0xFF1B, 0xFF1B, 0xFF5C, 0xFF5C, 
  0xFF5C, 0xFF5C, 0xFF5C, 0xFF5C, 0xFF5C, 0xFF7D, 0xFF7C, 0xFF3C, 0xFF3C, 0xFF5C, 0xFF5C, 0xFF5C, 
  0xFF5C, 0xFF5C, 0xFF7D, 0xFF9D, 0xFF7D, 0xFF7D, 0xF75C, 0xF75C, 0xF75C, 0xF77D, 0xF77D, 0xF75C, 
  0xF75C, 0xF75C, 0xF75C, 0xF75C, 0xF75C, 0xF77D, 0xF77D, 0xF77D, 0xF77D, 0xF75C, 0xEF5C, 0xEF5C, 
  0xEF5C, 0xEF5C, 0xEF5C, 0xEF5C, 0xEF5C, 0xEF5C, 0xEF5D, 0xEF7D, 0xEF7D, 0xEF5D, 0xE75C, 0xEF5C, 
  0xEF5C, 0xEF5C, 0xE75C, 0xE75C, 0xE75C, 0xE75C, 0xE75C, 0xE75C, 0xE75C, 0xE75C, 0xE75C, 0xE75C, 
  0xE75C, 0xE75C, 0xDF5C, 0xDF5C, 0xDF5D, 0xDF5D, 0xE77D, 0xE77D, 0xDF5D, 0xDF5D, 0xDF5D, 0xDF5D, 
  0xDF7D, 0xDF5C, 0xDF5C, 0xD73C, 0xDF5C, 0xDF5D, 0xDF7D, 0xDF5C, 0xDF5C, 0xDF5C, 0xDF5D, 0xE77D, 
  0xE79D, 0xE77D, 0xDF5D, 0xDF5C, 0xDF7D, 0xDF7D, 0xDF7D, 0xE77D, 0xE79D, 0xE77D, 0xDF7D, 0xE77D, 
  0xEF9D, 0xE77D, 0xDF7D, 0xDF7D, 0xDF7D, 0xDF7D, 0xDF7D, 0xDF5C, 0xD73C, 0xDF5C, 0xDF5C, 0xDF5C, 
  0xDF5D, 0xDF5C, 0xE77D, 0xDF5D, 0xD75C, 0xD75D, 0xD75D, 0xD75C, 0xDF5D, 0xDF5D, 0xDF5D, 0xDF5D, 
  0xD75C, 0xD75C, 0xDF5D, 0xDF5D, 0xE77D, 0xE77D, 0xDF7D, 0xE77D, 0xE79D, 0xDF7D, 0xDF5C, 0xDF5C, 
  0xDF5D, 0xDF5D, 0xDF7D, 0xDF7D, 0xDF7D, 0xDF7D, 0xE79D, 0xE77D, 0xDF7D, 0xDF5D, 0xDF5C, 0xDF5C, 
  0xDF7D, 0xCEBA, 0x7574, 0x6DD5, 0x6C91, 0x84D2, 0x8D13, 0x9575, 0xA5D6, 0xAE17, 0xAE58, 0xB6BA, 
  0xBEDA, 0xCF1C, 0xCF1B, 0xBEBA, 0xBEBA, 0xBEDB, 0xBEDA, 0xBEDB, 0xBEDB, 0xBEBA, 0xBEBA, 0xB699, 
  0xBEFB, 0xBEDB, 0xBEDA, 0xBEDB, 0xC6DB, 0xC6DB, 0xC6FB, 0xC6FB, 0xC6FB, 0xBEDB, 0xB699, 0xAE79, 
  0xFEB9, 0xFE99, 0xFE99, 0xFE98, 0xFE98, 0xFEB9, 0xFE98, 0xFE78, 0xFE78, 0xFED9, 0xFEDA, 0xFE99, 
  0xFE58, 0xFE57, 0xFE77, 0xFE78, 0xFE78, 0xFE99, 0xFE99, 0xFE99, 0xFE99, 0xFE99, 0xFEB9, 0xFE98, 
  0xFE98, 0xFE99, 0xFE99, 0xFE99, 0xFE99, 0xFE98, 0xFEB9, 0xF678, 0x7D74, 0x6DB5, 0x9D13, 0xBD13, 
  0xC554, 0xCDB6, 0xDE17, 0xEE58, 0xF6BA, 0xFF3C, 0xFF5C, 0xFF3C, 0xFF1B, 0xFF1B, 0xFF1B, 0xFF5C, 
  0xFF3B, 0xFF3C, 0xFF3C, 0xFF3C, 0xFF3C, 0xFF1B, 0xFF5C, 0xFF5C, 0xFF3C, 0xFF3B, 0xFF5C, 0xFF5C, 
  0xFF5C, 0xFF5C, 0xFF5C, 0xFF5C, 0xFF5C, 0xFF5C, 0xFF3C, 0xFF1B, 0xFF3C, 0xFF5C, 0xFF5C, 0xFF7D, 
  0xFF7D, 0xFF7C, 0xFF9D, 0xFF9D, 0xFF9D, 0xF77D, 0xF75C, 0xF75C, 0xF77D, 0xF77C, 0xF75C, 0xF75C, 
  0xF75C, 0xF75C, 0xF75C, 0xF75D, 0xF77D, 0xF77D, 0xF77D, 0xF77D, 0xF77D, 0xF75C, 0xEF5C, 0xEF5C, 
  0xEF7C, 0xEF5C, 0xEF5C, 0xEF5C, 0xEF5C, 0xEF5C, 0xEF5D, 0xEF5D, 0xEF7D, 0xEF7D, 0xEF5D, 0xEF5C, 
  0xEF5C, 0xEF5C, 0xE75C, 0xE75C, 0xE75C, 0xE75C, 0xE75C, 0xEF5C, 0xEF5C, 0xE75C, 0xE75C, 0xE75C, 
  0xE75C, 0xE75C, 0xDF5C, 0xDF5C, 0xDF5D, 0xDF5C, 0xE77D, 0xE77D, 0xDF5D, 0xDF7D, 0xDF7D, 0xDF5D, 
  0xDF5D, 0xDF7D, 0xDF5C, 0xDF5C, 0xDF5D, 0xDF5D, 0xDF7D, 0xDF7D, 0xDF5D, 0xDF5C, 0xDF7D, 0xE77D, 
  0xE77D, 0xE77D, 0xE77D, 0xDF7D, 0xDF7D, 0xDF7D, 0xDF7D, 0xDF7D, 0xDF5C, 0xD71B, 0xD73C, 0xE77D, 
  0xEF7D, 0xE79D, 0xDF5D, 0xDF7D, 0xE79D, 0xDF7D, 0xDF5D, 0xDF7D, 0xDF5D, 0xDF7D, 0xDF7D, 0xDF5D, 
  0xDF5D, 0xDF5D, 0xDF7D, 0xDF5D, 0xD73C, 0xD73C, 0xD75C, 0xD75C, 0xD75C, 0xD75D, 0xDF5D, 0xDF5D, 
  0xDF5D, 0xDF5C, 0xDF5C, 0xDF7D, 0xE77D, 0xDF7D, 0xDF7D, 0xDF7D, 0xDF5C, 0xDF7D, 0xDF5D, 0xDF5C, 
  0xDF5D, 0xDF5D, 0xDF7D, 0xDF7D, 0xDF5D, 0xDF7D, 0xE79D, 0xE77D, 0xDF7D, 0xDF5D, 0xDF5C, 0xDF5C, 
  0xDF7D, 0xCEB9, 0x7574, 0x6DB6, 0x74B2, 0x84D2, 0x8513, 0x9575, 0xA5D6, 0xA617, 0xB679, 0xBEDA, 
  0xC6FB, 0xCF1C, 0xCEFB, 0xC6DB, 0xBEDA, 0xBEDB, 0xBEDA, 0xBEDA, 0xBEDA, 0xB6BA, 0xB6BA, 0xB699, 
  0xBEDA, 0xBEDA, 0xC6DB, 0xC6FB, 0xC6FB, 0xC6DB, 0xC6FB, 0xC6DB, 0xC6FB, 0xBEDB, 0xB6BA, 0xBEBA, 
  0xFE78, 0xFE98, 0xFE98, 0xFE98, 0xFE98, 0xFEB9, 0xFEB9, 0xFE98, 0xFE99, 0xFEFA, 0xFEDA, 0xFEDA, 
  0xFE98, 0xFE78, 0xFE99, 0xFEB9, 0xFE99, 0xFE99, 0xFE99, 0xFE99, 0xFE58, 0xFE78, 0xFE98, 0xFE98, 
  0xFE99, 0xFE99, 0xFE99, 0xFEB9, 0xFE99, 0xFE78, 0xFE57, 0xF678, 0x7D74, 0x6DB5, 0x9D13, 0xC513, 
  0xC554, 0xD5D6, 0xDE37, 0xE658, 0xF699, 0xFEFB, 0xFF5C, 0xFF3C, 0xFF3B, 0xFF3C, 0xFF3C, 0xFF5C, 
  0xFF5C, 0xFF5C, 0xFF3C, 0xFF1B, 0xFF3B, 0xFF3B, 0xFF3B, 0xFF7C, 0xFF7C, 0xFF5C, 0xFF5C, 0xFF5C, 
  0xFF5C, 0xFF5C, 0xFF3B, 0xFF1B, 0xFEFB, 0xFF1B, 0xFF5C, 0xFF5C, 0xFF5C, 0xFF5C, 0xFF5C, 0xFF7D, 
  0xF79D, 0xFF9D, 0xF79D, 0xFF9D, 0xF79D, 0xF77D, 0xF75C, 0xF75C, 0xF77C, 0xF75C, 0xF75C, 0xF75C, 
  0xF75C, 0xF75C, 0xF77D, 0xF77D, 0xF77D, 0xF77D, 0xF75C, 0xF75C, 0xF77D, 0xF75C, 0xF75C, 0xEF5C, 
  0xEF5C, 0xEF5C, 0xEF5C, 0xEF5C, 0xEF5C, 0xEF5C, 0xEF5D, 0xEF7D, 0xEF7D, 0xEF7D, 0xEF7D, 0xEF7D, 
  0xEF5C, 0xE75C, 0xE75C, 0xE75C, 0xE75C, 0xE75C, 0xE75C, 0xE75C, 0xE75C, 0xE75C, 0xE75C, 0xE75C, 
  0xE75C, 0xE75C, 0xDF5C, 0xDF5C, 0xDF5C, 0xDF5D, 0xE77D, 0xE79E, 0xDF5D, 0xDF7D, 0xDF7D, 0xDF5D, 
  0xDF5D, 0xDF5D, 0xDF7D, 0xDF5C, 0xDF7D, 0xDF7D, 0xDF7D, 0xDF5C, 0xDF7D, 0xE77D, 0xE79D, 0xE77D, 
  0xDF5C, 0xDF5D, 0xDF7D, 0xDF7D, 0xDF7D, 0xDF7D, 0xDF7D, 0xDF5D, 0xD73C, 0xD71B, 0xDF5C, 0xDF5D, 
  0xE77D, 0xE77D, 0xDF7D, 0xDF5D, 0xDF7D, 0xDF7D, 0xDF5C, 0xDF5D, 0xDF3C, 0xD73C, 0xDF5C, 0xDF5D, 
  0xDF5D, 0xDF5C, 0xDF5C, 0xDF5C, 0xD75D, 0xD75C, 0xD75D, 0xD75D, 0xD75C, 0xD75C, 0xD75C, 0xDF5D, 
  0xDF5D, 0xDF5D, 0xD73C, 0xD75C, 0xDF7D, 0xDF7D, 0xE79D, 0xDF7D, 0xDF5D, 0xDF5D, 0xDF5C, 0xDF5D, 
  0xDF5D, 0xDF5D, 0xDF7D, 0xDF7D, 0xDF5D, 0xDF9D, 0xE77D, 0xE77D, 0xDF7D, 0xDF5C, 0xDF5C, 0xDF5C, 
  0xDF7D, 0xCEBA, 0x7D74, 0x6DB5, 0x7492, 0x84D3, 0x7CB2, 0x8513, 0xA5D6, 0xA5F7, 0xB679, 0xC6FB, 
  0xCF1B, 0xCF1C, 0xCF1C, 0xCEFB, 0xCF1C, 0xC6DB, 0xC6DB, 0xC6DA, 0xBEBA, 0xBEDA, 0xB6BA, 0xB69A, 
  0xB6BA, 0xBEDB, 0xC6FB, 0xC6DA, 0xC6DB, 0xC6DB, 0xC6DB, 0xC6DB, 0xBEDB, 0xBEBA, 0xB6BA, 0xB699, 
  0xFE98, 0xFE98, 0xFE98, 0xFE78, 0xFE58, 0xFE78, 0xFEB9, 0xFEB9, 0xFE98, 0xFED9, 0xFEFA, 0xFEDA, 
  0xFE99, 0xFE99, 0xFE99, 0xFEDA, 0xFEB9, 0xFEB8, 0xFEB9, 0xFEB9, 0xFE78, 0xFE78, 0xFE78, 0xFE98, 
  0xFE99, 0xFE99, 0xFE98, 0xFE99, 0xFE99, 0xFE16, 0xFDB5, 0xF617, 0x7D74, 0x6DB5, 0x9D13, 0xBD13, 
  0xC554, 0xD5B6, 0xDE17, 0xE658, 0xF6B9, 0xFEFB, 0xFF3B, 0xFF3C, 0xFF3C, 0xFF5C, 0xFF5C, 0xFF5C, 
  0xFF5C, 0xFF5C, 0xFF5C, 0xFF3C, 0xFF3B, 0xFF3B, 0xFF1B, 0xFF3C, 0xFF7D, 0xFF7C, 0xFF7C, 0xFF5C, 
  0xFF3B, 0xFF3B, 0xFF1B, 0xFEFB, 0xFF3B, 0xFF3C, 0xFF5C, 0xFF5C, 0xFF5C, 0xFF5C, 0xFF5C, 0xFF7C, 
  0xF79D, 0xF79D, 0xFF9D, 0xFF9D, 0xF79D, 0xF77C, 0xF75C, 0xF75C, 0xFF5C, 0xF73C, 0xF73C, 0xF75D, 
  0xF75C, 0xF75C, 0xF77D, 0xF77D, 0xF77D, 0xF77D, 0xF77D, 0xF75C, 0xF75C, 0xF75C, 0xEF5C, 0xEF5C, 
  0xEF5C, 0xEF5C, 0xEF5C, 0xEF5C, 0xEF5C, 0xEF5C, 0xEF5D, 0xE77D, 0xEF5D, 0xEF7D, 0xEF7D, 0xEF7D, 
  0xEF7D, 0xE75C, 0xEF5C, 0xE75C, 0xE75C, 0xE75C, 0xE75C, 0xE75C, 0xE75C, 0xE75C, 0xE75C, 0xE75C, 
  0xE75C, 0xE75C, 0xDF5C, 0xDF5C, 0xDF5C, 0xDF5C, 0xE77D, 0xEF9E, 0xE77D, 0xDF7D, 0xDF5D, 0xDF5D, 
  0xDF5D, 0xDF5D, 0xDF5D, 0xDF5C, 0xDF5C, 0xDF7D, 0xDF7D, 0xDF5D, 0xE77D, 0xE77D, 0xDF7D, 0xDF5C, 
  0xDF5C, 0xDF7D, 0xDF7D, 0xDF7D, 0xDF7D, 0xDF7D, 0xDF7D, 0xDF5D, 0xDF5C, 0xDF5C, 0xDF5D, 0xDF5C, 
  0xE77D, 0xE77D, 0xE77D, 0xDF7D, 0xDF7D, 0xDF5C, 0xDF5D, 0xDF5D, 0xDF5C, 0xD73C, 0xD73C, 0xDF5C, 
  0xDF5C, 0xDF5C, 0xDF5C, 0xDF5C, 0xDF5C, 0xD75C, 0xD75D, 0xD75D, 0xD75C, 0xDF5D, 0xDF5D, 0xD75C, 
  0xDF5D, 0xDF5C, 0xDF5D, 0xDF7D, 0xDF7D, 0xE79D, 0xE77D, 0xE79D, 0xDF7D, 0xDF7D, 0xDF7D, 0xDF7D, 
  0xDF7D, 0xDF5C, 0xDF5D, 0xDF7D, 0xDF5D, 0xDF7D, 0xE77D, 0xDF7D, 0xDF7D, 0xDF5C, 0xDF5C, 0xDF5C, 
  0xDF7D, 0xCEBA, 0x7D74, 0x6DD6, 0x6C91, 0x7C71, 0x84F3, 0x9555, 0x9DB6, 0xA617, 0xB679, 0xBEBA, 
  0xC6DB, 0xCEFB, 0xCF1B, 0xCEFB, 0xCEFB, 0xC6DB, 0xC6DB, 0xC6DB, 0xC6DA, 0xC6DA, 0xBEDB, 0xBEBA, 
  0xAE99, 0xB6BA, 0xCEFB, 0xC6FB, 0xC6DA, 0xBEDA, 0xBEDA, 0xB699, 0xBEBA, 0xC6FB, 0xAE79, 0xB6BA, 
  0xFE98, 0xFE98, 0xFE78, 0xFE99, 0xFE99, 0xFE99, 0xFEB9, 0xFE99, 0xFE78, 0xFEB9, 0xFEFA, 0xFEDA, 
  0xFED9, 0xFE99, 0xFE99, 0xFEDA, 0xFED9, 0xFEDA, 0xFE99, 0xFE78, 0xFE99, 0xFE99, 0xFE98, 0xFE98, 
  0xFE99, 0xFE99, 0xFE99, 0xFE98, 0xFE99, 0xFE57, 0xFDF5, 0xEDD5, 0x7D54, 0x6DD5, 0x9D13, 0xBD34, 
  0xC575, 0xCDB5, 0xDDF7, 0xE658, 0xF6BA, 0xFEFB, 0xFF3B, 0xFF3B, 0xFF3C, 0xFF5C, 0xFF5C, 0xFF5C, 
  0xFF5C, 0xFF5C, 0xFF3B, 0xFF1B, 0xFF1B, 0xFF3B, 0xFF1B, 0xFF1B, 0xFF3B, 0xFF5C, 0xFF5C, 0xFF3B, 
  0xFF1B, 0xFF3B, 0xFF3C, 0xFF5C, 0xFF5C, 0xFF3C, 0xFF5C, 0xFF5C, 0xFF5C, 0xFF5C, 0xFF5C, 0xFF5C, 
  0xFF9D, 0xF79D, 0xFF9D, 0xFF7D, 0xF77C, 0xF75C, 0xF77C, 0xF77C, 0xF77C, 0xF75C, 0xF75C, 0xF77C, 
  0xF75C, 0xF77C, 0xF75C, 0xF75C, 0xF77D, 0xF77D, 0xF77D, 0xF77D, 0xF77D, 0xEF5C, 0xEF5C, 0xEF5C, 
  0xEF5C, 0xEF5C, 0xEF5C, 0xEF5C, 0xEF5C, 0xEF5C, 0xEF5D, 0xE77D, 0xEF7D, 0xEF7D, 0xEF7D, 0xEF7D, 
  0xEF5D, 0xE75C, 0xEF5C, 0xE75C, 0xE75C, 0xE75C, 0xE75C, 0xE75C, 0xE75C, 0xE75C, 0xE75C, 0xE75C, 
  0xE75C, 0xE75C, 0xDF5C, 0xDF5C, 0xDF5C, 0xDF5C, 0xDF7D, 0xEF9E, 0xE79D, 0xDF5D, 0xDF5D, 0xDF5D, 
  0xDF5D, 0xDF7D, 0xDF5D, 0xDF7D, 0xDF7D, 0xDF5D, 0xDF5D, 0xDF5D, 0xDF7D, 0xD73C, 0xD73C, 0xD73C, 
  0xDF5C, 0xDF5D, 0xDF7D, 0xDF7D, 0xDF5D, 0xDF5D, 0xDF5C, 0xDF5D, 0xDF5D, 0xDF5D, 0xDF5D, 0xDF5D, 
  0xDF7D, 0xE77D, 0xE77D, 0xDF7D, 0xDF7D, 0xDF5D, 0xDF5C, 0xDF7D, 0xDF7D, 0xDF5D, 0xDF5C, 0xDF5C, 
  0xDF5C, 0xDF5C, 0xDF5C, 0xDF5C, 0xDF5C, 0xDF5C, 0xDF5C, 0xD75D, 0xD75C, 0xDF5C, 0xDF5D, 0xD75C, 
  0xD75C, 0xDF5C, 0xDF7D, 0xE79D, 0xE79D, 0xDF7D, 0xDF7D, 0xDF7D, 0xD75C, 0xDF7D, 0xDF7D, 0xDF5C, 
  0xDF5D, 0xDF5C, 0xDF5D, 0xDF7D, 0xDF5D, 0xDF7D, 0xDF7D, 0xDF5C, 0xDF5C, 0xDF5C, 0xDF5C, 0xDF5C, 
  0xDF7D, 0xCEBA, 0x7D74, 0x6DD6, 0x6491, 0x7491, 0x7CF3, 0x9554, 0x9DB6, 0xA617, 0xAE58, 0xBEBA, 
  0xC6DB, 0xC6DB, 0xC6DB, 0xC6DB, 0xCF1B, 0xC6FB, 0xC6DB, 0xC6DB, 0xC6DB, 0xC6DB, 0xBEBA, 0xB69A, 
  0xAE99, 0xB699, 0xCEFB, 0xC71B, 0xBEDA, 0xB6BA, 0xAE79, 0xAE99, 0xBEDA, 0xC6DB, 0xBEDA, 0xAEB9, 
  0xFE98, 0xFE98, 0xFE78, 0xFEB9, 0xFEB9, 0xFE99, 0xFEB9, 0xFEB9, 0xFE99, 0xFEB9, 0xFEFA, 0xFEFA, 
  0xFEFA, 0xFEDA, 0xFEB9, 0xFED9, 0xFEDA, 0xFE99, 0xFE78, 0xFE99, 0xFED9, 0xFE98, 0xFE99, 0xFE99, 
  0xFE99, 0xFE98, 0xFE98, 0xFE98, 0xFE98, 0xFE78, 0xFE57, 0xEE16, 0x7D74, 0x75D6, 0xA4F3, 0xBD13, 
  0xC575, 0xD5D6, 0xDE16, 0xE658, 0xF6BA, 0xFF1B, 0xFF3C, 0xFF3C, 0xFF5C, 0xFF5C, 0xFF3B, 0xFF3B, 
  0xFF1B, 0xFEFB, 0xFF1B, 0xFF3B, 0xFF3C, 0xFF3C, 0xFF3C, 0xFF1B, 0xFF1B, 0xFF1B, 0xFF1B, 0xFF3B, 
  0xFF5C, 0xFF5C, 0xFF3C, 0xFF5C, 0xFF1B, 0xFEFB, 0xFF5C, 0xFF5C, 0xFF5C, 0xFF5C, 0xFF5C, 0xFF5C, 
  0xFF7D, 0xFF9D, 0xFF7D, 0xF77C, 0xF77C, 0xF75C, 0xF77C, 0xF77C, 0xF77C, 0xF79D, 0xF77D, 0xF77C, 
  0xF75C, 0xF75C, 0xF77D, 0xF77D, 0xF77D, 0xF77D, 0xF77D, 0xF77D, 0xF77D, 0xF75C, 0xF75C, 0xF75C, 
  0xEF5C, 0xEF5C, 0xEF5C, 0xEF5C, 0xEF5C, 0xEF5C, 0xEF5C, 0xEF7D, 0xEF7D, 0xEF5D, 0xEF7D, 0xEF5D, 
  0xEF5C, 0xEF5C, 0xEF5C, 0xEF5C, 0xE75C, 0xE75C, 0xE75C, 0xE75C, 0xE75C, 0xE75C, 0xE75C, 0xE75C, 
  0xE75C, 0xE75C, 0xDF5C, 0xDF5C, 0xDF5C, 0xDF5D, 0xDF5C, 0xE75D, 0xE77D, 0xDF7D, 0xDF5D, 0xDF5D, 
  0xDF7D, 0xDF7D, 0xDF7D, 0xDF7D, 0xDF5D, 0xDF5D, 0xDF5D, 0xDF5D, 0xDF7D, 0xD75C, 0xD73C, 0xDF5C, 
  0xDF5C, 0xDF5D, 0xDF5D, 0xDF5D, 0xDF5C, 0xDF5C, 0xDF5C, 0xDF5C, 0xDF5D, 0xDF7D, 0xDF5D, 0xDF5D, 
  0xDF5C, 0xDF7D, 0xE77D, 0xE77D, 0xDF7D, 0xDF7D, 0xDF7D, 0xDF5C, 0xDF7D, 0xDF7D, 0xDF5C, 0xDF5C, 
  0xDF5C, 0xDF5C, 0xDF5C, 0xDF5C, 0xDF5C, 0xDF5C, 0xDF5C, 0xDF5C, 0xDF5C, 0xDF5C, 0xDF5C, 0xDF5C, 
  0xDF5D, 0xDF5C, 0xDF7D, 0xDF7D, 0xE79D, 0xDF7D, 0xDF5C, 0xDF7D, 0xDF7D, 0xDF7D, 0xDF7D, 0xDF5C, 
  0xDF5D, 0xDF5D, 0xDF5D, 0xDF5D, 0xDF7D, 0xDF7D, 0xDF5D, 0xDF5D, 0xDF5C, 0xDF5C, 0xDF5C, 0xDF5C, 
  0xDF7D, 0xCEBA, 0x8574, 0x75D6, 0x6491, 0x7CB2, 0x7CD2, 0x8D54, 0x9DB6, 0xA617, 0xAE58, 0xBEBA, 
  0xC6FB, 0xC6DB, 0xC6DB, 0xC6DB, 0xCEFB, 0xCF1B, 0xC6FB, 0xC6DA, 0xC6DA, 0xC6DB, 0xBEDA, 0xB69A, 
  0xBEDA, 0xBEDA, 0xC6FB, 0xBEBA, 0xC6DB, 0xBEDA, 0xBEDA, 0xBEDB, 0xBEBA, 0xC6DB, 0xC6FB, 0xAE99, 
  0xFE98, 0xFE78, 0xFE57, 0xF616, 0xFE98, 0xFEB9, 0xFEB9, 0xFED9, 0xFEDA, 0xFEDA, 0xFEFA, 0xFEFA, 
  0xFEFA, 0xFEDA, 0xFEB9, 0xFEB9, 0xFEDA, 0xFEB9, 0xFEDA, 0xFEDA, 0xFEDA, 0xFEB9, 0xFE99, 0xFE99, 
  0xFE99, 0xFE99, 0xFE99, 0xFE99, 0xFE99, 0xFE78, 0xFE98, 0xF698, 0x7D74, 0x7DD6, 0xA4F3, 0xC4F3, 
  0xC554, 0xD5D6, 0xDE17, 0xE658, 0xF6DA, 0xFF3B, 0xFF3C, 0xFF1B, 0xFF1B, 0xFF3B, 0xFF1B, 0xFF3B, 
  0xFF5C, 0xFF5C, 0xFF5C, 0xFF5C, 0xFF5C, 0xFF3C, 0xFF1B, 0xFF3C, 0xFF5C, 0xFF3C, 0xFF1B, 0xFF5C, 
  0xFF5C, 0xFF5C, 0xFF5C, 0xFF5C, 0xFF3C, 0xFF5C, 0xFF5C, 0xFF5C, 0xFF5C, 0xFF5C, 0xFF5C, 0xFF5C, 
  0xFF7C, 0xF79D, 0xFF7D, 0xF77D, 0xF77C, 0xF77C, 0xF77C, 0xF75C, 0xF77D, 0xF79D, 0xF77D, 0xF77C, 
  0xF77C, 0xF77C, 0xF77D, 0xF77D, 0xF77D, 0xF77D, 0xF77D, 0xF77D, 0xF77D, 0xF77D, 0xEF5C, 0xEF5C, 
  0xEF5C, 0xEF5C, 0xEF5C, 0xEF5C, 0xEF5C, 0xEF5C, 0xEF5C, 0xEF5C, 0xEF5C, 0xEF7D, 0xEF7D, 0xEF5D, 
  0xEF7D, 0xE75C, 0xE75C, 0xE75C, 0xEF5C, 0xE75C, 0xE77D, 0xE77C, 0xE75C, 0xE75C, 0xE75C, 0xE75C, 
  0xE75C, 0xE75C, 0xDF5C, 0xDF5C, 0xDF5C, 0xDF5D, 0xDF5D, 0xDF5D, 0xDF7D, 0xDF7D, 0xDF7D, 0xDF7D, 
  0xDF7D, 0xDF7D, 0xDF5C, 0xDF5C, 0xDF5D, 0xDF5D, 0xDF5C, 0xD75C, 0xD75C, 0xD75C, 0xD73C, 0xDF5D, 
  0xDF7D, 0xDF5D, 0xDF5D, 0xDF5C, 0xDF5C, 0xDF5C, 0xDF5C, 0xDF5D, 0xDF5D, 0xDF5C, 0xDF5D, 0xDF7D, 
  0xDF5C, 0xDF5D, 0xDF7D, 0xE79E, 0xE77D, 0xDF5D, 0xDF7D, 0xDF5C, 0xDF7D, 0xDF5D, 0xDF5C, 0xDF5C, 
  0xDF5C, 0xDF5C, 0xDF5C, 0xDF5C, 0xDF5C, 0xDF5C, 0xDF5C, 0xDF5C, 0xDF5C, 0xDF5C, 0xDF5D, 0xDF5D, 
  0xDF5D, 0xDF5D, 0xDF5C, 0xDF7D, 0xDF7D, 0xDF5C, 0xDF5C, 0xDF7D, 0xDF7D, 0xDF5D, 0xDF5C, 0xDF5D, 
  0xDF5D, 0xDF5D, 0xD73C, 0xD75C, 0xE77D, 0xE77D, 0xDF5D, 0xDF5D, 0xDF5C, 0xDF5C, 0xDF5D, 0xDF5D, 
  0xDF7D, 0xC6BA, 0x8574, 0x7DD6, 0x6C91, 0x84B2, 0x8D13, 0x9555, 0x9DB6, 0xA617, 0xAE79, 0xB6BA, 
  0xBEDB, 0xC6FB, 0xC6DB, 0xC6DB, 0xCEFB, 0xCF1B, 0xC6DA, 0xBEDA, 0xBEDA, 0xC6DB, 0xC6FB, 0xBEDA, 
  0xC6DB, 0xC6FB, 0xB6BA, 0xBEBA, 0xCF1C, 0xCF1C, 0xC6FB, 0xC6DA, 0xC6DA, 0xC6DB, 0xC6FB, 0xB6BA, 
  0xFE57, 0xFE37, 0xFE37, 0xFDF6, 0xF5B5, 0xFE37, 0xFE99, 0xFEB9, 0xFEB9, 0xFEDA, 0xFEFA, 0xFEFA, 
  0xFEFA, 0xFEFA, 0xFEB9, 0xFEDA, 0xFEDA, 0xFED9, 0xFEB9, 0xFEB9, 0xFED9, 0xFEFA, 0xFEB9, 0xFE99, 
  0xFEB9, 0xFEB9, 0xFEB9, 0xFEB9, 0xFEB9, 0xFEB9, 0xFEB9, 0xEE99, 0x8574, 0x7DD6, 0xA513, 0xBD13, 
  0xC554, 0xCDB6, 0xDE17, 0xEE58, 0xF699, 0xFEDA, 0xFF1B, 0xFF1B, 0xFF3B, 0xFF3C, 0xFF5C, 0xFF5C, 
  0xFF5C, 0xFF5C, 0xFF5C, 0xFF5C, 0xFF5C, 0xFF3C, 0xFF3C, 0xFF3C, 0xFF5C, 0xFF5C, 0xFF7C, 0xFF5C, 
  0xFF5C, 0xFF7C, 0xFF7C, 0xFF7C, 0xFF7C, 0xFF5C, 0xFF5C, 0xFF5C, 0xFF5C, 0xFF5C, 0xFF5C, 0xFF5C, 
  0xFF7C, 0xF79D, 0xFF7D, 0xFF7D, 0xF77D, 0xF77D, 0xF77C, 0xF77C, 0xF77C, 0xF79D, 0xF79D, 0xF77C, 
  0xF77C, 0xF77C, 0xF77D, 0xF77D, 0xF77D, 0xF77D, 0xF77D, 0xF77D, 0xF77C, 0xF77D, 0xEF9D, 0xEF7D, 
  0xEF5C, 0xEF5C, 0xEF7C, 0xEF3C, 0xEF1C, 0xEF5C, 0xEF5C, 0xEF5C, 0xEF5C, 0xE77D, 0xEF9D, 0xEF7D, 
  0xE75C, 0xE75C, 0xE75C, 0xE75C, 0xE75C, 0xE75C, 0xE75D, 0xE75C, 0xE75C, 0xE75C, 0xE75C, 0xE75D, 
  0xDF5C, 0xDF5C, 0xDF5C, 0xDF5C, 0xDF5C, 0xDF5C, 0xDF5C, 0xDF5D, 0xE77D, 0xDF5D, 0xDF7D, 0xDF7D, 
  0xDF7D, 0xDF7D, 0xDF5C, 0xDF5C, 0xDF5C, 0xDF5C, 0xDF7D, 0xDF5C, 0xD73C, 0xD75C, 0xDF5C, 0xDF7D, 
  0xDF5D, 0xDF5D, 0xDF5D, 0xDF5D, 0xDF5C, 0xD73C, 0xDF5C, 0xDF5C, 0xDF5C, 0xDF5C, 0xDF5C, 0xDF7D, 
  0xDF5D, 0xDF5D, 0xDF5D, 0xE79D, 0xEF7D, 0xE77D, 0xE77D, 0xDF7D, 0xDF5C, 0xDF5C, 0xDF7D, 0xDF5C, 
  0xDF5C, 0xDF5C, 0xDF5C, 0xDF5C, 0xDF5C, 0xDF5C, 0xDF5D, 0xDF5D, 0xDF7D, 0xDF7D, 0xDF7D, 0xDF7D, 
  0xDF5D, 0xDF5D, 0xDF5C, 0xDF5D, 0xDF7D, 0xDF5C, 0xDF5D, 0xE77D, 0xDF5C, 0xDF5C, 0xDF5C, 0xDF5D, 
  0xD75C, 0xD73C, 0xD75C, 0xD75C, 0xDF7D, 0xE77D, 0xDF7D, 0xDF5D, 0xDF5C, 0xDF5C, 0xDF5C, 0xDF5C, 
  0xDF7D, 0xC6BA, 0x8594, 0x7DB6, 0x6C91, 0x7CD2, 0x8513, 0x9555, 0x9DD6, 0xAE17, 0xAE59, 0xB69A, 
  0xC6FB, 0xC6FB, 0xC6DB, 0xC6DB, 0xCEFB, 0xC6FB, 0xBEBA, 0xB6BA, 0xB6BA, 0xC6FB, 0xC6DA, 0xC6DA, 
  0xC6FB, 0xB69A, 0xAE99, 0xC6FB, 0xC6FB, 0xCF1C, 0xCEFB, 0xC6DB, 0xC6DB, 0xCF1B, 0xC6FB, 0xB69A, 
  0xFE78, 0xFE57, 0xFE57, 0xFE98, 0xFE37, 0xFE16, 0xFE78, 0xFE98, 0xFED9, 0xFEFA, 0xFEFA, 0xFEFA, 
  0xFEFA, 0xFEFA, 0xFEDA, 0xFEFA, 0xFEDA, 0xFEB9, 0xFE99, 0xFE99, 0xFEB9, 0xFEB9, 0xFEB9, 0xFEB9, 
  0xFEB9, 0xFEB9, 0xFE99, 0xFEB9, 0xFEB9, 0xFE99, 0xFE99, 0xF699, 0x8574, 0x7DD5, 0xA513, 0xBD13, 
  0xC554, 0xD5B6, 0xDDF6, 0xEE17, 0xF678, 0xFF1B, 0xFF5C, 0xFF5C, 0xFF5C, 0xFF5C, 0xFF5C, 0xFF5C, 
  0xFF5C, 0xFF5C, 0xFF5C, 0xFF3C, 0xFF3C, 0xFF5C, 0xFF5C, 0xFF3B, 0xFF3C, 0xFF5C, 0xFF7C, 0xFF7C, 
  0xFF5C, 0xFF5C, 0xFF7C, 0xFF5C, 0xFF5C, 0xFF5C, 0xFF5C, 0xFF5C, 0xFF5C, 0xFF5C, 0xFF5C, 0xFF5C, 
  0xFF7C, 0xFF7D, 0xFF9D, 0xF77D, 0xF79D, 0xFF9D, 0xF77D, 0xF77D, 0xF79D, 0xF77D, 0xF79D, 0xF77C, 
  0xF77C, 0xF77D, 0xF77D, 0xF77D, 0xF77D, 0xF77D, 0xF75C, 0xF75C, 0xF77D, 0xF77D, 0xEF9D, 0xEF7C, 
  0xEF5C, 0xEF5C, 0xEF5C, 0xEF5C, 0xEF3C, 0xEF5C, 0xEF5C, 0xEF5C, 0xEF5C, 0xEF7D, 0xE79D, 0xEF7D, 
  0xE75C, 0xE75C, 0xE75C, 0xE75C, 0xE75C, 0xE75D, 0xE75D, 0xE75C, 0xE75C, 0xE75C, 0xE75C, 0xE75C, 
  0xE73C, 0xE75C, 0xDF5C, 0xDF5C, 0xDF5C, 0xDF5C, 0xDF5C, 0xDF5C, 0xDF7D, 0xDF7D, 0xDF5D, 0xDF7D, 
  0xDF7D, 0xDF7D, 0xDF5D, 0xDF5C, 0xDF5C, 0xDF5C, 0xDF5D, 0xDF5C, 0xD75C, 0xD75C, 0xD75C, 0xDF7C, 
  0xDF5C, 0xDF5C, 0xDF7D, 0xDF7D, 0xDF5C, 0xD75C, 0xD75C, 0xD75C, 0xDF7D, 0xDF7D, 0xDF5D, 0xDF7D, 
  0xDF7D, 0xDF5D, 0xDF5D, 0xDF7D, 0xEF9E, 0xE77D, 0xE77D, 0xE77D, 0xE77D, 0xE77D, 0xE77D, 0xDF5C, 
  0xDF5C, 0xDF5C, 0xDF5C, 0xDF5C, 0xDF5C, 0xDF5D, 0xDF7D, 0xDF7D, 0xDF7D, 0xDF7D, 0xDF7D, 0xDF7D, 
  0xDF7D, 0xDF7D, 0xDF7D, 0xDF7D, 0xDF5D, 0xDF5C, 0xDF7D, 0xE77D, 0xDF5D, 0xDF5D, 0xDF5D, 0xDF5C, 
  0xD73C, 0xD73C, 0xDF7D, 0xDF5D, 0xDF5C, 0xDF5D, 0xDF5D, 0xDF5C, 0xDF5C, 0xDF5C, 0xDF5C, 0xD73C, 
  0xD75D, 0xCEBA, 0x8574, 0x7DD6, 0x7492, 0x7CB2, 0x8513, 0x9575, 0x9DB6, 0xAE17, 0xB679, 0xBEDA, 
  0xC6FB, 0xBEDA, 0xBEDA, 0xC6FB, 0xC6DB, 0xBEBA, 0xBEBA, 0xBEBA, 0xB699, 0xB6BA, 0xA679, 0xBEDA, 
  0xB6BA, 0xB6BA, 0xBEDA, 0xC6FB, 0xCF1B, 0xCF1B, 0xCF1C, 0xCF1B, 0xC6FB, 0xD71C, 0xD71C, 0xCF1C, 
  0xF616, 0xFE37, 0xFE57, 0xFE57, 0xFE77, 0xFE77, 0xFE78, 0xFE99, 0xFED9, 0xFEFA, 0xFEFA, 0xFEFA, 
  0xFEFA, 0xFEFA, 0xFEFA, 0xFEFA, 0xFEFA, 0xFEFA, 0xFEDA, 0xFEB9, 0xFE99, 0xFE99, 0xFE99, 0xFEB9, 
  0xFEB9, 0xFEB9, 0xFE99, 0xFE78, 0xFE78, 0xFE99, 0xFEB9, 0xF699, 0x8D94, 0x7DD5, 0xA513, 0xC533, 
  0xC533, 0xD575, 0xDDD6, 0xEE38, 0xFEDA, 0xFF1B, 0xFF3C, 0xFF5C, 0xFF3B, 0xFF5C, 0xFF5C, 0xFF5C, 
  0xFF5C, 0xFF5C, 0xFF5C, 0xFF5C, 0xFF5C, 0xFF5C, 0xFF5C, 0xFF3B, 0xFF3C, 0xFF5C, 0xFF5C, 0xFF5C, 
  0xFF1B, 0xFF1B, 0xFF5C, 0xFF5C, 0xFF5C, 0xFF5C, 0xFF5C, 0xFF5C, 0xFF5C, 0xFF5C, 0xFF5C, 0xFF5C, 
  0xFF5C, 0xF77C, 0xFF9D, 0xFF9D, 0xF77D, 0xFF9D, 0xFF9D, 0xF79D, 0xF79D, 0xF77D, 0xF77D, 0xF77C, 
  0xF77C, 0xF77D, 0xF77D, 0xF77D, 0xF77D, 0xF75C, 0xEF5C, 0xEF5C, 0xF75D, 0xF77D, 0xEF7D, 0xEF7C, 
  0xEF5C, 0xEF5C, 0xEF5C, 0xEF5C, 0xEF5C, 0xEF5C, 0xEF7C, 0xEF5C, 0xEF5C, 0xEF7D, 0xE77D, 0xE77D, 
  0xE75C, 0xE75C, 0xE75C, 0xE75C, 0xE75C, 0xE75D, 0xE75D, 0xE75C, 0xE75C, 0xE75C, 0xE75C, 0xE75C, 
  0xE75C, 0xDF5C, 0xDF5C, 0xDF5C, 0xDF5C, 0xDF5C, 0xDF5C, 0xDF5C, 0xDF5D, 0xDF7D, 0xDF5D, 0xDF5D, 
  0xDF5D, 0xDF5D, 0xDF5D, 0xDF5C, 0xDF5C, 0xDF7D, 0xDF5D, 0xD73C, 0xDF5C, 0xDF5C, 0xD73C, 0xD73C, 
  0xD75C, 0xDF5C, 0xDF5D, 0xDF5D, 0xDF5C, 0xDF5C, 0xD75C, 0xDF5C, 0xDF7D, 0xDF5D, 0xDF5D, 0xDF5D, 
  0xDF7D, 0xDF5D, 0xDF5D, 0xDF5D, 0xE77D, 0xEF9D, 0xE77D, 0xDF5D, 0xE77D, 0xE77D, 0xE77D, 0xDF5D, 
  0xDF5C, 0xDF5C, 0xDF5D, 0xDF5C, 0xDF5D, 0xDF5C, 0xDF5D, 0xDF7D, 0xDF5D, 0xDF5C, 0xDF7D, 0xDF7D, 
  0xDF7D, 0xDF5D, 0xDF5D, 0xDF5D, 0xDF5C, 0xDF5C, 0xDF7D, 0xDF5D, 0xDF5C, 0xDF5D, 0xDF5D, 0xDF5D, 
  0xD75C, 0xDF5D, 0xE77D, 0xE77D, 0xDF7D, 0xDF7D, 0xDF5C, 0xDF5C, 0xDF5C, 0xDF5C, 0xDF5C, 0xD73C, 
  0xD75C, 0xCEBA, 0x8574, 0x7DD6, 0x7492, 0x7CB2, 0x84F3, 0x8D54, 0x95B6, 0xA617, 0xB679, 0xC6FB, 
  0xC6FB, 0xBEBA, 0xBEDA, 0xBEDA, 0xBEBA, 0xBEBA, 0xB6BA, 0xB6BA, 0xB6DA, 0x9E58, 0xA678, 0xB6BA, 
  0xB6BA, 0xCF1C, 0xC6DB, 0xC6FB, 0xC6DB, 0xCF1B, 0xCF1C, 0xCF1C, 0xCF1B, 0xCF1B, 0xD73C, 0xD73C, 
  0xFE57, 0xFE77, 0xFE77, 0xFE57, 0xFE16, 0xFE16, 0xFE78, 0xFED9, 0xFEB9, 0xFEDA, 0xFEFA, 0xFEFA, 
  0xFEFA, 0xFEFA, 0xFEFA, 0xFEFA, 0xFEFA, 0xFEDA, 0xFEDA, 0xFE99, 0xFE99, 0xFE99, 0xFEB9, 0xFEB9, 
  0xFEB9, 0xFE99, 0xFE99, 0xFE99, 0xFEB9, 0xFE99, 0xFEB9, 0xF6B9, 0x8D95, 0x7DD6, 0xA4F3, 0xC4F3, 
  0xC534, 0xD595, 0xDDD6, 0xEE17, 0xF699, 0xFEFB, 0xFF3C, 0xFF5C, 0xFF3B, 0xFF3C, 0xFF3C, 0xFF5C, 
  0xFF3C, 0xFF3C, 0xFF5C, 0xFF1B, 0xFF1B, 0xFF5C, 0xFF5C, 0xFF3B, 0xFF1B, 0xFF3B, 0xFF5C, 0xFF3B, 
  0xFEFA, 0xFEFA, 0xFEFA, 0xFF1B, 0xFF3C, 0xFF7C, 0xFF5C, 0xFF5C, 0xFF5C, 0xFF5C, 0xFF5C, 0xFF5C, 
  0xFF7C, 0xF77D, 0xFF9D, 0xFF9D, 0xFF9D, 0xF77D, 0xF77D, 0xF77D, 0xF77D, 0xF79D, 0xF77D, 0xF77D, 
  0xF77D, 0xF77D, 0xF77D, 0xF77D, 0xF77D, 0xF77D, 0xF77D, 0xEF5C, 0xF75C, 0xF75D, 0xF77D, 0xEF7D, 
  0xEF5C, 0xEF5C, 0xEF5C, 0xEF5C, 0xEF5C, 0xEF5C, 0xEF5C, 0xEF5C, 0xEF5C, 0xE75C, 0xE75C, 0xE75C, 
  0xE75C, 0xE75C, 0xE75C, 0xE75C, 0xE75C, 0xE75D, 0xE75D, 0xE75C, 0xE75C, 0xE75C, 0xE75C, 0xE75C, 
  0xDF5C, 0xE75C, 0xE75C, 0xE75C, 0xDF5C, 0xDF5C, 0xDF5C, 0xDF5C, 0xDF5D, 0xDF7D, 0xDF5D, 0xDF5D, 
  0xDF5D, 0xDF5D, 0xDF5C, 0xDF5C, 0xDF5D, 0xDF5D, 0xDF5D, 0xDF7D, 0xDF3C, 0xD73C, 0xD73C, 0xD75C, 
  0xD75C, 0xDF5C, 0xDF5D, 0xDF5D, 0xDF5D, 0xD75C, 0xDF5C, 0xDF5C, 0xD75C, 0xDF5D, 0xDF5D, 0xDF5D, 
  0xDF5D, 0xDF5D, 0xDF5D, 0xDF5C, 0xDF7D, 0xE79D, 0xE77D, 0xDF7D, 0xDF7D, 0xDF7D, 0xDF7D, 0xDF5D, 
  0xDF5C, 0xDF5C, 0xDF5D, 0xDF7D, 0xDF7D, 0xDF5D, 0xDF5D, 0xDF5D, 0xDF5C, 0xDF7D, 0xDF5D, 0xDF5D, 
  0xDF5C, 0xDF5C, 0xDF7D, 0xDF7D, 0xDF7D, 0xDF5D, 0xD75C, 0xDF5C, 0xDF5D, 0xDF5D, 0xDF5D, 0xDF5D, 
  0xDF5D, 0xDF5D, 0xE77D, 0xE77D, 0xE77D, 0xDF7D, 0xDF5C, 0xDF5C, 0xDF5C, 0xDF5C, 0xDF5C, 0xDF5D, 
  0xDF7D, 0xCEBA, 0x8D75, 0x7DD6, 0x74B2, 0x7CB2, 0x84F3, 0x8D54, 0x95B6, 0xA617, 0xB679, 0xCEFB, 
  0xC6FB, 0xBEDA, 0xBEDA, 0xBEBA, 0xB69A, 0xB699, 0xB699, 0xB6BA, 0xAE99, 0xA679, 0xAE79, 0xA679, 
  0xBEDA, 0xCF1C, 0xC6FB, 0xC6FB, 0xC6FB, 0xC71B, 0xC71B, 0xCF1B, 0xCF1C, 0xCEFB, 0xCEFB, 0xCF1C, 
  0xFE57, 0xFE57, 0xFE57, 0xFE57, 0xFE57, 0xFE37, 0xFDF6, 0xFE57, 0xFE99, 0xFEDA, 0xFEFA, 0xFEFA, 
  0xFEFA, 0xFEFA, 0xFEFA, 0xFEFA, 0xFEFA, 0xFEFA, 0xFEDA, 0xFE78, 0xFE99, 0xFE99, 0xFEB9, 0xFEB9, 
  0xFE98, 0xFE78, 0xFE78, 0xFE58, 0xFE78, 0xFEB9, 0xFEB9, 0xF698, 0x8D75, 0x7DD6, 0xA4F3, 0xC513, 
  0xC534, 0xD595, 0xDDB6, 0xEDF6, 0xFE79, 0xFEDA, 0xFF3B, 0xFF3C, 0xFF5C, 0xFF1B, 0xFEDA, 0xFF1B, 
  0xFF3C, 0xFF5C, 0xFF5C, 0xFF3B, 0xFEB9, 0xFF3B, 0xFF5C, 0xFF1B, 0xFF1B, 0xFF1B, 0xFF3B, 0xFF3B, 
  0xFEFA, 0xFF1B, 0xFF1B, 0xFF5C, 0xFF5C, 0xFF7C, 0xFF5C, 0xFF5C, 0xFF5C, 0xFF5C, 0xFF5C, 0xFF5C, 
  0xFF7C, 0xFF9D, 0xF79D, 0xF79D, 0xF77D, 0xF77D, 0xF79D, 0xF79D, 0xF77D, 0xF79D, 0xF77D, 0xF77D, 
  0xF79D, 0xF77D, 0xF77D, 0xF77D, 0xF77D, 0xF77D, 0xF77C, 0xF75C, 0xF75D, 0xF75C, 0xEF5C, 0xEF7D, 
  0xEF5C, 0xEF5C, 0xEF5C, 0xEF5C, 0xEF5C, 0xEF5C, 0xEF5C, 0xEF5C, 0xEF5D, 0xEF5C, 0xE75C, 0xE75C, 
  0xE75C, 0xE75C, 0xE75C, 0xE75C, 0xE75C, 0xE75D, 0xE75D, 0xE75C, 0xE75C, 0xE75C, 0xE75C, 0xE75C, 
  0xDF3C, 0xE75C, 0xE75C, 0xDF5C, 0xDF5C, 0xDF5C, 0xDF5C, 0xDF5C, 0xDF5C, 0xDF5D, 0xDF5D, 0xDF5D, 
  0xDF5D, 0xDF5D, 0xDF5D, 0xDF5D, 0xDF5D, 0xDF5D, 0xDF5C, 0xDF5C, 0xD73C, 0xD73C, 0xD75C, 0xD75C, 
  0xD75C, 0xDF5C, 0xDF5D, 0xD75C, 0xD75C, 0xD75C, 0xDF5C, 0xDF5C, 0xD75C, 0xDF5D, 0xDF5D, 0xDF5D, 
  0xDF5C, 0xDF7D, 0xDF7D, 0xDF5D, 0xDF7D, 0xE77D, 0xE77D, 0xDF7D, 0xDF7D, 0xDF7D, 0xDF7D, 0xDF7D, 
  0xDF5C, 0xDF5C, 0xDF5C, 0xDF5D, 0xDF5D, 0xDF5C, 0xDF5D, 0xDF7D, 0xDF7D, 0xDF5D, 0xDF5D, 0xDF7D, 
  0xDF5C, 0xD75C, 0xD75C, 0xDF7D, 0xDF7D, 0xDF5D, 0xD75C, 0xD75C, 0xDF5C, 0xDF5D, 0xDF5D, 0xDF5D, 
  0xDF5D, 0xD73C, 0xDF5D, 0xDF5D, 0xDF7D, 0xD75C, 0xDF5D, 0xDF7D, 0xDF5D, 0xD75C, 0xDF5D, 0xDF5D, 
  0xDF5D, 0xCEBA, 0x8D74, 0x85D6, 0x7492, 0x7CB2, 0x84F3, 0x8D54, 0x8D95, 0x9DD6, 0xAE79, 0xC6DB, 
  0xC6DB, 0xBEDA, 0xBEDA, 0xBEDA, 0xB69A, 0xB69A, 0xB6BA, 0xB6DA, 0xAE79, 0xB6BA, 0xB6BA, 0xA678, 
  0xBEBA, 0xC6DB, 0xB6BA, 0xBEDA, 0xCF1B, 0xCF1B, 0xC6DB, 0xCF1B, 0xCF1B, 0xCEFB, 0xCEFB, 0xC6FB, 
  0xFE57, 0xFE37, 0xFE37, 0xFE78, 0xFE98, 0xFE99, 0xFE98, 0xFE37, 0xFE57, 0xFEB9, 0xFEDA, 0xFEFA, 
  0xFEFA, 0xFEFA, 0xFEFA, 0xFEB9, 0xFEBA, 0xFEFA, 0xFEFA, 0xFE99, 0xFE99, 0xFEB9, 0xFEB9, 0xFEB9, 
  0xFEB9, 0xFE98, 0xFE58, 0xFE78, 0xFE99, 0xFE99, 0xFE98, 0xF678, 0x8D74, 0x85F6, 0xA513, 0xBD13, 
  0xC534, 0xD595, 0xE5F7, 0xEDF6, 0xFE58, 0xFEFB, 0xFF3B, 0xFF1B, 0xFF3B, 0xFEFB, 0xFF1B, 0xFF1B, 
  0xFF5C, 0xFF5C, 0xFF5C, 0xFF5C, 0xFF1B, 0xFF5C, 0xFF5C, 0xFF3B, 0xFF3B, 0xFF1B, 0xFF1B, 0xFF3B, 
  0xFEFB, 0xFF1B, 0xFF3C, 0xFF5C, 0xFF5C, 0xFF5C, 0xFF5C, 0xFF5C, 0xFF5C, 0xFF5C, 0xFF5C, 0xFF5C, 
  0xFF7C, 0xFF9D, 0xFF9D, 0xF77D, 0xF77D, 0xF77D, 0xFF9D, 0xF79D, 0xF77D, 0xF77D, 0xF77C, 0xF77C, 
  0xF77C, 0xF77C, 0xF77D, 0xF77D, 0xF77D, 0xF77D, 0xF75C, 0xF75C, 0xF75D, 0xF75C, 0xEF5C, 0xEF5C, 
  0xEF5C, 0xEF5C, 0xEF5C, 0xEF5C, 0xEF5C, 0xEF5C, 0xEF3C, 0xEF5C, 0xEF5D, 0xEF5C, 0xE75C, 0xE75C, 
  0xE75C, 0xE75C, 0xE75C, 0xE75C, 0xE75C, 0xE75D, 0xE75D, 0xE75C, 0xE75C, 0xE75C, 0xE75C, 0xE75C, 
  0xDF3C, 0xDF5C, 0xDF5C, 0xDF5C, 0xDF5C, 0xDF5C, 0xDF5C, 0xDF5C, 0xDF7C, 0xDF5D, 0xDF5D, 0xDF7D, 
  0xDF5D, 0xDF5D, 0xDF5C, 0xDF5C, 0xDF5C, 0xDF5C, 0xDF5C, 0xD73C, 0xD73C, 0xD73C, 0xD75C, 0xD75C, 
  0xDF5C, 0xE77D, 0xDF7D, 0xDF5D, 0xD75C, 0xD75C, 0xD75C, 0xD75C, 0xD75C, 0xDF5D, 0xDF5D, 0xDF7D, 
  0xDF5D, 0xDF7D, 0xDF7D, 0xDF7D, 0xDF7D, 0xE77D, 0xE77D, 0xDF7D, 0xDF7D, 0xDF7D, 0xDF7D, 0xDF7D, 
  0xDF5C, 0xDF5C, 0xDF5D, 0xDF5D, 0xDF5C, 0xDF5C, 0xDF7D, 0xDF7D, 0xDF7D, 0xDF7D, 0xDF7D, 0xDF5C, 
  0xDF7D, 0xDF7D, 0xDF7D, 0xDF7D, 0xDF7D, 0xDF5D, 0xDF5C, 0xDF5C, 0xDF5C, 0xDF5D, 0xDF7D, 0xDF5D, 
  0xDF5D, 0xD75C, 0xDF5D, 0xCF1C, 0xCF3C, 0xD73C, 0xD73C, 0xCF3C, 0xD73C, 0xD75D, 0xDF5D, 0xDF5D, 
  0xDF7D, 0xCEBA, 0x8D74, 0x85D6, 0x74B2, 0x7CB2, 0x84F3, 0x8D54, 0x8D95, 0x9DF7, 0xAE59, 0xBEDA, 
  0xBEFB, 0xBEDA, 0xB6BA, 0xB6BA, 0xB6BA, 0xBEDA, 0xBEDB, 0xAE79, 0x9E79, 0xAE9A, 0xA679, 0xAEB9, 
  0xBEBA, 0xB6BA, 0xBEDA, 0xCF1C, 0xC6FB, 0xBEFB, 0xC6FB, 0xC71B, 0xC6FB, 0xCF1B, 0xCEFB, 0xC6FB, 
  0xFE58, 0xFE57, 0xFE57, 0xFE58, 0xFE98, 0xFE98, 0xFE99, 0xFE98, 0xFE58, 0xFEB9, 0xFEB9, 0xFEDA, 
  0xFEFA, 0xFEFA, 0xFEFA, 0xFEFA, 0xFEBA, 0xFEDA, 0xFEFA, 0xFEFA, 0xFEFA, 0xFEB9, 0xFE37, 0xFE78, 
  0xFE78, 0xFE98, 0xFE98, 0xFE99, 0xFEB9, 0xFEB9, 0xFE98, 0xF678, 0x8D94, 0x85D6, 0xA513, 0xC513, 
  0xC534, 0xD595, 0xDDF7, 0xEE37, 0xFE79, 0xFF1B, 0xFF5C, 0xFF5C, 0xFF1B, 0xFEFB, 0xFF1B, 0xFF1B, 
  0xFF3C, 0xFF5C, 0xFF5C, 0xFF5C, 0xFF5C, 0xFF5C, 0xFF5C, 0xFF3C, 0xFEFB, 0xFF1B, 0xFF3C, 0xFF3C, 
  0xFF1B, 0xFEFA, 0xFF1B, 0xFF3C, 0xFF3C, 0xFF5C, 0xFF3C, 0xFF5C, 0xFF5C, 0xFF5C, 0xFF5C, 0xFF5C, 
  0xFF7C, 0xFF7D, 0xFF9D, 0xFF9D, 0xF77D, 0xF77D, 0xF79D, 0xF77D, 0xFF5D, 0xF77D, 0xF77D, 0xF77D, 
  0xF77D, 0xF77C, 0xF77D, 0xF77D, 0xF77D, 0xF77D, 0xF77C, 0xF75C, 0xF75C, 0xF75C, 0xEF5C, 0xEF5D, 
  0xEF5C, 0xEF5C, 0xEF5C, 0xEF5C, 0xEF5C, 0xEF5C, 0xEF5C, 0xEF5C, 0xEF5D, 0xEF5C, 0xE75C, 0xE75C, 
  0xE75C, 0xE75C, 0xE75C, 0xE75C, 0xE75C, 0xE75D, 0xE75D, 0xE75C, 0xE75C, 0xE75C, 0xE75C, 0xE75C, 
  0xDF5C, 0xDF5C, 0xDF5C, 0xDF5C, 0xDF5C, 0xDF5C, 0xDF5C, 0xDF5C, 0xDF7D, 0xDF5D, 0xDF5D, 0xDF7D, 
  0xDF7D, 0xDF5D, 0xDF5C, 0xDF5C, 0xDF7C, 0xDF5C, 0xDF5C, 0xDF5C, 0xD73C, 0xD75C, 0xD75C, 0xDF5C, 
  0xDF5C, 0xDF7D, 0xDF5D, 0xD75C, 0xD75C, 0xD75C, 0xD75C, 0xD75C, 0xDF5C, 0xDF7D, 0xDF5D, 0xDF7D, 
  0xDF5D, 0xDF7D, 0xE77D, 0xE77D, 0xDF7D, 0xDF7D, 0xE77D, 0xDF7D, 0xDF7D, 0xDF7D, 0xDF7D, 0xDF7D, 
  0xDF7D, 0xDF7D, 0xDF7D, 0xDF7D, 0xDF7D, 0xDF7D, 0xDF7D, 0xDF7D, 0xDF7D, 0xDF5D, 0xDF5C, 0xDF5C, 
  0xDF7D, 0xDF7D, 0xDF7D, 0xDF7D, 0xDF5D, 0xDF5D, 0xDF5C, 0xDF5C, 0xDF5C, 0xDF5C, 0xDF5D, 0xDF7D, 
  0xDF5D, 0xDF7D, 0xDF7D, 0xD73C, 0xBEFB, 0xD73C, 0xD75C, 0xD73C, 0xD75C, 0xD75D, 0xDF5D, 0xDF5D, 
  0xDF7D, 0xCEBA, 0x8D75, 0x8DD6, 0x74B2, 0x7CD2, 0x84F3, 0x8554, 0x95B6, 0x9DD6, 0x9E18, 0xA679, 
  0x9E38, 0x9638, 0x8E17, 0x9658, 0xA679, 0xA679, 0xA699, 0x9637, 0x8617, 0x9658, 0x9638, 0x8E37, 
  0xAEBA, 0xB69A, 0xBEFB, 0xC6FB, 0xB6BA, 0xAE99, 0xBEDA, 0xC6FB, 0xC6FB, 0xC6DB, 0xCEFB, 0xC6FB, 
  0xFE78, 0xFE99, 0xFE78, 0xFE78, 0xFE99, 0xFE99, 0xFE99, 0xFE99, 0xFE78, 0xFED9, 0xFEBA, 0xFEDA, 
  0xFEFA, 0xFEFA, 0xFEFA, 0xFEFA, 0xFF1B, 0xFED9, 0xFEB9, 0xFE99, 0xF658, 0xFE57, 0xFE37, 0xFE78, 
  0xFE78, 0xFEB9, 0xFE99, 0xFE99, 0xFEB9, 0xFE99, 0xFE99, 0xF678, 0x8D94, 0x85D6, 0xA513, 0xC4F3, 
  0xC533, 0xD595, 0xDE17, 0xEE58, 0xF699, 0xFEFB, 0xFF5C, 0xFF5C, 0xFF5C, 0xFF5C, 0xFF3C, 0xFF3B, 
  0xFEFB, 0xFF3B, 0xFF5C, 0xFF7C, 0xFF7C, 0xFF5C, 0xFF5C, 0xFF1B, 0xFEFB, 0xFF3B, 0xFF3C, 0xFF1B, 
  0xFF1B, 0xFF1B, 0xFF1B, 0xFF3C, 0xFF5C, 0xFF7D, 0xFF3C, 0xFF5C, 0xFF5C, 0xFF5C, 0xFF5C, 0xFF5C, 
  0xFF7C, 0xF77C, 0xF79D, 0xFF9D, 0xFF7C, 0xF77C, 0xF77D, 0xF77D, 0xF77C, 0xF77D, 0xF77D, 0xF77D, 
  0xF77D, 0xF77C, 0xF77D, 0xF77D, 0xF77D, 0xF77D, 0xF77D, 0xF75C, 0xF75C, 0xF75C, 0xEF7C, 0xEF7C, 
  0xEF5C, 0xEF5C, 0xEF5C, 0xEF5C, 0xEF3C, 0xEF3C, 0xEF5C, 0xEF5C, 0xEF5D, 0xEF5C, 0xE75C, 0xE75C, 
  0xE75C, 0xE75C, 0xE75C, 0xE75C, 0xE75C, 0xE75D, 0xE75D, 0xE75C, 0xE75C, 0xE75C, 0xE73C, 0xE75C, 
  0xE75C, 0xDF5C, 0xDF5C, 0xDF5C, 0xDF5C, 0xDF5C, 0xDF5C, 0xDF5D, 0xDF7D, 0xDF5D, 0xDF5D, 0xDF7D, 
  0xDF7D, 0xDF7D, 0xDF7C, 0xDF5C, 0xD75C, 0xD73C, 0xD73C, 0xD73C, 0xD73C, 0xD75C, 0xDF7D, 0xDF7D, 
  0xDF5D, 0xDF7D, 0xDF5C, 0xD75C, 0xD75C, 0xD75C, 0xD75C, 0xD75C, 0xDF5C, 0xDF7D, 0xDF7D, 0xDF7D, 
  0xDF5D, 0xDF5D, 0xE77D, 0xE77D, 0xDF5D, 0xDF7D, 0xE77D, 0xE77D, 0xDF7D, 0xDF7D, 0xDF7D, 0xE77D, 
  0xDF7D, 0xDF7D, 0xDF7D, 0xDF7D, 0xDF7D, 0xDF7D, 0xDF7D, 0xDF7D, 0xDF5D, 0xDF5D, 0xD75D, 0xDF7D, 
  0xDF7D, 0xDF7D, 0xDF7D, 0xDF5D, 0xDF5C, 0xDF5C, 0xDF5C, 0xDF5C, 0xDF5C, 0xDF5C, 0xDF5C, 0xDF5C, 
  0xDF5C, 0xDF7D, 0xE77D, 0xDF7D, 0xCF1B, 0xCF3C, 0xD75D, 0xD73C, 0xDF5D, 0xDF5D, 0xDF5C, 0xDF5D, 
  0xDF7D, 0xCEBA, 0x8D75, 0x8DD6, 0x74B2, 0x84D2, 0x84F3, 0x8513, 0x8D75, 0x95F7, 0x8DD6, 0x8E17, 
  0x8E37, 0x8E38, 0xB6BA, 0xAEB9, 0xA699, 0x8E37, 0x8616, 0x9637, 0x9E58, 0xB6BA, 0xBEDB, 0xA679, 
  0xAE99, 0xBEFB, 0xBEDA, 0xBEBA, 0xBEDB, 0xC6FB, 0xC71B, 0xBEDB, 0xBEDB, 0xBEDA, 0xCEFB, 0xCEFB, 
  0xFE78, 0xFE98, 0xFE99, 0xFEB9, 0xFE99, 0xFE99, 0xFE99, 0xFE58, 0xFE99, 0xFEB9, 0xFEB9, 0xFEDA, 
  0xFEFA, 0xFEFA, 0xFEFA, 0xFED9, 0xFE99, 0xFE57, 0xFE58, 0xFE78, 0xFE78, 0xFE98, 0xFE98, 0xFE98, 
  0xFE99, 0xFED9, 0xFED9, 0xFE98, 0xFEB9, 0xFE99, 0xFE99, 0xEE98, 0x8D95, 0x85F6, 0xA4F3, 0xBCF3, 
  0xC534, 0xD5B5, 0xDE17, 0xEE58, 0xF6B9, 0xFF1B, 0xFF5C, 0xFF5C, 0xFF5C, 0xFF5C, 0xFF5C, 0xFF3B, 
  0xFF3B, 0xFF1B, 0xFF3C, 0xFF5C, 0xFF5C, 0xFF3C, 0xFF5C, 0xFF3B, 0xFF1B, 0xFF5C, 0xFF3C, 0xFF3B, 
  0xFEFB, 0xFF1B, 0xFF3C, 0xFF3C, 0xFF1B, 0xFF3B, 0xFF3C, 0xFF5C, 0xFF5C, 0xFF5C, 0xFF5C, 0xFF7C, 
  0xF77C, 0xFF7C, 0xFF7D, 0xFF7D, 0xFF5C, 0xF77C, 0xF77D, 0xF77D, 0xF77C, 0xF77D, 0xF79D, 0xF77D, 
  0xF77D, 0xF77C, 0xF77D, 0xF77D, 0xF77D, 0xF77D, 0xF77D, 0xF77D, 0xEF5C, 0xEF5D, 0xEF7C, 0xEF7C, 
  0xEF5C, 0xEF5C, 0xEF5C, 0xEF5C, 0xEF5C, 0xEF3C, 0xEF5C, 0xEF5C, 0xEF5D, 0xEF5D, 0xEF5D, 0xE75C, 
  0xE75C, 0xE75C, 0xE75C, 0xE75C, 0xE75C, 0xE75D, 0xE75D, 0xE75C, 0xE75C, 0xE75C, 0xE73C, 0xE73C, 
  0xE75C, 0xDF5C, 0xDF5C, 0xDF5C, 0xDF5C, 0xDF7C, 0xDF7D, 0xDF5D, 0xDF7D, 0xDF5D, 0xDF5D, 0xDF5D, 
  0xDF7D, 0xDF7D, 0xDF5C, 0xD73C, 0xD73B, 0xDF5C, 0xD73C, 0xD73C, 0xD75C, 0xD75C, 0xDF5C, 0xDF5C, 
  0xDF5D, 0xDF7D, 0xDF5D, 0xDF5C, 0xD75C, 0xD75C, 0xDF5C, 0xDF5C, 0xDF7D, 0xDF7D, 0xDF7D, 0xDF5D, 
  0xDF7D, 0xDF5D, 0xDF7D, 0xE77D, 0xDF5D, 0xDF7D, 0xDF7D, 0xE77D, 0xDF7D, 0xDF7D, 0xDF7D, 0xDF7D, 
  0xDF7D, 0xDF7D, 0xDF7D, 0xDF7D, 0xDF7D, 0xDF7D, 0xDF7D, 0xDF7D, 0xDF5D, 0xDF5D, 0xD75D, 0xDF7D, 
  0xDF7D, 0xDF5D, 0xDF7D, 0xDF5D, 0xDF5C, 0xDF5C, 0xDF5C, 0xDF5C, 0xDF5C, 0xDF5C, 0xDF5C, 0xDF5C, 
  0xDF5C, 0xDF5D, 0xD75C, 0xDF5D, 0xD73C, 0xD75C, 0xCF1C, 0xCF3C, 0xDF5D, 0xDF5D, 0xDF5C, 0xD73C, 
  0xDF7D, 0xCEBA, 0x8D75, 0x8DD6, 0x74B2, 0x7CB2, 0x8D14, 0x9575, 0x9595, 0x9DF7, 0x9617, 0x9E58, 
  0x9E58, 0x8617, 0x9E58, 0xAEBA, 0x9638, 0x9E58, 0xAEBA, 0xBEDB, 0xB6BA, 0xBEDB, 0xBEDB, 0xB6BA, 
  0xBEDB, 0xC6FB, 0xC6FB, 0xC6DA, 0xBEDB, 0xC6FB, 0xCF1B, 0xC6FB, 0xBEDA, 0xC6FB, 0xCF1B, 0xCF1B, 
  0xFEBA, 0xFE99, 0xFE98, 0xFE99, 0xFE99, 0xFE99, 0xFE99, 0xFE99, 0xFE99, 0xFEB9, 0xFEDA, 0xFEDA, 
  0xFEFA, 0xFEDA, 0xFE78, 0xF616, 0xFE78, 0xFEB9, 0xFEB9, 0xFE99, 0xFE99, 0xFE98, 0xFE98, 0xFE98, 
  0xFE57, 0xFEDA, 0xFEFA, 0xFEB9, 0xFEB8, 0xFEB9, 0xFE99, 0xF698, 0x8D95, 0x85F6, 0xA4F3, 0xBD13, 
  0xC554, 0xD5B6, 0xDE17, 0xEE58, 0xF6BA, 0xFF1B, 0xFF5C, 0xFF5C, 0xFF3C, 0xFF3C, 0xFF5C, 0xFF3C, 
  0xFF3C, 0xFF3C, 0xFF5C, 0xFF5C, 0xFF5C, 0xFF5C, 0xFF5C, 0xFF3B, 0xFF3C, 0xFF5C, 0xFF3C, 0xFF3C, 
  0xFF3B, 0xFF1B, 0xFF3C, 0xFF1C, 0xFF1B, 0xFF1B, 0xFF3C, 0xFF5C, 0xFF5C, 0xFF5C, 0xFF5C, 0xFF7D, 
  0xFF7C, 0xFF7C, 0xFF5C, 0xFF7C, 0xF77C, 0xF77C, 0xF79D, 0xF77D, 0xF77D, 0xF77D, 0xF77D, 0xF77D, 
  0xF77D, 0xF77D, 0xF77C, 0xF77D, 0xF77D, 0xF77D, 0xF77D, 0xF77C, 0xEF7C, 0xEF7D, 0xEF7D, 0xEF7C, 
  0xEF5C, 0xEF5C, 0xEF5C, 0xEF5C, 0xEF5C, 0xEF5C, 0xEF5C, 0xEF5C, 0xEF5D, 0xEF5D, 0xEF5D, 0xE75C, 
  0xE75C, 0xE75C, 0xE75C, 0xE75C, 0xE75C, 0xE75D, 0xE75D, 0xE75C, 0xE75C, 0xDF3C, 0xE73C, 0xE75C, 
  0xE73C, 0xE75C, 0xE73C, 0xE75C, 0xDF5C, 0xDF7C, 0xDF7C, 0xDF7D, 0xDF5D, 0xDF5D, 0xDF5D, 0xDF5D, 
  0xDF7D, 0xDF7D, 0xDF7D, 0xD73C, 0xD73C, 0xDF5C, 0xD75C, 0xD75C, 0xD75C, 0xD75C, 0xD75C, 0xDF5C, 
  0xDF5C, 0xDF7D, 0xE77D, 0xDF5C, 0xD75C, 0xDF5C, 0xDF7D, 0xDF7D, 0xDF5C, 0xDF7D, 0xDF5D, 0xDF5D, 
  0xDF7D, 0xDF5C, 0xD75C, 0xE79D, 0xDF7D, 0xDF7D, 0xDF7D, 0xE77D, 0xDF7D, 0xDF7D, 0xDF7D, 0xDF7D, 
  0xDF7D, 0xDF7D, 0xDF5C, 0xDF5C, 0xDF7D, 0xDF7D, 0xDF7D, 0xDF5D, 0xDF5D, 0xDF5D, 0xDF5D, 0xDF7D, 
  0xDF7D, 0xDF5D, 0xDF7D, 0xDF5D, 0xDF5D, 0xD75C, 0xDF5C, 0xDF5D, 0xDF5D, 0xDF5D, 0xDF5C, 0xDF5C, 
  0xDF5C, 0xDF5D, 0xD73C, 0xD73C, 0xD75D, 0xD75C, 0xCF1C, 0xC6DB, 0xDF7D, 0xDF3C, 0xD75C, 0xD73C, 
  0xDF5D, 0xCEBA, 0x8D95, 0x8DD6, 0x7491, 0x84B2, 0x8D34, 0x9D95, 0xA5F7, 0x95D6, 0x9E17, 0xB6BA, 
  0xB6DA, 0x8E37, 0x8E38, 0xA699, 0xA679, 0xA699, 0xBEDA, 0xC6FB, 0xB6BA, 0xBEDA, 0xBEDB, 0xB6BA, 
  0xBEDA, 0xBEDB, 0xC6DB, 0xC6FB, 0xBEDB, 0xBEDB, 0xCEFB, 0xCF1B, 0xC6DB, 0xC6FB, 0xCF1B, 0xCF1B, 
  0xFEB9, 0xFEB9, 0xFEB9, 0xFEB9, 0xFEB9, 0xFEB9, 0xFE99, 0xFEB9, 0xFE99, 0xFEB9, 0xFEFA, 0xFEDA, 
  0xFE79, 0xFE57, 0xFE77, 0xFEB9, 0xFEB9, 0xFEDA, 0xFEDA, 0xFEB9, 0xFEB9, 0xFEB9, 0xFEB9, 0xFEB9, 
  0xFE78, 0xFE99, 0xFED9, 0xFEB9, 0xFED9, 0xFED9, 0xFEB9, 0xF678, 0x9575, 0x85F6, 0xA513, 0xC513, 
  0xC513, 0xD554, 0xDDF6, 0xEE38, 0xF69A, 0xFEFB, 0xFF1B, 0xFF5C, 0xFF3C, 0xFF5C, 0xFF5C, 0xFEFA, 
  0xFEDA, 0xFF1B, 0xFF5C, 0xFF5C, 0xFF5C, 0xFF3C, 0xFF5C, 0xFF5C, 0xFF5C, 0xFF3C, 0xFF3C, 0xFF3C, 
  0xFF3C, 0xFF3B, 0xFF3B, 0xFF1B, 0xFF3C, 0xFF3C, 0xFF5C, 0xFF7D, 0xFF5C, 0xFF5C, 0xFF5C, 0xFF7C, 
  0xF77C, 0xFF7C, 0xF77C, 0xF77C, 0xF77C, 0xF77D, 0xF79D, 0xF79D, 0xF79D, 0xF77D, 0xF77D, 0xF77D, 
  0xF77D, 0xF77D, 0xF77C, 0xF77D, 0xF77D, 0xF77D, 0xF77D, 0xF77D, 0xEF9D, 0xEF7D, 0xEF7D, 0xEF7D, 
  0xEF5C, 0xEF5C, 0xEF5C, 0xEF5C, 0xEF5C, 0xEF5C, 0xEF5C, 0xEF5D, 0xEF5D, 0xEF5D, 0xEF5C, 0xE75C, 
  0xE75C, 0xE75C, 0xE75C, 0xE75C, 0xE75C, 0xE75D, 0xE77D, 0xE77C, 0xE75C, 0xDF5C, 0xDF3C, 0xE75C, 
  0xE75C, 0xE75C, 0xE75C, 0xE75C, 0xE75C, 0xE75C, 0xDF5D, 0xDF7D, 0xDF7D, 0xDF7D, 0xDF7D, 0xDF5D, 
  0xDF7D, 0xDF7D, 0xE79E, 0xDF5D, 0xDF5C, 0xD75C, 0xD75C, 0xD75C, 0xD75C, 0xD75C, 0xD75C, 0xD75C, 
  0xDF5C, 0xE79D, 0xE77D, 0xDF5C, 0xD75C, 0xDF5C, 0xDF5D, 0xD75C, 0xD75C, 0xDF7D, 0xDF5D, 0xDF5D, 
  0xDF7D, 0xDF7D, 0xD75C, 0xDF7D, 0xE79D, 0xDF7D, 0xDF7D, 0xE79D, 0xDF7D, 0xDF7D, 0xDF7D, 0xDF7D, 
  0xDF7D, 0xDF5D, 0xDF5C, 0xDF5C, 0xDF5D, 0xDF7D, 0xDF7D, 0xDF7D, 0xDF7D, 0xDF5D, 0xDF5D, 0xDF7D, 
  0xDF5C, 0xDF7D, 0xDF5C, 0xDF5C, 0xDF5D, 0xD75D, 0xDF5D, 0xDF5D, 0xDF5D, 0xDF5D, 0xDF5C, 0xDF5C, 
  0xDF7D, 0xDF7D, 0xDF7D, 0xCF1B, 0xCF3C, 0xD75C, 0xD75C, 0xBEFB, 0xCF1B, 0xD75C, 0xD75C, 0xD73C, 
  0xDF7D, 0xCEBA, 0x8D74, 0x8DD6, 0x7491, 0x84D3, 0x8D34, 0x9595, 0x95B5, 0x8D95, 0x9E37, 0x9E38, 
  0xAEB9, 0xBEFB, 0xBEFA, 0xB6B9, 0xBEDA, 0xB6BA, 0xAE99, 0x9E78, 0xA699, 0xBEDA, 0xB6BA, 0xBEDA, 
  0xBEDB, 0xBEDB, 0xBEDB, 0xBEDB, 0xBEDA, 0xBEDB, 0xC6FB, 0xC6FB, 0xC6FB, 0xC6DA, 0xCF1B, 0xCF1B, 
  0xFE78, 0xFE98, 0xFE78, 0xFEB9, 0xFE99, 0xFE78, 0xFE78, 0xFEB9, 0xFE99, 0xFEB9, 0xFEDA, 0xFE99, 
  0xFE99, 0xFE58, 0xFE57, 0xFE99, 0xFE99, 0xFEBA, 0xFEFA, 0xFEFA, 0xFEBA, 0xFE99, 0xFE78, 0xFE57, 
  0xFE57, 0xFE78, 0xFE98, 0xFE58, 0xFE99, 0xFEB9, 0xFEB9, 0xF698, 0x8D74, 0x85F6, 0xA513, 0xBD13, 
  0xC514, 0xD575, 0xDDD6, 0xEE58, 0xF699, 0xFEFB, 0xFF1B, 0xFF1B, 0xFF5C, 0xFF5C, 0xFF3B, 0xFF1B, 
  0xFEFB, 0xFF1B, 0xFF3C, 0xFF5C, 0xFF3C, 0xFF5C, 0xFF5C, 0xFF5C, 0xFF5C, 0xFF1B, 0xFF3C, 0xFF5C, 
  0xFF3B, 0xFF3B, 0xFF3C, 0xFF3B, 0xFF1B, 0xFEFA, 0xFF1B, 0xFF5D, 0xFF7C, 0xFF7C, 0xFF7C, 0xFF7D, 
  0xF77C, 0xFF7C, 0xF77C, 0xF77C, 0xF77C, 0xF77D, 0xF79D, 0xF79D, 0xF77D, 0xF77D, 0xF77D, 0xF77D, 
  0xF77D, 0xF77D, 0xF77D, 0xF77D, 0xF77D, 0xF77D, 0xEF7D, 0xEF9D, 0xEF7D, 0xEF7D, 0xEF7D, 0xEF7D, 
  0xEF5C, 0xEF5C, 0xEF5C, 0xEF5C, 0xEF5C, 0xEF5C, 0xEF5C, 0xEF5D, 0xEF5D, 0xEF5D, 0xEF5C, 0xE75C, 
  0xE75C, 0xE75C, 0xE75C, 0xE75C, 0xE75C, 0xE75D, 0xE75D, 0xE77D, 0xE77D, 0xE75C, 0xE75C, 0xE75C, 
  0xE75C, 0xE73C, 0xE75C, 0xE75C, 0xDF5C, 0xDF5C, 0xDF5D, 0xDF7D, 0xDF7D, 0xE79D, 0xE77D, 0xDF5C, 
  0xDF7D, 0xE75D, 0xE77D, 0xE77D, 0xD75C, 0xD75C, 0xDF5C, 0xD75C, 0xD75C, 0xD75C, 0xD75C, 0xD75C, 
  0xDF5C, 0xE77D, 0xE77D, 0xDF5D, 0xD75C, 0xDF5C, 0xDF5C, 0xD75C, 0xD75C, 0xDF5D, 0xDF7D, 0xDF5D, 
  0xDF7D, 0xDF7D, 0xD73C, 0xDF7D, 0xEF9E, 0xDF7D, 0xDF7D, 0xE77D, 0xDF7D, 0xDF5C, 0xDF7D, 0xDF7D, 
  0xDF5C, 0xDF5C, 0xDF5C, 0xDF5C, 0xDF7D, 0xDF7D, 0xDF7D, 0xDF7D, 0xDF7D, 0xDF7D, 0xDF5D, 0xDF7D, 
  0xDF5C, 0xDF5C, 0xDF5C, 0xDF5C, 0xDF5D, 0xDF5D, 0xD75D, 0xD75D, 0xD75D, 0xDF5C, 0xDF5C, 0xDF5C, 
  0xDF7D, 0xDF7D, 0xDF7D, 0xD73C, 0xCF1B, 0xD75C, 0xD75D, 0xCF3C, 0xC71B, 0xD73C, 0xD75C, 0xD73C, 
  0xDF7D, 0xCEBA, 0x9574, 0x8DD6, 0x7CB2, 0x84B2, 0x8D14, 0x9595, 0x9DB6, 0x9DF7, 0x9617, 0x8E17, 
  0x9658, 0xAEBA, 0xAE99, 0xBEDA, 0xBEDA, 0xBEDA, 0xB6DA, 0x9638, 0x9637, 0xA679, 0xBEFB, 0xBEDB, 
  0xBEDB, 0xBEDB, 0xBEDB, 0xBEDB, 0xBEDB, 0xBEDB, 0xBEDB, 0xBEDA, 0xC6FB, 0xC6FB, 0xC6FB, 0xCF1B, 
  0xFE78, 0xFE99, 0xFE78, 0xFE37, 0xFE57, 0xFE78, 0xFE99, 0xFE99, 0xFEB9, 0xFE99, 0xFEB9, 0xFEB9, 
  0xFEB9, 0xFEB9, 0xFE98, 0xFE37, 0xFE78, 0xFE99, 0xFE99, 0xFED9, 0xFEDA, 0xFE99, 0xFE78, 0xFE99, 
  0xFE78, 0xFE78, 0xFEB9, 0xFE99, 0xFE78, 0xFEB9, 0xFEB9, 0xF6B9, 0x9594, 0x8DF6, 0xA513, 0xC513, 
  0xC554, 0xD5B6, 0xDDD6, 0xEE38, 0xF699, 0xFEB9, 0xFF1B, 0xFF1B, 0xFF1B, 0xFF3B, 0xFF1B, 0xFF3C, 
  0xFF5C, 0xFF5C, 0xFF5C, 0xFF3C, 0xFF1B, 0xFF5C, 0xFF5C, 0xFF5C, 0xFF5C, 0xFF3C, 0xFF5C, 0xFF3C, 
  0xFF3C, 0xFF3C, 0xFF3C, 0xFF5C, 0xFF1A, 0xFEDA, 0xFF1B, 0xFF5C, 0xFF5D, 0xFF7D, 0xFF7D, 0xFF9D, 
  0xF77D, 0xF75C, 0xFF7C, 0xFF7C, 0xF77D, 0xF79D, 0xF79D, 0xF79D, 0xF77D, 0xF77D, 0xF77D, 0xF77D, 
  0xF77D, 0xF77D, 0xF77D, 0xF77D, 0xEF7D, 0xF77D, 0xEF9D, 0xEF9D, 0xEF7D, 0xEF7D, 0xEF7D, 0xEF7D, 
  0xEF5C, 0xEF5C, 0xEF5C, 0xEF5C, 0xEF5C, 0xEF5C, 0xEF5D, 0xEF5D, 0xEF5D, 0xEF5D, 0xE75C, 0xE75C, 
  0xE75C, 0xE75C, 0xE75C, 0xE75C, 0xE77C, 0xE75D, 0xE75D, 0xE75C, 0xE77D, 0xE75C, 0xE75C, 0xE75C, 
  0xE75C, 0xDF3C, 0xE75C, 0xE75C, 0xDF5C, 0xDF7D, 0xDF7D, 0xDF7D, 0xDF7D, 0xE79D, 0xE79E, 0xE77D, 
  0xE77D, 0xE77D, 0xDF5D, 0xDF7D, 0xDF5D, 0xD75C, 0xD75C, 0xD75C, 0xD75C, 0xD75C, 0xD75C, 0xD75C, 
  0xD75C, 0xE77D, 0xDF7D, 0xDF7D, 0xDF5C, 0xD75C, 0xD75C, 0xD75C, 0xD75C, 0xDF7D, 0xDF7D, 0xDF7D, 
  0xDF5D, 0xDF5D, 0xDF5C, 0xDF7D, 0xE79D, 0xE79D, 0xDF5D, 0xDF7D, 0xDF7D, 0xDF5C, 0xDF7D, 0xDF7D, 
  0xDF5C, 0xDF7D, 0xDF7D, 0xDF5C, 0xDF5C, 0xDF5D, 0xDF7D, 0xDF7D, 0xDF7D, 0xDF7D, 0xDF5D, 0xDF7D, 
  0xDF5D, 0xD75C, 0xDF5D, 0xD75D, 0xD75D, 0xD75D, 0xD75D, 0xD75D, 0xD75D, 0xDF5D, 0xDF5C, 0xDF5C, 
  0xDF5C, 0xDF5C, 0xDF5D, 0xDF5D, 0xCF3C, 0xD73C, 0xD75D, 0xD75C, 0xCF3C, 0xCF3C, 0xD75C, 0xD73C, 
  0xDF7D, 0xCEBA, 0x9574, 0x95D6, 0x7CB2, 0x84D2, 0x8D34, 0x8D54, 0x9DB6, 0xA618, 0x9E18, 0x9638, 
  0x9637, 0xA699, 0xB6DA, 0xAE99, 0xBEDA, 0xB6BA, 0xAEBA, 0xB6BA, 0xB6BA, 0xAE99, 0xA679, 0xB6BA, 
  0xBEDB, 0xBEDB, 0xBEDB, 0xBEDB, 0xBEDB, 0xBEDB, 0xBEDB, 0xBEDA, 0xBEDA, 0xC71B, 0xCF1B, 0xCF1B, 
  0xFE37, 0xFE78, 0xFE98, 0xFE99, 0xFE99, 0xFEB9, 0xFEB9, 0xFE99, 0xFEB9, 0xFED9, 0xFEDA, 0xFEB9, 
  0xFEB9, 0xFED9, 0xFEFA, 0xFEB9, 0xFE78, 0xFE57, 0xFE57, 0xFE58, 0xFEB9, 0xFEB9, 0xFE99, 0xFE98, 
  0xFEB9, 0xFE99, 0xFE99, 0xFE78, 0xFE78, 0xFEB9, 0xFEB9, 0xF6B9, 0x9574, 0x95D6, 0xACF3, 0xBCF2, 
  0xC533, 0xD595, 0xDE17, 0xEE58, 0xF699, 0xFEDA, 0xFF5C, 0xFF3C, 0xFEFA, 0xFF1B, 0xFF1B, 0xFF3C, 
  0xFF5C, 0xFF5C, 0xFF3C, 0xFF1B, 0xFF3C, 0xFF5C, 0xFF5C, 0xFF5C, 0xFF3C, 0xFF5C, 0xFF5C, 0xFF5C, 
  0xFF3C, 0xFF3C, 0xFF3C, 0xFF3C, 0xFEFA, 0xFF1B, 0xFF5C, 0xFF5C, 0xFF5C, 0xFF5C, 0xFF9D, 0xFF9D, 
  0xFF9D, 0xF77C, 0xFF7C, 0xF77C, 0xF77C, 0xF79D, 0xF77D, 0xF77D, 0xF77D, 0xF77D, 0xF77D, 0xF77D, 
  0xF77D, 0xF77D, 0xF77D, 0xF77D, 0xF77D, 0xF77D, 0xF77D, 0xEF9D, 0xEF7D, 0xEF7D, 0xEF7D, 0xEF7D, 
  0xEF7C, 0xEF5C, 0xEF5C, 0xEF5C, 0xEF5C, 0xEF5C, 0xEF5D, 0xEF5D, 0xEF5D, 0xEF5D, 0xE75C, 0xE75C, 
  0xE75C, 0xE75C, 0xE75C, 0xE77C, 0xE77C, 0xE75D, 0xE75D, 0xE75C, 0xE77C, 0xE75C, 0xE73C, 0xE75C, 
  0xE75C, 0xE75C, 0xE75C, 0xE75C, 0xDF5C, 0xDF7D, 0xDF7D, 0xDF7D, 0xDF5D, 0xDF7D, 0xDF7D, 0xE79D, 
  0xE79D, 0xDF7D, 0xDF7D, 0xDF7D, 0xDF5D, 0xDF5C, 0xD75C, 0xD75C, 0xD75C, 0xD75C, 0xDF5C, 0xDF5C, 
  0xDF5C, 0xE77D, 0xDF5D, 0xDF5C, 0xDF5C, 0xD75C, 0xD75C, 0xD75C, 0xD75C, 0xDF7D, 0xDF7D, 0xDF7D, 
  0xDF7D, 0xDF7D, 0xDF5D, 0xDF7D, 0xDF7D, 0xE79D, 0xDF7D, 0xDF7D, 0xDF7D, 0xDF7D, 0xDF7D, 0xDF7D, 
  0xDF7D, 0xDF7D, 0xDF7D, 0xDF7D, 0xDF5C, 0xDF5C, 0xDF7D, 0xDF7D, 0xDF7D, 0xDF5D, 0xDF5D, 0xDF5D, 
  0xDF5D, 0xD75D, 0xD75D, 0xD75D, 0xD75D, 0xDF5D, 0xDF5D, 0xD75D, 0xD75D, 0xDF5D, 0xDF5C, 0xDF5D, 
  0xDF5D, 0xDF5D, 0xDF5C, 0xDF5D, 0xDF5D, 0xD73C, 0xD75C, 0xD75C, 0xD73C, 0xD75C, 0xD73C, 0xD73C, 
  0xDF7D, 0xCEBA, 0x9574, 0x95D6, 0x7CB2, 0x84D2, 0x8D14, 0x8534, 0xA5D6, 0xB638, 0xB679, 0xBEBA, 
  0xA699, 0x8E17, 0x9E59, 0xA679, 0xB6BA, 0xB6BA, 0xB6BA, 0xB6BA, 0xBEDB, 0xAEBA, 0xA658, 0xB6BA, 
  0xAE79, 0xB6DA, 0xBEDB, 0xBEDB, 0xBEDB, 0xBEDB, 0xBEDB, 0xBEDB, 0xC6FB, 0xC6FB, 0xC6FB, 0xCF1B, 
  0xFE78, 0xFE98, 0xFE99, 0xFE99, 0xFE98, 0xFE99, 0xFE99, 0xFE99, 0xFE78, 0xFEB9, 0xFEB9, 0xFE99, 
  0xFED9, 0xFEFA, 0xFEDA, 0xFEDA, 0xFE99, 0xFE78, 0xFE78, 0xFE78, 0xFEDA, 0xFEDA, 0xFE99, 0xFE98, 
  0xFEB9, 0xFEB9, 0xFEB9, 0xFE98, 0xFEB9, 0xFEB9, 0xFED9, 0xF6B9, 0x9D75, 0x9DF6, 0xAD13, 0xC4F2, 
  0xC4F3, 0xD575, 0xDDD6, 0xEE17, 0xF6B9, 0xFEFB, 0xFF5C, 0xFF5C, 0xFF1B, 0xFF1B, 0xFF3C, 0xFF3C, 
  0xFF5C, 0xFF5C, 0xFF5C, 0xFF5C, 0xFF5C, 0xFF5C, 0xFF5C, 0xFF5C, 0xFF5C, 0xFF5C, 0xFF5C, 0xFF5C, 
  0xFF5C, 0xFF3C, 0xFF5C, 0xFF5C, 0xFF1B, 0xFF3C, 0xFF5C, 0xFF3C, 0xFF5C, 0xFF5C, 0xFF7D, 0xFF7D, 
  0xFF9D, 0xFF7D, 0xFF9D, 0xFF7C, 0xFF5C, 0xF77C, 0xF77D, 0xF77D, 0xF77D, 0xF77D, 0xF77D, 0xF77D, 
  0xF77D, 0xF77D, 0xF77D, 0xF77D, 0xF77D, 0xF79D, 0xEF9D, 0xEF9D, 0xEF7D, 0xEF7D, 0xEF7D, 0xEF7D, 
  0xEF7D, 0xEF5C, 0xEF5C, 0xEF5C, 0xEF5C, 0xEF5C, 0xEF5C, 0xEF5C, 0xEF5C, 0xEF5C, 0xE75C, 0xE75C, 
  0xE75C, 0xE75C, 0xE75C, 0xE75C, 0xE77C, 0xE77C, 0xE77D, 0xE75D, 0xE77D, 0xE75C, 0xE73C, 0xE75C, 
  0xE73C, 0xE73C, 0xE75C, 0xE75C, 0xDF5C, 0xDF7D, 0xDF7D, 0xDF5D, 0xDF5D, 0xDF5D, 0xDF5C, 0xDF5D, 
  0xE79D, 0xE77D, 0xDF7D, 0xDF7D, 0xDF5D, 0xDF7D, 0xDF5C, 0xDF5C, 0xDF5C, 0xD75C, 0xDF7D, 0xDF7D, 
  0xDF5D, 0xE77D, 0xE77D, 0xDF5C, 0xD75C, 0xD75C, 0xD75C, 0xD75C, 0xD75C, 0xDF5D, 0xDF7D, 0xDF5C, 
  0xDF5C, 0xDF5C, 0xDF5D, 0xDF5C, 0xDF5D, 0xDF5C, 0xDF5D, 0xDF7D, 0xDF7D, 0xDF7D, 0xDF7D, 0xDF7D, 
  0xDF7D, 0xDF7D, 0xDF7D, 0xDF7D, 0xDF5C, 0xDF5C, 0xDF7D, 0xDF7D, 0xDF5D, 0xD75D, 0xD75D, 0xD75D, 
  0xD75D, 0xD75D, 0xD75D, 0xDF5D, 0xD75D, 0xDF5D, 0xDF5D, 0xD75C, 0xD75D, 0xDF5D, 0xDF5C, 0xDF5D, 
  0xDF5D, 0xD75C, 0xD75D, 0xD75D, 0xDF5D, 0xDF5D, 0xD75C, 0xDF7D, 0xDF5D, 0xD75C, 0xD73C, 0xD73C, 
  0xDF7D, 0xCEBA, 0x9D95, 0x9DD6, 0x7CB2, 0x8CD3, 0x8D14, 0x8534, 0xA5D6, 0xB658, 0xBE99, 0xBEBA, 
  0xB6BA, 0xAEBA, 0xA658, 0xB6DA, 0xB6BA, 0xAE79, 0xAEB9, 0xB6BA, 0xBEDA, 0xBEDA, 0xB6BA, 0xBEDA, 
  0xB6BA, 0xBEDA, 0xBEDB, 0xB6BA, 0xB6BA, 0xBEDB, 0xBEDB, 0xC6FB, 0xC6FB, 0xBEDA, 0xC6FB, 0xCF1B, 
  0xFE99, 0xFE99, 0xFE99, 0xFE98, 0xFE98, 0xFE99, 0xFE99, 0xFE99, 0xFE99, 0xFED9, 0xFEBA, 0xFE99, 
  0xFEB9, 0xFEDA, 0xFEFA, 0xFED9, 0xFEB9, 0xFEB9, 0xFE98, 0xFE98, 0xFEFA, 0xFEDA, 0xFEB9, 0xFEB9, 
  0xFEB9, 0xFEB9, 0xFEB9, 0xFEB9, 0xFED9, 0xFED9, 0xFEDA, 0xF6B9, 0x9D95, 0x9DF6, 0xA513, 0xBD13, 
  0xC533, 0xD595, 0xDDF7, 0xEE38, 0xF6B9, 0xFF1B, 0xFF3C, 0xFF5C, 0xFF5C, 0xFF1B, 0xFF1B, 0xFF3C, 
  0xFF3C, 0xFF5C, 0xFF5C, 0xFF5C, 0xFF5C, 0xFF5C, 0xFF5C, 0xFF3C, 0xFF5C, 0xFF5C, 0xFF5C, 0xFF5C, 
  0xFF5C, 0xFF5C, 0xFF5C, 0xFF5C, 0xFF5C, 0xFF5C, 0xFF5D, 0xFF5D, 0xFF7D, 0xFF5C, 0xFF5C, 0xFF7D, 
  0xFF9D, 0xFF9D, 0xF79D, 0xF77C, 0xFF7C, 0xF77D, 0xF77D, 0xF77D, 0xF77D, 0xF77D, 0xF77D, 0xF77D, 
  0xF77D, 0xF77D, 0xF77D, 0xF77D, 0xF77D, 0xEF9D, 0xEF9D, 0xEF7D, 0xEF7D, 0xEF7D, 0xEF7D, 0xEF7D, 
  0xEF7D, 0xEF5C, 0xEF5C, 0xEF5C, 0xEF5C, 0xEF5C, 0xEF5C, 0xEF5C, 0xEF5C, 0xEF3C, 0xEF3C, 0xE75C, 
  0xE77C, 0xE75C, 0xE75C, 0xE75C, 0xE75C, 0xE75C, 0xE75C, 0xE75D, 0xE75D, 0xE77D, 0xE75C, 0xE75C, 
  0xE75C, 0xE75C, 0xE75C, 0xE75C, 0xDF5C, 0xDF7D, 0xDF7D, 0xDF5C, 0xDF5C, 0xDF5D, 0xDF5D, 0xDF5D, 
  0xE79D, 0xE79E, 0xE77D, 0xE77D, 0xDF5D, 0xDF7D, 0xDF7D, 0xDF5D, 0xDF5C, 0xD75C, 0xDF7D, 0xDF7D, 
  0xE77D, 0xE79D, 0xE77D, 0xDF5C, 0xD75C, 0xD75C, 0xD75C, 0xD75C, 0xD75C, 0xDF5D, 0xDF7D, 0xDF5D, 
  0xDF5C, 0xDF7D, 0xDF5D, 0xDF5C, 0xDF5C, 0xDF5C, 0xDF7D, 0xDF7D, 0xDF7D, 0xDF7D, 0xDF7D, 0xDF5C, 
  0xDF5C, 0xDF5C, 0xDF5C, 0xDF5D, 0xDF7D, 0xDF7D, 0xDF7D, 0xDF7D, 0xE77D, 0xDF7D, 0xD75D, 0xD75D, 
  0xD75D, 0xD75D, 0xDF5D, 0xDF5D, 0xD75D, 0xDF7D, 0xDF5C, 0xDF5D, 0xD75D, 0xDF5D, 0xDF5C, 0xDF5C, 
  0xDF5D, 0xD75D, 0xD75C, 0xDF5D, 0xDF5D, 0xDF5D, 0xDF5C, 0xDF5D, 0xDF7D, 0xD75C, 0xD75C, 0xD73C, 
  0xDF7D, 0xD6BA, 0x9D95, 0x9DD6, 0x7CB2, 0x8CD3, 0x8D13, 0x8D54, 0xA5D6, 0xB638, 0xBE99, 0xBEDA, 
  0xBEDB, 0xBEDA, 0xBEDA, 0xB69A, 0xB6BA, 0xAE79, 0xAE99, 0xAE99, 0xB6BA, 0xC6FB, 0xBEDA, 0xB699, 
  0xB6BA, 0xC6FB, 0xC6FB, 0xC6DB, 0xB6BA, 0xB6BA, 0xBEDA, 0xBEDB, 0xBEDA, 0xC6DB, 0xCF1B, 0xCEFB, 
  0xFE98, 0xFE99, 0xFE99, 0xFE98, 0xFE98, 0xFE99, 0xFE99, 0xFE99, 0xFE99, 0xFEDA, 0xFEDA, 0xFE99, 
  0xFE99, 0xFEB9, 0xFED9, 0xFED9, 0xFEB9, 0xFE99, 0xFEB9, 0xFEB9, 0xFED9, 0xFEFA, 0xFEDA, 0xFE99, 
  0xFE79, 0xFE99, 0xFEB9, 0xFEB9, 0xFEB9, 0xFEB9, 0xFED9, 0xF6B9, 0x9D95, 0x9DF6, 0xA513, 0xBD34, 
  0xC513, 0xD554, 0xDE17, 0xE679, 0xF699, 0xFEFB, 0xFF3C, 0xFF5C, 0xFF5C, 0xFF5C, 0xFF1B, 0xFF1B, 
  0xFF3B, 0xFF5C, 0xFF3C, 0xFF5C, 0xFF5C, 0xFF5C, 0xFF5C, 0xFF5C, 0xFF5C, 0xFF5C, 0xFF3C, 0xFF5C, 
  0xFF3C, 0xFF3C, 0xFF5C, 0xFF5C, 0xFF5C, 0xFF5C, 0xFF7D, 0xFF7D, 0xFF5D, 0xFF7D, 0xFF7D, 0xFF7D, 
  0xFF7D, 0xF79D, 0xF79D, 0xF77D, 0xF77C, 0xF77C, 0xF77D, 0xF77D, 0xF77D, 0xF77D, 0xF77D, 0xF77D, 
  0xF77D, 0xF77D, 0xF77D, 0xEF7D, 0xEF7D, 0xEF7D, 0xF77D, 0xEF7D, 0xEF7D, 0xEF7D, 0xEF7D, 0xEF7D, 
  0xEF7D, 0xEF5C, 0xEF5C, 0xEF5C, 0xEF5C, 0xEF5C, 0xEF5C, 0xEF5C, 0xEF5C, 0xEF5C, 0xEF3C, 0xE73C, 
  0xE75C, 0xE75C, 0xE75C, 0xE75C, 0xE75C, 0xE75C, 0xE75C, 0xE75C, 0xE75D, 0xE77D, 0xE75C, 0xE75C, 
  0xE75C, 0xE75C, 0xE75C, 0xE75C, 0xE75C, 0xDF5D, 0xDF5C, 0xDF5C, 0xDF5D, 0xDF5D, 0xDF5D, 0xDF7D, 
  0xDF7D, 0xE77D, 0xE75D, 0xDF5D, 0xDF5D, 0xDF7D, 0xDF7D, 0xDF5D, 0xDF5C, 0xDF7C, 0xDF7D, 0xDF5C, 
  0xE77D, 0xE79E, 0xE77D, 0xDF7D, 0xD75C, 0xDF5C, 0xDF5D, 0xDF7D, 0xDF7D, 0xDF7D, 0xDF7D, 0xDF5D, 
  0xDF7D, 0xDF7D, 0xDF5D, 0xDF5C, 0xDF5D, 0xE77D, 0xDF7D, 0xDF7D, 0xDF7D, 0xDF7D, 0xDF5D, 0xDF5D, 
  0xDF5C, 0xDF5C, 0xDF5C, 0xDF5C, 0xDF7D, 0xDF7D, 0xDF7D, 0xDF7D, 0xE77D, 0xDF5D, 0xD75D, 0xD75D, 
  0xD75D, 0xD75D, 0xD75D, 0xDF5D, 0xDF5D, 0xDF5D, 0xDF5C, 0xDF5D, 0xD75D, 0xDF5D, 0xDF5C, 0xDF5C, 
  0xDF5D, 0xDF7D, 0xDF7D, 0xDF5C, 0xD75D, 0xDF5D, 0xDF7D, 0xDF5D, 0xDF5D, 0xDF5D, 0xD73C, 0xD75C, 
  0xDF7D, 0xD6BA, 0x9D95, 0x9DF6, 0x7CB2, 0x8CF3, 0x9534, 0x9575, 0xA5D7, 0xB638, 0xBE99, 0xBEDA, 
  0xBEDA, 0xB6DA, 0xB6BA, 0xB6BA, 0xA679, 0xB6BA, 0xBEDB, 0xBEDA, 0xBEDB, 0xBEDA, 0xBEBA, 0xAE99, 
  0x9E58, 0xB6BA, 0xC6DB, 0xC6FB, 0xC6FB, 0xBEDB, 0xB6BA, 0xBEDB, 0xC6FB, 0xCEFB, 0xCF1B, 0xBEDB, 
  0xFE99, 0xFE78, 0xFE58, 0xFE98, 0xFE98, 0xFE98, 0xFE99, 0xFE99, 0xFE98, 0xFE98, 0xFEB9, 0xFE99, 
  0xFE99, 0xFE99, 0xFE99, 0xFEB9, 0xFEB9, 0xFEB9, 0xFEB9, 0xFEDA, 0xFEFA, 0xFEDA, 0xFEB9, 0xFE99, 
  0xFE78, 0xFE99, 0xFEB9, 0xFEB9, 0xFE99, 0xFE58, 0xFED9, 0xF699, 0x9D95, 0xA5F6, 0xAD13, 0xBD34, 
  0xC534, 0xD534, 0xDDD7, 0xEE58, 0xF69A, 0xFEFB, 0xFF3B, 0xFF5C, 0xFF5C, 0xFF5C, 0xFF3C, 0xFF3C, 
  0xFF5C, 0xFF5C, 0xFF5C, 0xFF5C, 0xFF3C, 0xFF5C, 0xFF5C, 0xFF5C, 0xFF5C, 0xFF5C, 0xFF5C, 0xFF5C, 
  0xFF5C, 0xFF5C, 0xFF5C, 0xFF5C, 0xFF5C, 0xFF5C, 0xFF5C, 0xFF7D, 0xFF5C, 0xFF5C, 0xFF5C, 0xFF7D, 
  0xFF7D, 0xF79D, 0xF79D, 0xF79D, 0xF79D, 0xF77D, 0xF77D, 0xF77D, 0xF77D, 0xF77D, 0xF79D, 0xF79D, 
  0xF77D, 0xF77D, 0xF77D, 0xEF7D, 0xEF7D, 0xF77D, 0xF77D, 0xEF7D, 0xEF7D, 0xEF7D, 0xEF7D, 0xEF7C, 
  0xEF7D, 0xEF5C, 0xEF5C, 0xEF5C, 0xEF5C, 0xEF5C, 0xEF5C, 0xEF5C, 0xEF5C, 0xE73B, 0xE75C, 0xE75C, 
  0xE75C, 0xE75C, 0xE75C, 0xE75C, 0xE75C, 0xE75C, 0xE75C, 0xE75C, 0xE75D, 0xE77D, 0xE75C, 0xE75C, 
  0xE75C, 0xE75C, 0xE75C, 0xE77D, 0xDF5C, 0xDF5C, 0xDF5D, 0xDF5D, 0xDF5D, 0xDF5D, 0xDF5D, 0xDF7D, 
  0xDF5D, 0xDF7D, 0xE77D, 0xDF5D, 0xDF5D, 0xDF7D, 0xDF7D, 0xDF7D, 0xDF7D, 0xDF5C, 0xDF5D, 0xDF5C, 
  0xE77D, 0xEF9E, 0xE77D, 0xDF7D, 0xDF7D, 0xDF7D, 0xDF7D, 0xDF5D, 0xDF7D, 0xDF7D, 0xDF5D, 0xDF5D, 
  0xDF5D, 0xDF5C, 0xDF5D, 0xDF5D, 0xE77D, 0xE79D, 0xE79D, 0xDF7D, 0xDF7D, 0xDF7D, 0xDF7D, 0xE79D, 
  0xDF5C, 0xDF5C, 0xDF5C, 0xDF5C, 0xDF7D, 0xDF7D, 0xDF7D, 0xDF7D, 0xDF5D, 0xD75D, 0xD75D, 0xD75D, 
  0xD75D, 0xD75D, 0xD75C, 0xD75C, 0xD75D, 0xDF5D, 0xDF5C, 0xDF5D, 0xD75D, 0xDF5D, 0xDF5C, 0xDF5D, 
  0xDF7D, 0xDF7D, 0xDF5D, 0xDF5D, 0xD73C, 0xD73C, 0xDF5D, 0xD75C, 0xD75C, 0xDF5D, 0xD75C, 0xD75D, 
  0xE77D, 0xD6BA, 0x9D95, 0x9DF6, 0x84D2, 0x8CF3, 0x9534, 0x9595, 0xA5D6, 0xB638, 0xBE99, 0xBEBA, 
  0xBEBA, 0xBEBA, 0xBEDA, 0xB6BA, 0xA679, 0xAE99, 0xA658, 0xB6BA, 0xBEDA, 0xBEBA, 0xB69A, 0xBEBA, 
  0xBEDA, 0xAE79, 0xB6BA, 0xC6FB, 0xBEDA, 0xBEDB, 0xC6FB, 0xC6DB, 0xBEDA, 0xB6DA, 0xBEDB, 0xBEBA, 
  0xFE78, 0xFE58, 0xF5D5, 0xFE98, 0xFE98, 0xFE78, 0xFE57, 0xFE78, 0xFE98, 0xFE98, 0xFE78, 0xFE78, 
  0xFEB9, 0xFEB9, 0xFE98, 0xFEDA, 0xFEFA, 0xFEFA, 0xFEDA, 0xFEDA, 0xFEFA, 0xFEB9, 0xFEDA, 0xFEB9, 
  0xFE99, 0xFEB9, 0xFEB9, 0xFEB9, 0xFEB9, 0xFE99, 0xFED9, 0xF698, 0xA595, 0xA5F6, 0xAD13, 0xBD13, 
  0xC554, 0xD575, 0xDDB6, 0xEE58, 0xF6BA, 0xFF1B, 0xFF5C, 0xFF3C, 0xFF3C, 0xFF3B, 0xFF3C, 0xFF5C, 
  0xFF3B, 0xFF5C, 0xFF5C, 0xFF5C, 0xFF5C, 0xFF5C, 0xFF5C, 0xFF5C, 0xFF5C, 0xFF5C, 0xFF5C, 0xFF5C, 
  0xFF5C, 0xFF5C, 0xFF3C, 0xFF3C, 0xFF5C, 0xFF5C, 0xFF3C, 0xFF3C, 0xFF3C, 0xFF3C, 0xFF3C, 0xFF7D, 
  0xFF9D, 0xF79D, 0xF79D, 0xF79D, 0xF77D, 0xF79D, 0xF79D, 0xF79D, 0xF77D, 0xF77D, 0xF77D, 0xF77D, 
  0xF77D, 0xF77D, 0xEF9D, 0xF77D, 0xF77D, 0xF77C, 0xF77D, 0xF77D, 0xEF5D, 0xEF5C, 0xEF5C, 0xEF7D, 
  0xEF7D, 0xEF7D, 0xEF5C, 0xEF5C, 0xEF5C, 0xEF5D, 0xEF5D, 0xEF5D, 0xEF5C, 0xEF5C, 0xE75C, 0xE75C, 
  0xE75C, 0xE75C, 0xE75C, 0xE75C, 0xE75C, 0xE75C, 0xE75C, 0xE75C, 0xE77D, 0xE77D, 0xE75C, 0xE75C, 
  0xE75C, 0xE75C, 0xDF5C, 0xDF5D, 0xDF7D, 0xDF5D, 0xDF5D, 0xDF5D, 0xDF5D, 0xDF5D, 0xDF5D, 0xDF5D, 
  0xDF5D, 0xDF7D, 0xE79E, 0xE77D, 0xDF5D, 0xE77D, 0xE77D, 0xE77D, 0xDF7D, 0xDF5D, 0xDF5C, 0xD75C, 
  0xDF7D, 0xE79D, 0xE77D, 0xDF7D, 0xDF7D, 0xDF7D, 0xDF7D, 0xDF5D, 0xD75C, 0xDF5D, 0xDF7D, 0xDF5D, 
  0xD75C, 0xD75C, 0xD75C, 0xDF5C, 0xDF5D, 0xE77D, 0xDF7D, 0xDF5D, 0xDF7D, 0xDF5D, 0xE77D, 0xE77D, 
  0xDF5D, 0xDF5C, 0xDF5D, 0xDF5C, 0xDF5C, 0xDF7D, 0xDF7D, 0xDF7D, 0xDF7D, 0xD75D, 0xD75D, 0xD75D, 
  0xD75D, 0xD75D, 0xD75D, 0xD75D, 0xD75D, 0xDF5C, 0xDF5D, 0xDF5D, 0xDF5D, 0xDF5C, 0xDF5C, 0xDF5D, 
  0xE77D, 0xDF5D, 0xDF5D, 0xDF5D, 0xD75C, 0xD75C, 0xD75C, 0xD75C, 0xDF5C, 0xDF5D, 0xDF5D, 0xDF5D, 
  0xE77D, 0xD6BA, 0xA595, 0x9DD6, 0x84B2, 0x8CD3, 0x8D13, 0x8D54, 0xADD7, 0xB659, 0xBEBA, 0xC6FB, 
  0xC6FB, 0xBEBA, 0xBEDA, 0xBEBA, 0xC6FB, 0xC6FB, 0xAE79, 0xAE99, 0xAE99, 0xB6DA, 0xBEDA, 0xBEBA, 
  0xBEDA, 0xBEDA, 0xBEDA, 0xBEDA, 0xB6BA, 0xBEDA, 0xBEDB, 0xC6DB, 0xBEFB, 0xAE99, 0xA679, 0xBEFB, 
  0xFE57, 0xFE99, 0xFE36, 0xFE16, 0xFE98, 0xFE78, 0xFE58, 0xFE78, 0xFE98, 0xFE98, 0xFE78, 0xFE78, 
  0xFEB9, 0xFED9, 0xFE78, 0xFE98, 0xFEB9, 0xFEDA, 0xFEFA, 0xFEDA, 0xFEB9, 0xFEBA, 0xFEFA, 0xFEFA, 
  0xFEDA, 0xFEB9, 0xFEB9, 0xFEB9, 0xFEB9, 0xFEB9, 0xFED9, 0xF6B9, 0xA5B5, 0xA5D6, 0xAD13, 0xBD13, 
  0xC554, 0xD595, 0xDDB6, 0xEE58, 0xF6DA, 0xFF3B, 0xFF5C, 0xFF5C, 0xFF5C, 0xFF5C, 0xFF3C, 0xFF5C, 
  0xFF1B, 0xFF3C, 0xFF5C, 0xFF3C, 0xFF5C, 0xFF5C, 0xFF5C, 0xFF5C, 0xFF5C, 0xFF5C, 0xFF5C, 0xFF5C, 
  0xFF5C, 0xFF5C, 0xFF3C, 0xFF3C, 0xFF5C, 0xFF5C, 0xFF3B, 0xFF5C, 0xFF3C, 0xFF5C, 0xFF5C, 0xFF7D, 
  0xFF9D, 0xF79D, 0xF79D, 0xF77D, 0xF77D, 0xF77D, 0xF77D, 0xF79D, 0xF77D, 0xF75D, 0xF75C, 0xF77C, 
  0xF77D, 0xF77D, 0xEF9D, 0xEF7D, 0xEF7D, 0xF77C, 0xF77D, 0xF77D, 0xEF7C, 0xEF5C, 0xEF5C, 0xEF5C, 
  0xEF7C, 0xEF7D, 0xEF5C, 0xEF5C, 0xEF5C, 0xEF5C, 0xEF5D, 0xEF5D, 0xEF5C, 0xE75D, 0xE75C, 0xE75C, 
  0xE75C, 0xE75C, 0xE75C, 0xE73C, 0xE75C, 0xE75C, 0xE75C, 0xE75C, 0xE75D, 0xE77D, 0xE75D, 0xE75C, 
  0xE75C, 0xE75D, 0xE75C, 0xDF1B, 0xE75C, 0xDF7C, 0xDF7C, 0xDF5D, 0xDF5C, 0xDF7D, 0xDF7D, 0xDF7D, 
  0xDF7D, 0xDF7D, 0xE79D, 0xE77D, 0xDF5D, 0xE77D, 0xE77D, 0xDF7D, 0xDF7D, 0xDF7D, 0xDF5D, 0xD75C, 
  0xDF5C, 0xE77D, 0xE77D, 0xDF7D, 0xDF7D, 0xDF7D, 0xDF5C, 0xD75C, 0xD75C, 0xDF5D, 0xDF5D, 0xDF3C, 
  0xDF5C, 0xD75C, 0xD75C, 0xD75C, 0xDF5C, 0xE79D, 0xDF5D, 0xDF7D, 0xE77D, 0xDF7D, 0xDF7D, 0xDF7D, 
  0xDF5D, 0xDF7D, 0xDF7D, 0xDF7D, 0xDF5C, 0xDF7D, 0xDF7D, 0xDF7D, 0xDF5D, 0xD75D, 0xD75D, 0xDF7D, 
  0xDF7D, 0xD75D, 0xD75D, 0xD75D, 0xD75D, 0xDF5D, 0xDF7D, 0xDF7D, 0xDF5D, 0xDF5D, 0xDF5C, 0xDF5D, 
  0xDF5D, 0xD73C, 0xD75C, 0xD75D, 0xDF5D, 0xDF5D, 0xDF5D, 0xDF5C, 0xDF5C, 0xDF5D, 0xD73C, 0xDF5C, 
  0xDF7D, 0xD6DA, 0xA5B5, 0x9DF6, 0x84B2, 0x8CD3, 0x84F3, 0x8534, 0xADF7, 0xB638, 0xBE9A, 0xCEFB, 
  0xC71B, 0xBEBA, 0xBEDA, 0xBEDA, 0xBEBA, 0xBEBA, 0xBEDA, 0xB6BA, 0xAE9A, 0xB6DA, 0xBEDA, 0xBEDA, 
  0xBEDA, 0xBEDA, 0xBEBA, 0xB69A, 0xAE99, 0xAE99, 0xAE99, 0xB699, 0xBEDA, 0xB6BA, 0xAE79, 0xC6FB, 
  0xFE57, 0xFE78, 0xFE78, 0xFE16, 0xFE16, 0xFE37, 0xFE58, 0xFE58, 0xFE78, 0xFE98, 0xFE99, 0xFE99, 
  0xFE99, 0xFE99, 0xFE37, 0xFE78, 0xFE98, 0xFEB9, 0xFEFA, 0xFEFA, 0xFEFA, 0xFEDA, 0xFED9, 0xFEFA, 
  0xFEFA, 0xFEDA, 0xFEDA, 0xFED9, 0xFED9, 0xFEB9, 0xFEB9, 0xF6B9, 0xA5B5, 0xA5D6, 0xAD13, 0xBD33, 
  0xC554, 0xD5B6, 0xDDD6, 0xEE38, 0xF6DA, 0xFF3C, 0xFF5C, 0xFF5C, 0xFF5C, 0xFF1B, 0xFF1B, 0xFF5C, 
  0xFF1B, 0xFF3B, 0xFF3C, 0xFF3C, 0xFF3C, 0xFF5C, 0xFF5C, 0xFF5C, 0xFF5C, 0xFF5C, 0xFF5C, 0xFF5C, 
  0xFF5C, 0xFF5C, 0xFF5C, 0xFF3C, 0xFF3C, 0xFF3C, 0xFF3B, 0xFF7C, 0xFF7D, 0xFF7D, 0xFF7D, 0xFF7D, 
  0xFF9D, 0xFF9D, 0xF79D, 0xF77D, 0xF79D, 0xF77D, 0xF77D, 0xF77D, 0xF77D, 0xF77D, 0xF77D, 0xF77D, 
  0xF75C, 0xF77D, 0xEF9D, 0xEF7D, 0xEF7C, 0xF77D, 0xEF7D, 0xEF7D, 0xEF7D, 0xEF5C, 0xEF5C, 0xEF5C, 
  0xEF5C, 0xEF5C, 0xEF5C, 0xEF5C, 0xEF5C, 0xEF5C, 0xEF5D, 0xEF5D, 0xEF5D, 0xE75C, 0xE75C, 0xE75C, 
  0xE75C, 0xE75C, 0xE75C, 0xE75C, 0xE75C, 0xE75C, 0xE75C, 0xE75C, 0xE75C, 0xE77D, 0xE75D, 0xE75C, 
  0xE75C, 0xE75C, 0xE75C, 0xE75C, 0xDF5C, 0xDF5C, 0xDF5C, 0xDF5D, 0xDF5D, 0xDF7D, 0xDF7D, 0xDF7D, 
  0xDF7D, 0xDF7D, 0xDF7D, 0xE75D, 0xDF5D, 0xDF7D, 0xDF7D, 0xE77D, 0xE77D, 0xDF7D, 0xDF5C, 0xD75C, 
  0xDF5C, 0xE77D, 0xE77D, 0xD75C, 0xDF5C, 0xDF5D, 0xDF5C, 0xD75C, 0xD75D, 0xD75D, 0xD75C, 0xD75C, 
  0xD75C, 0xD75C, 0xD75C, 0xD75C, 0xD75C, 0xDF7D, 0xDF7D, 0xE77D, 0xE79D, 0xE77D, 0xDF5D, 0xDF7D, 
  0xDF7D, 0xDF7D, 0xDF7D, 0xDF5D, 0xDF5C, 0xDF5D, 0xDF7D, 0xDF5D, 0xDF5D, 0xDF5D, 0xDF5D, 0xDF7D, 
  0xD75C, 0xD75D, 0xD75D, 0xD75D, 0xD75D, 0xDF7D, 0xDF7D, 0xDF7D, 0xDF5D, 0xDF5D, 0xDF5C, 0xDF5C, 
  0xDF5D, 0xD73C, 0xD75D, 0xD75D, 0xDF5D, 0xDF5C, 0xD75C, 0xDF5D, 0xDF5C, 0xDF5C, 0xDF5C, 0xD73C, 
  0xDF7D, 0xD6DA, 0x9DB5, 0x9DF6, 0x84B2, 0x8CD3, 0x8D14, 0x9554, 0xA5B6, 0xAE38, 0xC69A, 0xC6DB, 
  0xC6DB, 0xC71B, 0xBEBA, 0xBEBA, 0xBEBA, 0xBEDA, 0xB6BA, 0xAE99, 0xB6BA, 0xAE99, 0xB6BA, 0xBEDA, 
  0xBEDA, 0xBEDA, 0xBEDA, 0xB69A, 0xB6BA, 0xB6BA, 0xBEDA, 0xBEBA, 0xBEDA, 0xBEBA, 0xBEDA, 0xC6FB, 
  0xFE58, 0xFE57, 0xFE78, 0xFE99, 0xFE78, 0xFE78, 0xFE78, 0xFE37, 0xFE78, 0xFE99, 0xFE99, 0xFE99, 
  0xFE99, 0xFE78, 0xFE57, 0xFE98, 0xFED9, 0xFEDA, 0xFEDA, 0xFEDA, 0xFEDA, 0xFEB9, 0xFE98, 0xFEB9, 
  0xFEDA, 0xFEDA, 0xFEB9, 0xFED9, 0xFED9, 0xFE98, 0xFE98, 0xF658, 0xA595, 0xA5F6, 0xB4F3, 0xBD13, 
  0xC554, 0xD5B6, 0xDE17, 0xEE38, 0xF6BA, 0xFF3C, 0xFF5C, 0xFF5C, 0xFF5C, 0xFF3B, 0xFF1B, 0xFF5C, 
  0xFF5C, 0xFF3C, 0xFF5C, 0xFF5C, 0xFF5C, 0xFF5C, 0xFF5C, 0xFF5C, 0xFF5C, 0xFF5C, 0xFF5C, 0xFF5C, 
  0xFF5C, 0xFF5C, 0xFF5C, 0xFF5C, 0xFF3C, 0xFF3C, 0xFF5C, 0xFF5C, 0xFF7C, 0xFF9D, 0xFF9D, 0xFF9D, 
  0xFF9D, 0xFF9D, 0xF79D, 0xF79D, 0xF79D, 0xF77D, 0xF77D, 0xF77D, 0xF77D, 0xF77D, 0xF75D, 0xF75D, 
  0xF75C, 0xEF7C, 0xEF7D, 0xEF7D, 0xEF7C, 0xEF7C, 0xF77D, 0xF77D, 0xEF7D, 0xEF5C, 0xEF5C, 0xEF5C, 
  0xEF5C, 0xEF5C, 0xEF5C, 0xEF5C, 0xEF5C, 0xEF7C, 0xEF7D, 0xE77D, 0xEF5D, 0xEF5D, 0xEF5C, 0xE75C, 
  0xE75C, 0xE75C, 0xE75C, 0xE75C, 0xE75C, 0xE75D, 0xE75D, 0xE75C, 0xE75C, 0xE77D, 0xE75D, 0xE75C, 
  0xE75C, 0xE75C, 0xE75C, 0xE75C, 0xDF3C, 0xDF3C, 0xDF5C, 0xDF5C, 0xDF5C, 0xDF5D, 0xDF5C, 0xDF5D, 
  0xDF7D, 0xDF7D, 0xDF7D, 0xE77D, 0xE77D, 0xDF7D, 0xDF7D, 0xE79D, 0xE77D, 0xDF5D, 0xDF5D, 0xDF5C, 
  0xD75C, 0xE77D, 0xDF5D, 0xDF5C, 0xDF5C, 0xD73C, 0xD75C, 0xD75C, 0xD75C, 0xD75C, 0xD75C, 0xD75D, 
  0xD75C, 0xD75C, 0xD75C, 0xD75C, 0xDF5D, 0xDF7D, 0xDF7D, 0xDF7D, 0xDF7D, 0xDF5D, 0xDF5C, 0xE77D, 
  0xE79D, 0xE77D, 0xE77D, 0xDF7D, 0xDF7D, 0xDF7D, 0xDF5D, 0xD75C, 0xDF5D, 0xDF7D, 0xDF5D, 0xDF5C, 
  0xDF5C, 0xDF5D, 0xDF5D, 0xDF5D, 0xD75C, 0xD73C, 0xD75C, 0xD75C, 0xDF5C, 0xDF5D, 0xDF5C, 0xDF5C, 
  0xD75C, 0xD75C, 0xDF5D, 0xD75D, 0xD73C, 0xD73C, 0xD73C, 0xDF5D, 0xDF5D, 0xDF5D, 0xDF5D, 0xD75C, 
  0xE77D, 0xD6DA, 0x9DB5, 0x9DF6, 0x84B2, 0x8CD3, 0x8D34, 0x9575, 0x9DB6, 0xA617, 0xBE9A, 0xC6DA, 
  0xC6FB, 0xBEDA, 0xBEDB, 0xBEBA, 0xBEBA, 0xBEDA, 0xB6BA, 0xB6BA, 0xBEDA, 0xB6BA, 0xBEDA, 0xBEDA, 
  0xBEDA, 0xBEDA, 0xBEDA, 0xBEDA, 0xBEBA, 0xBEDA, 0xBEDA, 0xBEDA, 0xBEDA, 0xBEDA, 0xBEDB, 0xC6DB, 
  0xFE98, 0xFE78, 0xFE77, 0xFE57, 0xFE78, 0xFE98, 0xFE78, 0xFE58, 0xFEB9, 0xFEB9, 0xFEB9, 0xFEB9, 
  0xFEB9, 0xFEB9, 0xFE78, 0xFE37, 0xFE77, 0xFED9, 0xFEB9, 0xFE98, 0xFE99, 0xFE98, 0xFE98, 0xFED9, 
  0xFEFA, 0xFEDA, 0xFEB9, 0xFEB9, 0xFEB9, 0xFE78, 0xFE98, 0xEE78, 0xA595, 0xADF6, 0xB4F3, 0xBCF3, 
  0xC554, 0xCD95, 0xDDF7, 0xEE58, 0xF6DA, 0xFF3B, 0xFF5C, 0xFF5C, 0xFF5C, 0xFF5C, 0xFF5C, 0xFF5C, 
  0xFF5C, 0xFF5C, 0xFF5C, 0xFF5C, 0xFF5C, 0xFF5C, 0xFF5C, 0xFF5C, 0xFF5C, 0xFF5C, 0xFF3C, 0xFF5C, 
  0xFF5C, 0xFF5C, 0xFF5C, 0xFF5C, 0xFF1B, 0xFF1B, 0xFF3C, 0xFF5C, 0xFF3C, 0xFF5C, 0xFF7D, 0xFF9D, 
  0xFF9D, 0xF79D, 0xF79D, 0xF79D, 0xFF9D, 0xFF9D, 0xF79D, 0xF77D, 0xF77C, 0xF77C, 0xF77C, 0xF75D, 
  0xF75C, 0xF75C, 0xF77C, 0xF77D, 0xEF7C, 0xEF7C, 0xF77D, 0xF77D, 0xEF5C, 0xEF5C, 0xEF5C, 0xEF5C, 
  0xEF5C, 0xEF5C, 0xEF5C, 0xEF5C, 0xEF5C, 0xEF7C, 0xE77D, 0xE77D, 0xE77D, 0xE77D, 0xE77D, 0xE75C, 
  0xE75C, 0xE75C, 0xE75C, 0xE75C, 0xE75C, 0xE75D, 0xE75D, 0xE75D, 0xE75C, 0xE75C, 0xE77D, 0xE75C, 
  0xE75C, 0xE75C, 0xE75C, 0xDF5C, 0xDF5C, 0xDF5C, 0xDF5D, 0xDF5C, 0xDF5C, 0xDF5D, 0xDF5D, 0xDF5D, 
  0xDF7D, 0xDF7D, 0xDF5D, 0xE75D, 0xDF7D, 0xE77D, 0xE77D, 0xDF7D, 0xE77D, 0xDF7D, 0xDF7D, 0xDF5C, 
  0xD75C, 0xDF7D, 0xDF7D, 0xDF5C, 0xDF5C, 0xDF5C, 0xD73C, 0xD73C, 0xD73C, 0xD75C, 0xD75C, 0xD75C, 
  0xD75C, 0xD75C, 0xD75D, 0xDF5C, 0xE77D, 0xE77D, 0xDF7D, 0xDF7D, 0xDF5D, 0xDF5C, 0xDF7D, 0xE77D, 
  0xE79E, 0xEF9E, 0xE77D, 0xDF7D, 0xDF7D, 0xDF7D, 0xDF7D, 0xDF5D, 0xD75D, 0xDF5D, 0xDF7D, 0xDF5D, 
  0xDF7D, 0xDF7D, 0xDF7D, 0xDF7D, 0xD75C, 0xD75D, 0xDF7D, 0xD75C, 0xD75C, 0xDF5C, 0xDF5C, 0xD75C, 
  0xD75C, 0xD75D, 0xD75D, 0xD75C, 0xD75C, 0xD75C, 0xDF5D, 0xD75C, 0xDF5D, 0xDF5D, 0xDF5D, 0xDF5D, 
  0xE77D, 0xD6BA, 0xA595, 0xA5D6, 0x84B2, 0x8CD3, 0x8D14, 0x8D54, 0x9DB6, 0xA617, 0xBE9A, 0xCF1B, 
  0xCF1C, 0xB6BA, 0xB6BA, 0xBEDB, 0xBEDA, 0xBEDA, 0xB6BA, 0xB6BA, 0xBEDA, 0xBEBA, 0xB6BA, 0xBEBA, 
  0xBEDA, 0xBEDA, 0xBEDA, 0xBEDA, 0xBEBA, 0xBEDA, 0xAE99, 0xB6BA, 0xBEDA, 0xBEDA, 0xBEBA, 0xC6DB, 
  0xFE78, 0xFE57, 0xFE37, 0xFE37, 0xFE57, 0xFE98, 0xFE78, 0xFE57, 0xFE98, 0xFEB9, 0xFEDA, 0xFEDA, 
  0xFEDA, 0xFEDA, 0xFEB9, 0xFE78, 0xFE57, 0xFE98, 0xFE98, 0xFE98, 0xFE99, 0xFE98, 0xFE98, 0xFEB8, 
  0xFEB9, 0xFEFA, 0xFED9, 0xFEB9, 0xFEB9, 0xFE99, 0xFE98, 0xF698, 0xA5B5, 0xA5F6, 0xB513, 0xBD14, 
  0xC554, 0xD5B6, 0xDE17, 0xE699, 0xF6FA, 0xFF5C, 0xFF7C, 0xFF5C, 0xFF3C, 0xFF3C, 0xFF5C, 0xFF5C, 
  0xFF5C, 0xFF5C, 0xFF5C, 0xFF5C, 0xFF3C, 0xFF5C, 0xFF5C, 0xFF5C, 0xFF5C, 0xFF3C, 0xFF3C, 0xFF5C, 
  0xFF5C, 0xFF5C, 0xFF5C, 0xFF3C, 0xFF1B, 0xFF1C, 0xFF3C, 0xFF5C, 0xFF3B, 0xFF3C, 0xFF5C, 0xFF5C, 
  0xFF7D, 0xFF9D, 0xF79D, 0xFF9D, 0xF79D, 0xF79D, 0xF79D, 0xF77C, 0xF77C, 0xF77D, 0xF75C, 0xF73C, 
  0xF73C, 0xF75C, 0xF75C, 0xF75C, 0xF77C, 0xF77D, 0xF77D, 0xF77D, 0xEF5C, 0xEF5C, 0xEF5C, 0xEF5C, 
  0xEF5C, 0xEF5C, 0xEF5C, 0xEF5C, 0xEF5C, 0xEF5C, 0xEF5C, 0xEF5C, 0xE77D, 0xE77D, 0xE77D, 0xE75C, 
  0xE75C, 0xE75C, 0xE75C, 0xE75C, 0xE75C, 0xE75D, 0xE75D, 0xE75D, 0xE75D, 0xE75D, 0xE77D, 0xE75C, 
  0xE75C, 0xE75C, 0xE75C, 0xDF5C, 0xDF5C, 0xDF3C, 0xDF5C, 0xDF5C, 0xDF5C, 0xDF5C, 0xDF5D, 0xDF5D, 
  0xDF5D, 0xDF7D, 0xDF7D, 0xDF7D, 0xDF7D, 0xDF7D, 0xE77D, 0xDF7D, 0xDF7D, 0xDF7D, 0xDF7D, 0xDF5C, 
  0xD75C, 0xDF5C, 0xDF7D, 0xDF5C, 0xDF5C, 0xDF5C, 0xDF5C, 0xDF5C, 0xD75C, 0xD73C, 0xD75D, 0xD75D, 
  0xD75C, 0xD75C, 0xDF5D, 0xDF5C, 0xE77D, 0xDF7D, 0xDF7D, 0xDF7D, 0xDF7D, 0xDF5C, 0xDF5C, 0xDF5D, 
  0xE77D, 0xEF9E, 0xE75D, 0xE79D, 0xDF7D, 0xDF7D, 0xDF7D, 0xD75C, 0xDF5D, 0xDF5D, 0xDF5D, 0xDF5C, 
  0xDF5C, 0xDF7D, 0xDF7D, 0xDF7D, 0xDF5D, 0xDF5D, 0xDF5C, 0xD75C, 0xD75C, 0xD75C, 0xD75C, 0xD75C, 
  0xD75C, 0xD75C, 0xD75C, 0xD75C, 0xDF5C, 0xDF5D, 0xDF5D, 0xDF5D, 0xDF5D, 0xDF5D, 0xDF5D, 0xDF7D, 
  0xE77D, 0xD6BA, 0xAD95, 0xA5D6, 0x84B2, 0x8CD3, 0x9534, 0x9D75, 0x9DB6, 0xA617, 0xBE99, 0xCF1C, 
  0xCF1C, 0xB6B9, 0xBEDA, 0xCEFC, 0xBEDA, 0xBEDA, 0xB69A, 0xB69A, 0xBEDA, 0xB69A, 0xBEBA, 0xC6FB, 
  0xBEDA, 0xBEDA, 0xBEDA, 0xBEDA, 0xBEDA, 0xBEDA, 0xAE99, 0xB699, 0xBEDA, 0xBEDA, 0xBEDA, 0xBEDA, 
  0xFE37, 0xFE16, 0xFE37, 0xFE58, 0xFE57, 0xFE58, 0xFE78, 0xFE37, 0xFE78, 0xFE99, 0xFEDA, 0xFEDA, 
  0xFED9, 0xFED9, 0xFEB9, 0xFE78, 0xFE57, 0xFE78, 0xFEB9, 0xFEB9, 0xFE98, 0xFE98, 0xFE98, 0xFE98, 
  0xFE98, 0xFEDA, 0xFEFA, 0xFE99, 0xFEB9, 0xFEB9, 0xFE58, 0xF698, 0xA5B5, 0xADF6, 0xB513, 0xBD14, 
  0xC555, 0xCDB6, 0xDE17, 0xE699, 0xF6DA, 0xFF3C, 0xFF7D, 0xFF3C, 0xFF3B, 0xFF3C, 0xFF5C, 0xFF5C, 
  0xFF5C, 0xFF5C, 0xFF5C, 0xFF5C, 0xFF3C, 0xFF5C, 0xFF5C, 0xFF5C, 0xFF5C, 0xFF3B, 0xFF5C, 0xFF7D, 
  0xFF7D, 0xFF5C, 0xFF5C, 0xFF3C, 0xFF5C, 0xFF5C, 0xFF3C, 0xFF5C, 0xFF5C, 0xFF5C, 0xFF5C, 0xFF3C, 
  0xFF5C, 0xF77D, 0xF79D, 0xF77C, 0xF79D, 0xF79D, 0xF77D, 0xF77D, 0xFF5D, 0xF75D, 0xFF5D, 0xFF5C, 
  0xF71B, 0xF73C, 0xF75C, 0xF73C, 0xF77C, 0xF77D, 0xF75C, 0xF77D, 0xEF7D, 0xEF7C, 0xEF5C, 0xEF5C, 
  0xEF5C, 0xEF5C, 0xEF5C, 0xEF5C, 0xEF5C, 0xEF5C, 0xEF5C, 0xEF5C, 0xE75C, 0xE75C, 0xE75C, 0xE75C, 
  0xE75C, 0xE75C, 0xE75C, 0xE75C, 0xE75C, 0xE75D, 0xE75D, 0xE75D, 0xE75D, 0xE75D, 0xE75C, 0xE75C, 
  0xE75C, 0xE75C, 0xE75C, 0xDF5C, 0xDF5C, 0xDF5C, 0xDF5C, 0xDF5C, 0xDF5C, 0xDF5C, 0xDF5D, 0xDF5D, 
  0xDF5D, 0xDF5D, 0xDF7D, 0xDF7D, 0xDF7D, 0xDF7D, 0xDF7D, 0xDF7D, 0xDF7D, 0xDF7D, 0xDF5D, 0xDF5C, 
  0xDF3C, 0xDF5C, 0xDF7D, 0xDF5C, 0xDF5C, 0xDF5C, 0xD73C, 0xD73C, 0xDF5C, 0xD75C, 0xDF7D, 0xD75D, 
  0xD75C, 0xD75C, 0xDF5D, 0xDF5D, 0xE77D, 0xDF7D, 0xDF7D, 0xDF7D, 0xDF7D, 0xDF7D, 0xDF5D, 0xDF7D, 
  0xE77D, 0xE79D, 0xE77D, 0xEF9E, 0xEF9E, 0xE77D, 0xDF7D, 0xDF5D, 0xDF5D, 0xE77D, 0xDF5D, 0xD73C, 
  0xDF5C, 0xDF7D, 0xDF7D, 0xDF5D, 0xDF5D, 0xD75C, 0xD73C, 0xD75C, 0xD75C, 0xD75C, 0xD75C, 0xD75C, 
  0xD75C, 0xD75C, 0xD73C, 0xD75C, 0xDF5D, 0xDF5D, 0xDF5D, 0xDF5D, 0xDF5D, 0xDF5D, 0xDF5D, 0xDF5D, 
  0xE77D, 0xD6DA, 0xAD95, 0xA5D6, 0x84D2, 0x8CD3, 0x9534, 0x9D75, 0xA5D6, 0xA617, 0xB679, 0xCF1C, 
  0xD71C, 0xCEFB, 0xC6FB, 0xCF1C, 0xBEDB, 0xBEBA, 0xBEDB, 0xBEDB, 0xBEDA, 0xC6FB, 0xC6FB, 0xC6DB, 
  0xBEDB, 0xBEDA, 0xBEDA, 0xBEDA, 0xBEDA, 0xBEDA, 0xBEDA, 0xAE99, 0xB6BA, 0xBEDA, 0xB6DA, 0xAEBA, 
  0xFE98, 0xFE99, 0xFE98, 0xFE78, 0xFE78, 0xFE78, 0xFE78, 0xFE57, 0xFE78, 0xFE99, 0xFED9, 0xFEDA, 
  0xFE99, 0xFE78, 0xFE99, 0xFE98, 0xFE98, 0xFEB9, 0xFEDA, 0xFE99, 0xFE37, 0xFE78, 0xFE98, 0xFE98, 
  0xFE98, 0xFE99, 0xFEB9, 0xFE99, 0xFEB9, 0xFEB9, 0xFE99, 0xEE98, 0xA5B5, 0xADF6, 0xB513, 0xBD14, 
  0xC554, 0xCDB6, 0xDE17, 0xEE79, 0xF6DA, 0xFF3C, 0xFF7C, 0xFF3C, 0xFF3B, 0xFF5C, 0xFF5C, 0xFF5C, 
  0xFF5C, 0xFF5C, 0xFF5C, 0xFF5C, 0xFF3C, 0xFF3B, 0xFF5C, 0xFF5C, 0xFF5B, 0xFF5C, 0xFF7C, 0xFF7D, 
  0xFF5C, 0xFF5C, 0xFF3C, 0xFF7D, 0xFF7D, 0xFF7C, 0xFF5C, 0xFF5C, 0xFF3C, 0xFF3B, 0xFF5C, 0xFF5C, 
  0xFF5C, 0xFF5C, 0xFF7D, 0xF75C, 0xF77C, 0xF77D, 0xF75C, 0xF75D, 0xF75D, 0xF75C, 0xF73C, 0xFF3C, 
  0xF73B, 0xF75C, 0xF75C, 0xF73C, 0xF73B, 0xF77C, 0xF77D, 0xEF7D, 0xEF7C, 0xEF7C, 0xEF5C, 0xEF5C, 
  0xEF5C, 0xEF5C, 0xEF5C, 0xEF5C, 0xEF5C, 0xEF5C, 0xEF5C, 0xEF5C, 0xE75C, 0xE75C, 0xE75C, 0xE75C, 
  0xE75C, 0xE75C, 0xE75C, 0xE75C, 0xE75C, 0xE75D, 0xE75D, 0xE75D, 0xE75D, 0xE75C, 0xE75C, 0xE75C, 
  0xE75C, 0xE75C, 0xE75C, 0xDF5D, 0xDF5C, 0xDF5C, 0xDF5D, 0xDF5D, 0xDF5D, 0xDF5C, 0xDF5D, 0xDF5D, 
  0xDF5D, 0xDF7D, 0xDF7D, 0xDF7D, 0xDF7D, 0xDF7D, 0xDF7D, 0xDF7D, 0xDF7D, 0xDF7D, 0xDF3C, 0xD75C, 
  0xDF5C, 0xDF5C, 0xDF7D, 0xDF5C, 0xDF5C, 0xDF5C, 0xDF5C, 0xDF5C, 0xD73C, 0xDF7D, 0xDF7D, 0xDF5D, 
  0xDF5D, 0xD75C, 0xDF5D, 0xDF5D, 0xDF7D, 0xDF7D, 0xD73C, 0xDF5D, 0xDF7D, 0xDF7D, 0xDF7D, 0xDF7D, 
  0xDF7D, 0xE77D, 0xDF7D, 0xE77D, 0xEF9E, 0xEF9E, 0xE77D, 0xDF5D, 0xDF5D, 0xE77D, 0xDF7D, 0xDF7D, 
  0xDF7D, 0xE79D, 0xDF7D, 0xDF5D, 0xD75D, 0xD73C, 0xD73C, 0xD75C, 0xD75C, 0xD75C, 0xD75D, 0xD75C, 
  0xD75C, 0xD75C, 0xDF5D, 0xDF5D, 0xDF7D, 0xD75C, 0xD75C, 0xDF5C, 0xDF5D, 0xDF5D, 0xDF5D, 0xDF5C, 
  0xDF7D, 0xD6DA, 0xAD95, 0xADF6, 0x84B2, 0x8CD3, 0x9534, 0x9575, 0xA5D7, 0xB638, 0xB679, 0xC6FB, 
  0xCF3C, 0xCF1C, 0xC6DB, 0xCF1B, 0xC6FB, 0xBEDA, 0xC6FB, 0xB6BA, 0xAE9A, 0xAE99, 0xB6BA, 0xBEDA, 
  0xBEBA, 0xBEDA, 0xBEDB, 0xBEDA, 0xBEDA, 0xBEDA, 0xB69A, 0xAE99, 0xAEBA, 0xAEBA, 0xAE9A, 0xAE9A, 
  0xFE78, 0xFE57, 0xFE57, 0xFE78, 0xFE58, 0xFE78, 0xFE78, 0xFE78, 0xFE98, 0xFE98, 0xFE78, 0xFEB9, 
  0xFEB9, 0xFEDA, 0xFEDA, 0xFEFA, 0xFEB9, 0xFED9, 0xFE99, 0xFE99, 0xFE78, 0xFE78, 0xFE99, 0xFE98, 
  0xFE98, 0xFE99, 0xFEB9, 0xFE98, 0xFEB9, 0xFEB9, 0xFEB9, 0xF678, 0xADB5, 0xB5F6, 0xB513, 0xBD13, 
  0xC554, 0xCDB6, 0xDE17, 0xEE79, 0xF6DB, 0xFF3C, 0xFF7C, 0xFF5C, 0xFF5C, 0xFF5C, 0xFF5C, 0xFF5C, 
  0xFF5C, 0xFF5C, 0xFF5C, 0xFF5C, 0xFF3C, 0xFF5C, 0xFF5C, 0xFF5C, 0xFF5C, 0xFF5C, 0xFF7C, 0xFF5C, 
  0xFF5C, 0xFF5C, 0xFF7D, 0xFF9D, 0xFF9D, 0xFF9D, 0xFF7D, 0xFF5C, 0xFF3C, 0xFF5C, 0xFF5C, 0xFF5C, 
  0xFF5C, 0xFF5C, 0xFF7D, 0xF77D, 0xFF3C, 0xF75C, 0xF77D, 0xF75C, 0xF75D, 0xF75D, 0xF73C, 0xF73C, 
  0xF73C, 0xF73B, 0xF71B, 0xF73B, 0xF71B, 0xF75C, 0xF77D, 0xF79D, 0xEF7C, 0xF75C, 0xEF5C, 0xEF5C, 
  0xEF5C, 0xEF5C, 0xEF5C, 0xEF5C, 0xEF5C, 0xEF5C, 0xEF5D, 0xEF5D, 0xEF5D, 0xE75D, 0xE75C, 0xE77D, 
  0xE75C, 0xE75C, 0xE75C, 0xE75C, 0xE75C, 0xE75D, 0xE75C, 0xE75C, 0xE75C, 0xE77D, 0xE75D, 0xE75D, 
  0xE75C, 0xE75C, 0xE75C, 0xDF5C, 0xDF5C, 0xDF5C, 0xDF5D, 0xDF7D, 0xDF7D, 0xDF7D, 0xDF5D, 0xDF5D, 
  0xDF5D, 0xDF7D, 0xDF7D, 0xDF5D, 0xDF7D, 0xDF7D, 0xDF5D, 0xDF5D, 0xE77D, 0xDF7D, 0xD73C, 0xD75C, 
  0xDF5D, 0xDF5D, 0xE77D, 0xE79D, 0xDF5C, 0xDF5C, 0xDF5C, 0xDF5D, 0xDF3C, 0xDF5C, 0xDF7D, 0xDF5C, 
  0xDF5C, 0xDF5C, 0xDF5C, 0xDF5C, 0xDF5D, 0xDF7D, 0xDF5D, 0xDF7D, 0xDF7D, 0xDF7D, 0xDF7D, 0xDF7D, 
  0xDF7D, 0xE79D, 0xE77D, 0xE77D, 0xE77D, 0xE77D, 0xDF5C, 0xDF5D, 0xDF7D, 0xDF7D, 0xDF7D, 0xDF7D, 
  0xE77D, 0xE77D, 0xE77D, 0xDF5D, 0xD75D, 0xD75C, 0xD75D, 0xD75C, 0xD75C, 0xD73C, 0xD73C, 0xD75C, 
  0xD75C, 0xDF5D, 0xDF7D, 0xDF5D, 0xDF5D, 0xDF5D, 0xD75D, 0xDF5D, 0xDF5D, 0xDF5D, 0xDF5D, 0xDF5D, 
  0xDF7D, 0xCEBA, 0xAD95, 0xADD6, 0x84B2, 0x8CD3, 0x8D34, 0x9555, 0x9595, 0xAE17, 0xBE99, 0xBEBA, 
  0xC6DA, 0xCF1B, 0xCF1C, 0xC6FB, 0xAE99, 0xB699, 0xBEDA, 0xBEDA, 0xB6BA, 0xAE79, 0xBEDA, 0xBEDA, 
  0xBEDA, 0xB6DA, 0xAE99, 0xBEBA, 0xBEBA, 0xB69A, 0xB6BA, 0xB699, 0xB69A, 0xAE9A, 0xAE99, 0xAE9A, 
  0xFE57, 0xFE77, 0xFE37, 0xFE57, 0xFE57, 0xFE37, 0xFE57, 0xFE98, 0xFE78, 0xFE57, 0xFE57, 0xFE98, 
  0xFE98, 0xFEB9, 0xFEB9, 0xFEB9, 0xFE99, 0xFE99, 0xFE99, 0xFE98, 0xFE99, 0xFE98, 0xFE98, 0xFE98, 
  0xFE98, 0xFE98, 0xFEB9, 0xFE58, 0xFDD5, 0xFE57, 0xFEB9, 0xF678, 0xB5B5, 0xB5F6, 0xB513, 0xBD13, 
  0xC554, 0xCDB6, 0xDE17, 0xEE79, 0xF6FA, 0xFF5C, 0xFF7C, 0xFF5C, 0xFF5C, 0xFF5C, 0xFF5C, 0xFF5C, 
  0xFF5C, 0xFF3C, 0xFF5C, 0xFF5C, 0xFF5C, 0xFF5C, 0xFF5C, 0xFF5C, 0xFF5D, 0xFF5D, 0xFF5C, 0xFF5C, 
  0xFF5C, 0xFF5C, 0xFF7D, 0xFF7D, 0xFF5D, 0xFF7D, 0xFF7D, 0xFF5C, 0xFF7C, 0xFF7C, 0xFF5C, 0xFF5C, 
  0xFF7C, 0xFF5C, 0xF75C, 0xFF7D, 0xFF5C, 0xFF5C, 0xF77C, 0xF75D, 0xF75D, 0xF75D, 0xF75C, 0xF71B, 
  0xF73C, 0xF73B, 0xF73B, 0xF75C, 0xF75C, 0xF75C, 0xF77C, 0xEF7D, 0xEF9D, 0xF77C, 0xF77C, 0xEF5C, 
  0xEF5C, 0xEF5C, 0xEF5C, 0xEF5C, 0xEF5C, 0xEF5C, 0xEF5D, 0xEF5D, 0xEF5D, 0xEF7D, 0xE77D, 0xE77C, 
  0xE77D, 0xE75C, 0xE75C, 0xE75C, 0xE75C, 0xE77C, 0xE75C, 0xE75C, 0xE75C, 0xE77D, 0xE77D, 0xE77D, 
  0xE75D, 0xE75C, 0xE75C, 0xDF5C, 0xDF5C, 0xDF5D, 0xDF5D, 0xDF7D, 0xDF7D, 0xDF7D, 0xDF5D, 0xDF5D, 
  0xDF5D, 0xDF5D, 0xDF5C, 0xD73C, 0xDF5C, 0xDF5C, 0xDF5C, 0xDF5D, 0xDF7D, 0xDF7D, 0xDF5C, 0xD75C, 
  0xDF7D, 0xDF7D, 0xE77D, 0xEF9D, 0xE77D, 0xDF5C, 0xDF5C, 0xDF5C, 0xDF5C, 0xDF7D, 0xDF7D, 0xDF5C, 
  0xDF5C, 0xDF5C, 0xDF5C, 0xDF5C, 0xDF7D, 0xDF7D, 0xDF5D, 0xDF7D, 0xDF7D, 0xDF7D, 0xDF7D, 0xDF7D, 
  0xDF7D, 0xE79E, 0xEF9E, 0xE77D, 0xE77D, 0xE77D, 0xDF5C, 0xDF5C, 0xDF5D, 0xE77D, 0xE79D, 0xDF7D, 
  0xDF7D, 0xE77D, 0xE77D, 0xDF7D, 0xD75C, 0xD75C, 0xDF5D, 0xDF5D, 0xD75C, 0xD73C, 0xD75C, 0xD75C, 
  0xDF3C, 0xDF5D, 0xD75C, 0xD73C, 0xD73C, 0xDF5D, 0xDF5C, 0xD75C, 0xDF5D, 0xDF5D, 0xDF5D, 0xD73C, 
  0xD75D, 0xCE99, 0xAD95, 0xADD6, 0x84B2, 0x84B2, 0x8D14, 0x8D54, 0x95B5, 0xA5F7, 0xBE99, 0xBEBA, 
  0xBEDA, 0xC6DB, 0xCF1B, 0xC6FB, 0xB69A, 0xBEFB, 0xBEDA, 0xC6FB, 0xCF1B, 0xC6DB, 0xC6DB, 0xC6DB, 
  0xBEFA, 0xA679, 0x9E58, 0xBEDA, 0xBEDA, 0xBEDA, 0xBEBA, 0xB699, 0xB6BA, 0xB6DA, 0xB6BA, 0xB6BA, 
  0xFE78, 0xFEB9, 0xFDF6, 0xFDF6, 0xFE78, 0xFE57, 0xFE57, 0xFE98, 0xFE98, 0xFE78, 0xFE99, 0xFE99, 
  0xFE98, 0xFE98, 0xFE99, 0xFEB9, 0xFEB9, 0xFE99, 0xFE99, 0xFE98, 0xFE98, 0xFE78, 0xFE98, 0xFE98, 
  0xFE98, 0xFE99, 0xFE99, 0xFEB9, 0xFE16, 0xFDB5, 0xFE58, 0xF657, 0xB5B5, 0xB5F6, 0xB513, 0xBD13, 
  0xC554, 0xD5B6, 0xDE17, 0xEE79, 0xF6DA, 0xFF3C, 0xFF7D, 0xFF5C, 0xFF5C, 0xFF5C, 0xFF7C, 0xFF7C, 
  0xFF5C, 0xFF5C, 0xFF5C, 0xFF5C, 0xFF5C, 0xFF5C, 0xFF5C, 0xFF5C, 0xFF7C, 0xFF5C, 0xFF5C, 0xFF5C, 
  0xFF5C, 0xFF3C, 0xFF3B, 0xFF7D, 0xFF7D, 0xFF7D, 0xFF7D, 0xFF5C, 0xFF5C, 0xFF3B, 0xFF5C, 0xFF7C, 
  0xF75C, 0xFF5C, 0xF75C, 0xF75C, 0xF75D, 0xF77C, 0xF75C, 0xF75D, 0xF75D, 0xF75C, 0xF75C, 0xF75C, 
  0xF75C, 0xF73B, 0xF75C, 0xF75C, 0xF75C, 0xF77C, 0xEF7C, 0xEF7D, 0xF77D, 0xF77D, 0xF75C, 0xF75C, 
  0xEF5C, 0xEF5C, 0xEF5C, 0xEF5C, 0xEF5C, 0xEF5C, 0xEF5D, 0xEF5D, 0xEF5D, 0xEF5D, 0xE75C, 0xE75C, 
  0xE77D, 0xE77D, 0xE77D, 0xE75C, 0xE75C, 0xE75C, 0xE75C, 0xE75C, 0xE75C, 0xE75C, 0xE75D, 0xE77D, 
  0xE77D, 0xE77D, 0xE77D, 0xDF5D, 0xDF5C, 0xDF5D, 0xDF5C, 0xDF7D, 0xDF7D, 0xDF7D, 0xDF5D, 0xDF5D, 
  0xDF5D, 0xDF7D, 0xDF5D, 0xDF5C, 0xDF5D, 0xDF5C, 0xDF5C, 0xDF5D, 0xDF5D, 0xDF5C, 0xDF5C, 0xD75C, 
  0xDF5C, 0xDF7D, 0xE79D, 0xEF9D, 0xEFBE, 0xDF7D, 0xDF5C, 0xDF5C, 0xDF5D, 0xDF7D, 0xDF7D, 0xDF5C, 
  0xDF5C, 0xDF5C, 0xDF5C, 0xDF7D, 0xDF5D, 0xDF5C, 0xDF5C, 0xDF5C, 0xDF5C, 0xDF7D, 0xE79D, 0xDF7D, 
  0xDF7D, 0xEF9E, 0xE79D, 0xEF9D, 0xEF9D, 0xE79D, 0xE77D, 0xDF5D, 0xDF5C, 0xDF7D, 0xDF7D, 0xE77D, 
  0xDF7D, 0xDF7D, 0xDF7D, 0xDF7D, 0xDF5C, 0xDF5C, 0xD75C, 0xD73C, 0xDF5D, 0xD75C, 0xD73C, 0xD75D, 
  0xDF5D, 0xDF5D, 0xD73C, 0xD75C, 0xD75C, 0xDF5D, 0xDF5D, 0xD75D, 0xDF5D, 0xDF5D, 0xDF5D, 0xDF5D, 
  0xD75D, 0xCEB9, 0xAD95, 0xADF6, 0x84B2, 0x84D3, 0x8D34, 0x9575, 0x95B6, 0xAE38, 0xBE99, 0xBEBA, 
  0xBEDA, 0xC6DA, 0xC6FB, 0xC6FB, 0xB6BA, 0xAE99, 0xAE99, 0xA679, 0xB69A, 0xBEBA, 0xBEDA, 0xB69A, 
  0xB6BA, 0xB6BA, 0xB6BA, 0xBEDA, 0xBEBA, 0xBEBA, 0xB6BA, 0xB6BA, 0xB6B9, 0xB6BA, 0xB69A, 0xB6BA, 
  0xFE58, 0xFE98, 0xF5D5, 0xF533, 0xFDD5, 0xFE78, 0xFE78, 0xFE38, 0xFE37, 0xFE58, 0xFE78, 0xFE78, 
  0xFE98, 0xFE99, 0xFEB9, 0xFED9, 0xFEB9, 0xFE98, 0xFE98, 0xFE98, 0xFE98, 0xFE78, 0xFE98, 0xFE98, 
  0xFE98, 0xFE98, 0xFE99, 0xFEB9, 0xFE78, 0xF5D5, 0xFDD5, 0xF637, 0xB5B5, 0xB5F6, 0xB513, 0xBD13, 
  0xC554, 0xD5B6, 0xDE17, 0xEE79, 0xF6DA, 0xFF3C, 0xFF7D, 0xFF7C, 0xFF5C, 0xFF7C, 0xFF7D, 0xFF7C, 
  0xFF7C, 0xFF7C, 0xFF7C, 0xFF7C, 0xFF5C, 0xFF5C, 0xFF5C, 0xFF7D, 0xFF5D, 0xFF5C, 0xFF5C, 0xFF5C, 
  0xFF5C, 0xFF5B, 0xFF1B, 0xFF5C, 0xFF9D, 0xFF9D, 0xFF7D, 0xFF5C, 0xFF3C, 0xFEDA, 0xFF1B, 0xFF5C, 
  0xFF7C, 0xFF5D, 0xF77D, 0xF77D, 0xF77D, 0xF75C, 0xF75C, 0xF75D, 0xF75D, 0xF77D, 0xF75D, 0xF75C, 
  0xFF5C, 0xF71B, 0xF73C, 0xF75C, 0xF75C, 0xF75C, 0xF77C, 0xF77C, 0xEF7D, 0xF77D, 0xF75C, 0xEF5C, 
  0xEF5C, 0xEF5C, 0xEF5C, 0xEF5C, 0xEF7C, 0xEF5C, 0xEF5D, 0xEF5D, 0xEF7D, 0xEF7D, 0xE75C, 0xEF5C, 
  0xE77D, 0xE77D, 0xE77D, 0xE77D, 0xE75C, 0xE75C, 0xE73C, 0xE75C, 0xE75C, 0xE75C, 0xE77D, 0xE77D, 
  0xE77D, 0xE75D, 0xE77D, 0xE77D, 0xDF5D, 0xDF5C, 0xDF5D, 0xDF7D, 0xDF7D, 0xDF5D, 0xDF5D, 0xDF5D, 
  0xDF7D, 0xDF7D, 0xDF7D, 0xDF5D, 0xDF5D, 0xDF5D, 0xDF5C, 0xDF5C, 0xDF5C, 0xDF5C, 0xDF5C, 0xDF7C, 
  0xDF7D, 0xE79D, 0xE79D, 0xEF9E, 0xEF9E, 0xE79D, 0xDF5D, 0xDF5C, 0xDF5D, 0xDF5D, 0xDF7D, 0xDF5D, 
  0xDF5C, 0xDF5C, 0xDF5C, 0xDF5D, 0xDF5C, 0xDF5C, 0xDF5C, 0xDF5C, 0xDF5D, 0xDF7D, 0xDF7D, 0xDF7D, 
  0xE79D, 0xE77D, 0xE77D, 0xEF9E, 0xEF9E, 0xE77D, 0xE77D, 0xDF7D, 0xDF7D, 0xDF7D, 0xE77D, 0xE77D, 
  0xE77D, 0xE77D, 0xE77D, 0xDF5D, 0xDF5C, 0xDF5C, 0xDF5C, 0xDF5D, 0xD75D, 0xCF1B, 0xCF3C, 0xDF5D, 
  0xDF5D, 0xDF5D, 0xDF5C, 0xDF5D, 0xDF5D, 0xDF5D, 0xDF5D, 0xDF5D, 0xDF5D, 0xDF5D, 0xDF5D, 0xD75C, 
  0xDF7D, 0xD6BA, 0xB5B5, 0xB5F6, 0x84B2, 0x84D3, 0x8D34, 0x9575, 0x9575, 0xAE17, 0xAE58, 0xB6BA, 
  0xC6DA, 0xC6FB, 0xC6FB, 0xCEFB, 0xCEFB, 0xC6FB, 0xC6FB, 0xB6BA, 0xB69A, 0xB6BA, 0xBEDA, 0xBEBA, 
  0xC6FB, 0xBEDB, 0xB6BA, 0xBEBA, 0xB6BA, 0xB699, 0xB6BA, 0xB6BA, 0xB69A, 0xAE99, 0xB699, 0xB6BA, 
  0xFE78, 0xFE57, 0xFE37, 0xFDF6, 0xFE16, 0xFE78, 0xFE58, 0xFE57, 0xFE58, 0xFE57, 0xFE57, 0xFE77, 
  0xFE99, 0xFE99, 0xFE99, 0xFEB9, 0xFEB9, 0xFE78, 0xFE78, 0xFE98, 0xFE99, 0xFE98, 0xFE98, 0xFE98, 
  0xFE98, 0xFE99, 0xFE99, 0xFEB9, 0xFEB9, 0xFE98, 0xFE57, 0xEDF6, 0xB5B5, 0xB616, 0xB513, 0xBD13, 
  0xC554, 0xCDB6, 0xDE17, 0xEE79, 0xF6DA, 0xFF3C, 0xFF5C, 0xFF5C, 0xFF5C, 0xFF5C, 0xFF5C, 0xFF5C, 
  0xFF7C, 0xFF7C, 0xFF7C, 0xFF7C, 0xFF5C, 0xFF5C, 0xFF7C, 0xFF7D, 0xFF5C, 0xFF5C, 0xFF3C, 0xFF3C, 
  0xFF3C, 0xFF3C, 0xFF3C, 0xFF5C, 0xFF7D, 0xFF7D, 0xFF5C, 0xFF5C, 0xFF5C, 0xFF1B, 0xFF3B, 0xFF3C, 
  0xFF5C, 0xFF5C, 0xFF7D, 0xFF7D, 0xF77C, 0xF75C, 0xF75C, 0xFF7D, 0xF75D, 0xF75D, 0xF75D, 0xF75D, 
  0xF75D, 0xF77D, 0xF73C, 0xF73C, 0xF75C, 0xF77C, 0xF73C, 0xF73C, 0xF77D, 0xF77D, 0xF75C, 0xEF5C, 
  0xEF5C, 0xEF5C, 0xEF5C, 0xEF7C, 0xEF7D, 0xEF7D, 0xEF5D, 0xEF5D, 0xEF7D, 0xEF7D, 0xEF5C, 0xE75C, 
  0xE77D, 0xE77D, 0xE77D, 0xE75C, 0xE75C, 0xE75C, 0xE75C, 0xE75C, 0xE75C, 0xE77C, 0xE77D, 0xE75D, 
  0xE75D, 0xE75D, 0xE75D, 0xE77D, 0xDF5D, 0xDF5D, 0xDF5C, 0xDF7D, 0xDF7D, 0xDF7D, 0xDF7D, 0xDF7D, 
  0xDF7D, 0xDF7D, 0xDF5D, 0xDF5D, 0xDF5D, 0xDF5C, 0xDF5C, 0xDF5C, 0xDF5C, 0xDF5C, 0xDF5C, 0xDF5C, 
  0xDF5D, 0xE79D, 0xEF9D, 0xEF9E, 0xEF9E, 0xEF9E, 0xE77D, 0xDF5C, 0xDF5C, 0xDF7D, 0xDF5D, 0xDF7D, 
  0xDF7D, 0xDF5C, 0xDF5C, 0xDF5C, 0xDF5C, 0xDF5D, 0xDF7D, 0xDF5C, 0xDF5C, 0xDF5D, 0xDF7D, 0xE77D, 
  0xE79D, 0xE77D, 0xE77D, 0xEF9E, 0xEF9E, 0xE77D, 0xE77D, 0xDF7D, 0xDF5D, 0xDF7D, 0xDF7D, 0xE77D, 
  0xDF5D, 0xDF7D, 0xDF7D, 0xDF5D, 0xDF5C, 0xDF5C, 0xDF5D, 0xDF5D, 0xCF3C, 0xCF3C, 0xDF5D, 0xDF5D, 
  0xDF5D, 0xDF5D, 0xDF5D, 0xDF5D, 0xDF5D, 0xDF5D, 0xDF5D, 0xDF5D, 0xDF5D, 0xDF5D, 0xDF5D, 0xDF5D, 
  0xE79E, 0xD6DA, 0xB5B5, 0xB5F6, 0x84B2, 0x84D3, 0x8D34, 0x9575, 0x9DB6, 0xAE18, 0xB679, 0xBEBA, 
  0xC6FB, 0xCEFB, 0xC6FB, 0xCEFB, 0xD71C, 0xCF1B, 0xCEFB, 0xC6FB, 0xC6DB, 0xBEDB, 0xBEDB, 0xBEBA, 
  0xC6FB, 0xBEBA, 0xB6BA, 0xB6BA, 0xBEDA, 0xBEDA, 0xBEDA, 0xBEBA, 0xB699, 0xB699, 0xB699, 0xB6BA, 
  0xFE78, 0xFE37, 0xFE37, 0xFE37, 0xFE57, 0xFE78, 0xFE37, 0xFE78, 0xFE78, 0xFE57, 0xFE57, 0xFE37, 
  0xFE78, 0xFE99, 0xFE99, 0xFE98, 0xFE98, 0xFEB9, 0xFEB9, 0xFE78, 0xFE98, 0xFE78, 0xF637, 0xFE78, 
  0xFE78, 0xFE99, 0xFE99, 0xFEB9, 0xFEB9, 0xFEB9, 0xFEB9, 0xF637, 0xB574, 0xB616, 0xB4F3, 0xBD13, 
  0xC554, 0xD5B6, 0xDE17, 0xEE79, 0xF6DA, 0xFF3C, 0xFF5C, 0xFF5C, 0xFF5C, 0xFF3C, 0xFF5C, 0xFF5C, 
  0xFF5C, 0xFF5C, 0xFF7C, 0xFF7C, 0xFF5C, 0xFF5C, 0xFF5C, 0xFF5C, 0xFF5C, 0xFF5C, 0xFF3C, 0xFF5C, 
  0xFF5C, 0xFF3C, 0xFF5C, 0xFF5C, 0xFF7D, 0xFF5C, 0xFF3B, 0xFF5C, 0xFF5C, 0xFF3B, 0xFF5B, 0xFF1B, 
  0xFF7C, 0xF77D, 0xF75C, 0xFF3C, 0xFF3C, 0xF75C, 0xFF5C, 0xF73C, 0xFF3C, 0xFF5C, 0xF75D, 0xFF5D, 
  0xF77C, 0xF75D, 0xF75C, 0xF73B, 0xF75C, 0xF75C, 0xF71B, 0xF73C, 0xF75C, 0xF77C, 0xEF7C, 0xEF5C, 
  0xEF5C, 0xEF5C, 0xEF5C, 0xEF5C, 0xEF7D, 0xEF7D, 0xEF7D, 0xEF7D, 0xEF7D, 0xEF7D, 0xEF5D, 0xE75C, 
  0xE77D, 0xE77D, 0xE75C, 0xE75C, 0xE75C, 0xE75C, 0xE75C, 0xE75C, 0xE75C, 0xE77D, 0xE77D, 0xE75D, 
  0xE75D, 0xE75D, 0xE75D, 0xE77D, 0xDF5D, 0xDF5C, 0xDF5D, 0xDF5D, 0xDF7D, 0xDF5D, 0xE77D, 0xE79D, 
  0xDF7D, 0xDF7D, 0xDF5D, 0xDF5C, 0xDF5C, 0xDF5C, 0xDF5C, 0xDF5C, 0xDF5C, 0xDF5C, 0xDF5C, 0xDF5C, 
  0xDF5C, 0xE77D, 0xE77D, 0xEF9D, 0xEF9E, 0xEF9E, 0xE79D, 0xDF7D, 0xDF5D, 0xE79D, 0xDF7D, 0xDF5D, 
  0xDF7D, 0xDF5C, 0xDF5C, 0xDF5C, 0xDF5C, 0xDF5D, 0xDF7D, 0xDF7D, 0xDF5C, 0xDF5C, 0xDF5D, 0xE77D, 
  0xE79D, 0xE79D, 0xE77D, 0xDF5D, 0xE77E, 0xEF9D, 0xE77D, 0xE77D, 0xE77D, 0xDF5D, 0xD75C, 0xDF5D, 
  0xDF7D, 0xDF7D, 0xDF7D, 0xDF5D, 0xDF5C, 0xDF5C, 0xDF5D, 0xDF5D, 0xDF5D, 0xE77D, 0xDF5D, 0xDF5D, 
  0xDF5D, 0xDF7D, 0xDF7D, 0xDF5D, 0xDF5D, 0xDF5C, 0xDF5D, 0xDF5D, 0xDF5D, 0xDF5D, 0xDF5D, 0xDF5C, 
  0xDF7D, 0xD6BA, 0xB5B5, 0xB5F6, 0x84B2, 0x84D2, 0x8D34, 0x9575, 0xA5B6, 0xB638, 0xBEBA, 0xBEBA, 
  0xC6FB, 0xC6DB, 0xC6DB, 0xCF1C, 0xD71C, 0xCF1B, 0xC6FB, 0xCEFB, 0xC6FB, 0xBEDA, 0xBEDB, 0xBEBA, 
  0xB6BA, 0xB6BA, 0xBEDA, 0xB6BA, 0xB6BA, 0xB69A, 0xBEDA, 0xBEBA, 0xB699, 0xB699, 0xB699, 0xAE99, 
  0xFE57, 0xFE37, 0xFE78, 0xFE57, 0xFE37, 0xFE78, 0xFE37, 0xFE17, 0xFE78, 0xFE57, 0xFE57, 0xFE78, 
  0xFE78, 0xFE78, 0xFE98, 0xFEB9, 0xFED9, 0xFEFA, 0xFEB9, 0xFE78, 0xFE98, 0xFE98, 0xFE98, 0xFE98, 
  0xFE78, 0xFE98, 0xFE99, 0xFEB9, 0xFE99, 0xFE99, 0xFEB9, 0xEE16, 0xB574, 0xBE17, 0xB4D2, 0xBCD2, 
  0xC574, 0xCDD6, 0xDE38, 0xE699, 0xF6DB, 0xFF3C, 0xFF7C, 0xFF5C, 0xFF5C, 0xFF5C, 0xFF5C, 0xFF5C, 
  0xFF5C, 0xFF5C, 0xFF5C, 0xFF7C, 0xFF3B, 0xFF5C, 0xFF5C, 0xFF5C, 0xFF5C, 0xFF5C, 0xFF5C, 0xFF5C, 
  0xFF3C, 0xFF5C, 0xFF5C, 0xFF3C, 0xFF3C, 0xFF3C, 0xFF5C, 0xFF5C, 0xFF5C, 0xFF1B, 0xFF3B, 0xFEFA, 
  0xFF5C, 0xF77D, 0xF75C, 0xFF5C, 0xFF5C, 0xFF5C, 0xFF5C, 0xF73B, 0xF6FB, 0xFF3C, 0xFF5C, 0xFF5C, 
  0xF75C, 0xF75C, 0xF75C, 0xF71B, 0xF75C, 0xEF5C, 0xF73C, 0xF75C, 0xF73B, 0xF73C, 0xF77C, 0xEF5C, 
  0xEF5C, 0xEF5C, 0xEF5C, 0xEF5C, 0xEF5C, 0xEF7C, 0xEF7D, 0xEF7D, 0xEF5D, 0xEF5D, 0xEF5D, 0xE75C, 
  0xE75D, 0xEF5C, 0xEF5C, 0xE75C, 0xE77C, 0xE75C, 0xE75C, 0xE75C, 0xE73C, 0xE75D, 0xE77D, 0xE75D, 
  0xE75D, 0xE75D, 0xE75D, 0xE77D, 0xE77D, 0xDF5C, 0xDF5D, 0xDF5D, 0xDF7D, 0xDF5D, 0xE77D, 0xE77D, 
  0xDF5D, 0xDF5D, 0xDF5C, 0xDF5C, 0xDF5C, 0xDF5D, 0xDF5D, 0xDF5D, 0xDF5C, 0xDF5D, 0xDF7D, 0xDF5D, 
  0xDF7D, 0xDF7D, 0xE77D, 0xE79D, 0xEFBE, 0xEF9D, 0xEF9D, 0xEF9D, 0xE77D, 0xE77D, 0xE79D, 0xDF7D, 
  0xDF5D, 0xDF5C, 0xDF5C, 0xDF5C, 0xDF7D, 0xDF5D, 0xDF7D, 0xDF7D, 0xDF5D, 0xDF5D, 0xE77D, 0xE77D, 
  0xE77D, 0xE77D, 0xE77D, 0xDF5D, 0xDF5D, 0xE79D, 0xE79D, 0xE77D, 0xDF5D, 0xDF5C, 0xD75D, 0xDF5D, 
  0xDF7D, 0xDF7D, 0xE77D, 0xDF7D, 0xDF7D, 0xDF5D, 0xDF5D, 0xDF5D, 0xDF7D, 0xDF5D, 0xDF5C, 0xDF5C, 
  0xDF7D, 0xDF7D, 0xDF7D, 0xDF5D, 0xDF7D, 0xDF5D, 0xDF5D, 0xDF5D, 0xDF5D, 0xDF7D, 0xDF7D, 0xDF5D, 
  0xDF7D, 0xD6BA, 0xB5B5, 0xB5F6, 0x84B2, 0x84D2, 0x8D34, 0x9575, 0xA5B6, 0xAE17, 0xBE99, 0xBEDA, 
  0xBEBA, 0xBEBA, 0xC6DB, 0xD71C, 0xCF1C, 0xC6FB, 0xC6FB, 0xCEFB, 0xB6BA, 0xB6BA, 0xB6BA, 0xB6BA, 
  0xBEDA, 0xB6BA, 0xB6BA, 0xB69A, 0xBEBA, 0xB699, 0xB6BA, 0xBEBA, 0xBEBA, 0xB6BA, 0xB699, 0xB699, 
  0xFE58, 0xFE78, 0xFE98, 0xFE77, 0xFE57, 0xFE78, 0xFE78, 0xFE78, 0xFE78, 0xFE78, 0xFE78, 0xFE98, 
  0xFE98, 0xFE99, 0xFE98, 0xFEB8, 0xFEDA, 0xFEFA, 0xFED9, 0xFE78, 0xFE78, 0xFE98, 0xFE98, 0xFE98, 
  0xFE78, 0xFE98, 0xFE98, 0xFE99, 0xFEB9, 0xFEB9, 0xFED9, 0xEE16, 0xBD94, 0xBE17, 0xB513, 0xBCD3, 
  0xC554, 0xCDD6, 0xDE37, 0xE679, 0xF6DA, 0xFF3B, 0xFF5C, 0xFF3C, 0xFF5C, 0xFF5C, 0xFF5C, 0xFF5C, 
  0xFF5C, 0xFF3B, 0xFF5C, 0xFF5C, 0xFF3B, 0xFF3B, 0xFF5C, 0xFF5C, 0xFF5C, 0xFF3C, 0xFF3C, 0xFF5C, 
  0xFF5C, 0xFF5C, 0xFF3C, 0xFF3C, 0xFF3C, 0xFF3C, 0xFF5C, 0xFF3C, 0xFF5C, 0xFEFB, 0xFF3B, 0xFF1B, 
  0xFF3C, 0xF77C, 0xF75C, 0xFF5C, 0xFF3C, 0xFF5C, 0xFF5C, 0xFF3C, 0xFF1B, 0xFF3C, 0xF73B, 0xF75C, 
  0xF77C, 0xF77C, 0xF77C, 0xF73C, 0xF73C, 0xF77C, 0xF75C, 0xF75C, 0xF73C, 0xF75C, 0xF75C, 0xF75D, 
  0xEF5C, 0xEF5C, 0xEF5C, 0xEF5C, 0xEF5C, 0xEF5C, 0xEF7D, 0xEF7D, 0xEF5D, 0xEF5D, 0xE75C, 0xE77D, 
  0xEF7D, 0xE75C, 0xE75C, 0xE75C, 0xE75C, 0xE77C, 0xE77C, 0xE75C, 0xE75C, 0xE77D, 0xE75D, 0xE75D, 
  0xE75D, 0xE75D, 0xE75D, 0xE75D, 0xDF5D, 0xDF5D, 0xDF7D, 0xDF7D, 0xDF7D, 0xE75D, 0xDF5D, 0xDF5D, 
  0xDF7D, 0xDF7D, 0xDF5D, 0xDF5D, 0xDF5C, 0xDF5D, 0xDF7D, 0xDF7D, 0xDF5C, 0xDF5D, 0xDF7D, 0xDF7D, 
  0xDF7D, 0xDF7D, 0xE79D, 0xE79D, 0xEF9E, 0xEF9E, 0xEF9E, 0xEF9D, 0xE77D, 0xDF7D, 0xE77D, 0xDF7D, 
  0xDF5D, 0xDF7D, 0xDF7D, 0xDF7D, 0xDF7D, 0xDF7D, 0xDF7D, 0xDF7D, 0xDF7D, 0xDF7D, 0xE77D, 0xE77D, 
  0xE75D, 0xE79D, 0xDF7D, 0xD75D, 0xDF5C, 0xE77D, 0xEF9E, 0xE77D, 0xE77D, 0xDF7D, 0xDF5D, 0xD75C, 
  0xDF5D, 0xDF7D, 0xDF7D, 0xE77D, 0xDF7D, 0xDF7D, 0xDF7D, 0xDF7D, 0xDF7D, 0xDF7D, 0xDF5D, 0xDF5C, 
  0xDF5D, 0xDF7D, 0xDF5D, 0xDF5D, 0xDF7D, 0xDF7D, 0xDF5D, 0xDF5D, 0xDF5D, 0xDF5D, 0xDF5D, 0xDF5D, 
  0xDF7D, 0xD6BA, 0xB5B5, 0xB616, 0x7CB2, 0x7CB2, 0x8D14, 0x9575, 0xA5B6, 0xAE18, 0xBE99, 0xBEBA, 
  0xBEDB, 0xBEDA, 0xC6FB, 0xD71C, 0xD71C, 0xC6FB, 0xC6FB, 0xC6FB, 0xB6BA, 0xB6BA, 0xB6BA, 0xAE99, 
  0xB6BA, 0xAE99, 0xAE99, 0xAE99, 0xB6BA, 0xB6BA, 0xB6BA, 0xBEDA, 0xBEDA, 0xBEBA, 0xB69A, 0xAE99, 
  0xFE78, 0xFE78, 0xFE78, 0xFE78, 0xFE98, 0xFE78, 0xFE58, 0xFE58, 0xFE58, 0xFE58, 0xFE78, 0xFE98, 
  0xFE98, 0xFE78, 0xFE98, 0xFE78, 0xFE78, 0xFEB9, 0xFED9, 0xFE98, 0xFE58, 0xFE78, 0xFE98, 0xFE98, 
  0xFE98, 0xFE98, 0xFE98, 0xFEB9, 0xFEB9, 0xFEFA, 0xFF1A, 0xF658, 0xB595, 0xBE16, 0xB513, 0xBD13, 
  0xC554, 0xD5B6, 0xDE17, 0xE679, 0xF6DA, 0xFEFB, 0xFF3B, 0xFF3B, 0xFF3B, 0xFF5C, 0xFF5C, 0xFF5C, 
  0xFF3B, 0xFF1B, 0xFF5C, 0xFF3B, 0xFF1B, 0xFF3B, 0xFF5C, 0xFF5C, 0xFF5C, 0xFF3B, 0xFF3C, 0xFF5C, 
  0xFF5D, 0xFF5C, 0xFF3B, 0xFF3B, 0xFF3C, 0xFF3C, 0xFF5C, 0xFF3C, 0xFF5C, 0xFF3B, 0xFF5C, 0xFF3B, 
  0xFEFB, 0xFF5C, 0xFF5C, 0xFF1B, 0xFF3C, 0xFF5C, 0xFF5C, 0xFF5C, 0xF73C, 0xFF5C, 0xF75C, 0xF73B, 
  0xF71B, 0xF73C, 0xF75C, 0xF77C, 0xF77C, 0xF77C, 0xF75C, 0xF75C, 0xF75C, 0xF75C, 0xF73C, 0xEF3C, 
  0xEF5C, 0xEF5C, 0xEF5C, 0xEF5C, 0xEF5C, 0xEF5C, 0xEF5C, 0xEF5C, 0xEF7D, 0xEF7D, 0xE75C, 0xEF7D, 
  0xEF5C, 0xE75C, 0xE75C, 0xE75C, 0xE75C, 0xE77C, 0xE77C, 0xE77C, 0xE75C, 0xE75D, 0xE75C, 0xE75C, 
  0xE75D, 0xE75D, 0xE75D, 0xE75D, 0xDF5D, 0xDF5D, 0xE77D, 0xDF7C, 0xDF5C, 0xDF1B, 0xDF5C, 0xDF7D, 
  0xDF5C, 0xDF5C, 0xDF5C, 0xDF5C, 0xDF5D, 0xDF7D, 0xDF5D, 0xDF7D, 0xDF5C, 0xDF5D, 0xDF5D, 0xDF5D, 
  0xDF7D, 0xDF7D, 0xE77D, 0xE77D, 0xE79D, 0xE79D, 0xE77D, 0xE77D, 0xDF5C, 0xDF5C, 0xDF7D, 0xDF7D, 
  0xDF7D, 0xDF7D, 0xDF7D, 0xDF7D, 0xE79D, 0xE77D, 0xE77D, 0xDF7D, 0xDF5C, 0xDF5D, 0xDF7D, 0xE77D, 
  0xDF7D, 0xE77D, 0xE77D, 0xDF5D, 0xDF7D, 0xDF5C, 0xE77D, 0xEFBE, 0xE77D, 0xDF5D, 0xE77D, 0xDF5D, 
  0xDF5D, 0xDF7D, 0xDF7D, 0xE79D, 0xE77D, 0xE77D, 0xE79D, 0xDF7D, 0xDF5D, 0xDF5D, 0xDF5C, 0xDF5C, 
  0xDF7D, 0xDF7D, 0xDF7D, 0xDF7D, 0xDF5D, 0xDF7D, 0xDF5D, 0xDF5D, 0xDF5D, 0xDF5C, 0xDF5D, 0xD75C, 
  0xDF7D, 0xD6BA, 0xBDB5, 0xB616, 0x7CB2, 0x84B2, 0x8D34, 0x9575, 0xA5D6, 0xB638, 0xBEBA, 0xBEDA, 
  0xC6DB, 0xC6DB, 0xC6FB, 0xCF1C, 0xD71C, 0xC6DB, 0xC6DB, 0xC6DB, 0xB6BA, 0xB6BA, 0xB6BA, 0xAE79, 
  0xAE99, 0xAE79, 0xAE99, 0xA699, 0xA679, 0xAE99, 0xB6BA, 0xBEDA, 0xBEBA, 0xB699, 0xAE99, 0x9E58, 
  0xFE78, 0xFE78, 0xFE78, 0xFE78, 0xFE78, 0xFE78, 0xFE78, 0xFE78, 0xFE78, 0xFE78, 0xFE98, 0xFE98, 
  0xFE98, 0xFE58, 0xFE78, 0xFE98, 0xFE99, 0xFE99, 0xFEB9, 0xFE99, 0xFE58, 0xFE78, 0xFE98, 0xFE98, 
  0xFE98, 0xFE98, 0xFE98, 0xFEB9, 0xFEBA, 0xFEFA, 0xFF1A, 0xF6D9, 0xB5B5, 0xBE17, 0xB513, 0xBD13, 
  0xC554, 0xD5B6, 0xDE17, 0xE699, 0xF6DA, 0xFF1B, 0xFF3B, 0xFF5C, 0xFF3C, 0xFF5C, 0xFF5C, 0xFF5C, 
  0xFF3B, 0xFF1B, 0xFF3B, 0xFF5C, 0xFF3B, 0xFF5C, 0xFF5C, 0xFF5C, 0xFF5C, 0xFF3B, 0xFF1B, 0xFF3B, 
  0xFF3C, 0xFF5C, 0xFF3B, 0xFF3B, 0xFF3C, 0xFF5C, 0xFF5C, 0xFF5C, 0xFF3C, 0xFF5C, 0xFF5C, 0xFF3C, 
  0xFF1B, 0xFF1B, 0xFF5B, 0xFF1B, 0xFF3B, 0xF73B, 0xFF5C, 0xFF5C, 0xFF5C, 0xFF5C, 0xF75C, 0xF73B, 
  0xF71B, 0xF73C, 0xF75C, 0xF75C, 0xF75C, 0xF75C, 0xF75C, 0xF75C, 0xF73C, 0xF75C, 0xEF3C, 0xEF3C, 
  0xEF5C, 0xEF5C, 0xEF7C, 0xEF7D, 0xEF7D, 0xEF5C, 0xEF5C, 0xEF5C, 0xEF7D, 0xEF7D, 0xEF7D, 0xEF7D, 
  0xEF5C, 0xE75C, 0xE75C, 0xE75C, 0xE75C, 0xE75C, 0xE77C, 0xE77C, 0xE77C, 0xE75D, 0xE75C, 0xE75C, 
  0xE75C, 0xE75D, 0xE75D, 0xE75D, 0xE75D, 0xE75D, 0xE75D, 0xDF3C, 0xDF3C, 0xDF5C, 0xDF5C, 0xDF7D, 
  0xDF5C, 0xDF3C, 0xDF5D, 0xDF5C, 0xDF7D, 0xDF7D, 0xDF7D, 0xDF7D, 0xDF7D, 0xDF5D, 0xDF5D, 0xDF7D, 
  0xDF5D, 0xDF5C, 0xE77D, 0xE77D, 0xE77D, 0xE77D, 0xE77D, 0xE77D, 0xDF7D, 0xDF5C, 0xDF5C, 0xDF7D, 
  0xE77D, 0xDF7D, 0xDF5C, 0xDF7D, 0xDF7D, 0xE77D, 0xE77D, 0xE77D, 0xDF5D, 0xDF5C, 0xE77D, 0xE77D, 
  0xDF7D, 0xE79D, 0xE77D, 0xE77D, 0xE77D, 0xDF7D, 0xDF5D, 0xE79D, 0xEF9E, 0xE77D, 0xE79D, 0xE77D, 
  0xDF7D, 0xE79D, 0xE79D, 0xE79D, 0xE79D, 0xE77D, 0xEF9D, 0xEF9E, 0xE79D, 0xDF5C, 0xDF7D, 0xDF7D, 
  0xE79D, 0xE79E, 0xE77D, 0xDF7D, 0xDF5C, 0xD75C, 0xD75D, 0xD75D, 0xDF5D, 0xDF5C, 0xDF5C, 0xD75C, 
  0xDF7D, 0xD6BA, 0xBDB5, 0xBE16, 0x84B2, 0x84B2, 0x8D34, 0x9575, 0x9DB6, 0xAE17, 0xBE9A, 0xBEBA, 
  0xC6FB, 0xC6FB, 0xC6FB, 0xCF1B, 0xD71C, 0xC6FB, 0xBEDB, 0xC6FB, 0xC6FB, 0xB6BA, 0xB6DA, 0xAE99, 
  0xAE79, 0xAE99, 0xAE99, 0xAEB9, 0xAEB9, 0xAE99, 0xB6BA, 0xB6BA, 0xAE99, 0xB6BA, 0x9E58, 0xAE99, 
  0xFE58, 0xFE78, 0xFE78, 0xFE37, 0xFE58, 0xFE78, 0xFE57, 0xFE98, 0xFE98, 0xFE98, 0xFE98, 0xFE98, 
  0xFE78, 0xFE78, 0xFE98, 0xFE98, 0xFE98, 0xFE99, 0xFEB9, 0xFEB9, 0xFE98, 0xFE99, 0xFE99, 0xFE99, 
  0xFE99, 0xFE99, 0xFE99, 0xFE99, 0xFEB9, 0xFEDA, 0xFF1A, 0xF6FA, 0xBDB5, 0xC616, 0xB513, 0xBD13, 
  0xC554, 0xCDD6, 0xDE37, 0xE699, 0xF6DA, 0xFF1B, 0xFF3B, 0xFF5C, 0xFF5C, 0xFF3B, 0xFF5C, 0xFF5C, 
  0xFF5C, 0xFF5C, 0xFF5C, 0xFF5C, 0xFF5C, 0xFF5C, 0xFF5C, 0xFF5C, 0xFF5C, 0xFF5C, 0xFF1B, 0xFF3B, 
  0xFF3B, 0xFF5C, 0xFF1B, 0xFF3B, 0xFF5C, 0xFF3B, 0xFF3C, 0xFF5C, 0xFF3C, 0xFF3C, 0xFF3C, 0xFF5C, 
  0xFF5C, 0xFF3B, 0xFF5C, 0xFF5C, 0xFF5C, 0xFF1B, 0xFEFA, 0xFF5C, 0xF75C, 0xF75C, 0xF75D, 0xF77D, 
  0xF75C, 0xF75C, 0xF75C, 0xF75C, 0xF77C, 0xF73C, 0xF73C, 0xF75C, 0xF73C, 0xF75C, 0xF73C, 0xEF3C, 
  0xEF5C, 0xEF5C, 0xEF7C, 0xEF7C, 0xEF5C, 0xEF5C, 0xEF5C, 0xEF5C, 0xEF7D, 0xEF7D, 0xEF7D, 0xEF5D, 
  0xEF5C, 0xE75C, 0xE75C, 0xE75C, 0xE75C, 0xE75C, 0xE75C, 0xE77C, 0xE77C, 0xE75D, 0xE75D, 0xE75C, 
  0xE75D, 0xE75D, 0xE75D, 0xE75D, 0xE75D, 0xE75D, 0xDF5C, 0xDF5C, 0xDF3C, 0xDF5C, 0xDF5C, 0xDF7D, 
  0xDF5D, 0xDF5D, 0xDF5D, 0xDF5C, 0xDF5D, 0xDF5D, 0xDF7D, 0xE77D, 0xDF5C, 0xDF7C, 0xDF7D, 0xDF7D, 
  0xDF5D, 0xDF7D, 0xE79D, 0xE79E, 0xE77D, 0xE77D, 0xE77D, 0xE77D, 0xE77D, 0xDF5D, 0xDF7D, 0xE77D, 
  0xE79E, 0xE79E, 0xE79E, 0xE79E, 0xE77D, 0xDF5D, 0xDF7D, 0xDF5D, 0xDF7D, 0xE77D, 0xE77D, 0xE77D, 
  0xDF7D, 0xE77D, 0xE77D, 0xE77D, 0xEF9D, 0xEF9E, 0xE77D, 0xE77D, 0xE79D, 0xEF9D, 0xE79D, 0xDF7D, 
  0xDF7D, 0xD75C, 0xD75C, 0xDF5D, 0xDF7D, 0xDF7D, 0xDF7D, 0xE79D, 0xE79D, 0xE79D, 0xEF9E, 0xEF9E, 
  0xEF9E, 0xEF9E, 0xEF9E, 0xE77D, 0xDF5D, 0xDF5D, 0xDF7D, 0xDF5D, 0xDF5D, 0xDF7D, 0xDF5D, 0xDF5D, 
  0xDF7D, 0xD6BA, 0xBDB5, 0xC617, 0x84B2, 0x7CB2, 0x8D14, 0x9575, 0x9D96, 0xA617, 0xAE59, 0xBEBA, 
  0xBEDA, 0xC6DB, 0xCF1B, 0xD71C, 0xD71C, 0xC6FB, 0xBEDB, 0xC6FB, 0xC6FB, 0xB6BA, 0xB699, 0xBEDA, 
  0xB6BA, 0xAE99, 0xB6BA, 0xB6BA, 0xA678, 0xAEB9, 0xBEDB, 0xAE99, 0xA679, 0xBEDA, 0xAE79, 0xAEB9, 
  0xFE37, 0xFE78, 0xFE57, 0xFE17, 0xFE78, 0xFE98, 0xFE98, 0xFE98, 0xFE98, 0xFE98, 0xFE98, 0xFE98, 
  0xFE98, 0xFE98, 0xFE78, 0xFE98, 0xFE98, 0xFE99, 0xFE99, 0xFE99, 0xF637, 0xFE98, 0xFEB9, 0xFE99, 
  0xFEB9, 0xFE99, 0xFEB9, 0xFEB9, 0xFEDA, 0xFF1A, 0xFF1A, 0xF6FA, 0xBDB5, 0xC616, 0xB4F2, 0xBCF3, 
  0xC534, 0xCDD6, 0xDE37, 0xEE79, 0xF6DA, 0xFF1B, 0xFF1B, 0xFF3B, 0xFF3B, 0xFF1B, 0xFF5C, 0xFF5C, 
  0xFF5C, 0xFF5C, 0xFF5C, 0xFF5C, 0xFF5C, 0xFF5C, 0xFF3B, 0xFF1B, 0xFF3C, 0xFF5C, 0xFF5C, 0xFF5C, 
  0xFF1B, 0xFF1B, 0xFF1B, 0xFF1B, 0xFF3C, 0xFF1B, 0xFF5C, 0xFF5C, 0xFF3B, 0xFF3C, 0xFF3B, 0xFF1B, 
  0xFF3B, 0xFF1B, 0xFF3C, 0xF73C, 0xFF5C, 0xFF5C, 0xFEFA, 0xF73C, 0xF75C, 0xFF5C, 0xF75C, 0xF75C, 
  0xF75D, 0xF75C, 0xF75C, 0xF75C, 0xF75C, 0xF75C, 0xF73C, 0xF73C, 0xF75C, 0xF77C, 0xF75C, 0xF75C, 
  0xEF7C, 0xEF5C, 0xEF7C, 0xEF7D, 0xEF5C, 0xEF5C, 0xEF5C, 0xEF5C, 0xEF5C, 0xEF5D, 0xEF5D, 0xEF5C, 
  0xEF5C, 0xE75C, 0xE75C, 0xE75C, 0xE75C, 0xE75C, 0xE75C, 0xE75C, 0xE75C, 0xE75C, 0xE75D, 0xE75D, 
  0xE75D, 0xE75C, 0xE75C, 0xE75D, 0xE75D, 0xE75D, 0xDF5D, 0xDF5C, 0xDF1B, 0xDF5C, 0xDF7D, 0xDF7D, 
  0xDF5D, 0xDF5C, 0xDF5C, 0xDF5C, 0xDF5C, 0xDF5C, 0xDF7D, 0xDF5D, 0xDF3C, 0xD73B, 0xDF5C, 0xDF7D, 
  0xDF5D, 0xDF5D, 0xDF7D, 0xE79E, 0xE77D, 0xDF7D, 0xE77D, 0xE77D, 0xDF7D, 0xDF7D, 0xE77D, 0xEF9D, 
  0xEF9E, 0xEF9E, 0xEF9E, 0xE79E, 0xE79E, 0xE79D, 0xDF7D, 0xDF7D, 0xE77D, 0xE77D, 0xE77D, 0xE79D, 
  0xDF7D, 0xDF7D, 0xE77D, 0xE79D, 0xEF9D, 0xEF9D, 0xE77D, 0xDF7D, 0xE77D, 0xE77D, 0xE77D, 0xDF7D, 
  0xD75C, 0xD73C, 0xD75C, 0xDF7D, 0xDF7D, 0xDF7D, 0xDF7D, 0xDF7D, 0xDF7D, 0xE79D, 0xEF9E, 0xEF9E, 
  0xEF9E, 0xE79E, 0xE79E, 0xE79D, 0xE77D, 0xDF7D, 0xDF7D, 0xDF7D, 0xDF7D, 0xDF7D, 0xE77D, 0xDF5C, 
  0xDF7D, 0xD6DA, 0xBDB5, 0xC617, 0x8CD2, 0x8D13, 0x9D55, 0x9D95, 0x9DB6, 0xAE17, 0xB679, 0xBEBA, 
  0xBEDB, 0xC6DB, 0xC6DA, 0xD73C, 0xD71C, 0xC6DB, 0xBEDA, 0xC6FB, 0xBEDB, 0xB6BA, 0xBEFA, 0xBEDA, 
  0xB6BA, 0xAE99, 0xAE9A, 0xAE99, 0xA699, 0xB6BA, 0xBEDA, 0xB6BA, 0xB699, 0xB6B9, 0xAE99, 0xAE99, 
  0xFE37, 0xFE78, 0xFE57, 0xFE77, 0xFE98, 0xFE57, 0xFE57, 0xFE78, 0xFEB9, 0xFEB9, 0xFEB9, 0xFE98, 
  0xFE98, 0xFE98, 0xFE98, 0xFE98, 0xFE98, 0xFE99, 0xFEB9, 0xFE99, 0xFE77, 0xFE99, 0xFEB9, 0xFEB9, 
  0xFEB9, 0xFEB9, 0xFEDA, 0xFEFA, 0xFEFA, 0xFF1A, 0xFF1A, 0xF6DA, 0xBDB5, 0xCE17, 0xB4D2, 0xBCF3, 
  0xC554, 0xD5B6, 0xDDF7, 0xEE58, 0xF6DA, 0xFF1B, 0xFF1B, 0xFF1B, 0xFF1B, 0xFF1B, 0xFF3B, 0xFF5C, 
  0xFF5C, 0xFF5C, 0xFF5C, 0xFF5C, 0xFF3C, 0xFF5C, 0xFF1B, 0xFEDA, 0xFF3B, 0xFF3B, 0xFF1B, 0xFF3C, 
  0xFF3C, 0xFEDA, 0xFF3B, 0xFF1B, 0xFF1B, 0xFF5C, 0xFF5C, 0xFF5C, 0xFF3B, 0xFF3C, 0xFF1B, 0xFEDA, 
  0xFF1B, 0xFF1B, 0xFF5C, 0xFF3B, 0xFF3B, 0xFF3B, 0xFF3B, 0xF75C, 0xF73C, 0xFF5D, 0xF73C, 0xF73C, 
  0xF75C, 0xF73C, 0xF73C, 0xF75C, 0xF75C, 0xF75C, 0xF75C, 0xF75C, 0xF77D, 0xF75C, 0xF73C, 0xF77C, 
  0xF75C, 0xEF3C, 0xEF5C, 0xEF7D, 0xEF7C, 0xEF5C, 0xEF5C, 0xEF5C, 0xEF5C, 0xE75C, 0xE75C, 0xE75C, 
  0xE75C, 0xE75C, 0xE75C, 0xE75C, 0xE75C, 0xE75C, 0xE75C, 0xE75C, 0xE75C, 0xE75C, 0xE75D, 0xE75C, 
  0xE75D, 0xE77D, 0xE77D, 0xE75D, 0xE75D, 0xE75D, 0xE75D, 0xDF5C, 0xDF5C, 0xDF5C, 0xDF7D, 0xDF7D, 
  0xDF5C, 0xDF5C, 0xDF5C, 0xDF5C, 0xDF5C, 0xDF5D, 0xDF5C, 0xD71B, 0xDF5C, 0xDF3C, 0xDF3C, 0xDF7D, 
  0xDF5D, 0xDF5D, 0xDF5D, 0xE77D, 0xE77D, 0xDF5C, 0xE77D, 0xDF7D, 0xDF7D, 0xE79D, 0xEF9D, 0xEF9E, 
  0xEF9E, 0xEF9E, 0xEF9E, 0xE77D, 0xDF5C, 0xDF5C, 0xDF7D, 0xDF5C, 0xDF7D, 0xE77D, 0xE77D, 0xDF7D, 
  0xDF7D, 0xDF7D, 0xDF7D, 0xE77D, 0xE79D, 0xEF9D, 0xEF9D, 0xE79D, 0xE79D, 0xE77D, 0xDF7D, 0xDF7D, 
  0xDF5D, 0xDF5D, 0xDF7D, 0xDF7D, 0xDF5D, 0xDF5D, 0xDF7D, 0xDF7D, 0xDF7D, 0xDF7D, 0xE79E, 0xE79E, 
  0xDF7D, 0xDF7D, 0xDF7D, 0xDF7D, 0xDF7D, 0xDF7D, 0xDF5D, 0xDF7D, 0xDF5D, 0xDF5D, 0xDF5D, 0xD73C, 
  0xD75D, 0xD6BA, 0xBDB5, 0xC637, 0x84D2, 0x84D3, 0x9534, 0x9575, 0x9DB6, 0xAE17, 0xAE59, 0xBEBA, 
  0xBEFB, 0xC6DB, 0xC6FB, 0xCF1B, 0xD71C, 0xC6DB, 0xBEDB, 0xC6FB, 0xC6FB, 0xB6BA, 0xAE99, 0xB6BA, 
  0xBEDA, 0xB6B9, 0xAE99, 0xAE99, 0xAE99, 0xB6BA, 0xBEDA, 0xB6BA, 0xAE99, 0xA678, 0xB6BA, 0xB699, 
  0xFE16, 0xFE78, 0xFE58, 0xFEB8, 0xFE57, 0xFDB5, 0xFDD5, 0xF5F6, 0xF5F6, 0xF616, 0xFE57, 0xFE98, 
  0xFEB9, 0xFE99, 0xFE99, 0xFE98, 0xFE99, 0xFEB9, 0xFEB9, 0xFEB9, 0xFE99, 0xFE78, 0xFEB9, 0xFEB9, 
  0xFEB9, 0xFEB9, 0xFEDA, 0xFF1A, 0xFF1A, 0xFF1A, 0xFF1A, 0xF6DA, 0xBDB5, 0xCE17, 0xB4F3, 0xBD13, 
  0xC554, 0xD5B6, 0xDE17, 0xEE78, 0xF6BA, 0xFF1B, 0xFF5C, 0xFF1B, 0xFF1B, 0xFF1B, 0xFF1B, 0xFF1B, 
  0xFF5C, 0xFF5C, 0xFF5C, 0xFF5C, 0xFF3B, 0xFF5C, 0xFF1B, 0xFEFB, 0xFF3B, 0xFF3C, 0xFEFB, 0xFF1B, 
  0xFF5C, 0xFEFA, 0xFF1B, 0xFF3C, 0xFF1B, 0xFF5C, 0xFF5C, 0xFF5C, 0xFF5C, 0xFF1B, 0xFEFA, 0xFEFA, 
  0xFF1B, 0xFEFA, 0xFF3B, 0xFF5C, 0xFF3B, 0xFEFA, 0xF73B, 0xF73C, 0xF73C, 0xF75C, 0xF71B, 0xF71B, 
  0xF73C, 0xF73C, 0xF75C, 0xF75C, 0xF77C, 0xF75C, 0xF75C, 0xEF5C, 0xF77C, 0xEF5C, 0xEF3B, 0xF73C, 
  0xEF3C, 0xF73C, 0xEF5C, 0xEF5C, 0xEF5C, 0xEF5C, 0xEF5C, 0xEF5C, 0xEF5C, 0xE75C, 0xE75C, 0xE75C, 
  0xE75C, 0xE75C, 0xE75C, 0xE75C, 0xE75C, 0xE75C, 0xE75C, 0xE75C, 0xE77C, 0xE75C, 0xE75C, 0xE75C, 
  0xE75D, 0xE77D, 0xE77D, 0xE75D, 0xE75D, 0xE75D, 0xE75D, 0xE75D, 0xDF5C, 0xDF5C, 0xE77D, 0xDF7D, 
  0xDF5C, 0xDF5D, 0xDF5D, 0xDF5C, 0xDF5C, 0xDF7D, 0xDF3C, 0xDF1B, 0xDF7C, 0xDF9D, 0xDF7D, 0xDF7D, 
  0xDF5C, 0xDF7D, 0xDF7D, 0xDF7D, 0xE77D, 0xD73C, 0xDF5D, 0xDF7D, 0xDF7D, 0xE77D, 0xEF9E, 0xEF9E, 
  0xEF9E, 0xEF9E, 0xEF9E, 0xE77D, 0xDF5C, 0xDF5C, 0xDF5D, 0xD75C, 0xD75C, 0xDF7D, 0xE77D, 0xDF7D, 
  0xDF7D, 0xDF7D, 0xDF7D, 0xE77D, 0xE77D, 0xE79D, 0xE79D, 0xE77D, 0xE77D, 0xE79D, 0xDF7D, 0xDF7D, 
  0xDF7D, 0xDF7D, 0xDF7D, 0xDF7D, 0xDF5D, 0xDF5D, 0xDF5D, 0xDF7D, 0xDF7D, 0xDF7D, 0xE79E, 0xDF7D, 
  0xDF5C, 0xDF5D, 0xDF7D, 0xDF7D, 0xDF7D, 0xDF7D, 0xDF7D, 0xDF7D, 0xDF7D, 0xDF5D, 0xDF5D, 0xDF5D, 
  0xDF7D, 0xD6BA, 0xC5B5, 0xC637, 0x84B2, 0x7CB2, 0x8D13, 0x9575, 0x9DB6, 0xAE18, 0xB679, 0xBEBA, 
  0xBEDA, 0xC6DB, 0xCF1C, 0xD71C, 0xCF1B, 0xC6FB, 0xBEDA, 0xBEDB, 0xC6FB, 0xBEDA, 0xB6BA, 0xB6BB, 
  0xA659, 0xAE99, 0xB6BA, 0xB6BA, 0xAE99, 0xB699, 0xBEDA, 0xB6BA, 0xAE99, 0xAE99, 0xAE99, 0xAE99, 
  0xFE57, 0xFE57, 0xF5D5, 0xFE16, 0xFE37, 0xFE78, 0xFEB8, 0xFE98, 0xFE57, 0xF616, 0xF616, 0xF594, 
  0xFDF5, 0xFE78, 0xFE98, 0xFEB9, 0xFEB9, 0xFEB9, 0xFE99, 0xFE98, 0xFE98, 0xFE78, 0xFE99, 0xFEB9, 
  0xFEB9, 0xFEB9, 0xFEB9, 0xFEFA, 0xFF1A, 0xFF1A, 0xFF1B, 0xF6DA, 0xBDB5, 0xCE17, 0xB513, 0xBD33, 
  0xC534, 0xD595, 0xDE17, 0xE678, 0xF6BA, 0xFF3B, 0xFF5C, 0xFF3C, 0xFF1B, 0xFEFA, 0xFF3C, 0xFF3C, 
  0xFF5C, 0xFF5C, 0xFF5C, 0xFF3B, 0xFF5C, 0xFF5C, 0xFF3B, 0xFEFB, 0xFF3C, 0xFF1B, 0xFEFB, 0xFF1B, 
  0xFF3C, 0xFF1B, 0xFEFB, 0xFF5C, 0xFF3C, 0xFF5C, 0xFF3B, 0xFF1B, 0xFF3B, 0xFF1B, 0xFEFA, 0xFF1B, 
  0xFF1B, 0xFEFB, 0xFF3B, 0xF77D, 0xFF3B, 0xFEDA, 0xFF1B, 0xFF1B, 0xFF3C, 0xF73C, 0xF73B, 0xF73B, 
  0xF73C, 0xF75C, 0xF75C, 0xF75C, 0xF75C, 0xF75C, 0xF75C, 0xF75C, 0xF75C, 0xF75C, 0xEF5C, 0xEF5C, 
  0xEF5C, 0xF75C, 0xEF5C, 0xEF5C, 0xEF7C, 0xEF7D, 0xEF5C, 0xEF5C, 0xEF5C, 0xEF5C, 0xE75C, 0xE75C, 
  0xE75C, 0xE75C, 0xE75C, 0xE75C, 0xE75C, 0xE75C, 0xE75C, 0xE75C, 0xE75C, 0xE75C, 0xE77C, 0xE75C, 
  0xE75C, 0xE75C, 0xE75C, 0xE75D, 0xE75D, 0xE75D, 0xE75D, 0xE75D, 0xE75D, 0xE75D, 0xDF5D, 0xDF5D, 
  0xDF5C, 0xDF5C, 0xDF5D, 0xDF5C, 0xDF5C, 0xDF7D, 0xDF3C, 0xD6FA, 0xD71B, 0xDF3C, 0xDF7D, 0xDF7D, 
  0xDF5C, 0xDF5D, 0xDF7D, 0xDF7D, 0xE77D, 0xDF7D, 0xE77D, 0xDF7D, 0xDF7D, 0xDF7D, 0xEF9E, 0xEF9E, 
  0xDF7D, 0xDF7D, 0xDF5D, 0xDF5C, 0xDF5C, 0xDF7D, 0xDF7D, 0xDF5D, 0xD75C, 0xDF7D, 0xDF7D, 0xDF7D, 
  0xDF7D, 0xDF7D, 0xDF7D, 0xE77D, 0xE79D, 0xE77D, 0xEF7D, 0xE77D, 0xE77D, 0xEF7D, 0xDF7D, 0xDF7D, 
  0xDF7D, 0xDF7D, 0xDF7D, 0xDF5D, 0xDF5D, 0xDF5D, 0xDF5D, 0xDF7D, 0xDF7D, 0xDF7D, 0xDF7D, 0xDF5D, 
  0xDF5D, 0xDF5D, 0xDF7D, 0xDF7D, 0xDF7D, 0xDF7D, 0xDF7D, 0xDF5D, 0xDF7D, 0xDF5D, 0xDF5D, 0xD75C, 
  0xDF7D, 0xD6BA, 0xC5B5, 0xC637, 0x8CB2, 0x84B2, 0x8D14, 0x9575, 0xA5B6, 0xAE18, 0xB679, 0xBEDA, 
  0xC6FB, 0xCEFB, 0xCEFB, 0xD71C, 0xCEFB, 0xCEFB, 0xC6FB, 0xBEDA, 0xBEDB, 0xBEDB, 0xBEDB, 0xBEDB, 
  0xA658, 0xA699, 0xB69A, 0xAE99, 0xA679, 0xAE79, 0xB6BA, 0xB6BA, 0xAE99, 0xAE99, 0xA679, 0xAE99, 
  0xFE77, 0xFE78, 0xFE57, 0xFE37, 0xFE98, 0xFE98, 0xFE98, 0xFE98, 0xFE57, 0xFE98, 0xFEB9, 0xFE38, 
  0xFDB5, 0xF5D5, 0xF5B5, 0xFE16, 0xFEB9, 0xFE99, 0xFE99, 0xFE98, 0xFE98, 0xFE98, 0xFE98, 0xFE99, 
  0xFE99, 0xFE99, 0xFEB9, 0xFEB9, 0xFEFA, 0xFF1A, 0xFF1B, 0xF6FA, 0xBDB5, 0xCE17, 0xB4F3, 0xBD13, 
  0xC554, 0xD574, 0xDDD6, 0xE678, 0xF6DA, 0xFF3B, 0xFF5C, 0xFF7C, 0xFF3C, 0xFF1A, 0xFF3C, 0xFF5C, 
  0xFF5C, 0xFF5C, 0xFF3B, 0xFF1B, 0xFF1B, 0xFF3B, 0xFF1B, 0xFF1B, 0xFF3B, 0xFEFA, 0xFEDA, 0xFEFB, 
  0xFF3B, 0xFF3C, 0xFEFA, 0xFF3B, 0xFF5C, 0xFF5C, 0xFF3B, 0xFEFB, 0xFF1B, 0xFF3C, 0xFEFB, 0xFF1B, 
  0xFF1B, 0xFF3B, 0xFF3B, 0xFF5C, 0xFF1B, 0xFEDA, 0xFEFA, 0xFEFA, 0xFF1B, 0xFF3C, 0xF75C, 0xF75C, 
  0xF75C, 0xF75C, 0xF75C, 0xF75C, 0xF75C, 0xF77C, 0xF77C, 0xF75C, 0xF75C, 0xEF7C, 0xEF5C, 0xEF5C, 
  0xEF5C, 0xF75C, 0xF75C, 0xEF3C, 0xEF5C, 0xEF5C, 0xEF5C, 0xEF5C, 0xEF5C, 0xEF5C, 0xE75C, 0xE75C, 
  0xE75C, 0xE75C, 0xE75C, 0xE75C, 0xE75C, 0xE75C, 0xE75C, 0xE75C, 0xE75C, 0xE75C, 0xE75D, 0xE75C, 
  0xE73C, 0xE75D, 0xE75D, 0xE75D, 0xE75D, 0xE75D, 0xE75D, 0xE75D, 0xE75D, 0xE75D, 0xDF5D, 0xDF5C, 
  0xDF5C, 0xDF5C, 0xDF5D, 0xDF5D, 0xDF5D, 0xDF5D, 0xDF5C, 0xD73B, 0xDF3B, 0xDF3C, 0xDF7D, 0xDF5D, 
  0xDF5D, 0xDF5D, 0xDF7D, 0xDF7D, 0xDF5D, 0xDF7D, 0xE77D, 0xDF7D, 0xDF7D, 0xDF7D, 0xDF7D, 0xDF7D, 
  0xD75C, 0xD77C, 0xD75C, 0xD73C, 0xD77C, 0xDF7D, 0xDF7D, 0xE77D, 0xDF7D, 0xDF7D, 0xDF7D, 0xDF7D, 
  0xDF7D, 0xDF7D, 0xDF7D, 0xDF7D, 0xDF7D, 0xDF5D, 0xE77D, 0xE77D, 0xE77D, 0xE77D, 0xE77D, 0xDF7D, 
  0xDF7D, 0xDF7D, 0xDF7D, 0xDF7D, 0xDF5D, 0xDF5D, 0xDF7D, 0xDF7D, 0xDF7D, 0xDF7D, 0xDF5D, 0xDF5D, 
  0xDF5D, 0xDF5D, 0xDF5D, 0xDF7D, 0xDF5C, 0xDF7D, 0xDF5D, 0xDF5D, 0xDF5D, 0xDF5D, 0xD75D, 0xD73C, 
  0xD77D, 0xCEBA, 0xC5B5, 0xCE17, 0x8CB2, 0x84B2, 0x8D13, 0x9575, 0xA5B6, 0xB638, 0xBE9A, 0xC6DA, 
  0xC6DB, 0xCEFB, 0xCF1B, 0xCEFB, 0xCF1B, 0xCEFB, 0xCEFB, 0xBEDA, 0xBEDB, 0xBEDB, 0xBEDA, 0xB69A, 
  0xB6BA, 0xB6BA, 0xB69A, 0xB6BA, 0xB6BA, 0xAEBA, 0xB6BA, 0xB69A, 0xB6BA, 0xB6BA, 0xAE99, 0xB6BA, 
  0xFE57, 0xF5B5, 0xF5D5, 0xFE98, 0xFE99, 0xFE99, 0xFE98, 0xFE98, 0xF5D5, 0xFE37, 0xFE98, 0xFE98, 
  0xFE99, 0xFE99, 0xFE78, 0xF616, 0xFE98, 0xFE99, 0xFE98, 0xFE98, 0xFE98, 0xFE98, 0xFE98, 0xFE99, 
  0xFE99, 0xFEB9, 0xFEB9, 0xFEB9, 0xFEDA, 0xFF1A, 0xFF1A, 0xF6FA, 0xC5B5, 0xCE16, 0xB513, 0xBD33, 
  0xC554, 0xD595, 0xDDF6, 0xEE78, 0xF6BA, 0xFF3B, 0xFF5C, 0xFF5C, 0xFF1B, 0xFF1B, 0xFF1B, 0xFF1B, 
  0xFF3C, 0xFF3C, 0xFF3C, 0xFEFA, 0xFEDA, 0xFF1B, 0xFF3C, 0xFF3C, 0xFF3B, 0xFF1B, 0xFF1B, 0xFF1B, 
  0xFF3C, 0xFF5C, 0xFF3C, 0xFF3C, 0xFF5C, 0xFF5C, 0xFF5C, 0xFF5C, 0xFF5C, 0xFF3C, 0xFF3B, 0xFF3C, 
  0xFF1B, 0xFF3B, 0xFF3B, 0xFF5C, 0xFF3C, 0xFF3B, 0xFEFA, 0xFEFA, 0xFEFA, 0xFF1B, 0xF75C, 0xF75C, 
  0xF75C, 0xF75C, 0xF75C, 0xF75C, 0xF75C, 0xF73C, 0xF75C, 0xF73B, 0xEF5C, 0xEF7D, 0xEF5C, 0xEF5C, 
  0xEF5C, 0xEF5C, 0xF73C, 0xF71B, 0xEF1B, 0xEF5C, 0xEF5C, 0xEF5C, 0xEF5C, 0xE75C, 0xE75C, 0xE75C, 
  0xE75C, 0xE75C, 0xE75C, 0xE75C, 0xE75C, 0xE75C, 0xE75C, 0xE77C, 0xE75C, 0xE75D, 0xE75D, 0xE75D, 
  0xE73C, 0xE75C, 0xE75D, 0xE75D, 0xE75D, 0xE75D, 0xE75D, 0xE75D, 0xE75D, 0xE75D, 0xDF5D, 0xDF5C, 
  0xDF5C, 0xDF5C, 0xDF5D, 0xDF7D, 0xDF7D, 0xDF5D, 0xDF5C, 0xD73C, 0xDF7D, 0xDF5D, 0xDF5D, 0xDF5D, 
  0xDF5D, 0xDF5C, 0xDF5D, 0xDF7D, 0xDF5D, 0xDF5D, 0xE75D, 0xE77D, 0xE77D, 0xDF7D, 0xDF7D, 0xDF5C, 
  0xDF5C, 0xD75C, 0xD75C, 0xDF5C, 0xDF7D, 0xDF7D, 0xDF7D, 0xE79D, 0xDF7D, 0xDF7D, 0xDF7D, 0xDF7D, 
  0xDF7D, 0xDF7D, 0xDF7D, 0xDF7D, 0xDF7D, 0xD75C, 0xDF5D, 0xDF5C, 0xE77D, 0xE77D, 0xE77D, 0xE77D, 
  0xDF7D, 0xDF7D, 0xDF7D, 0xDF7D, 0xDF7D, 0xDF7D, 0xDF5D, 0xDF7D, 0xDF7D, 0xDF7D, 0xDF5D, 0xDF5D, 
  0xDF5D, 0xDF5D, 0xDF5D, 0xDF5D, 0xDF5D, 0xDF5D, 0xDF5D, 0xDF5D, 0xDF5D, 0xD75C, 0xD75C, 0xD73C, 
  0xDF7D, 0xCE99, 0xC5D5, 0xCE17, 0x8CB2, 0x84B2, 0x8D13, 0x9575, 0xA5D6, 0xAE17, 0xC6BA, 0xCEFB, 
  0xC6FB, 0xCF1B, 0xCF1B, 0xCF1B, 0xC6FB, 0xCEFB, 0xCEFB, 0xC6DA, 0xBEDA, 0xBEDB, 0xBEDA, 0xB6BA, 
  0xB6BA, 0xB6BA, 0xB6BA, 0xAE79, 0xAE99, 0xB699, 0xBEBA, 0xB6BA, 0xAE99, 0xB699, 0xB6BA, 0xAE99, 
  0xFE57, 0xFDF5, 0xF573, 0xFD74, 0xF594, 0xFE58, 0xFE99, 0xFE98, 0xFE98, 0xFE98, 0xFE57, 0xFE57, 
  0xFE57, 0xFE57, 0xFE98, 0xFE98, 0xFE98, 0xFE98, 0xFE98, 0xFE98, 0xFE98, 0xFE98, 0xFE99, 0xFE99, 
  0xFE99, 0xFEB9, 0xFEB9, 0xFEB9, 0xFEBA, 0xFF1A, 0xFF1A, 0xF6FA, 0xC5D5, 0xD617, 0xB513, 0xBD13, 
  0xC554, 0xCDD6, 0xDE17, 0xEE79, 0xF6DA, 0xFF1B, 0xFF5C, 0xFF1B, 0xFEDA, 0xFEFA, 0xFF1B, 0xFF1B, 
  0xFF3B, 0xFEFA, 0xFEDA, 0xFEDA, 0xFF3B, 0xFF3B, 0xFF1B, 0xFF3C, 0xFF1B, 0xFF1B, 0xFF5C, 0xFF5C, 
  0xFF3B, 0xFF3B, 0xFF5C, 0xFF5C, 0xFF3B, 0xFF3C, 0xFF5C, 0xFF5C, 0xFF5C, 0xFF5C, 0xFF5C, 0xFF5C, 
  0xFF3B, 0xFF3C, 0xFF5C, 0xF77C, 0xF77C, 0xFF7C, 0xFF1B, 0xFF1B, 0xFF5C, 0xF73B, 0xF75C, 0xF77D, 
  0xEF5C, 0xF75C, 0xF75C, 0xF73C, 0xF73B, 0xF6FB, 0xF73B, 0xF73B, 0xF75C, 0xEF5C, 0xEF5C, 0xEF5C, 
  0xEF5C, 0xEF5C, 0xEF3B, 0xEF1B, 0xEF1B, 0xEF3C, 0xEF5C, 0xEF5C, 0xEF5C, 0xEF5C, 0xE75C, 0xE75C, 
  0xE75C, 0xE75C, 0xE75C, 0xE75C, 0xE75C, 0xE75C, 0xE77C, 0xE77C, 0xE75C, 0xE75D, 0xE77D, 0xE77D, 
  0xE75C, 0xE75C, 0xE75D, 0xE75D, 0xE75D, 0xE75D, 0xE75D, 0xE75D, 0xE75D, 0xE75D, 0xDF5D, 0xDF5C, 
  0xDF5C, 0xDF5C, 0xDF5C, 0xDF7D, 0xDF7D, 0xDF5D, 0xDF5C, 0xD73C, 0xDF5C, 0xDF5C, 0xDF5C, 0xDF5C, 
  0xDF5D, 0xDF7D, 0xDF7D, 0xDF7D, 0xDF5C, 0xDF5C, 0xE77D, 0xE77D, 0xDF7D, 0xDF7D, 0xDF7D, 0xDF5C, 
  0xDF5C, 0xD75C, 0xD75C, 0xDF5C, 0xDF7D, 0xDF5C, 0xDF5C, 0xDF7D, 0xDF5D, 0xDF5C, 0xDF7D, 0xE79D, 
  0xDF7D, 0xDF7D, 0xDF7D, 0xDF7D, 0xDF7D, 0xDF5D, 0xDF5D, 0xDF5C, 0xDF5C, 0xDF7D, 0xDF5D, 0xE77D, 
  0xE77D, 0xDF7D, 0xDF7D, 0xDF7D, 0xDF7D, 0xDF5D, 0xDF5D, 0xDF7D, 0xDF7D, 0xDF7D, 0xDF7D, 0xDF5D, 
  0xDF5D, 0xDF5D, 0xDF5D, 0xDF5D, 0xDF5C, 0xDF5D, 0xDF5D, 0xDF5D, 0xDF5D, 0xD75D, 0xD75C, 0xD73C, 
  0xDF7D, 0xCE99, 0xC5D5, 0xD617, 0x8CB2, 0x84B2, 0x8D13, 0x9D75, 0xA5D7, 0xAE17, 0xBE99, 0xC6DB, 
  0xCF1B, 0xCEFB, 0xCEFB, 0xCEFB, 0xCF1B, 0xCF1B, 0xCF1B, 0xCEFB, 0xBEDA, 0xBEDB, 0xBEDB, 0xB6BA, 
  0xAE79, 0xAE99, 0xB6BA, 0xAE99, 0xAEBA, 0xB699, 0xBEBA, 0xB6BA, 0xB6BA, 0xB6BA, 0xA679, 0xAE99, 
  0xFE16, 0xFE36, 0xFE16, 0xFDF5, 0xFDD5, 0xF594, 0xF5B5, 0xFE98, 0xFE99, 0xFE57, 0xFE78, 0xFE78, 
  0xFE58, 0xFE17, 0xFE17, 0xFE98, 0xFE98, 0xFE98, 0xFE98, 0xFE98, 0xFE98, 0xFE98, 0xFE99, 0xFE99, 
  0xFE99, 0xFE99, 0xFEB9, 0xFEBA, 0xFEBA, 0xFEDA, 0xFF1A, 0xF6DA, 0xC5D5, 0xD617, 0xB533, 0xBD34, 
  0xC554, 0xCDB6, 0xDE17, 0xEE98, 0xF6BA, 0xFEFB, 0xFF1B, 0xFF3B, 0xFEFB, 0xFEDA, 0xFEFB, 0xFF1B, 
  0xFF3B, 0xFF1B, 0xFF1B, 0xFF5C, 0xFF5C, 0xFF1B, 0xFF1B, 0xFF3B, 0xFF1B, 0xFF3C, 0xFF3C, 0xFEFB, 
  0xFF1B, 0xFF3C, 0xFF5C, 0xFF5C, 0xFF3C, 0xFF1B, 0xFF1B, 0xFF3B, 0xFF5C, 0xFF5C, 0xFF5C, 0xFF5C, 
  0xFF5C, 0xFF5C, 0xFF5C, 0xFF5C, 0xF75C, 0xF73B, 0xFF3B, 0xF71B, 0xF75C, 0xF71B, 0xF71C, 0xF73C, 
  0xF75C, 0xF75C, 0xF75C, 0xF75C, 0xF75C, 0xF73B, 0xF75C, 0xEF3B, 0xF75C, 0xF75C, 0xEF5C, 0xEF7C, 
  0xEF5B, 0xEF3B, 0xEF3C, 0xEF5C, 0xF75C, 0xF6FB, 0xEF3B, 0xEF5C, 0xEF5C, 0xEF5C, 0xE75C, 0xE75C, 
  0xE75C, 0xE75C, 0xE75C, 0xE75C, 0xE75C, 0xE75C, 0xE75C, 0xE75C, 0xE75C, 0xE75D, 0xE75C, 0xE75C, 
  0xE75C, 0xE75C, 0xE75C, 0xE75D, 0xE75D, 0xE75D, 0xE75D, 0xE77D, 0xDF7D, 0xDF7D, 0xDF7D, 0xDF5C, 
  0xDF5C, 0xDF5C, 0xDF7D, 0xDF7D, 0xDF7D, 0xDF5D, 0xDF5D, 0xDF5D, 0xDF5D, 0xDF5C, 0xDF5C, 0xDF7D, 
  0xDF7D, 0xDF7D, 0xDF7D, 0xDF5D, 0xDF7D, 0xDF7D, 0xE79D, 0xDF7D, 0xDF7D, 0xDF7D, 0xDF7D, 0xDF5C, 
  0xD75C, 0xD75C, 0xDF5C, 0xDF7D, 0xDF5C, 0xDF7D, 0xDF7D, 0xDF7D, 0xDF7D, 0xDF5C, 0xDF5C, 0xDF7D, 
  0xDF9D, 0xDF7D, 0xDF7D, 0xDF7D, 0xE79D, 0xDF7D, 0xD75D, 0xD75C, 0xD75C, 0xDF5C, 0xDF5D, 0xE77D, 
  0xE77D, 0xDF7D, 0xDF7D, 0xDF7D, 0xDF7D, 0xDF5D, 0xDF7D, 0xDF7D, 0xDF7D, 0xDF7D, 0xDF7D, 0xDF5D, 
  0xDF7D, 0xDF5D, 0xDF5D, 0xDF5C, 0xD73C, 0xD73C, 0xD73C, 0xDF5D, 0xDF5D, 0xDF5D, 0xDF5D, 0xD75C, 
  0xDF7D, 0xD6BA, 0xC5D5, 0xD637, 0x8CB2, 0x8CF3, 0x8D34, 0x9575, 0x9DB6, 0xA617, 0xB679, 0xBEDA, 
  0xAE99, 0xBEDA, 0xBEDA, 0xC6FB, 0xCF1B, 0xCF1B, 0xCF1B, 0xCF1B, 0xBEDA, 0xB6BA, 0xBEBA, 0xB6BA, 
  0xAE99, 0xB6BA, 0xB6BA, 0xB6BA, 0xB69A, 0xB6BA, 0xBEBA, 0xAE99, 0xA679, 0xB6BA, 0xAE79, 0xB69A, 
  0xFE16, 0xFE37, 0xFDF6, 0xFDF6, 0xFE78, 0xFE78, 0xF5D5, 0xF5F6, 0xF5F6, 0xFDF6, 0xFE37, 0xFE37, 
  0xFE57, 0xFE17, 0xFE57, 0xFE98, 0xFE78, 0xFE98, 0xFE98, 0xFE98, 0xFE98, 0xFE98, 0xFE99, 0xFEB9, 
  0xFEB9, 0xFEB9, 0xFEB9, 0xFE78, 0xFE78, 0xFE99, 0xFEDA, 0xF699, 0xC5B6, 0xD637, 0xB533, 0xBD34, 
  0xC575, 0xD5D6, 0xDE17, 0xEE58, 0xF6BA, 0xFF1B, 0xFEDA, 0xFF3C, 0xFF3C, 0xFF3B, 0xFF1B, 0xFF3B, 
  0xFF3B, 0xFF1B, 0xFF3B, 0xFF3B, 0xFEFA, 0xFF1A, 0xFF1B, 0xFF3B, 0xFF3B, 0xFF3B, 0xFF1B, 0xFEDA, 
  0xFF1A, 0xFEFB, 0xFF3C, 0xFF3C, 0xFF1B, 0xFF1B, 0xFEFA, 0xFF1B, 0xFF5C, 0xFF5C, 0xFF5C, 0xFF5C, 
  0xFF5C, 0xFF5C, 0xFF3C, 0xFF5C, 0xFF5C, 0xFF3B, 0xFF3C, 0xFF3B, 0xFF1B, 0xFEFB, 0xFF1B, 0xF73C, 
  0xF73C, 0xF75C, 0xF73B, 0xF73C, 0xF75C, 0xF75C, 0xF75C, 0xF73C, 0xF75C, 0xEF7C, 0xEF5C, 0xEF7C, 
  0xEF7C, 0xEF3C, 0xEF3B, 0xEF3B, 0xEF1B, 0xEEDA, 0xEF1B, 0xEF5C, 0xEF5C, 0xE75C, 0xE75C, 0xE75C, 
  0xEF5C, 0xEF5C, 0xE75C, 0xE75C, 0xE77C, 0xE75C, 0xE75D, 0xE75C, 0xE75D, 0xE75D, 0xE75D, 0xE75D, 
  0xE75C, 0xE75C, 0xE75C, 0xDF5D, 0xE75D, 0xE75D, 0xE75D, 0xE75D, 0xDF7D, 0xE77D, 0xDF7D, 0xDF5C, 
  0xDF5C, 0xDF5C, 0xDF7D, 0xDF7D, 0xDF5D, 0xDF5C, 0xDF5C, 0xDF5C, 0xDF5D, 0xDF5C, 0xDF7D, 0xE77D, 
  0xDF7D, 0xDF5D, 0xDF5D, 0xDF5D, 0xDF7D, 0xDF7D, 0xE79D, 0xDF7D, 0xDF7D, 0xDF7D, 0xDF5C, 0xD75C, 
  0xD75C, 0xD75C, 0xDF5C, 0xDF7D, 0xD75C, 0xD75C, 0xDF5D, 0xDF5D, 0xDF7D, 0xDF5D, 0xD75D, 0xD75D, 
  0xDF5D, 0xDF5D, 0xDF5D, 0xDF7D, 0xE79D, 0xDF7D, 0xD75C, 0xD73C, 0xD73C, 0xD73C, 0xD75D, 0xDF7D, 
  0xE79D, 0xE77D, 0xDF7D, 0xE77D, 0xDF7D, 0xDF5D, 0xDF5D, 0xDF5D, 0xD75D, 0xDF7D, 0xE79D, 0xDF5D, 
  0xDF5D, 0xDF5D, 0xDF5D, 0xDF5D, 0xDF5D, 0xD73C, 0xD73C, 0xDF5C, 0xD75D, 0xD75C, 0xDF5D, 0xDF5C, 
  0xDF7D, 0xD6BA, 0xCDD6, 0xD637, 0x8CB2, 0x8CF3, 0x8D13, 0x9555, 0x9DB6, 0xAE17, 0xB679, 0xB6BA, 
  0xAE79, 0xC71B, 0xC6DB, 0xCEFB, 0xCEFB, 0xCF1B, 0xCEFB, 0xCF1B, 0xC6FB, 0xB6BA, 0xB6BA, 0xBEBA, 
  0xB6BA, 0xAE99, 0xB6BA, 0xB6BA, 0xB6BA, 0xB6BA, 0xB6BA, 0xB6BA, 0xAE99, 0xB699, 0xAE79, 0xB6BA, 
  0xFE57, 0xFE57, 0xFE37, 0xFE77, 0xFE37, 0xFE58, 0xFE98, 0xFE57, 0xF5D5, 0xFDF6, 0xFDF6, 0xFE36, 
  0xFE57, 0xFE37, 0xFE78, 0xFE78, 0xF637, 0xFE98, 0xFE98, 0xFE98, 0xFE98, 0xFE98, 0xFE99, 0xFE99, 
  0xFE78, 0xF616, 0xF616, 0xF636, 0xFE98, 0xFE99, 0xFE99, 0xF678, 0xCDD6, 0xD617, 0xB513, 0xBD13, 
  0xC575, 0xD5D6, 0xDE17, 0xEE38, 0xF6B9, 0xFF1B, 0xFEFA, 0xFF1B, 0xFF5C, 0xFF7C, 0xFF3C, 0xFF1B, 
  0xFF5C, 0xFF1B, 0xFF1B, 0xFF3B, 0xFEFB, 0xFEFB, 0xFEFB, 0xFF3C, 0xFF5C, 0xFF3B, 0xFEFA, 0xFF1B, 
  0xFF1B, 0xFEDA, 0xFF1B, 0xFF3C, 0xFF1B, 0xFF1B, 0xFEFA, 0xFEDA, 0xFF3B, 0xFF5C, 0xFF5C, 0xFF1B, 
  0xFF3B, 0xFF5C, 0xFF5C, 0xFF5C, 0xF75C, 0xF77C, 0xF75C, 0xFF3C, 0xFF3C, 0xFF1B, 0xFF1B, 0xF75C, 
  0xF75C, 0xF75C, 0xF75C, 0xF75C, 0xF75C, 0xF75C, 0xF75C, 0xF71B, 0xF75C, 0xF77C, 0xEF7C, 0xEF7C, 
  0xEF7C, 0xEF5C, 0xEF3B, 0xEF3C, 0xEF3C, 0xEF3B, 0xF73C, 0xEF5C, 0xEF5C, 0xEF5C, 0xE75C, 0xEF5C, 
  0xEF5C, 0xEF5C, 0xEF5C, 0xE75C, 0xE77C, 0xE75C, 0xE75D, 0xE75D, 0xE75D, 0xE75D, 0xE75D, 0xE75D, 
  0xE75C, 0xE75C, 0xE77C, 0xE77D, 0xDF5D, 0xE75D, 0xE75D, 0xE75D, 0xDF7D, 0xE79D, 0xE79D, 0xD75C, 
  0xDF5C, 0xDF5D, 0xDF7D, 0xDF7D, 0xDF5C, 0xDF5C, 0xDF5C, 0xDF5C, 0xDF5C, 0xDF5D, 0xDF7D, 0xDF7D, 
  0xDF7D, 0xDF7D, 0xDF5D, 0xDF5D, 0xDF7D, 0xDF7D, 0xE77D, 0xDF7D, 0xDF7D, 0xDF7D, 0xDF5C, 0xD75C, 
  0xD75C, 0xDF5C, 0xDF7D, 0xDF7D, 0xD75C, 0xD75C, 0xD75D, 0xDF5D, 0xD75D, 0xD75D, 0xD75D, 0xD75D, 
  0xD75D, 0xD75D, 0xDF5D, 0xDF5D, 0xDF5D, 0xD75C, 0xD75C, 0xDF5D, 0xD75D, 0xD75D, 0xD75D, 0xDF5C, 
  0xDF7C, 0xE77D, 0xE77D, 0xE77D, 0xE77D, 0xDF5D, 0xDF5D, 0xDF5D, 0xDF5D, 0xE75D, 0xE77D, 0xE77D, 
  0xDF5D, 0xDF5D, 0xDF5D, 0xDF5D, 0xD73C, 0xDF5C, 0xDF5D, 0xDF5D, 0xD75D, 0xD75C, 0xD75D, 0xD73C, 
  0xDF5D, 0xD6BA, 0xCDD6, 0xD637, 0x8CD2, 0x84B2, 0x84F3, 0x8D34, 0x9DD6, 0xAE38, 0xB679, 0xB679, 
  0xBEDA, 0xC71B, 0xCEFB, 0xCEFB, 0xCF1B, 0xCF1B, 0xC6DB, 0xC6DB, 0xC6FB, 0xBEBA, 0xB699, 0xBEBA, 
  0xB6BA, 0xB699, 0xB6BA, 0xAE99, 0xB699, 0xB6BA, 0xB6BA, 0xB69A, 0xB6BA, 0xAE99, 0x9E38, 0xB6BA, 
  0xFE78, 0xFE57, 0xFE57, 0xFE98, 0xFE78, 0xFE37, 0xFE37, 0xFE57, 0xFE58, 0xFE78, 0xFE98, 0xFE78, 
  0xFE78, 0xFE98, 0xFE98, 0xFE98, 0xFE98, 0xFE98, 0xFE98, 0xFE99, 0xFE99, 0xFE99, 0xFE99, 0xFE99, 
  0xFE98, 0xFE78, 0xFE99, 0xFEB9, 0xFEB9, 0xFEB9, 0xFE58, 0xF678, 0xCDD6, 0xDE17, 0xBD13, 0xBD13, 
  0xC554, 0xD5D6, 0xDE37, 0xEE78, 0xF6BA, 0xFEFB, 0xFF5B, 0xFF5C, 0xFF3B, 0xFF3B, 0xFF1B, 0xFEFA, 
  0xFF5C, 0xFF1B, 0xFF3B, 0xFF5C, 0xFF3B, 0xFF1B, 0xFEFA, 0xFF1B, 0xFF3C, 0xFEDA, 0xFEFA, 0xFF3B, 
  0xFF1B, 0xFF1B, 0xFF3B, 0xFF3C, 0xFEDA, 0xFEFB, 0xFEDA, 0xFEDA, 0xFF1B, 0xFF5C, 0xFF5C, 0xFF3C, 
  0xFF3C, 0xFF5C, 0xFF5C, 0xFF5C, 0xFF5C, 0xFF5C, 0xFF1B, 0xFEDA, 0xFF1B, 0xFF1B, 0xF75B, 0xF75C, 
  0xF75C, 0xF73C, 0xF73B, 0xF75C, 0xF75C, 0xF75C, 0xF75C, 0xF73B, 0xF75C, 0xEF7C, 0xEF5C, 0xEF5C, 
  0xEF5C, 0xEF5C, 0xEF5B, 0xEF3C, 0xEF5C, 0xEF7D, 0xEF5C, 0xEF1C, 0xEF5C, 0xE75C, 0xEF5C, 0xE75D, 
  0xE75C, 0xEF5C, 0xEF5C, 0xE75C, 0xE75C, 0xE75C, 0xE75D, 0xE75D, 0xE75D, 0xE75D, 0xE75C, 0xE75C, 
  0xE75C, 0xE75C, 0xE77D, 0xE77D, 0xE75D, 0xE75D, 0xE75D, 0xE75D, 0xDF5D, 0xE77D, 0xE79E, 0xDF7D, 
  0xDF5D, 0xDF7D, 0xDF7D, 0xDF5D, 0xDF5C, 0xDF5C, 0xDF5C, 0xDF5C, 0xDF5C, 0xDF5C, 0xDF7D, 0xDF7D, 
  0xDF7D, 0xDF5C, 0xDF5C, 0xDF5D, 0xDF5C, 0xDF7D, 0xE79D, 0xDF5C, 0xD75C, 0xDF5C, 0xDF5D, 0xD75C, 
  0xD77C, 0xDF7D, 0xDF7D, 0xD75C, 0xD75C, 0xDF5D, 0xD75D, 0xD75D, 0xD75D, 0xD75D, 0xD75D, 0xD75D, 
  0xD75D, 0xDF5D, 0xDF5D, 0xD75D, 0xD75D, 0xD75C, 0xD75D, 0xD75D, 0xD75D, 0xD75D, 0xD73C, 0xD75C, 
  0xDF7D, 0xDF7C, 0xDF7D, 0xE77D, 0xE77D, 0xDF5D, 0xDF5D, 0xDF5D, 0xDF5D, 0xE77D, 0xDF5D, 0xDF7D, 
  0xE77E, 0xDF5D, 0xD75D, 0xDF5D, 0xDF5D, 0xDF5C, 0xDF5D, 0xDF5D, 0xD75C, 0xD75C, 0xD73C, 0xD73C, 
  0xD75D, 0xD6B9, 0xD5F6, 0xD637, 0x8CB2, 0x7CB2, 0x7CD2, 0x9554, 0xA5D6, 0xAE18, 0xB679, 0xBEDA, 
  0xBEDA, 0xB679, 0xC6FB, 0xCEFB, 0xC6DB, 0xC6DB, 0xB699, 0xBEBB, 0xBEDB, 0xBEDB, 0xB6BA, 0xB699, 
  0xB6BA, 0xB6BA, 0xB6BA, 0xB69A, 0xB6BA, 0xB6BA, 0xAE99, 0xAE99, 0xB699, 0xB6BA, 0xAEB9, 0xB6BA, 
  0xFE98, 0xFE98, 0xFE98, 0xFE78, 0xFE78, 0xFE57, 0xFE57, 0xFE57, 0xFE78, 0xFE78, 0xFE98, 0xFE78, 
  0xFE78, 0xFE98, 0xFE98, 0xFE98, 0xFE98, 0xFE99, 0xFE98, 0xFE99, 0xFE78, 0xFE37, 0xFE78, 0xFEB9, 
  0xFE99, 0xFE99, 0xFE99, 0xFE99, 0xFEB9, 0xFE99, 0xFEB9, 0xF6B9, 0xCDD6, 0xDE37, 0xBD33, 0xBD34, 
  0xC554, 0xD5B6, 0xDE17, 0xEE58, 0xF6BA, 0xFEFB, 0xFF5C, 0xFF7C, 0xFF1A, 0xFED9, 0xFEFA, 0xFEFA, 
  0xFF1B, 0xFF1B, 0xFEFB, 0xFEFA, 0xFEDA, 0xFEFA, 0xFEDA, 0xFEFA, 0xFEDA, 0xFEBA, 0xFEFA, 0xFF1A, 
  0xFF1B, 0xFEFB, 0xFEFB, 0xFF1B, 0xFEDA, 0xFEDA, 0xFEDA, 0xFEFA, 0xFF1B, 0xFF3C, 0xFF3C, 0xFF5C, 
  0xFF7C, 0xF77C, 0xF75C, 0xF75C, 0xFF3B, 0xFF5C, 0xFF5C, 0xFF1B, 0xFEFA, 0xFEFB, 0xF73B, 0xF73C, 
  0xF73C, 0xF71B, 0xF6FB, 0xF6FB, 0xF71B, 0xF75C, 0xF75C, 0xF71B, 0xF73B, 0xEF7C, 0xEF5C, 0xEF5C, 
  0xEF7C, 0xEF5C, 0xEF5C, 0xEF1B, 0xEF3C, 0xEF3C, 0xEF3B, 0xEEFB, 0xEF3B, 0xE75C, 0xEF3C, 0xE75D, 
  0xE75C, 0xEF5C, 0xEF5C, 0xEF5C, 0xEF5C, 0xEF5C, 0xE75C, 0xE75C, 0xE75D, 0xE75C, 0xE75C, 0xE75C, 
  0xE75C, 0xE77C, 0xE77D, 0xE77D, 0xE77D, 0xDF7D, 0xE77D, 0xE77D, 0xE77D, 0xE77D, 0xEF9E, 0xE79D, 
  0xDF7D, 0xDF7D, 0xDF7D, 0xDF7D, 0xDF5C, 0xDF5C, 0xDF7D, 0xDF7D, 0xDF5C, 0xDF5D, 0xDF7D, 0xD75C, 
  0xD73C, 0xD75C, 0xDF5C, 0xDF5D, 0xD75C, 0xDF5D, 0xE79D, 0xDF5C, 0xD75C, 0xDF5D, 0xDF5D, 0xD75C, 
  0xD75C, 0xDF5C, 0xDF7D, 0xDF7D, 0xDF5D, 0xDF5D, 0xD75D, 0xD75D, 0xD75D, 0xD75D, 0xD75D, 0xD75D, 
  0xD75D, 0xDF7D, 0xD75D, 0xD75D, 0xD75D, 0xDF5D, 0xD75D, 0xD75D, 0xD75D, 0xD75D, 0xD75D, 0xDF7D, 
  0xDF7D, 0xDF7D, 0xDF7D, 0xDF7D, 0xDF7D, 0xE77D, 0xE77D, 0xE77D, 0xDF3C, 0xE79D, 0xE77D, 0xDF5D, 
  0xE77D, 0xDF5D, 0xD75D, 0xD75D, 0xD75D, 0xDF5D, 0xDF5D, 0xDF5D, 0xDF5D, 0xDF5D, 0xD75C, 0xD73C, 
  0xD77D, 0xD6B9, 0xD5D6, 0xDE37, 0x8CB2, 0x7CB2, 0x8D13, 0x9575, 0x9D96, 0xAE38, 0xB679, 0xBEBA, 
  0xCEFB, 0xC6DA, 0xC6FB, 0xCF1B, 0xC6DB, 0xBEDA, 0xB699, 0xBEDB, 0xC6FB, 0xBEDB, 0xB6BA, 0xAE79, 
  0xAE99, 0xB6BA, 0xB69A, 0xB69A, 0xB699, 0xB69A, 0xB69A, 0xAE99, 0xAE79, 0xB69A, 0xAE99, 0xA679, 
  0xFE78, 0xFE98, 0xFE78, 0xFE78, 0xFE78, 0xFE57, 0xFE98, 0xFE78, 0xFE57, 0xFE78, 0xFE98, 0xFE78, 
  0xFE57, 0xFE37, 0xFE57, 0xFE78, 0xFE98, 0xFEB9, 0xFE99, 0xFE99, 0xFE98, 0xFE57, 0xFE58, 0xFEB9, 
  0xFE99, 0xFE78, 0xF637, 0xFE99, 0xFEB9, 0xFE99, 0xFEB9, 0xF6B9, 0xD5D6, 0xDE37, 0xBD13, 0xBD14, 
  0xC554, 0xD5B6, 0xDE17, 0xE679, 0xF6DA, 0xFEFB, 0xFEFA, 0xFF3B, 0xFEFA, 0xFEDA, 0xFF1B, 0xFEDA, 
  0xFEDA, 0xFEFA, 0xFEFA, 0xFEFA, 0xFEDA, 0xFEFA, 0xFEDA, 0xFEB9, 0xFED9, 0xFEDA, 0xFEFA, 0xFF1B, 
  0xFEDA, 0xFEFA, 0xFF1C, 0xFF3C, 0xFEFB, 0xFEDA, 0xFEFA, 0xFF1B, 0xFF1B, 0xFF3B, 0xFF5C, 0xFF5C, 
  0xF75C, 0xF77C, 0xF75C, 0xF75C, 0xF75C, 0xF75C, 0xFF5C, 0xFF3C, 0xFF1B, 0xFEFA, 0xFEFA, 0xFEDA, 
  0xF6FB, 0xF75C, 0xF73C, 0xF71B, 0xF73B, 0xF75C, 0xF75C, 0xF73B, 0xF73B, 0xEF5C, 0xEF7C, 0xEF7C, 
  0xEF5C, 0xEF5C, 0xEF5C, 0xEF1B, 0xEF5C, 0xEF5C, 0xEF3B, 0xEF3B, 0xEF3B, 0xEF3C, 0xEF3C, 0xEF5C, 
  0xE75C, 0xEF5C, 0xEF5C, 0xEF5C, 0xE75C, 0xE75C, 0xE75C, 0xE75D, 0xE75D, 0xE75D, 0xE75C, 0xE73C, 
  0xE73C, 0xE75C, 0xE77D, 0xE79D, 0xE77D, 0xE77D, 0xE77D, 0xE77D, 0xE79D, 0xE79D, 0xE79D, 0xEF9D, 
  0xE77D, 0xE79D, 0xDF7D, 0xDF7D, 0xDF7D, 0xDF7D, 0xDF7D, 0xDF7D, 0xDF7D, 0xDF5D, 0xD75C, 0xD75C, 
  0xD73C, 0xDF5C, 0xDF7D, 0xDF5D, 0xDF7D, 0xDF5C, 0xDF5D, 0xD73C, 0xD75C, 0xDF7D, 0xDF5C, 0xD75C, 
  0xD75C, 0xD75C, 0xDF7D, 0xDF7D, 0xDF7D, 0xDF5D, 0xD75D, 0xD75D, 0xD75D, 0xD75D, 0xD75D, 0xD75D, 
  0xD75D, 0xDF5D, 0xDF5D, 0xD75D, 0xD75C, 0xD75C, 0xDF5D, 0xD75D, 0xD75C, 0xDF5D, 0xDF5D, 0xDF5D, 
  0xDF5D, 0xDF7D, 0xDF7D, 0xDF7D, 0xDF7D, 0xE77D, 0xE79D, 0xE79D, 0xE75D, 0xE77D, 0xDF5D, 0xDF5D, 
  0xDF5D, 0xDF7D, 0xD75C, 0xD75C, 0xD75D, 0xDF5D, 0xDF7D, 0xDF5D, 0xDF5D, 0xD75C, 0xD75C, 0xD75C, 
  0xD77D, 0xD6B9, 0xD5D6, 0xDE37, 0x8CB2, 0x7CB2, 0x8D14, 0x8D54, 0x9D96, 0xAE38, 0xAE58, 0xB6BA, 
  0xCF1B, 0xCEFB, 0xC6FB, 0xCEFB, 0xC6DB, 0xC6DA, 0xBEBA, 0xC6DB, 0xCF1B, 0xC6DB, 0xBEBA, 0xAE99, 
  0xA678, 0xB6BA, 0xB69A, 0xB6BA, 0xB69A, 0xB6BA, 0xB6BA, 0xAE99, 0xAE99, 0xAE99, 0x9E78, 0xA679, 
  0xFE57, 0xFE78, 0xFE57, 0xFE57, 0xFE78, 0xFE98, 0xFE98, 0xFE98, 0xFE78, 0xFE57, 0xFE78, 0xFE98, 
  0xFE78, 0xFE57, 0xFE57, 0xFE37, 0xFE98, 0xFEB9, 0xFE99, 0xFE99, 0xFEB9, 0xFE98, 0xFE99, 0xFE99, 
  0xFE98, 0xFE98, 0xFE98, 0xFE99, 0xFEDA, 0xFEB9, 0xFEDA, 0xF698, 0xD5D5, 0xE637, 0xBD13, 0xBD14, 
  0xC554, 0xCD95, 0xDE17, 0xE699, 0xF6DA, 0xFF1B, 0xFF1B, 0xFF1B, 0xFF3C, 0xFF1B, 0xFF1B, 0xFEFB, 
  0xFEFA, 0xFEFA, 0xFEFA, 0xFEFA, 0xFEFA, 0xFF1B, 0xFEFA, 0xFF1B, 0xFF1B, 0xFEDA, 0xFF3B, 0xFF1B, 
  0xFEDA, 0xFEFB, 0xFF1B, 0xFF1B, 0xFEFA, 0xFEDA, 0xFEDA, 0xFEFA, 0xFF1B, 0xFF3B, 0xFF5C, 0xFF5C, 
  0xFF5C, 0xF75C, 0xFF5C, 0xF75C, 0xF77C, 0xFF5C, 0xFF3B, 0xFF3C, 0xFF3C, 0xFF1B, 0xFEFB, 0xFEDA, 
  0xF6FA, 0xF73B, 0xF75C, 0xF75C, 0xF73B, 0xF73B, 0xF75C, 0xF73B, 0xEF5C, 0xEF5C, 0xEF5C, 0xEF5C, 
  0xEF3B, 0xEF5C, 0xEF5C, 0xEF3B, 0xEF5C, 0xEF5C, 0xEF3C, 0xEF1B, 0xEF3B, 0xEF3B, 0xEEFB, 0xEF3C, 
  0xE75C, 0xEF5D, 0xEF5C, 0xEF5C, 0xE75C, 0xE75C, 0xE75C, 0xE75D, 0xE75D, 0xE75D, 0xE75C, 0xE75C, 
  0xE75C, 0xDF5C, 0xE75C, 0xE77D, 0xE77D, 0xE77D, 0xE77D, 0xE77D, 0xE77D, 0xE79D, 0xDF5C, 0xE77D, 
  0xEF9E, 0xE79E, 0xDF7D, 0xDF7D, 0xDF7D, 0xDF7D, 0xDF7D, 0xDF5C, 0xDF5C, 0xDF5C, 0xD73C, 0xD75C, 
  0xD75C, 0xDF5C, 0xDF5D, 0xDF5D, 0xDF5D, 0xDF5C, 0xDF5D, 0xDF5C, 0xDF5C, 0xDF7D, 0xD75C, 0xDF5C, 
  0xD75C, 0xD75C, 0xDF7C, 0xDF7D, 0xDF7D, 0xDF5C, 0xD75D, 0xD75D, 0xD75D, 0xD75D, 0xD75D, 0xD75D, 
  0xD75D, 0xD73C, 0xD73C, 0xD75C, 0xD73C, 0xD73C, 0xDF5D, 0xD75C, 0xDF5D, 0xDF7D, 0xDF5D, 0xDF5D, 
  0xDF5D, 0xDF5D, 0xDF7D, 0xDF7D, 0xE77D, 0xE77D, 0xE77D, 0xE77D, 0xE77D, 0xE77D, 0xDF5D, 0xDF5D, 
  0xDF7D, 0xDF7D, 0xDF5C, 0xD75C, 0xD75D, 0xDF5D, 0xDF5D, 0xDF5D, 0xDF5D, 0xDF5D, 0xD75C, 0xD75C, 
  0xDF7D, 0xD6DA, 0xD5D6, 0xDE37, 0x8CB2, 0x7CB2, 0x8D13, 0x9575, 0xADF7, 0xB638, 0xAE58, 0xBEDA, 
  0xD71C, 0xCF1B, 0xCEFB, 0xCF1C, 0xCEFB, 0xC6DA, 0xC6DB, 0xC6FB, 0xCEFB, 0xCEFC, 0xC6DB, 0xBEDA, 
  0xB6BA, 0xB6BA, 0xAE79, 0xAE99, 0xB6BA, 0xAE99, 0xA679, 0xAE99, 0xAE99, 0xAEB9, 0x9658, 0x9E58, 
  0xFE57, 0xFE78, 0xFE57, 0xFE37, 0xFE77, 0xFE98, 0xFE98, 0xFE98, 0xFE98, 0xFE58, 0xFE57, 0xFE98, 
  0xFE78, 0xFE78, 0xFE98, 0xFE57, 0xFE57, 0xFE77, 0xFE77, 0xFE78, 0xFE98, 0xFEB8, 0xFE99, 0xFE99, 
  0xFE78, 0xFE57, 0xFE57, 0xFE58, 0xFEDA, 0xFEB9, 0xFEB9, 0xF698, 0xD5D6, 0xE637, 0xBD13, 0xBCF3, 
  0xC534, 0xCDB6, 0xDE17, 0xE699, 0xF6DA, 0xFF1B, 0xFF3B, 0xFF3B, 0xFF1B, 0xFF1B, 0xFF1B, 0xFF1B, 
  0xFF1B, 0xFEFA, 0xFEDA, 0xFEFA, 0xFEFB, 0xFEFB, 0xFEDA, 0xFF1B, 0xFF3B, 0xFEFA, 0xFF1B, 0xFEFA, 
  0xFEFA, 0xFEFA, 0xFEFA, 0xFEFA, 0xFEDA, 0xFEDA, 0xFEDA, 0xFEFA, 0xFF3B, 0xFF3B, 0xFF1B, 0xFF5C, 
  0xFF3C, 0xFF5C, 0xFF5C, 0xFF5C, 0xF77C, 0xF73B, 0xFF3C, 0xFF5C, 0xF75C, 0xFEFB, 0xFF1B, 0xFF1B, 
  0xF71B, 0xF71B, 0xF73C, 0xF75C, 0xF75C, 0xF73C, 0xF71B, 0xF71B, 0xEF3B, 0xEF5C, 0xEF5C, 0xEF3B, 
  0xEF3B, 0xF75C, 0xEF5C, 0xEF1B, 0xF6FA, 0xF6FA, 0xEEDA, 0xEF3B, 0xEF5C, 0xEF5C, 0xEF3C, 0xE73C, 
  0xEF5C, 0xEF5C, 0xEF5C, 0xEF5C, 0xE75C, 0xE75C, 0xE75D, 0xE75D, 0xE75D, 0xE75D, 0xE75D, 0xE75C, 
  0xE75C, 0xE75C, 0xDF5C, 0xE75D, 0xDF5D, 0xDF5D, 0xE77D, 0xE77D, 0xE77D, 0xE77D, 0xDF5C, 0xE77D, 
  0xEF9E, 0xE77D, 0xDF7D, 0xDF7D, 0xDF7D, 0xDF7D, 0xDF5D, 0xD73C, 0xD73C, 0xDF5C, 0xDF5C, 0xD73C, 
  0xDF5C, 0xDF7D, 0xDF5C, 0xD73C, 0xDF5C, 0xDF3C, 0xDF5C, 0xDF5C, 0xDF5D, 0xDF7D, 0xD75C, 0xDF5C, 
  0xDF5C, 0xD75C, 0xDF5C, 0xDF7D, 0xDF7D, 0xDF5C, 0xD75C, 0xD75C, 0xD75D, 0xD75D, 0xD75D, 0xDF5D, 
  0xD75D, 0xD75C, 0xD75D, 0xD75D, 0xD75C, 0xDF5C, 0xDF5D, 0xDF5D, 0xDF7D, 0xDF7D, 0xDF5D, 0xD75D, 
  0xDF5D, 0xDF5D, 0xD75C, 0xDF7D, 0xDF7D, 0xDF7D, 0xE77D, 0xDF7D, 0xDF7D, 0xE79D, 0xE77D, 0xDF7D, 
  0xDF5D, 0xDF5D, 0xD75C, 0xD75C, 0xD75C, 0xDF5D, 0xDF5D, 0xDF5D, 0xDF7D, 0xDF5D, 0xD75D, 0xD75C, 
  0xDF7D, 0xD6BA, 0xD5F6, 0xDE37, 0x8CB2, 0x7CB2, 0x8D13, 0x9D75, 0xADF7, 0xB659, 0xB679, 0xC6DB, 
  0xCF1C, 0xCF1B, 0xCF1B, 0xCEFB, 0xCF1C, 0xCF1B, 0xCEFB, 0xCEFB, 0xCF1C, 0xCEFB, 0xC6DB, 0xBEDB, 
  0xBEDB, 0xBEBA, 0xB69A, 0xAE99, 0xB6BA, 0xAE99, 0x9E58, 0xAE99, 0xB699, 0xAE99, 0x9E78, 0xA678, 
  0xFE37, 0xFE57, 0xFE78, 0xFE57, 0xFE57, 0xFE78, 0xFE78, 0xFE98, 0xFE78, 0xFE57, 0xFE78, 0xFE98, 
  0xFE78, 0xFE78, 0xFE98, 0xFE98, 0xFE78, 0xFE98, 0xFE78, 0xFE57, 0xFE78, 0xFEB9, 0xFEB9, 0xFEB9, 
  0xFE78, 0xFE57, 0xFE78, 0xFE78, 0xFE99, 0xFE99, 0xFEB9, 0xF678, 0xDDD6, 0xE637, 0xBD13, 0xBCF3, 
  0xC513, 0xCDB6, 0xDE17, 0xEE58, 0xF6DA, 0xFF3B, 0xFF5C, 0xFF3B, 0xFF1B, 0xFF1B, 0xFF1B, 0xFF3B, 
  0xFF1B, 0xFEDA, 0xFEB9, 0xFEFA, 0xFF1B, 0xFEFA, 0xFEDA, 0xFEDA, 0xFEDA, 0xFEFA, 0xFF1B, 0xFF3C, 
  0xFF1B, 0xFEDA, 0xFEDA, 0xFF3B, 0xFF1B, 0xFEDA, 0xFEFA, 0xFF1B, 0xFF3C, 0xFF3C, 0xFF3B, 0xFF5C, 
  0xFF3C, 0xFF3C, 0xFF3B, 0xFF5C, 0xFF5C, 0xFF3B, 0xF71B, 0xFF5C, 0xF75C, 0xFF1B, 0xFF1C, 0xF71B, 
  0xF73C, 0xF71B, 0xF73B, 0xF75C, 0xF75C, 0xF75C, 0xF75C, 0xF73B, 0xF71B, 0xEF3B, 0xEF5C, 0xEF5C, 
  0xEF5C, 0xEF3C, 0xEF3B, 0xEF1B, 0xEEFA, 0xEF1B, 0xEF1B, 0xEF5C, 0xE75C, 0xEF5C, 0xEF5C, 0xEF5C, 
  0xEF3C, 0xEF5C, 0xEF5C, 0xEF5C, 0xE75C, 0xE77C, 0xE77D, 0xE75D, 0xE75D, 0xE75D, 0xE75D, 0xE75C, 
  0xE75C, 0xE75C, 0xDF5D, 0xE77D, 0xE75D, 0xDF5D, 0xDF5D, 0xE77D, 0xE77D, 0xDF7D, 0xDF5C, 0xDF7C, 
  0xE79D, 0xE77D, 0xDF7D, 0xDF7D, 0xDF7D, 0xDF7D, 0xDF5C, 0xD73C, 0xDF5C, 0xDF5C, 0xD75C, 0xD75C, 
  0xD73C, 0xDF5C, 0xD73C, 0xD73C, 0xD73C, 0xD73C, 0xD75C, 0xDF7D, 0xDF7D, 0xDF7D, 0xDF7D, 0xD75C, 
  0xD75C, 0xD75C, 0xDF5C, 0xDF7D, 0xDF5C, 0xDF5C, 0xD75C, 0xD75D, 0xD75D, 0xD75D, 0xD75D, 0xDF7D, 
  0xD75D, 0xD75D, 0xD75D, 0xD75C, 0xD75C, 0xDF5D, 0xDF5D, 0xDF5D, 0xDF7D, 0xDF7D, 0xDF5D, 0xD75D, 
  0xD75D, 0xD75C, 0xD75D, 0xDF5D, 0xE77D, 0xDF7D, 0xDF7D, 0xDF7D, 0xDF5D, 0xDF7D, 0xE77D, 0xE77D, 
  0xE77D, 0xD75C, 0xD73C, 0xD75C, 0xD75C, 0xD75C, 0xDF5D, 0xDF5D, 0xDF5D, 0xD75C, 0xD75D, 0xD73C, 
  0xD75D, 0xD69A, 0xDDF6, 0xDE37, 0x8CB2, 0x84D2, 0x9534, 0x9D75, 0xADF7, 0xAE18, 0xB679, 0xCEFB, 
  0xCF1C, 0xC6DA, 0xC6FB, 0xD73C, 0xD73C, 0xD73C, 0xC6FB, 0xBEBA, 0xBEDA, 0xBEBA, 0xB6BA, 0xB6BA, 
  0xB6BA, 0xB6BA, 0xB6BA, 0xB69A, 0xB699, 0xAE99, 0x9E58, 0xAE99, 0xB69A, 0xAE99, 0xAE99, 0xA679, 
  0xFE37, 0xFE57, 0xFE78, 0xFE78, 0xFE57, 0xFE57, 0xFE78, 0xFE78, 0xFE98, 0xFE98, 0xFE99, 0xFE99, 
  0xFE98, 0xFE57, 0xFE57, 0xFE78, 0xFE58, 0xFE78, 0xFE37, 0xFE57, 0xFE98, 0xFEB9, 0xFEB9, 0xFE99, 
  0xFE99, 0xFE99, 0xFE99, 0xFE99, 0xFE98, 0xFE78, 0xFEB9, 0xF678, 0xDDD5, 0xEE37, 0xBD13, 0xBD13, 
  0xC534, 0xCDB6, 0xDE38, 0xE679, 0xF6DA, 0xFF1B, 0xFF5C, 0xFF3B, 0xFF5C, 0xFF3B, 0xFF1B, 0xFF3C, 
  0xFF1B, 0xFF1B, 0xFEDA, 0xFEFA, 0xFEDA, 0xFF1B, 0xFEFA, 0xFEDA, 0xFEDA, 0xFEFB, 0xFF5C, 0xFF5C, 
  0xFF5C, 0xFF3C, 0xFEFB, 0xFF1B, 0xFF3B, 0xFEFB, 0xFF1B, 0xFEDA, 0xFEFB, 0xFF1B, 0xFF3B, 0xFF5C, 
  0xFF3C, 0xFF5C, 0xFF5C, 0xFF5C, 0xFF5C, 0xFF5C, 0xFF5C, 0xFF1C, 0xF75C, 0xFF1B, 0xFF3C, 0xF71B, 
  0xF73C, 0xF73C, 0xF73C, 0xF77D, 0xEF5C, 0xF75C, 0xF75C, 0xEF5C, 0xF73C, 0xF71B, 0xEEFA, 0xEF5C, 
  0xEF5C, 0xEF3C, 0xEF3B, 0xEF1B, 0xEF3C, 0xE75C, 0xE75C, 0xE75C, 0xEF5C, 0xEF5C, 0xE73C, 0xE73C, 
  0xEF5C, 0xEF5C, 0xEF5C, 0xEF5C, 0xE75C, 0xE77C, 0xE77D, 0xE75C, 0xE77C, 0xE77D, 0xE75C, 0xE75C, 
  0xE75D, 0xE75D, 0xDF5D, 0xE77D, 0xE75D, 0xE75D, 0xDF5D, 0xDF7D, 0xDF7D, 0xDF7D, 0xDF5D, 0xDF7D, 
  0xEF9D, 0xEF9E, 0xE79E, 0xE77D, 0xDF7D, 0xDF5C, 0xDF5C, 0xDF5C, 0xDF5C, 0xDF3C, 0xD73C, 0xD73C, 
  0xD75C, 0xD73C, 0xD73C, 0xD73C, 0xD75C, 0xD75C, 0xD75C, 0xDF5D, 0xDF7D, 0xDF5C, 0xDF7D, 0xDF7D, 
  0xDF5C, 0xDF5C, 0xDF5C, 0xDF5D, 0xDF5D, 0xDF5C, 0xD75D, 0xD75D, 0xD75D, 0xD75D, 0xD75D, 0xDF5D, 
  0xDF5D, 0xDF5C, 0xDF7D, 0xDF5C, 0xD75C, 0xDF5D, 0xDF7D, 0xDF7D, 0xDF7D, 0xDF7D, 0xDF7D, 0xD75D, 
  0xD75C, 0xD73C, 0xD75D, 0xD75D, 0xDF7D, 0xE77D, 0xE77D, 0xDF7D, 0xD75C, 0xD75D, 0xDF5D, 0xE77D, 
  0xE77D, 0xDF5C, 0xD73C, 0xD75C, 0xD75C, 0xD75C, 0xD75C, 0xDF5D, 0xDF7D, 0xDF5D, 0xDF5D, 0xDF5C, 
  0xDF7D, 0xD6BA, 0xDDD6, 0xE637, 0x94B2, 0x84D2, 0x8D13, 0x8D54, 0x9DB6, 0xAE38, 0xBE99, 0xCEDB, 
  0xD71C, 0xC6FB, 0xC6FB, 0xD73C, 0xD73C, 0xD71C, 0xCEFB, 0xC6FB, 0xC6DB, 0xC6FB, 0xC6DB, 0xC6DB, 
  0xBEDA, 0xB6BA, 0xB6BA, 0xB699, 0xAE99, 0xB6B9, 0xAEB9, 0x9E58, 0xAE9A, 0xB699, 0xB6BA, 0x9637, 
  0xFE78, 0xFE78, 0xFE78, 0xFE98, 0xFE99, 0xFE78, 0xFE57, 0xFE78, 0xFE98, 0xFE78, 0xFE99, 0xFE57, 
  0xFE16, 0xFE78, 0xFE57, 0xFE78, 0xFE78, 0xFE57, 0xFE37, 0xFE57, 0xFE98, 0xFE99, 0xFEB9, 0xFEB9, 
  0xFEB9, 0xFEB9, 0xFE99, 0xFE99, 0xFE99, 0xFE99, 0xFEB9, 0xF678, 0xDDD6, 0xEE37, 0xC513, 0xBD13, 
  0xC554, 0xCDD6, 0xDE38, 0xE699, 0xF6DA, 0xFF1B, 0xFF5C, 0xFF5C, 0xFF5C, 0xFF5C, 0xFF5C, 0xFF5C, 
  0xFF3C, 0xFF3B, 0xFF1B, 0xFEFB, 0xFEFA, 0xFEFA, 0xFEFA, 0xFEDA, 0xFEBA, 0xFED9, 0xFEDA, 0xFF1B, 
  0xFF5C, 0xFF7C, 0xFF5C, 0xFEFB, 0xFF3B, 0xFF3C, 0xFEFB, 0xFF1B, 0xFF1B, 0xFF3C, 0xFF3C, 0xFF3C, 
  0xFF5C, 0xFF5C, 0xFF5C, 0xFF5C, 0xFF3C, 0xFF3C, 0xFF5C, 0xFF3B, 0xFF3C, 0xF73B, 0xFF1B, 0xFF1B, 
  0xF6FB, 0xF71B, 0xF75C, 0xF75C, 0xF75C, 0xF75C, 0xF75C, 0xF75C, 0xF75C, 0xF75C, 0xF73B, 0xF73C, 
  0xEF3C, 0xEF5C, 0xEF3C, 0xEEFB, 0xEF3B, 0xEF5C, 0xEF5C, 0xEF5C, 0xEF5C, 0xE75C, 0xEF3C, 0xE71B, 
  0xEF5C, 0xEF5C, 0xEF5C, 0xEF5C, 0xEF5D, 0xE75D, 0xE75D, 0xE75C, 0xE75C, 0xE79D, 0xE77D, 0xE75C, 
  0xE75D, 0xE75D, 0xE77D, 0xE77D, 0xE77D, 0xE77D, 0xE77D, 0xDF7D, 0xDF7D, 0xDF5D, 0xDF5C, 0xDF5D, 
  0xE79D, 0xEF9E, 0xEF9E, 0xE79D, 0xDF7D, 0xDF5C, 0xDF5C, 0xDF5C, 0xD73C, 0xDF5C, 0xD75C, 0xD73C, 
  0xD75C, 0xD75C, 0xD73C, 0xD75C, 0xDF5C, 0xD75C, 0xD75C, 0xDF5C, 0xDF5C, 0xDF5C, 0xDF7D, 0xDF5D, 
  0xDF5C, 0xDF5D, 0xDF5D, 0xDF7D, 0xDF7D, 0xDF5D, 0xD75C, 0xD75D, 0xD75D, 0xD75C, 0xD75D, 0xDF5C, 
  0xDF5C, 0xDF7D, 0xDF7D, 0xDF7D, 0xDF5C, 0xDF5D, 0xDF7D, 0xDF7D, 0xDF7D, 0xDF7D, 0xDF5D, 0xD75D, 
  0xD73C, 0xD73C, 0xD73C, 0xDF5D, 0xDF5C, 0xE77D, 0xE79D, 0xDF5D, 0xD75C, 0xD75C, 0xD75C, 0xDF5D, 
  0xE77D, 0xE77D, 0xDF7D, 0xDF5D, 0xDF5C, 0xD75C, 0xD75C, 0xD75C, 0xDF5D, 0xDF7D, 0xDF7D, 0xE77D, 
  0xDF7D, 0xD6BA, 0xDDD6, 0xE637, 0x94B2, 0x7CB2, 0x8CF3, 0x9555, 0xA5D7, 0xB658, 0xBE9A, 0xC6DA, 
  0xCF1C, 0xC6FB, 0xC6FB, 0xCF1B, 0xCF1B, 0xD71C, 0xD71C, 0xD71C, 0xD6FC, 0xD6FB, 0xCEFB, 0xCEFB, 
  0xC6FB, 0xC6FB, 0xB6BA, 0xAE99, 0xB699, 0xB69A, 0xAEB9, 0x9E58, 0xAE99, 0xB69A, 0xB6BA, 0xB6DA, 
  0xFE78, 0xFE78, 0xFE78, 0xFE98, 0xFED9, 0xFE98, 0xFE78, 0xFE58, 0xFE78, 0xFE16, 0xFE16, 0xFDB5, 
  0xFDB5, 0xFE78, 0xFE57, 0xFE58, 0xFE78, 0xFE78, 0xFE36, 0xFE78, 0xFE98, 0xFEB8, 0xFEB9, 0xFE99, 
  0xFEB9, 0xFEB9, 0xFE99, 0xFE99, 0xFEB9, 0xFEB9, 0xFE99, 0xF678, 0xDDD6, 0xEE37, 0xBD13, 0xBD13, 
  0xC554, 0xCDB6, 0xDE37, 0xE699, 0xF6FB, 0xFF5C, 0xFF9D, 0xFF7C, 0xFF5C, 0xFF5C, 0xFF5C, 0xFF5C, 
  0xFF5C, 0xFF3B, 0xFF1B, 0xFF1B, 0xFF3B, 0xFEDA, 0xFEFA, 0xFF1B, 0xFEFA, 0xFEDA, 0xFEDA, 0xFEDA, 
  0xFF1B, 0xFF5C, 0xFF5C, 0xFEDA, 0xFEFA, 0xFF3B, 0xFF1B, 0xFF3C, 0xFF3C, 0xFF3B, 0xFEFB, 0xFF1B, 
  0xFF5C, 0xFF5C, 0xFF5C, 0xFF1B, 0xFF1B, 0xFF3C, 0xFF3B, 0xFF3B, 0xFF1B, 0xF75C, 0xFF1B, 0xFEDA, 
  0xFEDA, 0xFEDA, 0xF73B, 0xF73B, 0xF73C, 0xF75C, 0xEF5C, 0xEF5C, 0xEF5C, 0xF75C, 0xF75C, 0xEF5C, 
  0xEF3B, 0xEF5C, 0xEF5C, 0xEF5C, 0xEF1C, 0xEF3C, 0xEF5C, 0xEF3C, 0xEF3B, 0xEF5C, 0xEF5C, 0xE73B, 
  0xEF1B, 0xEF3C, 0xE75C, 0xE75C, 0xEF5D, 0xE75C, 0xE75C, 0xE75D, 0xE75C, 0xE75C, 0xE75C, 0xE75C, 
  0xE75C, 0xE75D, 0xE75D, 0xE77D, 0xE79E, 0xEF9E, 0xE77D, 0xDF5C, 0xDF5C, 0xDF5D, 0xDF5C, 0xDF5C, 
  0xDF7D, 0xE79E, 0xEF9E, 0xEFBE, 0xE79D, 0xDF5C, 0xDF5D, 0xDF5D, 0xDF5C, 0xDF5C, 0xD73C, 0xD73C, 
  0xD75C, 0xD75C, 0xD75C, 0xD75C, 0xD75C, 0xD73C, 0xD73C, 0xDF5C, 0xDF7D, 0xDF7D, 0xDF5D, 0xDF5C, 
  0xDF5C, 0xDF5C, 0xDF5D, 0xDF7D, 0xDF7D, 0xDF7D, 0xDF5D, 0xD75D, 0xD75C, 0xD75C, 0xD75C, 0xDF7D, 
  0xDF7D, 0xDF7D, 0xDF7D, 0xDF7D, 0xDF5C, 0xDF7D, 0xDF5D, 0xD75C, 0xD75C, 0xD73C, 0xD73C, 0xD75C, 
  0xD75C, 0xDF5C, 0xDF5C, 0xDF7D, 0xDF7D, 0xE77D, 0xE79D, 0xDF5D, 0xD75C, 0xD75D, 0xD75C, 0xD75C, 
  0xDF5D, 0xE77D, 0xE79D, 0xE77D, 0xDF7D, 0xDF5D, 0xD75C, 0xD75C, 0xD75C, 0xDF5D, 0xE77D, 0xE79E, 
  0xE79E, 0xD6BA, 0xDDD6, 0xE637, 0x94D2, 0x7CB2, 0x8D14, 0x9D96, 0xADF7, 0xB638, 0xC6BA, 0xC6FB, 
  0xC6DA, 0xC6FB, 0xCEFB, 0xCF1C, 0xCEFB, 0xCEFB, 0xC6FB, 0xCEFB, 0xCF1C, 0xCEFB, 0xC6DB, 0xC6FB, 
  0xC6FB, 0xC6DA, 0xB6BA, 0xAE99, 0xB6BA, 0xB6BA, 0xB699, 0xAE99, 0xB6BA, 0xB69A, 0xB6BA, 0xB6BA, 
  0xFE77, 0xFE57, 0xFE77, 0xFE78, 0xFE98, 0xFE78, 0xFE98, 0xFE78, 0xFE77, 0xFE77, 0xFE16, 0xFE16, 
  0xFD94, 0xFDD5, 0xFE58, 0xFE37, 0xFE16, 0xFE78, 0xF5D5, 0xFE16, 0xFE98, 0xFE37, 0xFE37, 0xFE98, 
  0xFE99, 0xFEB9, 0xFEB9, 0xFE98, 0xFE99, 0xFEB9, 0xFEB9, 0xFE78, 0xE5D6, 0xEE37, 0xBD13, 0xBD13, 
  0xC554, 0xD5B5, 0xDE17, 0xE679, 0xF6DA, 0xFF5C, 0xFF9D, 0xFF5C, 0xFF3C, 0xFF5C, 0xFF3C, 0xFF5C, 
  0xFF7C, 0xFF5C, 0xFF3C, 0xFF5C, 0xFF3C, 0xFF1B, 0xFF3C, 0xFF3B, 0xFEFA, 0xFEDA, 0xFEDA, 0xFEBA, 
  0xFEDA, 0xFEFA, 0xFF3B, 0xFF1B, 0xFEDA, 0xFEFA, 0xFF1B, 0xFF1B, 0xFEFB, 0xFEFA, 0xFEFA, 0xFF3B, 
  0xFF5C, 0xFF5C, 0xFF5C, 0xFF5C, 0xFEDA, 0xFF1B, 0xFF3B, 0xFF3C, 0xFF3C, 0xF73B, 0xFF5C, 0xFEFB, 
  0xFEDA, 0xFEFB, 0xF71B, 0xF73B, 0xF73C, 0xF73C, 0xF73C, 0xF75C, 0xEF5C, 0xEF3B, 0xEF5C, 0xEF5C, 
  0xEF3B, 0xEF5C, 0xEF5C, 0xEF5C, 0xEF3C, 0xEF3B, 0xEF5B, 0xEF5C, 0xEF3C, 0xEF5C, 0xEF5C, 0xEF5C, 
  0xEF3B, 0xEEFB, 0xE73B, 0xE75C, 0xEF5C, 0xE73B, 0xE73C, 0xE77C, 0xE77C, 0xE75C, 0xE73C, 0xE73C, 
  0xE75C, 0xE75D, 0xE75D, 0xE77D, 0xE79E, 0xEF9E, 0xDF5D, 0xDF5C, 0xDF5D, 0xDF5D, 0xDF7D, 0xDF5C, 
  0xDF5C, 0xE77D, 0xE79D, 0xE79D, 0xE79D, 0xE77D, 0xE77D, 0xDF5C, 0xDF5C, 0xDF5C, 0xD75C, 0xD73C, 
  0xD73C, 0xD75C, 0xD75D, 0xD75D, 0xD75C, 0xD75C, 0xD75C, 0xD75C, 0xDF5C, 0xDF7D, 0xDF5D, 0xDF5C, 
  0xD75C, 0xD75C, 0xDF5D, 0xE77D, 0xE79D, 0xE79D, 0xDF7D, 0xDF5D, 0xD75D, 0xD75C, 0xD75D, 0xDF5D, 
  0xDF5D, 0xDF5D, 0xDF7D, 0xDF5D, 0xDF5C, 0xDF7D, 0xD75D, 0xD75C, 0xD75C, 0xD75C, 0xD75D, 0xDF5D, 
  0xDF5D, 0xD75D, 0xDF5D, 0xDF7D, 0xDF5D, 0xDF5C, 0xDF7D, 0xDF7D, 0xD75C, 0xD75D, 0xD73C, 0xD75D, 
  0xDF5D, 0xE77D, 0xE79D, 0xE77D, 0xDF5C, 0xD75C, 0xD75C, 0xDF5D, 0xDF5D, 0xDF7D, 0xDF7D, 0xDF5D, 
  0xDF9D, 0xD6BA, 0xE5D6, 0xEE37, 0x94D2, 0x84D3, 0x8D14, 0x9D75, 0xA5D6, 0xB638, 0xBE99, 0xAE99, 
  0xAEB9, 0xBEDB, 0xCEFB, 0xCEFB, 0xCEFB, 0xBEDA, 0xBEDA, 0xBEDA, 0xC6DB, 0xBEDA, 0xBEDA, 0xBEDB, 
  0xBEDA, 0xB6BA, 0xB6BA, 0xB6BA, 0xB6BA, 0xBEBA, 0xBEBA, 0xBEBA, 0xBEBA, 0xB6BA, 0xB6BA, 0xB69A, 
  0xFE16, 0xFE37, 0xFE57, 0xFE78, 0xFE78, 0xFE78, 0xFE98, 0xFE99, 0xFE78, 0xFE98, 0xFE58, 0xFE58, 
  0xFE57, 0xF5D5, 0xFE37, 0xFE37, 0xFE16, 0xFE17, 0xFE37, 0xFE37, 0xFE99, 0xFE37, 0xFDF6, 0xFE78, 
  0xFE99, 0xFE99, 0xFE99, 0xFEB9, 0xFEB9, 0xFEB9, 0xFEBA, 0xFE99, 0xE5D6, 0xEE57, 0xBCF3, 0xBCF2, 
  0xC533, 0xD595, 0xDE17, 0xE699, 0xF6DA, 0xFF3C, 0xFF7C, 0xFF3C, 0xFF5C, 0xFF5C, 0xFF1B, 0xFF3C, 
  0xFF3C, 0xFF3C, 0xFF3C, 0xFF5C, 0xFF5C, 0xFF1B, 0xFF3C, 0xFF5C, 0xFF3C, 0xFF1B, 0xFEDA, 0xFEFB, 
  0xFEDA, 0xFEFA, 0xFF3C, 0xFF3C, 0xFEFA, 0xFEDA, 0xFEFB, 0xFF1B, 0xFEDA, 0xFEDA, 0xFF1B, 0xFF3C, 
  0xFF5C, 0xFF5C, 0xFF5C, 0xFF5C, 0xFF3C, 0xFF1B, 0xFF3B, 0xFF1B, 0xFF5D, 0xF75C, 0xF73C, 0xFF5C, 
  0xFF5C, 0xF71B, 0xF71B, 0xF73C, 0xF73C, 0xF75C, 0xF73C, 0xF73B, 0xF73C, 0xF73B, 0xEF5C, 0xEF5C, 
  0xEF3C, 0xEF5C, 0xEF5C, 0xEF7C, 0xEF5C, 0xEEFB, 0xEF3C, 0xEF5C, 0xEF3C, 0xEF3C, 0xEF3C, 0xEF5C, 
  0xEF5C, 0xEF1B, 0xEF1B, 0xE73C, 0xE75C, 0xE75C, 0xE75C, 0xE75C, 0xE75C, 0xE75C, 0xE75C, 0xE75C, 
  0xE75C, 0xE75D, 0xDF5D, 0xE77D, 0xEF9E, 0xE79D, 0xDF5D, 0xDF7D, 0xDF7D, 0xDF7D, 0xDF7D, 0xDF5D, 
  0xDF5D, 0xDF7D, 0xDF7D, 0xE77D, 0xE79E, 0xEF9D, 0xEFBE, 0xE77D, 0xDF5C, 0xDF5C, 0xDF5C, 0xD75C, 
  0xD75C, 0xD75C, 0xD75D, 0xD75C, 0xD75C, 0xD75C, 0xD75C, 0xD73C, 0xDF5C, 0xE77D, 0xDF5C, 0xDF5C, 
  0xD75C, 0xD75C, 0xDF5C, 0xDF7D, 0xE77D, 0xDF7D, 0xE77D, 0xDF5D, 0xD75D, 0xD75D, 0xDF5D, 0xDF7D, 
  0xDF5D, 0xDF5C, 0xDF5C, 0xDF7D, 0xDF5C, 0xD75C, 0xDF5D, 0xD75D, 0xD75C, 0xD75C, 0xD73C, 0xD75D, 
  0xD73C, 0xD75C, 0xDF7D, 0xDF7D, 0xDF5D, 0xDF5C, 0xD75C, 0xD75D, 0xDF5C, 0xDF5C, 0xD75C, 0xDF7D, 
  0xE77D, 0xE77D, 0xDF5D, 0xE77D, 0xDF7D, 0xD75C, 0xDF5C, 0xDF5D, 0xDF7D, 0xDF5D, 0xDF5D, 0xDF5D, 
  0xDF7D, 0xD6BA, 0xE5D6, 0xEE37, 0x8CB2, 0x84D2, 0x9534, 0x9D75, 0x9DB6, 0xB638, 0xB678, 0xB6B9, 
  0xB6DA, 0xB6DA, 0xB6DA, 0xC6FB, 0xCF1C, 0xC6FB, 0xC6FB, 0xBEDA, 0xBEDA, 0xC6FB, 0xC6DB, 0xBEDA, 
  0xBEDA, 0xBEBA, 0xAE99, 0x9E58, 0xB6BA, 0xB6BA, 0xB6BA, 0xB6BA, 0xB6BA, 0xA679, 0xAE99, 0xB6BA, 
  0xFDD5, 0xFE16, 0xFE16, 0xFE37, 0xFE78, 0xFE58, 0xFE78, 0xFE78, 0xFE78, 0xFE78, 0xFE57, 0xFE37, 
  0xFE78, 0xFE57, 0xFE57, 0xFE57, 0xFE36, 0xFE57, 0xFE98, 0xFE98, 0xFE98, 0xFE17, 0xFDB5, 0xFDF6, 
  0xFE16, 0xFE58, 0xFE78, 0xFE78, 0xFE78, 0xFE57, 0xFE58, 0xF657, 0xE5D5, 0xF657, 0xBD13, 0xBCF3, 
  0xC534, 0xD595, 0xDE17, 0xE699, 0xF6FA, 0xFF3C, 0xFF5C, 0xFF5C, 0xFF5C, 0xFF5C, 0xFF3C, 0xFF3C, 
  0xFF1B, 0xFF1B, 0xFF3C, 0xFF3C, 0xFF1B, 0xFF1B, 0xFF3C, 0xFF3C, 0xFF5C, 0xFF3C, 0xFF1B, 0xFF5C, 
  0xFF1B, 0xFF1B, 0xFF1B, 0xFEFA, 0xFEFA, 0xFEFA, 0xFEFB, 0xFEFA, 0xFEDA, 0xFEDA, 0xFF1B, 0xFF3C, 
  0xFF5C, 0xFF5C, 0xFF5C, 0xFF5C, 0xFF5D, 0xFF5C, 0xFF5C, 0xF75C, 0xF75C, 0xF71B, 0xFF1B, 0xF73C, 
  0xF77C, 0xF73B, 0xF6FB, 0xF73C, 0xF71B, 0xF73C, 0xF77C, 0xF73B, 0xF6FB, 0xF71B, 0xF73C, 0xF73C, 
  0xF75C, 0xEF5C, 0xEF5C, 0xEF7C, 0xEF5C, 0xEF3C, 0xEF3C, 0xEF3B, 0xEEDA, 0xEF1B, 0xEF5C, 0xEF5C, 
  0xEF5C, 0xEF5C, 0xE73C, 0xE75C, 0xE75C, 0xE75C, 0xE77C, 0xE75C, 0xE75C, 0xE77C, 0xE77C, 0xDF5C, 
  0xE75C, 0xE75D, 0xE75D, 0xE75D, 0xE79D, 0xE79D, 0xDF7D, 0xDF7D, 0xDF7D, 0xDF5D, 0xDF5C, 0xDF5D, 
  0xDF5D, 0xDF7D, 0xDF5C, 0xDF7D, 0xEFBE, 0xEF9E, 0xE79D, 0xEFBE, 0xE79D, 0xDF5C, 0xDF5C, 0xD73C, 
  0xD73C, 0xD75C, 0xD75C, 0xD73C, 0xD73C, 0xD75C, 0xD75C, 0xD75C, 0xDF7D, 0xE79D, 0xDF7D, 0xDF5C, 
  0xDF5C, 0xD75C, 0xDF3C, 0xDF5C, 0xDF5D, 0xDF7D, 0xDF7D, 0xDF5D, 0xD75D, 0xD75D, 0xDF5D, 0xDF7D, 
  0xDF5D, 0xDF5C, 0xDF5C, 0xDF7D, 0xDF7D, 0xDF5D, 0xD75D, 0xD75D, 0xD75D, 0xDF5D, 0xD75C, 0xD75D, 
  0xD75C, 0xD75C, 0xDF7D, 0xDF7D, 0xDF5D, 0xD75C, 0xD75C, 0xD75D, 0xDF7D, 0xDF5C, 0xDF7C, 0xDF7D, 
  0xE79D, 0xE77D, 0xDF5D, 0xDF7D, 0xDF5C, 0xD73C, 0xDF5C, 0xDF7D, 0xDF7D, 0xDF5D, 0xDF5D, 0xD75C, 
  0xD77D, 0xD6B9, 0xE5F6, 0xEE37, 0x8CD2, 0x84F3, 0x9554, 0x9D95, 0xA5D6, 0xB638, 0xBE79, 0xC6DB, 
  0xBEDA, 0xBEDA, 0xBEDA, 0xBEDA, 0xC6FB, 0xC6FB, 0xC6DB, 0xBEDA, 0xB6BA, 0xB6BA, 0xBEDA, 0xBEDA, 
  0xB6B9, 0xB6BA, 0x9E58, 0x9637, 0xB69A, 0xAE99, 0xB6BA, 0xB6BA, 0xB6BA, 0xB699, 0xB6BA, 0xB6BA, 
  0xFDF6, 0xFDD5, 0xFDD5, 0xFD74, 0xFE16, 0xFE57, 0xFE57, 0xFE36, 0xFE77, 0xFE37, 0xFE17, 0xFE37, 
  0xFE98, 0xFE58, 0xFE57, 0xFE58, 0xFE37, 0xFE37, 0xFE98, 0xFE98, 0xFE78, 0xFE57, 0xFE37, 0xFE36, 
  0xFE16, 0xFDF6, 0xFE15, 0xF616, 0xFE57, 0xFE57, 0xFE57, 0xF637, 0xE5B5, 0xF657, 0xBD33, 0xBD34, 
  0xC554, 0xD5B6, 0xDE17, 0xEE79, 0xF6FA, 0xFF5C, 0xFF7C, 0xFF7D, 0xFF7C, 0xFF5C, 0xFF5C, 0xFF3C, 
  0xFF1C, 0xFF3C, 0xFF3C, 0xFF3C, 0xFF3C, 0xFF1B, 0xFF3C, 0xFF1B, 0xFF3C, 0xFF5C, 0xFF3C, 0xFF3C, 
  0xFF1B, 0xFEFB, 0xFF1B, 0xFF1B, 0xFEDA, 0xFEFB, 0xFF1B, 0xFF1B, 0xFEFA, 0xFEFA, 0xFF3B, 0xFF3C, 
  0xFF3B, 0xFF3C, 0xFF7C, 0xFF5C, 0xFF5C, 0xFF5C, 0xFF5C, 0xFF5C, 0xF75C, 0xF73B, 0xFF3B, 0xFF5C, 
  0xF75C, 0xF73C, 0xF71C, 0xF73C, 0xF73C, 0xF73C, 0xF75C, 0xF75C, 0xF71B, 0xF71B, 0xEF5C, 0xEF3B, 
  0xEF5C, 0xEF5C, 0xEF5C, 0xEF5C, 0xEF5C, 0xEF5C, 0xEF3C, 0xEF3C, 0xEF1B, 0xEF3C, 0xEF5C, 0xEF5C, 
  0xEF5C, 0xE73C, 0xE71B, 0xEF3C, 0xE75C, 0xE75C, 0xE77C, 0xE77C, 0xE75C, 0xE73C, 0xE75C, 0xDF5C, 
  0xE73C, 0xE75C, 0xE75D, 0xE75D, 0xE75D, 0xDF5D, 0xDF7D, 0xDF7D, 0xDF5D, 0xDF5C, 0xDF5C, 0xDF5C, 
  0xDF5D, 0xDF7D, 0xDF5C, 0xDF5C, 0xE79D, 0xE79E, 0xE79D, 0xE79D, 0xEF9E, 0xE79D, 0xE79D, 0xDF7D, 
  0xD73C, 0xD73C, 0xD73C, 0xD73C, 0xD73C, 0xD73C, 0xDF5D, 0xD75C, 0xDF5D, 0xE79D, 0xDF7D, 0xDF5C, 
  0xDF5C, 0xDF5C, 0xDF5C, 0xDF5C, 0xDF5C, 0xDF5C, 0xD75C, 0xD75D, 0xD75C, 0xD75D, 0xD75D, 0xDF5D, 
  0xDF5D, 0xDF5C, 0xDF7D, 0xDF5C, 0xDF5C, 0xD75D, 0xD75D, 0xD75D, 0xD75D, 0xD75D, 0xDF7D, 0xD73C, 
  0xD75C, 0xDF5D, 0xDF5D, 0xDF5D, 0xD75D, 0xD75C, 0xD75D, 0xD75D, 0xE77D, 0xE77D, 0xDF7D, 0xDF7D, 
  0xDF7D, 0xDF7D, 0xDF5D, 0xDF5D, 0xD75D, 0xD73C, 0xD73C, 0xDF5D, 0xDF5D, 0xDF5D, 0xD75C, 0xD73C, 
  0xDF7D, 0xD6B9, 0xE5F6, 0xEE37, 0x8CB2, 0x84D3, 0x9514, 0x9D75, 0xA5D6, 0xB658, 0xC69A, 0xCEFB, 
  0xC6FB, 0xB6DA, 0xBEDA, 0xBEDA, 0xBEDA, 0xC6FB, 0xC6DB, 0xBEBA, 0xB699, 0xBEBA, 0xBEDA, 0xB69A, 
  0xB6BA, 0xB6DA, 0xA678, 0xAE79, 0xAE99, 0xB6BA, 0xB699, 0xB6BA, 0xB6DA, 0xB6BA, 0xAE99, 0xB6BA, 
  0xFDD5, 0xFDB5, 0xFDB5, 0xFD73, 0xFE16, 0xFE78, 0xFE16, 0xFDF6, 0xFE57, 0xFE57, 0xFE37, 0xFE58, 
  0xFE98, 0xFE37, 0xFDF6, 0xFE37, 0xFE37, 0xF5B5, 0xFE57, 0xFE99, 0xFE78, 0xFE57, 0xFE78, 0xFE99, 
  0xFE98, 0xFE78, 0xFE99, 0xFE98, 0xFE99, 0xFED9, 0xFEFA, 0xFE99, 0xE5D6, 0xF657, 0xBD13, 0xBD33, 
  0xC554, 0xD5B6, 0xDE17, 0xEE99, 0xF6FA, 0xFF3C, 0xFF7C, 0xFF9D, 0xFF7C, 0xFF5C, 0xFF3C, 0xFF3C, 
  0xFF3C, 0xFF3C, 0xFF3C, 0xFF3C, 0xFF3C, 0xFF3C, 0xFF5C, 0xFF3C, 0xFF1B, 0xFF5C, 0xFF5C, 0xFF5C, 
  0xFF3C, 0xFF3C, 0xFF1C, 0xFF1B, 0xFEDA, 0xFEFB, 0xFF3B, 0xFF1B, 0xFF1B, 0xFEDA, 0xFF1B, 0xFF5C, 
  0xFEFA, 0xFF1B, 0xFF5C, 0xFF3B, 0xFEFB, 0xFEFA, 0xFEFA, 0xFEFB, 0xFF3C, 0xFF5C, 0xF75C, 0xF75C, 
  0xF75C, 0xF73C, 0xF73C, 0xF71B, 0xF6FB, 0xF71B, 0xF75B, 0xF75C, 0xF73B, 0xF73B, 0xEF5C, 0xF73C, 
  0xF73B, 0xEF7C, 0xEF5C, 0xEF5C, 0xEF5C, 0xEF3C, 0xEF3C, 0xEF3C, 0xF73C, 0xEF1B, 0xEF1C, 0xEF5C, 
  0xE75C, 0xEF3C, 0xEEFA, 0xEF1B, 0xE75C, 0xE75C, 0xE77C, 0xE77C, 0xE75C, 0xE73C, 0xE73C, 0xE75C, 
  0xE75C, 0xE75C, 0xE75C, 0xE75D, 0xE75D, 0xDF7D, 0xDF7D, 0xDF7D, 0xDF7D, 0xE77D, 0xE77D, 0xDF7D, 
  0xDF7D, 0xDF5D, 0xDF7D, 0xDF7D, 0xDF7D, 0xE77D, 0xE79D, 0xDF5D, 0xDF7D, 0xE77D, 0xE77D, 0xE77D, 
  0xE79D, 0xDF5D, 0xD73C, 0xD73C, 0xD73C, 0xDF5C, 0xDF5D, 0xD75C, 0xDF7D, 0xE77D, 0xE77D, 0xDF5C, 
  0xDF5C, 0xDF5C, 0xDF5C, 0xDF5C, 0xDF5C, 0xDF5D, 0xD75D, 0xD75D, 0xD75C, 0xD75D, 0xD75D, 0xD75D, 
  0xDF5D, 0xDF5D, 0xDF5C, 0xDF5D, 0xDF7D, 0xD75C, 0xD75D, 0xD75D, 0xD75D, 0xD75D, 0xDF5D, 0xDF5D, 
  0xD75C, 0xDF5C, 0xDF5D, 0xDF7D, 0xDF7D, 0xDF5D, 0xD75D, 0xDF5D, 0xDF7D, 0xE77D, 0xE77D, 0xDF7D, 
  0xDF7D, 0xDF7D, 0xDF5C, 0xDF7D, 0xDF5D, 0xD75D, 0xD73C, 0xDF5D, 0xDF5D, 0xD75C, 0xCF3C, 0xD73C, 
  0xD77D, 0xD699, 0xE5F6, 0xEE57, 0x8CB2, 0x7CB2, 0x8D13, 0x9575, 0xA5D6, 0xAE37, 0xB679, 0xC6DB, 
  0xC71B, 0xBEDA, 0xBEDA, 0xBEDA, 0xBEDA, 0xBEDA, 0xB69A, 0xB6BA, 0xBEBA, 0xB6DA, 0xB6BA, 0xB6BA, 
  0xB6DA, 0xB6DA, 0xAE79, 0xAE99, 0xB6BA, 0xB6BA, 0xB699, 0xB6BA, 0xAE99, 0xA678, 0x9E58, 0xAE99, 
  0xFDF6, 0xFDB5, 0xFD94, 0xFDB4, 0xFE37, 0xFE37, 0xFDF6, 0xFDD5, 0xFE78, 0xFE57, 0xFE37, 0xFE17, 
  0xFE58, 0xFE17, 0xFE16, 0xFE37, 0xFE37, 0xFE16, 0xF5D5, 0xFE37, 0xFE98, 0xFE57, 0xFE57, 0xFE98, 
  0xFE78, 0xFE37, 0xFE77, 0xFE98, 0xFE98, 0xFE98, 0xFEB9, 0xF699, 0xE5D6, 0xF658, 0xC533, 0xBD14, 
  0xC554, 0xCDB6, 0xDE17, 0xE699, 0xF6FA, 0xFF5C, 0xFF7D, 0xFF7D, 0xFF7D, 0xFF7C, 0xFF5C, 0xFF5C, 
  0xFF3C, 0xFF3C, 0xFF3C, 0xFF3C, 0xFF5C, 0xFF3C, 0xFF5C, 0xFF5C, 0xFF3C, 0xFF3C, 0xFF5C, 0xFF5C, 
  0xFF5C, 0xFF3C, 0xFF3C, 0xFF3C, 0xFF1B, 0xFEFA, 0xFF3B, 0xFF1B, 0xFF1B, 0xFEDA, 0xFEDA, 0xFF3B, 
  0xFEDA, 0xFEDA, 0xFF3B, 0xFF3B, 0xFEFA, 0xFEFB, 0xFEFA, 0xFEDA, 0xFF1B, 0xF75C, 0xF75C, 0xF75C, 
  0xF71C, 0xF71C, 0xFF3C, 0xFF1B, 0xF71B, 0xF73B, 0xF71B, 0xF73B, 0xF75C, 0xF75C, 0xF75C, 0xEEFA, 
  0xEF3C, 0xEF9D, 0xEF5C, 0xEF7C, 0xEF5C, 0xEF3C, 0xEF3B, 0xEF1B, 0xEF1B, 0xEF1B, 0xEF1C, 0xEF5C, 
  0xEF5C, 0xE73C, 0xEEFA, 0xE71B, 0xE75C, 0xE75C, 0xE77C, 0xE77D, 0xE77D, 0xE75C, 0xE73C, 0xE75D, 
  0xDF5C, 0xE75C, 0xE75C, 0xE75D, 0xE75D, 0xDF7D, 0xDF7D, 0xDF7D, 0xDF7D, 0xE77D, 0xE79D, 0xDF5D, 
  0xDF5C, 0xDF5C, 0xDF5D, 0xDF7D, 0xE79D, 0xE79D, 0xDF7D, 0xDF5D, 0xDF7D, 0xDF5D, 0xDF5D, 0xDF5C, 
  0xDF7D, 0xDF7D, 0xD73C, 0xD73C, 0xDF5D, 0xDF7D, 0xDF5C, 0xD75C, 0xDF7D, 0xDF7D, 0xDF5D, 0xDF5D, 
  0xDF5C, 0xDF5C, 0xDF5C, 0xDF5C, 0xDF5C, 0xDF7D, 0xD75C, 0xD73C, 0xD73C, 0xD75C, 0xDF5C, 0xD75D, 
  0xD75D, 0xDF5D, 0xDF7D, 0xDF7D, 0xDF7D, 0xD75D, 0xD75D, 0xD75D, 0xD75D, 0xD75D, 0xDF7D, 0xDF7D, 
  0xD75C, 0xDF5D, 0xDF5D, 0xDF5D, 0xDF7D, 0xDF5D, 0xD75C, 0xD75C, 0xD75D, 0xDF5D, 0xE77D, 0xDF7D, 
  0xDF7D, 0xDF7D, 0xDF5C, 0xDF5C, 0xD75D, 0xD75C, 0xDF5C, 0xDF5D, 0xDF5D, 0xD73C, 0xCF3C, 0xD73C, 
  0xD77D, 0xD699, 0xEDF6, 0xF657, 0x94B2, 0x7CB2, 0x8D13, 0x9575, 0x9DD6, 0xA5F7, 0xB678, 0xBEDA, 
  0xBEDA, 0xBEDA, 0xBEDA, 0xBEDA, 0xB6DA, 0xB699, 0xB6BA, 0xB6BA, 0xB6BA, 0xB6BA, 0xB699, 0xB6B9, 
  0xB6DA, 0xB6BA, 0xB6BA, 0xA679, 0xA679, 0xB6BA, 0xB6BA, 0xB6BA, 0xAE99, 0xAE99, 0xAE99, 0xAE99, 
  0xFDD5, 0xFE16, 0xFE16, 0xFE37, 0xFE58, 0xFE58, 0xFE37, 0xFDF6, 0xFE37, 0xFE17, 0xFE37, 0xFE37, 
  0xFDF6, 0xFE17, 0xFE57, 0xFE77, 0xFE57, 0xFE57, 0xFE16, 0xFE37, 0xFE99, 0xFE78, 0xFE78, 0xFE98, 
  0xFE57, 0xFE57, 0xFE57, 0xFE58, 0xFE78, 0xFE78, 0xFE98, 0xF698, 0xE5F6, 0xFE58, 0xBD13, 0xBD14, 
  0xC554, 0xCDB6, 0xDE17, 0xEE79, 0xF6FA, 0xFF5C, 0xFF9D, 0xFF7D, 0xFF7D, 0xFF7C, 0xFF5C, 0xFF5C, 
  0xFF3C, 0xFF3C, 0xFF3C, 0xFF3C, 0xFF5C, 0xFF3C, 0xFF1C, 0xFF1C, 0xFF5C, 0xFF5C, 0xFF5C, 0xFF5D, 
  0xFF5C, 0xFF3C, 0xFF5C, 0xFF1B, 0xFEFB, 0xFEDA, 0xFF1B, 0xFF1B, 0xFEFB, 0xFEFB, 0xFEFB, 0xFF1B, 
  0xFEDA, 0xFEDA, 0xFF1B, 0xFEFA, 0xFEFA, 0xFF1B, 0xFEFA, 0xFEFA, 0xFF1B, 0xF73C, 0xF75C, 0xF75C, 
  0xF73C, 0xF73C, 0xF73C, 0xF73C, 0xF75C, 0xF75C, 0xF73C, 0xEF5C, 0xF73C, 0xF73C, 0xEF5C, 0xF75C, 
  0xEF7D, 0xEF9D, 0xEF7C, 0xEF5C, 0xEF7C, 0xEF5C, 0xEF5C, 0xEF3B, 0xEF1B, 0xEF5C, 0xEF3B, 0xEF3C, 
  0xEF5C, 0xEF3C, 0xEEFB, 0xEEFA, 0xE73B, 0xE77C, 0xE75D, 0xE75D, 0xE77C, 0xE77C, 0xE75D, 0xE77D, 
  0xE75D, 0xE75C, 0xE75C, 0xE75D, 0xE75D, 0xDF7D, 0xDF7D, 0xDF7D, 0xDF7D, 0xDF7D, 0xDF5C, 0xDF7D, 
  0xDF5C, 0xDF5C, 0xDF5C, 0xDF5C, 0xE77D, 0xEF9E, 0xE77D, 0xDF7D, 0xDF5D, 0xDF5D, 0xDF7D, 0xDF5D, 
  0xDF5C, 0xDF5C, 0xDF5D, 0xDF7D, 0xDF5D, 0xE77D, 0xDF5C, 0xDF5C, 0xDF5C, 0xDF7D, 0xDF7D, 0xDF5D, 
  0xDF5C, 0xDF5C, 0xDF5C, 0xDF5C, 0xDF7D, 0xE77D, 0xD73C, 0xD73C, 0xD73C, 0xD75C, 0xDF5C, 0xD75D, 
  0xD75D, 0xDF5D, 0xDF7D, 0xDF5D, 0xD75D, 0xD75D, 0xD75D, 0xD75D, 0xD75D, 0xD75C, 0xDF7D, 0xD75D, 
  0xDF5D, 0xDF5D, 0xDF5D, 0xDF5D, 0xDF7D, 0xDF5D, 0xD75C, 0xD75C, 0xD75C, 0xCF3C, 0xD75D, 0xD75C, 
  0xDF7D, 0xD73C, 0xD75C, 0xD75C, 0xDF5D, 0xDF7D, 0xDF7D, 0xDF7D, 0xDF5D, 0xDF5D, 0xDF5D, 0xD75C, 
  0xDF7D, 0xD6BA, 0xEDF6, 0xF658, 0x94B2, 0x84B2, 0x8D13, 0x9575, 0x9DD6, 0xA617, 0xB679, 0xBEDA, 
  0xBEDA, 0xBEDA, 0xBEDA, 0xB6DA, 0xB6BA, 0xB6B9, 0xBEDA, 0xB6B9, 0xAE99, 0xB6DA, 0xB6B9, 0xB6B9, 
  0xB6BA, 0xB699, 0xB699, 0xAE99, 0xAE99, 0xB6BA, 0xB6BA, 0xB6BA, 0xB6BA, 0xB69A, 0xAE99, 0xA679, 
  0xFDD5, 0xFE57, 0xFE78, 0xFE78, 0xFE57, 0xFE78, 0xFE16, 0xF594, 0xFE16, 0xFE57, 0xFE57, 0xFE57, 
  0xFE57, 0xFE37, 0xFE37, 0xFE37, 0xFE37, 0xFE17, 0xFDF6, 0xFE57, 0xFE98, 0xFE98, 0xFE77, 0xFE57, 
  0xFE78, 0xFE78, 0xFE78, 0xFE78, 0xFE78, 0xFE78, 0xFE99, 0xF698, 0xE5F6, 0xFE58, 0xC533, 0xBD13, 
  0xC554, 0xCDB6, 0xDE17, 0xEE79, 0xF6DA, 0xFF5C, 0xFF9D, 0xFF7D, 0xFF7D, 0xFF7C, 0xFF5C, 0xFF5C, 
  0xFF3C, 0xFF3C, 0xFF3C, 0xFF3C, 0xFF3C, 0xFF3C, 0xFF1B, 0xFF1B, 0xFF3C, 0xFF5C, 0xFF5C, 0xFF5C, 
  0xFF5C, 0xFF5C, 0xFF5C, 0xFF5C, 0xFF3C, 0xFEFA, 0xFF1B, 0xFF3B, 0xFF1B, 0xFF3C, 0xFF1B, 0xFF1B, 
  0xFEFB, 0xFEFB, 0xFF1B, 0xFF3B, 0xFEFA, 0xFF1B, 0xFEDA, 0xFEFA, 0xFEFB, 0xF73C, 0xF75C, 0xF75C, 
  0xF75C, 0xF75C, 0xF73C, 0xF75C, 0xF75C, 0xF73C, 0xF73C, 0xEF5C, 0xF73C, 0xF73B, 0xF75C, 0xEF5C, 
  0xEF5C, 0xEF7C, 0xEF7D, 0xEF7C, 0xEF5C, 0xEF7C, 0xEF5C, 0xEF5C, 0xEF5C, 0xEF5C, 0xE73C, 0xE75C, 
  0xE75C, 0xE75C, 0xEF3C, 0xE6BA, 0xE71B, 0xE75C, 0xE75D, 0xE75C, 0xE75C, 0xE77C, 0xE75C, 0xE75D, 
  0xE75C, 0xE75C, 0xE75C, 0xE75D, 0xE75D, 0xDF7D, 0xDF7D, 0xDF7D, 0xDF7D, 0xDF7D, 0xDF5D, 0xDF7D, 
  0xDF5D, 0xDF5C, 0xDF5C, 0xDF5C, 0xDF7D, 0xEF9E, 0xE79D, 0xDF7D, 0xDF7D, 0xDF5D, 0xDF5D, 0xDF5C, 
  0xDF5C, 0xDF5C, 0xDF5C, 0xDF5C, 0xDF7D, 0xE77D, 0xDF5D, 0xDF5C, 0xDF5C, 0xDF7D, 0xDF7D, 0xDF7D, 
  0xDF5C, 0xDF5C, 0xDF5C, 0xD75C, 0xDF7D, 0xDF5C, 0xD73C, 0xDF5C, 0xDF5C, 0xDF5C, 0xDF5C, 0xD75C, 
  0xDF5D, 0xDF7D, 0xDF7D, 0xDF5D, 0xDF5D, 0xD75D, 0xDF7D, 0xD75D, 0xD75C, 0xD75C, 0xDF7D, 0xDF7D, 
  0xDF5D, 0xDF5D, 0xDF7D, 0xDF5D, 0xDF7D, 0xDF7D, 0xD75C, 0xD75C, 0xD75C, 0xD73C, 0xDF5D, 0xD73C, 
  0xD75C, 0xD75C, 0xD75D, 0xDF5C, 0xE77D, 0xE77D, 0xE77D, 0xDF7D, 0xDF5D, 0xDF7D, 0xDF5D, 0xD75C, 
  0xDF7D, 0xD6BA, 0xEDF6, 0xF658, 0x94B2, 0x84B2, 0x8D14, 0x9575, 0x9DB6, 0xA617, 0xB679, 0xBEBA, 
  0xBEFB, 0xBEDA, 0xBEDA, 0xB6BA, 0xB699, 0xB699, 0xB6BA, 0xB6BA, 0xA678, 0xB6DA, 0xBEDA, 0xB6BA, 
  0xB699, 0xB6BA, 0xB6DA, 0xB6BA, 0xB69A, 0xB6BA, 0xAEBA, 0xA679, 0xAEBA, 0xB69A, 0xA679, 0xA699, 
  0xFE37, 0xFE58, 0xFE78, 0xFE57, 0xFE37, 0xFE37, 0xFDF5, 0xFE16, 0xFE16, 0xFE36, 0xFE57, 0xFE37, 
  0xFE78, 0xFE57, 0xFE37, 0xFE16, 0xFE37, 0xFE37, 0xFE16, 0xFE37, 0xFE37, 0xFE78, 0xFE98, 0xFE78, 
  0xFE98, 0xFE57, 0xFE58, 0xFE58, 0xFE57, 0xFE78, 0xFE99, 0xF678, 0xEDF6, 0xFE78, 0xC533, 0xBD13, 
  0xC554, 0xD5B6, 0xDE17, 0xEE79, 0xF6DA, 0xFF3C, 0xFF7D, 0xFF7D, 0xFF7D, 0xFF7D, 0xFF7D, 0xFF5C, 
  0xFF3C, 0xFF3C, 0xFF3C, 0xFF3C, 0xFF3C, 0xFF3C, 0xFF3C, 0xFF1B, 0xFF3C, 0xFF3C, 0xFF5C, 0xFF5C, 
  0xFF5C, 0xFF5C, 0xFF5C, 0xFF5C, 0xFF5C, 0xFF1B, 0xFEFB, 0xFF3C, 0xFF3B, 0xFF5B, 0xFF5C, 0xFF3C, 
  0xFF3B, 0xFF1B, 0xFF3B, 0xFF5C, 0xFF1B, 0xFF1B, 0xFF1B, 0xFEFB, 0xFEFA, 0xFF3B, 0xF75C, 0xF77C, 
  0xF75C, 0xF73C, 0xF71C, 0xF75C, 0xF75C, 0xF75C, 0xF75C, 0xEF5C, 0xF75C, 0xF73C, 0xF75C, 0xF75C, 
  0xEF5C, 0xEF5C, 0xEF5C, 0xEF5C, 0xEF5C, 0xEF5C, 0xEF7C, 0xEF5C, 0xEF1B, 0xEF1B, 0xEF3C, 0xEF5C, 
  0xE75C, 0xE75D, 0xEF5C, 0xE73B, 0xE75C, 0xE73C, 0xE75D, 0xE75C, 0xE75C, 0xE75C, 0xE75C, 0xE75C, 
  0xE75C, 0xE75C, 0xE75C, 0xE75D, 0xE75D, 0xE75D, 0xE77D, 0xDF7D, 0xDF7D, 0xDF7D, 0xDF7D, 0xDF5D, 
  0xDF5C, 0xDF5C, 0xDF5C, 0xDF5C, 0xDF7D, 0xEF9E, 0xE79D, 0xDF7D, 0xDF7D, 0xDF7D, 0xDF5C, 0xDF5C, 
  0xD73C, 0xDF5C, 0xDF5C, 0xDF5C, 0xD73C, 0xDF5C, 0xDF7D, 0xD73C, 0xDF5C, 0xDF7D, 0xDF7D, 0xDF7D, 
  0xDF5C, 0xDF5D, 0xDF5C, 0xD75C, 0xD75C, 0xD75C, 0xDF5C, 0xDF5C, 0xDF5C, 0xDF5C, 0xDF5C, 0xDF5C, 
  0xDF7D, 0xDF7D, 0xDF7D, 0xDF7D, 0xDF5D, 0xDF5D, 0xDF7D, 0xD75D, 0xD73C, 0xD75C, 0xDF7D, 0xDF7D, 
  0xDF7D, 0xDF7D, 0xDF7D, 0xDF5D, 0xDF7D, 0xE77D, 0xDF5C, 0xD75C, 0xDF7D, 0xDF7D, 0xDF7D, 0xDF7D, 
  0xD75C, 0xD75C, 0xD75C, 0xDF5C, 0xDF5C, 0xE77D, 0xE77D, 0xE77D, 0xDF7D, 0xDF7D, 0xD75D, 0xDF5D, 
  0xDF9D, 0xD6DA, 0xEDF6, 0xF658, 0x94B2, 0x7CD2, 0x8D13, 0x8D54, 0x95B6, 0xA617, 0xB679, 0xBEDA, 
  0xBEDA, 0xBEDA, 0xBEDA, 0xB6BA, 0xB69A, 0xB6BA, 0xB6BA, 0xB6BA, 0xAE99, 0xA699, 0xBEDA, 0xBEBA, 
  0xB6BA, 0xB6DA, 0xAE99, 0xA678, 0xB6BA, 0xB699, 0xA699, 0xAE99, 0xAE99, 0xB6BA, 0xB6BA, 0xB6BA, 
  0xFE57, 0xFE78, 0xFE78, 0xFE37, 0xFE37, 0xFE16, 0xFDD5, 0xFDF6, 0xFE16, 0xFE37, 0xFE16, 0xFE16, 
  0xFE57, 0xFE57, 0xFE57, 0xFE37, 0xFE57, 0xFE37, 0xFE37, 0xFE57, 0xFE57, 0xFE98, 0xFE98, 0xFE58, 
  0xFE58, 0xFE58, 0xFE78, 0xFE57, 0xFE78, 0xFE78, 0xFEB9, 0xFE78, 0xEDF6, 0xFE58, 0xC513, 0xBD13, 
  0xC554, 0xD5B6, 0xDE17, 0xEE79, 0xF6DA, 0xFF1B, 0xFF5C, 0xFF5C, 0xFF5C, 0xFF7D, 0xFF7D, 0xFF7D, 
  0xFF5D, 0xFF5C, 0xFF3C, 0xFF3C, 0xFF3C, 0xFF3C, 0xFF3C, 0xFF3C, 0xFF3C, 0xFF5C, 0xFF3C, 0xFF3C, 
  0xFF5C, 0xFF5C, 0xFF5C, 0xFF5C, 0xFF5D, 0xFF5C, 0xFF3C, 0xFF3B, 0xFF3B, 0xFF3B, 0xFF1B, 0xFF1B, 
  0xFF1B, 0xFF1B, 0xFF3B, 0xFF3C, 0xFF3C, 0xFEFB, 0xFEFB, 0xFF1B, 0xFF1B, 0xF73C, 0xF75C, 0xF77C, 
  0xF75C, 0xF75C, 0xF73C, 0xF75C, 0xF73C, 0xF73C, 0xF75C, 0xF75C, 0xF75C, 0xF75C, 0xEF5C, 0xEF5C, 
  0xEF5C, 0xF75C, 0xEF5C, 0xF73C, 0xF75C, 0xEF5C, 0xEF5C, 0xEF5C, 0xF75C, 0xEF3C, 0xE73B, 0xE73C, 
  0xEF5C, 0xEF1B, 0xEEFB, 0xEF5C, 0xE75C, 0xEF3C, 0xE75C, 0xE75C, 0xE73B, 0xE75C, 0xE75C, 0xE75C, 
  0xE75C, 0xE75C, 0xE75C, 0xE75C, 0xE75D, 0xE77D, 0xE77D, 0xDF7D, 0xDF7D, 0xDF7D, 0xDF5D, 0xDF5D, 
  0xDF5C, 0xDF5C, 0xD75C, 0xDF5C, 0xDF5C, 0xE77D, 0xEF9D, 0xDF7D, 0xDF7D, 0xDF7D, 0xDF5C, 0xDF5C, 
  0xDF5C, 0xDF5D, 0xDF5C, 0xDF5C, 0xD73C, 0xD73C, 0xDF7D, 0xDF5C, 0xD73C, 0xDF5C, 0xDF7D, 0xE77D, 
  0xDF7D, 0xDF5C, 0xDF5C, 0xDF5C, 0xDF7D, 0xDF5C, 0xDF7D, 0xDF5D, 0xDF5C, 0xDF5C, 0xDF5C, 0xDF5C, 
  0xDF5D, 0xDF7D, 0xDF7D, 0xDF7D, 0xDF5C, 0xD75C, 0xDF5D, 0xDF7D, 0xDF5D, 0xDF5D, 0xDF5C, 0xDF5C, 
  0xDF5D, 0xDF7D, 0xDF7D, 0xDF7D, 0xDF5C, 0xDF5C, 0xDF5C, 0xDF5D, 0xDF5D, 0xDF7D, 0xDF7D, 0xDF7D, 
  0xDF5D, 0xD75C, 0xDF5D, 0xDF7D, 0xDF5D, 0xDF5C, 0xE77D, 0xDF7D, 0xD75C, 0xD75C, 0xD75D, 0xDF5C, 
  0xE79D, 0xD6DA, 0xEDF7, 0xFE58, 0x94B2, 0x7CB2, 0x8D13, 0x9554, 0x9DB6, 0x9DD6, 0x85B5, 0xB6BA, 
  0xC6DB, 0xC6DB, 0xC6DA, 0xBEDA, 0xB6BA, 0xAE99, 0xB6BA, 0xB6BA, 0xB6BA, 0x9E58, 0xAEB9, 0xB6DA, 
  0xAE99, 0xAE99, 0xAE99, 0xA678, 0xAE99, 0xAE99, 0xAE99, 0xAE99, 0xAE99, 0x9638, 0xB6BA, 0xB6BA, 
  0xFE57, 0xFE78, 0xFE78, 0xFE77, 0xFE57, 0xFE37, 0xFE16, 0xFE16, 0xFE37, 0xFDF6, 0xFE16, 0xFE57, 
  0xFE78, 0xFE78, 0xFE57, 0xFE16, 0xFE37, 0xFE57, 0xFE16, 0xFE57, 0xFE78, 0xFE78, 0xFE98, 0xFE78, 
  0xFE78, 0xFE78, 0xFE78, 0xFE78, 0xFE98, 0xFE98, 0xFE98, 0xFE78, 0xEDF6, 0xFE78, 0xC513, 0xBD13, 
  0xC554, 0xD5B6, 0xDE17, 0xEE79, 0xF6DA, 0xFF1B, 0xFF5C, 0xFF5C, 0xFF5C, 0xFF7D, 0xFF7D, 0xFF7D, 
  0xFF7D, 0xFF5C, 0xFF5C, 0xFF3C, 0xFF5C, 0xFF5C, 0xFF3C, 0xFF5C, 0xFF3C, 0xFF3C, 0xFF5C, 0xFF5C, 
  0xFF5C, 0xFF5C, 0xFF3C, 0xFF3C, 0xFF3C, 0xFF5C, 0xFF3C, 0xFF3C, 0xFF3C, 0xFF1B, 0xFEDA, 0xFEDA, 
  0xFF1B, 0xFF1B, 0xFF3B, 0xFF5C, 0xFF5C, 0xFF3C, 0xFF3B, 0xF73C, 0xF73C, 0xF73C, 0xF75C, 0xF77C, 
  0xF75C, 0xF75C, 0xF75C, 0xF73C, 0xF73C, 0xF73C, 0xF73C, 0xF75C, 0xF75C, 0xF75C, 0xEF7C, 0xEF5C, 
  0xEF3C, 0xEF1B, 0xEF3C, 0xEF3C, 0xF75C, 0xEF1B, 0xF73C, 0xEF1B, 0xEF3B, 0xEF3C, 0xEF5C, 0xE75C, 
  0xE75C, 0xEEFB, 0xEF1B, 0xE73C, 0xEF5C, 0xE75C, 0xE75C, 0xE75C, 0xE75C, 0xE75C, 0xE73B, 0xE73C, 
  0xE75C, 0xE75C, 0xDF5C, 0xE75C, 0xE75D, 0xE77D, 0xE77D, 0xE77D, 0xDF5D, 0xDF7D, 0xDF5D, 0xDF5D, 
  0xDF5C, 0xDF5C, 0xD75C, 0xDF5C, 0xDF5C, 0xDF7D, 0xEF9E, 0xE77D, 0xDF5C, 0xD73C, 0xD75C, 0xDF5C, 
  0xDF5C, 0xDF5D, 0xDF5C, 0xDF5C, 0xDF5C, 0xDF5C, 0xDF7D, 0xE79D, 0xDF7D, 0xD71C, 0xDF5C, 0xE79D, 
  0xE79D, 0xDF5C, 0xD73C, 0xDF5C, 0xDF5C, 0xDF5C, 0xDF7D, 0xDF7D, 0xDF7D, 0xDF7D, 0xDF5C, 0xDF5C, 
  0xDF7D, 0xDF5D, 0xDF5D, 0xDF7D, 0xDF7D, 0xD75C, 0xD75D, 0xDF5D, 0xDF5D, 0xDF5D, 0xDF5C, 0xDF7D, 
  0xDF5D, 0xD75C, 0xDF5D, 0xDF5D, 0xDF5D, 0xDF5C, 0xDF5D, 0xD75C, 0xD75C, 0xD75C, 0xDF5D, 0xDF5D, 
  0xDF5D, 0xDF5D, 0xDF5D, 0xDF5D, 0xD75C, 0xDF5C, 0xDF7D, 0xDF5D, 0xD75C, 0xD75C, 0xDF5D, 0xDF5C, 
  0xDF7D, 0xD6BA, 0xEDF7, 0xFE58, 0x94B2, 0x7CD2, 0x8D14, 0x9575, 0x9DD6, 0xA617, 0x9E17, 0xB699, 
  0xBEBA, 0xC6DA, 0xC6DB, 0xBEDA, 0xB6BA, 0xAE99, 0xAE99, 0xB6BA, 0xB6BA, 0xB6BA, 0xAEBA, 0xAEBA, 
  0x9E79, 0xAE99, 0xB6BA, 0xA679, 0xAE99, 0xAEBA, 0xB699, 0xAE99, 0xA679, 0x8DF7, 0xA699, 0xAE99, 
  0xFE57, 0xFE78, 0xFE98, 0xFE78, 0xFE78, 0xFE37, 0xFE37, 0xFE37, 0xFDD5, 0xFE36, 0xFE77, 0xFE78, 
  0xFE78, 0xFE58, 0xFE16, 0xFE17, 0xFE57, 0xFE57, 0xFE57, 0xFE37, 0xFE58, 0xFE78, 0xFE98, 0xFE98, 
  0xFE78, 0xFE98, 0xFE78, 0xFE78, 0xFE98, 0xFE98, 0xFE98, 0xF637, 0xEDF6, 0xFE99, 0xC513, 0xBD13, 
  0xC554, 0xCD95, 0xDE17, 0xEE58, 0xF6BA, 0xFF1B, 0xFF3C, 0xFF3C, 0xFF5C, 0xFF7C, 0xFF7D, 0xFF7C, 
  0xFF7C, 0xFF5C, 0xFF3C, 0xFF5C, 0xFF5C, 0xFF3C, 0xFF3C, 0xFF3C, 0xFF3C, 0xFF3C, 0xFF3C, 0xFF3C, 
  0xFF5C, 0xFF3C, 0xFF1B, 0xFF3C, 0xFF1B, 0xFF1B, 0xFF1B, 0xFF1B, 0xFF3C, 0xFF5C, 0xFF3C, 0xFF5C, 
  0xFF7C, 0xFF7C, 0xFF5C, 0xFF5C, 0xFF3B, 0xFF1B, 0xFF5C, 0xF75C, 0xF75C, 0xFF5C, 0xFF5D, 0xF77D, 
  0xF75D, 0xF75C, 0xF73C, 0xF73C, 0xF73C, 0xF75C, 0xF75C, 0xF75C, 0xF75C, 0xF75C, 0xEF5C, 0xF75C, 
  0xF75C, 0xEF1B, 0xEF3C, 0xF73C, 0xF73C, 0xEEFB, 0xEF3B, 0xF71B, 0xEEFB, 0xEF3B, 0xEF3C, 0xEF5C, 
  0xEF5C, 0xEF1B, 0xEF3B, 0xE73C, 0xE75C, 0xE75C, 0xE75C, 0xE75C, 0xE75C, 0xE75C, 0xE73C, 0xE73C, 
  0xDF5C, 0xE75C, 0xE75C, 0xE75D, 0xE75D, 0xE77D, 0xE77D, 0xDF5D, 0xDF5D, 0xDF7D, 0xDF5C, 0xDF5C, 
  0xDF5C, 0xDF5C, 0xD75C, 0xDF5C, 0xDF5D, 0xDF5C, 0xEF9E, 0xE79D, 0xDF7D, 0xD75C, 0xD75C, 0xDF5C, 
  0xDF5C, 0xDF5D, 0xDF5C, 0xD73C, 0xDF5C, 0xDF5C, 0xD73C, 0xDF5D, 0xDF7D, 0xD73C, 0xD73C, 0xE77D, 
  0xE79D, 0xDF7D, 0xD71B, 0xD73C, 0xDF5C, 0xDF5C, 0xDF5C, 0xDF5D, 0xDF7D, 0xDF7D, 0xDF5D, 0xDF5D, 
  0xDF5D, 0xD75C, 0xDF5D, 0xDF5C, 0xDF7D, 0xDF7D, 0xDF7D, 0xDF5D, 0xDF5D, 0xDF5C, 0xDF5C, 0xDF7D, 
  0xDF7D, 0xD75D, 0xD75C, 0xD75C, 0xDF7D, 0xD73C, 0xD73C, 0xD75D, 0xDF5C, 0xDF5C, 0xDF5D, 0xDF5D, 
  0xDF5D, 0xDF5C, 0xDF5D, 0xE77D, 0xE77D, 0xE79E, 0xDF7D, 0xDF7D, 0xDF7D, 0xDF5D, 0xD75C, 0xD75C, 
  0xDF7D, 0xD6BA, 0xEDF6, 0xF658, 0x8CB2, 0x7CB2, 0x8D34, 0x9575, 0x9575, 0x9DF7, 0xAE59, 0xBEBA, 
  0xC6FB, 0xBEDA, 0xBEDB, 0xBEDA, 0xBEDA, 0xB6BA, 0xB6DA, 0xB6BA, 0xB6BA, 0xB6BA, 0xB6BA, 0xB6BA, 
  0xA679, 0x9638, 0xAEB9, 0xAE99, 0xAE99, 0xAE79, 0xB6BA, 0xB6BA, 0xAE99, 0xA699, 0x9E58, 0xAEB9, 
  0xFE57, 0xFE17, 0xFE16, 0xFE78, 0xFE78, 0xFE57, 0xFE57, 0xFE37, 0xFE16, 0xFE37, 0xFE37, 0xFE16, 
  0xFE57, 0xFE57, 0xFE57, 0xFE78, 0xFE58, 0xFE57, 0xFE78, 0xFE17, 0xFE57, 0xFE98, 0xFE98, 0xFE78, 
  0xFE57, 0xFE78, 0xFE78, 0xFE98, 0xFE98, 0xFE78, 0xFE78, 0xF637, 0xEDF6, 0xFE99, 0xC513, 0xBD13, 
  0xC554, 0xD5B6, 0xDE17, 0xEE58, 0xF6BA, 0xFF1B, 0xFF3C, 0xFF3C, 0xFF3C, 0xFF5C, 0xFF5C, 0xFF5C, 
  0xFF5C, 0xFF5C, 0xFF5C, 0xFF5C, 0xFF3C, 0xFF1B, 0xFF3C, 0xFF3C, 0xFF3C, 0xFF3C, 0xFF3C, 0xFF5C, 
  0xFF5C, 0xFF3C, 0xFF1B, 0xFF3C, 0xFF1B, 0xFF1B, 0xFF1B, 0xFF1B, 0xFF1B, 0xFF3B, 0xFF1B, 0xFF3B, 
  0xFF3C, 0xFF5C, 0xFF5C, 0xFF5C, 0xFF3C, 0xFEDA, 0xFEFB, 0xF75C, 0xFF5C, 0xF75C, 0xF75D, 0xF77D, 
  0xF77D, 0xF75C, 0xF75C, 0xF75C, 0xF75C, 0xF75C, 0xF75C, 0xF75C, 0xF73C, 0xF75C, 0xF75C, 0xF75C, 
  0xEF5C, 0xEF5C, 0xEF5C, 0xEF5C, 0xEF5C, 0xEF5C, 0xEF3B, 0xF6FA, 0xEEFA, 0xEF3C, 0xEF1B, 0xEF3C, 
  0xE75C, 0xEF3C, 0xEF5C, 0xE75C, 0xE75C, 0xE75C, 0xE75C, 0xE75C, 0xE75C, 0xE75C, 0xDF3B, 0xE73C, 
  0xDF5C, 0xE75C, 0xE75C, 0xE75C, 0xDF5D, 0xE75D, 0xDF5D, 0xDF5D, 0xDF7D, 0xDF7D, 0xDF5C, 0xDF5C, 
  0xDF5C, 0xDF5C, 0xD75C, 0xDF5C, 0xDF5C, 0xDF5C, 0xE77D, 0xEF9E, 0xE77D, 0xDF5C, 0xDF3C, 0xDF5C, 
  0xDF5C, 0xDF5C, 0xDF7D, 0xDF5C, 0xDF5C, 0xDF5C, 0xDF5C, 0xD73C, 0xDF5C, 0xDF5C, 0xD73C, 0xDF5D, 
  0xE77D, 0xDF7D, 0xD71B, 0xD73C, 0xDF7D, 0xDF5D, 0xDF5D, 0xDF5C, 0xDF5C, 0xDF5C, 0xDF5D, 0xD75C, 
  0xD75C, 0xD75C, 0xD75C, 0xDF3C, 0xDF7D, 0xDF7D, 0xDF5C, 0xDF5C, 0xDF5C, 0xDF5D, 0xE77D, 0xDF7D, 
  0xDF5C, 0xDF5D, 0xD73C, 0xD75C, 0xD75D, 0xD75C, 0xD73C, 0xD75D, 0xDF5D, 0xDF5D, 0xDF5C, 0xDF5C, 
  0xE79D, 0xE77D, 0xE79D, 0xEF9E, 0xEF9E, 0xE79D, 0xDF7D, 0xDF7D, 0xDF7D, 0xD75D, 0xD75C, 0xD75C, 
  0xD77D, 0xD6BA, 0xEE17, 0xF678, 0x94B1, 0x84D2, 0x8D13, 0x9575, 0x9D95, 0xA5F7, 0xAE79, 0xBEDA, 
  0xBEDB, 0xBEBA, 0xBEBA, 0xBEDA, 0xB6BA, 0xB6BA, 0xB6BA, 0xB699, 0xB699, 0xB6DA, 0xB6DA, 0xB6BA, 
  0xA679, 0x8E17, 0xAE99, 0xAEB9, 0xB6BA, 0xB6B9, 0xAE99, 0xAE99, 0xAE99, 0xB6BA, 0xAE79, 0xAE99, 
  0xFDF6, 0xFDD5, 0xFE57, 0xFE78, 0xFE57, 0xFE37, 0xFE78, 0xFE78, 0xFE78, 0xFE37, 0xFD94, 0xFDD5, 
  0xFE16, 0xFE37, 0xFE98, 0xFE98, 0xFE78, 0xFE98, 0xFE78, 0xFE37, 0xFE58, 0xFE78, 0xFE78, 0xFE78, 
  0xFE78, 0xFE57, 0xFE57, 0xFE78, 0xFE98, 0xFE58, 0xFE57, 0xF657, 0xEE16, 0xFEB9, 0xC513, 0xBD13, 
  0xC554, 0xD5B6, 0xDE17, 0xEE58, 0xF6BA, 0xFF1B, 0xFF3C, 0xFF3C, 0xFF1B, 0xFF3C, 0xFF3C, 0xFF5C, 
  0xFF5C, 0xFF7C, 0xFF5C, 0xFF3C, 0xFF5C, 0xFF5C, 0xFF3C, 0xFF3C, 0xFF3C, 0xFF1C, 0xFF3C, 0xFF1B, 
  0xFF3B, 0xFF1B, 0xFF3B, 0xFF3C, 0xFF3C, 0xFEFB, 0xFEFB, 0xFF1B, 0xFF1B, 0xFF1B, 0xFEFB, 0xFF1B, 
  0xFF1B, 0xFF1B, 0xFF7C, 0xFF7C, 0xFF3C, 0xFF1B, 0xFEFB, 0xFF5C, 0xF75C, 0xF75C, 0xF75D, 0xF75C, 
  0xF75C, 0xF75C, 0xF75C, 0xF75C, 0xF75C, 0xF73C, 0xF75C, 0xF75C, 0xF73C, 0xF75C, 0xF75C, 0xF75C, 
  0xF75C, 0xEF5C, 0xEF5C, 0xEF5C, 0xEF7C, 0xEF5C, 0xEF3C, 0xEF1B, 0xEF3B, 0xEF5B, 0xEF5C, 0xEF5C, 
  0xE75C, 0xE75C, 0xE75C, 0xE75C, 0xE75C, 0xE75C, 0xE75C, 0xE75C, 0xE75C, 0xE77C, 0xE73C, 0xE71C, 
  0xE75C, 0xE75C, 0xE75C, 0xDF5C, 0xDF5D, 0xDF5D, 0xDF7D, 0xDF7D, 0xDF7D, 0xDF5C, 0xDF5C, 0xDF5C, 
  0xDF5C, 0xDF5C, 0xDF5C, 0xD75C, 0xDF5C, 0xDF5D, 0xDF7D, 0xE79E, 0xEF9E, 0xDF5D, 0xDF3C, 0xDF5C, 
  0xDF5C, 0xDF5C, 0xDF5C, 0xDF5C, 0xDF5C, 0xDF5C, 0xDF5C, 0xDF5C, 0xD73C, 0xD71B, 0xD6FB, 0xDF3C, 
  0xE77D, 0xDF7D, 0xD73C, 0xD73C, 0xE79D, 0xDF5C, 0xDF5C, 0xDF5D, 0xD73C, 0xDF5C, 0xDF5D, 0xDF5D, 
  0xD75C, 0xD75C, 0xD75C, 0xD73C, 0xDF7D, 0xDF5D, 0xDF5D, 0xDF5C, 0xDF5C, 0xDF7D, 0xE77D, 0xE79D, 
  0xDF7D, 0xDF5D, 0xDF5D, 0xDF5D, 0xD75C, 0xDF5C, 0xD75C, 0xD75C, 0xDF5C, 0xDF5C, 0xDF5C, 0xDF7D, 
  0xE79E, 0xE79E, 0xE79E, 0xE79D, 0xE79D, 0xE77D, 0xDF5D, 0xD75C, 0xD75C, 0xD73C, 0xD73C, 0xD75C, 
  0xD77D, 0xD699, 0xEE37, 0xF699, 0x8CB1, 0x7CD2, 0x8D14, 0x9D75, 0xA5D7, 0xAE38, 0xB699, 0xB69A, 
  0xB6BA, 0xB6BA, 0xB6BA, 0xB6BA, 0xB6DA, 0xB69A, 0xB699, 0xB6BA, 0xB6BA, 0xA699, 0x9E58, 0xAE99, 
  0xB6BA, 0xAE79, 0xAEB9, 0xAE99, 0xAE99, 0xAEB9, 0xA699, 0xAEB9, 0x9E58, 0xA678, 0xAEB9, 0xA699, 
  0xFDF5, 0xFE16, 0xFE78, 0xFE78, 0xFE78, 0xFE57, 0xFE78, 0xFE78, 0xFE78, 0xFE57, 0xFDD5, 0xFE37, 
  0xFE16, 0xFE16, 0xFE57, 0xFE57, 0xFE78, 0xFE98, 0xFE78, 0xFE16, 0xFE58, 0xFE57, 0xFE78, 0xFE78, 
  0xFE57, 0xFE37, 0xFE57, 0xFE78, 0xFE98, 0xFE98, 0xFE78, 0xFE78, 0xEE16, 0xFEB9, 0xC513, 0xBD13, 
  0xC554, 0xD5B6, 0xDE17, 0xEE58, 0xF6BA, 0xFF1B, 0xFF3C, 0xFF5C, 0xFF3C, 0xFF5C, 0xFF3C, 0xFF5C, 
  0xFF5C, 0xFF5C, 0xFF5C, 0xFF3C, 0xFF3B, 0xFF5C, 0xFF5C, 0xFF5C, 0xFF5C, 0xFF5C, 0xFF3C, 0xFEFA, 
  0xFF1B, 0xFF1B, 0xFF1B, 0xFF1B, 0xFF3B, 0xFF3C, 0xFF1B, 0xFF3B, 0xFF5C, 0xFF5C, 0xFF5C, 0xFF3B, 
  0xFF1B, 0xFF1B, 0xFF5C, 0xFF5C, 0xFF7C, 0xFF5C, 0xFF3B, 0xF73C, 0xF73C, 0xF73C, 0xF75C, 0xF75C, 
  0xF71B, 0xF75C, 0xF75C, 0xF75C, 0xF75C, 0xF75C, 0xF75C, 0xF75C, 0xF75C, 0xF75C, 0xF75C, 0xF75C, 
  0xEF5C, 0xEF5C, 0xEF5C, 0xEF5C, 0xEF7C, 0xEF7C, 0xEF5C, 0xEF5C, 0xEF5C, 0xEF5C, 0xE73C, 0xEF3B, 
  0xEF1B, 0xE75C, 0xE75C, 0xE75C, 0xE75C, 0xE75C, 0xE75C, 0xE75C, 0xE75C, 0xE75C, 0xE75C, 0xE75C, 
  0xE73C, 0xE73C, 0xDF3C, 0xDF5D, 0xDF5D, 0xDF5D, 0xDF5D, 0xDF5D, 0xDF5D, 0xDF5D, 0xDF5C, 0xDF5C, 
  0xDF5C, 0xDF5D, 0xDF5C, 0xDF5C, 0xDF5C, 0xDF5D, 0xDF7D, 0xDF7D, 0xEF9D, 0xEF9E, 0xDF5D, 0xD75C, 
  0xDF5C, 0xDF5D, 0xDF5C, 0xDF5C, 0xDF5D, 0xDF5C, 0xDF5D, 0xDF5C, 0xDF5C, 0xD73C, 0xD73C, 0xDF5C, 
  0xE77D, 0xDF7D, 0xDF5C, 0xDF3C, 0xDF7D, 0xDF5D, 0xD73C, 0xDF5D, 0xDF5C, 0xDF5C, 0xDF5C, 0xDF5C, 
  0xD75C, 0xD75C, 0xD75C, 0xDF5D, 0xE79D, 0xDF5D, 0xDF5D, 0xDF5D, 0xDF5C, 0xDF5D, 0xE77D, 0xE77D, 
  0xDF7D, 0xE77D, 0xE77D, 0xE77D, 0xDF7D, 0xDF5D, 0xDF5C, 0xDF5D, 0xDF5C, 0xDF5C, 0xDF5D, 0xE77D, 
  0xE75D, 0xE79D, 0xE77D, 0xE77D, 0xE79D, 0xDF9D, 0xDF7D, 0xD73C, 0xDF5D, 0xD75C, 0xD73C, 0xD73C, 
  0xD75D, 0xD699, 0xEE37, 0xF698, 0x8471, 0x7491, 0x8D14, 0x9D95, 0xA5D6, 0xAE38, 0xB679, 0xAE99, 
  0xAE99, 0xA678, 0xAE99, 0xB6BA, 0xB6DA, 0xB6BA, 0xB6BA, 0xB6DA, 0xB6DA, 0xB699, 0xAE99, 0xAE99, 
  0xAE99, 0xB6BA, 0xB699, 0xAEBA, 0xA678, 0xAE99, 0xAE99, 0xAE99, 0xAEBA, 0xA678, 0xA679, 0xA658, 
  0xFE17, 0xFE57, 0xFE57, 0xFE77, 0xFE78, 0xFE78, 0xFE78, 0xFE78, 0xFE78, 0xFE77, 0xFE78, 0xFE57, 
  0xFE57, 0xFE17, 0xFE36, 0xFE37, 0xFE78, 0xFE99, 0xFE78, 0xFE16, 0xFE58, 0xFE78, 0xFE98, 0xFE98, 
  0xF637, 0xFE57, 0xFE78, 0xFE78, 0xFE78, 0xFE98, 0xFE98, 0xF678, 0xEE16, 0xFEB9, 0xC513, 0xBD13, 
  0xC554, 0xD5B6, 0xDE17, 0xEE58, 0xF6BA, 0xFF1B, 0xFF3C, 0xFF5C, 0xFF5C, 0xFF3C, 0xFF3C, 0xFF3C, 
  0xFF3C, 0xFF5C, 0xFF5C, 0xFF3C, 0xFF1B, 0xFF3B, 0xFF5C, 0xFF5C, 0xFF5C, 0xFF5C, 0xFF1B, 0xFF1B, 
  0xFF1B, 0xFF1B, 0xFF1B, 0xFEFA, 0xFEDA, 0xFF1B, 0xFF1B, 0xFEFA, 0xFF3B, 0xFF3B, 0xFF3B, 0xFF5B, 
  0xFF1B, 0xFF3B, 0xFF5C, 0xFF5C, 0xFF7C, 0xFF5C, 0xF75C, 0xF75C, 0xF75C, 0xF73B, 0xFF3B, 0xFF3C, 
  0xF71B, 0xF6FA, 0xF75C, 0xF75D, 0xF75C, 0xF75C, 0xF75C, 0xF75C, 0xF75C, 0xF75C, 0xF75C, 0xF75C, 
  0xF75C, 0xEF5C, 0xEF7C, 0xEF5C, 0xEF5C, 0xEF7D, 0xE77D, 0xEF5C, 0xE75C, 0xE75C, 0xE75C, 0xEF3C, 
  0xEEFB, 0xE75C, 0xE77C, 0xE75C, 0xE75C, 0xE75C, 0xE75C, 0xE75C, 0xE75C, 0xE75C, 0xE75C, 0xE77D, 
  0xE73C, 0xE73C, 0xE75C, 0xDF5D, 0xDF7D, 0xDF7D, 0xDF5D, 0xDF5D, 0xDF5D, 0xDF7D, 0xDF5C, 0xDF7D, 
  0xDF5D, 0xDF5D, 0xDF7D, 0xDF5C, 0xDF5C, 0xDF7D, 0xE77D, 0xDF7D, 0xE77D, 0xEF9E, 0xE77D, 0xDF5C, 
  0xDF5C, 0xDF5D, 0xDF5D, 0xDF5C, 0xDF5C, 0xDF5C, 0xDF5D, 0xDF5C, 0xDF5C, 0xDF5C, 0xDF5C, 0xD73C, 
  0xDF7D, 0xE79D, 0xDF7D, 0xDF5D, 0xDF7D, 0xDF5D, 0xDF5C, 0xDF5D, 0xDF5D, 0xDF5C, 0xDF5C, 0xD75C, 
  0xD75C, 0xD75C, 0xD75C, 0xD75D, 0xDF7D, 0xDF7D, 0xDF5C, 0xD75D, 0xD75D, 0xD75C, 0xDF5D, 0xDF7D, 
  0xD75C, 0xDF5D, 0xE77D, 0xEF9E, 0xE77D, 0xDF5D, 0xDF7D, 0xDF7D, 0xDF7D, 0xDF7D, 0xDF7D, 0xDF7D, 
  0xDF5D, 0xDF7D, 0xE77D, 0xE77D, 0xE79D, 0xDF7D, 0xD75C, 0xD73C, 0xD75C, 0xD75C, 0xDF5C, 0xD75C, 
  0xDF7D, 0xD699, 0xEE37, 0xF699, 0x8450, 0x7492, 0x8D34, 0x9575, 0x9DD6, 0xAE38, 0xB679, 0xB699, 
  0xBEDA, 0xB6DA, 0xB6DA, 0xBEBA, 0xB6DA, 0xB6BA, 0xB6BA, 0xB6DA, 0xB6DA, 0xBEDA, 0xAE99, 0x9E58, 
  0xAE99, 0xB6DA, 0xA678, 0xAE99, 0xA699, 0x9E58, 0xB6BA, 0xB699, 0xB6BA, 0xB6BA, 0xAE99, 0xA658, 
  0xFE37, 0xFE57, 0xFE57, 0xFE77, 0xFE78, 0xFE78, 0xFE98, 0xFE78, 0xFE78, 0xFE77, 0xFE78, 0xFE57, 
  0xFE37, 0xFE37, 0xFE37, 0xFE57, 0xFE98, 0xFE99, 0xFE57, 0xFE78, 0xFE98, 0xFE98, 0xFE57, 0xFE57, 
  0xFE98, 0xFE78, 0xFE78, 0xFE78, 0xFE98, 0xFE98, 0xFE98, 0xFE58, 0xEDF7, 0xFEB9, 0xC513, 0xBD13, 
  0xC554, 0xD5B6, 0xDE17, 0xEE78, 0xF699, 0xFEFB, 0xFF3C, 0xFF5C, 0xFF5C, 0xFF3C, 0xFF3C, 0xFF3B, 
  0xFF3C, 0xFF5C, 0xFF5C, 0xFF5C, 0xFF5C, 0xFF5C, 0xFF5C, 0xFF5C, 0xFF5C, 0xFF3C, 0xFF3C, 0xFF3C, 
  0xFF3B, 0xFF3C, 0xFF5C, 0xFF1B, 0xFEFB, 0xFF1B, 0xFF1B, 0xFF1B, 0xFF3B, 0xFF1B, 0xFF1B, 0xFF1B, 
  0xFF1B, 0xFF1B, 0xFF1B, 0xFF3B, 0xFF5C, 0xF6FA, 0xF6FA, 0xF75C, 0xF75C, 0xF71B, 0xFEDA, 0xFEFA, 
  0xFF3B, 0xF6DA, 0xF73B, 0xF75C, 0xF75C, 0xF75C, 0xF75C, 0xF75C, 0xF75C, 0xF75C, 0xF75C, 0xF75C, 
  0xEF5C, 0xEF5C, 0xEF7C, 0xEF5C, 0xEF5C, 0xEF7C, 0xE79D, 0xE79D, 0xE75C, 0xEF5C, 0xE75C, 0xE73C, 
  0xEF1B, 0xE75C, 0xE75C, 0xE75C, 0xE75C, 0xE75C, 0xE75C, 0xE75C, 0xE75C, 0xE75C, 0xE73B, 0xE77C, 
  0xE77D, 0xDF5C, 0xE75D, 0xDF5C, 0xDF5C, 0xDF5D, 0xDF5D, 0xDF5D, 0xDF5D, 0xDF7D, 0xDF5C, 0xDF5D, 
  0xDF5D, 0xDF5D, 0xDF5D, 0xDF5D, 0xDF5D, 0xDF7D, 0xE77D, 0xE77D, 0xE77D, 0xE79D, 0xE77D, 0xDF5D, 
  0xDF5D, 0xDF7D, 0xDF5C, 0xDF5C, 0xDF5C, 0xDF5C, 0xDF5C, 0xDF5C, 0xDF5C, 0xDF5C, 0xDF5C, 0xDF5C, 
  0xDF5C, 0xE77D, 0xE77D, 0xDF5D, 0xDF5D, 0xDF7D, 0xDF5D, 0xDF5D, 0xDF5C, 0xDF5C, 0xDF5C, 0xDF5C, 
  0xD75C, 0xD75C, 0xD75C, 0xD75C, 0xDF7D, 0xDF7D, 0xDF5C, 0xDF5D, 0xD75C, 0xD75C, 0xDF5C, 0xDF5D, 
  0xD75C, 0xD75C, 0xD75C, 0xDF7D, 0xE77D, 0xE77D, 0xDF5D, 0xDF5D, 0xDF7D, 0xE77D, 0xDF7D, 0xDF5D, 
  0xDF5D, 0xDF5D, 0xE77D, 0xE77D, 0xE77D, 0xDF7D, 0xD75C, 0xD73C, 0xD73C, 0xD73C, 0xD75C, 0xD75C, 
  0xDF7D, 0xD6BA, 0xF637, 0xF699, 0x8C91, 0x7CD2, 0x8D13, 0x9575, 0xA5D6, 0xAE38, 0xB679, 0xBEDA, 
  0xB6BA, 0xB6BA, 0xBEBA, 0xB6BA, 0xB6DA, 0xB6B9, 0xAE99, 0xB6DA, 0xB6BA, 0xB6BA, 0xAEBA, 0xB699, 
  0xB6BA, 0xAE99, 0x9637, 0xA699, 0xAE99, 0x9E58, 0xA678, 0xB6BA, 0xAE99, 0xAEB9, 0xBEBA, 0xB6BA, 
  0xFE57, 0xFE57, 0xFE16, 0xFE37, 0xFE78, 0xFE98, 0xFE78, 0xFE78, 0xFE78, 0xFE78, 0xFE78, 0xFE78, 
  0xFE57, 0xFE57, 0xFE57, 0xFE57, 0xFE37, 0xFE57, 0xFE58, 0xFE78, 0xFE99, 0xFE98, 0xFE57, 0xFE57, 
  0xFE78, 0xFE78, 0xFE78, 0xFE58, 0xFDF6, 0xFE57, 0xFE78, 0xF637, 0xEDF7, 0xFEB9, 0xC513, 0xBCF3, 
  0xC554, 0xD5B6, 0xDE17, 0xEE78, 0xF6B9, 0xFEFB, 0xFF3C, 0xFF5C, 0xFF5C, 0xFF5C, 0xFF3C, 0xFF3C, 
  0xFF3C, 0xFF5C, 0xFF5C, 0xFF5C, 0xFF5C, 0xFF5C, 0xFF5C, 0xFF5C, 0xFF5C, 0xFF5C, 0xFF5C, 0xFF3C, 
  0xFF3C, 0xFF3C, 0xFF3C, 0xFF1B, 0xFF3B, 0xFF1B, 0xFF1B, 0xFF3B, 0xFF5B, 0xFF3B, 0xFF3B, 0xFEFA, 
  0xFEDA, 0xFEDA, 0xFEDA, 0xFEFA, 0xFF1B, 0xFEFA, 0xFEDA, 0xF71B, 0xF75C, 0xF73C, 0xFEFA, 0xFED9, 
  0xFF1B, 0xFEFB, 0xF6FB, 0xF73C, 0xF75C, 0xF75C, 0xF75C, 0xF75C, 0xEF5C, 0xEF5C, 0xEF3C, 0xEF5C, 
  0xEF5C, 0xEF5C, 0xEF5C, 0xEF5C, 0xEF5C, 0xEF5C, 0xEF7C, 0xE79D, 0xEF5C, 0xEF1B, 0xEF5C, 0xE73B, 
  0xEF1B, 0xE75C, 0xE75C, 0xE75C, 0xE75C, 0xE75C, 0xE75C, 0xE75C, 0xE73C, 0xE75C, 0xE73B, 0xE73B, 
  0xE75C, 0xE75D, 0xE75C, 0xDF3C, 0xDF3C, 0xDF5C, 0xDF5D, 0xDF5D, 0xDF5D, 0xDF7D, 0xDF5D, 0xDF5D, 
  0xDF5D, 0xDF5D, 0xDF7D, 0xDF5D, 0xDF5D, 0xDF5D, 0xE77D, 0xE77D, 0xDF7D, 0xDF7D, 0xE77D, 0xDF7D, 
  0xDF5D, 0xDF5C, 0xDF5C, 0xDF5C, 0xDF5C, 0xDF5C, 0xDF5D, 0xDF5C, 0xDF5C, 0xDF5C, 0xDF5C, 0xDF5C, 
  0xD73C, 0xDF5C, 0xE79D, 0xDF7D, 0xDF5C, 0xDF7D, 0xDF5D, 0xDF5C, 0xDF5C, 0xDF5C, 0xDF5D, 0xDF5D, 
  0xD75C, 0xD75C, 0xD75C, 0xD75C, 0xDF5D, 0xDF7D, 0xDF7D, 0xDF5C, 0xDF5C, 0xDF5D, 0xDF7D, 0xDF5D, 
  0xDF5D, 0xD75D, 0xD75D, 0xDF7D, 0xE79D, 0xE77D, 0xDF7D, 0xDF5C, 0xDF7D, 0xDF7D, 0xD75C, 0xD75C, 
  0xD73D, 0xE77D, 0xE79D, 0xE77D, 0xDF7D, 0xDF5D, 0xD75C, 0xCEFB, 0xD73C, 0xD75C, 0xD75D, 0xD73C, 
  0xD77D, 0xD6BA, 0xF637, 0xF699, 0x94B2, 0x7CB2, 0x84F3, 0x9575, 0xA5D6, 0xAE17, 0xAE78, 0xAE99, 
  0xA678, 0xB6BA, 0xB6DA, 0xB6DA, 0xB6DA, 0xB6DA, 0xB6DA, 0xAE99, 0xB6BA, 0xB6BA, 0xA678, 0xA678, 
  0xB6BA, 0xAE99, 0xAEBA, 0xAE99, 0x9E58, 0xA699, 0xAE99, 0xAE99, 0xAE99, 0xA699, 0xB699, 0xBEBA, 
  0xFE16, 0xFE78, 0xFE16, 0xFDF6, 0xFE57, 0xFE98, 0xFE57, 0xFE58, 0xFE79, 0xFE78, 0xFE78, 0xFE77, 
  0xFE57, 0xFE57, 0xFE57, 0xFE37, 0xFE37, 0xFE57, 0xFE58, 0xFE16, 0xFE57, 0xFE37, 0xFE57, 0xFE98, 
  0xFE78, 0xFE98, 0xFE99, 0xFE78, 0xFE16, 0xFE57, 0xFE78, 0xF657, 0xEE16, 0xFEB9, 0xC513, 0xBCF3, 
  0xC554, 0xD5B6, 0xDE17, 0xE678, 0xF6BA, 0xFEFB, 0xFF3B, 0xFF3C, 0xFF5C, 0xFF5C, 0xFF5C, 0xFF5C, 
  0xFF3C, 0xFF3C, 0xFF5C, 0xFF5C, 0xFF5C, 0xFF5C, 0xFF7C, 0xFF7C, 0xFF7C, 0xFF7C, 0xFF5C, 0xFF5C, 
  0xFF3C, 0xFF3C, 0xFF1B, 0xFF3C, 0xFF3B, 0xFF1B, 0xFF1B, 0xFF3B, 0xFF3B, 0xFF1B, 0xFF3B, 0xFEFA, 
  0xFEDA, 0xFEDA, 0xFEDA, 0xFEDA, 0xFEFA, 0xFF1B, 0xF73B, 0xF75C, 0xF75C, 0xF75C, 0xFF5C, 0xFF3B, 
  0xF73B, 0xF6FB, 0xF6DA, 0xF71C, 0xF75C, 0xF75C, 0xF75C, 0xF75C, 0xF75C, 0xF75C, 0xF75C, 0xF75C, 
  0xEF5C, 0xEF5C, 0xEF5C, 0xEF5C, 0xEF5C, 0xEF7C, 0xEF5C, 0xEF7D, 0xE77C, 0xEF3C, 0xEF5B, 0xEF3B, 
  0xE73B, 0xE75C, 0xE73C, 0xE73C, 0xE75C, 0xE75C, 0xE73C, 0xE75C, 0xE73C, 0xE75C, 0xE75C, 0xE73C, 
  0xE6FB, 0xE75C, 0xE77C, 0xDF5C, 0xDF5C, 0xDF5C, 0xDF7D, 0xDF7D, 0xDF7D, 0xDF7D, 0xDF7D, 0xDF5D, 
  0xDF5D, 0xE77D, 0xE79D, 0xE77D, 0xDF7D, 0xDF7D, 0xE77D, 0xDF7D, 0xDF5D, 0xDF7D, 0xE77D, 0xDF7D, 
  0xDF7D, 0xDF5C, 0xDF5C, 0xDF5C, 0xDF5C, 0xDF5C, 0xDF5D, 0xDF5C, 0xD73C, 0xDF5C, 0xDF7D, 0xDF5D, 
  0xDF3C, 0xDF5C, 0xE77D, 0xE79D, 0xDF7D, 0xDF5C, 0xDF5D, 0xDF5C, 0xDF5C, 0xDF5C, 0xDF5C, 0xD75C, 
  0xD75C, 0xDF5D, 0xDF5D, 0xDF5D, 0xD75D, 0xDF7D, 0xDF5D, 0xDF5D, 0xDF5D, 0xDF7D, 0xDF7D, 0xDF5D, 
  0xDF5D, 0xDF5D, 0xDF5D, 0xDF7D, 0xDF7D, 0xDF5D, 0xDF7D, 0xDF7D, 0xDF5D, 0xDF7D, 0xDF7D, 0xD75C, 
  0xD73C, 0xD75C, 0xE77D, 0xDF7D, 0xDF7D, 0xDF5D, 0xD75C, 0xD73C, 0xD75C, 0xDF5C, 0xD73C, 0xD75C, 
  0xD77D, 0xD699, 0xF617, 0xF699, 0x8CB2, 0x7CB2, 0x8D14, 0x9D95, 0xA5B6, 0xAE18, 0xB679, 0xB699, 
  0xB6DA, 0xB6DA, 0xB6DA, 0xB6DA, 0xB6DA, 0xB6B9, 0xAE79, 0xB6BA, 0xBEDA, 0xAE99, 0xAE79, 0xBEDA, 
  0xB6BA, 0xB6BA, 0xB6BA, 0xAE99, 0x8E17, 0x8E17, 0xB6DA, 0xAE99, 0xA658, 0xAE99, 0xAE99, 0xBEBA, 
  0xFE16, 0xFE57, 0xFE36, 0xFE36, 0xFE57, 0xFE57, 0xF616, 0xFE37, 0xFE58, 0xFE98, 0xFE78, 0xFE57, 
  0xFE57, 0xFE57, 0xFE16, 0xFE16, 0xFE57, 0xFE78, 0xFE78, 0xFE37, 0xFE58, 0xFE37, 0xFE37, 0xFE78, 
  0xFE78, 0xFE98, 0xFEB9, 0xFE99, 0xFE98, 0xFE37, 0xFE98, 0xFE78, 0xEE16, 0xFEB9, 0xC513, 0xBCF3, 
  0xC534, 0xD5B6, 0xDE17, 0xEE78, 0xF6BA, 0xFEFB, 0xFF3C, 0xFF1C, 0xFF3C, 0xFF3C, 0xFF3C, 0xFF5C, 
  0xFF5C, 0xFF5C, 0xFF5C, 0xFF5C, 0xFF5C, 0xFF7C, 0xFF7C, 0xFF5C, 0xFF5C, 0xFF7C, 0xFF7C, 0xFF5C, 
  0xFF5C, 0xFF3C, 0xFF3C, 0xFF3C, 0xFF3C, 0xFF3B, 0xFF5C, 0xFF5C, 0xFF5C, 0xFF3B, 0xFF1B, 0xFEFA, 
  0xFF1B, 0xFEFA, 0xFEDA, 0xFEDA, 0xFEFA, 0xFF3B, 0xF75C, 0xF73C, 0xF73C, 0xFF3C, 0xF71B, 0xFF1B, 
  0xF6FA, 0xF71A, 0xFEFA, 0xF71B, 0xF75C, 0xEF5C, 0xF75C, 0xF75C, 0xEF5C, 0xEF5C, 0xF75C, 0xF75C, 
  0xEF5C, 0xEF5C, 0xEF5C, 0xEF5C, 0xEF5C, 0xEF5C, 0xEF5C, 0xEF5C, 0xEF7C, 0xEF5C, 0xE75C, 0xE71B, 
  0xEF1B, 0xE73C, 0xE73C, 0xE73C, 0xE75C, 0xE75C, 0xE75C, 0xE75C, 0xE75C, 0xE75C, 0xE75C, 0xE75C, 
  0xE75C, 0xE75D, 0xE77D, 0xDF5C, 0xDF5C, 0xDF5D, 0xDF7D, 0xDF7D, 0xDF7D, 0xE79D, 0xE77D, 0xDF7D, 
  0xDF7D, 0xEF9D, 0xEF9E, 0xE77D, 0xDF7D, 0xDF7D, 0xDF7D, 0xDF7D, 0xDF5D, 0xDF7D, 0xDF7D, 0xDF7D, 
  0xE77D, 0xDF7D, 0xDF5C, 0xDF5D, 0xDF7D, 0xDF7D, 0xDF5C, 0xD73C, 0xD73C, 0xDF5C, 0xDF7D, 0xDF7D, 
  0xDF5C, 0xDF5C, 0xE77D, 0xE77D, 0xE79D, 0xE77D, 0xE77D, 0xDF7D, 0xDF5C, 0xDF5C, 0xDF5C, 0xDF5C, 
  0xD75C, 0xDF7D, 0xDF7D, 0xDF7D, 0xDF7D, 0xE77D, 0xE77D, 0xDF5C, 0xDF7D, 0xDF7D, 0xDF7D, 0xDF5D, 
  0xDF7D, 0xDF5C, 0xDF5D, 0xDF5D, 0xDF7D, 0xDF7D, 0xDF7D, 0xDF7D, 0xDF7D, 0xDF5D, 0xDF5D, 0xDF5C, 
  0xD75C, 0xDF5D, 0xE79D, 0xDF7D, 0xDF5C, 0xDF5D, 0xD75D, 0xD75C, 0xDF5D, 0xD73C, 0xD73C, 0xCF1B, 
  0xD75C, 0xCE78, 0xF637, 0xF699, 0x94B2, 0x7CB2, 0x9534, 0x9D95, 0xA5D7, 0xAE38, 0xB679, 0xBEBA, 
  0xBEDA, 0xB6B9, 0xAE99, 0xB6DA, 0xB6BA, 0xAE99, 0xAE99, 0xB6BA, 0xB6BA, 0xB6BA, 0xBEDA, 0xBEDA, 
  0xBEBA, 0xB6BA, 0xB6BA, 0xA679, 0x7DF6, 0x8616, 0xA699, 0xB699, 0xB6BA, 0xBEBA, 0xBEDA, 0xBEDA, 
  0xFDF6, 0xFE57, 0xFE57, 0xFE37, 0xFE16, 0xFE57, 0xFE16, 0xF5D6, 0xFE57, 0xFE78, 0xFE57, 0xFE57, 
  0xFE57, 0xFE57, 0xFE16, 0xFE16, 0xFE57, 0xFE78, 0xFE98, 0xFE78, 0xFE57, 0xFE58, 0xFE16, 0xFE37, 
  0xFE57, 0xFE78, 0xFE99, 0xFEB9, 0xFE98, 0xFE57, 0xFE98, 0xFE78, 0xEDF6, 0xFEB9, 0xC513, 0xBCF3, 
  0xC533, 0xD5B6, 0xDE17, 0xE658, 0xF6BA, 0xFF1B, 0xFF3C, 0xFF3C, 0xFF1B, 0xFF3C, 0xFF5C, 0xFF5C, 
  0xFF5C, 0xFF5C, 0xFF5C, 0xFF3C, 0xFF5C, 0xFF5C, 0xFF5C, 0xFF5C, 0xFF5C, 0xFF5C, 0xFF5C, 0xFF5C, 
  0xFF5C, 0xFF5C, 0xFF5C, 0xFF5C, 0xFF5C, 0xFF3C, 0xFF1B, 0xFF3B, 0xFF5C, 0xFF5B, 0xFF1B, 0xFEFA, 
  0xFEDA, 0xFEFA, 0xFEDA, 0xFEFB, 0xFF1B, 0xFF1B, 0xFF1B, 0xFF1B, 0xFF3C, 0xFF3C, 0xFEDA, 0xFEDA, 
  0xF6DA, 0xFEDA, 0xF6FA, 0xF73B, 0xF75C, 0xF75C, 0xF75C, 0xF75C, 0xEF5C, 0xEF5C, 0xEF5C, 0xF75C, 
  0xEF5C, 0xEF5C, 0xEF5C, 0xEF5C, 0xEF5C, 0xEF5C, 0xEF5C, 0xEF5C, 0xEF7C, 0xEF5C, 0xE75C, 0xEF3B, 
  0xEEFB, 0xE73C, 0xE75C, 0xE73C, 0xE75C, 0xE75C, 0xE73C, 0xE75C, 0xE75C, 0xE75C, 0xE75C, 0xE75C, 
  0xE75C, 0xDF5C, 0xE77D, 0xE77D, 0xDF5C, 0xDF5D, 0xDF7D, 0xDF5D, 0xDF5D, 0xDF7D, 0xE79D, 0xE77D, 
  0xDF5C, 0xE77D, 0xE77D, 0xDF5D, 0xDF5C, 0xDF5D, 0xDF5D, 0xDF5D, 0xDF5D, 0xE77D, 0xE77D, 0xDF7D, 
  0xDF7D, 0xDF7D, 0xDF5D, 0xDF7D, 0xDF5D, 0xDF5D, 0xDF5D, 0xD73C, 0xD75C, 0xDF5C, 0xDF5C, 0xDF5C, 
  0xDF5C, 0xDF5C, 0xDF7D, 0xDF5D, 0xDF7D, 0xE79D, 0xE79D, 0xDF5D, 0xDF5C, 0xDF5C, 0xDF5C, 0xDF5D, 
  0xDF5D, 0xDF5D, 0xDF7D, 0xDF7D, 0xDF7D, 0xE77D, 0xE79D, 0xDF7D, 0xDF7D, 0xDF7D, 0xDF7D, 0xDF7D, 
  0xDF7D, 0xDF5C, 0xDF5C, 0xDF7D, 0xE77D, 0xDF7D, 0xE77D, 0xDF5D, 0xDF5D, 0xDF7D, 0xDF5D, 0xDF5D, 
  0xDF7D, 0xE77E, 0xDF7D, 0xDF5D, 0xDF7D, 0xDF5D, 0xDF7D, 0xDF5D, 0xD75C, 0xD73C, 0xD75D, 0xC6FB, 
  0xCF3C, 0xD699, 0xEE37, 0xF698, 0x94B2, 0x84D3, 0x9514, 0x9575, 0xA5D6, 0xA617, 0xAE58, 0xBEDA, 
  0xBEDA, 0xBEBA, 0xB6BA, 0xB6BA, 0xB6DA, 0xBEDA, 0xAEB9, 0xB6DA, 0xBEBA, 0xB6BA, 0xBEDA, 0xBEDA, 
  0xBEDA, 0xB6BA, 0xB6BA, 0xA679, 0x9658, 0xB6BA, 0xB6BA, 0xBEDA, 0xB6BA, 0xBEDB, 0xC6FB, 0xB69A, 
  0xFDF6, 0xFE57, 0xFE57, 0xFE16, 0xFDF6, 0xFE37, 0xFE16, 0xFE16, 0xFE57, 0xFE37, 0xFE16, 0xFE57, 
  0xFE57, 0xFE57, 0xFE16, 0xFDF6, 0xFE37, 0xFE78, 0xFE98, 0xFE98, 0xFE78, 0xFE57, 0xFE78, 0xFE57, 
  0xFE37, 0xFE78, 0xFE99, 0xFEB9, 0xFEB9, 0xFEB9, 0xFEB9, 0xFE78, 0xEDF7, 0xFEB9, 0xC513, 0xBCF3, 
  0xC554, 0xD5B6, 0xDE17, 0xE658, 0xF6B9, 0xFF1B, 0xFF5C, 0xFF3C, 0xFF3C, 0xFF3C, 0xFF5C, 0xFF5C, 
  0xFF5C, 0xFF1C, 0xFF1B, 0xFF3C, 0xFF3C, 0xFF3C, 0xFF5C, 0xFF5C, 0xFF5C, 0xFF5C, 0xFF5C, 0xFF5C, 
  0xFF5C, 0xFF5C, 0xFF3C, 0xFF5C, 0xFF5C, 0xFF5C, 0xFF1B, 0xFEFA, 0xFF3B, 0xFF5C, 0xFF3B, 0xFF1B, 
  0xFEFA, 0xFF1B, 0xFF3B, 0xFF1B, 0xFEFB, 0xFEFA, 0xFEDA, 0xFEDA, 0xFF1B, 0xF6FA, 0xFEFA, 0xF71B, 
  0xF73B, 0xF6FA, 0xF6DA, 0xF73B, 0xF75C, 0xF75C, 0xF75D, 0xF75D, 0xF75D, 0xEF5C, 0xF75C, 0xF73C, 
  0xF73C, 0xEF5C, 0xEF5C, 0xEF5C, 0xEF5C, 0xEF5C, 0xEF5C, 0xEF5C, 0xEF7C, 0xEF5C, 0xEF5C, 0xEF7C, 
  0xE71B, 0xE73C, 0xE73C, 0xE75C, 0xE75C, 0xE75C, 0xE73C, 0xE73C, 0xE75C, 0xE73C, 0xE73C, 0xE73B, 
  0xE73C, 0xDF5C, 0xDF5C, 0xDF5C, 0xDF5D, 0xDF5D, 0xDF7D, 0xDF7D, 0xDF7D, 0xDF7D, 0xE77D, 0xE77D, 
  0xDF5D, 0xDF5D, 0xDF5D, 0xDF5C, 0xDF7D, 0xDF5D, 0xDF5D, 0xDF5D, 0xDF7D, 0xDF7D, 0xE79D, 0xDF7D, 
  0xDF7D, 0xE79D, 0xDF7D, 0xDF7D, 0xDF7D, 0xDF5D, 0xDF7D, 0xDF5C, 0xD75C, 0xDF5D, 0xDF5C, 0xDF5C, 
  0xDF5C, 0xDF5C, 0xDF5C, 0xDF5D, 0xDF5C, 0xDF7D, 0xE77D, 0xDF7D, 0xDF5C, 0xDF5C, 0xDF5C, 0xDF5D, 
  0xDF5C, 0xDF5D, 0xDF5D, 0xDF7D, 0xDF7D, 0xE77D, 0xE79D, 0xE79D, 0xE77D, 0xDF5D, 0xDF5C, 0xDF5C, 
  0xDF5C, 0xDF7D, 0xDF7D, 0xDF5D, 0xDF7D, 0xDF7D, 0xDF5D, 0xDF5D, 0xDF5D, 0xDF7D, 0xDF5D, 0xDF7D, 
  0xE77E, 0xE79E, 0xE77D, 0xDF5D, 0xDF7D, 0xDF5D, 0xDF7D, 0xD75C, 0xD73C, 0xD73C, 0xD75C, 0xDF5D, 
  0xDF7D, 0xD699, 0xEE37, 0xF699, 0x94B2, 0x84D3, 0x9534, 0x9D95, 0xA5D7, 0xA5F7, 0xAE58, 0xBEDA, 
  0xB6BA, 0xB6BA, 0xB6DA, 0xB6B9, 0xB6DA, 0xB6DA, 0xBEDA, 0xBEDA, 0xBEDA, 0xB6BA, 0xB6BA, 0xB6BA, 
  0xB6BA, 0xB6BA, 0xB6BA, 0x9E78, 0x85D6, 0xAEBA, 0xA679, 0xB6BA, 0xB69A, 0xBEDB, 0xBEDB, 0xBEDA, 
  0xFE37, 0xFE37, 0xFE37, 0xFE37, 0xFE37, 0xFE37, 0xFE57, 0xFE57, 0xFE16, 0xFE17, 0xFE57, 0xFE57, 
  0xFE37, 0xFE57, 0xFE37, 0xFDF5, 0xFE17, 0xFE57, 0xFE58, 0xFE98, 0xFE78, 0xFE57, 0xFE58, 0xFE78, 
  0xFE57, 0xFE98, 0xFE98, 0xFE99, 0xFEB9, 0xFE78, 0xFE98, 0xFE78, 0xEE17, 0xFEB9, 0xC513, 0xBD13, 
  0xC554, 0xCDB6, 0xDE17, 0xE658, 0xF6BA, 0xFF1B, 0xFF5C, 0xFF3C, 0xFF3C, 0xFF3C, 0xFF5C, 0xFF5C, 
  0xFF3C, 0xFF3B, 0xFF3C, 0xFF3C, 0xFF3B, 0xFF3C, 0xFF5C, 0xFF5C, 0xFF5C, 0xFF5C, 0xFF5C, 0xFF3C, 
  0xFF5C, 0xFF3C, 0xFF3C, 0xFF5C, 0xFF5C, 0xFF5C, 0xFF3C, 0xFF3B, 0xFF1B, 0xFF3C, 0xFF3B, 0xFF3C, 
  0xFEFA, 0xFF1B, 0xFF3B, 0xFEFB, 0xFEDA, 0xFF1B, 0xFF3B, 0xFF1B, 0xF75C, 0xF75C, 0xFF3C, 0xFF3B, 
  0xFF3C, 0xFF1B, 0xFED9, 0xF6FA, 0xF73B, 0xF75C, 0xF77C, 0xF75C, 0xEF5C, 0xF75C, 0xF75C, 0xF75C, 
  0xF75C, 0xEF5C, 0xEF5C, 0xEF5C, 0xEF5C, 0xEF5C, 0xEF5C, 0xEF5C, 0xEF5C, 0xEF5C, 0xEF5C, 0xEF5C, 
  0xE75C, 0xE73C, 0xE71C, 0xE75C, 0xE75C, 0xE75C, 0xE75C, 0xE75C, 0xE73C, 0xE73C, 0xE73B, 0xE6FB, 
  0xE71C, 0xE75C, 0xDF5C, 0xDF5D, 0xE75D, 0xE75C, 0xDF5D, 0xDF7D, 0xDF7D, 0xDF5D, 0xE77D, 0xE77D, 
  0xDF7D, 0xDF5D, 0xDF7D, 0xDF7D, 0xDF7D, 0xDF5D, 0xDF5D, 0xDF5D, 0xDF7D, 0xDF7D, 0xDF7D, 0xDF7D, 
  0xE79D, 0xE79D, 0xE77D, 0xDF7D, 0xDF7D, 0xDF5D, 0xDF5D, 0xDF5C, 0xDF5C, 0xDF5C, 0xDF5C, 0xDF5C, 
  0xDF5C, 0xDF5C, 0xDF5C, 0xDF5C, 0xDF7D, 0xDF5C, 0xDF7D, 0xE79D, 0xDF5D, 0xD73C, 0xDF5C, 0xDF5D, 
  0xDF5C, 0xDF7D, 0xDF5D, 0xDF7D, 0xDF7D, 0xDF5C, 0xE77D, 0xE77D, 0xDF7D, 0xDF7D, 0xDF5C, 0xDF5C, 
  0xDF5D, 0xDF7D, 0xDF7D, 0xDF7D, 0xDF7D, 0xDF5D, 0xDF5D, 0xDF7D, 0xDF7D, 0xDF7D, 0xDF7D, 0xDF5D, 
  0xE77D, 0xE79E, 0xE79E, 0xE77D, 0xDF7D, 0xDF5D, 0xDF5D, 0xDF5D, 0xD75D, 0xD73C, 0xD75C, 0xD75C, 
  0xDF5D, 0xCE99, 0xEE17, 0xF699, 0x94D2, 0x84D2, 0x7CD2, 0x9575, 0xA5D6, 0xA617, 0xAE58, 0xB699, 
  0xB69A, 0xB6BA, 0xB6BA, 0xAE99, 0xAE99, 0xB6BA, 0xBEDA, 0xBEDA, 0xBEDA, 0xBEDA, 0xB6BA, 0xB69A, 
  0xB6BA, 0xB6BA, 0xB6BA, 0x8E17, 0x8E17, 0xAE9A, 0xAE99, 0xB6BA, 0xBEDA, 0xBEDA, 0xB69A, 0xBEDA, 
  0xFE37, 0xFE37, 0xFE57, 0xFE57, 0xFE57, 0xFE36, 0xFE57, 0xFE57, 0xFE37, 0xFE57, 0xFE57, 0xFE37, 
  0xF5D5, 0xFE37, 0xFE57, 0xFE37, 0xFE37, 0xFE37, 0xFE77, 0xFE78, 0xFE98, 0xFE78, 0xFE37, 0xFE57, 
  0xFE57, 0xFE78, 0xFE98, 0xFE98, 0xFE99, 0xFEB9, 0xFEB9, 0xFE78, 0xEE17, 0xFEB9, 0xC533, 0xB513, 
  0xC575, 0xCDD6, 0xDE37, 0xEE79, 0xF6DA, 0xFF1B, 0xFF3C, 0xFF3C, 0xFF3C, 0xFF3C, 0xFF3C, 0xFF3C, 
  0xFF5C, 0xFF3C, 0xFF3C, 0xFF3C, 0xFF3B, 0xFF3C, 0xFF5C, 0xFF3C, 0xFF7C, 0xFF5C, 0xFF5C, 0xFF5C, 
  0xFF5C, 0xFF5C, 0xFF5C, 0xFF3C, 0xFF3C, 0xFF3C, 0xFF5C, 0xFF5D, 0xFF1C, 0xFF1B, 0xFF5C, 0xFF1B, 
  0xFEDA, 0xFF1B, 0xFEFB, 0xFEB9, 0xFEB9, 0xFEFA, 0xF73B, 0xFF5B, 0xF73B, 0xF75C, 0xF75C, 0xF71B, 
  0xF6FB, 0xF6FB, 0xF6FA, 0xF71B, 0xF73C, 0xF71B, 0xF71B, 0xF77C, 0xEF7C, 0xF75C, 0xF75C, 0xEF5C, 
  0xEF5C, 0xEF7C, 0xEF5C, 0xEF5C, 0xEF5C, 0xEF5C, 0xEF3C, 0xEF5C, 0xEF5C, 0xEF5C, 0xEF5C, 0xEF5C, 
  0xE75C, 0xE75C, 0xE73C, 0xE75C, 0xE75C, 0xE75C, 0xE73B, 0xE73B, 0xE73C, 0xE73C, 0xE71B, 0xE71B, 
  0xE75C, 0xE73C, 0xE75C, 0xE75C, 0xDF5C, 0xE75C, 0xDF5D, 0xDF5D, 0xDF7D, 0xE77D, 0xE77D, 0xE77D, 
  0xE77D, 0xDF7D, 0xDF7D, 0xDF7C, 0xDF7D, 0xDF5D, 0xDF5D, 0xDF5D, 0xDF7D, 0xDF7D, 0xDF7D, 0xDF7D, 
  0xDF7D, 0xE77D, 0xE77D, 0xE77D, 0xDF7D, 0xDF5C, 0xDF5C, 0xDF5C, 0xDF5C, 0xDF5C, 0xDF5C, 0xDF5C, 
  0xDF5C, 0xDF5C, 0xD73C, 0xDF5C, 0xE79D, 0xDF7D, 0xDF7D, 0xE77D, 0xDF5D, 0xDF5C, 0xDF5C, 0xDF5C, 
  0xDF5D, 0xDF5D, 0xDF5D, 0xDF7D, 0xDF7D, 0xDF5D, 0xE77D, 0xE77D, 0xDF5D, 0xDF7D, 0xDF7D, 0xDF7D, 
  0xDF7D, 0xDF7D, 0xDF7D, 0xE79D, 0xDF7D, 0xDF5C, 0xDF5D, 0xDF7D, 0xDF7D, 0xDF7D, 0xDF7D, 0xDF5D, 
  0xE77D, 0xE79E, 0xEF9E, 0xE79E, 0xE77D, 0xDF5C, 0xD73C, 0xD75C, 0xDF5D, 0xD75D, 0xBEFA, 0xCF1B, 
  0xD77D, 0xD699, 0xEE17, 0xF699, 0x8471, 0x74B2, 0x7CD2, 0x9575, 0x9DD6, 0x9DF7, 0xAE38, 0xB69A, 
  0xBEBA, 0xB6BA, 0xAE99, 0xAE99, 0xB6BA, 0xBEDA, 0xBEDA, 0xBEDA, 0xBEDA, 0xB6DA, 0xB6BA, 0xB6BA, 
  0xB6DA, 0xB6BA, 0xAE99, 0xAE99, 0xB6BA, 0xB6BA, 0xB6BA, 0xB6BA, 0xB6BA, 0xA679, 0xB6BA, 0xB6BA, 
  0xFE16, 0xFDF6, 0xFE37, 0xFE57, 0xFE57, 0xFE57, 0xFE57, 0xFE57, 0xFE57, 0xFE57, 0xFE57, 0xFE17, 
  0xFE16, 0xFE16, 0xFE57, 0xFE57, 0xFE57, 0xFE36, 0xFE16, 0xFE17, 0xFE58, 0xFE78, 0xFE78, 0xFE78, 
  0xFE98, 0xFE78, 0xFE78, 0xFE78, 0xFE99, 0xFEB9, 0xFE99, 0xF658, 0xEDF6, 0xFEB9, 0xC533, 0xB534, 
  0xC575, 0xCDD6, 0xDE37, 0xE699, 0xF6DA, 0xFF3B, 0xFF3C, 0xFF3C, 0xFF3C, 0xFF3B, 0xFF1B, 0xFF3C, 
  0xFF5C, 0xFF5C, 0xFF3C, 0xFF3C, 0xFF3C, 0xFF5C, 0xFF5C, 0xFF5C, 0xFF3C, 0xFF3C, 0xFF5C, 0xFF5C, 
  0xFF5C, 0xFF5C, 0xFF5C, 0xFF3B, 0xFF3B, 0xFF1A, 0xFF3B, 0xFF7C, 0xFF3C, 0xFF1B, 0xFF5C, 0xFF3B, 
  0xFEBA, 0xFEFB, 0xFEFB, 0xFEDA, 0xFEDA, 0xFEDA, 0xFF1B, 0xFF1B, 0xFF1B, 0xF73C, 0xF75C, 0xF71B, 
  0xF71B, 0xF71B, 0xF73B, 0xF75C, 0xF73B, 0xF73B, 0xF6FA, 0xF73B, 0xF75D, 0xF75D, 0xEF5C, 0xEF5C, 
  0xEF5C, 0xF75C, 0xEF5C, 0xEF5C, 0xEF5C, 0xEF5C, 0xEF3B, 0xEF3B, 0xEF5C, 0xEF5C, 0xEF5C, 0xEF7C, 
  0xEF5C, 0xEF3C, 0xE75C, 0xE75C, 0xE73C, 0xE75C, 0xE75C, 0xE71B, 0xE73C, 0xE73C, 0xE73C, 0xE71B, 
  0xE73C, 0xDF1C, 0xE73C, 0xDF5C, 0xDF3B, 0xE75C, 0xDF5C, 0xE75D, 0xDF7D, 0xDF7D, 0xE77D, 0xE77D, 
  0xE77D, 0xDF7D, 0xDF7D, 0xDF7D, 0xDF7D, 0xDF5D, 0xDF5D, 0xDF7D, 0xDF5D, 0xDF7D, 0xDF5D, 0xDF7D, 
  0xDF7D, 0xE77D, 0xE77D, 0xE79D, 0xE79D, 0xDF7D, 0xDF5C, 0xDF5C, 0xDF5C, 0xDF5C, 0xDF5C, 0xDF5C, 
  0xDF5C, 0xD75C, 0xDF5C, 0xDF5C, 0xDF7D, 0xDF7D, 0xDF7D, 0xDF5C, 0xDF7D, 0xDF7D, 0xDF7D, 0xDF5D, 
  0xDF3C, 0xDF5D, 0xDF7D, 0xDF5D, 0xDF7D, 0xDF5D, 0xE77D, 0xE77D, 0xDF7D, 0xDF7D, 0xDF7D, 0xDF7D, 
  0xDF7D, 0xDF7D, 0xDF7D, 0xE77D, 0xDF7D, 0xDF7D, 0xDF7D, 0xDF7D, 0xDF5D, 0xDF5D, 0xDF7D, 0xDF5C, 
  0xDF5D, 0xE77E, 0xEF9E, 0xE79E, 0xE79D, 0xDF5D, 0xD75C, 0xCF1B, 0xCF3C, 0xD75C, 0xC6FB, 0xCF1B, 
  0xD77D, 0xD699, 0xEE17, 0xF699, 0x7450, 0x6C91, 0x8D34, 0x9575, 0x9DB6, 0xA5F7, 0xAE79, 0xB69A, 
  0xBEBA, 0xB6BA, 0xAE99, 0xAEB9, 0xB6DA, 0xB6BA, 0xB6BA, 0xBEDA, 0xBEDA, 0xB6DA, 0xB6BA, 0xB69A, 
  0xAE99, 0xA678, 0xB6DB, 0xB6DA, 0xB6BA, 0xB69A, 0xB6BA, 0xB6BA, 0xAEB9, 0x8E37, 0xAE99, 0xBEBA, 
  0xFDF6, 0xFDB5, 0xFDD6, 0xFE16, 0xFE57, 0xFE57, 0xFE37, 0xFE16, 0xFE57, 0xFE57, 0xFE57, 0xFE37, 
  0xFE16, 0xFE37, 0xFE16, 0xFE16, 0xFE58, 0xFE37, 0xFE36, 0xFDF6, 0xFE37, 0xFE78, 0xFE98, 0xFE98, 
  0xFE98, 0xFE78, 0xFE77, 0xFE78, 0xFE99, 0xFE98, 0xFE78, 0xF658, 0xEDF7, 0xFEB9, 0xC534, 0xB534, 
  0xC575, 0xCDD6, 0xDDF7, 0xEE79, 0xF6DA, 0xFF3C, 0xFF5C, 0xFF3C, 0xFF3C, 0xFF1B, 0xFF1B, 0xFF3C, 
  0xFF3C, 0xFF3C, 0xFF3C, 0xFF3C, 0xFF5C, 0xFF5C, 0xFF3C, 0xFF3C, 0xFF3C, 0xFF3C, 0xFF5C, 0xFF5C, 
  0xFF5C, 0xFF5C, 0xFF5C, 0xFF3B, 0xFF3B, 0xFF3B, 0xFF1B, 0xFF3B, 0xFF3C, 0xFF3C, 0xFF5C, 0xFF1B, 
  0xFEFB, 0xFF1B, 0xFEFA, 0xFEDA, 0xFEDA, 0xFEDA, 0xFF1B, 0xFF3B, 0xFF1B, 0xFF1B, 0xF75C, 0xF75C, 
  0xF71B, 0xF71B, 0xF73B, 0xF75C, 0xF73B, 0xF71B, 0xF6FA, 0xF6FA, 0xF71B, 0xF73C, 0xEF7C, 0xEF5C, 
  0xEF5C, 0xEF5C, 0xEF5C, 0xEF5C, 0xEF5C, 0xEF5C, 0xEF5C, 0xEF5C, 0xEF7C, 0xEF7C, 0xEF7C, 0xE75C, 
  0xEF5C, 0xEF3C, 0xE73C, 0xE75C, 0xE75C, 0xE75C, 0xE75C, 0xE75C, 0xDF7C, 0xE75C, 0xDF5C, 0xDF5C, 
  0xE73C, 0xE73C, 0xE75D, 0xDF5C, 0xE75C, 0xDF5C, 0xDF5C, 0xDF5C, 0xDF5D, 0xE77D, 0xE79D, 0xDF7D, 
  0xDF7D, 0xDF7D, 0xDF5D, 0xDF7D, 0xDF7D, 0xDF5D, 0xDF5D, 0xDF5C, 0xDF5C, 0xDF5C, 0xDF5D, 0xDF7D, 
  0xDF7D, 0xE79D, 0xE79D, 0xE79D, 0xE79D, 0xE79D, 0xDF5D, 0xD73C, 0xDF5C, 0xDF5C, 0xDF5C, 0xDF5C, 
  0xDF5D, 0xD75D, 0xDF5D, 0xDF5D, 0xDF5D, 0xDF7D, 0xDF7D, 0xDF7D, 0xDF7D, 0xDF7D, 0xDF7D, 0xE77D, 
  0xDF5D, 0xDF7D, 0xDF5D, 0xDF5C, 0xDF5D, 0xDF7D, 0xE77D, 0xE77D, 0xDF7D, 0xDF7D, 0xDF7D, 0xDF7D, 
  0xDF7D, 0xE77D, 0xE77D, 0xE79D, 0xE79D, 0xE79D, 0xDF7D, 0xD73C, 0xD73C, 0xDF5D, 0xDF7D, 0xDF5D, 
  0xDF5D, 0xE77D, 0xE79E, 0xDF7D, 0xDF7D, 0xE77D, 0xDF7D, 0xD75C, 0xD73C, 0xD75D, 0xD75C, 0xD73C, 
  0xDF7D, 0xD699, 0xEE37, 0xF699, 0x94B2, 0x7CD2, 0x8D14, 0x9575, 0x9DB6, 0xA617, 0x9E17, 0x85F6, 
  0x9637, 0xB6BA, 0xB6BA, 0x9E58, 0x9E78, 0xA699, 0xAEB9, 0xBEDA, 0xBEDA, 0xB6DA, 0xB6BA, 0xB6BA, 
  0xB6DA, 0xB6DA, 0xBEDA, 0xBEDA, 0xB6BA, 0xB6BA, 0xB699, 0xB699, 0xBEBA, 0xAE99, 0x8E37, 0x9E58, 
  0xFE16, 0xFDF6, 0xFDF6, 0xFE16, 0xFE57, 0xFE57, 0xFE57, 0xFE17, 0xFE57, 0xFE37, 0xFE16, 0xFDF6, 
  0xFE37, 0xFE57, 0xFE16, 0xFDD5, 0xFE16, 0xFE37, 0xFE36, 0xFE16, 0xFE37, 0xFE78, 0xFE58, 0xFE98, 
  0xFE98, 0xFE78, 0xFE78, 0xFE78, 0xFE78, 0xFEB9, 0xFEB9, 0xF678, 0xEE17, 0xFEB9, 0xC534, 0xB534, 
  0xC575, 0xCDD6, 0xDE17, 0xEE79, 0xF6DA, 0xFF3B, 0xFF5C, 0xFF3C, 0xFF3C, 0xFF1B, 0xFF3C, 0xFF3C, 
  0xFF3B, 0xFF1B, 0xFF5C, 0xFF3C, 0xFF3B, 0xFF3B, 0xFF3C, 0xFF3C, 0xFF5C, 0xFF5C, 0xFF5C, 0xFF5C, 
  0xFF5C, 0xFF5C, 0xFF5C, 0xFF5C, 0xFF3C, 0xFF5C, 0xFF3C, 0xFF1B, 0xFF5C, 0xFF5C, 0xFF3C, 0xFF1B, 
  0xFF3B, 0xFF3B, 0xFEFA, 0xFEFA, 0xFEFB, 0xFEFB, 0xFF1B, 0xFEFA, 0xFEFB, 0xFEFB, 0xF75C, 0xF75C, 
  0xF71B, 0xF6FA, 0xF73B, 0xF75C, 0xF73B, 0xF71B, 0xF6FA, 0xF6FA, 0xF6FA, 0xF6FB, 0xF75C, 0xF75C, 
  0xF75C, 0xEF5C, 0xEF5C, 0xEF5C, 0xEF5C, 0xE77C, 0xE77C, 0xEF5C, 0xEF5C, 0xEF5C, 0xEF5C, 0xE73C, 
  0xE75C, 0xEF5C, 0xE73B, 0xE75C, 0xE75C, 0xE75C, 0xE75C, 0xDF7D, 0xDF7D, 0xDF7D, 0xDF7C, 0xE75C, 
  0xE73C, 0xE73C, 0xE75D, 0xDF5C, 0xDF3C, 0xE75C, 0xE75C, 0xDF5C, 0xDF5C, 0xDF7D, 0xE79D, 0xDF9D, 
  0xDF7D, 0xDF7D, 0xDF7D, 0xDF7D, 0xDF7D, 0xDF7D, 0xDF7D, 0xDF5C, 0xDF5C, 0xDF7D, 0xDF7D, 0xDF7D, 
  0xDF7D, 0xE77D, 0xEF9D, 0xE79D, 0xE77D, 0xDF7D, 0xDF7D, 0xDF5D, 0xDF5C, 0xDF7D, 0xDF5C, 0xDF5D, 
  0xDF5D, 0xD75C, 0xD75D, 0xDF5C, 0xDF5D, 0xDF7D, 0xDF7D, 0xDF7D, 0xE77D, 0xDF5D, 0xD73C, 0xDF7D, 
  0xDF7D, 0xDF5D, 0xDF5C, 0xDF5D, 0xDF5D, 0xD75D, 0xDF5D, 0xDF7D, 0xDF7D, 0xDF7D, 0xE79D, 0xDF7D, 
  0xDF7D, 0xDF7D, 0xDF7D, 0xE79D, 0xE77D, 0xE77D, 0xDF7D, 0xD75C, 0xDF5D, 0xDF5D, 0xDF5D, 0xDF5D, 
  0xDF5D, 0xE77D, 0xDF7D, 0xDF7D, 0xDF5D, 0xDF3C, 0xDF5D, 0xDF7D, 0xDF5D, 0xDF5D, 0xDF5C, 0xDF5D, 
  0xDF7D, 0xD69A, 0xEE37, 0xFE99, 0x94B2, 0x7CB2, 0x8D34, 0x9555, 0x9DB6, 0x9DF6, 0x7D95, 0x8E37, 
  0x9637, 0xAE99, 0xB6BA, 0x9658, 0x9E58, 0xAE9A, 0xAE99, 0xAEBA, 0xB6BA, 0xB6BA, 0xB6BA, 0xB6BA, 
  0xB6BA, 0xBEBA, 0xBEDA, 0xB6BA, 0xB69A, 0xB6BA, 0xAE99, 0xA679, 0xBEBA, 0xBEDA, 0xA679, 0x9637, 
  0xFE17, 0xFDF6, 0xFDF6, 0xFDF6, 0xFE57, 0xFE57, 0xFE57, 0xFE57, 0xFE57, 0xFE17, 0xFE16, 0xFE16, 
  0xFE16, 0xFE37, 0xFE37, 0xFE16, 0xFE16, 0xFE37, 0xFE37, 0xFE16, 0xFE57, 0xFE78, 0xFE57, 0xFE78, 
  0xFE98, 0xFE99, 0xFE99, 0xFE98, 0xFE78, 0xFE99, 0xFE99, 0xF657, 0xEDF6, 0xFEB9, 0xC534, 0xB534, 
  0xBD75, 0xCDD6, 0xDE38, 0xE699, 0xF6DA, 0xFF1B, 0xFF3C, 0xFF3C, 0xFF3C, 0xFF1B, 0xFF1B, 0xFF3B, 
  0xFF3C, 0xFF5C, 0xFF5C, 0xFF3C, 0xFF3B, 0xFF3C, 0xFF5C, 0xFF5C, 0xFF5C, 0xFF5C, 0xFF5C, 0xFF5C, 
  0xFF5C, 0xFF5C, 0xFF5C, 0xFF3C, 0xFF5C, 0xFF5C, 0xFF1B, 0xFF1B, 0xFF7C, 0xFF5C, 0xFF3C, 0xFF3B, 
  0xFF5C, 0xFF3C, 0xFEFA, 0xFEDA, 0xFF3B, 0xF75C, 0xFF3B, 0xFEDA, 0xFEFB, 0xFEFA, 0xF73B, 0xF75C, 
  0xF73B, 0xF6FA, 0xF71B, 0xF6FB, 0xF6FA, 0xF6FA, 0xF6FB, 0xF6FA, 0xF6FA, 0xF71B, 0xF71B, 0xF75C, 
  0xF77D, 0xEF7C, 0xEF5C, 0xEF5C, 0xEF5C, 0xEF5C, 0xEF5C, 0xEF5C, 0xEF3C, 0xEF3C, 0xEF3C, 0xE73C, 
  0xEF5C, 0xEF7D, 0xE75C, 0xE75C, 0xE75C, 0xE6FB, 0xE73C, 0xE73C, 0xE75C, 0xE75D, 0xE75C, 0xDF3C, 
  0xE73C, 0xE75C, 0xDF5C, 0xE73C, 0xDF1B, 0xE71C, 0xDF5C, 0xDF5C, 0xDF5C, 0xDF5C, 0xE77D, 0xDF7D, 
  0xDF7C, 0xE77D, 0xE79D, 0xDF7D, 0xDF7D, 0xDF7D, 0xDF5D, 0xDF5C, 0xDF5D, 0xDF7D, 0xDF7D, 0xDF7D, 
  0xDF7D, 0xE77D, 0xEF9D, 0xDF7D, 0xDF5D, 0xDF5D, 0xDF7D, 0xDF7D, 0xDF7D, 0xDF7D, 0xDF5C, 0xDF5C, 
  0xDF5C, 0xD75C, 0xD73C, 0xD73C, 0xDF5D, 0xDF7D, 0xDF5D, 0xDF5D, 0xDF7D, 0xDF7D, 0xDF5C, 0xDF5D, 
  0xDF7D, 0xDF5D, 0xDF5C, 0xDF5C, 0xDF5C, 0xD75C, 0xD73C, 0xDF7D, 0xDF7D, 0xDF5C, 0xDF7D, 0xE79D, 
  0xE79D, 0xE79D, 0xE77D, 0xE79D, 0xE77D, 0xDF7D, 0xDF7D, 0xDF5C, 0xDF7D, 0xDF7D, 0xDF5D, 0xDF5D, 
  0xDF5D, 0xDF7D, 0xDF7D, 0xDF7D, 0xDF7D, 0xDF5C, 0xD73C, 0xDF7D, 0xE79D, 0xE77D, 0xDF7D, 0xE77D, 
  0xE79E, 0xDEBA, 0xEE37, 0xFE99, 0x8CB2, 0x7CB2, 0x8D34, 0x9555, 0x9DB6, 0xA617, 0x95F7, 0x7DB5, 
  0x7DF6, 0xAE99, 0xAE99, 0xA679, 0xA679, 0xB6BA, 0xAE99, 0xAE99, 0xB6BA, 0xB6BA, 0xB6BA, 0xB6BA, 
  0xB6BA, 0xBEBA, 0xB6BA, 0xB6BA, 0xB6BA, 0xB6BA, 0xB6BA, 0xAE99, 0xB6BA, 0xB6BA, 0xB6BA, 0xAE99, 
  0xFE57, 0xFE16, 0xFDB5, 0xFD74, 0xFE16, 0xFE16, 0xFE16, 0xFE57, 0xFE57, 0xFE37, 0xFE16, 0xFE16, 
  0xFE36, 0xFE16, 0xFE37, 0xFE57, 0xFDF6, 0xFE17, 0xFE16, 0xFDF6, 0xFE36, 0xFE78, 0xFE78, 0xFE57, 
  0xFE98, 0xFE98, 0xFE99, 0xFEB9, 0xFE99, 0xFED9, 0xFEDA, 0xF678, 0xEDF6, 0xFEB9, 0xC534, 0xB534, 
  0xC575, 0xCDD6, 0xDE38, 0xE699, 0xF6DA, 0xFF1B, 0xFF3C, 0xFF3C, 0xFF3C, 0xFF3B, 0xFF1B, 0xFF1B, 
  0xFF3C, 0xFF5C, 0xFF5C, 0xFF3C, 0xFF3C, 0xFF5C, 0xFF5C, 0xFF5C, 0xFF3C, 0xFF3C, 0xFF5C, 0xFF5C, 
  0xFF5C, 0xFF5C, 0xFF3C, 0xFF1B, 0xFF5C, 0xFF5C, 0xFF3B, 0xFF1B, 0xFF3C, 0xFF5C, 0xFF1B, 0xFF3B, 
  0xFF1B, 0xFF1B, 0xFF1B, 0xFEB9, 0xFEFB, 0xF73C, 0xFF3C, 0xFF1B, 0xFF1B, 0xFEFA, 0xFEDA, 0xF73C, 
  0xF71B, 0xFEFA, 0xF71B, 0xF71B, 0xF71C, 0xF71B, 0xF73B, 0xF71A, 0xF6FA, 0xF73B, 0xF71B, 0xF75C, 
  0xF75C, 0xF75C, 0xEF5C, 0xEF7C, 0xEF7C, 0xEF5C, 0xEF5C, 0xEF5C, 0xEF5C, 0xE73C, 0xEF3C, 0xEF5C, 
  0xEF5C, 0xE77D, 0xE75C, 0xE75C, 0xE75C, 0xE73B, 0xE73C, 0xE75C, 0xE75C, 0xDF5D, 0xDF5D, 0xDF5D, 
  0xDF5D, 0xDF5C, 0xDF5C, 0xDF1B, 0xE71A, 0xE71B, 0xDF3C, 0xDF5C, 0xDF5C, 0xDF5C, 0xDF5D, 0xDF7D, 
  0xE79D, 0xE79D, 0xE79D, 0xE77D, 0xDF7D, 0xDF7D, 0xDF5D, 0xDF5C, 0xDF5C, 0xDF5D, 0xDF7D, 0xDF7D, 
  0xDF7D, 0xE79D, 0xE77D, 0xDF5D, 0xDF7D, 0xDF5C, 0xDF5C, 0xDF7D, 0xDF5C, 0xDF5C, 0xDF5C, 0xDF5C, 
  0xDF5D, 0xDF5C, 0xDF5C, 0xDF5C, 0xDF5D, 0xDF7D, 0xDF5D, 0xDF5C, 0xDF5C, 0xDF7D, 0xDF5D, 0xD73C, 
  0xDF7D, 0xDF7D, 0xDF7D, 0xDF5D, 0xDF5D, 0xDF5D, 0xDF5D, 0xDF5D, 0xDF7D, 0xDF7D, 0xDF7D, 0xE77D, 
  0xE77D, 0xE77D, 0xDF7D, 0xE77D, 0xDF7D, 0xDF7D, 0xDF5D, 0xDF7D, 0xE77D, 0xDF5D, 0xDF5D, 0xDF5D, 
  0xDF5D, 0xDF5D, 0xDF5D, 0xDF5D, 0xDF5D, 0xDF5C, 0xD75C, 0xD73C, 0xD73C, 0xDF7D, 0xE79D, 0xDF7D, 
  0xE79E, 0xDEBA, 0xEE37, 0xF699, 0x94D2, 0x84D3, 0x9534, 0x9575, 0x9DD6, 0xA617, 0xA658, 0x9E78, 
  0x8DF7, 0xB6BA, 0xBEBA, 0xB6DA, 0xB6DA, 0xB6BA, 0xB6BA, 0xBEBA, 0xBEBA, 0xB6BA, 0xB6BA, 0xB6BA, 
  0xBEBA, 0xC6DB, 0xBEBA, 0xAE99, 0xB6BA, 0xAE99, 0xB6BA, 0xB6BA, 0xB6BA, 0xB6BA, 0xB6BA, 0xB6BA, 
  0xFDF6, 0xFE57, 0xFE37, 0xFDD5, 0xFDF6, 0xFD94, 0xFDB5, 0xFDF6, 0xFE37, 0xFE37, 0xFDD5, 0xFE16, 
  0xFE36, 0xFDF6, 0xFE57, 0xFE57, 0xFE37, 0xFE37, 0xFE57, 0xFE16, 0xFE16, 0xFE37, 0xFE78, 0xFE57, 
  0xFE98, 0xFE77, 0xFE78, 0xFE98, 0xFE99, 0xFEDA, 0xFF1A, 0xFEB9, 0xEE17, 0xFE99, 0xC513, 0xB514, 
  0xC575, 0xCDD7, 0xDE38, 0xE699, 0xF6FB, 0xFF3B, 0xFF5C, 0xFF3C, 0xFF5C, 0xFF1B, 0xFF1B, 0xFF3C, 
  0xFF3C, 0xFF3C, 0xFF3C, 0xFF3C, 0xFF5C, 0xFF5C, 0xFF5C, 0xFF5C, 0xFF3C, 0xFF3C, 0xFF5C, 0xFF5C, 
  0xFF5C, 0xFF5C, 0xFF5C, 0xFF3C, 0xFF5C, 0xFF5C, 0xFF5C, 0xFF3C, 0xFF3C, 0xFF1B, 0xFEFB, 0xFF7C, 
  0xFF5C, 0xFF1B, 0xFEFB, 0xFEFA, 0xFEFA, 0xFF1B, 0xF75C, 0xF75C, 0xF71B, 0xFF3C, 0xFEDA, 0xF71B, 
  0xF73C, 0xF71B, 0xF71B, 0xF75C, 0xFF5D, 0xF71B, 0xF6FA, 0xF6FA, 0xF6DA, 0xF71B, 0xF6FB, 0xF71C, 
  0xF73B, 0xEF3C, 0xEF7C, 0xEF7C, 0xEF7C, 0xEF7C, 0xEF5C, 0xEF5C, 0xEF3C, 0xE75C, 0xE75C, 0xEF5C, 
  0xEF5C, 0xEF7D, 0xE75C, 0xE75C, 0xE75D, 0xE77D, 0xE75C, 0xE77D, 0xE77D, 0xDF5C, 0xE73C, 0xE73C, 
  0xDF3C, 0xDF5C, 0xDF5C, 0xE73C, 0xDEFB, 0xDF1B, 0xE71B, 0xDF3C, 0xDF5C, 0xDF7D, 0xDF5C, 0xDF7D, 
  0xE79D, 0xEF7D, 0xE77D, 0xDF7D, 0xDF7D, 0xDF7D, 0xDF7D, 0xDF7D, 0xDF5C, 0xDF7D, 0xDF7D, 0xDF7D, 
  0xDF7D, 0xDF7D, 0xE77D, 0xE77D, 0xE79D, 0xE77D, 0xDF7D, 0xDF5D, 0xDF5C, 0xDF3C, 0xDF5C, 0xDF5C, 
  0xDF5D, 0xDF5D, 0xDF5C, 0xDF5C, 0xD73C, 0xDF7D, 0xDF7D, 0xDF7D, 0xDF5D, 0xDF7D, 0xDF5D, 0xD75C, 
  0xDF5C, 0xDF7D, 0xDF7D, 0xDF7D, 0xDF5D, 0xDF5D, 0xDF5D, 0xDF7D, 0xDF7D, 0xDF7D, 0xDF7D, 0xDF7D, 
  0xDF7D, 0xDF5D, 0xDF5C, 0xE77D, 0xDF7D, 0xDF5D, 0xDF7D, 0xE77D, 0xDF7D, 0xDF7D, 0xDF5D, 0xD73C, 
  0xD73C, 0xDF5C, 0xD73C, 0xDF5C, 0xDF5C, 0xD73C, 0xD75C, 0xD73C, 0xD71C, 0xDF5D, 0xD73C, 0xD73C, 
  0xD77D, 0xDEBA, 0xEE37, 0xF699, 0x94B2, 0x84B2, 0x9534, 0x9D75, 0x9DB6, 0xA617, 0xA638, 0xAE79, 
  0xBEDB, 0xC6DB, 0xBEDA, 0xB699, 0xAE79, 0xAE99, 0xBEBA, 0xBEBA, 0xBEBA, 0xB6BA, 0xB6BA, 0xB6BA, 
  0xBEDA, 0xC6FB, 0xB6BA, 0xB6BA, 0xB6BA, 0xB69A, 0xB6BA, 0xB6BA, 0xB6BA, 0xB6BA, 0xB6BA, 0xB6BA, 
  0xFE16, 0xFE57, 0xFE57, 0xFE37, 0xFDF6, 0xFE16, 0xFD73, 0xF574, 0xFE37, 0xFE37, 0xFDF6, 0xFDF6, 
  0xFE36, 0xFE16, 0xFE37, 0xFE57, 0xFE16, 0xFDF6, 0xFE57, 0xFE57, 0xFE57, 0xFE58, 0xFE98, 0xFE78, 
  0xFE58, 0xFE78, 0xFE57, 0xFE78, 0xFE98, 0xFED9, 0xFF1A, 0xFED9, 0xEE17, 0xFE99, 0xC514, 0xBD14, 
  0xC575, 0xCDD7, 0xDE58, 0xE699, 0xF6FB, 0xFF1B, 0xFF5C, 0xFF5C, 0xFF5C, 0xFF3C, 0xFF3B, 0xFF3C, 
  0xFF3C, 0xFF3C, 0xFF3C, 0xFF5C, 0xFF5C, 0xFF5C, 0xFF5C, 0xFF1B, 0xFF1B, 0xFF3B, 0xFF3B, 0xFF3C, 
  0xFF3C, 0xFF3B, 0xFF5C, 0xFF3C, 0xFF3C, 0xFF5C, 0xFF5C, 0xFF3C, 0xFF3C, 0xFF1B, 0xFF1B, 0xFF7C, 
  0xFF7C, 0xFF3C, 0xFF1B, 0xFF1B, 0xFF3B, 0xF73B, 0xFF3C, 0xF75C, 0xFF5C, 0xFF3C, 0xFEFB, 0xFEDA, 
  0xF73B, 0xF75C, 0xF6FB, 0xF71B, 0xF73B, 0xF6DA, 0xFEDA, 0xF6DA, 0xF6FA, 0xF71B, 0xF6FB, 0xF6FB, 
  0xF73B, 0xF71B, 0xEF3B, 0xEF7C, 0xEF7D, 0xEF7D, 0xEF7C, 0xEF5C, 0xEF5C, 0xE75C, 0xE75C, 0xEF5C, 
  0xEF7D, 0xEF7D, 0xE75C, 0xE75C, 0xE77D, 0xE77D, 0xE75D, 0xE75D, 0xE75D, 0xE75C, 0xE75C, 0xE71B, 
  0xE73C, 0xE75C, 0xE75C, 0xDF1B, 0xDF3C, 0xDF3B, 0xDF1B, 0xDF3C, 0xDF5C, 0xDF5C, 0xDF5D, 0xDF7D, 
  0xE79D, 0xEF9D, 0xDF7D, 0xDF5C, 0xDF5C, 0xDF7D, 0xDF7D, 0xDF5C, 0xD73B, 0xDF7D, 0xDF7D, 0xDF7D, 
  0xDF5C, 0xD75C, 0xDF7D, 0xE79E, 0xE77D, 0xE77D, 0xDF7D, 0xDF5C, 0xDF7D, 0xDF7D, 0xDF7D, 0xDF7D, 
  0xDF5D, 0xDF7D, 0xDF5D, 0xDF5D, 0xDF5C, 0xE77D, 0xE77D, 0xDF7D, 0xDF5D, 0xDF7D, 0xD75C, 0xD75C, 
  0xDF7D, 0xDF7D, 0xDF5D, 0xDF5C, 0xDF7D, 0xE77D, 0xE77D, 0xE79D, 0xE79D, 0xE77D, 0xDF7D, 0xDF5D, 
  0xDF5D, 0xDF5D, 0xDF7D, 0xDF7D, 0xDF7D, 0xDF7D, 0xE77D, 0xE77D, 0xDF7D, 0xDF5D, 0xD75C, 0xD73C, 
  0xD75C, 0xD75C, 0xD73C, 0xDF5C, 0xDF5C, 0xD73C, 0xD75C, 0xD75C, 0xD75D, 0xDF5D, 0xD73C, 0xD73C, 
  0xD75D, 0xD69A, 0xEE37, 0xF699, 0x94B2, 0x84D2, 0x9534, 0x9D75, 0xA5D7, 0xAE18, 0xAE38, 0xB699, 
  0xBEDA, 0xC6FB, 0xBEDA, 0xB6BA, 0xB6BA, 0xB6BA, 0xBEBA, 0xBEBA, 0xBEBA, 0xBEBA, 0xBEBA, 0xB6BA, 
  0xB69A, 0xB6BA, 0xB6BA, 0xAE99, 0xB6BA, 0xB6BA, 0xB6BA, 0xB6BA, 0xB6BA, 0xB6BA, 0xB6BA, 0xB6BA, 
  0xFE57, 0xFE57, 0xFE16, 0xF5D5, 0xFDD5, 0xFE16, 0xFDD5, 0xFDD5, 0xFE17, 0xFDD5, 0xFDF5, 0xFDF6, 
  0xFE16, 0xFDF6, 0xFDF6, 0xFE37, 0xFE37, 0xFE37, 0xFE37, 0xFE37, 0xFE57, 0xFE78, 0xFE78, 0xFE57, 
  0xFE78, 0xFE98, 0xFE78, 0xFE98, 0xFE98, 0xFE99, 0xFEB9, 0xFEB9, 0xEE17, 0xFEB9, 0xC534, 0xB534, 
  0xC575, 0xCDD7, 0xDE58, 0xE699, 0xF6FB, 0xFF3C, 0xFF5C, 0xFF3C, 0xFF3C, 0xFF5C, 0xFF3C, 0xFF5C, 
  0xFF3C, 0xFF3C, 0xFF3C, 0xFF5C, 0xFF5C, 0xFF5C, 0xFF3C, 0xFF1B, 0xFF1B, 0xFF1B, 0xFEFB, 0xFF1B, 
  0xFF1B, 0xFF1B, 0xFF1B, 0xFF3B, 0xFF3B, 0xFF5C, 0xFF5C, 0xFF7C, 0xFF5C, 0xFF1B, 0xFF1B, 0xFF5C, 
  0xFF5C, 0xFF7C, 0xFF3C, 0xFF1B, 0xFF1B, 0xFF3B, 0xFEFB, 0xFF3B, 0xFF1B, 0xFF1B, 0xFF1B, 0xFEDA, 
  0xFF1B, 0xF73B, 0xFF1A, 0xF6FB, 0xF71B, 0xF71B, 0xF6DA, 0xF6DA, 0xF6FB, 0xF73B, 0xF71B, 0xF71B, 
  0xF6FA, 0xF6FA, 0xF6D9, 0xEF3C, 0xEF5C, 0xEF5C, 0xEF7C, 0xEF7C, 0xEF7C, 0xEF7C, 0xEF5C, 0xEF7D, 
  0xEF7D, 0xEF7D, 0xE75C, 0xE77C, 0xE77C, 0xE75D, 0xE75D, 0xE73C, 0xE75C, 0xE77D, 0xE77D, 0xE73C, 
  0xE73C, 0xE75C, 0xE71B, 0xDF1B, 0xDF3B, 0xDF3B, 0xE6FB, 0xDF3C, 0xDF5C, 0xDF5C, 0xDF5C, 0xDF7D, 
  0xE77D, 0xEF9D, 0xDF7D, 0xDF5C, 0xDF5C, 0xDF7D, 0xDF7D, 0xDF5C, 0xD73C, 0xDF7D, 0xDF7D, 0xDF7C, 
  0xDF7D, 0xDF7D, 0xDF5C, 0xE77D, 0xE79D, 0xE77D, 0xDF5D, 0xDF5C, 0xDF5C, 0xDF7D, 0xDF7D, 0xE77D, 
  0xE77D, 0xDF5D, 0xDF7D, 0xDF7D, 0xDF7D, 0xE77D, 0xE77D, 0xE77D, 0xDF7D, 0xDF7D, 0xD75C, 0xDF5C, 
  0xDF7D, 0xDF7D, 0xDF5C, 0xDF5D, 0xE79D, 0xEF7D, 0xEF7D, 0xE79D, 0xE79D, 0xE79D, 0xDF7D, 0xDF5D, 
  0xDF5D, 0xDF5D, 0xDF5D, 0xE77D, 0xE77D, 0xDF7D, 0xDF7D, 0xDF5D, 0xDF5D, 0xDF5D, 0xD75C, 0xD73C, 
  0xD73C, 0xD75D, 0xDF5D, 0xDF5C, 0xDF5C, 0xDF5C, 0xDF5C, 0xD75C, 0xDF5C, 0xDF7D, 0xDF5D, 0xD73C, 
  0xD77D, 0xCE79, 0xEE37, 0xF699, 0x94B2, 0x84D3, 0x8D14, 0x9D96, 0xA5D7, 0xAE38, 0xAE79, 0xB6BA, 
  0xBEBA, 0xBEDA, 0xBEDA, 0xBEDA, 0xBEDA, 0xBEDA, 0xBEBA, 0xBEBA, 0xBEBA, 0xBEBA, 0xBEBA, 0xB6BA, 
  0xB699, 0xB6BA, 0xB6BA, 0xB6BA, 0xB6BA, 0xBEDA, 0xB6BA, 0xB6BA, 0xB6BA, 0xB6BA, 0xB6BA, 0xB6BA, 
  0xFE37, 0xFE37, 0xFE37, 0xFE37, 0xFE16, 0xFE16, 0xFE37, 0xFE37, 0xFDD5, 0xFD53, 0xFD94, 0xFE16, 
  0xFDF6, 0xFE16, 0xFE37, 0xFE57, 0xFE57, 0xFE57, 0xFE57, 0xFE16, 0xFE16, 0xFE57, 0xF5D5, 0xFE37, 
  0xFE98, 0xFE98, 0xFE78, 0xFE78, 0xFE98, 0xFE99, 0xFE99, 0xF678, 0xEE16, 0xFEB9, 0xC534, 0xB534, 
  0xBD75, 0xCDD7, 0xDE38, 0xE699, 0xF6DA, 0xFF5C, 0xFF7C, 0xFF5C, 0xFF3C, 0xFF3C, 0xFF5C, 0xFF5C, 
  0xFF5C, 0xFF5C, 0xFF3C, 0xFF5C, 0xFF5C, 0xFF1B, 0xFF1B, 0xFF3B, 0xFF3B, 0xFF3B, 0xFF1B, 0xFF3B, 
  0xFF1B, 0xFF3B, 0xFF3B, 0xFF3C, 0xFF1B, 0xFF3C, 0xFF5C, 0xF77C, 0xFF7C, 0xFF1B, 0xFF1B, 0xFF5C, 
  0xFF5C, 0xFF7C, 0xFF5C, 0xFF3B, 0xF71B, 0xFF1B, 0xFF1B, 0xFF3B, 0xFEFB, 0xFEDA, 0xFEFA, 0xF71B, 
  0xF73C, 0xF71B, 0xF6FA, 0xFEFB, 0xFF1B, 0xF6FB, 0xF71B, 0xF6FB, 0xF71B, 0xF71B, 0xF71B, 0xF6DA, 
  0xF6DA, 0xF6DA, 0xF6FA, 0xEEFA, 0xF71B, 0xEF3B, 0xEF5C, 0xEF7D, 0xEF7C, 0xEF7C, 0xEF7D, 0xEF7D, 
  0xEF7D, 0xE75C, 0xE75C, 0xE75C, 0xE75C, 0xE75C, 0xE75C, 0xE71B, 0xE73B, 0xE77D, 0xE77D, 0xE75D, 
  0xE75C, 0xE75C, 0xE71B, 0xE71B, 0xDF5C, 0xDF1B, 0xE6FB, 0xDF3C, 0xDF5C, 0xDF5C, 0xDF5C, 0xDF7D, 
  0xE77D, 0xE79D, 0xE77D, 0xDF7D, 0xDF7D, 0xDF7D, 0xDF5C, 0xD71B, 0xD75C, 0xD75C, 0xD75C, 0xD75C, 
  0xD75C, 0xD75C, 0xDF5C, 0xDF7D, 0xE77D, 0xE77D, 0xDF5D, 0xD75C, 0xDF5C, 0xDF5D, 0xDF5D, 0xDF7D, 
  0xDF7D, 0xDF7D, 0xDF7D, 0xDF7D, 0xDF7D, 0xE77D, 0xE77D, 0xE77D, 0xDF7D, 0xDF7D, 0xD75C, 0xD71C, 
  0xDF7D, 0xDF5C, 0xDF5C, 0xE77D, 0xE77D, 0xE77D, 0xE77D, 0xE77D, 0xE79D, 0xE77D, 0xDF5D, 0xDF5C, 
  0xD73C, 0xDF5D, 0xDF7D, 0xE77D, 0xDF7D, 0xDF5C, 0xDF3C, 0xDF5D, 0xDF7D, 0xDF5D, 0xDF5D, 0xD73C, 
  0xD75C, 0xD75C, 0xD75D, 0xD75C, 0xDF5C, 0xDF5C, 0xDF5C, 0xDF5C, 0xD73C, 0xDF7D, 0xDF7D, 0xDF5D, 
  0xDF7D, 0xD6BA, 0xEE37, 0xF699, 0x94B2, 0x84D2, 0x9534, 0x9D95, 0xA5F7, 0xAE38, 0xB679, 0xBEBA, 
  0xB69A, 0xAE99, 0xB6BA, 0xBEDA, 0xBEDA, 0xBEDA, 0xBEBA, 0xBEDA, 0xB6BA, 0xBEDA, 0xBEDA, 0xB6BA, 
  0xB6BA, 0xB6DA, 0xB6BA, 0xAE99, 0xB6BA, 0xBEDA, 0xB6BA, 0xBEBA, 0xB6BA, 0xB6BA, 0xB699, 0xB6BA, 
  0xFE37, 0xFE16, 0xFE17, 0xFE37, 0xFE16, 0xFE37, 0xFE57, 0xFE37, 0xFE16, 0xFD94, 0xFD94, 0xFD94, 
  0xFDF5, 0xFE36, 0xFE57, 0xFE57, 0xFE77, 0xFE57, 0xFE37, 0xFDF6, 0xFE37, 0xFE36, 0xFD74, 0xFDF6, 
  0xFE98, 0xFE77, 0xFE57, 0xFE78, 0xFE99, 0xFE99, 0xFE99, 0xFE78, 0xEE16, 0xFEB9, 0xC554, 0xB534, 
  0xC575, 0xCDD7, 0xDE58, 0xE699, 0xF6FB, 0xFF3C, 0xFF7D, 0xFF7C, 0xFF3C, 0xFF3C, 0xFF3C, 0xFF5C, 
  0xFF5C, 0xFF5C, 0xFF5C, 0xFF5C, 0xFF5C, 0xFF1B, 0xFEFB, 0xFF1B, 0xFEFB, 0xFF1B, 0xFF1B, 0xFF1B, 
  0xFF1B, 0xFF3B, 0xFF1B, 0xFF3C, 0xFF3B, 0xFF3B, 0xFF3B, 0xFF5C, 0xFF5C, 0xFF1B, 0xFF1B, 0xFF5C, 
  0xFF7C, 0xFF9D, 0xFF7C, 0xFF5C, 0xF73B, 0xFF1B, 0xFEFB, 0xF73B, 0xFF1B, 0xFEDA, 0xFEFB, 0xF71B, 
  0xF73B, 0xF75C, 0xF73B, 0xF6FB, 0xF6FA, 0xF6FB, 0xF6DB, 0xF6BA, 0xF6FA, 0xF6FA, 0xF71B, 0xF6DA, 
  0xFEB9, 0xF6DA, 0xF71B, 0xEEFB, 0xF73B, 0xEF3B, 0xEF5C, 0xEF7C, 0xEF7C, 0xEF5C, 0xEF7D, 0xEF7D, 
  0xEF5D, 0xE75C, 0xE75C, 0xE75C, 0xE75C, 0xE75C, 0xE75C, 0xE73B, 0xE71B, 0xE75C, 0xE75C, 0xE77D, 
  0xE75D, 0xDF3C, 0xE6FA, 0xE71B, 0xDF3C, 0xDF3C, 0xDF3C, 0xDF3C, 0xDF5D, 0xDF5C, 0xDF5C, 0xDF7D, 
  0xE79D, 0xE79D, 0xDF7D, 0xDF7D, 0xDF7D, 0xDF7D, 0xDF3C, 0xD71B, 0xDF5C, 0xD75C, 0xD75C, 0xDF5C, 
  0xDF5C, 0xDF7D, 0xDF7D, 0xDF7D, 0xDF7D, 0xDF7D, 0xDF7D, 0xD75C, 0xDF5C, 0xDF5D, 0xDF5D, 0xDF5D, 
  0xDF7D, 0xDF7D, 0xDF7D, 0xDF5D, 0xDF7D, 0xE77D, 0xE77D, 0xDF7D, 0xDF7D, 0xDF5C, 0xDF5D, 0xD73C, 
  0xD75C, 0xE77D, 0xE77D, 0xE79D, 0xE77D, 0xE77D, 0xE77D, 0xE77D, 0xDF7D, 0xDF7D, 0xDF5D, 0xDF5D, 
  0xDF3C, 0xDF5D, 0xDF7D, 0xDF7D, 0xDF5C, 0xDF5D, 0xDF5D, 0xDF5D, 0xE77D, 0xE77D, 0xE77D, 0xDF5D, 
  0xD73C, 0xD75C, 0xD75C, 0xD73C, 0xDF5C, 0xDF5C, 0xDF5C, 0xDF5C, 0xDF5C, 0xDF7D, 0xDF7D, 0xDF5D, 
  0xDF7E, 0xDEBA, 0xEE37, 0xF699, 0x94B2, 0x84B2, 0x8D14, 0x9575, 0xA5D6, 0xAE38, 0xAE59, 0xB6BA, 
  0xB6BA, 0xAE99, 0xBEDA, 0xBEDA, 0xBEDA, 0xBEDA, 0xBEDB, 0xC6FB, 0xBEBA, 0xBEBA, 0xBEDA, 0xBEDA, 
  0xBEDA, 0xBEDA, 0xBEDA, 0xB6BA, 0xB6BA, 0xC6DB, 0xB699, 0xBEBA, 0xBEDB, 0xB6BA, 0xB6BA, 0xB6BA, 
  0xFDF6, 0xFE57, 0xFE57, 0xFE37, 0xFDF6, 0xFE16, 0xFE78, 0xFE37, 0xFE57, 0xFE36, 0xF594, 0xFDB5, 
  0xFDD5, 0xFE57, 0xFE57, 0xFE36, 0xFE16, 0xFE16, 0xFDF6, 0xFDF6, 0xFE37, 0xFE57, 0xF5B4, 0xFE17, 
  0xFE78, 0xFE58, 0xFE58, 0xFE78, 0xFE78, 0xFE78, 0xFE78, 0xFE78, 0xEE17, 0xFEB9, 0xC533, 0xBD14, 
  0xC575, 0xCDD6, 0xDE58, 0xE699, 0xF6FB, 0xFF3C, 0xFF5C, 0xFF5C, 0xFF3C, 0xFF3C, 0xFF3C, 0xFF3C, 
  0xFF3C, 0xFF5C, 0xFF5C, 0xFF5C, 0xFF5C, 0xFF3C, 0xFF3C, 0xFF3C, 0xFF3C, 0xFF1B, 0xFF1B, 0xFF1B, 
  0xFF3B, 0xFF5C, 0xFF1B, 0xFF3C, 0xFF3C, 0xFF1B, 0xFF1B, 0xFF3C, 0xFF5C, 0xFF3B, 0xFF1B, 0xFF3C, 
  0xF77C, 0xFF7D, 0xFF7D, 0xFF7C, 0xF75C, 0xF75C, 0xF73B, 0xF75C, 0xF73B, 0xFF1A, 0xFEFB, 0xFF1B, 
  0xF73C, 0xF75C, 0xF75C, 0xF73C, 0xF73B, 0xF71B, 0xF6FB, 0xF6FB, 0xF6FB, 0xF6FB, 0xF6DA, 0xF6BA, 
  0xFEB9, 0xF6B9, 0xF6FA, 0xEF1B, 0xEF1B, 0xEEFA, 0xEF5C, 0xEF5C, 0xEF5C, 0xEF5C, 0xEF7C, 0xEF7D, 
  0xEF7D, 0xE75C, 0xE75C, 0xE75C, 0xE75C, 0xE75C, 0xE75C, 0xE75C, 0xE71B, 0xE71B, 0xE75C, 0xE75D, 
  0xDF5D, 0xDF5C, 0xE71B, 0xE71B, 0xDF3C, 0xDF3C, 0xDF5C, 0xDF5C, 0xDF5D, 0xDF7D, 0xDF5D, 0xDF7D, 
  0xE77D, 0xE77D, 0xE77D, 0xE77D, 0xDF7D, 0xDF5D, 0xDEFB, 0xDF3C, 0xD75C, 0xD75C, 0xD75C, 0xDF5C, 
  0xDF3C, 0xDF5C, 0xDF7D, 0xDF5C, 0xDF7D, 0xE79D, 0xDF7D, 0xD75C, 0xDF5C, 0xDF5D, 0xDF5C, 0xDF5D, 
  0xDF7D, 0xDF5D, 0xDF7D, 0xDF7D, 0xDF7D, 0xE77D, 0xDF5C, 0xDF7D, 0xDF5D, 0xE77D, 0xE77D, 0xDF5C, 
  0xCF1B, 0xDF5D, 0xE79D, 0xE77D, 0xE79D, 0xE77D, 0xDF7D, 0xDF7D, 0xDF7D, 0xDF7D, 0xDF7D, 0xDF7D, 
  0xDF7D, 0xDF5D, 0xDF7D, 0xDF7D, 0xDF5D, 0xDF5D, 0xD73C, 0xDF5D, 0xE77D, 0xE77D, 0xDF5D, 0xD73C, 
  0xD73C, 0xD75C, 0xD75C, 0xD73C, 0xD75C, 0xDF5C, 0xDF5C, 0xDF5D, 0xDF5D, 0xDF5D, 0xDF7D, 0xE77D, 
  0xE79E, 0xD69A, 0xF637, 0xF699, 0x94B2, 0x84B2, 0x8D14, 0x9D95, 0xADF7, 0xB638, 0xB659, 0xB69A, 
  0xB6BA, 0xB6BA, 0xB69A, 0xBEBA, 0xBEDA, 0xBEDA, 0xBEDA, 0xC6DB, 0xC6FB, 0xBEDA, 0xBEDA, 0xBEBA, 
  0xB6BA, 0xBEDA, 0xBEBA, 0xC6FB, 0xC6FB, 0xC6DB, 0xB6BA, 0xBEBA, 0xBEDA, 0xA658, 0xAE99, 0xBEBA, 
  0xFDD5, 0xFE57, 0xFE57, 0xFE57, 0xFE37, 0xFE16, 0xFE57, 0xFE57, 0xFE17, 0xFE37, 0xFE16, 0xF573, 
  0xFD95, 0xFE37, 0xFE57, 0xFDF6, 0xFDF6, 0xFE37, 0xFE37, 0xFDF6, 0xFE36, 0xFE77, 0xFE57, 0xFE98, 
  0xFE98, 0xFE78, 0xFE99, 0xFE98, 0xFE78, 0xFE78, 0xFE37, 0xFE58, 0xEE17, 0xFEBA, 0xC513, 0xBCF3, 
  0xC554, 0xCDD6, 0xDE38, 0xE69A, 0xF6FB, 0xFF3C, 0xFF5D, 0xFF3C, 0xFF1B, 0xFF5C, 0xFF3C, 0xFF1B, 
  0xFF3B, 0xFF7C, 0xFF9D, 0xFF7C, 0xFF7C, 0xFF7C, 0xFF5C, 0xFF5C, 0xFF5C, 0xFF5C, 0xFF5C, 0xFF5C, 
  0xFF3C, 0xFF5C, 0xFF1C, 0xFF3C, 0xFF3C, 0xFF3B, 0xFF3B, 0xFF5C, 0xFF5C, 0xFF5C, 0xFF3C, 0xFF5C, 
  0xFF7C, 0xFF7C, 0xFF7D, 0xFF9D, 0xF77D, 0xF75C, 0xF75C, 0xF75C, 0xF73B, 0xFF1B, 0xFEFB, 0xFEFA, 
  0xFF3C, 0xF75C, 0xF75C, 0xF73C, 0xF73C, 0xF75C, 0xF73B, 0xF71B, 0xF6FB, 0xF6FB, 0xF6DA, 0xFEB9, 
  0xF6B9, 0xF6FA, 0xEF3C, 0xEF5C, 0xEF1B, 0xEEDA, 0xEF3C, 0xEF3B, 0xEEFA, 0xEEFB, 0xEF5C, 0xEF5C, 
  0xEF5C, 0xEF5C, 0xE75C, 0xE75C, 0xE75C, 0xE75C, 0xE75C, 0xE75C, 0xE71B, 0xE71B, 0xE75C, 0xE75C, 
  0xE75C, 0xDF5C, 0xE73C, 0xE71B, 0xDF3C, 0xDF3C, 0xDF1B, 0xDF3B, 0xDF5C, 0xDF7D, 0xDF5C, 0xDF5C, 
  0xE79D, 0xE77D, 0xDF7D, 0xE77D, 0xDF7D, 0xDF5C, 0xDEFB, 0xD73C, 0xD75C, 0xD75C, 0xDF5C, 0xD73C, 
  0xDF5C, 0xD75C, 0xD75C, 0xD75C, 0xD73C, 0xDF5D, 0xDF7D, 0xDF5C, 0xDF5C, 0xDF5C, 0xDF5C, 0xDF5C, 
  0xDF7D, 0xDF7D, 0xDF7D, 0xDF7D, 0xE77D, 0xE77D, 0xDF5C, 0xDF5C, 0xE75D, 0xE77D, 0xE79D, 0xEF9D, 
  0xE77D, 0xDF5C, 0xDF7D, 0xDF5C, 0xDF5D, 0xDF5D, 0xDF5D, 0xDF7D, 0xDF7D, 0xDF7D, 0xDF7D, 0xDF5D, 
  0xDF5C, 0xDF7D, 0xD73C, 0xDF5D, 0xDF5D, 0xDF5D, 0xD73C, 0xDF7D, 0xE77D, 0xE77D, 0xDF7D, 0xDF5D, 
  0xD73C, 0xD73C, 0xD73C, 0xD73C, 0xDF5D, 0xDF5C, 0xDF5C, 0xDF7D, 0xDF5D, 0xDF5C, 0xDF7D, 0xE77D, 
  0xE79E, 0xD699, 0xEE37, 0xF699, 0x94B2, 0x84B2, 0x8D34, 0x9D96, 0xADF7, 0xAE38, 0xAE58, 0xB6BA, 
  0xC6DB, 0xC6DA, 0xBEDA, 0xBEDA, 0xBEDA, 0xC6DA, 0xC6DB, 0xC6FB, 0xBEDA, 0xB6BA, 0xBEBA, 0xBEBA, 
  0xB6BA, 0xB69A, 0xB6BA, 0xB6BA, 0xBEBA, 0xBEBA, 0xB6BA, 0xB6BA, 0xAEBA, 0xAE99, 0xAEBA, 0xB69A, 
  0xFE57, 0xFE57, 0xFE37, 0xFE37, 0xFE37, 0xFE16, 0xFE37, 0xFE57, 0xFE57, 0xFE57, 0xFE57, 0xFDB4, 
  0xFD53, 0xFD94, 0xFE16, 0xFE16, 0xFDF6, 0xFE37, 0xFE58, 0xFE16, 0xFE36, 0xFE57, 0xFE78, 0xFE98, 
  0xFE98, 0xFE78, 0xFE78, 0xFE98, 0xFE98, 0xFE78, 0xFE77, 0xF637, 0xEDF6, 0xFEB9, 0xC513, 0xBCF2, 
  0xC554, 0xD5B6, 0xDE38, 0xE699, 0xF6FB, 0xFF3C, 0xFF5C, 0xFF3C, 0xFF3C, 0xFF5C, 0xFF5C, 0xFF5C, 
  0xFF3C, 0xFF7C, 0xFF9D, 0xFF7D, 0xFF7D, 0xFF7D, 0xFF7C, 0xFF5C, 0xFF5C, 0xFF5C, 0xFF5C, 0xFF5C, 
  0xFF5C, 0xFF5C, 0xFF3C, 0xFF3C, 0xFF3C, 0xFF1B, 0xFF5C, 0xFF5C, 0xFF5C, 0xFF7C, 0xFF7C, 0xFF5C, 
  0xFF5C, 0xFF3B, 0xF75C, 0xF77D, 0xF77D, 0xF75C, 0xF75C, 0xF75C, 0xF75C, 0xF73C, 0xF73C, 0xFF1A, 
  0xF6FA, 0xF6FB, 0xF71B, 0xF73C, 0xF73B, 0xF71B, 0xF6FB, 0xF6FB, 0xF6FB, 0xF6DA, 0xF6DA, 0xF6BA, 
  0xF6BA, 0xF6DA, 0xEF1B, 0xEF3C, 0xF71B, 0xEF1B, 0xEF5C, 0xEF3C, 0xEEFA, 0xEF1B, 0xEF1B, 0xEF3C, 
  0xE75C, 0xE75C, 0xE73B, 0xE73B, 0xE75C, 0xE75C, 0xE75C, 0xE77C, 0xE75C, 0xE73C, 0xDF5C, 0xDF5C, 
  0xE75C, 0xE75C, 0xDF5C, 0xDF3C, 0xDF3C, 0xDF5C, 0xDF3C, 0xDEFB, 0xDF5C, 0xDF7D, 0xDF5C, 0xDF5C, 
  0xE77D, 0xE77D, 0xDF7D, 0xDF5C, 0xDF7D, 0xDF3B, 0xDF1B, 0xD75C, 0xD73C, 0xD75C, 0xD73C, 0xDF5C, 
  0xDF5D, 0xD75C, 0xDF5C, 0xD75C, 0xD71C, 0xD73C, 0xDF7D, 0xDF7D, 0xDF5C, 0xD75C, 0xDF5C, 0xDF5C, 
  0xDF5C, 0xDF7D, 0xDF5D, 0xDF7D, 0xE77D, 0xE77D, 0xDF5C, 0xDF5C, 0xE77D, 0xE77D, 0xE77D, 0xE77D, 
  0xE79D, 0xE77D, 0xDF7D, 0xDF5C, 0xDF5C, 0xDF5C, 0xDF5C, 0xDF5C, 0xDF5C, 0xDF5C, 0xDF5D, 0xDF5D, 
  0xE77D, 0xE79D, 0xE77D, 0xDF5D, 0xDF5D, 0xDF5D, 0xDF5D, 0xDF7D, 0xE77D, 0xE77D, 0xDF5D, 0xE77D, 
  0xDF5D, 0xD73C, 0xD75C, 0xD73C, 0xD73C, 0xDF5D, 0xDF5D, 0xDF7D, 0xDF7D, 0xDF7D, 0xDF7D, 0xDF7D, 
  0xE79E, 0xDEDA, 0xEE37, 0xF699, 0x94D2, 0x84D3, 0x9534, 0x9D96, 0xADD7, 0xA617, 0xB679, 0xC6BB, 
  0xCEFB, 0xCEFB, 0xC6FB, 0xC6FB, 0xCEFB, 0xCF1B, 0xC6FB, 0xBEDA, 0xAE79, 0xB6BA, 0xB6BA, 0xBEBA, 
  0xBEBA, 0xB6BA, 0xB6BA, 0xB699, 0xB699, 0xB6BA, 0xBEBA, 0xBEDA, 0xBEBA, 0xB6BA, 0xAE99, 0xAE99, 
  0xFE77, 0xFE37, 0xFE37, 0xFE37, 0xFDF6, 0xFDF6, 0xFE16, 0xFE57, 0xFE57, 0xFE77, 0xFE78, 0xFE16, 
  0xFD73, 0xFD74, 0xFD73, 0xFDD5, 0xFE16, 0xFE37, 0xFE58, 0xFE36, 0xFDB4, 0xFE16, 0xFE78, 0xFE78, 
  0xFE98, 0xFE77, 0xFE37, 0xFE78, 0xFE78, 0xFE78, 0xFE78, 0xF657, 0xEDF6, 0xFEB9, 0xC533, 0xB513, 
  0xC554, 0xD5B6, 0xDE17, 0xE699, 0xF6FA, 0xFF1B, 0xFF3C, 0xFF7C, 0xFF5C, 0xFF5C, 0xFF5C, 0xFF5C, 
  0xFF5C, 0xFF7C, 0xFF7C, 0xFF7D, 0xFF7D, 0xFF7D, 0xFF7C, 0xFF5C, 0xFF5C, 0xFF5C, 0xFF5C, 0xFF5C, 
  0xFF5C, 0xFF5C, 0xFF5C, 0xFF5C, 0xFF3C, 0xFF3B, 0xFF5C, 0xFF7C, 0xFF7C, 0xFF7C, 0xFF5C, 0xFF5C, 
  0xFF5C, 0xFF1B, 0xFF1B, 0xF75C, 0xF75C, 0xF73C, 0xF75C, 0xF73C, 0xF75C, 0xF77C, 0xF77D, 0xFF3B, 
  0xFEFB, 0xFEFB, 0xF6DA, 0xF73B, 0xF71B, 0xF6DA, 0xF6DA, 0xF71B, 0xF71B, 0xF6DA, 0xF6FA, 0xF6FA, 
  0xF6FB, 0xFEDA, 0xF6BA, 0xF71B, 0xEEDA, 0xF6DA, 0xEF1B, 0xEF3B, 0xEF1A, 0xEF5C, 0xE75C, 0xE73C, 
  0xE73B, 0xE75C, 0xE71B, 0xEEFA, 0xE75C, 0xE75C, 0xDF7C, 0xDF7D, 0xDF7D, 0xDF7D, 0xDF5C, 0xDF5C, 
  0xDF5C, 0xE75C, 0xE75C, 0xDF5C, 0xE73C, 0xDF3C, 0xDF3C, 0xDEFB, 0xDF5C, 0xDF5C, 0xDF5C, 0xDF5C, 
  0xDF7D, 0xDF7D, 0xDF7D, 0xDF7D, 0xDF7D, 0xDF1B, 0xDF3C, 0xD75C, 0xD73C, 0xD73C, 0xD73C, 0xD75C, 
  0xD73C, 0xD73C, 0xD73C, 0xDF5C, 0xDF5C, 0xD73C, 0xDF5D, 0xDF7D, 0xDF5C, 0xD75C, 0xDF5C, 0xDF7D, 
  0xDF7D, 0xDF7D, 0xDF5D, 0xDF7D, 0xDF7D, 0xE77D, 0xE77D, 0xE77D, 0xE77D, 0xE77E, 0xDF7D, 0xDF5D, 
  0xDF7D, 0xE77D, 0xDF7D, 0xDF5C, 0xDF5C, 0xDF5D, 0xDF7D, 0xDF7D, 0xDF5C, 0xDF5C, 0xDF7D, 0xE77D, 
  0xEF9D, 0xE77D, 0xE75D, 0xDF7D, 0xDF7D, 0xDF5D, 0xDF7D, 0xDF5D, 0xDF7D, 0xDF7D, 0xDF5D, 0xDF5C, 
  0xD75C, 0xD75C, 0xDF7D, 0xDF7D, 0xCF1C, 0xD73C, 0xD73C, 0xD73C, 0xDF7D, 0xDF7D, 0xDF7D, 0xDF5C, 
  0xE79E, 0xDEBA, 0xEE37, 0xF699, 0x94D2, 0x8CF3, 0x9534, 0x9D75, 0xA5D7, 0xB638, 0xB679, 0xBEBA, 
  0xBEDA, 0xC6FB, 0xC6FB, 0xCEFB, 0xCF1B, 0xC6DB, 0xAE99, 0xAE99, 0xA699, 0xB6BA, 0xBEDB, 0xBEDA, 
  0xBEDA, 0xBEFB, 0xC6FB, 0xBEBA, 0xBEBA, 0xC6DB, 0xC6DB, 0xC6FB, 0xB6BA, 0xB6BA, 0xB6BA, 0xAE99, 
  0xFE37, 0xFE37, 0xFE16, 0xFDF6, 0xFE17, 0xFDF6, 0xFE36, 0xFE77, 0xFE57, 0xFE77, 0xFE78, 0xFE99, 
  0xFDF6, 0xFD53, 0xFD32, 0xFD53, 0xFDF6, 0xFE57, 0xFE57, 0xFE37, 0xFDB5, 0xFE17, 0xFE57, 0xFE78, 
  0xFE78, 0xFE57, 0xFE36, 0xFE78, 0xFE98, 0xFE98, 0xFE98, 0xFE57, 0xEDF6, 0xFEB9, 0xC533, 0xB533, 
  0xC554, 0xD5B6, 0xDE17, 0xE679, 0xF6DA, 0xFF1B, 0xFF3C, 0xFF5C, 0xFF5C, 0xFF5C, 0xFF5C, 0xFF3C, 
  0xFF5C, 0xFF7C, 0xFF7C, 0xFF7D, 0xFF7D, 0xFF7D, 0xFF7C, 0xFF5C, 0xFF5C, 0xFF5C, 0xFF5C, 0xFF5C, 
  0xFF5C, 0xFF5C, 0xFF1B, 0xFF3B, 0xFF5C, 0xFF5C, 0xFF5C, 0xFF5C, 0xFF5C, 0xFF5C, 0xFF5C, 0xFF3C, 
  0xFF5C, 0xFF5C, 0xFEFB, 0xFF1B, 0xFF5C, 0xF71B, 0xF75C, 0xF75C, 0xF71B, 0xF73C, 0xF75C, 0xF6FB, 
  0xFEFA, 0xF71B, 0xFEFB, 0xF6DA, 0xFEDA, 0xFEDA, 0xF71B, 0xEF5C, 0xF6FA, 0xF6BA, 0xF6DA, 0xF6FA, 
  0xF6DA, 0xF6BA, 0xF6BA, 0xF71B, 0xF6FA, 0xF6B9, 0xF6FA, 0xF6FA, 0xEEFA, 0xEF1C, 0xE73C, 0xEF1B, 
  0xEF3C, 0xEF5C, 0xEF3C, 0xE75C, 0xE75C, 0xE73C, 0xE75C, 0xDF7C, 0xE77C, 0xDF5C, 0xDF5C, 0xE75C, 
  0xE77C, 0xE77D, 0xE75C, 0xDF5C, 0xE71B, 0xDF1B, 0xDF3B, 0xDEFA, 0xDF1B, 0xDF1B, 0xDF3B, 0xDF3C, 
  0xDF7D, 0xDF7D, 0xDF7D, 0xE77D, 0xDF7D, 0xD71B, 0xDF3C, 0xD75C, 0xD73C, 0xD73C, 0xD73C, 0xDF5C, 
  0xDF5C, 0xD73C, 0xDF5C, 0xD73C, 0xDF5C, 0xDF5C, 0xDF5C, 0xDF5C, 0xDF5C, 0xD73C, 0xD73C, 0xDF5D, 
  0xDF5D, 0xDF7D, 0xDF7D, 0xDF5C, 0xDF5D, 0xE77D, 0xE77D, 0xE79D, 0xE75D, 0xDF7D, 0xDF7D, 0xDF7D, 
  0xDF7D, 0xDF7D, 0xDF7D, 0xDF7D, 0xDF7D, 0xD73C, 0xDF5C, 0xDF5C, 0xDF5C, 0xDF5C, 0xE79D, 0xE77D, 
  0xE77D, 0xDF7D, 0xDF5C, 0xDF7D, 0xDF7D, 0xDF5D, 0xDF5D, 0xDF5D, 0xD75C, 0xD75D, 0xDF5D, 0xDF5C, 
  0xDF5D, 0xDF5D, 0xDF5D, 0xDF5D, 0xD75C, 0xD73C, 0xD75D, 0xDF5D, 0xDF7D, 0xE79D, 0xDF7D, 0xDF7D, 
  0xE79E, 0xD6BA, 0xEE37, 0xF699, 0x94B2, 0x84D3, 0x9534, 0x9D75, 0xA5B6, 0xB658, 0xAE59, 0xB69A, 
  0xBEBA, 0xC6FB, 0xC6FB, 0xC6DA, 0xC6FB, 0xB6BA, 0xAE99, 0xB6BA, 0xB6BA, 0xB6BA, 0xAE99, 0xAE79, 
  0xB6BA, 0xB6BA, 0xB6BA, 0xBEBA, 0xC6DB, 0xC6DB, 0xBEBA, 0xBEDA, 0xB6BA, 0xAE99, 0xAEB9, 0xB6BA, 
  0xFDF6, 0xFE57, 0xFE57, 0xFE57, 0xFE57, 0xFE37, 0xFE37, 0xFE37, 0xFE37, 0xFE57, 0xFE78, 0xFE78, 
  0xFE57, 0xFDD5, 0xFD53, 0xFD73, 0xFDB4, 0xFE37, 0xFE37, 0xFE37, 0xFE17, 0xFE37, 0xFE37, 0xFE58, 
  0xFE37, 0xFE57, 0xFE78, 0xFE98, 0xFE78, 0xFE78, 0xFE98, 0xFE78, 0xEDF7, 0xFEB9, 0xC533, 0xBD13, 
  0xC554, 0xCDB6, 0xDE17, 0xEE99, 0xF6DB, 0xFF3C, 0xFF3C, 0xFF5C, 0xFF7D, 0xFF7D, 0xFF5C, 0xFF3C, 
  0xFF5C, 0xFF7C, 0xFF7D, 0xFF7D, 0xFF7D, 0xFF7D, 0xFF7C, 0xFF5C, 0xFF5C, 0xFF5C, 0xFF5C, 0xFF5C, 
  0xFF3C, 0xFF3C, 0xFF1B, 0xFF3C, 0xFF5C, 0xFF5C, 0xFF5C, 0xFF5C, 0xFF3C, 0xFF1B, 0xFF3B, 0xFF5C, 
  0xFF5C, 0xFF5C, 0xFF3C, 0xFF1B, 0xF75C, 0xF75C, 0xF75C, 0xF73C, 0xF75C, 0xF73B, 0xF73B, 0xFF3B, 
  0xF6DA, 0xFF1B, 0xF6FB, 0xF6FA, 0xFEDA, 0xF6DA, 0xEF3B, 0xEF5C, 0xF6DA, 0xF6BA, 0xF6DA, 0xF6FA, 
  0xF71B, 0xF6FB, 0xF6DA, 0xF6FA, 0xF6FA, 0xF6FA, 0xEEFA, 0xEEFA, 0xEF1A, 0xE73B, 0xEF3B, 0xEF3C, 
  0xE75C, 0xEEFB, 0xEEFB, 0xE75C, 0xE73C, 0xE73C, 0xE73C, 0xE75C, 0xE75C, 0xE73C, 0xE73C, 0xE73C, 
  0xE75C, 0xDF5C, 0xDF5C, 0xDF3C, 0xDEFB, 0xDF3C, 0xDF3C, 0xDEFA, 0xDEFB, 0xDF3C, 0xDF3B, 0xDF5C, 
  0xDF5D, 0xDF7D, 0xDF7D, 0xE77D, 0xDF7C, 0xDF1B, 0xD75C, 0xD75C, 0xD73C, 0xD73C, 0xD75C, 0xDF5C, 
  0xDF5C, 0xD73C, 0xDF5C, 0xDF5C, 0xDF5C, 0xDF5C, 0xDF5C, 0xDF5D, 0xDF7D, 0xDF5D, 0xDF7D, 0xE77D, 
  0xDF3C, 0xDF5C, 0xDF5C, 0xDF5C, 0xE77D, 0xE77D, 0xE77D, 0xE77D, 0xE77D, 0xDF7D, 0xE77D, 0xDF5C, 
  0xDF5D, 0xDF7D, 0xDF5D, 0xDF5C, 0xDF7D, 0xDF7D, 0xDF5C, 0xD73C, 0xDF7D, 0xE77D, 0xE77D, 0xEF9D, 
  0xDF5D, 0xDF5D, 0xE77D, 0xDF5D, 0xD75D, 0xDF5D, 0xE77D, 0xDF5D, 0xD75C, 0xDF5D, 0xDF5D, 0xDF5D, 
  0xDF5C, 0xDF5D, 0xDF5D, 0xDF7D, 0xDF7D, 0xDF5C, 0xDF7D, 0xE77D, 0xE77D, 0xDF7D, 0xDF7D, 0xDF5D, 
  0xDF9D, 0xD6BA, 0xEE37, 0xF699, 0x94B2, 0x84D2, 0x9534, 0x9D95, 0xA5B6, 0xAE38, 0xB679, 0xC6DB, 
  0xC6DB, 0xC6DB, 0xBEDA, 0xBEDA, 0xC6FB, 0xC6DB, 0xC6FB, 0xC6FB, 0xBEDA, 0xBEDA, 0xB69A, 0xAE99, 
  0xBEDB, 0xBEBA, 0xBEBA, 0xBEDA, 0xC6FB, 0xCF1B, 0xBEDB, 0xC6DB, 0xC6DB, 0xB6BA, 0xAEB9, 0xA699, 
  0xFE37, 0xFE37, 0xFE57, 0xFE78, 0xFE57, 0xFE57, 0xFE37, 0xFE57, 0xFE77, 0xFE78, 0xFE78, 0xFE78, 
  0xFE37, 0xFE57, 0xFDF5, 0xFD74, 0xFD94, 0xFDD5, 0xFE58, 0xFE37, 0xFE37, 0xFE37, 0xFE37, 0xFE78, 
  0xFE78, 0xFE98, 0xFE98, 0xFE78, 0xFE37, 0xFE78, 0xFE98, 0xFE57, 0xEDF7, 0xFEB9, 0xC513, 0xBCF3, 
  0xC554, 0xCDD6, 0xDE38, 0xEE99, 0xF6FB, 0xFF5C, 0xFF5C, 0xFF5C, 0xFF7D, 0xFF7D, 0xFF5C, 0xFF5C, 
  0xFF7D, 0xFF7D, 0xFF7D, 0xFF7D, 0xFF7D, 0xFF7D, 0xFF7C, 0xFF5C, 0xFF5C, 0xFF5C, 0xFF5C, 0xFF5C, 
  0xFF1B, 0xFF3C, 0xFF5C, 0xFF5C, 0xFF5C, 0xFF5C, 0xFF5C, 0xFF5C, 0xFF5C, 0xFEFB, 0xFF1B, 0xFF5C, 
  0xFF5C, 0xFF7C, 0xFF5C, 0xFF5C, 0xF75C, 0xF75C, 0xF75C, 0xF71B, 0xF73B, 0xFF3B, 0xF6FB, 0xFF3B, 
  0xFF3B, 0xF6FB, 0xF6FB, 0xFF1B, 0xFEFA, 0xF71B, 0xEF3C, 0xEF5C, 0xF73B, 0xF71B, 0xF71B, 0xF71B, 
  0xF71B, 0xF6FB, 0xEEFA, 0xF6FB, 0xF6DA, 0xF6DA, 0xEEDA, 0xEEB9, 0xEEFA, 0xEF5C, 0xE73B, 0xE73C, 
  0xE73C, 0xEF3C, 0xEEFA, 0xEF1B, 0xEF5C, 0xE73B, 0xE75C, 0xE75C, 0xE73C, 0xE73C, 0xE73C, 0xE75C, 
  0xE75C, 0xDF5C, 0xDF5C, 0xDF5C, 0xDF3C, 0xDF5C, 0xDF1B, 0xDEFB, 0xDF1B, 0xDF1B, 0xDEFB, 0xDF3C, 
  0xDF7D, 0xDF7D, 0xDF7D, 0xDF7D, 0xDF5C, 0xDF1B, 0xD75C, 0xD73C, 0xD73C, 0xD73C, 0xD75C, 0xDF5C, 
  0xDF5C, 0xDF5C, 0xDF5C, 0xDF5C, 0xDF5C, 0xDF5C, 0xDF5C, 0xDF7D, 0xE79D, 0xDF7D, 0xE77D, 0xDF7D, 
  0xDF5C, 0xDF5C, 0xDF5C, 0xE77D, 0xE77D, 0xE77D, 0xE79D, 0xE79D, 0xE77D, 0xDF7D, 0xDF7D, 0xDF5C, 
  0xDF5C, 0xDF7D, 0xDF7D, 0xDF7D, 0xDF5D, 0xDF5C, 0xDF7D, 0xDF5C, 0xDF5C, 0xE77D, 0xE77D, 0xE77D, 
  0xDF5D, 0xDF5D, 0xDF5D, 0xDF5D, 0xDF5D, 0xDF5D, 0xDF7D, 0xDF7D, 0xDF5D, 0xDF7D, 0xE77D, 0xDF7D, 
  0xD73C, 0xDF5D, 0xDF7D, 0xDF7D, 0xE77D, 0xE77D, 0xE77D, 0xE77D, 0xE79D, 0xDF7D, 0xDF5D, 0xDF5D, 
  0xDF7D, 0xDEBA, 0xEE17, 0xF699, 0x94B2, 0x8CF3, 0x9534, 0x9D75, 0xA5D7, 0xAE38, 0xBE99, 0xC6FB, 
  0xC6FB, 0xBEDA, 0xC6FB, 0xC6FB, 0xC6FB, 0xCEFB, 0xC6FB, 0xB6BA, 0xB699, 0xB6BA, 0xB6BA, 0xB6BA, 
  0xBEBA, 0xCF1B, 0xC6FB, 0xC71B, 0xC6DB, 0xBEDA, 0xB6BA, 0xC6DB, 0xCEFC, 0xC6FB, 0xBEDB, 0xBEDA, 
  0xFE78, 0xFE57, 0xFE57, 0xFE58, 0xFE57, 0xFE78, 0xFE57, 0xFE78, 0xFE78, 0xFE57, 0xFE57, 0xFE57, 
  0xFE37, 0xFE57, 0xFE77, 0xFD95, 0xFD94, 0xFD74, 0xFDB5, 0xFE57, 0xFE37, 0xFE37, 0xFE37, 0xFE78, 
  0xFE98, 0xFE98, 0xFE98, 0xFE58, 0xFE58, 0xFE78, 0xFE78, 0xF637, 0xEDF7, 0xFEB9, 0xC513, 0xBD13, 
  0xC555, 0xCDB6, 0xDE38, 0xE699, 0xF6FB, 0xFF5C, 0xFF7D, 0xFF7C, 0xFF5D, 0xFF7D, 0xFF7C, 0xFF7C, 
  0xFF7D, 0xFF7D, 0xFF7D, 0xFF7D, 0xFF7D, 0xFF7C, 0xFF5C, 0xFF3C, 0xFF3C, 0xFF5C, 0xFF3B, 0xFF1B, 
  0xFF3B, 0xFF5C, 0xFF5C, 0xFF5C, 0xFF5C, 0xFF3C, 0xFF5C, 0xFF3B, 0xFF5C, 0xFF3C, 0xFF1B, 0xFF3C, 
  0xFF5C, 0xFF5C, 0xFF5C, 0xF77C, 0xF77D, 0xF75C, 0xF75D, 0xFF5C, 0xFF3B, 0xF73B, 0xF73C, 0xF75C, 
  0xF75C, 0xF71C, 0xF6DA, 0xFEDA, 0xFEFA, 0xF6FB, 0xF73B, 0xF71B, 0xF71B, 0xF73C, 0xEF3B, 0xF73B, 
  0xF6FB, 0xF6FB, 0xF73B, 0xEF1B, 0xF73B, 0xEF1B, 0xEEDA, 0xF6BA, 0xEEFA, 0xEF1B, 0xEF1B, 0xEF3C, 
  0xE75C, 0xE73B, 0xEEDA, 0xEEDA, 0xE73B, 0xE71A, 0xE71B, 0xE75C, 0xE73C, 0xE73C, 0xE73B, 0xE73B, 
  0xDF5C, 0xDF5C, 0xDF5C, 0xDF5D, 0xDF5C, 0xDF5C, 0xDF5C, 0xDF3C, 0xDF1B, 0xDF1B, 0xE6FA, 0xDEFB, 
  0xDF3C, 0xDF7D, 0xDF5D, 0xDF7D, 0xD73C, 0xD71C, 0xD75C, 0xD73C, 0xD73C, 0xD73C, 0xD75C, 0xDF5C, 
  0xDF5C, 0xDF5C, 0xDF5C, 0xDF5C, 0xDF5C, 0xDF5C, 0xDF5C, 0xDF5D, 0xE77D, 0xDF5C, 0xDF7D, 0xDF7D, 
  0xD75C, 0xD75C, 0xDF7D, 0xE79D, 0xE77D, 0xE77D, 0xE77D, 0xE77D, 0xE77D, 0xDF5D, 0xDF5D, 0xDF5C, 
  0xDF5C, 0xDF7D, 0xDF7D, 0xDF7D, 0xDF7D, 0xD73C, 0xD75C, 0xDF5D, 0xE77D, 0xE77D, 0xEF7D, 0xDF7D, 
  0xD73C, 0xDF5D, 0xDF5D, 0xD73C, 0xDF5D, 0xDF7D, 0xDF5D, 0xDF5D, 0xDF7D, 0xDF7D, 0xE77D, 0xDF5D, 
  0xDF5C, 0xD73C, 0xD73C, 0xD73C, 0xDF7D, 0xE77D, 0xDF7D, 0xDF7D, 0xDF7D, 0xDF5D, 0xDF5D, 0xDF5D, 
  0xDF7D, 0xDEBA, 0xEE37, 0xF699, 0x9CD2, 0x8CD3, 0x9534, 0x9D75, 0xA5D6, 0xB638, 0xB699, 0xBEDA, 
  0xBEDA, 0xAEB9, 0xBEDA, 0xBEFB, 0xBEFB, 0xC6FB, 0xBEDA, 0xB6BA, 0xB6BA, 0xB6BA, 0xAE99, 0xAE79, 
  0xBEDA, 0xC6FB, 0xC6FB, 0xBEDA, 0xB6BA, 0xBEBA, 0xBEBA, 0xBEDB, 0xC6FB, 0xBEBA, 0xB699, 0xB6BA, 
  0xFE77, 0xFE57, 0xFE78, 0xFE78, 0xFE78, 0xFE78, 0xFE77, 0xFE78, 0xFE77, 0xFE16, 0xFE37, 0xFE57, 
  0xFE57, 0xFE57, 0xFE78, 0xFE17, 0xF5B5, 0xFDD5, 0xF574, 0xFDD5, 0xFE37, 0xFE17, 0xFE16, 0xFE78, 
  0xFE98, 0xFE78, 0xFE98, 0xFE98, 0xFE98, 0xFE58, 0xFE98, 0xFE57, 0xEDF7, 0xFEB9, 0xC513, 0xBD13, 
  0xC554, 0xD5B6, 0xDE17, 0xE699, 0xF6FB, 0xFF5C, 0xFF9D, 0xFF7C, 0xFF5D, 0xFF7D, 0xFF7D, 0xFF7D, 
  0xFF7C, 0xFF7D, 0xFF7D, 0xFF7D, 0xFF9D, 0xFF5C, 0xFF3C, 0xFF1B, 0xFF1B, 0xFF3C, 0xFF5C, 0xFF3B, 
  0xFF3C, 0xFF5C, 0xFF7C, 0xFF7C, 0xFF1B, 0xFEFB, 0xFF1B, 0xFF1B, 0xFF3C, 0xFF5C, 0xFF3C, 0xFF5C, 
  0xFF5C, 0xF73C, 0xF73C, 0xFF5C, 0xFF7D, 0xF77D, 0xF77D, 0xF77D, 0xFF7C, 0xF75C, 0xF77C, 0xF77D, 
  0xEF5C, 0xF75C, 0xF6FA, 0xFEFA, 0xFEFA, 0xFEBA, 0xF6FA, 0xF6FB, 0xF6DA, 0xF71B, 0xEF3B, 0xF6FB, 
  0xF6DA, 0xF6DA, 0xF71B, 0xF6FA, 0xEF3B, 0xEF5D, 0xEF3C, 0xEF3C, 0xEF5C, 0xEEFA, 0xEEFA, 0xEF3C, 
  0xE73B, 0xEF3B, 0xEEDA, 0xEEFA, 0xEF1B, 0xE6FA, 0xE71B, 0xE73B, 0xE71B, 0xE73C, 0xE73B, 0xE6FA, 
  0xE73B, 0xDF5C, 0xDF5C, 0xDF3C, 0xDF5C, 0xDF5C, 0xDF5C, 0xDF5D, 0xDF3C, 0xDF1B, 0xDF1B, 0xDF1B, 
  0xDF1B, 0xDF5C, 0xDF7D, 0xDF5C, 0xDF1B, 0xDF3C, 0xD75C, 0xD75C, 0xD73C, 0xD73C, 0xD73C, 0xDF3C, 
  0xDF5C, 0xDF5C, 0xDF5C, 0xDF5C, 0xDF5C, 0xDF5C, 0xDF5C, 0xDF5C, 0xDF5C, 0xD75C, 0xD75C, 0xD75C, 
  0xD75C, 0xDF5C, 0xE77D, 0xE77D, 0xE77D, 0xDF5D, 0xDF5D, 0xE77D, 0xE77D, 0xE79D, 0xE77D, 0xDF5C, 
  0xDF7D, 0xDF5D, 0xDF7D, 0xE77D, 0xDF7D, 0xD75D, 0xD73C, 0xDF7D, 0xE77D, 0xE77D, 0xEF9D, 0xD73C, 
  0xD73C, 0xD73C, 0xD75C, 0xD75C, 0xDF5C, 0xDF5D, 0xDF5D, 0xDF5D, 0xDF5D, 0xD73C, 0xDF5D, 0xDF7D, 
  0xDF5D, 0xD71C, 0xD73C, 0xD75C, 0xD75C, 0xDF5D, 0xDF5D, 0xD73C, 0xCF1C, 0xDF7D, 0xDF7D, 0xDF5D, 
  0xD77D, 0xD699, 0xEE37, 0xF699, 0x9CB2, 0x8CD3, 0x9534, 0x9D75, 0xA5D6, 0xB658, 0xB679, 0xBEDA, 
  0xBEDA, 0xB6BA, 0xBEDA, 0xBEDA, 0xBEDA, 0xBEBA, 0xBEBA, 0xB6BA, 0xBEBA, 0xC6FB, 0xB6BA, 0xB6DA, 
  0xB6BA, 0xBEBA, 0xBEBA, 0xBEBA, 0xBEDA, 0xC6FB, 0xC6DB, 0xC6FB, 0xB69A, 0xAE99, 0xAE99, 0xAE99, 
  0xFE37, 0xFE57, 0xFE78, 0xFE98, 0xFE98, 0xFE78, 0xFE57, 0xFE57, 0xFE78, 0xFE57, 0xFE57, 0xFE57, 
  0xFE37, 0xFE57, 0xFE78, 0xFE98, 0xFE58, 0xF5D5, 0xFE16, 0xFE16, 0xFE57, 0xFE77, 0xFE77, 0xFE78, 
  0xFE78, 0xFE78, 0xFE78, 0xFE78, 0xFE78, 0xFE98, 0xFE98, 0xF637, 0xEDF6, 0xFEB9, 0xC513, 0xBCF3, 
  0xC554, 0xD5B6, 0xDE17, 0xE699, 0xF6FA, 0xFF3C, 0xFF5C, 0xFF5C, 0xFF5C, 0xFF7C, 0xFF7D, 0xFF7C, 
  0xFF7C, 0xFF7D, 0xFF7D, 0xFF7D, 0xFF7D, 0xFF7C, 0xFF7C, 0xFF5C, 0xFF3C, 0xFF5C, 0xFF7C, 0xFF5C, 
  0xFF5C, 0xFF5C, 0xFF5C, 0xFF5C, 0xFF3C, 0xFF1B, 0xFF1B, 0xFF3C, 0xFF5C, 0xFF5C, 0xFF5C, 0xFF5C, 
  0xFF5C, 0xFF5C, 0xF73C, 0xF75C, 0xFF5D, 0xF75C, 0xF75D, 0xF77D, 0xF77D, 0xF75D, 0xF75C, 0xF77C, 
  0xF77C, 0xF75C, 0xF71B, 0xF6DA, 0xFEDA, 0xF6DA, 0xF6FA, 0xF71B, 0xF6FA, 0xF71B, 0xF73B, 0xF6DA, 
  0xF6DA, 0xF6FB, 0xF73B, 0xF6DA, 0xEEDA, 0xEF3B, 0xEF5C, 0xEF5C, 0xEF3C, 0xF6FB, 0xEEFA, 0xEF1B, 
  0xEEFB, 0xEF1B, 0xEF3B, 0xEF3B, 0xEF1B, 0xEEFB, 0xE6FB, 0xE71B, 0xE73C, 0xE73C, 0xE73C, 0xE73B, 
  0xE73C, 0xDF5D, 0xDF5C, 0xDF3C, 0xDF3C, 0xE77C, 0xDF1B, 0xDF3C, 0xDF1B, 0xDF3B, 0xDF1B, 0xDF3C, 
  0xDF5C, 0xDF5C, 0xDF7D, 0xD73C, 0xD6FB, 0xDF1B, 0xD75C, 0xD73C, 0xD73C, 0xD75C, 0xD73C, 0xDF5C, 
  0xDF5C, 0xDF5C, 0xDF5C, 0xDF5C, 0xD73C, 0xDF5C, 0xD73C, 0xD75C, 0xDF5C, 0xDF5C, 0xD75C, 0xD75C, 
  0xDF5C, 0xDF5C, 0xDF5D, 0xDF7D, 0xDF5D, 0xDF5D, 0xD75C, 0xE77D, 0xE77D, 0xE77D, 0xE77D, 0xDF7D, 
  0xDF7D, 0xDF7D, 0xDF5C, 0xDF7D, 0xE77D, 0xDF5D, 0xD75C, 0xD75C, 0xD75C, 0xDF7D, 0xDF7D, 0xCF1B, 
  0xD73C, 0xD73C, 0xD73C, 0xD73C, 0xDF5C, 0xDF5D, 0xDF5D, 0xDF5D, 0xDF5D, 0xCF1B, 0xD75C, 0xDF5C, 
  0xD75C, 0xD75C, 0xD75C, 0xD75C, 0xD75C, 0xD75D, 0xD75D, 0xD75D, 0xDF7D, 0xE77D, 0xDF7D, 0xDF5D, 
  0xDF9D, 0xDEBA, 0xEE37, 0xF699, 0x9CD2, 0x8CF3, 0x9534, 0x9D75, 0xA5B6, 0xAE38, 0xB679, 0xBEDA, 
  0xBEDA, 0xBEDA, 0xBEDA, 0xBEBA, 0xBEDA, 0xB6BA, 0xB6BA, 0xB69A, 0xBEBA, 0xC6FB, 0xBEDB, 0xBEBA, 
  0xB699, 0xBEDA, 0xBEBA, 0xBEDB, 0xBEDB, 0xB6BA, 0xBEDB, 0xB6BA, 0xAE99, 0xAE79, 0xAE99, 0xAE99, 
  0xFE57, 0xFE57, 0xFE78, 0xFE78, 0xFE78, 0xFE98, 0xFE57, 0xFE37, 0xFE57, 0xFE77, 0xFE78, 0xFE98, 
  0xFE78, 0xFE37, 0xFE78, 0xFE98, 0xFE98, 0xFE78, 0xFE57, 0xF616, 0xF616, 0xFE78, 0xFE77, 0xFE78, 
  0xFE78, 0xFE98, 0xFE98, 0xFE98, 0xFE78, 0xFE78, 0xFE78, 0xF5F6, 0xEDF7, 0xFEB9, 0xC513, 0xBCF3, 
  0xC554, 0xD5B6, 0xDE37, 0xE699, 0xF6DA, 0xFF1B, 0xFF3C, 0xFF5C, 0xFF7C, 0xFF5C, 0xFF5C, 0xFF7D, 
  0xFF7C, 0xFF7C, 0xFF7C, 0xFF7D, 0xFF7D, 0xFF7D, 0xFF9D, 0xFF7C, 0xFF7D, 0xFF7D, 0xFF7D, 0xFF7C, 
  0xFF7C, 0xFF5C, 0xFF5C, 0xFF5C, 0xFF5C, 0xFF5C, 0xFF3C, 0xFF1B, 0xFF1B, 0xFF5C, 0xFF5C, 0xFF5C, 
  0xFEFA, 0xFF1B, 0xFF3C, 0xF75B, 0xF73C, 0xF73C, 0xF75C, 0xF75C, 0xF77C, 0xF77D, 0xF77D, 0xF77D, 
  0xF77D, 0xF77D, 0xF77C, 0xF73B, 0xF6FA, 0xF71B, 0xF71B, 0xF71B, 0xF73B, 0xF73B, 0xF73C, 0xEF3B, 
  0xF73C, 0xF71B, 0xF71B, 0xF71B, 0xF6FA, 0xEEBA, 0xEF1B, 0xEF3C, 0xEF3C, 0xEF1B, 0xF6DB, 0xEEFB, 
  0xEEFB, 0xEEFA, 0xE75C, 0xE75C, 0xEF3B, 0xEEDA, 0xEEDA, 0xE71C, 0xE75C, 0xE73C, 0xE71B, 0xE73B, 
  0xE73C, 0xDF5D, 0xDF5C, 0xE75C, 0xE73C, 0xDF3B, 0xDEFB, 0xDF1B, 0xDEFB, 0xDEFB, 0xDF1B, 0xDF1B, 
  0xDF5C, 0xDF5D, 0xDF3C, 0xD73C, 0xDF3C, 0xDF5D, 0xDF7D, 0xDF5C, 0xDF3C, 0xDF5C, 0xDF5C, 0xDF5C, 
  0xDF5C, 0xDF5C, 0xDF5C, 0xDF5C, 0xD73C, 0xD73C, 0xDF5C, 0xD73C, 0xDF5C, 0xDF5C, 0xD75C, 0xDF5C, 
  0xDF7D, 0xDF5C, 0xD73C, 0xD75C, 0xDF5D, 0xDF7D, 0xDF7D, 0xE79D, 0xE75D, 0xDF5D, 0xDF5D, 0xDF5D, 
  0xDF7D, 0xDF7D, 0xDF7D, 0xDF7D, 0xDF7D, 0xDF5D, 0xD73C, 0xD75C, 0xD75C, 0xE77D, 0xDF5D, 0xD73C, 
  0xDF5D, 0xDF5C, 0xD73C, 0xD75C, 0xDF5D, 0xDF5D, 0xDF5D, 0xDF5D, 0xDF3C, 0xD73C, 0xD75D, 0xDF3C, 
  0xDF5D, 0xD75D, 0xD75C, 0xD75D, 0xDF7D, 0xDF5C, 0xDF5D, 0xE77D, 0xE77D, 0xE77D, 0xE77D, 0xE77D, 
  0xE7BE, 0xDEDA, 0xEE37, 0xF699, 0x9CD2, 0x8CF3, 0x9534, 0x9D75, 0x9595, 0xA617, 0xB679, 0xB69A, 
  0xBEDA, 0xBEDA, 0xB6BA, 0xB699, 0xBEDA, 0xBEDA, 0xBEDB, 0xBEDB, 0xBEDA, 0xB6BA, 0xBEBA, 0xBEDA, 
  0xC6FB, 0xC6FB, 0xC6FB, 0xBEFB, 0xB69A, 0xAE99, 0xB69A, 0xAE99, 0xB6BA, 0xAE99, 0xAEB9, 0xAE99, 
  0xFE57, 0xFE57, 0xFE77, 0xFE77, 0xFE77, 0xFE78, 0xFE37, 0xFE37, 0xFE37, 0xFE37, 0xFE57, 0xFE98, 
  0xFEB8, 0xFE58, 0xFE78, 0xFE98, 0xFE78, 0xFE98, 0xFE37, 0xFE16, 0xFE37, 0xFE78, 0xFE77, 0xFE77, 
  0xFE78, 0xFE78, 0xFE98, 0xFE98, 0xFE98, 0xFE78, 0xFE78, 0xF616, 0xEDF7, 0xFEB9, 0xC513, 0xBCF3, 
  0xC554, 0xD5B6, 0xDE37, 0xE658, 0xFE99, 0xFEDA, 0xFF3B, 0xFF3C, 0xFF5C, 0xFF3C, 0xFF5C, 0xFF7D, 
  0xFF7D, 0xFF7D, 0xFF7D, 0xFF7D, 0xFF7C, 0xFF5C, 0xFF5C, 0xFF5C, 0xFF5C, 0xFF3C, 0xFF5C, 0xFF5C, 
  0xFF3C, 0xFF5C, 0xFF5C, 0xFF5C, 0xFF5C, 0xFF5C, 0xFF5C, 0xFF1B, 0xFEDA, 0xFEFA, 0xFF3B, 0xFF3B, 
  0xFEB9, 0xFEB9, 0xFF1B, 0xF73C, 0xF73C, 0xF73C, 0xFF3C, 0xF71B, 0xFF5C, 0xF77D, 0xF77D, 0xF77D, 
  0xF77D, 0xF77C, 0xEF7D, 0xF77C, 0xF73C, 0xEF3C, 0xF73C, 0xEF3C, 0xEF3C, 0xEF5C, 0xEF5C, 0xEF5C, 
  0xEF5C, 0xF73C, 0xF73C, 0xF71C, 0xF71B, 0xEEDA, 0xF6DA, 0xEEBA, 0xEF5C, 0xEF3C, 0xF6FB, 0xEEDA, 
  0xE73C, 0xEF3C, 0xE75C, 0xE73C, 0xE73B, 0xE71B, 0xE6FB, 0xE73B, 0xE73C, 0xE73C, 0xE6FA, 0xE71B, 
  0xDF5C, 0xE73C, 0xE71B, 0xDF1B, 0xE73C, 0xE73C, 0xE71B, 0xE6FA, 0xDEFA, 0xDEFB, 0xDF1B, 0xDEFA, 
  0xDF1B, 0xDF5D, 0xDEFB, 0xDF1B, 0xD73C, 0xDF3C, 0xDF7D, 0xDF5D, 0xDF5D, 0xDF7D, 0xDF5C, 0xDF5C, 
  0xDF5C, 0xDF5C, 0xDF5C, 0xDF5C, 0xDF5C, 0xD73C, 0xDF5C, 0xDF5C, 0xD73C, 0xDF5C, 0xDF5D, 0xDF7D, 
  0xE79D, 0xE77D, 0xDF5D, 0xDF5D, 0xDF7D, 0xE77D, 0xE77D, 0xE77D, 0xE77D, 0xD75C, 0xD75C, 0xDF5C, 
  0xDF5C, 0xDF7D, 0xDF7D, 0xDF7D, 0xDF7D, 0xDF7D, 0xDF5C, 0xDF5C, 0xDF5D, 0xDF7D, 0xDF7D, 0xDF5D, 
  0xCF1C, 0xD73C, 0xD75C, 0xDF5D, 0xDF5D, 0xDF5D, 0xDF5D, 0xDF5D, 0xDF5D, 0xD75D, 0xD75C, 0xDF5D, 
  0xD75D, 0xD75D, 0xD75C, 0xD75D, 0xD75C, 0xDF5D, 0xE77D, 0xDF7D, 0xDF7D, 0xDF7D, 0xDF7D, 0xE77D, 
  0xE79E, 0xDEBA, 0xEE37, 0xF699, 0x9CD2, 0x84D2, 0x9534, 0x9D75, 0x9DB6, 0xA617, 0xAE78, 0xB69A, 
  0xBEDA, 0xBEDA, 0xBEBA, 0xB699, 0xC6DA, 0xBEDA, 0xC6FB, 0xC6FB, 0xBEDA, 0xBEBA, 0xB6BA, 0xC6FB, 
  0xCF1C, 0xCF1B, 0xC6DB, 0xBEDA, 0xB6BA, 0xB6BA, 0xBEDA, 0xB6BA, 0xB6BA, 0xB6BA, 0xB6BA, 0xB6BA, 
  0xFE57, 0xFE78, 0xFE57, 0xFE77, 0xFE77, 0xFE78, 0xFE16, 0xFDF6, 0xFE57, 0xFE98, 0xFE78, 0xFE78, 
  0xFE98, 0xFE98, 0xFE98, 0xFE98, 0xFE99, 0xFE98, 0xFE78, 0xF5F6, 0xFE16, 0xFE37, 0xFE78, 0xFE98, 
  0xFE98, 0xFE78, 0xFE98, 0xFE78, 0xFE78, 0xFE78, 0xFE78, 0xF637, 0xEDF7, 0xFEB9, 0xC533, 0xBCF3, 
  0xC554, 0xD5B6, 0xDE17, 0xEE58, 0xF699, 0xFEDA, 0xFF3B, 0xFF3C, 0xFF3C, 0xFF3C, 0xFF5C, 0xFF7C, 
  0xFF7C, 0xFF7C, 0xFF5C, 0xFF5C, 0xFF5C, 0xFF5C, 0xFF3C, 0xFF3C, 0xFF1B, 0xFF3C, 0xFF3C, 0xFF3C, 
  0xFF5C, 0xFF5C, 0xFF3C, 0xFF5C, 0xFF5C, 0xFF5C, 0xFF5C, 0xFF5C, 0xFF3B, 0xFEDA, 0xFF3B, 0xFF3C, 
  0xFED9, 0xFEB9, 0xFEDA, 0xFF3B, 0xF73C, 0xF73C, 0xFF3C, 0xFF3B, 0xF73C, 0xF75C, 0xF75C, 0xF75C, 
  0xF77D, 0xF77D, 0xF77D, 0xF75C, 0xF73C, 0xF75C, 0xF73C, 0xF71B, 0xF73C, 0xEF3B, 0xEF3C, 0xF73C, 
  0xEF3C, 0xEF3C, 0xEF3C, 0xEF3C, 0xEF3C, 0xEF1B, 0xF6FA, 0xF6B9, 0xEF1B, 0xEF1B, 0xEEDA, 0xEEDA, 
  0xEF3C, 0xE73C, 0xE75C, 0xE75C, 0xE75C, 0xE77D, 0xE75C, 0xE71B, 0xE6FA, 0xE6FB, 0xE6FA, 0xE6FB, 
  0xDF5C, 0xDF3B, 0xE71B, 0xDF3B, 0xDF3C, 0xDF5D, 0xE75C, 0xE71B, 0xDF3C, 0xDF3C, 0xDF3B, 0xDEFB, 
  0xDF1B, 0xDF3B, 0xDEDA, 0xDEFA, 0xDF3C, 0xD73C, 0xDF5C, 0xDF7D, 0xDF7D, 0xDF7D, 0xDF7D, 0xD73C, 
  0xDF5C, 0xDF5C, 0xDF5C, 0xDF5C, 0xDF5C, 0xDF5C, 0xDF5C, 0xDF5C, 0xDF5C, 0xDF7D, 0xE77D, 0xE79D, 
  0xE79D, 0xEF9E, 0xE77D, 0xDF7D, 0xDF7D, 0xDF5D, 0xDF5C, 0xDF5C, 0xDF5D, 0xDF5D, 0xD73C, 0xDF5D, 
  0xDF5C, 0xDF5D, 0xDF7D, 0xDF5D, 0xDF7D, 0xDF7D, 0xDF5C, 0xDF7D, 0xDF7D, 0xDF7D, 0xDF7D, 0xDF7D, 
  0xD75C, 0xC6DB, 0xD75C, 0xDF7D, 0xD75C, 0xDF5D, 0xDF5D, 0xDF5D, 0xDF5D, 0xD75C, 0xDF5C, 0xDF5C, 
  0xD73C, 0xD75C, 0xDF5D, 0xD75C, 0xD75C, 0xDF7D, 0xDF7D, 0xDF7D, 0xDF7D, 0xDF5C, 0xDF5D, 0xE77D, 
  0xE79E, 0xDEBA, 0xEE37, 0xF699, 0x9CD2, 0x7CB2, 0x8D13, 0x9D96, 0xADF7, 0xAE38, 0x9E17, 0xB699, 
  0xBEDA, 0xB6BA, 0xBEBA, 0xC6DA, 0xC6FB, 0xBEFA, 0xBEDA, 0xBEBA, 0xB6BA, 0xB6BA, 0xB6BA, 0xC6FB, 
  0xC71B, 0xC6FB, 0xBEDA, 0xBEDA, 0xB69A, 0xB699, 0xBEDA, 0xB6BA, 0xAE99, 0xBEBA, 0xB6BA, 0xB6BA, 
  0xFE78, 0xFE98, 0xFE57, 0xFE57, 0xFE57, 0xFE37, 0xFE16, 0xFDD5, 0xFE16, 0xFE78, 0xFE58, 0xFE57, 
  0xFE78, 0xFE78, 0xFE98, 0xFE98, 0xFE98, 0xFE98, 0xFE99, 0xFE98, 0xFDF6, 0xFD95, 0xFE98, 0xFEB9, 
  0xFE78, 0xFE57, 0xFE57, 0xFE78, 0xFE98, 0xFE57, 0xFE78, 0xFE57, 0xEDF7, 0xFEB9, 0xC513, 0xBCF3, 
  0xC554, 0xD5B6, 0xDE17, 0xE658, 0xF6B9, 0xFEFB, 0xFF3C, 0xFF3C, 0xFF5C, 0xFF3C, 0xFF3C, 0xFF5C, 
  0xFF3C, 0xFF5C, 0xFF7C, 0xFF7C, 0xFF7C, 0xFF5C, 0xFF5C, 0xFF3C, 0xFF1B, 0xFF3B, 0xFF1B, 0xFF5C, 
  0xFF5C, 0xFF3C, 0xFF1B, 0xFF3C, 0xFF3C, 0xFF3B, 0xFF3C, 0xFF5C, 0xFF5C, 0xFF3C, 0xFF3C, 0xFF1B, 
  0xFEB9, 0xFEBA, 0xFF1B, 0xF75C, 0xF73C, 0xFF3C, 0xF73C, 0xFF3C, 0xF73B, 0xF73C, 0xF73B, 0xF73B, 
  0xF75C, 0xF75C, 0xF77C, 0xF77D, 0xF77D, 0xF75C, 0xF73C, 0xEF3B, 0xEF5C, 0xEF3C, 0xEF3C, 0xEF3C, 
  0xF73C, 0xF71B, 0xEEFB, 0xEF3C, 0xEF1B, 0xEF3B, 0xEEDA, 0xEEBA, 0xEEDA, 0xEEDA, 0xF6DA, 0xF6DA, 
  0xEEFB, 0xEF3C, 0xE75C, 0xE75C, 0xE77D, 0xE77C, 0xE75C, 0xE75C, 0xE6FB, 0xE71B, 0xE73B, 0xE73C, 
  0xDF5C, 0xE73C, 0xE75C, 0xDF3C, 0xE75C, 0xDF3C, 0xE73B, 0xDEFA, 0xDF1B, 0xDF1B, 0xDEDB, 0xDEFB, 
  0xDF1B, 0xDF1B, 0xDEFB, 0xD6FA, 0xD73C, 0xDF7C, 0xDF5C, 0xDF5C, 0xE77D, 0xDF3C, 0xDF5C, 0xDF5C, 
  0xDF5C, 0xDF5C, 0xDF5C, 0xDF5C, 0xDF5C, 0xDF5C, 0xD73C, 0xD73B, 0xD75C, 0xDF7D, 0xE77D, 0xE79D, 
  0xE77D, 0xE77D, 0xDF5D, 0xDF5D, 0xDF7D, 0xDF5D, 0xDF5C, 0xDF7D, 0xDF5D, 0xDF5D, 0xD73D, 0xD75D, 
  0xDF5D, 0xDF5D, 0xDF7D, 0xD75D, 0xD75D, 0xDF7D, 0xE77D, 0xDF5D, 0xDF5D, 0xD75D, 0xDF5D, 0xDF5D, 
  0xDF5D, 0xCF1B, 0xCEFB, 0xD75D, 0xD73C, 0xDF5C, 0xE77D, 0xDF5D, 0xD73C, 0xD75C, 0xDF5C, 0xDF5C, 
  0xD75C, 0xD75C, 0xDF5D, 0xDF5D, 0xDF5D, 0xDF7D, 0xDF5D, 0xDF7D, 0xDF5D, 0xD73C, 0xDF5D, 0xDF7D, 
  0xE79E, 0xDEBA, 0xEE37, 0xF699, 0x94B2, 0x7CB2, 0x8D13, 0x9D95, 0xA5F7, 0xAE38, 0xAE58, 0xB6B9, 
  0xBEBA, 0xB69A, 0xB699, 0xBEDA, 0xC6FB, 0xC6FB, 0xBEDA, 0xBEBA, 0xBEBA, 0xBEBA, 0xBEBA, 0xBEBA, 
  0xBEDA, 0xBEDA, 0xBEDA, 0xBEDA, 0xBEDA, 0xBEDA, 0xB6BA, 0xAE99, 0xAE99, 0xB6BA, 0xB6BA, 0xAE99, 
  0xFE57, 0xFE98, 0xFE98, 0xFE77, 0xFE77, 0xFE16, 0xFE36, 0xFE57, 0xFE57, 0xFE78, 0xFE78, 0xFE78, 
  0xFE57, 0xFE98, 0xFE98, 0xFE99, 0xFE99, 0xFE98, 0xFE99, 0xFE79, 0xFE78, 0xFE57, 0xFE99, 0xFE78, 
  0xFE37, 0xFE37, 0xFE37, 0xFE57, 0xFE98, 0xFE57, 0xFE78, 0xFE57, 0xEDF7, 0xFEB9, 0xC513, 0xBD13, 
  0xC554, 0xD5B6, 0xDE17, 0xEE58, 0xFE99, 0xFEFB, 0xFF3B, 0xFF3C, 0xFF3C, 0xFF3C, 0xFF3C, 0xFF3C, 
  0xFF3C, 0xFF3B, 0xFF5C, 0xFF7D, 0xFF9D, 0xFF7D, 0xFF7D, 0xFF7C, 0xFF3B, 0xFF1B, 0xFF1B, 0xFF3C, 
  0xFF3B, 0xFF3B, 0xFF3C, 0xFF5C, 0xFF5C, 0xFF5C, 0xFF5C, 0xFF5C, 0xFF5C, 0xFF5C, 0xFF5C, 0xFF1B, 
  0xFEB9, 0xFEDA, 0xFF3C, 0xF75C, 0xF73C, 0xFF3C, 0xFF3C, 0xFF1B, 0xFF1B, 0xFF3C, 0xF73C, 0xF73C, 
  0xF73C, 0xF73C, 0xF75C, 0xEF7C, 0xF77D, 0xF77D, 0xEF5C, 0xEF5C, 0xEF3B, 0xF73C, 0xEF5C, 0xEF3C, 
  0xEF3B, 0xEF3B, 0xF6FA, 0xEF3C, 0xEF3C, 0xEF5C, 0xEF1C, 0xEEFB, 0xEEDA, 0xEEBA, 0xEEDA, 0xEEDA, 
  0xEEFB, 0xEF1B, 0xE73B, 0xE75C, 0xE75C, 0xE75C, 0xE75C, 0xE77D, 0xE77D, 0xE75C, 0xE77D, 0xE77D, 
  0xE75C, 0xDF5C, 0xDF5C, 0xDF1B, 0xE6FB, 0xE6DA, 0xDEDA, 0xE71B, 0xDEDA, 0xE6DA, 0xE6DA, 0xDEFB, 
  0xDF1B, 0xDF5C, 0xDF1C, 0xD73C, 0xDF3C, 0xDF3C, 0xDF5C, 0xD6FB, 0xDF5C, 0xDF5D, 0xD75C, 0xDF5C, 
  0xDF5C, 0xDF5C, 0xDF5C, 0xDF5C, 0xDF5C, 0xDF5C, 0xD73C, 0xCF1B, 0xD73C, 0xDF7D, 0xE77D, 0xE77D, 
  0xE77D, 0xE77D, 0xE77D, 0xDF7D, 0xDF5D, 0xDF5C, 0xDF5C, 0xE77D, 0xE79D, 0xDF7D, 0xD75C, 0xD75D, 
  0xD75C, 0xD75C, 0xD75D, 0xD75C, 0xD75C, 0xD75C, 0xDF5D, 0xDF5D, 0xD75C, 0xD73C, 0xDF5D, 0xDF5D, 
  0xDF5D, 0xDF5D, 0xCF1C, 0xD73C, 0xD73C, 0xDF3D, 0xE79E, 0xDF5D, 0xD73C, 0xDF5D, 0xDF7D, 0xDF7D, 
  0xD75C, 0xD75C, 0xDF5C, 0xDF5D, 0xDF5D, 0xDF7D, 0xDF5C, 0xDF5D, 0xDF7D, 0xD75D, 0xD73C, 0xDF5D, 
  0xE79E, 0xDEBA, 0xEE37, 0xF699, 0x94B2, 0x84D3, 0x8D34, 0x9575, 0x9DB6, 0xA5F7, 0xB699, 0xBEBA, 
  0xBEDB, 0xBEBA, 0xB69A, 0xBEDA, 0xC6FB, 0xBEDA, 0xBEDA, 0xBEDA, 0xBEBA, 0xBEBA, 0xBEBA, 0xBEBA, 
  0xBEDA, 0xB6BA, 0xB6BA, 0xBEDA, 0xBEBA, 0xBEDA, 0xB6BA, 0xAE99, 0xAEB9, 0xAE99, 0xAE99, 0xB6BA, 
  0xFE57, 0xFE78, 0xFE98, 0xFE77, 0xFE77, 0xFE77, 0xFE58, 0xFE78, 0xFE98, 0xFE78, 0xFE78, 0xFE98, 
  0xFE98, 0xFE99, 0xFE99, 0xFEB9, 0xFEB9, 0xFE99, 0xFE99, 0xFE78, 0xFE78, 0xFE78, 0xFE99, 0xFE99, 
  0xFE57, 0xFE37, 0xFE58, 0xFE78, 0xFE78, 0xFE98, 0xFE98, 0xFE37, 0xEDF7, 0xFEB9, 0xC513, 0xBD13, 
  0xC574, 0xD5D6, 0xDE17, 0xEE58, 0xF699, 0xFEFA, 0xFF3C, 0xFF3C, 0xFF5C, 0xFF3C, 0xFF5C, 0xFF5C, 
  0xFF5C, 0xFF3C, 0xFF3C, 0xFF5C, 0xFF7D, 0xFF7D, 0xFF7D, 0xFF7C, 0xFF3C, 0xFF1B, 0xFF1B, 0xFF1B, 
  0xFF3B, 0xFF3B, 0xFF3C, 0xFF3C, 0xFF3C, 0xFF3C, 0xFF5C, 0xFF5C, 0xFF3C, 0xFF5C, 0xFF5C, 0xFF1B, 
  0xFEDA, 0xFEFB, 0xFF3C, 0xF73C, 0xF73C, 0xF73C, 0xF73C, 0xFF3B, 0xFF1B, 0xFF3B, 0xF71B, 0xF73C, 
  0xF73C, 0xF73C, 0xF75C, 0xF73B, 0xEF5C, 0xEF7D, 0xF77D, 0xEF5C, 0xF73C, 0xF73C, 0xEF3C, 0xEF3C, 
  0xF75C, 0xF71B, 0xF6DA, 0xEEFA, 0xEF3B, 0xEF1B, 0xEF3C, 0xEF3C, 0xEEFB, 0xEF3C, 0xEF3C, 0xEF3B, 
  0xEF5C, 0xE75C, 0xE73B, 0xE73C, 0xE75C, 0xEF3C, 0xEF5C, 0xE75D, 0xE77D, 0xE77D, 0xE77D, 0xE79D, 
  0xE77D, 0xDF5C, 0xDF5C, 0xE73C, 0xE6DA, 0xE6B9, 0xE6FA, 0xDF1B, 0xDF1B, 0xDEDA, 0xDF1B, 0xDEFB, 
  0xDEFA, 0xDF1B, 0xDEDA, 0xDF3B, 0xDF1B, 0xDEDA, 0xDF1B, 0xD73B, 0xDF3C, 0xDF7D, 0xD75C, 0xD75C, 
  0xD75C, 0xD73C, 0xDF5C, 0xD75C, 0xDF5C, 0xDF5C, 0xD73C, 0xCF1B, 0xD75C, 0xDF7D, 0xE77D, 0xDF7D, 
  0xDF7D, 0xDF7D, 0xDF5D, 0xDF5D, 0xDF5C, 0xDF5D, 0xDF5C, 0xDF5D, 0xEF9E, 0xDF7D, 0xDF5D, 0xDF5D, 
  0xD75D, 0xD73C, 0xD73C, 0xD75C, 0xD75C, 0xD75C, 0xDF7D, 0xDF7D, 0xD75C, 0xD73C, 0xD73C, 0xD75C, 
  0xD75C, 0xDF5D, 0xDF5D, 0xD73C, 0xDF5C, 0xDF5D, 0xE77D, 0xDF7D, 0xD75C, 0xD73C, 0xD75C, 0xD75D, 
  0xD75C, 0xD75D, 0xD75C, 0xD73C, 0xD73C, 0xDF5D, 0xD75D, 0xDF5D, 0xD73C, 0xDF5D, 0xD75D, 0xDF5D, 
  0xDF7D, 0xD6BA, 0xEE37, 0xF699, 0x8C91, 0x84D2, 0x8D34, 0x9575, 0x9DD6, 0xA617, 0xAE79, 0xBEBA, 
  0xBEDB, 0xB6BA, 0xB6BA, 0xBEBA, 0xBEBA, 0xB6BA, 0xBEDA, 0xB6BA, 0xBEBA, 0xB6BA, 0xBEBA, 0xBEDA, 
  0xBEDA, 0xAE79, 0xB6BA, 0xBEDA, 0xBEDA, 0xBEBA, 0xAEBA, 0xA678, 0xAE99, 0xA699, 0xAE99, 0xB6BA, 
  0xFE57, 0xFE78, 0xFE98, 0xFE78, 0xFE78, 0xFE98, 0xFE99, 0xFE98, 0xFE99, 0xFE98, 0xFE98, 0xFEB9, 
  0xFEB9, 0xFEB9, 0xFEB9, 0xFEB9, 0xFEB9, 0xFEB9, 0xFE99, 0xFE98, 0xFE78, 0xFE78, 0xFE78, 0xFEB9, 
  0xFEB9, 0xFE99, 0xFE78, 0xFE99, 0xFE98, 0xFE98, 0xFE98, 0xFE37, 0xEDF7, 0xFEB9, 0xC533, 0xBD13, 
  0xC554, 0xD5D6, 0xDE17, 0xEE58, 0xF699, 0xFEFB, 0xFF3C, 0xFF3C, 0xFF3C, 0xFF3C, 0xFF3C, 0xFF3C, 
  0xFF3C, 0xFF5C, 0xFF3C, 0xFF5C, 0xFF7D, 0xFF7D, 0xFF7D, 0xFF7D, 0xFF5C, 0xFF1B, 0xFF1B, 0xFF1B, 
  0xFF1B, 0xFF1B, 0xFEDA, 0xFEDA, 0xFF1B, 0xFF1B, 0xFF1B, 0xFF3B, 0xFF1B, 0xFF1B, 0xFF3B, 0xFF3B, 
  0xFF1B, 0xF73C, 0xF77C, 0xF75C, 0xF73C, 0xF73C, 0xF73C, 0xF75C, 0xF75C, 0xFF1B, 0xFEFB, 0xFF3B, 
  0xF73C, 0xF73C, 0xF75C, 0xF73C, 0xF75C, 0xEF7D, 0xF77D, 0xF77C, 0xF75C, 0xF77C, 0xF73C, 0xEF1B, 
  0xF71B, 0xF71B, 0xF6DA, 0xF6DA, 0xEF3C, 0xEF1B, 0xEEFA, 0xEEFB, 0xEEFA, 0xEF5C, 0xEF5C, 0xE77C, 
  0xE77C, 0xEF7C, 0xE75C, 0xE73C, 0xE73B, 0xE73C, 0xE75D, 0xE77D, 0xE77D, 0xE79D, 0xE77D, 0xE79D, 
  0xE75C, 0xE73C, 0xE73C, 0xDF5C, 0xE6DA, 0xE6DA, 0xE6DA, 0xDEDA, 0xDF3B, 0xDEFA, 0xE6FB, 0xDEFB, 
  0xDEFA, 0xDEFB, 0xDEDA, 0xDEFB, 0xDEFB, 0xDEFA, 0xDEFB, 0xDF1B, 0xD73B, 0xDF5C, 0xDF7D, 0xD75C, 
  0xD73C, 0xD73C, 0xD75C, 0xD75C, 0xD75C, 0xD75C, 0xDF5C, 0xDF5D, 0xDF5D, 0xE77D, 0xDF7D, 0xDF5D, 
  0xD75C, 0xDF7D, 0xDF5C, 0xD75C, 0xD75C, 0xDF5D, 0xD75C, 0xDF5C, 0xE77D, 0xDF5D, 0xDF7D, 0xDF7D, 
  0xD75C, 0xD75D, 0xD73C, 0xD73C, 0xD75C, 0xDF5C, 0xDF7D, 0xDF7D, 0xDF5D, 0xDF7D, 0xCF1C, 0xD73C, 
  0xDF5D, 0xDF5D, 0xDF5D, 0xDF5D, 0xD73C, 0xDF5D, 0xDF5D, 0xD73C, 0xD73C, 0xDF5C, 0xD75C, 0xD75C, 
  0xD73C, 0xD75C, 0xD75C, 0xCF1C, 0xD73C, 0xDF5D, 0xD73C, 0xD75C, 0xD73C, 0xD73C, 0xDF5D, 0xDF5C, 
  0xDF7D, 0xD6B9, 0xEE37, 0xF699, 0x94B2, 0x84D2, 0x8D14, 0x9575, 0x95B6, 0xA617, 0xAE58, 0xB6BA, 
  0xBEBA, 0xB69A, 0xB6BA, 0xBEDB, 0xC6FB, 0xBEDA, 0xB6BA, 0xBEBA, 0xBEBA, 0xB6BA, 0xBEBA, 0xBEDA, 
  0xBEDA, 0xBEBA, 0xBEDA, 0xBEBA, 0xBEDA, 0xB6BA, 0xAE99, 0xAEB9, 0xAEB9, 0xAE99, 0xB6BA, 0xBEBA, 
  0xFE57, 0xFE78, 0xFE98, 0xFE98, 0xFE98, 0xFE98, 0xFE98, 0xFE98, 0xFE99, 0xFE98, 0xFE98, 0xFE99, 
  0xFE99, 0xFE78, 0xFEB9, 0xFEB9, 0xFE99, 0xFE99, 0xFE99, 0xFE99, 0xFE98, 0xFE98, 0xFE78, 0xFE99, 
  0xFEFA, 0xFEB9, 0xFE57, 0xFE78, 0xFE78, 0xFE78, 0xFE78, 0xFE57, 0xEDF7, 0xFEB9, 0xC513, 0xBCF3, 
  0xC534, 0xD5B6, 0xDE17, 0xEE58, 0xFE99, 0xFEFB, 0xFF1B, 0xFF3C, 0xFF3C, 0xFF3C, 0xFF3C, 0xFF3C, 
  0xFF3C, 0xFF3C, 0xFF3C, 0xFF5C, 0xFF7D, 0xFF7D, 0xFF7D, 0xFF7D, 0xFF7C, 0xFF1B, 0xFF1B, 0xFEFB, 
  0xFF1B, 0xFF3B, 0xFF1B, 0xFEFB, 0xFF1B, 0xFEFA, 0xFEDA, 0xFF1B, 0xFF1B, 0xFEDA, 0xFEDA, 0xFEFB, 
  0xFEFA, 0xFF3C, 0xFF5C, 0xFF5C, 0xFF5C, 0xFF5C, 0xF73C, 0xF75C, 0xF75C, 0xFF3B, 0xFF1B, 0xF71B, 
  0xF73B, 0xFF1B, 0xF6FB, 0xF71C, 0xF75C, 0xF75C, 0xF75C, 0xF75C, 0xF75C, 0xEF7C, 0xF75C, 0xF71B, 
  0xEEFB, 0xF73C, 0xF6FA, 0xF71B, 0xEF3C, 0xEF3C, 0xEF1B, 0xF6DA, 0xEED9, 0xEEFA, 0xEF3C, 0xE75C, 
  0xE77C, 0xE77C, 0xE75C, 0xE73C, 0xE73B, 0xE75C, 0xE77D, 0xE77D, 0xE77D, 0xE77D, 0xE77D, 0xE77D, 
  0xEF7D, 0xE71B, 0xE71C, 0xE73C, 0xE6DA, 0xE6DA, 0xE71B, 0xE6FA, 0xDF1B, 0xDF1B, 0xDEFB, 0xDF1B, 
  0xDF1B, 0xDF1B, 0xDEFA, 0xDF1B, 0xDEDA, 0xDEFA, 0xDF1B, 0xDF1B, 0xDF1B, 0xDF3C, 0xDF7D, 0xDF7D, 
  0xDF3C, 0xD73C, 0xD75C, 0xD75C, 0xD73C, 0xD73C, 0xDF5C, 0xDF5D, 0xDF7D, 0xDF7D, 0xDF5D, 0xD75C, 
  0xD75C, 0xD75C, 0xD75C, 0xD73C, 0xD75C, 0xDF5D, 0xD75C, 0xD73C, 0xD75C, 0xD73C, 0xDF7D, 0xDF7D, 
  0xDF7D, 0xDF7D, 0xD73C, 0xD73C, 0xDF5D, 0xDF7D, 0xD73C, 0xDF5D, 0xDF7D, 0xDF7D, 0xDF5D, 0xDF5D, 
  0xDF5D, 0xDF5D, 0xDF5D, 0xDF5D, 0xDF5D, 0xDF7D, 0xDF5D, 0xD73C, 0xDF3C, 0xDF5D, 0xD75D, 0xD75D, 
  0xD73C, 0xD75C, 0xD73C, 0xCF3C, 0xD73C, 0xD73C, 0xD75C, 0xD75C, 0xD75D, 0xD75D, 0xDF5D, 0xDF5D, 
  0xDF9D, 0xD6BA, 0xEE37, 0xF699, 0x94D2, 0x84F3, 0x9534, 0x8D55, 0x7D34, 0x9DF7, 0xA638, 0xAE99, 
  0xBEDA, 0xBEDA, 0xBEDA, 0xBEBA, 0xBEDA, 0xBEBA, 0xBEBA, 0xBEBA, 0xB6BA, 0xB6BA, 0xBEBA, 0xBEBA, 
  0xBEBA, 0xB699, 0xBEDA, 0xBEDA, 0xB6BA, 0xB6BA, 0xAE99, 0xAEBA, 0xB6BA, 0xB6BA, 0xB6BA, 0xAEB9, 
  0xFE77, 0xFE57, 0xFE78, 0xFE98, 0xFE98, 0xFE98, 0xFE77, 0xFE57, 0xFE78, 0xFE98, 0xFE98, 0xFE78, 
  0xFE58, 0xFE58, 0xFE78, 0xFE98, 0xFE78, 0xFE78, 0xFE98, 0xFE57, 0xFE37, 0xFE98, 0xFEB9, 0xFE78, 
  0xFE99, 0xFEB9, 0xFE78, 0xFE57, 0xFE78, 0xFE37, 0xFE37, 0xF637, 0xEE16, 0xFEB9, 0xC513, 0xBCF3, 
  0xC554, 0xCDB6, 0xDE17, 0xEE58, 0xFE99, 0xFEFB, 0xFF3B, 0xFF3C, 0xFF3C, 0xFF3C, 0xFF3C, 0xFF5C, 
  0xFF3C, 0xFF3C, 0xFF5C, 0xFF5C, 0xFF5C, 0xFF7D, 0xFF7D, 0xFF7D, 0xFF7D, 0xFF5C, 0xFF5C, 0xFF5C, 
  0xFF3C, 0xFF3C, 0xFF3C, 0xFF3B, 0xFF3B, 0xFF3B, 0xFF3B, 0xFF5C, 0xFF3C, 0xFF1B, 0xFEFB, 0xFF1B, 
  0xFF1B, 0xFF1B, 0xF73C, 0xF6FB, 0xF73C, 0xF75C, 0xFF5C, 0xF75C, 0xF75C, 0xF75C, 0xFF3C, 0xF71B, 
  0xFEFA, 0xFEFA, 0xF6FA, 0xF73B, 0xF75C, 0xF75C, 0xF73C, 0xF71B, 0xF75C, 0xEF3C, 0xF75B, 0xF75C, 
  0xEF1B, 0xF73C, 0xF73B, 0xEF1A, 0xEF1B, 0xEF3C, 0xEF3C, 0xEEDA, 0xEED9, 0xEEDA, 0xEF3C, 0xEF5C, 
  0xE77C, 0xE75C, 0xE75C, 0xE75C, 0xEF5C, 0xE75C, 0xE75D, 0xE77D, 0xE77D, 0xE77D, 0xE77D, 0xE77D, 
  0xEF7D, 0xE77D, 0xE71B, 0xE73C, 0xE73C, 0xE6FA, 0xE6FB, 0xDF1B, 0xDEFB, 0xDEDA, 0xE6FA, 0xDF1B, 
  0xDF1B, 0xDF1B, 0xDF1B, 0xDEFB, 0xDEFB, 0xDEFB, 0xDF1B, 0xDF3C, 0xDF1B, 0xD71B, 0xDF5C, 0xDF5D, 
  0xDF5D, 0xDF5C, 0xD73C, 0xD73C, 0xD75C, 0xD73C, 0xD73C, 0xDF5C, 0xE77D, 0xDF7D, 0xD75C, 0xD75C, 
  0xD73C, 0xD73C, 0xD73C, 0xD71C, 0xD75C, 0xD75D, 0xD75C, 0xDF7D, 0xD75C, 0xD73C, 0xD75C, 0xDF7D, 
  0xDF7D, 0xDF7D, 0xDF5D, 0xDF5C, 0xDF5C, 0xDF7D, 0xD73C, 0xDF5C, 0xDF7D, 0xDF7D, 0xDF5D, 0xDF5D, 
  0xDF5D, 0xD73C, 0xDF5D, 0xDF5D, 0xDF5D, 0xDF7D, 0xDF7D, 0xDF7D, 0xDF5C, 0xD73C, 0xDF7D, 0xDF5C, 
  0xD75C, 0xD73C, 0xCF1C, 0xCF3C, 0xCF3C, 0xD75C, 0xD75C, 0xD75C, 0xDF5D, 0xDF5D, 0xDF5D, 0xDF5D, 
  0xDF7D, 0xDEBA, 0xF637, 0xF699, 0x94B2, 0x7CB2, 0x8513, 0x9555, 0x9596, 0xA617, 0xA638, 0xAE99, 
  0xBEDA, 0xBEDA, 0xB6BA, 0xAE99, 0xB69A, 0xBEBA, 0xB6BA, 0xB699, 0xAE99, 0xB699, 0xB6BA, 0xB6BA, 
  0xB6BA, 0xAE99, 0xA699, 0x9E58, 0xAEB9, 0xAEB9, 0xAE99, 0xAE99, 0xAEB9, 0xB6BA, 0xAEB9, 0xB6B9, 
  0xFE78, 0xFE37, 0xFE37, 0xFE57, 0xFE16, 0xFE37, 0xFE37, 0xFE37, 0xFE57, 0xFE57, 0xFE57, 0xFE78, 
  0xFE57, 0xFE78, 0xFEB9, 0xFE98, 0xFE77, 0xFE57, 0xFE77, 0xFE57, 0xF5F5, 0xFE16, 0xFE57, 0xFE57, 
  0xFE57, 0xFE78, 0xFE99, 0xFE57, 0xFE77, 0xFE16, 0xFE57, 0xF657, 0xEE16, 0xFEB9, 0xC533, 0xB513, 
  0xC574, 0xD5B6, 0xDDF6, 0xEE58, 0xF699, 0xFEFB, 0xFF3B, 0xFF3C, 0xFF3C, 0xFF3C, 0xFF5C, 0xFF5C, 
  0xFF3C, 0xFF1B, 0xFF1C, 0xFF5C, 0xFF3B, 0xFF5C, 0xFF7C, 0xFF7C, 0xFF5C, 0xFF5C, 0xFF5C, 0xFF5C, 
  0xFF3C, 0xFF3B, 0xFF3B, 0xFF3B, 0xFF3B, 0xFF3B, 0xFF3B, 0xFF5C, 0xFF5C, 0xFF5C, 0xFF1B, 0xFF1C, 
  0xFF1B, 0xFF1B, 0xFF5C, 0xFF3C, 0xF75C, 0xF75C, 0xF77C, 0xF77C, 0xFF7C, 0xF73C, 0xF75C, 0xF73B, 
  0xF6BA, 0xF6FB, 0xF73C, 0xF75C, 0xF75C, 0xF75C, 0xF73C, 0xF71B, 0xF75C, 0xF73B, 0xF73B, 0xF75C, 
  0xF73B, 0xEEFA, 0xF6FB, 0xEF1B, 0xF71B, 0xEF1C, 0xEF5C, 0xEF1B, 0xEEDA, 0xEEFB, 0xEF5C, 0xE75C, 
  0xE75C, 0xE75C, 0xE75C, 0xEF3B, 0xEEFB, 0xEF3C, 0xE75C, 0xE77D, 0xE77D, 0xE77D, 0xE77D, 0xE77D, 
  0xE77D, 0xE77D, 0xE71B, 0xE73B, 0xE73B, 0xE6D9, 0xE6DA, 0xDF3B, 0xDEFB, 0xE6DA, 0xE6DA, 0xDEFA, 
  0xDF1C, 0xDEFB, 0xDEDA, 0xDEFB, 0xDF1B, 0xDF1B, 0xDF1B, 0xD75C, 0xD73B, 0xD73B, 0xD73C, 0xDF5C, 
  0xD73C, 0xDF5D, 0xDF3C, 0xD71B, 0xD71B, 0xD73C, 0xD73C, 0xDF7D, 0xDF7D, 0xDF7D, 0xDF7D, 0xDF7D, 
  0xDF5D, 0xD75C, 0xD75C, 0xCF1C, 0xD73C, 0xDF5D, 0xD75D, 0xDF5D, 0xDF7D, 0xD73C, 0xD73C, 0xDF7D, 
  0xDF7D, 0xDF5D, 0xDF5C, 0xDF7D, 0xDF5D, 0xDF5D, 0xD75D, 0xDF5C, 0xDF7D, 0xDF7D, 0xDF5D, 0xDF5D, 
  0xDF5D, 0xDF5D, 0xDF5D, 0xDF5D, 0xDF5D, 0xDF5D, 0xDF7D, 0xDF7D, 0xD73C, 0xDF5D, 0xDF7D, 0xDF7D, 
  0xD75C, 0xD73C, 0xD73C, 0xDF5D, 0xDF7D, 0xDF5D, 0xD73C, 0xD73C, 0xDF5D, 0xDF5D, 0xDF5D, 0xDF5D, 
  0xDF7D, 0xD6BA, 0xF637, 0xF699, 0x8C91, 0x7491, 0x84F3, 0x9575, 0xA5D6, 0xAE18, 0xA638, 0x9E58, 
  0xBEBA, 0xBEBA, 0xB6BA, 0xB6BA, 0xAE99, 0xAEB9, 0xAE99, 0xAE99, 0xAEB9, 0x9E58, 0xAE99, 0xAEB9, 
  0xB6BA, 0xAEBA, 0xA699, 0x9658, 0xAEB9, 0xAE99, 0xA679, 0xA6B9, 0xAE99, 0xAE99, 0x9E79, 0x9658, 
  0xFE78, 0xFE16, 0xFE37, 0xFE57, 0xFDF6, 0xFE37, 0xFE57, 0xFE57, 0xFE78, 0xFE77, 0xFE57, 0xFE57, 
  0xFE58, 0xFE99, 0xFE99, 0xFE58, 0xFE98, 0xFE98, 0xFE78, 0xFE16, 0xFE37, 0xFE57, 0xFE16, 0xF5F6, 
  0xF5D5, 0xFDF6, 0xFE78, 0xFE78, 0xFE98, 0xFEB9, 0xFE98, 0xFE78, 0xEE17, 0xFE99, 0xC513, 0xBCF3, 
  0xC554, 0xCDD6, 0xDE17, 0xEE58, 0xF699, 0xFEFB, 0xFF1C, 0xFF3C, 0xFF5C, 0xFF5C, 0xFF3B, 0xFF1A, 
  0xFEDA, 0xFEFA, 0xFF3C, 0xFF1B, 0xFEDA, 0xFEFA, 0xFF3C, 0xFF1B, 0xFF1B, 0xFF5C, 0xFF5C, 0xFF5B, 
  0xFF3B, 0xFF3B, 0xFF3B, 0xFF3B, 0xFF3B, 0xFF3B, 0xFF3C, 0xFF5C, 0xFF5C, 0xFF5C, 0xFF5C, 0xFF3C, 
  0xFF3B, 0xFF3B, 0xFF5C, 0xFF7D, 0xFF7C, 0xF77C, 0xF77C, 0xF77C, 0xFF7C, 0xFF5C, 0xF75C, 0xF75C, 
  0xF73C, 0xF73C, 0xF75C, 0xF75C, 0xF75C, 0xF71B, 0xF6FA, 0xF6FA, 0xF71B, 0xF73C, 0xF71B, 0xF71B, 
  0xF71B, 0xF71B, 0xF6FB, 0xF71B, 0xEEFB, 0xEF1B, 0xEF3C, 0xEF5C, 0xEF3C, 0xEF3C, 0xE75C, 0xE75C, 
  0xEF5C, 0xEF3C, 0xEF1B, 0xEEDA, 0xEEDA, 0xEEDA, 0xEEFB, 0xE73C, 0xE77D, 0xE77D, 0xE77D, 0xE77D, 
  0xE79D, 0xE77C, 0xE71B, 0xE73C, 0xE6DA, 0xE6B9, 0xE6DA, 0xDF3B, 0xDF3C, 0xDEFA, 0xDEB9, 0xDEB9, 
  0xDF1B, 0xDF3C, 0xDEFB, 0xDF1B, 0xDEFA, 0xDEFB, 0xDEFB, 0xDF1B, 0xD71B, 0xDF5C, 0xD73B, 0xD73C, 
  0xDF5C, 0xD75C, 0xDF5C, 0xDF5C, 0xD73C, 0xD71C, 0xD75C, 0xDF5C, 0xDF5C, 0xDF5C, 0xDF7D, 0xE79D, 
  0xDF7D, 0xDF5D, 0xD75C, 0xCF1B, 0xD75C, 0xDF5D, 0xDF7D, 0xDF5D, 0xD73C, 0xD75C, 0xD75C, 0xDF7D, 
  0xD75C, 0xD73C, 0xDF5C, 0xDF5C, 0xDF5C, 0xD75C, 0xDF5D, 0xDF5D, 0xDF5D, 0xDF7D, 0xDF5C, 0xDF5D, 
  0xDF5D, 0xD75C, 0xDF5D, 0xDF5D, 0xDF5D, 0xDF5D, 0xD75C, 0xD75D, 0xDF5D, 0xDF7D, 0xDF5D, 0xDF5D, 
  0xDF5D, 0xDF7D, 0xDF5C, 0xDF3C, 0xDF7D, 0xDF5D, 0xD75C, 0xD75D, 0xDF5C, 0xDF5D, 0xDF5D, 0xDF5C, 
  0xDF7D, 0xD6BA, 0xF637, 0xF699, 0x8C92, 0x7492, 0x84F3, 0x9575, 0x9DD6, 0xA617, 0xA638, 0xAE99, 
  0xBEDA, 0xBEDA, 0xBEDA, 0xBEDA, 0xB6BA, 0xAE99, 0xAE99, 0xAE99, 0xAEB9, 0xA699, 0xAEB9, 0xAEB9, 
  0xAEB9, 0xAE99, 0xAE99, 0xAE99, 0xAE99, 0xAE99, 0xA699, 0x9E58, 0xAEBA, 0x9E99, 0x7DD6, 0x75D6, 
  0xFE57, 0xFE37, 0xFE16, 0xFE57, 0xFE37, 0xFE37, 0xFE57, 0xFE57, 0xFE77, 0xFE78, 0xFE57, 0xFE57, 
  0xFE78, 0xFE99, 0xFE99, 0xFE99, 0xFEB9, 0xFEB9, 0xFEB9, 0xFE78, 0xFDF6, 0xFE36, 0xF616, 0xFE16, 
  0xFE16, 0xFE16, 0xF616, 0xFE78, 0xFEB9, 0xFEB9, 0xFE78, 0xF657, 0xEE17, 0xFE99, 0xC513, 0xBCF3, 
  0xC554, 0xD5B6, 0xDDD6, 0xEE17, 0xFE99, 0xFEFA, 0xFF1B, 0xFEFB, 0xFEFB, 0xFF1B, 0xFF1B, 0xFF1B, 
  0xFEFA, 0xFF1B, 0xFF3C, 0xFF1B, 0xFEFA, 0xFF1B, 0xFF3B, 0xFF3C, 0xFF3C, 0xFF3C, 0xFF3C, 0xFF3B, 
  0xFF5B, 0xFF5B, 0xFF3C, 0xFF3C, 0xFF3C, 0xFF5C, 0xFF5C, 0xFF5C, 0xFF5C, 0xFF3C, 0xFF3C, 0xFF5C, 
  0xFF5C, 0xFF5C, 0xFF5C, 0xF77C, 0xF77C, 0xFF7C, 0xF77C, 0xF77C, 0xFF7D, 0xFF7D, 0xFF5C, 0xF73C, 
  0xF75C, 0xF75C, 0xF71B, 0xF75C, 0xF71B, 0xF6DA, 0xF71B, 0xF6FA, 0xF71B, 0xF71B, 0xF71B, 0xF73B, 
  0xF73C, 0xF73C, 0xF71B, 0xF6FA, 0xF6FB, 0xEF3C, 0xEF3C, 0xEF3C, 0xEF3C, 0xEF3C, 0xE75C, 0xE71B, 
  0xEEDA, 0xEEBA, 0xEEB9, 0xEEFA, 0xEF3B, 0xEEFA, 0xEEBA, 0xE6FB, 0xE75C, 0xE75C, 0xE75C, 0xDF5C, 
  0xDF5D, 0xE75C, 0xE73B, 0xDF3B, 0xE71B, 0xE71B, 0xE75C, 0xDF5C, 0xDF1B, 0xDF1B, 0xDEDA, 0xDEB9, 
  0xDEFB, 0xDF3C, 0xDF3B, 0xD73B, 0xD73B, 0xDF3C, 0xDF1B, 0xDEDB, 0xDF1B, 0xDF5C, 0xD73C, 0xD73C, 
  0xD75C, 0xD75C, 0xD75C, 0xD75C, 0xDF5C, 0xDF7D, 0xDF7D, 0xDF5C, 0xDF5D, 0xDF7D, 0xDF5D, 0xE77D, 
  0xDF5C, 0xD73C, 0xD75C, 0xD75C, 0xDF5C, 0xD75C, 0xDF7D, 0xE77D, 0xDF7D, 0xDF7D, 0xD75C, 0xD75D, 
  0xD73C, 0xCF1B, 0xDF5C, 0xD75C, 0xD75C, 0xDF5D, 0xDF5C, 0xDF7D, 0xDF7D, 0xE77D, 0xDF7D, 0xD75C, 
  0xD73C, 0xD73C, 0xDF5D, 0xDF7D, 0xDF7D, 0xD73C, 0xD75C, 0xD73C, 0xDF5D, 0xDF7D, 0xDF5D, 0xDF5D, 
  0xDF5D, 0xDF7D, 0xDF7D, 0xDF5D, 0xDF7D, 0xDF5D, 0xDF5D, 0xDF5D, 0xDF5D, 0xDF5C, 0xDF5D, 0xDF5D, 
  0xDF7D, 0xD6BA, 0xF617, 0xF699, 0x8C91, 0x74B2, 0x84F3, 0x8D74, 0x9DB6, 0x9DD7, 0xA638, 0xB6BA, 
  0xB6BA, 0xB6BA, 0xBEDA, 0xAE99, 0xAE99, 0xAE99, 0xAE99, 0xAE79, 0xAE99, 0xA699, 0x9637, 0x9658, 
  0x9E78, 0xA699, 0xA679, 0xAE99, 0xA699, 0xA699, 0xA699, 0xA679, 0xAE99, 0xA679, 0xAEBA, 0xAEBA, 
  0xFE37, 0xFE57, 0xFE37, 0xFE36, 0xFE37, 0xFE37, 0xFE57, 0xFE57, 0xFE78, 0xFE37, 0xFE58, 0xFE78, 
  0xFE98, 0xFE99, 0xFE99, 0xFE99, 0xFEB9, 0xFEB9, 0xFEB9, 0xFEB9, 0xFE78, 0xFE58, 0xFE57, 0xFE57, 
  0xFE98, 0xFE98, 0xFE78, 0xFE78, 0xFEB9, 0xFE99, 0xFE98, 0xF657, 0xEE17, 0xFEB9, 0xC533, 0xBCF3, 
  0xC554, 0xD595, 0xDDB5, 0xEDF6, 0xF658, 0xFEDA, 0xFEFA, 0xFEFB, 0xFF1B, 0xFF3B, 0xFF3C, 0xFF5C, 
  0xFF1B, 0xFF3B, 0xFF5C, 0xFF3C, 0xFF3C, 0xFF3B, 0xFF3C, 0xFF3C, 0xFF3C, 0xFF3B, 0xFF3B, 0xFF3B, 
  0xFF3B, 0xFF3B, 0xFF5C, 0xFF5C, 0xFF5C, 0xFF3C, 0xFF3C, 0xFF3C, 0xFF3C, 0xFF1B, 0xFF1B, 0xFF3C, 
  0xFF5C, 0xFF5C, 0xFF7C, 0xF77D, 0xFF7C, 0xF77C, 0xF77C, 0xF77C, 0xF75C, 0xFF7D, 0xF73B, 0xF73B, 
  0xF75C, 0xF75C, 0xF75C, 0xF73C, 0xF71B, 0xF71B, 0xF71B, 0xF71B, 0xF71B, 0xF6FA, 0xF71B, 0xEF5C, 
  0xEF3C, 0xF73C, 0xEF1B, 0xEF1B, 0xF73C, 0xEF3C, 0xEF3C, 0xEF3C, 0xEF3B, 0xE75C, 0xE75C, 0xEF1B, 
  0xEEB9, 0xEEDA, 0xEEBA, 0xEEDA, 0xEEFB, 0xEEFA, 0xEEFA, 0xE6DA, 0xE71A, 0xE73B, 0xE71A, 0xE71B, 
  0xE75C, 0xDF3B, 0xE6FB, 0xE71B, 0xE6FB, 0xDEFB, 0xDF5D, 0xDF7D, 0xDF3C, 0xDF1B, 0xDEDA, 0xE6DA, 
  0xDEFB, 0xDF1B, 0xDF1B, 0xD73B, 0xD73C, 0xD75C, 0xDF5C, 0xDF3C, 0xDF5C, 0xDF5C, 0xDF5C, 0xD75C, 
  0xD75C, 0xD75C, 0xD75C, 0xD75C, 0xDF5C, 0xDF7D, 0xDF7D, 0xDF7D, 0xDF7D, 0xDF7D, 0xDF7D, 0xDF5D, 
  0xDF5C, 0xD75C, 0xD73C, 0xDF5C, 0xD73C, 0xD73C, 0xD75C, 0xDF5D, 0xDF7D, 0xD75C, 0xD75C, 0xD75C, 
  0xD75C, 0xCF1B, 0xD75C, 0xDF7C, 0xDF5C, 0xDF5D, 0xDF5D, 0xDF7D, 0xDF7D, 0xDF7D, 0xDF7D, 0xD75C, 
  0xD73C, 0xD75C, 0xDF5D, 0xDF5D, 0xDF7D, 0xD73C, 0xDF5C, 0xD73C, 0xDF5D, 0xDF5D, 0xDF5D, 0xDF5D, 
  0xDF5D, 0xDF7D, 0xDF7D, 0xDF5D, 0xDF7D, 0xDF7D, 0xDF5D, 0xDF7D, 0xDF5D, 0xDF5D, 0xDF5C, 0xDF5C, 
  0xDF7D, 0xD6BA, 0xF637, 0xF699, 0x8C92, 0x74B2, 0x84F3, 0x8D54, 0x9DB6, 0x9DF7, 0xA658, 0xA679, 
  0xAEBA, 0xAE99, 0xAE99, 0xAEB9, 0xAE99, 0xA699, 0xAE99, 0xA699, 0x9E79, 0x85F7, 0x7DD6, 0x8617, 
  0x9E78, 0x9E78, 0x9E78, 0xA679, 0xA699, 0xA699, 0xA679, 0xAEBA, 0x9E79, 0xA679, 0xAE99, 0xA699, 
  0xFE57, 0xFE57, 0xFE57, 0xFE78, 0xFE57, 0xFE37, 0xFE58, 0xFE78, 0xFE78, 0xFE78, 0xFE98, 0xFE98, 
  0xFE78, 0xFE78, 0xFE98, 0xFE78, 0xFE99, 0xFEB9, 0xFE99, 0xFE99, 0xFE99, 0xFE78, 0xFE57, 0xFE78, 
  0xFE98, 0xFE78, 0xFE78, 0xFE98, 0xFEB9, 0xFE98, 0xFEB9, 0xFE78, 0xEE16, 0xFEB9, 0xC513, 0xB513, 
  0xC575, 0xD5B6, 0xDDD6, 0xEE37, 0xFE99, 0xFEFB, 0xFF3C, 0xFF3C, 0xFF5C, 0xFF5C, 0xFF5C, 0xFF5C, 
  0xFF3C, 0xFF5C, 0xFF5C, 0xFF3B, 0xFF3B, 0xFF3B, 0xFEFB, 0xFF1B, 0xFF3B, 0xFF3B, 0xFF3B, 0xFF1B, 
  0xFF1B, 0xFF3B, 0xFF3B, 0xFF3C, 0xFF3C, 0xFF3C, 0xFF3C, 0xFF3B, 0xFF3B, 0xFF5C, 0xFF3B, 0xFEFB, 
  0xFF3C, 0xFF5C, 0xFF5C, 0xFF1B, 0xFEFB, 0xFF5C, 0xF77C, 0xF79D, 0xF79D, 0xF75C, 0xF71C, 0xF75C, 
  0xF77C, 0xF77C, 0xF77C, 0xF73C, 0xF71B, 0xF71B, 0xF6FA, 0xF6DA, 0xF71B, 0xF71B, 0xF73B, 0xEF5C, 
  0xEF5C, 0xEF3B, 0xEF3C, 0xEF1B, 0xEF1B, 0xEF3C, 0xEF3C, 0xEF3C, 0xEF3C, 0xE75C, 0xE75C, 0xEF3B, 
  0xEEDA, 0xEEFA, 0xE6FA, 0xEF1B, 0xEEDA, 0xEEDA, 0xEEFB, 0xEEFA, 0xEEB9, 0xEEDA, 0xEEB9, 0xE6DA, 
  0xE71B, 0xE71B, 0xE6DA, 0xE6DA, 0xE6B9, 0xE6DA, 0xE71B, 0xE75C, 0xE77D, 0xDF3C, 0xDEFB, 0xE6DA, 
  0xDEDA, 0xDEFB, 0xDEDA, 0xDF1B, 0xDF3C, 0xD73C, 0xDF5C, 0xDF5D, 0xDF5D, 0xDF5C, 0xDF7D, 0xD71C, 
  0xDF3C, 0xD75C, 0xD75C, 0xDF5C, 0xDF7D, 0xDF5D, 0xDF7D, 0xDF7D, 0xDF5D, 0xDF7D, 0xDF5D, 0xDF5C, 
  0xDF5C, 0xD75C, 0xD75C, 0xDF5D, 0xD73C, 0xCEFB, 0xD73C, 0xD75D, 0xDF5C, 0xDF7D, 0xDF5D, 0xD75C, 
  0xD75C, 0xDF7D, 0xDF5D, 0xDF5C, 0xDF5C, 0xDF5D, 0xDF5D, 0xDF7D, 0xDF7D, 0xD75C, 0xDF7D, 0xD73C, 
  0xD75C, 0xDF5D, 0xD75C, 0xD75D, 0xDF5D, 0xDF7D, 0xDF5D, 0xDF5D, 0xDF5D, 0xDF5D, 0xDF5D, 0xDF5D, 
  0xDF5D, 0xD75C, 0xDF5D, 0xDF5D, 0xDF5D, 0xDF5D, 0xD73C, 0xDF5D, 0xDF5D, 0xD75C, 0xD75C, 0xD73C, 
  0xD75D, 0xD69A, 0xEE37, 0xF699, 0x8C91, 0x6C71, 0x8513, 0x9575, 0x95B6, 0x8DB6, 0x85D6, 0x9E38, 
  0xAE99, 0xAE99, 0xAEB9, 0xAEB9, 0xAEB9, 0xAE99, 0xA678, 0x9E79, 0x85F6, 0x8E37, 0x9637, 0x9637, 
  0x9E78, 0xA699, 0x9E78, 0x9E78, 0xA699, 0xA699, 0x8E17, 0x9E58, 0xAE99, 0xA699, 0xA679, 0xA678, 
  0xFE37, 0xFE37, 0xFE37, 0xFE78, 0xFE78, 0xFE78, 0xFE58, 0xFE57, 0xFE78, 0xFE98, 0xFE98, 0xFE98, 
  0xFE58, 0xFE57, 0xFE78, 0xFE78, 0xFE78, 0xFE98, 0xFE98, 0xFE78, 0xFEB9, 0xFE99, 0xFE77, 0xFE57, 
  0xFE78, 0xFE78, 0xFE78, 0xFE98, 0xFE98, 0xFE98, 0xFE99, 0xFE78, 0xEE17, 0xFEB9, 0xC513, 0xB533, 
  0xC575, 0xCDD6, 0xDE17, 0xEE78, 0xF6BA, 0xFF3B, 0xFF5C, 0xFF5C, 0xFF3C, 0xFF3C, 0xFF3C, 0xFF5C, 
  0xFF3B, 0xFF3C, 0xFF5C, 0xFF1B, 0xFF3B, 0xFF3B, 0xFF1B, 0xFF3B, 0xFF3B, 0xFF1B, 0xFF3B, 0xFF3B, 
  0xFF3B, 0xFF3B, 0xFF1B, 0xFF3B, 0xFF3B, 0xFF3B, 0xFF3C, 0xFF3C, 0xFF3C, 0xFF1B, 0xFEDA, 0xFEFA, 
  0xFF1B, 0xFEBA, 0xFEDA, 0xFEFA, 0xFEDA, 0xFEFB, 0xFEFB, 0xFF1B, 0xF75C, 0xF73C, 0xF71B, 0xF73C, 
  0xF75C, 0xF77C, 0xF77C, 0xF75C, 0xF71B, 0xF6DA, 0xFEFA, 0xF6B9, 0xF71B, 0xF73B, 0xF71B, 0xEF5C, 
  0xEF5C, 0xEF3B, 0xEF1B, 0xF6FB, 0xEF1B, 0xEF3C, 0xEF3C, 0xEF3C, 0xEF3C, 0xEF5C, 0xE75C, 0xE71B, 
  0xEEDA, 0xEEFB, 0xEF1B, 0xE6FB, 0xE6FB, 0xEEFA, 0xEEFA, 0xE6FA, 0xEEB9, 0xEEB9, 0xE6DA, 0xE6FB, 
  0xE6FB, 0xE6FB, 0xE6DA, 0xE6DA, 0xE6DA, 0xE6DA, 0xE6DA, 0xE6DA, 0xDF1B, 0xDF7D, 0xDF3C, 0xDEDA, 
  0xDEDA, 0xDEDA, 0xDEFA, 0xDF1B, 0xD73C, 0xD73C, 0xDF5C, 0xDF5D, 0xDF5D, 0xDF5C, 0xDF5C, 0xDF3C, 
  0xDF5C, 0xDF5C, 0xD73C, 0xDF5C, 0xDF5C, 0xE77D, 0xDF7D, 0xDF5C, 0xD73C, 0xD75C, 0xD75C, 0xE77D, 
  0xE77D, 0xDF5C, 0xD75C, 0xD75C, 0xD75C, 0xC6DA, 0xD73C, 0xD75C, 0xDF5C, 0xDF5D, 0xDF5D, 0xDF5D, 
  0xDF7D, 0xD75C, 0xDF5C, 0xDF5D, 0xDF5D, 0xD75D, 0xDF7D, 0xDF7D, 0xDF5D, 0xD73C, 0xDF7D, 0xDF5C, 
  0xD73C, 0xD75C, 0xDF5D, 0xDF7D, 0xD75D, 0xD75C, 0xCEFB, 0xD75D, 0xD75D, 0xD75D, 0xDF5D, 0xDF5D, 
  0xDF5D, 0xCF1C, 0xDF5D, 0xDF5D, 0xDF7D, 0xDF7D, 0xDF5D, 0xDF3C, 0xDF5D, 0xD73C, 0xD73C, 0xD73C, 
  0xD75D, 0xD699, 0xEE37, 0xFE99, 0x8C91, 0x6C71, 0x7CF3, 0x8D54, 0x9596, 0x8DB6, 0x7D95, 0x9E78, 
  0xAEB9, 0xAEB9, 0xA679, 0xA679, 0xAE99, 0xA658, 0xA699, 0x9E58, 0x9658, 0xA699, 0xAE99, 0xA699, 
  0xA699, 0xA679, 0x9658, 0x9637, 0xA679, 0xA679, 0x8616, 0x9638, 0xAEBA, 0xAEB9, 0xAEB9, 0xA679, 
  0xFE37, 0xFE57, 0xFE57, 0xFE57, 0xFE58, 0xFE78, 0xFE77, 0xFE77, 0xFE98, 0xFE78, 0xFE36, 0xFE78, 
  0xFE78, 0xFE57, 0xFE57, 0xFE57, 0xFE57, 0xFE78, 0xFE78, 0xFE78, 0xFE78, 0xFE99, 0xFEB9, 0xFE78, 
  0xFE57, 0xFE78, 0xFE98, 0xFE98, 0xFE78, 0xFE58, 0xFE99, 0xFE78, 0xEE17, 0xFEB9, 0xC513, 0xB534, 
  0xC575, 0xCDD6, 0xDE38, 0xE699, 0xF6DA, 0xFF3B, 0xFF5C, 0xFF5C, 0xFF5C, 0xFF5C, 0xFF5C, 0xFF3C, 
  0xFF3B, 0xFF5C, 0xFF3B, 0xFF1B, 0xFF3B, 0xFF3B, 0xFF3B, 0xFEFB, 0xFF1B, 0xFEFB, 0xFF1B, 0xFF3B, 
  0xFF3B, 0xFF1B, 0xFF1B, 0xFF1B, 0xFF1B, 0xFF1B, 0xFF3B, 0xFF5C, 0xFF1B, 0xFEB9, 0xFEDA, 0xFF1B, 
  0xFEDA, 0xFE99, 0xFF1B, 0xFF3B, 0xFEDB, 0xFEFB, 0xFEFB, 0xFEDA, 0xFEFA, 0xFF1B, 0xFEDA, 0xF71B, 
  0xF75C, 0xF77D, 0xF77D, 0xF75D, 0xF75C, 0xF6FA, 0xF71B, 0xF6FA, 0xF6FA, 0xF6FA, 0xF6DA, 0xF6FB, 
  0xEF5C, 0xEF5C, 0xF6FB, 0xF6DA, 0xF6DA, 0xEF1B, 0xEF3C, 0xEF3C, 0xEF3C, 0xEF5C, 0xE75C, 0xEF3B, 
  0xEEFA, 0xEF1B, 0xEF1B, 0xEEFB, 0xEF3C, 0xE71B, 0xE6FB, 0xE6FB, 0xE6DA, 0xE6DA, 0xE6FA, 0xE6FB, 
  0xE6FB, 0xE6FB, 0xE6DA, 0xE6FB, 0xE73C, 0xDEFB, 0xE6DA, 0xE6DA, 0xE6BA, 0xDF3C, 0xDF5C, 0xDF1B, 
  0xDEDA, 0xDEDA, 0xDEDA, 0xDEFB, 0xDF1B, 0xDF3C, 0xDF5C, 0xDF5D, 0xDF5C, 0xDF5C, 0xD73C, 0xDF5C, 
  0xDF5C, 0xD71B, 0xD73C, 0xDF5C, 0xDF5C, 0xDF7D, 0xDF7D, 0xDF5D, 0xDF5D, 0xDF5C, 0xDF7D, 0xE79E, 
  0xE79E, 0xDF5D, 0xD73C, 0xDF7D, 0xDF7D, 0xD73C, 0xD73C, 0xD75C, 0xD73C, 0xD75C, 0xD73C, 0xDF5D, 
  0xDF7D, 0xD75D, 0xDF7D, 0xDF5D, 0xDF5D, 0xD75D, 0xD73C, 0xD73C, 0xDF5C, 0xDF5C, 0xDF5C, 0xDF7D, 
  0xD75C, 0xD75C, 0xD75C, 0xD75C, 0xD75C, 0xDF5D, 0xCF1B, 0xC6FB, 0xCF1C, 0xD73C, 0xD75D, 0xD75C, 
  0xDF5D, 0xD75C, 0xDF5D, 0xDF7D, 0xDF5D, 0xD73C, 0xDF5D, 0xDF5D, 0xD75C, 0xCF3C, 0xD73C, 0xD73C, 
  0xD77D, 0xD699, 0xEE17, 0xF699, 0x94B2, 0x6C71, 0x74B2, 0x8534, 0x8D75, 0x8D95, 0x8DD6, 0x9617, 
  0xA678, 0xAEBA, 0xA679, 0xAE99, 0xAE99, 0x9E78, 0xA699, 0xAE99, 0xAE99, 0xAE99, 0xA699, 0xAE99, 
  0xAE99, 0xA699, 0xA679, 0xA679, 0x9E78, 0xA699, 0xAE99, 0xAEB9, 0xAEB9, 0xAE99, 0xAEB9, 0x9E58, 
  0xFE78, 0xFE98, 0xFE77, 0xFE57, 0xFE57, 0xFE78, 0xFE98, 0xFE98, 0xFE78, 0xFE57, 0xFE36, 0xFE57, 
  0xFE57, 0xFE57, 0xFE37, 0xFE77, 0xFE77, 0xFE57, 0xFE57, 0xFE78, 0xFE78, 0xFE98, 0xFE99, 0xFE99, 
  0xFE78, 0xFE98, 0xFE98, 0xFE98, 0xFE99, 0xFE78, 0xFE99, 0xFE78, 0xEE17, 0xFEB9, 0xC533, 0xB513, 
  0xC575, 0xCDD6, 0xDE38, 0xE699, 0xF6DA, 0xFF1B, 0xFF5C, 0xFF5C, 0xFF3C, 0xFF3C, 0xFF3C, 0xFF3B, 
  0xFF3B, 0xFF5C, 0xFF1B, 0xFF1B, 0xFF1B, 0xFF3B, 0xFF3B, 0xFEFB, 0xFF1B, 0xFF3B, 0xFF1B, 0xFF1B, 
  0xFF3B, 0xFF1B, 0xFF1B, 0xFEFB, 0xFF1B, 0xFF3C, 0xFF5C, 0xFF1B, 0xFE99, 0xFEDA, 0xFF1B, 0xFEFA, 
  0xFE99, 0xFEFA, 0xFF1B, 0xFF3B, 0xFF3B, 0xFEFB, 0xFEDA, 0xFEDA, 0xFEFB, 0xFEFB, 0xFEFB, 0xF6FB, 
  0xF6FA, 0xF75C, 0xF77C, 0xF77C, 0xF77C, 0xF75C, 0xF73C, 0xF6DA, 0xF6B9, 0xF6FA, 0xF6DA, 0xF6DA, 
  0xF73C, 0xEF1B, 0xF6FB, 0xF6DA, 0xF6BA, 0xEF1B, 0xEF5C, 0xEF5C, 0xEF5C, 0xEF5C, 0xEF3C, 0xEF1B, 
  0xEEFA, 0xEF3B, 0xEF3C, 0xEF1B, 0xE73C, 0xE73C, 0xE73C, 0xE73C, 0xEF3C, 0xE6FA, 0xE6DA, 0xE6DA, 
  0xE6FA, 0xE71A, 0xE6FA, 0xE71B, 0xE73B, 0xE6FB, 0xE6DB, 0xE6FB, 0xDEFB, 0xDF3C, 0xDF5D, 0xDF1B, 
  0xDEB9, 0xE6B9, 0xDED9, 0xDEB9, 0xDEDA, 0xDF1B, 0xDF5C, 0xDF5D, 0xD73C, 0xD73C, 0xD73C, 0xD73C, 
  0xDF5C, 0xD73C, 0xD75C, 0xD75C, 0xD75C, 0xDF5D, 0xDF7D, 0xE77D, 0xE77D, 0xE77D, 0xE79D, 0xE79D, 
  0xDF7D, 0xD75C, 0xD73C, 0xD73C, 0xDF7D, 0xD75C, 0xCF1B, 0xD73C, 0xD73C, 0xDF7D, 0xDF5D, 0xDF7D, 
  0xDF7D, 0xDF7D, 0xD75C, 0xD75C, 0xD73C, 0xDF7D, 0xDF5D, 0xDF5D, 0xDF5D, 0xDF7D, 0xDF5D, 0xDF5D, 
  0xDF5C, 0xD75C, 0xD75C, 0xD75C, 0xD75C, 0xD75C, 0xD75C, 0xCF1B, 0xCF3C, 0xD75C, 0xD73C, 0xD75C, 
  0xD75C, 0xD75C, 0xD75C, 0xDF5D, 0xD73C, 0xD73C, 0xD75C, 0xD75C, 0xD75C, 0xCF3C, 0xD73C, 0xD73C, 
  0xD75D, 0xD679, 0xEE17, 0xF699, 0x94B2, 0x7491, 0x74B2, 0x8534, 0x9575, 0x95D6, 0x95F7, 0x9E37, 
  0xA699, 0x9E79, 0xAEBA, 0xAE99, 0xAEB9, 0xAE99, 0xAE99, 0xAE99, 0xA699, 0xA678, 0xAE99, 0xA699, 
  0xAE99, 0xAE99, 0xAE99, 0xAE99, 0x9E58, 0xA679, 0xAE79, 0xAE99, 0xAEB9, 0xAEB9, 0xA699, 0x9E78, 
  0xFE78, 0xFE78, 0xFE57, 0xFE57, 0xFE57, 0xFE58, 0xFE78, 0xFE78, 0xFE78, 0xFE36, 0xFE37, 0xFE37, 
  0xFE37, 0xFE57, 0xFE37, 0xFE57, 0xFE78, 0xFE57, 0xFE57, 0xFE57, 0xFE98, 0xFEB9, 0xFE99, 0xFE99, 
  0xFEB9, 0xFEB9, 0xFE99, 0xFE99, 0xFE99, 0xFE98, 0xFE99, 0xFE78, 0xEE17, 0xFEB9, 0xC533, 0xB513, 
  0xC575, 0xCDD6, 0xDE38, 0xE699, 0xF6DA, 0xFF1B, 0xFF5C, 0xFF5C, 0xFF5C, 0xFF5C, 0xFF5C, 0xFF5C, 
  0xFF3B, 0xFF5C, 0xFF3B, 0xFF1B, 0xFF1B, 0xFF3C, 0xFF3B, 0xFF3B, 0xFF1B, 0xFF3B, 0xFF1B, 0xFF1B, 
  0xFF5B, 0xFF3B, 0xFF3B, 0xFF3B, 0xFF5C, 0xFF5C, 0xFF1B, 0xFE99, 0xFEB9, 0xFF1B, 0xFF1A, 0xFED9, 
  0xFEB9, 0xFF1B, 0xFF3C, 0xFF3C, 0xFF5C, 0xFF3B, 0xFEFB, 0xFEDA, 0xFEFB, 0xFF1B, 0xF75C, 0xF75B, 
  0xF6FA, 0xF71B, 0xF75C, 0xF73B, 0xF73C, 0xF75C, 0xF73B, 0xF6FA, 0xF6BA, 0xF71B, 0xF73B, 0xF6FA, 
  0xF71B, 0xEF3B, 0xEF3B, 0xF73C, 0xEF3C, 0xEF5C, 0xEF5C, 0xEF5C, 0xEF5C, 0xEF5C, 0xEF5C, 0xE73B, 
  0xEF3C, 0xEF3B, 0xEF1B, 0xEF1B, 0xE73B, 0xE75C, 0xE73C, 0xE73C, 0xE73C, 0xE71B, 0xE71B, 0xE6FB, 
  0xE6FA, 0xE71B, 0xE6FB, 0xE6FA, 0xE6FA, 0xE6FA, 0xE6FA, 0xDF1B, 0xE71B, 0xDF3C, 0xDF3C, 0xDF3B, 
  0xDF1A, 0xDEDA, 0xDEDA, 0xE6DA, 0xE6DA, 0xDEDA, 0xDF1B, 0xD73C, 0xDF5C, 0xDF5D, 0xD73C, 0xD71C, 
  0xD71C, 0xD75C, 0xD75C, 0xD75C, 0xD75C, 0xDF5C, 0xDF7D, 0xE77D, 0xE79E, 0xE79D, 0xE79D, 0xE79D, 
  0xD75C, 0xD73C, 0xD75C, 0xD73C, 0xD75D, 0xDF7D, 0xD75C, 0xD73C, 0xD75C, 0xDF7D, 0xDF7D, 0xDF7D, 
  0xDF7D, 0xDF7D, 0xD73C, 0xD73C, 0xD75C, 0xDF7D, 0xDF7D, 0xDF7D, 0xDF5D, 0xD73C, 0xDF5D, 0xDF5D, 
  0xDF7D, 0xDF5D, 0xDF5D, 0xD75C, 0xD75C, 0xD75C, 0xD75D, 0xD73C, 0xCF1C, 0xCF3C, 0xCF1C, 0xCF3C, 
  0xD73C, 0xD73C, 0xD73C, 0xCF3C, 0xD73C, 0xD73C, 0xD73C, 0xD75C, 0xCF3C, 0xD73C, 0xD75C, 0xD73C, 
  0xCF3C, 0xCE79, 0xF637, 0xF699, 0x8CB1, 0x7C92, 0x7CD3, 0x8514, 0x9595, 0x9DD6, 0x95F6, 0xA678, 
  0xA699, 0x7DD6, 0x9E58, 0xA699, 0x9658, 0xAE99, 0xAEB9, 0xA699, 0x9E58, 0x9637, 0xAEBA, 0xAE79, 
  0xAE99, 0xAE99, 0xAE99, 0xAE99, 0xA679, 0xAE99, 0xB6BA, 0xB69A, 0xAEBA, 0xAEB9, 0xAE99, 0xAEB9, 
  0xFE78, 0xFE58, 0xFE57, 0xFE57, 0xFE57, 0xFE58, 0xFE58, 0xFE78, 0xFE98, 0xFE78, 0xFE78, 0xFE37, 
  0xFE57, 0xFE98, 0xFE57, 0xFE57, 0xFE77, 0xFE57, 0xFE77, 0xFE57, 0xFE98, 0xFEB9, 0xFEB9, 0xFE99, 
  0xFEB9, 0xFEB9, 0xFEB9, 0xFEB9, 0xFEB9, 0xFE99, 0xFE78, 0xFE78, 0xEE17, 0xFEB9, 0xC533, 0xB513, 
  0xC575, 0xCDD7, 0xDE38, 0xE699, 0xF6FA, 0xFF3B, 0xFF5C, 0xFF5C, 0xFF5C, 0xFF5C, 0xFF5C, 0xFF5C, 
  0xFF5C, 0xFF3B, 0xFF1B, 0xFF3B, 0xFF1B, 0xFF1B, 0xFF3B, 0xFF1B, 0xFF3B, 0xFF3B, 0xFF1B, 0xFF1B, 
  0xFF3B, 0xFF5B, 0xFF3B, 0xFF3C, 0xFF5B, 0xFF3B, 0xFF1B, 0xFEBA, 0xFEDA, 0xFEFA, 0xFEFA, 0xFEB9, 
  0xFEDA, 0xFF1A, 0xFF3C, 0xFF3C, 0xFF3C, 0xFF1B, 0xFF1B, 0xFEDA, 0xFEFB, 0xFF1B, 0xF71B, 0xF73B, 
  0xF71B, 0xF6FB, 0xF73B, 0xF71B, 0xF6FB, 0xF73B, 0xF73C, 0xF73C, 0xF73B, 0xF73B, 0xEF5C, 0xEF1B, 
  0xF6FB, 0xEF1B, 0xF73C, 0xEF3B, 0xEF3B, 0xEF3C, 0xEF5C, 0xEF5C, 0xEF5C, 0xEF5C, 0xEF7C, 0xE75C, 
  0xE73C, 0xEF3C, 0xEEFB, 0xEF3C, 0xE73C, 0xE75C, 0xE75C, 0xE75C, 0xE75C, 0xE73C, 0xE73C, 0xE73C, 
  0xE73C, 0xE71B, 0xE71B, 0xE6FB, 0xE6FB, 0xE71B, 0xE6FB, 0xE6FB, 0xE6DA, 0xDEDA, 0xDF3C, 0xDF5C, 
  0xDF1B, 0xDEFA, 0xDEFA, 0xE6DA, 0xDEB9, 0xDEB9, 0xDEDA, 0xDEFB, 0xDF5C, 0xDF5C, 0xDF3C, 0xD73C, 
  0xD73C, 0xD75C, 0xD73C, 0xD75C, 0xD75C, 0xDF5C, 0xDF7D, 0xE77D, 0xE77D, 0xE79D, 0xEF9D, 0xE77D, 
  0xD75C, 0xD73C, 0xD75C, 0xD73C, 0xD73C, 0xD75C, 0xDF5D, 0xDF5C, 0xDF7D, 0xDF7D, 0xDF7D, 0xDF7D, 
  0xD75C, 0xDF5D, 0xDF7D, 0xDF7D, 0xDF7D, 0xDF7D, 0xDF7D, 0xDF5C, 0xD73C, 0xD73C, 0xDF5D, 0xDF5C, 
  0xDF7D, 0xDF7D, 0xDF7D, 0xDF7D, 0xD75C, 0xD75C, 0xD75C, 0xD75C, 0xC6DA, 0xCF1B, 0xCF1C, 0xD73C, 
  0xD73C, 0xD73C, 0xCF5C, 0xC71B, 0xCF3C, 0xD75D, 0xD73C, 0xCF3C, 0xC73B, 0xCF3C, 0xCF1C, 0xCF1C, 
  0xCF3C, 0xCE59, 0xEE37, 0xFE99, 0x8450, 0x7492, 0x7CF3, 0x74F2, 0x9575, 0x95D6, 0x95F6, 0xA679, 
  0xAEB9, 0x85F6, 0x9637, 0xAEB9, 0xA678, 0xA679, 0xAE99, 0xAE99, 0xB6BA, 0xB6BA, 0xB699, 0xB6BA, 
  0xAE99, 0xAE99, 0xB69A, 0xAEBA, 0xBEDA, 0xB6BA, 0xB6BA, 0xBEDA, 0xB6BA, 0xAE99, 0xB6BA, 0xB6BA, 
  0xFE78, 0xFE58, 0xFE58, 0xFE58, 0xFE78, 0xFE78, 0xFE78, 0xFE58, 0xFE78, 0xFE79, 0xFE99, 0xFE98, 
  0xFE98, 0xFE98, 0xFE57, 0xFE57, 0xFE78, 0xFE77, 0xFE77, 0xFE57, 0xFE78, 0xFE98, 0xFE98, 0xFE99, 
  0xFEB9, 0xFEB9, 0xFEB9, 0xFEB9, 0xFEB9, 0xFEB9, 0xFE99, 0xF678, 0xEE17, 0xFEB9, 0xC533, 0xBD13, 
  0xC575, 0xCDD6, 0xDE38, 0xE699, 0xF6DA, 0xFF3B, 0xFF5C, 0xFF5C, 0xFF5C, 0xFF5C, 0xFF5C, 0xFF5C, 
  0xFF3C, 0xFF3B, 0xFF1B, 0xFF3B, 0xFF1B, 0xFEDA, 0xFF1B, 0xFF1B, 0xFF1B, 0xFF1B, 0xFF1B, 0xFF1B, 
  0xFF1B, 0xFF5B, 0xFF3B, 0xFF3B, 0xFF1B, 0xFF3C, 0xFF3B, 0xFEBA, 0xFEB9, 0xFEFA, 0xFEFA, 0xFF1B, 
  0xFEFB, 0xFEDA, 0xFEFB, 0xFF1B, 0xFF3B, 0xFF3B, 0xFF1B, 0xFF1B, 0xFF1B, 0xFEFA, 0xFEFA, 0xFEDA, 
  0xFEDA, 0xFEDA, 0xF6DA, 0xFEFB, 0xF6DA, 0xF6DA, 0xF73B, 0xF73B, 0xF71B, 0xF71B, 0xF71B, 0xEF3B, 
  0xF73C, 0xEF1C, 0xF73C, 0xEF1B, 0xEEDA, 0xF6DA, 0xEF1B, 0xEF5C, 0xEF5C, 0xE77C, 0xE77D, 0xE77D, 
  0xE75C, 0xE75C, 0xE77D, 0xE77D, 0xE77D, 0xE77D, 0xE77D, 0xE77D, 0xE75D, 0xE77D, 0xE75D, 0xE75C, 
  0xDF3C, 0xE73C, 0xE71B, 0xE6FB, 0xE6FA, 0xE6FA, 0xDEFA, 0xDF3B, 0xDF1B, 0xE6DA, 0xDF3B, 0xDF5C, 
  0xDF1C, 0xDEFB, 0xDEFA, 0xDEFA, 0xDEDA, 0xDEDA, 0xDEDA, 0xDEDA, 0xD71B, 0xD75C, 0xD71B, 0xD71B, 
  0xD73C, 0xD71B, 0xD71B, 0xD75C, 0xD75C, 0xD75C, 0xDF7D, 0xE79D, 0xE79D, 0xEF9D, 0xE77D, 0xE77D, 
  0xDF7D, 0xDF5C, 0xDF5C, 0xD73C, 0xD75C, 0xDF5D, 0xDF5C, 0xDF5C, 0xE79D, 0xDF7D, 0xE77D, 0xDF5C, 
  0xD73C, 0xD75C, 0xDF7D, 0xDF7D, 0xDF7D, 0xE79D, 0xDF7D, 0xDF5C, 0xDF5C, 0xDF5C, 0xDF5C, 0xDF7D, 
  0xE79D, 0xDF5D, 0xD75C, 0xD75D, 0xD75D, 0xD75C, 0xD75C, 0xD75D, 0xD73C, 0xC6FB, 0xD75C, 0xD73C, 
  0xD73C, 0xD73C, 0xCF3C, 0xCF1B, 0xD75C, 0xD75C, 0xCF3C, 0xC71B, 0xBEFB, 0xC71B, 0xC6FB, 0xCF1B, 
  0xCF5C, 0xC658, 0xEE37, 0xFE99, 0x7C70, 0x53EF, 0x8513, 0x8D54, 0x8D75, 0x8DB6, 0x9E18, 0xAE79, 
  0xB6BA, 0x9E58, 0x9E58, 0xB6BA, 0xB6BA, 0xB6BA, 0xAE99, 0xB699, 0xB6BA, 0xB699, 0xB69A, 0xB6BA, 
  0xAE99, 0xB69A, 0xA679, 0xA679, 0xC6FB, 0xB699, 0xA699, 0xB6BA, 0xB6BA, 0xAE99, 0xAE99, 0xB6BA, 
  0xFE78, 0xFE78, 0xFE78, 0xFE58, 0xFE58, 0xFE78, 0xFE78, 0xFE57, 0xFE78, 0xFE78, 0xFE78, 0xFE78, 
  0xFE98, 0xFE98, 0xFE78, 0xFE78, 0xFE98, 0xFE57, 0xFE57, 0xFE57, 0xFE78, 0xFE78, 0xFE78, 0xFE98, 
  0xFEB9, 0xFEB9, 0xFEB9, 0xFEB9, 0xFEB9, 0xFEB9, 0xFEB9, 0xF678, 0xEE17, 0xFEB9, 0xC533, 0xB513, 
  0xC575, 0xCDD6, 0xDE38, 0xE699, 0xF6DA, 0xFF1B, 0xFF3C, 0xFF3B, 0xFF5C, 0xFF5C, 0xFF5C, 0xFF5C, 
  0xFF3C, 0xFF1B, 0xFEFB, 0xFF1B, 0xFF1B, 0xFF1B, 0xFF1B, 0xFEFB, 0xFF1B, 0xFF3B, 0xFF3B, 0xFF3B, 
  0xFF3B, 0xFF1B, 0xFF1B, 0xFF3B, 0xFF1B, 0xFF3C, 0xFF1B, 0xFEB9, 0xFEB9, 0xFED9, 0xFF1A, 0xFF3B, 
  0xFF1B, 0xFF1B, 0xFF1B, 0xFEFB, 0xFEFB, 0xFEFB, 0xFF1B, 0xFF1B, 0xFF1B, 0xFEDA, 0xFEFA, 0xFEDA, 
  0xFEBA, 0xFEFA, 0xFEFA, 0xFEFB, 0xFEDA, 0xFEBA, 0xF71B, 0xF6FA, 0xF6FA, 0xF6FA, 0xF6DA, 0xF71B, 
  0xEF3C, 0xEF3C, 0xEF5C, 0xEF3C, 0xF71B, 0xF6DA, 0xF6DA, 0xEF1B, 0xEF5C, 0xE77D, 0xE79D, 0xE77D, 
  0xE77D, 0xE77D, 0xE77D, 0xE77D, 0xE77D, 0xE77D, 0xE77D, 0xE77D, 0xE77D, 0xE77D, 0xE77D, 0xE77D, 
  0xE75D, 0xE73C, 0xE71C, 0xE71B, 0xE6FB, 0xE6FB, 0xE6FA, 0xDEFB, 0xDF3B, 0xE6DA, 0xDF1B, 0xDF3C, 
  0xDF3B, 0xDF1B, 0xDF1B, 0xDF3B, 0xDEFA, 0xDEDA, 0xDEFB, 0xDEDA, 0xDF1B, 0xDF3C, 0xDF3B, 0xD71B, 
  0xDF3B, 0xD6FB, 0xD71B, 0xD75C, 0xD75C, 0xD75C, 0xDF5D, 0xE79D, 0xEF9D, 0xE77D, 0xDF7D, 0xE77D, 
  0xDF7D, 0xDF5C, 0xDF5D, 0xDF7D, 0xD75C, 0xDF5D, 0xDF5C, 0xDF5D, 0xDF7D, 0xDF7D, 0xE79D, 0xDF5C, 
  0xD75C, 0xDF5C, 0xDF5C, 0xDF5C, 0xDF7D, 0xE77D, 0xDF5D, 0xD75C, 0xDF5C, 0xDF5C, 0xDF5C, 0xDF5D, 
  0xE79D, 0xDF5D, 0xD75C, 0xD75C, 0xD75C, 0xD75C, 0xD75C, 0xD75C, 0xD75C, 0xCF3B, 0xD75C, 0xD73C, 
  0xD73C, 0xD73C, 0xD73C, 0xCF1B, 0xCF1B, 0xD73C, 0xD73C, 0xD75C, 0xD73C, 0xCF3C, 0xCF1B, 0xCF1B, 
  0xD77D, 0xCE79, 0xEE37, 0xF699, 0x8C91, 0x6471, 0x84F3, 0x8D55, 0x95B6, 0x9DF7, 0x9E38, 0xAE79, 
  0xAE99, 0xA678, 0xAEBA, 0xB6BA, 0xB6BA, 0xB6BA, 0xAE99, 0xB6BA, 0xB6BA, 0xBEDB, 0xB6BA, 0xA679, 
  0xAE99, 0xB6DA, 0xBEDA, 0xBEDB, 0xBEDA, 0xB6BA, 0xAEBA, 0x9E58, 0xB6BA, 0xAE99, 0xAE99, 0xB6BA, 
  0xFEB9, 0xFEB9, 0xFE98, 0xFE78, 0xFE58, 0xFE78, 0xFE78, 0xFE78, 0xFE78, 0xFE98, 0xFE78, 0xFE78, 
  0xFE98, 0xFE98, 0xFE78, 0xFE78, 0xFE77, 0xFE57, 0xFE78, 0xFE78, 0xFE98, 0xFE78, 0xFE78, 0xFE98, 
  0xFEB9, 0xFEB9, 0xFEB9, 0xFEB9, 0xFEB9, 0xFEB9, 0xFEB9, 0xFE78, 0xEE17, 0xFEB9, 0xC533, 0xBD13, 
  0xC575, 0xCDD6, 0xDE38, 0xE699, 0xF6FB, 0xFF1B, 0xFF3B, 0xFF1B, 0xFF3C, 0xFF5C, 0xFF5C, 0xFF5C, 
  0xFF3C, 0xFF5C, 0xFF3B, 0xFF1B, 0xFF1B, 0xFF1B, 0xFF3B, 0xFF1B, 0xFF3B, 0xFF3B, 0xFF3B, 0xFF3B, 
  0xFF3B, 0xFF1B, 0xFF1B, 0xFF1B, 0xFF3B, 0xFF3C, 0xFEFA, 0xFE99, 0xFEBA, 0xFF1B, 0xFF3C, 0xFF3B, 
  0xFF1B, 0xFF1B, 0xFF1B, 0xFEFA, 0xFEDA, 0xFEDA, 0xFF1B, 0xFF3B, 0xFF1B, 0xFEFA, 0xFEFA, 0xFEFB, 
  0xFEDA, 0xFEFA, 0xFEDA, 0xF6FA, 0xF6FB, 0xF6DA, 0xF73C, 0xF75C, 0xF73C, 0xF73B, 0xF71B, 0xF71B, 
  0xEF3C, 0xEF5C, 0xEF7C, 0xEF3C, 0xEF1B, 0xF71B, 0xEEDA, 0xEEFA, 0xEF3C, 0xEF5C, 0xE77D, 0xE77D, 
  0xE79D, 0xE79D, 0xE77D, 0xE77D, 0xE77D, 0xE77D, 0xE77D, 0xE77D, 0xE77D, 0xE75D, 0xE75D, 0xE77D, 
  0xE77D, 0xE77D, 0xE75C, 0xE75C, 0xE77D, 0xE75D, 0xDF5C, 0xDF3C, 0xDF3C, 0xDF3C, 0xDF3C, 0xDF1C, 
  0xDEFB, 0xDF1B, 0xDF3C, 0xD71B, 0xDF1B, 0xDF5C, 0xDF5D, 0xDF5C, 0xD75C, 0xD75C, 0xD75C, 0xDF5D, 
  0xDF5C, 0xD73C, 0xD73B, 0xDF5C, 0xDF5C, 0xDF5C, 0xDF5C, 0xE77D, 0xEF9D, 0xE77D, 0xDF5C, 0xDF7D, 
  0xDF5D, 0xDF5D, 0xDF7D, 0xDF5C, 0xD73C, 0xDF5D, 0xDF7D, 0xDF7D, 0xDF7D, 0xDF7D, 0xE79D, 0xDF7D, 
  0xDF7D, 0xDF7D, 0xDF7D, 0xDF5C, 0xD73C, 0xDF5D, 0xDF7D, 0xDF5C, 0xDF5C, 0xDF5D, 0xDF5C, 0xDF5C, 
  0xE77D, 0xDF7D, 0xD75C, 0xD75C, 0xD75C, 0xD75C, 0xD75C, 0xD75C, 0xD75C, 0xC6DA, 0xC71B, 0xD75C, 
  0xD73C, 0xCF1C, 0xCF1C, 0xD75C, 0xC6DB, 0xCF1C, 0xDF7D, 0xD75D, 0xD73C, 0xD75C, 0xD75C, 0xD75C, 
  0xDF7D, 0xD69A, 0xEE37, 0xF699, 0x94B2, 0x84D2, 0x8D13, 0x8D54, 0x9DB6, 0x9DF7, 0x9E17, 0xAE79, 
  0xAE79, 0xAE99, 0xAE99, 0xAE79, 0xB6BA, 0xB6BA, 0xAE99, 0xAE99, 0xBEBA, 0xBEDB, 0xA678, 0xAE99, 
  0xBEDA, 0xBEDB, 0xBEDB, 0xBEDB, 0xB6BA, 0xAE99, 0xB6BA, 0xA679, 0xB6BA, 0xB6BA, 0xBEDA, 0xB6BA, 
  0xFEB9, 0xFEB9, 0xFEB9, 0xFE98, 0xFE57, 0xFE57, 0xFE77, 0xFE78, 0xFE98, 0xFE98, 0xFE98, 0xFE78, 
  0xFE98, 0xFE78, 0xFE78, 0xFE78, 0xFE78, 0xFE77, 0xFE57, 0xFE57, 0xFE57, 0xFE77, 0xFE78, 0xFE78, 
  0xFE98, 0xFE99, 0xFEB9, 0xFE98, 0xFE78, 0xFE99, 0xFE99, 0xF678, 0xEDF7, 0xFEB9, 0xC513, 0xBD13, 
  0xC574, 0xCDD6, 0xDE38, 0xE699, 0xF6FB, 0xFF1B, 0xFF1B, 0xFF3C, 0xFF5C, 0xFF5C, 0xFF5C, 0xFF3C, 
  0xFF3B, 0xFF3C, 0xFF3B, 0xFF1B, 0xFF1B, 0xFF1B, 0xFF3B, 0xFF1B, 0xFF3C, 0xFF3B, 0xFF3B, 0xFF3B, 
  0xFF3B, 0xFF3B, 0xFEFA, 0xFEFA, 0xFF3C, 0xFF3B, 0xFEB9, 0xFE99, 0xFEB9, 0xFF1B, 0xFF3C, 0xFF3C, 
  0xFF1B, 0xFF3B, 0xFF3B, 0xFEFA, 0xFEFB, 0xFF1B, 0xFF3B, 0xFF3C, 0xFF3B, 0xFF3B, 0xFEFB, 0xFEFB, 
  0xFEDA, 0xF73B, 0xF73B, 0xF71B, 0xF6FA, 0xF71B, 0xF75C, 0xF75C, 0xF71B, 0xF6FA, 0xF73B, 0xF75B, 
  0xF75B, 0xEF5C, 0xEF5C, 0xEF5C, 0xEF1B, 0xEEFA, 0xF6FA, 0xEEDA, 0xEEFB, 0xEF3C, 0xE75C, 0xE77D, 
  0xE77D, 0xE79D, 0xE77D, 0xE77D, 0xE79D, 0xE77D, 0xE77D, 0xE77D, 0xE79D, 0xE77D, 0xE77C, 0xE77D, 
  0xE77D, 0xE77D, 0xE77D, 0xE77D, 0xE77D, 0xE77D, 0xDF7D, 0xE77D, 0xDF5D, 0xDF5D, 0xDF5D, 0xDF3C, 
  0xDF3C, 0xDF5C, 0xD73C, 0xD73C, 0xDF3C, 0xDF5C, 0xDF3C, 0xD75C, 0xD75C, 0xD73C, 0xDF5C, 0xDF5C, 
  0xD73C, 0xD73C, 0xD71B, 0xDF3C, 0xDF5C, 0xDF5D, 0xDF5D, 0xE77D, 0xEF9E, 0xDF7D, 0xDF5C, 0xDF7D, 
  0xDF7D, 0xDF7D, 0xDF7D, 0xDF7D, 0xDF7D, 0xE77D, 0xDF7D, 0xDF7D, 0xDF7D, 0xDF5D, 0xDF7D, 0xDF7D, 
  0xDF7D, 0xDF5D, 0xDF7D, 0xDF7D, 0xD75C, 0xDF5C, 0xDF7D, 0xDF7D, 0xDF7D, 0xDF7D, 0xDF5D, 0xDF5C, 
  0xE77D, 0xDF5D, 0xD73C, 0xD75C, 0xD75C, 0xD75C, 0xD75C, 0xD75C, 0xD75C, 0xD73C, 0xC6DA, 0xCF1C, 
  0xD75C, 0xD73C, 0xD73C, 0xD75D, 0xD73C, 0xC6FB, 0xCF1B, 0xCF1B, 0xD73D, 0xDF5D, 0xD75C, 0xD75C, 
  0xD77D, 0xCE79, 0xEE37, 0xF699, 0x94B2, 0x7CB2, 0x8D14, 0x9555, 0x9DB6, 0xA617, 0xA658, 0xAE79, 
  0xAE99, 0xB6B9, 0xAE99, 0xAE79, 0xB6BA, 0xB6B9, 0xAE99, 0xA699, 0xAE99, 0xB69A, 0xB699, 0xB6BA, 
  0xBEBA, 0xBEDA, 0xB699, 0xB699, 0xAE99, 0xA678, 0xAE99, 0xAEBA, 0xBEBA, 0xBEBA, 0xBEBA, 0xB6BA, 
  0xFEB9, 0xFED9, 0xFED9, 0xFEB9, 0xFE58, 0xFE37, 0xFE57, 0xFE58, 0xFE58, 0xFE98, 0xFE98, 0xFE78, 
  0xFE78, 0xFE78, 0xFE98, 0xFE78, 0xFE57, 0xFE57, 0xFE37, 0xFE57, 0xFE57, 0xFE77, 0xFE57, 0xFE57, 
  0xFE98, 0xFEB9, 0xFEB9, 0xFEB9, 0xFE78, 0xFE98, 0xFE98, 0xF637, 0xEE17, 0xFEB9, 0xC513, 0xBD13, 
  0xC554, 0xCDB6, 0xDE38, 0xE699, 0xF6FB, 0xFF3C, 0xFF1B, 0xFF3C, 0xFF5C, 0xFF5C, 0xFF3C, 0xFF3B, 
  0xFF1B, 0xFEFB, 0xFF3B, 0xFF1B, 0xFF1B, 0xFF3B, 0xFF3B, 0xFF1B, 0xFF3B, 0xFF3B, 0xFF3B, 0xFF3B, 
  0xFF3B, 0xFF3B, 0xFEFB, 0xFEDA, 0xFF3B, 0xFF1B, 0xFE99, 0xFE99, 0xFEDA, 0xFF1B, 0xFF3B, 0xFF3C, 
  0xFF3B, 0xFF3B, 0xFF1B, 0xFEFA, 0xFF1B, 0xFF3B, 0xFF3C, 0xFF3C, 0xFF3B, 0xFF1B, 0xFF1B, 0xFF1B, 
  0xFEFA, 0xF75C, 0xF75C, 0xF73B, 0xF71B, 0xF71B, 0xF6FB, 0xF71B, 0xF6FA, 0xF6DA, 0xF6FA, 0xF6FA, 
  0xF71B, 0xF71B, 0xEF5C, 0xEF7C, 0xEF5C, 0xEF1B, 0xF71B, 0xF6DA, 0xF6DA, 0xEEFB, 0xEF5C, 0xEF5C, 
  0xEF5C, 0xEF7D, 0xE77D, 0xE77D, 0xE77D, 0xE77D, 0xE75D, 0xE77D, 0xE79D, 0xE77D, 0xE77D, 0xE77D, 
  0xE77D, 0xE77D, 0xE77D, 0xEF9D, 0xE77D, 0xDF5D, 0xE77D, 0xE79D, 0xE79D, 0xE79D, 0xE79D, 0xDF5C, 
  0xDF5C, 0xDF5D, 0xDF5C, 0xDF5C, 0xD71B, 0xD71B, 0xD71B, 0xD71B, 0xDF1B, 0xD71B, 0xD73C, 0xDF5C, 
  0xDF5C, 0xD73C, 0xD6FB, 0xD73C, 0xDF5C, 0xDF5C, 0xDF5C, 0xE77D, 0xE79D, 0xDF7D, 0xDF7D, 0xDF7D, 
  0xDF5C, 0xDF5C, 0xDF7D, 0xDF7D, 0xDF5D, 0xDF5C, 0xD75C, 0xDF5C, 0xDF5C, 0xDF5C, 0xD73C, 0xDF5D, 
  0xDF7D, 0xDF7D, 0xD75C, 0xDF5D, 0xDF7D, 0xDF5D, 0xDF5C, 0xDF5D, 0xDF7D, 0xDF5D, 0xDF5C, 0xD75C, 
  0xE77D, 0xE77D, 0xDF5D, 0xDF5D, 0xD75C, 0xD75C, 0xD75C, 0xD75C, 0xD75C, 0xDF5D, 0xD75C, 0xC6FA, 
  0xCF3C, 0xD73C, 0xD75C, 0xDF5D, 0xD75C, 0xC6FB, 0xBEFB, 0xC6DA, 0xD73C, 0xD75D, 0xBEFA, 0xB6B9, 
  0xBF1B, 0xC658, 0xEE37, 0xF699, 0x94B2, 0x7CB2, 0x7CD2, 0x8534, 0x9DB6, 0xA617, 0xAE58, 0xB699, 
  0xB6BA, 0xB6BA, 0xB6DA, 0xBEDA, 0xB6DA, 0xB69A, 0xB6BA, 0xB6BA, 0xA679, 0xB6BA, 0xBEBA, 0xB6BA, 
  0xB6BA, 0xBEBA, 0xBEDA, 0xB6BA, 0xB6BA, 0xAE99, 0xB6BA, 0xB6BA, 0xB699, 0xAE99, 0xBEBA, 0xB6BA, 
  0xFEB9, 0xFED9, 0xFED9, 0xFEB9, 0xFE98, 0xFE57, 0xFE37, 0xFE78, 0xFE78, 0xFE78, 0xFE78, 0xFE78, 
  0xFE78, 0xFE98, 0xFE98, 0xFE78, 0xFE37, 0xFE57, 0xFE37, 0xFE57, 0xFE78, 0xFE77, 0xFE57, 0xFE57, 
  0xFE78, 0xFE99, 0xFEB9, 0xFEB9, 0xFE78, 0xFEB9, 0xFE98, 0xFE57, 0xEE17, 0xFEB9, 0xC513, 0xBD13, 
  0xC554, 0xCDB6, 0xDE37, 0xE699, 0xF6FB, 0xFF1B, 0xFF1B, 0xFF3B, 0xFF5C, 0xFF3C, 0xFF3C, 0xFF3B, 
  0xFF1B, 0xFF1B, 0xFF3B, 0xFF3B, 0xFF3C, 0xFF1B, 0xFEFA, 0xFF1B, 0xFF3B, 0xFF3B, 0xFF3B, 0xFF3B, 
  0xFF3B, 0xFF3B, 0xFF1B, 0xFF1B, 0xFF3C, 0xFF1B, 0xFE99, 0xFEB9, 0xFF1B, 0xFF3C, 0xFF1B, 0xFF3C, 
  0xFF3B, 0xFF1B, 0xFF1B, 0xFF1B, 0xFF1B, 0xFF3B, 0xFF3C, 0xFF3B, 0xF71B, 0xFF3B, 0xFEFA, 0xFEFB, 
  0xFEBA, 0xF73B, 0xF73B, 0xF73B, 0xF71B, 0xF71B, 0xF6FA, 0xF6DA, 0xF71B, 0xF6FA, 0xF6BA, 0xF6DA, 
  0xF6BA, 0xF6FA, 0xEF3C, 0xEF5C, 0xEF7C, 0xEF7C, 0xEF5B, 0xEF3B, 0xEF3B, 0xEF3B, 0xEF1B, 0xEF5C, 
  0xEF5C, 0xE73C, 0xE75C, 0xE75C, 0xE77D, 0xE75C, 0xE75C, 0xE77D, 0xE75C, 0xE71C, 0xE75C, 0xDF5C, 
  0xDF3C, 0xE73C, 0xDF5C, 0xE77D, 0xE77D, 0xE77D, 0xEF9E, 0xEF9E, 0xEF9E, 0xE77D, 0xE77D, 0xE77D, 
  0xDF5C, 0xE77D, 0xE77D, 0xDF5C, 0xDF5C, 0xD73B, 0xDEFB, 0xD71B, 0xDF1B, 0xDF3C, 0xD73C, 0xD73C, 
  0xD75C, 0xD73C, 0xD73C, 0xD75C, 0xDF5C, 0xDF7D, 0xDF5C, 0xDF7D, 0xDF7D, 0xDF5D, 0xDF5C, 0xD73C, 
  0xD73C, 0xDF5C, 0xDF5C, 0xDF7D, 0xDF5D, 0xD73C, 0xD75C, 0xDF5C, 0xDF5C, 0xDF5C, 0xDF7D, 0xDF5D, 
  0xD73C, 0xD73C, 0xD75C, 0xDF5D, 0xDF5D, 0xDF5D, 0xDF5D, 0xDF5D, 0xDF7D, 0xDF7D, 0xD75C, 0xD75C, 
  0xE77D, 0xE79E, 0xE77D, 0xDF7D, 0xD75C, 0xD75C, 0xD75C, 0xDF5D, 0xDF7D, 0xDF7D, 0xDF5D, 0xD75C, 
  0xD73C, 0xD73C, 0xD73C, 0xD75D, 0xD75C, 0xCF3C, 0xCF1B, 0xBEDA, 0xCF3C, 0xC6FB, 0xB6BA, 0xB6BA, 
  0xC71B, 0xD699, 0xEE37, 0xF699, 0x8C91, 0x74B2, 0x74B2, 0x8D54, 0x9DB6, 0xAE38, 0xAE59, 0xB699, 
  0xB6BA, 0xB6BA, 0xB6BA, 0xB6DA, 0xB6BA, 0xB6BA, 0xAEBA, 0xB6BA, 0xB6BA, 0xB6BA, 0xB69A, 0xAE79, 
  0xBEBA, 0xB6BA, 0xBEDA, 0xB6BA, 0xB6DA, 0xAE99, 0xB6BA, 0xB6BA, 0xAE99, 0xAE99, 0xAE99, 0xAE99, 
  0xFEB9, 0xFED9, 0xFED9, 0xFED9, 0xFEB9, 0xFE78, 0xFE57, 0xFE78, 0xFE78, 0xFE78, 0xFE78, 0xFE98, 
  0xFE98, 0xFE98, 0xFE98, 0xFE78, 0xFE57, 0xFE98, 0xFE77, 0xFE57, 0xFE57, 0xFE57, 0xFE78, 0xFE78, 
  0xFE78, 0xFE99, 0xFEB9, 0xFE99, 0xFE78, 0xFE99, 0xFE99, 0xFE58, 0xEE17, 0xFEB9, 0xC513, 0xBD13, 
  0xC554, 0xCDB6, 0xDE17, 0xE699, 0xF6FA, 0xFF1B, 0xFF1B, 0xFF3C, 0xFF5C, 0xFF3C, 0xFF3C, 0xFF3C, 
  0xFF3B, 0xFF3C, 0xFF1B, 0xFF3C, 0xFF3C, 0xFF1C, 0xFEFB, 0xFF1B, 0xFF3B, 0xFF3B, 0xFF3B, 0xFF1B, 
  0xFF3B, 0xFF3B, 0xFF1B, 0xFF1A, 0xFF3B, 0xFEFA, 0xFE99, 0xFEFB, 0xFF3C, 0xFF1C, 0xFF1B, 0xFF1B, 
  0xFF1B, 0xFF1B, 0xFF1B, 0xFF1B, 0xFF3B, 0xFF3B, 0xFF3B, 0xFF3B, 0xFF3B, 0xFF3B, 0xFEFA, 0xFEFB, 
  0xFEDA, 0xFF1B, 0xF6FB, 0xF71B, 0xF71B, 0xF6FB, 0xF71B, 0xF6DA, 0xF6DA, 0xF6FB, 0xF6DA, 0xF6FA, 
  0xF71B, 0xEEFB, 0xEF3B, 0xEF5C, 0xEF5C, 0xEF5D, 0xEF5C, 0xEF5C, 0xEF5C, 0xEF5C, 0xEF3C, 0xEF5C, 
  0xEF3C, 0xEF3C, 0xE73C, 0xE75C, 0xE77C, 0xE75C, 0xE77C, 0xE77D, 0xE71B, 0xE71B, 0xE75C, 0xE77D, 
  0xE73C, 0xE71B, 0xE73C, 0xDF3B, 0xDF3C, 0xE75C, 0xE79D, 0xEF9E, 0xEF9E, 0xE79D, 0xE77D, 0xE77D, 
  0xDF7C, 0xE77D, 0xE77D, 0xDF7D, 0xDF7D, 0xD75C, 0xDF3C, 0xDF3C, 0xDF5C, 0xDF7D, 0xDF7D, 0xDF5C, 
  0xD75C, 0xD75C, 0xD71B, 0xD73B, 0xD75C, 0xDF5D, 0xE77D, 0xE77D, 0xDF5D, 0xD73C, 0xDF5D, 0xDF5C, 
  0xDF5C, 0xD75C, 0xDF5C, 0xDF7D, 0xDF7D, 0xDF7D, 0xDF7D, 0xDF7D, 0xDF5D, 0xDF5D, 0xDF7D, 0xDF5D, 
  0xD75C, 0xD73C, 0xCF1B, 0xCF1C, 0xD75C, 0xD75D, 0xD73C, 0xD75C, 0xDF5D, 0xDF7D, 0xDF5D, 0xD75C, 
  0xE79D, 0xEF9E, 0xEF9D, 0xDF5C, 0xD73C, 0xD75C, 0xDF5C, 0xDF5D, 0xDF5D, 0xD75C, 0xD75C, 0xD75C, 
  0xCEFB, 0xD73C, 0xD73C, 0xD73C, 0xD73C, 0xD73C, 0xD75C, 0xCF3C, 0xCF3C, 0xCF1C, 0xCF3C, 0xC6FB, 
  0xD75D, 0xDE9A, 0xEE37, 0xF699, 0x8CB1, 0x7492, 0x8D13, 0x9575, 0x9DB6, 0xAE38, 0xAE79, 0xB699, 
  0xB6BA, 0xB69A, 0xB6BA, 0xA678, 0xA679, 0xB6BA, 0xB6BA, 0xB6BA, 0xB6BA, 0xBEBA, 0xB6BA, 0xB6BA, 
  0xB6BA, 0xB6BA, 0xB6BA, 0xB6BA, 0xB69A, 0xAE9A, 0xAE99, 0xAE99, 0xB6BA, 0xB6BA, 0xAE99, 0xAE99, 
  0xFE98, 0xFED9, 0xFED9, 0xFED9, 0xFED9, 0xFEB9, 0xFE99, 0xFE98, 0xFE98, 0xFE78, 0xFE98, 0xFE78, 
  0xFE98, 0xFE98, 0xFE99, 0xFE78, 0xFE37, 0xFE78, 0xFE77, 0xFE37, 0xFE37, 0xFE57, 0xFE78, 0xFE78, 
  0xFE78, 0xFE98, 0xFE99, 0xFE99, 0xFE78, 0xFE79, 0xFE99, 0xFE58, 0xEE17, 0xFEB9, 0xC513, 0xBD13, 
  0xC554, 0xCDB6, 0xDE17, 0xE679, 0xF6DA, 0xFF3C, 0xFF3C, 0xFF5C, 0xFF5C, 0xFF3B, 0xFF3C, 0xFF3C, 
  0xFF3C, 0xFF3C, 0xFF3C, 0xFF3B, 0xFF3C, 0xFF3C, 0xFF3C, 0xFF3B, 0xFF3B, 0xFF3B, 0xFF3B, 0xFF3B, 
  0xFF3B, 0xFF3B, 0xFF1B, 0xFF1B, 0xFF3C, 0xFEBA, 0xFE78, 0xFEFB, 0xFF5C, 0xFF3C, 0xFF3C, 0xFF1B, 
  0xFF1B, 0xFF1B, 0xFEFB, 0xFF1B, 0xFF3C, 0xFF3B, 0xFF3B, 0xFF1B, 0xFF3B, 0xFEFB, 0xFEDA, 0xFF1B, 
  0xFEFA, 0xF6FA, 0xF71B, 0xF71B, 0xF71B, 0xF6FB, 0xF6FB, 0xF71B, 0xF71B, 0xF6FB, 0xF6FB, 0xF6FA, 
  0xF71B, 0xEF3C, 0xEF5C, 0xEF5C, 0xEF5C, 0xEF3B, 0xEF3B, 0xEEFB, 0xEF1B, 0xEF3B, 0xEF1B, 0xEF3C, 
  0xEF5C, 0xE73C, 0xE73C, 0xE75C, 0xE75C, 0xE75C, 0xE75C, 0xE77D, 0xE75C, 0xE75C, 0xE79D, 0xEFBD, 
  0xE77C, 0xE75C, 0xE75C, 0xE71B, 0xE73B, 0xDF3C, 0xDF5C, 0xE77D, 0xE77D, 0xE77D, 0xE77D, 0xDF3C, 
  0xDF3C, 0xDF3C, 0xDF5C, 0xDF7D, 0xDF7D, 0xDF5C, 0xDF5C, 0xDF5D, 0xDF5C, 0xDF5D, 0xDF7D, 0xDF7D, 
  0xDF7D, 0xD73C, 0xD71B, 0xD75C, 0xDF5C, 0xDF5C, 0xDF7D, 0xDF7D, 0xDF7D, 0xDF7D, 0xDF7D, 0xDF7D, 
  0xDF5C, 0xDF5C, 0xDF5C, 0xDF5C, 0xDF7D, 0xDF7D, 0xDF5D, 0xDF7D, 0xDF5C, 0xDF5C, 0xDF7D, 0xD75C, 
  0xD75C, 0xDF5D, 0xD75C, 0xD73C, 0xCF1C, 0xD73C, 0xD73C, 0xD73C, 0xDF7D, 0xDF7D, 0xDF5C, 0xD75C, 
  0xE77D, 0xEF9E, 0xEF9E, 0xDF5D, 0xD75C, 0xDF5D, 0xDF5D, 0xDF5C, 0xDF5D, 0xD75D, 0xD75D, 0xD75C, 
  0xCF3C, 0xCF1C, 0xDF5D, 0xD73C, 0xCF3C, 0xCF3C, 0xCF3C, 0xD73C, 0xD73C, 0xD73C, 0xD73C, 0xD73C, 
  0xD75D, 0xD69A, 0xF637, 0xF699, 0x9492, 0x7CB2, 0x8D13, 0x8D54, 0x9596, 0x9DF7, 0xAE59, 0xB699, 
  0xB6BA, 0xAEB9, 0xB6BA, 0xB6BA, 0xAE79, 0xB6BA, 0xB6BA, 0x9E58, 0xB6BA, 0xB6BA, 0xAE99, 0xAE99, 
  0xB6BA, 0xB699, 0xB6BA, 0xB6BA, 0xB6BA, 0xAE99, 0xAE9A, 0xAE9A, 0xB6BA, 0xAE99, 0xAE99, 0xAE99, 
  0xFE78, 0xFE99, 0xFED9, 0xFED9, 0xFED9, 0xFEDA, 0xFEBA, 0xFE99, 0xFE98, 0xFE78, 0xFE78, 0xFE98, 
  0xFE98, 0xFE78, 0xFE78, 0xFE77, 0xFE37, 0xFE57, 0xFE78, 0xFE58, 0xFE57, 0xFE57, 0xFE78, 0xFE78, 
  0xFE78, 0xFE78, 0xFE99, 0xFE99, 0xFE78, 0xFE78, 0xFE78, 0xFE57, 0xEE17, 0xFEB9, 0xC513, 0xBD13, 
  0xC554, 0xCDB6, 0xDE17, 0xE679, 0xF6DA, 0xFF3B, 0xFF3B, 0xFF3C, 0xFF3C, 0xFF3B, 0xFF1B, 0xFF1B, 
  0xFF3C, 0xFF3C, 0xFF3B, 0xFF3B, 0xFF3B, 0xFF3B, 0xFF1B, 0xFF1B, 0xFF1B, 0xFF3B, 0xFF3B, 0xFF1B, 
  0xFF1B, 0xFF1B, 0xFF3B, 0xFF1B, 0xFF1B, 0xFEB9, 0xFEB9, 0xFEFB, 0xFF5C, 0xFF3B, 0xFF1B, 0xFF3C, 
  0xFF3B, 0xFF1B, 0xFF1B, 0xFF1B, 0xFF3B, 0xFF3B, 0xFF3B, 0xFF3B, 0xFF1B, 0xFF1B, 0xFEDA, 0xFEFB, 
  0xFF1B, 0xF6DA, 0xF71B, 0xF71B, 0xF71B, 0xF71B, 0xF6FB, 0xF71B, 0xF6FA, 0xF6FB, 0xEF1B, 0xF71B, 
  0xF6FA, 0xF71B, 0xEF1B, 0xF71B, 0xEF1B, 0xEF1A, 0xEEFA, 0xEEBA, 0xEEFA, 0xEF1B, 0xEF1B, 0xEF1B, 
  0xEF5C, 0xE75C, 0xE75C, 0xE75C, 0xE75C, 0xE75C, 0xE75C, 0xE77C, 0xE79D, 0xE79D, 0xEFBE, 0xEF9E, 
  0xE79D, 0xE77D, 0xDF3B, 0xE71B, 0xE71B, 0xE73B, 0xDF3B, 0xDF1B, 0xDF1B, 0xE75C, 0xE75C, 0xDEFB, 
  0xDF1B, 0xDF1B, 0xDF1B, 0xDF3C, 0xDF5C, 0xDF5C, 0xDF5C, 0xDF5C, 0xDF5C, 0xDF7D, 0xE75D, 0xDF7D, 
  0xDF7D, 0xDF5C, 0xD71B, 0xD71B, 0xD73C, 0xDF7D, 0xDF5D, 0xDF5C, 0xDF7D, 0xDF7D, 0xDF7D, 0xDF7D, 
  0xD73C, 0xD75C, 0xDF7D, 0xDF7D, 0xE77D, 0xDF7D, 0xDF5C, 0xDF7D, 0xDF5C, 0xD75C, 0xDF5C, 0xDF5C, 
  0xDF5C, 0xDF5C, 0xDF5D, 0xDF5D, 0xD75C, 0xD73C, 0xD75C, 0xDF7D, 0xDF7D, 0xDF5D, 0xDF5D, 0xD75C, 
  0xE79D, 0xEF9E, 0xEF9E, 0xE77D, 0xD75C, 0xDF5D, 0xDF5D, 0xD75D, 0xDF7D, 0xDF7D, 0xDF5D, 0xDF5D, 
  0xD75D, 0xCF3C, 0xD73C, 0xDF5D, 0xCF1B, 0xCF3C, 0xBEDA, 0xCF3C, 0xCF1C, 0xD73C, 0xDF3C, 0xDF5D, 
  0xD75D, 0xD699, 0xEE37, 0xF679, 0x94B2, 0x7CB2, 0x84D3, 0x9555, 0x9DB6, 0xA5F7, 0xA658, 0xAE99, 
  0xB6BA, 0xAE99, 0xB6B9, 0xC6DB, 0xBEFB, 0xA679, 0xA679, 0xA679, 0xAEBA, 0xB699, 0xAE99, 0xAE99, 
  0xAE99, 0xAE99, 0xB6BA, 0xB69A, 0xB699, 0xAE99, 0xAE99, 0xAE99, 0xA699, 0xAEBA, 0xAEBA, 0xAEBA, 
  0xFE78, 0xFE98, 0xFE99, 0xFED9, 0xFED9, 0xFEDA, 0xFED9, 0xFE98, 0xFE98, 0xFE57, 0xFE57, 0xFE78, 
  0xFE58, 0xFE36, 0xFE77, 0xFE77, 0xFE57, 0xFE78, 0xFE98, 0xFE98, 0xFE78, 0xFE78, 0xFE78, 0xFE78, 
  0xFE78, 0xFE78, 0xFE99, 0xFEB9, 0xFE78, 0xFE78, 0xFE78, 0xFE57, 0xEE16, 0xFEB9, 0xC513, 0xBD13, 
  0xC554, 0xCDB6, 0xDE17, 0xE679, 0xF6DA, 0xFF3B, 0xFF1B, 0xFEFB, 0xFEFB, 0xFF1B, 0xFF1B, 0xFF1B, 
  0xFF3C, 0xFF3B, 0xFF3B, 0xFF3B, 0xFF3B, 0xFF3B, 0xFF1B, 0xFEFA, 0xFF1B, 0xFF1B, 0xFF3B, 0xFF1B, 
  0xFF1B, 0xFF1B, 0xFF3B, 0xFF3B, 0xFED9, 0xFE98, 0xFEBA, 0xFF1B, 0xFF3B, 0xFF1B, 0xFEFB, 0xFF1B, 
  0xFF3B, 0xFF1B, 0xFF1B, 0xFF3C, 0xFF1B, 0xFEFB, 0xFF1B, 0xFF3B, 0xFF1B, 0xFF1B, 0xFEFA, 0xFEFA, 
  0xFEFB, 0xF6DA, 0xF71B, 0xF71B, 0xFEDA, 0xF6FB, 0xF73B, 0xF75C, 0xF6FB, 0xF6FB, 0xF71B, 0xEF1B, 
  0xF71B, 0xF6DA, 0xF71B, 0xEF3B, 0xEF3C, 0xEF3C, 0xEF3C, 0xEF1C, 0xEEFB, 0xEEFA, 0xEF1B, 0xEF3B, 
  0xE75C, 0xE75C, 0xE75C, 0xE75C, 0xE75C, 0xE75C, 0xE75C, 0xE75C, 0xEFBD, 0xEFBE, 0xEFBE, 0xEF9E, 
  0xE77D, 0xDF3C, 0xDF1B, 0xDF3B, 0xDF3B, 0xDF3B, 0xDF3B, 0xE6FB, 0xDEFB, 0xDF1B, 0xE73C, 0xDF3C, 
  0xDEFA, 0xDEDA, 0xDEFA, 0xDF1B, 0xDF3C, 0xD71B, 0xD73C, 0xDF5C, 0xDF5D, 0xDF7D, 0xE75D, 0xDF5C, 
  0xDF5C, 0xDF7D, 0xDF5C, 0xD6FB, 0xD71C, 0xDF7D, 0xDF7D, 0xDF5C, 0xDF5C, 0xDF5C, 0xDF5D, 0xDF5C, 
  0xD75C, 0xD73C, 0xD73C, 0xD75C, 0xDF7D, 0xDF7D, 0xDF7D, 0xDF7D, 0xDF7D, 0xDF5C, 0xDF5C, 0xD75C, 
  0xD73C, 0xDF5D, 0xDF5D, 0xD75D, 0xD75C, 0xD75C, 0xD75D, 0xDF7D, 0xDF7D, 0xDF5D, 0xDF5D, 0xD75C, 
  0xDF7D, 0xEF9D, 0xEF9D, 0xE79D, 0xDF7D, 0xDF5D, 0xDF5D, 0xDF7D, 0xD75D, 0xDF5D, 0xDF5D, 0xDF5D, 
  0xDF5D, 0xD75D, 0xD73C, 0xCF3C, 0xD73C, 0xCF3C, 0xBEDA, 0xCF1B, 0xCF3C, 0xDF5D, 0xDF5D, 0xDF5D, 
  0xDF7D, 0xD699, 0xEE17, 0xF699, 0x9492, 0x7491, 0x7CD2, 0x9575, 0x9DB6, 0xA617, 0xA658, 0xAE99, 
  0xB6BA, 0xAE9A, 0xB699, 0xB6BA, 0xA678, 0x9E37, 0xB6DA, 0xA699, 0xA679, 0xAE99, 0xAE99, 0xAE99, 
  0xAE99, 0xB6B9, 0xB6BA, 0xB6BA, 0xB699, 0xAE99, 0xAE99, 0xAE99, 0xAE99, 0xB69A, 0xB6BA, 0xA679, 
  0xFE98, 0xFE98, 0xFE98, 0xFEB9, 0xFE99, 0xFED9, 0xFEB9, 0xFE98, 0xFE98, 0xFE78, 0xFE78, 0xFE98, 
  0xFE78, 0xFE36, 0xFE57, 0xFE78, 0xFE57, 0xFE57, 0xFE77, 0xFE78, 0xFE98, 0xFE98, 0xFE98, 0xFE98, 
  0xFE78, 0xFE78, 0xFE99, 0xFEB9, 0xFE78, 0xFE78, 0xFE78, 0xFE57, 0xEDF6, 0xFEB9, 0xCD33, 0xBD13, 
  0xC554, 0xCDB6, 0xDE17, 0xE679, 0xF6DA, 0xFF3C, 0xFF3B, 0xFEFA, 0xFEFA, 0xFF1B, 0xFF3C, 0xFF1B, 
  0xFF3C, 0xFF1B, 0xFF1B, 0xFF1B, 0xFF3B, 0xFF1B, 0xFF1B, 0xFF1B, 0xFF3B, 0xFF3B, 0xFF1B, 0xFF1B, 
  0xFEFA, 0xFEFB, 0xFF1B, 0xFF1B, 0xFEB9, 0xFEB9, 0xFEDA, 0xFF1B, 0xFF1B, 0xFF1B, 0xFF3C, 0xFF3B, 
  0xFEFB, 0xFF1B, 0xFF3B, 0xFF3B, 0xFF1B, 0xFF1B, 0xFF1B, 0xFF3B, 0xFF3B, 0xFF3B, 0xFEFA, 0xFEFA, 
  0xFEFB, 0xFEDA, 0xFF1B, 0xFEFA, 0xF6FA, 0xF6FB, 0xF71B, 0xF73C, 0xF73B, 0xF71B, 0xF71B, 0xF73B, 
  0xF73B, 0xEF1B, 0xF73B, 0xEF3B, 0xEF5C, 0xEF5C, 0xEF5C, 0xEF5C, 0xE75C, 0xE73C, 0xEF3B, 0xEF1B, 
  0xE73C, 0xE75C, 0xE75C, 0xE75C, 0xE75C, 0xE75C, 0xE73C, 0xE73C, 0xE75C, 0xE77D, 0xE79D, 0xE77D, 
  0xE77D, 0xDF5C, 0xDF5C, 0xDF5C, 0xDF5C, 0xDF3B, 0xDF5C, 0xDF1B, 0xDF1B, 0xDF1B, 0xDF1B, 0xDF1B, 
  0xDEFA, 0xDEDA, 0xDF1B, 0xDF5C, 0xDF5C, 0xD73C, 0xD73B, 0xDF5C, 0xDF7D, 0xDF5D, 0xDF7D, 0xDF7D, 
  0xDF7D, 0xE77D, 0xDF7C, 0xDF5C, 0xDF5C, 0xDF7D, 0xDF7D, 0xDF7D, 0xDF7D, 0xDF5C, 0xDF5C, 0xDF5C, 
  0xDF5C, 0xDF5C, 0xDF5C, 0xD73C, 0xD75C, 0xD73C, 0xDF5C, 0xDF7D, 0xDF5C, 0xD75C, 0xD73C, 0xD75C, 
  0xD73C, 0xD75C, 0xD75C, 0xD75C, 0xD75C, 0xD75C, 0xD75C, 0xDF5D, 0xDF7D, 0xDF3C, 0xD75C, 0xD75C, 
  0xDF7C, 0xE79D, 0xEF9E, 0xE79D, 0xDF7D, 0xDF7D, 0xDF7D, 0xDF7D, 0xDF7D, 0xDF5D, 0xDF5D, 0xDF5D, 
  0xDF5D, 0xDF5D, 0xD73C, 0xC71B, 0xD73C, 0xCF3C, 0xBEFA, 0xD73C, 0xD73C, 0xDF5D, 0xD75C, 0xDF5C, 
  0xDF5D, 0xD69A, 0xF658, 0xF698, 0x8C91, 0x7CB2, 0x8D34, 0x8D55, 0x9DB6, 0xA5F7, 0xA658, 0xB699, 
  0xAE99, 0xAE9A, 0xA679, 0x9E78, 0x9E58, 0xB6DA, 0xBEDA, 0xAE99, 0xA658, 0xAE99, 0xAE99, 0xA699, 
  0xA679, 0xB6BA, 0xB6BA, 0xB699, 0xB699, 0xAE99, 0xAE99, 0xB6BA, 0xBEDA, 0xB6BA, 0xA699, 0xA679, 
  0xFE78, 0xFE78, 0xFE78, 0xFE98, 0xFE78, 0xFE98, 0xFE98, 0xFE78, 0xFE78, 0xFE99, 0xFE99, 0xFEB9, 
  0xFE98, 0xFE98, 0xFE78, 0xFE78, 0xFE77, 0xFE57, 0xFE57, 0xFE77, 0xFE78, 0xFE78, 0xFE78, 0xFE78, 
  0xFE78, 0xFE78, 0xFEB9, 0xFE98, 0xFE77, 0xFE77, 0xFE78, 0xFE98, 0xE5B5, 0xFEDA, 0xDDB5, 0xBCF3, 
  0xC554, 0xD5B6, 0xDE17, 0xEE79, 0xF6DA, 0xFF1B, 0xFEFB, 0xFEFB, 0xFF1B, 0xFF1B, 0xFF1B, 0xFF1B, 
  0xFF1B, 0xFF1B, 0xFF1B, 0xFEFB, 0xFF1B, 0xFEFB, 0xFF1B, 0xFEFA, 0xFF1A, 0xFF1A, 0xFEFA, 0xFF1B, 
  0xFF1B, 0xFF1B, 0xFF1B, 0xFF1B, 0xFE99, 0xFE99, 0xFEBA, 0xFF1B, 0xFF1B, 0xFF3B, 0xFF3B, 0xFF1B, 
  0xFEFA, 0xFF3B, 0xFF3B, 0xFF3B, 0xFF1B, 0xFF1B, 0xFF1B, 0xF6FB, 0xFEFA, 0xFF1B, 0xFEFA, 0xFEFA, 
  0xFEFA, 0xFEDA, 0xFEFA, 0xF6DA, 0xF71B, 0xF6FB, 0xF6DA, 0xF75C, 0xF75C, 0xEF1B, 0xF71B, 0xF71B, 
  0xEF1B, 0xEF1B, 0xEF3C, 0xEF3C, 0xEF3C, 0xEF3C, 0xE75C, 0xE73C, 0xE75C, 0xE73C, 0xE75C, 0xEF1B, 
  0xE73C, 0xE73C, 0xE73C, 0xE73C, 0xE75C, 0xE75C, 0xE75C, 0xE73C, 0xE6FB, 0xE73B, 0xDF7C, 0xDF7C, 
  0xDF7C, 0xE75C, 0xDF1B, 0xDF1B, 0xDF5C, 0xDF5C, 0xDF5C, 0xDF3C, 0xDF3C, 0xDF5C, 0xDF3B, 0xDF3B, 
  0xDF3B, 0xDF1B, 0xDF3C, 0xDF3C, 0xD73C, 0xD73C, 0xD71B, 0xD6FB, 0xDF5C, 0xDF5C, 0xD71B, 0xDF5C, 
  0xE77D, 0xE77D, 0xDF5D, 0xDF5D, 0xDF7D, 0xDF5D, 0xDF5C, 0xDF7D, 0xDF5D, 0xDF5C, 0xDF5C, 0xDF5C, 
  0xDF5C, 0xDF5C, 0xDF5C, 0xDF5C, 0xDF5C, 0xDF5C, 0xDF3C, 0xDF5D, 0xDF5C, 0xDF5C, 0xDF5D, 0xDF7D, 
  0xD75C, 0xD73C, 0xD75C, 0xD73C, 0xD75C, 0xD73C, 0xD73C, 0xDF5C, 0xDF5C, 0xDF5D, 0xDF5D, 0xD75C, 
  0xDF5C, 0xE77D, 0xEF9E, 0xE77D, 0xDF7D, 0xDF5D, 0xDF5C, 0xDF7D, 0xDF7D, 0xDF7D, 0xD75C, 0xD73C, 
  0xD73C, 0xD73C, 0xD75C, 0xD73C, 0xC6DA, 0xCF3C, 0xD73C, 0xD73C, 0xDF5D, 0xDF5D, 0xD71C, 0xD75C, 
  0xDF7D, 0xD678, 0xFEB9, 0xE617, 0x8471, 0x7CB2, 0x84F3, 0x8D54, 0x9DB6, 0xA617, 0xAE59, 0xB6BA, 
  0xB6BA, 0xAE99, 0xAE99, 0xB69A, 0xBEDA, 0x9E58, 0x9638, 0xB6BA, 0xA679, 0xAE99, 0xAE99, 0xAEBA, 
  0xAE99, 0xB6BA, 0xAE99, 0xAE99, 0xB6BA, 0xB6BA, 0xB6BA, 0xAE99, 0xB699, 0xAE9A, 0xA679, 0x9E78, 
  0xFE78, 0xFE98, 0xFE78, 0xFE98, 0xFE98, 0xFE77, 0xFE37, 0xFE37, 0xFE57, 0xFE99, 0xFEB9, 0xFE99, 
  0xFE57, 0xFE78, 0xFEB9, 0xFE98, 0xFE98, 0xFE78, 0xFE57, 0xFE78, 0xFE98, 0xFE78, 0xFE78, 0xFE78, 
  0xFE78, 0xFE77, 0xFE77, 0xFE78, 0xFE37, 0xFE16, 0xFE17, 0xFEDA, 0xE5B5, 0xF658, 0xFE99, 0xCD13, 
  0xBCF3, 0xC554, 0xDE17, 0xEE78, 0xFEFA, 0xFF3B, 0xFF3C, 0xFF5C, 0xFF3C, 0xFF3B, 0xFF3B, 0xFF3B, 
  0xFF3C, 0xFF3C, 0xFF3B, 0xFF5C, 0xFF5C, 0xFF3C, 0xFF3B, 0xFF3B, 0xFF3B, 0xFF3B, 0xFF5C, 0xFF5C, 
  0xFF5C, 0xFF3B, 0xFF5C, 0xFF5C, 0xFF1B, 0xFE99, 0xFEDA, 0xFF3C, 0xFF5C, 0xFF5C, 0xFF5C, 0xFF3B, 
  0xFF1B, 0xFF3B, 0xFF3B, 0xFF1B, 0xFF3B, 0xFF3C, 0xFF5C, 0xFF3C, 0xFF1B, 0xFF3B, 0xFF1B, 0xFF3B, 
  0xFF1B, 0xFF1B, 0xFF3B, 0xFF3B, 0xFF5C, 0xF73C, 0xF73C, 0xF77C, 0xF77D, 0xF75C, 0xF73B, 0xF73B, 
  0xF75C, 0xF77D, 0xEF7D, 0xEF7D, 0xEF7D, 0xEF7D, 0xEF7D, 0xEF7D, 0xEF7D, 0xEF7D, 0xEF7D, 0xEF7C, 
  0xE77D, 0xE75C, 0xEF5C, 0xEF7C, 0xE77C, 0xEF7C, 0xE77C, 0xE77C, 0xEF7C, 0xE75C, 0xE75C, 0xE77D, 
  0xE79D, 0xE79D, 0xE77D, 0xDF7D, 0xDF7D, 0xDF7D, 0xDF7D, 0xDF5D, 0xDF5D, 0xDF7D, 0xDF7C, 0xDF5C, 
  0xE75C, 0xDF1C, 0xDF3B, 0xDF3C, 0xDF1B, 0xDF3C, 0xDF5C, 0xDF1B, 0xDF5C, 0xD75C, 0xDF5C, 0xDF5C, 
  0xDF7D, 0xE79E, 0xE79E, 0xE79E, 0xE7BE, 0xDF9E, 0xDF7D, 0xDF7D, 0xDF7D, 0xDF7D, 0xDF9D, 0xDF9D, 
  0xDF9D, 0xDF9D, 0xD77D, 0xDF9E, 0xDF9E, 0xDF9D, 0xDF9D, 0xDF7D, 0xDF7D, 0xDF7D, 0xE79E, 0xDF9E, 
  0xDF9E, 0xDF7D, 0xDF9D, 0xDF7D, 0xDF7D, 0xDF7D, 0xD75D, 0xDF7D, 0xDF7D, 0xDF7D, 0xDF9D, 0xDF9D, 
  0xDF9D, 0xE79D, 0xEF9E, 0xEFBE, 0xE79E, 0xDF9D, 0xDF7D, 0xDF7D, 0xDF9E, 0xDF7E, 0xD75D, 0xDF7D, 
  0xDF7D, 0xD75D, 0xDF5D, 0xDF7D, 0xCF3C, 0xCF1C, 0xDF9E, 0xDF5D, 0xDF5D, 0xDF5D, 0xD75C, 0xD77D, 
  0xD69A, 0xE637, 0xFEDA, 0xBD54, 0x7C91, 0x84D2, 0x8D14, 0x9575, 0x9DB6, 0xAE18, 0xB679, 0xBEBA, 
  0xBEDA, 0xBEBA, 0xBEDB, 0xB69A, 0xBEDA, 0x9E58, 0x9E79, 0xAE99, 0xAE99, 0xAE99, 0xB69A, 0xB6BA, 
  0xB6B9, 0xA679, 0x9E58, 0xB6BA, 0xAE99, 0xAE99, 0xB6BA, 0xB6BA, 0xAE99, 0x9658, 0x9E58, 0xAE99, 
  0xFE78, 0xFE98, 0xFE98, 0xFE78, 0xFE78, 0xFE98, 0xFE17, 0xFE16, 0xFE98, 0xFE98, 0xFE99, 0xFE78, 
  0xFE57, 0xFE99, 0xFEBA, 0xFE98, 0xFE78, 0xFE78, 0xFE58, 0xFE78, 0xFE78, 0xFE98, 0xFE98, 0xFE78, 
  0xFE57, 0xFE57, 0xFE57, 0xFE57, 0xFE37, 0xFE37, 0xFE16, 0xFE99, 0xF678, 0xDD94, 0xFEDA, 0xF698, 
  0xD574, 0xC4F2, 0xCD54, 0xDDD6, 0xE617, 0xEE37, 0xEE58, 0xEE58, 0xE638, 0xE637, 0xE637, 0xE657, 
  0xE658, 0xE637, 0xEE58, 0xEE58, 0xEE58, 0xEE38, 0xEE37, 0xE658, 0xE658, 0xE658, 0xE658, 0xE658, 
  0xE658, 0xEE37, 0xEE38, 0xE658, 0xEE38, 0xEDF6, 0xEDF6, 0xEE17, 0xE658, 0xE658, 0xE658, 0xE638, 
  0xE637, 0xE637, 0xE617, 0xEE17, 0xEE17, 0xEE37, 0xE637, 0xEE38, 0xE658, 0xE658, 0xE637, 0xE657, 
  0xE637, 0xE637, 0xE658, 0xE658, 0xE658, 0xE658, 0xE658, 0xE658, 0xE678, 0xE658, 0xE637, 0xE658, 
  0xE658, 0xDE78, 0xDE78, 0xDE58, 0xE658, 0xDE78, 0xDE78, 0xE678, 0xDE78, 0xDE58, 0xDE58, 0xDE58, 
  0xDE78, 0xDE78, 0xDE58, 0xDE58, 0xDE58, 0xDE78, 0xDE78, 0xDE58, 0xDE78, 0xDE78, 0xDE58, 0xDE58, 
  0xDE78, 0xD678, 0xD658, 0xD678, 0xD678, 0xD678, 0xD658, 0xD658, 0xD678, 0xD678, 0xD678, 0xD658, 
  0xD637, 0xD637, 0xD637, 0xD637, 0xD617, 0xD637, 0xD658, 0xD637, 0xD637, 0xD658, 0xD658, 0xD658, 
  0xD658, 0xDE79, 0xDE79, 0xDE79, 0xDE79, 0xDE79, 0xDE79, 0xD678, 0xD658, 0xD658, 0xD678, 0xD678, 
  0xD678, 0xD678, 0xD678, 0xDE78, 0xDE78, 0xD678, 0xDE78, 0xDE78, 0xDE78, 0xDE78, 0xD658, 0xD678, 
  0xD678, 0xDE78, 0xDE78, 0xDE78, 0xD658, 0xD658, 0xDE58, 0xD679, 0xD658, 0xD658, 0xD658, 0xD679, 
  0xD679, 0xDE99, 0xDE79, 0xDE79, 0xD678, 0xD678, 0xD658, 0xD658, 0xD658, 0xD659, 0xD658, 0xDE79, 
  0xDE79, 0xDE79, 0xDE79, 0xD679, 0xD658, 0xCE58, 0xD679, 0xD659, 0xD658, 0xD658, 0xD658, 0xD617, 
  0xE617, 0xFEFB, 0xE616, 0x8471, 0x7CD2, 0x8513, 0x8D55, 0x9575, 0x95B6, 0xA5F7, 0xA638, 0xB6BA, 
  0xB6BA, 0xB6BA, 0xB6BA, 0xBEDA, 0xB6BA, 0xB6BA, 0xAE99, 0xA679, 0xAEBA, 0xAE99, 0xAE99, 0xAE99, 
  0xAE99, 0xAE99, 0xAE99, 0xAE99, 0xAE99, 0xAE99, 0xB6BA, 0xAE99, 0xB6BA, 0x8E37, 0x9E58, 0xAE99, 
  0xFE57, 0xFE77, 0xFE78, 0xFE78, 0xFE78, 0xFE98, 0xFE57, 0xFDF6, 0xFE78, 0xFE78, 0xFE78, 0xFE98, 
  0xFEB9, 0xFEB9, 0xFE98, 0xFE78, 0xFE57, 0xFE57, 0xFE78, 0xFE78, 0xFE57, 0xFE78, 0xFE98, 0xFE78, 
  0xFE78, 0xFE58, 0xFE57, 0xFE57, 0xFE57, 0xFE57, 0xFE77, 0xFE78, 0xFEB9, 0xEE37, 0xDD94, 0xFE99, 
  0xFEFA, 0xFEB9, 0xF678, 0xF678, 0xF678, 0xF658, 0xF678, 0xF658, 0xF658, 0xF658, 0xF658, 0xF658, 
  0xF658, 0xF678, 0xF678, 0xF658, 0xF678, 0xF678, 0xF678, 0xF678, 0xF678, 0xF678, 0xF658, 0xF658, 
  0xF678, 0xF678, 0xF678, 0xF678, 0xF658, 0xF679, 0xF678, 0xF678, 0xF678, 0xF678, 0xF678, 0xF658, 
  0xF658, 0xF658, 0xF658, 0xF678, 0xF658, 0xF658, 0xF658, 0xF678, 0xF678, 0xF678, 0xF678, 0xF678, 
  0xF678, 0xF678, 0xF678, 0xF658, 0xF678, 0xF658, 0xF658, 0xF658, 0xF678, 0xF658, 0xF658, 0xF658, 
  0xF658, 0xF658, 0xF658, 0xF678, 0xF678, 0xF658, 0xF658, 0xF658, 0xF658, 0xF678, 0xF678, 0xF678, 
  0xF678, 0xF678, 0xF658, 0xF658, 0xF678, 0xF678, 0xF678, 0xF658, 0xF658, 0xF658, 0xF658, 0xF658, 
  0xF658, 0xF658, 0xF658, 0xF678, 0xF678, 0xF658, 0xF658, 0xF658, 0xF658, 0xF658, 0xF678, 0xF658, 
  0xF678, 0xF658, 0xF679, 0xF679, 0xF678, 0xF658, 0xF658, 0xF678, 0xF678, 0xF678, 0xF658, 0xF658, 
  0xF658, 0xF658, 0xF658, 0xF658, 0xF658, 0xF658, 0xF658, 0xF658, 0xF658, 0xF658, 0xF658, 0xF658, 
  0xF658, 0xF678, 0xF678, 0xF658, 0xF658, 0xF658, 0xF658, 0xF658, 0xF658, 0xF658, 0xF658, 0xF658, 
  0xF658, 0xF658, 0xF658, 0xF658, 0xF658, 0xF658, 0xF658, 0xF658, 0xF658, 0xF658, 0xF678, 0xF678, 
  0xF678, 0xF678, 0xF658, 0xF658, 0xF678, 0xF678, 0xF678, 0xF678, 0xF658, 0xF678, 0xF678, 0xF678, 
  0xF658, 0xF658, 0xF658, 0xF658, 0xF658, 0xF678, 0xF678, 0xF658, 0xF658, 0xF658, 0xF678, 0xFEB9, 
  0xFEFA, 0xDDF6, 0x9491, 0x7CB2, 0x8513, 0x8514, 0x8D34, 0x8D75, 0x8DB6, 0x9E37, 0xA638, 0xAE99, 
  0xB69A, 0xB6BA, 0xAE99, 0xB6BA, 0xB699, 0xA679, 0xAE99, 0xAE99, 0xAE9A, 0xAE99, 0xAE99, 0xB6BA, 
  0xB6BA, 0xAE99, 0xAE99, 0xAE99, 0xAE99, 0xAE99, 0xA678, 0xA679, 0xB6BA, 0x9E38, 0xA679, 0xA699, 
  0xFE57, 0xFE57, 0xFE78, 0xFE78, 0xFE78, 0xFE78, 0xFE78, 0xFE37, 0xFE78, 0xFE78, 0xFE78, 0xFE98, 
  0xFEB9, 0xFEB9, 0xFE78, 0xFE57, 0xFE57, 0xFE57, 0xFE78, 0xFE98, 0xFE57, 0xFE98, 0xFE98, 0xFE98, 
  0xFE98, 0xFE78, 0xFE57, 0xFE57, 0xFE57, 0xFE57, 0xFE57, 0xFE78, 0xFE99, 0xFE99, 0xF616, 0xDD95, 
  0xEDF6, 0xF658, 0xF658, 0xF658, 0xF678, 0xF678, 0xF678, 0xF678, 0xF678, 0xF678, 0xF678, 0xF678, 
  0xF678, 0xF678, 0xF678, 0xF678, 0xF678, 0xF678, 0xF678, 0xF678, 0xF678, 0xF678, 0xF678, 0xF678, 
  0xF679, 0xF678, 0xF678, 0xF678, 0xF678, 0xF678, 0xF678, 0xF678, 0xF678, 0xF679, 0xF678, 0xF678, 
  0xF678, 0xF678, 0xF678, 0xF678, 0xF678, 0xF678, 0xF678, 0xF678, 0xF679, 0xF679, 0xF678, 0xF678, 
  0xF678, 0xF678, 0xF678, 0xF678, 0xF678, 0xF678, 0xF678, 0xF678, 0xF678, 0xF678, 0xF678, 0xF678, 
  0xF678, 0xF678, 0xF678, 0xF678, 0xF678, 0xF678, 0xF678, 0xF678, 0xF678, 0xF678, 0xF678, 0xF678, 
  0xF678, 0xF678, 0xF679, 0xF678, 0xF679, 0xF679, 0xF678, 0xF678, 0xF678, 0xF678, 0xF678, 0xF678, 
  0xF678, 0xF678, 0xF678, 0xF678, 0xF678, 0xF678, 0xF678, 0xF678, 0xF678, 0xF678, 0xF678, 0xF678, 
  0xF678, 0xF678, 0xF678, 0xF678, 0xF679, 0xF679, 0xF679, 0xF679, 0xF678, 0xF679, 0xF679, 0xF678, 
  0xF678, 0xF678, 0xF678, 0xF678, 0xF678, 0xF678, 0xF678, 0xF678, 0xF678, 0xF679, 0xF679, 0xF679, 
  0xF678, 0xF678, 0xF678, 0xF679, 0xF679, 0xF679, 0xF678, 0xF678, 0xF679, 0xF679, 0xF679, 0xF678, 
  0xF678, 0xF679, 0xF678, 0xF678, 0xF678, 0xF678, 0xF678, 0xF678, 0xF678, 0xF678, 0xF678, 0xF678, 
  0xF698, 0xF699, 0xF678, 0xF678, 0xF678, 0xF678, 0xF678, 0xF679, 0xF679, 0xF678, 0xF698, 0xF678, 
  0xF678, 0xF678, 0xF678, 0xF678, 0xF678, 0xF678, 0xF678, 0xF698, 0xF678, 0xF678, 0xF678, 0xE617, 
  0xBD54, 0x94B2, 0x84F2, 0x8D34, 0x8D34, 0x8D54, 0x9595, 0x95D6, 0x8574, 0x9E37, 0xA658, 0xA699, 
  0xAE99, 0xB6BA, 0xAE99, 0xB6BA, 0xBEDA, 0xAE99, 0xAE99, 0xAEBA, 0xAE9A, 0xB69A, 0xB6BA, 0xB6BA, 
  0xBEBA, 0xB6BA, 0xAE99, 0xAE99, 0xAE99, 0xAE99, 0xA679, 0xB6B9, 0xC6DB, 0xBEDB, 0xAE99, 0xAE99, 
  0xFE57, 0xFE77, 0xFE78, 0xFE78, 0xFE57, 0xFE78, 0xFE57, 0xFE57, 0xFE98, 0xFE78, 0xFE78, 0xFE78, 
  0xFEB9, 0xFEB9, 0xFE78, 0xFE77, 0xFE77, 0xFE57, 0xFE78, 0xFE98, 0xFE98, 0xFE98, 0xFE98, 0xFE98, 
  0xFE98, 0xFE57, 0xFE57, 0xFE57, 0xFE57, 0xFE37, 0xFE37, 0xFE37, 0xFE58, 0xFE78, 0xFE78, 0xFE78, 
  0xF658, 0xF637, 0xEDF6, 0xD553, 0xCCD2, 0xC490, 0xC490, 0xC491, 0xC491, 0xC491, 0xC4B1, 0xC491, 
  0xC491, 0xC491, 0xC491, 0xC491, 0xC4B1, 0xC4B1, 0xBCB1, 0xBCB1, 0xBCB1, 0xBC91, 0xBC91, 0xBC91, 
  0xBC91, 0xBC91, 0xBC91, 0xBCB1, 0xBCB1, 0xBC2F, 0xBC0F, 0xBC91, 0xBCB1, 0xBCB1, 0xBCB1, 0xBCB1, 
  0xB4D1, 0xB4B1, 0xB4B1, 0xB491, 0xB4B1, 0xB4B1, 0xB491, 0xB491, 0xB490, 0xB491, 0xB491, 0xB491, 
  0xB4B1, 0xB4B1, 0xB4B1, 0xACB1, 0xB491, 0xAC91, 0xB4D1, 0xACB1, 0xAC91, 0xACD2, 0xACD2, 0xACB1, 
  0xACB1, 0xACB1, 0xACB2, 0xACD2, 0xA4D2, 0xACD2, 0xACB2, 0xA4D2, 0xA4D2, 0xA4D2, 0xA4D2, 0xA4B2, 
  0xA491, 0xA4B1, 0xA4B1, 0xA4B2, 0xA4D2, 0xA4D2, 0xA4D2, 0xA4F2, 0xA4D2, 0x9CD2, 0x9CD2, 0x9CD2, 
  0x9CD2, 0x9C71, 0x9C91, 0x9C91, 0x9C50, 0x9C70, 0x94D1, 0x9491, 0x9CB1, 0x9C70, 0x9C2F, 0x9C50, 
  0x9C30, 0x9C70, 0x9C70, 0x94B1, 0x94D2, 0x9CD2, 0x94B1, 0x9491, 0x94B1, 0x9491, 0x9450, 0x9470, 
  0x94D2, 0x94D2, 0x94D2, 0x9CF3, 0x94F2, 0x94F2, 0x9D13, 0x9CF3, 0x94D2, 0x94D2, 0x94D2, 0x9CF3, 
  0x94F2, 0x94D2, 0x9CF3, 0x9CF3, 0x94D2, 0x94D2, 0x94D2, 0x9CF2, 0x9D13, 0x94D2, 0x94D2, 0x94D2, 
  0x94F2, 0x94D2, 0x94D2, 0x94F3, 0x94F3, 0x94F3, 0x94D2, 0x94D2, 0x94F3, 0x94D2, 0x94D2, 0x8CD2, 
  0x8CD2, 0x94D2, 0x94D2, 0x9CF3, 0xA513, 0xA513, 0xA513, 0x9CF3, 0x94D2, 0x9CF3, 0x94D2, 0x8CB2, 
  0x8CB2, 0x94D2, 0x94D3, 0x94D2, 0x94D2, 0x94D2, 0x94D2, 0x8CD2, 0x8CD2, 0x94D3, 0x94F3, 0x8CD3, 
  0x8D13, 0x8D34, 0x9554, 0x9575, 0x9595, 0x95B6, 0x9DD7, 0xA638, 0x95F7, 0xAE79, 0xB6BA, 0xAE99, 
  0xAE99, 0xB6BA, 0xB6BA, 0xB6BA, 0xC6DB, 0xB69A, 0xAEBA, 0xAE79, 0xB6BA, 0xB6BA, 0xB6BA, 0xB6BA, 
  0xB69A, 0xB6BA, 0xB699, 0xA679, 0xA699, 0xAE99, 0x9E58, 0xB6BA, 0xC6DA, 0xBEBA, 0xB6BA, 0xB6BA, 
  0xFE57, 0xFE57, 0xFE57, 0xFE77, 0xFE77, 0xFE78, 0xFDF6, 0xFE37, 0xFE98, 0xFE78, 0xFE78, 0xFE98, 
  0xFE98, 0xFE98, 0xFE78, 0xFE78, 0xFE57, 0xFE37, 0xFE78, 0xFE98, 0xFE98, 0xFE98, 0xFE98, 0xFE98, 
  0xFE78, 0xFE57, 0xFE57, 0xFE57, 0xFE78, 0xFE57, 0xFE37, 0xFE57, 0xFE37, 0xFE57, 0xFE57, 0xFE77, 
  0xFE78, 0xFE98, 0xFEB9, 0xFEB9, 0xF637, 0xE574, 0xDD33, 0xD533, 0xD533, 0xD533, 0xD533, 0xD533, 
  0xD533, 0xD533, 0xD533, 0xD533, 0xD533, 0xD513, 0xD533, 0xCD53, 0xCD33, 0xD513, 0xD513, 0xCD12, 
  0xD513, 0xD4F2, 0xCCF2, 0xCD33, 0xCD33, 0xCC70, 0xD490, 0xCD13, 0xCCF3, 0xCD33, 0xCD33, 0xCD34, 
  0xC554, 0xC553, 0xC554, 0xC533, 0xC553, 0xC554, 0xC554, 0xC554, 0xC533, 0xBD33, 0xC533, 0xC533, 
  0xBD53, 0xBD33, 0xBD12, 0xBD54, 0xBD33, 0xBD33, 0xBD54, 0xBD33, 0xBD74, 0xBD74, 0xB574, 0xB554, 
  0xB533, 0xB554, 0xB554, 0xB554, 0xB574, 0xAD74, 0xAD74, 0xAD54, 0xAD74, 0xAD95, 0xAD95, 0xAD75, 
  0xAD54, 0xAD34, 0xAD54, 0xAD54, 0xAD33, 0xA533, 0xA533, 0xAD95, 0xA575, 0xA554, 0xA574, 0xA574, 
  0xA574, 0xA554, 0xA4F3, 0xA512, 0xA4D2, 0xA4D2, 0x9D54, 0x9CF3, 0x9CD1, 0x9CF2, 0x9C91, 0x9C91, 
  0x9CB1, 0xA491, 0x9C70, 0x9D13, 0x9575, 0x9554, 0x9533, 0x9513, 0x8D34, 0x9533, 0x94D2, 0x9553, 
  0x9595, 0x8D54, 0x9555, 0x9D95, 0x9595, 0x9575, 0x9DB6, 0x9DB6, 0x9595, 0x9595, 0x9595, 0x9D95, 
  0x9D95, 0x9595, 0x9D95, 0x9D75, 0x9554, 0x8D54, 0x8D54, 0x9D95, 0x9D95, 0x9D95, 0x9595, 0x9595, 
  0x9575, 0x9575, 0x9595, 0x9575, 0x9575, 0x8D54, 0x9575, 0x8D54, 0x8D34, 0x9595, 0x9595, 0x9575, 
  0x9575, 0x9575, 0x9D95, 0x9D75, 0x9DB6, 0xA5B6, 0xA5B6, 0x9575, 0x8D54, 0x9D75, 0x9575, 0x8D55, 
  0x9575, 0x9575, 0x8D55, 0x9575, 0x9575, 0x8D75, 0x8D55, 0x8D75, 0x8D55, 0x9575, 0x9575, 0x9575, 
  0x9595, 0x9D95, 0x9DB6, 0x9DD6, 0xA5F7, 0xAE18, 0xAE58, 0xAE59, 0xB699, 0xBEBA, 0xC6DA, 0xBEDB, 
  0xBEBA, 0xC6DB, 0xC6FB, 0xB69A, 0xBEBA, 0xBEDA, 0xAE99, 0xB69A, 0xB699, 0xB699, 0xB6BA, 0xB6BA, 
  0xB699, 0xB6BA, 0xB6BA, 0x9658, 0xA679, 0xAE99, 0xA678, 0xAE99, 0xB6BA, 0xB6BA, 0xBEDA, 0xB6BA, 
  0xFE77, 0xFE57, 0xFE57, 0xFE37, 0xFE57, 0xFE78, 0xFDF6, 0xFE37, 0xFE98, 0xFE98, 0xFE78, 0xFE78, 
  0xFE78, 0xFE78, 0xFE78, 0xFE98, 0xFE78, 0xFE58, 0xFE78, 0xFE98, 0xFE98, 0xFE98, 0xFE98, 0xFE98, 
  0xFE78, 0xFE78, 0xFE78, 0xFE78, 0xFE78, 0xFE98, 0xFE57, 0xFE77, 0xFE78, 0xFE57, 0xFE57, 0xFE78, 
  0xFE78, 0xFE78, 0xFE99, 0xFED9, 0xFEB9, 0xFE78, 0xFE16, 0xF5F5, 0xF5D5, 0xF5B5, 0xEDB5, 0xEDB5, 
  0xED95, 0xEDB5, 0xEDB5, 0xEDB5, 0xED95, 0xED95, 0xEDD5, 0xEDD6, 0xEDD6, 0xEDB5, 0xE5B5, 0xEDB5, 
  0xE5B5, 0xE594, 0xE594, 0xE5D6, 0xE5D6, 0xED33, 0xECD2, 0xE5B5, 0xDDD6, 0xE5D6, 0xE5D6, 0xDDB6, 
  0xDDD6, 0xDDD6, 0xDDD6, 0xDDD6, 0xDDB5, 0xDDB5, 0xDDB5, 0xDDF6, 0xDDD6, 0xD5B5, 0xD5D6, 0xD5D6, 
  0xD5D6, 0xD5B5, 0xD554, 0xD5B5, 0xD5D6, 0xD5F6, 0xD5F6, 0xD5F6, 0xD5D5, 0xD5D5, 0xCDD6, 0xCDF6, 
  0xCDF6, 0xCDD6, 0xCDD6, 0xCDD6, 0xC5F6, 0xC5F7, 0xC5F6, 0xC5F6, 0xC5F7, 0xC617, 0xC617, 0xBE17, 
  0xC617, 0xBDD6, 0xC5D6, 0xBD74, 0xBDD6, 0xBDF6, 0xBDB5, 0xBDF6, 0xB5F6, 0xB5F6, 0xB5F7, 0xB5F7, 
  0xB5F7, 0xB5F7, 0xB5D6, 0xB575, 0xB5B5, 0xB595, 0xB5F6, 0xB5B5, 0xB533, 0xB513, 0xB533, 0xB554, 
  0xB553, 0xB533, 0xB533, 0xADB5, 0xADF7, 0xA617, 0xA5F6, 0xA5D6, 0xA5B6, 0xA5D6, 0xA5D6, 0xA5F6, 
  0xA617, 0xA617, 0xA617, 0xA617, 0xA617, 0xA5F6, 0xA617, 0xAE17, 0xA617, 0xA617, 0xA617, 0xA617, 
  0xA617, 0xAE38, 0xAE38, 0xAE38, 0xA617, 0x9DD6, 0x9DF6, 0xA617, 0xAE38, 0xB658, 0xAE38, 0xAE38, 
  0xA617, 0x95B5, 0x9DD6, 0x95B5, 0x8D75, 0x95B6, 0x95B6, 0x9595, 0x9595, 0x9DD6, 0xA5F7, 0xA617, 
  0xA5F7, 0xA617, 0xB658, 0xBE58, 0xBE59, 0xB659, 0xB638, 0xB638, 0xAE38, 0xAE18, 0xA617, 0xA617, 
  0xA617, 0xA5F7, 0x9DD6, 0x9DF7, 0x9DD6, 0x8575, 0x9DD6, 0x9DF7, 0x9DD6, 0x9DD7, 0xA617, 0xA5F7, 
  0xA5F7, 0xA617, 0xAE58, 0xAE58, 0xB659, 0xB679, 0xAE79, 0xB6BA, 0xBEBA, 0xBEDA, 0xBEDA, 0xC6FB, 
  0xC6FB, 0xBEBA, 0xB6BA, 0xAE79, 0xB6BA, 0xBEDB, 0xAE79, 0xAE79, 0xB6BA, 0xB6BA, 0xB6BA, 0xB699, 
  0xB699, 0xB699, 0xAE99, 0xAE99, 0xB6BA, 0xAE99, 0xAE99, 0xB6BA, 0xBEDB, 0xBEDB, 0xBEDB, 0xAE99, 
  0xFE58, 0xFE58, 0xFE58, 0xFE57, 0xFE57, 0xFE77, 0xFE37, 0xFE37, 0xFE16, 0xFE16, 0xFE37, 0xFE37, 
  0xFE78, 0xFE98, 0xFE98, 0xFE78, 0xFE78, 0xFE98, 0xFE78, 0xFE78, 0xFE78, 0xFE98, 0xFE98, 0xFE98, 
  0xFE98, 0xFE98, 0xFE98, 0xFE78, 0xFE37, 0xFE58, 0xFE78, 0xFE78, 0xFE58, 0xFE78, 0xFE78, 0xFE99, 
  0xFE99, 0xFE99, 0xFEB9, 0xFEB9, 0xFEB9, 0xFE78, 0xFE57, 0xFE37, 0xFE37, 0xFE37, 0xFE37, 0xFE57, 
  0xFDD5, 0xFDB5, 0xFE17, 0xFE37, 0xFE37, 0xFE37, 0xFE17, 0xFE37, 0xFE57, 0xF617, 0xFE37, 0xFE57, 
  0xF637, 0xFE57, 0xFE57, 0xFE57, 0xFE58, 0xFE16, 0xF574, 0xF637, 0xF678, 0xF637, 0xF637, 0xF658, 
  0xF658, 0xF658, 0xF678, 0xF658, 0xF617, 0xEE37, 0xEE58, 0xEE57, 0xEDF6, 0xEE37, 0xEE57, 0xEE58, 
  0xE678, 0xE678, 0xE658, 0xE678, 0xE678, 0xE678, 0xE678, 0xE637, 0xE637, 0xE658, 0xE678, 0xDE78, 
  0xDE78, 0xDE58, 0xDE78, 0xDE78, 0xDE78, 0xDE58, 0xDE58, 0xDE79, 0xD699, 0xD6B9, 0xD699, 0xD6BA, 
  0xD6BA, 0xD699, 0xD658, 0xD617, 0xCE78, 0xCE79, 0xCE78, 0xCE99, 0xCE99, 0xC699, 0xC699, 0xC699, 
  0xC699, 0xC699, 0xC678, 0xC678, 0xC658, 0xBE78, 0xC658, 0xBDB5, 0xC5B5, 0xC5B5, 0xC5D6, 0xC5B5, 
  0xC5D5, 0xBE17, 0xB658, 0xB678, 0xB637, 0xB658, 0xB678, 0xB679, 0xB699, 0xB679, 0xB699, 0xB699, 
  0xB679, 0xB6B9, 0xB6BA, 0xB699, 0xB699, 0xB699, 0xB679, 0xB699, 0xB6B9, 0xB699, 0xB699, 0xAE99, 
  0xB679, 0xB699, 0xB699, 0xB699, 0xAE79, 0xB699, 0xB6B9, 0xB679, 0xC6FB, 0xCEFB, 0xB699, 0xB699, 
  0xB699, 0xB699, 0xBEBA, 0xAE79, 0xA638, 0xAE99, 0xB699, 0xB699, 0xB6BA, 0xA638, 0xA638, 0xB6B9, 
  0xAE79, 0xC6DA, 0xCEDA, 0xC6DA, 0xCEFB, 0xCEFB, 0xCEFB, 0xC6DB, 0xBEBA, 0xB6BA, 0xB699, 0xB699, 
  0xAE79, 0xAE79, 0xB679, 0xB679, 0xB699, 0xAE58, 0xAE79, 0xAE79, 0xAE79, 0xAE99, 0xB699, 0xB699, 
  0xBEBA, 0xBEBA, 0xBEBA, 0xBEDA, 0xBEDA, 0xBEBA, 0xA658, 0xB6BA, 0xBEDA, 0xBEDA, 0xBEDB, 0xC6FB, 
  0xC6FB, 0xC6FB, 0xAE99, 0xAE79, 0xB6BA, 0xB6BA, 0xB6BA, 0xB6BA, 0xB6BA, 0xB6BA, 0xB699, 0xB699, 
  0xB699, 0xB6BA, 0xB699, 0xB69A, 0xBEBA, 0xB6BA, 0xB6BA, 0xBEDA, 0xBEBA, 0xC6DB, 0xBEDA, 0xB6BA, 
  0xFE57, 0xFE58, 0xFE58, 0xFE78, 0xFE58, 0xFE37, 0xFE57, 0xFE57, 0xFDB5, 0xFD12, 0xFD94, 0xFE57, 
  0xFE78, 0xFE98, 0xFE98, 0xFE98, 0xFE98, 0xFE98, 0xFE78, 0xFE78, 0xFE78, 0xFE99, 0xFE98, 0xFE98, 
  0xFE98, 0xFE98, 0xFE98, 0xFE57, 0xFE57, 0xFE37, 0xFE57, 0xFE98, 0xFE37, 0xFE37, 0xFE78, 0xFE78, 
  0xFE78, 0xFE99, 0xFEB9, 0xFED9, 0xFE98, 0xFE17, 0xFE37, 0xFE37, 0xFE57, 0xFE78, 0xFE78, 0xFE78, 
  0xFE37, 0xFE57, 0xFE57, 0xFE57, 0xFE57, 0xFE57, 0xFE37, 0xFE78, 0xFE78, 0xFE78, 0xFE57, 0xFE57, 
  0xFE58, 0xFE78, 0xFE78, 0xFE78, 0xFE98, 0xFE78, 0xF5D5, 0xFE57, 0xFE99, 0xFE78, 0xFE57, 0xFE78, 
  0xFE79, 0xFE99, 0xFE99, 0xFE98, 0xF678, 0xF698, 0xF699, 0xF678, 0xF658, 0xF678, 0xEE57, 0xF678, 
  0xEE78, 0xEE99, 0xEE99, 0xEEB9, 0xEEB9, 0xEE78, 0xEE37, 0xEE58, 0xEE98, 0xE699, 0xE6B9, 0xE699, 
  0xE698, 0xE698, 0xE678, 0xE699, 0xE698, 0xDE78, 0xE699, 0xDEB9, 0xDEB9, 0xDED9, 0xDEDA, 0xD6DA, 
  0xD6DA, 0xD699, 0xD678, 0xD658, 0xD6B9, 0xCEB9, 0xD6D9, 0xCEB9, 0xCEB9, 0xCEB9, 0xCEB9, 0xCEB9, 
  0xCEB9, 0xCEB9, 0xCEB9, 0xCEB9, 0xCE99, 0xC657, 0xC698, 0xC637, 0xC5F6, 0xC637, 0xC616, 0xC5F6, 
  0xC616, 0xBE99, 0xB6B9, 0xBEB9, 0xBE78, 0xBE78, 0xBE17, 0xBE99, 0xB699, 0xBE78, 0xBE99, 0xBE99, 
  0xBEB9, 0xBEBA, 0xBEBA, 0xB699, 0xBEBA, 0xB6B9, 0xB699, 0xBEDA, 0xBEDA, 0xB699, 0xB699, 0xBEBA, 
  0xC6FB, 0xB699, 0xB6BA, 0xB699, 0xB6BA, 0xB6BA, 0xBEDA, 0xBEBA, 0xC6FB, 0xCF3B, 0xCF1B, 0xCEFB, 
  0xCF1B, 0xBEFA, 0xBEFA, 0xBEFA, 0xC71B, 0xC6FB, 0xC71B, 0xBEFA, 0xC6FB, 0xBEFB, 0xB6BA, 0xB6B9, 
  0xBEDA, 0xC6DA, 0xC6FA, 0xBEDA, 0xC6FB, 0xD73C, 0xD71C, 0xC6FB, 0xBEDA, 0xBEDA, 0xBEDA, 0xBEBA, 
  0xB6BA, 0xC6DB, 0xBEDB, 0xC6DA, 0xC6FB, 0xBEDB, 0xB6BA, 0xB6BA, 0xB6BA, 0xB6DA, 0xB6B9, 0xB6BA, 
  0xBEDA, 0xBEFB, 0xBEFB, 0xBEDA, 0xB6BA, 0xAE99, 0x9E58, 0xB6BA, 0xB699, 0xB6BA, 0xBEDB, 0xA678, 
  0x9E58, 0xB6BA, 0xBEBA, 0xB6BA, 0xB699, 0xAE99, 0xB6BA, 0xBEDA, 0xB6BA, 0xB6BA, 0xAE99, 0xB699, 
  0xB699, 0xB6BA, 0xB699, 0xB6BA, 0xB6BA, 0xB69A, 0xB6BA, 0xB6BA, 0xBEBA, 0xC6DB, 0xBEDA, 0xBEDB, 
  0xFE58, 0xFE58, 0xFE58, 0xFE58, 0xFE58, 0xFE37, 0xFE57, 0xFE78, 0xFE57, 0xFE16, 0xFE16, 0xFE98, 
  0xFE98, 0xFE98, 0xFE98, 0xFE98, 0xFED9, 0xFEB9, 0xFE99, 0xFE78, 0xFE78, 0xFE99, 0xFE78, 0xFE78, 
  0xFE78, 0xFE98, 0xFE98, 0xFE99, 0xFE78, 0xFE37, 0xFE57, 0xFE78, 0xFE78, 0xFE57, 0xFE78, 0xFE98, 
  0xFE99, 0xFEB9, 0xFEB9, 0xFEB9, 0xFE78, 0xFE37, 0xFE57, 0xFE57, 0xFE58, 0xFE78, 0xFE78, 0xFE57, 
  0xFE98, 0xFE98, 0xFE37, 0xFE57, 0xFE78, 0xFE57, 0xFE37, 0xFE16, 0xFE57, 0xFE78, 0xFE58, 0xFE57, 
  0xFE17, 0xFE78, 0xFE98, 0xFE98, 0xFE78, 0xFE78, 0xFE16, 0xFDF6, 0xFE78, 0xFE78, 0xFE37, 0xFE58, 
  0xFE78, 0xF699, 0xF679, 0xF678, 0xF698, 0xF698, 0xF6B9, 0xF678, 0xEE78, 0xEE78, 0xF678, 0xEE78, 
  0xEE98, 0xEE58, 0xEE37, 0xEE78, 0xEE78, 0xEE37, 0xEE57, 0xEE98, 0xE699, 0xE699, 0xE699, 0xE698, 
  0xE699, 0xE6B9, 0xE678, 0xE699, 0xE6B9, 0xE678, 0xE699, 0xDEB9, 0xDEB9, 0xDEB9, 0xDEDA, 0xD6FA, 
  0xD6DA, 0xD699, 0xD678, 0xDE37, 0xD658, 0xCEDA, 0xCEB9, 0xCEB9, 0xCEB9, 0xCE99, 0xCE99, 0xCEB9, 
  0xCEB9, 0xCE99, 0xC678, 0xCE99, 0xCEB9, 0xCE99, 0xC658, 0xC698, 0xC679, 0xC699, 0xC678, 0xC658, 
  0xBE78, 0xBE99, 0xBEBA, 0xBEB9, 0xB678, 0xBE98, 0xB678, 0xB699, 0xBE79, 0xBE37, 0xB5F6, 0xB658, 
  0xB699, 0xBEDA, 0xBEB9, 0xB699, 0xBEDA, 0xB6B9, 0xBEBA, 0xBEBA, 0xB699, 0xB679, 0xAE58, 0xB699, 
  0xBEDA, 0xB699, 0xB6BA, 0xB699, 0xB699, 0xB699, 0xAE79, 0xBEDA, 0xBEDA, 0xC6FA, 0xCF1B, 0xD71B, 
  0xD71C, 0xC6FB, 0xBEDA, 0xBEDA, 0xC6FB, 0xC6DA, 0xCEFB, 0xCEFB, 0xC6FB, 0xBEDA, 0xBEDA, 0xBEDA, 
  0xBEDA, 0xB6B9, 0xB6BA, 0xBEDA, 0xB6BA, 0xCF1C, 0xCF1C, 0xCEFB, 0xC6DA, 0xC6DB, 0xBEDA, 0xB6BA, 
  0xB69A, 0xBEDB, 0xBEDB, 0xC6DA, 0xC6DA, 0xBEDA, 0xBEDB, 0xBEBA, 0xBEDA, 0xC6DA, 0xB6B9, 0xAE99, 
  0xBEDA, 0xB6DA, 0xBEFA, 0xBEDA, 0xB6BA, 0xB6BA, 0xAE99, 0xB69A, 0xB6BA, 0xB6BA, 0xBEDA, 0xB6BA, 
  0x9E58, 0xAE99, 0xB6BA, 0xB6DA, 0xBEBA, 0xAE99, 0xAEB9, 0xB6BA, 0xBEDA, 0xB6BA, 0xB699, 0xB699, 
  0xAE99, 0xAE99, 0xB699, 0xB69A, 0xB69A, 0xBEDA, 0xAE79, 0xAE99, 0xBEDA, 0xB6BA, 0xB6BA, 0xBEBA, 
  0xFE78, 0xFE78, 0xFE78, 0xFE58, 0xFE58, 0xFE58, 0xFE57, 0xFE37, 0xFE58, 0xFE58, 0xFE37, 0xFE78, 
  0xFE98, 0xFE78, 0xFE98, 0xFE98, 0xFEB9, 0xFEB9, 0xFEB9, 0xFE78, 0xFE78, 0xFE99, 0xFE98, 0xFE78, 
  0xFE78, 0xFE78, 0xFE98, 0xFE98, 0xFE78, 0xFE78, 0xFE37, 0xFE58, 0xFE98, 0xFE78, 0xFE98, 0xFE98, 
  0xFE99, 0xFE99, 0xFEB9, 0xFEB9, 0xFE99, 0xFE37, 0xFE58, 0xFE77, 0xFE78, 0xFE78, 0xFE57, 0xFE16, 
  0xFE57, 0xFE57, 0xFE37, 0xFE57, 0xFE36, 0xFE57, 0xFE57, 0xFDF6, 0xFE57, 0xFE57, 0xFE78, 0xFE78, 
  0xFE37, 0xFE78, 0xFE78, 0xFE78, 0xFE98, 0xFE57, 0xFE37, 0xFE78, 0xFE58, 0xFE37, 0xFE57, 0xFE78, 
  0xFE98, 0xF698, 0xF658, 0xF638, 0xF678, 0xF678, 0xF699, 0xF617, 0xF637, 0xEE57, 0xEE57, 0xEE99, 
  0xEE99, 0xEE98, 0xEE78, 0xEE78, 0xEE78, 0xEE78, 0xEE78, 0xE678, 0xE699, 0xE699, 0xE657, 0xE678, 
  0xE699, 0xE698, 0xE699, 0xE699, 0xE698, 0xE698, 0xDEB9, 0xDEB9, 0xDE99, 0xDE98, 0xD699, 0xD6DA, 
  0xD6BA, 0xD6DA, 0xD699, 0xD678, 0xD637, 0xD699, 0xCEBA, 0xCEDA, 0xCEDA, 0xCEB9, 0xCE99, 0xCEB9, 
  0xCEB9, 0xCE99, 0xCE99, 0xCE99, 0xCE99, 0xCEB9, 0xCE58, 0xC657, 0xC699, 0xC6B9, 0xC6B9, 0xBEB9, 
  0xBEB9, 0xBEB9, 0xC6FA, 0xC6DA, 0xBEB9, 0xBEB9, 0xB658, 0xB637, 0xB678, 0xB678, 0xBE99, 0xB678, 
  0xB679, 0xB6B9, 0xBEBA, 0xB699, 0xB6B9, 0xBEBA, 0xB699, 0xB699, 0xB6BA, 0xBEDA, 0xB699, 0xBEBA, 
  0xB6BA, 0xB6BA, 0xB699, 0xAE79, 0xB6B9, 0xB699, 0xA638, 0xAE99, 0xC6DA, 0xCF1B, 0xCF1B, 0xCF1B, 
  0xCF1B, 0xC6FB, 0xBEDA, 0xBEDA, 0xBEDA, 0xBEDA, 0xCF1B, 0xCF1B, 0xC6DA, 0xBEDA, 0xBEDA, 0xBEDA, 
  0xB6BA, 0xB6B9, 0xAEB9, 0xBEDA, 0xB6BA, 0xB6BA, 0xC6FB, 0xCF1C, 0xC6DB, 0xBEDA, 0xC6DA, 0xC6DB, 
  0xC6DA, 0xBEBA, 0xBEDA, 0xBEDA, 0xC6DA, 0xBEDA, 0xB6BA, 0xAE99, 0xB6BA, 0xBEBA, 0xB6BA, 0xB6BA, 
  0xBEDA, 0xBEDA, 0xBEFA, 0xBEFA, 0xBEDA, 0xBEDA, 0xB6BA, 0xBEBA, 0xBEDA, 0xBEBA, 0xBEBA, 0xBEDA, 
  0xC6FB, 0xB6BA, 0xB6BA, 0xAEBA, 0xA679, 0xAEBA, 0xAE9A, 0xAE9A, 0xAE99, 0xB6BA, 0xB6BA, 0xB69A, 
  0xB69A, 0xB6BA, 0xB6BA, 0xB6BA, 0xB69A, 0xBEDA, 0xB699, 0xB6BA, 0xBEDA, 0xAE79, 0xA679, 0xB699, 
  0xFE78, 0xFE78, 0xFE98, 0xFE78, 0xFE58, 0xFE58, 0xFDF6, 0xFE16, 0xFE37, 0xFE78, 0xFE37, 0xFE57, 
  0xFE99, 0xFE79, 0xFE98, 0xFEB9, 0xFEB9, 0xFEDA, 0xFEDA, 0xFE99, 0xFE78, 0xFE98, 0xFE99, 0xFE78, 
  0xFE78, 0xFE78, 0xFE98, 0xFE78, 0xFE78, 0xFE98, 0xFE98, 0xFE78, 0xFE98, 0xFE78, 0xFE78, 0xFE98, 
  0xFE99, 0xFE99, 0xFE99, 0xFE99, 0xFEB9, 0xFE58, 0xFE37, 0xFE78, 0xFE78, 0xFE78, 0xFE57, 0xFE78, 
  0xFE37, 0xFE57, 0xFE57, 0xFE16, 0xFDD5, 0xFE57, 0xFE57, 0xFE78, 0xFE98, 0xFE77, 0xFE78, 0xFE78, 
  0xFE98, 0xFE78, 0xFE58, 0xFE57, 0xFE78, 0xFE16, 0xF5F5, 0xFE78, 0xFE78, 0xFE58, 0xFE58, 0xF658, 
  0xF678, 0xF698, 0xFE78, 0xF678, 0xF698, 0xF678, 0xF699, 0xF678, 0xF678, 0xF658, 0xEE57, 0xF657, 
  0xEE78, 0xEE99, 0xEE78, 0xEE99, 0xE6B9, 0xE6B9, 0xE699, 0xE699, 0xE699, 0xE698, 0xE657, 0xE678, 
  0xE698, 0xE698, 0xE698, 0xDE98, 0xDEB9, 0xDEB9, 0xDED9, 0xDEBA, 0xDE99, 0xDE98, 0xDE99, 0xDEDA, 
  0xD6DA, 0xD6DA, 0xD6FA, 0xD698, 0xDE57, 0xD658, 0xCEB9, 0xCEDA, 0xCEFA, 0xCEB9, 0xCE99, 0xCE99, 
  0xCE99, 0xCE99, 0xCE99, 0xCEB9, 0xC699, 0xC699, 0xCE99, 0xC658, 0xC699, 0xC6B9, 0xC6B9, 0xBEB9, 
  0xBE99, 0xBE99, 0xBEB9, 0xC6FA, 0xC6FB, 0xBE99, 0xBE17, 0xBDF6, 0xBE78, 0xB678, 0xB699, 0xB699, 
  0xB6B9, 0xB6BA, 0xB6BA, 0xB699, 0xB698, 0xAE37, 0xAE58, 0xB6BA, 0xB6BA, 0xBEDA, 0xB6B9, 0xB6BA, 
  0xBEDA, 0xBEDA, 0xB6BA, 0xAE78, 0xAE78, 0xAE79, 0xAE79, 0xB699, 0xC6FA, 0xBEDA, 0xB699, 0xB699, 
  0xC6DA, 0xBEDA, 0xBEDA, 0xBEDA, 0xBEDA, 0xBEDA, 0xC6FA, 0xC6FB, 0xBEFA, 0xBEDA, 0xB6BA, 0xB6DA, 
  0xA658, 0xAE99, 0xB6BA, 0xBEDA, 0xBEDA, 0xB6DA, 0xBEDA, 0xCF1C, 0xCEFB, 0xC6DA, 0xC6DA, 0xBEDA, 
  0xC6DA, 0xBEDA, 0xBEDA, 0xBEDA, 0xB6BA, 0xBEDA, 0xB6BA, 0xAE99, 0xB6BA, 0xB6BA, 0xB6BA, 0xB6BA, 
  0xB6BA, 0xBEBA, 0xBEFA, 0xBEDA, 0xBEDA, 0xBEFB, 0xBEDA, 0xBEBA, 0xBEBA, 0xBEBA, 0xBEDB, 0xC6DB, 
  0xBEDB, 0xBEBA, 0xB6B9, 0xB6BA, 0x9E58, 0x9E78, 0xAEBA, 0xAE99, 0xAE99, 0xAE99, 0xB6BA, 0xB6BA, 
  0xBEBA, 0xB6BA, 0xB6BA, 0xB6BA, 0xB6BA, 0xAE99, 0xB6BA, 0xBEDA, 0xBEDA, 0xB6BA, 0xAE99, 0xB6BA, 
  0xFE57, 0xFE78, 0xFE78, 0xFE78, 0xFE57, 0xFE58, 0xFE37, 0xFE57, 0xFE78, 0xFE98, 0xFE57, 0xFE37, 
  0xFE98, 0xFEB8, 0xFE98, 0xFE99, 0xFEB9, 0xFEB9, 0xFEB9, 0xFE78, 0xFE98, 0xFE98, 0xFE98, 0xFE78, 
  0xFE78, 0xFE78, 0xFE98, 0xFE78, 0xFE78, 0xFE78, 0xFE98, 0xFE98, 0xFE98, 0xFE98, 0xFE78, 0xFE78, 
  0xFE78, 0xFE78, 0xFE98, 0xFE98, 0xFE99, 0xFE57, 0xFDB5, 0xFE16, 0xFE78, 0xFE78, 0xFE98, 0xFE98, 
  0xFE98, 0xFE78, 0xFE78, 0xFE16, 0xFE78, 0xFE98, 0xFE57, 0xFE78, 0xFE98, 0xFE78, 0xFE78, 0xFE98, 
  0xFE78, 0xFE57, 0xFE78, 0xFE57, 0xFE58, 0xFE37, 0xF574, 0xFDF6, 0xFE78, 0xFE78, 0xFE78, 0xFE58, 
  0xFE58, 0xF658, 0xF678, 0xFE78, 0xF657, 0xF679, 0xF699, 0xF657, 0xEE78, 0xEE78, 0xF617, 0xF5D5, 
  0xEE78, 0xEE99, 0xEE98, 0xEE99, 0xEEB9, 0xEE78, 0xE658, 0xE678, 0xE6BA, 0xE6DA, 0xE698, 0xE678, 
  0xE699, 0xE699, 0xE698, 0xE699, 0xDEB9, 0xDE99, 0xDEB9, 0xDEB9, 0xDE98, 0xDE99, 0xD699, 0xD6DA, 
  0xD6FA, 0xD6FB, 0xD6FB, 0xD699, 0xD637, 0xD658, 0xCEBA, 0xCEDA, 0xCED9, 0xCEB9, 0xCE99, 0xCE99, 
  0xCE99, 0xCE99, 0xC699, 0xCEB9, 0xC6B9, 0xC6B9, 0xC6B9, 0xC699, 0xC6B9, 0xC6D9, 0xC679, 0xBE58, 
  0xBE78, 0xBE37, 0xBE78, 0xBEB9, 0xBEBA, 0xBEB9, 0xBE58, 0xBDD5, 0xBDF6, 0xBE79, 0xB699, 0xB699, 
  0xB6B9, 0xB6B9, 0xB6B9, 0xB699, 0xB699, 0xAE78, 0xB678, 0xB6BA, 0xB6BA, 0xB6BA, 0xB6BA, 0xB6DA, 
  0xB6BA, 0xB6B9, 0xB699, 0xAE78, 0xB699, 0xAE99, 0xA658, 0xB6BA, 0xBEBA, 0xAE99, 0xAE58, 0xA657, 
  0xB699, 0xB6B9, 0xBEBA, 0xBEBA, 0xBEDA, 0xB6B9, 0xBEBA, 0xBEDA, 0xBEDA, 0xBEDA, 0xA678, 0xA658, 
  0xAEB9, 0xAE79, 0xBEBA, 0xB6DA, 0xBEDA, 0xBEDA, 0xBEDA, 0xC71B, 0xD71C, 0xC6DB, 0xC6DA, 0xBEDA, 
  0xBEDA, 0xB6BA, 0xBEDA, 0xB6DA, 0xB6BA, 0xBEDA, 0xB6BA, 0xAE99, 0xB6BA, 0xB6BA, 0xB6BA, 0xB6BA, 
  0xB6BA, 0xB6BA, 0xBEDA, 0xBEFB, 0xBEDA, 0xC6FB, 0xBEDB, 0xB6BA, 0xBEBA, 0xBEBA, 0xBEDA, 0xBEDB, 
  0xB6BA, 0xB6BA, 0xB6BA, 0xB6B9, 0xB6BA, 0xA679, 0xA679, 0xAE99, 0xAEBA, 0xAE99, 0xAE99, 0xAE99, 
  0xB6BA, 0xAE99, 0xAE99, 0xAEBA, 0xAE99, 0x8617, 0x9E58, 0xBEDA, 0xBEDA, 0xB6BA, 0xB6BA, 0xAE99, 
  0xFE57, 0xFE57, 0xFE77, 0xFE37, 0xFE37, 0xFE58, 0xFE78, 0xFE78, 0xFE98, 0xFE98, 0xFE78, 0xFE37, 
  0xFE57, 0xFE98, 0xFE37, 0xFE37, 0xFE98, 0xFEB9, 0xFEB9, 0xFE98, 0xFEB9, 0xFEB9, 0xFE98, 0xFE98, 
  0xFE78, 0xFE78, 0xFE79, 0xFE98, 0xFE78, 0xFE78, 0xFE78, 0xFE98, 0xFE98, 0xFEB9, 0xFE98, 0xFE78, 
  0xFE78, 0xFE57, 0xFE78, 0xFE99, 0xFEB9, 0xFE98, 0xFE37, 0xFDF6, 0xFE58, 0xFE98, 0xFE98, 0xFE98, 
  0xFE98, 0xFE98, 0xFE98, 0xFE78, 0xFE99, 0xFE78, 0xFE78, 0xFE37, 0xFE37, 0xFE78, 0xFE78, 0xFE77, 
  0xFE78, 0xFE57, 0xFE37, 0xFE37, 0xFE57, 0xFE78, 0xFDB5, 0xFDF6, 0xFE58, 0xFE58, 0xFE78, 0xFE78, 
  0xF657, 0xF678, 0xF678, 0xF657, 0xF637, 0xF678, 0xF698, 0xF616, 0xF658, 0xF637, 0xF5D6, 0xF658, 
  0xE6B9, 0xE6B9, 0xE699, 0xEE78, 0xEE37, 0xEE37, 0xEE58, 0xE698, 0xE6D9, 0xE6DA, 0xE6B9, 0xE698, 
  0xE699, 0xE678, 0xE699, 0xE699, 0xE699, 0xE699, 0xDE99, 0xDE98, 0xDE78, 0xDE99, 0xD699, 0xD6B9, 
  0xCEFA, 0xCEFB, 0xD6FB, 0xD699, 0xD637, 0xD637, 0xCEB9, 0xCEB9, 0xCEB9, 0xCEB9, 0xCE99, 0xCE99, 
  0xCE99, 0xCE99, 0xC6B9, 0xC699, 0xCE99, 0xC699, 0xC6DA, 0xC698, 0xC658, 0xC6B9, 0xC6D9, 0xC678, 
  0xC699, 0xBEB9, 0xBE58, 0xBE98, 0xBEDA, 0xBED9, 0xBE79, 0xBE37, 0xBDF6, 0xBE37, 0xBE79, 0xB699, 
  0xB699, 0xBEB9, 0xBEBA, 0xB6B9, 0xB6B9, 0xB6B9, 0xB699, 0xB699, 0xB6BA, 0xB69A, 0xAE79, 0xAE99, 
  0xAE99, 0xAE99, 0xAE79, 0xA617, 0xB699, 0xB6BA, 0xA678, 0xA658, 0xA658, 0xAE99, 0xAE78, 0xA678, 
  0xA637, 0xA637, 0xB6B9, 0xAE78, 0xAE79, 0xB699, 0xBEBA, 0xBEDA, 0xBEDA, 0xBEDA, 0xB699, 0xA678, 
  0xB6BA, 0xBEDA, 0xB6BA, 0xB6BA, 0xBEDA, 0xC6DA, 0xBEDA, 0xBEDA, 0xC6FB, 0xC6DB, 0xBEDA, 0xBEDA, 
  0xB6BA, 0xB6DA, 0xBEDA, 0xB6DA, 0xB6BA, 0xBEDA, 0xBEDA, 0xAE9A, 0xAE99, 0xB6BA, 0xAE99, 0xAE99, 
  0xA679, 0xAE79, 0xBEFB, 0xB699, 0xAE99, 0xBEDA, 0xC6FB, 0xBEDA, 0xBEDB, 0xBEBA, 0xB6BA, 0xB6BA, 
  0xB6BA, 0xAE99, 0xAE99, 0xAE99, 0xAE99, 0xAE99, 0xA699, 0xA679, 0x9E58, 0xA699, 0xAE9A, 0xAE99, 
  0xB6BA, 0xB6BA, 0xAE99, 0xAE99, 0xB699, 0x9E78, 0x8E17, 0xAE79, 0xB6BA, 0xAE99, 0xAE99, 0xAE99, 
  0xFE57, 0xFE37, 0xFE37, 0xFE17, 0xFE37, 0xFE37, 0xFE37, 0xFE58, 0xFE78, 0xFE78, 0xFE57, 0xFE37, 
  0xFE16, 0xFE37, 0xFE37, 0xFE16, 0xFE78, 0xFED9, 0xFEB9, 0xFE78, 0xFE98, 0xFE78, 0xFE98, 0xFE98, 
  0xFE98, 0xFE78, 0xFE78, 0xFE78, 0xFE78, 0xFE57, 0xFE37, 0xFE78, 0xFE78, 0xFE98, 0xFEB9, 0xFE78, 
  0xFE57, 0xFE78, 0xFE98, 0xFE99, 0xFEB9, 0xFE98, 0xFE57, 0xFE98, 0xFE78, 0xFE98, 0xFE78, 0xFE78, 
  0xFE98, 0xFE98, 0xFE98, 0xFE78, 0xFE58, 0xFE78, 0xFE98, 0xFE57, 0xFE57, 0xFE78, 0xFE78, 0xFE57, 
  0xFE78, 0xFE58, 0xFE37, 0xFE57, 0xFE78, 0xFE98, 0xFDB5, 0xFE16, 0xFE78, 0xFE58, 0xFE78, 0xFE78, 
  0xF678, 0xF678, 0xF678, 0xF637, 0xF616, 0xF617, 0xF657, 0xF658, 0xF6B9, 0xF617, 0xF595, 0xF637, 
  0xEE98, 0xEE98, 0xEE99, 0xEE37, 0xEE16, 0xEE16, 0xEE78, 0xEE99, 0xE678, 0xE698, 0xE678, 0xE678, 
  0xE699, 0xE699, 0xE699, 0xDEB9, 0xE699, 0xE699, 0xDE99, 0xDE98, 0xD698, 0xD6B9, 0xD6B9, 0xD6B9, 
  0xD6DA, 0xCEFB, 0xCEFA, 0xD6B9, 0xD699, 0xD678, 0xD638, 0xCE99, 0xCEB9, 0xCEB9, 0xCEB9, 0xCEB9, 
  0xCE99, 0xC6B9, 0xC6BA, 0xC6BA, 0xC6B9, 0xC6B9, 0xC6B9, 0xC6B9, 0xC637, 0xC637, 0xC6BA, 0xC678, 
  0xC617, 0xC678, 0xBE37, 0xC658, 0xBEB9, 0xC6D9, 0xBE78, 0xBE99, 0xBE37, 0xBE16, 0xBE99, 0xB679, 
  0xB678, 0xB699, 0xB699, 0xBEDA, 0xB658, 0xB637, 0xB6B9, 0xAE58, 0xAE37, 0xB699, 0xAE79, 0xAE99, 
  0xAE99, 0xAE99, 0xB6BA, 0xAE58, 0xAE58, 0xAE79, 0xB699, 0xAE79, 0xA678, 0xAE99, 0xA658, 0xA678, 
  0xA678, 0x95F6, 0xA678, 0xA678, 0xA637, 0x9E17, 0xB679, 0xBEDA, 0xBEDA, 0xBEBA, 0xBEDA, 0xBEDA, 
  0xB6BA, 0xBEDA, 0xBEDA, 0xBEBA, 0xC6DA, 0xC6DA, 0xBEDA, 0xB699, 0xBEDA, 0xBEDA, 0xBEDA, 0xBEDA, 
  0xB6BA, 0xB6DA, 0xBEDA, 0xAE79, 0xAE79, 0xB6BA, 0xB6B9, 0xB6BA, 0xAE79, 0xAEB9, 0xAEB9, 0xAE99, 
  0xAE99, 0xB6BA, 0xBEBA, 0xB699, 0xB6BA, 0xBEBA, 0xC6FB, 0xBEDA, 0xBEDB, 0xBEBA, 0xBEDA, 0xB6BA, 
  0xAE99, 0xAE99, 0xAE99, 0xB699, 0xAE99, 0xAE99, 0xAE99, 0xAE99, 0x9658, 0x9638, 0xB6BA, 0xBEDA, 
  0xBEDA, 0xB6BA, 0xB6BA, 0xB6BA, 0xB6BA, 0xB6BA, 0x9E58, 0x9E58, 0xB699, 0xAE79, 0xAE99, 0xB69A, 
  0xFE37, 0xFE57, 0xFE37, 0xFDF6, 0xFE16, 0xFE77, 0xFE37, 0xFE37, 0xFE57, 0xFE98, 0xFE58, 0xFE16, 
  0xFE36, 0xFE77, 0xFE37, 0xFE57, 0xFE78, 0xFE98, 0xFE98, 0xFE98, 0xFE98, 0xFE78, 0xFE98, 0xFE98, 
  0xFE78, 0xFE78, 0xFE78, 0xFE78, 0xFE78, 0xFE57, 0xFE57, 0xFE78, 0xFE78, 0xFE78, 0xFE99, 0xFE99, 
  0xFE99, 0xFE78, 0xFE98, 0xFE99, 0xFEB9, 0xFEB9, 0xFE78, 0xFE78, 0xFE98, 0xFE78, 0xFE58, 0xFE58, 
  0xFE57, 0xFE98, 0xFE98, 0xFE98, 0xFE58, 0xFE78, 0xFE98, 0xFE98, 0xFE78, 0xFE78, 0xFE78, 0xFE78, 
  0xFE98, 0xFE57, 0xFE37, 0xFE57, 0xFE57, 0xFE78, 0xF594, 0xFE37, 0xFE58, 0xFE58, 0xFE78, 0xF678, 
  0xF6B9, 0xF678, 0xF657, 0xF678, 0xF658, 0xFE78, 0xF678, 0xF699, 0xF6B9, 0xF678, 0xF616, 0xF637, 
  0xEE78, 0xEE79, 0xEE78, 0xEE16, 0xF616, 0xEDF6, 0xEE37, 0xEE98, 0xEE78, 0xE657, 0xE658, 0xE678, 
  0xDE99, 0xDEB9, 0xDEB9, 0xE6B9, 0xE699, 0xDEB9, 0xDEB9, 0xDE99, 0xDE98, 0xD699, 0xD6B9, 0xD6B9, 
  0xD6B9, 0xCEDA, 0xD6FA, 0xD6B9, 0xD6B9, 0xD678, 0xD617, 0xD699, 0xD6B9, 0xCEB9, 0xCEDA, 0xCEB9, 
  0xCE99, 0xC6B9, 0xC6BA, 0xC6BA, 0xC6B9, 0xC6B9, 0xC6BA, 0xC6BA, 0xC678, 0xC698, 0xC6B9, 0xC617, 
  0xC5F6, 0xC658, 0xC616, 0xBDF6, 0xBEB9, 0xBEDA, 0xBE37, 0xBE37, 0xBE78, 0xBDF6, 0xB679, 0xB679, 
  0xBE79, 0xBE99, 0xB659, 0xB6B9, 0xBE99, 0xB617, 0xB699, 0xAE78, 0xADD5, 0xAE16, 0xAE99, 0xAE99, 
  0xAE99, 0xAE99, 0xAE99, 0xB6B9, 0xB6BA, 0xAE58, 0xAE38, 0xB6BA, 0xB699, 0xAE78, 0xAE78, 0xA637, 
  0x9DF6, 0x9E17, 0xAE99, 0xA658, 0xA678, 0xA637, 0xA658, 0xBEDA, 0xBEDA, 0xB699, 0xB6BA, 0xBEDA, 
  0xBEDA, 0xB6BA, 0xBEDA, 0xBEDA, 0xC6FB, 0xC6DB, 0xBEDA, 0xB6DA, 0xBEDA, 0xBEDA, 0xBEFB, 0xBEDA, 
  0xAE99, 0xAE79, 0xAE99, 0xAE99, 0xB6BA, 0xBEDA, 0xBEDA, 0xBEDA, 0xB6BA, 0xBEDA, 0xBEDA, 0xB6BA, 
  0xAEB9, 0xA678, 0xB6BA, 0xB6BA, 0xBEBA, 0xB6BA, 0xB6BA, 0xBEBA, 0xB69A, 0xBEDA, 0xBEDB, 0xBEDA, 
  0xB6BA, 0xAEB9, 0xAE99, 0xAE99, 0xAE99, 0xAE99, 0xAE99, 0xAE99, 0xAEBA, 0xAE99, 0xB699, 0xB6BA, 
  0xBEDB, 0xB6BA, 0xA678, 0xA679, 0x9E78, 0x8E17, 0x9E79, 0xAEB9, 0xAE99, 0xAE99, 0xAE99, 0xAE99, 
  0xFE37, 0xFE57, 0xFE16, 0xFDF6, 0xFDD5, 0xFE77, 0xFE98, 0xFE77, 0xFE17, 0xFE78, 0xFE98, 0xF616, 
  0xFE16, 0xFE78, 0xFE57, 0xFE78, 0xFE98, 0xFE78, 0xFE78, 0xFE99, 0xFE98, 0xFE78, 0xFE78, 0xFE98, 
  0xFE78, 0xFE78, 0xFE98, 0xFE78, 0xFE57, 0xFE57, 0xFE78, 0xFE78, 0xFE78, 0xFE78, 0xFE98, 0xFEB8, 
  0xFE98, 0xFE78, 0xFE98, 0xFEB9, 0xFEB9, 0xFE99, 0xFE57, 0xFE57, 0xFE78, 0xFE57, 0xFE37, 0xFE78, 
  0xFE78, 0xFE78, 0xFE78, 0xFE78, 0xFE57, 0xFE58, 0xFE98, 0xFE98, 0xFE58, 0xFE37, 0xFE78, 0xFE78, 
  0xFE78, 0xFE37, 0xFE37, 0xFE37, 0xFE57, 0xFE57, 0xFE16, 0xFE37, 0xFE58, 0xFE78, 0xFE58, 0xFE78, 
  0xFE78, 0xF617, 0xF657, 0xF698, 0xF678, 0xF678, 0xF699, 0xF698, 0xF6B9, 0xF6B9, 0xF678, 0xF616, 
  0xEE78, 0xE699, 0xE6B9, 0xEE37, 0xEDD6, 0xEE37, 0xEE57, 0xE658, 0xEE99, 0xEE78, 0xE678, 0xE678, 
  0xE699, 0xDEB9, 0xE699, 0xE678, 0xDE99, 0xDEB9, 0xDEB9, 0xDE99, 0xDE78, 0xDE99, 0xD6B9, 0xD6B9, 
  0xD6B9, 0xD6DA, 0xD6FA, 0xCEB9, 0xCE99, 0xCEB9, 0xCEB9, 0xD6B9, 0xD6B9, 0xCEB9, 0xD6B9, 0xCEB9, 
  0xCE99, 0xCE99, 0xC699, 0xC6B9, 0xC699, 0xC6B9, 0xBEB9, 0xC6B9, 0xC699, 0xC6B9, 0xC6BA, 0xC5F6, 
  0xC5F6, 0xC678, 0xC5D5, 0xC5F6, 0xBEDA, 0xBEB9, 0xBDD5, 0xBE17, 0xB699, 0xB658, 0xB699, 0xB678, 
  0xB678, 0xBE99, 0xB679, 0xB699, 0xB6B9, 0xB637, 0xB699, 0xB6B9, 0xAE17, 0xADD6, 0xADF6, 0xAE58, 
  0xAEB9, 0xAE99, 0xB699, 0xAE78, 0xB6BA, 0xB6BA, 0xB6BA, 0xB699, 0xB6B9, 0xBEDA, 0xAE79, 0x9DF6, 
  0x95D5, 0xA617, 0xB6BA, 0xA658, 0xAE58, 0xB6B9, 0xAE99, 0xB6DA, 0xBEDA, 0xB6BA, 0xB6DA, 0xB699, 
  0xB6BA, 0xBEDA, 0xBEDA, 0xBEDA, 0xBEDA, 0xC6DA, 0xC6FB, 0xBEDA, 0xBEDA, 0xBEDA, 0xBEDA, 0xBEDA, 
  0xAE99, 0xB69A, 0xAE99, 0xA678, 0xA658, 0xB6BA, 0xB6DA, 0xBEDA, 0xC6FB, 0xC6FB, 0xBEDA, 0xAEB9, 
  0xA679, 0xAE99, 0xBEBA, 0xB6BA, 0xAE99, 0xAE99, 0x9E58, 0xAE99, 0xB69A, 0xB6BA, 0xAE99, 0xB699, 
  0xBEDA, 0xBEDA, 0xB6BA, 0xB699, 0xB6BA, 0xAE99, 0xA658, 0xAE99, 0xAE79, 0xB6BA, 0xB6BA, 0xB6BA, 
  0xB6BA, 0xB6BA, 0xA679, 0x9E58, 0x9658, 0x9658, 0xB6BA, 0xAE99, 0xAE99, 0xAE99, 0xAE99, 0xA679, 
  0xFE37, 0xFE57, 0xFE37, 0xFE16, 0xF594, 0xFE57, 0xFE98, 0xFE98, 0xFE77, 0xFE98, 0xFE98, 0xFE98, 
  0xFE77, 0xFE78, 0xFE98, 0xFE77, 0xFE78, 0xFE78, 0xFE78, 0xFE98, 0xFE78, 0xFE78, 0xFE78, 0xFE98, 
  0xFE98, 0xFE99, 0xFE98, 0xFE78, 0xFE78, 0xFE78, 0xFE78, 0xFE78, 0xFE78, 0xFE37, 0xFE57, 0xFE98, 
  0xFE98, 0xFE98, 0xFE99, 0xFE99, 0xFEB9, 0xFEB9, 0xFE57, 0xFE58, 0xFE78, 0xFE78, 0xFE37, 0xFE78, 
  0xFE98, 0xFE78, 0xFE57, 0xFE78, 0xFE78, 0xFE78, 0xFE98, 0xFE78, 0xFE78, 0xFE78, 0xFE78, 0xFE78, 
  0xFE58, 0xFE37, 0xFE57, 0xFE37, 0xFE57, 0xFE77, 0xFE78, 0xFE58, 0xFE57, 0xFE57, 0xFE57, 0xFE78, 
  0xF698, 0xF658, 0xF678, 0xF678, 0xF678, 0xF698, 0xF699, 0xF698, 0xF699, 0xF699, 0xF616, 0xF616, 
  0xEE78, 0xEE99, 0xE6B9, 0xEE78, 0xEE58, 0xEE58, 0xE6B9, 0xE6B9, 0xEE99, 0xE699, 0xE678, 0xE658, 
  0xE678, 0xE699, 0xDE99, 0xE678, 0xE699, 0xDE99, 0xDE99, 0xDE99, 0xD699, 0xD699, 0xD6B9, 0xD6B9, 
  0xD6B9, 0xD6B9, 0xD6DA, 0xCEDA, 0xCEBA, 0xD6B9, 0xD699, 0xCE79, 0xCE99, 0xD699, 0xD678, 0xCE99, 
  0xCE99, 0xCEB9, 0xCE99, 0xCE99, 0xC699, 0xC6BA, 0xBE99, 0xBE99, 0xC6B9, 0xBE99, 0xC6B9, 0xC698, 
  0xC5F6, 0xC5F6, 0xBE37, 0xBE57, 0xBE58, 0xC5F6, 0xBDD5, 0xBE37, 0xB637, 0xBEB9, 0xBE99, 0xB658, 
  0xB678, 0xB6B9, 0xBEDA, 0xBEBA, 0xBEDA, 0xB698, 0xB699, 0xB699, 0xB6BA, 0xB637, 0xADF6, 0xAE38, 
  0xAE58, 0xB6BA, 0xBEDA, 0xB6BA, 0xB6BA, 0xB6BA, 0xB6BA, 0xAE99, 0xB699, 0xB6BA, 0xAE78, 0xA658, 
  0x9DF6, 0xA637, 0xA617, 0xA638, 0xA658, 0xAE79, 0xB6BA, 0xBEDA, 0xB6BA, 0xAE99, 0xAE99, 0xB6B9, 
  0xBEBA, 0xBEDA, 0xBEDA, 0xB6BA, 0xB6BA, 0xBEBA, 0xBEDA, 0xC6FB, 0xBEDA, 0xBEDA, 0xC6FB, 0xC6FB, 
  0xBEDA, 0xBEDA, 0xBEDB, 0xBEDA, 0xAE99, 0xAE79, 0xA678, 0xA679, 0xA679, 0xAE99, 0xAE99, 0xAE99, 
  0xB6BA, 0xB6BA, 0xB6BA, 0xB6BA, 0xAE99, 0xAE99, 0xB6BA, 0xAE79, 0xB6BA, 0xBEDA, 0xC6FB, 0xC6FB, 
  0xC6FB, 0xBEDA, 0xBEDA, 0xB6BA, 0xB69A, 0xAE99, 0xAE99, 0xAE79, 0xAE79, 0xB6BA, 0xB6BA, 0xBEDB, 
  0xB6BA, 0xAE99, 0xAE99, 0xA699, 0xA679, 0xBEDA, 0xBEBA, 0xAE99, 0xA699, 0xA699, 0xA699, 0xA679, 
  0xFE16, 0xFE37, 0xFE57, 0xFE16, 0xFE16, 0xFE57, 0xFE58, 0xFE58, 0xFE57, 0xFE78, 0xFE78, 0xFE78, 
  0xFE78, 0xFE78, 0xFE78, 0xFDF6, 0xFDF6, 0xFE78, 0xFE98, 0xFE98, 0xFE78, 0xFE78, 0xFE98, 0xFE98, 
  0xFE78, 0xFE78, 0xFE78, 0xFE78, 0xFE78, 0xFE78, 0xFE78, 0xFE78, 0xFE78, 0xFE57, 0xFE57, 0xFE98, 
  0xFEB9, 0xFE99, 0xFE99, 0xFEB9, 0xFEB9, 0xFEB9, 0xFE37, 0xFE57, 0xFE98, 0xFE98, 0xFE58, 0xFE78, 
  0xFE98, 0xFE99, 0xFE98, 0xFE98, 0xFE98, 0xFE37, 0xFE57, 0xFE78, 0xFE98, 0xFE78, 0xFE78, 0xFE78, 
  0xFE57, 0xFE57, 0xFE78, 0xFE57, 0xFE37, 0xFE77, 0xFE78, 0xFE58, 0xFE37, 0xFE57, 0xFE78, 0xF678, 
  0xF699, 0xF699, 0xF678, 0xF699, 0xF6B9, 0xF6B9, 0xF699, 0xF658, 0xF658, 0xF678, 0xF617, 0xF637, 
  0xEE78, 0xEE78, 0xEE99, 0xEE98, 0xEE98, 0xEE99, 0xEE99, 0xEE98, 0xEE99, 0xEE78, 0xE699, 0xE699, 
  0xE678, 0xE699, 0xDEB9, 0xE699, 0xE699, 0xDE99, 0xDE98, 0xDE98, 0xDE98, 0xDE98, 0xD6B9, 0xD6B9, 
  0xD6B9, 0xD699, 0xD6DA, 0xCEFA, 0xCEFA, 0xCEDA, 0xCEB9, 0xCE78, 0xCE78, 0xCE78, 0xD678, 0xCE99, 
  0xCED9, 0xCED9, 0xCEB9, 0xCE99, 0xCE99, 0xC6B9, 0xBE99, 0xBE99, 0xC6DA, 0xC6B9, 0xC679, 0xC658, 
  0xC678, 0xBE17, 0xBE98, 0xBEB9, 0xBE37, 0xC5B5, 0xBD94, 0xBE78, 0xBE99, 0xBEDA, 0xB678, 0xB679, 
  0xBEDA, 0xB6BA, 0xC6FB, 0xCEFB, 0xC6DA, 0xB699, 0xB698, 0xB6B9, 0xBEDA, 0xBEB9, 0xAE37, 0xBEBA, 
  0xADF6, 0xB617, 0xBEDA, 0xBEDA, 0xB6BA, 0xAEB9, 0xB6BA, 0xB6B9, 0xBEDA, 0xB6BA, 0xAE79, 0xB699, 
  0xB699, 0xB699, 0xB699, 0xB6DA, 0xBEFA, 0xBEDA, 0xC6FB, 0xBEBA, 0xBEDA, 0xAE99, 0xB6B9, 0xB6BA, 
  0xBEDA, 0xBEBA, 0xBEDA, 0xBEDA, 0xBEBA, 0xBEDA, 0xB6BA, 0xBEDA, 0xBEDA, 0xBEDA, 0xC6FB, 0xCF1B, 
  0xC71B, 0xBEDA, 0xBEBA, 0xBEDA, 0xBEBA, 0xBEDA, 0xB6BA, 0xB6B9, 0xAE99, 0xA699, 0xA699, 0xB6BA, 
  0xBEDA, 0xBEDA, 0xB6BA, 0xBEDA, 0xB6BA, 0xB69A, 0xBEDB, 0xB6BA, 0xB6BA, 0xBEDB, 0xC6FB, 0xC6DB, 
  0xBEDB, 0xB6BA, 0x9E58, 0xA679, 0xB699, 0xAE99, 0xAEB9, 0xAE79, 0xB69A, 0xB6BA, 0x8617, 0x9638, 
  0xB6BA, 0xA699, 0xA678, 0xAE99, 0xBEDA, 0xBEDA, 0xB6BA, 0xA699, 0xA678, 0xA678, 0xA679, 0xA699, 
  0xFDF6, 0xFE16, 0xFE16, 0xFD94, 0xFDF5, 0xFE37, 0xFE37, 0xFE57, 0xFE78, 0xFE57, 0xFE57, 0xFE37, 
  0xFE57, 0xFE98, 0xFE37, 0xFE37, 0xFE16, 0xFE57, 0xFE98, 0xFE98, 0xFE78, 0xFE78, 0xFE78, 0xFE78, 
  0xFE78, 0xFE78, 0xFE78, 0xFE78, 0xFE78, 0xFE78, 0xFE78, 0xFE78, 0xFE78, 0xFE98, 0xFE78, 0xFE78, 
  0xFE98, 0xFE98, 0xFE99, 0xFE99, 0xFE98, 0xFE99, 0xFE98, 0xFE98, 0xFE98, 0xFE57, 0xFE57, 0xFE78, 
  0xFE98, 0xFE98, 0xFE99, 0xFEB9, 0xFEB8, 0xFE78, 0xFE37, 0xFE57, 0xFE78, 0xFE78, 0xFE77, 0xFE77, 
  0xFE77, 0xFE78, 0xFE78, 0xFE58, 0xFE37, 0xFE57, 0xFE58, 0xFE78, 0xFE57, 0xFE57, 0xFE78, 0xFE99, 
  0xF679, 0xF698, 0xF698, 0xF699, 0xF6D9, 0xF6D9, 0xF678, 0xF657, 0xF657, 0xEE98, 0xF699, 0xEE78, 
  0xEE78, 0xEE78, 0xEE78, 0xEE99, 0xEE99, 0xEE78, 0xEE78, 0xEE78, 0xEE57, 0xEE78, 0xE6B9, 0xE699, 
  0xE678, 0xE699, 0xE699, 0xE699, 0xE699, 0xDE99, 0xDE99, 0xD698, 0xD699, 0xDE78, 0xD678, 0xD6B9, 
  0xD6B9, 0xD699, 0xD699, 0xD699, 0xD6DA, 0xCEBA, 0xCEB9, 0xD699, 0xCE57, 0xCE78, 0xCE78, 0xCE78, 
  0xCE99, 0xCEB9, 0xCEB9, 0xCE99, 0xCE99, 0xC6B9, 0xC6BA, 0xBEB9, 0xBE99, 0xC699, 0xC699, 0xBE98, 
  0xC699, 0xC678, 0xBE37, 0xBE99, 0xBE99, 0xBE37, 0xBDD6, 0xBE78, 0xB6B9, 0xB699, 0xB637, 0xB699, 
  0xBEFA, 0xC6FA, 0xC6FA, 0xCEFB, 0xC6DA, 0xAE78, 0xAE37, 0xB699, 0xBEDA, 0xBEDA, 0xB6B9, 0xAE78, 
  0xB678, 0xAE37, 0xAE38, 0xB678, 0xB6DA, 0xAE99, 0xAE79, 0xB699, 0xB6DA, 0xB6BA, 0xA637, 0xA658, 
  0xAEB9, 0xB6B9, 0xB6DA, 0xBEDA, 0xBEDA, 0xBEFB, 0xB6B9, 0xB6B9, 0xBEDA, 0xBEBA, 0xB6BA, 0xBEDA, 
  0xBEBA, 0xB6BA, 0xBEDA, 0xB6BA, 0xBEDA, 0xBEBA, 0xB6BA, 0xB6BA, 0xBEDA, 0xBEDA, 0xBEDA, 0xC6DA, 
  0xBEDA, 0xBEDA, 0xB6BA, 0xBEDA, 0xBEDA, 0xBEDA, 0xB6BA, 0xB6BA, 0xBEDA, 0xBEDA, 0xAE99, 0xAE99, 
  0xB6BA, 0xBEDA, 0xBEDB, 0xBEDA, 0xB6BA, 0xAE99, 0xB6BA, 0xA679, 0xAE99, 0xB6DA, 0xB6BA, 0xB6BA, 
  0xB6BA, 0xB6BA, 0xA679, 0xAE99, 0xB6BA, 0xA679, 0xA678, 0xA679, 0xAE99, 0xAE99, 0x85F6, 0x9637, 
  0xB6BA, 0xAE99, 0xAE99, 0xAE99, 0xBEDA, 0xBEBA, 0xAE99, 0xA679, 0xAE99, 0xA679, 0x9E79, 0xA679, 
  0xFDD5, 0xFDF6, 0xFE37, 0xFDF6, 0xFD94, 0xFDD5, 0xFE17, 0xFE16, 0xFE57, 0xFE77, 0xFE98, 0xFE98, 
  0xFE78, 0xFE78, 0xFE37, 0xFE37, 0xFE77, 0xFE37, 0xFDF6, 0xFE37, 0xFE37, 0xFE37, 0xFE78, 0xFE78, 
  0xFE78, 0xFE78, 0xFE78, 0xFE78, 0xFE78, 0xFE78, 0xFE78, 0xFE98, 0xFE98, 0xFE78, 0xFE78, 0xFE78, 
  0xFE78, 0xFE98, 0xFE98, 0xFE78, 0xFE98, 0xFE98, 0xFE99, 0xFE98, 0xFE78, 0xFE37, 0xFE37, 0xFE78, 
  0xFE98, 0xFE98, 0xFE98, 0xFE98, 0xFEB8, 0xFEB8, 0xFE98, 0xFE98, 0xFE78, 0xFE78, 0xFE77, 0xFE77, 
  0xFE78, 0xFE98, 0xFE78, 0xFE57, 0xFE57, 0xFE78, 0xFE78, 0xFE78, 0xFE37, 0xFE37, 0xFE37, 0xFE78, 
  0xFE99, 0xF6B9, 0xF6B9, 0xF6B9, 0xF6FA, 0xF6D9, 0xF657, 0xF616, 0xF657, 0xEE99, 0xEE78, 0xEE78, 
  0xEE78, 0xEE78, 0xEE99, 0xE6B9, 0xE6B9, 0xE6B9, 0xE699, 0xEE99, 0xEE98, 0xE6B9, 0xE6B9, 0xE679, 
  0xE678, 0xE6B9, 0xDE99, 0xDE99, 0xE699, 0xDE99, 0xDE98, 0xD698, 0xD698, 0xDE78, 0xDE78, 0xD699, 
  0xD6B9, 0xD6B9, 0xD699, 0xD699, 0xD6B9, 0xCEB9, 0xCE99, 0xD678, 0xD617, 0xCE78, 0xCE78, 0xCE78, 
  0xCE99, 0xCE99, 0xCEB9, 0xC6B9, 0xC6B9, 0xC6BA, 0xC6DA, 0xC6FA, 0xBE99, 0xBE78, 0xBE99, 0xBEDA, 
  0xC699, 0xBE99, 0xBE16, 0xBE58, 0xB6BA, 0xBE99, 0xBE58, 0xBE78, 0xB6B9, 0xB699, 0xBE78, 0xB6B9, 
  0xBEDA, 0xCEFB, 0xCF1B, 0xCF1B, 0xCF1B, 0xBEBA, 0xB637, 0xB637, 0xBEDA, 0xC6DA, 0xBEDA, 0xB699, 
  0xADF6, 0xB6B9, 0xB6BA, 0xA617, 0xAE37, 0xB6BA, 0xB6B9, 0xAE99, 0xAE99, 0xB699, 0xB6B9, 0xA637, 
  0x95D6, 0xA637, 0xB6BA, 0xB699, 0xB679, 0xAE79, 0xAE99, 0xB6BA, 0xBEDA, 0xBEDA, 0xBEBA, 0xBEDA, 
  0xBEBA, 0xB699, 0xB699, 0xAE99, 0xB6BA, 0xBEDA, 0xB6BA, 0xB6BA, 0xB6BA, 0xBEBA, 0xBEDA, 0xB6BA, 
  0xB6BA, 0xBEDA, 0xB6B9, 0xB6BA, 0xBEDA, 0xBEDA, 0xB6B9, 0xB6B9, 0xB6BA, 0xB6BA, 0xB6BA, 0xB6BA, 
  0xB69A, 0xB6BA, 0xB6BA, 0xB6BA, 0xBEDA, 0xB6BA, 0xB6BA, 0xAEBA, 0xB69A, 0xB69A, 0xB6BA, 0xB6BA, 
  0xB69A, 0xB6BA, 0xB6BA, 0xB6BA, 0xB6BA, 0xAEB9, 0xAE99, 0xAE99, 0xAE79, 0xB699, 0xB6BA, 0xB6BA, 
  0xB6BA, 0xB6BA, 0xB69A, 0xB6BA, 0xB6BA, 0xAE99, 0xAEB9, 0xAE79, 0xAE9A, 0xA699, 0x9E78, 0x9E78, 
  0xFE16, 0xFE17, 0xFE37, 0xFE37, 0xFDD5, 0xFD94, 0xFE16, 0xFDF6, 0xFDF6, 0xFE16, 0xFE16, 0xFE37, 
  0xFE16, 0xFE16, 0xFE57, 0xFE57, 0xFE57, 0xFD94, 0xFD94, 0xFE17, 0xFE37, 0xFE37, 0xFE58, 0xFE78, 
  0xFE78, 0xFE78, 0xFE78, 0xFE78, 0xFE78, 0xFE78, 0xFE98, 0xFE98, 0xFE78, 0xFE78, 0xFE78, 0xFE78, 
  0xFE98, 0xFE98, 0xFE98, 0xFE99, 0xFE99, 0xFEB9, 0xFEB9, 0xFE98, 0xFE58, 0xFE37, 0xFE57, 0xFE58, 
  0xFE78, 0xFE98, 0xFE98, 0xFE98, 0xFE98, 0xFE78, 0xFE99, 0xFE99, 0xFE78, 0xFE78, 0xFE77, 0xFE78, 
  0xFE98, 0xFE98, 0xFE98, 0xFE78, 0xFE78, 0xFE78, 0xFE77, 0xFE37, 0xFE16, 0xFE57, 0xFE57, 0xFE57, 
  0xF678, 0xF6B9, 0xF6B9, 0xF6DA, 0xF6FA, 0xF6B9, 0xF657, 0xF5D6, 0xF657, 0xEE98, 0xF678, 0xEE78, 
  0xEE78, 0xEE78, 0xE698, 0xE6B9, 0xE6B9, 0xE6B9, 0xE6B9, 0xE6B9, 0xE6B9, 0xE6B9, 0xEE99, 0xE678, 
  0xE699, 0xE699, 0xE699, 0xE699, 0xE699, 0xE699, 0xDE78, 0xDE78, 0xDE37, 0xDE57, 0xD6B9, 0xD678, 
  0xD6B9, 0xD699, 0xD698, 0xD699, 0xD699, 0xD6B9, 0xD699, 0xD699, 0xD617, 0xD637, 0xCE78, 0xCE78, 
  0xCE79, 0xCE99, 0xC6DA, 0xC6DA, 0xC6B9, 0xC6B9, 0xC6DA, 0xC6DA, 0xC699, 0xBE78, 0xC6B9, 0xBEB9, 
  0xBE78, 0xBE99, 0xBE58, 0xBDF6, 0xBE58, 0xB678, 0xBE99, 0xBEB9, 0xB6B9, 0xB678, 0xB678, 0xB699, 
  0xB6BA, 0xC6FB, 0xD73C, 0xCF1B, 0xC6FA, 0xBEDA, 0xB658, 0xADD5, 0xB678, 0xC6DA, 0xC6DA, 0xBEDA, 
  0xB658, 0xAE16, 0xADF6, 0xAE58, 0xA5F6, 0xAE38, 0xB678, 0xA637, 0xB699, 0xB699, 0xBEDA, 0xAE78, 
  0xA658, 0xAE99, 0xB6B9, 0xB699, 0xB6BA, 0xBEDA, 0xBEDA, 0xBEDA, 0xBEDA, 0xB6BA, 0xB6B9, 0xB6BA, 
  0xB6BA, 0xB6BA, 0xB6BA, 0xAE99, 0xAE99, 0xBEDA, 0xB6BA, 0xB6BA, 0xB6BA, 0xB6BA, 0xB6BA, 0xB6DA, 
  0xB6BA, 0xBEDA, 0xB6BA, 0xB6B9, 0xB6B9, 0xAEB9, 0xB6DA, 0xB6BA, 0xB6B9, 0xB6B9, 0xB6B9, 0xBEDA, 
  0xBEBA, 0xBEDA, 0xB6BA, 0xAE99, 0xB6DA, 0xBEBA, 0xBEDA, 0xB6BA, 0xB6BA, 0xBEBA, 0xBEBA, 0xB6BA, 
  0xB6BA, 0xB699, 0xAE99, 0xAE99, 0xAE79, 0xA679, 0xAE99, 0xB6BA, 0xB6BA, 0xB6BA, 0xAE99, 0xAE99, 
  0xAE99, 0xB69A, 0xB6BA, 0xA679, 0xAE99, 0xAE99, 0xA679, 0xAE9A, 0xB6BA, 0xA679, 0xA679, 0xA679, 
  0xFE16, 0xFE16, 0xFDF6, 0xF532, 0xFD73, 0xFD32, 0xFD94, 0xFDF6, 0xFE37, 0xFE37, 0xFE37, 0xFDD5, 
  0xFE16, 0xFE37, 0xFE77, 0xFE78, 0xFE36, 0xFD74, 0xFDF6, 0xFE57, 0xFE57, 0xFE16, 0xFE37, 0xFE98, 
  0xFE78, 0xFE37, 0xFE57, 0xFE58, 0xFE78, 0xFE98, 0xFE98, 0xFE78, 0xFE78, 0xFE98, 0xFE78, 0xFE98, 
  0xFE98, 0xFE98, 0xFE98, 0xFEB9, 0xFEB8, 0xFEB9, 0xFEB9, 0xFEB9, 0xFE98, 0xFE78, 0xFE98, 0xFE78, 
  0xFE98, 0xFE98, 0xFE98, 0xFE99, 0xFE57, 0xFE16, 0xFE99, 0xFE99, 0xFE98, 0xFE98, 0xFE78, 0xFE78, 
  0xFE78, 0xFE98, 0xFE78, 0xFE98, 0xFE78, 0xFE78, 0xFE78, 0xFE77, 0xFE16, 0xFE57, 0xFE78, 0xFE57, 
  0xF657, 0xF698, 0xF6B9, 0xEEFA, 0xEEDA, 0xEE99, 0xEE98, 0xF657, 0xF637, 0xEE98, 0xEE99, 0xEE78, 
  0xEE98, 0xEED9, 0xE6D9, 0xE6D9, 0xE6B9, 0xE699, 0xE699, 0xE699, 0xE6B9, 0xE699, 0xE637, 0xE658, 
  0xE679, 0xE699, 0xE6B9, 0xE699, 0xE699, 0xE699, 0xDE98, 0xDE98, 0xDE17, 0xDE37, 0xDE78, 0xDE58, 
  0xD678, 0xD698, 0xD6B8, 0xD699, 0xD699, 0xCE99, 0xCEB9, 0xD699, 0xD637, 0xD637, 0xCE37, 0xCE78, 
  0xCE78, 0xCE78, 0xCEB9, 0xC6B9, 0xC6B9, 0xC699, 0xC6B9, 0xC6B9, 0xC6B9, 0xBE99, 0xBE99, 0xBE98, 
  0xBE78, 0xBE98, 0xBE78, 0xBE37, 0xBDF6, 0xBE57, 0xB699, 0xBE99, 0xBE78, 0xBE17, 0xB657, 0xB678, 
  0xB679, 0xC6DA, 0xC71B, 0xBEBA, 0xB679, 0xBEBA, 0xBEB9, 0xB678, 0xAE58, 0xBEB9, 0xC6FA, 0xC6FB, 
  0xB6BA, 0xB679, 0xA5B5, 0xAE58, 0xAE99, 0xAE37, 0xA637, 0xAE79, 0xBEDA, 0xAE78, 0xAE99, 0xAE99, 
  0xAE78, 0xAE99, 0xB6B9, 0xB6BA, 0xBEDA, 0xBEDA, 0xBEDA, 0xBEDA, 0xBEDA, 0xB6B9, 0xAE99, 0xA658, 
  0xB699, 0xB6DA, 0xB6BA, 0xB6B9, 0xB6B9, 0xB6BA, 0xBEDA, 0xB6BA, 0xB6BA, 0xBEDA, 0xB6BA, 0xAE99, 
  0xB6BA, 0xAE99, 0xAE99, 0xAE99, 0xAEB9, 0xAE99, 0xB6B9, 0xB6BA, 0xB6BA, 0xB6B9, 0xB6BA, 0xBEDA, 
  0xC6DA, 0xBEBA, 0xC6FB, 0xBEDA, 0xAE79, 0xBEDB, 0xBEBA, 0xB6BA, 0xB6BA, 0xB6BA, 0xB6BA, 0xB6BA, 
  0xB6BA, 0xAE99, 0xA679, 0xA699, 0xAE99, 0xAE9A, 0xAE99, 0xB69A, 0xAE99, 0xB6BA, 0xB6BA, 0xAE99, 
  0xAE99, 0xAE99, 0xAE99, 0xAEBA, 0xA699, 0xAE99, 0xAE99, 0xA679, 0xAE99, 0xAE99, 0xA679, 0x9E58, 
  0xFE37, 0xFE16, 0xFDD5, 0xFD74, 0xFDF6, 0xFDF6, 0xFE16, 0xFE17, 0xFE17, 0xFE16, 0xFE37, 0xFE37, 
  0xFE37, 0xFE57, 0xFE57, 0xFE37, 0xFDF7, 0xFE17, 0xFE37, 0xFE57, 0xFE17, 0xFE16, 0xFE57, 0xFE78, 
  0xFE78, 0xFE58, 0xFE78, 0xFE78, 0xFE78, 0xFE98, 0xFE78, 0xFE58, 0xFE57, 0xFE78, 0xFE78, 0xFE98, 
  0xFE98, 0xFE98, 0xFE58, 0xFE78, 0xFE58, 0xFE98, 0xFEB9, 0xFEB9, 0xFE78, 0xFE98, 0xFE98, 0xFE98, 
  0xFE78, 0xFE98, 0xFE98, 0xFE98, 0xFE57, 0xFE37, 0xFE99, 0xFE99, 0xFEB8, 0xFEB9, 0xFE98, 0xFE98, 
  0xFE98, 0xFE78, 0xFE58, 0xFE78, 0xFE78, 0xFE78, 0xFE78, 0xFE58, 0xFE17, 0xFE57, 0xFE77, 0xFE57, 
  0xFE57, 0xF637, 0xF698, 0xF6FA, 0xF6FA, 0xF678, 0xF678, 0xF657, 0xF657, 0xEE98, 0xEE79, 0xEE58, 
  0xEEB9, 0xE6FA, 0xE6FA, 0xE6FA, 0xE6FA, 0xE6B9, 0xE6B9, 0xE6D9, 0xE6B9, 0xE698, 0xE657, 0xE678, 
  0xE699, 0xE679, 0xE699, 0xE699, 0xE699, 0xE699, 0xDE98, 0xDE78, 0xDE78, 0xDE78, 0xDE58, 0xDE78, 
  0xD698, 0xD699, 0xD698, 0xD699, 0xD6B9, 0xCEDA, 0xCEDA, 0xCEB9, 0xD637, 0xD657, 0xCE57, 0xCE58, 
  0xCE57, 0xCE57, 0xCE78, 0xCE99, 0xC6B9, 0xC698, 0xC699, 0xC6BA, 0xC6B9, 0xC6BA, 0xC699, 0xBE78, 
  0xBE78, 0xBE78, 0xBE99, 0xBE98, 0xBE37, 0xBE16, 0xBE98, 0xB678, 0xBE17, 0xBDF6, 0xBE17, 0xB657, 
  0xB678, 0xB699, 0xBED9, 0xB678, 0xB699, 0xB637, 0xB678, 0xBEDA, 0xB699, 0xB699, 0xC6DA, 0xC6FB, 
  0xB6B9, 0xB6BA, 0xAE57, 0xA617, 0xAE99, 0xAE99, 0xA679, 0xAE7A, 0xB6BA, 0xA678, 0xA637, 0xAE99, 
  0xA637, 0xAE58, 0xAE99, 0xB6B9, 0xB6B9, 0xB6BA, 0xBEDA, 0xBEDA, 0xB6BA, 0xB6B9, 0xB6BA, 0xB6BA, 
  0xB6BA, 0xB6DA, 0xB6BA, 0xB6BA, 0xB6BA, 0xB6BA, 0xBEDA, 0xBEDA, 0xB6BA, 0xBEDA, 0xB6BA, 0xAE99, 
  0xBEDA, 0xB69A, 0xB6BA, 0xAE9A, 0xAE99, 0xB6BA, 0xB6BA, 0xBEBA, 0xBEBA, 0xBEBA, 0xBEDA, 0xBEDA, 
  0xBEDA, 0xBEBA, 0xC6DA, 0xBEDA, 0xA679, 0xB6DA, 0xB6BA, 0xB69A, 0xB69A, 0xB6BA, 0xAEBA, 0xB6BA, 
  0xB6BA, 0xAE99, 0xA678, 0xAE99, 0xAEB9, 0xAE99, 0xAE99, 0xAE99, 0xAE99, 0xAE99, 0xAE99, 0xAE99, 
  0xAE99, 0xA699, 0xA679, 0xA679, 0xA679, 0xAE99, 0xB6BA, 0xA679, 0xA699, 0xA699, 0x9E78, 0x9658, 
  0xFE37, 0xFDD5, 0xFDD5, 0xFE37, 0xFE16, 0xFE36, 0xFE16, 0xFDF6, 0xFDF6, 0xFDF6, 0xFE37, 0xFE57, 
  0xFE37, 0xFE37, 0xFE17, 0xFE16, 0xFE17, 0xFE17, 0xFE16, 0xFE37, 0xFE37, 0xFE37, 0xFE57, 0xFE78, 
  0xFE98, 0xFEB9, 0xFEB9, 0xFE98, 0xFE58, 0xFE78, 0xFE78, 0xFE58, 0xFE57, 0xFE57, 0xFE78, 0xFE98, 
  0xFE98, 0xFE98, 0xFE78, 0xFE57, 0xFE57, 0xFE78, 0xFEB9, 0xFE78, 0xFE37, 0xFE98, 0xFE98, 0xFE58, 
  0xFE37, 0xFE58, 0xFE57, 0xFE78, 0xFE99, 0xFE99, 0xFE99, 0xFE99, 0xFE99, 0xFE99, 0xFE98, 0xFE98, 
  0xFE78, 0xFE57, 0xFE57, 0xFE78, 0xFE78, 0xF678, 0xFE78, 0xFE78, 0xFE57, 0xFE16, 0xFE57, 0xF658, 
  0xF658, 0xF616, 0xF678, 0xF6FA, 0xEED9, 0xF678, 0xF658, 0xF658, 0xF638, 0xEE99, 0xEE99, 0xEE78, 
  0xEEB9, 0xE6FA, 0xE6FA, 0xE6FA, 0xE6FA, 0xE6FA, 0xE6FA, 0xE6DA, 0xEE98, 0xE657, 0xE678, 0xE699, 
  0xE699, 0xE698, 0xE698, 0xE698, 0xDE99, 0xE6B9, 0xE698, 0xDE57, 0xDE78, 0xDE37, 0xDE78, 0xD699, 
  0xD6B9, 0xD699, 0xD699, 0xD678, 0xD699, 0xD6B9, 0xCEDA, 0xCEDA, 0xD679, 0xCE78, 0xCE78, 0xCE78, 
  0xCE78, 0xCE99, 0xCE99, 0xCE79, 0xCE99, 0xC678, 0xC699, 0xC6B9, 0xC699, 0xC678, 0xCE99, 0xBE99, 
  0xBE78, 0xBE78, 0xBE98, 0xBE99, 0xBE99, 0xBE16, 0xBE37, 0xBE78, 0xBE37, 0xBE16, 0xB5F6, 0xB658, 
  0xB678, 0xB678, 0xB699, 0xB679, 0xB678, 0xB617, 0xB678, 0xAE78, 0xB699, 0xB699, 0xB699, 0xC6FB, 
  0xBEDA, 0xAE99, 0xB679, 0xAE58, 0xAE99, 0xAE99, 0xA637, 0xA637, 0xA637, 0x9DF6, 0xA617, 0xA658, 
  0xAE78, 0xA637, 0xA658, 0xAE78, 0xA637, 0xA658, 0xAE79, 0xAE78, 0xAE99, 0xAE79, 0xB6BA, 0xBEBA, 
  0xB6BA, 0xB699, 0xB6B9, 0xB6BA, 0xB6BA, 0xB6BA, 0xB6BA, 0xBEDA, 0xBEDA, 0xB6BA, 0xB6BA, 0xB6BA, 
  0xAE99, 0xAE99, 0xB6BA, 0xBEBA, 0xB6BA, 0xB6BA, 0xB6B9, 0xB6BA, 0xBEBA, 0xB6BA, 0xBEBA, 0xBEBA, 
  0xBEDA, 0xBEDA, 0xBEDA, 0xBEDA, 0xB6BA, 0xAE99, 0xB6BA, 0xBEDA, 0xB6BA, 0xAE99, 0xAE99, 0xB6BA, 
  0xA699, 0x9E78, 0x9E58, 0x9E58, 0xA699, 0xAE99, 0xAE99, 0xAE99, 0xAE99, 0xAE99, 0xAE99, 0xAE99, 
  0xAE99, 0xA699, 0xA699, 0x9E78, 0x9637, 0xB6BA, 0xB6DA, 0xA699, 0x9E78, 0x9E58, 0x9E78, 0x9E98, 
  0xFE17, 0xFE16, 0xFE16, 0xFE36, 0xFE16, 0xFE16, 0xFE16, 0xFE16, 0xFDD5, 0xFE57, 0xFE78, 0xFE57, 
  0xFE37, 0xFE37, 0xFE16, 0xF5B5, 0xFDF6, 0xFE37, 0xFE37, 0xFE58, 0xFE58, 0xFE58, 0xFEB9, 0xFEB9, 
  0xFEB9, 0xFEB9, 0xFE99, 0xFE98, 0xFE78, 0xFE78, 0xFE98, 0xFE98, 0xFE78, 0xFE57, 0xFE57, 0xFE78, 
  0xFE98, 0xFE98, 0xFE98, 0xFE78, 0xFE58, 0xFE78, 0xFE99, 0xFE98, 0xFE78, 0xFE78, 0xFE98, 0xFE78, 
  0xFE78, 0xFE78, 0xFE57, 0xFE78, 0xFE98, 0xFE99, 0xFE99, 0xFE99, 0xFE99, 0xFE98, 0xFE98, 0xFE98, 
  0xFE78, 0xFE57, 0xFE78, 0xFE98, 0xFE78, 0xFE78, 0xFE78, 0xFE78, 0xFE57, 0xFE16, 0xFE37, 0xFE17, 
  0xF657, 0xF678, 0xF678, 0xF6DA, 0xF6D9, 0xF698, 0xF678, 0xF698, 0xF658, 0xEE78, 0xEE99, 0xEE78, 
  0xEEB9, 0xEEDA, 0xEEFA, 0xE6FA, 0xE6FA, 0xE6FA, 0xE6D9, 0xE678, 0xEE37, 0xE637, 0xE699, 0xE699, 
  0xE699, 0xE699, 0xE699, 0xDE99, 0xDE78, 0xDE99, 0xDE78, 0xDE37, 0xDE57, 0xDE58, 0xDE57, 0xDE98, 
  0xD678, 0xD678, 0xD658, 0xD658, 0xD678, 0xD6B9, 0xCED9, 0xCEDA, 0xD698, 0xD6B9, 0xCEB9, 0xCE99, 
  0xCE99, 0xCE99, 0xCE98, 0xCE99, 0xCE78, 0xCE98, 0xC699, 0xC699, 0xC699, 0xC699, 0xC698, 0xBE98, 
  0xBE98, 0xBE98, 0xBE78, 0xBEB9, 0xBEB9, 0xBE98, 0xBE58, 0xBE78, 0xBE16, 0xB637, 0xB678, 0xAE78, 
  0xB679, 0xB678, 0xB678, 0xB678, 0xB678, 0xB637, 0xB678, 0xAE58, 0xB6B9, 0xB699, 0xB6B9, 0xBEBA, 
  0xBEBA, 0xAE78, 0xAE99, 0xAE99, 0xAE99, 0xAE78, 0xA617, 0x9DF6, 0x9DF6, 0xA617, 0xAE79, 0xAE99, 
  0xB6DA, 0xA658, 0x9DF7, 0xA658, 0xA678, 0xA678, 0xAE79, 0xAE78, 0xAEBA, 0xAE79, 0xB6BA, 0xAEB9, 
  0xA679, 0xA658, 0xAEB9, 0xA699, 0xAEB9, 0xB6BA, 0xB6BA, 0xBEDA, 0xBEFA, 0xBEDA, 0xAE99, 0xAEB9, 
  0xA679, 0xAE99, 0xBEBA, 0xB6BA, 0xB6BA, 0xB6BA, 0xB69A, 0xAE99, 0xB6BA, 0xB6BA, 0xB6BA, 0xB6BA, 
  0xAE99, 0xB6B9, 0xBEDA, 0xC6DA, 0xBEDA, 0xAE99, 0xAE99, 0xBEFB, 0xB6BA, 0xAE99, 0xB69A, 0xB6BA, 
  0xA678, 0x9637, 0x9E78, 0xA678, 0xA679, 0xA699, 0xA679, 0xA679, 0xA679, 0xAE99, 0xB6BA, 0xB6BA, 
  0xAE99, 0xAE99, 0xA679, 0x9E79, 0xA679, 0xB6BA, 0xB6BA, 0xA679, 0x9658, 0x9E58, 0xA699, 0xA679, 
  0xFE17, 0xFE37, 0xFE16, 0xFE16, 0xFE36, 0xFE16, 0xFE16, 0xFE16, 0xFDB5, 0xFDF6, 0xFE78, 0xFE37, 
  0xFDF6, 0xFDF6, 0xFDF5, 0xFDF6, 0xFE36, 0xFE37, 0xFE58, 0xFE58, 0xFE57, 0xFE38, 0xFE78, 0xFE98, 
  0xFE99, 0xFE79, 0xFE78, 0xFE78, 0xFE98, 0xFE78, 0xFE78, 0xFE98, 0xFE98, 0xFE78, 0xFE78, 0xFE78, 
  0xFE78, 0xFE98, 0xFE78, 0xFE57, 0xFE78, 0xFE78, 0xFE99, 0xFE99, 0xFE78, 0xFE57, 0xFE78, 0xFE78, 
  0xFE78, 0xFE78, 0xFE78, 0xFE78, 0xFE78, 0xFE98, 0xFE98, 0xFE98, 0xFE98, 0xFE78, 0xFE98, 0xFE98, 
  0xFE78, 0xFE58, 0xFE98, 0xFE98, 0xFE78, 0xFE57, 0xFE58, 0xFE78, 0xFE78, 0xFE57, 0xFE57, 0xFDF6, 
  0xF637, 0xF678, 0xF678, 0xF6B9, 0xF6B9, 0xF678, 0xF678, 0xEE98, 0xEE78, 0xEE99, 0xEE78, 0xF658, 
  0xEEB9, 0xEEB9, 0xE6D9, 0xE6FA, 0xE6DA, 0xE6B9, 0xE698, 0xE678, 0xEE37, 0xE657, 0xDEB9, 0xE699, 
  0xE699, 0xE699, 0xE699, 0xE699, 0xDE98, 0xDE78, 0xDE78, 0xDE37, 0xDE37, 0xDE98, 0xD699, 0xDE98, 
  0xD658, 0xDE99, 0xD699, 0xD699, 0xD699, 0xD699, 0xD6B9, 0xCEDA, 0xCE98, 0xCE99, 0xCEDA, 0xCEDA, 
  0xCEB9, 0xCE78, 0xCE78, 0xCE99, 0xCE98, 0xC678, 0xCE78, 0xC699, 0xBEB9, 0xBEB9, 0xC6B9, 0xBEB9, 
  0xBEB9, 0xBE99, 0xBE99, 0xBE99, 0xBEB9, 0xBE99, 0xB678, 0xBE58, 0xBE57, 0xB617, 0xB637, 0xB637, 
  0xB658, 0xB678, 0xB678, 0xB678, 0xB698, 0xB698, 0xAE78, 0xAE78, 0xB678, 0xB6B9, 0xB699, 0xB699, 
  0xB699, 0xAE58, 0xAE98, 0xA658, 0xAE58, 0xAE99, 0xAE99, 0xA637, 0xA657, 0xA658, 0xAE79, 0xA658, 
  0xAE78, 0xA678, 0xA637, 0x9DF6, 0xAE99, 0xAE99, 0xAE79, 0xB699, 0xAE79, 0xB699, 0xB699, 0xAE99, 
  0x9E78, 0x9E78, 0xA679, 0x9E58, 0x9E58, 0xA678, 0xB6BA, 0xBEDA, 0xBEDA, 0xBEBA, 0xB69A, 0xAE99, 
  0xAEBA, 0xBEDB, 0xB6BA, 0xB6BA, 0xBEBA, 0xB6BA, 0xAE99, 0xA699, 0xA658, 0xA658, 0xA699, 0xAEBA, 
  0xB6BA, 0xB6BA, 0xBEDA, 0xC6DB, 0xBEBA, 0xB6BA, 0xA678, 0xAE99, 0xB6BA, 0xB6DA, 0xB6BA, 0xB69A, 
  0xA678, 0x9637, 0xA699, 0xAEB9, 0xAE99, 0xAE99, 0xAE99, 0xA679, 0xAE99, 0xAE99, 0xA679, 0xAE99, 
  0xAE99, 0xB6BA, 0xAEBA, 0xA679, 0xB6DA, 0xB6DA, 0xAE99, 0x9E78, 0x9637, 0x9E58, 0xAE99, 0xAE99, 
  0xFE37, 0xFE36, 0xFDF6, 0xFDF5, 0xFDF6, 0xFE16, 0xFDF6, 0xFDD6, 0xFDF5, 0xFDD5, 0xFDF6, 0xFDF6, 
  0xFE37, 0xFE37, 0xFE37, 0xFE37, 0xFE57, 0xFE78, 0xFE78, 0xFE37, 0xFE57, 0xFE57, 0xFE57, 0xFE57, 
  0xFE78, 0xFEB9, 0xFEDA, 0xFF1B, 0xFE98, 0xFE77, 0xFE77, 0xFE78, 0xFE78, 0xFE78, 0xFE78, 0xFE78, 
  0xFE78, 0xFE98, 0xFE58, 0xFE58, 0xFE58, 0xFE99, 0xFED9, 0xFEB9, 0xFE57, 0xFE37, 0xFE57, 0xFE57, 
  0xFE57, 0xFE78, 0xFE78, 0xFE78, 0xFE78, 0xFE78, 0xFE98, 0xFEB8, 0xFE78, 0xFE58, 0xFE98, 0xFE98, 
  0xFE98, 0xFE98, 0xFE98, 0xFE78, 0xFE77, 0xFE57, 0xFE78, 0xFE98, 0xFE98, 0xFE78, 0xFE78, 0xFE78, 
  0xFE98, 0xF678, 0xF658, 0xF678, 0xF678, 0xF678, 0xF678, 0xEE78, 0xF678, 0xEE99, 0xEE99, 0xEE57, 
  0xEE99, 0xEEDA, 0xE6FA, 0xEEDA, 0xEE99, 0xEE99, 0xE698, 0xE678, 0xEE78, 0xE678, 0xDE99, 0xE6B9, 
  0xE698, 0xE698, 0xE698, 0xE698, 0xE698, 0xE658, 0xDE78, 0xDE98, 0xDE77, 0xDE98, 0xD6B9, 0xD6B9, 
  0xD699, 0xD678, 0xD678, 0xD698, 0xD698, 0xD678, 0xD678, 0xCEDA, 0xCEB9, 0xCE99, 0xCEDA, 0xCEFA, 
  0xCEDA, 0xCE79, 0xCE58, 0xCE58, 0xCE78, 0xCE78, 0xC699, 0xC699, 0xC699, 0xBE99, 0xBE99, 0xBE99, 
  0xBE99, 0xBE99, 0xBE99, 0xBE99, 0xBE99, 0xBE99, 0xBE99, 0xB637, 0xBE58, 0xB698, 0xB617, 0xB617, 
  0xB658, 0xAE78, 0xB678, 0xB678, 0xB678, 0xAE58, 0xB678, 0xAE78, 0xAE78, 0xAE78, 0xB699, 0xB6BA, 
  0xB6BA, 0xB699, 0xAE78, 0xA5F6, 0xAE37, 0xAE99, 0xAE58, 0xAE98, 0xAE99, 0xA678, 0xAE99, 0xB699, 
  0xB6B9, 0xA638, 0x9DF6, 0xA617, 0xAEB9, 0xAE78, 0x9E17, 0xA638, 0xA679, 0xA678, 0xA658, 0xB699, 
  0xAE79, 0x9E58, 0xAE99, 0xAE99, 0x9E38, 0xA658, 0xBEBA, 0xBEDA, 0xBEDA, 0xB69A, 0xB6BA, 0xB6BA, 
  0xBEDA, 0xBEBA, 0xAE99, 0xAE99, 0xAE99, 0xB699, 0xB6BA, 0xAE99, 0xA679, 0xA699, 0xA678, 0xA679, 
  0xB6DA, 0xBEDA, 0xBEBA, 0xC6DB, 0xC6DB, 0xC6DB, 0xBEDB, 0xB6BA, 0xA679, 0xA699, 0xB6DA, 0xB6BA, 
  0xAEB9, 0xAEB9, 0xB6BA, 0xAE99, 0xAE99, 0xAE99, 0xAE99, 0xA679, 0xAE99, 0xA679, 0xA679, 0xA679, 
  0xA699, 0xA679, 0xB6BA, 0x9658, 0x9638, 0xAE99, 0xB6BA, 0xB69A, 0xA679, 0xA679, 0xA679, 0xAEBA, 
  0xFE37, 0xFE37, 0xFDF6, 0xFDF6, 0xFE57, 0xFE78, 0xF637, 0xFE98, 0xFE57, 0xFE36, 0xFDF6, 0xFE37, 
  0xFE78, 0xFE78, 0xFE57, 0xFEB9, 0xFE78, 0xFE78, 0xF6D9, 0xFE78, 0xFE37, 0xFE78, 0xFE58, 0xFEB9, 
  0xFE58, 0xFEB9, 0xF6DA, 0xFE99, 0xFE78, 0xFE77, 0xFE77, 0xFE78, 0xFE78, 0xFE58, 0xFE78, 0xFE78, 
  0xFE78, 0xFE78, 0xFE57, 0xFE57, 0xFE78, 0xFE99, 0xFED9, 0xFED9, 0xFE99, 0xFE57, 0xFE57, 0xFE57, 
  0xFE57, 0xFE58, 0xFE78, 0xFE78, 0xFE78, 0xFE78, 0xFE78, 0xFE58, 0xFE37, 0xFE57, 0xFE58, 0xFE58, 
  0xFE78, 0xFE78, 0xFE78, 0xFE78, 0xFE78, 0xFE57, 0xFE57, 0xFE99, 0xF6B9, 0xF698, 0xFE78, 0xFE78, 
  0xF698, 0xF698, 0xF658, 0xF658, 0xF699, 0xF699, 0xF678, 0xEE98, 0xF678, 0xF637, 0xF658, 0xEE99, 
  0xEEB9, 0xE6FA, 0xEEB9, 0xEE78, 0xEE78, 0xEE99, 0xEE99, 0xEE57, 0xEE36, 0xE658, 0xE699, 0xE678, 
  0xE678, 0xE698, 0xE698, 0xE678, 0xE658, 0xE617, 0xE657, 0xDE78, 0xDE58, 0xDE78, 0xD699, 0xD6B9, 
  0xD698, 0xDE57, 0xDE78, 0xD658, 0xD699, 0xD698, 0xD658, 0xD6B9, 0xCEDA, 0xCEDA, 0xCEDA, 0xC6B9, 
  0xCE99, 0xCE99, 0xCE99, 0xCE37, 0xCE16, 0xC678, 0xBEB9, 0xBEB9, 0xBEB9, 0xBE99, 0xBE99, 0xBE98, 
  0xBE98, 0xBE98, 0xBE99, 0xBE99, 0xBE99, 0xBEB9, 0xBEB9, 0xBE98, 0xBE58, 0xB658, 0xB658, 0xB678, 
  0xB678, 0xB699, 0xB699, 0xB699, 0xB699, 0xAE58, 0xB637, 0xADD6, 0xB698, 0xB699, 0xB6B9, 0xBEDA, 
  0xBEBA, 0xBEDA, 0xB6B9, 0xAE78, 0xAE99, 0xA657, 0xA616, 0xA637, 0xA678, 0xAE99, 0xB6BA, 0xB6BA, 
  0xB6BA, 0xB699, 0xA617, 0xA637, 0xAE78, 0xB6B9, 0xAE99, 0xAE99, 0xAE99, 0xAE79, 0xAE99, 0xAE99, 
  0xAE99, 0xAE99, 0xB699, 0xAE99, 0x9E38, 0xA679, 0xB6BA, 0xBEDA, 0xBEDA, 0xB6BA, 0xB6BA, 0xB6BA, 
  0xB6BA, 0xB699, 0xB69A, 0xB699, 0xB6BA, 0xAE99, 0xB6BA, 0xB6BA, 0xB6BA, 0xAE99, 0xAE99, 0xA679, 
  0xA679, 0xAE99, 0xBEDA, 0xBEDA, 0xBEDB, 0xC6DB, 0xC6DB, 0xC6FB, 0xBEFB, 0xAE99, 0xAE99, 0xBEDA, 
  0xB6BA, 0xB699, 0xB699, 0xB6B9, 0xAEBA, 0xAEB9, 0xAE99, 0xAE99, 0xA699, 0xA679, 0xA679, 0xA679, 
  0xA679, 0xA699, 0x9E78, 0x9638, 0xAE99, 0xB6BA, 0xB6B9, 0xB6BA, 0xB6BA, 0xA679, 0xAE99, 0xA679, 
  0xFE37, 0xFE37, 0xFE36, 0xFE16, 0xFF1B, 0xF6B9, 0xF6DA, 0xF678, 0xF6D9, 0xF71B, 0xF679, 0xFF1B, 
  0xFE98, 0xFF1B, 0xF6FB, 0xF6FA, 0xFF1B, 0xF6DA, 0xF6BA, 0xFEFA, 0xF6DA, 0xF6FA, 0xFF1C, 0xF73B, 
  0xF73B, 0xF6FA, 0xFEB9, 0xFDF6, 0xFE17, 0xFE57, 0xFE77, 0xFE78, 0xFE78, 0xFE78, 0xFE77, 0xFE78, 
  0xFE98, 0xFE98, 0xFE77, 0xFE78, 0xFE98, 0xFEB9, 0xFED9, 0xFED9, 0xFED9, 0xFE58, 0xFE57, 0xFE57, 
  0xFE57, 0xFE57, 0xFE78, 0xFE57, 0xFE57, 0xFE57, 0xFE78, 0xFE17, 0xFE17, 0xFE37, 0xFE38, 0xFE58, 
  0xFE17, 0xFE58, 0xFE78, 0xFE77, 0xFE57, 0xFE58, 0xFE58, 0xFE78, 0xF698, 0xFE98, 0xFE58, 0xFE98, 
  0xF699, 0xFE98, 0xF657, 0xF678, 0xF678, 0xF678, 0xF678, 0xF678, 0xF678, 0xF616, 0xF5F6, 0xF678, 
  0xEEBA, 0xEED9, 0xEE98, 0xEE58, 0xEE78, 0xEE99, 0xE698, 0xEE57, 0xEDD6, 0xEE17, 0xE679, 0xE678, 
  0xE678, 0xE698, 0xE678, 0xE658, 0xE678, 0xE657, 0xDE37, 0xDE57, 0xDE57, 0xDE57, 0xDE37, 0xDE58, 
  0xDE57, 0xDE58, 0xDE58, 0xD658, 0xD699, 0xD699, 0xD698, 0xCEB9, 0xCEDA, 0xCEDA, 0xCEDA, 0xC6B9, 
  0xCE99, 0xCE99, 0xCE99, 0xCE78, 0xCDF6, 0xC678, 0xC6B9, 0xC699, 0xBE99, 0xBEB9, 0xBE99, 0xBE98, 
  0xBE98, 0xBE99, 0xBE98, 0xBE99, 0xBE99, 0xBEB9, 0xBE99, 0xBE99, 0xBE78, 0xB637, 0xB637, 0xB678, 
  0xB679, 0xB699, 0xB698, 0xB699, 0xB699, 0xB658, 0xB5B5, 0xB5F6, 0xB6B9, 0xB699, 0xB699, 0xBEBA, 
  0xBEB9, 0xBEB9, 0xAE99, 0xA678, 0xAE99, 0xA617, 0xA5D6, 0x9DF6, 0xA658, 0xB6BA, 0xB6B9, 0xAE99, 
  0xB6B9, 0xA658, 0x9DF6, 0x9DD5, 0xA658, 0xAE99, 0xB699, 0xB69A, 0xB6BA, 0xAE99, 0xAE99, 0xA679, 
  0xAE99, 0xB699, 0xB6B9, 0xAE99, 0xA678, 0xB6BA, 0xBEDA, 0xBEFA, 0xBEFA, 0xBEDA, 0xBEDA, 0xBEDA, 
  0xB6BA, 0xB6BA, 0xB6BA, 0xB6BA, 0xB6BA, 0xB6BA, 0xAE99, 0xAE99, 0xB6BA, 0xAE99, 0xAE99, 0xAE99, 
  0xAE79, 0xAE79, 0xB6BA, 0xAE79, 0xB6BA, 0xBEDA, 0xC6FB, 0xC6DA, 0xC6DA, 0xC6FB, 0xA679, 0xA679, 
  0xBEDA, 0xB6BA, 0xAE99, 0xAE99, 0xB6BA, 0xB6BA, 0xA699, 0xA678, 0xAE99, 0xA699, 0xA679, 0xA679, 
  0x9E58, 0x9658, 0x8DF7, 0xAEBA, 0xB69A, 0xAE99, 0xA679, 0xAE99, 0xA699, 0x9638, 0x7DD6, 0x8617, 
  0xFE37, 0xFE37, 0xFE37, 0xFE36, 0xFEFA, 0xF657, 0xF699, 0xF533, 0xFE78, 0xFF3B, 0xF73C, 0xFF5C, 
  0xFF1B, 0xF6FA, 0xF6FB, 0xF616, 0xFEB9, 0xFF5C, 0xF698, 0xF699, 0xFF9D, 0xF699, 0xFF5C, 0xF6BA, 
  0xF6DA, 0xF71B, 0xFEDA, 0xFE37, 0xFE37, 0xFE37, 0xFE78, 0xFE78, 0xFE98, 0xFE77, 0xFE57, 0xFE98, 
  0xFE98, 0xFE98, 0xFE98, 0xFE98, 0xFE99, 0xFEB9, 0xFED9, 0xFED9, 0xFEB9, 0xFE58, 0xFE78, 0xFE98, 
  0xFE57, 0xFE57, 0xFE57, 0xFE57, 0xFE57, 0xFE57, 0xFE57, 0xFE77, 0xFE37, 0xFE37, 0xFE78, 0xFE98, 
  0xFE57, 0xFE78, 0xFE98, 0xFE57, 0xFE37, 0xFE58, 0xFE78, 0xFE58, 0xFE58, 0xFE78, 0xFE78, 0xF677, 
  0xF698, 0xF6B9, 0xF6B9, 0xF6B9, 0xF678, 0xF658, 0xF658, 0xF637, 0xF638, 0xF637, 0xF616, 0xF616, 
  0xEEB9, 0xEE99, 0xEE98, 0xEE99, 0xEE78, 0xEE78, 0xEE78, 0xEE57, 0xEE37, 0xEE57, 0xE699, 0xE678, 
  0xE678, 0xE678, 0xE698, 0xDEB9, 0xE699, 0xDE78, 0xDE78, 0xDE78, 0xDE78, 0xDE57, 0xDE57, 0xDE37, 
  0xDE58, 0xDE58, 0xDE58, 0xD678, 0xD678, 0xD699, 0xD699, 0xCE99, 0xCEB9, 0xCEDA, 0xCEDA, 0xC6D9, 
  0xCE99, 0xCE99, 0xCE99, 0xCE98, 0xCE58, 0xCE58, 0xCE78, 0xC698, 0xC699, 0xC699, 0xBE99, 0xBE78, 
  0xBE99, 0xBE99, 0xBE98, 0xBE98, 0xBE99, 0xBE99, 0xBE99, 0xBE99, 0xBE99, 0xBE78, 0xBE58, 0xB678, 
  0xB699, 0xB699, 0xB5B5, 0xB617, 0xB6B9, 0xB637, 0xADD6, 0xB699, 0xB6B9, 0xAE78, 0xBEBA, 0xBEDA, 
  0xBEBA, 0xB6B9, 0xAE99, 0xA678, 0xAE99, 0xAE58, 0xA617, 0xAE99, 0xA678, 0xB699, 0xB699, 0x9E17, 
  0x9E17, 0x9E17, 0x9DF6, 0xA616, 0x9E17, 0xAE79, 0xB6BA, 0xB6BA, 0xA678, 0x9E17, 0xA658, 0xA678, 
  0xAE99, 0xB699, 0xB6B9, 0xB6B9, 0xAE99, 0xB69A, 0xBEDA, 0xBEDA, 0xB6BA, 0xB6BA, 0xBEDA, 0xBEDA, 
  0xBEBA, 0xBEBA, 0xBEDA, 0xB6BA, 0xB6BA, 0xB699, 0xAE79, 0xAE99, 0xAE99, 0xB6BA, 0xB6BA, 0xB6BA, 
  0xB6BA, 0xB699, 0xB6BA, 0xAE99, 0xA678, 0xA679, 0xB6B9, 0xB6BA, 0xB69A, 0xC6DB, 0xBEBA, 0xAE99, 
  0xA679, 0xB6BA, 0xAE99, 0xB6BA, 0xB6BA, 0xAE99, 0xAE99, 0xA679, 0xA679, 0xA679, 0xA679, 0xA679, 
  0xA658, 0xAE99, 0xAEBA, 0xAE79, 0xAE79, 0xA679, 0xA679, 0xA679, 0xA679, 0x7DD6, 0x7DF7, 0x9E78, 
  0xFE57, 0xFE37, 0xFE16, 0xFE36, 0xFED9, 0xF5D6, 0xFEB9, 0xF6D9, 0xFF5B, 0xF699, 0xFEDA, 0xF617, 
  0xFEDA, 0xF658, 0xFF5C, 0xF6FA, 0xFF1B, 0xF6DA, 0xF6BA, 0xFEDA, 0xF6DA, 0xF6FA, 0xF6FB, 0xF6FA, 
  0xF6DA, 0xF699, 0xFEB9, 0xFE36, 0xFE37, 0xFE16, 0xFE57, 0xFE78, 0xFE78, 0xFE77, 0xFE37, 0xFE57, 
  0xFE78, 0xFE98, 0xFE98, 0xFE98, 0xFEB9, 0xFED9, 0xFED9, 0xFE99, 0xFEB9, 0xFEB9, 0xFE98, 0xFEB9, 
  0xFE78, 0xFE57, 0xFE57, 0xFE57, 0xFE57, 0xFE57, 0xFE57, 0xFE57, 0xFE37, 0xFE77, 0xFE98, 0xFE98, 
  0xFE78, 0xFE57, 0xFE37, 0xFE37, 0xFE57, 0xFE78, 0xFE78, 0xFE78, 0xFE78, 0xFE78, 0xFE99, 0xF698, 
  0xF698, 0xF6B9, 0xF6B9, 0xF6BA, 0xF699, 0xF698, 0xF678, 0xF678, 0xF637, 0xF637, 0xF637, 0xF637, 
  0xEE78, 0xEE78, 0xEE78, 0xEE78, 0xEE78, 0xEE78, 0xEE78, 0xEE57, 0xEE17, 0xEE57, 0xE698, 0xE679, 
  0xE678, 0xE698, 0xE678, 0xE699, 0xDE99, 0xDE99, 0xDE78, 0xDE78, 0xDE58, 0xDE78, 0xDE78, 0xDE78, 
  0xD678, 0xD678, 0xD678, 0xD678, 0xDE58, 0xD698, 0xD699, 0xD699, 0xCE99, 0xCEB9, 0xCEB9, 0xCEB9, 
  0xCE58, 0xCE78, 0xCE58, 0xCE78, 0xCE99, 0xCE17, 0xCE17, 0xC6B9, 0xBEB9, 0xBE99, 0xBE99, 0xBE78, 
  0xBE98, 0xBE99, 0xBE99, 0xBE99, 0xBEB9, 0xBEB9, 0xBE99, 0xB699, 0xBE98, 0xB617, 0xB617, 0xB678, 
  0xB699, 0xB699, 0xB594, 0xB5D6, 0xB637, 0xAE17, 0xB658, 0xAE78, 0xB699, 0xBEDA, 0xC6FB, 0xB699, 
  0xB699, 0xB6B9, 0xAE16, 0xADD6, 0xAE17, 0xAE78, 0xA5D6, 0xAE78, 0xAEBA, 0xAE58, 0xAE58, 0xA658, 
  0x9E37, 0x9E37, 0x9E17, 0x9DF6, 0xA638, 0xA679, 0xA679, 0xAE99, 0xAE79, 0x9E37, 0x9E37, 0x9E78, 
  0xA699, 0xAE99, 0xB6B9, 0xAEB9, 0xAE99, 0xB6BA, 0xB699, 0xB6B9, 0xB699, 0xB699, 0xBEDA, 0xBEDA, 
  0xBEBA, 0xBEDB, 0xBEDA, 0xBEDA, 0xBEDA, 0xAE79, 0xA699, 0xAE99, 0xB6BA, 0xB6BA, 0xB6BA, 0xB6BA, 
  0xB6BA, 0xB6BA, 0xB6BA, 0xB699, 0xAE99, 0xAE99, 0xAE99, 0xB6BA, 0xB69A, 0xB6BA, 0xBEBA, 0xBEDA, 
  0xB6BA, 0xAE99, 0xAEB9, 0xB6DA, 0xAEBA, 0xAE99, 0xAE99, 0xA679, 0xA679, 0xA699, 0xA679, 0xA679, 
  0xA679, 0xAE9A, 0xAE99, 0xA679, 0xA679, 0xA679, 0xA679, 0xA679, 0xA679, 0xA699, 0x85F6, 0x8617, 
  0xFE36, 0xFE57, 0xFE57, 0xFE37, 0xF5D5, 0xFDB4, 0xFE16, 0xFE58, 0xF616, 0xF594, 0xFDB5, 0xF573, 
  0xF574, 0xFDF6, 0xF6B9, 0xF658, 0xFE78, 0xFE37, 0xFE58, 0xF657, 0xFE37, 0xFE78, 0xFE58, 0xFE79, 
  0xFE57, 0xFE37, 0xFE78, 0xFE37, 0xFE37, 0xFE57, 0xFE57, 0xFE77, 0xFE77, 0xFE77, 0xFE57, 0xFE37, 
  0xFE78, 0xFEB9, 0xFEB9, 0xFEB9, 0xFEDA, 0xFED9, 0xFEB9, 0xFE98, 0xFEB9, 0xFEFA, 0xFED9, 0xFEB9, 
  0xFE58, 0xFE57, 0xFE57, 0xFE57, 0xFDF6, 0xFE16, 0xFE37, 0xFE57, 0xFE57, 0xFE78, 0xFE98, 0xFE98, 
  0xFE37, 0xFE37, 0xFE37, 0xFE36, 0xFE78, 0xFE78, 0xFE78, 0xFE78, 0xFE58, 0xFE58, 0xF678, 0xFEB9, 
  0xF6B8, 0xF6B9, 0xF6B9, 0xEEDA, 0xEEDA, 0xEEDA, 0xF6B9, 0xF699, 0xF698, 0xEE78, 0xEE78, 0xEE58, 
  0xEE78, 0xEE78, 0xEE78, 0xEE78, 0xEE78, 0xEE98, 0xEE57, 0xEE37, 0xEE37, 0xE678, 0xE678, 0xE678, 
  0xE698, 0xE698, 0xE678, 0xE658, 0xDE78, 0xDE78, 0xDE58, 0xDE57, 0xDE57, 0xDE58, 0xDE57, 0xDE58, 
  0xDE78, 0xD698, 0xD678, 0xDE57, 0xDE58, 0xD678, 0xD699, 0xD699, 0xD699, 0xCE99, 0xCEB9, 0xCEB9, 
  0xCE78, 0xCE78, 0xCE37, 0xCE57, 0xC699, 0xC658, 0xC658, 0xBEB9, 0xBE99, 0xBE99, 0xBE99, 0xBE99, 
  0xBE78, 0xBE78, 0xBE99, 0xBE78, 0xB699, 0xBE99, 0xB699, 0xB679, 0xB698, 0xB657, 0xBE57, 0xB658, 
  0xB678, 0xB699, 0xB658, 0xB5D5, 0xB5D5, 0xB637, 0xB699, 0xAE78, 0xAE79, 0xB6BA, 0xC71B, 0xB699, 
  0xAE99, 0xB699, 0xA595, 0xA595, 0xA5F6, 0xA658, 0xA554, 0xA5B4, 0xA658, 0xA658, 0xA657, 0xAE99, 
  0xA679, 0xA658, 0xA658, 0xA637, 0xAE79, 0xAE79, 0x9E17, 0xA658, 0xA679, 0x9E17, 0x9E17, 0xAE99, 
  0xA679, 0xAE79, 0xBEBA, 0xB6BA, 0xB6B9, 0xBEDA, 0xB6DA, 0xB6BA, 0xB6BA, 0xAE99, 0xAE99, 0xB6BA, 
  0xBEDA, 0xBEFA, 0xBEDA, 0xBEDA, 0xBEFA, 0xB6BA, 0xAE99, 0xA699, 0xAE99, 0xB6BA, 0xBEDA, 0xBEDA, 
  0xB69A, 0xB6BA, 0xB6BA, 0xB6BA, 0xB6BA, 0xAE99, 0xAE99, 0xB6BA, 0xB6BA, 0xB6BA, 0xB6BA, 0xB6BA, 
  0xB6BA, 0xB6BA, 0xAE99, 0x9E58, 0xA679, 0xA679, 0xA679, 0xA699, 0xA679, 0xAE99, 0xA699, 0xAE99, 
  0xA678, 0xA658, 0xAE99, 0xB6B9, 0xA679, 0x9E58, 0x9638, 0x9637, 0x9E58, 0xAE79, 0x8E37, 0x75B5, 
  0xFDF6, 0xFE17, 0xFE37, 0xFE37, 0xFDB5, 0xFD73, 0xFD53, 0xF573, 0xFDB5, 0xFDB4, 0xFDB4, 0xFDD5, 
  0xFD94, 0xFDB5, 0xFE99, 0xFE17, 0xFE57, 0xFE57, 0xFE37, 0xFE16, 0xFE37, 0xFE57, 0xFE36, 0xFE16, 
  0xFE16, 0xFE58, 0xFE78, 0xFE57, 0xFE17, 0xFE57, 0xFE98, 0xFE77, 0xFE77, 0xFE78, 0xFE77, 0xFE98, 
  0xFE98, 0xFE98, 0xFEDA, 0xFED9, 0xFEB9, 0xFE78, 0xFE98, 0xFE98, 0xFEB9, 0xFEFA, 0xFEFA, 0xFEB9, 
  0xFE57, 0xFE37, 0xFE57, 0xFE57, 0xFE16, 0xFE37, 0xFE57, 0xFE37, 0xFE37, 0xFE57, 0xFE57, 0xFE57, 
  0xFE37, 0xFE37, 0xFE37, 0xFE16, 0xFE58, 0xFE78, 0xFE78, 0xFE78, 0xFE78, 0xFE98, 0xF678, 0xF698, 
  0xF6B9, 0xF6B9, 0xEEB9, 0xEED9, 0xEED9, 0xEED9, 0xEEBA, 0xEEDA, 0xEEDA, 0xEEDA, 0xEEB9, 0xEE98, 
  0xEE78, 0xEE79, 0xEE78, 0xEE78, 0xEE78, 0xEE98, 0xEE57, 0xEE37, 0xE657, 0xE678, 0xE678, 0xE698, 
  0xE678, 0xE658, 0xE678, 0xE678, 0xE678, 0xE678, 0xDE78, 0xDE78, 0xDE58, 0xDE78, 0xDE78, 0xDE57, 
  0xDE58, 0xD698, 0xDE78, 0xDE37, 0xDE58, 0xD678, 0xCE99, 0xCE99, 0xCE99, 0xCE99, 0xCE99, 0xCE99, 
  0xC6B9, 0xC6DA, 0xCE99, 0xCE37, 0xCE58, 0xCE58, 0xC699, 0xC6B9, 0xBE78, 0xBE99, 0xBE99, 0xBEB9, 
  0xBE78, 0xBE78, 0xBE98, 0xBE99, 0xB698, 0xB679, 0xB679, 0xB699, 0xB699, 0xB699, 0xB699, 0xB678, 
  0xB678, 0xB678, 0xB679, 0xB574, 0xB617, 0xB699, 0xB699, 0xB699, 0xAE79, 0xAE78, 0xBEDA, 0xB6B9, 
  0xAE78, 0xAE79, 0xA637, 0xA637, 0xA638, 0xA678, 0xA5D5, 0xA594, 0x9E37, 0xA658, 0xA678, 0xAE79, 
  0xA658, 0xA658, 0xAE99, 0xB6B9, 0xBEDA, 0xBEDA, 0xAE99, 0x9E37, 0xA678, 0x9E37, 0x9E58, 0xA678, 
  0xA678, 0xAE99, 0xB6BA, 0xB6BA, 0xA679, 0xA658, 0xB6BA, 0xB6BA, 0xB699, 0xAE79, 0xAE99, 0xB6BA, 
  0xB6BA, 0xBEDA, 0xBEDA, 0xB6BA, 0xBEDA, 0xBEDB, 0xB6BA, 0xAE99, 0xAE99, 0xB699, 0xBEDA, 0xBEDB, 
  0xBEDA, 0xB6BA, 0xB6BA, 0xAE79, 0xAE99, 0xB6BA, 0xB6BA, 0xB6BA, 0xB6BA, 0xB6BA, 0xB6BA, 0xB6BA, 
  0xB6B9, 0xB6BA, 0xB6BA, 0xA679, 0x9658, 0x8E37, 0x85F6, 0x8E17, 0x9E58, 0xA679, 0xAE99, 0xA699, 
  0xA679, 0xA679, 0xAEB9, 0xB6B9, 0xA679, 0x9E58, 0x9E58, 0x9658, 0x9658, 0x9E78, 0xA679, 0x9E58, 
  0xFE16, 0xFE37, 0xFE36, 0xFE16, 0xFDD5, 0xFD53, 0xFD94, 0xFDB5, 0xFDB5, 0xFD33, 0xFDB5, 0xFE16, 
  0xFDD5, 0xFDF6, 0xFE37, 0xFE37, 0xFE57, 0xFE37, 0xFE57, 0xFE37, 0xFE37, 0xFE37, 0xFE16, 0xFE36, 
  0xFE57, 0xFE58, 0xFE58, 0xFE77, 0xFE77, 0xFE37, 0xFE78, 0xFE77, 0xFE77, 0xFE77, 0xFE77, 0xFE78, 
  0xFE78, 0xFE78, 0xFE99, 0xFEB9, 0xFE78, 0xFE77, 0xFE78, 0xFEB9, 0xFEB9, 0xFEDA, 0xFEDA, 0xFE78, 
  0xFE78, 0xFE57, 0xFE57, 0xFE57, 0xFE58, 0xFE58, 0xFE58, 0xFE57, 0xFE57, 0xFE57, 0xFE57, 0xFE17, 
  0xFDF6, 0xFE16, 0xFDF6, 0xFDD5, 0xFE37, 0xFE78, 0xFE78, 0xFE58, 0xFE78, 0xF698, 0xF698, 0xF699, 
  0xF6B9, 0xF6B9, 0xF6B9, 0xF6B9, 0xF698, 0xF698, 0xEE99, 0xF6B9, 0xEEDA, 0xEEB9, 0xEEB9, 0xEE99, 
  0xEE78, 0xEE58, 0xEDD5, 0xEDD6, 0xEE78, 0xEE78, 0xEE78, 0xE678, 0xE678, 0xE658, 0xE678, 0xE678, 
  0xE678, 0xE658, 0xE678, 0xE678, 0xE678, 0xE678, 0xDE57, 0xDE58, 0xDE78, 0xDE78, 0xDE78, 0xDE37, 
  0xDE17, 0xDE78, 0xDE58, 0xD678, 0xD678, 0xD699, 0xCE99, 0xCE99, 0xCE99, 0xCEB9, 0xCEB9, 0xCE79, 
  0xCE99, 0xC6DA, 0xC6BA, 0xCE78, 0xCE58, 0xCE58, 0xC616, 0xC637, 0xC678, 0xC679, 0xC678, 0xC678, 
  0xC678, 0xBE78, 0xBEB9, 0xBEB9, 0xB699, 0xB679, 0xB679, 0xB699, 0xBEBA, 0xBE78, 0xBE57, 0xB699, 
  0xB699, 0xAE77, 0xB678, 0xB5B5, 0xB678, 0xB699, 0xB699, 0xB699, 0xB699, 0xAE78, 0xB699, 0xB699, 
  0xAE78, 0xAE99, 0xAE58, 0xA5B5, 0xA637, 0xAE99, 0xAE78, 0xA617, 0xA637, 0xAE58, 0xAE79, 0xAE99, 
  0xAE99, 0xA658, 0xAE79, 0xB6DA, 0xBEDA, 0xB6BA, 0xA678, 0x9E17, 0x95B5, 0xA657, 0xA699, 0x95F6, 
  0x9E58, 0x9E37, 0xA678, 0xAE79, 0xA679, 0x9617, 0x9E58, 0xB6BA, 0xAE99, 0xAE99, 0xB6BA, 0xB6BA, 
  0xB6BA, 0xB6BA, 0xBEBA, 0xB6BA, 0xB6BA, 0xBEDA, 0xBEDB, 0xBEDB, 0xBEDA, 0xB6BA, 0xBEDA, 0xBEDB, 
  0xB6BA, 0xAE99, 0x9E58, 0x9E58, 0x9E58, 0xA679, 0xB6BA, 0xB69A, 0xB6BA, 0xB6BA, 0xB6BA, 0xB6BA, 
  0xB6BA, 0xB69A, 0xAE79, 0xA699, 0xA679, 0xA699, 0xA679, 0x9E58, 0x9617, 0x9637, 0x9E78, 0x9658, 
  0xAE79, 0xAE99, 0xAE99, 0xA679, 0xA679, 0x9E78, 0x9E58, 0x9E58, 0x9E58, 0x9E58, 0xA679, 0xA679, 
  0xFE37, 0xFE57, 0xFDF5, 0xFD74, 0xFDD5, 0xFD53, 0xFDB5, 0xFD94, 0xFD94, 0xFDD5, 0xFDF6, 0xFDF6, 
  0xFD73, 0xFDF5, 0xFE57, 0xFE57, 0xFE57, 0xFE37, 0xFDF6, 0xFDD5, 0xFE16, 0xFE16, 0xFE16, 0xFE37, 
  0xFE57, 0xFE57, 0xFE57, 0xFE78, 0xFE98, 0xFE78, 0xFE77, 0xFE77, 0xFE77, 0xFE77, 0xFE77, 0xFE78, 
  0xFE78, 0xFE78, 0xFE78, 0xFE78, 0xFE78, 0xFE78, 0xFE78, 0xFE99, 0xFEB9, 0xFEDA, 0xFEDA, 0xFE98, 
  0xFE58, 0xFE57, 0xFE58, 0xFE58, 0xFE58, 0xFE58, 0xFE58, 0xFE58, 0xFE58, 0xFE58, 0xFE57, 0xFE37, 
  0xFE37, 0xFE78, 0xFE78, 0xFE37, 0xFDD5, 0xFE37, 0xFE78, 0xFE37, 0xFE37, 0xFE78, 0xFE78, 0xF698, 
  0xF6B9, 0xF699, 0xF6B9, 0xF698, 0xF698, 0xF698, 0xF698, 0xEEB9, 0xEEDA, 0xEEB9, 0xEE99, 0xEE78, 
  0xEE99, 0xEE57, 0xEE16, 0xEE37, 0xEE58, 0xEE78, 0xEE58, 0xE657, 0xE658, 0xEE37, 0xE678, 0xE678, 
  0xE678, 0xE678, 0xE657, 0xE657, 0xE658, 0xE658, 0xE616, 0xDE57, 0xDE57, 0xDE58, 0xDE78, 0xDE37, 
  0xDE37, 0xDE58, 0xDE58, 0xD678, 0xD678, 0xD679, 0xD698, 0xCE99, 0xCEB9, 0xCE99, 0xCEB9, 0xCE99, 
  0xCE99, 0xC6B9, 0xC6B9, 0xCE78, 0xCE79, 0xCE99, 0xCE17, 0xCDF6, 0xC678, 0xC678, 0xBE58, 0xC658, 
  0xBE78, 0xBE98, 0xC6BA, 0xC6DA, 0xBE99, 0xB679, 0xB679, 0xB678, 0xB6B9, 0xB678, 0xBDD5, 0xBE99, 
  0xBE99, 0xB699, 0xB678, 0xB637, 0xB699, 0xB699, 0xB699, 0xB699, 0xB699, 0xAE78, 0xAE99, 0xAE58, 
  0xA658, 0xB699, 0xAE78, 0xA637, 0xA658, 0xA658, 0xB6BA, 0xAE99, 0x9DF6, 0xA5F6, 0xA637, 0xAE99, 
  0xBEBA, 0xB6BA, 0xAE99, 0xB699, 0xBEBA, 0xBEBA, 0xAEB9, 0xA637, 0x95B5, 0x9DF6, 0x9E58, 0xAE79, 
  0x9E37, 0x8DD6, 0x9E37, 0xA679, 0xA678, 0xAE9A, 0xB6BA, 0xB6BA, 0xAE99, 0xA699, 0xB6BA, 0xAE99, 
  0xAE99, 0xB6BA, 0xB6BA, 0xB6BA, 0xB6BA, 0xB6BA, 0xBEDA, 0xBEDA, 0xBEDB, 0xBEDA, 0xB69A, 0xB69A, 
  0x9637, 0x9637, 0x9E58, 0x9E78, 0x9E58, 0x9E58, 0xAE99, 0xB69A, 0xB699, 0xB6BA, 0xAE99, 0xAE99, 
  0xB6BA, 0xB69A, 0xAE99, 0xA679, 0xA679, 0xAE99, 0xA679, 0xA679, 0xAE99, 0xAE99, 0x9E58, 0x9E58, 
  0xAE9A, 0xB6B9, 0xA679, 0xA679, 0x9E78, 0x9E58, 0x9E78, 0x9E79, 0x9658, 0x9E59, 0xAE99, 0xAE99, 
};

#endif // STANDBY_BACKGROUND_H
