[debug] [2026-09-01T14:57:16.830Z] ----------------------------------------------------------------------
[debug] [2026-09-01T14:57:16.833Z] Command:       C:\Program Files\nodejs\node.exe C:\Users\phamp\AppData\Roaming\npm\node_modules\firebase-tools\lib\bin\firebase.js emulators:start --only functions
[debug] [2026-09-01T14:57:16.833Z] CLI Version:   15.22.4
[debug] [2026-09-01T14:57:16.833Z] Platform:      win32
[debug] [2026-09-01T14:57:16.833Z] Node Version:  v25.0.0
[debug] [2026-09-01T14:57:16.834Z] Detected Agent: unknown
[debug] [2026-09-01T14:57:16.834Z] Time:          Tue Sep 01 2026 21:57:16 GMT+0700 (Indochina Time)
[debug] [2026-09-01T14:57:16.834Z] ----------------------------------------------------------------------
[debug] 
[debug] [2026-09-01T14:57:16.838Z] >>> [apiv2][query] GET https://firebase-public.firebaseio.com/cli.json [none]
[debug] [2026-09-01T14:57:19.961Z] > command requires scopes: ["email","openid","https://www.googleapis.com/auth/cloudplatformprojects.readonly","https://www.googleapis.com/auth/firebase","https://www.googleapis.com/auth/cloud-platform"]
[debug] [2026-09-01T14:57:19.962Z] > authorizing via signed-in user (phamphong300111@gmail.com)
[info] i  emulators: Starting emulators: functions {"metadata":{"emulator":{"name":"hub"},"message":"Starting emulators: functions"}}
[debug] [2026-09-01T14:57:19.977Z] [logging] Logging Emulator only supports listening on one address (127.0.0.1). Not listening on ::1
[debug] [2026-09-01T14:57:19.977Z] assigned listening specs for emulators {"user":{"hub":[{"address":"127.0.0.1","family":"IPv4","port":4400},{"address":"::1","family":"IPv6","port":4400}],"ui":[{"address":"127.0.0.1","family":"IPv4","port":4000},{"address":"::1","family":"IPv6","port":4000}],"logging":[{"address":"127.0.0.1","family":"IPv4","port":4500}]},"metadata":{"message":"assigned listening specs for emulators"}}
[debug] [2026-09-01T14:57:19.985Z] Write emulator hub locator at C:\Users\phamp\AppData\Local\Temp\hub-iot-app-839a2.json
[debug] [2026-09-01T14:57:20.008Z] [functions] Functions Emulator only supports listening on one address (127.0.0.1). Not listening on ::1
[debug] [2026-09-01T14:57:20.009Z] [eventarc] Eventarc Emulator only supports listening on one address (127.0.0.1). Not listening on ::1
[debug] [2026-09-01T14:57:20.009Z] [tasks] Cloud Tasks Emulator only supports listening on one address (127.0.0.1). Not listening on ::1
[debug] [2026-09-01T14:57:20.009Z] late-assigned ports for functions and eventarc emulators {"user":{"hub":[{"address":"127.0.0.1","family":"IPv4","port":4400},{"address":"::1","family":"IPv6","port":4400}],"ui":[{"address":"127.0.0.1","family":"IPv4","port":4000},{"address":"::1","family":"IPv6","port":4000}],"logging":[{"address":"127.0.0.1","family":"IPv4","port":4500}],"functions":[{"address":"127.0.0.1","family":"IPv4","port":5001}],"eventarc":[{"address":"127.0.0.1","family":"IPv4","port":9299}],"tasks":[{"address":"127.0.0.1","family":"IPv4","port":9499}]},"metadata":{"message":"late-assigned ports for functions and eventarc emulators"}}
[warn] !  functions: The following emulators are not running, calls to these services from the Functions emulator will affect production: apphosting, auth, firestore, database, hosting, pubsub, storage, dataconnect {"metadata":{"emulator":{"name":"functions"},"message":"The following emulators are not running, calls to these services from the Functions emulator will affect production: \u001b[1mapphosting, auth, firestore, database, hosting, pubsub, storage, dataconnect\u001b[22m"}}
[debug] [2026-09-01T14:57:20.845Z] <<< [apiv2][status] GET https://firebase-public.firebaseio.com/cli.json 200
[debug] [2026-09-01T14:57:20.845Z] <<< [apiv2][body] GET https://firebase-public.firebaseio.com/cli.json {"cloudBuildErrorAfter":1594252800000,"cloudBuildWarnAfter":1590019200000,"defaultNode10After":1594252800000,"minVersion":"3.0.5","node8DeploysDisabledAfter":1613390400000,"node8RuntimeDisabledAfter":1615809600000,"node8WarnAfter":1600128000000}
[warn] !  functions: Application Default Credentials detected. Non-emulated services will access production using these credentials. Be careful! {"metadata":{"emulator":{"name":"functions"},"message":"Application Default Credentials detected. Non-emulated services will access production using these credentials. Be careful!"}}
[debug] [2026-09-01T14:57:25.006Z] Checked if tokens are valid: false, expires at: 1788200126489
[debug] [2026-09-01T14:57:25.007Z] Checked if tokens are valid: false, expires at: 1788200126489
[debug] [2026-09-01T14:57:25.007Z] > refreshing access token with scopes: []
[debug] [2026-09-01T14:57:25.010Z] >>> [apiv2][query] POST https://www.googleapis.com/oauth2/v3/token [none]
[debug] [2026-09-01T14:57:25.010Z] >>> [apiv2][body] POST https://www.googleapis.com/oauth2/v3/token [omitted]
[debug] [2026-09-01T14:57:25.338Z] <<< [apiv2][status] POST https://www.googleapis.com/oauth2/v3/token 200
[debug] [2026-09-01T14:57:25.339Z] <<< [apiv2][body] POST https://www.googleapis.com/oauth2/v3/token [omitted]
[debug] [2026-09-01T14:57:25.350Z] >>> [apiv2][query] GET https://firebase.googleapis.com/v1beta1/projects/iot-app-839a2/adminSdkConfig [none]
[debug] [2026-09-01T14:57:26.865Z] <<< [apiv2][status] GET https://firebase.googleapis.com/v1beta1/projects/iot-app-839a2/adminSdkConfig 200
[debug] [2026-09-01T14:57:26.865Z] <<< [apiv2][body] GET https://firebase.googleapis.com/v1beta1/projects/iot-app-839a2/adminSdkConfig {"projectId":"iot-app-839a2","databaseURL":"https://iot-app-839a2-default-rtdb.asia-southeast1.firebasedatabase.app","storageBucket":"iot-app-839a2.firebasestorage.app"}
[info] i  functions: Watching "P:\coddd\sendove-box\sendlove_backend" for Cloud Functions... {"metadata":{"emulator":{"name":"functions"},"message":"Watching \"P:\\coddd\\sendove-box\\sendlove_backend\" for Cloud Functions..."}}
[debug] [2026-09-01T14:57:26.911Z] Validating nodejs source
[warn] !  functions: package.json indicates an outdated version of firebase-functions. Please upgrade using npm install --save firebase-functions@latest in your functions directory. 
[warn] !  functions: Please note that there will be breaking changes when you upgrade. 
[debug] [2026-09-01T14:57:29.026Z] > [functions] package.json contents: {
  "name": "sendlove-backend",
  "version": "1.0.0",
  "description": "Sendove Box Backend (Firebase Functions)",
  "main": "lib/index.js",
  "scripts": {
    "build": "tsc",
    "serve": "npm run build && firebase emulators:start --only functions",
    "shell": "npm run build && firebase functions:shell",
    "start": "npm run shell",
    "deploy": "firebase deploy --only functions",
    "logs": "firebase functions:log",
    "test": "jest"
  },
  "engines": {
    "node": "20"
  },
  "dependencies": {
    "@ffmpeg-installer/ffmpeg": "^1.1.0",
    "cors": "^2.8.5",
    "express": "^4.19.2",
    "firebase-admin": "^12.1.0",
    "firebase-functions": "^5.1.1",
    "fluent-ffmpeg": "^2.1.3",
    "helmet": "^8.2.0",
    "sharp": "^0.33.4"
  },
  "devDependencies": {
    "@types/cors": "^2.8.17",
    "@types/express": "^4.17.21",
    "@types/fluent-ffmpeg": "^2.1.24",
    "@types/jest": "^30.0.0",
    "@types/node": "^20.12.7",
    "jest": "^30.4.2",
    "ts-jest": "^29.4.11",
    "typescript": "^5.4.5"
  },
  "private": true
}
[debug] [2026-09-01T14:57:29.027Z] Building nodejs source
[debug] [2026-09-01T14:57:29.028Z] Failed to find version of module node: reached end of search path P:\coddd\sendove-box\sendlove_backend\node_modules
[warn] !  functions: Your requested "node" version "20" doesn't match your global version "25". Using node@25 from host. 
[debug] [2026-09-01T14:57:29.032Z] Could not find functions.yaml. Must use http discovery
[debug] [2026-09-01T14:57:29.050Z] Found firebase-functions binary at 'P:\coddd\sendove-box\sendlove_backend\node_modules\.bin\firebase-functions'
[info] Serving at port 8208

[debug] [2026-09-01T14:57:30.835Z] Got response from /__/functions.yaml {"endpoints":{"api":{"platform":"gcfv1","availableMemoryMb":null,"timeoutSeconds":null,"minInstances":null,"maxInstances":null,"ingressSettings":null,"serviceAccountEmail":null,"vpc":null,"httpsTrigger":{},"entryPoint":"api"}},"specVersion":"v1alpha1","requiredAPIs":[],"extensions":{}}
[info] +  functions: Loaded functions definitions from source: api. {"metadata":{"emulator":{"name":"functions"},"message":"Loaded functions definitions from source: api."}}
[info] +  functions[us-central1-api]: http function initialized (http://127.0.0.1:5001/iot-app-839a2/us-central1/api). {"metadata":{"emulator":{"name":"functions"},"message":"\u001b[1mhttp\u001b[22m function initialized (http://127.0.0.1:5001/iot-app-839a2/us-central1/api)."}}
[debug] [2026-09-01T14:57:34.957Z] Could not find VSCode notification endpoint: FetchError: request to http://localhost:40001/vscode/notify failed, reason: . If you are not running the Firebase SQL Connect VSCode extension, this is expected and not an issue.
[info] 
┌─────────────────────────────────────────────────────────────┐
│ ✔  All emulators ready! It is now safe to connect your app. │
│ i  View Emulator UI at http://127.0.0.1:4000/               │
└─────────────────────────────────────────────────────────────┘

┌───────────┬────────────────┬─────────────────────────────────┐
│ Emulator  │ Host:Port      │ View in Emulator UI             │
├───────────┼────────────────┼─────────────────────────────────┤
│ Functions │ 127.0.0.1:5001 │ http://127.0.0.1:4000/functions │
└───────────┴────────────────┴─────────────────────────────────┘
  Emulator Hub host: 127.0.0.1 port: 4400
  Other reserved ports: 4500

Issues? Report them at https://github.com/firebase/firebase-tools/issues and attach the *-debug.log files.
 
[debug] [2026-09-01T14:57:49.188Z] [work-queue] {"queuedWork":["/iot-app-839a2/us-central1/api/users/me-2026-09-01T14:57:49.187Z"],"queueLength":1,"runningWork":[],"workRunningCount":0}
[debug] [2026-09-01T14:57:49.190Z] [work-queue] {"queuedWork":[],"queueLength":0,"runningWork":["/iot-app-839a2/us-central1/api/users/me-2026-09-01T14:57:49.187Z"],"workRunningCount":1}
[debug] [2026-09-01T14:57:49.193Z] Accepted request OPTIONS /iot-app-839a2/us-central1/api/users/me --> us-central1-api
[debug] [2026-09-01T14:57:49.204Z] [functions] Runtime ready! Sending request! {"metadata":{"emulator":{"name":"functions"},"message":"[functions] Runtime ready! Sending request!"}}
[debug] [2026-09-01T14:57:49.206Z] [functions] Got req.url=/iot-app-839a2/us-central1/api/users/me, mapping to path=/users/me {"metadata":{"emulator":{"name":"functions"},"message":"[functions] Got req.url=/iot-app-839a2/us-central1/api/users/me, mapping to path=/users/me"}}
[debug] [2026-09-01T14:57:49.239Z] [worker-pool] addWorker(us-central1-api) {"metadata":{"emulator":{"name":"functions"},"message":"[worker-pool] addWorker(us-central1-api)"}}
[debug] [2026-09-01T14:57:49.241Z] [worker-pool] Adding worker with key us-central1-api, total=1 {"metadata":{"emulator":{"name":"functions"},"message":"[worker-pool] Adding worker with key us-central1-api, total=1"}}
[debug] [2026-09-01T14:57:54.151Z] [runtime-status] [18936] Resolved module firebase-admin {"declared":true,"installed":true,"version":"12.1.0","resolution":"P:\\coddd\\sendove-box\\sendlove_backend\\node_modules\\firebase-admin\\lib\\index.js"} {"metadata":{"emulator":{"name":"functions"},"function":{"name":"us-central1-api"},"extension":{},"message":"[runtime-status] [18936] Resolved module firebase-admin {\"declared\":true,\"installed\":true,\"version\":\"12.1.0\",\"resolution\":\"P:\\\\coddd\\\\sendove-box\\\\sendlove_backend\\\\node_modules\\\\firebase-admin\\\\lib\\\\index.js\"}"}}
[debug] [2026-09-01T14:57:54.155Z] [runtime-status] [18936] Resolved module firebase-functions {"declared":true,"installed":true,"version":"5.1.1","resolution":"P:\\coddd\\sendove-box\\sendlove_backend\\node_modules\\firebase-functions\\lib\\v1\\index.js"} {"metadata":{"emulator":{"name":"functions"},"function":{"name":"us-central1-api"},"extension":{},"message":"[runtime-status] [18936] Resolved module firebase-functions {\"declared\":true,\"installed\":true,\"version\":\"5.1.1\",\"resolution\":\"P:\\\\coddd\\\\sendove-box\\\\sendlove_backend\\\\node_modules\\\\firebase-functions\\\\lib\\\\v1\\\\index.js\"}"}}
[debug] [2026-09-01T14:57:54.156Z] [runtime-status] [18936] Outgoing network have been stubbed. [{"name":"http","status":"mocked"},{"name":"http","status":"mocked"},{"name":"https","status":"mocked"},{"name":"https","status":"mocked"},{"name":"net","status":"mocked"}] {"metadata":{"emulator":{"name":"functions"},"function":{"name":"us-central1-api"},"extension":{},"message":"[runtime-status] [18936] Outgoing network have been stubbed. [{\"name\":\"http\",\"status\":\"mocked\"},{\"name\":\"http\",\"status\":\"mocked\"},{\"name\":\"https\",\"status\":\"mocked\"},{\"name\":\"https\",\"status\":\"mocked\"},{\"name\":\"net\",\"status\":\"mocked\"}]"}}
[debug] [2026-09-01T14:57:54.161Z] [runtime-status] [18936] Resolved module firebase-functions {"declared":true,"installed":true,"version":"5.1.1","resolution":"P:\\coddd\\sendove-box\\sendlove_backend\\node_modules\\firebase-functions\\lib\\v1\\index.js"} {"metadata":{"emulator":{"name":"functions"},"function":{"name":"us-central1-api"},"extension":{},"message":"[runtime-status] [18936] Resolved module firebase-functions {\"declared\":true,\"installed\":true,\"version\":\"5.1.1\",\"resolution\":\"P:\\\\coddd\\\\sendove-box\\\\sendlove_backend\\\\node_modules\\\\firebase-functions\\\\lib\\\\v1\\\\index.js\"}"}}
[debug] [2026-09-01T14:57:55.032Z] [runtime-status] [18936] Resolved module firebase-admin {"declared":true,"installed":true,"version":"12.1.0","resolution":"P:\\coddd\\sendove-box\\sendlove_backend\\node_modules\\firebase-admin\\lib\\index.js"} {"metadata":{"emulator":{"name":"functions"},"function":{"name":"us-central1-api"},"extension":{},"message":"[runtime-status] [18936] Resolved module firebase-admin {\"declared\":true,\"installed\":true,\"version\":\"12.1.0\",\"resolution\":\"P:\\\\coddd\\\\sendove-box\\\\sendlove_backend\\\\node_modules\\\\firebase-admin\\\\lib\\\\index.js\"}"}}
[debug] [2026-09-01T14:57:55.042Z] [runtime-status] [18936] Resolved module firebase-functions {"declared":true,"installed":true,"version":"5.1.1","resolution":"P:\\coddd\\sendove-box\\sendlove_backend\\node_modules\\firebase-functions\\lib\\v1\\index.js"} {"metadata":{"emulator":{"name":"functions"},"function":{"name":"us-central1-api"},"extension":{},"message":"[runtime-status] [18936] Resolved module firebase-functions {\"declared\":true,\"installed\":true,\"version\":\"5.1.1\",\"resolution\":\"P:\\\\coddd\\\\sendove-box\\\\sendlove_backend\\\\node_modules\\\\firebase-functions\\\\lib\\\\v1\\\\index.js\"}"}}
[debug] [2026-09-01T14:57:55.700Z] [runtime-status] [18936] firebase-admin has been stubbed. {"adminResolution":{"declared":true,"installed":true,"version":"12.1.0","resolution":"P:\\coddd\\sendove-box\\sendlove_backend\\node_modules\\firebase-admin\\lib\\index.js"}} {"metadata":{"emulator":{"name":"functions"},"function":{"name":"us-central1-api"},"extension":{},"message":"[runtime-status] [18936] firebase-admin has been stubbed. {\"adminResolution\":{\"declared\":true,\"installed\":true,\"version\":\"12.1.0\",\"resolution\":\"P:\\\\coddd\\\\sendove-box\\\\sendlove_backend\\\\node_modules\\\\firebase-admin\\\\lib\\\\index.js\"}}"}}
[debug] [2026-09-01T14:57:56.199Z] [runtime-status] [18936] initializeApp(DEFAULT) {"databaseURL":"https://iot-app-839a2.asia-southeast1.firebasedatabase.app","storageBucket":"iot-app-839a2.firebasestorage.app","credential":{"implicit":false,"projectId":"iot-app-839a2","privateKey":"-----BEGIN PRIVATE KEY-----\nMIIEvgIBADANBgkqhkiG9w0BAQEFAASCBKgwggSkAgEAAoIBAQCxGz2Y0ZSx/QuZ\nIDfga7kYDblvZUKxWUGtFalbnGzhO3yur+rBlmaE5ytWvvFufQhmbYHMDtFwOJ1a\n1LZFCpcSLQMTRLDfmG9dnUgb6woKX4fivJDw3G4113kEoW1S7/9TyGziKB4Zkfm+\nAuCLwbgDpEGUOXXGUs1oEjXeDDKUnTsUEm8Hc4zwQO4upnJCVTxGGdG/AEGfXpr5\nnydSBlRlxbWbY7uJCmErND1qnSTDOfbOGJrtedqVqKXd34fTh7gEX2s4rtiqJZ1J\n7B6/Iq0jtOE3Hzs0hcecsOgRqI7Iti7cb8DL70nd1QOR0waNfeHYFboBl+VQq/2n\nZHn8cXqTAgMBAAECggEAVzeFBAbh5S0qUwRMwBYMls3bbgI977x23Vf3iQfljp2O\n7y/uudrpLbXx38w0dSbZxidTbjw147/dredmw2VNtEO6afi/6bzVyxIzepwq26Tj\n9ELMVfEXzSgJjsA4aEmMQaRICq+a8xiyFmKwVeLWTeTL7sTFPR91zDR7lpgHKKvb\ntUjwZ6U+0znOflUQbUK7k4YmM4d9cKFgxkXajR7d6nfvIvdi92hseOmEsXm95NAM\n6itwGXjl5z1ArsY2nC4ostSVbgkCzXfSh2cAXiF8znBgeHm6upEW3VEpt48sS1Jl\nOvCIj1wFS77cyA79sjrjk30SGSZzfCdfS3P1taImUQKBgQDYw9/hN/N//+Yy4ibR\nsWlpupGQf7MEd+wcpuOQJdIXFoO8uwCqNvdCPEC2KcR9rKYrjlOm8wPwhYqZ3IMh\nWZvjFW4ClduA2TyR3fZsN1pFRwX6ML9wztqNpsEQ0oiW4OAnlMQsVREGlW+Qu2Eo\nTp1usjBpNcaO81F2raLGsZfyXwKBgQDRKbjEaQ1dYd+UksOxvpGs9feTbRqf4DXt\nxY13hBSM7+Y/q88aZ4symCiUyx1puKFUBzX3mqIVyJOh+BLDhDYBcLvBCsepDXmJ\nEnEndMdZ6wPZCrQZXdlpV/44rbT3PEJ4srk2EsrfIlpOyXg/WzisBJ+cm/eQoQHq\nFp6VcHLsTQKBgQDIPMkHR6RMTZvczUSG2JhD7vCgxxYbvpwCK7hzZDyaz1WKdkS6\n+GOYcAhnPlYgsegevC9SPZMaEIJkd2s614hFUXp6MOzALezh4mTMuqVM8br3zyhJ\nkQwbZjtayuEaX0kxxx8gxMQhjNGupSmvDlAn/brytZZiXyqVsvh3C38NiQKBgFKl\n0cSKXiWQDvB+LaWGT7mwV2uBqQuTZLvXW9bl8dje0nRGR0d/spkDVsW0nKKxuc2i\nK8jy6SkCYJOXmpJ3I3/eM9JLmClMkcF/8AZPNpZpLtQMTq3XT5k4k9OBkAhBX2Kh\n/F1Jf7A7usN3CHTAbtxJ12fimSgk9sSwu2kBTefhAoGBAMScHI9JeNt12YV7bM7Q\nCm9FBA2Tb/siL/WRwURabHDNeWuvmO974uw6ZTxHrwUv+rL0pn0HaQWYoIbtEKep\nDByT4Lsc7NGdyo5slrQvhwbY4xXCz3nQRWCstjw1vJ0WPXKSS3a6oz1IItr+TUhS\n0pNxK81T6JemFaeeArFLO1aV\n-----END PRIVATE KEY-----\n","clientEmail":"firebase-adminsdk-fbsvc@iot-app-839a2.iam.gserviceaccount.com","httpClient":{"retry":{"maxRetries":4,"statusCodes":[503],"ioErrorCodes":["ECONNRESET","ETIMEDOUT"],"backOffFactor":0.5,"maxDelayInMillis":60000}}}} {"metadata":{"emulator":{"name":"functions"},"function":{"name":"us-central1-api"},"extension":{},"message":"[runtime-status] [18936] initializeApp(DEFAULT) {\"databaseURL\":\"https://iot-app-839a2.asia-southeast1.firebasedatabase.app\",\"storageBucket\":\"iot-app-839a2.firebasestorage.app\",\"credential\":{\"implicit\":false,\"projectId\":\"iot-app-839a2\",\"privateKey\":\"-----BEGIN PRIVATE KEY-----\\nMIIEvgIBADANBgkqhkiG9w0BAQEFAASCBKgwggSkAgEAAoIBAQCxGz2Y0ZSx/QuZ\\nIDfga7kYDblvZUKxWUGtFalbnGzhO3yur+rBlmaE5ytWvvFufQhmbYHMDtFwOJ1a\\n1LZFCpcSLQMTRLDfmG9dnUgb6woKX4fivJDw3G4113kEoW1S7/9TyGziKB4Zkfm+\\nAuCLwbgDpEGUOXXGUs1oEjXeDDKUnTsUEm8Hc4zwQO4upnJCVTxGGdG/AEGfXpr5\\nnydSBlRlxbWbY7uJCmErND1qnSTDOfbOGJrtedqVqKXd34fTh7gEX2s4rtiqJZ1J\\n7B6/Iq0jtOE3Hzs0hcecsOgRqI7Iti7cb8DL70nd1QOR0waNfeHYFboBl+VQq/2n\\nZHn8cXqTAgMBAAECggEAVzeFBAbh5S0qUwRMwBYMls3bbgI977x23Vf3iQfljp2O\\n7y/uudrpLbXx38w0dSbZxidTbjw147/dredmw2VNtEO6afi/6bzVyxIzepwq26Tj\\n9ELMVfEXzSgJjsA4aEmMQaRICq+a8xiyFmKwVeLWTeTL7sTFPR91zDR7lpgHKKvb\\ntUjwZ6U+0znOflUQbUK7k4YmM4d9cKFgxkXajR7d6nfvIvdi92hseOmEsXm95NAM\\n6itwGXjl5z1ArsY2nC4ostSVbgkCzXfSh2cAXiF8znBgeHm6upEW3VEpt48sS1Jl\\nOvCIj1wFS77cyA79sjrjk30SGSZzfCdfS3P1taImUQKBgQDYw9/hN/N//+Yy4ibR\\nsWlpupGQf7MEd+wcpuOQJdIXFoO8uwCqNvdCPEC2KcR9rKYrjlOm8wPwhYqZ3IMh\\nWZvjFW4ClduA2TyR3fZsN1pFRwX6ML9wztqNpsEQ0oiW4OAnlMQsVREGlW+Qu2Eo\\nTp1usjBpNcaO81F2raLGsZfyXwKBgQDRKbjEaQ1dYd+UksOxvpGs9feTbRqf4DXt\\nxY13hBSM7+Y/q88aZ4symCiUyx1puKFUBzX3mqIVyJOh+BLDhDYBcLvBCsepDXmJ\\nEnEndMdZ6wPZCrQZXdlpV/44rbT3PEJ4srk2EsrfIlpOyXg/WzisBJ+cm/eQoQHq\\nFp6VcHLsTQKBgQDIPMkHR6RMTZvczUSG2JhD7vCgxxYbvpwCK7hzZDyaz1WKdkS6\\n+GOYcAhnPlYgsegevC9SPZMaEIJkd2s614hFUXp6MOzALezh4mTMuqVM8br3zyhJ\\nkQwbZjtayuEaX0kxxx8gxMQhjNGupSmvDlAn/brytZZiXyqVsvh3C38NiQKBgFKl\\n0cSKXiWQDvB+LaWGT7mwV2uBqQuTZLvXW9bl8dje0nRGR0d/spkDVsW0nKKxuc2i\\nK8jy6SkCYJOXmpJ3I3/eM9JLmClMkcF/8AZPNpZpLtQMTq3XT5k4k9OBkAhBX2Kh\\n/F1Jf7A7usN3CHTAbtxJ12fimSgk9sSwu2kBTefhAoGBAMScHI9JeNt12YV7bM7Q\\nCm9FBA2Tb/siL/WRwURabHDNeWuvmO974uw6ZTxHrwUv+rL0pn0HaQWYoIbtEKep\\nDByT4Lsc7NGdyo5slrQvhwbY4xXCz3nQRWCstjw1vJ0WPXKSS3a6oz1IItr+TUhS\\n0pNxK81T6JemFaeeArFLO1aV\\n-----END PRIVATE KEY-----\\n\",\"clientEmail\":\"firebase-adminsdk-fbsvc@iot-app-839a2.iam.gserviceaccount.com\",\"httpClient\":{\"retry\":{\"maxRetries\":4,\"statusCodes\":[503],\"ioErrorCodes\":[\"ECONNRESET\",\"ETIMEDOUT\"],\"backOffFactor\":0.5,\"maxDelayInMillis\":60000}}}}"}}
[warn] !  functions: The Realtime Database emulator is not running, so calls to Realtime Database will affect production. {"metadata":{"emulator":{"name":"functions"},"function":{"name":"us-central1-api"},"extension":{},"message":"The Realtime Database emulator is not running, so calls to Realtime Database will affect production."}}
[warn] !  functions: The Firebase Storage emulator is not running, so calls to Firebase Storage will affect production. {"metadata":{"emulator":{"name":"functions"},"function":{"name":"us-central1-api"},"extension":{},"message":"The Firebase Storage emulator is not running, so calls to Firebase Storage will affect production."}}
[debug] [2026-09-01T14:57:56.630Z] [runtime-status] [18936] Functions runtime initialized. {"cwd":"P:\\coddd\\sendove-box\\sendlove_backend","node_version":"25.0.0"} {"metadata":{"emulator":{"name":"functions"},"function":{"name":"us-central1-api"},"extension":{},"message":"[runtime-status] [18936] Functions runtime initialized. {\"cwd\":\"P:\\\\coddd\\\\sendove-box\\\\sendlove_backend\",\"node_version\":\"25.0.0\"}"}}
[debug] [2026-09-01T14:57:56.631Z] [runtime-status] [18936] Listening to port: \\?\pipe\fire_emu_b240d37ddbf4317d {"metadata":{"emulator":{"name":"functions"},"function":{"name":"us-central1-api"},"extension":{},"message":"[runtime-status] [18936] Listening to port: \\\\?\\pipe\\fire_emu_b240d37ddbf4317d"}}
[debug] [2026-09-01T14:57:56.690Z] [worker-us-central1-api-aaae1ecf-b9e0-4ef4-acc6-ebaccdbea98d]: IDLE {"metadata":{"emulator":{"name":"functions"},"function":{"name":"us-central1-api"},"extension":{},"message":"[worker-us-central1-api-aaae1ecf-b9e0-4ef4-acc6-ebaccdbea98d]: IDLE"}}
[debug] [2026-09-01T14:57:56.691Z] [worker-pool] submitRequest(triggerId=us-central1-api) {"metadata":{"emulator":{"name":"functions"},"message":"[worker-pool] submitRequest(triggerId=us-central1-api)"}}
[info] i  functions: Beginning execution of "us-central1-api" {"metadata":{"emulator":{"name":"functions"},"function":{"name":"us-central1-api"},"extension":{},"message":"Beginning execution of \"us-central1-api\""}}
[debug] [2026-09-01T14:57:56.692Z] [worker-us-central1-api-aaae1ecf-b9e0-4ef4-acc6-ebaccdbea98d]: BUSY {"metadata":{"emulator":{"name":"functions"},"function":{"name":"us-central1-api"},"extension":{},"message":"[worker-us-central1-api-aaae1ecf-b9e0-4ef4-acc6-ebaccdbea98d]: BUSY"}}
[debug] [2026-09-01T14:57:56.705Z] Finishing up request with event=pause {"metadata":{"emulator":{"name":"functions"},"function":{"name":"us-central1-api"},"extension":{},"message":"Finishing up request with event=pause"}}
[info] i  functions: Finished "us-central1-api" in 13.6662ms {"metadata":{"emulator":{"name":"functions"},"function":{"name":"us-central1-api"},"extension":{},"message":"Finished \"us-central1-api\" in 13.6662ms"}}
[debug] [2026-09-01T14:57:56.707Z] [worker-us-central1-api-aaae1ecf-b9e0-4ef4-acc6-ebaccdbea98d]: IDLE {"metadata":{"emulator":{"name":"functions"},"function":{"name":"us-central1-api"},"extension":{},"message":"[worker-us-central1-api-aaae1ecf-b9e0-4ef4-acc6-ebaccdbea98d]: IDLE"}}
[debug] [2026-09-01T14:57:56.707Z] Finishing up request with event=finish {"metadata":{"emulator":{"name":"functions"},"function":{"name":"us-central1-api"},"extension":{},"message":"Finishing up request with event=finish"}}
[debug] [2026-09-01T14:57:56.708Z] Finishing up request with event=close {"metadata":{"emulator":{"name":"functions"},"function":{"name":"us-central1-api"},"extension":{},"message":"Finishing up request with event=close"}}
[debug] [2026-09-01T14:57:56.708Z] [work-queue] {"queuedWork":[],"queueLength":0,"runningWork":[],"workRunningCount":0}
[debug] [2026-09-01T14:57:56.715Z] [work-queue] {"queuedWork":["/iot-app-839a2/us-central1/api/users/me-2026-09-01T14:57:56.715Z"],"queueLength":1,"runningWork":[],"workRunningCount":0}
[debug] [2026-09-01T14:57:56.715Z] [work-queue] {"queuedWork":[],"queueLength":0,"runningWork":["/iot-app-839a2/us-central1/api/users/me-2026-09-01T14:57:56.715Z"],"workRunningCount":1}
[debug] [2026-09-01T14:57:56.715Z] Accepted request GET /iot-app-839a2/us-central1/api/users/me --> us-central1-api
[debug] [2026-09-01T14:57:56.718Z] [functions] Runtime ready! Sending request! {"metadata":{"emulator":{"name":"functions"},"message":"[functions] Runtime ready! Sending request!"}}
[debug] [2026-09-01T14:57:56.718Z] [functions] Got req.url=/iot-app-839a2/us-central1/api/users/me, mapping to path=/users/me {"metadata":{"emulator":{"name":"functions"},"message":"[functions] Got req.url=/iot-app-839a2/us-central1/api/users/me, mapping to path=/users/me"}}
[debug] [2026-09-01T14:57:56.719Z] [worker-pool] submitRequest(triggerId=us-central1-api) {"metadata":{"emulator":{"name":"functions"},"message":"[worker-pool] submitRequest(triggerId=us-central1-api)"}}
[info] i  functions: Beginning execution of "us-central1-api" {"metadata":{"emulator":{"name":"functions"},"function":{"name":"us-central1-api"},"extension":{},"message":"Beginning execution of \"us-central1-api\""}}
[debug] [2026-09-01T14:57:56.720Z] [worker-us-central1-api-aaae1ecf-b9e0-4ef4-acc6-ebaccdbea98d]: BUSY {"metadata":{"emulator":{"name":"functions"},"function":{"name":"us-central1-api"},"extension":{},"message":"[worker-us-central1-api-aaae1ecf-b9e0-4ef4-acc6-ebaccdbea98d]: BUSY"}}
[warn] !  functions: The Firebase Authentication emulator is not running, so calls to Firebase Authentication will affect production. {"metadata":{"emulator":{"name":"functions"},"function":{"name":"us-central1-api"},"extension":{},"message":"The Firebase Authentication emulator is not running, so calls to Firebase Authentication will affect production."}}
[debug] [2026-09-01T14:57:58.822Z] Finishing up request with event=pause {"metadata":{"emulator":{"name":"functions"},"function":{"name":"us-central1-api"},"extension":{},"message":"Finishing up request with event=pause"}}
[info] i  functions: Finished "us-central1-api" in 2102.9231ms {"metadata":{"emulator":{"name":"functions"},"function":{"name":"us-central1-api"},"extension":{},"message":"Finished \"us-central1-api\" in 2102.9231ms"}}
[debug] [2026-09-01T14:57:58.823Z] [worker-us-central1-api-aaae1ecf-b9e0-4ef4-acc6-ebaccdbea98d]: IDLE {"metadata":{"emulator":{"name":"functions"},"function":{"name":"us-central1-api"},"extension":{},"message":"[worker-us-central1-api-aaae1ecf-b9e0-4ef4-acc6-ebaccdbea98d]: IDLE"}}
[debug] [2026-09-01T14:57:58.824Z] Finishing up request with event=finish {"metadata":{"emulator":{"name":"functions"},"function":{"name":"us-central1-api"},"extension":{},"message":"Finishing up request with event=finish"}}
[debug] [2026-09-01T14:57:58.824Z] Finishing up request with event=close {"metadata":{"emulator":{"name":"functions"},"function":{"name":"us-central1-api"},"extension":{},"message":"Finishing up request with event=close"}}
[debug] [2026-09-01T14:57:58.824Z] [work-queue] {"queuedWork":[],"queueLength":0,"runningWork":[],"workRunningCount":0}
[debug] [2026-09-01T14:58:13.862Z] [work-queue] {"queuedWork":["/iot-app-839a2/us-central1/api/boxes/ESP32_A1B2C3D4E5F6/messages/initiate-2026-09-01T14:58:13.862Z"],"queueLength":1,"runningWork":[],"workRunningCount":0}
[debug] [2026-09-01T14:58:13.862Z] [work-queue] {"queuedWork":[],"queueLength":0,"runningWork":["/iot-app-839a2/us-central1/api/boxes/ESP32_A1B2C3D4E5F6/messages/initiate-2026-09-01T14:58:13.862Z"],"workRunningCount":1}
[debug] [2026-09-01T14:58:13.862Z] Accepted request OPTIONS /iot-app-839a2/us-central1/api/boxes/ESP32_A1B2C3D4E5F6/messages/initiate --> us-central1-api
[debug] [2026-09-01T14:58:13.865Z] [functions] Runtime ready! Sending request! {"metadata":{"emulator":{"name":"functions"},"message":"[functions] Runtime ready! Sending request!"}}
[debug] [2026-09-01T14:58:13.866Z] [functions] Got req.url=/iot-app-839a2/us-central1/api/boxes/ESP32_A1B2C3D4E5F6/messages/initiate, mapping to path=/boxes/ESP32_A1B2C3D4E5F6/messages/initiate {"metadata":{"emulator":{"name":"functions"},"message":"[functions] Got req.url=/iot-app-839a2/us-central1/api/boxes/ESP32_A1B2C3D4E5F6/messages/initiate, mapping to path=/boxes/ESP32_A1B2C3D4E5F6/messages/initiate"}}
[debug] [2026-09-01T14:58:13.866Z] [worker-pool] submitRequest(triggerId=us-central1-api) {"metadata":{"emulator":{"name":"functions"},"message":"[worker-pool] submitRequest(triggerId=us-central1-api)"}}
[info] i  functions: Beginning execution of "us-central1-api" {"metadata":{"emulator":{"name":"functions"},"function":{"name":"us-central1-api"},"extension":{},"message":"Beginning execution of \"us-central1-api\""}}
[debug] [2026-09-01T14:58:13.868Z] [worker-us-central1-api-aaae1ecf-b9e0-4ef4-acc6-ebaccdbea98d]: BUSY {"metadata":{"emulator":{"name":"functions"},"function":{"name":"us-central1-api"},"extension":{},"message":"[worker-us-central1-api-aaae1ecf-b9e0-4ef4-acc6-ebaccdbea98d]: BUSY"}}
[debug] [2026-09-01T14:58:13.873Z] Finishing up request with event=pause {"metadata":{"emulator":{"name":"functions"},"function":{"name":"us-central1-api"},"extension":{},"message":"Finishing up request with event=pause"}}
[info] i  functions: Finished "us-central1-api" in 6.2227ms {"metadata":{"emulator":{"name":"functions"},"function":{"name":"us-central1-api"},"extension":{},"message":"Finished \"us-central1-api\" in 6.2227ms"}}
[debug] [2026-09-01T14:58:13.874Z] [worker-us-central1-api-aaae1ecf-b9e0-4ef4-acc6-ebaccdbea98d]: IDLE {"metadata":{"emulator":{"name":"functions"},"function":{"name":"us-central1-api"},"extension":{},"message":"[worker-us-central1-api-aaae1ecf-b9e0-4ef4-acc6-ebaccdbea98d]: IDLE"}}
[debug] [2026-09-01T14:58:13.875Z] Finishing up request with event=finish {"metadata":{"emulator":{"name":"functions"},"function":{"name":"us-central1-api"},"extension":{},"message":"Finishing up request with event=finish"}}
[debug] [2026-09-01T14:58:13.875Z] Finishing up request with event=close {"metadata":{"emulator":{"name":"functions"},"function":{"name":"us-central1-api"},"extension":{},"message":"Finishing up request with event=close"}}
[debug] [2026-09-01T14:58:13.875Z] [work-queue] {"queuedWork":[],"queueLength":0,"runningWork":[],"workRunningCount":0}
[debug] [2026-09-01T14:58:13.878Z] [work-queue] {"queuedWork":["/iot-app-839a2/us-central1/api/boxes/ESP32_A1B2C3D4E5F6/messages/initiate-2026-09-01T14:58:13.878Z"],"queueLength":1,"runningWork":[],"workRunningCount":0}
[debug] [2026-09-01T14:58:13.878Z] [work-queue] {"queuedWork":[],"queueLength":0,"runningWork":["/iot-app-839a2/us-central1/api/boxes/ESP32_A1B2C3D4E5F6/messages/initiate-2026-09-01T14:58:13.878Z"],"workRunningCount":1}
[debug] [2026-09-01T14:58:13.878Z] Accepted request POST /iot-app-839a2/us-central1/api/boxes/ESP32_A1B2C3D4E5F6/messages/initiate --> us-central1-api
[debug] [2026-09-01T14:58:13.880Z] [functions] Runtime ready! Sending request! {"metadata":{"emulator":{"name":"functions"},"message":"[functions] Runtime ready! Sending request!"}}
[debug] [2026-09-01T14:58:13.880Z] [functions] Got req.url=/iot-app-839a2/us-central1/api/boxes/ESP32_A1B2C3D4E5F6/messages/initiate, mapping to path=/boxes/ESP32_A1B2C3D4E5F6/messages/initiate {"metadata":{"emulator":{"name":"functions"},"message":"[functions] Got req.url=/iot-app-839a2/us-central1/api/boxes/ESP32_A1B2C3D4E5F6/messages/initiate, mapping to path=/boxes/ESP32_A1B2C3D4E5F6/messages/initiate"}}
[debug] [2026-09-01T14:58:13.881Z] [worker-pool] submitRequest(triggerId=us-central1-api) {"metadata":{"emulator":{"name":"functions"},"message":"[worker-pool] submitRequest(triggerId=us-central1-api)"}}
[info] i  functions: Beginning execution of "us-central1-api" {"metadata":{"emulator":{"name":"functions"},"function":{"name":"us-central1-api"},"extension":{},"message":"Beginning execution of \"us-central1-api\""}}
[debug] [2026-09-01T14:58:13.882Z] [worker-us-central1-api-aaae1ecf-b9e0-4ef4-acc6-ebaccdbea98d]: BUSY {"metadata":{"emulator":{"name":"functions"},"function":{"name":"us-central1-api"},"extension":{},"message":"[worker-us-central1-api-aaae1ecf-b9e0-4ef4-acc6-ebaccdbea98d]: BUSY"}}
[debug] [2026-09-01T14:58:14.173Z] Finishing up request with event=pause {"metadata":{"emulator":{"name":"functions"},"function":{"name":"us-central1-api"},"extension":{},"message":"Finishing up request with event=pause"}}
[info] i  functions: Finished "us-central1-api" in 290.9507ms {"metadata":{"emulator":{"name":"functions"},"function":{"name":"us-central1-api"},"extension":{},"message":"Finished \"us-central1-api\" in 290.9507ms"}}
[debug] [2026-09-01T14:58:14.174Z] [worker-us-central1-api-aaae1ecf-b9e0-4ef4-acc6-ebaccdbea98d]: IDLE {"metadata":{"emulator":{"name":"functions"},"function":{"name":"us-central1-api"},"extension":{},"message":"[worker-us-central1-api-aaae1ecf-b9e0-4ef4-acc6-ebaccdbea98d]: IDLE"}}
[debug] [2026-09-01T14:58:14.174Z] Finishing up request with event=finish {"metadata":{"emulator":{"name":"functions"},"function":{"name":"us-central1-api"},"extension":{},"message":"Finishing up request with event=finish"}}
[debug] [2026-09-01T14:58:14.174Z] Finishing up request with event=close {"metadata":{"emulator":{"name":"functions"},"function":{"name":"us-central1-api"},"extension":{},"message":"Finishing up request with event=close"}}
[debug] [2026-09-01T14:58:14.174Z] [work-queue] {"queuedWork":[],"queueLength":0,"runningWork":[],"workRunningCount":0}
[debug] [2026-09-01T14:58:20.374Z] [work-queue] {"queuedWork":["/iot-app-839a2/us-central1/api/boxes/ESP32_A1B2C3D4E5F6/messages/confirm-2026-09-01T14:58:20.374Z"],"queueLength":1,"runningWork":[],"workRunningCount":0}
[debug] [2026-09-01T14:58:20.375Z] [work-queue] {"queuedWork":[],"queueLength":0,"runningWork":["/iot-app-839a2/us-central1/api/boxes/ESP32_A1B2C3D4E5F6/messages/confirm-2026-09-01T14:58:20.374Z"],"workRunningCount":1}
[debug] [2026-09-01T14:58:20.375Z] Accepted request OPTIONS /iot-app-839a2/us-central1/api/boxes/ESP32_A1B2C3D4E5F6/messages/confirm --> us-central1-api
[debug] [2026-09-01T14:58:20.377Z] [functions] Runtime ready! Sending request! {"metadata":{"emulator":{"name":"functions"},"message":"[functions] Runtime ready! Sending request!"}}
[debug] [2026-09-01T14:58:20.377Z] [functions] Got req.url=/iot-app-839a2/us-central1/api/boxes/ESP32_A1B2C3D4E5F6/messages/confirm, mapping to path=/boxes/ESP32_A1B2C3D4E5F6/messages/confirm {"metadata":{"emulator":{"name":"functions"},"message":"[functions] Got req.url=/iot-app-839a2/us-central1/api/boxes/ESP32_A1B2C3D4E5F6/messages/confirm, mapping to path=/boxes/ESP32_A1B2C3D4E5F6/messages/confirm"}}
[debug] [2026-09-01T14:58:20.377Z] [worker-pool] submitRequest(triggerId=us-central1-api) {"metadata":{"emulator":{"name":"functions"},"message":"[worker-pool] submitRequest(triggerId=us-central1-api)"}}
[info] i  functions: Beginning execution of "us-central1-api" {"metadata":{"emulator":{"name":"functions"},"function":{"name":"us-central1-api"},"extension":{},"message":"Beginning execution of \"us-central1-api\""}}
[debug] [2026-09-01T14:58:20.378Z] [worker-us-central1-api-aaae1ecf-b9e0-4ef4-acc6-ebaccdbea98d]: BUSY {"metadata":{"emulator":{"name":"functions"},"function":{"name":"us-central1-api"},"extension":{},"message":"[worker-us-central1-api-aaae1ecf-b9e0-4ef4-acc6-ebaccdbea98d]: BUSY"}}
[debug] [2026-09-01T14:58:20.380Z] Finishing up request with event=pause {"metadata":{"emulator":{"name":"functions"},"function":{"name":"us-central1-api"},"extension":{},"message":"Finishing up request with event=pause"}}
[info] i  functions: Finished "us-central1-api" in 2.7481ms {"metadata":{"emulator":{"name":"functions"},"function":{"name":"us-central1-api"},"extension":{},"message":"Finished \"us-central1-api\" in 2.7481ms"}}
[debug] [2026-09-01T14:58:20.381Z] [worker-us-central1-api-aaae1ecf-b9e0-4ef4-acc6-ebaccdbea98d]: IDLE {"metadata":{"emulator":{"name":"functions"},"function":{"name":"us-central1-api"},"extension":{},"message":"[worker-us-central1-api-aaae1ecf-b9e0-4ef4-acc6-ebaccdbea98d]: IDLE"}}
[debug] [2026-09-01T14:58:20.381Z] Finishing up request with event=finish {"metadata":{"emulator":{"name":"functions"},"function":{"name":"us-central1-api"},"extension":{},"message":"Finishing up request with event=finish"}}
[debug] [2026-09-01T14:58:20.381Z] Finishing up request with event=close {"metadata":{"emulator":{"name":"functions"},"function":{"name":"us-central1-api"},"extension":{},"message":"Finishing up request with event=close"}}
[debug] [2026-09-01T14:58:20.381Z] [work-queue] {"queuedWork":[],"queueLength":0,"runningWork":[],"workRunningCount":0}
[debug] [2026-09-01T14:58:20.385Z] [work-queue] {"queuedWork":["/iot-app-839a2/us-central1/api/boxes/ESP32_A1B2C3D4E5F6/messages/confirm-2026-09-01T14:58:20.385Z"],"queueLength":1,"runningWork":[],"workRunningCount":0}
[debug] [2026-09-01T14:58:20.385Z] [work-queue] {"queuedWork":[],"queueLength":0,"runningWork":["/iot-app-839a2/us-central1/api/boxes/ESP32_A1B2C3D4E5F6/messages/confirm-2026-09-01T14:58:20.385Z"],"workRunningCount":1}
[debug] [2026-09-01T14:58:20.385Z] Accepted request POST /iot-app-839a2/us-central1/api/boxes/ESP32_A1B2C3D4E5F6/messages/confirm --> us-central1-api
[debug] [2026-09-01T14:58:20.387Z] [functions] Runtime ready! Sending request! {"metadata":{"emulator":{"name":"functions"},"message":"[functions] Runtime ready! Sending request!"}}
[debug] [2026-09-01T14:58:20.387Z] [functions] Got req.url=/iot-app-839a2/us-central1/api/boxes/ESP32_A1B2C3D4E5F6/messages/confirm, mapping to path=/boxes/ESP32_A1B2C3D4E5F6/messages/confirm {"metadata":{"emulator":{"name":"functions"},"message":"[functions] Got req.url=/iot-app-839a2/us-central1/api/boxes/ESP32_A1B2C3D4E5F6/messages/confirm, mapping to path=/boxes/ESP32_A1B2C3D4E5F6/messages/confirm"}}
[debug] [2026-09-01T14:58:20.387Z] [worker-pool] submitRequest(triggerId=us-central1-api) {"metadata":{"emulator":{"name":"functions"},"message":"[worker-pool] submitRequest(triggerId=us-central1-api)"}}
[info] i  functions: Beginning execution of "us-central1-api" {"metadata":{"emulator":{"name":"functions"},"function":{"name":"us-central1-api"},"extension":{},"message":"Beginning execution of \"us-central1-api\""}}
[debug] [2026-09-01T14:58:20.388Z] [worker-us-central1-api-aaae1ecf-b9e0-4ef4-acc6-ebaccdbea98d]: BUSY {"metadata":{"emulator":{"name":"functions"},"function":{"name":"us-central1-api"},"extension":{},"message":"[worker-us-central1-api-aaae1ecf-b9e0-4ef4-acc6-ebaccdbea98d]: BUSY"}}
[warn] !  Google API requested!
   - URL: "https://www.googleapis.com/oauth2/v4/token"
   - Be careful, this may be a production service. {"metadata":{"emulator":{"name":"functions"},"function":{"name":"us-central1-api"},"extension":{},"message":"Google API requested!\n   - URL: \"https://www.googleapis.com/oauth2/v4/token\"\n   - Be careful, this may be a production service."}}
[warn] !  Google API requested!
   - URL: "https://storage.googleapis.com/storage/v1/b/iot-app-839a2.firebasestorage.app/o/media%2FESP32_A1B2C3D4E5F6%2Fmsg_1788274694159%2Fvideo.bin?"
   - Be careful, this may be a production service. {"metadata":{"emulator":{"name":"functions"},"function":{"name":"us-central1-api"},"extension":{},"message":"Google API requested!\n   - URL: \"https://storage.googleapis.com/storage/v1/b/iot-app-839a2.firebasestorage.app/o/media%2FESP32_A1B2C3D4E5F6%2Fmsg_1788274694159%2Fvideo.bin?\"\n   - Be careful, this may be a production service."}}
[warn] !  Google API requested!
   - URL: "https://storage.googleapis.com/storage/v1/b/iot-app-839a2.firebasestorage.app/o/media%2FESP32_A1B2C3D4E5F6%2Fmsg_1788274694159%2Fvoice.wav?"
   - Be careful, this may be a production service. {"metadata":{"emulator":{"name":"functions"},"function":{"name":"us-central1-api"},"extension":{},"message":"Google API requested!\n   - URL: \"https://storage.googleapis.com/storage/v1/b/iot-app-839a2.firebasestorage.app/o/media%2FESP32_A1B2C3D4E5F6%2Fmsg_1788274694159%2Fvoice.wav?\"\n   - Be careful, this may be a production service."}}
[warn] !  Google API requested!
   - URL: "https://storage.googleapis.com/storage/v1/b/iot-app-839a2.firebasestorage.app/o/media%2FESP32_A1B2C3D4E5F6%2Fmsg_1788274694159%2Fthumb.jpg?"
   - Be careful, this may be a production service. {"metadata":{"emulator":{"name":"functions"},"function":{"name":"us-central1-api"},"extension":{},"message":"Google API requested!\n   - URL: \"https://storage.googleapis.com/storage/v1/b/iot-app-839a2.firebasestorage.app/o/media%2FESP32_A1B2C3D4E5F6%2Fmsg_1788274694159%2Fthumb.jpg?\"\n   - Be careful, this may be a production service."}}
[warn] !  Google API requested!
   - URL: "https://storage.googleapis.com/storage/v1/b/iot-app-839a2.firebasestorage.app/o/media%2FESP32_A1B2C3D4E5F6%2Fmsg_1788274694159%2Foriginal.mp4?"
   - Be careful, this may be a production service. {"metadata":{"emulator":{"name":"functions"},"function":{"name":"us-central1-api"},"extension":{},"message":"Google API requested!\n   - URL: \"https://storage.googleapis.com/storage/v1/b/iot-app-839a2.firebasestorage.app/o/media%2FESP32_A1B2C3D4E5F6%2Fmsg_1788274694159%2Foriginal.mp4?\"\n   - Be careful, this may be a production service."}}
[debug] [2026-09-01T14:58:26.389Z] Finishing up request with event=pause {"metadata":{"emulator":{"name":"functions"},"function":{"name":"us-central1-api"},"extension":{},"message":"Finishing up request with event=pause"}}
[info] i  functions: Finished "us-central1-api" in 6003.5109ms {"metadata":{"emulator":{"name":"functions"},"function":{"name":"us-central1-api"},"extension":{},"message":"Finished \"us-central1-api\" in 6003.5109ms"}}
[debug] [2026-09-01T14:58:26.395Z] [worker-us-central1-api-aaae1ecf-b9e0-4ef4-acc6-ebaccdbea98d]: IDLE {"metadata":{"emulator":{"name":"functions"},"function":{"name":"us-central1-api"},"extension":{},"message":"[worker-us-central1-api-aaae1ecf-b9e0-4ef4-acc6-ebaccdbea98d]: IDLE"}}
[debug] [2026-09-01T14:58:26.401Z] Finishing up request with event=finish {"metadata":{"emulator":{"name":"functions"},"function":{"name":"us-central1-api"},"extension":{},"message":"Finishing up request with event=finish"}}
[debug] [2026-09-01T14:58:26.403Z] Finishing up request with event=close {"metadata":{"emulator":{"name":"functions"},"function":{"name":"us-central1-api"},"extension":{},"message":"Finishing up request with event=close"}}
[debug] [2026-09-01T14:58:26.403Z] [work-queue] {"queuedWork":[],"queueLength":0,"runningWork":[],"workRunningCount":0}
[debug] [2026-09-01T15:38:16.539Z] [work-queue] {"queuedWork":["/iot-app-839a2/us-central1/api/users/me-2026-09-01T15:38:16.539Z"],"queueLength":1,"runningWork":[],"workRunningCount":0}
[debug] [2026-09-01T15:38:16.541Z] [work-queue] {"queuedWork":[],"queueLength":0,"runningWork":["/iot-app-839a2/us-central1/api/users/me-2026-09-01T15:38:16.539Z"],"workRunningCount":1}
[debug] [2026-09-01T15:38:16.541Z] Accepted request OPTIONS /iot-app-839a2/us-central1/api/users/me --> us-central1-api
[debug] [2026-09-01T15:38:16.551Z] [functions] Runtime ready! Sending request! {"metadata":{"emulator":{"name":"functions"},"message":"[functions] Runtime ready! Sending request!"}}
[debug] [2026-09-01T15:38:16.552Z] [functions] Got req.url=/iot-app-839a2/us-central1/api/users/me, mapping to path=/users/me {"metadata":{"emulator":{"name":"functions"},"message":"[functions] Got req.url=/iot-app-839a2/us-central1/api/users/me, mapping to path=/users/me"}}
[debug] [2026-09-01T15:38:16.552Z] [worker-pool] submitRequest(triggerId=us-central1-api) {"metadata":{"emulator":{"name":"functions"},"message":"[worker-pool] submitRequest(triggerId=us-central1-api)"}}
[info] i  functions: Beginning execution of "us-central1-api" {"metadata":{"emulator":{"name":"functions"},"function":{"name":"us-central1-api"},"extension":{},"message":"Beginning execution of \"us-central1-api\""}}
[debug] [2026-09-01T15:38:16.554Z] [worker-us-central1-api-aaae1ecf-b9e0-4ef4-acc6-ebaccdbea98d]: BUSY {"metadata":{"emulator":{"name":"functions"},"function":{"name":"us-central1-api"},"extension":{},"message":"[worker-us-central1-api-aaae1ecf-b9e0-4ef4-acc6-ebaccdbea98d]: BUSY"}}
[debug] [2026-09-01T15:38:16.568Z] Finishing up request with event=pause {"metadata":{"emulator":{"name":"functions"},"function":{"name":"us-central1-api"},"extension":{},"message":"Finishing up request with event=pause"}}
[info] i  functions: Finished "us-central1-api" in 14.1379ms {"metadata":{"emulator":{"name":"functions"},"function":{"name":"us-central1-api"},"extension":{},"message":"Finished \"us-central1-api\" in 14.1379ms"}}
[debug] [2026-09-01T15:38:16.569Z] [worker-us-central1-api-aaae1ecf-b9e0-4ef4-acc6-ebaccdbea98d]: IDLE {"metadata":{"emulator":{"name":"functions"},"function":{"name":"us-central1-api"},"extension":{},"message":"[worker-us-central1-api-aaae1ecf-b9e0-4ef4-acc6-ebaccdbea98d]: IDLE"}}
[debug] [2026-09-01T15:38:16.569Z] Finishing up request with event=finish {"metadata":{"emulator":{"name":"functions"},"function":{"name":"us-central1-api"},"extension":{},"message":"Finishing up request with event=finish"}}
[debug] [2026-09-01T15:38:16.569Z] Finishing up request with event=close {"metadata":{"emulator":{"name":"functions"},"function":{"name":"us-central1-api"},"extension":{},"message":"Finishing up request with event=close"}}
[debug] [2026-09-01T15:38:16.569Z] [work-queue] {"queuedWork":[],"queueLength":0,"runningWork":[],"workRunningCount":0}
[debug] [2026-09-01T15:38:16.572Z] [work-queue] {"queuedWork":["/iot-app-839a2/us-central1/api/users/me-2026-09-01T15:38:16.572Z"],"queueLength":1,"runningWork":[],"workRunningCount":0}
[debug] [2026-09-01T15:38:16.572Z] [work-queue] {"queuedWork":[],"queueLength":0,"runningWork":["/iot-app-839a2/us-central1/api/users/me-2026-09-01T15:38:16.572Z"],"workRunningCount":1}
[debug] [2026-09-01T15:38:16.572Z] Accepted request GET /iot-app-839a2/us-central1/api/users/me --> us-central1-api
[debug] [2026-09-01T15:38:16.575Z] [functions] Runtime ready! Sending request! {"metadata":{"emulator":{"name":"functions"},"message":"[functions] Runtime ready! Sending request!"}}
[debug] [2026-09-01T15:38:16.575Z] [functions] Got req.url=/iot-app-839a2/us-central1/api/users/me, mapping to path=/users/me {"metadata":{"emulator":{"name":"functions"},"message":"[functions] Got req.url=/iot-app-839a2/us-central1/api/users/me, mapping to path=/users/me"}}
[debug] [2026-09-01T15:38:16.576Z] [worker-pool] submitRequest(triggerId=us-central1-api) {"metadata":{"emulator":{"name":"functions"},"message":"[worker-pool] submitRequest(triggerId=us-central1-api)"}}
[info] i  functions: Beginning execution of "us-central1-api" {"metadata":{"emulator":{"name":"functions"},"function":{"name":"us-central1-api"},"extension":{},"message":"Beginning execution of \"us-central1-api\""}}
[debug] [2026-09-01T15:38:16.576Z] [worker-us-central1-api-aaae1ecf-b9e0-4ef4-acc6-ebaccdbea98d]: BUSY {"metadata":{"emulator":{"name":"functions"},"function":{"name":"us-central1-api"},"extension":{},"message":"[worker-us-central1-api-aaae1ecf-b9e0-4ef4-acc6-ebaccdbea98d]: BUSY"}}
[debug] [2026-09-01T15:38:17.994Z] Finishing up request with event=pause {"metadata":{"emulator":{"name":"functions"},"function":{"name":"us-central1-api"},"extension":{},"message":"Finishing up request with event=pause"}}
[info] i  functions: Finished "us-central1-api" in 1417.6968ms {"metadata":{"emulator":{"name":"functions"},"function":{"name":"us-central1-api"},"extension":{},"message":"Finished \"us-central1-api\" in 1417.6968ms"}}
[debug] [2026-09-01T15:38:17.994Z] [worker-us-central1-api-aaae1ecf-b9e0-4ef4-acc6-ebaccdbea98d]: IDLE {"metadata":{"emulator":{"name":"functions"},"function":{"name":"us-central1-api"},"extension":{},"message":"[worker-us-central1-api-aaae1ecf-b9e0-4ef4-acc6-ebaccdbea98d]: IDLE"}}
[debug] [2026-09-01T15:38:17.994Z] Finishing up request with event=finish {"metadata":{"emulator":{"name":"functions"},"function":{"name":"us-central1-api"},"extension":{},"message":"Finishing up request with event=finish"}}
[debug] [2026-09-01T15:38:17.995Z] Finishing up request with event=close {"metadata":{"emulator":{"name":"functions"},"function":{"name":"us-central1-api"},"extension":{},"message":"Finishing up request with event=close"}}
[debug] [2026-09-01T15:38:17.995Z] [work-queue] {"queuedWork":[],"queueLength":0,"runningWork":[],"workRunningCount":0}
[debug] [2026-09-01T15:38:30.832Z] [work-queue] {"queuedWork":["/iot-app-839a2/us-central1/api/users/me-2026-09-01T15:38:30.832Z"],"queueLength":1,"runningWork":[],"workRunningCount":0}
[debug] [2026-09-01T15:38:30.833Z] [work-queue] {"queuedWork":[],"queueLength":0,"runningWork":["/iot-app-839a2/us-central1/api/users/me-2026-09-01T15:38:30.832Z"],"workRunningCount":1}
[debug] [2026-09-01T15:38:30.833Z] Accepted request OPTIONS /iot-app-839a2/us-central1/api/users/me --> us-central1-api
[debug] [2026-09-01T15:38:30.836Z] [functions] Runtime ready! Sending request! {"metadata":{"emulator":{"name":"functions"},"message":"[functions] Runtime ready! Sending request!"}}
[debug] [2026-09-01T15:38:30.837Z] [functions] Got req.url=/iot-app-839a2/us-central1/api/users/me, mapping to path=/users/me {"metadata":{"emulator":{"name":"functions"},"message":"[functions] Got req.url=/iot-app-839a2/us-central1/api/users/me, mapping to path=/users/me"}}
[debug] [2026-09-01T15:38:30.837Z] [worker-pool] submitRequest(triggerId=us-central1-api) {"metadata":{"emulator":{"name":"functions"},"message":"[worker-pool] submitRequest(triggerId=us-central1-api)"}}
[info] i  functions: Beginning execution of "us-central1-api" {"metadata":{"emulator":{"name":"functions"},"function":{"name":"us-central1-api"},"extension":{},"message":"Beginning execution of \"us-central1-api\""}}
[debug] [2026-09-01T15:38:30.838Z] [worker-us-central1-api-aaae1ecf-b9e0-4ef4-acc6-ebaccdbea98d]: BUSY {"metadata":{"emulator":{"name":"functions"},"function":{"name":"us-central1-api"},"extension":{},"message":"[worker-us-central1-api-aaae1ecf-b9e0-4ef4-acc6-ebaccdbea98d]: BUSY"}}
[debug] [2026-09-01T15:38:30.843Z] Finishing up request with event=pause {"metadata":{"emulator":{"name":"functions"},"function":{"name":"us-central1-api"},"extension":{},"message":"Finishing up request with event=pause"}}
[info] i  functions: Finished "us-central1-api" in 5.3724ms {"metadata":{"emulator":{"name":"functions"},"function":{"name":"us-central1-api"},"extension":{},"message":"Finished \"us-central1-api\" in 5.3724ms"}}
[debug] [2026-09-01T15:38:30.844Z] [worker-us-central1-api-aaae1ecf-b9e0-4ef4-acc6-ebaccdbea98d]: IDLE {"metadata":{"emulator":{"name":"functions"},"function":{"name":"us-central1-api"},"extension":{},"message":"[worker-us-central1-api-aaae1ecf-b9e0-4ef4-acc6-ebaccdbea98d]: IDLE"}}
[debug] [2026-09-01T15:38:30.844Z] Finishing up request with event=finish {"metadata":{"emulator":{"name":"functions"},"function":{"name":"us-central1-api"},"extension":{},"message":"Finishing up request with event=finish"}}
[debug] [2026-09-01T15:38:30.845Z] Finishing up request with event=close {"metadata":{"emulator":{"name":"functions"},"function":{"name":"us-central1-api"},"extension":{},"message":"Finishing up request with event=close"}}
[debug] [2026-09-01T15:38:30.845Z] [work-queue] {"queuedWork":[],"queueLength":0,"runningWork":[],"workRunningCount":0}
[debug] [2026-09-01T15:38:30.849Z] [work-queue] {"queuedWork":["/iot-app-839a2/us-central1/api/users/me-2026-09-01T15:38:30.849Z"],"queueLength":1,"runningWork":[],"workRunningCount":0}
[debug] [2026-09-01T15:38:30.849Z] [work-queue] {"queuedWork":[],"queueLength":0,"runningWork":["/iot-app-839a2/us-central1/api/users/me-2026-09-01T15:38:30.849Z"],"workRunningCount":1}
[debug] [2026-09-01T15:38:30.849Z] Accepted request GET /iot-app-839a2/us-central1/api/users/me --> us-central1-api
[debug] [2026-09-01T15:38:30.852Z] [functions] Runtime ready! Sending request! {"metadata":{"emulator":{"name":"functions"},"message":"[functions] Runtime ready! Sending request!"}}
[debug] [2026-09-01T15:38:30.852Z] [functions] Got req.url=/iot-app-839a2/us-central1/api/users/me, mapping to path=/users/me {"metadata":{"emulator":{"name":"functions"},"message":"[functions] Got req.url=/iot-app-839a2/us-central1/api/users/me, mapping to path=/users/me"}}
[debug] [2026-09-01T15:38:30.853Z] [worker-pool] submitRequest(triggerId=us-central1-api) {"metadata":{"emulator":{"name":"functions"},"message":"[worker-pool] submitRequest(triggerId=us-central1-api)"}}
[info] i  functions: Beginning execution of "us-central1-api" {"metadata":{"emulator":{"name":"functions"},"function":{"name":"us-central1-api"},"extension":{},"message":"Beginning execution of \"us-central1-api\""}}
[debug] [2026-09-01T15:38:30.857Z] [worker-us-central1-api-aaae1ecf-b9e0-4ef4-acc6-ebaccdbea98d]: BUSY {"metadata":{"emulator":{"name":"functions"},"function":{"name":"us-central1-api"},"extension":{},"message":"[worker-us-central1-api-aaae1ecf-b9e0-4ef4-acc6-ebaccdbea98d]: BUSY"}}
[debug] [2026-09-01T15:38:31.099Z] Finishing up request with event=pause {"metadata":{"emulator":{"name":"functions"},"function":{"name":"us-central1-api"},"extension":{},"message":"Finishing up request with event=pause"}}
[info] i  functions: Finished "us-central1-api" in 243.0129ms {"metadata":{"emulator":{"name":"functions"},"function":{"name":"us-central1-api"},"extension":{},"message":"Finished \"us-central1-api\" in 243.0129ms"}}
[debug] [2026-09-01T15:38:31.100Z] [worker-us-central1-api-aaae1ecf-b9e0-4ef4-acc6-ebaccdbea98d]: IDLE {"metadata":{"emulator":{"name":"functions"},"function":{"name":"us-central1-api"},"extension":{},"message":"[worker-us-central1-api-aaae1ecf-b9e0-4ef4-acc6-ebaccdbea98d]: IDLE"}}
[debug] [2026-09-01T15:38:31.101Z] Finishing up request with event=finish {"metadata":{"emulator":{"name":"functions"},"function":{"name":"us-central1-api"},"extension":{},"message":"Finishing up request with event=finish"}}
[debug] [2026-09-01T15:38:31.101Z] Finishing up request with event=close {"metadata":{"emulator":{"name":"functions"},"function":{"name":"us-central1-api"},"extension":{},"message":"Finishing up request with event=close"}}
[debug] [2026-09-01T15:38:31.101Z] [work-queue] {"queuedWork":[],"queueLength":0,"runningWork":[],"workRunningCount":0}
[debug] [2026-09-01T15:50:40.362Z] [work-queue] {"queuedWork":["/iot-app-839a2/us-central1/api/boxes/ESP32_A1B2C3D4E5F6/messages/initiate-2026-09-01T15:50:40.362Z"],"queueLength":1,"runningWork":[],"workRunningCount":0}
[debug] [2026-09-01T15:50:40.363Z] [work-queue] {"queuedWork":[],"queueLength":0,"runningWork":["/iot-app-839a2/us-central1/api/boxes/ESP32_A1B2C3D4E5F6/messages/initiate-2026-09-01T15:50:40.362Z"],"workRunningCount":1}
[debug] [2026-09-01T15:50:40.363Z] Accepted request OPTIONS /iot-app-839a2/us-central1/api/boxes/ESP32_A1B2C3D4E5F6/messages/initiate --> us-central1-api
[debug] [2026-09-01T15:50:40.366Z] [functions] Runtime ready! Sending request! {"metadata":{"emulator":{"name":"functions"},"message":"[functions] Runtime ready! Sending request!"}}
[debug] [2026-09-01T15:50:40.366Z] [functions] Got req.url=/iot-app-839a2/us-central1/api/boxes/ESP32_A1B2C3D4E5F6/messages/initiate, mapping to path=/boxes/ESP32_A1B2C3D4E5F6/messages/initiate {"metadata":{"emulator":{"name":"functions"},"message":"[functions] Got req.url=/iot-app-839a2/us-central1/api/boxes/ESP32_A1B2C3D4E5F6/messages/initiate, mapping to path=/boxes/ESP32_A1B2C3D4E5F6/messages/initiate"}}
[debug] [2026-09-01T15:50:40.366Z] [worker-pool] submitRequest(triggerId=us-central1-api) {"metadata":{"emulator":{"name":"functions"},"message":"[worker-pool] submitRequest(triggerId=us-central1-api)"}}
[info] i  functions: Beginning execution of "us-central1-api" {"metadata":{"emulator":{"name":"functions"},"function":{"name":"us-central1-api"},"extension":{},"message":"Beginning execution of \"us-central1-api\""}}
[debug] [2026-09-01T15:50:40.367Z] [worker-us-central1-api-aaae1ecf-b9e0-4ef4-acc6-ebaccdbea98d]: BUSY {"metadata":{"emulator":{"name":"functions"},"function":{"name":"us-central1-api"},"extension":{},"message":"[worker-us-central1-api-aaae1ecf-b9e0-4ef4-acc6-ebaccdbea98d]: BUSY"}}
[debug] [2026-09-01T15:50:40.374Z] Finishing up request with event=pause {"metadata":{"emulator":{"name":"functions"},"function":{"name":"us-central1-api"},"extension":{},"message":"Finishing up request with event=pause"}}
[info] i  functions: Finished "us-central1-api" in 6.9834ms {"metadata":{"emulator":{"name":"functions"},"function":{"name":"us-central1-api"},"extension":{},"message":"Finished \"us-central1-api\" in 6.9834ms"}}
[debug] [2026-09-01T15:50:40.375Z] [worker-us-central1-api-aaae1ecf-b9e0-4ef4-acc6-ebaccdbea98d]: IDLE {"metadata":{"emulator":{"name":"functions"},"function":{"name":"us-central1-api"},"extension":{},"message":"[worker-us-central1-api-aaae1ecf-b9e0-4ef4-acc6-ebaccdbea98d]: IDLE"}}
[debug] [2026-09-01T15:50:40.375Z] Finishing up request with event=finish {"metadata":{"emulator":{"name":"functions"},"function":{"name":"us-central1-api"},"extension":{},"message":"Finishing up request with event=finish"}}
[debug] [2026-09-01T15:50:40.376Z] Finishing up request with event=close {"metadata":{"emulator":{"name":"functions"},"function":{"name":"us-central1-api"},"extension":{},"message":"Finishing up request with event=close"}}
[debug] [2026-09-01T15:50:40.376Z] [work-queue] {"queuedWork":[],"queueLength":0,"runningWork":[],"workRunningCount":0}
[debug] [2026-09-01T15:50:40.380Z] [work-queue] {"queuedWork":["/iot-app-839a2/us-central1/api/boxes/ESP32_A1B2C3D4E5F6/messages/initiate-2026-09-01T15:50:40.380Z"],"queueLength":1,"runningWork":[],"workRunningCount":0}
[debug] [2026-09-01T15:50:40.381Z] [work-queue] {"queuedWork":[],"queueLength":0,"runningWork":["/iot-app-839a2/us-central1/api/boxes/ESP32_A1B2C3D4E5F6/messages/initiate-2026-09-01T15:50:40.380Z"],"workRunningCount":1}
[debug] [2026-09-01T15:50:40.381Z] Accepted request POST /iot-app-839a2/us-central1/api/boxes/ESP32_A1B2C3D4E5F6/messages/initiate --> us-central1-api
[debug] [2026-09-01T15:50:40.384Z] [functions] Runtime ready! Sending request! {"metadata":{"emulator":{"name":"functions"},"message":"[functions] Runtime ready! Sending request!"}}
[debug] [2026-09-01T15:50:40.385Z] [functions] Got req.url=/iot-app-839a2/us-central1/api/boxes/ESP32_A1B2C3D4E5F6/messages/initiate, mapping to path=/boxes/ESP32_A1B2C3D4E5F6/messages/initiate {"metadata":{"emulator":{"name":"functions"},"message":"[functions] Got req.url=/iot-app-839a2/us-central1/api/boxes/ESP32_A1B2C3D4E5F6/messages/initiate, mapping to path=/boxes/ESP32_A1B2C3D4E5F6/messages/initiate"}}
[debug] [2026-09-01T15:50:40.385Z] [worker-pool] submitRequest(triggerId=us-central1-api) {"metadata":{"emulator":{"name":"functions"},"message":"[worker-pool] submitRequest(triggerId=us-central1-api)"}}
[info] i  functions: Beginning execution of "us-central1-api" {"metadata":{"emulator":{"name":"functions"},"function":{"name":"us-central1-api"},"extension":{},"message":"Beginning execution of \"us-central1-api\""}}
[debug] [2026-09-01T15:50:40.386Z] [worker-us-central1-api-aaae1ecf-b9e0-4ef4-acc6-ebaccdbea98d]: BUSY {"metadata":{"emulator":{"name":"functions"},"function":{"name":"us-central1-api"},"extension":{},"message":"[worker-us-central1-api-aaae1ecf-b9e0-4ef4-acc6-ebaccdbea98d]: BUSY"}}
[debug] [2026-09-01T15:50:40.825Z] Finishing up request with event=pause {"metadata":{"emulator":{"name":"functions"},"function":{"name":"us-central1-api"},"extension":{},"message":"Finishing up request with event=pause"}}
[info] i  functions: Finished "us-central1-api" in 439.2452ms {"metadata":{"emulator":{"name":"functions"},"function":{"name":"us-central1-api"},"extension":{},"message":"Finished \"us-central1-api\" in 439.2452ms"}}
[debug] [2026-09-01T15:50:40.825Z] [worker-us-central1-api-aaae1ecf-b9e0-4ef4-acc6-ebaccdbea98d]: IDLE {"metadata":{"emulator":{"name":"functions"},"function":{"name":"us-central1-api"},"extension":{},"message":"[worker-us-central1-api-aaae1ecf-b9e0-4ef4-acc6-ebaccdbea98d]: IDLE"}}
[debug] [2026-09-01T15:50:40.826Z] Finishing up request with event=finish {"metadata":{"emulator":{"name":"functions"},"function":{"name":"us-central1-api"},"extension":{},"message":"Finishing up request with event=finish"}}
[debug] [2026-09-01T15:50:40.826Z] Finishing up request with event=close {"metadata":{"emulator":{"name":"functions"},"function":{"name":"us-central1-api"},"extension":{},"message":"Finishing up request with event=close"}}
[debug] [2026-09-01T15:50:40.826Z] [work-queue] {"queuedWork":[],"queueLength":0,"runningWork":[],"workRunningCount":0}
[debug] [2026-09-01T15:50:43.638Z] [work-queue] {"queuedWork":["/iot-app-839a2/us-central1/api/boxes/ESP32_A1B2C3D4E5F6/messages/confirm-2026-09-01T15:50:43.638Z"],"queueLength":1,"runningWork":[],"workRunningCount":0}
[debug] [2026-09-01T15:50:43.639Z] [work-queue] {"queuedWork":[],"queueLength":0,"runningWork":["/iot-app-839a2/us-central1/api/boxes/ESP32_A1B2C3D4E5F6/messages/confirm-2026-09-01T15:50:43.638Z"],"workRunningCount":1}
[debug] [2026-09-01T15:50:43.639Z] Accepted request OPTIONS /iot-app-839a2/us-central1/api/boxes/ESP32_A1B2C3D4E5F6/messages/confirm --> us-central1-api
[debug] [2026-09-01T15:50:43.643Z] [functions] Runtime ready! Sending request! {"metadata":{"emulator":{"name":"functions"},"message":"[functions] Runtime ready! Sending request!"}}
[debug] [2026-09-01T15:50:43.643Z] [functions] Got req.url=/iot-app-839a2/us-central1/api/boxes/ESP32_A1B2C3D4E5F6/messages/confirm, mapping to path=/boxes/ESP32_A1B2C3D4E5F6/messages/confirm {"metadata":{"emulator":{"name":"functions"},"message":"[functions] Got req.url=/iot-app-839a2/us-central1/api/boxes/ESP32_A1B2C3D4E5F6/messages/confirm, mapping to path=/boxes/ESP32_A1B2C3D4E5F6/messages/confirm"}}
[debug] [2026-09-01T15:50:43.643Z] [worker-pool] submitRequest(triggerId=us-central1-api) {"metadata":{"emulator":{"name":"functions"},"message":"[worker-pool] submitRequest(triggerId=us-central1-api)"}}
[info] i  functions: Beginning execution of "us-central1-api" {"metadata":{"emulator":{"name":"functions"},"function":{"name":"us-central1-api"},"extension":{},"message":"Beginning execution of \"us-central1-api\""}}
[debug] [2026-09-01T15:50:43.644Z] [worker-us-central1-api-aaae1ecf-b9e0-4ef4-acc6-ebaccdbea98d]: BUSY {"metadata":{"emulator":{"name":"functions"},"function":{"name":"us-central1-api"},"extension":{},"message":"[worker-us-central1-api-aaae1ecf-b9e0-4ef4-acc6-ebaccdbea98d]: BUSY"}}
[debug] [2026-09-01T15:50:43.648Z] Finishing up request with event=pause {"metadata":{"emulator":{"name":"functions"},"function":{"name":"us-central1-api"},"extension":{},"message":"Finishing up request with event=pause"}}
[info] i  functions: Finished "us-central1-api" in 4.5788ms {"metadata":{"emulator":{"name":"functions"},"function":{"name":"us-central1-api"},"extension":{},"message":"Finished \"us-central1-api\" in 4.5788ms"}}
[debug] [2026-09-01T15:50:43.649Z] [worker-us-central1-api-aaae1ecf-b9e0-4ef4-acc6-ebaccdbea98d]: IDLE {"metadata":{"emulator":{"name":"functions"},"function":{"name":"us-central1-api"},"extension":{},"message":"[worker-us-central1-api-aaae1ecf-b9e0-4ef4-acc6-ebaccdbea98d]: IDLE"}}
[debug] [2026-09-01T15:50:43.649Z] Finishing up request with event=finish {"metadata":{"emulator":{"name":"functions"},"function":{"name":"us-central1-api"},"extension":{},"message":"Finishing up request with event=finish"}}
[debug] [2026-09-01T15:50:43.649Z] Finishing up request with event=close {"metadata":{"emulator":{"name":"functions"},"function":{"name":"us-central1-api"},"extension":{},"message":"Finishing up request with event=close"}}
[debug] [2026-09-01T15:50:43.649Z] [work-queue] {"queuedWork":[],"queueLength":0,"runningWork":[],"workRunningCount":0}
[debug] [2026-09-01T15:50:43.651Z] [work-queue] {"queuedWork":["/iot-app-839a2/us-central1/api/boxes/ESP32_A1B2C3D4E5F6/messages/confirm-2026-09-01T15:50:43.651Z"],"queueLength":1,"runningWork":[],"workRunningCount":0}
[debug] [2026-09-01T15:50:43.651Z] [work-queue] {"queuedWork":[],"queueLength":0,"runningWork":["/iot-app-839a2/us-central1/api/boxes/ESP32_A1B2C3D4E5F6/messages/confirm-2026-09-01T15:50:43.651Z"],"workRunningCount":1}
[debug] [2026-09-01T15:50:43.653Z] Accepted request POST /iot-app-839a2/us-central1/api/boxes/ESP32_A1B2C3D4E5F6/messages/confirm --> us-central1-api
[debug] [2026-09-01T15:50:43.655Z] [functions] Runtime ready! Sending request! {"metadata":{"emulator":{"name":"functions"},"message":"[functions] Runtime ready! Sending request!"}}
[debug] [2026-09-01T15:50:43.656Z] [functions] Got req.url=/iot-app-839a2/us-central1/api/boxes/ESP32_A1B2C3D4E5F6/messages/confirm, mapping to path=/boxes/ESP32_A1B2C3D4E5F6/messages/confirm {"metadata":{"emulator":{"name":"functions"},"message":"[functions] Got req.url=/iot-app-839a2/us-central1/api/boxes/ESP32_A1B2C3D4E5F6/messages/confirm, mapping to path=/boxes/ESP32_A1B2C3D4E5F6/messages/confirm"}}
[debug] [2026-09-01T15:50:43.656Z] [worker-pool] submitRequest(triggerId=us-central1-api) {"metadata":{"emulator":{"name":"functions"},"message":"[worker-pool] submitRequest(triggerId=us-central1-api)"}}
[info] i  functions: Beginning execution of "us-central1-api" {"metadata":{"emulator":{"name":"functions"},"function":{"name":"us-central1-api"},"extension":{},"message":"Beginning execution of \"us-central1-api\""}}
[debug] [2026-09-01T15:50:43.656Z] [worker-us-central1-api-aaae1ecf-b9e0-4ef4-acc6-ebaccdbea98d]: BUSY {"metadata":{"emulator":{"name":"functions"},"function":{"name":"us-central1-api"},"extension":{},"message":"[worker-us-central1-api-aaae1ecf-b9e0-4ef4-acc6-ebaccdbea98d]: BUSY"}}
[warn] !  Google API requested!
   - URL: "https://storage.googleapis.com/storage/v1/b/iot-app-839a2.firebasestorage.app/o/media%2FESP32_A1B2C3D4E5F6%2Fmsg_1788277840800%2Fvideo.bin?"
   - Be careful, this may be a production service. {"metadata":{"emulator":{"name":"functions"},"function":{"name":"us-central1-api"},"extension":{},"message":"Google API requested!\n   - URL: \"https://storage.googleapis.com/storage/v1/b/iot-app-839a2.firebasestorage.app/o/media%2FESP32_A1B2C3D4E5F6%2Fmsg_1788277840800%2Fvideo.bin?\"\n   - Be careful, this may be a production service."}}
[warn] !  Google API requested!
   - URL: "https://storage.googleapis.com/storage/v1/b/iot-app-839a2.firebasestorage.app/o/media%2FESP32_A1B2C3D4E5F6%2Fmsg_1788277840800%2Fvoice.wav?"
   - Be careful, this may be a production service. {"metadata":{"emulator":{"name":"functions"},"function":{"name":"us-central1-api"},"extension":{},"message":"Google API requested!\n   - URL: \"https://storage.googleapis.com/storage/v1/b/iot-app-839a2.firebasestorage.app/o/media%2FESP32_A1B2C3D4E5F6%2Fmsg_1788277840800%2Fvoice.wav?\"\n   - Be careful, this may be a production service."}}
[warn] !  Google API requested!
   - URL: "https://storage.googleapis.com/storage/v1/b/iot-app-839a2.firebasestorage.app/o/media%2FESP32_A1B2C3D4E5F6%2Fmsg_1788277840800%2Fthumb.jpg?"
   - Be careful, this may be a production service. {"metadata":{"emulator":{"name":"functions"},"function":{"name":"us-central1-api"},"extension":{},"message":"Google API requested!\n   - URL: \"https://storage.googleapis.com/storage/v1/b/iot-app-839a2.firebasestorage.app/o/media%2FESP32_A1B2C3D4E5F6%2Fmsg_1788277840800%2Fthumb.jpg?\"\n   - Be careful, this may be a production service."}}
[warn] !  Google API requested!
   - URL: "https://storage.googleapis.com/storage/v1/b/iot-app-839a2.firebasestorage.app/o/media%2FESP32_A1B2C3D4E5F6%2Fmsg_1788277840800%2Foriginal.mp4?"
   - Be careful, this may be a production service. {"metadata":{"emulator":{"name":"functions"},"function":{"name":"us-central1-api"},"extension":{},"message":"Google API requested!\n   - URL: \"https://storage.googleapis.com/storage/v1/b/iot-app-839a2.firebasestorage.app/o/media%2FESP32_A1B2C3D4E5F6%2Fmsg_1788277840800%2Foriginal.mp4?\"\n   - Be careful, this may be a production service."}}
[debug] [2026-09-01T15:50:49.192Z] Finishing up request with event=pause {"metadata":{"emulator":{"name":"functions"},"function":{"name":"us-central1-api"},"extension":{},"message":"Finishing up request with event=pause"}}
[info] i  functions: Finished "us-central1-api" in 5536.0694ms {"metadata":{"emulator":{"name":"functions"},"function":{"name":"us-central1-api"},"extension":{},"message":"Finished \"us-central1-api\" in 5536.0694ms"}}
[debug] [2026-09-01T15:50:49.193Z] [worker-us-central1-api-aaae1ecf-b9e0-4ef4-acc6-ebaccdbea98d]: IDLE {"metadata":{"emulator":{"name":"functions"},"function":{"name":"us-central1-api"},"extension":{},"message":"[worker-us-central1-api-aaae1ecf-b9e0-4ef4-acc6-ebaccdbea98d]: IDLE"}}
[debug] [2026-09-01T15:50:49.193Z] Finishing up request with event=finish {"metadata":{"emulator":{"name":"functions"},"function":{"name":"us-central1-api"},"extension":{},"message":"Finishing up request with event=finish"}}
[debug] [2026-09-01T15:50:49.193Z] Finishing up request with event=close {"metadata":{"emulator":{"name":"functions"},"function":{"name":"us-central1-api"},"extension":{},"message":"Finishing up request with event=close"}}
[debug] [2026-09-01T15:50:49.193Z] [work-queue] {"queuedWork":[],"queueLength":0,"runningWork":[],"workRunningCount":0}
[debug] [2026-09-01T15:53:13.474Z] [work-queue] {"queuedWork":["/iot-app-839a2/us-central1/api/boxes/ESP32_A1B2C3D4E5F6/messages/initiate-2026-09-01T15:53:13.474Z"],"queueLength":1,"runningWork":[],"workRunningCount":0}
[debug] [2026-09-01T15:53:13.474Z] [work-queue] {"queuedWork":[],"queueLength":0,"runningWork":["/iot-app-839a2/us-central1/api/boxes/ESP32_A1B2C3D4E5F6/messages/initiate-2026-09-01T15:53:13.474Z"],"workRunningCount":1}
[debug] [2026-09-01T15:53:13.475Z] Accepted request OPTIONS /iot-app-839a2/us-central1/api/boxes/ESP32_A1B2C3D4E5F6/messages/initiate --> us-central1-api
[debug] [2026-09-01T15:53:13.478Z] [functions] Runtime ready! Sending request! {"metadata":{"emulator":{"name":"functions"},"message":"[functions] Runtime ready! Sending request!"}}
[debug] [2026-09-01T15:53:13.478Z] [functions] Got req.url=/iot-app-839a2/us-central1/api/boxes/ESP32_A1B2C3D4E5F6/messages/initiate, mapping to path=/boxes/ESP32_A1B2C3D4E5F6/messages/initiate {"metadata":{"emulator":{"name":"functions"},"message":"[functions] Got req.url=/iot-app-839a2/us-central1/api/boxes/ESP32_A1B2C3D4E5F6/messages/initiate, mapping to path=/boxes/ESP32_A1B2C3D4E5F6/messages/initiate"}}
[debug] [2026-09-01T15:53:13.478Z] [worker-pool] submitRequest(triggerId=us-central1-api) {"metadata":{"emulator":{"name":"functions"},"message":"[worker-pool] submitRequest(triggerId=us-central1-api)"}}
[info] i  functions: Beginning execution of "us-central1-api" {"metadata":{"emulator":{"name":"functions"},"function":{"name":"us-central1-api"},"extension":{},"message":"Beginning execution of \"us-central1-api\""}}
[debug] [2026-09-01T15:53:13.478Z] [worker-us-central1-api-aaae1ecf-b9e0-4ef4-acc6-ebaccdbea98d]: BUSY {"metadata":{"emulator":{"name":"functions"},"function":{"name":"us-central1-api"},"extension":{},"message":"[worker-us-central1-api-aaae1ecf-b9e0-4ef4-acc6-ebaccdbea98d]: BUSY"}}
[debug] [2026-09-01T15:53:13.482Z] Finishing up request with event=pause {"metadata":{"emulator":{"name":"functions"},"function":{"name":"us-central1-api"},"extension":{},"message":"Finishing up request with event=pause"}}
[info] i  functions: Finished "us-central1-api" in 3.8873ms {"metadata":{"emulator":{"name":"functions"},"function":{"name":"us-central1-api"},"extension":{},"message":"Finished \"us-central1-api\" in 3.8873ms"}}
[debug] [2026-09-01T15:53:13.483Z] [worker-us-central1-api-aaae1ecf-b9e0-4ef4-acc6-ebaccdbea98d]: IDLE {"metadata":{"emulator":{"name":"functions"},"function":{"name":"us-central1-api"},"extension":{},"message":"[worker-us-central1-api-aaae1ecf-b9e0-4ef4-acc6-ebaccdbea98d]: IDLE"}}
[debug] [2026-09-01T15:53:13.484Z] Finishing up request with event=finish {"metadata":{"emulator":{"name":"functions"},"function":{"name":"us-central1-api"},"extension":{},"message":"Finishing up request with event=finish"}}
[debug] [2026-09-01T15:53:13.484Z] Finishing up request with event=close {"metadata":{"emulator":{"name":"functions"},"function":{"name":"us-central1-api"},"extension":{},"message":"Finishing up request with event=close"}}
[debug] [2026-09-01T15:53:13.484Z] [work-queue] {"queuedWork":[],"queueLength":0,"runningWork":[],"workRunningCount":0}
[debug] [2026-09-01T15:53:13.487Z] [work-queue] {"queuedWork":["/iot-app-839a2/us-central1/api/boxes/ESP32_A1B2C3D4E5F6/messages/initiate-2026-09-01T15:53:13.486Z"],"queueLength":1,"runningWork":[],"workRunningCount":0}
[debug] [2026-09-01T15:53:13.487Z] [work-queue] {"queuedWork":[],"queueLength":0,"runningWork":["/iot-app-839a2/us-central1/api/boxes/ESP32_A1B2C3D4E5F6/messages/initiate-2026-09-01T15:53:13.486Z"],"workRunningCount":1}
[debug] [2026-09-01T15:53:13.487Z] Accepted request POST /iot-app-839a2/us-central1/api/boxes/ESP32_A1B2C3D4E5F6/messages/initiate --> us-central1-api
[debug] [2026-09-01T15:53:13.491Z] [functions] Runtime ready! Sending request! {"metadata":{"emulator":{"name":"functions"},"message":"[functions] Runtime ready! Sending request!"}}
[debug] [2026-09-01T15:53:13.491Z] [functions] Got req.url=/iot-app-839a2/us-central1/api/boxes/ESP32_A1B2C3D4E5F6/messages/initiate, mapping to path=/boxes/ESP32_A1B2C3D4E5F6/messages/initiate {"metadata":{"emulator":{"name":"functions"},"message":"[functions] Got req.url=/iot-app-839a2/us-central1/api/boxes/ESP32_A1B2C3D4E5F6/messages/initiate, mapping to path=/boxes/ESP32_A1B2C3D4E5F6/messages/initiate"}}
[debug] [2026-09-01T15:53:13.491Z] [worker-pool] submitRequest(triggerId=us-central1-api) {"metadata":{"emulator":{"name":"functions"},"message":"[worker-pool] submitRequest(triggerId=us-central1-api)"}}
[info] i  functions: Beginning execution of "us-central1-api" {"metadata":{"emulator":{"name":"functions"},"function":{"name":"us-central1-api"},"extension":{},"message":"Beginning execution of \"us-central1-api\""}}
[debug] [2026-09-01T15:53:13.492Z] [worker-us-central1-api-aaae1ecf-b9e0-4ef4-acc6-ebaccdbea98d]: BUSY {"metadata":{"emulator":{"name":"functions"},"function":{"name":"us-central1-api"},"extension":{},"message":"[worker-us-central1-api-aaae1ecf-b9e0-4ef4-acc6-ebaccdbea98d]: BUSY"}}
[debug] [2026-09-01T15:53:13.900Z] Finishing up request with event=pause {"metadata":{"emulator":{"name":"functions"},"function":{"name":"us-central1-api"},"extension":{},"message":"Finishing up request with event=pause"}}
[info] i  functions: Finished "us-central1-api" in 407.7528ms {"metadata":{"emulator":{"name":"functions"},"function":{"name":"us-central1-api"},"extension":{},"message":"Finished \"us-central1-api\" in 407.7528ms"}}
[debug] [2026-09-01T15:53:13.900Z] [worker-us-central1-api-aaae1ecf-b9e0-4ef4-acc6-ebaccdbea98d]: IDLE {"metadata":{"emulator":{"name":"functions"},"function":{"name":"us-central1-api"},"extension":{},"message":"[worker-us-central1-api-aaae1ecf-b9e0-4ef4-acc6-ebaccdbea98d]: IDLE"}}
[debug] [2026-09-01T15:53:13.901Z] Finishing up request with event=finish {"metadata":{"emulator":{"name":"functions"},"function":{"name":"us-central1-api"},"extension":{},"message":"Finishing up request with event=finish"}}
[debug] [2026-09-01T15:53:13.901Z] Finishing up request with event=close {"metadata":{"emulator":{"name":"functions"},"function":{"name":"us-central1-api"},"extension":{},"message":"Finishing up request with event=close"}}
[debug] [2026-09-01T15:53:13.901Z] [work-queue] {"queuedWork":[],"queueLength":0,"runningWork":[],"workRunningCount":0}
[debug] [2026-09-01T15:53:17.506Z] [work-queue] {"queuedWork":["/iot-app-839a2/us-central1/api/boxes/ESP32_A1B2C3D4E5F6/messages/confirm-2026-09-01T15:53:17.506Z"],"queueLength":1,"runningWork":[],"workRunningCount":0}
[debug] [2026-09-01T15:53:17.506Z] [work-queue] {"queuedWork":[],"queueLength":0,"runningWork":["/iot-app-839a2/us-central1/api/boxes/ESP32_A1B2C3D4E5F6/messages/confirm-2026-09-01T15:53:17.506Z"],"workRunningCount":1}
[debug] [2026-09-01T15:53:17.506Z] Accepted request OPTIONS /iot-app-839a2/us-central1/api/boxes/ESP32_A1B2C3D4E5F6/messages/confirm --> us-central1-api
[debug] [2026-09-01T15:53:17.507Z] [functions] Runtime ready! Sending request! {"metadata":{"emulator":{"name":"functions"},"message":"[functions] Runtime ready! Sending request!"}}
[debug] [2026-09-01T15:53:17.507Z] [functions] Got req.url=/iot-app-839a2/us-central1/api/boxes/ESP32_A1B2C3D4E5F6/messages/confirm, mapping to path=/boxes/ESP32_A1B2C3D4E5F6/messages/confirm {"metadata":{"emulator":{"name":"functions"},"message":"[functions] Got req.url=/iot-app-839a2/us-central1/api/boxes/ESP32_A1B2C3D4E5F6/messages/confirm, mapping to path=/boxes/ESP32_A1B2C3D4E5F6/messages/confirm"}}
[debug] [2026-09-01T15:53:17.507Z] [worker-pool] submitRequest(triggerId=us-central1-api) {"metadata":{"emulator":{"name":"functions"},"message":"[worker-pool] submitRequest(triggerId=us-central1-api)"}}
[info] i  functions: Beginning execution of "us-central1-api" {"metadata":{"emulator":{"name":"functions"},"function":{"name":"us-central1-api"},"extension":{},"message":"Beginning execution of \"us-central1-api\""}}
[debug] [2026-09-01T15:53:17.508Z] [worker-us-central1-api-aaae1ecf-b9e0-4ef4-acc6-ebaccdbea98d]: BUSY {"metadata":{"emulator":{"name":"functions"},"function":{"name":"us-central1-api"},"extension":{},"message":"[worker-us-central1-api-aaae1ecf-b9e0-4ef4-acc6-ebaccdbea98d]: BUSY"}}
[debug] [2026-09-01T15:53:17.511Z] Finishing up request with event=pause {"metadata":{"emulator":{"name":"functions"},"function":{"name":"us-central1-api"},"extension":{},"message":"Finishing up request with event=pause"}}
[info] i  functions: Finished "us-central1-api" in 3.3934ms {"metadata":{"emulator":{"name":"functions"},"function":{"name":"us-central1-api"},"extension":{},"message":"Finished \"us-central1-api\" in 3.3934ms"}}
[debug] [2026-09-01T15:53:17.512Z] [worker-us-central1-api-aaae1ecf-b9e0-4ef4-acc6-ebaccdbea98d]: IDLE {"metadata":{"emulator":{"name":"functions"},"function":{"name":"us-central1-api"},"extension":{},"message":"[worker-us-central1-api-aaae1ecf-b9e0-4ef4-acc6-ebaccdbea98d]: IDLE"}}
[debug] [2026-09-01T15:53:17.513Z] Finishing up request with event=finish {"metadata":{"emulator":{"name":"functions"},"function":{"name":"us-central1-api"},"extension":{},"message":"Finishing up request with event=finish"}}
[debug] [2026-09-01T15:53:17.513Z] Finishing up request with event=close {"metadata":{"emulator":{"name":"functions"},"function":{"name":"us-central1-api"},"extension":{},"message":"Finishing up request with event=close"}}
[debug] [2026-09-01T15:53:17.513Z] [work-queue] {"queuedWork":[],"queueLength":0,"runningWork":[],"workRunningCount":0}
[debug] [2026-09-01T15:53:17.515Z] [work-queue] {"queuedWork":["/iot-app-839a2/us-central1/api/boxes/ESP32_A1B2C3D4E5F6/messages/confirm-2026-09-01T15:53:17.515Z"],"queueLength":1,"runningWork":[],"workRunningCount":0}
[debug] [2026-09-01T15:53:17.515Z] [work-queue] {"queuedWork":[],"queueLength":0,"runningWork":["/iot-app-839a2/us-central1/api/boxes/ESP32_A1B2C3D4E5F6/messages/confirm-2026-09-01T15:53:17.515Z"],"workRunningCount":1}
[debug] [2026-09-01T15:53:17.516Z] Accepted request POST /iot-app-839a2/us-central1/api/boxes/ESP32_A1B2C3D4E5F6/messages/confirm --> us-central1-api
[debug] [2026-09-01T15:53:17.516Z] [functions] Runtime ready! Sending request! {"metadata":{"emulator":{"name":"functions"},"message":"[functions] Runtime ready! Sending request!"}}
[debug] [2026-09-01T15:53:17.517Z] [functions] Got req.url=/iot-app-839a2/us-central1/api/boxes/ESP32_A1B2C3D4E5F6/messages/confirm, mapping to path=/boxes/ESP32_A1B2C3D4E5F6/messages/confirm {"metadata":{"emulator":{"name":"functions"},"message":"[functions] Got req.url=/iot-app-839a2/us-central1/api/boxes/ESP32_A1B2C3D4E5F6/messages/confirm, mapping to path=/boxes/ESP32_A1B2C3D4E5F6/messages/confirm"}}
[debug] [2026-09-01T15:53:17.517Z] [worker-pool] submitRequest(triggerId=us-central1-api) {"metadata":{"emulator":{"name":"functions"},"message":"[worker-pool] submitRequest(triggerId=us-central1-api)"}}
[info] i  functions: Beginning execution of "us-central1-api" {"metadata":{"emulator":{"name":"functions"},"function":{"name":"us-central1-api"},"extension":{},"message":"Beginning execution of \"us-central1-api\""}}
[debug] [2026-09-01T15:53:17.517Z] [worker-us-central1-api-aaae1ecf-b9e0-4ef4-acc6-ebaccdbea98d]: BUSY {"metadata":{"emulator":{"name":"functions"},"function":{"name":"us-central1-api"},"extension":{},"message":"[worker-us-central1-api-aaae1ecf-b9e0-4ef4-acc6-ebaccdbea98d]: BUSY"}}
[warn] !  Google API requested!
   - URL: "https://storage.googleapis.com/storage/v1/b/iot-app-839a2.firebasestorage.app/o/media%2FESP32_A1B2C3D4E5F6%2Fmsg_1788277993890%2Fvideo.bin?"
   - Be careful, this may be a production service. {"metadata":{"emulator":{"name":"functions"},"function":{"name":"us-central1-api"},"extension":{},"message":"Google API requested!\n   - URL: \"https://storage.googleapis.com/storage/v1/b/iot-app-839a2.firebasestorage.app/o/media%2FESP32_A1B2C3D4E5F6%2Fmsg_1788277993890%2Fvideo.bin?\"\n   - Be careful, this may be a production service."}}
[warn] !  Google API requested!
   - URL: "https://storage.googleapis.com/storage/v1/b/iot-app-839a2.firebasestorage.app/o/media%2FESP32_A1B2C3D4E5F6%2Fmsg_1788277993890%2Fvoice.wav?"
   - Be careful, this may be a production service. {"metadata":{"emulator":{"name":"functions"},"function":{"name":"us-central1-api"},"extension":{},"message":"Google API requested!\n   - URL: \"https://storage.googleapis.com/storage/v1/b/iot-app-839a2.firebasestorage.app/o/media%2FESP32_A1B2C3D4E5F6%2Fmsg_1788277993890%2Fvoice.wav?\"\n   - Be careful, this may be a production service."}}
[warn] !  Google API requested!
   - URL: "https://storage.googleapis.com/storage/v1/b/iot-app-839a2.firebasestorage.app/o/media%2FESP32_A1B2C3D4E5F6%2Fmsg_1788277993890%2Fthumb.jpg?"
   - Be careful, this may be a production service. {"metadata":{"emulator":{"name":"functions"},"function":{"name":"us-central1-api"},"extension":{},"message":"Google API requested!\n   - URL: \"https://storage.googleapis.com/storage/v1/b/iot-app-839a2.firebasestorage.app/o/media%2FESP32_A1B2C3D4E5F6%2Fmsg_1788277993890%2Fthumb.jpg?\"\n   - Be careful, this may be a production service."}}
[warn] !  Google API requested!
   - URL: "https://storage.googleapis.com/storage/v1/b/iot-app-839a2.firebasestorage.app/o/media%2FESP32_A1B2C3D4E5F6%2Fmsg_1788277993890%2Foriginal.mp4?"
   - Be careful, this may be a production service. {"metadata":{"emulator":{"name":"functions"},"function":{"name":"us-central1-api"},"extension":{},"message":"Google API requested!\n   - URL: \"https://storage.googleapis.com/storage/v1/b/iot-app-839a2.firebasestorage.app/o/media%2FESP32_A1B2C3D4E5F6%2Fmsg_1788277993890%2Foriginal.mp4?\"\n   - Be careful, this may be a production service."}}
[debug] [2026-09-01T15:53:23.038Z] Finishing up request with event=pause {"metadata":{"emulator":{"name":"functions"},"function":{"name":"us-central1-api"},"extension":{},"message":"Finishing up request with event=pause"}}
[info] i  functions: Finished "us-central1-api" in 5520.8688ms {"metadata":{"emulator":{"name":"functions"},"function":{"name":"us-central1-api"},"extension":{},"message":"Finished \"us-central1-api\" in 5520.8688ms"}}
[debug] [2026-09-01T15:53:23.039Z] [worker-us-central1-api-aaae1ecf-b9e0-4ef4-acc6-ebaccdbea98d]: IDLE {"metadata":{"emulator":{"name":"functions"},"function":{"name":"us-central1-api"},"extension":{},"message":"[worker-us-central1-api-aaae1ecf-b9e0-4ef4-acc6-ebaccdbea98d]: IDLE"}}
[debug] [2026-09-01T15:53:23.040Z] Finishing up request with event=finish {"metadata":{"emulator":{"name":"functions"},"function":{"name":"us-central1-api"},"extension":{},"message":"Finishing up request with event=finish"}}
[debug] [2026-09-01T15:53:23.040Z] Finishing up request with event=close {"metadata":{"emulator":{"name":"functions"},"function":{"name":"us-central1-api"},"extension":{},"message":"Finishing up request with event=close"}}
[debug] [2026-09-01T15:53:23.040Z] [work-queue] {"queuedWork":[],"queueLength":0,"runningWork":[],"workRunningCount":0}
[debug] [2026-09-01T16:11:25.259Z] [work-queue] {"queuedWork":["/iot-app-839a2/us-central1/api/users/me-2026-09-01T16:11:25.259Z"],"queueLength":1,"runningWork":[],"workRunningCount":0}
[debug] [2026-09-01T16:11:25.260Z] [work-queue] {"queuedWork":[],"queueLength":0,"runningWork":["/iot-app-839a2/us-central1/api/users/me-2026-09-01T16:11:25.259Z"],"workRunningCount":1}
[debug] [2026-09-01T16:11:25.260Z] Accepted request OPTIONS /iot-app-839a2/us-central1/api/users/me --> us-central1-api
[debug] [2026-09-01T16:11:25.265Z] [functions] Runtime ready! Sending request! {"metadata":{"emulator":{"name":"functions"},"message":"[functions] Runtime ready! Sending request!"}}
[debug] [2026-09-01T16:11:25.266Z] [functions] Got req.url=/iot-app-839a2/us-central1/api/users/me, mapping to path=/users/me {"metadata":{"emulator":{"name":"functions"},"message":"[functions] Got req.url=/iot-app-839a2/us-central1/api/users/me, mapping to path=/users/me"}}
[debug] [2026-09-01T16:11:25.266Z] [worker-pool] submitRequest(triggerId=us-central1-api) {"metadata":{"emulator":{"name":"functions"},"message":"[worker-pool] submitRequest(triggerId=us-central1-api)"}}
[info] i  functions: Beginning execution of "us-central1-api" {"metadata":{"emulator":{"name":"functions"},"function":{"name":"us-central1-api"},"extension":{},"message":"Beginning execution of \"us-central1-api\""}}
[debug] [2026-09-01T16:11:25.266Z] [worker-us-central1-api-aaae1ecf-b9e0-4ef4-acc6-ebaccdbea98d]: BUSY {"metadata":{"emulator":{"name":"functions"},"function":{"name":"us-central1-api"},"extension":{},"message":"[worker-us-central1-api-aaae1ecf-b9e0-4ef4-acc6-ebaccdbea98d]: BUSY"}}
[debug] [2026-09-01T16:11:25.270Z] Finishing up request with event=pause {"metadata":{"emulator":{"name":"functions"},"function":{"name":"us-central1-api"},"extension":{},"message":"Finishing up request with event=pause"}}
[info] i  functions: Finished "us-central1-api" in 3.8404ms {"metadata":{"emulator":{"name":"functions"},"function":{"name":"us-central1-api"},"extension":{},"message":"Finished \"us-central1-api\" in 3.8404ms"}}
[debug] [2026-09-01T16:11:25.270Z] [worker-us-central1-api-aaae1ecf-b9e0-4ef4-acc6-ebaccdbea98d]: IDLE {"metadata":{"emulator":{"name":"functions"},"function":{"name":"us-central1-api"},"extension":{},"message":"[worker-us-central1-api-aaae1ecf-b9e0-4ef4-acc6-ebaccdbea98d]: IDLE"}}
[debug] [2026-09-01T16:11:25.270Z] Finishing up request with event=finish {"metadata":{"emulator":{"name":"functions"},"function":{"name":"us-central1-api"},"extension":{},"message":"Finishing up request with event=finish"}}
[debug] [2026-09-01T16:11:25.271Z] Finishing up request with event=close {"metadata":{"emulator":{"name":"functions"},"function":{"name":"us-central1-api"},"extension":{},"message":"Finishing up request with event=close"}}
[debug] [2026-09-01T16:11:25.271Z] [work-queue] {"queuedWork":[],"queueLength":0,"runningWork":[],"workRunningCount":0}
[debug] [2026-09-01T16:11:25.275Z] [work-queue] {"queuedWork":["/iot-app-839a2/us-central1/api/users/me-2026-09-01T16:11:25.275Z"],"queueLength":1,"runningWork":[],"workRunningCount":0}
[debug] [2026-09-01T16:11:25.276Z] [work-queue] {"queuedWork":[],"queueLength":0,"runningWork":["/iot-app-839a2/us-central1/api/users/me-2026-09-01T16:11:25.275Z"],"workRunningCount":1}
[debug] [2026-09-01T16:11:25.276Z] Accepted request GET /iot-app-839a2/us-central1/api/users/me --> us-central1-api
[debug] [2026-09-01T16:11:25.278Z] [functions] Runtime ready! Sending request! {"metadata":{"emulator":{"name":"functions"},"message":"[functions] Runtime ready! Sending request!"}}
[debug] [2026-09-01T16:11:25.279Z] [functions] Got req.url=/iot-app-839a2/us-central1/api/users/me, mapping to path=/users/me {"metadata":{"emulator":{"name":"functions"},"message":"[functions] Got req.url=/iot-app-839a2/us-central1/api/users/me, mapping to path=/users/me"}}
[debug] [2026-09-01T16:11:25.279Z] [worker-pool] submitRequest(triggerId=us-central1-api) {"metadata":{"emulator":{"name":"functions"},"message":"[worker-pool] submitRequest(triggerId=us-central1-api)"}}
[info] i  functions: Beginning execution of "us-central1-api" {"metadata":{"emulator":{"name":"functions"},"function":{"name":"us-central1-api"},"extension":{},"message":"Beginning execution of \"us-central1-api\""}}
[debug] [2026-09-01T16:11:25.280Z] [worker-us-central1-api-aaae1ecf-b9e0-4ef4-acc6-ebaccdbea98d]: BUSY {"metadata":{"emulator":{"name":"functions"},"function":{"name":"us-central1-api"},"extension":{},"message":"[worker-us-central1-api-aaae1ecf-b9e0-4ef4-acc6-ebaccdbea98d]: BUSY"}}
[debug] [2026-09-01T16:11:25.511Z] Finishing up request with event=pause {"metadata":{"emulator":{"name":"functions"},"function":{"name":"us-central1-api"},"extension":{},"message":"Finishing up request with event=pause"}}
[info] i  functions: Finished "us-central1-api" in 231.0591ms {"metadata":{"emulator":{"name":"functions"},"function":{"name":"us-central1-api"},"extension":{},"message":"Finished \"us-central1-api\" in 231.0591ms"}}
[debug] [2026-09-01T16:11:25.512Z] [worker-us-central1-api-aaae1ecf-b9e0-4ef4-acc6-ebaccdbea98d]: IDLE {"metadata":{"emulator":{"name":"functions"},"function":{"name":"us-central1-api"},"extension":{},"message":"[worker-us-central1-api-aaae1ecf-b9e0-4ef4-acc6-ebaccdbea98d]: IDLE"}}
[debug] [2026-09-01T16:11:25.512Z] Finishing up request with event=finish {"metadata":{"emulator":{"name":"functions"},"function":{"name":"us-central1-api"},"extension":{},"message":"Finishing up request with event=finish"}}
[debug] [2026-09-01T16:11:25.513Z] Finishing up request with event=close {"metadata":{"emulator":{"name":"functions"},"function":{"name":"us-central1-api"},"extension":{},"message":"Finishing up request with event=close"}}
[debug] [2026-09-01T16:11:25.513Z] [work-queue] {"queuedWork":[],"queueLength":0,"runningWork":[],"workRunningCount":0}
[debug] [2026-09-01T16:28:11.180Z] [work-queue] {"queuedWork":["/iot-app-839a2/us-central1/api/users/me-2026-09-01T16:28:11.180Z"],"queueLength":1,"runningWork":[],"workRunningCount":0}
[debug] [2026-09-01T16:28:11.180Z] [work-queue] {"queuedWork":[],"queueLength":0,"runningWork":["/iot-app-839a2/us-central1/api/users/me-2026-09-01T16:28:11.180Z"],"workRunningCount":1}
[debug] [2026-09-01T16:28:11.180Z] Accepted request OPTIONS /iot-app-839a2/us-central1/api/users/me --> us-central1-api
[debug] [2026-09-01T16:28:11.182Z] [functions] Runtime ready! Sending request! {"metadata":{"emulator":{"name":"functions"},"message":"[functions] Runtime ready! Sending request!"}}
[debug] [2026-09-01T16:28:11.182Z] [functions] Got req.url=/iot-app-839a2/us-central1/api/users/me, mapping to path=/users/me {"metadata":{"emulator":{"name":"functions"},"message":"[functions] Got req.url=/iot-app-839a2/us-central1/api/users/me, mapping to path=/users/me"}}
[debug] [2026-09-01T16:28:11.183Z] [worker-pool] submitRequest(triggerId=us-central1-api) {"metadata":{"emulator":{"name":"functions"},"message":"[worker-pool] submitRequest(triggerId=us-central1-api)"}}
[info] i  functions: Beginning execution of "us-central1-api" {"metadata":{"emulator":{"name":"functions"},"function":{"name":"us-central1-api"},"extension":{},"message":"Beginning execution of \"us-central1-api\""}}
[debug] [2026-09-01T16:28:11.183Z] [worker-us-central1-api-aaae1ecf-b9e0-4ef4-acc6-ebaccdbea98d]: BUSY {"metadata":{"emulator":{"name":"functions"},"function":{"name":"us-central1-api"},"extension":{},"message":"[worker-us-central1-api-aaae1ecf-b9e0-4ef4-acc6-ebaccdbea98d]: BUSY"}}
[debug] [2026-09-01T16:28:11.186Z] Finishing up request with event=pause {"metadata":{"emulator":{"name":"functions"},"function":{"name":"us-central1-api"},"extension":{},"message":"Finishing up request with event=pause"}}
[info] i  functions: Finished "us-central1-api" in 2.7537ms {"metadata":{"emulator":{"name":"functions"},"function":{"name":"us-central1-api"},"extension":{},"message":"Finished \"us-central1-api\" in 2.7537ms"}}
[debug] [2026-09-01T16:28:11.187Z] [worker-us-central1-api-aaae1ecf-b9e0-4ef4-acc6-ebaccdbea98d]: IDLE {"metadata":{"emulator":{"name":"functions"},"function":{"name":"us-central1-api"},"extension":{},"message":"[worker-us-central1-api-aaae1ecf-b9e0-4ef4-acc6-ebaccdbea98d]: IDLE"}}
[debug] [2026-09-01T16:28:11.187Z] Finishing up request with event=finish {"metadata":{"emulator":{"name":"functions"},"function":{"name":"us-central1-api"},"extension":{},"message":"Finishing up request with event=finish"}}
[debug] [2026-09-01T16:28:11.187Z] Finishing up request with event=close {"metadata":{"emulator":{"name":"functions"},"function":{"name":"us-central1-api"},"extension":{},"message":"Finishing up request with event=close"}}
[debug] [2026-09-01T16:28:11.187Z] [work-queue] {"queuedWork":[],"queueLength":0,"runningWork":[],"workRunningCount":0}
[debug] [2026-09-01T16:28:11.190Z] [work-queue] {"queuedWork":["/iot-app-839a2/us-central1/api/users/me-2026-09-01T16:28:11.190Z"],"queueLength":1,"runningWork":[],"workRunningCount":0}
[debug] [2026-09-01T16:28:11.190Z] [work-queue] {"queuedWork":[],"queueLength":0,"runningWork":["/iot-app-839a2/us-central1/api/users/me-2026-09-01T16:28:11.190Z"],"workRunningCount":1}
[debug] [2026-09-01T16:28:11.190Z] Accepted request GET /iot-app-839a2/us-central1/api/users/me --> us-central1-api
[debug] [2026-09-01T16:28:11.192Z] [functions] Runtime ready! Sending request! {"metadata":{"emulator":{"name":"functions"},"message":"[functions] Runtime ready! Sending request!"}}
[debug] [2026-09-01T16:28:11.192Z] [functions] Got req.url=/iot-app-839a2/us-central1/api/users/me, mapping to path=/users/me {"metadata":{"emulator":{"name":"functions"},"message":"[functions] Got req.url=/iot-app-839a2/us-central1/api/users/me, mapping to path=/users/me"}}
[debug] [2026-09-01T16:28:11.192Z] [worker-pool] submitRequest(triggerId=us-central1-api) {"metadata":{"emulator":{"name":"functions"},"message":"[worker-pool] submitRequest(triggerId=us-central1-api)"}}
[info] i  functions: Beginning execution of "us-central1-api" {"metadata":{"emulator":{"name":"functions"},"function":{"name":"us-central1-api"},"extension":{},"message":"Beginning execution of \"us-central1-api\""}}
[debug] [2026-09-01T16:28:11.193Z] [worker-us-central1-api-aaae1ecf-b9e0-4ef4-acc6-ebaccdbea98d]: BUSY {"metadata":{"emulator":{"name":"functions"},"function":{"name":"us-central1-api"},"extension":{},"message":"[worker-us-central1-api-aaae1ecf-b9e0-4ef4-acc6-ebaccdbea98d]: BUSY"}}
[debug] [2026-09-01T16:28:11.403Z] Finishing up request with event=pause {"metadata":{"emulator":{"name":"functions"},"function":{"name":"us-central1-api"},"extension":{},"message":"Finishing up request with event=pause"}}
[info] i  functions: Finished "us-central1-api" in 211.6764ms {"metadata":{"emulator":{"name":"functions"},"function":{"name":"us-central1-api"},"extension":{},"message":"Finished \"us-central1-api\" in 211.6764ms"}}
[debug] [2026-09-01T16:28:11.405Z] [worker-us-central1-api-aaae1ecf-b9e0-4ef4-acc6-ebaccdbea98d]: IDLE {"metadata":{"emulator":{"name":"functions"},"function":{"name":"us-central1-api"},"extension":{},"message":"[worker-us-central1-api-aaae1ecf-b9e0-4ef4-acc6-ebaccdbea98d]: IDLE"}}
[debug] [2026-09-01T16:28:11.405Z] Finishing up request with event=finish {"metadata":{"emulator":{"name":"functions"},"function":{"name":"us-central1-api"},"extension":{},"message":"Finishing up request with event=finish"}}
[debug] [2026-09-01T16:28:11.405Z] Finishing up request with event=close {"metadata":{"emulator":{"name":"functions"},"function":{"name":"us-central1-api"},"extension":{},"message":"Finishing up request with event=close"}}
[debug] [2026-09-01T16:28:11.406Z] [work-queue] {"queuedWork":[],"queueLength":0,"runningWork":[],"workRunningCount":0}
[debug] [2026-09-01T16:42:03.141Z] [work-queue] {"queuedWork":["/iot-app-839a2/us-central1/api/boxes/ESP32_A1B2C3D4E5F6/messages/initiate-2026-09-01T16:42:03.141Z"],"queueLength":1,"runningWork":[],"workRunningCount":0}
[debug] [2026-09-01T16:42:03.142Z] [work-queue] {"queuedWork":[],"queueLength":0,"runningWork":["/iot-app-839a2/us-central1/api/boxes/ESP32_A1B2C3D4E5F6/messages/initiate-2026-09-01T16:42:03.141Z"],"workRunningCount":1}
[debug] [2026-09-01T16:42:03.142Z] Accepted request OPTIONS /iot-app-839a2/us-central1/api/boxes/ESP32_A1B2C3D4E5F6/messages/initiate --> us-central1-api
[debug] [2026-09-01T16:42:03.148Z] [functions] Runtime ready! Sending request! {"metadata":{"emulator":{"name":"functions"},"message":"[functions] Runtime ready! Sending request!"}}
[debug] [2026-09-01T16:42:03.149Z] [functions] Got req.url=/iot-app-839a2/us-central1/api/boxes/ESP32_A1B2C3D4E5F6/messages/initiate, mapping to path=/boxes/ESP32_A1B2C3D4E5F6/messages/initiate {"metadata":{"emulator":{"name":"functions"},"message":"[functions] Got req.url=/iot-app-839a2/us-central1/api/boxes/ESP32_A1B2C3D4E5F6/messages/initiate, mapping to path=/boxes/ESP32_A1B2C3D4E5F6/messages/initiate"}}
[debug] [2026-09-01T16:42:03.150Z] [worker-pool] submitRequest(triggerId=us-central1-api) {"metadata":{"emulator":{"name":"functions"},"message":"[worker-pool] submitRequest(triggerId=us-central1-api)"}}
[info] i  functions: Beginning execution of "us-central1-api" {"metadata":{"emulator":{"name":"functions"},"function":{"name":"us-central1-api"},"extension":{},"message":"Beginning execution of \"us-central1-api\""}}
[debug] [2026-09-01T16:42:03.151Z] [worker-us-central1-api-aaae1ecf-b9e0-4ef4-acc6-ebaccdbea98d]: BUSY {"metadata":{"emulator":{"name":"functions"},"function":{"name":"us-central1-api"},"extension":{},"message":"[worker-us-central1-api-aaae1ecf-b9e0-4ef4-acc6-ebaccdbea98d]: BUSY"}}
[debug] [2026-09-01T16:42:03.154Z] Finishing up request with event=pause {"metadata":{"emulator":{"name":"functions"},"function":{"name":"us-central1-api"},"extension":{},"message":"Finishing up request with event=pause"}}
[info] i  functions: Finished "us-central1-api" in 3.8855ms {"metadata":{"emulator":{"name":"functions"},"function":{"name":"us-central1-api"},"extension":{},"message":"Finished \"us-central1-api\" in 3.8855ms"}}
[debug] [2026-09-01T16:42:03.156Z] [worker-us-central1-api-aaae1ecf-b9e0-4ef4-acc6-ebaccdbea98d]: IDLE {"metadata":{"emulator":{"name":"functions"},"function":{"name":"us-central1-api"},"extension":{},"message":"[worker-us-central1-api-aaae1ecf-b9e0-4ef4-acc6-ebaccdbea98d]: IDLE"}}
[debug] [2026-09-01T16:42:03.156Z] Finishing up request with event=finish {"metadata":{"emulator":{"name":"functions"},"function":{"name":"us-central1-api"},"extension":{},"message":"Finishing up request with event=finish"}}
[debug] [2026-09-01T16:42:03.156Z] Finishing up request with event=close {"metadata":{"emulator":{"name":"functions"},"function":{"name":"us-central1-api"},"extension":{},"message":"Finishing up request with event=close"}}
[debug] [2026-09-01T16:42:03.156Z] [work-queue] {"queuedWork":[],"queueLength":0,"runningWork":[],"workRunningCount":0}
[debug] [2026-09-01T16:42:03.161Z] [work-queue] {"queuedWork":["/iot-app-839a2/us-central1/api/boxes/ESP32_A1B2C3D4E5F6/messages/initiate-2026-09-01T16:42:03.161Z"],"queueLength":1,"runningWork":[],"workRunningCount":0}
[debug] [2026-09-01T16:42:03.162Z] [work-queue] {"queuedWork":[],"queueLength":0,"runningWork":["/iot-app-839a2/us-central1/api/boxes/ESP32_A1B2C3D4E5F6/messages/initiate-2026-09-01T16:42:03.161Z"],"workRunningCount":1}
[debug] [2026-09-01T16:42:03.162Z] Accepted request POST /iot-app-839a2/us-central1/api/boxes/ESP32_A1B2C3D4E5F6/messages/initiate --> us-central1-api
[debug] [2026-09-01T16:42:03.170Z] [functions] Runtime ready! Sending request! {"metadata":{"emulator":{"name":"functions"},"message":"[functions] Runtime ready! Sending request!"}}
[debug] [2026-09-01T16:42:03.171Z] [functions] Got req.url=/iot-app-839a2/us-central1/api/boxes/ESP32_A1B2C3D4E5F6/messages/initiate, mapping to path=/boxes/ESP32_A1B2C3D4E5F6/messages/initiate {"metadata":{"emulator":{"name":"functions"},"message":"[functions] Got req.url=/iot-app-839a2/us-central1/api/boxes/ESP32_A1B2C3D4E5F6/messages/initiate, mapping to path=/boxes/ESP32_A1B2C3D4E5F6/messages/initiate"}}
[debug] [2026-09-01T16:42:03.171Z] [worker-pool] submitRequest(triggerId=us-central1-api) {"metadata":{"emulator":{"name":"functions"},"message":"[worker-pool] submitRequest(triggerId=us-central1-api)"}}
[info] i  functions: Beginning execution of "us-central1-api" {"metadata":{"emulator":{"name":"functions"},"function":{"name":"us-central1-api"},"extension":{},"message":"Beginning execution of \"us-central1-api\""}}
[debug] [2026-09-01T16:42:03.172Z] [worker-us-central1-api-aaae1ecf-b9e0-4ef4-acc6-ebaccdbea98d]: BUSY {"metadata":{"emulator":{"name":"functions"},"function":{"name":"us-central1-api"},"extension":{},"message":"[worker-us-central1-api-aaae1ecf-b9e0-4ef4-acc6-ebaccdbea98d]: BUSY"}}
[debug] [2026-09-01T16:42:03.458Z] Finishing up request with event=pause {"metadata":{"emulator":{"name":"functions"},"function":{"name":"us-central1-api"},"extension":{},"message":"Finishing up request with event=pause"}}
[info] i  functions: Finished "us-central1-api" in 286.19ms {"metadata":{"emulator":{"name":"functions"},"function":{"name":"us-central1-api"},"extension":{},"message":"Finished \"us-central1-api\" in 286.19ms"}}
[debug] [2026-09-01T16:42:03.459Z] [worker-us-central1-api-aaae1ecf-b9e0-4ef4-acc6-ebaccdbea98d]: IDLE {"metadata":{"emulator":{"name":"functions"},"function":{"name":"us-central1-api"},"extension":{},"message":"[worker-us-central1-api-aaae1ecf-b9e0-4ef4-acc6-ebaccdbea98d]: IDLE"}}
[debug] [2026-09-01T16:42:03.460Z] Finishing up request with event=finish {"metadata":{"emulator":{"name":"functions"},"function":{"name":"us-central1-api"},"extension":{},"message":"Finishing up request with event=finish"}}
[debug] [2026-09-01T16:42:03.461Z] Finishing up request with event=close {"metadata":{"emulator":{"name":"functions"},"function":{"name":"us-central1-api"},"extension":{},"message":"Finishing up request with event=close"}}
[debug] [2026-09-01T16:42:03.461Z] [work-queue] {"queuedWork":[],"queueLength":0,"runningWork":[],"workRunningCount":0}
[debug] [2026-09-01T16:42:08.423Z] [work-queue] {"queuedWork":["/iot-app-839a2/us-central1/api/boxes/ESP32_A1B2C3D4E5F6/messages/confirm-2026-09-01T16:42:08.422Z"],"queueLength":1,"runningWork":[],"workRunningCount":0}
[debug] [2026-09-01T16:42:08.423Z] [work-queue] {"queuedWork":[],"queueLength":0,"runningWork":["/iot-app-839a2/us-central1/api/boxes/ESP32_A1B2C3D4E5F6/messages/confirm-2026-09-01T16:42:08.422Z"],"workRunningCount":1}
[debug] [2026-09-01T16:42:08.423Z] Accepted request OPTIONS /iot-app-839a2/us-central1/api/boxes/ESP32_A1B2C3D4E5F6/messages/confirm --> us-central1-api
[debug] [2026-09-01T16:42:08.424Z] [functions] Runtime ready! Sending request! {"metadata":{"emulator":{"name":"functions"},"message":"[functions] Runtime ready! Sending request!"}}
[debug] [2026-09-01T16:42:08.424Z] [functions] Got req.url=/iot-app-839a2/us-central1/api/boxes/ESP32_A1B2C3D4E5F6/messages/confirm, mapping to path=/boxes/ESP32_A1B2C3D4E5F6/messages/confirm {"metadata":{"emulator":{"name":"functions"},"message":"[functions] Got req.url=/iot-app-839a2/us-central1/api/boxes/ESP32_A1B2C3D4E5F6/messages/confirm, mapping to path=/boxes/ESP32_A1B2C3D4E5F6/messages/confirm"}}
[debug] [2026-09-01T16:42:08.424Z] [worker-pool] submitRequest(triggerId=us-central1-api) {"metadata":{"emulator":{"name":"functions"},"message":"[worker-pool] submitRequest(triggerId=us-central1-api)"}}
[info] i  functions: Beginning execution of "us-central1-api" {"metadata":{"emulator":{"name":"functions"},"function":{"name":"us-central1-api"},"extension":{},"message":"Beginning execution of \"us-central1-api\""}}
[debug] [2026-09-01T16:42:08.425Z] [worker-us-central1-api-aaae1ecf-b9e0-4ef4-acc6-ebaccdbea98d]: BUSY {"metadata":{"emulator":{"name":"functions"},"function":{"name":"us-central1-api"},"extension":{},"message":"[worker-us-central1-api-aaae1ecf-b9e0-4ef4-acc6-ebaccdbea98d]: BUSY"}}
[debug] [2026-09-01T16:42:08.433Z] Finishing up request with event=pause {"metadata":{"emulator":{"name":"functions"},"function":{"name":"us-central1-api"},"extension":{},"message":"Finishing up request with event=pause"}}
[info] i  functions: Finished "us-central1-api" in 8.2843ms {"metadata":{"emulator":{"name":"functions"},"function":{"name":"us-central1-api"},"extension":{},"message":"Finished \"us-central1-api\" in 8.2843ms"}}
[debug] [2026-09-01T16:42:08.434Z] [worker-us-central1-api-aaae1ecf-b9e0-4ef4-acc6-ebaccdbea98d]: IDLE {"metadata":{"emulator":{"name":"functions"},"function":{"name":"us-central1-api"},"extension":{},"message":"[worker-us-central1-api-aaae1ecf-b9e0-4ef4-acc6-ebaccdbea98d]: IDLE"}}
[debug] [2026-09-01T16:42:08.435Z] Finishing up request with event=finish {"metadata":{"emulator":{"name":"functions"},"function":{"name":"us-central1-api"},"extension":{},"message":"Finishing up request with event=finish"}}
[debug] [2026-09-01T16:42:08.435Z] Finishing up request with event=close {"metadata":{"emulator":{"name":"functions"},"function":{"name":"us-central1-api"},"extension":{},"message":"Finishing up request with event=close"}}
[debug] [2026-09-01T16:42:08.435Z] [work-queue] {"queuedWork":[],"queueLength":0,"runningWork":[],"workRunningCount":0}
[debug] [2026-09-01T16:42:08.437Z] [work-queue] {"queuedWork":["/iot-app-839a2/us-central1/api/boxes/ESP32_A1B2C3D4E5F6/messages/confirm-2026-09-01T16:42:08.437Z"],"queueLength":1,"runningWork":[],"workRunningCount":0}
[debug] [2026-09-01T16:42:08.438Z] [work-queue] {"queuedWork":[],"queueLength":0,"runningWork":["/iot-app-839a2/us-central1/api/boxes/ESP32_A1B2C3D4E5F6/messages/confirm-2026-09-01T16:42:08.437Z"],"workRunningCount":1}
[debug] [2026-09-01T16:42:08.438Z] Accepted request POST /iot-app-839a2/us-central1/api/boxes/ESP32_A1B2C3D4E5F6/messages/confirm --> us-central1-api
[debug] [2026-09-01T16:42:08.442Z] [functions] Runtime ready! Sending request! {"metadata":{"emulator":{"name":"functions"},"message":"[functions] Runtime ready! Sending request!"}}
[debug] [2026-09-01T16:42:08.442Z] [functions] Got req.url=/iot-app-839a2/us-central1/api/boxes/ESP32_A1B2C3D4E5F6/messages/confirm, mapping to path=/boxes/ESP32_A1B2C3D4E5F6/messages/confirm {"metadata":{"emulator":{"name":"functions"},"message":"[functions] Got req.url=/iot-app-839a2/us-central1/api/boxes/ESP32_A1B2C3D4E5F6/messages/confirm, mapping to path=/boxes/ESP32_A1B2C3D4E5F6/messages/confirm"}}
[debug] [2026-09-01T16:42:08.442Z] [worker-pool] submitRequest(triggerId=us-central1-api) {"metadata":{"emulator":{"name":"functions"},"message":"[worker-pool] submitRequest(triggerId=us-central1-api)"}}
[info] i  functions: Beginning execution of "us-central1-api" {"metadata":{"emulator":{"name":"functions"},"function":{"name":"us-central1-api"},"extension":{},"message":"Beginning execution of \"us-central1-api\""}}
[debug] [2026-09-01T16:42:08.444Z] [worker-us-central1-api-aaae1ecf-b9e0-4ef4-acc6-ebaccdbea98d]: BUSY {"metadata":{"emulator":{"name":"functions"},"function":{"name":"us-central1-api"},"extension":{},"message":"[worker-us-central1-api-aaae1ecf-b9e0-4ef4-acc6-ebaccdbea98d]: BUSY"}}
[warn] !  Google API requested!
   - URL: "https://storage.googleapis.com/storage/v1/b/iot-app-839a2.firebasestorage.app/o/media%2FESP32_A1B2C3D4E5F6%2Fmsg_1788280923434%2Fvideo.bin?"
   - Be careful, this may be a production service. {"metadata":{"emulator":{"name":"functions"},"function":{"name":"us-central1-api"},"extension":{},"message":"Google API requested!\n   - URL: \"https://storage.googleapis.com/storage/v1/b/iot-app-839a2.firebasestorage.app/o/media%2FESP32_A1B2C3D4E5F6%2Fmsg_1788280923434%2Fvideo.bin?\"\n   - Be careful, this may be a production service."}}
[warn] !  Google API requested!
   - URL: "https://storage.googleapis.com/storage/v1/b/iot-app-839a2.firebasestorage.app/o/media%2FESP32_A1B2C3D4E5F6%2Fmsg_1788280923434%2Fvoice.wav?"
   - Be careful, this may be a production service. {"metadata":{"emulator":{"name":"functions"},"function":{"name":"us-central1-api"},"extension":{},"message":"Google API requested!\n   - URL: \"https://storage.googleapis.com/storage/v1/b/iot-app-839a2.firebasestorage.app/o/media%2FESP32_A1B2C3D4E5F6%2Fmsg_1788280923434%2Fvoice.wav?\"\n   - Be careful, this may be a production service."}}
[warn] !  Google API requested!
   - URL: "https://storage.googleapis.com/storage/v1/b/iot-app-839a2.firebasestorage.app/o/media%2FESP32_A1B2C3D4E5F6%2Fmsg_1788280923434%2Fthumb.jpg?"
   - Be careful, this may be a production service. {"metadata":{"emulator":{"name":"functions"},"function":{"name":"us-central1-api"},"extension":{},"message":"Google API requested!\n   - URL: \"https://storage.googleapis.com/storage/v1/b/iot-app-839a2.firebasestorage.app/o/media%2FESP32_A1B2C3D4E5F6%2Fmsg_1788280923434%2Fthumb.jpg?\"\n   - Be careful, this may be a production service."}}
[warn] !  Google API requested!
   - URL: "https://storage.googleapis.com/storage/v1/b/iot-app-839a2.firebasestorage.app/o/media%2FESP32_A1B2C3D4E5F6%2Fmsg_1788280923434%2Foriginal.mp4?"
   - Be careful, this may be a production service. {"metadata":{"emulator":{"name":"functions"},"function":{"name":"us-central1-api"},"extension":{},"message":"Google API requested!\n   - URL: \"https://storage.googleapis.com/storage/v1/b/iot-app-839a2.firebasestorage.app/o/media%2FESP32_A1B2C3D4E5F6%2Fmsg_1788280923434%2Foriginal.mp4?\"\n   - Be careful, this may be a production service."}}
[debug] [2026-09-01T16:42:14.047Z] Finishing up request with event=pause {"metadata":{"emulator":{"name":"functions"},"function":{"name":"us-central1-api"},"extension":{},"message":"Finishing up request with event=pause"}}
[info] i  functions: Finished "us-central1-api" in 5603.74ms {"metadata":{"emulator":{"name":"functions"},"function":{"name":"us-central1-api"},"extension":{},"message":"Finished \"us-central1-api\" in 5603.74ms"}}
[debug] [2026-09-01T16:42:14.049Z] [worker-us-central1-api-aaae1ecf-b9e0-4ef4-acc6-ebaccdbea98d]: IDLE {"metadata":{"emulator":{"name":"functions"},"function":{"name":"us-central1-api"},"extension":{},"message":"[worker-us-central1-api-aaae1ecf-b9e0-4ef4-acc6-ebaccdbea98d]: IDLE"}}
[debug] [2026-09-01T16:42:14.049Z] Finishing up request with event=finish {"metadata":{"emulator":{"name":"functions"},"function":{"name":"us-central1-api"},"extension":{},"message":"Finishing up request with event=finish"}}
[debug] [2026-09-01T16:42:14.050Z] Finishing up request with event=close {"metadata":{"emulator":{"name":"functions"},"function":{"name":"us-central1-api"},"extension":{},"message":"Finishing up request with event=close"}}
[debug] [2026-09-01T16:42:14.050Z] [work-queue] {"queuedWork":[],"queueLength":0,"runningWork":[],"workRunningCount":0}
[debug] [2026-09-01T17:08:24.564Z] [work-queue] {"queuedWork":["/iot-app-839a2/us-central1/api/users/me-2026-09-01T17:08:24.563Z"],"queueLength":1,"runningWork":[],"workRunningCount":0}
[debug] [2026-09-01T17:08:24.564Z] [work-queue] {"queuedWork":[],"queueLength":0,"runningWork":["/iot-app-839a2/us-central1/api/users/me-2026-09-01T17:08:24.563Z"],"workRunningCount":1}
[debug] [2026-09-01T17:08:24.564Z] Accepted request OPTIONS /iot-app-839a2/us-central1/api/users/me --> us-central1-api
[debug] [2026-09-01T17:08:24.569Z] [functions] Runtime ready! Sending request! {"metadata":{"emulator":{"name":"functions"},"message":"[functions] Runtime ready! Sending request!"}}
[debug] [2026-09-01T17:08:24.569Z] [functions] Got req.url=/iot-app-839a2/us-central1/api/users/me, mapping to path=/users/me {"metadata":{"emulator":{"name":"functions"},"message":"[functions] Got req.url=/iot-app-839a2/us-central1/api/users/me, mapping to path=/users/me"}}
[debug] [2026-09-01T17:08:24.569Z] [worker-pool] submitRequest(triggerId=us-central1-api) {"metadata":{"emulator":{"name":"functions"},"message":"[worker-pool] submitRequest(triggerId=us-central1-api)"}}
[info] i  functions: Beginning execution of "us-central1-api" {"metadata":{"emulator":{"name":"functions"},"function":{"name":"us-central1-api"},"extension":{},"message":"Beginning execution of \"us-central1-api\""}}
[debug] [2026-09-01T17:08:24.570Z] [worker-us-central1-api-aaae1ecf-b9e0-4ef4-acc6-ebaccdbea98d]: BUSY {"metadata":{"emulator":{"name":"functions"},"function":{"name":"us-central1-api"},"extension":{},"message":"[worker-us-central1-api-aaae1ecf-b9e0-4ef4-acc6-ebaccdbea98d]: BUSY"}}
[debug] [2026-09-01T17:08:24.582Z] Finishing up request with event=pause {"metadata":{"emulator":{"name":"functions"},"function":{"name":"us-central1-api"},"extension":{},"message":"Finishing up request with event=pause"}}
[info] i  functions: Finished "us-central1-api" in 14.6421ms {"metadata":{"emulator":{"name":"functions"},"function":{"name":"us-central1-api"},"extension":{},"message":"Finished \"us-central1-api\" in 14.6421ms"}}
[debug] [2026-09-01T17:08:24.588Z] [worker-us-central1-api-aaae1ecf-b9e0-4ef4-acc6-ebaccdbea98d]: IDLE {"metadata":{"emulator":{"name":"functions"},"function":{"name":"us-central1-api"},"extension":{},"message":"[worker-us-central1-api-aaae1ecf-b9e0-4ef4-acc6-ebaccdbea98d]: IDLE"}}
[debug] [2026-09-01T17:08:24.589Z] Finishing up request with event=finish {"metadata":{"emulator":{"name":"functions"},"function":{"name":"us-central1-api"},"extension":{},"message":"Finishing up request with event=finish"}}
[debug] [2026-09-01T17:08:24.589Z] Finishing up request with event=close {"metadata":{"emulator":{"name":"functions"},"function":{"name":"us-central1-api"},"extension":{},"message":"Finishing up request with event=close"}}
[debug] [2026-09-01T17:08:24.590Z] [work-queue] {"queuedWork":[],"queueLength":0,"runningWork":[],"workRunningCount":0}
[debug] [2026-09-01T17:08:24.592Z] [work-queue] {"queuedWork":["/iot-app-839a2/us-central1/api/users/me-2026-09-01T17:08:24.592Z"],"queueLength":1,"runningWork":[],"workRunningCount":0}
[debug] [2026-09-01T17:08:24.593Z] [work-queue] {"queuedWork":[],"queueLength":0,"runningWork":["/iot-app-839a2/us-central1/api/users/me-2026-09-01T17:08:24.592Z"],"workRunningCount":1}
[debug] [2026-09-01T17:08:24.593Z] Accepted request GET /iot-app-839a2/us-central1/api/users/me --> us-central1-api
[debug] [2026-09-01T17:08:24.599Z] [functions] Runtime ready! Sending request! {"metadata":{"emulator":{"name":"functions"},"message":"[functions] Runtime ready! Sending request!"}}
[debug] [2026-09-01T17:08:24.600Z] [functions] Got req.url=/iot-app-839a2/us-central1/api/users/me, mapping to path=/users/me {"metadata":{"emulator":{"name":"functions"},"message":"[functions] Got req.url=/iot-app-839a2/us-central1/api/users/me, mapping to path=/users/me"}}
[debug] [2026-09-01T17:08:24.600Z] [worker-pool] submitRequest(triggerId=us-central1-api) {"metadata":{"emulator":{"name":"functions"},"message":"[worker-pool] submitRequest(triggerId=us-central1-api)"}}
[info] i  functions: Beginning execution of "us-central1-api" {"metadata":{"emulator":{"name":"functions"},"function":{"name":"us-central1-api"},"extension":{},"message":"Beginning execution of \"us-central1-api\""}}
[debug] [2026-09-01T17:08:24.601Z] [worker-us-central1-api-aaae1ecf-b9e0-4ef4-acc6-ebaccdbea98d]: BUSY {"metadata":{"emulator":{"name":"functions"},"function":{"name":"us-central1-api"},"extension":{},"message":"[worker-us-central1-api-aaae1ecf-b9e0-4ef4-acc6-ebaccdbea98d]: BUSY"}}
[debug] [2026-09-01T17:08:24.744Z] Finishing up request with event=pause {"metadata":{"emulator":{"name":"functions"},"function":{"name":"us-central1-api"},"extension":{},"message":"Finishing up request with event=pause"}}
[info] i  functions: Finished "us-central1-api" in 143.5666ms {"metadata":{"emulator":{"name":"functions"},"function":{"name":"us-central1-api"},"extension":{},"message":"Finished \"us-central1-api\" in 143.5666ms"}}
[debug] [2026-09-01T17:08:24.747Z] [worker-us-central1-api-aaae1ecf-b9e0-4ef4-acc6-ebaccdbea98d]: IDLE {"metadata":{"emulator":{"name":"functions"},"function":{"name":"us-central1-api"},"extension":{},"message":"[worker-us-central1-api-aaae1ecf-b9e0-4ef4-acc6-ebaccdbea98d]: IDLE"}}
[debug] [2026-09-01T17:08:24.747Z] Finishing up request with event=finish {"metadata":{"emulator":{"name":"functions"},"function":{"name":"us-central1-api"},"extension":{},"message":"Finishing up request with event=finish"}}
[debug] [2026-09-01T17:08:24.748Z] Finishing up request with event=close {"metadata":{"emulator":{"name":"functions"},"function":{"name":"us-central1-api"},"extension":{},"message":"Finishing up request with event=close"}}
[debug] [2026-09-01T17:08:24.748Z] [work-queue] {"queuedWork":[],"queueLength":0,"runningWork":[],"workRunningCount":0}
[debug] [2026-09-01T17:08:37.434Z] [work-queue] {"queuedWork":["/iot-app-839a2/us-central1/api/boxes/ESP32_A1B2C3D4E5F6/messages/initiate-2026-09-01T17:08:37.434Z"],"queueLength":1,"runningWork":[],"workRunningCount":0}
[debug] [2026-09-01T17:08:37.434Z] [work-queue] {"queuedWork":[],"queueLength":0,"runningWork":["/iot-app-839a2/us-central1/api/boxes/ESP32_A1B2C3D4E5F6/messages/initiate-2026-09-01T17:08:37.434Z"],"workRunningCount":1}
[debug] [2026-09-01T17:08:37.434Z] Accepted request OPTIONS /iot-app-839a2/us-central1/api/boxes/ESP32_A1B2C3D4E5F6/messages/initiate --> us-central1-api
[debug] [2026-09-01T17:08:37.438Z] [functions] Runtime ready! Sending request! {"metadata":{"emulator":{"name":"functions"},"message":"[functions] Runtime ready! Sending request!"}}
[debug] [2026-09-01T17:08:37.438Z] [functions] Got req.url=/iot-app-839a2/us-central1/api/boxes/ESP32_A1B2C3D4E5F6/messages/initiate, mapping to path=/boxes/ESP32_A1B2C3D4E5F6/messages/initiate {"metadata":{"emulator":{"name":"functions"},"message":"[functions] Got req.url=/iot-app-839a2/us-central1/api/boxes/ESP32_A1B2C3D4E5F6/messages/initiate, mapping to path=/boxes/ESP32_A1B2C3D4E5F6/messages/initiate"}}
[debug] [2026-09-01T17:08:37.438Z] [worker-pool] submitRequest(triggerId=us-central1-api) {"metadata":{"emulator":{"name":"functions"},"message":"[worker-pool] submitRequest(triggerId=us-central1-api)"}}
[info] i  functions: Beginning execution of "us-central1-api" {"metadata":{"emulator":{"name":"functions"},"function":{"name":"us-central1-api"},"extension":{},"message":"Beginning execution of \"us-central1-api\""}}
[debug] [2026-09-01T17:08:37.439Z] [worker-us-central1-api-aaae1ecf-b9e0-4ef4-acc6-ebaccdbea98d]: BUSY {"metadata":{"emulator":{"name":"functions"},"function":{"name":"us-central1-api"},"extension":{},"message":"[worker-us-central1-api-aaae1ecf-b9e0-4ef4-acc6-ebaccdbea98d]: BUSY"}}
[debug] [2026-09-01T17:08:37.441Z] Finishing up request with event=pause {"metadata":{"emulator":{"name":"functions"},"function":{"name":"us-central1-api"},"extension":{},"message":"Finishing up request with event=pause"}}
[info] i  functions: Finished "us-central1-api" in 3.5884ms {"metadata":{"emulator":{"name":"functions"},"function":{"name":"us-central1-api"},"extension":{},"message":"Finished \"us-central1-api\" in 3.5884ms"}}
[debug] [2026-09-01T17:08:37.444Z] [worker-us-central1-api-aaae1ecf-b9e0-4ef4-acc6-ebaccdbea98d]: IDLE {"metadata":{"emulator":{"name":"functions"},"function":{"name":"us-central1-api"},"extension":{},"message":"[worker-us-central1-api-aaae1ecf-b9e0-4ef4-acc6-ebaccdbea98d]: IDLE"}}
[debug] [2026-09-01T17:08:37.445Z] Finishing up request with event=finish {"metadata":{"emulator":{"name":"functions"},"function":{"name":"us-central1-api"},"extension":{},"message":"Finishing up request with event=finish"}}
[debug] [2026-09-01T17:08:37.445Z] Finishing up request with event=close {"metadata":{"emulator":{"name":"functions"},"function":{"name":"us-central1-api"},"extension":{},"message":"Finishing up request with event=close"}}
[debug] [2026-09-01T17:08:37.446Z] [work-queue] {"queuedWork":[],"queueLength":0,"runningWork":[],"workRunningCount":0}
[debug] [2026-09-01T17:08:37.449Z] [work-queue] {"queuedWork":["/iot-app-839a2/us-central1/api/boxes/ESP32_A1B2C3D4E5F6/messages/initiate-2026-09-01T17:08:37.449Z"],"queueLength":1,"runningWork":[],"workRunningCount":0}
[debug] [2026-09-01T17:08:37.450Z] [work-queue] {"queuedWork":[],"queueLength":0,"runningWork":["/iot-app-839a2/us-central1/api/boxes/ESP32_A1B2C3D4E5F6/messages/initiate-2026-09-01T17:08:37.449Z"],"workRunningCount":1}
[debug] [2026-09-01T17:08:37.450Z] Accepted request POST /iot-app-839a2/us-central1/api/boxes/ESP32_A1B2C3D4E5F6/messages/initiate --> us-central1-api
[debug] [2026-09-01T17:08:37.452Z] [functions] Runtime ready! Sending request! {"metadata":{"emulator":{"name":"functions"},"message":"[functions] Runtime ready! Sending request!"}}
[debug] [2026-09-01T17:08:37.453Z] [functions] Got req.url=/iot-app-839a2/us-central1/api/boxes/ESP32_A1B2C3D4E5F6/messages/initiate, mapping to path=/boxes/ESP32_A1B2C3D4E5F6/messages/initiate {"metadata":{"emulator":{"name":"functions"},"message":"[functions] Got req.url=/iot-app-839a2/us-central1/api/boxes/ESP32_A1B2C3D4E5F6/messages/initiate, mapping to path=/boxes/ESP32_A1B2C3D4E5F6/messages/initiate"}}
[debug] [2026-09-01T17:08:37.453Z] [worker-pool] submitRequest(triggerId=us-central1-api) {"metadata":{"emulator":{"name":"functions"},"message":"[worker-pool] submitRequest(triggerId=us-central1-api)"}}
[info] i  functions: Beginning execution of "us-central1-api" {"metadata":{"emulator":{"name":"functions"},"function":{"name":"us-central1-api"},"extension":{},"message":"Beginning execution of \"us-central1-api\""}}
[debug] [2026-09-01T17:08:37.453Z] [worker-us-central1-api-aaae1ecf-b9e0-4ef4-acc6-ebaccdbea98d]: BUSY {"metadata":{"emulator":{"name":"functions"},"function":{"name":"us-central1-api"},"extension":{},"message":"[worker-us-central1-api-aaae1ecf-b9e0-4ef4-acc6-ebaccdbea98d]: BUSY"}}
[debug] [2026-09-01T17:08:37.693Z] Finishing up request with event=pause {"metadata":{"emulator":{"name":"functions"},"function":{"name":"us-central1-api"},"extension":{},"message":"Finishing up request with event=pause"}}
[info] i  functions: Finished "us-central1-api" in 240.1634ms {"metadata":{"emulator":{"name":"functions"},"function":{"name":"us-central1-api"},"extension":{},"message":"Finished \"us-central1-api\" in 240.1634ms"}}
[debug] [2026-09-01T17:08:37.696Z] [worker-us-central1-api-aaae1ecf-b9e0-4ef4-acc6-ebaccdbea98d]: IDLE {"metadata":{"emulator":{"name":"functions"},"function":{"name":"us-central1-api"},"extension":{},"message":"[worker-us-central1-api-aaae1ecf-b9e0-4ef4-acc6-ebaccdbea98d]: IDLE"}}
[debug] [2026-09-01T17:08:37.697Z] Finishing up request with event=finish {"metadata":{"emulator":{"name":"functions"},"function":{"name":"us-central1-api"},"extension":{},"message":"Finishing up request with event=finish"}}
[debug] [2026-09-01T17:08:37.697Z] Finishing up request with event=close {"metadata":{"emulator":{"name":"functions"},"function":{"name":"us-central1-api"},"extension":{},"message":"Finishing up request with event=close"}}
[debug] [2026-09-01T17:08:37.698Z] [work-queue] {"queuedWork":[],"queueLength":0,"runningWork":[],"workRunningCount":0}
[debug] [2026-09-01T17:08:40.475Z] [work-queue] {"queuedWork":["/iot-app-839a2/us-central1/api/boxes/ESP32_A1B2C3D4E5F6/messages/confirm-2026-09-01T17:08:40.475Z"],"queueLength":1,"runningWork":[],"workRunningCount":0}
[debug] [2026-09-01T17:08:40.475Z] [work-queue] {"queuedWork":[],"queueLength":0,"runningWork":["/iot-app-839a2/us-central1/api/boxes/ESP32_A1B2C3D4E5F6/messages/confirm-2026-09-01T17:08:40.475Z"],"workRunningCount":1}
[debug] [2026-09-01T17:08:40.476Z] Accepted request OPTIONS /iot-app-839a2/us-central1/api/boxes/ESP32_A1B2C3D4E5F6/messages/confirm --> us-central1-api
[debug] [2026-09-01T17:08:40.478Z] [functions] Runtime ready! Sending request! {"metadata":{"emulator":{"name":"functions"},"message":"[functions] Runtime ready! Sending request!"}}
[debug] [2026-09-01T17:08:40.478Z] [functions] Got req.url=/iot-app-839a2/us-central1/api/boxes/ESP32_A1B2C3D4E5F6/messages/confirm, mapping to path=/boxes/ESP32_A1B2C3D4E5F6/messages/confirm {"metadata":{"emulator":{"name":"functions"},"message":"[functions] Got req.url=/iot-app-839a2/us-central1/api/boxes/ESP32_A1B2C3D4E5F6/messages/confirm, mapping to path=/boxes/ESP32_A1B2C3D4E5F6/messages/confirm"}}
[debug] [2026-09-01T17:08:40.478Z] [worker-pool] submitRequest(triggerId=us-central1-api) {"metadata":{"emulator":{"name":"functions"},"message":"[worker-pool] submitRequest(triggerId=us-central1-api)"}}
[info] i  functions: Beginning execution of "us-central1-api" {"metadata":{"emulator":{"name":"functions"},"function":{"name":"us-central1-api"},"extension":{},"message":"Beginning execution of \"us-central1-api\""}}
[debug] [2026-09-01T17:08:40.479Z] [worker-us-central1-api-aaae1ecf-b9e0-4ef4-acc6-ebaccdbea98d]: BUSY {"metadata":{"emulator":{"name":"functions"},"function":{"name":"us-central1-api"},"extension":{},"message":"[worker-us-central1-api-aaae1ecf-b9e0-4ef4-acc6-ebaccdbea98d]: BUSY"}}
[debug] [2026-09-01T17:08:40.485Z] Finishing up request with event=pause {"metadata":{"emulator":{"name":"functions"},"function":{"name":"us-central1-api"},"extension":{},"message":"Finishing up request with event=pause"}}
[info] i  functions: Finished "us-central1-api" in 6.0774ms {"metadata":{"emulator":{"name":"functions"},"function":{"name":"us-central1-api"},"extension":{},"message":"Finished \"us-central1-api\" in 6.0774ms"}}
[debug] [2026-09-01T17:08:40.486Z] [worker-us-central1-api-aaae1ecf-b9e0-4ef4-acc6-ebaccdbea98d]: IDLE {"metadata":{"emulator":{"name":"functions"},"function":{"name":"us-central1-api"},"extension":{},"message":"[worker-us-central1-api-aaae1ecf-b9e0-4ef4-acc6-ebaccdbea98d]: IDLE"}}
[debug] [2026-09-01T17:08:40.487Z] Finishing up request with event=finish {"metadata":{"emulator":{"name":"functions"},"function":{"name":"us-central1-api"},"extension":{},"message":"Finishing up request with event=finish"}}
[debug] [2026-09-01T17:08:40.487Z] Finishing up request with event=close {"metadata":{"emulator":{"name":"functions"},"function":{"name":"us-central1-api"},"extension":{},"message":"Finishing up request with event=close"}}
[debug] [2026-09-01T17:08:40.487Z] [work-queue] {"queuedWork":[],"queueLength":0,"runningWork":[],"workRunningCount":0}
[debug] [2026-09-01T17:08:40.491Z] [work-queue] {"queuedWork":["/iot-app-839a2/us-central1/api/boxes/ESP32_A1B2C3D4E5F6/messages/confirm-2026-09-01T17:08:40.491Z"],"queueLength":1,"runningWork":[],"workRunningCount":0}
[debug] [2026-09-01T17:08:40.492Z] [work-queue] {"queuedWork":[],"queueLength":0,"runningWork":["/iot-app-839a2/us-central1/api/boxes/ESP32_A1B2C3D4E5F6/messages/confirm-2026-09-01T17:08:40.491Z"],"workRunningCount":1}
[debug] [2026-09-01T17:08:40.492Z] Accepted request POST /iot-app-839a2/us-central1/api/boxes/ESP32_A1B2C3D4E5F6/messages/confirm --> us-central1-api
[debug] [2026-09-01T17:08:40.494Z] [functions] Runtime ready! Sending request! {"metadata":{"emulator":{"name":"functions"},"message":"[functions] Runtime ready! Sending request!"}}
[debug] [2026-09-01T17:08:40.494Z] [functions] Got req.url=/iot-app-839a2/us-central1/api/boxes/ESP32_A1B2C3D4E5F6/messages/confirm, mapping to path=/boxes/ESP32_A1B2C3D4E5F6/messages/confirm {"metadata":{"emulator":{"name":"functions"},"message":"[functions] Got req.url=/iot-app-839a2/us-central1/api/boxes/ESP32_A1B2C3D4E5F6/messages/confirm, mapping to path=/boxes/ESP32_A1B2C3D4E5F6/messages/confirm"}}
[debug] [2026-09-01T17:08:40.494Z] [worker-pool] submitRequest(triggerId=us-central1-api) {"metadata":{"emulator":{"name":"functions"},"message":"[worker-pool] submitRequest(triggerId=us-central1-api)"}}
[info] i  functions: Beginning execution of "us-central1-api" {"metadata":{"emulator":{"name":"functions"},"function":{"name":"us-central1-api"},"extension":{},"message":"Beginning execution of \"us-central1-api\""}}
[debug] [2026-09-01T17:08:40.495Z] [worker-us-central1-api-aaae1ecf-b9e0-4ef4-acc6-ebaccdbea98d]: BUSY {"metadata":{"emulator":{"name":"functions"},"function":{"name":"us-central1-api"},"extension":{},"message":"[worker-us-central1-api-aaae1ecf-b9e0-4ef4-acc6-ebaccdbea98d]: BUSY"}}
[warn] !  Google API requested!
   - URL: "https://storage.googleapis.com/storage/v1/b/iot-app-839a2.firebasestorage.app/o/media%2FESP32_A1B2C3D4E5F6%2Fmsg_1788282517672%2Fvideo.bin?"
   - Be careful, this may be a production service. {"metadata":{"emulator":{"name":"functions"},"function":{"name":"us-central1-api"},"extension":{},"message":"Google API requested!\n   - URL: \"https://storage.googleapis.com/storage/v1/b/iot-app-839a2.firebasestorage.app/o/media%2FESP32_A1B2C3D4E5F6%2Fmsg_1788282517672%2Fvideo.bin?\"\n   - Be careful, this may be a production service."}}
[warn] !  Google API requested!
   - URL: "https://storage.googleapis.com/storage/v1/b/iot-app-839a2.firebasestorage.app/o/media%2FESP32_A1B2C3D4E5F6%2Fmsg_1788282517672%2Fvoice.wav?"
   - Be careful, this may be a production service. {"metadata":{"emulator":{"name":"functions"},"function":{"name":"us-central1-api"},"extension":{},"message":"Google API requested!\n   - URL: \"https://storage.googleapis.com/storage/v1/b/iot-app-839a2.firebasestorage.app/o/media%2FESP32_A1B2C3D4E5F6%2Fmsg_1788282517672%2Fvoice.wav?\"\n   - Be careful, this may be a production service."}}
[warn] !  Google API requested!
   - URL: "https://storage.googleapis.com/storage/v1/b/iot-app-839a2.firebasestorage.app/o/media%2FESP32_A1B2C3D4E5F6%2Fmsg_1788282517672%2Fthumb.jpg?"
   - Be careful, this may be a production service. {"metadata":{"emulator":{"name":"functions"},"function":{"name":"us-central1-api"},"extension":{},"message":"Google API requested!\n   - URL: \"https://storage.googleapis.com/storage/v1/b/iot-app-839a2.firebasestorage.app/o/media%2FESP32_A1B2C3D4E5F6%2Fmsg_1788282517672%2Fthumb.jpg?\"\n   - Be careful, this may be a production service."}}
[warn] !  Google API requested!
   - URL: "https://storage.googleapis.com/storage/v1/b/iot-app-839a2.firebasestorage.app/o/media%2FESP32_A1B2C3D4E5F6%2Fmsg_1788282517672%2Foriginal.mp4?"
   - Be careful, this may be a production service. {"metadata":{"emulator":{"name":"functions"},"function":{"name":"us-central1-api"},"extension":{},"message":"Google API requested!\n   - URL: \"https://storage.googleapis.com/storage/v1/b/iot-app-839a2.firebasestorage.app/o/media%2FESP32_A1B2C3D4E5F6%2Fmsg_1788282517672%2Foriginal.mp4?\"\n   - Be careful, this may be a production service."}}
[debug] [2026-09-01T17:08:46.200Z] Finishing up request with event=pause {"metadata":{"emulator":{"name":"functions"},"function":{"name":"us-central1-api"},"extension":{},"message":"Finishing up request with event=pause"}}
[info] i  functions: Finished "us-central1-api" in 5705.0883ms {"metadata":{"emulator":{"name":"functions"},"function":{"name":"us-central1-api"},"extension":{},"message":"Finished \"us-central1-api\" in 5705.0883ms"}}
[debug] [2026-09-01T17:08:46.201Z] [worker-us-central1-api-aaae1ecf-b9e0-4ef4-acc6-ebaccdbea98d]: IDLE {"metadata":{"emulator":{"name":"functions"},"function":{"name":"us-central1-api"},"extension":{},"message":"[worker-us-central1-api-aaae1ecf-b9e0-4ef4-acc6-ebaccdbea98d]: IDLE"}}
[debug] [2026-09-01T17:08:46.202Z] Finishing up request with event=finish {"metadata":{"emulator":{"name":"functions"},"function":{"name":"us-central1-api"},"extension":{},"message":"Finishing up request with event=finish"}}
[debug] [2026-09-01T17:08:46.202Z] Finishing up request with event=close {"metadata":{"emulator":{"name":"functions"},"function":{"name":"us-central1-api"},"extension":{},"message":"Finishing up request with event=close"}}
[debug] [2026-09-01T17:08:46.202Z] [work-queue] {"queuedWork":[],"queueLength":0,"runningWork":[],"workRunningCount":0}
[debug] [2026-09-01T17:11:28.504Z] [work-queue] {"queuedWork":["/iot-app-839a2/us-central1/api/boxes/ESP32_A1B2C3D4E5F6/messages/initiate-2026-09-01T17:11:28.504Z"],"queueLength":1,"runningWork":[],"workRunningCount":0}
[debug] [2026-09-01T17:11:28.504Z] [work-queue] {"queuedWork":[],"queueLength":0,"runningWork":["/iot-app-839a2/us-central1/api/boxes/ESP32_A1B2C3D4E5F6/messages/initiate-2026-09-01T17:11:28.504Z"],"workRunningCount":1}
[debug] [2026-09-01T17:11:28.504Z] Accepted request OPTIONS /iot-app-839a2/us-central1/api/boxes/ESP32_A1B2C3D4E5F6/messages/initiate --> us-central1-api
[debug] [2026-09-01T17:11:28.507Z] [functions] Runtime ready! Sending request! {"metadata":{"emulator":{"name":"functions"},"message":"[functions] Runtime ready! Sending request!"}}
[debug] [2026-09-01T17:11:28.507Z] [functions] Got req.url=/iot-app-839a2/us-central1/api/boxes/ESP32_A1B2C3D4E5F6/messages/initiate, mapping to path=/boxes/ESP32_A1B2C3D4E5F6/messages/initiate {"metadata":{"emulator":{"name":"functions"},"message":"[functions] Got req.url=/iot-app-839a2/us-central1/api/boxes/ESP32_A1B2C3D4E5F6/messages/initiate, mapping to path=/boxes/ESP32_A1B2C3D4E5F6/messages/initiate"}}
[debug] [2026-09-01T17:11:28.507Z] [worker-pool] submitRequest(triggerId=us-central1-api) {"metadata":{"emulator":{"name":"functions"},"message":"[worker-pool] submitRequest(triggerId=us-central1-api)"}}
[info] i  functions: Beginning execution of "us-central1-api" {"metadata":{"emulator":{"name":"functions"},"function":{"name":"us-central1-api"},"extension":{},"message":"Beginning execution of \"us-central1-api\""}}
[debug] [2026-09-01T17:11:28.508Z] [worker-us-central1-api-aaae1ecf-b9e0-4ef4-acc6-ebaccdbea98d]: BUSY {"metadata":{"emulator":{"name":"functions"},"function":{"name":"us-central1-api"},"extension":{},"message":"[worker-us-central1-api-aaae1ecf-b9e0-4ef4-acc6-ebaccdbea98d]: BUSY"}}
[debug] [2026-09-01T17:11:28.515Z] Finishing up request with event=pause {"metadata":{"emulator":{"name":"functions"},"function":{"name":"us-central1-api"},"extension":{},"message":"Finishing up request with event=pause"}}
[info] i  functions: Finished "us-central1-api" in 8.1294ms {"metadata":{"emulator":{"name":"functions"},"function":{"name":"us-central1-api"},"extension":{},"message":"Finished \"us-central1-api\" in 8.1294ms"}}
[debug] [2026-09-01T17:11:28.517Z] [worker-us-central1-api-aaae1ecf-b9e0-4ef4-acc6-ebaccdbea98d]: IDLE {"metadata":{"emulator":{"name":"functions"},"function":{"name":"us-central1-api"},"extension":{},"message":"[worker-us-central1-api-aaae1ecf-b9e0-4ef4-acc6-ebaccdbea98d]: IDLE"}}
[debug] [2026-09-01T17:11:28.518Z] Finishing up request with event=finish {"metadata":{"emulator":{"name":"functions"},"function":{"name":"us-central1-api"},"extension":{},"message":"Finishing up request with event=finish"}}
[debug] [2026-09-01T17:11:28.518Z] Finishing up request with event=close {"metadata":{"emulator":{"name":"functions"},"function":{"name":"us-central1-api"},"extension":{},"message":"Finishing up request with event=close"}}
[debug] [2026-09-01T17:11:28.518Z] [work-queue] {"queuedWork":[],"queueLength":0,"runningWork":[],"workRunningCount":0}
[debug] [2026-09-01T17:11:28.524Z] [work-queue] {"queuedWork":["/iot-app-839a2/us-central1/api/boxes/ESP32_A1B2C3D4E5F6/messages/initiate-2026-09-01T17:11:28.524Z"],"queueLength":1,"runningWork":[],"workRunningCount":0}
[debug] [2026-09-01T17:11:28.525Z] [work-queue] {"queuedWork":[],"queueLength":0,"runningWork":["/iot-app-839a2/us-central1/api/boxes/ESP32_A1B2C3D4E5F6/messages/initiate-2026-09-01T17:11:28.524Z"],"workRunningCount":1}
[debug] [2026-09-01T17:11:28.525Z] Accepted request POST /iot-app-839a2/us-central1/api/boxes/ESP32_A1B2C3D4E5F6/messages/initiate --> us-central1-api
[debug] [2026-09-01T17:11:28.526Z] [functions] Runtime ready! Sending request! {"metadata":{"emulator":{"name":"functions"},"message":"[functions] Runtime ready! Sending request!"}}
[debug] [2026-09-01T17:11:28.526Z] [functions] Got req.url=/iot-app-839a2/us-central1/api/boxes/ESP32_A1B2C3D4E5F6/messages/initiate, mapping to path=/boxes/ESP32_A1B2C3D4E5F6/messages/initiate {"metadata":{"emulator":{"name":"functions"},"message":"[functions] Got req.url=/iot-app-839a2/us-central1/api/boxes/ESP32_A1B2C3D4E5F6/messages/initiate, mapping to path=/boxes/ESP32_A1B2C3D4E5F6/messages/initiate"}}
[debug] [2026-09-01T17:11:28.526Z] [worker-pool] submitRequest(triggerId=us-central1-api) {"metadata":{"emulator":{"name":"functions"},"message":"[worker-pool] submitRequest(triggerId=us-central1-api)"}}
[info] i  functions: Beginning execution of "us-central1-api" {"metadata":{"emulator":{"name":"functions"},"function":{"name":"us-central1-api"},"extension":{},"message":"Beginning execution of \"us-central1-api\""}}
[debug] [2026-09-01T17:11:28.527Z] [worker-us-central1-api-aaae1ecf-b9e0-4ef4-acc6-ebaccdbea98d]: BUSY {"metadata":{"emulator":{"name":"functions"},"function":{"name":"us-central1-api"},"extension":{},"message":"[worker-us-central1-api-aaae1ecf-b9e0-4ef4-acc6-ebaccdbea98d]: BUSY"}}
[debug] [2026-09-01T17:11:28.762Z] Finishing up request with event=pause {"metadata":{"emulator":{"name":"functions"},"function":{"name":"us-central1-api"},"extension":{},"message":"Finishing up request with event=pause"}}
[info] i  functions: Finished "us-central1-api" in 234.8856ms {"metadata":{"emulator":{"name":"functions"},"function":{"name":"us-central1-api"},"extension":{},"message":"Finished \"us-central1-api\" in 234.8856ms"}}
[debug] [2026-09-01T17:11:28.762Z] [worker-us-central1-api-aaae1ecf-b9e0-4ef4-acc6-ebaccdbea98d]: IDLE {"metadata":{"emulator":{"name":"functions"},"function":{"name":"us-central1-api"},"extension":{},"message":"[worker-us-central1-api-aaae1ecf-b9e0-4ef4-acc6-ebaccdbea98d]: IDLE"}}
[debug] [2026-09-01T17:11:28.763Z] Finishing up request with event=finish {"metadata":{"emulator":{"name":"functions"},"function":{"name":"us-central1-api"},"extension":{},"message":"Finishing up request with event=finish"}}
[debug] [2026-09-01T17:11:28.763Z] Finishing up request with event=close {"metadata":{"emulator":{"name":"functions"},"function":{"name":"us-central1-api"},"extension":{},"message":"Finishing up request with event=close"}}
[debug] [2026-09-01T17:11:28.763Z] [work-queue] {"queuedWork":[],"queueLength":0,"runningWork":[],"workRunningCount":0}
[debug] [2026-09-01T17:11:34.125Z] [work-queue] {"queuedWork":["/iot-app-839a2/us-central1/api/boxes/ESP32_A1B2C3D4E5F6/messages/confirm-2026-09-01T17:11:34.124Z"],"queueLength":1,"runningWork":[],"workRunningCount":0}
[debug] [2026-09-01T17:11:34.125Z] [work-queue] {"queuedWork":[],"queueLength":0,"runningWork":["/iot-app-839a2/us-central1/api/boxes/ESP32_A1B2C3D4E5F6/messages/confirm-2026-09-01T17:11:34.124Z"],"workRunningCount":1}
[debug] [2026-09-01T17:11:34.125Z] Accepted request OPTIONS /iot-app-839a2/us-central1/api/boxes/ESP32_A1B2C3D4E5F6/messages/confirm --> us-central1-api
[debug] [2026-09-01T17:11:34.130Z] [functions] Runtime ready! Sending request! {"metadata":{"emulator":{"name":"functions"},"message":"[functions] Runtime ready! Sending request!"}}
[debug] [2026-09-01T17:11:34.130Z] [functions] Got req.url=/iot-app-839a2/us-central1/api/boxes/ESP32_A1B2C3D4E5F6/messages/confirm, mapping to path=/boxes/ESP32_A1B2C3D4E5F6/messages/confirm {"metadata":{"emulator":{"name":"functions"},"message":"[functions] Got req.url=/iot-app-839a2/us-central1/api/boxes/ESP32_A1B2C3D4E5F6/messages/confirm, mapping to path=/boxes/ESP32_A1B2C3D4E5F6/messages/confirm"}}
[debug] [2026-09-01T17:11:34.130Z] [worker-pool] submitRequest(triggerId=us-central1-api) {"metadata":{"emulator":{"name":"functions"},"message":"[worker-pool] submitRequest(triggerId=us-central1-api)"}}
[info] i  functions: Beginning execution of "us-central1-api" {"metadata":{"emulator":{"name":"functions"},"function":{"name":"us-central1-api"},"extension":{},"message":"Beginning execution of \"us-central1-api\""}}
[debug] [2026-09-01T17:11:34.132Z] [worker-us-central1-api-aaae1ecf-b9e0-4ef4-acc6-ebaccdbea98d]: BUSY {"metadata":{"emulator":{"name":"functions"},"function":{"name":"us-central1-api"},"extension":{},"message":"[worker-us-central1-api-aaae1ecf-b9e0-4ef4-acc6-ebaccdbea98d]: BUSY"}}
[debug] [2026-09-01T17:11:34.139Z] Finishing up request with event=pause {"metadata":{"emulator":{"name":"functions"},"function":{"name":"us-central1-api"},"extension":{},"message":"Finishing up request with event=pause"}}
[info] i  functions: Finished "us-central1-api" in 6.9259ms {"metadata":{"emulator":{"name":"functions"},"function":{"name":"us-central1-api"},"extension":{},"message":"Finished \"us-central1-api\" in 6.9259ms"}}
[debug] [2026-09-01T17:11:34.139Z] [worker-us-central1-api-aaae1ecf-b9e0-4ef4-acc6-ebaccdbea98d]: IDLE {"metadata":{"emulator":{"name":"functions"},"function":{"name":"us-central1-api"},"extension":{},"message":"[worker-us-central1-api-aaae1ecf-b9e0-4ef4-acc6-ebaccdbea98d]: IDLE"}}
[debug] [2026-09-01T17:11:34.139Z] Finishing up request with event=finish {"metadata":{"emulator":{"name":"functions"},"function":{"name":"us-central1-api"},"extension":{},"message":"Finishing up request with event=finish"}}
[debug] [2026-09-01T17:11:34.140Z] Finishing up request with event=close {"metadata":{"emulator":{"name":"functions"},"function":{"name":"us-central1-api"},"extension":{},"message":"Finishing up request with event=close"}}
[debug] [2026-09-01T17:11:34.140Z] [work-queue] {"queuedWork":[],"queueLength":0,"runningWork":[],"workRunningCount":0}
[debug] [2026-09-01T17:11:34.143Z] [work-queue] {"queuedWork":["/iot-app-839a2/us-central1/api/boxes/ESP32_A1B2C3D4E5F6/messages/confirm-2026-09-01T17:11:34.143Z"],"queueLength":1,"runningWork":[],"workRunningCount":0}
[debug] [2026-09-01T17:11:34.144Z] [work-queue] {"queuedWork":[],"queueLength":0,"runningWork":["/iot-app-839a2/us-central1/api/boxes/ESP32_A1B2C3D4E5F6/messages/confirm-2026-09-01T17:11:34.143Z"],"workRunningCount":1}
[debug] [2026-09-01T17:11:34.144Z] Accepted request POST /iot-app-839a2/us-central1/api/boxes/ESP32_A1B2C3D4E5F6/messages/confirm --> us-central1-api
[debug] [2026-09-01T17:11:34.146Z] [functions] Runtime ready! Sending request! {"metadata":{"emulator":{"name":"functions"},"message":"[functions] Runtime ready! Sending request!"}}
[debug] [2026-09-01T17:11:34.146Z] [functions] Got req.url=/iot-app-839a2/us-central1/api/boxes/ESP32_A1B2C3D4E5F6/messages/confirm, mapping to path=/boxes/ESP32_A1B2C3D4E5F6/messages/confirm {"metadata":{"emulator":{"name":"functions"},"message":"[functions] Got req.url=/iot-app-839a2/us-central1/api/boxes/ESP32_A1B2C3D4E5F6/messages/confirm, mapping to path=/boxes/ESP32_A1B2C3D4E5F6/messages/confirm"}}
[debug] [2026-09-01T17:11:34.146Z] [worker-pool] submitRequest(triggerId=us-central1-api) {"metadata":{"emulator":{"name":"functions"},"message":"[worker-pool] submitRequest(triggerId=us-central1-api)"}}
[info] i  functions: Beginning execution of "us-central1-api" {"metadata":{"emulator":{"name":"functions"},"function":{"name":"us-central1-api"},"extension":{},"message":"Beginning execution of \"us-central1-api\""}}
[debug] [2026-09-01T17:11:34.146Z] [worker-us-central1-api-aaae1ecf-b9e0-4ef4-acc6-ebaccdbea98d]: BUSY {"metadata":{"emulator":{"name":"functions"},"function":{"name":"us-central1-api"},"extension":{},"message":"[worker-us-central1-api-aaae1ecf-b9e0-4ef4-acc6-ebaccdbea98d]: BUSY"}}
[warn] !  Google API requested!
   - URL: "https://storage.googleapis.com/storage/v1/b/iot-app-839a2.firebasestorage.app/o/media%2FESP32_A1B2C3D4E5F6%2Fmsg_1788282688749%2Fvideo.bin?"
   - Be careful, this may be a production service. {"metadata":{"emulator":{"name":"functions"},"function":{"name":"us-central1-api"},"extension":{},"message":"Google API requested!\n   - URL: \"https://storage.googleapis.com/storage/v1/b/iot-app-839a2.firebasestorage.app/o/media%2FESP32_A1B2C3D4E5F6%2Fmsg_1788282688749%2Fvideo.bin?\"\n   - Be careful, this may be a production service."}}
[warn] !  Google API requested!
   - URL: "https://storage.googleapis.com/storage/v1/b/iot-app-839a2.firebasestorage.app/o/media%2FESP32_A1B2C3D4E5F6%2Fmsg_1788282688749%2Fthumb.jpg?"
   - Be careful, this may be a production service. {"metadata":{"emulator":{"name":"functions"},"function":{"name":"us-central1-api"},"extension":{},"message":"Google API requested!\n   - URL: \"https://storage.googleapis.com/storage/v1/b/iot-app-839a2.firebasestorage.app/o/media%2FESP32_A1B2C3D4E5F6%2Fmsg_1788282688749%2Fthumb.jpg?\"\n   - Be careful, this may be a production service."}}
[warn] !  Google API requested!
   - URL: "https://storage.googleapis.com/storage/v1/b/iot-app-839a2.firebasestorage.app/o/media%2FESP32_A1B2C3D4E5F6%2Fmsg_1788282688749%2Foriginal.jpg?"
   - Be careful, this may be a production service. {"metadata":{"emulator":{"name":"functions"},"function":{"name":"us-central1-api"},"extension":{},"message":"Google API requested!\n   - URL: \"https://storage.googleapis.com/storage/v1/b/iot-app-839a2.firebasestorage.app/o/media%2FESP32_A1B2C3D4E5F6%2Fmsg_1788282688749%2Foriginal.jpg?\"\n   - Be careful, this may be a production service."}}
[debug] [2026-09-01T17:11:38.357Z] Finishing up request with event=pause {"metadata":{"emulator":{"name":"functions"},"function":{"name":"us-central1-api"},"extension":{},"message":"Finishing up request with event=pause"}}
[info] i  functions: Finished "us-central1-api" in 4211.3373ms {"metadata":{"emulator":{"name":"functions"},"function":{"name":"us-central1-api"},"extension":{},"message":"Finished \"us-central1-api\" in 4211.3373ms"}}
[debug] [2026-09-01T17:11:38.358Z] [worker-us-central1-api-aaae1ecf-b9e0-4ef4-acc6-ebaccdbea98d]: IDLE {"metadata":{"emulator":{"name":"functions"},"function":{"name":"us-central1-api"},"extension":{},"message":"[worker-us-central1-api-aaae1ecf-b9e0-4ef4-acc6-ebaccdbea98d]: IDLE"}}
[debug] [2026-09-01T17:11:38.359Z] Finishing up request with event=finish {"metadata":{"emulator":{"name":"functions"},"function":{"name":"us-central1-api"},"extension":{},"message":"Finishing up request with event=finish"}}
[debug] [2026-09-01T17:11:38.359Z] Finishing up request with event=close {"metadata":{"emulator":{"name":"functions"},"function":{"name":"us-central1-api"},"extension":{},"message":"Finishing up request with event=close"}}
[debug] [2026-09-01T17:11:38.359Z] [work-queue] {"queuedWork":[],"queueLength":0,"runningWork":[],"workRunningCount":0}
[debug] [2026-09-01T17:12:19.023Z] [work-queue] {"queuedWork":["/iot-app-839a2/us-central1/api/boxes/ESP32_A1B2C3D4E5F6/messages/initiate-2026-09-01T17:12:19.023Z"],"queueLength":1,"runningWork":[],"workRunningCount":0}
[debug] [2026-09-01T17:12:19.023Z] [work-queue] {"queuedWork":[],"queueLength":0,"runningWork":["/iot-app-839a2/us-central1/api/boxes/ESP32_A1B2C3D4E5F6/messages/initiate-2026-09-01T17:12:19.023Z"],"workRunningCount":1}
[debug] [2026-09-01T17:12:19.023Z] Accepted request OPTIONS /iot-app-839a2/us-central1/api/boxes/ESP32_A1B2C3D4E5F6/messages/initiate --> us-central1-api
[debug] [2026-09-01T17:12:19.028Z] [functions] Runtime ready! Sending request! {"metadata":{"emulator":{"name":"functions"},"message":"[functions] Runtime ready! Sending request!"}}
[debug] [2026-09-01T17:12:19.028Z] [functions] Got req.url=/iot-app-839a2/us-central1/api/boxes/ESP32_A1B2C3D4E5F6/messages/initiate, mapping to path=/boxes/ESP32_A1B2C3D4E5F6/messages/initiate {"metadata":{"emulator":{"name":"functions"},"message":"[functions] Got req.url=/iot-app-839a2/us-central1/api/boxes/ESP32_A1B2C3D4E5F6/messages/initiate, mapping to path=/boxes/ESP32_A1B2C3D4E5F6/messages/initiate"}}
[debug] [2026-09-01T17:12:19.029Z] [worker-pool] submitRequest(triggerId=us-central1-api) {"metadata":{"emulator":{"name":"functions"},"message":"[worker-pool] submitRequest(triggerId=us-central1-api)"}}
[info] i  functions: Beginning execution of "us-central1-api" {"metadata":{"emulator":{"name":"functions"},"function":{"name":"us-central1-api"},"extension":{},"message":"Beginning execution of \"us-central1-api\""}}
[debug] [2026-09-01T17:12:19.030Z] [worker-us-central1-api-aaae1ecf-b9e0-4ef4-acc6-ebaccdbea98d]: BUSY {"metadata":{"emulator":{"name":"functions"},"function":{"name":"us-central1-api"},"extension":{},"message":"[worker-us-central1-api-aaae1ecf-b9e0-4ef4-acc6-ebaccdbea98d]: BUSY"}}
[debug] [2026-09-01T17:12:19.034Z] Finishing up request with event=pause {"metadata":{"emulator":{"name":"functions"},"function":{"name":"us-central1-api"},"extension":{},"message":"Finishing up request with event=pause"}}
[info] i  functions: Finished "us-central1-api" in 4.3803ms {"metadata":{"emulator":{"name":"functions"},"function":{"name":"us-central1-api"},"extension":{},"message":"Finished \"us-central1-api\" in 4.3803ms"}}
[debug] [2026-09-01T17:12:19.036Z] [worker-us-central1-api-aaae1ecf-b9e0-4ef4-acc6-ebaccdbea98d]: IDLE {"metadata":{"emulator":{"name":"functions"},"function":{"name":"us-central1-api"},"extension":{},"message":"[worker-us-central1-api-aaae1ecf-b9e0-4ef4-acc6-ebaccdbea98d]: IDLE"}}
[debug] [2026-09-01T17:12:19.036Z] Finishing up request with event=finish {"metadata":{"emulator":{"name":"functions"},"function":{"name":"us-central1-api"},"extension":{},"message":"Finishing up request with event=finish"}}
[debug] [2026-09-01T17:12:19.036Z] Finishing up request with event=close {"metadata":{"emulator":{"name":"functions"},"function":{"name":"us-central1-api"},"extension":{},"message":"Finishing up request with event=close"}}
[debug] [2026-09-01T17:12:19.036Z] [work-queue] {"queuedWork":[],"queueLength":0,"runningWork":[],"workRunningCount":0}
[debug] [2026-09-01T17:12:19.040Z] [work-queue] {"queuedWork":["/iot-app-839a2/us-central1/api/boxes/ESP32_A1B2C3D4E5F6/messages/initiate-2026-09-01T17:12:19.040Z"],"queueLength":1,"runningWork":[],"workRunningCount":0}
[debug] [2026-09-01T17:12:19.041Z] [work-queue] {"queuedWork":[],"queueLength":0,"runningWork":["/iot-app-839a2/us-central1/api/boxes/ESP32_A1B2C3D4E5F6/messages/initiate-2026-09-01T17:12:19.040Z"],"workRunningCount":1}
[debug] [2026-09-01T17:12:19.041Z] Accepted request POST /iot-app-839a2/us-central1/api/boxes/ESP32_A1B2C3D4E5F6/messages/initiate --> us-central1-api
[debug] [2026-09-01T17:12:19.045Z] [functions] Runtime ready! Sending request! {"metadata":{"emulator":{"name":"functions"},"message":"[functions] Runtime ready! Sending request!"}}
[debug] [2026-09-01T17:12:19.045Z] [functions] Got req.url=/iot-app-839a2/us-central1/api/boxes/ESP32_A1B2C3D4E5F6/messages/initiate, mapping to path=/boxes/ESP32_A1B2C3D4E5F6/messages/initiate {"metadata":{"emulator":{"name":"functions"},"message":"[functions] Got req.url=/iot-app-839a2/us-central1/api/boxes/ESP32_A1B2C3D4E5F6/messages/initiate, mapping to path=/boxes/ESP32_A1B2C3D4E5F6/messages/initiate"}}
[debug] [2026-09-01T17:12:19.045Z] [worker-pool] submitRequest(triggerId=us-central1-api) {"metadata":{"emulator":{"name":"functions"},"message":"[worker-pool] submitRequest(triggerId=us-central1-api)"}}
[info] i  functions: Beginning execution of "us-central1-api" {"metadata":{"emulator":{"name":"functions"},"function":{"name":"us-central1-api"},"extension":{},"message":"Beginning execution of \"us-central1-api\""}}
[debug] [2026-09-01T17:12:19.047Z] [worker-us-central1-api-aaae1ecf-b9e0-4ef4-acc6-ebaccdbea98d]: BUSY {"metadata":{"emulator":{"name":"functions"},"function":{"name":"us-central1-api"},"extension":{},"message":"[worker-us-central1-api-aaae1ecf-b9e0-4ef4-acc6-ebaccdbea98d]: BUSY"}}
[debug] [2026-09-01T17:12:19.307Z] Finishing up request with event=pause {"metadata":{"emulator":{"name":"functions"},"function":{"name":"us-central1-api"},"extension":{},"message":"Finishing up request with event=pause"}}
[info] i  functions: Finished "us-central1-api" in 260.805ms {"metadata":{"emulator":{"name":"functions"},"function":{"name":"us-central1-api"},"extension":{},"message":"Finished \"us-central1-api\" in 260.805ms"}}
[debug] [2026-09-01T17:12:19.308Z] [worker-us-central1-api-aaae1ecf-b9e0-4ef4-acc6-ebaccdbea98d]: IDLE {"metadata":{"emulator":{"name":"functions"},"function":{"name":"us-central1-api"},"extension":{},"message":"[worker-us-central1-api-aaae1ecf-b9e0-4ef4-acc6-ebaccdbea98d]: IDLE"}}
[debug] [2026-09-01T17:12:19.308Z] Finishing up request with event=finish {"metadata":{"emulator":{"name":"functions"},"function":{"name":"us-central1-api"},"extension":{},"message":"Finishing up request with event=finish"}}
[debug] [2026-09-01T17:12:19.308Z] Finishing up request with event=close {"metadata":{"emulator":{"name":"functions"},"function":{"name":"us-central1-api"},"extension":{},"message":"Finishing up request with event=close"}}
[debug] [2026-09-01T17:12:19.308Z] [work-queue] {"queuedWork":[],"queueLength":0,"runningWork":[],"workRunningCount":0}
[debug] [2026-09-01T17:12:24.652Z] [work-queue] {"queuedWork":["/iot-app-839a2/us-central1/api/boxes/ESP32_A1B2C3D4E5F6/messages/confirm-2026-09-01T17:12:24.652Z"],"queueLength":1,"runningWork":[],"workRunningCount":0}
[debug] [2026-09-01T17:12:24.653Z] [work-queue] {"queuedWork":[],"queueLength":0,"runningWork":["/iot-app-839a2/us-central1/api/boxes/ESP32_A1B2C3D4E5F6/messages/confirm-2026-09-01T17:12:24.652Z"],"workRunningCount":1}
[debug] [2026-09-01T17:12:24.653Z] Accepted request OPTIONS /iot-app-839a2/us-central1/api/boxes/ESP32_A1B2C3D4E5F6/messages/confirm --> us-central1-api
[debug] [2026-09-01T17:12:24.656Z] [functions] Runtime ready! Sending request! {"metadata":{"emulator":{"name":"functions"},"message":"[functions] Runtime ready! Sending request!"}}
[debug] [2026-09-01T17:12:24.657Z] [functions] Got req.url=/iot-app-839a2/us-central1/api/boxes/ESP32_A1B2C3D4E5F6/messages/confirm, mapping to path=/boxes/ESP32_A1B2C3D4E5F6/messages/confirm {"metadata":{"emulator":{"name":"functions"},"message":"[functions] Got req.url=/iot-app-839a2/us-central1/api/boxes/ESP32_A1B2C3D4E5F6/messages/confirm, mapping to path=/boxes/ESP32_A1B2C3D4E5F6/messages/confirm"}}
[debug] [2026-09-01T17:12:24.657Z] [worker-pool] submitRequest(triggerId=us-central1-api) {"metadata":{"emulator":{"name":"functions"},"message":"[worker-pool] submitRequest(triggerId=us-central1-api)"}}
[info] i  functions: Beginning execution of "us-central1-api" {"metadata":{"emulator":{"name":"functions"},"function":{"name":"us-central1-api"},"extension":{},"message":"Beginning execution of \"us-central1-api\""}}
[debug] [2026-09-01T17:12:24.657Z] [worker-us-central1-api-aaae1ecf-b9e0-4ef4-acc6-ebaccdbea98d]: BUSY {"metadata":{"emulator":{"name":"functions"},"function":{"name":"us-central1-api"},"extension":{},"message":"[worker-us-central1-api-aaae1ecf-b9e0-4ef4-acc6-ebaccdbea98d]: BUSY"}}
[debug] [2026-09-01T17:12:24.660Z] Finishing up request with event=pause {"metadata":{"emulator":{"name":"functions"},"function":{"name":"us-central1-api"},"extension":{},"message":"Finishing up request with event=pause"}}
[info] i  functions: Finished "us-central1-api" in 3.4333ms {"metadata":{"emulator":{"name":"functions"},"function":{"name":"us-central1-api"},"extension":{},"message":"Finished \"us-central1-api\" in 3.4333ms"}}
[debug] [2026-09-01T17:12:24.662Z] [worker-us-central1-api-aaae1ecf-b9e0-4ef4-acc6-ebaccdbea98d]: IDLE {"metadata":{"emulator":{"name":"functions"},"function":{"name":"us-central1-api"},"extension":{},"message":"[worker-us-central1-api-aaae1ecf-b9e0-4ef4-acc6-ebaccdbea98d]: IDLE"}}
[debug] [2026-09-01T17:12:24.662Z] Finishing up request with event=finish {"metadata":{"emulator":{"name":"functions"},"function":{"name":"us-central1-api"},"extension":{},"message":"Finishing up request with event=finish"}}
[debug] [2026-09-01T17:12:24.662Z] Finishing up request with event=close {"metadata":{"emulator":{"name":"functions"},"function":{"name":"us-central1-api"},"extension":{},"message":"Finishing up request with event=close"}}
[debug] [2026-09-01T17:12:24.662Z] [work-queue] {"queuedWork":[],"queueLength":0,"runningWork":[],"workRunningCount":0}
[debug] [2026-09-01T17:12:24.666Z] [work-queue] {"queuedWork":["/iot-app-839a2/us-central1/api/boxes/ESP32_A1B2C3D4E5F6/messages/confirm-2026-09-01T17:12:24.666Z"],"queueLength":1,"runningWork":[],"workRunningCount":0}
[debug] [2026-09-01T17:12:24.666Z] [work-queue] {"queuedWork":[],"queueLength":0,"runningWork":["/iot-app-839a2/us-central1/api/boxes/ESP32_A1B2C3D4E5F6/messages/confirm-2026-09-01T17:12:24.666Z"],"workRunningCount":1}
[debug] [2026-09-01T17:12:24.666Z] Accepted request POST /iot-app-839a2/us-central1/api/boxes/ESP32_A1B2C3D4E5F6/messages/confirm --> us-central1-api
[debug] [2026-09-01T17:12:24.668Z] [functions] Runtime ready! Sending request! {"metadata":{"emulator":{"name":"functions"},"message":"[functions] Runtime ready! Sending request!"}}
[debug] [2026-09-01T17:12:24.668Z] [functions] Got req.url=/iot-app-839a2/us-central1/api/boxes/ESP32_A1B2C3D4E5F6/messages/confirm, mapping to path=/boxes/ESP32_A1B2C3D4E5F6/messages/confirm {"metadata":{"emulator":{"name":"functions"},"message":"[functions] Got req.url=/iot-app-839a2/us-central1/api/boxes/ESP32_A1B2C3D4E5F6/messages/confirm, mapping to path=/boxes/ESP32_A1B2C3D4E5F6/messages/confirm"}}
[debug] [2026-09-01T17:12:24.668Z] [worker-pool] submitRequest(triggerId=us-central1-api) {"metadata":{"emulator":{"name":"functions"},"message":"[worker-pool] submitRequest(triggerId=us-central1-api)"}}
[info] i  functions: Beginning execution of "us-central1-api" {"metadata":{"emulator":{"name":"functions"},"function":{"name":"us-central1-api"},"extension":{},"message":"Beginning execution of \"us-central1-api\""}}
[debug] [2026-09-01T17:12:24.668Z] [worker-us-central1-api-aaae1ecf-b9e0-4ef4-acc6-ebaccdbea98d]: BUSY {"metadata":{"emulator":{"name":"functions"},"function":{"name":"us-central1-api"},"extension":{},"message":"[worker-us-central1-api-aaae1ecf-b9e0-4ef4-acc6-ebaccdbea98d]: BUSY"}}
[warn] !  Google API requested!
   - URL: "https://storage.googleapis.com/storage/v1/b/iot-app-839a2.firebasestorage.app/o/media%2FESP32_A1B2C3D4E5F6%2Fmsg_1788282739301%2Fvideo.bin?"
   - Be careful, this may be a production service. {"metadata":{"emulator":{"name":"functions"},"function":{"name":"us-central1-api"},"extension":{},"message":"Google API requested!\n   - URL: \"https://storage.googleapis.com/storage/v1/b/iot-app-839a2.firebasestorage.app/o/media%2FESP32_A1B2C3D4E5F6%2Fmsg_1788282739301%2Fvideo.bin?\"\n   - Be careful, this may be a production service."}}
[warn] !  Google API requested!
   - URL: "https://storage.googleapis.com/storage/v1/b/iot-app-839a2.firebasestorage.app/o/media%2FESP32_A1B2C3D4E5F6%2Fmsg_1788282739301%2Fvoice.wav?"
   - Be careful, this may be a production service. {"metadata":{"emulator":{"name":"functions"},"function":{"name":"us-central1-api"},"extension":{},"message":"Google API requested!\n   - URL: \"https://storage.googleapis.com/storage/v1/b/iot-app-839a2.firebasestorage.app/o/media%2FESP32_A1B2C3D4E5F6%2Fmsg_1788282739301%2Fvoice.wav?\"\n   - Be careful, this may be a production service."}}
[warn] !  Google API requested!
   - URL: "https://storage.googleapis.com/storage/v1/b/iot-app-839a2.firebasestorage.app/o/media%2FESP32_A1B2C3D4E5F6%2Fmsg_1788282739301%2Fthumb.jpg?"
   - Be careful, this may be a production service. {"metadata":{"emulator":{"name":"functions"},"function":{"name":"us-central1-api"},"extension":{},"message":"Google API requested!\n   - URL: \"https://storage.googleapis.com/storage/v1/b/iot-app-839a2.firebasestorage.app/o/media%2FESP32_A1B2C3D4E5F6%2Fmsg_1788282739301%2Fthumb.jpg?\"\n   - Be careful, this may be a production service."}}
[warn] !  Google API requested!
   - URL: "https://storage.googleapis.com/storage/v1/b/iot-app-839a2.firebasestorage.app/o/media%2FESP32_A1B2C3D4E5F6%2Fmsg_1788282739301%2Foriginal.mp4?"
   - Be careful, this may be a production service. {"metadata":{"emulator":{"name":"functions"},"function":{"name":"us-central1-api"},"extension":{},"message":"Google API requested!\n   - URL: \"https://storage.googleapis.com/storage/v1/b/iot-app-839a2.firebasestorage.app/o/media%2FESP32_A1B2C3D4E5F6%2Fmsg_1788282739301%2Foriginal.mp4?\"\n   - Be careful, this may be a production service."}}
[debug] [2026-09-01T17:12:30.290Z] Finishing up request with event=pause {"metadata":{"emulator":{"name":"functions"},"function":{"name":"us-central1-api"},"extension":{},"message":"Finishing up request with event=pause"}}
[info] i  functions: Finished "us-central1-api" in 5621.4095ms {"metadata":{"emulator":{"name":"functions"},"function":{"name":"us-central1-api"},"extension":{},"message":"Finished \"us-central1-api\" in 5621.4095ms"}}
[debug] [2026-09-01T17:12:30.290Z] [worker-us-central1-api-aaae1ecf-b9e0-4ef4-acc6-ebaccdbea98d]: IDLE {"metadata":{"emulator":{"name":"functions"},"function":{"name":"us-central1-api"},"extension":{},"message":"[worker-us-central1-api-aaae1ecf-b9e0-4ef4-acc6-ebaccdbea98d]: IDLE"}}
[debug] [2026-09-01T17:12:30.291Z] Finishing up request with event=finish {"metadata":{"emulator":{"name":"functions"},"function":{"name":"us-central1-api"},"extension":{},"message":"Finishing up request with event=finish"}}
[debug] [2026-09-01T17:12:30.291Z] Finishing up request with event=close {"metadata":{"emulator":{"name":"functions"},"function":{"name":"us-central1-api"},"extension":{},"message":"Finishing up request with event=close"}}
[debug] [2026-09-01T17:12:30.291Z] [work-queue] {"queuedWork":[],"queueLength":0,"runningWork":[],"workRunningCount":0}
[debug] [2026-09-01T17:15:21.132Z] [work-queue] {"queuedWork":["/iot-app-839a2/us-central1/api/boxes/ESP32_A1B2C3D4E5F6/messages/initiate-2026-09-01T17:15:21.132Z"],"queueLength":1,"runningWork":[],"workRunningCount":0}
[debug] [2026-09-01T17:15:21.132Z] [work-queue] {"queuedWork":[],"queueLength":0,"runningWork":["/iot-app-839a2/us-central1/api/boxes/ESP32_A1B2C3D4E5F6/messages/initiate-2026-09-01T17:15:21.132Z"],"workRunningCount":1}
[debug] [2026-09-01T17:15:21.132Z] Accepted request OPTIONS /iot-app-839a2/us-central1/api/boxes/ESP32_A1B2C3D4E5F6/messages/initiate --> us-central1-api
[debug] [2026-09-01T17:15:21.137Z] [functions] Runtime ready! Sending request! {"metadata":{"emulator":{"name":"functions"},"message":"[functions] Runtime ready! Sending request!"}}
[debug] [2026-09-01T17:15:21.138Z] [functions] Got req.url=/iot-app-839a2/us-central1/api/boxes/ESP32_A1B2C3D4E5F6/messages/initiate, mapping to path=/boxes/ESP32_A1B2C3D4E5F6/messages/initiate {"metadata":{"emulator":{"name":"functions"},"message":"[functions] Got req.url=/iot-app-839a2/us-central1/api/boxes/ESP32_A1B2C3D4E5F6/messages/initiate, mapping to path=/boxes/ESP32_A1B2C3D4E5F6/messages/initiate"}}
[debug] [2026-09-01T17:15:21.138Z] [worker-pool] submitRequest(triggerId=us-central1-api) {"metadata":{"emulator":{"name":"functions"},"message":"[worker-pool] submitRequest(triggerId=us-central1-api)"}}
[info] i  functions: Beginning execution of "us-central1-api" {"metadata":{"emulator":{"name":"functions"},"function":{"name":"us-central1-api"},"extension":{},"message":"Beginning execution of \"us-central1-api\""}}
[debug] [2026-09-01T17:15:21.139Z] [worker-us-central1-api-aaae1ecf-b9e0-4ef4-acc6-ebaccdbea98d]: BUSY {"metadata":{"emulator":{"name":"functions"},"function":{"name":"us-central1-api"},"extension":{},"message":"[worker-us-central1-api-aaae1ecf-b9e0-4ef4-acc6-ebaccdbea98d]: BUSY"}}
[debug] [2026-09-01T17:15:21.143Z] Finishing up request with event=pause {"metadata":{"emulator":{"name":"functions"},"function":{"name":"us-central1-api"},"extension":{},"message":"Finishing up request with event=pause"}}
[info] i  functions: Finished "us-central1-api" in 4.4602ms {"metadata":{"emulator":{"name":"functions"},"function":{"name":"us-central1-api"},"extension":{},"message":"Finished \"us-central1-api\" in 4.4602ms"}}
[debug] [2026-09-01T17:15:21.146Z] [worker-us-central1-api-aaae1ecf-b9e0-4ef4-acc6-ebaccdbea98d]: IDLE {"metadata":{"emulator":{"name":"functions"},"function":{"name":"us-central1-api"},"extension":{},"message":"[worker-us-central1-api-aaae1ecf-b9e0-4ef4-acc6-ebaccdbea98d]: IDLE"}}
[debug] [2026-09-01T17:15:21.146Z] Finishing up request with event=finish {"metadata":{"emulator":{"name":"functions"},"function":{"name":"us-central1-api"},"extension":{},"message":"Finishing up request with event=finish"}}
[debug] [2026-09-01T17:15:21.146Z] Finishing up request with event=close {"metadata":{"emulator":{"name":"functions"},"function":{"name":"us-central1-api"},"extension":{},"message":"Finishing up request with event=close"}}
[debug] [2026-09-01T17:15:21.146Z] [work-queue] {"queuedWork":[],"queueLength":0,"runningWork":[],"workRunningCount":0}
[debug] [2026-09-01T17:15:21.148Z] [work-queue] {"queuedWork":["/iot-app-839a2/us-central1/api/boxes/ESP32_A1B2C3D4E5F6/messages/initiate-2026-09-01T17:15:21.148Z"],"queueLength":1,"runningWork":[],"workRunningCount":0}
[debug] [2026-09-01T17:15:21.149Z] [work-queue] {"queuedWork":[],"queueLength":0,"runningWork":["/iot-app-839a2/us-central1/api/boxes/ESP32_A1B2C3D4E5F6/messages/initiate-2026-09-01T17:15:21.148Z"],"workRunningCount":1}
[debug] [2026-09-01T17:15:21.149Z] Accepted request POST /iot-app-839a2/us-central1/api/boxes/ESP32_A1B2C3D4E5F6/messages/initiate --> us-central1-api
[debug] [2026-09-01T17:15:21.157Z] [functions] Runtime ready! Sending request! {"metadata":{"emulator":{"name":"functions"},"message":"[functions] Runtime ready! Sending request!"}}
[debug] [2026-09-01T17:15:21.157Z] [functions] Got req.url=/iot-app-839a2/us-central1/api/boxes/ESP32_A1B2C3D4E5F6/messages/initiate, mapping to path=/boxes/ESP32_A1B2C3D4E5F6/messages/initiate {"metadata":{"emulator":{"name":"functions"},"message":"[functions] Got req.url=/iot-app-839a2/us-central1/api/boxes/ESP32_A1B2C3D4E5F6/messages/initiate, mapping to path=/boxes/ESP32_A1B2C3D4E5F6/messages/initiate"}}
[debug] [2026-09-01T17:15:21.157Z] [worker-pool] submitRequest(triggerId=us-central1-api) {"metadata":{"emulator":{"name":"functions"},"message":"[worker-pool] submitRequest(triggerId=us-central1-api)"}}
[info] i  functions: Beginning execution of "us-central1-api" {"metadata":{"emulator":{"name":"functions"},"function":{"name":"us-central1-api"},"extension":{},"message":"Beginning execution of \"us-central1-api\""}}
[debug] [2026-09-01T17:15:21.160Z] [worker-us-central1-api-aaae1ecf-b9e0-4ef4-acc6-ebaccdbea98d]: BUSY {"metadata":{"emulator":{"name":"functions"},"function":{"name":"us-central1-api"},"extension":{},"message":"[worker-us-central1-api-aaae1ecf-b9e0-4ef4-acc6-ebaccdbea98d]: BUSY"}}
[debug] [2026-09-01T17:15:21.425Z] Finishing up request with event=pause {"metadata":{"emulator":{"name":"functions"},"function":{"name":"us-central1-api"},"extension":{},"message":"Finishing up request with event=pause"}}
[info] i  functions: Finished "us-central1-api" in 265.2166ms {"metadata":{"emulator":{"name":"functions"},"function":{"name":"us-central1-api"},"extension":{},"message":"Finished \"us-central1-api\" in 265.2166ms"}}
[debug] [2026-09-01T17:15:21.429Z] [worker-us-central1-api-aaae1ecf-b9e0-4ef4-acc6-ebaccdbea98d]: IDLE {"metadata":{"emulator":{"name":"functions"},"function":{"name":"us-central1-api"},"extension":{},"message":"[worker-us-central1-api-aaae1ecf-b9e0-4ef4-acc6-ebaccdbea98d]: IDLE"}}
[debug] [2026-09-01T17:15:21.430Z] Finishing up request with event=finish {"metadata":{"emulator":{"name":"functions"},"function":{"name":"us-central1-api"},"extension":{},"message":"Finishing up request with event=finish"}}
[debug] [2026-09-01T17:15:21.430Z] Finishing up request with event=close {"metadata":{"emulator":{"name":"functions"},"function":{"name":"us-central1-api"},"extension":{},"message":"Finishing up request with event=close"}}
[debug] [2026-09-01T17:15:21.430Z] [work-queue] {"queuedWork":[],"queueLength":0,"runningWork":[],"workRunningCount":0}
[debug] [2026-09-01T17:15:25.686Z] [work-queue] {"queuedWork":["/iot-app-839a2/us-central1/api/boxes/ESP32_A1B2C3D4E5F6/messages/confirm-2026-09-01T17:15:25.686Z"],"queueLength":1,"runningWork":[],"workRunningCount":0}
[debug] [2026-09-01T17:15:25.686Z] [work-queue] {"queuedWork":[],"queueLength":0,"runningWork":["/iot-app-839a2/us-central1/api/boxes/ESP32_A1B2C3D4E5F6/messages/confirm-2026-09-01T17:15:25.686Z"],"workRunningCount":1}
[debug] [2026-09-01T17:15:25.686Z] Accepted request OPTIONS /iot-app-839a2/us-central1/api/boxes/ESP32_A1B2C3D4E5F6/messages/confirm --> us-central1-api
[debug] [2026-09-01T17:15:25.687Z] [functions] Runtime ready! Sending request! {"metadata":{"emulator":{"name":"functions"},"message":"[functions] Runtime ready! Sending request!"}}
[debug] [2026-09-01T17:15:25.688Z] [functions] Got req.url=/iot-app-839a2/us-central1/api/boxes/ESP32_A1B2C3D4E5F6/messages/confirm, mapping to path=/boxes/ESP32_A1B2C3D4E5F6/messages/confirm {"metadata":{"emulator":{"name":"functions"},"message":"[functions] Got req.url=/iot-app-839a2/us-central1/api/boxes/ESP32_A1B2C3D4E5F6/messages/confirm, mapping to path=/boxes/ESP32_A1B2C3D4E5F6/messages/confirm"}}
[debug] [2026-09-01T17:15:25.688Z] [worker-pool] submitRequest(triggerId=us-central1-api) {"metadata":{"emulator":{"name":"functions"},"message":"[worker-pool] submitRequest(triggerId=us-central1-api)"}}
[info] i  functions: Beginning execution of "us-central1-api" {"metadata":{"emulator":{"name":"functions"},"function":{"name":"us-central1-api"},"extension":{},"message":"Beginning execution of \"us-central1-api\""}}
[debug] [2026-09-01T17:15:25.688Z] [worker-us-central1-api-aaae1ecf-b9e0-4ef4-acc6-ebaccdbea98d]: BUSY {"metadata":{"emulator":{"name":"functions"},"function":{"name":"us-central1-api"},"extension":{},"message":"[worker-us-central1-api-aaae1ecf-b9e0-4ef4-acc6-ebaccdbea98d]: BUSY"}}
[debug] [2026-09-01T17:15:25.691Z] Finishing up request with event=pause {"metadata":{"emulator":{"name":"functions"},"function":{"name":"us-central1-api"},"extension":{},"message":"Finishing up request with event=pause"}}
[info] i  functions: Finished "us-central1-api" in 3.5671ms {"metadata":{"emulator":{"name":"functions"},"function":{"name":"us-central1-api"},"extension":{},"message":"Finished \"us-central1-api\" in 3.5671ms"}}
[debug] [2026-09-01T17:15:25.692Z] [worker-us-central1-api-aaae1ecf-b9e0-4ef4-acc6-ebaccdbea98d]: IDLE {"metadata":{"emulator":{"name":"functions"},"function":{"name":"us-central1-api"},"extension":{},"message":"[worker-us-central1-api-aaae1ecf-b9e0-4ef4-acc6-ebaccdbea98d]: IDLE"}}
[debug] [2026-09-01T17:15:25.692Z] Finishing up request with event=finish {"metadata":{"emulator":{"name":"functions"},"function":{"name":"us-central1-api"},"extension":{},"message":"Finishing up request with event=finish"}}
[debug] [2026-09-01T17:15:25.693Z] Finishing up request with event=close {"metadata":{"emulator":{"name":"functions"},"function":{"name":"us-central1-api"},"extension":{},"message":"Finishing up request with event=close"}}
[debug] [2026-09-01T17:15:25.693Z] [work-queue] {"queuedWork":[],"queueLength":0,"runningWork":[],"workRunningCount":0}
[debug] [2026-09-01T17:15:25.696Z] [work-queue] {"queuedWork":["/iot-app-839a2/us-central1/api/boxes/ESP32_A1B2C3D4E5F6/messages/confirm-2026-09-01T17:15:25.696Z"],"queueLength":1,"runningWork":[],"workRunningCount":0}
[debug] [2026-09-01T17:15:25.696Z] [work-queue] {"queuedWork":[],"queueLength":0,"runningWork":["/iot-app-839a2/us-central1/api/boxes/ESP32_A1B2C3D4E5F6/messages/confirm-2026-09-01T17:15:25.696Z"],"workRunningCount":1}
[debug] [2026-09-01T17:15:25.696Z] Accepted request POST /iot-app-839a2/us-central1/api/boxes/ESP32_A1B2C3D4E5F6/messages/confirm --> us-central1-api
[debug] [2026-09-01T17:15:25.697Z] [functions] Runtime ready! Sending request! {"metadata":{"emulator":{"name":"functions"},"message":"[functions] Runtime ready! Sending request!"}}
[debug] [2026-09-01T17:15:25.697Z] [functions] Got req.url=/iot-app-839a2/us-central1/api/boxes/ESP32_A1B2C3D4E5F6/messages/confirm, mapping to path=/boxes/ESP32_A1B2C3D4E5F6/messages/confirm {"metadata":{"emulator":{"name":"functions"},"message":"[functions] Got req.url=/iot-app-839a2/us-central1/api/boxes/ESP32_A1B2C3D4E5F6/messages/confirm, mapping to path=/boxes/ESP32_A1B2C3D4E5F6/messages/confirm"}}
[debug] [2026-09-01T17:15:25.697Z] [worker-pool] submitRequest(triggerId=us-central1-api) {"metadata":{"emulator":{"name":"functions"},"message":"[worker-pool] submitRequest(triggerId=us-central1-api)"}}
[info] i  functions: Beginning execution of "us-central1-api" {"metadata":{"emulator":{"name":"functions"},"function":{"name":"us-central1-api"},"extension":{},"message":"Beginning execution of \"us-central1-api\""}}
[debug] [2026-09-01T17:15:25.698Z] [worker-us-central1-api-aaae1ecf-b9e0-4ef4-acc6-ebaccdbea98d]: BUSY {"metadata":{"emulator":{"name":"functions"},"function":{"name":"us-central1-api"},"extension":{},"message":"[worker-us-central1-api-aaae1ecf-b9e0-4ef4-acc6-ebaccdbea98d]: BUSY"}}
[warn] !  Google API requested!
   - URL: "https://storage.googleapis.com/storage/v1/b/iot-app-839a2.firebasestorage.app/o/media%2FESP32_A1B2C3D4E5F6%2Fmsg_1788282921413%2Fvideo.bin?"
   - Be careful, this may be a production service. {"metadata":{"emulator":{"name":"functions"},"function":{"name":"us-central1-api"},"extension":{},"message":"Google API requested!\n   - URL: \"https://storage.googleapis.com/storage/v1/b/iot-app-839a2.firebasestorage.app/o/media%2FESP32_A1B2C3D4E5F6%2Fmsg_1788282921413%2Fvideo.bin?\"\n   - Be careful, this may be a production service."}}
[warn] !  Google API requested!
   - URL: "https://storage.googleapis.com/storage/v1/b/iot-app-839a2.firebasestorage.app/o/media%2FESP32_A1B2C3D4E5F6%2Fmsg_1788282921413%2Fvoice.wav?"
   - Be careful, this may be a production service. {"metadata":{"emulator":{"name":"functions"},"function":{"name":"us-central1-api"},"extension":{},"message":"Google API requested!\n   - URL: \"https://storage.googleapis.com/storage/v1/b/iot-app-839a2.firebasestorage.app/o/media%2FESP32_A1B2C3D4E5F6%2Fmsg_1788282921413%2Fvoice.wav?\"\n   - Be careful, this may be a production service."}}
[warn] !  Google API requested!
   - URL: "https://storage.googleapis.com/storage/v1/b/iot-app-839a2.firebasestorage.app/o/media%2FESP32_A1B2C3D4E5F6%2Fmsg_1788282921413%2Fthumb.jpg?"
   - Be careful, this may be a production service. {"metadata":{"emulator":{"name":"functions"},"function":{"name":"us-central1-api"},"extension":{},"message":"Google API requested!\n   - URL: \"https://storage.googleapis.com/storage/v1/b/iot-app-839a2.firebasestorage.app/o/media%2FESP32_A1B2C3D4E5F6%2Fmsg_1788282921413%2Fthumb.jpg?\"\n   - Be careful, this may be a production service."}}
[warn] !  Google API requested!
   - URL: "https://storage.googleapis.com/storage/v1/b/iot-app-839a2.firebasestorage.app/o/media%2FESP32_A1B2C3D4E5F6%2Fmsg_1788282921413%2Foriginal.mp4?"
   - Be careful, this may be a production service. {"metadata":{"emulator":{"name":"functions"},"function":{"name":"us-central1-api"},"extension":{},"message":"Google API requested!\n   - URL: \"https://storage.googleapis.com/storage/v1/b/iot-app-839a2.firebasestorage.app/o/media%2FESP32_A1B2C3D4E5F6%2Fmsg_1788282921413%2Foriginal.mp4?\"\n   - Be careful, this may be a production service."}}
[debug] [2026-09-01T17:15:29.677Z] Finishing up request with event=pause {"metadata":{"emulator":{"name":"functions"},"function":{"name":"us-central1-api"},"extension":{},"message":"Finishing up request with event=pause"}}
[info] i  functions: Finished "us-central1-api" in 3979.8156ms {"metadata":{"emulator":{"name":"functions"},"function":{"name":"us-central1-api"},"extension":{},"message":"Finished \"us-central1-api\" in 3979.8156ms"}}
[debug] [2026-09-01T17:15:29.680Z] [worker-us-central1-api-aaae1ecf-b9e0-4ef4-acc6-ebaccdbea98d]: IDLE {"metadata":{"emulator":{"name":"functions"},"function":{"name":"us-central1-api"},"extension":{},"message":"[worker-us-central1-api-aaae1ecf-b9e0-4ef4-acc6-ebaccdbea98d]: IDLE"}}
[debug] [2026-09-01T17:15:29.681Z] Finishing up request with event=finish {"metadata":{"emulator":{"name":"functions"},"function":{"name":"us-central1-api"},"extension":{},"message":"Finishing up request with event=finish"}}
[debug] [2026-09-01T17:15:29.681Z] Finishing up request with event=close {"metadata":{"emulator":{"name":"functions"},"function":{"name":"us-central1-api"},"extension":{},"message":"Finishing up request with event=close"}}
[debug] [2026-09-01T17:15:29.682Z] [work-queue] {"queuedWork":[],"queueLength":0,"runningWork":[],"workRunningCount":0}
[debug] [2026-09-01T17:20:08.063Z] [work-queue] {"queuedWork":["/iot-app-839a2/us-central1/api/boxes/ESP32_A1B2C3D4E5F6/messages/initiate-2026-09-01T17:20:08.063Z"],"queueLength":1,"runningWork":[],"workRunningCount":0}
[debug] [2026-09-01T17:20:08.063Z] [work-queue] {"queuedWork":[],"queueLength":0,"runningWork":["/iot-app-839a2/us-central1/api/boxes/ESP32_A1B2C3D4E5F6/messages/initiate-2026-09-01T17:20:08.063Z"],"workRunningCount":1}
[debug] [2026-09-01T17:20:08.063Z] Accepted request OPTIONS /iot-app-839a2/us-central1/api/boxes/ESP32_A1B2C3D4E5F6/messages/initiate --> us-central1-api
[debug] [2026-09-01T17:20:08.066Z] [functions] Runtime ready! Sending request! {"metadata":{"emulator":{"name":"functions"},"message":"[functions] Runtime ready! Sending request!"}}
[debug] [2026-09-01T17:20:08.067Z] [functions] Got req.url=/iot-app-839a2/us-central1/api/boxes/ESP32_A1B2C3D4E5F6/messages/initiate, mapping to path=/boxes/ESP32_A1B2C3D4E5F6/messages/initiate {"metadata":{"emulator":{"name":"functions"},"message":"[functions] Got req.url=/iot-app-839a2/us-central1/api/boxes/ESP32_A1B2C3D4E5F6/messages/initiate, mapping to path=/boxes/ESP32_A1B2C3D4E5F6/messages/initiate"}}
[debug] [2026-09-01T17:20:08.067Z] [worker-pool] submitRequest(triggerId=us-central1-api) {"metadata":{"emulator":{"name":"functions"},"message":"[worker-pool] submitRequest(triggerId=us-central1-api)"}}
[info] i  functions: Beginning execution of "us-central1-api" {"metadata":{"emulator":{"name":"functions"},"function":{"name":"us-central1-api"},"extension":{},"message":"Beginning execution of \"us-central1-api\""}}
[debug] [2026-09-01T17:20:08.069Z] [worker-us-central1-api-aaae1ecf-b9e0-4ef4-acc6-ebaccdbea98d]: BUSY {"metadata":{"emulator":{"name":"functions"},"function":{"name":"us-central1-api"},"extension":{},"message":"[worker-us-central1-api-aaae1ecf-b9e0-4ef4-acc6-ebaccdbea98d]: BUSY"}}
[debug] [2026-09-01T17:20:08.073Z] Finishing up request with event=pause {"metadata":{"emulator":{"name":"functions"},"function":{"name":"us-central1-api"},"extension":{},"message":"Finishing up request with event=pause"}}
[info] i  functions: Finished "us-central1-api" in 4.6253ms {"metadata":{"emulator":{"name":"functions"},"function":{"name":"us-central1-api"},"extension":{},"message":"Finished \"us-central1-api\" in 4.6253ms"}}
[debug] [2026-09-01T17:20:08.074Z] [worker-us-central1-api-aaae1ecf-b9e0-4ef4-acc6-ebaccdbea98d]: IDLE {"metadata":{"emulator":{"name":"functions"},"function":{"name":"us-central1-api"},"extension":{},"message":"[worker-us-central1-api-aaae1ecf-b9e0-4ef4-acc6-ebaccdbea98d]: IDLE"}}
[debug] [2026-09-01T17:20:08.074Z] Finishing up request with event=finish {"metadata":{"emulator":{"name":"functions"},"function":{"name":"us-central1-api"},"extension":{},"message":"Finishing up request with event=finish"}}
[debug] [2026-09-01T17:20:08.075Z] Finishing up request with event=close {"metadata":{"emulator":{"name":"functions"},"function":{"name":"us-central1-api"},"extension":{},"message":"Finishing up request with event=close"}}
[debug] [2026-09-01T17:20:08.075Z] [work-queue] {"queuedWork":[],"queueLength":0,"runningWork":[],"workRunningCount":0}
[debug] [2026-09-01T17:20:08.078Z] [work-queue] {"queuedWork":["/iot-app-839a2/us-central1/api/boxes/ESP32_A1B2C3D4E5F6/messages/initiate-2026-09-01T17:20:08.078Z"],"queueLength":1,"runningWork":[],"workRunningCount":0}
[debug] [2026-09-01T17:20:08.079Z] [work-queue] {"queuedWork":[],"queueLength":0,"runningWork":["/iot-app-839a2/us-central1/api/boxes/ESP32_A1B2C3D4E5F6/messages/initiate-2026-09-01T17:20:08.078Z"],"workRunningCount":1}
[debug] [2026-09-01T17:20:08.079Z] Accepted request POST /iot-app-839a2/us-central1/api/boxes/ESP32_A1B2C3D4E5F6/messages/initiate --> us-central1-api
[debug] [2026-09-01T17:20:08.085Z] [functions] Runtime ready! Sending request! {"metadata":{"emulator":{"name":"functions"},"message":"[functions] Runtime ready! Sending request!"}}
[debug] [2026-09-01T17:20:08.085Z] [functions] Got req.url=/iot-app-839a2/us-central1/api/boxes/ESP32_A1B2C3D4E5F6/messages/initiate, mapping to path=/boxes/ESP32_A1B2C3D4E5F6/messages/initiate {"metadata":{"emulator":{"name":"functions"},"message":"[functions] Got req.url=/iot-app-839a2/us-central1/api/boxes/ESP32_A1B2C3D4E5F6/messages/initiate, mapping to path=/boxes/ESP32_A1B2C3D4E5F6/messages/initiate"}}
[debug] [2026-09-01T17:20:08.085Z] [worker-pool] submitRequest(triggerId=us-central1-api) {"metadata":{"emulator":{"name":"functions"},"message":"[worker-pool] submitRequest(triggerId=us-central1-api)"}}
[info] i  functions: Beginning execution of "us-central1-api" {"metadata":{"emulator":{"name":"functions"},"function":{"name":"us-central1-api"},"extension":{},"message":"Beginning execution of \"us-central1-api\""}}
[debug] [2026-09-01T17:20:08.087Z] [worker-us-central1-api-aaae1ecf-b9e0-4ef4-acc6-ebaccdbea98d]: BUSY {"metadata":{"emulator":{"name":"functions"},"function":{"name":"us-central1-api"},"extension":{},"message":"[worker-us-central1-api-aaae1ecf-b9e0-4ef4-acc6-ebaccdbea98d]: BUSY"}}
[debug] [2026-09-01T17:20:08.329Z] Finishing up request with event=pause {"metadata":{"emulator":{"name":"functions"},"function":{"name":"us-central1-api"},"extension":{},"message":"Finishing up request with event=pause"}}
[info] i  functions: Finished "us-central1-api" in 242.0161ms {"metadata":{"emulator":{"name":"functions"},"function":{"name":"us-central1-api"},"extension":{},"message":"Finished \"us-central1-api\" in 242.0161ms"}}
[debug] [2026-09-01T17:20:08.330Z] [worker-us-central1-api-aaae1ecf-b9e0-4ef4-acc6-ebaccdbea98d]: IDLE {"metadata":{"emulator":{"name":"functions"},"function":{"name":"us-central1-api"},"extension":{},"message":"[worker-us-central1-api-aaae1ecf-b9e0-4ef4-acc6-ebaccdbea98d]: IDLE"}}
[debug] [2026-09-01T17:20:08.330Z] Finishing up request with event=finish {"metadata":{"emulator":{"name":"functions"},"function":{"name":"us-central1-api"},"extension":{},"message":"Finishing up request with event=finish"}}
[debug] [2026-09-01T17:20:08.331Z] Finishing up request with event=close {"metadata":{"emulator":{"name":"functions"},"function":{"name":"us-central1-api"},"extension":{},"message":"Finishing up request with event=close"}}
[debug] [2026-09-01T17:20:08.331Z] [work-queue] {"queuedWork":[],"queueLength":0,"runningWork":[],"workRunningCount":0}
[debug] [2026-09-01T17:20:13.151Z] [work-queue] {"queuedWork":["/iot-app-839a2/us-central1/api/boxes/ESP32_A1B2C3D4E5F6/messages/confirm-2026-09-01T17:20:13.150Z"],"queueLength":1,"runningWork":[],"workRunningCount":0}
[debug] [2026-09-01T17:20:13.151Z] [work-queue] {"queuedWork":[],"queueLength":0,"runningWork":["/iot-app-839a2/us-central1/api/boxes/ESP32_A1B2C3D4E5F6/messages/confirm-2026-09-01T17:20:13.150Z"],"workRunningCount":1}
[debug] [2026-09-01T17:20:13.151Z] Accepted request OPTIONS /iot-app-839a2/us-central1/api/boxes/ESP32_A1B2C3D4E5F6/messages/confirm --> us-central1-api
[debug] [2026-09-01T17:20:13.152Z] [functions] Runtime ready! Sending request! {"metadata":{"emulator":{"name":"functions"},"message":"[functions] Runtime ready! Sending request!"}}
[debug] [2026-09-01T17:20:13.152Z] [functions] Got req.url=/iot-app-839a2/us-central1/api/boxes/ESP32_A1B2C3D4E5F6/messages/confirm, mapping to path=/boxes/ESP32_A1B2C3D4E5F6/messages/confirm {"metadata":{"emulator":{"name":"functions"},"message":"[functions] Got req.url=/iot-app-839a2/us-central1/api/boxes/ESP32_A1B2C3D4E5F6/messages/confirm, mapping to path=/boxes/ESP32_A1B2C3D4E5F6/messages/confirm"}}
[debug] [2026-09-01T17:20:13.153Z] [worker-pool] submitRequest(triggerId=us-central1-api) {"metadata":{"emulator":{"name":"functions"},"message":"[worker-pool] submitRequest(triggerId=us-central1-api)"}}
[info] i  functions: Beginning execution of "us-central1-api" {"metadata":{"emulator":{"name":"functions"},"function":{"name":"us-central1-api"},"extension":{},"message":"Beginning execution of \"us-central1-api\""}}
[debug] [2026-09-01T17:20:13.153Z] [worker-us-central1-api-aaae1ecf-b9e0-4ef4-acc6-ebaccdbea98d]: BUSY {"metadata":{"emulator":{"name":"functions"},"function":{"name":"us-central1-api"},"extension":{},"message":"[worker-us-central1-api-aaae1ecf-b9e0-4ef4-acc6-ebaccdbea98d]: BUSY"}}
[debug] [2026-09-01T17:20:13.157Z] Finishing up request with event=pause {"metadata":{"emulator":{"name":"functions"},"function":{"name":"us-central1-api"},"extension":{},"message":"Finishing up request with event=pause"}}
[info] i  functions: Finished "us-central1-api" in 3.9546ms {"metadata":{"emulator":{"name":"functions"},"function":{"name":"us-central1-api"},"extension":{},"message":"Finished \"us-central1-api\" in 3.9546ms"}}
[debug] [2026-09-01T17:20:13.158Z] [worker-us-central1-api-aaae1ecf-b9e0-4ef4-acc6-ebaccdbea98d]: IDLE {"metadata":{"emulator":{"name":"functions"},"function":{"name":"us-central1-api"},"extension":{},"message":"[worker-us-central1-api-aaae1ecf-b9e0-4ef4-acc6-ebaccdbea98d]: IDLE"}}
[debug] [2026-09-01T17:20:13.158Z] Finishing up request with event=finish {"metadata":{"emulator":{"name":"functions"},"function":{"name":"us-central1-api"},"extension":{},"message":"Finishing up request with event=finish"}}
[debug] [2026-09-01T17:20:13.158Z] Finishing up request with event=close {"metadata":{"emulator":{"name":"functions"},"function":{"name":"us-central1-api"},"extension":{},"message":"Finishing up request with event=close"}}
[debug] [2026-09-01T17:20:13.158Z] [work-queue] {"queuedWork":[],"queueLength":0,"runningWork":[],"workRunningCount":0}
[debug] [2026-09-01T17:20:13.162Z] [work-queue] {"queuedWork":["/iot-app-839a2/us-central1/api/boxes/ESP32_A1B2C3D4E5F6/messages/confirm-2026-09-01T17:20:13.162Z"],"queueLength":1,"runningWork":[],"workRunningCount":0}
[debug] [2026-09-01T17:20:13.162Z] [work-queue] {"queuedWork":[],"queueLength":0,"runningWork":["/iot-app-839a2/us-central1/api/boxes/ESP32_A1B2C3D4E5F6/messages/confirm-2026-09-01T17:20:13.162Z"],"workRunningCount":1}
[debug] [2026-09-01T17:20:13.162Z] Accepted request POST /iot-app-839a2/us-central1/api/boxes/ESP32_A1B2C3D4E5F6/messages/confirm --> us-central1-api
[debug] [2026-09-01T17:20:13.163Z] [functions] Runtime ready! Sending request! {"metadata":{"emulator":{"name":"functions"},"message":"[functions] Runtime ready! Sending request!"}}
[debug] [2026-09-01T17:20:13.163Z] [functions] Got req.url=/iot-app-839a2/us-central1/api/boxes/ESP32_A1B2C3D4E5F6/messages/confirm, mapping to path=/boxes/ESP32_A1B2C3D4E5F6/messages/confirm {"metadata":{"emulator":{"name":"functions"},"message":"[functions] Got req.url=/iot-app-839a2/us-central1/api/boxes/ESP32_A1B2C3D4E5F6/messages/confirm, mapping to path=/boxes/ESP32_A1B2C3D4E5F6/messages/confirm"}}
[debug] [2026-09-01T17:20:13.163Z] [worker-pool] submitRequest(triggerId=us-central1-api) {"metadata":{"emulator":{"name":"functions"},"message":"[worker-pool] submitRequest(triggerId=us-central1-api)"}}
[info] i  functions: Beginning execution of "us-central1-api" {"metadata":{"emulator":{"name":"functions"},"function":{"name":"us-central1-api"},"extension":{},"message":"Beginning execution of \"us-central1-api\""}}
[debug] [2026-09-01T17:20:13.164Z] [worker-us-central1-api-aaae1ecf-b9e0-4ef4-acc6-ebaccdbea98d]: BUSY {"metadata":{"emulator":{"name":"functions"},"function":{"name":"us-central1-api"},"extension":{},"message":"[worker-us-central1-api-aaae1ecf-b9e0-4ef4-acc6-ebaccdbea98d]: BUSY"}}
[warn] !  Google API requested!
   - URL: "https://storage.googleapis.com/storage/v1/b/iot-app-839a2.firebasestorage.app/o/media%2FESP32_A1B2C3D4E5F6%2Fmsg_1788283208316%2Fvideo.bin?"
   - Be careful, this may be a production service. {"metadata":{"emulator":{"name":"functions"},"function":{"name":"us-central1-api"},"extension":{},"message":"Google API requested!\n   - URL: \"https://storage.googleapis.com/storage/v1/b/iot-app-839a2.firebasestorage.app/o/media%2FESP32_A1B2C3D4E5F6%2Fmsg_1788283208316%2Fvideo.bin?\"\n   - Be careful, this may be a production service."}}
[warn] !  Google API requested!
   - URL: "https://storage.googleapis.com/storage/v1/b/iot-app-839a2.firebasestorage.app/o/media%2FESP32_A1B2C3D4E5F6%2Fmsg_1788283208316%2Fvoice.wav?"
   - Be careful, this may be a production service. {"metadata":{"emulator":{"name":"functions"},"function":{"name":"us-central1-api"},"extension":{},"message":"Google API requested!\n   - URL: \"https://storage.googleapis.com/storage/v1/b/iot-app-839a2.firebasestorage.app/o/media%2FESP32_A1B2C3D4E5F6%2Fmsg_1788283208316%2Fvoice.wav?\"\n   - Be careful, this may be a production service."}}
[warn] !  Google API requested!
   - URL: "https://storage.googleapis.com/storage/v1/b/iot-app-839a2.firebasestorage.app/o/media%2FESP32_A1B2C3D4E5F6%2Fmsg_1788283208316%2Fthumb.jpg?"
   - Be careful, this may be a production service. {"metadata":{"emulator":{"name":"functions"},"function":{"name":"us-central1-api"},"extension":{},"message":"Google API requested!\n   - URL: \"https://storage.googleapis.com/storage/v1/b/iot-app-839a2.firebasestorage.app/o/media%2FESP32_A1B2C3D4E5F6%2Fmsg_1788283208316%2Fthumb.jpg?\"\n   - Be careful, this may be a production service."}}
[warn] !  Google API requested!
   - URL: "https://storage.googleapis.com/storage/v1/b/iot-app-839a2.firebasestorage.app/o/media%2FESP32_A1B2C3D4E5F6%2Fmsg_1788283208316%2Foriginal.mp4?"
   - Be careful, this may be a production service. {"metadata":{"emulator":{"name":"functions"},"function":{"name":"us-central1-api"},"extension":{},"message":"Google API requested!\n   - URL: \"https://storage.googleapis.com/storage/v1/b/iot-app-839a2.firebasestorage.app/o/media%2FESP32_A1B2C3D4E5F6%2Fmsg_1788283208316%2Foriginal.mp4?\"\n   - Be careful, this may be a production service."}}
[debug] [2026-09-01T17:20:20.138Z] Finishing up request with event=pause {"metadata":{"emulator":{"name":"functions"},"function":{"name":"us-central1-api"},"extension":{},"message":"Finishing up request with event=pause"}}
[info] i  functions: Finished "us-central1-api" in 6974.4682ms {"metadata":{"emulator":{"name":"functions"},"function":{"name":"us-central1-api"},"extension":{},"message":"Finished \"us-central1-api\" in 6974.4682ms"}}
[debug] [2026-09-01T17:20:20.139Z] [worker-us-central1-api-aaae1ecf-b9e0-4ef4-acc6-ebaccdbea98d]: IDLE {"metadata":{"emulator":{"name":"functions"},"function":{"name":"us-central1-api"},"extension":{},"message":"[worker-us-central1-api-aaae1ecf-b9e0-4ef4-acc6-ebaccdbea98d]: IDLE"}}
[debug] [2026-09-01T17:20:20.139Z] Finishing up request with event=finish {"metadata":{"emulator":{"name":"functions"},"function":{"name":"us-central1-api"},"extension":{},"message":"Finishing up request with event=finish"}}
[debug] [2026-09-01T17:20:20.139Z] Finishing up request with event=close {"metadata":{"emulator":{"name":"functions"},"function":{"name":"us-central1-api"},"extension":{},"message":"Finishing up request with event=close"}}
[debug] [2026-09-01T17:20:20.139Z] [work-queue] {"queuedWork":[],"queueLength":0,"runningWork":[],"workRunningCount":0}
[debug] [2026-09-02T02:09:49.045Z] ----------------------------------------------------------------------
[debug] [2026-09-02T02:09:49.050Z] Command:       C:\Program Files\nodejs\node.exe C:\Users\phamp\AppData\Roaming\npm\node_modules\firebase-tools\lib\bin\firebase.js emulators:start --only functions
[debug] [2026-09-02T02:09:49.051Z] CLI Version:   15.22.4
[debug] [2026-09-02T02:09:49.051Z] Platform:      win32
[debug] [2026-09-02T02:09:49.051Z] Node Version:  v25.0.0
[debug] [2026-09-02T02:09:49.051Z] Detected Agent: unknown
[debug] [2026-09-02T02:09:49.052Z] Time:          Wed Sep 02 2026 09:09:49 GMT+0700 (Indochina Time)
[debug] [2026-09-02T02:09:49.052Z] ----------------------------------------------------------------------
[debug] 
[debug] [2026-09-02T02:09:53.914Z] > command requires scopes: ["email","openid","https://www.googleapis.com/auth/cloudplatformprojects.readonly","https://www.googleapis.com/auth/firebase","https://www.googleapis.com/auth/cloud-platform"]
[debug] [2026-09-02T02:09:53.915Z] > authorizing via signed-in user (phamphong300111@gmail.com)
[info] i  emulators: Starting emulators: functions {"metadata":{"emulator":{"name":"hub"},"message":"Starting emulators: functions"}}
[debug] [2026-09-02T02:09:53.940Z] [logging] Logging Emulator only supports listening on one address (127.0.0.1). Not listening on ::1
[debug] [2026-09-02T02:09:53.941Z] assigned listening specs for emulators {"user":{"hub":[{"address":"127.0.0.1","family":"IPv4","port":4400},{"address":"::1","family":"IPv6","port":4400}],"ui":[{"address":"127.0.0.1","family":"IPv4","port":4000},{"address":"::1","family":"IPv6","port":4000}],"logging":[{"address":"127.0.0.1","family":"IPv4","port":4500}]},"metadata":{"message":"assigned listening specs for emulators"}}
[debug] [2026-09-02T02:09:53.952Z] Found emulator hub locator: {"version":"15.22.4","origins":["http://127.0.0.1:4400","http://[::1]:4400"],"pid":10220}
[debug] [2026-09-02T02:09:53.952Z] Write emulator hub locator at C:\Users\phamp\AppData\Local\Temp\hub-iot-app-839a2.json
[debug] [2026-09-02T02:09:53.978Z] [functions] Functions Emulator only supports listening on one address (127.0.0.1). Not listening on ::1
[debug] [2026-09-02T02:09:53.979Z] [eventarc] Eventarc Emulator only supports listening on one address (127.0.0.1). Not listening on ::1
[debug] [2026-09-02T02:09:53.979Z] [tasks] Cloud Tasks Emulator only supports listening on one address (127.0.0.1). Not listening on ::1
[debug] [2026-09-02T02:09:53.979Z] late-assigned ports for functions and eventarc emulators {"user":{"hub":[{"address":"127.0.0.1","family":"IPv4","port":4400},{"address":"::1","family":"IPv6","port":4400}],"ui":[{"address":"127.0.0.1","family":"IPv4","port":4000},{"address":"::1","family":"IPv6","port":4000}],"logging":[{"address":"127.0.0.1","family":"IPv4","port":4500}],"functions":[{"address":"127.0.0.1","family":"IPv4","port":5001}],"eventarc":[{"address":"127.0.0.1","family":"IPv4","port":9299}],"tasks":[{"address":"127.0.0.1","family":"IPv4","port":9499}]},"metadata":{"message":"late-assigned ports for functions and eventarc emulators"}}
[warn] !  functions: The following emulators are not running, calls to these services from the Functions emulator will affect production: apphosting, auth, firestore, database, hosting, pubsub, storage, dataconnect {"metadata":{"emulator":{"name":"functions"},"message":"The following emulators are not running, calls to these services from the Functions emulator will affect production: \u001b[1mapphosting, auth, firestore, database, hosting, pubsub, storage, dataconnect\u001b[22m"}}
[warn] !  functions: Application Default Credentials detected. Non-emulated services will access production using these credentials. Be careful! {"metadata":{"emulator":{"name":"functions"},"message":"Application Default Credentials detected. Non-emulated services will access production using these credentials. Be careful!"}}
[debug] [2026-09-02T02:09:58.442Z] Checked if tokens are valid: false, expires at: 1788278244339
[debug] [2026-09-02T02:09:58.443Z] Checked if tokens are valid: false, expires at: 1788278244339
[debug] [2026-09-02T02:09:58.443Z] > refreshing access token with scopes: []
[debug] [2026-09-02T02:09:58.446Z] >>> [apiv2][query] POST https://www.googleapis.com/oauth2/v3/token [none]
[debug] [2026-09-02T02:09:58.446Z] >>> [apiv2][body] POST https://www.googleapis.com/oauth2/v3/token [omitted]
[debug] [2026-09-02T02:09:58.703Z] <<< [apiv2][status] POST https://www.googleapis.com/oauth2/v3/token 200
[debug] [2026-09-02T02:09:58.703Z] <<< [apiv2][body] POST https://www.googleapis.com/oauth2/v3/token [omitted]
[debug] [2026-09-02T02:09:58.713Z] >>> [apiv2][query] GET https://firebase.googleapis.com/v1beta1/projects/iot-app-839a2/adminSdkConfig [none]
[debug] [2026-09-02T02:09:59.865Z] <<< [apiv2][status] GET https://firebase.googleapis.com/v1beta1/projects/iot-app-839a2/adminSdkConfig 200
[debug] [2026-09-02T02:09:59.865Z] <<< [apiv2][body] GET https://firebase.googleapis.com/v1beta1/projects/iot-app-839a2/adminSdkConfig {"projectId":"iot-app-839a2","databaseURL":"https://iot-app-839a2-default-rtdb.asia-southeast1.firebasedatabase.app","storageBucket":"iot-app-839a2.firebasestorage.app"}
[info] i  functions: Watching "P:\coddd\sendove-box\sendlove_backend" for Cloud Functions... {"metadata":{"emulator":{"name":"functions"},"message":"Watching \"P:\\coddd\\sendove-box\\sendlove_backend\" for Cloud Functions..."}}
[debug] [2026-09-02T02:09:59.923Z] Validating nodejs source
[warn] !  functions: package.json indicates an outdated version of firebase-functions. Please upgrade using npm install --save firebase-functions@latest in your functions directory. 
[warn] !  functions: Please note that there will be breaking changes when you upgrade. 
[debug] [2026-09-02T02:10:01.665Z] > [functions] package.json contents: {
  "name": "sendlove-backend",
  "version": "1.0.0",
  "description": "Sendove Box Backend (Firebase Functions)",
  "main": "lib/index.js",
  "scripts": {
    "build": "tsc",
    "serve": "npm run build && firebase emulators:start --only functions",
    "shell": "npm run build && firebase functions:shell",
    "start": "npm run shell",
    "deploy": "firebase deploy --only functions",
    "logs": "firebase functions:log",
    "test": "jest"
  },
  "engines": {
    "node": "20"
  },
  "dependencies": {
    "@ffmpeg-installer/ffmpeg": "^1.1.0",
    "cors": "^2.8.5",
    "express": "^4.19.2",
    "firebase-admin": "^12.1.0",
    "firebase-functions": "^5.1.1",
    "fluent-ffmpeg": "^2.1.3",
    "helmet": "^8.2.0",
    "sharp": "^0.33.4"
  },
  "devDependencies": {
    "@types/cors": "^2.8.17",
    "@types/express": "^4.17.21",
    "@types/fluent-ffmpeg": "^2.1.24",
    "@types/jest": "^30.0.0",
    "@types/node": "^20.12.7",
    "jest": "^30.4.2",
    "ts-jest": "^29.4.11",
    "typescript": "^5.4.5"
  },
  "private": true
}
[debug] [2026-09-02T02:10:01.665Z] Building nodejs source
[debug] [2026-09-02T02:10:01.666Z] Failed to find version of module node: reached end of search path P:\coddd\sendove-box\sendlove_backend\node_modules
[warn] !  functions: Your requested "node" version "20" doesn't match your global version "25". Using node@25 from host. 
[debug] [2026-09-02T02:10:01.668Z] Could not find functions.yaml. Must use http discovery
[debug] [2026-09-02T02:10:01.677Z] Found firebase-functions binary at 'P:\coddd\sendove-box\sendlove_backend\node_modules\.bin\firebase-functions'
[info] Serving at port 8852

[debug] [2026-09-02T02:10:03.255Z] Got response from /__/functions.yaml {"endpoints":{"api":{"platform":"gcfv1","availableMemoryMb":null,"timeoutSeconds":null,"minInstances":null,"maxInstances":null,"ingressSettings":null,"serviceAccountEmail":null,"vpc":null,"httpsTrigger":{},"entryPoint":"api"}},"specVersion":"v1alpha1","requiredAPIs":[],"extensions":{}}
[info] +  functions: Loaded functions definitions from source: api. {"metadata":{"emulator":{"name":"functions"},"message":"Loaded functions definitions from source: api."}}
[info] +  functions[us-central1-api]: http function initialized (http://127.0.0.1:5001/iot-app-839a2/us-central1/api). {"metadata":{"emulator":{"name":"functions"},"message":"\u001b[1mhttp\u001b[22m function initialized (http://127.0.0.1:5001/iot-app-839a2/us-central1/api)."}}
[debug] [2026-09-02T02:10:07.312Z] Could not find VSCode notification endpoint: FetchError: request to http://localhost:40001/vscode/notify failed, reason: . If you are not running the Firebase SQL Connect VSCode extension, this is expected and not an issue.
[info] 
┌─────────────────────────────────────────────────────────────┐
│ ✔  All emulators ready! It is now safe to connect your app. │
│ i  View Emulator UI at http://127.0.0.1:4000/               │
└─────────────────────────────────────────────────────────────┘

┌───────────┬────────────────┬─────────────────────────────────┐
│ Emulator  │ Host:Port      │ View in Emulator UI             │
├───────────┼────────────────┼─────────────────────────────────┤
│ Functions │ 127.0.0.1:5001 │ http://127.0.0.1:4000/functions │
└───────────┴────────────────┴─────────────────────────────────┘
  Emulator Hub host: 127.0.0.1 port: 4400
  Other reserved ports: 4500

Issues? Report them at https://github.com/firebase/firebase-tools/issues and attach the *-debug.log files.
 
[debug] [2026-09-02T02:15:33.844Z] [work-queue] {"queuedWork":["/iot-app-839a2/us-central1/api/users/me-2026-09-02T02:15:33.844Z"],"queueLength":1,"runningWork":[],"workRunningCount":0}
[debug] [2026-09-02T02:15:33.844Z] [work-queue] {"queuedWork":[],"queueLength":0,"runningWork":["/iot-app-839a2/us-central1/api/users/me-2026-09-02T02:15:33.844Z"],"workRunningCount":1}
[debug] [2026-09-02T02:15:33.845Z] Accepted request OPTIONS /iot-app-839a2/us-central1/api/users/me --> us-central1-api
[debug] [2026-09-02T02:15:33.847Z] [functions] Runtime ready! Sending request! {"metadata":{"emulator":{"name":"functions"},"message":"[functions] Runtime ready! Sending request!"}}
[debug] [2026-09-02T02:15:33.848Z] [functions] Got req.url=/iot-app-839a2/us-central1/api/users/me, mapping to path=/users/me {"metadata":{"emulator":{"name":"functions"},"message":"[functions] Got req.url=/iot-app-839a2/us-central1/api/users/me, mapping to path=/users/me"}}
[debug] [2026-09-02T02:15:33.862Z] [worker-pool] addWorker(us-central1-api) {"metadata":{"emulator":{"name":"functions"},"message":"[worker-pool] addWorker(us-central1-api)"}}
[debug] [2026-09-02T02:15:33.863Z] [worker-pool] Adding worker with key us-central1-api, total=1 {"metadata":{"emulator":{"name":"functions"},"message":"[worker-pool] Adding worker with key us-central1-api, total=1"}}
[debug] [2026-09-02T02:15:34.778Z] [runtime-status] [26032] Resolved module firebase-admin {"declared":true,"installed":true,"version":"12.1.0","resolution":"P:\\coddd\\sendove-box\\sendlove_backend\\node_modules\\firebase-admin\\lib\\index.js"} {"metadata":{"emulator":{"name":"functions"},"function":{"name":"us-central1-api"},"extension":{},"message":"[runtime-status] [26032] Resolved module firebase-admin {\"declared\":true,\"installed\":true,\"version\":\"12.1.0\",\"resolution\":\"P:\\\\coddd\\\\sendove-box\\\\sendlove_backend\\\\node_modules\\\\firebase-admin\\\\lib\\\\index.js\"}"}}
[debug] [2026-09-02T02:15:34.780Z] [runtime-status] [26032] Resolved module firebase-functions {"declared":true,"installed":true,"version":"5.1.1","resolution":"P:\\coddd\\sendove-box\\sendlove_backend\\node_modules\\firebase-functions\\lib\\v1\\index.js"} {"metadata":{"emulator":{"name":"functions"},"function":{"name":"us-central1-api"},"extension":{},"message":"[runtime-status] [26032] Resolved module firebase-functions {\"declared\":true,\"installed\":true,\"version\":\"5.1.1\",\"resolution\":\"P:\\\\coddd\\\\sendove-box\\\\sendlove_backend\\\\node_modules\\\\firebase-functions\\\\lib\\\\v1\\\\index.js\"}"}}
[debug] [2026-09-02T02:15:34.780Z] [runtime-status] [26032] Outgoing network have been stubbed. [{"name":"http","status":"mocked"},{"name":"http","status":"mocked"},{"name":"https","status":"mocked"},{"name":"https","status":"mocked"},{"name":"net","status":"mocked"}] {"metadata":{"emulator":{"name":"functions"},"function":{"name":"us-central1-api"},"extension":{},"message":"[runtime-status] [26032] Outgoing network have been stubbed. [{\"name\":\"http\",\"status\":\"mocked\"},{\"name\":\"http\",\"status\":\"mocked\"},{\"name\":\"https\",\"status\":\"mocked\"},{\"name\":\"https\",\"status\":\"mocked\"},{\"name\":\"net\",\"status\":\"mocked\"}]"}}
[debug] [2026-09-02T02:15:34.781Z] [runtime-status] [26032] Resolved module firebase-functions {"declared":true,"installed":true,"version":"5.1.1","resolution":"P:\\coddd\\sendove-box\\sendlove_backend\\node_modules\\firebase-functions\\lib\\v1\\index.js"} {"metadata":{"emulator":{"name":"functions"},"function":{"name":"us-central1-api"},"extension":{},"message":"[runtime-status] [26032] Resolved module firebase-functions {\"declared\":true,\"installed\":true,\"version\":\"5.1.1\",\"resolution\":\"P:\\\\coddd\\\\sendove-box\\\\sendlove_backend\\\\node_modules\\\\firebase-functions\\\\lib\\\\v1\\\\index.js\"}"}}
[debug] [2026-09-02T02:15:34.926Z] [runtime-status] [26032] Resolved module firebase-admin {"declared":true,"installed":true,"version":"12.1.0","resolution":"P:\\coddd\\sendove-box\\sendlove_backend\\node_modules\\firebase-admin\\lib\\index.js"} {"metadata":{"emulator":{"name":"functions"},"function":{"name":"us-central1-api"},"extension":{},"message":"[runtime-status] [26032] Resolved module firebase-admin {\"declared\":true,\"installed\":true,\"version\":\"12.1.0\",\"resolution\":\"P:\\\\coddd\\\\sendove-box\\\\sendlove_backend\\\\node_modules\\\\firebase-admin\\\\lib\\\\index.js\"}"}}
[debug] [2026-09-02T02:15:34.928Z] [runtime-status] [26032] Resolved module firebase-functions {"declared":true,"installed":true,"version":"5.1.1","resolution":"P:\\coddd\\sendove-box\\sendlove_backend\\node_modules\\firebase-functions\\lib\\v1\\index.js"} {"metadata":{"emulator":{"name":"functions"},"function":{"name":"us-central1-api"},"extension":{},"message":"[runtime-status] [26032] Resolved module firebase-functions {\"declared\":true,\"installed\":true,\"version\":\"5.1.1\",\"resolution\":\"P:\\\\coddd\\\\sendove-box\\\\sendlove_backend\\\\node_modules\\\\firebase-functions\\\\lib\\\\v1\\\\index.js\"}"}}
[debug] [2026-09-02T02:15:35.061Z] [runtime-status] [26032] firebase-admin has been stubbed. {"adminResolution":{"declared":true,"installed":true,"version":"12.1.0","resolution":"P:\\coddd\\sendove-box\\sendlove_backend\\node_modules\\firebase-admin\\lib\\index.js"}} {"metadata":{"emulator":{"name":"functions"},"function":{"name":"us-central1-api"},"extension":{},"message":"[runtime-status] [26032] firebase-admin has been stubbed. {\"adminResolution\":{\"declared\":true,\"installed\":true,\"version\":\"12.1.0\",\"resolution\":\"P:\\\\coddd\\\\sendove-box\\\\sendlove_backend\\\\node_modules\\\\firebase-admin\\\\lib\\\\index.js\"}}"}}
[debug] [2026-09-02T02:15:35.187Z] [runtime-status] [26032] initializeApp(DEFAULT) {"databaseURL":"https://iot-app-839a2.asia-southeast1.firebasedatabase.app","storageBucket":"iot-app-839a2.firebasestorage.app","credential":{"implicit":false,"projectId":"iot-app-839a2","privateKey":"-----BEGIN PRIVATE KEY-----\nMIIEvgIBADANBgkqhkiG9w0BAQEFAASCBKgwggSkAgEAAoIBAQCxGz2Y0ZSx/QuZ\nIDfga7kYDblvZUKxWUGtFalbnGzhO3yur+rBlmaE5ytWvvFufQhmbYHMDtFwOJ1a\n1LZFCpcSLQMTRLDfmG9dnUgb6woKX4fivJDw3G4113kEoW1S7/9TyGziKB4Zkfm+\nAuCLwbgDpEGUOXXGUs1oEjXeDDKUnTsUEm8Hc4zwQO4upnJCVTxGGdG/AEGfXpr5\nnydSBlRlxbWbY7uJCmErND1qnSTDOfbOGJrtedqVqKXd34fTh7gEX2s4rtiqJZ1J\n7B6/Iq0jtOE3Hzs0hcecsOgRqI7Iti7cb8DL70nd1QOR0waNfeHYFboBl+VQq/2n\nZHn8cXqTAgMBAAECggEAVzeFBAbh5S0qUwRMwBYMls3bbgI977x23Vf3iQfljp2O\n7y/uudrpLbXx38w0dSbZxidTbjw147/dredmw2VNtEO6afi/6bzVyxIzepwq26Tj\n9ELMVfEXzSgJjsA4aEmMQaRICq+a8xiyFmKwVeLWTeTL7sTFPR91zDR7lpgHKKvb\ntUjwZ6U+0znOflUQbUK7k4YmM4d9cKFgxkXajR7d6nfvIvdi92hseOmEsXm95NAM\n6itwGXjl5z1ArsY2nC4ostSVbgkCzXfSh2cAXiF8znBgeHm6upEW3VEpt48sS1Jl\nOvCIj1wFS77cyA79sjrjk30SGSZzfCdfS3P1taImUQKBgQDYw9/hN/N//+Yy4ibR\nsWlpupGQf7MEd+wcpuOQJdIXFoO8uwCqNvdCPEC2KcR9rKYrjlOm8wPwhYqZ3IMh\nWZvjFW4ClduA2TyR3fZsN1pFRwX6ML9wztqNpsEQ0oiW4OAnlMQsVREGlW+Qu2Eo\nTp1usjBpNcaO81F2raLGsZfyXwKBgQDRKbjEaQ1dYd+UksOxvpGs9feTbRqf4DXt\nxY13hBSM7+Y/q88aZ4symCiUyx1puKFUBzX3mqIVyJOh+BLDhDYBcLvBCsepDXmJ\nEnEndMdZ6wPZCrQZXdlpV/44rbT3PEJ4srk2EsrfIlpOyXg/WzisBJ+cm/eQoQHq\nFp6VcHLsTQKBgQDIPMkHR6RMTZvczUSG2JhD7vCgxxYbvpwCK7hzZDyaz1WKdkS6\n+GOYcAhnPlYgsegevC9SPZMaEIJkd2s614hFUXp6MOzALezh4mTMuqVM8br3zyhJ\nkQwbZjtayuEaX0kxxx8gxMQhjNGupSmvDlAn/brytZZiXyqVsvh3C38NiQKBgFKl\n0cSKXiWQDvB+LaWGT7mwV2uBqQuTZLvXW9bl8dje0nRGR0d/spkDVsW0nKKxuc2i\nK8jy6SkCYJOXmpJ3I3/eM9JLmClMkcF/8AZPNpZpLtQMTq3XT5k4k9OBkAhBX2Kh\n/F1Jf7A7usN3CHTAbtxJ12fimSgk9sSwu2kBTefhAoGBAMScHI9JeNt12YV7bM7Q\nCm9FBA2Tb/siL/WRwURabHDNeWuvmO974uw6ZTxHrwUv+rL0pn0HaQWYoIbtEKep\nDByT4Lsc7NGdyo5slrQvhwbY4xXCz3nQRWCstjw1vJ0WPXKSS3a6oz1IItr+TUhS\n0pNxK81T6JemFaeeArFLO1aV\n-----END PRIVATE KEY-----\n","clientEmail":"firebase-adminsdk-fbsvc@iot-app-839a2.iam.gserviceaccount.com","httpClient":{"retry":{"maxRetries":4,"statusCodes":[503],"ioErrorCodes":["ECONNRESET","ETIMEDOUT"],"backOffFactor":0.5,"maxDelayInMillis":60000}}}} {"metadata":{"emulator":{"name":"functions"},"function":{"name":"us-central1-api"},"extension":{},"message":"[runtime-status] [26032] initializeApp(DEFAULT) {\"databaseURL\":\"https://iot-app-839a2.asia-southeast1.firebasedatabase.app\",\"storageBucket\":\"iot-app-839a2.firebasestorage.app\",\"credential\":{\"implicit\":false,\"projectId\":\"iot-app-839a2\",\"privateKey\":\"-----BEGIN PRIVATE KEY-----\\nMIIEvgIBADANBgkqhkiG9w0BAQEFAASCBKgwggSkAgEAAoIBAQCxGz2Y0ZSx/QuZ\\nIDfga7kYDblvZUKxWUGtFalbnGzhO3yur+rBlmaE5ytWvvFufQhmbYHMDtFwOJ1a\\n1LZFCpcSLQMTRLDfmG9dnUgb6woKX4fivJDw3G4113kEoW1S7/9TyGziKB4Zkfm+\\nAuCLwbgDpEGUOXXGUs1oEjXeDDKUnTsUEm8Hc4zwQO4upnJCVTxGGdG/AEGfXpr5\\nnydSBlRlxbWbY7uJCmErND1qnSTDOfbOGJrtedqVqKXd34fTh7gEX2s4rtiqJZ1J\\n7B6/Iq0jtOE3Hzs0hcecsOgRqI7Iti7cb8DL70nd1QOR0waNfeHYFboBl+VQq/2n\\nZHn8cXqTAgMBAAECggEAVzeFBAbh5S0qUwRMwBYMls3bbgI977x23Vf3iQfljp2O\\n7y/uudrpLbXx38w0dSbZxidTbjw147/dredmw2VNtEO6afi/6bzVyxIzepwq26Tj\\n9ELMVfEXzSgJjsA4aEmMQaRICq+a8xiyFmKwVeLWTeTL7sTFPR91zDR7lpgHKKvb\\ntUjwZ6U+0znOflUQbUK7k4YmM4d9cKFgxkXajR7d6nfvIvdi92hseOmEsXm95NAM\\n6itwGXjl5z1ArsY2nC4ostSVbgkCzXfSh2cAXiF8znBgeHm6upEW3VEpt48sS1Jl\\nOvCIj1wFS77cyA79sjrjk30SGSZzfCdfS3P1taImUQKBgQDYw9/hN/N//+Yy4ibR\\nsWlpupGQf7MEd+wcpuOQJdIXFoO8uwCqNvdCPEC2KcR9rKYrjlOm8wPwhYqZ3IMh\\nWZvjFW4ClduA2TyR3fZsN1pFRwX6ML9wztqNpsEQ0oiW4OAnlMQsVREGlW+Qu2Eo\\nTp1usjBpNcaO81F2raLGsZfyXwKBgQDRKbjEaQ1dYd+UksOxvpGs9feTbRqf4DXt\\nxY13hBSM7+Y/q88aZ4symCiUyx1puKFUBzX3mqIVyJOh+BLDhDYBcLvBCsepDXmJ\\nEnEndMdZ6wPZCrQZXdlpV/44rbT3PEJ4srk2EsrfIlpOyXg/WzisBJ+cm/eQoQHq\\nFp6VcHLsTQKBgQDIPMkHR6RMTZvczUSG2JhD7vCgxxYbvpwCK7hzZDyaz1WKdkS6\\n+GOYcAhnPlYgsegevC9SPZMaEIJkd2s614hFUXp6MOzALezh4mTMuqVM8br3zyhJ\\nkQwbZjtayuEaX0kxxx8gxMQhjNGupSmvDlAn/brytZZiXyqVsvh3C38NiQKBgFKl\\n0cSKXiWQDvB+LaWGT7mwV2uBqQuTZLvXW9bl8dje0nRGR0d/spkDVsW0nKKxuc2i\\nK8jy6SkCYJOXmpJ3I3/eM9JLmClMkcF/8AZPNpZpLtQMTq3XT5k4k9OBkAhBX2Kh\\n/F1Jf7A7usN3CHTAbtxJ12fimSgk9sSwu2kBTefhAoGBAMScHI9JeNt12YV7bM7Q\\nCm9FBA2Tb/siL/WRwURabHDNeWuvmO974uw6ZTxHrwUv+rL0pn0HaQWYoIbtEKep\\nDByT4Lsc7NGdyo5slrQvhwbY4xXCz3nQRWCstjw1vJ0WPXKSS3a6oz1IItr+TUhS\\n0pNxK81T6JemFaeeArFLO1aV\\n-----END PRIVATE KEY-----\\n\",\"clientEmail\":\"firebase-adminsdk-fbsvc@iot-app-839a2.iam.gserviceaccount.com\",\"httpClient\":{\"retry\":{\"maxRetries\":4,\"statusCodes\":[503],\"ioErrorCodes\":[\"ECONNRESET\",\"ETIMEDOUT\"],\"backOffFactor\":0.5,\"maxDelayInMillis\":60000}}}}"}}
[warn] !  functions: The Realtime Database emulator is not running, so calls to Realtime Database will affect production. {"metadata":{"emulator":{"name":"functions"},"function":{"name":"us-central1-api"},"extension":{},"message":"The Realtime Database emulator is not running, so calls to Realtime Database will affect production."}}
[warn] !  functions: The Firebase Storage emulator is not running, so calls to Firebase Storage will affect production. {"metadata":{"emulator":{"name":"functions"},"function":{"name":"us-central1-api"},"extension":{},"message":"The Firebase Storage emulator is not running, so calls to Firebase Storage will affect production."}}
[debug] [2026-09-02T02:15:35.354Z] [runtime-status] [26032] Functions runtime initialized. {"cwd":"P:\\coddd\\sendove-box\\sendlove_backend","node_version":"25.0.0"} {"metadata":{"emulator":{"name":"functions"},"function":{"name":"us-central1-api"},"extension":{},"message":"[runtime-status] [26032] Functions runtime initialized. {\"cwd\":\"P:\\\\coddd\\\\sendove-box\\\\sendlove_backend\",\"node_version\":\"25.0.0\"}"}}
[debug] [2026-09-02T02:15:35.354Z] [runtime-status] [26032] Listening to port: \\?\pipe\fire_emu_5def7e82d6c51f81 {"metadata":{"emulator":{"name":"functions"},"function":{"name":"us-central1-api"},"extension":{},"message":"[runtime-status] [26032] Listening to port: \\\\?\\pipe\\fire_emu_5def7e82d6c51f81"}}
[debug] [2026-09-02T02:15:35.391Z] [worker-us-central1-api-6c25b63c-88d7-4ad3-83f8-7861ea919ec8]: IDLE {"metadata":{"emulator":{"name":"functions"},"function":{"name":"us-central1-api"},"extension":{},"message":"[worker-us-central1-api-6c25b63c-88d7-4ad3-83f8-7861ea919ec8]: IDLE"}}
[debug] [2026-09-02T02:15:35.392Z] [worker-pool] submitRequest(triggerId=us-central1-api) {"metadata":{"emulator":{"name":"functions"},"message":"[worker-pool] submitRequest(triggerId=us-central1-api)"}}
[info] i  functions: Beginning execution of "us-central1-api" {"metadata":{"emulator":{"name":"functions"},"function":{"name":"us-central1-api"},"extension":{},"message":"Beginning execution of \"us-central1-api\""}}
[debug] [2026-09-02T02:15:35.393Z] [worker-us-central1-api-6c25b63c-88d7-4ad3-83f8-7861ea919ec8]: BUSY {"metadata":{"emulator":{"name":"functions"},"function":{"name":"us-central1-api"},"extension":{},"message":"[worker-us-central1-api-6c25b63c-88d7-4ad3-83f8-7861ea919ec8]: BUSY"}}
[debug] [2026-09-02T02:15:35.399Z] Finishing up request with event=pause {"metadata":{"emulator":{"name":"functions"},"function":{"name":"us-central1-api"},"extension":{},"message":"Finishing up request with event=pause"}}
[info] i  functions: Finished "us-central1-api" in 7.2301ms {"metadata":{"emulator":{"name":"functions"},"function":{"name":"us-central1-api"},"extension":{},"message":"Finished \"us-central1-api\" in 7.2301ms"}}
[debug] [2026-09-02T02:15:35.400Z] [worker-us-central1-api-6c25b63c-88d7-4ad3-83f8-7861ea919ec8]: IDLE {"metadata":{"emulator":{"name":"functions"},"function":{"name":"us-central1-api"},"extension":{},"message":"[worker-us-central1-api-6c25b63c-88d7-4ad3-83f8-7861ea919ec8]: IDLE"}}
[debug] [2026-09-02T02:15:35.401Z] Finishing up request with event=finish {"metadata":{"emulator":{"name":"functions"},"function":{"name":"us-central1-api"},"extension":{},"message":"Finishing up request with event=finish"}}
[debug] [2026-09-02T02:15:35.401Z] Finishing up request with event=close {"metadata":{"emulator":{"name":"functions"},"function":{"name":"us-central1-api"},"extension":{},"message":"Finishing up request with event=close"}}
[debug] [2026-09-02T02:15:35.401Z] [work-queue] {"queuedWork":[],"queueLength":0,"runningWork":[],"workRunningCount":0}
[debug] [2026-09-02T02:15:35.404Z] [work-queue] {"queuedWork":["/iot-app-839a2/us-central1/api/users/me-2026-09-02T02:15:35.404Z"],"queueLength":1,"runningWork":[],"workRunningCount":0}
[debug] [2026-09-02T02:15:35.404Z] [work-queue] {"queuedWork":[],"queueLength":0,"runningWork":["/iot-app-839a2/us-central1/api/users/me-2026-09-02T02:15:35.404Z"],"workRunningCount":1}
[debug] [2026-09-02T02:15:35.404Z] Accepted request GET /iot-app-839a2/us-central1/api/users/me --> us-central1-api
[debug] [2026-09-02T02:15:35.405Z] [functions] Runtime ready! Sending request! {"metadata":{"emulator":{"name":"functions"},"message":"[functions] Runtime ready! Sending request!"}}
[debug] [2026-09-02T02:15:35.405Z] [functions] Got req.url=/iot-app-839a2/us-central1/api/users/me, mapping to path=/users/me {"metadata":{"emulator":{"name":"functions"},"message":"[functions] Got req.url=/iot-app-839a2/us-central1/api/users/me, mapping to path=/users/me"}}
[debug] [2026-09-02T02:15:35.405Z] [worker-pool] submitRequest(triggerId=us-central1-api) {"metadata":{"emulator":{"name":"functions"},"message":"[worker-pool] submitRequest(triggerId=us-central1-api)"}}
[info] i  functions: Beginning execution of "us-central1-api" {"metadata":{"emulator":{"name":"functions"},"function":{"name":"us-central1-api"},"extension":{},"message":"Beginning execution of \"us-central1-api\""}}
[debug] [2026-09-02T02:15:35.406Z] [worker-us-central1-api-6c25b63c-88d7-4ad3-83f8-7861ea919ec8]: BUSY {"metadata":{"emulator":{"name":"functions"},"function":{"name":"us-central1-api"},"extension":{},"message":"[worker-us-central1-api-6c25b63c-88d7-4ad3-83f8-7861ea919ec8]: BUSY"}}
[warn] !  functions: The Firebase Authentication emulator is not running, so calls to Firebase Authentication will affect production. {"metadata":{"emulator":{"name":"functions"},"function":{"name":"us-central1-api"},"extension":{},"message":"The Firebase Authentication emulator is not running, so calls to Firebase Authentication will affect production."}}
[debug] [2026-09-02T02:15:36.854Z] Finishing up request with event=pause {"metadata":{"emulator":{"name":"functions"},"function":{"name":"us-central1-api"},"extension":{},"message":"Finishing up request with event=pause"}}
[info] i  functions: Finished "us-central1-api" in 1448.4587000000001ms {"metadata":{"emulator":{"name":"functions"},"function":{"name":"us-central1-api"},"extension":{},"message":"Finished \"us-central1-api\" in 1448.4587000000001ms"}}
[debug] [2026-09-02T02:15:36.855Z] [worker-us-central1-api-6c25b63c-88d7-4ad3-83f8-7861ea919ec8]: IDLE {"metadata":{"emulator":{"name":"functions"},"function":{"name":"us-central1-api"},"extension":{},"message":"[worker-us-central1-api-6c25b63c-88d7-4ad3-83f8-7861ea919ec8]: IDLE"}}
[debug] [2026-09-02T02:15:36.856Z] Finishing up request with event=finish {"metadata":{"emulator":{"name":"functions"},"function":{"name":"us-central1-api"},"extension":{},"message":"Finishing up request with event=finish"}}
[debug] [2026-09-02T02:15:36.856Z] Finishing up request with event=close {"metadata":{"emulator":{"name":"functions"},"function":{"name":"us-central1-api"},"extension":{},"message":"Finishing up request with event=close"}}
[debug] [2026-09-02T02:15:36.856Z] [work-queue] {"queuedWork":[],"queueLength":0,"runningWork":[],"workRunningCount":0}
[debug] [2026-09-02T02:19:41.954Z] [work-queue] {"queuedWork":["/iot-app-839a2/us-central1/api/boxes/ESP32_A1B2C3D4E5F6/messages/initiate-2026-09-02T02:19:41.954Z"],"queueLength":1,"runningWork":[],"workRunningCount":0}
[debug] [2026-09-02T02:19:41.954Z] [work-queue] {"queuedWork":[],"queueLength":0,"runningWork":["/iot-app-839a2/us-central1/api/boxes/ESP32_A1B2C3D4E5F6/messages/initiate-2026-09-02T02:19:41.954Z"],"workRunningCount":1}
[debug] [2026-09-02T02:19:41.954Z] Accepted request OPTIONS /iot-app-839a2/us-central1/api/boxes/ESP32_A1B2C3D4E5F6/messages/initiate --> us-central1-api
[debug] [2026-09-02T02:19:41.956Z] [functions] Runtime ready! Sending request! {"metadata":{"emulator":{"name":"functions"},"message":"[functions] Runtime ready! Sending request!"}}
[debug] [2026-09-02T02:19:41.957Z] [functions] Got req.url=/iot-app-839a2/us-central1/api/boxes/ESP32_A1B2C3D4E5F6/messages/initiate, mapping to path=/boxes/ESP32_A1B2C3D4E5F6/messages/initiate {"metadata":{"emulator":{"name":"functions"},"message":"[functions] Got req.url=/iot-app-839a2/us-central1/api/boxes/ESP32_A1B2C3D4E5F6/messages/initiate, mapping to path=/boxes/ESP32_A1B2C3D4E5F6/messages/initiate"}}
[debug] [2026-09-02T02:19:41.957Z] [worker-pool] submitRequest(triggerId=us-central1-api) {"metadata":{"emulator":{"name":"functions"},"message":"[worker-pool] submitRequest(triggerId=us-central1-api)"}}
[info] i  functions: Beginning execution of "us-central1-api" {"metadata":{"emulator":{"name":"functions"},"function":{"name":"us-central1-api"},"extension":{},"message":"Beginning execution of \"us-central1-api\""}}
[debug] [2026-09-02T02:19:41.957Z] [worker-us-central1-api-6c25b63c-88d7-4ad3-83f8-7861ea919ec8]: BUSY {"metadata":{"emulator":{"name":"functions"},"function":{"name":"us-central1-api"},"extension":{},"message":"[worker-us-central1-api-6c25b63c-88d7-4ad3-83f8-7861ea919ec8]: BUSY"}}
[debug] [2026-09-02T02:19:41.963Z] Finishing up request with event=pause {"metadata":{"emulator":{"name":"functions"},"function":{"name":"us-central1-api"},"extension":{},"message":"Finishing up request with event=pause"}}
[info] i  functions: Finished "us-central1-api" in 6.1854ms {"metadata":{"emulator":{"name":"functions"},"function":{"name":"us-central1-api"},"extension":{},"message":"Finished \"us-central1-api\" in 6.1854ms"}}
[debug] [2026-09-02T02:19:41.964Z] [worker-us-central1-api-6c25b63c-88d7-4ad3-83f8-7861ea919ec8]: IDLE {"metadata":{"emulator":{"name":"functions"},"function":{"name":"us-central1-api"},"extension":{},"message":"[worker-us-central1-api-6c25b63c-88d7-4ad3-83f8-7861ea919ec8]: IDLE"}}
[debug] [2026-09-02T02:19:41.965Z] Finishing up request with event=finish {"metadata":{"emulator":{"name":"functions"},"function":{"name":"us-central1-api"},"extension":{},"message":"Finishing up request with event=finish"}}
[debug] [2026-09-02T02:19:41.965Z] Finishing up request with event=close {"metadata":{"emulator":{"name":"functions"},"function":{"name":"us-central1-api"},"extension":{},"message":"Finishing up request with event=close"}}
[debug] [2026-09-02T02:19:41.965Z] [work-queue] {"queuedWork":[],"queueLength":0,"runningWork":[],"workRunningCount":0}
[debug] [2026-09-02T02:19:41.969Z] [work-queue] {"queuedWork":["/iot-app-839a2/us-central1/api/boxes/ESP32_A1B2C3D4E5F6/messages/initiate-2026-09-02T02:19:41.969Z"],"queueLength":1,"runningWork":[],"workRunningCount":0}
[debug] [2026-09-02T02:19:41.970Z] [work-queue] {"queuedWork":[],"queueLength":0,"runningWork":["/iot-app-839a2/us-central1/api/boxes/ESP32_A1B2C3D4E5F6/messages/initiate-2026-09-02T02:19:41.969Z"],"workRunningCount":1}
[debug] [2026-09-02T02:19:41.970Z] Accepted request POST /iot-app-839a2/us-central1/api/boxes/ESP32_A1B2C3D4E5F6/messages/initiate --> us-central1-api
[debug] [2026-09-02T02:19:41.972Z] [functions] Runtime ready! Sending request! {"metadata":{"emulator":{"name":"functions"},"message":"[functions] Runtime ready! Sending request!"}}
[debug] [2026-09-02T02:19:41.972Z] [functions] Got req.url=/iot-app-839a2/us-central1/api/boxes/ESP32_A1B2C3D4E5F6/messages/initiate, mapping to path=/boxes/ESP32_A1B2C3D4E5F6/messages/initiate {"metadata":{"emulator":{"name":"functions"},"message":"[functions] Got req.url=/iot-app-839a2/us-central1/api/boxes/ESP32_A1B2C3D4E5F6/messages/initiate, mapping to path=/boxes/ESP32_A1B2C3D4E5F6/messages/initiate"}}
[debug] [2026-09-02T02:19:41.972Z] [worker-pool] submitRequest(triggerId=us-central1-api) {"metadata":{"emulator":{"name":"functions"},"message":"[worker-pool] submitRequest(triggerId=us-central1-api)"}}
[info] i  functions: Beginning execution of "us-central1-api" {"metadata":{"emulator":{"name":"functions"},"function":{"name":"us-central1-api"},"extension":{},"message":"Beginning execution of \"us-central1-api\""}}
[debug] [2026-09-02T02:19:41.973Z] [worker-us-central1-api-6c25b63c-88d7-4ad3-83f8-7861ea919ec8]: BUSY {"metadata":{"emulator":{"name":"functions"},"function":{"name":"us-central1-api"},"extension":{},"message":"[worker-us-central1-api-6c25b63c-88d7-4ad3-83f8-7861ea919ec8]: BUSY"}}
[debug] [2026-09-02T02:19:42.395Z] Finishing up request with event=pause {"metadata":{"emulator":{"name":"functions"},"function":{"name":"us-central1-api"},"extension":{},"message":"Finishing up request with event=pause"}}
[info] i  functions: Finished "us-central1-api" in 422.4247ms {"metadata":{"emulator":{"name":"functions"},"function":{"name":"us-central1-api"},"extension":{},"message":"Finished \"us-central1-api\" in 422.4247ms"}}
[debug] [2026-09-02T02:19:42.396Z] [worker-us-central1-api-6c25b63c-88d7-4ad3-83f8-7861ea919ec8]: IDLE {"metadata":{"emulator":{"name":"functions"},"function":{"name":"us-central1-api"},"extension":{},"message":"[worker-us-central1-api-6c25b63c-88d7-4ad3-83f8-7861ea919ec8]: IDLE"}}
[debug] [2026-09-02T02:19:42.396Z] Finishing up request with event=finish {"metadata":{"emulator":{"name":"functions"},"function":{"name":"us-central1-api"},"extension":{},"message":"Finishing up request with event=finish"}}
[debug] [2026-09-02T02:19:42.396Z] Finishing up request with event=close {"metadata":{"emulator":{"name":"functions"},"function":{"name":"us-central1-api"},"extension":{},"message":"Finishing up request with event=close"}}
[debug] [2026-09-02T02:19:42.396Z] [work-queue] {"queuedWork":[],"queueLength":0,"runningWork":[],"workRunningCount":0}
[debug] [2026-09-02T02:19:49.413Z] [work-queue] {"queuedWork":["/iot-app-839a2/us-central1/api/boxes/ESP32_A1B2C3D4E5F6/messages/confirm-2026-09-02T02:19:49.413Z"],"queueLength":1,"runningWork":[],"workRunningCount":0}
[debug] [2026-09-02T02:19:49.414Z] [work-queue] {"queuedWork":[],"queueLength":0,"runningWork":["/iot-app-839a2/us-central1/api/boxes/ESP32_A1B2C3D4E5F6/messages/confirm-2026-09-02T02:19:49.413Z"],"workRunningCount":1}
[debug] [2026-09-02T02:19:49.414Z] Accepted request OPTIONS /iot-app-839a2/us-central1/api/boxes/ESP32_A1B2C3D4E5F6/messages/confirm --> us-central1-api
[debug] [2026-09-02T02:19:49.416Z] [functions] Runtime ready! Sending request! {"metadata":{"emulator":{"name":"functions"},"message":"[functions] Runtime ready! Sending request!"}}
[debug] [2026-09-02T02:19:49.416Z] [functions] Got req.url=/iot-app-839a2/us-central1/api/boxes/ESP32_A1B2C3D4E5F6/messages/confirm, mapping to path=/boxes/ESP32_A1B2C3D4E5F6/messages/confirm {"metadata":{"emulator":{"name":"functions"},"message":"[functions] Got req.url=/iot-app-839a2/us-central1/api/boxes/ESP32_A1B2C3D4E5F6/messages/confirm, mapping to path=/boxes/ESP32_A1B2C3D4E5F6/messages/confirm"}}
[debug] [2026-09-02T02:19:49.416Z] [worker-pool] submitRequest(triggerId=us-central1-api) {"metadata":{"emulator":{"name":"functions"},"message":"[worker-pool] submitRequest(triggerId=us-central1-api)"}}
[info] i  functions: Beginning execution of "us-central1-api" {"metadata":{"emulator":{"name":"functions"},"function":{"name":"us-central1-api"},"extension":{},"message":"Beginning execution of \"us-central1-api\""}}
[debug] [2026-09-02T02:19:49.417Z] [worker-us-central1-api-6c25b63c-88d7-4ad3-83f8-7861ea919ec8]: BUSY {"metadata":{"emulator":{"name":"functions"},"function":{"name":"us-central1-api"},"extension":{},"message":"[worker-us-central1-api-6c25b63c-88d7-4ad3-83f8-7861ea919ec8]: BUSY"}}
[debug] [2026-09-02T02:19:49.419Z] Finishing up request with event=pause {"metadata":{"emulator":{"name":"functions"},"function":{"name":"us-central1-api"},"extension":{},"message":"Finishing up request with event=pause"}}
[info] i  functions: Finished "us-central1-api" in 2.9615ms {"metadata":{"emulator":{"name":"functions"},"function":{"name":"us-central1-api"},"extension":{},"message":"Finished \"us-central1-api\" in 2.9615ms"}}
[debug] [2026-09-02T02:19:49.420Z] [worker-us-central1-api-6c25b63c-88d7-4ad3-83f8-7861ea919ec8]: IDLE {"metadata":{"emulator":{"name":"functions"},"function":{"name":"us-central1-api"},"extension":{},"message":"[worker-us-central1-api-6c25b63c-88d7-4ad3-83f8-7861ea919ec8]: IDLE"}}
[debug] [2026-09-02T02:19:49.420Z] Finishing up request with event=finish {"metadata":{"emulator":{"name":"functions"},"function":{"name":"us-central1-api"},"extension":{},"message":"Finishing up request with event=finish"}}
[debug] [2026-09-02T02:19:49.420Z] Finishing up request with event=close {"metadata":{"emulator":{"name":"functions"},"function":{"name":"us-central1-api"},"extension":{},"message":"Finishing up request with event=close"}}
[debug] [2026-09-02T02:19:49.420Z] [work-queue] {"queuedWork":[],"queueLength":0,"runningWork":[],"workRunningCount":0}
[debug] [2026-09-02T02:19:49.424Z] [work-queue] {"queuedWork":["/iot-app-839a2/us-central1/api/boxes/ESP32_A1B2C3D4E5F6/messages/confirm-2026-09-02T02:19:49.424Z"],"queueLength":1,"runningWork":[],"workRunningCount":0}
[debug] [2026-09-02T02:19:49.424Z] [work-queue] {"queuedWork":[],"queueLength":0,"runningWork":["/iot-app-839a2/us-central1/api/boxes/ESP32_A1B2C3D4E5F6/messages/confirm-2026-09-02T02:19:49.424Z"],"workRunningCount":1}
[debug] [2026-09-02T02:19:49.424Z] Accepted request POST /iot-app-839a2/us-central1/api/boxes/ESP32_A1B2C3D4E5F6/messages/confirm --> us-central1-api
[debug] [2026-09-02T02:19:49.425Z] [functions] Runtime ready! Sending request! {"metadata":{"emulator":{"name":"functions"},"message":"[functions] Runtime ready! Sending request!"}}
[debug] [2026-09-02T02:19:49.426Z] [functions] Got req.url=/iot-app-839a2/us-central1/api/boxes/ESP32_A1B2C3D4E5F6/messages/confirm, mapping to path=/boxes/ESP32_A1B2C3D4E5F6/messages/confirm {"metadata":{"emulator":{"name":"functions"},"message":"[functions] Got req.url=/iot-app-839a2/us-central1/api/boxes/ESP32_A1B2C3D4E5F6/messages/confirm, mapping to path=/boxes/ESP32_A1B2C3D4E5F6/messages/confirm"}}
[debug] [2026-09-02T02:19:49.426Z] [worker-pool] submitRequest(triggerId=us-central1-api) {"metadata":{"emulator":{"name":"functions"},"message":"[worker-pool] submitRequest(triggerId=us-central1-api)"}}
[info] i  functions: Beginning execution of "us-central1-api" {"metadata":{"emulator":{"name":"functions"},"function":{"name":"us-central1-api"},"extension":{},"message":"Beginning execution of \"us-central1-api\""}}
[debug] [2026-09-02T02:19:49.426Z] [worker-us-central1-api-6c25b63c-88d7-4ad3-83f8-7861ea919ec8]: BUSY {"metadata":{"emulator":{"name":"functions"},"function":{"name":"us-central1-api"},"extension":{},"message":"[worker-us-central1-api-6c25b63c-88d7-4ad3-83f8-7861ea919ec8]: BUSY"}}
[warn] !  Google API requested!
   - URL: "https://www.googleapis.com/oauth2/v4/token"
   - Be careful, this may be a production service. {"metadata":{"emulator":{"name":"functions"},"function":{"name":"us-central1-api"},"extension":{},"message":"Google API requested!\n   - URL: \"https://www.googleapis.com/oauth2/v4/token\"\n   - Be careful, this may be a production service."}}
[warn] !  Google API requested!
   - URL: "https://storage.googleapis.com/storage/v1/b/iot-app-839a2.firebasestorage.app/o/media%2FESP32_A1B2C3D4E5F6%2Fmsg_1788315582386%2Fvideo.bin?"
   - Be careful, this may be a production service. {"metadata":{"emulator":{"name":"functions"},"function":{"name":"us-central1-api"},"extension":{},"message":"Google API requested!\n   - URL: \"https://storage.googleapis.com/storage/v1/b/iot-app-839a2.firebasestorage.app/o/media%2FESP32_A1B2C3D4E5F6%2Fmsg_1788315582386%2Fvideo.bin?\"\n   - Be careful, this may be a production service."}}
[warn] !  Google API requested!
   - URL: "https://storage.googleapis.com/storage/v1/b/iot-app-839a2.firebasestorage.app/o/media%2FESP32_A1B2C3D4E5F6%2Fmsg_1788315582386%2Fvoice.wav?"
   - Be careful, this may be a production service. {"metadata":{"emulator":{"name":"functions"},"function":{"name":"us-central1-api"},"extension":{},"message":"Google API requested!\n   - URL: \"https://storage.googleapis.com/storage/v1/b/iot-app-839a2.firebasestorage.app/o/media%2FESP32_A1B2C3D4E5F6%2Fmsg_1788315582386%2Fvoice.wav?\"\n   - Be careful, this may be a production service."}}
[warn] !  Google API requested!
   - URL: "https://storage.googleapis.com/storage/v1/b/iot-app-839a2.firebasestorage.app/o/media%2FESP32_A1B2C3D4E5F6%2Fmsg_1788315582386%2Fthumb.jpg?"
   - Be careful, this may be a production service. {"metadata":{"emulator":{"name":"functions"},"function":{"name":"us-central1-api"},"extension":{},"message":"Google API requested!\n   - URL: \"https://storage.googleapis.com/storage/v1/b/iot-app-839a2.firebasestorage.app/o/media%2FESP32_A1B2C3D4E5F6%2Fmsg_1788315582386%2Fthumb.jpg?\"\n   - Be careful, this may be a production service."}}
[warn] !  Google API requested!
   - URL: "https://storage.googleapis.com/storage/v1/b/iot-app-839a2.firebasestorage.app/o/media%2FESP32_A1B2C3D4E5F6%2Fmsg_1788315582386%2Foriginal.mp4?"
   - Be careful, this may be a production service. {"metadata":{"emulator":{"name":"functions"},"function":{"name":"us-central1-api"},"extension":{},"message":"Google API requested!\n   - URL: \"https://storage.googleapis.com/storage/v1/b/iot-app-839a2.firebasestorage.app/o/media%2FESP32_A1B2C3D4E5F6%2Fmsg_1788315582386%2Foriginal.mp4?\"\n   - Be careful, this may be a production service."}}
[debug] [2026-09-02T02:19:56.186Z] Finishing up request with event=pause {"metadata":{"emulator":{"name":"functions"},"function":{"name":"us-central1-api"},"extension":{},"message":"Finishing up request with event=pause"}}
[info] i  functions: Finished "us-central1-api" in 6760.4256000000005ms {"metadata":{"emulator":{"name":"functions"},"function":{"name":"us-central1-api"},"extension":{},"message":"Finished \"us-central1-api\" in 6760.4256000000005ms"}}
[debug] [2026-09-02T02:19:56.188Z] [worker-us-central1-api-6c25b63c-88d7-4ad3-83f8-7861ea919ec8]: IDLE {"metadata":{"emulator":{"name":"functions"},"function":{"name":"us-central1-api"},"extension":{},"message":"[worker-us-central1-api-6c25b63c-88d7-4ad3-83f8-7861ea919ec8]: IDLE"}}
[debug] [2026-09-02T02:19:56.188Z] Finishing up request with event=finish {"metadata":{"emulator":{"name":"functions"},"function":{"name":"us-central1-api"},"extension":{},"message":"Finishing up request with event=finish"}}
[debug] [2026-09-02T02:19:56.188Z] Finishing up request with event=close {"metadata":{"emulator":{"name":"functions"},"function":{"name":"us-central1-api"},"extension":{},"message":"Finishing up request with event=close"}}
[debug] [2026-09-02T02:19:56.188Z] [work-queue] {"queuedWork":[],"queueLength":0,"runningWork":[],"workRunningCount":0}
[debug] [2026-09-02T02:21:20.737Z] [work-queue] {"queuedWork":["/iot-app-839a2/us-central1/api/boxes/ESP32_A1B2C3D4E5F6/messages/initiate-2026-09-02T02:21:20.737Z"],"queueLength":1,"runningWork":[],"workRunningCount":0}
[debug] [2026-09-02T02:21:20.738Z] [work-queue] {"queuedWork":[],"queueLength":0,"runningWork":["/iot-app-839a2/us-central1/api/boxes/ESP32_A1B2C3D4E5F6/messages/initiate-2026-09-02T02:21:20.737Z"],"workRunningCount":1}
[debug] [2026-09-02T02:21:20.738Z] Accepted request OPTIONS /iot-app-839a2/us-central1/api/boxes/ESP32_A1B2C3D4E5F6/messages/initiate --> us-central1-api
[debug] [2026-09-02T02:21:20.740Z] [functions] Runtime ready! Sending request! {"metadata":{"emulator":{"name":"functions"},"message":"[functions] Runtime ready! Sending request!"}}
[debug] [2026-09-02T02:21:20.741Z] [functions] Got req.url=/iot-app-839a2/us-central1/api/boxes/ESP32_A1B2C3D4E5F6/messages/initiate, mapping to path=/boxes/ESP32_A1B2C3D4E5F6/messages/initiate {"metadata":{"emulator":{"name":"functions"},"message":"[functions] Got req.url=/iot-app-839a2/us-central1/api/boxes/ESP32_A1B2C3D4E5F6/messages/initiate, mapping to path=/boxes/ESP32_A1B2C3D4E5F6/messages/initiate"}}
[debug] [2026-09-02T02:21:20.741Z] [worker-pool] submitRequest(triggerId=us-central1-api) {"metadata":{"emulator":{"name":"functions"},"message":"[worker-pool] submitRequest(triggerId=us-central1-api)"}}
[info] i  functions: Beginning execution of "us-central1-api" {"metadata":{"emulator":{"name":"functions"},"function":{"name":"us-central1-api"},"extension":{},"message":"Beginning execution of \"us-central1-api\""}}
[debug] [2026-09-02T02:21:20.742Z] [worker-us-central1-api-6c25b63c-88d7-4ad3-83f8-7861ea919ec8]: BUSY {"metadata":{"emulator":{"name":"functions"},"function":{"name":"us-central1-api"},"extension":{},"message":"[worker-us-central1-api-6c25b63c-88d7-4ad3-83f8-7861ea919ec8]: BUSY"}}
[debug] [2026-09-02T02:21:20.746Z] Finishing up request with event=pause {"metadata":{"emulator":{"name":"functions"},"function":{"name":"us-central1-api"},"extension":{},"message":"Finishing up request with event=pause"}}
[info] i  functions: Finished "us-central1-api" in 4.0625ms {"metadata":{"emulator":{"name":"functions"},"function":{"name":"us-central1-api"},"extension":{},"message":"Finished \"us-central1-api\" in 4.0625ms"}}
[debug] [2026-09-02T02:21:20.747Z] [worker-us-central1-api-6c25b63c-88d7-4ad3-83f8-7861ea919ec8]: IDLE {"metadata":{"emulator":{"name":"functions"},"function":{"name":"us-central1-api"},"extension":{},"message":"[worker-us-central1-api-6c25b63c-88d7-4ad3-83f8-7861ea919ec8]: IDLE"}}
[debug] [2026-09-02T02:21:20.747Z] Finishing up request with event=finish {"metadata":{"emulator":{"name":"functions"},"function":{"name":"us-central1-api"},"extension":{},"message":"Finishing up request with event=finish"}}
[debug] [2026-09-02T02:21:20.747Z] Finishing up request with event=close {"metadata":{"emulator":{"name":"functions"},"function":{"name":"us-central1-api"},"extension":{},"message":"Finishing up request with event=close"}}
[debug] [2026-09-02T02:21:20.747Z] [work-queue] {"queuedWork":[],"queueLength":0,"runningWork":[],"workRunningCount":0}
[debug] [2026-09-02T02:21:20.751Z] [work-queue] {"queuedWork":["/iot-app-839a2/us-central1/api/boxes/ESP32_A1B2C3D4E5F6/messages/initiate-2026-09-02T02:21:20.751Z"],"queueLength":1,"runningWork":[],"workRunningCount":0}
[debug] [2026-09-02T02:21:20.752Z] [work-queue] {"queuedWork":[],"queueLength":0,"runningWork":["/iot-app-839a2/us-central1/api/boxes/ESP32_A1B2C3D4E5F6/messages/initiate-2026-09-02T02:21:20.751Z"],"workRunningCount":1}
[debug] [2026-09-02T02:21:20.752Z] Accepted request POST /iot-app-839a2/us-central1/api/boxes/ESP32_A1B2C3D4E5F6/messages/initiate --> us-central1-api
[debug] [2026-09-02T02:21:20.756Z] [functions] Runtime ready! Sending request! {"metadata":{"emulator":{"name":"functions"},"message":"[functions] Runtime ready! Sending request!"}}
[debug] [2026-09-02T02:21:20.757Z] [functions] Got req.url=/iot-app-839a2/us-central1/api/boxes/ESP32_A1B2C3D4E5F6/messages/initiate, mapping to path=/boxes/ESP32_A1B2C3D4E5F6/messages/initiate {"metadata":{"emulator":{"name":"functions"},"message":"[functions] Got req.url=/iot-app-839a2/us-central1/api/boxes/ESP32_A1B2C3D4E5F6/messages/initiate, mapping to path=/boxes/ESP32_A1B2C3D4E5F6/messages/initiate"}}
[debug] [2026-09-02T02:21:20.757Z] [worker-pool] submitRequest(triggerId=us-central1-api) {"metadata":{"emulator":{"name":"functions"},"message":"[worker-pool] submitRequest(triggerId=us-central1-api)"}}
[info] i  functions: Beginning execution of "us-central1-api" {"metadata":{"emulator":{"name":"functions"},"function":{"name":"us-central1-api"},"extension":{},"message":"Beginning execution of \"us-central1-api\""}}
[debug] [2026-09-02T02:21:20.758Z] [worker-us-central1-api-6c25b63c-88d7-4ad3-83f8-7861ea919ec8]: BUSY {"metadata":{"emulator":{"name":"functions"},"function":{"name":"us-central1-api"},"extension":{},"message":"[worker-us-central1-api-6c25b63c-88d7-4ad3-83f8-7861ea919ec8]: BUSY"}}
[debug] [2026-09-02T02:21:21.101Z] Finishing up request with event=pause {"metadata":{"emulator":{"name":"functions"},"function":{"name":"us-central1-api"},"extension":{},"message":"Finishing up request with event=pause"}}
[info] i  functions: Finished "us-central1-api" in 343.7531ms {"metadata":{"emulator":{"name":"functions"},"function":{"name":"us-central1-api"},"extension":{},"message":"Finished \"us-central1-api\" in 343.7531ms"}}
[debug] [2026-09-02T02:21:21.102Z] [worker-us-central1-api-6c25b63c-88d7-4ad3-83f8-7861ea919ec8]: IDLE {"metadata":{"emulator":{"name":"functions"},"function":{"name":"us-central1-api"},"extension":{},"message":"[worker-us-central1-api-6c25b63c-88d7-4ad3-83f8-7861ea919ec8]: IDLE"}}
[debug] [2026-09-02T02:21:21.103Z] Finishing up request with event=finish {"metadata":{"emulator":{"name":"functions"},"function":{"name":"us-central1-api"},"extension":{},"message":"Finishing up request with event=finish"}}
[debug] [2026-09-02T02:21:21.103Z] Finishing up request with event=close {"metadata":{"emulator":{"name":"functions"},"function":{"name":"us-central1-api"},"extension":{},"message":"Finishing up request with event=close"}}
[debug] [2026-09-02T02:21:21.103Z] [work-queue] {"queuedWork":[],"queueLength":0,"runningWork":[],"workRunningCount":0}
[debug] [2026-09-02T02:21:27.035Z] [work-queue] {"queuedWork":["/iot-app-839a2/us-central1/api/boxes/ESP32_A1B2C3D4E5F6/messages/confirm-2026-09-02T02:21:27.035Z"],"queueLength":1,"runningWork":[],"workRunningCount":0}
[debug] [2026-09-02T02:21:27.036Z] [work-queue] {"queuedWork":[],"queueLength":0,"runningWork":["/iot-app-839a2/us-central1/api/boxes/ESP32_A1B2C3D4E5F6/messages/confirm-2026-09-02T02:21:27.035Z"],"workRunningCount":1}
[debug] [2026-09-02T02:21:27.036Z] Accepted request OPTIONS /iot-app-839a2/us-central1/api/boxes/ESP32_A1B2C3D4E5F6/messages/confirm --> us-central1-api
[debug] [2026-09-02T02:21:27.038Z] [functions] Runtime ready! Sending request! {"metadata":{"emulator":{"name":"functions"},"message":"[functions] Runtime ready! Sending request!"}}
[debug] [2026-09-02T02:21:27.038Z] [functions] Got req.url=/iot-app-839a2/us-central1/api/boxes/ESP32_A1B2C3D4E5F6/messages/confirm, mapping to path=/boxes/ESP32_A1B2C3D4E5F6/messages/confirm {"metadata":{"emulator":{"name":"functions"},"message":"[functions] Got req.url=/iot-app-839a2/us-central1/api/boxes/ESP32_A1B2C3D4E5F6/messages/confirm, mapping to path=/boxes/ESP32_A1B2C3D4E5F6/messages/confirm"}}
[debug] [2026-09-02T02:21:27.039Z] [worker-pool] submitRequest(triggerId=us-central1-api) {"metadata":{"emulator":{"name":"functions"},"message":"[worker-pool] submitRequest(triggerId=us-central1-api)"}}
[info] i  functions: Beginning execution of "us-central1-api" {"metadata":{"emulator":{"name":"functions"},"function":{"name":"us-central1-api"},"extension":{},"message":"Beginning execution of \"us-central1-api\""}}
[debug] [2026-09-02T02:21:27.039Z] [worker-us-central1-api-6c25b63c-88d7-4ad3-83f8-7861ea919ec8]: BUSY {"metadata":{"emulator":{"name":"functions"},"function":{"name":"us-central1-api"},"extension":{},"message":"[worker-us-central1-api-6c25b63c-88d7-4ad3-83f8-7861ea919ec8]: BUSY"}}
[debug] [2026-09-02T02:21:27.044Z] Finishing up request with event=pause {"metadata":{"emulator":{"name":"functions"},"function":{"name":"us-central1-api"},"extension":{},"message":"Finishing up request with event=pause"}}
[info] i  functions: Finished "us-central1-api" in 4.8252ms {"metadata":{"emulator":{"name":"functions"},"function":{"name":"us-central1-api"},"extension":{},"message":"Finished \"us-central1-api\" in 4.8252ms"}}
[debug] [2026-09-02T02:21:27.045Z] [worker-us-central1-api-6c25b63c-88d7-4ad3-83f8-7861ea919ec8]: IDLE {"metadata":{"emulator":{"name":"functions"},"function":{"name":"us-central1-api"},"extension":{},"message":"[worker-us-central1-api-6c25b63c-88d7-4ad3-83f8-7861ea919ec8]: IDLE"}}
[debug] [2026-09-02T02:21:27.045Z] Finishing up request with event=finish {"metadata":{"emulator":{"name":"functions"},"function":{"name":"us-central1-api"},"extension":{},"message":"Finishing up request with event=finish"}}
[debug] [2026-09-02T02:21:27.045Z] Finishing up request with event=close {"metadata":{"emulator":{"name":"functions"},"function":{"name":"us-central1-api"},"extension":{},"message":"Finishing up request with event=close"}}
[debug] [2026-09-02T02:21:27.045Z] [work-queue] {"queuedWork":[],"queueLength":0,"runningWork":[],"workRunningCount":0}
[debug] [2026-09-02T02:21:27.048Z] [work-queue] {"queuedWork":["/iot-app-839a2/us-central1/api/boxes/ESP32_A1B2C3D4E5F6/messages/confirm-2026-09-02T02:21:27.048Z"],"queueLength":1,"runningWork":[],"workRunningCount":0}
[debug] [2026-09-02T02:21:27.048Z] [work-queue] {"queuedWork":[],"queueLength":0,"runningWork":["/iot-app-839a2/us-central1/api/boxes/ESP32_A1B2C3D4E5F6/messages/confirm-2026-09-02T02:21:27.048Z"],"workRunningCount":1}
[debug] [2026-09-02T02:21:27.048Z] Accepted request POST /iot-app-839a2/us-central1/api/boxes/ESP32_A1B2C3D4E5F6/messages/confirm --> us-central1-api
[debug] [2026-09-02T02:21:27.050Z] [functions] Runtime ready! Sending request! {"metadata":{"emulator":{"name":"functions"},"message":"[functions] Runtime ready! Sending request!"}}
[debug] [2026-09-02T02:21:27.051Z] [functions] Got req.url=/iot-app-839a2/us-central1/api/boxes/ESP32_A1B2C3D4E5F6/messages/confirm, mapping to path=/boxes/ESP32_A1B2C3D4E5F6/messages/confirm {"metadata":{"emulator":{"name":"functions"},"message":"[functions] Got req.url=/iot-app-839a2/us-central1/api/boxes/ESP32_A1B2C3D4E5F6/messages/confirm, mapping to path=/boxes/ESP32_A1B2C3D4E5F6/messages/confirm"}}
[debug] [2026-09-02T02:21:27.051Z] [worker-pool] submitRequest(triggerId=us-central1-api) {"metadata":{"emulator":{"name":"functions"},"message":"[worker-pool] submitRequest(triggerId=us-central1-api)"}}
[info] i  functions: Beginning execution of "us-central1-api" {"metadata":{"emulator":{"name":"functions"},"function":{"name":"us-central1-api"},"extension":{},"message":"Beginning execution of \"us-central1-api\""}}
[debug] [2026-09-02T02:21:27.051Z] [worker-us-central1-api-6c25b63c-88d7-4ad3-83f8-7861ea919ec8]: BUSY {"metadata":{"emulator":{"name":"functions"},"function":{"name":"us-central1-api"},"extension":{},"message":"[worker-us-central1-api-6c25b63c-88d7-4ad3-83f8-7861ea919ec8]: BUSY"}}
[warn] !  Google API requested!
   - URL: "https://storage.googleapis.com/storage/v1/b/iot-app-839a2.firebasestorage.app/o/media%2FESP32_A1B2C3D4E5F6%2Fmsg_1788315681093%2Fvideo.bin?"
   - Be careful, this may be a production service. {"metadata":{"emulator":{"name":"functions"},"function":{"name":"us-central1-api"},"extension":{},"message":"Google API requested!\n   - URL: \"https://storage.googleapis.com/storage/v1/b/iot-app-839a2.firebasestorage.app/o/media%2FESP32_A1B2C3D4E5F6%2Fmsg_1788315681093%2Fvideo.bin?\"\n   - Be careful, this may be a production service."}}
[warn] !  Google API requested!
   - URL: "https://storage.googleapis.com/storage/v1/b/iot-app-839a2.firebasestorage.app/o/media%2FESP32_A1B2C3D4E5F6%2Fmsg_1788315681093%2Fthumb.jpg?"
   - Be careful, this may be a production service. {"metadata":{"emulator":{"name":"functions"},"function":{"name":"us-central1-api"},"extension":{},"message":"Google API requested!\n   - URL: \"https://storage.googleapis.com/storage/v1/b/iot-app-839a2.firebasestorage.app/o/media%2FESP32_A1B2C3D4E5F6%2Fmsg_1788315681093%2Fthumb.jpg?\"\n   - Be careful, this may be a production service."}}
[warn] !  Google API requested!
   - URL: "https://storage.googleapis.com/storage/v1/b/iot-app-839a2.firebasestorage.app/o/media%2FESP32_A1B2C3D4E5F6%2Fmsg_1788315681093%2Foriginal.mp4?"
   - Be careful, this may be a production service. {"metadata":{"emulator":{"name":"functions"},"function":{"name":"us-central1-api"},"extension":{},"message":"Google API requested!\n   - URL: \"https://storage.googleapis.com/storage/v1/b/iot-app-839a2.firebasestorage.app/o/media%2FESP32_A1B2C3D4E5F6%2Fmsg_1788315681093%2Foriginal.mp4?\"\n   - Be careful, this may be a production service."}}
[debug] [2026-09-02T02:21:31.592Z] Finishing up request with event=pause {"metadata":{"emulator":{"name":"functions"},"function":{"name":"us-central1-api"},"extension":{},"message":"Finishing up request with event=pause"}}
[info] i  functions: Finished "us-central1-api" in 4540.715ms {"metadata":{"emulator":{"name":"functions"},"function":{"name":"us-central1-api"},"extension":{},"message":"Finished \"us-central1-api\" in 4540.715ms"}}
[debug] [2026-09-02T02:21:31.593Z] [worker-us-central1-api-6c25b63c-88d7-4ad3-83f8-7861ea919ec8]: IDLE {"metadata":{"emulator":{"name":"functions"},"function":{"name":"us-central1-api"},"extension":{},"message":"[worker-us-central1-api-6c25b63c-88d7-4ad3-83f8-7861ea919ec8]: IDLE"}}
[debug] [2026-09-02T02:21:31.593Z] Finishing up request with event=finish {"metadata":{"emulator":{"name":"functions"},"function":{"name":"us-central1-api"},"extension":{},"message":"Finishing up request with event=finish"}}
[debug] [2026-09-02T02:21:31.593Z] Finishing up request with event=close {"metadata":{"emulator":{"name":"functions"},"function":{"name":"us-central1-api"},"extension":{},"message":"Finishing up request with event=close"}}
[debug] [2026-09-02T02:21:31.593Z] [work-queue] {"queuedWork":[],"queueLength":0,"runningWork":[],"workRunningCount":0}
[debug] [2026-09-02T02:48:29.229Z] [work-queue] {"queuedWork":["/iot-app-839a2/us-central1/api/users/me-2026-09-02T02:48:29.229Z"],"queueLength":1,"runningWork":[],"workRunningCount":0}
[debug] [2026-09-02T02:48:29.229Z] [work-queue] {"queuedWork":[],"queueLength":0,"runningWork":["/iot-app-839a2/us-central1/api/users/me-2026-09-02T02:48:29.229Z"],"workRunningCount":1}
[debug] [2026-09-02T02:48:29.229Z] Accepted request OPTIONS /iot-app-839a2/us-central1/api/users/me --> us-central1-api
[debug] [2026-09-02T02:48:29.232Z] [functions] Runtime ready! Sending request! {"metadata":{"emulator":{"name":"functions"},"message":"[functions] Runtime ready! Sending request!"}}
[debug] [2026-09-02T02:48:29.233Z] [functions] Got req.url=/iot-app-839a2/us-central1/api/users/me, mapping to path=/users/me {"metadata":{"emulator":{"name":"functions"},"message":"[functions] Got req.url=/iot-app-839a2/us-central1/api/users/me, mapping to path=/users/me"}}
[debug] [2026-09-02T02:48:29.233Z] [worker-pool] submitRequest(triggerId=us-central1-api) {"metadata":{"emulator":{"name":"functions"},"message":"[worker-pool] submitRequest(triggerId=us-central1-api)"}}
[info] i  functions: Beginning execution of "us-central1-api" {"metadata":{"emulator":{"name":"functions"},"function":{"name":"us-central1-api"},"extension":{},"message":"Beginning execution of \"us-central1-api\""}}
[debug] [2026-09-02T02:48:29.233Z] [worker-us-central1-api-6c25b63c-88d7-4ad3-83f8-7861ea919ec8]: BUSY {"metadata":{"emulator":{"name":"functions"},"function":{"name":"us-central1-api"},"extension":{},"message":"[worker-us-central1-api-6c25b63c-88d7-4ad3-83f8-7861ea919ec8]: BUSY"}}
[debug] [2026-09-02T02:48:29.237Z] Finishing up request with event=pause {"metadata":{"emulator":{"name":"functions"},"function":{"name":"us-central1-api"},"extension":{},"message":"Finishing up request with event=pause"}}
[info] i  functions: Finished "us-central1-api" in 3.7913ms {"metadata":{"emulator":{"name":"functions"},"function":{"name":"us-central1-api"},"extension":{},"message":"Finished \"us-central1-api\" in 3.7913ms"}}
[debug] [2026-09-02T02:48:29.237Z] [worker-us-central1-api-6c25b63c-88d7-4ad3-83f8-7861ea919ec8]: IDLE {"metadata":{"emulator":{"name":"functions"},"function":{"name":"us-central1-api"},"extension":{},"message":"[worker-us-central1-api-6c25b63c-88d7-4ad3-83f8-7861ea919ec8]: IDLE"}}
[debug] [2026-09-02T02:48:29.238Z] Finishing up request with event=finish {"metadata":{"emulator":{"name":"functions"},"function":{"name":"us-central1-api"},"extension":{},"message":"Finishing up request with event=finish"}}
[debug] [2026-09-02T02:48:29.238Z] Finishing up request with event=close {"metadata":{"emulator":{"name":"functions"},"function":{"name":"us-central1-api"},"extension":{},"message":"Finishing up request with event=close"}}
[debug] [2026-09-02T02:48:29.238Z] [work-queue] {"queuedWork":[],"queueLength":0,"runningWork":[],"workRunningCount":0}
[debug] [2026-09-02T02:48:29.241Z] [work-queue] {"queuedWork":["/iot-app-839a2/us-central1/api/users/me-2026-09-02T02:48:29.241Z"],"queueLength":1,"runningWork":[],"workRunningCount":0}
[debug] [2026-09-02T02:48:29.241Z] [work-queue] {"queuedWork":[],"queueLength":0,"runningWork":["/iot-app-839a2/us-central1/api/users/me-2026-09-02T02:48:29.241Z"],"workRunningCount":1}
[debug] [2026-09-02T02:48:29.241Z] Accepted request GET /iot-app-839a2/us-central1/api/users/me --> us-central1-api
[debug] [2026-09-02T02:48:29.244Z] [functions] Runtime ready! Sending request! {"metadata":{"emulator":{"name":"functions"},"message":"[functions] Runtime ready! Sending request!"}}
[debug] [2026-09-02T02:48:29.244Z] [functions] Got req.url=/iot-app-839a2/us-central1/api/users/me, mapping to path=/users/me {"metadata":{"emulator":{"name":"functions"},"message":"[functions] Got req.url=/iot-app-839a2/us-central1/api/users/me, mapping to path=/users/me"}}
[debug] [2026-09-02T02:48:29.244Z] [worker-pool] submitRequest(triggerId=us-central1-api) {"metadata":{"emulator":{"name":"functions"},"message":"[worker-pool] submitRequest(triggerId=us-central1-api)"}}
[info] i  functions: Beginning execution of "us-central1-api" {"metadata":{"emulator":{"name":"functions"},"function":{"name":"us-central1-api"},"extension":{},"message":"Beginning execution of \"us-central1-api\""}}
[debug] [2026-09-02T02:48:29.244Z] [worker-us-central1-api-6c25b63c-88d7-4ad3-83f8-7861ea919ec8]: BUSY {"metadata":{"emulator":{"name":"functions"},"function":{"name":"us-central1-api"},"extension":{},"message":"[worker-us-central1-api-6c25b63c-88d7-4ad3-83f8-7861ea919ec8]: BUSY"}}
[debug] [2026-09-02T02:48:45.478Z] Finishing up request with event=pause {"metadata":{"emulator":{"name":"functions"},"function":{"name":"us-central1-api"},"extension":{},"message":"Finishing up request with event=pause"}}
[info] i  functions: Finished "us-central1-api" in 16233.7758ms {"metadata":{"emulator":{"name":"functions"},"function":{"name":"us-central1-api"},"extension":{},"message":"Finished \"us-central1-api\" in 16233.7758ms"}}
[debug] [2026-09-02T02:48:45.479Z] [worker-us-central1-api-6c25b63c-88d7-4ad3-83f8-7861ea919ec8]: IDLE {"metadata":{"emulator":{"name":"functions"},"function":{"name":"us-central1-api"},"extension":{},"message":"[worker-us-central1-api-6c25b63c-88d7-4ad3-83f8-7861ea919ec8]: IDLE"}}
[debug] [2026-09-02T02:48:45.479Z] Finishing up request with event=finish {"metadata":{"emulator":{"name":"functions"},"function":{"name":"us-central1-api"},"extension":{},"message":"Finishing up request with event=finish"}}
[debug] [2026-09-02T02:48:45.479Z] Finishing up request with event=close {"metadata":{"emulator":{"name":"functions"},"function":{"name":"us-central1-api"},"extension":{},"message":"Finishing up request with event=close"}}
[debug] [2026-09-02T02:48:45.479Z] [work-queue] {"queuedWork":[],"queueLength":0,"runningWork":[],"workRunningCount":0}
[debug] [2026-09-02T03:55:26.676Z] [work-queue] {"queuedWork":["/iot-app-839a2/us-central1/api/users/me-2026-09-02T03:55:26.676Z"],"queueLength":1,"runningWork":[],"workRunningCount":0}
[debug] [2026-09-02T03:55:26.677Z] [work-queue] {"queuedWork":[],"queueLength":0,"runningWork":["/iot-app-839a2/us-central1/api/users/me-2026-09-02T03:55:26.676Z"],"workRunningCount":1}
[debug] [2026-09-02T03:55:26.677Z] Accepted request OPTIONS /iot-app-839a2/us-central1/api/users/me --> us-central1-api
[debug] [2026-09-02T03:55:26.682Z] [functions] Runtime ready! Sending request! {"metadata":{"emulator":{"name":"functions"},"message":"[functions] Runtime ready! Sending request!"}}
[debug] [2026-09-02T03:55:26.683Z] [functions] Got req.url=/iot-app-839a2/us-central1/api/users/me, mapping to path=/users/me {"metadata":{"emulator":{"name":"functions"},"message":"[functions] Got req.url=/iot-app-839a2/us-central1/api/users/me, mapping to path=/users/me"}}
[debug] [2026-09-02T03:55:26.683Z] [worker-pool] submitRequest(triggerId=us-central1-api) {"metadata":{"emulator":{"name":"functions"},"message":"[worker-pool] submitRequest(triggerId=us-central1-api)"}}
[info] i  functions: Beginning execution of "us-central1-api" {"metadata":{"emulator":{"name":"functions"},"function":{"name":"us-central1-api"},"extension":{},"message":"Beginning execution of \"us-central1-api\""}}
[debug] [2026-09-02T03:55:26.685Z] [worker-us-central1-api-6c25b63c-88d7-4ad3-83f8-7861ea919ec8]: BUSY {"metadata":{"emulator":{"name":"functions"},"function":{"name":"us-central1-api"},"extension":{},"message":"[worker-us-central1-api-6c25b63c-88d7-4ad3-83f8-7861ea919ec8]: BUSY"}}
[debug] [2026-09-02T03:55:26.689Z] Finishing up request with event=pause {"metadata":{"emulator":{"name":"functions"},"function":{"name":"us-central1-api"},"extension":{},"message":"Finishing up request with event=pause"}}
[info] i  functions: Finished "us-central1-api" in 3.6009ms {"metadata":{"emulator":{"name":"functions"},"function":{"name":"us-central1-api"},"extension":{},"message":"Finished \"us-central1-api\" in 3.6009ms"}}
[debug] [2026-09-02T03:55:26.689Z] [worker-us-central1-api-6c25b63c-88d7-4ad3-83f8-7861ea919ec8]: IDLE {"metadata":{"emulator":{"name":"functions"},"function":{"name":"us-central1-api"},"extension":{},"message":"[worker-us-central1-api-6c25b63c-88d7-4ad3-83f8-7861ea919ec8]: IDLE"}}
[debug] [2026-09-02T03:55:26.690Z] Finishing up request with event=finish {"metadata":{"emulator":{"name":"functions"},"function":{"name":"us-central1-api"},"extension":{},"message":"Finishing up request with event=finish"}}
[debug] [2026-09-02T03:55:26.690Z] Finishing up request with event=close {"metadata":{"emulator":{"name":"functions"},"function":{"name":"us-central1-api"},"extension":{},"message":"Finishing up request with event=close"}}
[debug] [2026-09-02T03:55:26.690Z] [work-queue] {"queuedWork":[],"queueLength":0,"runningWork":[],"workRunningCount":0}
[debug] [2026-09-02T03:55:26.693Z] [work-queue] {"queuedWork":["/iot-app-839a2/us-central1/api/users/me-2026-09-02T03:55:26.693Z"],"queueLength":1,"runningWork":[],"workRunningCount":0}
[debug] [2026-09-02T03:55:26.694Z] [work-queue] {"queuedWork":[],"queueLength":0,"runningWork":["/iot-app-839a2/us-central1/api/users/me-2026-09-02T03:55:26.693Z"],"workRunningCount":1}
[debug] [2026-09-02T03:55:26.694Z] Accepted request GET /iot-app-839a2/us-central1/api/users/me --> us-central1-api
[debug] [2026-09-02T03:55:26.698Z] [functions] Runtime ready! Sending request! {"metadata":{"emulator":{"name":"functions"},"message":"[functions] Runtime ready! Sending request!"}}
[debug] [2026-09-02T03:55:26.698Z] [functions] Got req.url=/iot-app-839a2/us-central1/api/users/me, mapping to path=/users/me {"metadata":{"emulator":{"name":"functions"},"message":"[functions] Got req.url=/iot-app-839a2/us-central1/api/users/me, mapping to path=/users/me"}}
[debug] [2026-09-02T03:55:26.699Z] [worker-pool] submitRequest(triggerId=us-central1-api) {"metadata":{"emulator":{"name":"functions"},"message":"[worker-pool] submitRequest(triggerId=us-central1-api)"}}
[info] i  functions: Beginning execution of "us-central1-api" {"metadata":{"emulator":{"name":"functions"},"function":{"name":"us-central1-api"},"extension":{},"message":"Beginning execution of \"us-central1-api\""}}
[debug] [2026-09-02T03:55:26.700Z] [worker-us-central1-api-6c25b63c-88d7-4ad3-83f8-7861ea919ec8]: BUSY {"metadata":{"emulator":{"name":"functions"},"function":{"name":"us-central1-api"},"extension":{},"message":"[worker-us-central1-api-6c25b63c-88d7-4ad3-83f8-7861ea919ec8]: BUSY"}}
[debug] [2026-09-02T03:55:26.895Z] Finishing up request with event=pause {"metadata":{"emulator":{"name":"functions"},"function":{"name":"us-central1-api"},"extension":{},"message":"Finishing up request with event=pause"}}
[info] i  functions: Finished "us-central1-api" in 195.0616ms {"metadata":{"emulator":{"name":"functions"},"function":{"name":"us-central1-api"},"extension":{},"message":"Finished \"us-central1-api\" in 195.0616ms"}}
[debug] [2026-09-02T03:55:26.895Z] [worker-us-central1-api-6c25b63c-88d7-4ad3-83f8-7861ea919ec8]: IDLE {"metadata":{"emulator":{"name":"functions"},"function":{"name":"us-central1-api"},"extension":{},"message":"[worker-us-central1-api-6c25b63c-88d7-4ad3-83f8-7861ea919ec8]: IDLE"}}
[debug] [2026-09-02T03:55:26.895Z] Finishing up request with event=finish {"metadata":{"emulator":{"name":"functions"},"function":{"name":"us-central1-api"},"extension":{},"message":"Finishing up request with event=finish"}}
[debug] [2026-09-02T03:55:26.896Z] Finishing up request with event=close {"metadata":{"emulator":{"name":"functions"},"function":{"name":"us-central1-api"},"extension":{},"message":"Finishing up request with event=close"}}
[debug] [2026-09-02T03:55:26.896Z] [work-queue] {"queuedWork":[],"queueLength":0,"runningWork":[],"workRunningCount":0}
[debug] [2026-09-02T04:13:04.368Z] [work-queue] {"queuedWork":["/iot-app-839a2/us-central1/api/users/me-2026-09-02T04:13:04.368Z"],"queueLength":1,"runningWork":[],"workRunningCount":0}
[debug] [2026-09-02T04:13:04.369Z] [work-queue] {"queuedWork":[],"queueLength":0,"runningWork":["/iot-app-839a2/us-central1/api/users/me-2026-09-02T04:13:04.368Z"],"workRunningCount":1}
[debug] [2026-09-02T04:13:04.369Z] Accepted request OPTIONS /iot-app-839a2/us-central1/api/users/me --> us-central1-api
[debug] [2026-09-02T04:13:04.372Z] [functions] Runtime ready! Sending request! {"metadata":{"emulator":{"name":"functions"},"message":"[functions] Runtime ready! Sending request!"}}
[debug] [2026-09-02T04:13:04.372Z] [functions] Got req.url=/iot-app-839a2/us-central1/api/users/me, mapping to path=/users/me {"metadata":{"emulator":{"name":"functions"},"message":"[functions] Got req.url=/iot-app-839a2/us-central1/api/users/me, mapping to path=/users/me"}}
[debug] [2026-09-02T04:13:04.373Z] [worker-pool] submitRequest(triggerId=us-central1-api) {"metadata":{"emulator":{"name":"functions"},"message":"[worker-pool] submitRequest(triggerId=us-central1-api)"}}
[info] i  functions: Beginning execution of "us-central1-api" {"metadata":{"emulator":{"name":"functions"},"function":{"name":"us-central1-api"},"extension":{},"message":"Beginning execution of \"us-central1-api\""}}
[debug] [2026-09-02T04:13:04.376Z] [worker-us-central1-api-6c25b63c-88d7-4ad3-83f8-7861ea919ec8]: BUSY {"metadata":{"emulator":{"name":"functions"},"function":{"name":"us-central1-api"},"extension":{},"message":"[worker-us-central1-api-6c25b63c-88d7-4ad3-83f8-7861ea919ec8]: BUSY"}}
[debug] [2026-09-02T04:13:04.381Z] Finishing up request with event=pause {"metadata":{"emulator":{"name":"functions"},"function":{"name":"us-central1-api"},"extension":{},"message":"Finishing up request with event=pause"}}
[info] i  functions: Finished "us-central1-api" in 6.0603ms {"metadata":{"emulator":{"name":"functions"},"function":{"name":"us-central1-api"},"extension":{},"message":"Finished \"us-central1-api\" in 6.0603ms"}}
[debug] [2026-09-02T04:13:04.382Z] [worker-us-central1-api-6c25b63c-88d7-4ad3-83f8-7861ea919ec8]: IDLE {"metadata":{"emulator":{"name":"functions"},"function":{"name":"us-central1-api"},"extension":{},"message":"[worker-us-central1-api-6c25b63c-88d7-4ad3-83f8-7861ea919ec8]: IDLE"}}
[debug] [2026-09-02T04:13:04.383Z] Finishing up request with event=finish {"metadata":{"emulator":{"name":"functions"},"function":{"name":"us-central1-api"},"extension":{},"message":"Finishing up request with event=finish"}}
[debug] [2026-09-02T04:13:04.383Z] Finishing up request with event=close {"metadata":{"emulator":{"name":"functions"},"function":{"name":"us-central1-api"},"extension":{},"message":"Finishing up request with event=close"}}
[debug] [2026-09-02T04:13:04.383Z] [work-queue] {"queuedWork":[],"queueLength":0,"runningWork":[],"workRunningCount":0}
[debug] [2026-09-02T04:13:04.391Z] [work-queue] {"queuedWork":["/iot-app-839a2/us-central1/api/users/me-2026-09-02T04:13:04.391Z"],"queueLength":1,"runningWork":[],"workRunningCount":0}
[debug] [2026-09-02T04:13:04.392Z] [work-queue] {"queuedWork":[],"queueLength":0,"runningWork":["/iot-app-839a2/us-central1/api/users/me-2026-09-02T04:13:04.391Z"],"workRunningCount":1}
[debug] [2026-09-02T04:13:04.392Z] Accepted request GET /iot-app-839a2/us-central1/api/users/me --> us-central1-api
[debug] [2026-09-02T04:13:04.395Z] [functions] Runtime ready! Sending request! {"metadata":{"emulator":{"name":"functions"},"message":"[functions] Runtime ready! Sending request!"}}
[debug] [2026-09-02T04:13:04.395Z] [functions] Got req.url=/iot-app-839a2/us-central1/api/users/me, mapping to path=/users/me {"metadata":{"emulator":{"name":"functions"},"message":"[functions] Got req.url=/iot-app-839a2/us-central1/api/users/me, mapping to path=/users/me"}}
[debug] [2026-09-02T04:13:04.395Z] [worker-pool] submitRequest(triggerId=us-central1-api) {"metadata":{"emulator":{"name":"functions"},"message":"[worker-pool] submitRequest(triggerId=us-central1-api)"}}
[info] i  functions: Beginning execution of "us-central1-api" {"metadata":{"emulator":{"name":"functions"},"function":{"name":"us-central1-api"},"extension":{},"message":"Beginning execution of \"us-central1-api\""}}
[debug] [2026-09-02T04:13:04.396Z] [worker-us-central1-api-6c25b63c-88d7-4ad3-83f8-7861ea919ec8]: BUSY {"metadata":{"emulator":{"name":"functions"},"function":{"name":"us-central1-api"},"extension":{},"message":"[worker-us-central1-api-6c25b63c-88d7-4ad3-83f8-7861ea919ec8]: BUSY"}}
[debug] [2026-09-02T04:13:04.968Z] Finishing up request with event=pause {"metadata":{"emulator":{"name":"functions"},"function":{"name":"us-central1-api"},"extension":{},"message":"Finishing up request with event=pause"}}
[info] i  functions: Finished "us-central1-api" in 572.3312ms {"metadata":{"emulator":{"name":"functions"},"function":{"name":"us-central1-api"},"extension":{},"message":"Finished \"us-central1-api\" in 572.3312ms"}}
[debug] [2026-09-02T04:13:04.969Z] [worker-us-central1-api-6c25b63c-88d7-4ad3-83f8-7861ea919ec8]: IDLE {"metadata":{"emulator":{"name":"functions"},"function":{"name":"us-central1-api"},"extension":{},"message":"[worker-us-central1-api-6c25b63c-88d7-4ad3-83f8-7861ea919ec8]: IDLE"}}
[debug] [2026-09-02T04:13:04.969Z] Finishing up request with event=finish {"metadata":{"emulator":{"name":"functions"},"function":{"name":"us-central1-api"},"extension":{},"message":"Finishing up request with event=finish"}}
[debug] [2026-09-02T04:13:04.969Z] Finishing up request with event=close {"metadata":{"emulator":{"name":"functions"},"function":{"name":"us-central1-api"},"extension":{},"message":"Finishing up request with event=close"}}
[debug] [2026-09-02T04:13:04.969Z] [work-queue] {"queuedWork":[],"queueLength":0,"runningWork":[],"workRunningCount":0}
[debug] [2026-09-02T04:32:45.047Z] [work-queue] {"queuedWork":["/iot-app-839a2/us-central1/api/boxes/ESP32_A1B2C3D4E5F6/messages/initiate-2026-09-02T04:32:45.047Z"],"queueLength":1,"runningWork":[],"workRunningCount":0}
[debug] [2026-09-02T04:32:45.048Z] [work-queue] {"queuedWork":[],"queueLength":0,"runningWork":["/iot-app-839a2/us-central1/api/boxes/ESP32_A1B2C3D4E5F6/messages/initiate-2026-09-02T04:32:45.047Z"],"workRunningCount":1}
[debug] [2026-09-02T04:32:45.048Z] Accepted request OPTIONS /iot-app-839a2/us-central1/api/boxes/ESP32_A1B2C3D4E5F6/messages/initiate --> us-central1-api
[debug] [2026-09-02T04:32:45.053Z] [functions] Runtime ready! Sending request! {"metadata":{"emulator":{"name":"functions"},"message":"[functions] Runtime ready! Sending request!"}}
[debug] [2026-09-02T04:32:45.053Z] [functions] Got req.url=/iot-app-839a2/us-central1/api/boxes/ESP32_A1B2C3D4E5F6/messages/initiate, mapping to path=/boxes/ESP32_A1B2C3D4E5F6/messages/initiate {"metadata":{"emulator":{"name":"functions"},"message":"[functions] Got req.url=/iot-app-839a2/us-central1/api/boxes/ESP32_A1B2C3D4E5F6/messages/initiate, mapping to path=/boxes/ESP32_A1B2C3D4E5F6/messages/initiate"}}
[debug] [2026-09-02T04:32:45.053Z] [worker-pool] submitRequest(triggerId=us-central1-api) {"metadata":{"emulator":{"name":"functions"},"message":"[worker-pool] submitRequest(triggerId=us-central1-api)"}}
[info] i  functions: Beginning execution of "us-central1-api" {"metadata":{"emulator":{"name":"functions"},"function":{"name":"us-central1-api"},"extension":{},"message":"Beginning execution of \"us-central1-api\""}}
[debug] [2026-09-02T04:32:45.055Z] [worker-us-central1-api-6c25b63c-88d7-4ad3-83f8-7861ea919ec8]: BUSY {"metadata":{"emulator":{"name":"functions"},"function":{"name":"us-central1-api"},"extension":{},"message":"[worker-us-central1-api-6c25b63c-88d7-4ad3-83f8-7861ea919ec8]: BUSY"}}
[debug] [2026-09-02T04:32:45.115Z] Finishing up request with event=pause {"metadata":{"emulator":{"name":"functions"},"function":{"name":"us-central1-api"},"extension":{},"message":"Finishing up request with event=pause"}}
[info] i  functions: Finished "us-central1-api" in 61.1001ms {"metadata":{"emulator":{"name":"functions"},"function":{"name":"us-central1-api"},"extension":{},"message":"Finished \"us-central1-api\" in 61.1001ms"}}
[debug] [2026-09-02T04:32:45.125Z] [worker-us-central1-api-6c25b63c-88d7-4ad3-83f8-7861ea919ec8]: IDLE {"metadata":{"emulator":{"name":"functions"},"function":{"name":"us-central1-api"},"extension":{},"message":"[worker-us-central1-api-6c25b63c-88d7-4ad3-83f8-7861ea919ec8]: IDLE"}}
[debug] [2026-09-02T04:32:45.126Z] Finishing up request with event=finish {"metadata":{"emulator":{"name":"functions"},"function":{"name":"us-central1-api"},"extension":{},"message":"Finishing up request with event=finish"}}
[debug] [2026-09-02T04:32:45.126Z] Finishing up request with event=close {"metadata":{"emulator":{"name":"functions"},"function":{"name":"us-central1-api"},"extension":{},"message":"Finishing up request with event=close"}}
[debug] [2026-09-02T04:32:45.126Z] [work-queue] {"queuedWork":[],"queueLength":0,"runningWork":[],"workRunningCount":0}
[debug] [2026-09-02T04:32:45.140Z] [work-queue] {"queuedWork":["/iot-app-839a2/us-central1/api/boxes/ESP32_A1B2C3D4E5F6/messages/initiate-2026-09-02T04:32:45.140Z"],"queueLength":1,"runningWork":[],"workRunningCount":0}
[debug] [2026-09-02T04:32:45.141Z] [work-queue] {"queuedWork":[],"queueLength":0,"runningWork":["/iot-app-839a2/us-central1/api/boxes/ESP32_A1B2C3D4E5F6/messages/initiate-2026-09-02T04:32:45.140Z"],"workRunningCount":1}
[debug] [2026-09-02T04:32:45.141Z] Accepted request POST /iot-app-839a2/us-central1/api/boxes/ESP32_A1B2C3D4E5F6/messages/initiate --> us-central1-api
[debug] [2026-09-02T04:32:45.151Z] [functions] Runtime ready! Sending request! {"metadata":{"emulator":{"name":"functions"},"message":"[functions] Runtime ready! Sending request!"}}
[debug] [2026-09-02T04:32:45.153Z] [functions] Got req.url=/iot-app-839a2/us-central1/api/boxes/ESP32_A1B2C3D4E5F6/messages/initiate, mapping to path=/boxes/ESP32_A1B2C3D4E5F6/messages/initiate {"metadata":{"emulator":{"name":"functions"},"message":"[functions] Got req.url=/iot-app-839a2/us-central1/api/boxes/ESP32_A1B2C3D4E5F6/messages/initiate, mapping to path=/boxes/ESP32_A1B2C3D4E5F6/messages/initiate"}}
[debug] [2026-09-02T04:32:45.153Z] [worker-pool] submitRequest(triggerId=us-central1-api) {"metadata":{"emulator":{"name":"functions"},"message":"[worker-pool] submitRequest(triggerId=us-central1-api)"}}
[info] i  functions: Beginning execution of "us-central1-api" {"metadata":{"emulator":{"name":"functions"},"function":{"name":"us-central1-api"},"extension":{},"message":"Beginning execution of \"us-central1-api\""}}
[debug] [2026-09-02T04:32:45.154Z] [worker-us-central1-api-6c25b63c-88d7-4ad3-83f8-7861ea919ec8]: BUSY {"metadata":{"emulator":{"name":"functions"},"function":{"name":"us-central1-api"},"extension":{},"message":"[worker-us-central1-api-6c25b63c-88d7-4ad3-83f8-7861ea919ec8]: BUSY"}}
[debug] [2026-09-02T04:32:45.508Z] Finishing up request with event=pause {"metadata":{"emulator":{"name":"functions"},"function":{"name":"us-central1-api"},"extension":{},"message":"Finishing up request with event=pause"}}
[info] i  functions: Finished "us-central1-api" in 354.7501ms {"metadata":{"emulator":{"name":"functions"},"function":{"name":"us-central1-api"},"extension":{},"message":"Finished \"us-central1-api\" in 354.7501ms"}}
[debug] [2026-09-02T04:32:45.515Z] [worker-us-central1-api-6c25b63c-88d7-4ad3-83f8-7861ea919ec8]: IDLE {"metadata":{"emulator":{"name":"functions"},"function":{"name":"us-central1-api"},"extension":{},"message":"[worker-us-central1-api-6c25b63c-88d7-4ad3-83f8-7861ea919ec8]: IDLE"}}
[debug] [2026-09-02T04:32:45.515Z] Finishing up request with event=finish {"metadata":{"emulator":{"name":"functions"},"function":{"name":"us-central1-api"},"extension":{},"message":"Finishing up request with event=finish"}}
[debug] [2026-09-02T04:32:45.515Z] Finishing up request with event=close {"metadata":{"emulator":{"name":"functions"},"function":{"name":"us-central1-api"},"extension":{},"message":"Finishing up request with event=close"}}
[debug] [2026-09-02T04:32:45.515Z] [work-queue] {"queuedWork":[],"queueLength":0,"runningWork":[],"workRunningCount":0}
[debug] [2026-09-02T04:32:57.411Z] [work-queue] {"queuedWork":["/iot-app-839a2/us-central1/api/boxes/ESP32_A1B2C3D4E5F6/messages/confirm-2026-09-02T04:32:57.411Z"],"queueLength":1,"runningWork":[],"workRunningCount":0}
[debug] [2026-09-02T04:32:57.412Z] [work-queue] {"queuedWork":[],"queueLength":0,"runningWork":["/iot-app-839a2/us-central1/api/boxes/ESP32_A1B2C3D4E5F6/messages/confirm-2026-09-02T04:32:57.411Z"],"workRunningCount":1}
[debug] [2026-09-02T04:32:57.412Z] Accepted request OPTIONS /iot-app-839a2/us-central1/api/boxes/ESP32_A1B2C3D4E5F6/messages/confirm --> us-central1-api
[debug] [2026-09-02T04:32:57.439Z] [functions] Runtime ready! Sending request! {"metadata":{"emulator":{"name":"functions"},"message":"[functions] Runtime ready! Sending request!"}}
[debug] [2026-09-02T04:32:57.439Z] [functions] Got req.url=/iot-app-839a2/us-central1/api/boxes/ESP32_A1B2C3D4E5F6/messages/confirm, mapping to path=/boxes/ESP32_A1B2C3D4E5F6/messages/confirm {"metadata":{"emulator":{"name":"functions"},"message":"[functions] Got req.url=/iot-app-839a2/us-central1/api/boxes/ESP32_A1B2C3D4E5F6/messages/confirm, mapping to path=/boxes/ESP32_A1B2C3D4E5F6/messages/confirm"}}
[debug] [2026-09-02T04:32:57.440Z] [worker-pool] submitRequest(triggerId=us-central1-api) {"metadata":{"emulator":{"name":"functions"},"message":"[worker-pool] submitRequest(triggerId=us-central1-api)"}}
[info] i  functions: Beginning execution of "us-central1-api" {"metadata":{"emulator":{"name":"functions"},"function":{"name":"us-central1-api"},"extension":{},"message":"Beginning execution of \"us-central1-api\""}}
[debug] [2026-09-02T04:32:57.460Z] [worker-us-central1-api-6c25b63c-88d7-4ad3-83f8-7861ea919ec8]: BUSY {"metadata":{"emulator":{"name":"functions"},"function":{"name":"us-central1-api"},"extension":{},"message":"[worker-us-central1-api-6c25b63c-88d7-4ad3-83f8-7861ea919ec8]: BUSY"}}
[debug] [2026-09-02T04:32:57.473Z] Finishing up request with event=pause {"metadata":{"emulator":{"name":"functions"},"function":{"name":"us-central1-api"},"extension":{},"message":"Finishing up request with event=pause"}}
[info] i  functions: Finished "us-central1-api" in 48.3638ms {"metadata":{"emulator":{"name":"functions"},"function":{"name":"us-central1-api"},"extension":{},"message":"Finished \"us-central1-api\" in 48.3638ms"}}
[debug] [2026-09-02T04:32:57.537Z] [worker-us-central1-api-6c25b63c-88d7-4ad3-83f8-7861ea919ec8]: IDLE {"metadata":{"emulator":{"name":"functions"},"function":{"name":"us-central1-api"},"extension":{},"message":"[worker-us-central1-api-6c25b63c-88d7-4ad3-83f8-7861ea919ec8]: IDLE"}}
[debug] [2026-09-02T04:32:57.553Z] Finishing up request with event=finish {"metadata":{"emulator":{"name":"functions"},"function":{"name":"us-central1-api"},"extension":{},"message":"Finishing up request with event=finish"}}
[debug] [2026-09-02T04:32:57.553Z] Finishing up request with event=close {"metadata":{"emulator":{"name":"functions"},"function":{"name":"us-central1-api"},"extension":{},"message":"Finishing up request with event=close"}}
[debug] [2026-09-02T04:32:57.553Z] [work-queue] {"queuedWork":[],"queueLength":0,"runningWork":[],"workRunningCount":0}
[debug] [2026-09-02T04:32:57.554Z] [work-queue] {"queuedWork":["/iot-app-839a2/us-central1/api/boxes/ESP32_A1B2C3D4E5F6/messages/confirm-2026-09-02T04:32:57.554Z"],"queueLength":1,"runningWork":[],"workRunningCount":0}
[debug] [2026-09-02T04:32:57.555Z] [work-queue] {"queuedWork":[],"queueLength":0,"runningWork":["/iot-app-839a2/us-central1/api/boxes/ESP32_A1B2C3D4E5F6/messages/confirm-2026-09-02T04:32:57.554Z"],"workRunningCount":1}
[debug] [2026-09-02T04:32:57.555Z] Accepted request POST /iot-app-839a2/us-central1/api/boxes/ESP32_A1B2C3D4E5F6/messages/confirm --> us-central1-api
[debug] [2026-09-02T04:32:57.577Z] [functions] Runtime ready! Sending request! {"metadata":{"emulator":{"name":"functions"},"message":"[functions] Runtime ready! Sending request!"}}
[debug] [2026-09-02T04:32:57.577Z] [functions] Got req.url=/iot-app-839a2/us-central1/api/boxes/ESP32_A1B2C3D4E5F6/messages/confirm, mapping to path=/boxes/ESP32_A1B2C3D4E5F6/messages/confirm {"metadata":{"emulator":{"name":"functions"},"message":"[functions] Got req.url=/iot-app-839a2/us-central1/api/boxes/ESP32_A1B2C3D4E5F6/messages/confirm, mapping to path=/boxes/ESP32_A1B2C3D4E5F6/messages/confirm"}}
[debug] [2026-09-02T04:32:57.577Z] [worker-pool] submitRequest(triggerId=us-central1-api) {"metadata":{"emulator":{"name":"functions"},"message":"[worker-pool] submitRequest(triggerId=us-central1-api)"}}
[info] i  functions: Beginning execution of "us-central1-api" {"metadata":{"emulator":{"name":"functions"},"function":{"name":"us-central1-api"},"extension":{},"message":"Beginning execution of \"us-central1-api\""}}
[debug] [2026-09-02T04:32:57.608Z] [worker-us-central1-api-6c25b63c-88d7-4ad3-83f8-7861ea919ec8]: BUSY {"metadata":{"emulator":{"name":"functions"},"function":{"name":"us-central1-api"},"extension":{},"message":"[worker-us-central1-api-6c25b63c-88d7-4ad3-83f8-7861ea919ec8]: BUSY"}}
[warn] !  Google API requested!
   - URL: "https://storage.googleapis.com/storage/v1/b/iot-app-839a2.firebasestorage.app/o/media%2FESP32_A1B2C3D4E5F6%2Fmsg_1788323565486%2Fvideo.bin?"
   - Be careful, this may be a production service. {"metadata":{"emulator":{"name":"functions"},"function":{"name":"us-central1-api"},"extension":{},"message":"Google API requested!\n   - URL: \"https://storage.googleapis.com/storage/v1/b/iot-app-839a2.firebasestorage.app/o/media%2FESP32_A1B2C3D4E5F6%2Fmsg_1788323565486%2Fvideo.bin?\"\n   - Be careful, this may be a production service."}}
[warn] !  Google API requested!
   - URL: "https://storage.googleapis.com/storage/v1/b/iot-app-839a2.firebasestorage.app/o/media%2FESP32_A1B2C3D4E5F6%2Fmsg_1788323565486%2Fvoice.wav?"
   - Be careful, this may be a production service. {"metadata":{"emulator":{"name":"functions"},"function":{"name":"us-central1-api"},"extension":{},"message":"Google API requested!\n   - URL: \"https://storage.googleapis.com/storage/v1/b/iot-app-839a2.firebasestorage.app/o/media%2FESP32_A1B2C3D4E5F6%2Fmsg_1788323565486%2Fvoice.wav?\"\n   - Be careful, this may be a production service."}}
[warn] !  Google API requested!
   - URL: "https://storage.googleapis.com/storage/v1/b/iot-app-839a2.firebasestorage.app/o/media%2FESP32_A1B2C3D4E5F6%2Fmsg_1788323565486%2Fthumb.jpg?"
   - Be careful, this may be a production service. {"metadata":{"emulator":{"name":"functions"},"function":{"name":"us-central1-api"},"extension":{},"message":"Google API requested!\n   - URL: \"https://storage.googleapis.com/storage/v1/b/iot-app-839a2.firebasestorage.app/o/media%2FESP32_A1B2C3D4E5F6%2Fmsg_1788323565486%2Fthumb.jpg?\"\n   - Be careful, this may be a production service."}}
[warn] !  Google API requested!
   - URL: "https://storage.googleapis.com/storage/v1/b/iot-app-839a2.firebasestorage.app/o/media%2FESP32_A1B2C3D4E5F6%2Fmsg_1788323565486%2Foriginal.mp4?"
   - Be careful, this may be a production service. {"metadata":{"emulator":{"name":"functions"},"function":{"name":"us-central1-api"},"extension":{},"message":"Google API requested!\n   - URL: \"https://storage.googleapis.com/storage/v1/b/iot-app-839a2.firebasestorage.app/o/media%2FESP32_A1B2C3D4E5F6%2Fmsg_1788323565486%2Foriginal.mp4?\"\n   - Be careful, this may be a production service."}}
[debug] [2026-09-02T04:33:03.812Z] Finishing up request with event=pause {"metadata":{"emulator":{"name":"functions"},"function":{"name":"us-central1-api"},"extension":{},"message":"Finishing up request with event=pause"}}
[info] i  functions: Finished "us-central1-api" in 6204.4837ms {"metadata":{"emulator":{"name":"functions"},"function":{"name":"us-central1-api"},"extension":{},"message":"Finished \"us-central1-api\" in 6204.4837ms"}}
[debug] [2026-09-02T04:33:03.815Z] [worker-us-central1-api-6c25b63c-88d7-4ad3-83f8-7861ea919ec8]: IDLE {"metadata":{"emulator":{"name":"functions"},"function":{"name":"us-central1-api"},"extension":{},"message":"[worker-us-central1-api-6c25b63c-88d7-4ad3-83f8-7861ea919ec8]: IDLE"}}
[debug] [2026-09-02T04:33:03.817Z] Finishing up request with event=finish {"metadata":{"emulator":{"name":"functions"},"function":{"name":"us-central1-api"},"extension":{},"message":"Finishing up request with event=finish"}}
[debug] [2026-09-02T04:33:03.818Z] Finishing up request with event=close {"metadata":{"emulator":{"name":"functions"},"function":{"name":"us-central1-api"},"extension":{},"message":"Finishing up request with event=close"}}
[debug] [2026-09-02T04:33:03.818Z] [work-queue] {"queuedWork":[],"queueLength":0,"runningWork":[],"workRunningCount":0}
[info] >  [2026-09-02T06:06:34.993Z]  @firebase/database: FIREBASE WARNING: {"code":"app/invalid-credential","message":"Credential implementation provided to initializeApp() via the \"credential\" property failed to fetch a valid Google OAuth2 access token with the following error: \"Error fetching access token: Error while making request: getaddrinfo ENOTFOUND accounts.google.com. Error code: ENOTFOUND\"."}  {"user":"[2026-09-02T06:06:34.993Z]  @firebase/database: FIREBASE WARNING: {\"code\":\"app/invalid-credential\",\"message\":\"Credential implementation provided to initializeApp() via the \\\"credential\\\" property failed to fetch a valid Google OAuth2 access token with the following error: \\\"Error fetching access token: Error while making request: getaddrinfo ENOTFOUND accounts.google.com. Error code: ENOTFOUND\\\".\"} ","metadata":{"emulator":{"name":"functions"},"function":{"name":"us-central1-api"},"extension":{},"message":"\u001b[90m> \u001b[39m [2026-09-02T06:06:34.993Z]  @firebase/database: FIREBASE WARNING: {\"code\":\"app/invalid-credential\",\"message\":\"Credential implementation provided to initializeApp() via the \\\"credential\\\" property failed to fetch a valid Google OAuth2 access token with the following error: \\\"Error fetching access token: Error while making request: getaddrinfo ENOTFOUND accounts.google.com. Error code: ENOTFOUND\\\".\"} "}}
[info] >  [2026-09-02T06:06:35.307Z]  @firebase/database: FIREBASE WARNING: {"code":"app/invalid-credential","message":"Credential implementation provided to initializeApp() via the \"credential\" property failed to fetch a valid Google OAuth2 access token with the following error: \"Error fetching access token: Error while making request: getaddrinfo ENOTFOUND accounts.google.com. Error code: ENOTFOUND\"."}  {"user":"[2026-09-02T06:06:35.307Z]  @firebase/database: FIREBASE WARNING: {\"code\":\"app/invalid-credential\",\"message\":\"Credential implementation provided to initializeApp() via the \\\"credential\\\" property failed to fetch a valid Google OAuth2 access token with the following error: \\\"Error fetching access token: Error while making request: getaddrinfo ENOTFOUND accounts.google.com. Error code: ENOTFOUND\\\".\"} ","metadata":{"emulator":{"name":"functions"},"function":{"name":"us-central1-api"},"extension":{},"message":"\u001b[90m> \u001b[39m [2026-09-02T06:06:35.307Z]  @firebase/database: FIREBASE WARNING: {\"code\":\"app/invalid-credential\",\"message\":\"Credential implementation provided to initializeApp() via the \\\"credential\\\" property failed to fetch a valid Google OAuth2 access token with the following error: \\\"Error fetching access token: Error while making request: getaddrinfo ENOTFOUND accounts.google.com. Error code: ENOTFOUND\\\".\"} "}}
[info] >  [2026-09-02T06:06:36.517Z]  @firebase/database: FIREBASE WARNING: {"code":"app/invalid-credential","message":"Credential implementation provided to initializeApp() via the \"credential\" property failed to fetch a valid Google OAuth2 access token with the following error: \"Error fetching access token: Error while making request: getaddrinfo ENOTFOUND accounts.google.com. Error code: ENOTFOUND\"."}  {"user":"[2026-09-02T06:06:36.517Z]  @firebase/database: FIREBASE WARNING: {\"code\":\"app/invalid-credential\",\"message\":\"Credential implementation provided to initializeApp() via the \\\"credential\\\" property failed to fetch a valid Google OAuth2 access token with the following error: \\\"Error fetching access token: Error while making request: getaddrinfo ENOTFOUND accounts.google.com. Error code: ENOTFOUND\\\".\"} ","metadata":{"emulator":{"name":"functions"},"function":{"name":"us-central1-api"},"extension":{},"message":"\u001b[90m> \u001b[39m [2026-09-02T06:06:36.517Z]  @firebase/database: FIREBASE WARNING: {\"code\":\"app/invalid-credential\",\"message\":\"Credential implementation provided to initializeApp() via the \\\"credential\\\" property failed to fetch a valid Google OAuth2 access token with the following error: \\\"Error fetching access token: Error while making request: getaddrinfo ENOTFOUND accounts.google.com. Error code: ENOTFOUND\\\".\"} "}}
[info] >  [2026-09-02T06:06:37.571Z]  @firebase/database: FIREBASE WARNING: {"code":"app/invalid-credential","message":"Credential implementation provided to initializeApp() via the \"credential\" property failed to fetch a valid Google OAuth2 access token with the following error: \"Error fetching access token: Error while making request: getaddrinfo ENOTFOUND accounts.google.com. Error code: ENOTFOUND\"."}  {"user":"[2026-09-02T06:06:37.571Z]  @firebase/database: FIREBASE WARNING: {\"code\":\"app/invalid-credential\",\"message\":\"Credential implementation provided to initializeApp() via the \\\"credential\\\" property failed to fetch a valid Google OAuth2 access token with the following error: \\\"Error fetching access token: Error while making request: getaddrinfo ENOTFOUND accounts.google.com. Error code: ENOTFOUND\\\".\"} ","metadata":{"emulator":{"name":"functions"},"function":{"name":"us-central1-api"},"extension":{},"message":"\u001b[90m> \u001b[39m [2026-09-02T06:06:37.571Z]  @firebase/database: FIREBASE WARNING: {\"code\":\"app/invalid-credential\",\"message\":\"Credential implementation provided to initializeApp() via the \\\"credential\\\" property failed to fetch a valid Google OAuth2 access token with the following error: \\\"Error fetching access token: Error while making request: getaddrinfo ENOTFOUND accounts.google.com. Error code: ENOTFOUND\\\".\"} "}}
[info] >  [2026-09-02T06:06:39.010Z]  @firebase/database: FIREBASE WARNING: {"code":"app/invalid-credential","message":"Credential implementation provided to initializeApp() via the \"credential\" property failed to fetch a valid Google OAuth2 access token with the following error: \"Error fetching access token: Error while making request: getaddrinfo ENOTFOUND accounts.google.com. Error code: ENOTFOUND\"."}  {"user":"[2026-09-02T06:06:39.010Z]  @firebase/database: FIREBASE WARNING: {\"code\":\"app/invalid-credential\",\"message\":\"Credential implementation provided to initializeApp() via the \\\"credential\\\" property failed to fetch a valid Google OAuth2 access token with the following error: \\\"Error fetching access token: Error while making request: getaddrinfo ENOTFOUND accounts.google.com. Error code: ENOTFOUND\\\".\"} ","metadata":{"emulator":{"name":"functions"},"function":{"name":"us-central1-api"},"extension":{},"message":"\u001b[90m> \u001b[39m [2026-09-02T06:06:39.010Z]  @firebase/database: FIREBASE WARNING: {\"code\":\"app/invalid-credential\",\"message\":\"Credential implementation provided to initializeApp() via the \\\"credential\\\" property failed to fetch a valid Google OAuth2 access token with the following error: \\\"Error fetching access token: Error while making request: getaddrinfo ENOTFOUND accounts.google.com. Error code: ENOTFOUND\\\".\"} "}}
[debug] [2026-09-02T06:14:56.853Z] [work-queue] {"queuedWork":["/iot-app-839a2/us-central1/api/users/me-2026-09-02T06:14:56.852Z"],"queueLength":1,"runningWork":[],"workRunningCount":0}
[debug] [2026-09-02T06:14:56.853Z] [work-queue] {"queuedWork":[],"queueLength":0,"runningWork":["/iot-app-839a2/us-central1/api/users/me-2026-09-02T06:14:56.852Z"],"workRunningCount":1}
[debug] [2026-09-02T06:14:56.853Z] Accepted request OPTIONS /iot-app-839a2/us-central1/api/users/me --> us-central1-api
[debug] [2026-09-02T06:14:56.861Z] [functions] Runtime ready! Sending request! {"metadata":{"emulator":{"name":"functions"},"message":"[functions] Runtime ready! Sending request!"}}
[debug] [2026-09-02T06:14:56.862Z] [functions] Got req.url=/iot-app-839a2/us-central1/api/users/me, mapping to path=/users/me {"metadata":{"emulator":{"name":"functions"},"message":"[functions] Got req.url=/iot-app-839a2/us-central1/api/users/me, mapping to path=/users/me"}}
[debug] [2026-09-02T06:14:56.862Z] [worker-pool] submitRequest(triggerId=us-central1-api) {"metadata":{"emulator":{"name":"functions"},"message":"[worker-pool] submitRequest(triggerId=us-central1-api)"}}
[info] i  functions: Beginning execution of "us-central1-api" {"metadata":{"emulator":{"name":"functions"},"function":{"name":"us-central1-api"},"extension":{},"message":"Beginning execution of \"us-central1-api\""}}
[debug] [2026-09-02T06:14:56.865Z] [worker-us-central1-api-6c25b63c-88d7-4ad3-83f8-7861ea919ec8]: BUSY {"metadata":{"emulator":{"name":"functions"},"function":{"name":"us-central1-api"},"extension":{},"message":"[worker-us-central1-api-6c25b63c-88d7-4ad3-83f8-7861ea919ec8]: BUSY"}}
[debug] [2026-09-02T06:14:56.870Z] Finishing up request with event=pause {"metadata":{"emulator":{"name":"functions"},"function":{"name":"us-central1-api"},"extension":{},"message":"Finishing up request with event=pause"}}
[info] i  functions: Finished "us-central1-api" in 5.8709ms {"metadata":{"emulator":{"name":"functions"},"function":{"name":"us-central1-api"},"extension":{},"message":"Finished \"us-central1-api\" in 5.8709ms"}}
[debug] [2026-09-02T06:14:56.872Z] [worker-us-central1-api-6c25b63c-88d7-4ad3-83f8-7861ea919ec8]: IDLE {"metadata":{"emulator":{"name":"functions"},"function":{"name":"us-central1-api"},"extension":{},"message":"[worker-us-central1-api-6c25b63c-88d7-4ad3-83f8-7861ea919ec8]: IDLE"}}
[debug] [2026-09-02T06:14:56.872Z] Finishing up request with event=finish {"metadata":{"emulator":{"name":"functions"},"function":{"name":"us-central1-api"},"extension":{},"message":"Finishing up request with event=finish"}}
[debug] [2026-09-02T06:14:56.873Z] Finishing up request with event=close {"metadata":{"emulator":{"name":"functions"},"function":{"name":"us-central1-api"},"extension":{},"message":"Finishing up request with event=close"}}
[debug] [2026-09-02T06:14:56.873Z] [work-queue] {"queuedWork":[],"queueLength":0,"runningWork":[],"workRunningCount":0}
[debug] [2026-09-02T06:14:56.877Z] [work-queue] {"queuedWork":["/iot-app-839a2/us-central1/api/users/me-2026-09-02T06:14:56.877Z"],"queueLength":1,"runningWork":[],"workRunningCount":0}
[debug] [2026-09-02T06:14:56.878Z] [work-queue] {"queuedWork":[],"queueLength":0,"runningWork":["/iot-app-839a2/us-central1/api/users/me-2026-09-02T06:14:56.877Z"],"workRunningCount":1}
[debug] [2026-09-02T06:14:56.878Z] Accepted request GET /iot-app-839a2/us-central1/api/users/me --> us-central1-api
[debug] [2026-09-02T06:14:56.880Z] [functions] Runtime ready! Sending request! {"metadata":{"emulator":{"name":"functions"},"message":"[functions] Runtime ready! Sending request!"}}
[debug] [2026-09-02T06:14:56.880Z] [functions] Got req.url=/iot-app-839a2/us-central1/api/users/me, mapping to path=/users/me {"metadata":{"emulator":{"name":"functions"},"message":"[functions] Got req.url=/iot-app-839a2/us-central1/api/users/me, mapping to path=/users/me"}}
[debug] [2026-09-02T06:14:56.881Z] [worker-pool] submitRequest(triggerId=us-central1-api) {"metadata":{"emulator":{"name":"functions"},"message":"[worker-pool] submitRequest(triggerId=us-central1-api)"}}
[info] i  functions: Beginning execution of "us-central1-api" {"metadata":{"emulator":{"name":"functions"},"function":{"name":"us-central1-api"},"extension":{},"message":"Beginning execution of \"us-central1-api\""}}
[debug] [2026-09-02T06:14:56.881Z] [worker-us-central1-api-6c25b63c-88d7-4ad3-83f8-7861ea919ec8]: BUSY {"metadata":{"emulator":{"name":"functions"},"function":{"name":"us-central1-api"},"extension":{},"message":"[worker-us-central1-api-6c25b63c-88d7-4ad3-83f8-7861ea919ec8]: BUSY"}}
[debug] [2026-09-02T06:14:57.130Z] Finishing up request with event=pause {"metadata":{"emulator":{"name":"functions"},"function":{"name":"us-central1-api"},"extension":{},"message":"Finishing up request with event=pause"}}
[info] i  functions: Finished "us-central1-api" in 248.7275ms {"metadata":{"emulator":{"name":"functions"},"function":{"name":"us-central1-api"},"extension":{},"message":"Finished \"us-central1-api\" in 248.7275ms"}}
[debug] [2026-09-02T06:14:57.131Z] [worker-us-central1-api-6c25b63c-88d7-4ad3-83f8-7861ea919ec8]: IDLE {"metadata":{"emulator":{"name":"functions"},"function":{"name":"us-central1-api"},"extension":{},"message":"[worker-us-central1-api-6c25b63c-88d7-4ad3-83f8-7861ea919ec8]: IDLE"}}
[debug] [2026-09-02T06:14:57.131Z] Finishing up request with event=finish {"metadata":{"emulator":{"name":"functions"},"function":{"name":"us-central1-api"},"extension":{},"message":"Finishing up request with event=finish"}}
[debug] [2026-09-02T06:14:57.131Z] Finishing up request with event=close {"metadata":{"emulator":{"name":"functions"},"function":{"name":"us-central1-api"},"extension":{},"message":"Finishing up request with event=close"}}
[debug] [2026-09-02T06:14:57.132Z] [work-queue] {"queuedWork":[],"queueLength":0,"runningWork":[],"workRunningCount":0}
[debug] [2026-09-02T06:15:10.747Z] [work-queue] {"queuedWork":["/iot-app-839a2/us-central1/api/boxes/ESP32_A1B2C3D4E5F6/messages/initiate-2026-09-02T06:15:10.747Z"],"queueLength":1,"runningWork":[],"workRunningCount":0}
[debug] [2026-09-02T06:15:10.748Z] [work-queue] {"queuedWork":[],"queueLength":0,"runningWork":["/iot-app-839a2/us-central1/api/boxes/ESP32_A1B2C3D4E5F6/messages/initiate-2026-09-02T06:15:10.747Z"],"workRunningCount":1}
[debug] [2026-09-02T06:15:10.748Z] Accepted request OPTIONS /iot-app-839a2/us-central1/api/boxes/ESP32_A1B2C3D4E5F6/messages/initiate --> us-central1-api
[debug] [2026-09-02T06:15:10.753Z] [functions] Runtime ready! Sending request! {"metadata":{"emulator":{"name":"functions"},"message":"[functions] Runtime ready! Sending request!"}}
[debug] [2026-09-02T06:15:10.753Z] [functions] Got req.url=/iot-app-839a2/us-central1/api/boxes/ESP32_A1B2C3D4E5F6/messages/initiate, mapping to path=/boxes/ESP32_A1B2C3D4E5F6/messages/initiate {"metadata":{"emulator":{"name":"functions"},"message":"[functions] Got req.url=/iot-app-839a2/us-central1/api/boxes/ESP32_A1B2C3D4E5F6/messages/initiate, mapping to path=/boxes/ESP32_A1B2C3D4E5F6/messages/initiate"}}
[debug] [2026-09-02T06:15:10.754Z] [worker-pool] submitRequest(triggerId=us-central1-api) {"metadata":{"emulator":{"name":"functions"},"message":"[worker-pool] submitRequest(triggerId=us-central1-api)"}}
[info] i  functions: Beginning execution of "us-central1-api" {"metadata":{"emulator":{"name":"functions"},"function":{"name":"us-central1-api"},"extension":{},"message":"Beginning execution of \"us-central1-api\""}}
[debug] [2026-09-02T06:15:10.754Z] [worker-us-central1-api-6c25b63c-88d7-4ad3-83f8-7861ea919ec8]: BUSY {"metadata":{"emulator":{"name":"functions"},"function":{"name":"us-central1-api"},"extension":{},"message":"[worker-us-central1-api-6c25b63c-88d7-4ad3-83f8-7861ea919ec8]: BUSY"}}
[debug] [2026-09-02T06:15:10.758Z] Finishing up request with event=pause {"metadata":{"emulator":{"name":"functions"},"function":{"name":"us-central1-api"},"extension":{},"message":"Finishing up request with event=pause"}}
[info] i  functions: Finished "us-central1-api" in 3.8561ms {"metadata":{"emulator":{"name":"functions"},"function":{"name":"us-central1-api"},"extension":{},"message":"Finished \"us-central1-api\" in 3.8561ms"}}
[debug] [2026-09-02T06:15:10.759Z] [worker-us-central1-api-6c25b63c-88d7-4ad3-83f8-7861ea919ec8]: IDLE {"metadata":{"emulator":{"name":"functions"},"function":{"name":"us-central1-api"},"extension":{},"message":"[worker-us-central1-api-6c25b63c-88d7-4ad3-83f8-7861ea919ec8]: IDLE"}}
[debug] [2026-09-02T06:15:10.760Z] Finishing up request with event=finish {"metadata":{"emulator":{"name":"functions"},"function":{"name":"us-central1-api"},"extension":{},"message":"Finishing up request with event=finish"}}
[debug] [2026-09-02T06:15:10.761Z] Finishing up request with event=close {"metadata":{"emulator":{"name":"functions"},"function":{"name":"us-central1-api"},"extension":{},"message":"Finishing up request with event=close"}}
[debug] [2026-09-02T06:15:10.761Z] [work-queue] {"queuedWork":[],"queueLength":0,"runningWork":[],"workRunningCount":0}
[debug] [2026-09-02T06:15:10.765Z] [work-queue] {"queuedWork":["/iot-app-839a2/us-central1/api/boxes/ESP32_A1B2C3D4E5F6/messages/initiate-2026-09-02T06:15:10.765Z"],"queueLength":1,"runningWork":[],"workRunningCount":0}
[debug] [2026-09-02T06:15:10.765Z] [work-queue] {"queuedWork":[],"queueLength":0,"runningWork":["/iot-app-839a2/us-central1/api/boxes/ESP32_A1B2C3D4E5F6/messages/initiate-2026-09-02T06:15:10.765Z"],"workRunningCount":1}
[debug] [2026-09-02T06:15:10.766Z] Accepted request POST /iot-app-839a2/us-central1/api/boxes/ESP32_A1B2C3D4E5F6/messages/initiate --> us-central1-api
[debug] [2026-09-02T06:15:10.769Z] [functions] Runtime ready! Sending request! {"metadata":{"emulator":{"name":"functions"},"message":"[functions] Runtime ready! Sending request!"}}
[debug] [2026-09-02T06:15:10.769Z] [functions] Got req.url=/iot-app-839a2/us-central1/api/boxes/ESP32_A1B2C3D4E5F6/messages/initiate, mapping to path=/boxes/ESP32_A1B2C3D4E5F6/messages/initiate {"metadata":{"emulator":{"name":"functions"},"message":"[functions] Got req.url=/iot-app-839a2/us-central1/api/boxes/ESP32_A1B2C3D4E5F6/messages/initiate, mapping to path=/boxes/ESP32_A1B2C3D4E5F6/messages/initiate"}}
[debug] [2026-09-02T06:15:10.770Z] [worker-pool] submitRequest(triggerId=us-central1-api) {"metadata":{"emulator":{"name":"functions"},"message":"[worker-pool] submitRequest(triggerId=us-central1-api)"}}
[info] i  functions: Beginning execution of "us-central1-api" {"metadata":{"emulator":{"name":"functions"},"function":{"name":"us-central1-api"},"extension":{},"message":"Beginning execution of \"us-central1-api\""}}
[debug] [2026-09-02T06:15:10.770Z] [worker-us-central1-api-6c25b63c-88d7-4ad3-83f8-7861ea919ec8]: BUSY {"metadata":{"emulator":{"name":"functions"},"function":{"name":"us-central1-api"},"extension":{},"message":"[worker-us-central1-api-6c25b63c-88d7-4ad3-83f8-7861ea919ec8]: BUSY"}}
[debug] [2026-09-02T06:15:11.143Z] Finishing up request with event=pause {"metadata":{"emulator":{"name":"functions"},"function":{"name":"us-central1-api"},"extension":{},"message":"Finishing up request with event=pause"}}
[info] i  functions: Finished "us-central1-api" in 373.6106ms {"metadata":{"emulator":{"name":"functions"},"function":{"name":"us-central1-api"},"extension":{},"message":"Finished \"us-central1-api\" in 373.6106ms"}}
[debug] [2026-09-02T06:15:11.145Z] [worker-us-central1-api-6c25b63c-88d7-4ad3-83f8-7861ea919ec8]: IDLE {"metadata":{"emulator":{"name":"functions"},"function":{"name":"us-central1-api"},"extension":{},"message":"[worker-us-central1-api-6c25b63c-88d7-4ad3-83f8-7861ea919ec8]: IDLE"}}
[debug] [2026-09-02T06:15:11.145Z] Finishing up request with event=finish {"metadata":{"emulator":{"name":"functions"},"function":{"name":"us-central1-api"},"extension":{},"message":"Finishing up request with event=finish"}}
[debug] [2026-09-02T06:15:11.145Z] Finishing up request with event=close {"metadata":{"emulator":{"name":"functions"},"function":{"name":"us-central1-api"},"extension":{},"message":"Finishing up request with event=close"}}
[debug] [2026-09-02T06:15:11.146Z] [work-queue] {"queuedWork":[],"queueLength":0,"runningWork":[],"workRunningCount":0}
[debug] [2026-09-02T06:15:15.976Z] [work-queue] {"queuedWork":["/iot-app-839a2/us-central1/api/boxes/ESP32_A1B2C3D4E5F6/messages/confirm-2026-09-02T06:15:15.976Z"],"queueLength":1,"runningWork":[],"workRunningCount":0}
[debug] [2026-09-02T06:15:15.976Z] [work-queue] {"queuedWork":[],"queueLength":0,"runningWork":["/iot-app-839a2/us-central1/api/boxes/ESP32_A1B2C3D4E5F6/messages/confirm-2026-09-02T06:15:15.976Z"],"workRunningCount":1}
[debug] [2026-09-02T06:15:15.976Z] Accepted request OPTIONS /iot-app-839a2/us-central1/api/boxes/ESP32_A1B2C3D4E5F6/messages/confirm --> us-central1-api
[debug] [2026-09-02T06:15:15.981Z] [functions] Runtime ready! Sending request! {"metadata":{"emulator":{"name":"functions"},"message":"[functions] Runtime ready! Sending request!"}}
[debug] [2026-09-02T06:15:15.981Z] [functions] Got req.url=/iot-app-839a2/us-central1/api/boxes/ESP32_A1B2C3D4E5F6/messages/confirm, mapping to path=/boxes/ESP32_A1B2C3D4E5F6/messages/confirm {"metadata":{"emulator":{"name":"functions"},"message":"[functions] Got req.url=/iot-app-839a2/us-central1/api/boxes/ESP32_A1B2C3D4E5F6/messages/confirm, mapping to path=/boxes/ESP32_A1B2C3D4E5F6/messages/confirm"}}
[debug] [2026-09-02T06:15:15.981Z] [worker-pool] submitRequest(triggerId=us-central1-api) {"metadata":{"emulator":{"name":"functions"},"message":"[worker-pool] submitRequest(triggerId=us-central1-api)"}}
[info] i  functions: Beginning execution of "us-central1-api" {"metadata":{"emulator":{"name":"functions"},"function":{"name":"us-central1-api"},"extension":{},"message":"Beginning execution of \"us-central1-api\""}}
[debug] [2026-09-02T06:15:15.983Z] [worker-us-central1-api-6c25b63c-88d7-4ad3-83f8-7861ea919ec8]: BUSY {"metadata":{"emulator":{"name":"functions"},"function":{"name":"us-central1-api"},"extension":{},"message":"[worker-us-central1-api-6c25b63c-88d7-4ad3-83f8-7861ea919ec8]: BUSY"}}
[debug] [2026-09-02T06:15:15.988Z] Finishing up request with event=pause {"metadata":{"emulator":{"name":"functions"},"function":{"name":"us-central1-api"},"extension":{},"message":"Finishing up request with event=pause"}}
[info] i  functions: Finished "us-central1-api" in 4.9592ms {"metadata":{"emulator":{"name":"functions"},"function":{"name":"us-central1-api"},"extension":{},"message":"Finished \"us-central1-api\" in 4.9592ms"}}
[debug] [2026-09-02T06:15:15.990Z] [worker-us-central1-api-6c25b63c-88d7-4ad3-83f8-7861ea919ec8]: IDLE {"metadata":{"emulator":{"name":"functions"},"function":{"name":"us-central1-api"},"extension":{},"message":"[worker-us-central1-api-6c25b63c-88d7-4ad3-83f8-7861ea919ec8]: IDLE"}}
[debug] [2026-09-02T06:15:15.990Z] Finishing up request with event=finish {"metadata":{"emulator":{"name":"functions"},"function":{"name":"us-central1-api"},"extension":{},"message":"Finishing up request with event=finish"}}
[debug] [2026-09-02T06:15:15.990Z] Finishing up request with event=close {"metadata":{"emulator":{"name":"functions"},"function":{"name":"us-central1-api"},"extension":{},"message":"Finishing up request with event=close"}}
[debug] [2026-09-02T06:15:15.990Z] [work-queue] {"queuedWork":[],"queueLength":0,"runningWork":[],"workRunningCount":0}
[debug] [2026-09-02T06:15:15.996Z] [work-queue] {"queuedWork":["/iot-app-839a2/us-central1/api/boxes/ESP32_A1B2C3D4E5F6/messages/confirm-2026-09-02T06:15:15.996Z"],"queueLength":1,"runningWork":[],"workRunningCount":0}
[debug] [2026-09-02T06:15:15.996Z] [work-queue] {"queuedWork":[],"queueLength":0,"runningWork":["/iot-app-839a2/us-central1/api/boxes/ESP32_A1B2C3D4E5F6/messages/confirm-2026-09-02T06:15:15.996Z"],"workRunningCount":1}
[debug] [2026-09-02T06:15:15.996Z] Accepted request POST /iot-app-839a2/us-central1/api/boxes/ESP32_A1B2C3D4E5F6/messages/confirm --> us-central1-api
[debug] [2026-09-02T06:15:16.001Z] [functions] Runtime ready! Sending request! {"metadata":{"emulator":{"name":"functions"},"message":"[functions] Runtime ready! Sending request!"}}
[debug] [2026-09-02T06:15:16.001Z] [functions] Got req.url=/iot-app-839a2/us-central1/api/boxes/ESP32_A1B2C3D4E5F6/messages/confirm, mapping to path=/boxes/ESP32_A1B2C3D4E5F6/messages/confirm {"metadata":{"emulator":{"name":"functions"},"message":"[functions] Got req.url=/iot-app-839a2/us-central1/api/boxes/ESP32_A1B2C3D4E5F6/messages/confirm, mapping to path=/boxes/ESP32_A1B2C3D4E5F6/messages/confirm"}}
[debug] [2026-09-02T06:15:16.002Z] [worker-pool] submitRequest(triggerId=us-central1-api) {"metadata":{"emulator":{"name":"functions"},"message":"[worker-pool] submitRequest(triggerId=us-central1-api)"}}
[info] i  functions: Beginning execution of "us-central1-api" {"metadata":{"emulator":{"name":"functions"},"function":{"name":"us-central1-api"},"extension":{},"message":"Beginning execution of \"us-central1-api\""}}
[debug] [2026-09-02T06:15:16.004Z] [worker-us-central1-api-6c25b63c-88d7-4ad3-83f8-7861ea919ec8]: BUSY {"metadata":{"emulator":{"name":"functions"},"function":{"name":"us-central1-api"},"extension":{},"message":"[worker-us-central1-api-6c25b63c-88d7-4ad3-83f8-7861ea919ec8]: BUSY"}}
[warn] !  Google API requested!
   - URL: "https://storage.googleapis.com/storage/v1/b/iot-app-839a2.firebasestorage.app/o/media%2FESP32_A1B2C3D4E5F6%2Fmsg_1788329711129%2Fvideo.bin?"
   - Be careful, this may be a production service. {"metadata":{"emulator":{"name":"functions"},"function":{"name":"us-central1-api"},"extension":{},"message":"Google API requested!\n   - URL: \"https://storage.googleapis.com/storage/v1/b/iot-app-839a2.firebasestorage.app/o/media%2FESP32_A1B2C3D4E5F6%2Fmsg_1788329711129%2Fvideo.bin?\"\n   - Be careful, this may be a production service."}}
[warn] !  Google API requested!
   - URL: "https://storage.googleapis.com/storage/v1/b/iot-app-839a2.firebasestorage.app/o/media%2FESP32_A1B2C3D4E5F6%2Fmsg_1788329711129%2Fvoice.wav?"
   - Be careful, this may be a production service. {"metadata":{"emulator":{"name":"functions"},"function":{"name":"us-central1-api"},"extension":{},"message":"Google API requested!\n   - URL: \"https://storage.googleapis.com/storage/v1/b/iot-app-839a2.firebasestorage.app/o/media%2FESP32_A1B2C3D4E5F6%2Fmsg_1788329711129%2Fvoice.wav?\"\n   - Be careful, this may be a production service."}}
[warn] !  Google API requested!
   - URL: "https://storage.googleapis.com/storage/v1/b/iot-app-839a2.firebasestorage.app/o/media%2FESP32_A1B2C3D4E5F6%2Fmsg_1788329711129%2Fthumb.jpg?"
   - Be careful, this may be a production service. {"metadata":{"emulator":{"name":"functions"},"function":{"name":"us-central1-api"},"extension":{},"message":"Google API requested!\n   - URL: \"https://storage.googleapis.com/storage/v1/b/iot-app-839a2.firebasestorage.app/o/media%2FESP32_A1B2C3D4E5F6%2Fmsg_1788329711129%2Fthumb.jpg?\"\n   - Be careful, this may be a production service."}}
[warn] !  Google API requested!
   - URL: "https://storage.googleapis.com/storage/v1/b/iot-app-839a2.firebasestorage.app/o/media%2FESP32_A1B2C3D4E5F6%2Fmsg_1788329711129%2Foriginal.mp4?"
   - Be careful, this may be a production service. {"metadata":{"emulator":{"name":"functions"},"function":{"name":"us-central1-api"},"extension":{},"message":"Google API requested!\n   - URL: \"https://storage.googleapis.com/storage/v1/b/iot-app-839a2.firebasestorage.app/o/media%2FESP32_A1B2C3D4E5F6%2Fmsg_1788329711129%2Foriginal.mp4?\"\n   - Be careful, this may be a production service."}}
[debug] [2026-09-02T06:15:23.678Z] Finishing up request with event=pause {"metadata":{"emulator":{"name":"functions"},"function":{"name":"us-central1-api"},"extension":{},"message":"Finishing up request with event=pause"}}
[info] i  functions: Finished "us-central1-api" in 7674.7628ms {"metadata":{"emulator":{"name":"functions"},"function":{"name":"us-central1-api"},"extension":{},"message":"Finished \"us-central1-api\" in 7674.7628ms"}}
[debug] [2026-09-02T06:15:23.680Z] [worker-us-central1-api-6c25b63c-88d7-4ad3-83f8-7861ea919ec8]: IDLE {"metadata":{"emulator":{"name":"functions"},"function":{"name":"us-central1-api"},"extension":{},"message":"[worker-us-central1-api-6c25b63c-88d7-4ad3-83f8-7861ea919ec8]: IDLE"}}
[debug] [2026-09-02T06:15:23.680Z] Finishing up request with event=finish {"metadata":{"emulator":{"name":"functions"},"function":{"name":"us-central1-api"},"extension":{},"message":"Finishing up request with event=finish"}}
[debug] [2026-09-02T06:15:23.681Z] Finishing up request with event=close {"metadata":{"emulator":{"name":"functions"},"function":{"name":"us-central1-api"},"extension":{},"message":"Finishing up request with event=close"}}
[debug] [2026-09-02T06:15:23.681Z] [work-queue] {"queuedWork":[],"queueLength":0,"runningWork":[],"workRunningCount":0}
[info] >  [2026-09-02T09:33:03.270Z]  @firebase/database: FIREBASE WARNING: {"code":"app/invalid-credential","message":"Credential implementation provided to initializeApp() via the \"credential\" property failed to fetch a valid Google OAuth2 access token with the following error: \"Error fetching access token: Error while making request: getaddrinfo ENOTFOUND accounts.google.com. Error code: ENOTFOUND\"."}  {"user":"[2026-09-02T09:33:03.270Z]  @firebase/database: FIREBASE WARNING: {\"code\":\"app/invalid-credential\",\"message\":\"Credential implementation provided to initializeApp() via the \\\"credential\\\" property failed to fetch a valid Google OAuth2 access token with the following error: \\\"Error fetching access token: Error while making request: getaddrinfo ENOTFOUND accounts.google.com. Error code: ENOTFOUND\\\".\"} ","metadata":{"emulator":{"name":"functions"},"function":{"name":"us-central1-api"},"extension":{},"message":"\u001b[90m> \u001b[39m [2026-09-02T09:33:03.270Z]  @firebase/database: FIREBASE WARNING: {\"code\":\"app/invalid-credential\",\"message\":\"Credential implementation provided to initializeApp() via the \\\"credential\\\" property failed to fetch a valid Google OAuth2 access token with the following error: \\\"Error fetching access token: Error while making request: getaddrinfo ENOTFOUND accounts.google.com. Error code: ENOTFOUND\\\".\"} "}}
[info] >  [2026-09-02T09:33:03.866Z]  @firebase/database: FIREBASE WARNING: {"code":"app/invalid-credential","message":"Credential implementation provided to initializeApp() via the \"credential\" property failed to fetch a valid Google OAuth2 access token with the following error: \"Error fetching access token: Error while making request: getaddrinfo ENOTFOUND accounts.google.com. Error code: ENOTFOUND\"."}  {"user":"[2026-09-02T09:33:03.866Z]  @firebase/database: FIREBASE WARNING: {\"code\":\"app/invalid-credential\",\"message\":\"Credential implementation provided to initializeApp() via the \\\"credential\\\" property failed to fetch a valid Google OAuth2 access token with the following error: \\\"Error fetching access token: Error while making request: getaddrinfo ENOTFOUND accounts.google.com. Error code: ENOTFOUND\\\".\"} ","metadata":{"emulator":{"name":"functions"},"function":{"name":"us-central1-api"},"extension":{},"message":"\u001b[90m> \u001b[39m [2026-09-02T09:33:03.866Z]  @firebase/database: FIREBASE WARNING: {\"code\":\"app/invalid-credential\",\"message\":\"Credential implementation provided to initializeApp() via the \\\"credential\\\" property failed to fetch a valid Google OAuth2 access token with the following error: \\\"Error fetching access token: Error while making request: getaddrinfo ENOTFOUND accounts.google.com. Error code: ENOTFOUND\\\".\"} "}}
[info] >  [2026-09-02T09:33:05.397Z]  @firebase/database: FIREBASE WARNING: {"code":"app/invalid-credential","message":"Credential implementation provided to initializeApp() via the \"credential\" property failed to fetch a valid Google OAuth2 access token with the following error: \"Error fetching access token: Error while making request: getaddrinfo ENOTFOUND accounts.google.com. Error code: ENOTFOUND\"."}  {"user":"[2026-09-02T09:33:05.397Z]  @firebase/database: FIREBASE WARNING: {\"code\":\"app/invalid-credential\",\"message\":\"Credential implementation provided to initializeApp() via the \\\"credential\\\" property failed to fetch a valid Google OAuth2 access token with the following error: \\\"Error fetching access token: Error while making request: getaddrinfo ENOTFOUND accounts.google.com. Error code: ENOTFOUND\\\".\"} ","metadata":{"emulator":{"name":"functions"},"function":{"name":"us-central1-api"},"extension":{},"message":"\u001b[90m> \u001b[39m [2026-09-02T09:33:05.397Z]  @firebase/database: FIREBASE WARNING: {\"code\":\"app/invalid-credential\",\"message\":\"Credential implementation provided to initializeApp() via the \\\"credential\\\" property failed to fetch a valid Google OAuth2 access token with the following error: \\\"Error fetching access token: Error while making request: getaddrinfo ENOTFOUND accounts.google.com. Error code: ENOTFOUND\\\".\"} "}}
[info] >  [2026-09-02T11:23:56.933Z]  @firebase/database: FIREBASE WARNING: {"code":"app/invalid-credential","message":"Credential implementation provided to initializeApp() via the \"credential\" property failed to fetch a valid Google OAuth2 access token with the following error: \"Error fetching access token: Error while making request: getaddrinfo ENOTFOUND accounts.google.com. Error code: ENOTFOUND\"."}  {"user":"[2026-09-02T11:23:56.933Z]  @firebase/database: FIREBASE WARNING: {\"code\":\"app/invalid-credential\",\"message\":\"Credential implementation provided to initializeApp() via the \\\"credential\\\" property failed to fetch a valid Google OAuth2 access token with the following error: \\\"Error fetching access token: Error while making request: getaddrinfo ENOTFOUND accounts.google.com. Error code: ENOTFOUND\\\".\"} ","metadata":{"emulator":{"name":"functions"},"function":{"name":"us-central1-api"},"extension":{},"message":"\u001b[90m> \u001b[39m [2026-09-02T11:23:56.933Z]  @firebase/database: FIREBASE WARNING: {\"code\":\"app/invalid-credential\",\"message\":\"Credential implementation provided to initializeApp() via the \\\"credential\\\" property failed to fetch a valid Google OAuth2 access token with the following error: \\\"Error fetching access token: Error while making request: getaddrinfo ENOTFOUND accounts.google.com. Error code: ENOTFOUND\\\".\"} "}}
[debug] [2026-09-02T11:27:36.902Z] [work-queue] {"queuedWork":["/iot-app-839a2/us-central1/api/users/me-2026-09-02T11:27:36.902Z"],"queueLength":1,"runningWork":[],"workRunningCount":0}
[debug] [2026-09-02T11:27:36.902Z] [work-queue] {"queuedWork":[],"queueLength":0,"runningWork":["/iot-app-839a2/us-central1/api/users/me-2026-09-02T11:27:36.902Z"],"workRunningCount":1}
[debug] [2026-09-02T11:27:36.902Z] Accepted request OPTIONS /iot-app-839a2/us-central1/api/users/me --> us-central1-api
[debug] [2026-09-02T11:27:36.907Z] [functions] Runtime ready! Sending request! {"metadata":{"emulator":{"name":"functions"},"message":"[functions] Runtime ready! Sending request!"}}
[debug] [2026-09-02T11:27:36.907Z] [functions] Got req.url=/iot-app-839a2/us-central1/api/users/me, mapping to path=/users/me {"metadata":{"emulator":{"name":"functions"},"message":"[functions] Got req.url=/iot-app-839a2/us-central1/api/users/me, mapping to path=/users/me"}}
[debug] [2026-09-02T11:27:36.907Z] [worker-pool] submitRequest(triggerId=us-central1-api) {"metadata":{"emulator":{"name":"functions"},"message":"[worker-pool] submitRequest(triggerId=us-central1-api)"}}
[info] i  functions: Beginning execution of "us-central1-api" {"metadata":{"emulator":{"name":"functions"},"function":{"name":"us-central1-api"},"extension":{},"message":"Beginning execution of \"us-central1-api\""}}
[debug] [2026-09-02T11:27:36.908Z] [worker-us-central1-api-6c25b63c-88d7-4ad3-83f8-7861ea919ec8]: BUSY {"metadata":{"emulator":{"name":"functions"},"function":{"name":"us-central1-api"},"extension":{},"message":"[worker-us-central1-api-6c25b63c-88d7-4ad3-83f8-7861ea919ec8]: BUSY"}}
[debug] [2026-09-02T11:27:36.911Z] Finishing up request with event=pause {"metadata":{"emulator":{"name":"functions"},"function":{"name":"us-central1-api"},"extension":{},"message":"Finishing up request with event=pause"}}
[info] i  functions: Finished "us-central1-api" in 3.2343ms {"metadata":{"emulator":{"name":"functions"},"function":{"name":"us-central1-api"},"extension":{},"message":"Finished \"us-central1-api\" in 3.2343ms"}}
[debug] [2026-09-02T11:27:36.911Z] [worker-us-central1-api-6c25b63c-88d7-4ad3-83f8-7861ea919ec8]: IDLE {"metadata":{"emulator":{"name":"functions"},"function":{"name":"us-central1-api"},"extension":{},"message":"[worker-us-central1-api-6c25b63c-88d7-4ad3-83f8-7861ea919ec8]: IDLE"}}
[debug] [2026-09-02T11:27:36.911Z] Finishing up request with event=finish {"metadata":{"emulator":{"name":"functions"},"function":{"name":"us-central1-api"},"extension":{},"message":"Finishing up request with event=finish"}}
[debug] [2026-09-02T11:27:36.911Z] Finishing up request with event=close {"metadata":{"emulator":{"name":"functions"},"function":{"name":"us-central1-api"},"extension":{},"message":"Finishing up request with event=close"}}
[debug] [2026-09-02T11:27:36.912Z] [work-queue] {"queuedWork":[],"queueLength":0,"runningWork":[],"workRunningCount":0}
[debug] [2026-09-02T11:27:36.915Z] [work-queue] {"queuedWork":["/iot-app-839a2/us-central1/api/users/me-2026-09-02T11:27:36.915Z"],"queueLength":1,"runningWork":[],"workRunningCount":0}
[debug] [2026-09-02T11:27:36.915Z] [work-queue] {"queuedWork":[],"queueLength":0,"runningWork":["/iot-app-839a2/us-central1/api/users/me-2026-09-02T11:27:36.915Z"],"workRunningCount":1}
[debug] [2026-09-02T11:27:36.915Z] Accepted request GET /iot-app-839a2/us-central1/api/users/me --> us-central1-api
[debug] [2026-09-02T11:27:36.917Z] [functions] Runtime ready! Sending request! {"metadata":{"emulator":{"name":"functions"},"message":"[functions] Runtime ready! Sending request!"}}
[debug] [2026-09-02T11:27:36.917Z] [functions] Got req.url=/iot-app-839a2/us-central1/api/users/me, mapping to path=/users/me {"metadata":{"emulator":{"name":"functions"},"message":"[functions] Got req.url=/iot-app-839a2/us-central1/api/users/me, mapping to path=/users/me"}}
[debug] [2026-09-02T11:27:36.917Z] [worker-pool] submitRequest(triggerId=us-central1-api) {"metadata":{"emulator":{"name":"functions"},"message":"[worker-pool] submitRequest(triggerId=us-central1-api)"}}
[info] i  functions: Beginning execution of "us-central1-api" {"metadata":{"emulator":{"name":"functions"},"function":{"name":"us-central1-api"},"extension":{},"message":"Beginning execution of \"us-central1-api\""}}
[debug] [2026-09-02T11:27:36.918Z] [worker-us-central1-api-6c25b63c-88d7-4ad3-83f8-7861ea919ec8]: BUSY {"metadata":{"emulator":{"name":"functions"},"function":{"name":"us-central1-api"},"extension":{},"message":"[worker-us-central1-api-6c25b63c-88d7-4ad3-83f8-7861ea919ec8]: BUSY"}}
[debug] [2026-09-02T11:27:37.172Z] Finishing up request with event=pause {"metadata":{"emulator":{"name":"functions"},"function":{"name":"us-central1-api"},"extension":{},"message":"Finishing up request with event=pause"}}
[info] i  functions: Finished "us-central1-api" in 254.5362ms {"metadata":{"emulator":{"name":"functions"},"function":{"name":"us-central1-api"},"extension":{},"message":"Finished \"us-central1-api\" in 254.5362ms"}}
[debug] [2026-09-02T11:27:37.173Z] [worker-us-central1-api-6c25b63c-88d7-4ad3-83f8-7861ea919ec8]: IDLE {"metadata":{"emulator":{"name":"functions"},"function":{"name":"us-central1-api"},"extension":{},"message":"[worker-us-central1-api-6c25b63c-88d7-4ad3-83f8-7861ea919ec8]: IDLE"}}
[debug] [2026-09-02T11:27:37.173Z] Finishing up request with event=finish {"metadata":{"emulator":{"name":"functions"},"function":{"name":"us-central1-api"},"extension":{},"message":"Finishing up request with event=finish"}}
[debug] [2026-09-02T11:27:37.173Z] Finishing up request with event=close {"metadata":{"emulator":{"name":"functions"},"function":{"name":"us-central1-api"},"extension":{},"message":"Finishing up request with event=close"}}
[debug] [2026-09-02T11:27:37.173Z] [work-queue] {"queuedWork":[],"queueLength":0,"runningWork":[],"workRunningCount":0}
[debug] [2026-09-02T11:28:03.738Z] [work-queue] {"queuedWork":["/iot-app-839a2/us-central1/api/boxes/ESP32_A1B2C3D4E5F6/messages/initiate-2026-09-02T11:28:03.738Z"],"queueLength":1,"runningWork":[],"workRunningCount":0}
[debug] [2026-09-02T11:28:03.738Z] [work-queue] {"queuedWork":[],"queueLength":0,"runningWork":["/iot-app-839a2/us-central1/api/boxes/ESP32_A1B2C3D4E5F6/messages/initiate-2026-09-02T11:28:03.738Z"],"workRunningCount":1}
[debug] [2026-09-02T11:28:03.738Z] Accepted request OPTIONS /iot-app-839a2/us-central1/api/boxes/ESP32_A1B2C3D4E5F6/messages/initiate --> us-central1-api
[debug] [2026-09-02T11:28:03.741Z] [functions] Runtime ready! Sending request! {"metadata":{"emulator":{"name":"functions"},"message":"[functions] Runtime ready! Sending request!"}}
[debug] [2026-09-02T11:28:03.742Z] [functions] Got req.url=/iot-app-839a2/us-central1/api/boxes/ESP32_A1B2C3D4E5F6/messages/initiate, mapping to path=/boxes/ESP32_A1B2C3D4E5F6/messages/initiate {"metadata":{"emulator":{"name":"functions"},"message":"[functions] Got req.url=/iot-app-839a2/us-central1/api/boxes/ESP32_A1B2C3D4E5F6/messages/initiate, mapping to path=/boxes/ESP32_A1B2C3D4E5F6/messages/initiate"}}
[debug] [2026-09-02T11:28:03.742Z] [worker-pool] submitRequest(triggerId=us-central1-api) {"metadata":{"emulator":{"name":"functions"},"message":"[worker-pool] submitRequest(triggerId=us-central1-api)"}}
[info] i  functions: Beginning execution of "us-central1-api" {"metadata":{"emulator":{"name":"functions"},"function":{"name":"us-central1-api"},"extension":{},"message":"Beginning execution of \"us-central1-api\""}}
[debug] [2026-09-02T11:28:03.744Z] [worker-us-central1-api-6c25b63c-88d7-4ad3-83f8-7861ea919ec8]: BUSY {"metadata":{"emulator":{"name":"functions"},"function":{"name":"us-central1-api"},"extension":{},"message":"[worker-us-central1-api-6c25b63c-88d7-4ad3-83f8-7861ea919ec8]: BUSY"}}
[debug] [2026-09-02T11:28:03.748Z] Finishing up request with event=pause {"metadata":{"emulator":{"name":"functions"},"function":{"name":"us-central1-api"},"extension":{},"message":"Finishing up request with event=pause"}}
[info] i  functions: Finished "us-central1-api" in 4.2923ms {"metadata":{"emulator":{"name":"functions"},"function":{"name":"us-central1-api"},"extension":{},"message":"Finished \"us-central1-api\" in 4.2923ms"}}
[debug] [2026-09-02T11:28:03.748Z] [worker-us-central1-api-6c25b63c-88d7-4ad3-83f8-7861ea919ec8]: IDLE {"metadata":{"emulator":{"name":"functions"},"function":{"name":"us-central1-api"},"extension":{},"message":"[worker-us-central1-api-6c25b63c-88d7-4ad3-83f8-7861ea919ec8]: IDLE"}}
[debug] [2026-09-02T11:28:03.748Z] Finishing up request with event=finish {"metadata":{"emulator":{"name":"functions"},"function":{"name":"us-central1-api"},"extension":{},"message":"Finishing up request with event=finish"}}
[debug] [2026-09-02T11:28:03.749Z] Finishing up request with event=close {"metadata":{"emulator":{"name":"functions"},"function":{"name":"us-central1-api"},"extension":{},"message":"Finishing up request with event=close"}}
[debug] [2026-09-02T11:28:03.749Z] [work-queue] {"queuedWork":[],"queueLength":0,"runningWork":[],"workRunningCount":0}
[debug] [2026-09-02T11:28:03.751Z] [work-queue] {"queuedWork":["/iot-app-839a2/us-central1/api/boxes/ESP32_A1B2C3D4E5F6/messages/initiate-2026-09-02T11:28:03.751Z"],"queueLength":1,"runningWork":[],"workRunningCount":0}
[debug] [2026-09-02T11:28:03.751Z] [work-queue] {"queuedWork":[],"queueLength":0,"runningWork":["/iot-app-839a2/us-central1/api/boxes/ESP32_A1B2C3D4E5F6/messages/initiate-2026-09-02T11:28:03.751Z"],"workRunningCount":1}
[debug] [2026-09-02T11:28:03.752Z] Accepted request POST /iot-app-839a2/us-central1/api/boxes/ESP32_A1B2C3D4E5F6/messages/initiate --> us-central1-api
[debug] [2026-09-02T11:28:03.753Z] [functions] Runtime ready! Sending request! {"metadata":{"emulator":{"name":"functions"},"message":"[functions] Runtime ready! Sending request!"}}
[debug] [2026-09-02T11:28:03.753Z] [functions] Got req.url=/iot-app-839a2/us-central1/api/boxes/ESP32_A1B2C3D4E5F6/messages/initiate, mapping to path=/boxes/ESP32_A1B2C3D4E5F6/messages/initiate {"metadata":{"emulator":{"name":"functions"},"message":"[functions] Got req.url=/iot-app-839a2/us-central1/api/boxes/ESP32_A1B2C3D4E5F6/messages/initiate, mapping to path=/boxes/ESP32_A1B2C3D4E5F6/messages/initiate"}}
[debug] [2026-09-02T11:28:03.753Z] [worker-pool] submitRequest(triggerId=us-central1-api) {"metadata":{"emulator":{"name":"functions"},"message":"[worker-pool] submitRequest(triggerId=us-central1-api)"}}
[info] i  functions: Beginning execution of "us-central1-api" {"metadata":{"emulator":{"name":"functions"},"function":{"name":"us-central1-api"},"extension":{},"message":"Beginning execution of \"us-central1-api\""}}
[debug] [2026-09-02T11:28:03.754Z] [worker-us-central1-api-6c25b63c-88d7-4ad3-83f8-7861ea919ec8]: BUSY {"metadata":{"emulator":{"name":"functions"},"function":{"name":"us-central1-api"},"extension":{},"message":"[worker-us-central1-api-6c25b63c-88d7-4ad3-83f8-7861ea919ec8]: BUSY"}}
[debug] [2026-09-02T11:28:03.942Z] Finishing up request with event=pause {"metadata":{"emulator":{"name":"functions"},"function":{"name":"us-central1-api"},"extension":{},"message":"Finishing up request with event=pause"}}
[info] i  functions: Finished "us-central1-api" in 188.2211ms {"metadata":{"emulator":{"name":"functions"},"function":{"name":"us-central1-api"},"extension":{},"message":"Finished \"us-central1-api\" in 188.2211ms"}}
[debug] [2026-09-02T11:28:03.943Z] [worker-us-central1-api-6c25b63c-88d7-4ad3-83f8-7861ea919ec8]: IDLE {"metadata":{"emulator":{"name":"functions"},"function":{"name":"us-central1-api"},"extension":{},"message":"[worker-us-central1-api-6c25b63c-88d7-4ad3-83f8-7861ea919ec8]: IDLE"}}
[debug] [2026-09-02T11:28:03.943Z] Finishing up request with event=finish {"metadata":{"emulator":{"name":"functions"},"function":{"name":"us-central1-api"},"extension":{},"message":"Finishing up request with event=finish"}}
[debug] [2026-09-02T11:28:03.944Z] Finishing up request with event=close {"metadata":{"emulator":{"name":"functions"},"function":{"name":"us-central1-api"},"extension":{},"message":"Finishing up request with event=close"}}
[debug] [2026-09-02T11:28:03.944Z] [work-queue] {"queuedWork":[],"queueLength":0,"runningWork":[],"workRunningCount":0}
[debug] [2026-09-02T11:28:03.957Z] [work-queue] {"queuedWork":["/iot-app-839a2/us-central1/api/boxes/ESP32_A1B2C3D4E5F6/messages/confirm-2026-09-02T11:28:03.957Z"],"queueLength":1,"runningWork":[],"workRunningCount":0}
[debug] [2026-09-02T11:28:03.957Z] [work-queue] {"queuedWork":[],"queueLength":0,"runningWork":["/iot-app-839a2/us-central1/api/boxes/ESP32_A1B2C3D4E5F6/messages/confirm-2026-09-02T11:28:03.957Z"],"workRunningCount":1}
[debug] [2026-09-02T11:28:03.957Z] Accepted request OPTIONS /iot-app-839a2/us-central1/api/boxes/ESP32_A1B2C3D4E5F6/messages/confirm --> us-central1-api
[debug] [2026-09-02T11:28:03.959Z] [functions] Runtime ready! Sending request! {"metadata":{"emulator":{"name":"functions"},"message":"[functions] Runtime ready! Sending request!"}}
[debug] [2026-09-02T11:28:03.960Z] [functions] Got req.url=/iot-app-839a2/us-central1/api/boxes/ESP32_A1B2C3D4E5F6/messages/confirm, mapping to path=/boxes/ESP32_A1B2C3D4E5F6/messages/confirm {"metadata":{"emulator":{"name":"functions"},"message":"[functions] Got req.url=/iot-app-839a2/us-central1/api/boxes/ESP32_A1B2C3D4E5F6/messages/confirm, mapping to path=/boxes/ESP32_A1B2C3D4E5F6/messages/confirm"}}
[debug] [2026-09-02T11:28:03.960Z] [worker-pool] submitRequest(triggerId=us-central1-api) {"metadata":{"emulator":{"name":"functions"},"message":"[worker-pool] submitRequest(triggerId=us-central1-api)"}}
[info] i  functions: Beginning execution of "us-central1-api" {"metadata":{"emulator":{"name":"functions"},"function":{"name":"us-central1-api"},"extension":{},"message":"Beginning execution of \"us-central1-api\""}}
[debug] [2026-09-02T11:28:03.962Z] [worker-us-central1-api-6c25b63c-88d7-4ad3-83f8-7861ea919ec8]: BUSY {"metadata":{"emulator":{"name":"functions"},"function":{"name":"us-central1-api"},"extension":{},"message":"[worker-us-central1-api-6c25b63c-88d7-4ad3-83f8-7861ea919ec8]: BUSY"}}
[debug] [2026-09-02T11:28:03.966Z] Finishing up request with event=pause {"metadata":{"emulator":{"name":"functions"},"function":{"name":"us-central1-api"},"extension":{},"message":"Finishing up request with event=pause"}}
[info] i  functions: Finished "us-central1-api" in 4.9338ms {"metadata":{"emulator":{"name":"functions"},"function":{"name":"us-central1-api"},"extension":{},"message":"Finished \"us-central1-api\" in 4.9338ms"}}
[debug] [2026-09-02T11:28:03.968Z] [worker-us-central1-api-6c25b63c-88d7-4ad3-83f8-7861ea919ec8]: IDLE {"metadata":{"emulator":{"name":"functions"},"function":{"name":"us-central1-api"},"extension":{},"message":"[worker-us-central1-api-6c25b63c-88d7-4ad3-83f8-7861ea919ec8]: IDLE"}}
[debug] [2026-09-02T11:28:03.968Z] Finishing up request with event=finish {"metadata":{"emulator":{"name":"functions"},"function":{"name":"us-central1-api"},"extension":{},"message":"Finishing up request with event=finish"}}
[debug] [2026-09-02T11:28:03.969Z] Finishing up request with event=close {"metadata":{"emulator":{"name":"functions"},"function":{"name":"us-central1-api"},"extension":{},"message":"Finishing up request with event=close"}}
[debug] [2026-09-02T11:28:03.969Z] [work-queue] {"queuedWork":[],"queueLength":0,"runningWork":[],"workRunningCount":0}
[debug] [2026-09-02T11:28:03.972Z] [work-queue] {"queuedWork":["/iot-app-839a2/us-central1/api/boxes/ESP32_A1B2C3D4E5F6/messages/confirm-2026-09-02T11:28:03.972Z"],"queueLength":1,"runningWork":[],"workRunningCount":0}
[debug] [2026-09-02T11:28:03.972Z] [work-queue] {"queuedWork":[],"queueLength":0,"runningWork":["/iot-app-839a2/us-central1/api/boxes/ESP32_A1B2C3D4E5F6/messages/confirm-2026-09-02T11:28:03.972Z"],"workRunningCount":1}
[debug] [2026-09-02T11:28:03.972Z] Accepted request POST /iot-app-839a2/us-central1/api/boxes/ESP32_A1B2C3D4E5F6/messages/confirm --> us-central1-api
[debug] [2026-09-02T11:28:03.973Z] [functions] Runtime ready! Sending request! {"metadata":{"emulator":{"name":"functions"},"message":"[functions] Runtime ready! Sending request!"}}
[debug] [2026-09-02T11:28:03.974Z] [functions] Got req.url=/iot-app-839a2/us-central1/api/boxes/ESP32_A1B2C3D4E5F6/messages/confirm, mapping to path=/boxes/ESP32_A1B2C3D4E5F6/messages/confirm {"metadata":{"emulator":{"name":"functions"},"message":"[functions] Got req.url=/iot-app-839a2/us-central1/api/boxes/ESP32_A1B2C3D4E5F6/messages/confirm, mapping to path=/boxes/ESP32_A1B2C3D4E5F6/messages/confirm"}}
[debug] [2026-09-02T11:28:03.974Z] [worker-pool] submitRequest(triggerId=us-central1-api) {"metadata":{"emulator":{"name":"functions"},"message":"[worker-pool] submitRequest(triggerId=us-central1-api)"}}
[info] i  functions: Beginning execution of "us-central1-api" {"metadata":{"emulator":{"name":"functions"},"function":{"name":"us-central1-api"},"extension":{},"message":"Beginning execution of \"us-central1-api\""}}
[debug] [2026-09-02T11:28:03.974Z] [worker-us-central1-api-6c25b63c-88d7-4ad3-83f8-7861ea919ec8]: BUSY {"metadata":{"emulator":{"name":"functions"},"function":{"name":"us-central1-api"},"extension":{},"message":"[worker-us-central1-api-6c25b63c-88d7-4ad3-83f8-7861ea919ec8]: BUSY"}}
[debug] [2026-09-02T11:28:04.100Z] Finishing up request with event=pause {"metadata":{"emulator":{"name":"functions"},"function":{"name":"us-central1-api"},"extension":{},"message":"Finishing up request with event=pause"}}
[info] i  functions: Finished "us-central1-api" in 126.0745ms {"metadata":{"emulator":{"name":"functions"},"function":{"name":"us-central1-api"},"extension":{},"message":"Finished \"us-central1-api\" in 126.0745ms"}}
[debug] [2026-09-02T11:28:04.101Z] [worker-us-central1-api-6c25b63c-88d7-4ad3-83f8-7861ea919ec8]: IDLE {"metadata":{"emulator":{"name":"functions"},"function":{"name":"us-central1-api"},"extension":{},"message":"[worker-us-central1-api-6c25b63c-88d7-4ad3-83f8-7861ea919ec8]: IDLE"}}
[debug] [2026-09-02T11:28:04.101Z] Finishing up request with event=finish {"metadata":{"emulator":{"name":"functions"},"function":{"name":"us-central1-api"},"extension":{},"message":"Finishing up request with event=finish"}}
[debug] [2026-09-02T11:28:04.101Z] Finishing up request with event=close {"metadata":{"emulator":{"name":"functions"},"function":{"name":"us-central1-api"},"extension":{},"message":"Finishing up request with event=close"}}
[debug] [2026-09-02T11:28:04.102Z] [work-queue] {"queuedWork":[],"queueLength":0,"runningWork":[],"workRunningCount":0}
[debug] [2026-09-02T11:36:24.068Z] [work-queue] {"queuedWork":["/iot-app-839a2/us-central1/api/boxes/ESP32_A1B2C3D4E5F6/messages/initiate-2026-09-02T11:36:24.068Z"],"queueLength":1,"runningWork":[],"workRunningCount":0}
[debug] [2026-09-02T11:36:24.069Z] [work-queue] {"queuedWork":[],"queueLength":0,"runningWork":["/iot-app-839a2/us-central1/api/boxes/ESP32_A1B2C3D4E5F6/messages/initiate-2026-09-02T11:36:24.068Z"],"workRunningCount":1}
[debug] [2026-09-02T11:36:24.069Z] Accepted request OPTIONS /iot-app-839a2/us-central1/api/boxes/ESP32_A1B2C3D4E5F6/messages/initiate --> us-central1-api
[debug] [2026-09-02T11:36:24.073Z] [functions] Runtime ready! Sending request! {"metadata":{"emulator":{"name":"functions"},"message":"[functions] Runtime ready! Sending request!"}}
[debug] [2026-09-02T11:36:24.073Z] [functions] Got req.url=/iot-app-839a2/us-central1/api/boxes/ESP32_A1B2C3D4E5F6/messages/initiate, mapping to path=/boxes/ESP32_A1B2C3D4E5F6/messages/initiate {"metadata":{"emulator":{"name":"functions"},"message":"[functions] Got req.url=/iot-app-839a2/us-central1/api/boxes/ESP32_A1B2C3D4E5F6/messages/initiate, mapping to path=/boxes/ESP32_A1B2C3D4E5F6/messages/initiate"}}
[debug] [2026-09-02T11:36:24.073Z] [worker-pool] submitRequest(triggerId=us-central1-api) {"metadata":{"emulator":{"name":"functions"},"message":"[worker-pool] submitRequest(triggerId=us-central1-api)"}}
[info] i  functions: Beginning execution of "us-central1-api" {"metadata":{"emulator":{"name":"functions"},"function":{"name":"us-central1-api"},"extension":{},"message":"Beginning execution of \"us-central1-api\""}}
[debug] [2026-09-02T11:36:24.074Z] [worker-us-central1-api-6c25b63c-88d7-4ad3-83f8-7861ea919ec8]: BUSY {"metadata":{"emulator":{"name":"functions"},"function":{"name":"us-central1-api"},"extension":{},"message":"[worker-us-central1-api-6c25b63c-88d7-4ad3-83f8-7861ea919ec8]: BUSY"}}
[debug] [2026-09-02T11:36:24.079Z] Finishing up request with event=pause {"metadata":{"emulator":{"name":"functions"},"function":{"name":"us-central1-api"},"extension":{},"message":"Finishing up request with event=pause"}}
[info] i  functions: Finished "us-central1-api" in 5.1351ms {"metadata":{"emulator":{"name":"functions"},"function":{"name":"us-central1-api"},"extension":{},"message":"Finished \"us-central1-api\" in 5.1351ms"}}
[debug] [2026-09-02T11:36:24.081Z] [worker-us-central1-api-6c25b63c-88d7-4ad3-83f8-7861ea919ec8]: IDLE {"metadata":{"emulator":{"name":"functions"},"function":{"name":"us-central1-api"},"extension":{},"message":"[worker-us-central1-api-6c25b63c-88d7-4ad3-83f8-7861ea919ec8]: IDLE"}}
[debug] [2026-09-02T11:36:24.081Z] Finishing up request with event=finish {"metadata":{"emulator":{"name":"functions"},"function":{"name":"us-central1-api"},"extension":{},"message":"Finishing up request with event=finish"}}
[debug] [2026-09-02T11:36:24.081Z] Finishing up request with event=close {"metadata":{"emulator":{"name":"functions"},"function":{"name":"us-central1-api"},"extension":{},"message":"Finishing up request with event=close"}}
[debug] [2026-09-02T11:36:24.081Z] [work-queue] {"queuedWork":[],"queueLength":0,"runningWork":[],"workRunningCount":0}
[debug] [2026-09-02T11:36:24.087Z] [work-queue] {"queuedWork":["/iot-app-839a2/us-central1/api/boxes/ESP32_A1B2C3D4E5F6/messages/initiate-2026-09-02T11:36:24.086Z"],"queueLength":1,"runningWork":[],"workRunningCount":0}
[debug] [2026-09-02T11:36:24.087Z] [work-queue] {"queuedWork":[],"queueLength":0,"runningWork":["/iot-app-839a2/us-central1/api/boxes/ESP32_A1B2C3D4E5F6/messages/initiate-2026-09-02T11:36:24.086Z"],"workRunningCount":1}
[debug] [2026-09-02T11:36:24.087Z] Accepted request POST /iot-app-839a2/us-central1/api/boxes/ESP32_A1B2C3D4E5F6/messages/initiate --> us-central1-api
[debug] [2026-09-02T11:36:24.090Z] [functions] Runtime ready! Sending request! {"metadata":{"emulator":{"name":"functions"},"message":"[functions] Runtime ready! Sending request!"}}
[debug] [2026-09-02T11:36:24.090Z] [functions] Got req.url=/iot-app-839a2/us-central1/api/boxes/ESP32_A1B2C3D4E5F6/messages/initiate, mapping to path=/boxes/ESP32_A1B2C3D4E5F6/messages/initiate {"metadata":{"emulator":{"name":"functions"},"message":"[functions] Got req.url=/iot-app-839a2/us-central1/api/boxes/ESP32_A1B2C3D4E5F6/messages/initiate, mapping to path=/boxes/ESP32_A1B2C3D4E5F6/messages/initiate"}}
[debug] [2026-09-02T11:36:24.090Z] [worker-pool] submitRequest(triggerId=us-central1-api) {"metadata":{"emulator":{"name":"functions"},"message":"[worker-pool] submitRequest(triggerId=us-central1-api)"}}
[info] i  functions: Beginning execution of "us-central1-api" {"metadata":{"emulator":{"name":"functions"},"function":{"name":"us-central1-api"},"extension":{},"message":"Beginning execution of \"us-central1-api\""}}
[debug] [2026-09-02T11:36:24.091Z] [worker-us-central1-api-6c25b63c-88d7-4ad3-83f8-7861ea919ec8]: BUSY {"metadata":{"emulator":{"name":"functions"},"function":{"name":"us-central1-api"},"extension":{},"message":"[worker-us-central1-api-6c25b63c-88d7-4ad3-83f8-7861ea919ec8]: BUSY"}}
[debug] [2026-09-02T11:36:24.304Z] Finishing up request with event=pause {"metadata":{"emulator":{"name":"functions"},"function":{"name":"us-central1-api"},"extension":{},"message":"Finishing up request with event=pause"}}
[info] i  functions: Finished "us-central1-api" in 213.1419ms {"metadata":{"emulator":{"name":"functions"},"function":{"name":"us-central1-api"},"extension":{},"message":"Finished \"us-central1-api\" in 213.1419ms"}}
[debug] [2026-09-02T11:36:24.308Z] [worker-us-central1-api-6c25b63c-88d7-4ad3-83f8-7861ea919ec8]: IDLE {"metadata":{"emulator":{"name":"functions"},"function":{"name":"us-central1-api"},"extension":{},"message":"[worker-us-central1-api-6c25b63c-88d7-4ad3-83f8-7861ea919ec8]: IDLE"}}
[debug] [2026-09-02T11:36:24.308Z] Finishing up request with event=finish {"metadata":{"emulator":{"name":"functions"},"function":{"name":"us-central1-api"},"extension":{},"message":"Finishing up request with event=finish"}}
[debug] [2026-09-02T11:36:24.308Z] Finishing up request with event=close {"metadata":{"emulator":{"name":"functions"},"function":{"name":"us-central1-api"},"extension":{},"message":"Finishing up request with event=close"}}
[debug] [2026-09-02T11:36:24.308Z] [work-queue] {"queuedWork":[],"queueLength":0,"runningWork":[],"workRunningCount":0}
[debug] [2026-09-02T11:36:29.232Z] [work-queue] {"queuedWork":["/iot-app-839a2/us-central1/api/boxes/ESP32_A1B2C3D4E5F6/messages/confirm-2026-09-02T11:36:29.232Z"],"queueLength":1,"runningWork":[],"workRunningCount":0}
[debug] [2026-09-02T11:36:29.232Z] [work-queue] {"queuedWork":[],"queueLength":0,"runningWork":["/iot-app-839a2/us-central1/api/boxes/ESP32_A1B2C3D4E5F6/messages/confirm-2026-09-02T11:36:29.232Z"],"workRunningCount":1}
[debug] [2026-09-02T11:36:29.233Z] Accepted request OPTIONS /iot-app-839a2/us-central1/api/boxes/ESP32_A1B2C3D4E5F6/messages/confirm --> us-central1-api
[debug] [2026-09-02T11:36:29.237Z] [functions] Runtime ready! Sending request! {"metadata":{"emulator":{"name":"functions"},"message":"[functions] Runtime ready! Sending request!"}}
[debug] [2026-09-02T11:36:29.237Z] [functions] Got req.url=/iot-app-839a2/us-central1/api/boxes/ESP32_A1B2C3D4E5F6/messages/confirm, mapping to path=/boxes/ESP32_A1B2C3D4E5F6/messages/confirm {"metadata":{"emulator":{"name":"functions"},"message":"[functions] Got req.url=/iot-app-839a2/us-central1/api/boxes/ESP32_A1B2C3D4E5F6/messages/confirm, mapping to path=/boxes/ESP32_A1B2C3D4E5F6/messages/confirm"}}
[debug] [2026-09-02T11:36:29.237Z] [worker-pool] submitRequest(triggerId=us-central1-api) {"metadata":{"emulator":{"name":"functions"},"message":"[worker-pool] submitRequest(triggerId=us-central1-api)"}}
[info] i  functions: Beginning execution of "us-central1-api" {"metadata":{"emulator":{"name":"functions"},"function":{"name":"us-central1-api"},"extension":{},"message":"Beginning execution of \"us-central1-api\""}}
[debug] [2026-09-02T11:36:29.238Z] [worker-us-central1-api-6c25b63c-88d7-4ad3-83f8-7861ea919ec8]: BUSY {"metadata":{"emulator":{"name":"functions"},"function":{"name":"us-central1-api"},"extension":{},"message":"[worker-us-central1-api-6c25b63c-88d7-4ad3-83f8-7861ea919ec8]: BUSY"}}
[debug] [2026-09-02T11:36:29.244Z] Finishing up request with event=pause {"metadata":{"emulator":{"name":"functions"},"function":{"name":"us-central1-api"},"extension":{},"message":"Finishing up request with event=pause"}}
[info] i  functions: Finished "us-central1-api" in 6.7646ms {"metadata":{"emulator":{"name":"functions"},"function":{"name":"us-central1-api"},"extension":{},"message":"Finished \"us-central1-api\" in 6.7646ms"}}
[debug] [2026-09-02T11:36:29.245Z] [worker-us-central1-api-6c25b63c-88d7-4ad3-83f8-7861ea919ec8]: IDLE {"metadata":{"emulator":{"name":"functions"},"function":{"name":"us-central1-api"},"extension":{},"message":"[worker-us-central1-api-6c25b63c-88d7-4ad3-83f8-7861ea919ec8]: IDLE"}}
[debug] [2026-09-02T11:36:29.246Z] Finishing up request with event=finish {"metadata":{"emulator":{"name":"functions"},"function":{"name":"us-central1-api"},"extension":{},"message":"Finishing up request with event=finish"}}
[debug] [2026-09-02T11:36:29.246Z] Finishing up request with event=close {"metadata":{"emulator":{"name":"functions"},"function":{"name":"us-central1-api"},"extension":{},"message":"Finishing up request with event=close"}}
[debug] [2026-09-02T11:36:29.246Z] [work-queue] {"queuedWork":[],"queueLength":0,"runningWork":[],"workRunningCount":0}
[debug] [2026-09-02T11:36:29.252Z] [work-queue] {"queuedWork":["/iot-app-839a2/us-central1/api/boxes/ESP32_A1B2C3D4E5F6/messages/confirm-2026-09-02T11:36:29.252Z"],"queueLength":1,"runningWork":[],"workRunningCount":0}
[debug] [2026-09-02T11:36:29.253Z] [work-queue] {"queuedWork":[],"queueLength":0,"runningWork":["/iot-app-839a2/us-central1/api/boxes/ESP32_A1B2C3D4E5F6/messages/confirm-2026-09-02T11:36:29.252Z"],"workRunningCount":1}
[debug] [2026-09-02T11:36:29.253Z] Accepted request POST /iot-app-839a2/us-central1/api/boxes/ESP32_A1B2C3D4E5F6/messages/confirm --> us-central1-api
[debug] [2026-09-02T11:36:29.255Z] [functions] Runtime ready! Sending request! {"metadata":{"emulator":{"name":"functions"},"message":"[functions] Runtime ready! Sending request!"}}
[debug] [2026-09-02T11:36:29.255Z] [functions] Got req.url=/iot-app-839a2/us-central1/api/boxes/ESP32_A1B2C3D4E5F6/messages/confirm, mapping to path=/boxes/ESP32_A1B2C3D4E5F6/messages/confirm {"metadata":{"emulator":{"name":"functions"},"message":"[functions] Got req.url=/iot-app-839a2/us-central1/api/boxes/ESP32_A1B2C3D4E5F6/messages/confirm, mapping to path=/boxes/ESP32_A1B2C3D4E5F6/messages/confirm"}}
[debug] [2026-09-02T11:36:29.255Z] [worker-pool] submitRequest(triggerId=us-central1-api) {"metadata":{"emulator":{"name":"functions"},"message":"[worker-pool] submitRequest(triggerId=us-central1-api)"}}
[info] i  functions: Beginning execution of "us-central1-api" {"metadata":{"emulator":{"name":"functions"},"function":{"name":"us-central1-api"},"extension":{},"message":"Beginning execution of \"us-central1-api\""}}
[debug] [2026-09-02T11:36:29.256Z] [worker-us-central1-api-6c25b63c-88d7-4ad3-83f8-7861ea919ec8]: BUSY {"metadata":{"emulator":{"name":"functions"},"function":{"name":"us-central1-api"},"extension":{},"message":"[worker-us-central1-api-6c25b63c-88d7-4ad3-83f8-7861ea919ec8]: BUSY"}}
[warn] !  Google API requested!
   - URL: "https://storage.googleapis.com/storage/v1/b/iot-app-839a2.firebasestorage.app/o/media%2FESP32_A1B2C3D4E5F6%2Fmsg_1788348984287%2Fvideo.bin?"
   - Be careful, this may be a production service. {"metadata":{"emulator":{"name":"functions"},"function":{"name":"us-central1-api"},"extension":{},"message":"Google API requested!\n   - URL: \"https://storage.googleapis.com/storage/v1/b/iot-app-839a2.firebasestorage.app/o/media%2FESP32_A1B2C3D4E5F6%2Fmsg_1788348984287%2Fvideo.bin?\"\n   - Be careful, this may be a production service."}}
[warn] !  Google API requested!
   - URL: "https://storage.googleapis.com/storage/v1/b/iot-app-839a2.firebasestorage.app/o/media%2FESP32_A1B2C3D4E5F6%2Fmsg_1788348984287%2Fvoice.wav?"
   - Be careful, this may be a production service. {"metadata":{"emulator":{"name":"functions"},"function":{"name":"us-central1-api"},"extension":{},"message":"Google API requested!\n   - URL: \"https://storage.googleapis.com/storage/v1/b/iot-app-839a2.firebasestorage.app/o/media%2FESP32_A1B2C3D4E5F6%2Fmsg_1788348984287%2Fvoice.wav?\"\n   - Be careful, this may be a production service."}}
[warn] !  Google API requested!
   - URL: "https://storage.googleapis.com/storage/v1/b/iot-app-839a2.firebasestorage.app/o/media%2FESP32_A1B2C3D4E5F6%2Fmsg_1788348984287%2Fthumb.jpg?"
   - Be careful, this may be a production service. {"metadata":{"emulator":{"name":"functions"},"function":{"name":"us-central1-api"},"extension":{},"message":"Google API requested!\n   - URL: \"https://storage.googleapis.com/storage/v1/b/iot-app-839a2.firebasestorage.app/o/media%2FESP32_A1B2C3D4E5F6%2Fmsg_1788348984287%2Fthumb.jpg?\"\n   - Be careful, this may be a production service."}}
[warn] !  Google API requested!
   - URL: "https://storage.googleapis.com/storage/v1/b/iot-app-839a2.firebasestorage.app/o/media%2FESP32_A1B2C3D4E5F6%2Fmsg_1788348984287%2Foriginal.mp4?"
   - Be careful, this may be a production service. {"metadata":{"emulator":{"name":"functions"},"function":{"name":"us-central1-api"},"extension":{},"message":"Google API requested!\n   - URL: \"https://storage.googleapis.com/storage/v1/b/iot-app-839a2.firebasestorage.app/o/media%2FESP32_A1B2C3D4E5F6%2Fmsg_1788348984287%2Foriginal.mp4?\"\n   - Be careful, this may be a production service."}}
[debug] [2026-09-02T11:36:34.710Z] Finishing up request with event=pause {"metadata":{"emulator":{"name":"functions"},"function":{"name":"us-central1-api"},"extension":{},"message":"Finishing up request with event=pause"}}
[info] i  functions: Finished "us-central1-api" in 5454.4506ms {"metadata":{"emulator":{"name":"functions"},"function":{"name":"us-central1-api"},"extension":{},"message":"Finished \"us-central1-api\" in 5454.4506ms"}}
[debug] [2026-09-02T11:36:34.711Z] [worker-us-central1-api-6c25b63c-88d7-4ad3-83f8-7861ea919ec8]: IDLE {"metadata":{"emulator":{"name":"functions"},"function":{"name":"us-central1-api"},"extension":{},"message":"[worker-us-central1-api-6c25b63c-88d7-4ad3-83f8-7861ea919ec8]: IDLE"}}
[debug] [2026-09-02T11:36:34.711Z] Finishing up request with event=finish {"metadata":{"emulator":{"name":"functions"},"function":{"name":"us-central1-api"},"extension":{},"message":"Finishing up request with event=finish"}}
[debug] [2026-09-02T11:36:34.711Z] Finishing up request with event=close {"metadata":{"emulator":{"name":"functions"},"function":{"name":"us-central1-api"},"extension":{},"message":"Finishing up request with event=close"}}
[debug] [2026-09-02T11:36:34.712Z] [work-queue] {"queuedWork":[],"queueLength":0,"runningWork":[],"workRunningCount":0}
[debug] [2026-09-02T11:39:08.356Z] [work-queue] {"queuedWork":["/iot-app-839a2/us-central1/api/users/me-2026-09-02T11:39:08.356Z"],"queueLength":1,"runningWork":[],"workRunningCount":0}
[debug] [2026-09-02T11:39:08.357Z] [work-queue] {"queuedWork":[],"queueLength":0,"runningWork":["/iot-app-839a2/us-central1/api/users/me-2026-09-02T11:39:08.356Z"],"workRunningCount":1}
[debug] [2026-09-02T11:39:08.357Z] Accepted request OPTIONS /iot-app-839a2/us-central1/api/users/me --> us-central1-api
[debug] [2026-09-02T11:39:08.359Z] [functions] Runtime ready! Sending request! {"metadata":{"emulator":{"name":"functions"},"message":"[functions] Runtime ready! Sending request!"}}
[debug] [2026-09-02T11:39:08.359Z] [functions] Got req.url=/iot-app-839a2/us-central1/api/users/me, mapping to path=/users/me {"metadata":{"emulator":{"name":"functions"},"message":"[functions] Got req.url=/iot-app-839a2/us-central1/api/users/me, mapping to path=/users/me"}}
[debug] [2026-09-02T11:39:08.359Z] [worker-pool] submitRequest(triggerId=us-central1-api) {"metadata":{"emulator":{"name":"functions"},"message":"[worker-pool] submitRequest(triggerId=us-central1-api)"}}
[info] i  functions: Beginning execution of "us-central1-api" {"metadata":{"emulator":{"name":"functions"},"function":{"name":"us-central1-api"},"extension":{},"message":"Beginning execution of \"us-central1-api\""}}
[debug] [2026-09-02T11:39:08.360Z] [worker-us-central1-api-6c25b63c-88d7-4ad3-83f8-7861ea919ec8]: BUSY {"metadata":{"emulator":{"name":"functions"},"function":{"name":"us-central1-api"},"extension":{},"message":"[worker-us-central1-api-6c25b63c-88d7-4ad3-83f8-7861ea919ec8]: BUSY"}}
[debug] [2026-09-02T11:39:08.366Z] Finishing up request with event=pause {"metadata":{"emulator":{"name":"functions"},"function":{"name":"us-central1-api"},"extension":{},"message":"Finishing up request with event=pause"}}
[info] i  functions: Finished "us-central1-api" in 6.5049ms {"metadata":{"emulator":{"name":"functions"},"function":{"name":"us-central1-api"},"extension":{},"message":"Finished \"us-central1-api\" in 6.5049ms"}}
[debug] [2026-09-02T11:39:08.367Z] [worker-us-central1-api-6c25b63c-88d7-4ad3-83f8-7861ea919ec8]: IDLE {"metadata":{"emulator":{"name":"functions"},"function":{"name":"us-central1-api"},"extension":{},"message":"[worker-us-central1-api-6c25b63c-88d7-4ad3-83f8-7861ea919ec8]: IDLE"}}
[debug] [2026-09-02T11:39:08.368Z] Finishing up request with event=finish {"metadata":{"emulator":{"name":"functions"},"function":{"name":"us-central1-api"},"extension":{},"message":"Finishing up request with event=finish"}}
[debug] [2026-09-02T11:39:08.368Z] Finishing up request with event=close {"metadata":{"emulator":{"name":"functions"},"function":{"name":"us-central1-api"},"extension":{},"message":"Finishing up request with event=close"}}
[debug] [2026-09-02T11:39:08.368Z] [work-queue] {"queuedWork":[],"queueLength":0,"runningWork":[],"workRunningCount":0}
[debug] [2026-09-02T11:39:08.373Z] [work-queue] {"queuedWork":["/iot-app-839a2/us-central1/api/users/me-2026-09-02T11:39:08.373Z"],"queueLength":1,"runningWork":[],"workRunningCount":0}
[debug] [2026-09-02T11:39:08.373Z] [work-queue] {"queuedWork":[],"queueLength":0,"runningWork":["/iot-app-839a2/us-central1/api/users/me-2026-09-02T11:39:08.373Z"],"workRunningCount":1}
[debug] [2026-09-02T11:39:08.373Z] Accepted request GET /iot-app-839a2/us-central1/api/users/me --> us-central1-api
[debug] [2026-09-02T11:39:08.376Z] [functions] Runtime ready! Sending request! {"metadata":{"emulator":{"name":"functions"},"message":"[functions] Runtime ready! Sending request!"}}
[debug] [2026-09-02T11:39:08.376Z] [functions] Got req.url=/iot-app-839a2/us-central1/api/users/me, mapping to path=/users/me {"metadata":{"emulator":{"name":"functions"},"message":"[functions] Got req.url=/iot-app-839a2/us-central1/api/users/me, mapping to path=/users/me"}}
[debug] [2026-09-02T11:39:08.376Z] [worker-pool] submitRequest(triggerId=us-central1-api) {"metadata":{"emulator":{"name":"functions"},"message":"[worker-pool] submitRequest(triggerId=us-central1-api)"}}
[info] i  functions: Beginning execution of "us-central1-api" {"metadata":{"emulator":{"name":"functions"},"function":{"name":"us-central1-api"},"extension":{},"message":"Beginning execution of \"us-central1-api\""}}
[debug] [2026-09-02T11:39:08.376Z] [worker-us-central1-api-6c25b63c-88d7-4ad3-83f8-7861ea919ec8]: BUSY {"metadata":{"emulator":{"name":"functions"},"function":{"name":"us-central1-api"},"extension":{},"message":"[worker-us-central1-api-6c25b63c-88d7-4ad3-83f8-7861ea919ec8]: BUSY"}}
[debug] [2026-09-02T11:39:08.507Z] Finishing up request with event=pause {"metadata":{"emulator":{"name":"functions"},"function":{"name":"us-central1-api"},"extension":{},"message":"Finishing up request with event=pause"}}
[info] i  functions: Finished "us-central1-api" in 131.1124ms {"metadata":{"emulator":{"name":"functions"},"function":{"name":"us-central1-api"},"extension":{},"message":"Finished \"us-central1-api\" in 131.1124ms"}}
[debug] [2026-09-02T11:39:08.508Z] [worker-us-central1-api-6c25b63c-88d7-4ad3-83f8-7861ea919ec8]: IDLE {"metadata":{"emulator":{"name":"functions"},"function":{"name":"us-central1-api"},"extension":{},"message":"[worker-us-central1-api-6c25b63c-88d7-4ad3-83f8-7861ea919ec8]: IDLE"}}
[debug] [2026-09-02T11:39:08.509Z] Finishing up request with event=finish {"metadata":{"emulator":{"name":"functions"},"function":{"name":"us-central1-api"},"extension":{},"message":"Finishing up request with event=finish"}}
[debug] [2026-09-02T11:39:08.509Z] Finishing up request with event=close {"metadata":{"emulator":{"name":"functions"},"function":{"name":"us-central1-api"},"extension":{},"message":"Finishing up request with event=close"}}
[debug] [2026-09-02T11:39:08.509Z] [work-queue] {"queuedWork":[],"queueLength":0,"runningWork":[],"workRunningCount":0}
