solid OpenSCAD_Model
  facet normal 0.438304 0.308771 0.844127
    outer loop
      vertex 0.923903 1.46789 14.4966
      vertex 0.68946 1.47864 14.6144
      vertex 0.735518 1.41326 14.6144
    endloop
  endfacet
  facet normal -0.727594 -0.352847 0.588308
    outer loop
      vertex -1.2503 0.837477 14.1868
      vertex -1.44565 0.928847 14
      vertex -1.38272 0.799081 14
    endloop
  endfacet
  facet normal 0.604956 0.757871 0.244252
    outer loop
      vertex 6.49519 1.875 1
      vertex 1.20525 2.04367 13.5786
      vertex 1.35225 1.92633 13.5786
    endloop
  endfacet
  facet normal -0.711969 -0.702211 0
    outer loop
      vertex -6.49519 -1.875 0
      vertex -6.9291 -1.43506 1
      vertex -6.9291 -1.43506 0
    endloop
  endfacet
  facet normal -0.711969 -0.702211 0
    outer loop
      vertex -6.9291 -1.43506 1
      vertex -6.49519 -1.875 0
      vertex -6.49519 -1.875 1
    endloop
  endfacet
  facet normal 0.789252 0.382756 0.480186
    outer loop
      vertex 1.49148 1.63245 13.7961
      vertex 1.44565 1.47115 14
      vertex 1.55936 1.49248 13.7961
    endloop
  endfacet
  facet normal 0.711969 -0.702211 0
    outer loop
      vertex 6.49519 -1.875 1
      vertex 6.9291 -1.43506 0
      vertex 6.9291 -1.43506 1
    endloop
  endfacet
  facet normal 0.711969 -0.702211 0
    outer loop
      vertex 6.9291 -1.43506 0
      vertex 6.49519 -1.875 1
      vertex 6.49519 -1.875 0
    endloop
  endfacet
  facet normal 0.991518 -0.129968 0
    outer loop
      vertex 7.43584 -0.489472 1
      vertex 7.5 0 0
      vertex 7.5 0 1
    endloop
  endfacet
  facet normal 0.991518 -0.129968 0
    outer loop
      vertex 7.5 0 0
      vertex 7.43584 -0.489472 1
      vertex 7.43584 -0.489472 0
    endloop
  endfacet
  facet normal -0.65616 -0.647166 0.388112
    outer loop
      vertex -1.28077 0.512063 13.7961
      vertex -6.9291 -1.43506 1
      vertex -6.49519 -1.875 1
    endloop
  endfacet
  facet normal 0.0313852 -0.957743 0.285909
    outer loop
      vertex 0 0.0699396 13.7961
      vertex 0 -3.75 1
      vertex 0.978946 -3.71792 1
    endloop
  endfacet
  facet normal 0 0 -1
    outer loop
      vertex 7.43584 -0.489472 0
      vertex 7.43584 0.489472 0
      vertex 7.5 0 0
    endloop
  endfacet
  facet normal 0 0 -1
    outer loop
      vertex 7.24444 -0.970571 0
      vertex 7.43584 0.489472 0
      vertex 7.43584 -0.489472 0
    endloop
  endfacet
  facet normal 0 0 -1
    outer loop
      vertex 7.24444 -0.970571 0
      vertex 7.24444 0.970571 0
      vertex 7.43584 0.489472 0
    endloop
  endfacet
  facet normal 0 0 -1
    outer loop
      vertex 6.9291 -1.43506 0
      vertex 7.24444 0.970571 0
      vertex 7.24444 -0.970571 0
    endloop
  endfacet
  facet normal 0 0 -1
    outer loop
      vertex 6.9291 -1.43506 0
      vertex 6.9291 1.43506 0
      vertex 7.24444 0.970571 0
    endloop
  endfacet
  facet normal 0 0 -1
    outer loop
      vertex 2.8 0 0
      vertex 6.9291 -1.43506 0
      vertex 6.49519 -1.875 0
    endloop
  endfacet
  facet normal 0 0 -1
    outer loop
      vertex 6.9291 -1.43506 0
      vertex 2.8 0 0
      vertex 6.9291 1.43506 0
    endloop
  endfacet
  facet normal 0 0 -1
    outer loop
      vertex 2.77604 -0.365473 0
      vertex 6.49519 -1.875 0
      vertex 5.95015 -2.28286 0
    endloop
  endfacet
  facet normal -0 0 -1
    outer loop
      vertex 6.9291 1.43506 0
      vertex 2.8 0 0
      vertex 6.49519 1.875 0
    endloop
  endfacet
  facet normal 0 0 -1
    outer loop
      vertex 2.77604 -0.365473 0
      vertex 5.95015 -2.28286 0
      vertex 5.3033 -2.65165 0
    endloop
  endfacet
  facet normal 0 0 -1
    outer loop
      vertex 2.77604 0.365473 0
      vertex 6.49519 1.875 0
      vertex 2.8 0 0
    endloop
  endfacet
  facet normal 0 0 -1
    outer loop
      vertex 2.70459 -0.724693 0
      vertex 5.3033 -2.65165 0
      vertex 4.56571 -2.97507 0
    endloop
  endfacet
  facet normal -0 0 -1
    outer loop
      vertex 6.49519 1.875 0
      vertex 2.77604 0.365473 0
      vertex 5.95015 2.28286 0
    endloop
  endfacet
  facet normal 0 0 -1
    outer loop
      vertex 2.58686 -1.07151 0
      vertex 4.56571 -2.97507 0
      vertex 3.75 -3.24759 0
    endloop
  endfacet
  facet normal 0 0 -1
    outer loop
      vertex 6.49519 -1.875 0
      vertex 2.77604 -0.365473 0
      vertex 2.8 0 0
    endloop
  endfacet
  facet normal 0 0 -1
    outer loop
      vertex 2.22139 -1.70453 0
      vertex 3.75 -3.24759 0
      vertex 2.87012 -3.46455 0
    endloop
  endfacet
  facet normal -0 0 -1
    outer loop
      vertex 5.95015 2.28286 0
      vertex 2.77604 0.365473 0
      vertex 5.3033 2.65165 0
    endloop
  endfacet
  facet normal -0 0 -1
    outer loop
      vertex 5.3033 2.65165 0
      vertex 2.70459 0.724693 0
      vertex 4.56571 2.97507 0
    endloop
  endfacet
  facet normal 0 0 -1
    outer loop
      vertex 2.70459 0.724693 0
      vertex 5.3033 2.65165 0
      vertex 2.77604 0.365473 0
    endloop
  endfacet
  facet normal 0 0 -1
    outer loop
      vertex 5.3033 -2.65165 0
      vertex 2.70459 -0.724693 0
      vertex 2.77604 -0.365473 0
    endloop
  endfacet
  facet normal 0 0 -1
    outer loop
      vertex 4.56571 -2.97507 0
      vertex 2.58686 -1.07151 0
      vertex 2.70459 -0.724693 0
    endloop
  endfacet
  facet normal 0 0 -1
    outer loop
      vertex 3.75 -3.24759 0
      vertex 2.42487 -1.4 0
      vertex 2.58686 -1.07151 0
    endloop
  endfacet
  facet normal 0 0 -1
    outer loop
      vertex 3.75 -3.24759 0
      vertex 2.22139 -1.70453 0
      vertex 2.42487 -1.4 0
    endloop
  endfacet
  facet normal 0 0 -1
    outer loop
      vertex 2.87012 -3.46455 0
      vertex 1.9799 -1.9799 0
      vertex 2.22139 -1.70453 0
    endloop
  endfacet
  facet normal 0 0 -1
    outer loop
      vertex 1.70453 -2.22139 0
      vertex 2.87012 -3.46455 0
      vertex 1.94114 -3.62222 0
    endloop
  endfacet
  facet normal 0 0 -1
    outer loop
      vertex 2.87012 -3.46455 0
      vertex 1.70453 -2.22139 0
      vertex 1.9799 -1.9799 0
    endloop
  endfacet
  facet normal 0 0 -1
    outer loop
      vertex 1.94114 -3.62222 0
      vertex 1.4 -2.42487 0
      vertex 1.70453 -2.22139 0
    endloop
  endfacet
  facet normal 0 0 -1
    outer loop
      vertex 1.94114 -3.62222 0
      vertex 1.07151 -2.58686 0
      vertex 1.4 -2.42487 0
    endloop
  endfacet
  facet normal 0 0 -1
    outer loop
      vertex 0.978946 -3.71792 0
      vertex 1.07151 -2.58686 0
      vertex 1.94114 -3.62222 0
    endloop
  endfacet
  facet normal 0 0 -1
    outer loop
      vertex 0.978946 -3.71792 0
      vertex 0.724693 -2.70459 0
      vertex 1.07151 -2.58686 0
    endloop
  endfacet
  facet normal 0 0 -1
    outer loop
      vertex 0.978946 -3.71792 0
      vertex 0.365473 -2.77604 0
      vertex 0.724693 -2.70459 0
    endloop
  endfacet
  facet normal 0 0 -1
    outer loop
      vertex 0 -3.75 0
      vertex 0.365473 -2.77604 0
      vertex 0.978946 -3.71792 0
    endloop
  endfacet
  facet normal 0 0 -1
    outer loop
      vertex 0 -3.75 0
      vertex 0 -2.8 0
      vertex 0.365473 -2.77604 0
    endloop
  endfacet
  facet normal 0 0 -1
    outer loop
      vertex 0 -3.75 0
      vertex -0.365473 -2.77604 0
      vertex 0 -2.8 0
    endloop
  endfacet
  facet normal 0 0 -1
    outer loop
      vertex -0.978946 -3.71792 0
      vertex -0.365473 -2.77604 0
      vertex 0 -3.75 0
    endloop
  endfacet
  facet normal -0 0 -1
    outer loop
      vertex -0.365473 -2.77604 0
      vertex -0.978946 -3.71792 0
      vertex -0.724693 -2.70459 0
    endloop
  endfacet
  facet normal 0 0 -1
    outer loop
      vertex -0.978946 -3.71792 0
      vertex -1.07151 -2.58686 0
      vertex -0.724693 -2.70459 0
    endloop
  endfacet
  facet normal 0 0 -1
    outer loop
      vertex -1.94114 -3.62222 0
      vertex -1.07151 -2.58686 0
      vertex -0.978946 -3.71792 0
    endloop
  endfacet
  facet normal -0 0 -1
    outer loop
      vertex -1.07151 -2.58686 0
      vertex -1.94114 -3.62222 0
      vertex -1.4 -2.42487 0
    endloop
  endfacet
  facet normal -0 0 -1
    outer loop
      vertex -1.4 -2.42487 0
      vertex -1.94114 -3.62222 0
      vertex -1.70453 -2.22139 0
    endloop
  endfacet
  facet normal 0 0 -1
    outer loop
      vertex -2.87012 -3.46455 0
      vertex -1.70453 -2.22139 0
      vertex -1.94114 -3.62222 0
    endloop
  endfacet
  facet normal -0 0 -1
    outer loop
      vertex -1.70453 -2.22139 0
      vertex -2.87012 -3.46455 0
      vertex -1.9799 -1.9799 0
    endloop
  endfacet
  facet normal -0 0 -1
    outer loop
      vertex -1.9799 -1.9799 0
      vertex -2.87012 -3.46455 0
      vertex -2.22139 -1.70453 0
    endloop
  endfacet
  facet normal 0 0 -1
    outer loop
      vertex -3.75 -3.24759 0
      vertex -2.22139 -1.70453 0
      vertex -2.87012 -3.46455 0
    endloop
  endfacet
  facet normal -0 0 -1
    outer loop
      vertex -2.22139 -1.70453 0
      vertex -3.75 -3.24759 0
      vertex -2.42487 -1.4 0
    endloop
  endfacet
  facet normal -0 0 -1
    outer loop
      vertex -2.58686 -1.07151 0
      vertex -4.56571 -2.97507 0
      vertex -2.70459 -0.724693 0
    endloop
  endfacet
  facet normal 0 0 -1
    outer loop
      vertex -4.56571 -2.97507 0
      vertex -2.58686 -1.07151 0
      vertex -3.75 -3.24759 0
    endloop
  endfacet
  facet normal -0 0 -1
    outer loop
      vertex -2.42487 -1.4 0
      vertex -3.75 -3.24759 0
      vertex -2.58686 -1.07151 0
    endloop
  endfacet
  facet normal 0 0 -1
    outer loop
      vertex 2.58686 1.07151 0
      vertex 4.56571 2.97507 0
      vertex 2.70459 0.724693 0
    endloop
  endfacet
  facet normal -0 0 -1
    outer loop
      vertex 4.56571 2.97507 0
      vertex 2.58686 1.07151 0
      vertex 3.75 3.24759 0
    endloop
  endfacet
  facet normal 0 0 -1
    outer loop
      vertex 2.42487 1.4 0
      vertex 3.75 3.24759 0
      vertex 2.58686 1.07151 0
    endloop
  endfacet
  facet normal 0 0 -1
    outer loop
      vertex 2.22139 1.70453 0
      vertex 3.75 3.24759 0
      vertex 2.42487 1.4 0
    endloop
  endfacet
  facet normal -0 0 -1
    outer loop
      vertex 3.75 3.24759 0
      vertex 2.22139 1.70453 0
      vertex 2.87012 3.46455 0
    endloop
  endfacet
  facet normal 0 0 -1
    outer loop
      vertex 1.9799 1.9799 0
      vertex 2.87012 3.46455 0
      vertex 2.22139 1.70453 0
    endloop
  endfacet
  facet normal 0 0 -1
    outer loop
      vertex 1.70453 2.22139 0
      vertex 2.87012 3.46455 0
      vertex 1.9799 1.9799 0
    endloop
  endfacet
  facet normal -0 0 -1
    outer loop
      vertex 2.87012 3.46455 0
      vertex 1.70453 2.22139 0
      vertex 1.94114 3.62222 0
    endloop
  endfacet
  facet normal 0 0 -1
    outer loop
      vertex 1.4 2.42487 0
      vertex 1.94114 3.62222 0
      vertex 1.70453 2.22139 0
    endloop
  endfacet
  facet normal 0 0 -1
    outer loop
      vertex 1.07151 2.58686 0
      vertex 1.94114 3.62222 0
      vertex 1.4 2.42487 0
    endloop
  endfacet
  facet normal 0 0 -1
    outer loop
      vertex 1.07151 2.58686 0
      vertex 0.978946 3.71792 0
      vertex 1.94114 3.62222 0
    endloop
  endfacet
  facet normal 0 0 -1
    outer loop
      vertex 0.724693 2.70459 0
      vertex 0.978946 3.71792 0
      vertex 1.07151 2.58686 0
    endloop
  endfacet
  facet normal 0 0 -1
    outer loop
      vertex 0.365473 2.77604 0
      vertex 0.978946 3.71792 0
      vertex 0.724693 2.70459 0
    endloop
  endfacet
  facet normal 0 0 -1
    outer loop
      vertex 0 3.75 0
      vertex 0.365473 2.77604 0
      vertex 0 2.8 0
    endloop
  endfacet
  facet normal 0 0 -1
    outer loop
      vertex 0.365473 2.77604 0
      vertex 0 3.75 0
      vertex 0.978946 3.71792 0
    endloop
  endfacet
  facet normal 0 0 -1
    outer loop
      vertex -0.365473 2.77604 0
      vertex 0 3.75 0
      vertex 0 2.8 0
    endloop
  endfacet
  facet normal 0 0 -1
    outer loop
      vertex -0.978946 3.71792 0
      vertex -0.365473 2.77604 0
      vertex -0.724693 2.70459 0
    endloop
  endfacet
  facet normal 0 0 -1
    outer loop
      vertex -0.365473 2.77604 0
      vertex -0.978946 3.71792 0
      vertex 0 3.75 0
    endloop
  endfacet
  facet normal 0 0 -1
    outer loop
      vertex -1.07151 2.58686 0
      vertex -0.978946 3.71792 0
      vertex -0.724693 2.70459 0
    endloop
  endfacet
  facet normal 0 0 -1
    outer loop
      vertex -1.94114 3.62222 0
      vertex -1.07151 2.58686 0
      vertex -1.4 2.42487 0
    endloop
  endfacet
  facet normal 0 0 -1
    outer loop
      vertex -1.94114 3.62222 0
      vertex -1.4 2.42487 0
      vertex -1.70453 2.22139 0
    endloop
  endfacet
  facet normal 0 0 -1
    outer loop
      vertex -1.07151 2.58686 0
      vertex -1.94114 3.62222 0
      vertex -0.978946 3.71792 0
    endloop
  endfacet
  facet normal 0 0 -1
    outer loop
      vertex -2.87012 3.46455 0
      vertex -1.70453 2.22139 0
      vertex -1.9799 1.9799 0
    endloop
  endfacet
  facet normal 0 0 -1
    outer loop
      vertex -2.87012 3.46455 0
      vertex -1.9799 1.9799 0
      vertex -2.22139 1.70453 0
    endloop
  endfacet
  facet normal 0 0 -1
    outer loop
      vertex -3.75 3.24759 0
      vertex -2.22139 1.70453 0
      vertex -2.42487 1.4 0
    endloop
  endfacet
  facet normal 0 0 -1
    outer loop
      vertex -3.75 3.24759 0
      vertex -2.42487 1.4 0
      vertex -2.58686 1.07151 0
    endloop
  endfacet
  facet normal 0 0 -1
    outer loop
      vertex -4.56571 2.97507 0
      vertex -2.58686 1.07151 0
      vertex -2.70459 0.724693 0
    endloop
  endfacet
  facet normal 0 0 -1
    outer loop
      vertex -1.70453 2.22139 0
      vertex -2.87012 3.46455 0
      vertex -1.94114 3.62222 0
    endloop
  endfacet
  facet normal 0 0 -1
    outer loop
      vertex -5.3033 2.65165 0
      vertex -2.70459 0.724693 0
      vertex -2.77604 0.365473 0
    endloop
  endfacet
  facet normal 0 0 -1
    outer loop
      vertex -6.49519 1.875 0
      vertex -2.77604 0.365473 0
      vertex -2.8 0 0
    endloop
  endfacet
  facet normal 0 0 -1
    outer loop
      vertex -5.3033 -2.65165 0
      vertex -2.70459 -0.724693 0
      vertex -4.56571 -2.97507 0
    endloop
  endfacet
  facet normal -0 0 -1
    outer loop
      vertex -2.70459 -0.724693 0
      vertex -5.3033 -2.65165 0
      vertex -2.77604 -0.365473 0
    endloop
  endfacet
  facet normal 0 0 -1
    outer loop
      vertex -2.22139 1.70453 0
      vertex -3.75 3.24759 0
      vertex -2.87012 3.46455 0
    endloop
  endfacet
  facet normal 0 0 -1
    outer loop
      vertex -5.95015 -2.28286 0
      vertex -2.77604 -0.365473 0
      vertex -5.3033 -2.65165 0
    endloop
  endfacet
  facet normal 0 0 -1
    outer loop
      vertex -2.58686 1.07151 0
      vertex -4.56571 2.97507 0
      vertex -3.75 3.24759 0
    endloop
  endfacet
  facet normal 0 0 -1
    outer loop
      vertex -6.49519 -1.875 0
      vertex -2.77604 -0.365473 0
      vertex -5.95015 -2.28286 0
    endloop
  endfacet
  facet normal 0 0 -1
    outer loop
      vertex -2.70459 0.724693 0
      vertex -5.3033 2.65165 0
      vertex -4.56571 2.97507 0
    endloop
  endfacet
  facet normal -0 0 -1
    outer loop
      vertex -2.77604 -0.365473 0
      vertex -6.49519 -1.875 0
      vertex -2.8 0 0
    endloop
  endfacet
  facet normal 0 0 -1
    outer loop
      vertex -2.77604 0.365473 0
      vertex -5.95015 2.28286 0
      vertex -5.3033 2.65165 0
    endloop
  endfacet
  facet normal 0 0 -1
    outer loop
      vertex -6.9291 -1.43506 0
      vertex -2.8 0 0
      vertex -6.49519 -1.875 0
    endloop
  endfacet
  facet normal 0 0 -1
    outer loop
      vertex -2.77604 0.365473 0
      vertex -6.49519 1.875 0
      vertex -5.95015 2.28286 0
    endloop
  endfacet
  facet normal 0 0 -1
    outer loop
      vertex -6.9291 1.43506 0
      vertex -2.8 0 0
      vertex -6.9291 -1.43506 0
    endloop
  endfacet
  facet normal 0 0 -1
    outer loop
      vertex -2.8 0 0
      vertex -6.9291 1.43506 0
      vertex -6.49519 1.875 0
    endloop
  endfacet
  facet normal 0 0 -1
    outer loop
      vertex -7.24444 -0.970571 0
      vertex -6.9291 1.43506 0
      vertex -6.9291 -1.43506 0
    endloop
  endfacet
  facet normal 0 0 -1
    outer loop
      vertex -7.24444 -0.970571 0
      vertex -7.24444 0.970571 0
      vertex -6.9291 1.43506 0
    endloop
  endfacet
  facet normal 0 0 -1
    outer loop
      vertex -7.43584 -0.489472 0
      vertex -7.24444 0.970571 0
      vertex -7.24444 -0.970571 0
    endloop
  endfacet
  facet normal 0 0 -1
    outer loop
      vertex -7.43584 -0.489472 0
      vertex -7.43584 0.489472 0
      vertex -7.24444 0.970571 0
    endloop
  endfacet
  facet normal 0 -0 -1
    outer loop
      vertex -7.43584 0.489472 0
      vertex -7.43584 -0.489472 0
      vertex -7.5 0 0
    endloop
  endfacet
  facet normal -0.478977 0.457247 0.749337
    outer loop
      vertex -0.941569 1.70574 14.3533
      vertex -1.02782 1.61539 14.3533
      vertex -0.866048 1.55001 14.4966
    endloop
  endfacet
  facet normal 0.774508 0.545608 0.320078
    outer loop
      vertex 6.9291 1.43506 1
      vertex 1.47612 1.79657 13.5786
      vertex 1.57473 1.65659 13.5786
    endloop
  endfacet
  facet normal 0.789255 -0.38275 0.480186
    outer loop
      vertex 1.55936 0.907518 13.7961
      vertex 1.44565 0.928847 14
      vertex 1.49148 0.767545 13.7961
    endloop
  endfacet
  facet normal 0.684118 0.674742 0.276958
    outer loop
      vertex 6.49519 1.875 1
      vertex 1.35225 1.92633 13.5786
      vertex 6.9291 1.43506 1
    endloop
  endfacet
  facet normal 0.582428 0.778322 0.234504
    outer loop
      vertex 5.95015 2.28286 1
      vertex 1.20525 2.04367 13.5786
      vertex 6.49519 1.875 1
    endloop
  endfacet
  facet normal -0.0233247 0.509103 0.86039
    outer loop
      vertex 0 1.75728 14.6144
      vertex -0.0755205 1.60155 14.7045
      vertex 0 1.60501 14.7045
    endloop
  endfacet
  facet normal 0.489808 -0.797873 0.351406
    outer loop
      vertex 1.14153 0.400927 13.7961
      vertex 0.982766 0.303463 13.7961
      vertex 5.95015 -2.28286 1
    endloop
  endfacet
  facet normal 0.816259 -0.395845 0.420748
    outer loop
      vertex 1.55936 0.907518 13.7961
      vertex 1.49148 0.767545 13.7961
      vertex 7.24444 -0.970571 1
    endloop
  endfacet
  facet normal 0.401574 -0.915827 0
    outer loop
      vertex 4.56571 -2.97507 0
      vertex 5.3033 -2.65165 1
      vertex 4.56571 -2.97507 1
    endloop
  endfacet
  facet normal 0.401574 -0.915827 0
    outer loop
      vertex 5.3033 -2.65165 1
      vertex 4.56571 -2.97507 0
      vertex 5.3033 -2.65165 0
    endloop
  endfacet
  facet normal -0.401574 -0.915827 0
    outer loop
      vertex -5.3033 -2.65165 0
      vertex -4.56571 -2.97507 1
      vertex -5.3033 -2.65165 1
    endloop
  endfacet
  facet normal -0.401574 -0.915827 -0
    outer loop
      vertex -4.56571 -2.97507 1
      vertex -5.3033 -2.65165 0
      vertex -4.56571 -2.97507 0
    endloop
  endfacet
  facet normal 0.765003 0.538912 0.352625
    outer loop
      vertex 1.57473 1.65659 13.5786
      vertex 1.47612 1.79657 13.5786
      vertex 1.49148 1.63245 13.7961
    endloop
  endfacet
  facet normal -0.991518 0.129968 0
    outer loop
      vertex -7.5 0 0
      vertex -7.43584 0.489472 1
      vertex -7.43584 0.489472 0
    endloop
  endfacet
  facet normal -0.991518 0.129968 0
    outer loop
      vertex -7.43584 0.489472 1
      vertex -7.5 0 0
      vertex -7.5 0 1
    endloop
  endfacet
  facet normal 0.863392 0.343491 0.369551
    outer loop
      vertex 7.24444 0.970571 1
      vertex 1.64639 1.50881 13.5786
      vertex 7.43584 0.489472 1
    endloop
  endfacet
  facet normal 0.782766 0.531417 0.323843
    outer loop
      vertex 6.9291 1.43506 1
      vertex 1.57473 1.65659 13.5786
      vertex 7.24444 0.970571 1
    endloop
  endfacet
  facet normal 0.404078 0.863905 0.300648
    outer loop
      vertex 0.852237 2.23328 13.5786
      vertex 0.807185 2.17866 13.7961
      vertex 1.03762 2.14657 13.5786
    endloop
  endfacet
  facet normal 0.827351 0.561686 0
    outer loop
      vertex 7.24444 0.970571 1
      vertex 6.9291 1.43506 0
      vertex 6.9291 1.43506 1
    endloop
  endfacet
  facet normal 0.827351 0.561686 0
    outer loop
      vertex 6.9291 1.43506 0
      vertex 7.24444 0.970571 1
      vertex 7.24444 0.970571 0
    endloop
  endfacet
  facet normal 0.10834 -0.103432 0.988719
    outer loop
      vertex 0.304115 1.07709 14.7654
      vertex 0.101953 1.1588 14.7961
      vertex 0.278596 1.05036 14.7654
    endloop
  endfacet
  facet normal 0.356989 0.447204 0.820102
    outer loop
      vertex 0.793374 1.62614 14.4966
      vertex 0.562942 1.59406 14.6144
      vertex 0.631603 1.53925 14.6144
    endloop
  endfacet
  facet normal -0.395762 0.902572 0.169519
    outer loop
      vertex -4.56571 2.97507 1
      vertex -5.3033 2.65165 1
      vertex -0.882707 2.27022 13.3512
    endloop
  endfacet
  facet normal 0.0989719 0.99509 -0
    outer loop
      vertex 1.94114 3.62222 0
      vertex 0.978946 3.71792 1
      vertex 1.94114 3.62222 1
    endloop
  endfacet
  facet normal 0.0989719 0.99509 0
    outer loop
      vertex 0.978946 3.71792 1
      vertex 1.94114 3.62222 0
      vertex 0.978946 3.71792 0
    endloop
  endfacet
  facet normal 0.187824 -0.790442 0.583029
    outer loop
      vertex 0.517889 0.324792 14.1868
      vertex 0.307172 0.397532 14.3533
      vertex 0.350263 0.284961 14.1868
    endloop
  endfacet
  facet normal 0.727595 0.352822 0.588321
    outer loop
      vertex 1.44565 1.47115 14
      vertex 1.2503 1.56252 14.1868
      vertex 1.3072 1.44518 14.1868
    endloop
  endfacet
  facet normal 0.464837 -0.815315 0.345237
    outer loop
      vertex 5.95015 -2.28286 1
      vertex 0.982766 0.303463 13.7961
      vertex 5.3033 -2.65165 1
    endloop
  endfacet
  facet normal 0.705594 -0.0660799 0.705528
    outer loop
      vertex 1.35331 1.2 14.1868
      vertex 1.17667 1.09156 14.3533
      vertex 1.34173 1.07635 14.1868
    endloop
  endfacet
  facet normal 0.863177 0.0808168 0.498391
    outer loop
      vertex 1.60056 1.3475 13.7961
      vertex 1.49664 1.2 14
      vertex 1.61437 1.2 13.7961
    endloop
  endfacet
  facet normal 0.49529 -0.868728 0
    outer loop
      vertex 5.3033 -2.65165 0
      vertex 5.95015 -2.28286 1
      vertex 5.3033 -2.65165 1
    endloop
  endfacet
  facet normal 0.49529 -0.868728 0
    outer loop
      vertex 5.95015 -2.28286 1
      vertex 5.3033 -2.65165 0
      vertex 5.95015 -2.28286 0
    endloop
  endfacet
  facet normal -0.0291999 -0.636251 0.77093
    outer loop
      vertex -0.103914 0.647484 14.6144
      vertex -0.130529 0.50597 14.4966
      vertex 0 0.642715 14.6144
    endloop
  endfacet
  facet normal -0.239408 -0.970919 0
    outer loop
      vertex -3.75 -3.24759 0
      vertex -2.87012 -3.46455 1
      vertex -3.75 -3.24759 1
    endloop
  endfacet
  facet normal -0.239408 -0.970919 -0
    outer loop
      vertex -2.87012 -3.46455 1
      vertex -3.75 -3.24759 0
      vertex -2.87012 -3.46455 0
    endloop
  endfacet
  facet normal -0.49529 -0.868728 0
    outer loop
      vertex -5.95015 -2.28286 0
      vertex -5.3033 -2.65165 1
      vertex -5.95015 -2.28286 1
    endloop
  endfacet
  facet normal -0.49529 -0.868728 -0
    outer loop
      vertex -5.3033 -2.65165 1
      vertex -5.95015 -2.28286 0
      vertex -5.3033 -2.65165 0
    endloop
  endfacet
  facet normal -0.75497 -0.512546 0.409044
    outer loop
      vertex -1.49148 0.767545 13.7961
      vertex -7.24444 -0.970571 1
      vertex -6.9291 -1.43506 1
    endloop
  endfacet
  facet normal -0.827351 -0.561686 0
    outer loop
      vertex -6.9291 -1.43506 0
      vertex -7.24444 -0.970571 1
      vertex -7.24444 -0.970571 0
    endloop
  endfacet
  facet normal -0.827351 -0.561686 0
    outer loop
      vertex -7.24444 -0.970571 1
      vertex -6.9291 -1.43506 0
      vertex -6.9291 -1.43506 1
    endloop
  endfacet
  facet normal -0.604783 0.42608 0.672825
    outer loop
      vertex -1.172 1.67366 14.1868
      vertex -1.2503 1.56252 14.1868
      vertex -1.02782 1.61539 14.3533
    endloop
  endfacet
  facet normal -0.816259 -0.395845 0.420748
    outer loop
      vertex -1.55936 0.907518 13.7961
      vertex -7.24444 -0.970571 1
      vertex -1.49148 0.767545 13.7961
    endloop
  endfacet
  facet normal -0.841866 -0.334927 0.423184
    outer loop
      vertex -1.55936 0.907518 13.7961
      vertex -7.43584 -0.489472 1
      vertex -7.24444 -0.970571 1
    endloop
  endfacet
  facet normal 0.929167 0.369659 0
    outer loop
      vertex 7.43584 0.489472 1
      vertex 7.24444 0.970571 0
      vertex 7.24444 0.970571 1
    endloop
  endfacet
  facet normal 0.929167 0.369659 0
    outer loop
      vertex 7.24444 0.970571 0
      vertex 7.43584 0.489472 1
      vertex 7.43584 0.489472 0
    endloop
  endfacet
  facet normal 0.866328 0.333639 0.3717
    outer loop
      vertex 1.64639 1.50881 13.5786
      vertex 1.55936 1.49248 13.7961
      vertex 7.43584 0.489472 1
    endloop
  endfacet
  facet normal 0.840614 0.407622 0.356669
    outer loop
      vertex 7.24444 0.970571 1
      vertex 1.57473 1.65659 13.5786
      vertex 1.64639 1.50881 13.5786
    endloop
  endfacet
  facet normal 0.599135 0.800648 -0
    outer loop
      vertex 6.49519 1.875 0
      vertex 5.95015 2.28286 1
      vertex 6.49519 1.875 1
    endloop
  endfacet
  facet normal 0.599135 0.800648 0
    outer loop
      vertex 5.95015 2.28286 1
      vertex 6.49519 1.875 0
      vertex 5.95015 2.28286 0
    endloop
  endfacet
  facet normal 0.590109 0.739271 0.324421
    outer loop
      vertex 1.35225 1.92633 13.5786
      vertex 1.20525 2.04367 13.5786
      vertex 1.28077 1.88794 13.7961
    endloop
  endfacet
  facet normal 0.42401 0.531161 0.733542
    outer loop
      vertex 0.83921 1.78745 14.3533
      vertex 0.707125 1.69499 14.4966
      vertex 0.793374 1.62614 14.4966
    endloop
  endfacet
  facet normal 0.167331 0.985901 -0
    outer loop
      vertex 2.87012 3.46455 0
      vertex 1.94114 3.62222 1
      vertex 2.87012 3.46455 1
    endloop
  endfacet
  facet normal 0.167331 0.985901 0
    outer loop
      vertex 1.94114 3.62222 1
      vertex 2.87012 3.46455 0
      vertex 1.94114 3.62222 0
    endloop
  endfacet
  facet normal 0.0327524 0.999463 -0
    outer loop
      vertex 0.978946 3.71792 0
      vertex 0 3.75 1
      vertex 0.978946 3.71792 1
    endloop
  endfacet
  facet normal 0.0327524 0.999463 0
    outer loop
      vertex 0 3.75 1
      vertex 0.978946 3.71792 0
      vertex 0 3.75 0
    endloop
  endfacet
  facet normal -0.66588 -0.635611 0.390644
    outer loop
      vertex -1.39809 0.63497 13.7961
      vertex -6.9291 -1.43506 1
      vertex -1.28077 0.512063 13.7961
    endloop
  endfacet
  facet normal -0.228226 -0.925569 0.302051
    outer loop
      vertex -0.617792 0.15596 13.7961
      vertex -3.75 -3.24759 1
      vertex -2.87012 -3.46455 1
    endloop
  endfacet
  facet normal 0.5792 -0.725668 0.371395
    outer loop
      vertex 1.28077 0.512063 13.7961
      vertex 1.14153 0.400927 13.7961
      vertex 6.49519 -1.875 1
    endloop
  endfacet
  facet normal 0.604767 -0.42608 0.672839
    outer loop
      vertex 1.2503 0.837477 14.1868
      vertex 1.09648 0.882075 14.3533
      vertex 1.172 0.72634 14.1868
    endloop
  endfacet
  facet normal 0.599135 -0.800648 0
    outer loop
      vertex 5.95015 -2.28286 0
      vertex 6.49519 -1.875 1
      vertex 5.95015 -2.28286 1
    endloop
  endfacet
  facet normal 0.599135 -0.800648 0
    outer loop
      vertex 6.49519 -1.875 1
      vertex 5.95015 -2.28286 0
      vertex 6.49519 -1.875 0
    endloop
  endfacet
  facet normal 0.929167 -0.369659 0
    outer loop
      vertex 7.24444 -0.970571 1
      vertex 7.43584 -0.489472 0
      vertex 7.43584 -0.489472 1
    endloop
  endfacet
  facet normal 0.929167 -0.369659 0
    outer loop
      vertex 7.43584 -0.489472 0
      vertex 7.24444 -0.970571 1
      vertex 7.24444 -0.970571 0
    endloop
  endfacet
  facet normal 0.827351 -0.561686 0
    outer loop
      vertex 6.9291 -1.43506 1
      vertex 7.24444 -0.970571 0
      vertex 7.24444 -0.970571 1
    endloop
  endfacet
  facet normal 0.827351 -0.561686 0
    outer loop
      vertex 7.24444 -0.970571 0
      vertex 6.9291 -1.43506 1
      vertex 6.9291 -1.43506 0
    endloop
  endfacet
  facet normal 0.121287 -0.871043 0.475998
    outer loop
      vertex 0.350263 0.284961 14.1868
      vertex 0.195351 0.16131 14
      vertex 0.38736 0.188046 14
    endloop
  endfacet
  facet normal -0.167331 -0.985901 0
    outer loop
      vertex -2.87012 -3.46455 0
      vertex -1.94114 -3.62222 1
      vertex -2.87012 -3.46455 1
    endloop
  endfacet
  facet normal -0.167331 -0.985901 -0
    outer loop
      vertex -1.94114 -3.62222 1
      vertex -2.87012 -3.46455 0
      vertex -1.94114 -3.62222 0
    endloop
  endfacet
  facet normal -0.316873 -0.948468 0
    outer loop
      vertex -4.56571 -2.97507 0
      vertex -3.75 -3.24759 1
      vertex -4.56571 -2.97507 1
    endloop
  endfacet
  facet normal -0.316873 -0.948468 -0
    outer loop
      vertex -3.75 -3.24759 1
      vertex -4.56571 -2.97507 0
      vertex -3.75 -3.24759 0
    endloop
  endfacet
  facet normal -0.599135 -0.800648 0
    outer loop
      vertex -6.49519 -1.875 0
      vertex -5.95015 -2.28286 1
      vertex -6.49519 -1.875 1
    endloop
  endfacet
  facet normal -0.599135 -0.800648 -0
    outer loop
      vertex -5.95015 -2.28286 1
      vertex -6.49519 -1.875 0
      vertex -5.95015 -2.28286 0
    endloop
  endfacet
  facet normal -0.593438 -0.168622 0.787018
    outer loop
      vertex -0.99147 1.10863 14.4966
      vertex -1.14638 0.984979 14.3533
      vertex -0.965951 1.01882 14.4966
    endloop
  endfacet
  facet normal -0.908219 0.0850339 0.409765
    outer loop
      vertex -1.60056 1.3475 13.7961
      vertex -7.5 0 1
      vertex -1.61437 1.2 13.7961
    endloop
  endfacet
  facet normal -0.929167 -0.369659 0
    outer loop
      vertex -7.24444 -0.970571 0
      vertex -7.43584 -0.489472 1
      vertex -7.43584 -0.489472 0
    endloop
  endfacet
  facet normal -0.929167 -0.369659 0
    outer loop
      vertex -7.43584 -0.489472 1
      vertex -7.24444 -0.970571 0
      vertex -7.24444 -0.970571 1
    endloop
  endfacet
  facet normal -0.991518 -0.129968 0
    outer loop
      vertex -7.43584 -0.489472 0
      vertex -7.5 0 1
      vertex -7.5 0 0
    endloop
  endfacet
  facet normal -0.991518 -0.129968 0
    outer loop
      vertex -7.5 0 1
      vertex -7.43584 -0.489472 0
      vertex -7.43584 -0.489472 1
    endloop
  endfacet
  facet normal -0.379415 -0.865292 0.327589
    outer loop
      vertex -0.807185 0.221339 13.7961
      vertex -5.3033 -2.65165 1
      vertex -4.56571 -2.97507 1
    endloop
  endfacet
  facet normal -0.360189 -0.174678 0.91638
    outer loop
      vertex -0.558875 1.09517 14.7045
      vertex -0.768992 1.05576 14.6144
      vertex -0.735518 0.986736 14.6144
    endloop
  endfacet
  facet normal 0.242498 0.395055 0.886073
    outer loop
      vertex 0.484647 1.64212 14.6144
      vertex 0.352223 1.52132 14.7045
      vertex 0.562942 1.59406 14.6144
    endloop
  endfacet
  facet normal -0.166175 0.979088 0.117356
    outer loop
      vertex -1.94114 3.62222 1
      vertex -2.87012 3.46455 1
      vertex -0.456923 2.39368 13.3512
    endloop
  endfacet
  facet normal -0.507593 0.836287 0.2073
    outer loop
      vertex -1.07472 2.18042 13.3512
      vertex -5.95015 2.28286 1
      vertex -1.03762 2.14657 13.5786
    endloop
  endfacet
  facet normal 0.711969 0.702211 0
    outer loop
      vertex 6.9291 1.43506 1
      vertex 6.49519 1.875 0
      vertex 6.49519 1.875 1
    endloop
  endfacet
  facet normal 0.711969 0.702211 0
    outer loop
      vertex 6.49519 1.875 0
      vertex 6.9291 1.43506 1
      vertex 6.9291 1.43506 0
    endloop
  endfacet
  facet normal 0.338808 0.238679 0.910078
    outer loop
      vertex 0.68946 1.47864 14.6144
      vertex 0.534548 1.35499 14.7045
      vertex 0.735518 1.41326 14.6144
    endloop
  endfacet
  facet normal 0.488992 0.138944 0.861151
    outer loop
      vertex 0.965951 1.38118 14.4966
      vertex 0.789309 1.27274 14.6144
      vertex 0.99147 1.29137 14.4966
    endloop
  endfacet
  facet normal 0.694014 0.662511 0.281823
    outer loop
      vertex 6.9291 1.43506 1
      vertex 1.35225 1.92633 13.5786
      vertex 1.47612 1.79657 13.5786
    endloop
  endfacet
  facet normal 0.562803 0.705162 0.431277
    outer loop
      vertex 1.14153 1.99907 13.7961
      vertex 1.05829 1.9408 14
      vertex 1.28077 1.88794 13.7961
    endloop
  endfacet
  facet normal 0.49529 0.868728 -0
    outer loop
      vertex 5.95015 2.28286 0
      vertex 5.3033 2.65165 1
      vertex 5.95015 2.28286 1
    endloop
  endfacet
  facet normal 0.49529 0.868728 0
    outer loop
      vertex 5.3033 2.65165 1
      vertex 5.95015 2.28286 0
      vertex 5.3033 2.65165 0
    endloop
  endfacet
  facet normal 0.526547 0.659681 0.536255
    outer loop
      vertex 1.05829 1.9408 14
      vertex 0.956935 1.86985 14.1868
      vertex 1.07365 1.77669 14.1868
    endloop
  endfacet
  facet normal 0.284108 0.823033 0.491832
    outer loop
      vertex 0.748322 2.10729 14
      vertex 0.572741 2.1679 14
      vertex 0.676656 2.0204 14.1868
    endloop
  endfacet
  facet normal 0.475837 0.775067 0.415752
    outer loop
      vertex 1.14153 1.99907 13.7961
      vertex 0.982766 2.09654 13.7961
      vertex 1.05829 1.9408 14
    endloop
  endfacet
  facet normal -0.167331 0.985901 0
    outer loop
      vertex -1.94114 3.62222 0
      vertex -2.87012 3.46455 1
      vertex -1.94114 3.62222 1
    endloop
  endfacet
  facet normal -0.167331 0.985901 0
    outer loop
      vertex -2.87012 3.46455 1
      vertex -1.94114 3.62222 0
      vertex -2.87012 3.46455 0
    endloop
  endfacet
  facet normal 0.13702 0.983948 0.114336
    outer loop
      vertex 1.94114 3.62222 1
      vertex 0.230433 2.42522 13.3512
      vertex 0.456923 2.39368 13.3512
    endloop
  endfacet
  facet normal 0.364032 0.593039 0.718182
    outer loop
      vertex 0.83921 1.78745 14.3533
      vertex 0.608777 1.75536 14.4966
      vertex 0.707125 1.69499 14.4966
    endloop
  endfacet
  facet normal 0.239408 0.970919 -0
    outer loop
      vertex 3.75 3.24759 0
      vertex 2.87012 3.46455 1
      vertex 3.75 3.24759 1
    endloop
  endfacet
  facet normal 0.239408 0.970919 0
    outer loop
      vertex 2.87012 3.46455 1
      vertex 3.75 3.24759 0
      vertex 2.87012 3.46455 0
    endloop
  endfacet
  facet normal 0.0983769 0.989108 0.109484
    outer loop
      vertex 0.978946 3.71792 1
      vertex 0.230433 2.42522 13.3512
      vertex 1.94114 3.62222 1
    endloop
  endfacet
  facet normal 0.300305 -0.869939 0.391181
    outer loop
      vertex 0.748322 0.292706 14
      vertex 0.617792 0.15596 13.7961
      vertex 0.807185 0.221339 13.7961
    endloop
  endfacet
  facet normal 0.167331 -0.985901 0
    outer loop
      vertex 1.94114 -3.62222 0
      vertex 2.87012 -3.46455 1
      vertex 1.94114 -3.62222 1
    endloop
  endfacet
  facet normal 0.167331 -0.985901 0
    outer loop
      vertex 2.87012 -3.46455 1
      vertex 1.94114 -3.62222 0
      vertex 2.87012 -3.46455 0
    endloop
  endfacet
  facet normal 0.0424954 -0.926303 0.374375
    outer loop
      vertex 0 0.152348 14
      vertex 0 0.0699396 13.7961
      vertex 0.195351 0.16131 14
    endloop
  endfacet
  facet normal 0.239408 -0.970919 0
    outer loop
      vertex 2.87012 -3.46455 0
      vertex 3.75 -3.24759 1
      vertex 2.87012 -3.46455 1
    endloop
  endfacet
  facet normal 0.239408 -0.970919 0
    outer loop
      vertex 3.75 -3.24759 1
      vertex 2.87012 -3.46455 0
      vertex 3.75 -3.24759 0
    endloop
  endfacet
  facet normal -0.220437 -0.927705 0.301284
    outer loop
      vertex -0.617792 0.15596 13.7961
      vertex -2.87012 -3.46455 1
      vertex -0.41783 0.108446 13.7961
    endloop
  endfacet
  facet normal 0.837499 0.406112 0.365606
    outer loop
      vertex 1.57473 1.65659 13.5786
      vertex 1.55936 1.49248 13.7961
      vertex 1.64639 1.50881 13.5786
    endloop
  endfacet
  facet normal 0.365871 -0.782234 0.504231
    outer loop
      vertex 0.911099 0.368841 14
      vertex 0.676656 0.379598 14.1868
      vertex 0.748322 0.292706 14
    endloop
  endfacet
  facet normal 0.65616 -0.647166 0.388112
    outer loop
      vertex 6.9291 -1.43506 1
      vertex 1.28077 0.512063 13.7961
      vertex 6.49519 -1.875 1
    endloop
  endfacet
  facet normal 0.66588 -0.635611 0.390644
    outer loop
      vertex 1.39809 0.63497 13.7961
      vertex 1.28077 0.512063 13.7961
      vertex 6.9291 -1.43506 1
    endloop
  endfacet
  facet normal 0.557605 -0.74515 0.365825
    outer loop
      vertex 6.49519 -1.875 1
      vertex 1.14153 0.400927 13.7961
      vertex 5.95015 -2.28286 1
    endloop
  endfacet
  facet normal 0.30837 -0.502329 0.80782
    outer loop
      vertex 0.707125 0.705011 14.4966
      vertex 0.484647 0.757876 14.6144
      vertex 0.608777 0.644637 14.4966
    endloop
  endfacet
  facet normal 0.112697 -0.809371 0.576384
    outer loop
      vertex 0.307172 0.397532 14.3533
      vertex 0.176642 0.260786 14.1868
      vertex 0.350263 0.284961 14.1868
    endloop
  endfacet
  facet normal 0.0327524 -0.999463 0
    outer loop
      vertex 0 -3.75 0
      vertex 0.978946 -3.71792 1
      vertex 0 -3.75 1
    endloop
  endfacet
  facet normal 0.0327524 -0.999463 0
    outer loop
      vertex 0.978946 -3.71792 1
      vertex 0 -3.75 0
      vertex 0.978946 -3.71792 0
    endloop
  endfacet
  facet normal -0.0989719 -0.99509 0
    outer loop
      vertex -1.94114 -3.62222 0
      vertex -0.978946 -3.71792 1
      vertex -1.94114 -3.62222 1
    endloop
  endfacet
  facet normal -0.0989719 -0.99509 -0
    outer loop
      vertex -0.978946 -3.71792 1
      vertex -1.94114 -3.62222 0
      vertex -0.978946 -3.71792 0
    endloop
  endfacet
  facet normal -0.0327524 -0.999463 0
    outer loop
      vertex -0.978946 -3.71792 0
      vertex 0 -3.75 1
      vertex -0.978946 -3.71792 1
    endloop
  endfacet
  facet normal -0.0327524 -0.999463 -0
    outer loop
      vertex 0 -3.75 1
      vertex -0.978946 -3.71792 0
      vertex 0 -3.75 0
    endloop
  endfacet
  facet normal -0.159946 -0.942392 0.293793
    outer loop
      vertex -0.41783 0.108446 13.7961
      vertex -2.87012 -3.46455 1
      vertex -1.94114 -3.62222 1
    endloop
  endfacet
  facet normal -0.300926 -0.900735 0.313241
    outer loop
      vertex -0.617792 0.15596 13.7961
      vertex -4.56571 -2.97507 1
      vertex -3.75 -3.24759 1
    endloop
  endfacet
  facet normal -0.127722 -0.917291 0.37718
    outer loop
      vertex -0.195351 0.16131 14
      vertex -0.41783 0.108446 13.7961
      vertex -0.210717 0.079608 13.7961
    endloop
  endfacet
  facet normal -0.309689 -0.897123 0.315061
    outer loop
      vertex -0.807185 0.221339 13.7961
      vertex -4.56571 -2.97507 1
      vertex -0.617792 0.15596 13.7961
    endloop
  endfacet
  facet normal -0.774508 0.545608 0.320078
    outer loop
      vertex -1.47612 1.79657 13.5786
      vertex -6.9291 1.43506 1
      vertex -1.57473 1.65659 13.5786
    endloop
  endfacet
  facet normal -0.488992 0.138944 0.861151
    outer loop
      vertex -0.965951 1.38118 14.4966
      vertex -0.99147 1.29137 14.4966
      vertex -0.789309 1.27274 14.6144
    endloop
  endfacet
  facet normal -0.562833 -0.705133 0.431285
    outer loop
      vertex -1.05829 0.459198 14
      vertex -1.18737 0.562229 14
      vertex -1.14153 0.400927 13.7961
    endloop
  endfacet
  facet normal -0.284108 0.823033 0.491832
    outer loop
      vertex -0.572741 2.1679 14
      vertex -0.748322 2.10729 14
      vertex -0.676656 2.0204 14.1868
    endloop
  endfacet
  facet normal 0.0325687 0.993859 0.10575
    outer loop
      vertex 0 3.75 1
      vertex 0 2.43579 13.3512
      vertex 0.978946 3.71792 1
    endloop
  endfacet
  facet normal -0.0325687 0.993859 0.10575
    outer loop
      vertex 0 3.75 1
      vertex -0.978946 3.71792 1
      vertex 0 2.43579 13.3512
    endloop
  endfacet
  facet normal 0.213203 0.203543 0.95557
    outer loop
      vertex 0.501074 1.40251 14.7045
      vertex 0.278596 1.34964 14.7654
      vertex 0.304115 1.32291 14.7654
    endloop
  endfacet
  facet normal -0.711969 0.702211 0
    outer loop
      vertex -6.9291 1.43506 0
      vertex -6.49519 1.875 1
      vertex -6.49519 1.875 0
    endloop
  endfacet
  facet normal -0.711969 0.702211 0
    outer loop
      vertex -6.49519 1.875 1
      vertex -6.9291 1.43506 0
      vertex -6.9291 1.43506 1
    endloop
  endfacet
  facet normal -0.827351 0.561686 0
    outer loop
      vertex -7.24444 0.970571 0
      vertex -6.9291 1.43506 1
      vertex -6.9291 1.43506 0
    endloop
  endfacet
  facet normal -0.827351 0.561686 0
    outer loop
      vertex -6.9291 1.43506 1
      vertex -7.24444 0.970571 0
      vertex -7.24444 0.970571 1
    endloop
  endfacet
  facet normal 0.526554 -0.659681 0.536249
    outer loop
      vertex 1.18737 0.562229 14
      vertex 0.956935 0.530145 14.1868
      vertex 1.05829 0.459198 14
    endloop
  endfacet
  facet normal 0.387887 -0.829304 0.402242
    outer loop
      vertex 0.911099 0.368841 14
      vertex 0.748322 0.292706 14
      vertex 0.807185 0.221339 13.7961
    endloop
  endfacet
  facet normal 0.316873 0.948468 -0
    outer loop
      vertex 4.56571 2.97507 0
      vertex 3.75 3.24759 1
      vertex 4.56571 2.97507 1
    endloop
  endfacet
  facet normal 0.316873 0.948468 0
    outer loop
      vertex 3.75 3.24759 1
      vertex 4.56571 2.97507 0
      vertex 3.75 3.24759 0
    endloop
  endfacet
  facet normal 0.401574 0.915827 -0
    outer loop
      vertex 5.3033 2.65165 0
      vertex 4.56571 2.97507 1
      vertex 5.3033 2.65165 1
    endloop
  endfacet
  facet normal 0.401574 0.915827 0
    outer loop
      vertex 4.56571 2.97507 1
      vertex 5.3033 2.65165 0
      vertex 4.56571 2.97507 0
    endloop
  endfacet
  facet normal 0.258588 -0.0242069 0.965684
    outer loop
      vertex 0.351162 1.2 14.7654
      vertex 0.348158 1.16791 14.7654
      vertex 0.573641 1.14713 14.7045
    endloop
  endfacet
  facet normal 0.527078 0.371285 0.764418
    outer loop
      vertex 1.02782 1.61539 14.3533
      vertex 0.866048 1.55001 14.4966
      vertex 1.09648 1.51792 14.3533
    endloop
  endfacet
  facet normal 0.593438 0.168622 0.787018
    outer loop
      vertex 1.14638 1.41502 14.3533
      vertex 0.965951 1.38118 14.4966
      vertex 0.99147 1.29137 14.4966
    endloop
  endfacet
  facet normal 0.705594 0.0660799 0.705528
    outer loop
      vertex 1.34173 1.32365 14.1868
      vertex 1.17667 1.30844 14.3533
      vertex 1.35331 1.2 14.1868
    endloop
  endfacet
  facet normal 0.395762 0.902572 0.169519
    outer loop
      vertex 4.56571 2.97507 1
      vertex 0.882707 2.27022 13.3512
      vertex 5.3033 2.65165 1
    endloop
  endfacet
  facet normal 0.590049 0.739301 0.324463
    outer loop
      vertex 1.20525 2.04367 13.5786
      vertex 1.14153 1.99907 13.7961
      vertex 1.28077 1.88794 13.7961
    endloop
  endfacet
  facet normal 0.313439 0.938188 0.146829
    outer loop
      vertex 3.75 3.24759 1
      vertex 0.675594 2.34172 13.3512
      vertex 4.56571 2.97507 1
    endloop
  endfacet
  facet normal 0.0450378 0.981853 0.184216
    outer loop
      vertex 0.230433 2.42522 13.3512
      vertex 0 2.43579 13.3512
      vertex 0.222478 2.38292 13.5786
    endloop
  endfacet
  facet normal 0.475815 0.775074 0.415765
    outer loop
      vertex 0.982766 2.09654 13.7961
      vertex 0.911099 2.03116 14
      vertex 1.05829 1.9408 14
    endloop
  endfacet
  facet normal 0.135476 0.973218 0.185723
    outer loop
      vertex 0.456923 2.39368 13.3512
      vertex 0.222478 2.38292 13.5786
      vertex 0.44115 2.35248 13.5786
    endloop
  endfacet
  facet normal 0.507593 0.836287 0.2073
    outer loop
      vertex 1.07472 2.18042 13.3512
      vertex 1.03762 2.14657 13.5786
      vertex 5.95015 2.28286 1
    endloop
  endfacet
  facet normal 0.316873 -0.948468 0
    outer loop
      vertex 3.75 -3.24759 0
      vertex 4.56571 -2.97507 1
      vertex 3.75 -3.24759 1
    endloop
  endfacet
  facet normal 0.316873 -0.948468 0
    outer loop
      vertex 4.56571 -2.97507 1
      vertex 3.75 -3.24759 0
      vertex 4.56571 -2.97507 0
    endloop
  endfacet
  facet normal 0.309689 -0.897123 0.315061
    outer loop
      vertex 0.807185 0.221339 13.7961
      vertex 0.617792 0.15596 13.7961
      vertex 4.56571 -2.97507 1
    endloop
  endfacet
  facet normal 0.379415 -0.865292 0.327589
    outer loop
      vertex 5.3033 -2.65165 1
      vertex 0.807185 0.221339 13.7961
      vertex 4.56571 -2.97507 1
    endloop
  endfacet
  facet normal -0.0439116 -0.957027 0.286655
    outer loop
      vertex -0.210717 0.079608 13.7961
      vertex -0.978946 -3.71792 1
      vertex 0 0.0699396 13.7961
    endloop
  endfacet
  facet normal 0.475814 -0.775078 0.415759
    outer loop
      vertex 1.14153 0.400927 13.7961
      vertex 0.911099 0.368841 14
      vertex 0.982766 0.303463 13.7961
    endloop
  endfacet
  facet normal 0.159946 -0.942392 0.293793
    outer loop
      vertex 2.87012 -3.46455 1
      vertex 0.41783 0.108446 13.7961
      vertex 1.94114 -3.62222 1
    endloop
  endfacet
  facet normal 0.841866 -0.334927 0.423184
    outer loop
      vertex 7.43584 -0.489472 1
      vertex 1.55936 0.907518 13.7961
      vertex 7.24444 -0.970571 1
    endloop
  endfacet
  facet normal 0.746486 -0.525848 0.407729
    outer loop
      vertex 1.49148 0.767545 13.7961
      vertex 1.39809 0.63497 13.7961
      vertex 6.9291 -1.43506 1
    endloop
  endfacet
  facet normal 0.562816 -0.70514 0.431295
    outer loop
      vertex 1.18737 0.562229 14
      vertex 1.14153 0.400927 13.7961
      vertex 1.28077 0.512063 13.7961
    endloop
  endfacet
  facet normal 0.646672 -0.617277 0.44809
    outer loop
      vertex 1.39809 0.63497 13.7961
      vertex 1.18737 0.562229 14
      vertex 1.28077 0.512063 13.7961
    endloop
  endfacet
  facet normal 0.0989719 -0.99509 0
    outer loop
      vertex 0.978946 -3.71792 0
      vertex 1.94114 -3.62222 1
      vertex 0.978946 -3.71792 1
    endloop
  endfacet
  facet normal 0.0989719 -0.99509 0
    outer loop
      vertex 1.94114 -3.62222 1
      vertex 0.978946 -3.71792 0
      vertex 1.94114 -3.62222 0
    endloop
  endfacet
  facet normal -0.229265 0.964851 0.128448
    outer loop
      vertex -0.456923 2.39368 13.3512
      vertex -2.87012 3.46455 1
      vertex -0.675594 2.34172 13.3512
    endloop
  endfacet
  facet normal -0.399609 -0.854363 0.332231
    outer loop
      vertex -0.982766 0.303463 13.7961
      vertex -5.3033 -2.65165 1
      vertex -0.807185 0.221339 13.7961
    endloop
  endfacet
  facet normal -0.789255 -0.38275 0.480186
    outer loop
      vertex -1.44565 0.928847 14
      vertex -1.55936 0.907518 13.7961
      vertex -1.49148 0.767545 13.7961
    endloop
  endfacet
  facet normal -0.244544 -0.118578 0.96236
    outer loop
      vertex -0.339196 1.13638 14.7654
      vertex -0.558875 1.09517 14.7045
      vertex -0.324431 1.10593 14.7654
    endloop
  endfacet
  facet normal -0.0489643 0.351509 0.934903
    outer loop
      vertex -0.0755205 1.60155 14.7045
      vertex -0.14975 1.59121 14.7045
      vertex -0.0458355 1.44371 14.7654
    endloop
  endfacet
  facet normal -0.5792 -0.725668 0.371395
    outer loop
      vertex -1.28077 0.512063 13.7961
      vertex -6.49519 -1.875 1
      vertex -1.14153 0.400927 13.7961
    endloop
  endfacet
  facet normal -0.042502 -0.926305 0.37437
    outer loop
      vertex -0.195351 0.16131 14
      vertex -0.210717 0.079608 13.7961
      vertex 0 0.0699396 13.7961
    endloop
  endfacet
  facet normal 0.127731 0.917293 0.377173
    outer loop
      vertex 0.210717 2.32039 13.7961
      vertex 0.195351 2.23869 14
      vertex 0.41783 2.29155 13.7961
    endloop
  endfacet
  facet normal 0.0455603 0.993245 0.106716
    outer loop
      vertex 0.978946 3.71792 1
      vertex 0 2.43579 13.3512
      vertex 0.230433 2.42522 13.3512
    endloop
  endfacet
  facet normal -0.237386 0.962718 0.129697
    outer loop
      vertex -2.87012 3.46455 1
      vertex -3.75 3.24759 1
      vertex -0.675594 2.34172 13.3512
    endloop
  endfacet
  facet normal -0.239408 0.970919 0
    outer loop
      vertex -2.87012 3.46455 0
      vertex -3.75 3.24759 1
      vertex -2.87012 3.46455 1
    endloop
  endfacet
  facet normal -0.239408 0.970919 0
    outer loop
      vertex -3.75 3.24759 1
      vertex -2.87012 3.46455 0
      vertex -3.75 3.24759 0
    endloop
  endfacet
  facet normal -0.320154 0.927384 0.193547
    outer loop
      vertex -0.675594 2.34172 13.3512
      vertex -0.882707 2.27022 13.3512
      vertex -0.852237 2.23328 13.5786
    endloop
  endfacet
  facet normal -0.485417 0.851411 0.198672
    outer loop
      vertex -5.3033 2.65165 1
      vertex -5.95015 2.28286 1
      vertex -1.07472 2.18042 13.3512
    endloop
  endfacet
  facet normal -0.765028 0.538889 0.352605
    outer loop
      vertex -1.47612 1.79657 13.5786
      vertex -1.49148 1.63245 13.7961
      vertex -1.39809 1.76503 13.7961
    endloop
  endfacet
  facet normal -0.837467 0.237989 0.491945
    outer loop
      vertex -1.55936 1.49248 13.7961
      vertex -1.60056 1.3475 13.7961
      vertex -1.48384 1.33675 14
    endloop
  endfacet
  facet normal 0.863186 0.0807955 0.49838
    outer loop
      vertex 1.60056 1.3475 13.7961
      vertex 1.48384 1.33675 14
      vertex 1.49664 1.2 14
    endloop
  endfacet
  facet normal 0.837475 0.406143 0.365628
    outer loop
      vertex 1.57473 1.65659 13.5786
      vertex 1.49148 1.63245 13.7961
      vertex 1.55936 1.49248 13.7961
    endloop
  endfacet
  facet normal 0.680662 0.649766 0.338383
    outer loop
      vertex 1.35225 1.92633 13.5786
      vertex 1.28077 1.88794 13.7961
      vertex 1.47612 1.79657 13.5786
    endloop
  endfacet
  facet normal 0.769188 0.218566 0.600483
    outer loop
      vertex 1.44565 1.47115 14
      vertex 1.3072 1.44518 14.1868
      vertex 1.48384 1.33675 14
    endloop
  endfacet
  facet normal 0.902228 -0.084473 0.422906
    outer loop
      vertex 1.61437 1.2 13.7961
      vertex 1.60056 1.0525 13.7961
      vertex 7.5 0 1
    endloop
  endfacet
  facet normal 0.72378 0.509902 0.464912
    outer loop
      vertex 1.49148 1.63245 13.7961
      vertex 1.29613 1.72383 14
      vertex 1.38272 1.60092 14
    endloop
  endfacet
  facet normal 0.0252805 -0.181531 0.98306
    outer loop
      vertex 0.0908871 0.962562 14.7654
      vertex 0.0304689 1.1204 14.7961
      vertex 0.0458355 0.956288 14.7654
    endloop
  endfacet
  facet normal 0.191962 0.2405 0.951478
    outer loop
      vertex 0.409125 1.48639 14.7045
      vertex 0.278596 1.34964 14.7654
      vertex 0.459026 1.44656 14.7045
    endloop
  endfacet
  facet normal 0.28413 0.823033 0.49182
    outer loop
      vertex 0.572741 2.1679 14
      vertex 0.517889 2.07521 14.1868
      vertex 0.676656 2.0204 14.1868
    endloop
  endfacet
  facet normal 0.652948 0.316639 0.68804
    outer loop
      vertex 1.2503 1.56252 14.1868
      vertex 1.09648 1.51792 14.3533
      vertex 1.14638 1.41502 14.3533
    endloop
  endfacet
  facet normal 0.480527 0.602025 0.637699
    outer loop
      vertex 0.956935 1.86985 14.1868
      vertex 0.83921 1.78745 14.3533
      vertex 1.07365 1.77669 14.1868
    endloop
  endfacet
  facet normal -0.22702 0.955402 0.18886
    outer loop
      vertex -0.456923 2.39368 13.3512
      vertex -0.675594 2.34172 13.3512
      vertex -0.652273 2.30231 13.5786
    endloop
  endfacet
  facet normal -0.416965 0.891568 0.176769
    outer loop
      vertex -0.882707 2.27022 13.3512
      vertex -5.3033 2.65165 1
      vertex -1.07472 2.18042 13.3512
    endloop
  endfacet
  facet normal -0.221607 0.932557 0.285005
    outer loop
      vertex -0.44115 2.35248 13.5786
      vertex -0.652273 2.30231 13.5786
      vertex -0.41783 2.29155 13.7961
    endloop
  endfacet
  facet normal 0.27912 0.349657 0.894333
    outer loop
      vertex 0.562942 1.59406 14.6144
      vertex 0.459026 1.44656 14.7045
      vertex 0.631603 1.53925 14.6144
    endloop
  endfacet
  facet normal 0.221575 0.932575 0.284971
    outer loop
      vertex 0.652273 2.30231 13.5786
      vertex 0.41783 2.29155 13.7961
      vertex 0.617792 2.24404 13.7961
    endloop
  endfacet
  facet normal 0.497134 0.809757 0.31169
    outer loop
      vertex 1.20525 2.04367 13.5786
      vertex 0.982766 2.09654 13.7961
      vertex 1.14153 1.99907 13.7961
    endloop
  endfacet
  facet normal 0.237386 0.962718 0.129697
    outer loop
      vertex 2.87012 3.46455 1
      vertex 0.675594 2.34172 13.3512
      vertex 3.75 3.24759 1
    endloop
  endfacet
  facet normal 0.300926 -0.900735 0.313241
    outer loop
      vertex 4.56571 -2.97507 1
      vertex 0.617792 0.15596 13.7961
      vertex 3.75 -3.24759 1
    endloop
  endfacet
  facet normal 0.399609 -0.854363 0.332231
    outer loop
      vertex 0.982766 0.303463 13.7961
      vertex 0.807185 0.221339 13.7961
      vertex 5.3033 -2.65165 1
    endloop
  endfacet
  facet normal 0.387888 -0.829304 0.402241
    outer loop
      vertex 0.911099 0.368841 14
      vertex 0.807185 0.221339 13.7961
      vertex 0.982766 0.303463 13.7961
    endloop
  endfacet
  facet normal 0.262781 -0.761247 0.592832
    outer loop
      vertex 0.676656 0.379598 14.1868
      vertex 0.454177 0.432463 14.3533
      vertex 0.517889 0.324792 14.1868
    endloop
  endfacet
  facet normal -0.0403825 -0.880245 0.472797
    outer loop
      vertex 0 0.252682 14.1868
      vertex -0.195351 0.16131 14
      vertex 0 0.152348 14
    endloop
  endfacet
  facet normal -0.0313852 -0.957743 0.285909
    outer loop
      vertex 0 0.0699396 13.7961
      vertex -0.978946 -3.71792 1
      vertex 0 -3.75 1
    endloop
  endfacet
  facet normal 0.43831 -0.308782 0.84412
    outer loop
      vertex 0.923903 0.932114 14.4966
      vertex 0.735518 0.986736 14.6144
      vertex 0.866048 0.84999 14.4966
    endloop
  endfacet
  facet normal 0.602034 -0.574644 0.554382
    outer loop
      vertex 1.29613 0.676173 14
      vertex 1.172 0.72634 14.1868
      vertex 1.18737 0.562229 14
    endloop
  endfacet
  facet normal 0.723771 -0.509904 0.464922
    outer loop
      vertex 1.38272 0.799081 14
      vertex 1.29613 0.676173 14
      vertex 1.49148 0.767545 13.7961
    endloop
  endfacet
  facet normal 0.64668 -0.617259 0.448104
    outer loop
      vertex 1.29613 0.676173 14
      vertex 1.18737 0.562229 14
      vertex 1.39809 0.63497 13.7961
    endloop
  endfacet
  facet normal 0.991518 0.129968 0
    outer loop
      vertex 7.5 0 1
      vertex 7.43584 0.489472 0
      vertex 7.43584 0.489472 1
    endloop
  endfacet
  facet normal 0.991518 0.129968 0
    outer loop
      vertex 7.43584 0.489472 0
      vertex 7.5 0 1
      vertex 7.5 0 0
    endloop
  endfacet
  facet normal 0.0375751 0.818676 0.573024
    outer loop
      vertex 0 2.14732 14.1868
      vertex 0 2.03078 14.3533
      vertex 0.154911 2.02367 14.3533
    endloop
  endfacet
  facet normal 0.235441 0.682017 0.692402
    outer loop
      vertex 0.59341 1.91947 14.3533
      vertex 0.382693 1.84673 14.4966
      vertex 0.500012 1.80623 14.4966
    endloop
  endfacet
  facet normal -0.929167 0.369659 0
    outer loop
      vertex -7.43584 0.489472 0
      vertex -7.24444 0.970571 1
      vertex -7.24444 0.970571 0
    endloop
  endfacet
  facet normal -0.929167 0.369659 0
    outer loop
      vertex -7.24444 0.970571 1
      vertex -7.43584 0.489472 0
      vertex -7.43584 0.489472 1
    endloop
  endfacet
  facet normal -0.886765 0.251998 0.387485
    outer loop
      vertex -1.55936 1.49248 13.7961
      vertex -7.43584 0.489472 1
      vertex -1.60056 1.3475 13.7961
    endloop
  endfacet
  facet normal -0.511614 0.833449 0.20884
    outer loop
      vertex -1.03762 2.14657 13.5786
      vertex -5.95015 2.28286 1
      vertex -1.20525 2.04367 13.5786
    endloop
  endfacet
  facet normal -0.765003 0.538912 0.352625
    outer loop
      vertex -1.47612 1.79657 13.5786
      vertex -1.57473 1.65659 13.5786
      vertex -1.49148 1.63245 13.7961
    endloop
  endfacet
  facet normal -0.590109 0.739271 0.324421
    outer loop
      vertex -1.20525 2.04367 13.5786
      vertex -1.35225 1.92633 13.5786
      vertex -1.28077 1.88794 13.7961
    endloop
  endfacet
  facet normal -0.782766 0.531417 0.323843
    outer loop
      vertex -6.9291 1.43506 1
      vertex -7.24444 0.970571 1
      vertex -1.57473 1.65659 13.5786
    endloop
  endfacet
  facet normal -0.723771 -0.509904 0.464922
    outer loop
      vertex -1.38272 0.799081 14
      vertex -1.49148 0.767545 13.7961
      vertex -1.29613 0.676173 14
    endloop
  endfacet
  facet normal -0.300773 0.643103 0.70424
    outer loop
      vertex -0.59341 1.91947 14.3533
      vertex -0.722491 1.8591 14.3533
      vertex -0.608777 1.75536 14.4966
    endloop
  endfacet
  facet normal 0.0439116 -0.957027 0.286655
    outer loop
      vertex 0.210717 0.079608 13.7961
      vertex 0 0.0699396 13.7961
      vertex 0.978946 -3.71792 1
    endloop
  endfacet
  facet normal -0.127726 -0.917288 0.377185
    outer loop
      vertex -0.38736 0.188046 14
      vertex -0.41783 0.108446 13.7961
      vertex -0.195351 0.16131 14
    endloop
  endfacet
  facet normal 0.202544 -0.433056 0.878315
    outer loop
      vertex 0.484647 0.757876 14.6144
      vertex 0.289295 0.849247 14.7045
      vertex 0.398059 0.717378 14.6144
    endloop
  endfacet
  facet normal -0.230884 -0.162643 0.959291
    outer loop
      vertex -0.324431 1.10593 14.7654
      vertex -0.534548 1.04501 14.7045
      vertex -0.304115 1.07709 14.7654
    endloop
  endfacet
  facet normal -0.0424954 -0.926303 0.374375
    outer loop
      vertex 0 0.152348 14
      vertex -0.195351 0.16131 14
      vertex 0 0.0699396 13.7961
    endloop
  endfacet
  facet normal -0.562816 -0.70514 0.431295
    outer loop
      vertex -1.18737 0.562229 14
      vertex -1.28077 0.512063 13.7961
      vertex -1.14153 0.400927 13.7961
    endloop
  endfacet
  facet normal -0.365853 0.782248 0.504222
    outer loop
      vertex -0.748322 2.10729 14
      vertex -0.911099 2.03116 14
      vertex -0.676656 2.0204 14.1868
    endloop
  endfacet
  facet normal -0.0455603 0.993245 0.106716
    outer loop
      vertex 0 2.43579 13.3512
      vertex -0.978946 3.71792 1
      vertex -0.230433 2.42522 13.3512
    endloop
  endfacet
  facet normal -0.401574 0.915827 0
    outer loop
      vertex -4.56571 2.97507 0
      vertex -5.3033 2.65165 1
      vertex -4.56571 2.97507 1
    endloop
  endfacet
  facet normal -0.401574 0.915827 0
    outer loop
      vertex -5.3033 2.65165 1
      vertex -4.56571 2.97507 0
      vertex -5.3033 2.65165 0
    endloop
  endfacet
  facet normal -0.0989719 0.99509 0
    outer loop
      vertex -0.978946 3.71792 0
      vertex -1.94114 3.62222 1
      vertex -0.978946 3.71792 1
    endloop
  endfacet
  facet normal -0.0989719 0.99509 0
    outer loop
      vertex -1.94114 3.62222 1
      vertex -0.978946 3.71792 0
      vertex -1.94114 3.62222 0
    endloop
  endfacet
  facet normal -0.0327524 0.999463 0
    outer loop
      vertex 0 3.75 0
      vertex -0.978946 3.71792 1
      vertex 0 3.75 1
    endloop
  endfacet
  facet normal -0.0327524 0.999463 0
    outer loop
      vertex -0.978946 3.71792 1
      vertex 0 3.75 0
      vertex -0.978946 3.71792 0
    endloop
  endfacet
  facet normal -0.599135 0.800648 0
    outer loop
      vertex -5.95015 2.28286 0
      vertex -6.49519 1.875 1
      vertex -5.95015 2.28286 1
    endloop
  endfacet
  facet normal -0.599135 0.800648 0
    outer loop
      vertex -6.49519 1.875 1
      vertex -5.95015 2.28286 0
      vertex -6.49519 1.875 0
    endloop
  endfacet
  facet normal -0.49529 0.868728 0
    outer loop
      vertex -5.3033 2.65165 0
      vertex -5.95015 2.28286 1
      vertex -5.3033 2.65165 1
    endloop
  endfacet
  facet normal -0.49529 0.868728 0
    outer loop
      vertex -5.95015 2.28286 1
      vertex -5.3033 2.65165 0
      vertex -5.95015 2.28286 0
    endloop
  endfacet
  facet normal 0.908219 0.0850339 0.409765
    outer loop
      vertex 7.5 0 1
      vertex 1.60056 1.3475 13.7961
      vertex 1.61437 1.2 13.7961
    endloop
  endfacet
  facet normal 0.906399 0.118811 0.40537
    outer loop
      vertex 7.43584 0.489472 1
      vertex 1.60056 1.3475 13.7961
      vertex 7.5 0 1
    endloop
  endfacet
  facet normal 0.791189 0.0740564 0.607072
    outer loop
      vertex 1.48384 1.33675 14
      vertex 1.35331 1.2 14.1868
      vertex 1.49664 1.2 14
    endloop
  endfacet
  facet normal 0.789256 -0.382749 0.480186
    outer loop
      vertex 1.44565 0.928847 14
      vertex 1.38272 0.799081 14
      vertex 1.49148 0.767545 13.7961
    endloop
  endfacet
  facet normal 0.727594 -0.352847 0.588308
    outer loop
      vertex 1.44565 0.928847 14
      vertex 1.2503 0.837477 14.1868
      vertex 1.38272 0.799081 14
    endloop
  endfacet
  facet normal 0.75497 -0.512546 0.409044
    outer loop
      vertex 7.24444 -0.970571 1
      vertex 1.49148 0.767545 13.7961
      vertex 6.9291 -1.43506 1
    endloop
  endfacet
  facet normal 0.602018 0.574648 0.554395
    outer loop
      vertex 1.18737 1.83777 14
      vertex 1.07365 1.77669 14.1868
      vertex 1.29613 1.72383 14
    endloop
  endfacet
  facet normal 0.646671 0.617271 0.4481
    outer loop
      vertex 1.28077 1.88794 13.7961
      vertex 1.18737 1.83777 14
      vertex 1.29613 1.72383 14
    endloop
  endfacet
  facet normal 0.478977 0.457247 0.749337
    outer loop
      vertex 0.941569 1.70574 14.3533
      vertex 0.866048 1.55001 14.4966
      vertex 1.02782 1.61539 14.3533
    endloop
  endfacet
  facet normal 0.604791 0.426028 0.672851
    outer loop
      vertex 1.2503 1.56252 14.1868
      vertex 1.02782 1.61539 14.3533
      vertex 1.09648 1.51792 14.3533
    endloop
  endfacet
  facet normal 0.604792 -0.426059 0.67283
    outer loop
      vertex 1.09648 0.882075 14.3533
      vertex 1.02782 0.784612 14.3533
      vertex 1.172 0.72634 14.1868
    endloop
  endfacet
  facet normal -0.235438 -0.682023 0.692397
    outer loop
      vertex -0.500012 0.593765 14.4966
      vertex -0.59341 0.480527 14.3533
      vertex -0.454177 0.432463 14.3533
    endloop
  endfacet
  facet normal -0.0721637 -0.154255 0.985392
    outer loop
      vertex -0.0716667 1.13462 14.7961
      vertex -0.175581 0.987119 14.7654
      vertex -0.0588627 1.12863 14.7961
    endloop
  endfacet
  facet normal 0.338805 -0.238676 0.91008
    outer loop
      vertex 0.534548 1.04501 14.7045
      vertex 0.501074 0.997493 14.7045
      vertex 0.735518 0.986736 14.6144
    endloop
  endfacet
  facet normal 0.311494 0.297346 0.902528
    outer loop
      vertex 0.631603 1.53925 14.6144
      vertex 0.459026 1.44656 14.7045
      vertex 0.68946 1.47864 14.6144
    endloop
  endfacet
  facet normal 0.140625 0.300688 0.943298
    outer loop
      vertex 0.289295 1.55075 14.7045
      vertex 0.175581 1.41288 14.7654
      vertex 0.352223 1.52132 14.7045
    endloop
  endfacet
  facet normal 0.101514 0.729083 0.676855
    outer loop
      vertex 0.154911 2.02367 14.3533
      vertex 0.130529 1.89403 14.4966
      vertex 0.307172 2.00247 14.3533
    endloop
  endfacet
  facet normal 0.0808206 0.340111 0.936906
    outer loop
      vertex 0.14975 1.59121 14.7045
      vertex 0.134383 1.4271 14.7654
      vertex 0.221416 1.57418 14.7045
    endloop
  endfacet
  facet normal -0.27912 0.349657 0.894333
    outer loop
      vertex -0.562942 1.59406 14.6144
      vertex -0.631603 1.53925 14.6144
      vertex -0.459026 1.44656 14.7045
    endloop
  endfacet
  facet normal -0.382425 0.0358044 0.923293
    outer loop
      vertex -0.573641 1.25286 14.7045
      vertex -0.789309 1.27274 14.6144
      vertex -0.57859 1.2 14.7045
    endloop
  endfacet
  facet normal 0.56596 0.274449 0.777411
    outer loop
      vertex 1.14638 1.41502 14.3533
      vertex 0.923903 1.46789 14.4966
      vertex 0.965951 1.38118 14.4966
    endloop
  endfacet
  facet normal 0.46816 0.227053 0.853975
    outer loop
      vertex 0.923903 1.46789 14.4966
      vertex 0.735518 1.41326 14.6144
      vertex 0.768992 1.34424 14.6144
    endloop
  endfacet
  facet normal -0.13702 0.983948 0.114336
    outer loop
      vertex -0.230433 2.42522 13.3512
      vertex -1.94114 3.62222 1
      vertex -0.456923 2.39368 13.3512
    endloop
  endfacet
  facet normal -0.0983769 0.989108 0.109484
    outer loop
      vertex -0.978946 3.71792 1
      vertex -1.94114 3.62222 1
      vertex -0.230433 2.42522 13.3512
    endloop
  endfacet
  facet normal -0.316873 0.948468 0
    outer loop
      vertex -3.75 3.24759 0
      vertex -4.56571 2.97507 1
      vertex -3.75 3.24759 1
    endloop
  endfacet
  facet normal -0.316873 0.948468 0
    outer loop
      vertex -4.56571 2.97507 1
      vertex -3.75 3.24759 0
      vertex -4.56571 2.97507 0
    endloop
  endfacet
  facet normal -0.313439 0.938188 0.146829
    outer loop
      vertex -3.75 3.24759 1
      vertex -4.56571 2.97507 1
      vertex -0.675594 2.34172 13.3512
    endloop
  endfacet
  facet normal 0.364039 0.593025 0.71819
    outer loop
      vertex 0.722491 1.8591 14.3533
      vertex 0.608777 1.75536 14.4966
      vertex 0.83921 1.78745 14.3533
    endloop
  endfacet
  facet normal 0.308353 0.502341 0.807819
    outer loop
      vertex 0.608777 1.75536 14.4966
      vertex 0.484647 1.64212 14.6144
      vertex 0.562942 1.59406 14.6144
    endloop
  endfacet
  facet normal 0.447148 0.728329 0.519226
    outer loop
      vertex 0.911099 2.03116 14
      vertex 0.823843 1.95156 14.1868
      vertex 0.956935 1.86985 14.1868
    endloop
  endfacet
  facet normal 0.447123 0.728336 0.519238
    outer loop
      vertex 1.05829 1.9408 14
      vertex 0.911099 2.03116 14
      vertex 0.956935 1.86985 14.1868
    endloop
  endfacet
  facet normal 0.262796 0.761234 0.592841
    outer loop
      vertex 0.676656 2.0204 14.1868
      vertex 0.517889 2.07521 14.1868
      vertex 0.59341 1.91947 14.3533
    endloop
  endfacet
  facet normal 0.201442 0.583562 0.786687
    outer loop
      vertex 0.500012 1.80623 14.4966
      vertex 0.304662 1.71486 14.6144
      vertex 0.398059 1.68262 14.6144
    endloop
  endfacet
  facet normal 0.300307 0.86993 0.3912
    outer loop
      vertex 0.617792 2.24404 13.7961
      vertex 0.572741 2.1679 14
      vertex 0.807185 2.17866 13.7961
    endloop
  endfacet
  facet normal 0.322654 0.934628 0.149549
    outer loop
      vertex 4.56571 2.97507 1
      vertex 0.675594 2.34172 13.3512
      vertex 0.882707 2.27022 13.3512
    endloop
  endfacet
  facet normal 0.356973 -0.447223 0.820099
    outer loop
      vertex 0.793374 0.773855 14.4966
      vertex 0.562942 0.805941 14.6144
      vertex 0.707125 0.705011 14.4966
    endloop
  endfacet
  facet normal 0.337162 -0.72086 0.605544
    outer loop
      vertex 0.722491 0.540901 14.3533
      vertex 0.59341 0.480527 14.3533
      vertex 0.676656 0.379598 14.1868
    endloop
  endfacet
  facet normal 0.235438 -0.682023 0.692397
    outer loop
      vertex 0.500012 0.593765 14.4966
      vertex 0.454177 0.432463 14.3533
      vertex 0.59341 0.480527 14.3533
    endloop
  endfacet
  facet normal -0.387888 -0.829304 0.402241
    outer loop
      vertex -0.911099 0.368841 14
      vertex -0.982766 0.303463 13.7961
      vertex -0.807185 0.221339 13.7961
    endloop
  endfacet
  facet normal 0.21357 -0.898807 0.382798
    outer loop
      vertex 0.617792 0.15596 13.7961
      vertex 0.38736 0.188046 14
      vertex 0.41783 0.108446 13.7961
    endloop
  endfacet
  facet normal 0.284108 -0.82303 0.491838
    outer loop
      vertex 0.676656 0.379598 14.1868
      vertex 0.517889 0.324792 14.1868
      vertex 0.572741 0.232096 14
    endloop
  endfacet
  facet normal 0.094765 -0.952793 0.288452
    outer loop
      vertex 1.94114 -3.62222 1
      vertex 0.210717 0.079608 13.7961
      vertex 0.978946 -3.71792 1
    endloop
  endfacet
  facet normal 0.131902 -0.947313 0.291889
    outer loop
      vertex 0.41783 0.108446 13.7961
      vertex 0.210717 0.079608 13.7961
      vertex 1.94114 -3.62222 1
    endloop
  endfacet
  facet normal -0.131902 -0.947313 0.291889
    outer loop
      vertex -0.41783 0.108446 13.7961
      vertex -1.94114 -3.62222 1
      vertex -0.210717 0.079608 13.7961
    endloop
  endfacet
  facet normal -0.094765 -0.952793 0.288452
    outer loop
      vertex -0.210717 0.079608 13.7961
      vertex -1.94114 -3.62222 1
      vertex -0.978946 -3.71792 1
    endloop
  endfacet
  facet normal 0.48899 0.138948 0.861152
    outer loop
      vertex 0.965951 1.38118 14.4966
      vertex 0.768992 1.34424 14.6144
      vertex 0.789309 1.27274 14.6144
    endloop
  endfacet
  facet normal 0.499681 0.0467807 0.864945
    outer loop
      vertex 1.00003 1.2 14.4966
      vertex 0.789309 1.27274 14.6144
      vertex 0.796119 1.2 14.6144
    endloop
  endfacet
  facet normal -0.300782 0.643101 0.704238
    outer loop
      vertex -0.59341 1.91947 14.3533
      vertex -0.608777 1.75536 14.4966
      vertex -0.500012 1.80623 14.4966
    endloop
  endfacet
  facet normal 0.337153 0.720867 0.60554
    outer loop
      vertex 0.823843 1.95156 14.1868
      vertex 0.676656 2.0204 14.1868
      vertex 0.722491 1.8591 14.3533
    endloop
  endfacet
  facet normal 0.221607 0.932557 0.285005
    outer loop
      vertex 0.44115 2.35248 13.5786
      vertex 0.41783 2.29155 13.7961
      vertex 0.652273 2.30231 13.5786
    endloop
  endfacet
  facet normal 0.202505 0.85225 0.48235
    outer loop
      vertex 0.572741 2.1679 14
      vertex 0.350263 2.11504 14.1868
      vertex 0.517889 2.07521 14.1868
    endloop
  endfacet
  facet normal -0.410202 0.668151 0.620733
    outer loop
      vertex -0.823843 1.95156 14.1868
      vertex -0.956935 1.86985 14.1868
      vertex -0.722491 1.8591 14.3533
    endloop
  endfacet
  facet normal -0.789252 0.382756 0.480186
    outer loop
      vertex -1.49148 1.63245 13.7961
      vertex -1.55936 1.49248 13.7961
      vertex -1.44565 1.47115 14
    endloop
  endfacet
  facet normal -0.582428 0.778322 0.234504
    outer loop
      vertex -5.95015 2.28286 1
      vertex -6.49519 1.875 1
      vertex -1.20525 2.04367 13.5786
    endloop
  endfacet
  facet normal -0.680662 0.649766 0.338383
    outer loop
      vertex -1.35225 1.92633 13.5786
      vertex -1.47612 1.79657 13.5786
      vertex -1.28077 1.88794 13.7961
    endloop
  endfacet
  facet normal -0.840614 0.407622 0.356669
    outer loop
      vertex -1.57473 1.65659 13.5786
      vertex -7.24444 0.970571 1
      vertex -1.64639 1.50881 13.5786
    endloop
  endfacet
  facet normal -0.863392 0.343491 0.369551
    outer loop
      vertex -7.24444 0.970571 1
      vertex -7.43584 0.489472 1
      vertex -1.64639 1.50881 13.5786
    endloop
  endfacet
  facet normal -0.694014 0.662511 0.281823
    outer loop
      vertex -1.35225 1.92633 13.5786
      vertex -6.9291 1.43506 1
      vertex -1.47612 1.79657 13.5786
    endloop
  endfacet
  facet normal -0.723795 0.509844 0.464952
    outer loop
      vertex -1.39809 1.76503 13.7961
      vertex -1.49148 1.63245 13.7961
      vertex -1.29613 1.72383 14
    endloop
  endfacet
  facet normal -0.311496 0.297339 0.90253
    outer loop
      vertex -0.459026 1.44656 14.7045
      vertex -0.68946 1.47864 14.6144
      vertex -0.501074 1.40251 14.7045
    endloop
  endfacet
  facet normal -0.202505 0.85225 0.48235
    outer loop
      vertex -0.350263 2.11504 14.1868
      vertex -0.572741 2.1679 14
      vertex -0.517889 2.07521 14.1868
    endloop
  endfacet
  facet normal -0.670373 0.472289 0.572314
    outer loop
      vertex -1.172 1.67366 14.1868
      vertex -1.29613 1.72383 14
      vertex -1.2503 1.56252 14.1868
    endloop
  endfacet
  facet normal -0.670382 -0.472291 0.572302
    outer loop
      vertex -1.2503 0.837477 14.1868
      vertex -1.38272 0.799081 14
      vertex -1.29613 0.676173 14
    endloop
  endfacet
  facet normal -0.646672 -0.617277 0.44809
    outer loop
      vertex -1.18737 0.562229 14
      vertex -1.39809 0.63497 13.7961
      vertex -1.28077 0.512063 13.7961
    endloop
  endfacet
  facet normal -0.607683 -0.0568792 0.792141
    outer loop
      vertex -0.99147 1.10863 14.4966
      vertex -1.18682 1.2 14.3533
      vertex -1.17667 1.09156 14.3533
    endloop
  endfacet
  facet normal 0.144968 -0.610074 0.77897
    outer loop
      vertex 0.382693 0.553267 14.4966
      vertex 0.206051 0.661705 14.6144
      vertex 0.258825 0.523833 14.4966
    endloop
  endfacet
  facet normal -0.0978699 0.122588 0.98762
    outer loop
      vertex -0.248309 1.37382 14.7654
      vertex -0.278596 1.34964 14.7654
      vertex -0.0832443 1.25827 14.7961
    endloop
  endfacet
  facet normal -0.130381 -0.012202 0.991389
    outer loop
      vertex -0.117725 1.2 14.7961
      vertex -0.351162 1.2 14.7654
      vertex -0.116718 1.18924 14.7961
    endloop
  endfacet
  facet normal -0.130381 0.012202 0.991389
    outer loop
      vertex -0.116718 1.21076 14.7961
      vertex -0.351162 1.2 14.7654
      vertex -0.117725 1.2 14.7961
    endloop
  endfacet
  facet normal 0.382426 0.0358031 0.923292
    outer loop
      vertex 0.789309 1.27274 14.6144
      vertex 0.57859 1.2 14.7045
      vertex 0.796119 1.2 14.6144
    endloop
  endfacet
  facet normal 0.0163673 0.35724 0.933869
    outer loop
      vertex 0.0755205 1.60155 14.7045
      vertex 0 1.44581 14.7654
      vertex 0.0458355 1.44371 14.7654
    endloop
  endfacet
  facet normal -0.604792 -0.426059 0.67283
    outer loop
      vertex -1.09648 0.882075 14.3533
      vertex -1.172 0.72634 14.1868
      vertex -1.02782 0.784612 14.3533
    endloop
  endfacet
  facet normal -0.300792 -0.6431 0.704235
    outer loop
      vertex -0.608777 0.644637 14.4966
      vertex -0.722491 0.540901 14.3533
      vertex -0.59341 0.480527 14.3533
    endloop
  endfacet
  facet normal -0.557605 -0.74515 0.365825
    outer loop
      vertex -1.14153 0.400927 13.7961
      vertex -6.49519 -1.875 1
      vertex -5.95015 -2.28286 1
    endloop
  endfacet
  facet normal -0.480532 -0.602006 0.637712
    outer loop
      vertex -0.941569 0.694255 14.3533
      vertex -1.07365 0.623309 14.1868
      vertex -0.956935 0.530145 14.1868
    endloop
  endfacet
  facet normal 0.213573 0.898806 0.382798
    outer loop
      vertex 0.41783 2.29155 13.7961
      vertex 0.38736 2.21195 14
      vertex 0.572741 2.1679 14
    endloop
  endfacet
  facet normal 0.0440337 0.959504 0.278233
    outer loop
      vertex 0.222478 2.38292 13.5786
      vertex 0 2.39313 13.5786
      vertex 0.210717 2.32039 13.7961
    endloop
  endfacet
  facet normal 0.791189 -0.0740564 0.607072
    outer loop
      vertex 1.49664 1.2 14
      vertex 1.35331 1.2 14.1868
      vertex 1.48384 1.06325 14
    endloop
  endfacet
  facet normal 0.886765 0.251998 0.387485
    outer loop
      vertex 7.43584 0.489472 1
      vertex 1.55936 1.49248 13.7961
      vertex 1.60056 1.3475 13.7961
    endloop
  endfacet
  facet normal 0.607683 0.0568792 0.792141
    outer loop
      vertex 1.17667 1.30844 14.3533
      vertex 0.99147 1.29137 14.4966
      vertex 1.18682 1.2 14.3533
    endloop
  endfacet
  facet normal 0.705584 0.0660428 0.705542
    outer loop
      vertex 1.35331 1.2 14.1868
      vertex 1.17667 1.30844 14.3533
      vertex 1.18682 1.2 14.3533
    endloop
  endfacet
  facet normal 0.687501 -0.195386 0.699404
    outer loop
      vertex 1.17667 1.09156 14.3533
      vertex 1.14638 0.984979 14.3533
      vertex 1.34173 1.07635 14.1868
    endloop
  endfacet
  facet normal 0.687494 -0.19533 0.699427
    outer loop
      vertex 1.34173 1.07635 14.1868
      vertex 1.14638 0.984979 14.3533
      vertex 1.3072 0.954816 14.1868
    endloop
  endfacet
  facet normal 0.837467 0.237989 0.491945
    outer loop
      vertex 1.55936 1.49248 13.7961
      vertex 1.48384 1.33675 14
      vertex 1.60056 1.3475 13.7961
    endloop
  endfacet
  facet normal 0.837478 0.237971 0.491935
    outer loop
      vertex 1.55936 1.49248 13.7961
      vertex 1.44565 1.47115 14
      vertex 1.48384 1.33675 14
    endloop
  endfacet
  facet normal 0.727595 -0.352825 0.588319
    outer loop
      vertex 1.3072 0.954816 14.1868
      vertex 1.2503 0.837477 14.1868
      vertex 1.44565 0.928847 14
    endloop
  endfacet
  facet normal 0.723784 -0.509856 0.464956
    outer loop
      vertex 1.49148 0.767545 13.7961
      vertex 1.29613 0.676173 14
      vertex 1.39809 0.63497 13.7961
    endloop
  endfacet
  facet normal 0.870021 -0.247237 0.42654
    outer loop
      vertex 1.60056 1.0525 13.7961
      vertex 1.55936 0.907518 13.7961
      vertex 7.43584 -0.489472 1
    endloop
  endfacet
  facet normal 0.898102 -0.117723 0.423739
    outer loop
      vertex 7.5 0 1
      vertex 1.60056 1.0525 13.7961
      vertex 7.43584 -0.489472 1
    endloop
  endfacet
  facet normal 0.723795 0.509844 0.464952
    outer loop
      vertex 1.39809 1.76503 13.7961
      vertex 1.29613 1.72383 14
      vertex 1.49148 1.63245 13.7961
    endloop
  endfacet
  facet normal 0.765028 0.538889 0.352605
    outer loop
      vertex 1.47612 1.79657 13.5786
      vertex 1.39809 1.76503 13.7961
      vertex 1.49148 1.63245 13.7961
    endloop
  endfacet
  facet normal 0.789264 0.382742 0.480178
    outer loop
      vertex 1.49148 1.63245 13.7961
      vertex 1.38272 1.60092 14
      vertex 1.44565 1.47115 14
    endloop
  endfacet
  facet normal 0.604783 0.42608 0.672825
    outer loop
      vertex 1.172 1.67366 14.1868
      vertex 1.02782 1.61539 14.3533
      vertex 1.2503 1.56252 14.1868
    endloop
  endfacet
  facet normal 0.235431 -0.682023 0.692399
    outer loop
      vertex 0.500012 0.593765 14.4966
      vertex 0.382693 0.553267 14.4966
      vertex 0.454177 0.432463 14.3533
    endloop
  endfacet
  facet normal 0.140618 -0.30069 0.943299
    outer loop
      vertex 0.213774 1.00498 14.7654
      vertex 0.175581 0.987119 14.7654
      vertex 0.289295 0.849247 14.7045
    endloop
  endfacet
  facet normal 0.256185 -0.547726 0.79647
    outer loop
      vertex 0.608777 0.644637 14.4966
      vertex 0.484647 0.757876 14.6144
      vertex 0.500012 0.593765 14.4966
    endloop
  endfacet
  facet normal 0.338804 -0.238683 0.910078
    outer loop
      vertex 0.735518 0.986736 14.6144
      vertex 0.501074 0.997493 14.7045
      vertex 0.68946 0.921358 14.6144
    endloop
  endfacet
  facet normal -0.041686 0.175355 0.983622
    outer loop
      vertex -0.0908871 1.43744 14.7654
      vertex -0.134383 1.4271 14.7654
      vertex -0.0450516 1.27613 14.7961
    endloop
  endfacet
  facet normal 0.11153 0.323122 0.939762
    outer loop
      vertex 0.221416 1.57418 14.7045
      vertex 0.134383 1.4271 14.7654
      vertex 0.175581 1.41288 14.7654
    endloop
  endfacet
  facet normal 0.356989 0.447204 0.820102
    outer loop
      vertex 0.707125 1.69499 14.4966
      vertex 0.562942 1.59406 14.6144
      vertex 0.793374 1.62614 14.4966
    endloop
  endfacet
  facet normal 0.337143 0.720868 0.605544
    outer loop
      vertex 0.676656 2.0204 14.1868
      vertex 0.59341 1.91947 14.3533
      vertex 0.722491 1.8591 14.3533
    endloop
  endfacet
  facet normal -0.387864 0.829311 0.40225
    outer loop
      vertex -0.807185 2.17866 13.7961
      vertex -0.911099 2.03116 14
      vertex -0.748322 2.10729 14
    endloop
  endfacet
  facet normal -0.478986 0.457242 0.749335
    outer loop
      vertex -0.793374 1.62614 14.4966
      vertex -0.941569 1.70574 14.3533
      vertex -0.866048 1.55001 14.4966
    endloop
  endfacet
  facet normal 0.115566 0.486328 0.8661
    outer loop
      vertex 0.206051 1.73829 14.6144
      vertex 0.14975 1.59121 14.7045
      vertex 0.221416 1.57418 14.7045
    endloop
  endfacet
  facet normal 0.111533 0.323121 0.939762
    outer loop
      vertex 0.221416 1.57418 14.7045
      vertex 0.175581 1.41288 14.7654
      vertex 0.289295 1.55075 14.7045
    endloop
  endfacet
  facet normal -0.242498 0.395055 0.886073
    outer loop
      vertex -0.484647 1.64212 14.6144
      vertex -0.562942 1.59406 14.6144
      vertex -0.352223 1.52132 14.7045
    endloop
  endfacet
  facet normal 0.478986 0.457242 0.749335
    outer loop
      vertex 0.941569 1.70574 14.3533
      vertex 0.793374 1.62614 14.4966
      vertex 0.866048 1.55001 14.4966
    endloop
  endfacet
  facet normal 0.360187 0.174687 0.916379
    outer loop
      vertex 0.735518 1.41326 14.6144
      vertex 0.534548 1.35499 14.7045
      vertex 0.768992 1.34424 14.6144
    endloop
  endfacet
  facet normal 0.400748 0.382545 0.832502
    outer loop
      vertex 0.793374 1.62614 14.4966
      vertex 0.631603 1.53925 14.6144
      vertex 0.68946 1.47864 14.6144
    endloop
  endfacet
  facet normal 0.279101 0.349671 0.894334
    outer loop
      vertex 0.562942 1.59406 14.6144
      vertex 0.409125 1.48639 14.7045
      vertex 0.459026 1.44656 14.7045
    endloop
  endfacet
  facet normal 0.253864 0.072143 0.964546
    outer loop
      vertex 0.558875 1.30482 14.7045
      vertex 0.339196 1.26362 14.7654
      vertex 0.573641 1.25286 14.7045
    endloop
  endfacet
  facet normal 0.0857399 -0.139615 0.986487
    outer loop
      vertex 0.0832443 1.14173 14.7961
      vertex 0.0716667 1.13462 14.7961
      vertex 0.248309 1.02618 14.7654
    endloop
  endfacet
  facet normal 0.480544 0.601983 0.637726
    outer loop
      vertex 1.07365 1.77669 14.1868
      vertex 0.83921 1.78745 14.3533
      vertex 0.941569 1.70574 14.3533
    endloop
  endfacet
  facet normal 0.42401 0.531161 0.733542
    outer loop
      vertex 0.83921 1.78745 14.3533
      vertex 0.793374 1.62614 14.4966
      vertex 0.941569 1.70574 14.3533
    endloop
  endfacet
  facet normal 0.416965 0.891568 0.176769
    outer loop
      vertex 5.3033 2.65165 1
      vertex 0.882707 2.27022 13.3512
      vertex 1.07472 2.18042 13.3512
    endloop
  endfacet
  facet normal 0.387864 0.829311 0.40225
    outer loop
      vertex 0.807185 2.17866 13.7961
      vertex 0.748322 2.10729 14
      vertex 0.911099 2.03116 14
    endloop
  endfacet
  facet normal 0.229265 0.964851 0.128448
    outer loop
      vertex 2.87012 3.46455 1
      vertex 0.456923 2.39368 13.3512
      vertex 0.675594 2.34172 13.3512
    endloop
  endfacet
  facet normal 0.166175 0.979088 0.117356
    outer loop
      vertex 1.94114 3.62222 1
      vertex 0.456923 2.39368 13.3512
      vertex 2.87012 3.46455 1
    endloop
  endfacet
  facet normal 0.41018 -0.66817 0.620726
    outer loop
      vertex 0.83921 0.612553 14.3533
      vertex 0.722491 0.540901 14.3533
      vertex 0.823843 0.448442 14.1868
    endloop
  endfacet
  facet normal 0.475807 -0.775087 0.415749
    outer loop
      vertex 1.05829 0.459198 14
      vertex 0.911099 0.368841 14
      vertex 1.14153 0.400927 13.7961
    endloop
  endfacet
  facet normal 0.562833 -0.705133 0.431285
    outer loop
      vertex 1.18737 0.562229 14
      vertex 1.05829 0.459198 14
      vertex 1.14153 0.400927 13.7961
    endloop
  endfacet
  facet normal 0.44712 -0.728347 0.519224
    outer loop
      vertex 0.956935 0.530145 14.1868
      vertex 0.823843 0.448442 14.1868
      vertex 0.911099 0.368841 14
    endloop
  endfacet
  facet normal 0.168823 -0.710483 0.683164
    outer loop
      vertex 0.382693 0.553267 14.4966
      vertex 0.307172 0.397532 14.3533
      vertex 0.454177 0.432463 14.3533
    endloop
  endfacet
  facet normal 0.168828 -0.710484 0.683162
    outer loop
      vertex 0.382693 0.553267 14.4966
      vertex 0.258825 0.523833 14.4966
      vertex 0.307172 0.397532 14.3533
    endloop
  endfacet
  facet normal 0.220437 -0.927705 0.301284
    outer loop
      vertex 0.617792 0.15596 13.7961
      vertex 0.41783 0.108446 13.7961
      vertex 2.87012 -3.46455 1
    endloop
  endfacet
  facet normal 0.228226 -0.925569 0.302051
    outer loop
      vertex 3.75 -3.24759 1
      vertex 0.617792 0.15596 13.7961
      vertex 2.87012 -3.46455 1
    endloop
  endfacet
  facet normal 0.127726 -0.917288 0.377185
    outer loop
      vertex 0.38736 0.188046 14
      vertex 0.195351 0.16131 14
      vertex 0.41783 0.108446 13.7961
    endloop
  endfacet
  facet normal 0.202507 -0.852237 0.482371
    outer loop
      vertex 0.517889 0.324792 14.1868
      vertex 0.350263 0.284961 14.1868
      vertex 0.38736 0.188046 14
    endloop
  endfacet
  facet normal 0.652954 -0.316629 0.688039
    outer loop
      vertex 1.14638 0.984979 14.3533
      vertex 1.09648 0.882075 14.3533
      vertex 1.2503 0.837477 14.1868
    endloop
  endfacet
  facet normal 0.546257 -0.521434 0.655522
    outer loop
      vertex 1.02782 0.784612 14.3533
      vertex 0.941569 0.694255 14.3533
      vertex 1.172 0.72634 14.1868
    endloop
  endfacet
  facet normal -0.168816 0.71047 0.683179
    outer loop
      vertex -0.307172 2.00247 14.3533
      vertex -0.454177 1.96754 14.3533
      vertex -0.382693 1.84673 14.4966
    endloop
  endfacet
  facet normal 0.0375874 0.818681 0.573017
    outer loop
      vertex 0.176642 2.13921 14.1868
      vertex 0 2.14732 14.1868
      vertex 0.154911 2.02367 14.3533
    endloop
  endfacet
  facet normal 0.365858 0.782242 0.504228
    outer loop
      vertex 0.911099 2.03116 14
      vertex 0.676656 2.0204 14.1868
      vertex 0.823843 1.95156 14.1868
    endloop
  endfacet
  facet normal 0.365853 0.782248 0.504222
    outer loop
      vertex 0.748322 2.10729 14
      vertex 0.676656 2.0204 14.1868
      vertex 0.911099 2.03116 14
    endloop
  endfacet
  facet normal 0.0425088 0.9263 0.374381
    outer loop
      vertex 0 2.33006 13.7961
      vertex 0 2.24765 14
      vertex 0.210717 2.32039 13.7961
    endloop
  endfacet
  facet normal 0.168861 0.710476 0.683162
    outer loop
      vertex 0.307172 2.00247 14.3533
      vertex 0.258825 1.87617 14.4966
      vertex 0.382693 1.84673 14.4966
    endloop
  endfacet
  facet normal 0.320154 0.927384 0.193547
    outer loop
      vertex 0.882707 2.27022 13.3512
      vertex 0.675594 2.34172 13.3512
      vertex 0.852237 2.23328 13.5786
    endloop
  endfacet
  facet normal 0.135524 0.973202 0.185772
    outer loop
      vertex 0.230433 2.42522 13.3512
      vertex 0.222478 2.38292 13.5786
      vertex 0.456923 2.39368 13.3512
    endloop
  endfacet
  facet normal 0.132339 0.950684 0.280512
    outer loop
      vertex 0.44115 2.35248 13.5786
      vertex 0.222478 2.38292 13.5786
      vertex 0.41783 2.29155 13.7961
    endloop
  endfacet
  facet normal 0.213552 0.898804 0.382814
    outer loop
      vertex 0.617792 2.24404 13.7961
      vertex 0.41783 2.29155 13.7961
      vertex 0.572741 2.1679 14
    endloop
  endfacet
  facet normal -0.364039 0.593025 0.71819
    outer loop
      vertex -0.722491 1.8591 14.3533
      vertex -0.83921 1.78745 14.3533
      vertex -0.608777 1.75536 14.4966
    endloop
  endfacet
  facet normal -0.42401 0.531161 0.733542
    outer loop
      vertex -0.707125 1.69499 14.4966
      vertex -0.83921 1.78745 14.3533
      vertex -0.793374 1.62614 14.4966
    endloop
  endfacet
  facet normal -0.320145 0.927386 0.193555
    outer loop
      vertex -0.675594 2.34172 13.3512
      vertex -0.852237 2.23328 13.5786
      vertex -0.652273 2.30231 13.5786
    endloop
  endfacet
  facet normal -0.415091 0.88756 0.199841
    outer loop
      vertex -0.882707 2.27022 13.3512
      vertex -1.07472 2.18042 13.3512
      vertex -1.03762 2.14657 13.5786
    endloop
  endfacet
  facet normal -0.906399 0.118811 0.40537
    outer loop
      vertex -7.43584 0.489472 1
      vertex -7.5 0 1
      vertex -1.60056 1.3475 13.7961
    endloop
  endfacet
  facet normal -0.83748 -0.237966 0.491934
    outer loop
      vertex -1.48384 1.06325 14
      vertex -1.55936 0.907518 13.7961
      vertex -1.44565 0.928847 14
    endloop
  endfacet
  facet normal -0.866328 0.333639 0.3717
    outer loop
      vertex -1.64639 1.50881 13.5786
      vertex -7.43584 0.489472 1
      vertex -1.55936 1.49248 13.7961
    endloop
  endfacet
  facet normal -0.837499 0.406112 0.365606
    outer loop
      vertex -1.57473 1.65659 13.5786
      vertex -1.64639 1.50881 13.5786
      vertex -1.55936 1.49248 13.7961
    endloop
  endfacet
  facet normal -0.727595 0.352822 0.588321
    outer loop
      vertex -1.2503 1.56252 14.1868
      vertex -1.44565 1.47115 14
      vertex -1.3072 1.44518 14.1868
    endloop
  endfacet
  facet normal -0.791172 -0.0740944 0.607088
    outer loop
      vertex -1.35331 1.2 14.1868
      vertex -1.48384 1.06325 14
      vertex -1.34173 1.07635 14.1868
    endloop
  endfacet
  facet normal -0.769186 0.218547 0.600492
    outer loop
      vertex -1.3072 1.44518 14.1868
      vertex -1.48384 1.33675 14
      vertex -1.34173 1.32365 14.1868
    endloop
  endfacet
  facet normal -0.791189 0.0740564 0.607072
    outer loop
      vertex -1.48384 1.33675 14
      vertex -1.49664 1.2 14
      vertex -1.35331 1.2 14.1868
    endloop
  endfacet
  facet normal -0.604767 -0.42608 0.672839
    outer loop
      vertex -1.09648 0.882075 14.3533
      vertex -1.2503 0.837477 14.1868
      vertex -1.172 0.72634 14.1868
    endloop
  endfacet
  facet normal -0.705584 -0.0660428 0.705542
    outer loop
      vertex -1.18682 1.2 14.3533
      vertex -1.35331 1.2 14.1868
      vertex -1.17667 1.09156 14.3533
    endloop
  endfacet
  facet normal -0.607683 0.0568792 0.792141
    outer loop
      vertex -1.17667 1.30844 14.3533
      vertex -1.18682 1.2 14.3533
      vertex -0.99147 1.29137 14.4966
    endloop
  endfacet
  facet normal -0.468176 0.227031 0.853972
    outer loop
      vertex -0.923903 1.46789 14.4966
      vertex -0.965951 1.38118 14.4966
      vertex -0.768992 1.34424 14.6144
    endloop
  endfacet
  facet normal -0.687495 0.195336 0.699425
    outer loop
      vertex -1.3072 1.44518 14.1868
      vertex -1.34173 1.32365 14.1868
      vertex -1.14638 1.41502 14.3533
    endloop
  endfacet
  facet normal -0.652957 0.316629 0.688036
    outer loop
      vertex -1.2503 1.56252 14.1868
      vertex -1.3072 1.44518 14.1868
      vertex -1.14638 1.41502 14.3533
    endloop
  endfacet
  facet normal -0.723784 -0.509856 0.464956
    outer loop
      vertex -1.29613 0.676173 14
      vertex -1.49148 0.767545 13.7961
      vertex -1.39809 0.63497 13.7961
    endloop
  endfacet
  facet normal -0.746486 -0.525848 0.407729
    outer loop
      vertex -1.49148 0.767545 13.7961
      vertex -6.9291 -1.43506 1
      vertex -1.39809 0.63497 13.7961
    endloop
  endfacet
  facet normal -0.279106 -0.34966 0.894336
    outer loop
      vertex -0.459026 0.953443 14.7045
      vertex -0.631603 0.860746 14.6144
      vertex -0.409125 0.913611 14.7045
    endloop
  endfacet
  facet normal -0.213214 -0.203524 0.955572
    outer loop
      vertex -0.304115 1.07709 14.7654
      vertex -0.501074 0.997493 14.7045
      vertex -0.459026 0.953443 14.7045
    endloop
  endfacet
  facet normal -0.46817 -0.227045 0.853972
    outer loop
      vertex -0.768992 1.05576 14.6144
      vertex -0.923903 0.932114 14.4966
      vertex -0.735518 0.986736 14.6144
    endloop
  endfacet
  facet normal -0.52707 -0.371307 0.764414
    outer loop
      vertex -0.866048 0.84999 14.4966
      vertex -1.09648 0.882075 14.3533
      vertex -1.02782 0.784612 14.3533
    endloop
  endfacet
  facet normal 0.115562 -0.486328 0.866101
    outer loop
      vertex 0.221416 0.825815 14.7045
      vertex 0.206051 0.661705 14.6144
      vertex 0.304662 0.685137 14.6144
    endloop
  endfacet
  facet normal -0.279101 0.349671 0.894334
    outer loop
      vertex -0.409125 1.48639 14.7045
      vertex -0.562942 1.59406 14.6144
      vertex -0.459026 1.44656 14.7045
    endloop
  endfacet
  facet normal 0.400752 -0.382537 0.832504
    outer loop
      vertex 0.68946 0.921358 14.6144
      vertex 0.631603 0.860746 14.6144
      vertex 0.793374 0.773855 14.4966
    endloop
  endfacet
  facet normal 0.360184 -0.174685 0.91638
    outer loop
      vertex 0.558875 1.09517 14.7045
      vertex 0.534548 1.04501 14.7045
      vertex 0.735518 0.986736 14.6144
    endloop
  endfacet
  facet normal -0.489808 -0.797873 0.351406
    outer loop
      vertex -1.14153 0.400927 13.7961
      vertex -5.95015 -2.28286 1
      vertex -0.982766 0.303463 13.7961
    endloop
  endfacet
  facet normal -0.464837 -0.815315 0.345237
    outer loop
      vertex -0.982766 0.303463 13.7961
      vertex -5.95015 -2.28286 1
      vertex -5.3033 -2.65165 1
    endloop
  endfacet
  facet normal -0.475815 0.775074 0.415765
    outer loop
      vertex -0.982766 2.09654 13.7961
      vertex -1.05829 1.9408 14
      vertex -0.911099 2.03116 14
    endloop
  endfacet
  facet normal -0.0450378 0.981853 0.184216
    outer loop
      vertex 0 2.43579 13.3512
      vertex -0.230433 2.42522 13.3512
      vertex -0.222478 2.38292 13.5786
    endloop
  endfacet
  facet normal -0.202537 0.433071 0.87831
    outer loop
      vertex -0.289295 1.55075 14.7045
      vertex -0.484647 1.64212 14.6144
      vertex -0.352223 1.52132 14.7045
    endloop
  endfacet
  facet normal 0.101497 0.729095 0.676844
    outer loop
      vertex 0.307172 2.00247 14.3533
      vertex 0.130529 1.89403 14.4966
      vertex 0.258825 1.87617 14.4966
    endloop
  endfacet
  facet normal 0.565956 -0.27446 0.77741
    outer loop
      vertex 0.965951 1.01882 14.4966
      vertex 0.923903 0.932114 14.4966
      vertex 1.14638 0.984979 14.3533
    endloop
  endfacet
  facet normal 0.607697 0.0569321 0.792126
    outer loop
      vertex 1.18682 1.2 14.3533
      vertex 0.99147 1.29137 14.4966
      vertex 1.00003 1.2 14.4966
    endloop
  endfacet
  facet normal 0.791172 0.0740944 0.607088
    outer loop
      vertex 1.48384 1.33675 14
      vertex 1.34173 1.32365 14.1868
      vertex 1.35331 1.2 14.1868
    endloop
  endfacet
  facet normal 0.593422 0.16865 0.787024
    outer loop
      vertex 1.14638 1.41502 14.3533
      vertex 0.99147 1.29137 14.4966
      vertex 1.17667 1.30844 14.3533
    endloop
  endfacet
  facet normal 0.652957 0.316629 0.688036
    outer loop
      vertex 1.2503 1.56252 14.1868
      vertex 1.14638 1.41502 14.3533
      vertex 1.3072 1.44518 14.1868
    endloop
  endfacet
  facet normal 0.769186 0.218547 0.600492
    outer loop
      vertex 1.48384 1.33675 14
      vertex 1.3072 1.44518 14.1868
      vertex 1.34173 1.32365 14.1868
    endloop
  endfacet
  facet normal 0.791172 -0.0740944 0.607088
    outer loop
      vertex 1.35331 1.2 14.1868
      vertex 1.34173 1.07635 14.1868
      vertex 1.48384 1.06325 14
    endloop
  endfacet
  facet normal 0.769189 -0.218562 0.600482
    outer loop
      vertex 1.48384 1.06325 14
      vertex 1.3072 0.954816 14.1868
      vertex 1.44565 0.928847 14
    endloop
  endfacet
  facet normal 0.83748 -0.237966 0.491934
    outer loop
      vertex 1.48384 1.06325 14
      vertex 1.44565 0.928847 14
      vertex 1.55936 0.907518 13.7961
    endloop
  endfacet
  facet normal 0.863177 -0.0808168 0.498391
    outer loop
      vertex 1.61437 1.2 13.7961
      vertex 1.49664 1.2 14
      vertex 1.60056 1.0525 13.7961
    endloop
  endfacet
  facet normal 0.769187 -0.21854 0.600493
    outer loop
      vertex 1.34173 1.07635 14.1868
      vertex 1.3072 0.954816 14.1868
      vertex 1.48384 1.06325 14
    endloop
  endfacet
  facet normal 0.652953 -0.31663 0.688039
    outer loop
      vertex 1.3072 0.954816 14.1868
      vertex 1.14638 0.984979 14.3533
      vertex 1.2503 0.837477 14.1868
    endloop
  endfacet
  facet normal 0.646678 0.617267 0.448095
    outer loop
      vertex 1.39809 1.76503 13.7961
      vertex 1.28077 1.88794 13.7961
      vertex 1.29613 1.72383 14
    endloop
  endfacet
  facet normal 0.680683 0.649725 0.338419
    outer loop
      vertex 1.47612 1.79657 13.5786
      vertex 1.28077 1.88794 13.7961
      vertex 1.39809 1.76503 13.7961
    endloop
  endfacet
  facet normal 0.670373 0.472289 0.572314
    outer loop
      vertex 1.29613 1.72383 14
      vertex 1.172 1.67366 14.1868
      vertex 1.2503 1.56252 14.1868
    endloop
  endfacet
  facet normal 0.602012 0.574666 0.554383
    outer loop
      vertex 1.29613 1.72383 14
      vertex 1.07365 1.77669 14.1868
      vertex 1.172 1.67366 14.1868
    endloop
  endfacet
  facet normal 0.670381 0.472283 0.57231
    outer loop
      vertex 1.29613 1.72383 14
      vertex 1.2503 1.56252 14.1868
      vertex 1.38272 1.60092 14
    endloop
  endfacet
  facet normal 0.727595 0.352836 0.588314
    outer loop
      vertex 1.38272 1.60092 14
      vertex 1.2503 1.56252 14.1868
      vertex 1.44565 1.47115 14
    endloop
  endfacet
  facet normal 0.262785 -0.761242 0.592836
    outer loop
      vertex 0.59341 0.480527 14.3533
      vertex 0.454177 0.432463 14.3533
      vertex 0.676656 0.379598 14.1868
    endloop
  endfacet
  facet normal 0.400753 -0.382536 0.832504
    outer loop
      vertex 0.866048 0.84999 14.4966
      vertex 0.68946 0.921358 14.6144
      vertex 0.793374 0.773855 14.4966
    endloop
  endfacet
  facet normal 0.478998 -0.457224 0.749338
    outer loop
      vertex 0.866048 0.84999 14.4966
      vertex 0.793374 0.773855 14.4966
      vertex 0.941569 0.694255 14.3533
    endloop
  endfacet
  facet normal 0.356973 -0.447224 0.820098
    outer loop
      vertex 0.631603 0.860746 14.6144
      vertex 0.562942 0.805941 14.6144
      vertex 0.793374 0.773855 14.4966
    endloop
  endfacet
  facet normal 0.242511 -0.395035 0.886079
    outer loop
      vertex 0.562942 0.805941 14.6144
      vertex 0.409125 0.913611 14.7045
      vertex 0.484647 0.757876 14.6144
    endloop
  endfacet
  facet normal 0.308374 -0.502322 0.807823
    outer loop
      vertex 0.562942 0.805941 14.6144
      vertex 0.484647 0.757876 14.6144
      vertex 0.707125 0.705011 14.4966
    endloop
  endfacet
  facet normal 0.242503 0.395045 0.886077
    outer loop
      vertex 0.562942 1.59406 14.6144
      vertex 0.352223 1.52132 14.7045
      vertex 0.409125 1.48639 14.7045
    endloop
  endfacet
  facet normal 0.167608 0.273038 0.94729
    outer loop
      vertex 0.352223 1.52132 14.7045
      vertex 0.248309 1.37382 14.7654
      vertex 0.409125 1.48639 14.7045
    endloop
  endfacet
  facet normal 0.308357 0.50234 0.807818
    outer loop
      vertex 0.608777 1.75536 14.4966
      vertex 0.562942 1.59406 14.6144
      vertex 0.707125 1.69499 14.4966
    endloop
  endfacet
  facet normal 0.25619 0.547728 0.796468
    outer loop
      vertex 0.500012 1.80623 14.4966
      vertex 0.398059 1.68262 14.6144
      vertex 0.484647 1.64212 14.6144
    endloop
  endfacet
  facet normal 0.115552 0.486328 0.866102
    outer loop
      vertex 0.304662 1.71486 14.6144
      vertex 0.206051 1.73829 14.6144
      vertex 0.221416 1.57418 14.7045
    endloop
  endfacet
  facet normal 0.244549 0.11858 0.962359
    outer loop
      vertex 0.558875 1.30482 14.7045
      vertex 0.324431 1.29407 14.7654
      vertex 0.339196 1.26362 14.7654
    endloop
  endfacet
  facet normal 0.202537 0.433071 0.87831
    outer loop
      vertex 0.484647 1.64212 14.6144
      vertex 0.289295 1.55075 14.7045
      vertex 0.352223 1.52132 14.7045
    endloop
  endfacet
  facet normal 0.202551 0.433049 0.878318
    outer loop
      vertex 0.398059 1.68262 14.6144
      vertex 0.289295 1.55075 14.7045
      vertex 0.484647 1.64212 14.6144
    endloop
  endfacet
  facet normal -0.123622 0.0599343 0.990518
    outer loop
      vertex -0.108764 1.23154 14.7961
      vertex -0.324431 1.29407 14.7654
      vertex -0.113714 1.22133 14.7961
    endloop
  endfacet
  facet normal -0.382427 -0.0357978 0.923292
    outer loop
      vertex -0.57859 1.2 14.7045
      vertex -0.789309 1.12726 14.6144
      vertex -0.573641 1.14713 14.7045
    endloop
  endfacet
  facet normal -0.0084597 0.184645 0.982769
    outer loop
      vertex 0 1.44581 14.7654
      vertex -0.0458355 1.44371 14.7654
      vertex 0 1.28241 14.7961
    endloop
  endfacet
  facet normal -0.202551 0.433049 0.878318
    outer loop
      vertex -0.398059 1.68262 14.6144
      vertex -0.484647 1.64212 14.6144
      vertex -0.289295 1.55075 14.7045
    endloop
  endfacet
  facet normal -0.438302 0.308792 0.84412
    outer loop
      vertex -0.866048 1.55001 14.4966
      vertex -0.923903 1.46789 14.4966
      vertex -0.68946 1.47864 14.6144
    endloop
  endfacet
  facet normal -0.167609 0.273037 0.94729
    outer loop
      vertex -0.213774 1.39502 14.7654
      vertex -0.352223 1.52132 14.7045
      vertex -0.248309 1.37382 14.7654
    endloop
  endfacet
  facet normal -0.244549 0.11858 0.962359
    outer loop
      vertex -0.324431 1.29407 14.7654
      vertex -0.558875 1.30482 14.7045
      vertex -0.339196 1.26362 14.7654
    endloop
  endfacet
  facet normal -0.37491 0.106542 0.920919
    outer loop
      vertex -0.558875 1.30482 14.7045
      vertex -0.768992 1.34424 14.6144
      vertex -0.573641 1.25286 14.7045
    endloop
  endfacet
  facet normal -0.11153 0.323122 0.939762
    outer loop
      vertex -0.134383 1.4271 14.7654
      vertex -0.221416 1.57418 14.7045
      vertex -0.175581 1.41288 14.7654
    endloop
  endfacet
  facet normal -0.0417237 0.175344 0.983623
    outer loop
      vertex -0.0304689 1.2796 14.7961
      vertex -0.0908871 1.43744 14.7654
      vertex -0.0450516 1.27613 14.7961
    endloop
  endfacet
  facet normal 0.468176 0.227031 0.853972
    outer loop
      vertex 0.923903 1.46789 14.4966
      vertex 0.768992 1.34424 14.6144
      vertex 0.965951 1.38118 14.4966
    endloop
  endfacet
  facet normal 0.374914 0.106533 0.920918
    outer loop
      vertex 0.768992 1.34424 14.6144
      vertex 0.573641 1.25286 14.7045
      vertex 0.789309 1.27274 14.6144
    endloop
  endfacet
  facet normal 0.400742 0.38255 0.832503
    outer loop
      vertex 0.793374 1.62614 14.4966
      vertex 0.68946 1.47864 14.6144
      vertex 0.866048 1.55001 14.4966
    endloop
  endfacet
  facet normal 0.56596 0.274455 0.777408
    outer loop
      vertex 1.09648 1.51792 14.3533
      vertex 0.923903 1.46789 14.4966
      vertex 1.14638 1.41502 14.3533
    endloop
  endfacet
  facet normal 0.438302 0.308792 0.84412
    outer loop
      vertex 0.866048 1.55001 14.4966
      vertex 0.68946 1.47864 14.6144
      vertex 0.923903 1.46789 14.4966
    endloop
  endfacet
  facet normal 0.527073 0.371332 0.764399
    outer loop
      vertex 1.09648 1.51792 14.3533
      vertex 0.866048 1.55001 14.4966
      vertex 0.923903 1.46789 14.4966
    endloop
  endfacet
  facet normal 0.37491 0.106542 0.920919
    outer loop
      vertex 0.768992 1.34424 14.6144
      vertex 0.558875 1.30482 14.7045
      vertex 0.573641 1.25286 14.7045
    endloop
  endfacet
  facet normal 0.360188 0.174652 0.916385
    outer loop
      vertex 0.768992 1.34424 14.6144
      vertex 0.534548 1.35499 14.7045
      vertex 0.558875 1.30482 14.7045
    endloop
  endfacet
  facet normal 0.546243 0.521461 0.655513
    outer loop
      vertex 1.172 1.67366 14.1868
      vertex 0.941569 1.70574 14.3533
      vertex 1.02782 1.61539 14.3533
    endloop
  endfacet
  facet normal 0.54625 0.521437 0.655526
    outer loop
      vertex 1.07365 1.77669 14.1868
      vertex 0.941569 1.70574 14.3533
      vertex 1.172 1.67366 14.1868
    endloop
  endfacet
  facet normal 0.40406 0.863921 0.300626
    outer loop
      vertex 1.03762 2.14657 13.5786
      vertex 0.807185 2.17866 13.7961
      vertex 0.982766 2.09654 13.7961
    endloop
  endfacet
  facet normal 0.485417 0.851411 0.198672
    outer loop
      vertex 5.3033 2.65165 1
      vertex 1.07472 2.18042 13.3512
      vertex 5.95015 2.28286 1
    endloop
  endfacet
  facet normal 0.187823 -0.790443 0.583029
    outer loop
      vertex 0.454177 0.432463 14.3533
      vertex 0.307172 0.397532 14.3533
      vertex 0.517889 0.324792 14.1868
    endloop
  endfacet
  facet normal 0.447116 -0.728348 0.519227
    outer loop
      vertex 0.956935 0.530145 14.1868
      vertex 0.911099 0.368841 14
      vertex 1.05829 0.459198 14
    endloop
  endfacet
  facet normal 0.365874 -0.78223 0.504234
    outer loop
      vertex 0.823843 0.448442 14.1868
      vertex 0.676656 0.379598 14.1868
      vertex 0.911099 0.368841 14
    endloop
  endfacet
  facet normal 0.337168 -0.720859 0.605541
    outer loop
      vertex 0.722491 0.540901 14.3533
      vertex 0.676656 0.379598 14.1868
      vertex 0.823843 0.448442 14.1868
    endloop
  endfacet
  facet normal 0.480532 -0.602006 0.637712
    outer loop
      vertex 1.07365 0.623309 14.1868
      vertex 0.941569 0.694255 14.3533
      vertex 0.956935 0.530145 14.1868
    endloop
  endfacet
  facet normal 0.526559 -0.659669 0.536258
    outer loop
      vertex 1.07365 0.623309 14.1868
      vertex 0.956935 0.530145 14.1868
      vertex 1.18737 0.562229 14
    endloop
  endfacet
  facet normal 0.121284 -0.871042 0.476
    outer loop
      vertex 0.350263 0.284961 14.1868
      vertex 0.176642 0.260786 14.1868
      vertex 0.195351 0.16131 14
    endloop
  endfacet
  facet normal 0.0403825 -0.880245 0.472797
    outer loop
      vertex 0 0.252682 14.1868
      vertex 0 0.152348 14
      vertex 0.195351 0.16131 14
    endloop
  endfacet
  facet normal 0.52707 -0.371307 0.764414
    outer loop
      vertex 1.09648 0.882075 14.3533
      vertex 0.866048 0.84999 14.4966
      vertex 1.02782 0.784612 14.3533
    endloop
  endfacet
  facet normal 0.478993 -0.457227 0.749339
    outer loop
      vertex 1.02782 0.784612 14.3533
      vertex 0.866048 0.84999 14.4966
      vertex 0.941569 0.694255 14.3533
    endloop
  endfacet
  facet normal 0.41018 0.66819 0.620705
    outer loop
      vertex 0.956935 1.86985 14.1868
      vertex 0.722491 1.8591 14.3533
      vertex 0.83921 1.78745 14.3533
    endloop
  endfacet
  facet normal 0.410202 0.668151 0.620733
    outer loop
      vertex 0.823843 1.95156 14.1868
      vertex 0.722491 1.8591 14.3533
      vertex 0.956935 1.86985 14.1868
    endloop
  endfacet
  facet normal 0.262815 0.761234 0.592832
    outer loop
      vertex 0.517889 2.07521 14.1868
      vertex 0.454177 1.96754 14.3533
      vertex 0.59341 1.91947 14.3533
    endloop
  endfacet
  facet normal 0.300299 0.869937 0.391191
    outer loop
      vertex 0.807185 2.17866 13.7961
      vertex 0.572741 2.1679 14
      vertex 0.748322 2.10729 14
    endloop
  endfacet
  facet normal -0.0874346 0.627569 0.773636
    outer loop
      vertex -0.130529 1.89403 14.4966
      vertex -0.206051 1.73829 14.6144
      vertex -0.103914 1.75252 14.6144
    endloop
  endfacet
  facet normal 0.20145 0.583552 0.786692
    outer loop
      vertex 0.382693 1.84673 14.4966
      vertex 0.304662 1.71486 14.6144
      vertex 0.500012 1.80623 14.4966
    endloop
  endfacet
  facet normal -0.135524 0.973202 0.185772
    outer loop
      vertex -0.230433 2.42522 13.3512
      vertex -0.456923 2.39368 13.3512
      vertex -0.222478 2.38292 13.5786
    endloop
  endfacet
  facet normal -0.132339 0.950684 0.280512
    outer loop
      vertex -0.222478 2.38292 13.5786
      vertex -0.44115 2.35248 13.5786
      vertex -0.41783 2.29155 13.7961
    endloop
  endfacet
  facet normal 0.320145 0.927386 0.193555
    outer loop
      vertex 0.675594 2.34172 13.3512
      vertex 0.652273 2.30231 13.5786
      vertex 0.852237 2.23328 13.5786
    endloop
  endfacet
  facet normal 0.415136 0.887547 0.199803
    outer loop
      vertex 0.882707 2.27022 13.3512
      vertex 0.852237 2.23328 13.5786
      vertex 1.03762 2.14657 13.5786
    endloop
  endfacet
  facet normal 0.387872 0.829309 0.402245
    outer loop
      vertex 0.982766 2.09654 13.7961
      vertex 0.807185 2.17866 13.7961
      vertex 0.911099 2.03116 14
    endloop
  endfacet
  facet normal 0.415091 0.88756 0.199841
    outer loop
      vertex 1.07472 2.18042 13.3512
      vertex 0.882707 2.27022 13.3512
      vertex 1.03762 2.14657 13.5786
    endloop
  endfacet
  facet normal -0.337153 0.720867 0.60554
    outer loop
      vertex -0.676656 2.0204 14.1868
      vertex -0.823843 1.95156 14.1868
      vertex -0.722491 1.8591 14.3533
    endloop
  endfacet
  facet normal -0.546243 0.521461 0.655513
    outer loop
      vertex -0.941569 1.70574 14.3533
      vertex -1.172 1.67366 14.1868
      vertex -1.02782 1.61539 14.3533
    endloop
  endfacet
  facet normal -0.0873609 0.62755 0.773659
    outer loop
      vertex -0.130529 1.89403 14.4966
      vertex -0.258825 1.87617 14.4966
      vertex -0.206051 1.73829 14.6144
    endloop
  endfacet
  facet normal 0.0338845 0.738267 0.673657
    outer loop
      vertex 0.154911 2.02367 14.3533
      vertex 0 2.03078 14.3533
      vertex 0.130529 1.89403 14.4966
    endloop
  endfacet
  facet normal -0.41018 0.66819 0.620705
    outer loop
      vertex -0.722491 1.8591 14.3533
      vertex -0.956935 1.86985 14.1868
      vertex -0.83921 1.78745 14.3533
    endloop
  endfacet
  facet normal -0.646678 0.617267 0.448095
    outer loop
      vertex -1.28077 1.88794 13.7961
      vertex -1.39809 1.76503 13.7961
      vertex -1.29613 1.72383 14
    endloop
  endfacet
  facet normal -0.680683 0.649725 0.338419
    outer loop
      vertex -1.28077 1.88794 13.7961
      vertex -1.47612 1.79657 13.5786
      vertex -1.39809 1.76503 13.7961
    endloop
  endfacet
  facet normal -0.590049 0.739301 0.324463
    outer loop
      vertex -1.20525 2.04367 13.5786
      vertex -1.28077 1.88794 13.7961
      vertex -1.14153 1.99907 13.7961
    endloop
  endfacet
  facet normal -0.902228 -0.084473 0.422906
    outer loop
      vertex -1.61437 1.2 13.7961
      vertex -7.5 0 1
      vertex -1.60056 1.0525 13.7961
    endloop
  endfacet
  facet normal -0.863177 -0.0808168 0.498391
    outer loop
      vertex -1.49664 1.2 14
      vertex -1.61437 1.2 13.7961
      vertex -1.60056 1.0525 13.7961
    endloop
  endfacet
  facet normal -0.837475 0.406143 0.365628
    outer loop
      vertex -1.49148 1.63245 13.7961
      vertex -1.57473 1.65659 13.5786
      vertex -1.55936 1.49248 13.7961
    endloop
  endfacet
  facet normal -0.670381 0.472283 0.57231
    outer loop
      vertex -1.29613 1.72383 14
      vertex -1.38272 1.60092 14
      vertex -1.2503 1.56252 14.1868
    endloop
  endfacet
  facet normal -0.687494 -0.19533 0.699427
    outer loop
      vertex -1.14638 0.984979 14.3533
      vertex -1.34173 1.07635 14.1868
      vertex -1.3072 0.954816 14.1868
    endloop
  endfacet
  facet normal -0.863186 0.0807955 0.49838
    outer loop
      vertex -1.48384 1.33675 14
      vertex -1.60056 1.3475 13.7961
      vertex -1.49664 1.2 14
    endloop
  endfacet
  facet normal -0.202508 -0.852237 0.482371
    outer loop
      vertex -0.517889 0.324792 14.1868
      vertex -0.572741 0.232096 14
      vertex -0.38736 0.188046 14
    endloop
  endfacet
  facet normal -0.687501 -0.195386 0.699404
    outer loop
      vertex -1.17667 1.09156 14.3533
      vertex -1.34173 1.07635 14.1868
      vertex -1.14638 0.984979 14.3533
    endloop
  endfacet
  facet normal -0.652954 -0.316629 0.688039
    outer loop
      vertex -1.14638 0.984979 14.3533
      vertex -1.2503 0.837477 14.1868
      vertex -1.09648 0.882075 14.3533
    endloop
  endfacet
  facet normal -0.791172 0.0740944 0.607088
    outer loop
      vertex -1.34173 1.32365 14.1868
      vertex -1.48384 1.33675 14
      vertex -1.35331 1.2 14.1868
    endloop
  endfacet
  facet normal -0.488992 -0.138944 0.861151
    outer loop
      vertex -0.789309 1.12726 14.6144
      vertex -0.99147 1.10863 14.4966
      vertex -0.965951 1.01882 14.4966
    endloop
  endfacet
  facet normal -0.48899 -0.138948 0.861152
    outer loop
      vertex -0.789309 1.12726 14.6144
      vertex -0.965951 1.01882 14.4966
      vertex -0.768992 1.05576 14.6144
    endloop
  endfacet
  facet normal -0.593438 0.168622 0.787018
    outer loop
      vertex -0.965951 1.38118 14.4966
      vertex -1.14638 1.41502 14.3533
      vertex -0.99147 1.29137 14.4966
    endloop
  endfacet
  facet normal -0.499689 0.0468134 0.864939
    outer loop
      vertex -0.99147 1.29137 14.4966
      vertex -1.00003 1.2 14.4966
      vertex -0.789309 1.27274 14.6144
    endloop
  endfacet
  facet normal -0.46816 0.227053 0.853975
    outer loop
      vertex -0.735518 1.41326 14.6144
      vertex -0.923903 1.46789 14.4966
      vertex -0.768992 1.34424 14.6144
    endloop
  endfacet
  facet normal -0.56596 0.274455 0.777408
    outer loop
      vertex -1.09648 1.51792 14.3533
      vertex -1.14638 1.41502 14.3533
      vertex -0.923903 1.46789 14.4966
    endloop
  endfacet
  facet normal -0.72378 0.509902 0.464912
    outer loop
      vertex -1.29613 1.72383 14
      vertex -1.49148 1.63245 13.7961
      vertex -1.38272 1.60092 14
    endloop
  endfacet
  facet normal -0.604791 0.426028 0.672851
    outer loop
      vertex -1.02782 1.61539 14.3533
      vertex -1.2503 1.56252 14.1868
      vertex -1.09648 1.51792 14.3533
    endloop
  endfacet
  facet normal 0.101513 -0.729085 0.676853
    outer loop
      vertex 0.258825 0.523833 14.4966
      vertex 0.130529 0.50597 14.4966
      vertex 0.154911 0.376331 14.3533
    endloop
  endfacet
  facet normal 0.0233516 -0.5091 0.86039
    outer loop
      vertex 0 0.794986 14.7045
      vertex 0 0.642715 14.6144
      vertex 0.0755205 0.79845 14.7045
    endloop
  endfacet
  facet normal -0.0163907 -0.35724 0.933869
    outer loop
      vertex -0.0458355 0.956288 14.7654
      vertex -0.0755205 0.79845 14.7045
      vertex 0 0.954185 14.7654
    endloop
  endfacet
  facet normal -0.0721438 -0.154268 0.985392
    outer loop
      vertex -0.0716667 1.13462 14.7961
      vertex -0.213774 1.00498 14.7654
      vertex -0.175581 0.987119 14.7654
    endloop
  endfacet
  facet normal 0.0808154 -0.340109 0.936907
    outer loop
      vertex 0.221416 0.825815 14.7045
      vertex 0.0908871 0.962562 14.7654
      vertex 0.14975 0.808786 14.7045
    endloop
  endfacet
  facet normal 0.242506 -0.395038 0.886079
    outer loop
      vertex 0.409125 0.913611 14.7045
      vertex 0.352223 0.87868 14.7045
      vertex 0.484647 0.757876 14.6144
    endloop
  endfacet
  facet normal 0.0978699 0.122588 0.98762
    outer loop
      vertex 0.248309 1.37382 14.7654
      vertex 0.0832443 1.25827 14.7961
      vertex 0.278596 1.34964 14.7654
    endloop
  endfacet
  facet normal -0.0163673 0.35724 0.933869
    outer loop
      vertex 0 1.44581 14.7654
      vertex -0.0755205 1.60155 14.7045
      vertex -0.0458355 1.44371 14.7654
    endloop
  endfacet
  facet normal 0.311491 -0.297335 0.902533
    outer loop
      vertex 0.501074 0.997493 14.7045
      vertex 0.459026 0.953443 14.7045
      vertex 0.68946 0.921358 14.6144
    endloop
  endfacet
  facet normal 0.116987 -0.0824101 0.989708
    outer loop
      vertex 0.324431 1.10593 14.7654
      vertex 0.101953 1.1588 14.7961
      vertex 0.304115 1.07709 14.7654
    endloop
  endfacet
  facet normal -0.322654 0.934628 0.149549
    outer loop
      vertex -0.675594 2.34172 13.3512
      vertex -4.56571 2.97507 1
      vertex -0.882707 2.27022 13.3512
    endloop
  endfacet
  facet normal -0.415136 0.887547 0.199803
    outer loop
      vertex -0.882707 2.27022 13.3512
      vertex -1.03762 2.14657 13.5786
      vertex -0.852237 2.23328 13.5786
    endloop
  endfacet
  facet normal -0.312123 0.904148 0.291711
    outer loop
      vertex -0.652273 2.30231 13.5786
      vertex -0.852237 2.23328 13.5786
      vertex -0.617792 2.24404 13.7961
    endloop
  endfacet
  facet normal -0.121306 0.871049 0.475982
    outer loop
      vertex -0.195351 2.23869 14
      vertex -0.38736 2.21195 14
      vertex -0.350263 2.11504 14.1868
    endloop
  endfacet
  facet normal 0.0403738 0.880254 0.472783
    outer loop
      vertex 0 2.24765 14
      vertex 0 2.14732 14.1868
      vertex 0.195351 2.23869 14
    endloop
  endfacet
  facet normal -0.404078 0.863905 0.300648
    outer loop
      vertex -0.852237 2.23328 13.5786
      vertex -1.03762 2.14657 13.5786
      vertex -0.807185 2.17866 13.7961
    endloop
  endfacet
  facet normal -0.127745 0.917285 0.377186
    outer loop
      vertex -0.195351 2.23869 14
      vertex -0.41783 2.29155 13.7961
      vertex -0.38736 2.21195 14
    endloop
  endfacet
  facet normal -0.300299 0.869937 0.391191
    outer loop
      vertex -0.572741 2.1679 14
      vertex -0.807185 2.17866 13.7961
      vertex -0.748322 2.10729 14
    endloop
  endfacet
  facet normal -0.18782 0.790446 0.583026
    outer loop
      vertex -0.350263 2.11504 14.1868
      vertex -0.517889 2.07521 14.1868
      vertex -0.307172 2.00247 14.3533
    endloop
  endfacet
  facet normal -0.28413 0.823033 0.49182
    outer loop
      vertex -0.572741 2.1679 14
      vertex -0.676656 2.0204 14.1868
      vertex -0.517889 2.07521 14.1868
    endloop
  endfacet
  facet normal 0.52707 -0.371312 0.764412
    outer loop
      vertex 0.923903 0.932114 14.4966
      vertex 0.866048 0.84999 14.4966
      vertex 1.09648 0.882075 14.3533
    endloop
  endfacet
  facet normal 0.499689 0.0468134 0.864939
    outer loop
      vertex 0.99147 1.29137 14.4966
      vertex 0.789309 1.27274 14.6144
      vertex 1.00003 1.2 14.4966
    endloop
  endfacet
  facet normal 0.705584 -0.0660428 0.705542
    outer loop
      vertex 1.18682 1.2 14.3533
      vertex 1.17667 1.09156 14.3533
      vertex 1.35331 1.2 14.1868
    endloop
  endfacet
  facet normal 0.593422 -0.168649 0.787025
    outer loop
      vertex 1.17667 1.09156 14.3533
      vertex 0.99147 1.10863 14.4966
      vertex 1.14638 0.984979 14.3533
    endloop
  endfacet
  facet normal 0.687495 0.195336 0.699425
    outer loop
      vertex 1.3072 1.44518 14.1868
      vertex 1.14638 1.41502 14.3533
      vertex 1.34173 1.32365 14.1868
    endloop
  endfacet
  facet normal 0.687501 0.195388 0.699404
    outer loop
      vertex 1.34173 1.32365 14.1868
      vertex 1.14638 1.41502 14.3533
      vertex 1.17667 1.30844 14.3533
    endloop
  endfacet
  facet normal 0.670371 -0.4723 0.572307
    outer loop
      vertex 1.2503 0.837477 14.1868
      vertex 1.172 0.72634 14.1868
      vertex 1.29613 0.676173 14
    endloop
  endfacet
  facet normal 0.670382 -0.472291 0.572302
    outer loop
      vertex 1.38272 0.799081 14
      vertex 1.2503 0.837477 14.1868
      vertex 1.29613 0.676173 14
    endloop
  endfacet
  facet normal 0.837468 -0.237986 0.491945
    outer loop
      vertex 1.60056 1.0525 13.7961
      vertex 1.48384 1.06325 14
      vertex 1.55936 0.907518 13.7961
    endloop
  endfacet
  facet normal 0.863186 -0.0807955 0.49838
    outer loop
      vertex 1.49664 1.2 14
      vertex 1.48384 1.06325 14
      vertex 1.60056 1.0525 13.7961
    endloop
  endfacet
  facet normal 0.562823 0.705126 0.431309
    outer loop
      vertex 1.28077 1.88794 13.7961
      vertex 1.05829 1.9408 14
      vertex 1.18737 1.83777 14
    endloop
  endfacet
  facet normal 0.526548 0.65968 0.536254
    outer loop
      vertex 1.18737 1.83777 14
      vertex 1.05829 1.9408 14
      vertex 1.07365 1.77669 14.1868
    endloop
  endfacet
  facet normal 0.565956 -0.274442 0.777416
    outer loop
      vertex 1.14638 0.984979 14.3533
      vertex 0.923903 0.932114 14.4966
      vertex 1.09648 0.882075 14.3533
    endloop
  endfacet
  facet normal 0.46817 -0.227045 0.853972
    outer loop
      vertex 0.768992 1.05576 14.6144
      vertex 0.735518 0.986736 14.6144
      vertex 0.923903 0.932114 14.4966
    endloop
  endfacet
  facet normal 0.0489464 -0.351516 0.934902
    outer loop
      vertex 0.14975 0.808786 14.7045
      vertex 0.0458355 0.956288 14.7654
      vertex 0.0755205 0.79845 14.7045
    endloop
  endfacet
  facet normal 0.0698333 -0.501518 0.862324
    outer loop
      vertex 0.14975 0.808786 14.7045
      vertex 0.0755205 0.79845 14.7045
      vertex 0.206051 0.661705 14.6144
    endloop
  endfacet
  facet normal 0.423991 -0.531184 0.733536
    outer loop
      vertex 0.793374 0.773855 14.4966
      vertex 0.707125 0.705011 14.4966
      vertex 0.941569 0.694255 14.3533
    endloop
  endfacet
  facet normal 0.36405 -0.593026 0.718184
    outer loop
      vertex 0.83921 0.612553 14.3533
      vertex 0.608777 0.644637 14.4966
      vertex 0.722491 0.540901 14.3533
    endloop
  endfacet
  facet normal 0.338816 0.238668 0.910078
    outer loop
      vertex 0.68946 1.47864 14.6144
      vertex 0.501074 1.40251 14.7045
      vertex 0.534548 1.35499 14.7045
    endloop
  endfacet
  facet normal 0.311496 0.297339 0.90253
    outer loop
      vertex 0.68946 1.47864 14.6144
      vertex 0.459026 1.44656 14.7045
      vertex 0.501074 1.40251 14.7045
    endloop
  endfacet
  facet normal 0.123619 0.0599422 0.990518
    outer loop
      vertex 0.324431 1.29407 14.7654
      vertex 0.113714 1.22133 14.7961
      vertex 0.339196 1.26362 14.7654
    endloop
  endfacet
  facet normal 0.244549 0.118579 0.962359
    outer loop
      vertex 0.534548 1.35499 14.7045
      vertex 0.324431 1.29407 14.7654
      vertex 0.558875 1.30482 14.7045
    endloop
  endfacet
  facet normal 0.235458 0.681996 0.692417
    outer loop
      vertex 0.454177 1.96754 14.3533
      vertex 0.382693 1.84673 14.4966
      vertex 0.59341 1.91947 14.3533
    endloop
  endfacet
  facet normal 0.256177 0.54773 0.79647
    outer loop
      vertex 0.500012 1.80623 14.4966
      vertex 0.484647 1.64212 14.6144
      vertex 0.608777 1.75536 14.4966
    endloop
  endfacet
  facet normal -0.0573061 0.166273 0.984413
    outer loop
      vertex -0.0450516 1.27613 14.7961
      vertex -0.134383 1.4271 14.7654
      vertex -0.0588627 1.27137 14.7961
    endloop
  endfacet
  facet normal -0.244549 0.118579 0.962359
    outer loop
      vertex -0.534548 1.35499 14.7045
      vertex -0.558875 1.30482 14.7045
      vertex -0.324431 1.29407 14.7654
    endloop
  endfacet
  facet normal -0.072142 0.154273 0.985391
    outer loop
      vertex -0.175581 1.41288 14.7654
      vertex -0.213774 1.39502 14.7654
      vertex -0.0588627 1.27137 14.7961
    endloop
  endfacet
  facet normal -0.0233205 0.509101 0.860391
    outer loop
      vertex 0 1.75728 14.6144
      vertex -0.103914 1.75252 14.6144
      vertex -0.0755205 1.60155 14.7045
    endloop
  endfacet
  facet normal 0.0233205 0.509101 0.860391
    outer loop
      vertex 0.103914 1.75252 14.6144
      vertex 0 1.75728 14.6144
      vertex 0.0755205 1.60155 14.7045
    endloop
  endfacet
  facet normal 0.0233247 0.509103 0.86039
    outer loop
      vertex 0 1.75728 14.6144
      vertex 0 1.60501 14.7045
      vertex 0.0755205 1.60155 14.7045
    endloop
  endfacet
  facet normal -0.0291456 0.636268 0.770917
    outer loop
      vertex 0 1.75728 14.6144
      vertex -0.130529 1.89403 14.4966
      vertex -0.103914 1.75252 14.6144
    endloop
  endfacet
  facet normal -0.0698708 0.501504 0.862329
    outer loop
      vertex -0.103914 1.75252 14.6144
      vertex -0.206051 1.73829 14.6144
      vertex -0.0755205 1.60155 14.7045
    endloop
  endfacet
  facet normal -0.356989 0.447204 0.820102
    outer loop
      vertex -0.562942 1.59406 14.6144
      vertex -0.793374 1.62614 14.4966
      vertex -0.631603 1.53925 14.6144
    endloop
  endfacet
  facet normal -0.242503 0.395045 0.886077
    outer loop
      vertex -0.352223 1.52132 14.7045
      vertex -0.562942 1.59406 14.6144
      vertex -0.409125 1.48639 14.7045
    endloop
  endfacet
  facet normal -0.191987 0.240476 0.951479
    outer loop
      vertex -0.248309 1.37382 14.7654
      vertex -0.409125 1.48639 14.7045
      vertex -0.278596 1.34964 14.7654
    endloop
  endfacet
  facet normal -0.311494 0.297346 0.902528
    outer loop
      vertex -0.631603 1.53925 14.6144
      vertex -0.68946 1.47864 14.6144
      vertex -0.459026 1.44656 14.7045
    endloop
  endfacet
  facet normal -0.258588 0.0242102 0.965684
    outer loop
      vertex -0.573641 1.25286 14.7045
      vertex -0.57859 1.2 14.7045
      vertex -0.351162 1.2 14.7654
    endloop
  endfacet
  facet normal -0.382426 -0.0358031 0.923292
    outer loop
      vertex -0.57859 1.2 14.7045
      vertex -0.796119 1.2 14.6144
      vertex -0.789309 1.12726 14.6144
    endloop
  endfacet
  facet normal 0.410179 -0.668171 0.620726
    outer loop
      vertex 0.83921 0.612553 14.3533
      vertex 0.823843 0.448442 14.1868
      vertex 0.956935 0.530145 14.1868
    endloop
  endfacet
  facet normal 0.48052 -0.602012 0.637717
    outer loop
      vertex 0.941569 0.694255 14.3533
      vertex 0.83921 0.612553 14.3533
      vertex 0.956935 0.530145 14.1868
    endloop
  endfacet
  facet normal 0.300792 -0.6431 0.704235
    outer loop
      vertex 0.608777 0.644637 14.4966
      vertex 0.59341 0.480527 14.3533
      vertex 0.722491 0.540901 14.3533
    endloop
  endfacet
  facet normal 0.300793 -0.6431 0.704235
    outer loop
      vertex 0.608777 0.644637 14.4966
      vertex 0.500012 0.593765 14.4966
      vertex 0.59341 0.480527 14.3533
    endloop
  endfacet
  facet normal 0.202508 -0.852237 0.482371
    outer loop
      vertex 0.517889 0.324792 14.1868
      vertex 0.38736 0.188046 14
      vertex 0.572741 0.232096 14
    endloop
  endfacet
  facet normal 0.213573 -0.898805 0.382801
    outer loop
      vertex 0.572741 0.232096 14
      vertex 0.38736 0.188046 14
      vertex 0.617792 0.15596 13.7961
    endloop
  endfacet
  facet normal 0.60201 -0.574659 0.554393
    outer loop
      vertex 1.172 0.72634 14.1868
      vertex 1.07365 0.623309 14.1868
      vertex 1.18737 0.562229 14
    endloop
  endfacet
  facet normal 0.546256 -0.521438 0.65552
    outer loop
      vertex 1.172 0.72634 14.1868
      vertex 0.941569 0.694255 14.3533
      vertex 1.07365 0.623309 14.1868
    endloop
  endfacet
  facet normal 0.3003 -0.869939 0.391185
    outer loop
      vertex 0.748322 0.292706 14
      vertex 0.572741 0.232096 14
      vertex 0.617792 0.15596 13.7961
    endloop
  endfacet
  facet normal 0.284107 -0.82303 0.491839
    outer loop
      vertex 0.676656 0.379598 14.1868
      vertex 0.572741 0.232096 14
      vertex 0.748322 0.292706 14
    endloop
  endfacet
  facet normal 0.042502 -0.926305 0.37437
    outer loop
      vertex 0.195351 0.16131 14
      vertex 0 0.0699396 13.7961
      vertex 0.210717 0.079608 13.7961
    endloop
  endfacet
  facet normal 0.127722 -0.917291 0.37718
    outer loop
      vertex 0.41783 0.108446 13.7961
      vertex 0.195351 0.16131 14
      vertex 0.210717 0.079608 13.7961
    endloop
  endfacet
  facet normal 0.300782 0.643101 0.704238
    outer loop
      vertex 0.59341 1.91947 14.3533
      vertex 0.500012 1.80623 14.4966
      vertex 0.608777 1.75536 14.4966
    endloop
  endfacet
  facet normal 0.300773 0.643103 0.70424
    outer loop
      vertex 0.722491 1.8591 14.3533
      vertex 0.59341 1.91947 14.3533
      vertex 0.608777 1.75536 14.4966
    endloop
  endfacet
  facet normal -0.132381 0.950688 0.280476
    outer loop
      vertex -0.222478 2.38292 13.5786
      vertex -0.41783 2.29155 13.7961
      vertex -0.210717 2.32039 13.7961
    endloop
  endfacet
  facet normal -0.127731 0.917293 0.377173
    outer loop
      vertex -0.210717 2.32039 13.7961
      vertex -0.41783 2.29155 13.7961
      vertex -0.195351 2.23869 14
    endloop
  endfacet
  facet normal 0.0291971 0.636239 0.77094
    outer loop
      vertex 0 1.90002 14.4966
      vertex 0 1.75728 14.6144
      vertex 0.130529 1.89403 14.4966
    endloop
  endfacet
  facet normal 0.0873609 0.62755 0.773659
    outer loop
      vertex 0.258825 1.87617 14.4966
      vertex 0.130529 1.89403 14.4966
      vertex 0.206051 1.73829 14.6144
    endloop
  endfacet
  facet normal 0.168816 0.71047 0.683179
    outer loop
      vertex 0.454177 1.96754 14.3533
      vertex 0.307172 2.00247 14.3533
      vertex 0.382693 1.84673 14.4966
    endloop
  endfacet
  facet normal 0.187819 0.790447 0.583025
    outer loop
      vertex 0.517889 2.07521 14.1868
      vertex 0.307172 2.00247 14.3533
      vertex 0.454177 1.96754 14.3533
    endloop
  endfacet
  facet normal 0.0698708 0.501504 0.862329
    outer loop
      vertex 0.103914 1.75252 14.6144
      vertex 0.0755205 1.60155 14.7045
      vertex 0.206051 1.73829 14.6144
    endloop
  endfacet
  facet normal 0.0874346 0.627569 0.773636
    outer loop
      vertex 0.130529 1.89403 14.4966
      vertex 0.103914 1.75252 14.6144
      vertex 0.206051 1.73829 14.6144
    endloop
  endfacet
  facet normal -0.135476 0.973218 0.185723
    outer loop
      vertex -0.222478 2.38292 13.5786
      vertex -0.456923 2.39368 13.3512
      vertex -0.44115 2.35248 13.5786
    endloop
  endfacet
  facet normal -0.227036 0.955401 0.188846
    outer loop
      vertex -0.456923 2.39368 13.3512
      vertex -0.652273 2.30231 13.5786
      vertex -0.44115 2.35248 13.5786
    endloop
  endfacet
  facet normal 0.497097 0.809799 0.311641
    outer loop
      vertex 1.03762 2.14657 13.5786
      vertex 0.982766 2.09654 13.7961
      vertex 1.20525 2.04367 13.5786
    endloop
  endfacet
  facet normal 0.511614 0.833449 0.20884
    outer loop
      vertex 5.95015 2.28286 1
      vertex 1.03762 2.14657 13.5786
      vertex 1.20525 2.04367 13.5786
    endloop
  endfacet
  facet normal 0.22702 0.955402 0.18886
    outer loop
      vertex 0.675594 2.34172 13.3512
      vertex 0.456923 2.39368 13.3512
      vertex 0.652273 2.30231 13.5786
    endloop
  endfacet
  facet normal 0.227036 0.955401 0.188846
    outer loop
      vertex 0.456923 2.39368 13.3512
      vertex 0.44115 2.35248 13.5786
      vertex 0.652273 2.30231 13.5786
    endloop
  endfacet
  facet normal -0.602012 0.574666 0.554383
    outer loop
      vertex -1.07365 1.77669 14.1868
      vertex -1.29613 1.72383 14
      vertex -1.172 1.67366 14.1868
    endloop
  endfacet
  facet normal -0.54625 0.521437 0.655526
    outer loop
      vertex -1.07365 1.77669 14.1868
      vertex -1.172 1.67366 14.1868
      vertex -0.941569 1.70574 14.3533
    endloop
  endfacet
  facet normal -0.562823 0.705126 0.431309
    outer loop
      vertex -1.05829 1.9408 14
      vertex -1.28077 1.88794 13.7961
      vertex -1.18737 1.83777 14
    endloop
  endfacet
  facet normal -0.526547 0.659681 0.536255
    outer loop
      vertex -1.05829 1.9408 14
      vertex -1.07365 1.77669 14.1868
      vertex -0.956935 1.86985 14.1868
    endloop
  endfacet
  facet normal -0.604956 0.757871 0.244252
    outer loop
      vertex -1.20525 2.04367 13.5786
      vertex -6.49519 1.875 1
      vertex -1.35225 1.92633 13.5786
    endloop
  endfacet
  facet normal -0.684118 0.674742 0.276958
    outer loop
      vertex -6.49519 1.875 1
      vertex -6.9291 1.43506 1
      vertex -1.35225 1.92633 13.5786
    endloop
  endfacet
  facet normal -0.670371 -0.4723 0.572307
    outer loop
      vertex -1.2503 0.837477 14.1868
      vertex -1.29613 0.676173 14
      vertex -1.172 0.72634 14.1868
    endloop
  endfacet
  facet normal -0.789256 -0.382749 0.480186
    outer loop
      vertex -1.44565 0.928847 14
      vertex -1.49148 0.767545 13.7961
      vertex -1.38272 0.799081 14
    endloop
  endfacet
  facet normal -0.565956 -0.274442 0.777416
    outer loop
      vertex -0.923903 0.932114 14.4966
      vertex -1.14638 0.984979 14.3533
      vertex -1.09648 0.882075 14.3533
    endloop
  endfacet
  facet normal -0.565956 -0.27446 0.77741
    outer loop
      vertex -0.965951 1.01882 14.4966
      vertex -1.14638 0.984979 14.3533
      vertex -0.923903 0.932114 14.4966
    endloop
  endfacet
  facet normal -0.705584 0.0660428 0.705542
    outer loop
      vertex -1.17667 1.30844 14.3533
      vertex -1.35331 1.2 14.1868
      vertex -1.18682 1.2 14.3533
    endloop
  endfacet
  facet normal -0.593422 0.16865 0.787024
    outer loop
      vertex -1.14638 1.41502 14.3533
      vertex -1.17667 1.30844 14.3533
      vertex -0.99147 1.29137 14.4966
    endloop
  endfacet
  facet normal -0.863177 0.0808168 0.498391
    outer loop
      vertex -1.60056 1.3475 13.7961
      vertex -1.61437 1.2 13.7961
      vertex -1.49664 1.2 14
    endloop
  endfacet
  facet normal -0.769189 -0.218562 0.600482
    outer loop
      vertex -1.3072 0.954816 14.1868
      vertex -1.48384 1.06325 14
      vertex -1.44565 0.928847 14
    endloop
  endfacet
  facet normal -0.468173 -0.22704 0.853971
    outer loop
      vertex -0.768992 1.05576 14.6144
      vertex -0.965951 1.01882 14.4966
      vertex -0.923903 0.932114 14.4966
    endloop
  endfacet
  facet normal -0.374918 -0.106534 0.920916
    outer loop
      vertex -0.573641 1.14713 14.7045
      vertex -0.789309 1.12726 14.6144
      vertex -0.768992 1.05576 14.6144
    endloop
  endfacet
  facet normal -0.311491 -0.297335 0.902533
    outer loop
      vertex -0.501074 0.997493 14.7045
      vertex -0.68946 0.921358 14.6144
      vertex -0.459026 0.953443 14.7045
    endloop
  endfacet
  facet normal -0.338804 -0.238683 0.910078
    outer loop
      vertex -0.501074 0.997493 14.7045
      vertex -0.735518 0.986736 14.6144
      vertex -0.68946 0.921358 14.6144
    endloop
  endfacet
  facet normal -0.499681 0.0467807 0.864945
    outer loop
      vertex -0.789309 1.27274 14.6144
      vertex -1.00003 1.2 14.4966
      vertex -0.796119 1.2 14.6144
    endloop
  endfacet
  facet normal -0.499689 -0.0468134 0.864939
    outer loop
      vertex -0.789309 1.12726 14.6144
      vertex -1.00003 1.2 14.4966
      vertex -0.99147 1.10863 14.4966
    endloop
  endfacet
  facet normal -0.789264 0.382742 0.480178
    outer loop
      vertex -1.38272 1.60092 14
      vertex -1.49148 1.63245 13.7961
      vertex -1.44565 1.47115 14
    endloop
  endfacet
  facet normal -0.727595 0.352836 0.588314
    outer loop
      vertex -1.38272 1.60092 14
      vertex -1.44565 1.47115 14
      vertex -1.2503 1.56252 14.1868
    endloop
  endfacet
  facet normal -0.56596 0.274449 0.777411
    outer loop
      vertex -0.923903 1.46789 14.4966
      vertex -1.14638 1.41502 14.3533
      vertex -0.965951 1.38118 14.4966
    endloop
  endfacet
  facet normal -0.652948 0.316639 0.68804
    outer loop
      vertex -1.09648 1.51792 14.3533
      vertex -1.2503 1.56252 14.1868
      vertex -1.14638 1.41502 14.3533
    endloop
  endfacet
  facet normal -0.121284 -0.871042 0.476
    outer loop
      vertex -0.176642 0.260786 14.1868
      vertex -0.350263 0.284961 14.1868
      vertex -0.195351 0.16131 14
    endloop
  endfacet
  facet normal 0.0873779 -0.627568 0.773643
    outer loop
      vertex 0.258825 0.523833 14.4966
      vertex 0.103914 0.647484 14.6144
      vertex 0.130529 0.50597 14.4966
    endloop
  endfacet
  facet normal -0.526554 -0.659681 0.536249
    outer loop
      vertex -0.956935 0.530145 14.1868
      vertex -1.18737 0.562229 14
      vertex -1.05829 0.459198 14
    endloop
  endfacet
  facet normal -0.44712 -0.728347 0.519224
    outer loop
      vertex -0.823843 0.448442 14.1868
      vertex -0.956935 0.530145 14.1868
      vertex -0.911099 0.368841 14
    endloop
  endfacet
  facet normal -0.36405 -0.593026 0.718184
    outer loop
      vertex -0.608777 0.644637 14.4966
      vertex -0.83921 0.612553 14.3533
      vertex -0.722491 0.540901 14.3533
    endloop
  endfacet
  facet normal -0.262785 -0.761242 0.592836
    outer loop
      vertex -0.59341 0.480527 14.3533
      vertex -0.676656 0.379598 14.1868
      vertex -0.454177 0.432463 14.3533
    endloop
  endfacet
  facet normal -0.128111 -0.0364091 0.991091
    outer loop
      vertex -0.116718 1.18924 14.7961
      vertex -0.348158 1.16791 14.7654
      vertex -0.113714 1.17867 14.7961
    endloop
  endfacet
  facet normal -0.360184 -0.174685 0.91638
    outer loop
      vertex -0.558875 1.09517 14.7045
      vertex -0.735518 0.986736 14.6144
      vertex -0.534548 1.04501 14.7045
    endloop
  endfacet
  facet normal -0.253858 -0.072156 0.964546
    outer loop
      vertex -0.348158 1.16791 14.7654
      vertex -0.558875 1.09517 14.7045
      vertex -0.339196 1.13638 14.7654
    endloop
  endfacet
  facet normal -0.230883 -0.162649 0.959291
    outer loop
      vertex -0.304115 1.07709 14.7654
      vertex -0.534548 1.04501 14.7045
      vertex -0.501074 0.997493 14.7045
    endloop
  endfacet
  facet normal -0.16761 -0.273038 0.947289
    outer loop
      vertex -0.248309 1.02618 14.7654
      vertex -0.409125 0.913611 14.7045
      vertex -0.213774 1.00498 14.7654
    endloop
  endfacet
  facet normal -0.108376 -0.103373 0.988721
    outer loop
      vertex -0.101953 1.1588 14.7961
      vertex -0.278596 1.05036 14.7654
      vertex -0.0933971 1.14983 14.7961
    endloop
  endfacet
  facet normal -0.0416139 -0.175388 0.98362
    outer loop
      vertex -0.0450516 1.12386 14.7961
      vertex -0.0908871 0.962562 14.7654
      vertex -0.0304689 1.1204 14.7961
    endloop
  endfacet
  facet normal 0.140636 -0.300681 0.943299
    outer loop
      vertex 0.352223 0.87868 14.7045
      vertex 0.213774 1.00498 14.7654
      vertex 0.289295 0.849247 14.7045
    endloop
  endfacet
  facet normal 0.0808198 -0.340105 0.936908
    outer loop
      vertex 0.134383 0.972898 14.7654
      vertex 0.0908871 0.962562 14.7654
      vertex 0.221416 0.825815 14.7045
    endloop
  endfacet
  facet normal 0.041686 0.175355 0.983622
    outer loop
      vertex 0.0908871 1.43744 14.7654
      vertex 0.0450516 1.27613 14.7961
      vertex 0.134383 1.4271 14.7654
    endloop
  endfacet
  facet normal 0.11699 0.082412 0.989708
    outer loop
      vertex 0.304115 1.32291 14.7654
      vertex 0.108764 1.23154 14.7961
      vertex 0.324431 1.29407 14.7654
    endloop
  endfacet
  facet normal 0.0857399 0.139615 0.986487
    outer loop
      vertex 0.248309 1.37382 14.7654
      vertex 0.0716667 1.26538 14.7961
      vertex 0.0832443 1.25827 14.7961
    endloop
  endfacet
  facet normal 0.438309 -0.308783 0.84412
    outer loop
      vertex 0.735518 0.986736 14.6144
      vertex 0.68946 0.921358 14.6144
      vertex 0.866048 0.84999 14.4966
    endloop
  endfacet
  facet normal 0.499689 -0.0468134 0.864939
    outer loop
      vertex 1.00003 1.2 14.4966
      vertex 0.789309 1.12726 14.6144
      vertex 0.99147 1.10863 14.4966
    endloop
  endfacet
  facet normal 0.0978699 -0.122588 0.98762
    outer loop
      vertex 0.278596 1.05036 14.7654
      vertex 0.0832443 1.14173 14.7961
      vertex 0.248309 1.02618 14.7654
    endloop
  endfacet
  facet normal 0.311492 -0.297333 0.902533
    outer loop
      vertex 0.68946 0.921358 14.6144
      vertex 0.459026 0.953443 14.7045
      vertex 0.631603 0.860746 14.6144
    endloop
  endfacet
  facet normal -0.300307 0.86993 0.3912
    outer loop
      vertex -0.617792 2.24404 13.7961
      vertex -0.807185 2.17866 13.7961
      vertex -0.572741 2.1679 14
    endloop
  endfacet
  facet normal -0.31212 0.90415 0.291707
    outer loop
      vertex -0.617792 2.24404 13.7961
      vertex -0.852237 2.23328 13.5786
      vertex -0.807185 2.17866 13.7961
    endloop
  endfacet
  facet normal -0.0404134 0.880235 0.472815
    outer loop
      vertex 0 2.14732 14.1868
      vertex -0.195351 2.23869 14
      vertex -0.176642 2.13921 14.1868
    endloop
  endfacet
  facet normal -0.121258 0.871038 0.476014
    outer loop
      vertex -0.195351 2.23869 14
      vertex -0.350263 2.11504 14.1868
      vertex -0.176642 2.13921 14.1868
    endloop
  endfacet
  facet normal 0.0404134 0.880235 0.472815
    outer loop
      vertex 0.195351 2.23869 14
      vertex 0 2.14732 14.1868
      vertex 0.176642 2.13921 14.1868
    endloop
  endfacet
  facet normal 0.127745 0.917285 0.377186
    outer loop
      vertex 0.41783 2.29155 13.7961
      vertex 0.195351 2.23869 14
      vertex 0.38736 2.21195 14
    endloop
  endfacet
  facet normal -0.213573 0.898806 0.382798
    outer loop
      vertex -0.41783 2.29155 13.7961
      vertex -0.572741 2.1679 14
      vertex -0.38736 2.21195 14
    endloop
  endfacet
  facet normal -0.20251 0.852247 0.482354
    outer loop
      vertex -0.38736 2.21195 14
      vertex -0.572741 2.1679 14
      vertex -0.350263 2.11504 14.1868
    endloop
  endfacet
  facet normal -0.262796 0.761234 0.592841
    outer loop
      vertex -0.517889 2.07521 14.1868
      vertex -0.676656 2.0204 14.1868
      vertex -0.59341 1.91947 14.3533
    endloop
  endfacet
  facet normal -0.337143 0.720868 0.605544
    outer loop
      vertex -0.676656 2.0204 14.1868
      vertex -0.722491 1.8591 14.3533
      vertex -0.59341 1.91947 14.3533
    endloop
  endfacet
  facet normal 0.123622 0.0599343 0.990518
    outer loop
      vertex 0.324431 1.29407 14.7654
      vertex 0.108764 1.23154 14.7961
      vertex 0.113714 1.22133 14.7961
    endloop
  endfacet
  facet normal 0.48899 -0.138948 0.861152
    outer loop
      vertex 0.789309 1.12726 14.6144
      vertex 0.768992 1.05576 14.6144
      vertex 0.965951 1.01882 14.4966
    endloop
  endfacet
  facet normal 0.111534 -0.323113 0.939765
    outer loop
      vertex 0.175581 0.987119 14.7654
      vertex 0.134383 0.972898 14.7654
      vertex 0.221416 0.825815 14.7045
    endloop
  endfacet
  facet normal 0.256177 -0.547728 0.796472
    outer loop
      vertex 0.484647 0.757876 14.6144
      vertex 0.398059 0.717378 14.6144
      vertex 0.500012 0.593765 14.4966
    endloop
  endfacet
  facet normal 0.279106 -0.34966 0.894336
    outer loop
      vertex 0.459026 0.953443 14.7045
      vertex 0.409125 0.913611 14.7045
      vertex 0.631603 0.860746 14.6144
    endloop
  endfacet
  facet normal 0.279103 -0.349667 0.894334
    outer loop
      vertex 0.631603 0.860746 14.6144
      vertex 0.409125 0.913611 14.7045
      vertex 0.562942 0.805941 14.6144
    endloop
  endfacet
  facet normal 0.364049 -0.593028 0.718183
    outer loop
      vertex 0.707125 0.705011 14.4966
      vertex 0.608777 0.644637 14.4966
      vertex 0.83921 0.612553 14.3533
    endloop
  endfacet
  facet normal 0.42399 -0.531189 0.733533
    outer loop
      vertex 0.941569 0.694255 14.3533
      vertex 0.707125 0.705011 14.4966
      vertex 0.83921 0.612553 14.3533
    endloop
  endfacet
  facet normal 0.0084597 0.184645 0.982769
    outer loop
      vertex 0 1.44581 14.7654
      vertex 0 1.28241 14.7961
      vertex 0.0458355 1.44371 14.7654
    endloop
  endfacet
  facet normal 0.0163671 0.35724 0.933869
    outer loop
      vertex 0 1.60501 14.7045
      vertex 0 1.44581 14.7654
      vertex 0.0755205 1.60155 14.7045
    endloop
  endfacet
  facet normal -0.0721614 0.15425 0.985393
    outer loop
      vertex -0.0588627 1.27137 14.7961
      vertex -0.213774 1.39502 14.7654
      vertex -0.0716667 1.26538 14.7961
    endloop
  endfacet
  facet normal -0.0857225 0.139643 0.986484
    outer loop
      vertex -0.213774 1.39502 14.7654
      vertex -0.248309 1.37382 14.7654
      vertex -0.0716667 1.26538 14.7961
    endloop
  endfacet
  facet normal -0.230884 0.162643 0.959291
    outer loop
      vertex -0.304115 1.32291 14.7654
      vertex -0.534548 1.35499 14.7045
      vertex -0.324431 1.29407 14.7654
    endloop
  endfacet
  facet normal -0.11699 0.082412 0.989708
    outer loop
      vertex -0.304115 1.32291 14.7654
      vertex -0.324431 1.29407 14.7654
      vertex -0.108764 1.23154 14.7961
    endloop
  endfacet
  facet normal -0.360187 0.174687 0.916379
    outer loop
      vertex -0.735518 1.41326 14.6144
      vertex -0.768992 1.34424 14.6144
      vertex -0.534548 1.35499 14.7045
    endloop
  endfacet
  facet normal -0.360188 0.174652 0.916385
    outer loop
      vertex -0.534548 1.35499 14.7045
      vertex -0.768992 1.34424 14.6144
      vertex -0.558875 1.30482 14.7045
    endloop
  endfacet
  facet normal -0.0163671 0.35724 0.933869
    outer loop
      vertex 0 1.60501 14.7045
      vertex -0.0755205 1.60155 14.7045
      vertex 0 1.44581 14.7654
    endloop
  endfacet
  facet normal -0.115552 0.486328 0.866102
    outer loop
      vertex -0.206051 1.73829 14.6144
      vertex -0.304662 1.71486 14.6144
      vertex -0.221416 1.57418 14.7045
    endloop
  endfacet
  facet normal -0.144955 0.610081 0.778967
    outer loop
      vertex -0.206051 1.73829 14.6144
      vertex -0.382693 1.84673 14.4966
      vertex -0.304662 1.71486 14.6144
    endloop
  endfacet
  facet normal -0.159999 0.463506 0.871529
    outer loop
      vertex -0.304662 1.71486 14.6144
      vertex -0.398059 1.68262 14.6144
      vertex -0.289295 1.55075 14.7045
    endloop
  endfacet
  facet normal -0.308353 0.502341 0.807819
    outer loop
      vertex -0.484647 1.64212 14.6144
      vertex -0.608777 1.75536 14.4966
      vertex -0.562942 1.59406 14.6144
    endloop
  endfacet
  facet normal -0.15999 0.463508 0.87153
    outer loop
      vertex -0.221416 1.57418 14.7045
      vertex -0.304662 1.71486 14.6144
      vertex -0.289295 1.55075 14.7045
    endloop
  endfacet
  facet normal -0.140616 0.300702 0.943295
    outer loop
      vertex -0.175581 1.41288 14.7654
      vertex -0.352223 1.52132 14.7045
      vertex -0.213774 1.39502 14.7654
    endloop
  endfacet
  facet normal 0.0417237 0.175344 0.983623
    outer loop
      vertex 0.0908871 1.43744 14.7654
      vertex 0.0304689 1.2796 14.7961
      vertex 0.0450516 1.27613 14.7961
    endloop
  endfacet
  facet normal 0.0808516 0.340107 0.936904
    outer loop
      vertex 0.14975 1.59121 14.7045
      vertex 0.0908871 1.43744 14.7654
      vertex 0.134383 1.4271 14.7654
    endloop
  endfacet
  facet normal -0.0291971 0.636239 0.77094
    outer loop
      vertex 0 1.90002 14.4966
      vertex -0.130529 1.89403 14.4966
      vertex 0 1.75728 14.6144
    endloop
  endfacet
  facet normal -0.187819 0.790447 0.583025
    outer loop
      vertex -0.307172 2.00247 14.3533
      vertex -0.517889 2.07521 14.1868
      vertex -0.454177 1.96754 14.3533
    endloop
  endfacet
  facet normal -0.364032 0.593039 0.718182
    outer loop
      vertex -0.608777 1.75536 14.4966
      vertex -0.83921 1.78745 14.3533
      vertex -0.707125 1.69499 14.4966
    endloop
  endfacet
  facet normal -0.42401 0.531161 0.733542
    outer loop
      vertex -0.83921 1.78745 14.3533
      vertex -0.941569 1.70574 14.3533
      vertex -0.793374 1.62614 14.4966
    endloop
  endfacet
  facet normal -0.201442 0.583562 0.786687
    outer loop
      vertex -0.304662 1.71486 14.6144
      vertex -0.500012 1.80623 14.4966
      vertex -0.398059 1.68262 14.6144
    endloop
  endfacet
  facet normal -0.20145 0.583552 0.786692
    outer loop
      vertex -0.382693 1.84673 14.4966
      vertex -0.500012 1.80623 14.4966
      vertex -0.304662 1.71486 14.6144
    endloop
  endfacet
  facet normal -0.480527 0.602025 0.637699
    outer loop
      vertex -0.956935 1.86985 14.1868
      vertex -1.07365 1.77669 14.1868
      vertex -0.83921 1.78745 14.3533
    endloop
  endfacet
  facet normal -0.480544 0.601983 0.637726
    outer loop
      vertex -0.83921 1.78745 14.3533
      vertex -1.07365 1.77669 14.1868
      vertex -0.941569 1.70574 14.3533
    endloop
  endfacet
  facet normal -0.400742 0.38255 0.832503
    outer loop
      vertex -0.793374 1.62614 14.4966
      vertex -0.866048 1.55001 14.4966
      vertex -0.68946 1.47864 14.6144
    endloop
  endfacet
  facet normal -0.400748 0.382545 0.832502
    outer loop
      vertex -0.631603 1.53925 14.6144
      vertex -0.793374 1.62614 14.4966
      vertex -0.68946 1.47864 14.6144
    endloop
  endfacet
  facet normal -0.338808 0.238679 0.910078
    outer loop
      vertex -0.68946 1.47864 14.6144
      vertex -0.735518 1.41326 14.6144
      vertex -0.534548 1.35499 14.7045
    endloop
  endfacet
  facet normal -0.438304 0.308771 0.844127
    outer loop
      vertex -0.68946 1.47864 14.6144
      vertex -0.923903 1.46789 14.4966
      vertex -0.735518 1.41326 14.6144
    endloop
  endfacet
  facet normal 0.15999 0.463508 0.87153
    outer loop
      vertex 0.304662 1.71486 14.6144
      vertex 0.221416 1.57418 14.7045
      vertex 0.289295 1.55075 14.7045
    endloop
  endfacet
  facet normal 0.159999 0.463506 0.871529
    outer loop
      vertex 0.304662 1.71486 14.6144
      vertex 0.289295 1.55075 14.7045
      vertex 0.398059 1.68262 14.6144
    endloop
  endfacet
  facet normal 0.312123 0.904148 0.291711
    outer loop
      vertex 0.652273 2.30231 13.5786
      vertex 0.617792 2.24404 13.7961
      vertex 0.852237 2.23328 13.5786
    endloop
  endfacet
  facet normal 0.31212 0.90415 0.291707
    outer loop
      vertex 0.852237 2.23328 13.5786
      vertex 0.617792 2.24404 13.7961
      vertex 0.807185 2.17866 13.7961
    endloop
  endfacet
  facet normal -0.562803 0.705162 0.431277
    outer loop
      vertex -1.14153 1.99907 13.7961
      vertex -1.28077 1.88794 13.7961
      vertex -1.05829 1.9408 14
    endloop
  endfacet
  facet normal -0.447123 0.728336 0.519238
    outer loop
      vertex -0.911099 2.03116 14
      vertex -1.05829 1.9408 14
      vertex -0.956935 1.86985 14.1868
    endloop
  endfacet
  facet normal -0.526548 0.65968 0.536254
    outer loop
      vertex -1.05829 1.9408 14
      vertex -1.18737 1.83777 14
      vertex -1.07365 1.77669 14.1868
    endloop
  endfacet
  facet normal -0.387872 0.829309 0.402245
    outer loop
      vertex -0.807185 2.17866 13.7961
      vertex -0.982766 2.09654 13.7961
      vertex -0.911099 2.03116 14
    endloop
  endfacet
  facet normal -0.652953 -0.31663 0.688039
    outer loop
      vertex -1.14638 0.984979 14.3533
      vertex -1.3072 0.954816 14.1868
      vertex -1.2503 0.837477 14.1868
    endloop
  endfacet
  facet normal -0.727595 -0.352825 0.588319
    outer loop
      vertex -1.3072 0.954816 14.1868
      vertex -1.44565 0.928847 14
      vertex -1.2503 0.837477 14.1868
    endloop
  endfacet
  facet normal -0.705594 -0.0660799 0.705528
    outer loop
      vertex -1.17667 1.09156 14.3533
      vertex -1.35331 1.2 14.1868
      vertex -1.34173 1.07635 14.1868
    endloop
  endfacet
  facet normal -0.593422 -0.168649 0.787025
    outer loop
      vertex -0.99147 1.10863 14.4966
      vertex -1.17667 1.09156 14.3533
      vertex -1.14638 0.984979 14.3533
    endloop
  endfacet
  facet normal -0.687501 0.195388 0.699404
    outer loop
      vertex -1.14638 1.41502 14.3533
      vertex -1.34173 1.32365 14.1868
      vertex -1.17667 1.30844 14.3533
    endloop
  endfacet
  facet normal -0.705594 0.0660799 0.705528
    outer loop
      vertex -1.34173 1.32365 14.1868
      vertex -1.35331 1.2 14.1868
      vertex -1.17667 1.30844 14.3533
    endloop
  endfacet
  facet normal -0.898102 -0.117723 0.423739
    outer loop
      vertex -1.60056 1.0525 13.7961
      vertex -7.5 0 1
      vertex -7.43584 -0.489472 1
    endloop
  endfacet
  facet normal -0.870021 -0.247237 0.42654
    outer loop
      vertex -1.60056 1.0525 13.7961
      vertex -7.43584 -0.489472 1
      vertex -1.55936 0.907518 13.7961
    endloop
  endfacet
  facet normal -0.791189 -0.0740564 0.607072
    outer loop
      vertex -1.35331 1.2 14.1868
      vertex -1.49664 1.2 14
      vertex -1.48384 1.06325 14
    endloop
  endfacet
  facet normal -0.769187 -0.21854 0.600493
    outer loop
      vertex -1.34173 1.07635 14.1868
      vertex -1.48384 1.06325 14
      vertex -1.3072 0.954816 14.1868
    endloop
  endfacet
  facet normal -0.201441 -0.583556 0.786691
    outer loop
      vertex -0.304662 0.685137 14.6144
      vertex -0.500012 0.593765 14.4966
      vertex -0.382693 0.553267 14.4966
    endloop
  endfacet
  facet normal -0.0416737 -0.175371 0.98362
    outer loop
      vertex -0.0450516 1.12386 14.7961
      vertex -0.134383 0.972898 14.7654
      vertex -0.0908871 0.962562 14.7654
    endloop
  endfacet
  facet normal -0.382426 0.0358031 0.923292
    outer loop
      vertex -0.789309 1.27274 14.6144
      vertex -0.796119 1.2 14.6144
      vertex -0.57859 1.2 14.7045
    endloop
  endfacet
  facet normal -0.499681 -0.0467807 0.864945
    outer loop
      vertex -0.796119 1.2 14.6144
      vertex -1.00003 1.2 14.4966
      vertex -0.789309 1.12726 14.6144
    endloop
  endfacet
  facet normal -0.258588 -0.0242056 0.965684
    outer loop
      vertex -0.351162 1.2 14.7654
      vertex -0.57859 1.2 14.7045
      vertex -0.573641 1.14713 14.7045
    endloop
  endfacet
  facet normal -0.258587 0.0242143 0.965684
    outer loop
      vertex -0.348158 1.23208 14.7654
      vertex -0.573641 1.25286 14.7045
      vertex -0.351162 1.2 14.7654
    endloop
  endfacet
  facet normal -0.374914 0.106533 0.920918
    outer loop
      vertex -0.768992 1.34424 14.6144
      vertex -0.789309 1.27274 14.6144
      vertex -0.573641 1.25286 14.7045
    endloop
  endfacet
  facet normal -0.48899 0.138948 0.861152
    outer loop
      vertex -0.768992 1.34424 14.6144
      vertex -0.965951 1.38118 14.4966
      vertex -0.789309 1.27274 14.6144
    endloop
  endfacet
  facet normal -0.607697 0.0569321 0.792126
    outer loop
      vertex -0.99147 1.29137 14.4966
      vertex -1.18682 1.2 14.3533
      vertex -1.00003 1.2 14.4966
    endloop
  endfacet
  facet normal -0.607697 -0.0569321 0.792126
    outer loop
      vertex -1.00003 1.2 14.4966
      vertex -1.18682 1.2 14.3533
      vertex -0.99147 1.10863 14.4966
    endloop
  endfacet
  facet normal -0.837478 0.237971 0.491935
    outer loop
      vertex -1.44565 1.47115 14
      vertex -1.55936 1.49248 13.7961
      vertex -1.48384 1.33675 14
    endloop
  endfacet
  facet normal -0.769188 0.218566 0.600483
    outer loop
      vertex -1.44565 1.47115 14
      vertex -1.48384 1.33675 14
      vertex -1.3072 1.44518 14.1868
    endloop
  endfacet
  facet normal -0.527073 0.371332 0.764399
    outer loop
      vertex -0.866048 1.55001 14.4966
      vertex -1.09648 1.51792 14.3533
      vertex -0.923903 1.46789 14.4966
    endloop
  endfacet
  facet normal -0.527078 0.371285 0.764418
    outer loop
      vertex -1.02782 1.61539 14.3533
      vertex -1.09648 1.51792 14.3533
      vertex -0.866048 1.55001 14.4966
    endloop
  endfacet
  facet normal 0.0233647 -0.509105 0.860387
    outer loop
      vertex 0.0755205 0.79845 14.7045
      vertex 0 0.642715 14.6144
      vertex 0.103914 0.647484 14.6144
    endloop
  endfacet
  facet normal 0.0291999 -0.636251 0.77093
    outer loop
      vertex 0.103914 0.647484 14.6144
      vertex 0 0.642715 14.6144
      vertex 0.130529 0.50597 14.4966
    endloop
  endfacet
  facet normal -0.256177 -0.547728 0.796472
    outer loop
      vertex -0.484647 0.757876 14.6144
      vertex -0.500012 0.593765 14.4966
      vertex -0.398059 0.717378 14.6144
    endloop
  endfacet
  facet normal -0.202548 -0.43305 0.878318
    outer loop
      vertex -0.352223 0.87868 14.7045
      vertex -0.484647 0.757876 14.6144
      vertex -0.289295 0.849247 14.7045
    endloop
  endfacet
  facet normal 0.040384 -0.880245 0.472799
    outer loop
      vertex 0.176642 0.260786 14.1868
      vertex 0 0.252682 14.1868
      vertex 0.195351 0.16131 14
    endloop
  endfacet
  facet normal 0.029193 -0.636255 0.770927
    outer loop
      vertex 0 0.642715 14.6144
      vertex 0 0.499981 14.4966
      vertex 0.130529 0.50597 14.4966
    endloop
  endfacet
  facet normal -0.546256 -0.521438 0.65552
    outer loop
      vertex -0.941569 0.694255 14.3533
      vertex -1.172 0.72634 14.1868
      vertex -1.07365 0.623309 14.1868
    endloop
  endfacet
  facet normal -0.475814 -0.775078 0.415759
    outer loop
      vertex -0.911099 0.368841 14
      vertex -1.14153 0.400927 13.7961
      vertex -0.982766 0.303463 13.7961
    endloop
  endfacet
  facet normal -0.602034 -0.574644 0.554382
    outer loop
      vertex -1.172 0.72634 14.1868
      vertex -1.29613 0.676173 14
      vertex -1.18737 0.562229 14
    endloop
  endfacet
  facet normal -0.64668 -0.617259 0.448104
    outer loop
      vertex -1.29613 0.676173 14
      vertex -1.39809 0.63497 13.7961
      vertex -1.18737 0.562229 14
    endloop
  endfacet
  facet normal 0.0375591 -0.818672 0.573031
    outer loop
      vertex 0 0.369224 14.3533
      vertex 0 0.252682 14.1868
      vertex 0.176642 0.260786 14.1868
    endloop
  endfacet
  facet normal -0.365871 -0.782234 0.504231
    outer loop
      vertex -0.676656 0.379598 14.1868
      vertex -0.911099 0.368841 14
      vertex -0.748322 0.292706 14
    endloop
  endfacet
  facet normal -0.258588 -0.0242069 0.965684
    outer loop
      vertex -0.351162 1.2 14.7654
      vertex -0.573641 1.14713 14.7045
      vertex -0.348158 1.16791 14.7654
    endloop
  endfacet
  facet normal -0.130381 -0.0122052 0.991389
    outer loop
      vertex -0.116718 1.18924 14.7961
      vertex -0.351162 1.2 14.7654
      vertex -0.348158 1.16791 14.7654
    endloop
  endfacet
  facet normal -0.338805 -0.238676 0.91008
    outer loop
      vertex -0.534548 1.04501 14.7045
      vertex -0.735518 0.986736 14.6144
      vertex -0.501074 0.997493 14.7045
    endloop
  endfacet
  facet normal -0.478993 -0.457227 0.749339
    outer loop
      vertex -0.866048 0.84999 14.4966
      vertex -1.02782 0.784612 14.3533
      vertex -0.941569 0.694255 14.3533
    endloop
  endfacet
  facet normal -0.116987 -0.0824101 0.989708
    outer loop
      vertex -0.101953 1.1588 14.7961
      vertex -0.324431 1.10593 14.7654
      vertex -0.304115 1.07709 14.7654
    endloop
  endfacet
  facet normal -0.12811 -0.0364137 0.991091
    outer loop
      vertex -0.113714 1.17867 14.7961
      vertex -0.348158 1.16791 14.7654
      vertex -0.339196 1.13638 14.7654
    endloop
  endfacet
  facet normal -0.10834 -0.103432 0.988719
    outer loop
      vertex -0.101953 1.1588 14.7961
      vertex -0.304115 1.07709 14.7654
      vertex -0.278596 1.05036 14.7654
    endloop
  endfacet
  facet normal -0.2132 -0.203541 0.955571
    outer loop
      vertex -0.304115 1.07709 14.7654
      vertex -0.459026 0.953443 14.7045
      vertex -0.278596 1.05036 14.7654
    endloop
  endfacet
  facet normal -0.0808198 -0.340105 0.936908
    outer loop
      vertex -0.134383 0.972898 14.7654
      vertex -0.221416 0.825815 14.7045
      vertex -0.0908871 0.962562 14.7654
    endloop
  endfacet
  facet normal -0.00847128 -0.184634 0.982771
    outer loop
      vertex -0.0153656 1.1183 14.7961
      vertex -0.0458355 0.956288 14.7654
      vertex 0 0.954185 14.7654
    endloop
  endfacet
  facet normal 0.0252411 -0.181535 0.98306
    outer loop
      vertex 0.0304689 1.1204 14.7961
      vertex 0.0153656 1.1183 14.7961
      vertex 0.0458355 0.956288 14.7654
    endloop
  endfacet
  facet normal 0.16761 -0.273038 0.947289
    outer loop
      vertex 0.248309 1.02618 14.7654
      vertex 0.213774 1.00498 14.7654
      vertex 0.409125 0.913611 14.7045
    endloop
  endfacet
  facet normal 0.2132 -0.203541 0.955571
    outer loop
      vertex 0.304115 1.07709 14.7654
      vertex 0.278596 1.05036 14.7654
      vertex 0.459026 0.953443 14.7045
    endloop
  endfacet
  facet normal 0.0978444 0.122641 0.987616
    outer loop
      vertex 0.278596 1.34964 14.7654
      vertex 0.0832443 1.25827 14.7961
      vertex 0.0933971 1.25017 14.7961
    endloop
  endfacet
  facet normal 0.213209 0.203519 0.955574
    outer loop
      vertex 0.459026 1.44656 14.7045
      vertex 0.278596 1.34964 14.7654
      vertex 0.501074 1.40251 14.7045
    endloop
  endfacet
  facet normal -0.213552 0.898804 0.382814
    outer loop
      vertex -0.41783 2.29155 13.7961
      vertex -0.617792 2.24404 13.7961
      vertex -0.572741 2.1679 14
    endloop
  endfacet
  facet normal -0.221575 0.932575 0.284971
    outer loop
      vertex -0.41783 2.29155 13.7961
      vertex -0.652273 2.30231 13.5786
      vertex -0.617792 2.24404 13.7961
    endloop
  endfacet
  facet normal 0.121306 0.871049 0.475982
    outer loop
      vertex 0.38736 2.21195 14
      vertex 0.195351 2.23869 14
      vertex 0.350263 2.11504 14.1868
    endloop
  endfacet
  facet normal 0.20251 0.852247 0.482354
    outer loop
      vertex 0.38736 2.21195 14
      vertex 0.350263 2.11504 14.1868
      vertex 0.572741 2.1679 14
    endloop
  endfacet
  facet normal 0.132381 0.950688 0.280476
    outer loop
      vertex 0.222478 2.38292 13.5786
      vertex 0.210717 2.32039 13.7961
      vertex 0.41783 2.29155 13.7961
    endloop
  endfacet
  facet normal -0.0403738 0.880254 0.472783
    outer loop
      vertex 0 2.24765 14
      vertex -0.195351 2.23869 14
      vertex 0 2.14732 14.1868
    endloop
  endfacet
  facet normal -0.235441 0.682017 0.692402
    outer loop
      vertex -0.382693 1.84673 14.4966
      vertex -0.59341 1.91947 14.3533
      vertex -0.500012 1.80623 14.4966
    endloop
  endfacet
  facet normal -0.144991 0.610045 0.778988
    outer loop
      vertex -0.258825 1.87617 14.4966
      vertex -0.382693 1.84673 14.4966
      vertex -0.206051 1.73829 14.6144
    endloop
  endfacet
  facet normal 0.360189 -0.174678 0.91638
    outer loop
      vertex 0.768992 1.05576 14.6144
      vertex 0.558875 1.09517 14.7045
      vertex 0.735518 0.986736 14.6144
    endloop
  endfacet
  facet normal 0.468173 -0.22704 0.853971
    outer loop
      vertex 0.965951 1.01882 14.4966
      vertex 0.768992 1.05576 14.6144
      vertex 0.923903 0.932114 14.4966
    endloop
  endfacet
  facet normal 0.593438 -0.168622 0.787018
    outer loop
      vertex 0.99147 1.10863 14.4966
      vertex 0.965951 1.01882 14.4966
      vertex 1.14638 0.984979 14.3533
    endloop
  endfacet
  facet normal 0.488992 -0.138944 0.861151
    outer loop
      vertex 0.99147 1.10863 14.4966
      vertex 0.789309 1.12726 14.6144
      vertex 0.965951 1.01882 14.4966
    endloop
  endfacet
  facet normal 0.382426 -0.0358031 0.923292
    outer loop
      vertex 0.796119 1.2 14.6144
      vertex 0.57859 1.2 14.7045
      vertex 0.789309 1.12726 14.6144
    endloop
  endfacet
  facet normal 0.499681 -0.0467807 0.864945
    outer loop
      vertex 0.796119 1.2 14.6144
      vertex 0.789309 1.12726 14.6144
      vertex 1.00003 1.2 14.4966
    endloop
  endfacet
  facet normal 0.382427 -0.0357978 0.923292
    outer loop
      vertex 0.57859 1.2 14.7045
      vertex 0.573641 1.14713 14.7045
      vertex 0.789309 1.12726 14.6144
    endloop
  endfacet
  facet normal 0.130381 -0.0122052 0.991389
    outer loop
      vertex 0.351162 1.2 14.7654
      vertex 0.116718 1.18924 14.7961
      vertex 0.348158 1.16791 14.7654
    endloop
  endfacet
  facet normal 0.167611 -0.273035 0.94729
    outer loop
      vertex 0.409125 0.913611 14.7045
      vertex 0.213774 1.00498 14.7654
      vertex 0.352223 0.87868 14.7045
    endloop
  endfacet
  facet normal 0.202548 -0.43305 0.878318
    outer loop
      vertex 0.352223 0.87868 14.7045
      vertex 0.289295 0.849247 14.7045
      vertex 0.484647 0.757876 14.6144
    endloop
  endfacet
  facet normal -0.0573791 0.166238 0.984415
    outer loop
      vertex -0.134383 1.4271 14.7654
      vertex -0.175581 1.41288 14.7654
      vertex -0.0588627 1.27137 14.7961
    endloop
  endfacet
  facet normal -0.0857399 0.139615 0.986487
    outer loop
      vertex -0.0716667 1.26538 14.7961
      vertex -0.248309 1.37382 14.7654
      vertex -0.0832443 1.25827 14.7961
    endloop
  endfacet
  facet normal -0.253864 0.072143 0.964546
    outer loop
      vertex -0.558875 1.30482 14.7045
      vertex -0.573641 1.25286 14.7045
      vertex -0.339196 1.26362 14.7654
    endloop
  endfacet
  facet normal -0.253864 0.0721346 0.964546
    outer loop
      vertex -0.339196 1.26362 14.7654
      vertex -0.573641 1.25286 14.7045
      vertex -0.348158 1.23208 14.7654
    endloop
  endfacet
  facet normal -0.338816 0.238668 0.910078
    outer loop
      vertex -0.501074 1.40251 14.7045
      vertex -0.68946 1.47864 14.6144
      vertex -0.534548 1.35499 14.7045
    endloop
  endfacet
  facet normal -0.230884 0.162639 0.959292
    outer loop
      vertex -0.501074 1.40251 14.7045
      vertex -0.534548 1.35499 14.7045
      vertex -0.304115 1.32291 14.7654
    endloop
  endfacet
  facet normal -0.0698595 0.501512 0.862326
    outer loop
      vertex -0.0755205 1.60155 14.7045
      vertex -0.206051 1.73829 14.6144
      vertex -0.14975 1.59121 14.7045
    endloop
  endfacet
  facet normal -0.115566 0.486328 0.8661
    outer loop
      vertex -0.206051 1.73829 14.6144
      vertex -0.221416 1.57418 14.7045
      vertex -0.14975 1.59121 14.7045
    endloop
  endfacet
  facet normal -0.0489243 0.351534 0.934896
    outer loop
      vertex -0.0458355 1.44371 14.7654
      vertex -0.14975 1.59121 14.7045
      vertex -0.0908871 1.43744 14.7654
    endloop
  endfacet
  facet normal -0.0252649 0.181535 0.98306
    outer loop
      vertex -0.0458355 1.44371 14.7654
      vertex -0.0908871 1.43744 14.7654
      vertex -0.0304689 1.2796 14.7961
    endloop
  endfacet
  facet normal -0.140625 0.300688 0.943298
    outer loop
      vertex -0.289295 1.55075 14.7045
      vertex -0.352223 1.52132 14.7045
      vertex -0.175581 1.41288 14.7654
    endloop
  endfacet
  facet normal -0.111533 0.323121 0.939762
    outer loop
      vertex -0.221416 1.57418 14.7045
      vertex -0.289295 1.55075 14.7045
      vertex -0.175581 1.41288 14.7654
    endloop
  endfacet
  facet normal -0.0375874 0.818681 0.573017
    outer loop
      vertex 0 2.14732 14.1868
      vertex -0.176642 2.13921 14.1868
      vertex -0.154911 2.02367 14.3533
    endloop
  endfacet
  facet normal -0.112676 0.809386 0.576367
    outer loop
      vertex -0.176642 2.13921 14.1868
      vertex -0.350263 2.11504 14.1868
      vertex -0.154911 2.02367 14.3533
    endloop
  endfacet
  facet normal 0.0291456 0.636268 0.770917
    outer loop
      vertex 0.130529 1.89403 14.4966
      vertex 0 1.75728 14.6144
      vertex 0.103914 1.75252 14.6144
    endloop
  endfacet
  facet normal 0.0698595 0.501512 0.862326
    outer loop
      vertex 0.206051 1.73829 14.6144
      vertex 0.0755205 1.60155 14.7045
      vertex 0.14975 1.59121 14.7045
    endloop
  endfacet
  facet normal -0.191962 0.2405 0.951478
    outer loop
      vertex -0.409125 1.48639 14.7045
      vertex -0.459026 1.44656 14.7045
      vertex -0.278596 1.34964 14.7654
    endloop
  endfacet
  facet normal -0.167608 0.273038 0.94729
    outer loop
      vertex -0.352223 1.52132 14.7045
      vertex -0.409125 1.48639 14.7045
      vertex -0.248309 1.37382 14.7654
    endloop
  endfacet
  facet normal -0.25619 0.547728 0.796468
    outer loop
      vertex -0.398059 1.68262 14.6144
      vertex -0.500012 1.80623 14.4966
      vertex -0.484647 1.64212 14.6144
    endloop
  endfacet
  facet normal -0.256177 0.54773 0.79647
    outer loop
      vertex -0.500012 1.80623 14.4966
      vertex -0.608777 1.75536 14.4966
      vertex -0.484647 1.64212 14.6144
    endloop
  endfacet
  facet normal -0.356989 0.447204 0.820102
    outer loop
      vertex -0.707125 1.69499 14.4966
      vertex -0.793374 1.62614 14.4966
      vertex -0.562942 1.59406 14.6144
    endloop
  endfacet
  facet normal -0.308357 0.50234 0.807818
    outer loop
      vertex -0.608777 1.75536 14.4966
      vertex -0.707125 1.69499 14.4966
      vertex -0.562942 1.59406 14.6144
    endloop
  endfacet
  facet normal 0.144955 0.610081 0.778967
    outer loop
      vertex 0.382693 1.84673 14.4966
      vertex 0.206051 1.73829 14.6144
      vertex 0.304662 1.71486 14.6144
    endloop
  endfacet
  facet normal 0.144991 0.610045 0.778988
    outer loop
      vertex 0.258825 1.87617 14.4966
      vertex 0.206051 1.73829 14.6144
      vertex 0.382693 1.84673 14.4966
    endloop
  endfacet
  facet normal -0.365858 0.782242 0.504228
    outer loop
      vertex -0.676656 2.0204 14.1868
      vertex -0.911099 2.03116 14
      vertex -0.823843 1.95156 14.1868
    endloop
  endfacet
  facet normal -0.447148 0.728329 0.519226
    outer loop
      vertex -0.911099 2.03116 14
      vertex -0.956935 1.86985 14.1868
      vertex -0.823843 1.95156 14.1868
    endloop
  endfacet
  facet normal -0.40406 0.863921 0.300626
    outer loop
      vertex -0.807185 2.17866 13.7961
      vertex -1.03762 2.14657 13.5786
      vertex -0.982766 2.09654 13.7961
    endloop
  endfacet
  facet normal -0.497097 0.809799 0.311641
    outer loop
      vertex -1.03762 2.14657 13.5786
      vertex -1.20525 2.04367 13.5786
      vertex -0.982766 2.09654 13.7961
    endloop
  endfacet
  facet normal -0.646671 0.617271 0.4481
    outer loop
      vertex -1.28077 1.88794 13.7961
      vertex -1.29613 1.72383 14
      vertex -1.18737 1.83777 14
    endloop
  endfacet
  facet normal -0.602018 0.574648 0.554395
    outer loop
      vertex -1.18737 1.83777 14
      vertex -1.29613 1.72383 14
      vertex -1.07365 1.77669 14.1868
    endloop
  endfacet
  facet normal -0.863186 -0.0807955 0.49838
    outer loop
      vertex -1.49664 1.2 14
      vertex -1.60056 1.0525 13.7961
      vertex -1.48384 1.06325 14
    endloop
  endfacet
  facet normal -0.837468 -0.237986 0.491945
    outer loop
      vertex -1.48384 1.06325 14
      vertex -1.60056 1.0525 13.7961
      vertex -1.55936 0.907518 13.7961
    endloop
  endfacet
  facet normal -0.400753 -0.382536 0.832504
    outer loop
      vertex -0.68946 0.921358 14.6144
      vertex -0.866048 0.84999 14.4966
      vertex -0.793374 0.773855 14.4966
    endloop
  endfacet
  facet normal -0.30837 -0.502329 0.80782
    outer loop
      vertex -0.484647 0.757876 14.6144
      vertex -0.707125 0.705011 14.4966
      vertex -0.608777 0.644637 14.4966
    endloop
  endfacet
  facet normal -0.356973 -0.447224 0.820098
    outer loop
      vertex -0.631603 0.860746 14.6144
      vertex -0.793374 0.773855 14.4966
      vertex -0.562942 0.805941 14.6144
    endloop
  endfacet
  facet normal -0.546257 -0.521434 0.655522
    outer loop
      vertex -1.02782 0.784612 14.3533
      vertex -1.172 0.72634 14.1868
      vertex -0.941569 0.694255 14.3533
    endloop
  endfacet
  facet normal -0.387887 -0.829304 0.402242
    outer loop
      vertex -0.748322 0.292706 14
      vertex -0.911099 0.368841 14
      vertex -0.807185 0.221339 13.7961
    endloop
  endfacet
  facet normal -0.300305 -0.869939 0.391181
    outer loop
      vertex -0.748322 0.292706 14
      vertex -0.807185 0.221339 13.7961
      vertex -0.617792 0.15596 13.7961
    endloop
  endfacet
  facet normal 0.069829 -0.501521 0.862323
    outer loop
      vertex 0.206051 0.661705 14.6144
      vertex 0.0755205 0.79845 14.7045
      vertex 0.103914 0.647484 14.6144
    endloop
  endfacet
  facet normal 0.087379 -0.627567 0.773644
    outer loop
      vertex 0.206051 0.661705 14.6144
      vertex 0.103914 0.647484 14.6144
      vertex 0.258825 0.523833 14.4966
    endloop
  endfacet
  facet normal 0.0163861 -0.357242 0.933868
    outer loop
      vertex 0 0.954185 14.7654
      vertex 0 0.794986 14.7045
      vertex 0.0755205 0.79845 14.7045
    endloop
  endfacet
  facet normal -0.144968 -0.610074 0.77897
    outer loop
      vertex -0.206051 0.661705 14.6144
      vertex -0.382693 0.553267 14.4966
      vertex -0.258825 0.523833 14.4966
    endloop
  endfacet
  facet normal -0.0857225 -0.139643 0.986484
    outer loop
      vertex -0.0716667 1.13462 14.7961
      vertex -0.248309 1.02618 14.7654
      vertex -0.213774 1.00498 14.7654
    endloop
  endfacet
  facet normal -0.202544 -0.433056 0.878315
    outer loop
      vertex -0.289295 0.849247 14.7045
      vertex -0.484647 0.757876 14.6144
      vertex -0.398059 0.717378 14.6144
    endloop
  endfacet
  facet normal 0.0338737 -0.738271 0.673654
    outer loop
      vertex 0.130529 0.50597 14.4966
      vertex 0 0.499981 14.4966
      vertex 0.154911 0.376331 14.3533
    endloop
  endfacet
  facet normal 0.037559 -0.818672 0.573031
    outer loop
      vertex 0.154911 0.376331 14.3533
      vertex 0 0.369224 14.3533
      vertex 0.176642 0.260786 14.1868
    endloop
  endfacet
  facet normal -0.0375591 -0.818672 0.573031
    outer loop
      vertex 0 0.369224 14.3533
      vertex -0.176642 0.260786 14.1868
      vertex 0 0.252682 14.1868
    endloop
  endfacet
  facet normal -0.040384 -0.880245 0.472799
    outer loop
      vertex -0.176642 0.260786 14.1868
      vertex -0.195351 0.16131 14
      vertex 0 0.252682 14.1868
    endloop
  endfacet
  facet normal -0.475807 -0.775087 0.415749
    outer loop
      vertex -1.05829 0.459198 14
      vertex -1.14153 0.400927 13.7961
      vertex -0.911099 0.368841 14
    endloop
  endfacet
  facet normal -0.447116 -0.728348 0.519227
    outer loop
      vertex -0.956935 0.530145 14.1868
      vertex -1.05829 0.459198 14
      vertex -0.911099 0.368841 14
    endloop
  endfacet
  facet normal 0.0338704 -0.738272 0.673652
    outer loop
      vertex 0 0.499981 14.4966
      vertex 0 0.369224 14.3533
      vertex 0.154911 0.376331 14.3533
    endloop
  endfacet
  facet normal -0.300793 -0.6431 0.704235
    outer loop
      vertex -0.500012 0.593765 14.4966
      vertex -0.608777 0.644637 14.4966
      vertex -0.59341 0.480527 14.3533
    endloop
  endfacet
  facet normal -0.244542 -0.1186 0.962358
    outer loop
      vertex -0.324431 1.10593 14.7654
      vertex -0.558875 1.09517 14.7045
      vertex -0.534548 1.04501 14.7045
    endloop
  endfacet
  facet normal -0.123619 -0.0599422 0.990518
    outer loop
      vertex -0.113714 1.17867 14.7961
      vertex -0.339196 1.13638 14.7654
      vertex -0.324431 1.10593 14.7654
    endloop
  endfacet
  facet normal -0.116971 -0.0824734 0.989705
    outer loop
      vertex -0.108764 1.16846 14.7961
      vertex -0.324431 1.10593 14.7654
      vertex -0.101953 1.1588 14.7961
    endloop
  endfacet
  facet normal -0.0978699 -0.122588 0.98762
    outer loop
      vertex -0.0832443 1.14173 14.7961
      vertex -0.278596 1.05036 14.7654
      vertex -0.248309 1.02618 14.7654
    endloop
  endfacet
  facet normal -0.0857399 -0.139615 0.986487
    outer loop
      vertex -0.0832443 1.14173 14.7961
      vertex -0.248309 1.02618 14.7654
      vertex -0.0716667 1.13462 14.7961
    endloop
  endfacet
  facet normal -0.0574064 -0.166215 0.984417
    outer loop
      vertex -0.0588627 1.12863 14.7961
      vertex -0.175581 0.987119 14.7654
      vertex -0.0450516 1.12386 14.7961
    endloop
  endfacet
  facet normal -0.0252411 -0.181535 0.98306
    outer loop
      vertex -0.0304689 1.1204 14.7961
      vertex -0.0458355 0.956288 14.7654
      vertex -0.0153656 1.1183 14.7961
    endloop
  endfacet
  facet normal -0.115559 -0.486328 0.866101
    outer loop
      vertex -0.14975 0.808786 14.7045
      vertex -0.221416 0.825815 14.7045
      vertex -0.206051 0.661705 14.6144
    endloop
  endfacet
  facet normal -0.069829 -0.501521 0.862323
    outer loop
      vertex -0.0755205 0.79845 14.7045
      vertex -0.206051 0.661705 14.6144
      vertex -0.103914 0.647484 14.6144
    endloop
  endfacet
  facet normal -0.0252805 -0.181531 0.98306
    outer loop
      vertex -0.0304689 1.1204 14.7961
      vertex -0.0908871 0.962562 14.7654
      vertex -0.0458355 0.956288 14.7654
    endloop
  endfacet
  facet normal 0.0163907 -0.35724 0.933869
    outer loop
      vertex 0.0458355 0.956288 14.7654
      vertex 0 0.954185 14.7654
      vertex 0.0755205 0.79845 14.7045
    endloop
  endfacet
  facet normal 0.00847128 -0.184634 0.982771
    outer loop
      vertex 0.0153656 1.1183 14.7961
      vertex 0 0.954185 14.7654
      vertex 0.0458355 0.956288 14.7654
    endloop
  endfacet
  facet normal 0.0573828 -0.166237 0.984415
    outer loop
      vertex 0.175581 0.987119 14.7654
      vertex 0.0450516 1.12386 14.7961
      vertex 0.134383 0.972898 14.7654
    endloop
  endfacet
  facet normal 0.0416737 -0.175371 0.98362
    outer loop
      vertex 0.134383 0.972898 14.7654
      vertex 0.0450516 1.12386 14.7961
      vertex 0.0908871 0.962562 14.7654
    endloop
  endfacet
  facet normal 0.230883 -0.162649 0.959291
    outer loop
      vertex 0.534548 1.04501 14.7045
      vertex 0.304115 1.07709 14.7654
      vertex 0.501074 0.997493 14.7045
    endloop
  endfacet
  facet normal 0.244544 -0.118578 0.96236
    outer loop
      vertex 0.339196 1.13638 14.7654
      vertex 0.324431 1.10593 14.7654
      vertex 0.558875 1.09517 14.7045
    endloop
  endfacet
  facet normal 0.167609 0.273037 0.94729
    outer loop
      vertex 0.352223 1.52132 14.7045
      vertex 0.213774 1.39502 14.7654
      vertex 0.248309 1.37382 14.7654
    endloop
  endfacet
  facet normal 0.0721614 0.15425 0.985393
    outer loop
      vertex 0.213774 1.39502 14.7654
      vertex 0.0588627 1.27137 14.7961
      vertex 0.0716667 1.26538 14.7961
    endloop
  endfacet
  facet normal 0.0489243 0.351534 0.934896
    outer loop
      vertex 0.14975 1.59121 14.7045
      vertex 0.0458355 1.44371 14.7654
      vertex 0.0908871 1.43744 14.7654
    endloop
  endfacet
  facet normal 0.0489643 0.351509 0.934903
    outer loop
      vertex 0.0755205 1.60155 14.7045
      vertex 0.0458355 1.44371 14.7654
      vertex 0.14975 1.59121 14.7045
    endloop
  endfacet
  facet normal 0.191987 0.240476 0.951479
    outer loop
      vertex 0.409125 1.48639 14.7045
      vertex 0.248309 1.37382 14.7654
      vertex 0.278596 1.34964 14.7654
    endloop
  endfacet
  facet normal 0.112693 0.809374 0.57638
    outer loop
      vertex 0.350263 2.11504 14.1868
      vertex 0.154911 2.02367 14.3533
      vertex 0.307172 2.00247 14.3533
    endloop
  endfacet
  facet normal 0.18782 0.790446 0.583026
    outer loop
      vertex 0.350263 2.11504 14.1868
      vertex 0.307172 2.00247 14.3533
      vertex 0.517889 2.07521 14.1868
    endloop
  endfacet
  facet normal -0.0440337 0.959504 0.278233
    outer loop
      vertex 0 2.39313 13.5786
      vertex -0.222478 2.38292 13.5786
      vertex -0.210717 2.32039 13.7961
    endloop
  endfacet
  facet normal -0.0440325 0.959504 0.278234
    outer loop
      vertex 0 2.39313 13.5786
      vertex -0.210717 2.32039 13.7961
      vertex 0 2.33006 13.7961
    endloop
  endfacet
  facet normal -0.101514 0.729083 0.676855
    outer loop
      vertex -0.154911 2.02367 14.3533
      vertex -0.307172 2.00247 14.3533
      vertex -0.130529 1.89403 14.4966
    endloop
  endfacet
  facet normal -0.112693 0.809374 0.57638
    outer loop
      vertex -0.154911 2.02367 14.3533
      vertex -0.350263 2.11504 14.1868
      vertex -0.307172 2.00247 14.3533
    endloop
  endfacet
  facet normal 0.607683 -0.0568792 0.792141
    outer loop
      vertex 1.18682 1.2 14.3533
      vertex 0.99147 1.10863 14.4966
      vertex 1.17667 1.09156 14.3533
    endloop
  endfacet
  facet normal 0.607697 -0.0569321 0.792126
    outer loop
      vertex 1.00003 1.2 14.4966
      vertex 0.99147 1.10863 14.4966
      vertex 1.18682 1.2 14.3533
    endloop
  endfacet
  facet normal 0.374918 -0.106534 0.920916
    outer loop
      vertex 0.789309 1.12726 14.6144
      vertex 0.573641 1.14713 14.7045
      vertex 0.768992 1.05576 14.6144
    endloop
  endfacet
  facet normal 0.374914 -0.106543 0.920917
    outer loop
      vertex 0.573641 1.14713 14.7045
      vertex 0.558875 1.09517 14.7045
      vertex 0.768992 1.05576 14.6144
    endloop
  endfacet
  facet normal 0.382425 0.0358044 0.923293
    outer loop
      vertex 0.789309 1.27274 14.6144
      vertex 0.573641 1.25286 14.7045
      vertex 0.57859 1.2 14.7045
    endloop
  endfacet
  facet normal 0.253863 -0.0721427 0.964546
    outer loop
      vertex 0.573641 1.14713 14.7045
      vertex 0.348158 1.16791 14.7654
      vertex 0.558875 1.09517 14.7045
    endloop
  endfacet
  facet normal 0.0857225 -0.139643 0.986484
    outer loop
      vertex 0.248309 1.02618 14.7654
      vertex 0.0716667 1.13462 14.7961
      vertex 0.213774 1.00498 14.7654
    endloop
  endfacet
  facet normal 0.0721438 -0.154268 0.985392
    outer loop
      vertex 0.213774 1.00498 14.7654
      vertex 0.0716667 1.13462 14.7961
      vertex 0.175581 0.987119 14.7654
    endloop
  endfacet
  facet normal -0.0808516 0.340107 0.936904
    outer loop
      vertex -0.0908871 1.43744 14.7654
      vertex -0.14975 1.59121 14.7045
      vertex -0.134383 1.4271 14.7654
    endloop
  endfacet
  facet normal -0.0808206 0.340111 0.936906
    outer loop
      vertex -0.14975 1.59121 14.7045
      vertex -0.221416 1.57418 14.7045
      vertex -0.134383 1.4271 14.7654
    endloop
  endfacet
  facet normal -0.116963 0.0824677 0.989706
    outer loop
      vertex -0.101953 1.2412 14.7961
      vertex -0.304115 1.32291 14.7654
      vertex -0.108764 1.23154 14.7961
    endloop
  endfacet
  facet normal -0.00853101 0.184625 0.982772
    outer loop
      vertex 0 1.28241 14.7961
      vertex -0.0458355 1.44371 14.7654
      vertex -0.0153656 1.2817 14.7961
    endloop
  endfacet
  facet normal -0.0252414 0.181537 0.98306
    outer loop
      vertex -0.0153656 1.2817 14.7961
      vertex -0.0458355 1.44371 14.7654
      vertex -0.0304689 1.2796 14.7961
    endloop
  endfacet
  facet normal -0.0375751 0.818676 0.573024
    outer loop
      vertex 0 2.14732 14.1868
      vertex -0.154911 2.02367 14.3533
      vertex 0 2.03078 14.3533
    endloop
  endfacet
  facet normal -0.0338845 0.738267 0.673657
    outer loop
      vertex 0 2.03078 14.3533
      vertex -0.154911 2.02367 14.3533
      vertex -0.130529 1.89403 14.4966
    endloop
  endfacet
  facet normal -0.475837 0.775067 0.415752
    outer loop
      vertex -0.982766 2.09654 13.7961
      vertex -1.14153 1.99907 13.7961
      vertex -1.05829 1.9408 14
    endloop
  endfacet
  facet normal -0.497134 0.809757 0.31169
    outer loop
      vertex -0.982766 2.09654 13.7961
      vertex -1.20525 2.04367 13.5786
      vertex -1.14153 1.99907 13.7961
    endloop
  endfacet
  facet normal -0.356973 -0.447223 0.820099
    outer loop
      vertex -0.562942 0.805941 14.6144
      vertex -0.793374 0.773855 14.4966
      vertex -0.707125 0.705011 14.4966
    endloop
  endfacet
  facet normal -0.311492 -0.297333 0.902533
    outer loop
      vertex -0.459026 0.953443 14.7045
      vertex -0.68946 0.921358 14.6144
      vertex -0.631603 0.860746 14.6144
    endloop
  endfacet
  facet normal -0.087379 -0.627567 0.773644
    outer loop
      vertex -0.206051 0.661705 14.6144
      vertex -0.258825 0.523833 14.4966
      vertex -0.103914 0.647484 14.6144
    endloop
  endfacet
  facet normal -0.279103 -0.349667 0.894334
    outer loop
      vertex -0.409125 0.913611 14.7045
      vertex -0.631603 0.860746 14.6144
      vertex -0.562942 0.805941 14.6144
    endloop
  endfacet
  facet normal -0.400752 -0.382537 0.832504
    outer loop
      vertex -0.68946 0.921358 14.6144
      vertex -0.793374 0.773855 14.4966
      vertex -0.631603 0.860746 14.6144
    endloop
  endfacet
  facet normal -0.438309 -0.308783 0.84412
    outer loop
      vertex -0.735518 0.986736 14.6144
      vertex -0.866048 0.84999 14.4966
      vertex -0.68946 0.921358 14.6144
    endloop
  endfacet
  facet normal -0.60201 -0.574659 0.554393
    outer loop
      vertex -1.172 0.72634 14.1868
      vertex -1.18737 0.562229 14
      vertex -1.07365 0.623309 14.1868
    endloop
  endfacet
  facet normal -0.526559 -0.659669 0.536258
    outer loop
      vertex -1.07365 0.623309 14.1868
      vertex -1.18737 0.562229 14
      vertex -0.956935 0.530145 14.1868
    endloop
  endfacet
  facet normal -0.364049 -0.593028 0.718183
    outer loop
      vertex -0.707125 0.705011 14.4966
      vertex -0.83921 0.612553 14.3533
      vertex -0.608777 0.644637 14.4966
    endloop
  endfacet
  facet normal -0.140618 -0.30069 0.943299
    outer loop
      vertex -0.213774 1.00498 14.7654
      vertex -0.289295 0.849247 14.7045
      vertex -0.175581 0.987119 14.7654
    endloop
  endfacet
  facet normal -0.42399 -0.531189 0.733533
    outer loop
      vertex -0.707125 0.705011 14.4966
      vertex -0.941569 0.694255 14.3533
      vertex -0.83921 0.612553 14.3533
    endloop
  endfacet
  facet normal -0.48052 -0.602012 0.637717
    outer loop
      vertex -0.941569 0.694255 14.3533
      vertex -0.956935 0.530145 14.1868
      vertex -0.83921 0.612553 14.3533
    endloop
  endfacet
  facet normal 0.144966 -0.610076 0.778969
    outer loop
      vertex 0.304662 0.685137 14.6144
      vertex 0.206051 0.661705 14.6144
      vertex 0.382693 0.553267 14.4966
    endloop
  endfacet
  facet normal 0.201441 -0.583556 0.786691
    outer loop
      vertex 0.500012 0.593765 14.4966
      vertex 0.304662 0.685137 14.6144
      vertex 0.382693 0.553267 14.4966
    endloop
  endfacet
  facet normal 0.115559 -0.486328 0.866101
    outer loop
      vertex 0.221416 0.825815 14.7045
      vertex 0.14975 0.808786 14.7045
      vertex 0.206051 0.661705 14.6144
    endloop
  endfacet
  facet normal 0.0489524 -0.351512 0.934903
    outer loop
      vertex 0.0908871 0.962562 14.7654
      vertex 0.0458355 0.956288 14.7654
      vertex 0.14975 0.808786 14.7045
    endloop
  endfacet
  facet normal -0.0873779 -0.627568 0.773643
    outer loop
      vertex -0.103914 0.647484 14.6144
      vertex -0.258825 0.523833 14.4966
      vertex -0.130529 0.50597 14.4966
    endloop
  endfacet
  facet normal -0.0489464 -0.351516 0.934902
    outer loop
      vertex -0.0458355 0.956288 14.7654
      vertex -0.14975 0.808786 14.7045
      vertex -0.0755205 0.79845 14.7045
    endloop
  endfacet
  facet normal -0.0698333 -0.501518 0.862324
    outer loop
      vertex -0.14975 0.808786 14.7045
      vertex -0.206051 0.661705 14.6144
      vertex -0.0755205 0.79845 14.7045
    endloop
  endfacet
  facet normal -0.0233647 -0.509105 0.860387
    outer loop
      vertex -0.0755205 0.79845 14.7045
      vertex -0.103914 0.647484 14.6144
      vertex 0 0.642715 14.6144
    endloop
  endfacet
  facet normal -0.3003 -0.869939 0.391185
    outer loop
      vertex -0.572741 0.232096 14
      vertex -0.748322 0.292706 14
      vertex -0.617792 0.15596 13.7961
    endloop
  endfacet
  facet normal -0.235431 -0.682023 0.692399
    outer loop
      vertex -0.382693 0.553267 14.4966
      vertex -0.500012 0.593765 14.4966
      vertex -0.454177 0.432463 14.3533
    endloop
  endfacet
  facet normal -0.41018 -0.66817 0.620726
    outer loop
      vertex -0.722491 0.540901 14.3533
      vertex -0.83921 0.612553 14.3533
      vertex -0.823843 0.448442 14.1868
    endloop
  endfacet
  facet normal -0.410179 -0.668171 0.620726
    outer loop
      vertex -0.83921 0.612553 14.3533
      vertex -0.956935 0.530145 14.1868
      vertex -0.823843 0.448442 14.1868
    endloop
  endfacet
  facet normal 0.112698 -0.809371 0.576383
    outer loop
      vertex 0.307172 0.397532 14.3533
      vertex 0.154911 0.376331 14.3533
      vertex 0.176642 0.260786 14.1868
    endloop
  endfacet
  facet normal 0.101519 -0.729087 0.67685
    outer loop
      vertex 0.258825 0.523833 14.4966
      vertex 0.154911 0.376331 14.3533
      vertex 0.307172 0.397532 14.3533
    endloop
  endfacet
  facet normal -0.123622 -0.0599343 0.990518
    outer loop
      vertex -0.113714 1.17867 14.7961
      vertex -0.324431 1.10593 14.7654
      vertex -0.108764 1.16846 14.7961
    endloop
  endfacet
  facet normal -0.253863 -0.0721427 0.964546
    outer loop
      vertex -0.348158 1.16791 14.7654
      vertex -0.573641 1.14713 14.7045
      vertex -0.558875 1.09517 14.7045
    endloop
  endfacet
  facet normal -0.374914 -0.106543 0.920917
    outer loop
      vertex -0.573641 1.14713 14.7045
      vertex -0.768992 1.05576 14.6144
      vertex -0.558875 1.09517 14.7045
    endloop
  endfacet
  facet normal -0.0978444 -0.122641 0.987616
    outer loop
      vertex -0.0933971 1.14983 14.7961
      vertex -0.278596 1.05036 14.7654
      vertex -0.0832443 1.14173 14.7961
    endloop
  endfacet
  facet normal -0.0573828 -0.166237 0.984415
    outer loop
      vertex -0.0450516 1.12386 14.7961
      vertex -0.175581 0.987119 14.7654
      vertex -0.134383 0.972898 14.7654
    endloop
  endfacet
  facet normal -0.111534 -0.323113 0.939765
    outer loop
      vertex -0.175581 0.987119 14.7654
      vertex -0.221416 0.825815 14.7045
      vertex -0.134383 0.972898 14.7654
    endloop
  endfacet
  facet normal -0.00853166 -0.184639 0.982769
    outer loop
      vertex 0 1.11759 14.7961
      vertex -0.0153656 1.1183 14.7961
      vertex 0 0.954185 14.7654
    endloop
  endfacet
  facet normal 0.00853166 -0.184639 0.982769
    outer loop
      vertex 0 1.11759 14.7961
      vertex 0 0.954185 14.7654
      vertex 0.0153656 1.1183 14.7961
    endloop
  endfacet
  facet normal 0.0721637 -0.154255 0.985392
    outer loop
      vertex 0.0716667 1.13462 14.7961
      vertex 0.0588627 1.12863 14.7961
      vertex 0.175581 0.987119 14.7654
    endloop
  endfacet
  facet normal 0.123619 -0.0599422 0.990518
    outer loop
      vertex 0.339196 1.13638 14.7654
      vertex 0.113714 1.17867 14.7961
      vertex 0.324431 1.10593 14.7654
    endloop
  endfacet
  facet normal 0.213214 -0.203524 0.955572
    outer loop
      vertex 0.501074 0.997493 14.7045
      vertex 0.304115 1.07709 14.7654
      vertex 0.459026 0.953443 14.7045
    endloop
  endfacet
  facet normal 0.0252649 0.181535 0.98306
    outer loop
      vertex 0.0458355 1.44371 14.7654
      vertex 0.0304689 1.2796 14.7961
      vertex 0.0908871 1.43744 14.7654
    endloop
  endfacet
  facet normal 0.258588 -0.0242056 0.965684
    outer loop
      vertex 0.57859 1.2 14.7045
      vertex 0.351162 1.2 14.7654
      vertex 0.573641 1.14713 14.7045
    endloop
  endfacet
  facet normal 0.140616 0.300702 0.943295
    outer loop
      vertex 0.352223 1.52132 14.7045
      vertex 0.175581 1.41288 14.7654
      vertex 0.213774 1.39502 14.7654
    endloop
  endfacet
  facet normal 0.0857225 0.139643 0.986484
    outer loop
      vertex 0.213774 1.39502 14.7654
      vertex 0.0716667 1.26538 14.7961
      vertex 0.248309 1.37382 14.7654
    endloop
  endfacet
  facet normal 0.112676 0.809386 0.576367
    outer loop
      vertex 0.176642 2.13921 14.1868
      vertex 0.154911 2.02367 14.3533
      vertex 0.350263 2.11504 14.1868
    endloop
  endfacet
  facet normal 0.121258 0.871038 0.476014
    outer loop
      vertex 0.195351 2.23869 14
      vertex 0.176642 2.13921 14.1868
      vertex 0.350263 2.11504 14.1868
    endloop
  endfacet
  facet normal 0.0424862 0.926309 0.374361
    outer loop
      vertex 0.210717 2.32039 13.7961
      vertex 0 2.24765 14
      vertex 0.195351 2.23869 14
    endloop
  endfacet
  facet normal 0.0440325 0.959504 0.278234
    outer loop
      vertex 0 2.39313 13.5786
      vertex 0 2.33006 13.7961
      vertex 0.210717 2.32039 13.7961
    endloop
  endfacet
  facet normal -0.0425088 0.9263 0.374381
    outer loop
      vertex 0 2.33006 13.7961
      vertex -0.210717 2.32039 13.7961
      vertex 0 2.24765 14
    endloop
  endfacet
  facet normal -0.0424862 0.926309 0.374361
    outer loop
      vertex 0 2.24765 14
      vertex -0.210717 2.32039 13.7961
      vertex -0.195351 2.23869 14
    endloop
  endfacet
  facet normal 0.0450595 0.981856 0.184195
    outer loop
      vertex 0 2.43579 13.3512
      vertex 0 2.39313 13.5786
      vertex 0.222478 2.38292 13.5786
    endloop
  endfacet
  facet normal -0.0450595 0.981856 0.184195
    outer loop
      vertex 0 2.43579 13.3512
      vertex -0.222478 2.38292 13.5786
      vertex 0 2.39313 13.5786
    endloop
  endfacet
  facet normal -0.262815 0.761234 0.592832
    outer loop
      vertex -0.517889 2.07521 14.1868
      vertex -0.59341 1.91947 14.3533
      vertex -0.454177 1.96754 14.3533
    endloop
  endfacet
  facet normal -0.235458 0.681996 0.692417
    outer loop
      vertex -0.454177 1.96754 14.3533
      vertex -0.59341 1.91947 14.3533
      vertex -0.382693 1.84673 14.4966
    endloop
  endfacet
  facet normal -0.101497 0.729095 0.676844
    outer loop
      vertex -0.130529 1.89403 14.4966
      vertex -0.307172 2.00247 14.3533
      vertex -0.258825 1.87617 14.4966
    endloop
  endfacet
  facet normal -0.168861 0.710476 0.683162
    outer loop
      vertex -0.307172 2.00247 14.3533
      vertex -0.382693 1.84673 14.4966
      vertex -0.258825 1.87617 14.4966
    endloop
  endfacet
  facet normal 0.258588 0.0242102 0.965684
    outer loop
      vertex 0.573641 1.25286 14.7045
      vertex 0.351162 1.2 14.7654
      vertex 0.57859 1.2 14.7045
    endloop
  endfacet
  facet normal 0.128112 0.0364095 0.991091
    outer loop
      vertex 0.348158 1.23208 14.7654
      vertex 0.113714 1.22133 14.7961
      vertex 0.116718 1.21076 14.7961
    endloop
  endfacet
  facet normal -0.0978444 0.122641 0.987616
    outer loop
      vertex -0.0832443 1.25827 14.7961
      vertex -0.278596 1.34964 14.7654
      vertex -0.0933971 1.25017 14.7961
    endloop
  endfacet
  facet normal -0.213209 0.203519 0.955574
    outer loop
      vertex -0.459026 1.44656 14.7045
      vertex -0.501074 1.40251 14.7045
      vertex -0.278596 1.34964 14.7654
    endloop
  endfacet
  facet normal -0.213203 0.203543 0.95557
    outer loop
      vertex -0.278596 1.34964 14.7654
      vertex -0.501074 1.40251 14.7045
      vertex -0.304115 1.32291 14.7654
    endloop
  endfacet
  facet normal -0.130381 0.012209 0.991389
    outer loop
      vertex -0.348158 1.23208 14.7654
      vertex -0.351162 1.2 14.7654
      vertex -0.116718 1.21076 14.7961
    endloop
  endfacet
  facet normal 0.0338791 0.738265 0.67366
    outer loop
      vertex 0 2.03078 14.3533
      vertex 0 1.90002 14.4966
      vertex 0.130529 1.89403 14.4966
    endloop
  endfacet
  facet normal -0.0338791 0.738265 0.67366
    outer loop
      vertex 0 2.03078 14.3533
      vertex -0.130529 1.89403 14.4966
      vertex 0 1.90002 14.4966
    endloop
  endfacet
  facet normal -0.43831 -0.308782 0.84412
    outer loop
      vertex -0.735518 0.986736 14.6144
      vertex -0.923903 0.932114 14.4966
      vertex -0.866048 0.84999 14.4966
    endloop
  endfacet
  facet normal -0.52707 -0.371312 0.764412
    outer loop
      vertex -0.923903 0.932114 14.4966
      vertex -1.09648 0.882075 14.3533
      vertex -0.866048 0.84999 14.4966
    endloop
  endfacet
  facet normal -0.308374 -0.502322 0.807823
    outer loop
      vertex -0.562942 0.805941 14.6144
      vertex -0.707125 0.705011 14.4966
      vertex -0.484647 0.757876 14.6144
    endloop
  endfacet
  facet normal -0.242511 -0.395035 0.886079
    outer loop
      vertex -0.409125 0.913611 14.7045
      vertex -0.562942 0.805941 14.6144
      vertex -0.484647 0.757876 14.6144
    endloop
  endfacet
  facet normal -0.111539 -0.323112 0.939765
    outer loop
      vertex -0.175581 0.987119 14.7654
      vertex -0.289295 0.849247 14.7045
      vertex -0.221416 0.825815 14.7045
    endloop
  endfacet
  facet normal -0.256185 -0.547726 0.79647
    outer loop
      vertex -0.484647 0.757876 14.6144
      vertex -0.608777 0.644637 14.4966
      vertex -0.500012 0.593765 14.4966
    endloop
  endfacet
  facet normal -0.167611 -0.273035 0.94729
    outer loop
      vertex -0.213774 1.00498 14.7654
      vertex -0.409125 0.913611 14.7045
      vertex -0.352223 0.87868 14.7045
    endloop
  endfacet
  facet normal -0.242506 -0.395038 0.886079
    outer loop
      vertex -0.409125 0.913611 14.7045
      vertex -0.484647 0.757876 14.6144
      vertex -0.352223 0.87868 14.7045
    endloop
  endfacet
  facet normal -0.262781 -0.761247 0.592832
    outer loop
      vertex -0.454177 0.432463 14.3533
      vertex -0.676656 0.379598 14.1868
      vertex -0.517889 0.324792 14.1868
    endloop
  endfacet
  facet normal -0.337162 -0.72086 0.605544
    outer loop
      vertex -0.59341 0.480527 14.3533
      vertex -0.722491 0.540901 14.3533
      vertex -0.676656 0.379598 14.1868
    endloop
  endfacet
  facet normal 0.160004 -0.463506 0.871528
    outer loop
      vertex 0.398059 0.717378 14.6144
      vertex 0.289295 0.849247 14.7045
      vertex 0.304662 0.685137 14.6144
    endloop
  endfacet
  facet normal 0.201444 -0.583552 0.786694
    outer loop
      vertex 0.398059 0.717378 14.6144
      vertex 0.304662 0.685137 14.6144
      vertex 0.500012 0.593765 14.4966
    endloop
  endfacet
  facet normal 0.160003 -0.463506 0.871528
    outer loop
      vertex 0.289295 0.849247 14.7045
      vertex 0.221416 0.825815 14.7045
      vertex 0.304662 0.685137 14.6144
    endloop
  endfacet
  facet normal 0.111539 -0.323112 0.939765
    outer loop
      vertex 0.289295 0.849247 14.7045
      vertex 0.175581 0.987119 14.7654
      vertex 0.221416 0.825815 14.7045
    endloop
  endfacet
  facet normal -0.112698 -0.809371 0.576383
    outer loop
      vertex -0.154911 0.376331 14.3533
      vertex -0.307172 0.397532 14.3533
      vertex -0.176642 0.260786 14.1868
    endloop
  endfacet
  facet normal -0.029193 -0.636255 0.770927
    outer loop
      vertex 0 0.642715 14.6144
      vertex -0.130529 0.50597 14.4966
      vertex 0 0.499981 14.4966
    endloop
  endfacet
  facet normal -0.0163861 -0.357242 0.933868
    outer loop
      vertex 0 0.954185 14.7654
      vertex -0.0755205 0.79845 14.7045
      vertex 0 0.794986 14.7045
    endloop
  endfacet
  facet normal -0.0233516 -0.5091 0.86039
    outer loop
      vertex 0 0.794986 14.7045
      vertex -0.0755205 0.79845 14.7045
      vertex 0 0.642715 14.6144
    endloop
  endfacet
  facet normal -0.0489524 -0.351512 0.934903
    outer loop
      vertex -0.0908871 0.962562 14.7654
      vertex -0.14975 0.808786 14.7045
      vertex -0.0458355 0.956288 14.7654
    endloop
  endfacet
  facet normal -0.0808154 -0.340109 0.936907
    outer loop
      vertex -0.0908871 0.962562 14.7654
      vertex -0.221416 0.825815 14.7045
      vertex -0.14975 0.808786 14.7045
    endloop
  endfacet
  facet normal -0.213573 -0.898805 0.382801
    outer loop
      vertex -0.572741 0.232096 14
      vertex -0.617792 0.15596 13.7961
      vertex -0.38736 0.188046 14
    endloop
  endfacet
  facet normal -0.21357 -0.898807 0.382798
    outer loop
      vertex -0.38736 0.188046 14
      vertex -0.617792 0.15596 13.7961
      vertex -0.41783 0.108446 13.7961
    endloop
  endfacet
  facet normal -0.112697 -0.809371 0.576384
    outer loop
      vertex -0.307172 0.397532 14.3533
      vertex -0.350263 0.284961 14.1868
      vertex -0.176642 0.260786 14.1868
    endloop
  endfacet
  facet normal -0.187824 -0.790442 0.583029
    outer loop
      vertex -0.307172 0.397532 14.3533
      vertex -0.517889 0.324792 14.1868
      vertex -0.350263 0.284961 14.1868
    endloop
  endfacet
  facet normal -0.0338737 -0.738271 0.673654
    outer loop
      vertex -0.130529 0.50597 14.4966
      vertex -0.154911 0.376331 14.3533
      vertex 0 0.499981 14.4966
    endloop
  endfacet
  facet normal -0.101513 -0.729085 0.676853
    outer loop
      vertex -0.130529 0.50597 14.4966
      vertex -0.258825 0.523833 14.4966
      vertex -0.154911 0.376331 14.3533
    endloop
  endfacet
  facet normal -0.337168 -0.720859 0.605541
    outer loop
      vertex -0.722491 0.540901 14.3533
      vertex -0.823843 0.448442 14.1868
      vertex -0.676656 0.379598 14.1868
    endloop
  endfacet
  facet normal -0.365874 -0.78223 0.504234
    outer loop
      vertex -0.823843 0.448442 14.1868
      vertex -0.911099 0.368841 14
      vertex -0.676656 0.379598 14.1868
    endloop
  endfacet
  facet normal 0.0416139 -0.175388 0.98362
    outer loop
      vertex 0.0450516 1.12386 14.7961
      vertex 0.0304689 1.1204 14.7961
      vertex 0.0908871 0.962562 14.7654
    endloop
  endfacet
  facet normal 0.0574064 -0.166215 0.984417
    outer loop
      vertex 0.0588627 1.12863 14.7961
      vertex 0.0450516 1.12386 14.7961
      vertex 0.175581 0.987119 14.7654
    endloop
  endfacet
  facet normal 0.230884 -0.162643 0.959291
    outer loop
      vertex 0.324431 1.10593 14.7654
      vertex 0.304115 1.07709 14.7654
      vertex 0.534548 1.04501 14.7045
    endloop
  endfacet
  facet normal 0.244542 -0.1186 0.962358
    outer loop
      vertex 0.558875 1.09517 14.7045
      vertex 0.324431 1.10593 14.7654
      vertex 0.534548 1.04501 14.7045
    endloop
  endfacet
  facet normal 0.191988 -0.240477 0.951478
    outer loop
      vertex 0.278596 1.05036 14.7654
      vertex 0.248309 1.02618 14.7654
      vertex 0.409125 0.913611 14.7045
    endloop
  endfacet
  facet normal 0.191969 -0.240496 0.951478
    outer loop
      vertex 0.459026 0.953443 14.7045
      vertex 0.278596 1.05036 14.7654
      vertex 0.409125 0.913611 14.7045
    endloop
  endfacet
  facet normal 0.0252414 0.181537 0.98306
    outer loop
      vertex 0.0458355 1.44371 14.7654
      vertex 0.0153656 1.2817 14.7961
      vertex 0.0304689 1.2796 14.7961
    endloop
  endfacet
  facet normal 0.00853101 0.184625 0.982772
    outer loop
      vertex 0.0458355 1.44371 14.7654
      vertex 0 1.28241 14.7961
      vertex 0.0153656 1.2817 14.7961
    endloop
  endfacet
  facet normal 0.128111 -0.0364091 0.991091
    outer loop
      vertex 0.116718 1.18924 14.7961
      vertex 0.113714 1.17867 14.7961
      vertex 0.348158 1.16791 14.7654
    endloop
  endfacet
  facet normal 0.128112 0.0364028 0.991091
    outer loop
      vertex 0.339196 1.26362 14.7654
      vertex 0.113714 1.22133 14.7961
      vertex 0.348158 1.23208 14.7654
    endloop
  endfacet
  facet normal 0.230884 0.162643 0.959291
    outer loop
      vertex 0.534548 1.35499 14.7045
      vertex 0.304115 1.32291 14.7654
      vertex 0.324431 1.29407 14.7654
    endloop
  endfacet
  facet normal 0.230884 0.162639 0.959292
    outer loop
      vertex 0.501074 1.40251 14.7045
      vertex 0.304115 1.32291 14.7654
      vertex 0.534548 1.35499 14.7045
    endloop
  endfacet
  facet normal 0.12811 -0.0364137 0.991091
    outer loop
      vertex 0.348158 1.16791 14.7654
      vertex 0.113714 1.17867 14.7961
      vertex 0.339196 1.13638 14.7654
    endloop
  endfacet
  facet normal 0.253858 -0.072156 0.964546
    outer loop
      vertex 0.348158 1.16791 14.7654
      vertex 0.339196 1.13638 14.7654
      vertex 0.558875 1.09517 14.7045
    endloop
  endfacet
  facet normal -0.108376 0.103373 0.988721
    outer loop
      vertex -0.0933971 1.25017 14.7961
      vertex -0.278596 1.34964 14.7654
      vertex -0.101953 1.2412 14.7961
    endloop
  endfacet
  facet normal -0.10834 0.103432 0.988719
    outer loop
      vertex -0.278596 1.34964 14.7654
      vertex -0.304115 1.32291 14.7654
      vertex -0.101953 1.2412 14.7961
    endloop
  endfacet
  facet normal -0.123619 0.0599422 0.990518
    outer loop
      vertex -0.324431 1.29407 14.7654
      vertex -0.339196 1.26362 14.7654
      vertex -0.113714 1.22133 14.7961
    endloop
  endfacet
  facet normal -0.128112 0.0364028 0.991091
    outer loop
      vertex -0.339196 1.26362 14.7654
      vertex -0.348158 1.23208 14.7654
      vertex -0.113714 1.22133 14.7961
    endloop
  endfacet
  facet normal -0.478998 -0.457224 0.749338
    outer loop
      vertex -0.866048 0.84999 14.4966
      vertex -0.941569 0.694255 14.3533
      vertex -0.793374 0.773855 14.4966
    endloop
  endfacet
  facet normal -0.423991 -0.531184 0.733536
    outer loop
      vertex -0.793374 0.773855 14.4966
      vertex -0.941569 0.694255 14.3533
      vertex -0.707125 0.705011 14.4966
    endloop
  endfacet
  facet normal -0.191988 -0.240477 0.951478
    outer loop
      vertex -0.278596 1.05036 14.7654
      vertex -0.409125 0.913611 14.7045
      vertex -0.248309 1.02618 14.7654
    endloop
  endfacet
  facet normal -0.191969 -0.240496 0.951478
    outer loop
      vertex -0.278596 1.05036 14.7654
      vertex -0.459026 0.953443 14.7045
      vertex -0.409125 0.913611 14.7045
    endloop
  endfacet
  facet normal -0.115562 -0.486328 0.866101
    outer loop
      vertex -0.221416 0.825815 14.7045
      vertex -0.304662 0.685137 14.6144
      vertex -0.206051 0.661705 14.6144
    endloop
  endfacet
  facet normal -0.144966 -0.610076 0.778969
    outer loop
      vertex -0.304662 0.685137 14.6144
      vertex -0.382693 0.553267 14.4966
      vertex -0.206051 0.661705 14.6144
    endloop
  endfacet
  facet normal -0.201444 -0.583552 0.786694
    outer loop
      vertex -0.398059 0.717378 14.6144
      vertex -0.500012 0.593765 14.4966
      vertex -0.304662 0.685137 14.6144
    endloop
  endfacet
  facet normal -0.140636 -0.300681 0.943299
    outer loop
      vertex -0.213774 1.00498 14.7654
      vertex -0.352223 0.87868 14.7045
      vertex -0.289295 0.849247 14.7045
    endloop
  endfacet
  facet normal -0.284108 -0.82303 0.491838
    outer loop
      vertex -0.517889 0.324792 14.1868
      vertex -0.676656 0.379598 14.1868
      vertex -0.572741 0.232096 14
    endloop
  endfacet
  facet normal -0.284107 -0.82303 0.491839
    outer loop
      vertex -0.676656 0.379598 14.1868
      vertex -0.748322 0.292706 14
      vertex -0.572741 0.232096 14
    endloop
  endfacet
  facet normal -0.101519 -0.729087 0.67685
    outer loop
      vertex -0.258825 0.523833 14.4966
      vertex -0.307172 0.397532 14.3533
      vertex -0.154911 0.376331 14.3533
    endloop
  endfacet
  facet normal -0.168828 -0.710484 0.683162
    outer loop
      vertex -0.258825 0.523833 14.4966
      vertex -0.382693 0.553267 14.4966
      vertex -0.307172 0.397532 14.3533
    endloop
  endfacet
  facet normal 0.116971 -0.0824734 0.989705
    outer loop
      vertex 0.108764 1.16846 14.7961
      vertex 0.101953 1.1588 14.7961
      vertex 0.324431 1.10593 14.7654
    endloop
  endfacet
  facet normal 0.123622 -0.0599343 0.990518
    outer loop
      vertex 0.113714 1.17867 14.7961
      vertex 0.108764 1.16846 14.7961
      vertex 0.324431 1.10593 14.7654
    endloop
  endfacet
  facet normal 0.0978444 -0.122641 0.987616
    outer loop
      vertex 0.0933971 1.14983 14.7961
      vertex 0.0832443 1.14173 14.7961
      vertex 0.278596 1.05036 14.7654
    endloop
  endfacet
  facet normal 0.108376 -0.103373 0.988721
    outer loop
      vertex 0.101953 1.1588 14.7961
      vertex 0.0933971 1.14983 14.7961
      vertex 0.278596 1.05036 14.7654
    endloop
  endfacet
  facet normal 0.130381 0.012209 0.991389
    outer loop
      vertex 0.348158 1.23208 14.7654
      vertex 0.116718 1.21076 14.7961
      vertex 0.351162 1.2 14.7654
    endloop
  endfacet
  facet normal 0.258587 0.0242143 0.965684
    outer loop
      vertex 0.573641 1.25286 14.7045
      vertex 0.348158 1.23208 14.7654
      vertex 0.351162 1.2 14.7654
    endloop
  endfacet
  facet normal 0.253864 0.0721346 0.964546
    outer loop
      vertex 0.573641 1.25286 14.7045
      vertex 0.339196 1.26362 14.7654
      vertex 0.348158 1.23208 14.7654
    endloop
  endfacet
  facet normal 0.116963 0.0824677 0.989706
    outer loop
      vertex 0.304115 1.32291 14.7654
      vertex 0.101953 1.2412 14.7961
      vertex 0.108764 1.23154 14.7961
    endloop
  endfacet
  facet normal 0.10834 0.103432 0.988719
    outer loop
      vertex 0.278596 1.34964 14.7654
      vertex 0.101953 1.2412 14.7961
      vertex 0.304115 1.32291 14.7654
    endloop
  endfacet
  facet normal 0.0573061 0.166273 0.984413
    outer loop
      vertex 0.134383 1.4271 14.7654
      vertex 0.0450516 1.27613 14.7961
      vertex 0.0588627 1.27137 14.7961
    endloop
  endfacet
  facet normal 0 0 1
    outer loop
      vertex 0.116718 1.21076 14.7961
      vertex 0.116718 1.18924 14.7961
      vertex 0.117725 1.2 14.7961
    endloop
  endfacet
  facet normal 0 0 1
    outer loop
      vertex 0.113714 1.22133 14.7961
      vertex 0.116718 1.18924 14.7961
      vertex 0.116718 1.21076 14.7961
    endloop
  endfacet
  facet normal 0 0 1
    outer loop
      vertex 0.113714 1.22133 14.7961
      vertex 0.113714 1.17867 14.7961
      vertex 0.116718 1.18924 14.7961
    endloop
  endfacet
  facet normal 0 0 1
    outer loop
      vertex 0.108764 1.23154 14.7961
      vertex 0.113714 1.17867 14.7961
      vertex 0.113714 1.22133 14.7961
    endloop
  endfacet
  facet normal 0 0 1
    outer loop
      vertex 0.108764 1.23154 14.7961
      vertex 0.108764 1.16846 14.7961
      vertex 0.113714 1.17867 14.7961
    endloop
  endfacet
  facet normal 0 0 1
    outer loop
      vertex 0.101953 1.2412 14.7961
      vertex 0.108764 1.16846 14.7961
      vertex 0.108764 1.23154 14.7961
    endloop
  endfacet
  facet normal 0 0 1
    outer loop
      vertex 0.101953 1.2412 14.7961
      vertex 0.101953 1.1588 14.7961
      vertex 0.108764 1.16846 14.7961
    endloop
  endfacet
  facet normal 0 0 1
    outer loop
      vertex 0.0933971 1.25017 14.7961
      vertex 0.101953 1.1588 14.7961
      vertex 0.101953 1.2412 14.7961
    endloop
  endfacet
  facet normal 0 0 1
    outer loop
      vertex 0.0933971 1.25017 14.7961
      vertex 0.0933971 1.14983 14.7961
      vertex 0.101953 1.1588 14.7961
    endloop
  endfacet
  facet normal 0 0 1
    outer loop
      vertex 0.0832443 1.25827 14.7961
      vertex 0.0933971 1.14983 14.7961
      vertex 0.0933971 1.25017 14.7961
    endloop
  endfacet
  facet normal 0 0 1
    outer loop
      vertex 0.0832443 1.25827 14.7961
      vertex 0.0832443 1.14173 14.7961
      vertex 0.0933971 1.14983 14.7961
    endloop
  endfacet
  facet normal 0 0 1
    outer loop
      vertex 0.0716667 1.26538 14.7961
      vertex 0.0832443 1.14173 14.7961
      vertex 0.0832443 1.25827 14.7961
    endloop
  endfacet
  facet normal 0 0 1
    outer loop
      vertex 0.0716667 1.26538 14.7961
      vertex 0.0716667 1.13462 14.7961
      vertex 0.0832443 1.14173 14.7961
    endloop
  endfacet
  facet normal 0 0 1
    outer loop
      vertex 0.0588627 1.27137 14.7961
      vertex 0.0716667 1.13462 14.7961
      vertex 0.0716667 1.26538 14.7961
    endloop
  endfacet
  facet normal 0 0 1
    outer loop
      vertex 0.0588627 1.27137 14.7961
      vertex 0.0588627 1.12863 14.7961
      vertex 0.0716667 1.13462 14.7961
    endloop
  endfacet
  facet normal 0 0 1
    outer loop
      vertex 0.0450516 1.27613 14.7961
      vertex 0.0588627 1.12863 14.7961
      vertex 0.0588627 1.27137 14.7961
    endloop
  endfacet
  facet normal 0 0 1
    outer loop
      vertex 0.0450516 1.27613 14.7961
      vertex 0.0450516 1.12386 14.7961
      vertex 0.0588627 1.12863 14.7961
    endloop
  endfacet
  facet normal 0 0 1
    outer loop
      vertex 0.0304689 1.2796 14.7961
      vertex 0.0450516 1.12386 14.7961
      vertex 0.0450516 1.27613 14.7961
    endloop
  endfacet
  facet normal 0 0 1
    outer loop
      vertex 0.0304689 1.2796 14.7961
      vertex 0.0304689 1.1204 14.7961
      vertex 0.0450516 1.12386 14.7961
    endloop
  endfacet
  facet normal 0 0 1
    outer loop
      vertex 0.0153656 1.2817 14.7961
      vertex 0.0304689 1.1204 14.7961
      vertex 0.0304689 1.2796 14.7961
    endloop
  endfacet
  facet normal 0 0 1
    outer loop
      vertex 0.0153656 1.2817 14.7961
      vertex 0.0153656 1.1183 14.7961
      vertex 0.0304689 1.1204 14.7961
    endloop
  endfacet
  facet normal 0 0 1
    outer loop
      vertex 0 1.28241 14.7961
      vertex 0.0153656 1.1183 14.7961
      vertex 0.0153656 1.2817 14.7961
    endloop
  endfacet
  facet normal 0 0 1
    outer loop
      vertex 0 1.28241 14.7961
      vertex 0 1.11759 14.7961
      vertex 0.0153656 1.1183 14.7961
    endloop
  endfacet
  facet normal -0 0 1
    outer loop
      vertex -0.0153656 1.2817 14.7961
      vertex 0 1.11759 14.7961
      vertex 0 1.28241 14.7961
    endloop
  endfacet
  facet normal 0 0 1
    outer loop
      vertex -0.0153656 1.2817 14.7961
      vertex -0.0153656 1.1183 14.7961
      vertex 0 1.11759 14.7961
    endloop
  endfacet
  facet normal -0 0 1
    outer loop
      vertex -0.0304689 1.2796 14.7961
      vertex -0.0153656 1.1183 14.7961
      vertex -0.0153656 1.2817 14.7961
    endloop
  endfacet
  facet normal 0 0 1
    outer loop
      vertex -0.0304689 1.2796 14.7961
      vertex -0.0304689 1.1204 14.7961
      vertex -0.0153656 1.1183 14.7961
    endloop
  endfacet
  facet normal -0 0 1
    outer loop
      vertex -0.0450516 1.27613 14.7961
      vertex -0.0304689 1.1204 14.7961
      vertex -0.0304689 1.2796 14.7961
    endloop
  endfacet
  facet normal 0 0 1
    outer loop
      vertex -0.0450516 1.27613 14.7961
      vertex -0.0450516 1.12386 14.7961
      vertex -0.0304689 1.1204 14.7961
    endloop
  endfacet
  facet normal -0 0 1
    outer loop
      vertex -0.0588627 1.27137 14.7961
      vertex -0.0450516 1.12386 14.7961
      vertex -0.0450516 1.27613 14.7961
    endloop
  endfacet
  facet normal 0 0 1
    outer loop
      vertex -0.0588627 1.27137 14.7961
      vertex -0.0588627 1.12863 14.7961
      vertex -0.0450516 1.12386 14.7961
    endloop
  endfacet
  facet normal -0 0 1
    outer loop
      vertex -0.0716667 1.26538 14.7961
      vertex -0.0588627 1.12863 14.7961
      vertex -0.0588627 1.27137 14.7961
    endloop
  endfacet
  facet normal 0 0 1
    outer loop
      vertex -0.0716667 1.26538 14.7961
      vertex -0.0716667 1.13462 14.7961
      vertex -0.0588627 1.12863 14.7961
    endloop
  endfacet
  facet normal -0 0 1
    outer loop
      vertex -0.0832443 1.25827 14.7961
      vertex -0.0716667 1.13462 14.7961
      vertex -0.0716667 1.26538 14.7961
    endloop
  endfacet
  facet normal 0 0 1
    outer loop
      vertex -0.0832443 1.25827 14.7961
      vertex -0.0832443 1.14173 14.7961
      vertex -0.0716667 1.13462 14.7961
    endloop
  endfacet
  facet normal -0 0 1
    outer loop
      vertex -0.0933971 1.25017 14.7961
      vertex -0.0832443 1.14173 14.7961
      vertex -0.0832443 1.25827 14.7961
    endloop
  endfacet
  facet normal 0 0 1
    outer loop
      vertex -0.0933971 1.25017 14.7961
      vertex -0.0933971 1.14983 14.7961
      vertex -0.0832443 1.14173 14.7961
    endloop
  endfacet
  facet normal -0 0 1
    outer loop
      vertex -0.101953 1.2412 14.7961
      vertex -0.0933971 1.14983 14.7961
      vertex -0.0933971 1.25017 14.7961
    endloop
  endfacet
  facet normal 0 0 1
    outer loop
      vertex -0.101953 1.2412 14.7961
      vertex -0.101953 1.1588 14.7961
      vertex -0.0933971 1.14983 14.7961
    endloop
  endfacet
  facet normal -0 0 1
    outer loop
      vertex -0.108764 1.23154 14.7961
      vertex -0.101953 1.1588 14.7961
      vertex -0.101953 1.2412 14.7961
    endloop
  endfacet
  facet normal 0 0 1
    outer loop
      vertex -0.108764 1.23154 14.7961
      vertex -0.108764 1.16846 14.7961
      vertex -0.101953 1.1588 14.7961
    endloop
  endfacet
  facet normal -0 0 1
    outer loop
      vertex -0.113714 1.22133 14.7961
      vertex -0.108764 1.16846 14.7961
      vertex -0.108764 1.23154 14.7961
    endloop
  endfacet
  facet normal 0 0 1
    outer loop
      vertex -0.113714 1.22133 14.7961
      vertex -0.113714 1.17867 14.7961
      vertex -0.108764 1.16846 14.7961
    endloop
  endfacet
  facet normal -0 0 1
    outer loop
      vertex -0.116718 1.21076 14.7961
      vertex -0.113714 1.17867 14.7961
      vertex -0.113714 1.22133 14.7961
    endloop
  endfacet
  facet normal 0 0 1
    outer loop
      vertex -0.116718 1.21076 14.7961
      vertex -0.116718 1.18924 14.7961
      vertex -0.113714 1.17867 14.7961
    endloop
  endfacet
  facet normal 0 -0 1
    outer loop
      vertex -0.116718 1.18924 14.7961
      vertex -0.116718 1.21076 14.7961
      vertex -0.117725 1.2 14.7961
    endloop
  endfacet
  facet normal -0.128112 0.0364095 0.991091
    outer loop
      vertex -0.113714 1.22133 14.7961
      vertex -0.348158 1.23208 14.7654
      vertex -0.116718 1.21076 14.7961
    endloop
  endfacet
  facet normal -0.160004 -0.463506 0.871528
    outer loop
      vertex -0.289295 0.849247 14.7045
      vertex -0.398059 0.717378 14.6144
      vertex -0.304662 0.685137 14.6144
    endloop
  endfacet
  facet normal -0.160003 -0.463506 0.871528
    outer loop
      vertex -0.289295 0.849247 14.7045
      vertex -0.304662 0.685137 14.6144
      vertex -0.221416 0.825815 14.7045
    endloop
  endfacet
  facet normal -0.187823 -0.790443 0.583029
    outer loop
      vertex -0.454177 0.432463 14.3533
      vertex -0.517889 0.324792 14.1868
      vertex -0.307172 0.397532 14.3533
    endloop
  endfacet
  facet normal -0.168823 -0.710483 0.683164
    outer loop
      vertex -0.382693 0.553267 14.4966
      vertex -0.454177 0.432463 14.3533
      vertex -0.307172 0.397532 14.3533
    endloop
  endfacet
  facet normal -0.202507 -0.852237 0.482371
    outer loop
      vertex -0.350263 0.284961 14.1868
      vertex -0.517889 0.324792 14.1868
      vertex -0.38736 0.188046 14
    endloop
  endfacet
  facet normal -0.121287 -0.871043 0.475998
    outer loop
      vertex -0.350263 0.284961 14.1868
      vertex -0.38736 0.188046 14
      vertex -0.195351 0.16131 14
    endloop
  endfacet
  facet normal -0.037559 -0.818672 0.573031
    outer loop
      vertex -0.154911 0.376331 14.3533
      vertex -0.176642 0.260786 14.1868
      vertex 0 0.369224 14.3533
    endloop
  endfacet
  facet normal -0.0338704 -0.738272 0.673652
    outer loop
      vertex 0 0.499981 14.4966
      vertex -0.154911 0.376331 14.3533
      vertex 0 0.369224 14.3533
    endloop
  endfacet
  facet normal 0.130381 -0.012202 0.991389
    outer loop
      vertex 0.117725 1.2 14.7961
      vertex 0.116718 1.18924 14.7961
      vertex 0.351162 1.2 14.7654
    endloop
  endfacet
  facet normal 0.130381 0.012202 0.991389
    outer loop
      vertex 0.351162 1.2 14.7654
      vertex 0.116718 1.21076 14.7961
      vertex 0.117725 1.2 14.7961
    endloop
  endfacet
  facet normal 0.108376 0.103373 0.988721
    outer loop
      vertex 0.278596 1.34964 14.7654
      vertex 0.0933971 1.25017 14.7961
      vertex 0.101953 1.2412 14.7961
    endloop
  endfacet
  facet normal 0.072142 0.154273 0.985391
    outer loop
      vertex 0.175581 1.41288 14.7654
      vertex 0.0588627 1.27137 14.7961
      vertex 0.213774 1.39502 14.7654
    endloop
  endfacet
  facet normal 0.0573791 0.166238 0.984415
    outer loop
      vertex 0.134383 1.4271 14.7654
      vertex 0.0588627 1.27137 14.7961
      vertex 0.175581 1.41288 14.7654
    endloop
  endfacet
  facet normal 0.946929 0.321443 0
    outer loop
      vertex 2.70459 0.724693 0
      vertex 2.58686 1.07151 -4
      vertex 2.58686 1.07151 0
    endloop
  endfacet
  facet normal 0.946929 0.321443 0
    outer loop
      vertex 2.58686 1.07151 -4
      vertex 2.70459 0.724693 0
      vertex 2.70459 0.724693 -4
    endloop
  endfacet
  facet normal 0.997858 0.0654184 0
    outer loop
      vertex 2.8 0 0
      vertex 2.77604 0.365473 -4
      vertex 2.77604 0.365473 0
    endloop
  endfacet
  facet normal 0.997858 0.0654184 0
    outer loop
      vertex 2.77604 0.365473 -4
      vertex 2.8 0 0
      vertex 2.8 0 -4
    endloop
  endfacet
  facet normal -0.997858 0.0654184 0
    outer loop
      vertex -2.8 0 -4
      vertex -2.77604 0.365473 0
      vertex -2.77604 0.365473 -4
    endloop
  endfacet
  facet normal -0.997858 0.0654184 0
    outer loop
      vertex -2.77604 0.365473 0
      vertex -2.8 0 -4
      vertex -2.8 0 0
    endloop
  endfacet
  facet normal 0.0654184 0.997858 -0
    outer loop
      vertex 0.365473 2.77604 -4
      vertex 0 2.8 0
      vertex 0.365473 2.77604 0
    endloop
  endfacet
  facet normal 0.0654184 0.997858 0
    outer loop
      vertex 0 2.8 0
      vertex 0.365473 2.77604 -4
      vertex 0 2.8 -4
    endloop
  endfacet
  facet normal 0.659341 0.751844 -0
    outer loop
      vertex 1.9799 1.9799 -4
      vertex 1.70453 2.22139 0
      vertex 1.9799 1.9799 0
    endloop
  endfacet
  facet normal 0.659341 0.751844 0
    outer loop
      vertex 1.70453 2.22139 0
      vertex 1.9799 1.9799 -4
      vertex 1.70453 2.22139 -4
    endloop
  endfacet
  facet normal -0.659341 0.751844 0
    outer loop
      vertex -1.70453 2.22139 -4
      vertex -1.9799 1.9799 0
      vertex -1.70453 2.22139 0
    endloop
  endfacet
  facet normal -0.659341 0.751844 0
    outer loop
      vertex -1.9799 1.9799 0
      vertex -1.70453 2.22139 -4
      vertex -1.9799 1.9799 -4
    endloop
  endfacet
  facet normal -0.321443 0.946929 0
    outer loop
      vertex -0.724693 2.70459 -4
      vertex -1.07151 2.58686 0
      vertex -0.724693 2.70459 0
    endloop
  endfacet
  facet normal -0.321443 0.946929 0
    outer loop
      vertex -1.07151 2.58686 0
      vertex -0.724693 2.70459 -4
      vertex -1.07151 2.58686 -4
    endloop
  endfacet
  facet normal -0.751844 -0.659341 0
    outer loop
      vertex -1.9799 -1.9799 -4
      vertex -2.22139 -1.70453 0
      vertex -2.22139 -1.70453 -4
    endloop
  endfacet
  facet normal -0.751844 -0.659341 0
    outer loop
      vertex -2.22139 -1.70453 0
      vertex -1.9799 -1.9799 -4
      vertex -1.9799 -1.9799 0
    endloop
  endfacet
  facet normal 0.896876 0.442281 0
    outer loop
      vertex 2.58686 1.07151 0
      vertex 2.42487 1.4 -4
      vertex 2.42487 1.4 0
    endloop
  endfacet
  facet normal 0.896876 0.442281 0
    outer loop
      vertex 2.42487 1.4 -4
      vertex 2.58686 1.07151 0
      vertex 2.58686 1.07151 -4
    endloop
  endfacet
  facet normal 0.83147 0.555569 0
    outer loop
      vertex 2.42487 1.4 0
      vertex 2.22139 1.70453 -4
      vertex 2.22139 1.70453 0
    endloop
  endfacet
  facet normal 0.83147 0.555569 0
    outer loop
      vertex 2.22139 1.70453 -4
      vertex 2.42487 1.4 0
      vertex 2.42487 1.4 -4
    endloop
  endfacet
  facet normal 0.442281 0.896876 -0
    outer loop
      vertex 1.4 2.42487 -4
      vertex 1.07151 2.58686 0
      vertex 1.4 2.42487 0
    endloop
  endfacet
  facet normal 0.442281 0.896876 0
    outer loop
      vertex 1.07151 2.58686 0
      vertex 1.4 2.42487 -4
      vertex 1.07151 2.58686 -4
    endloop
  endfacet
  facet normal 0.321443 0.946929 -0
    outer loop
      vertex 1.07151 2.58686 -4
      vertex 0.724693 2.70459 0
      vertex 1.07151 2.58686 0
    endloop
  endfacet
  facet normal 0.321443 0.946929 0
    outer loop
      vertex 0.724693 2.70459 0
      vertex 1.07151 2.58686 -4
      vertex 0.724693 2.70459 -4
    endloop
  endfacet
  facet normal 0.555569 0.83147 -0
    outer loop
      vertex 1.70453 2.22139 -4
      vertex 1.4 2.42487 0
      vertex 1.70453 2.22139 0
    endloop
  endfacet
  facet normal 0.555569 0.83147 0
    outer loop
      vertex 1.4 2.42487 0
      vertex 1.70453 2.22139 -4
      vertex 1.4 2.42487 -4
    endloop
  endfacet
  facet normal -0.83147 0.555569 0
    outer loop
      vertex -2.42487 1.4 -4
      vertex -2.22139 1.70453 0
      vertex -2.22139 1.70453 -4
    endloop
  endfacet
  facet normal -0.83147 0.555569 0
    outer loop
      vertex -2.22139 1.70453 0
      vertex -2.42487 1.4 -4
      vertex -2.42487 1.4 0
    endloop
  endfacet
  facet normal -0.751844 0.659341 0
    outer loop
      vertex -2.22139 1.70453 -4
      vertex -1.9799 1.9799 0
      vertex -1.9799 1.9799 -4
    endloop
  endfacet
  facet normal -0.751844 0.659341 0
    outer loop
      vertex -1.9799 1.9799 0
      vertex -2.22139 1.70453 -4
      vertex -2.22139 1.70453 0
    endloop
  endfacet
  facet normal -0.946929 0.321443 0
    outer loop
      vertex -2.70459 0.724693 -4
      vertex -2.58686 1.07151 0
      vertex -2.58686 1.07151 -4
    endloop
  endfacet
  facet normal -0.946929 0.321443 0
    outer loop
      vertex -2.58686 1.07151 0
      vertex -2.70459 0.724693 -4
      vertex -2.70459 0.724693 0
    endloop
  endfacet
  facet normal -0.555569 0.83147 0
    outer loop
      vertex -1.4 2.42487 -4
      vertex -1.70453 2.22139 0
      vertex -1.4 2.42487 0
    endloop
  endfacet
  facet normal -0.555569 0.83147 0
    outer loop
      vertex -1.70453 2.22139 0
      vertex -1.4 2.42487 -4
      vertex -1.70453 2.22139 -4
    endloop
  endfacet
  facet normal -0.0654184 0.997858 0
    outer loop
      vertex 0 2.8 -4
      vertex -0.365473 2.77604 0
      vertex 0 2.8 0
    endloop
  endfacet
  facet normal -0.0654184 0.997858 0
    outer loop
      vertex -0.365473 2.77604 0
      vertex 0 2.8 -4
      vertex -0.365473 2.77604 -4
    endloop
  endfacet
  facet normal 0.751844 -0.659341 0
    outer loop
      vertex 1.9799 -1.9799 0
      vertex 2.22139 -1.70453 -4
      vertex 2.22139 -1.70453 0
    endloop
  endfacet
  facet normal 0.751844 -0.659341 0
    outer loop
      vertex 2.22139 -1.70453 -4
      vertex 1.9799 -1.9799 0
      vertex 1.9799 -1.9799 -4
    endloop
  endfacet
  facet normal 0.83147 -0.555569 0
    outer loop
      vertex 2.22139 -1.70453 0
      vertex 2.42487 -1.4 -4
      vertex 2.42487 -1.4 0
    endloop
  endfacet
  facet normal 0.83147 -0.555569 0
    outer loop
      vertex 2.42487 -1.4 -4
      vertex 2.22139 -1.70453 0
      vertex 2.22139 -1.70453 -4
    endloop
  endfacet
  facet normal -0.659341 -0.751844 0
    outer loop
      vertex -1.9799 -1.9799 -4
      vertex -1.70453 -2.22139 0
      vertex -1.9799 -1.9799 0
    endloop
  endfacet
  facet normal -0.659341 -0.751844 -0
    outer loop
      vertex -1.70453 -2.22139 0
      vertex -1.9799 -1.9799 -4
      vertex -1.70453 -2.22139 -4
    endloop
  endfacet
  facet normal -0.321443 -0.946929 0
    outer loop
      vertex -1.07151 -2.58686 -4
      vertex -0.724693 -2.70459 0
      vertex -1.07151 -2.58686 0
    endloop
  endfacet
  facet normal -0.321443 -0.946929 -0
    outer loop
      vertex -0.724693 -2.70459 0
      vertex -1.07151 -2.58686 -4
      vertex -0.724693 -2.70459 -4
    endloop
  endfacet
  facet normal 0.980787 0.195082 0
    outer loop
      vertex 2.77604 0.365473 0
      vertex 2.70459 0.724693 -4
      vertex 2.70459 0.724693 0
    endloop
  endfacet
  facet normal 0.980787 0.195082 0
    outer loop
      vertex 2.70459 0.724693 -4
      vertex 2.77604 0.365473 0
      vertex 2.77604 0.365473 -4
    endloop
  endfacet
  facet normal 0.751844 0.659341 0
    outer loop
      vertex 2.22139 1.70453 0
      vertex 1.9799 1.9799 -4
      vertex 1.9799 1.9799 0
    endloop
  endfacet
  facet normal 0.751844 0.659341 0
    outer loop
      vertex 1.9799 1.9799 -4
      vertex 2.22139 1.70453 0
      vertex 2.22139 1.70453 -4
    endloop
  endfacet
  facet normal 0.195082 0.980787 -0
    outer loop
      vertex 0.724693 2.70459 -4
      vertex 0.365473 2.77604 0
      vertex 0.724693 2.70459 0
    endloop
  endfacet
  facet normal 0.195082 0.980787 0
    outer loop
      vertex 0.365473 2.77604 0
      vertex 0.724693 2.70459 -4
      vertex 0.365473 2.77604 -4
    endloop
  endfacet
  facet normal -0.896876 0.442281 0
    outer loop
      vertex -2.58686 1.07151 -4
      vertex -2.42487 1.4 0
      vertex -2.42487 1.4 -4
    endloop
  endfacet
  facet normal -0.896876 0.442281 0
    outer loop
      vertex -2.42487 1.4 0
      vertex -2.58686 1.07151 -4
      vertex -2.58686 1.07151 0
    endloop
  endfacet
  facet normal -0.195082 0.980787 0
    outer loop
      vertex -0.365473 2.77604 -4
      vertex -0.724693 2.70459 0
      vertex -0.365473 2.77604 0
    endloop
  endfacet
  facet normal -0.195082 0.980787 0
    outer loop
      vertex -0.724693 2.70459 0
      vertex -0.365473 2.77604 -4
      vertex -0.724693 2.70459 -4
    endloop
  endfacet
  facet normal 0.321443 -0.946929 0
    outer loop
      vertex 0.724693 -2.70459 -4
      vertex 1.07151 -2.58686 0
      vertex 0.724693 -2.70459 0
    endloop
  endfacet
  facet normal 0.321443 -0.946929 0
    outer loop
      vertex 1.07151 -2.58686 0
      vertex 0.724693 -2.70459 -4
      vertex 1.07151 -2.58686 -4
    endloop
  endfacet
  facet normal 0.0654184 -0.997858 0
    outer loop
      vertex 0 -2.8 -4
      vertex 0.365473 -2.77604 0
      vertex 0 -2.8 0
    endloop
  endfacet
  facet normal 0.0654184 -0.997858 0
    outer loop
      vertex 0.365473 -2.77604 0
      vertex 0 -2.8 -4
      vertex 0.365473 -2.77604 -4
    endloop
  endfacet
  facet normal 0.195082 -0.980787 0
    outer loop
      vertex 0.365473 -2.77604 -4
      vertex 0.724693 -2.70459 0
      vertex 0.365473 -2.77604 0
    endloop
  endfacet
  facet normal 0.195082 -0.980787 0
    outer loop
      vertex 0.724693 -2.70459 0
      vertex 0.365473 -2.77604 -4
      vertex 0.724693 -2.70459 -4
    endloop
  endfacet
  facet normal 0.442281 -0.896876 0
    outer loop
      vertex 1.07151 -2.58686 -4
      vertex 1.4 -2.42487 0
      vertex 1.07151 -2.58686 0
    endloop
  endfacet
  facet normal 0.442281 -0.896876 0
    outer loop
      vertex 1.4 -2.42487 0
      vertex 1.07151 -2.58686 -4
      vertex 1.4 -2.42487 -4
    endloop
  endfacet
  facet normal 0.659341 -0.751844 0
    outer loop
      vertex 1.70453 -2.22139 -4
      vertex 1.9799 -1.9799 0
      vertex 1.70453 -2.22139 0
    endloop
  endfacet
  facet normal 0.659341 -0.751844 0
    outer loop
      vertex 1.9799 -1.9799 0
      vertex 1.70453 -2.22139 -4
      vertex 1.9799 -1.9799 -4
    endloop
  endfacet
  facet normal 0.555569 -0.83147 0
    outer loop
      vertex 1.4 -2.42487 -4
      vertex 1.70453 -2.22139 0
      vertex 1.4 -2.42487 0
    endloop
  endfacet
  facet normal 0.555569 -0.83147 0
    outer loop
      vertex 1.70453 -2.22139 0
      vertex 1.4 -2.42487 -4
      vertex 1.70453 -2.22139 -4
    endloop
  endfacet
  facet normal 0.946929 -0.321443 0
    outer loop
      vertex 2.58686 -1.07151 0
      vertex 2.70459 -0.724693 -4
      vertex 2.70459 -0.724693 0
    endloop
  endfacet
  facet normal 0.946929 -0.321443 0
    outer loop
      vertex 2.70459 -0.724693 -4
      vertex 2.58686 -1.07151 0
      vertex 2.58686 -1.07151 -4
    endloop
  endfacet
  facet normal 0.997858 -0.0654184 0
    outer loop
      vertex 2.77604 -0.365473 0
      vertex 2.8 0 -4
      vertex 2.8 0 0
    endloop
  endfacet
  facet normal 0.997858 -0.0654184 0
    outer loop
      vertex 2.8 0 -4
      vertex 2.77604 -0.365473 0
      vertex 2.77604 -0.365473 -4
    endloop
  endfacet
  facet normal 0.896876 -0.442281 0
    outer loop
      vertex 2.42487 -1.4 0
      vertex 2.58686 -1.07151 -4
      vertex 2.58686 -1.07151 0
    endloop
  endfacet
  facet normal 0.896876 -0.442281 0
    outer loop
      vertex 2.58686 -1.07151 -4
      vertex 2.42487 -1.4 0
      vertex 2.42487 -1.4 -4
    endloop
  endfacet
  facet normal -0.195082 -0.980787 0
    outer loop
      vertex -0.724693 -2.70459 -4
      vertex -0.365473 -2.77604 0
      vertex -0.724693 -2.70459 0
    endloop
  endfacet
  facet normal -0.195082 -0.980787 -0
    outer loop
      vertex -0.365473 -2.77604 0
      vertex -0.724693 -2.70459 -4
      vertex -0.365473 -2.77604 -4
    endloop
  endfacet
  facet normal -0.555569 -0.83147 0
    outer loop
      vertex -1.70453 -2.22139 -4
      vertex -1.4 -2.42487 0
      vertex -1.70453 -2.22139 0
    endloop
  endfacet
  facet normal -0.555569 -0.83147 -0
    outer loop
      vertex -1.4 -2.42487 0
      vertex -1.70453 -2.22139 -4
      vertex -1.4 -2.42487 -4
    endloop
  endfacet
  facet normal -0.442281 -0.896876 0
    outer loop
      vertex -1.4 -2.42487 -4
      vertex -1.07151 -2.58686 0
      vertex -1.4 -2.42487 0
    endloop
  endfacet
  facet normal -0.442281 -0.896876 -0
    outer loop
      vertex -1.07151 -2.58686 0
      vertex -1.4 -2.42487 -4
      vertex -1.07151 -2.58686 -4
    endloop
  endfacet
  facet normal -0.0654184 -0.997858 0
    outer loop
      vertex -0.365473 -2.77604 -4
      vertex 0 -2.8 0
      vertex -0.365473 -2.77604 0
    endloop
  endfacet
  facet normal -0.0654184 -0.997858 -0
    outer loop
      vertex 0 -2.8 0
      vertex -0.365473 -2.77604 -4
      vertex 0 -2.8 -4
    endloop
  endfacet
  facet normal -0.896876 -0.442281 0
    outer loop
      vertex -2.42487 -1.4 -4
      vertex -2.58686 -1.07151 0
      vertex -2.58686 -1.07151 -4
    endloop
  endfacet
  facet normal -0.896876 -0.442281 0
    outer loop
      vertex -2.58686 -1.07151 0
      vertex -2.42487 -1.4 -4
      vertex -2.42487 -1.4 0
    endloop
  endfacet
  facet normal -0.946929 -0.321443 0
    outer loop
      vertex -2.58686 -1.07151 -4
      vertex -2.70459 -0.724693 0
      vertex -2.70459 -0.724693 -4
    endloop
  endfacet
  facet normal -0.946929 -0.321443 0
    outer loop
      vertex -2.70459 -0.724693 0
      vertex -2.58686 -1.07151 -4
      vertex -2.58686 -1.07151 0
    endloop
  endfacet
  facet normal -0.997858 -0.0654184 0
    outer loop
      vertex -2.77604 -0.365473 -4
      vertex -2.8 0 0
      vertex -2.8 0 -4
    endloop
  endfacet
  facet normal -0.997858 -0.0654184 0
    outer loop
      vertex -2.8 0 0
      vertex -2.77604 -0.365473 -4
      vertex -2.77604 -0.365473 0
    endloop
  endfacet
  facet normal 0 0 -1
    outer loop
      vertex 1.7 0 -4
      vertex 2.8 0 -4
      vertex 2.77604 -0.365473 -4
    endloop
  endfacet
  facet normal 0 0 -1
    outer loop
      vertex 1.68546 -0.221894 -4
      vertex 2.77604 -0.365473 -4
      vertex 2.70459 -0.724693 -4
    endloop
  endfacet
  facet normal 0 0 -1
    outer loop
      vertex 2.8 0 -4
      vertex 1.7 0 -4
      vertex 2.77604 0.365473 -4
    endloop
  endfacet
  facet normal 0 0 -1
    outer loop
      vertex 1.64207 -0.439992 -4
      vertex 2.70459 -0.724693 -4
      vertex 2.58686 -1.07151 -4
    endloop
  endfacet
  facet normal 0 0 -1
    outer loop
      vertex 1.68546 0.221894 -4
      vertex 2.77604 0.365473 -4
      vertex 1.7 0 -4
    endloop
  endfacet
  facet normal 0 0 -1
    outer loop
      vertex 1.57059 -0.650561 -4
      vertex 2.58686 -1.07151 -4
      vertex 2.42487 -1.4 -4
    endloop
  endfacet
  facet normal -0 0 -1
    outer loop
      vertex 2.77604 0.365473 -4
      vertex 1.68546 0.221894 -4
      vertex 2.70459 0.724693 -4
    endloop
  endfacet
  facet normal 0 0 -1
    outer loop
      vertex 1.47224 -0.849999 -4
      vertex 2.42487 -1.4 -4
      vertex 2.22139 -1.70453 -4
    endloop
  endfacet
  facet normal 0 0 -1
    outer loop
      vertex 1.64207 0.439992 -4
      vertex 2.70459 0.724693 -4
      vertex 1.68546 0.221894 -4
    endloop
  endfacet
  facet normal 0 0 -1
    outer loop
      vertex 1.3487 -1.03489 -4
      vertex 2.22139 -1.70453 -4
      vertex 1.9799 -1.9799 -4
    endloop
  endfacet
  facet normal -0 0 -1
    outer loop
      vertex 2.70459 0.724693 -4
      vertex 1.64207 0.439992 -4
      vertex 2.58686 1.07151 -4
    endloop
  endfacet
  facet normal 0 0 -1
    outer loop
      vertex 1.20208 -1.20208 -4
      vertex 1.9799 -1.9799 -4
      vertex 1.70453 -2.22139 -4
    endloop
  endfacet
  facet normal 0 0 -1
    outer loop
      vertex 1.57059 0.650561 -4
      vertex 2.58686 1.07151 -4
      vertex 1.64207 0.439992 -4
    endloop
  endfacet
  facet normal -0 0 -1
    outer loop
      vertex 2.58686 1.07151 -4
      vertex 1.57059 0.650561 -4
      vertex 2.42487 1.4 -4
    endloop
  endfacet
  facet normal 0 0 -1
    outer loop
      vertex 2.77604 -0.365473 -4
      vertex 1.68546 -0.221894 -4
      vertex 1.7 0 -4
    endloop
  endfacet
  facet normal 0 0 -1
    outer loop
      vertex 2.70459 -0.724693 -4
      vertex 1.64207 -0.439992 -4
      vertex 1.68546 -0.221894 -4
    endloop
  endfacet
  facet normal 0 0 -1
    outer loop
      vertex 2.58686 -1.07151 -4
      vertex 1.57059 -0.650561 -4
      vertex 1.64207 -0.439992 -4
    endloop
  endfacet
  facet normal 0 0 -1
    outer loop
      vertex 2.42487 -1.4 -4
      vertex 1.47224 -0.849999 -4
      vertex 1.57059 -0.650561 -4
    endloop
  endfacet
  facet normal 0 0 -1
    outer loop
      vertex 1.03489 -1.3487 -4
      vertex 1.70453 -2.22139 -4
      vertex 1.4 -2.42487 -4
    endloop
  endfacet
  facet normal 0 0 -1
    outer loop
      vertex 2.22139 -1.70453 -4
      vertex 1.3487 -1.03489 -4
      vertex 1.47224 -0.849999 -4
    endloop
  endfacet
  facet normal 0 0 -1
    outer loop
      vertex 1.9799 -1.9799 -4
      vertex 1.20208 -1.20208 -4
      vertex 1.3487 -1.03489 -4
    endloop
  endfacet
  facet normal 0 0 -1
    outer loop
      vertex 0.849999 -1.47224 -4
      vertex 1.4 -2.42487 -4
      vertex 1.07151 -2.58686 -4
    endloop
  endfacet
  facet normal 0 0 -1
    outer loop
      vertex 1.70453 -2.22139 -4
      vertex 1.03489 -1.3487 -4
      vertex 1.20208 -1.20208 -4
    endloop
  endfacet
  facet normal 0 0 -1
    outer loop
      vertex 1.4 -2.42487 -4
      vertex 0.849999 -1.47224 -4
      vertex 1.03489 -1.3487 -4
    endloop
  endfacet
  facet normal 0 0 -1
    outer loop
      vertex 0.650561 -1.57059 -4
      vertex 1.07151 -2.58686 -4
      vertex 0.724693 -2.70459 -4
    endloop
  endfacet
  facet normal 0 0 -1
    outer loop
      vertex 1.07151 -2.58686 -4
      vertex 0.650561 -1.57059 -4
      vertex 0.849999 -1.47224 -4
    endloop
  endfacet
  facet normal 0 0 -1
    outer loop
      vertex 0.724693 -2.70459 -4
      vertex 0.439992 -1.64207 -4
      vertex 0.650561 -1.57059 -4
    endloop
  endfacet
  facet normal 0 0 -1
    outer loop
      vertex 0.365473 -2.77604 -4
      vertex 0.439992 -1.64207 -4
      vertex 0.724693 -2.70459 -4
    endloop
  endfacet
  facet normal 0 0 -1
    outer loop
      vertex 0.365473 -2.77604 -4
      vertex 0.221894 -1.68546 -4
      vertex 0.439992 -1.64207 -4
    endloop
  endfacet
  facet normal 0 0 -1
    outer loop
      vertex 0 -2.8 -4
      vertex 0.221894 -1.68546 -4
      vertex 0.365473 -2.77604 -4
    endloop
  endfacet
  facet normal 0 0 -1
    outer loop
      vertex 0 -2.8 -4
      vertex 0 -1.7 -4
      vertex 0.221894 -1.68546 -4
    endloop
  endfacet
  facet normal 0 0 -1
    outer loop
      vertex 0 -2.8 -4
      vertex -0.221894 -1.68546 -4
      vertex 0 -1.7 -4
    endloop
  endfacet
  facet normal 0 0 -1
    outer loop
      vertex -0.365473 -2.77604 -4
      vertex -0.221894 -1.68546 -4
      vertex 0 -2.8 -4
    endloop
  endfacet
  facet normal 0 0 -1
    outer loop
      vertex -0.365473 -2.77604 -4
      vertex -0.439992 -1.64207 -4
      vertex -0.221894 -1.68546 -4
    endloop
  endfacet
  facet normal 0 0 -1
    outer loop
      vertex -0.724693 -2.70459 -4
      vertex -0.439992 -1.64207 -4
      vertex -0.365473 -2.77604 -4
    endloop
  endfacet
  facet normal -0 0 -1
    outer loop
      vertex -0.439992 -1.64207 -4
      vertex -0.724693 -2.70459 -4
      vertex -0.650561 -1.57059 -4
    endloop
  endfacet
  facet normal 0 0 -1
    outer loop
      vertex -1.07151 -2.58686 -4
      vertex -0.650561 -1.57059 -4
      vertex -0.724693 -2.70459 -4
    endloop
  endfacet
  facet normal -0 0 -1
    outer loop
      vertex -0.650561 -1.57059 -4
      vertex -1.07151 -2.58686 -4
      vertex -0.849999 -1.47224 -4
    endloop
  endfacet
  facet normal 0 0 -1
    outer loop
      vertex -1.4 -2.42487 -4
      vertex -0.849999 -1.47224 -4
      vertex -1.07151 -2.58686 -4
    endloop
  endfacet
  facet normal -0 0 -1
    outer loop
      vertex -0.849999 -1.47224 -4
      vertex -1.4 -2.42487 -4
      vertex -1.03489 -1.3487 -4
    endloop
  endfacet
  facet normal 0 0 -1
    outer loop
      vertex -1.70453 -2.22139 -4
      vertex -1.03489 -1.3487 -4
      vertex -1.4 -2.42487 -4
    endloop
  endfacet
  facet normal -0 0 -1
    outer loop
      vertex -1.03489 -1.3487 -4
      vertex -1.70453 -2.22139 -4
      vertex -1.20208 -1.20208 -4
    endloop
  endfacet
  facet normal 0 0 -1
    outer loop
      vertex -1.9799 -1.9799 -4
      vertex -1.20208 -1.20208 -4
      vertex -1.70453 -2.22139 -4
    endloop
  endfacet
  facet normal -0 0 -1
    outer loop
      vertex -1.20208 -1.20208 -4
      vertex -1.9799 -1.9799 -4
      vertex -1.3487 -1.03489 -4
    endloop
  endfacet
  facet normal 0 0 -1
    outer loop
      vertex -2.22139 -1.70453 -4
      vertex -1.3487 -1.03489 -4
      vertex -1.9799 -1.9799 -4
    endloop
  endfacet
  facet normal -0 0 -1
    outer loop
      vertex -1.3487 -1.03489 -4
      vertex -2.22139 -1.70453 -4
      vertex -1.47224 -0.849999 -4
    endloop
  endfacet
  facet normal -0 0 -1
    outer loop
      vertex -1.47224 -0.849999 -4
      vertex -2.42487 -1.4 -4
      vertex -1.57059 -0.650561 -4
    endloop
  endfacet
  facet normal 0 0 -1
    outer loop
      vertex -2.42487 -1.4 -4
      vertex -1.47224 -0.849999 -4
      vertex -2.22139 -1.70453 -4
    endloop
  endfacet
  facet normal 0 0 -1
    outer loop
      vertex 1.47224 0.849999 -4
      vertex 2.42487 1.4 -4
      vertex 1.57059 0.650561 -4
    endloop
  endfacet
  facet normal -0 0 -1
    outer loop
      vertex 2.42487 1.4 -4
      vertex 1.47224 0.849999 -4
      vertex 2.22139 1.70453 -4
    endloop
  endfacet
  facet normal 0 0 -1
    outer loop
      vertex 1.3487 1.03489 -4
      vertex 2.22139 1.70453 -4
      vertex 1.47224 0.849999 -4
    endloop
  endfacet
  facet normal -0 0 -1
    outer loop
      vertex 2.22139 1.70453 -4
      vertex 1.3487 1.03489 -4
      vertex 1.9799 1.9799 -4
    endloop
  endfacet
  facet normal 0 0 -1
    outer loop
      vertex 1.20208 1.20208 -4
      vertex 1.9799 1.9799 -4
      vertex 1.3487 1.03489 -4
    endloop
  endfacet
  facet normal -0 0 -1
    outer loop
      vertex 1.9799 1.9799 -4
      vertex 1.20208 1.20208 -4
      vertex 1.70453 2.22139 -4
    endloop
  endfacet
  facet normal 0 0 -1
    outer loop
      vertex 1.03489 1.3487 -4
      vertex 1.70453 2.22139 -4
      vertex 1.20208 1.20208 -4
    endloop
  endfacet
  facet normal -0 0 -1
    outer loop
      vertex 1.70453 2.22139 -4
      vertex 1.03489 1.3487 -4
      vertex 1.4 2.42487 -4
    endloop
  endfacet
  facet normal 0 0 -1
    outer loop
      vertex 0.849999 1.47224 -4
      vertex 1.4 2.42487 -4
      vertex 1.03489 1.3487 -4
    endloop
  endfacet
  facet normal -0 0 -1
    outer loop
      vertex 1.4 2.42487 -4
      vertex 0.849999 1.47224 -4
      vertex 1.07151 2.58686 -4
    endloop
  endfacet
  facet normal 0 0 -1
    outer loop
      vertex 0.650561 1.57059 -4
      vertex 1.07151 2.58686 -4
      vertex 0.849999 1.47224 -4
    endloop
  endfacet
  facet normal -0 0 -1
    outer loop
      vertex 1.07151 2.58686 -4
      vertex 0.650561 1.57059 -4
      vertex 0.724693 2.70459 -4
    endloop
  endfacet
  facet normal 0 0 -1
    outer loop
      vertex 0.439992 1.64207 -4
      vertex 0.724693 2.70459 -4
      vertex 0.650561 1.57059 -4
    endloop
  endfacet
  facet normal 0 0 -1
    outer loop
      vertex 0.439992 1.64207 -4
      vertex 0.365473 2.77604 -4
      vertex 0.724693 2.70459 -4
    endloop
  endfacet
  facet normal 0 0 -1
    outer loop
      vertex 0.221894 1.68546 -4
      vertex 0.365473 2.77604 -4
      vertex 0.439992 1.64207 -4
    endloop
  endfacet
  facet normal 0 0 -1
    outer loop
      vertex 0 1.7 -4
      vertex 0.365473 2.77604 -4
      vertex 0.221894 1.68546 -4
    endloop
  endfacet
  facet normal 0 0 -1
    outer loop
      vertex 0 1.7 -4
      vertex 0 2.8 -4
      vertex 0.365473 2.77604 -4
    endloop
  endfacet
  facet normal 0 0 -1
    outer loop
      vertex -0.221894 1.68546 -4
      vertex 0 2.8 -4
      vertex 0 1.7 -4
    endloop
  endfacet
  facet normal 0 0 -1
    outer loop
      vertex -0.221894 1.68546 -4
      vertex -0.365473 2.77604 -4
      vertex 0 2.8 -4
    endloop
  endfacet
  facet normal 0 0 -1
    outer loop
      vertex -0.439992 1.64207 -4
      vertex -0.365473 2.77604 -4
      vertex -0.221894 1.68546 -4
    endloop
  endfacet
  facet normal 0 0 -1
    outer loop
      vertex -0.724693 2.70459 -4
      vertex -0.439992 1.64207 -4
      vertex -0.650561 1.57059 -4
    endloop
  endfacet
  facet normal 0 0 -1
    outer loop
      vertex -0.439992 1.64207 -4
      vertex -0.724693 2.70459 -4
      vertex -0.365473 2.77604 -4
    endloop
  endfacet
  facet normal 0 0 -1
    outer loop
      vertex -1.07151 2.58686 -4
      vertex -0.650561 1.57059 -4
      vertex -0.849999 1.47224 -4
    endloop
  endfacet
  facet normal 0 0 -1
    outer loop
      vertex -1.4 2.42487 -4
      vertex -0.849999 1.47224 -4
      vertex -1.03489 1.3487 -4
    endloop
  endfacet
  facet normal 0 0 -1
    outer loop
      vertex -0.650561 1.57059 -4
      vertex -1.07151 2.58686 -4
      vertex -0.724693 2.70459 -4
    endloop
  endfacet
  facet normal 0 0 -1
    outer loop
      vertex -1.70453 2.22139 -4
      vertex -1.03489 1.3487 -4
      vertex -1.20208 1.20208 -4
    endloop
  endfacet
  facet normal 0 0 -1
    outer loop
      vertex -1.9799 1.9799 -4
      vertex -1.20208 1.20208 -4
      vertex -1.3487 1.03489 -4
    endloop
  endfacet
  facet normal 0 0 -1
    outer loop
      vertex -0.849999 1.47224 -4
      vertex -1.4 2.42487 -4
      vertex -1.07151 2.58686 -4
    endloop
  endfacet
  facet normal 0 0 -1
    outer loop
      vertex -2.22139 1.70453 -4
      vertex -1.3487 1.03489 -4
      vertex -1.47224 0.849999 -4
    endloop
  endfacet
  facet normal 0 0 -1
    outer loop
      vertex -2.42487 1.4 -4
      vertex -1.47224 0.849999 -4
      vertex -1.57059 0.650561 -4
    endloop
  endfacet
  facet normal 0 0 -1
    outer loop
      vertex -2.58686 1.07151 -4
      vertex -1.57059 0.650561 -4
      vertex -1.64207 0.439992 -4
    endloop
  endfacet
  facet normal 0 0 -1
    outer loop
      vertex -2.70459 0.724693 -4
      vertex -1.64207 0.439992 -4
      vertex -1.68546 0.221894 -4
    endloop
  endfacet
  facet normal 0 0 -1
    outer loop
      vertex -1.03489 1.3487 -4
      vertex -1.70453 2.22139 -4
      vertex -1.4 2.42487 -4
    endloop
  endfacet
  facet normal 0 0 -1
    outer loop
      vertex -2.77604 0.365473 -4
      vertex -1.68546 0.221894 -4
      vertex -1.7 0 -4
    endloop
  endfacet
  facet normal 0 0 -1
    outer loop
      vertex -2.58686 -1.07151 -4
      vertex -1.57059 -0.650561 -4
      vertex -2.42487 -1.4 -4
    endloop
  endfacet
  facet normal -0 0 -1
    outer loop
      vertex -1.57059 -0.650561 -4
      vertex -2.58686 -1.07151 -4
      vertex -1.64207 -0.439992 -4
    endloop
  endfacet
  facet normal 0 0 -1
    outer loop
      vertex -1.20208 1.20208 -4
      vertex -1.9799 1.9799 -4
      vertex -1.70453 2.22139 -4
    endloop
  endfacet
  facet normal 0 0 -1
    outer loop
      vertex -2.70459 -0.724693 -4
      vertex -1.64207 -0.439992 -4
      vertex -2.58686 -1.07151 -4
    endloop
  endfacet
  facet normal 0 0 -1
    outer loop
      vertex -1.3487 1.03489 -4
      vertex -2.22139 1.70453 -4
      vertex -1.9799 1.9799 -4
    endloop
  endfacet
  facet normal -0 0 -1
    outer loop
      vertex -1.64207 -0.439992 -4
      vertex -2.70459 -0.724693 -4
      vertex -1.68546 -0.221894 -4
    endloop
  endfacet
  facet normal 0 0 -1
    outer loop
      vertex -1.47224 0.849999 -4
      vertex -2.42487 1.4 -4
      vertex -2.22139 1.70453 -4
    endloop
  endfacet
  facet normal 0 0 -1
    outer loop
      vertex -2.77604 -0.365473 -4
      vertex -1.68546 -0.221894 -4
      vertex -2.70459 -0.724693 -4
    endloop
  endfacet
  facet normal 0 0 -1
    outer loop
      vertex -1.57059 0.650561 -4
      vertex -2.58686 1.07151 -4
      vertex -2.42487 1.4 -4
    endloop
  endfacet
  facet normal -0 0 -1
    outer loop
      vertex -1.68546 -0.221894 -4
      vertex -2.77604 -0.365473 -4
      vertex -1.7 0 -4
    endloop
  endfacet
  facet normal 0 0 -1
    outer loop
      vertex -1.64207 0.439992 -4
      vertex -2.70459 0.724693 -4
      vertex -2.58686 1.07151 -4
    endloop
  endfacet
  facet normal 0 0 -1
    outer loop
      vertex -2.8 0 -4
      vertex -1.7 0 -4
      vertex -2.77604 -0.365473 -4
    endloop
  endfacet
  facet normal 0 0 -1
    outer loop
      vertex -1.68546 0.221894 -4
      vertex -2.77604 0.365473 -4
      vertex -2.70459 0.724693 -4
    endloop
  endfacet
  facet normal 0 0 -1
    outer loop
      vertex -1.7 0 -4
      vertex -2.8 0 -4
      vertex -2.77604 0.365473 -4
    endloop
  endfacet
  facet normal -0.980787 0.195082 0
    outer loop
      vertex -2.77604 0.365473 -4
      vertex -2.70459 0.724693 0
      vertex -2.70459 0.724693 -4
    endloop
  endfacet
  facet normal -0.980787 0.195082 0
    outer loop
      vertex -2.70459 0.724693 0
      vertex -2.77604 0.365473 -4
      vertex -2.77604 0.365473 0
    endloop
  endfacet
  facet normal -0.442281 0.896876 0
    outer loop
      vertex -1.07151 2.58686 -4
      vertex -1.4 2.42487 0
      vertex -1.07151 2.58686 0
    endloop
  endfacet
  facet normal -0.442281 0.896876 0
    outer loop
      vertex -1.4 2.42487 0
      vertex -1.07151 2.58686 -4
      vertex -1.4 2.42487 -4
    endloop
  endfacet
  facet normal 0.980787 -0.195082 0
    outer loop
      vertex 2.70459 -0.724693 0
      vertex 2.77604 -0.365473 -4
      vertex 2.77604 -0.365473 0
    endloop
  endfacet
  facet normal 0.980787 -0.195082 0
    outer loop
      vertex 2.77604 -0.365473 -4
      vertex 2.70459 -0.724693 0
      vertex 2.70459 -0.724693 -4
    endloop
  endfacet
  facet normal -0.83147 -0.555569 0
    outer loop
      vertex -2.22139 -1.70453 -4
      vertex -2.42487 -1.4 0
      vertex -2.42487 -1.4 -4
    endloop
  endfacet
  facet normal -0.83147 -0.555569 0
    outer loop
      vertex -2.42487 -1.4 0
      vertex -2.22139 -1.70453 -4
      vertex -2.22139 -1.70453 0
    endloop
  endfacet
  facet normal -0.980787 -0.195082 0
    outer loop
      vertex -2.70459 -0.724693 -4
      vertex -2.77604 -0.365473 0
      vertex -2.77604 -0.365473 -4
    endloop
  endfacet
  facet normal -0.980787 -0.195082 0
    outer loop
      vertex -2.77604 -0.365473 0
      vertex -2.70459 -0.724693 -4
      vertex -2.70459 -0.724693 0
    endloop
  endfacet
  facet normal -0.0783585 -0.996925 0
    outer loop
      vertex 0.809262 2.42904 1
      vertex 1.60468 2.36652 2
      vertex 0.809262 2.42904 2
    endloop
  endfacet
  facet normal -0.0783585 -0.996925 -0
    outer loop
      vertex 1.60468 2.36652 2
      vertex 0.809262 2.42904 1
      vertex 1.60468 2.36652 1
    endloop
  endfacet
  facet normal 0.364147 0.593182 -0.718006
    outer loop
      vertex -0.451775 0.883758 12.8762
      vertex -0.461592 0.778909 12.7846
      vertex -0.536161 0.824686 12.7846
    endloop
  endfacet
  facet normal -0.576235 0.719106 -0.388381
    outer loop
      vertex 5.72805 -0.937574 2
      vertex 5.36936 -1.225 2
      vertex 0.818267 0.760485 12.4286
    endloop
  endfacet
  facet normal 0.986523 0.163624 0
    outer loop
      vertex -6.14696 -0.319789 2
      vertex -6.2 0 1
      vertex -6.2 0 2
    endloop
  endfacet
  facet normal 0.986523 0.163624 0
    outer loop
      vertex -6.2 0 1
      vertex -6.14696 -0.319789 2
      vertex -6.14696 -0.319789 1
    endloop
  endfacet
  facet normal -0.243671 0.922894 -0.298146
    outer loop
      vertex 3.77432 -1.94372 2
      vertex 3.1 -2.12176 2
      vertex 0.394701 0.532974 12.4286
    endloop
  endfacet
  facet normal -0.893218 -0.449624 0
    outer loop
      vertex 6.14696 0.319789 1
      vertex 5.98874 0.634107 2
      vertex 5.98874 0.634107 1
    endloop
  endfacet
  facet normal -0.893218 -0.449624 0
    outer loop
      vertex 5.98874 0.634107 2
      vertex 6.14696 0.319789 1
      vertex 6.14696 0.319789 2
    endloop
  endfacet
  facet normal -0.527226 0.371434 -0.764244
    outer loop
      vertex 0.590272 1.02885 12.8762
      vertex 0.700529 0.996881 12.7846
      vertex 0.553308 0.976382 12.8762
    endloop
  endfacet
  facet normal 0.21358 0.898836 -0.382723
    outer loop
      vertex -0.365917 0.581616 12.5589
      vertex -0.247479 0.553473 12.5589
      vertex -0.394701 0.532974 12.4286
    endloop
  endfacet
  facet normal 0.310911 0.89714 -0.313806
    outer loop
      vertex -0.515701 0.574744 12.4286
      vertex -3.77432 -1.94372 2
      vertex -4.38406 -1.73241 2
    endloop
  endfacet
  facet normal 0.0338815 0.738443 -0.673464
    outer loop
      vertex -0.0833931 0.756592 12.8762
      vertex 0 0.669226 12.7846
      vertex -0.0989704 0.673767 12.7846
    endloop
  endfacet
  facet normal 0.0456915 -0.99474 -0.0916735
    outer loop
      vertex 0 2.00328 11.9952
      vertex 0 1.98953 12.1444
      vertex -0.149783 1.9964 11.9952
    endloop
  endfacet
  facet normal 0.694148 -0.662568 -0.281357
    outer loop
      vertex -0.863937 1.66405 12.2897
      vertex -0.943075 1.58114 12.2897
      vertex -5.72805 0.937574 2
    endloop
  endfacet
  facet normal -0.646703 0.617307 -0.448003
    outer loop
      vertex 0.828084 0.865333 12.5589
      vertex 0.818267 0.760485 12.4286
      vertex 0.758596 0.792536 12.5589
    endloop
  endfacet
  facet normal -0.830753 -0.418181 -0.36739
    outer loop
      vertex 5.98874 0.634107 2
      vertex 6.14696 0.319789 2
      vertex 0.952892 1.47629 12.4286
    endloop
  endfacet
  facet normal -0.480562 0.602073 -0.637627
    outer loop
      vertex 0.685946 0.831558 12.6782
      vertex 0.611375 0.772037 12.6782
      vertex 0.536161 0.824686 12.7846
    endloop
  endfacet
  facet normal -0.111513 0.323046 -0.93979
    outer loop
      vertex 0.184827 0.975908 13.009
      vertex 0.14146 0.960938 13.009
      vertex 0.0858564 1.05491 13.0479
    endloop
  endfacet
  facet normal -0.893218 0.449624 0
    outer loop
      vertex 5.98874 -0.634107 1
      vertex 6.14696 -0.319789 2
      vertex 6.14696 -0.319789 1
    endloop
  endfacet
  facet normal -0.893218 0.449624 0
    outer loop
      vertex 6.14696 -0.319789 2
      vertex 5.98874 -0.634107 1
      vertex 5.98874 -0.634107 2
    endloop
  endfacet
  facet normal 0.487537 0.794193 -0.36272
    outer loop
      vertex -0.729312 0.689481 12.4286
      vertex -0.627878 0.627213 12.4286
      vertex -5.36936 -1.225 2
    endloop
  endfacet
  facet normal 0.447073 0.72828 -0.51936
    outer loop
      vertex -0.526344 0.719837 12.6782
      vertex -0.582091 0.668982 12.5589
      vertex -0.676128 0.726709 12.5589
    endloop
  endfacet
  facet normal -0.772112 -0.543966 -0.328548
    outer loop
      vertex 5.98874 0.634107 2
      vertex 1.00608 1.49171 12.2897
      vertex 0.943075 1.58114 12.2897
    endloop
  endfacet
  facet normal -0.724122 -0.622049 -0.297829
    outer loop
      vertex 5.72805 0.937574 2
      vertex 5.98874 0.634107 2
      vertex 0.943075 1.58114 12.2897
    endloop
  endfacet
  facet normal -0.687568 -0.195395 -0.699336
    outer loop
      vertex 0.835155 1.35664 12.6782
      vertex 0.75176 1.26928 12.7846
      vertex 0.73241 1.33737 12.7846
    endloop
  endfacet
  facet normal -0.499384 -0.0467648 -0.865118
    outer loop
      vertex 0.633439 1.25838 12.8762
      vertex 0.638906 1.2 12.8762
      vertex 0.50428 1.24647 12.9514
    endloop
  endfacet
  facet normal -0.327451 -0.944868 0
    outer loop
      vertex 3.77432 1.94372 1
      vertex 4.38406 1.73241 2
      vertex 3.77432 1.94372 2
    endloop
  endfacet
  facet normal -0.327451 -0.944868 -0
    outer loop
      vertex 4.38406 1.73241 2
      vertex 3.77432 1.94372 1
      vertex 4.38406 1.73241 1
    endloop
  endfacet
  facet normal -0.607987 -0.75873 -0.233838
    outer loop
      vertex 5.36936 1.225 2
      vertex 5.72805 0.937574 2
      vertex 0.863937 1.66405 12.2897
    endloop
  endfacet
  facet normal 0.419135 -0.896227 -0.145271
    outer loop
      vertex -0.563951 1.88375 12.1444
      vertex -0.686624 1.82638 12.1444
      vertex -4.91879 1.49146 2
    endloop
  endfacet
  facet normal -0.513914 -0.837077 -0.187603
    outer loop
      vertex 5.36936 1.225 2
      vertex 0.797547 1.75828 12.1444
      vertex 0.686624 1.82638 12.1444
    endloop
  endfacet
  facet normal -0.325516 -0.939283 -0.108568
    outer loop
      vertex 3.77432 1.94372 2
      vertex 4.38406 1.73241 2
      vertex 0.563951 1.88375 12.1444
    endloop
  endfacet
  facet normal 0.511813 -0.833654 -0.207531
    outer loop
      vertex -0.686624 1.82638 12.1444
      vertex -0.770018 1.73901 12.2897
      vertex -0.797547 1.75828 12.1444
    endloop
  endfacet
  facet normal -0.309852 0.897584 -0.313582
    outer loop
      vertex 0.515701 0.574744 12.4286
      vertex 3.77432 -1.94372 2
      vertex 0.394701 0.532974 12.4286
    endloop
  endfacet
  facet normal 0.467905 0.226883 -0.85416
    outer loop
      vertex -0.491301 1.10785 12.9514
      vertex -0.590272 1.02885 12.8762
      vertex -0.617135 1.08425 12.8762
    endloop
  endfacet
  facet normal 0.309852 0.897584 -0.313582
    outer loop
      vertex -0.515701 0.574744 12.4286
      vertex -0.394701 0.532974 12.4286
      vertex -3.77432 -1.94372 2
    endloop
  endfacet
  facet normal -0.856895 0.243515 -0.454347
    outer loop
      vertex 1.02258 1.10576 12.4286
      vertex 6.14696 -0.319789 2
      vertex 0.996259 1.01314 12.4286
    endloop
  endfacet
  facet normal -0.727487 0.352816 -0.588459
    outer loop
      vertex 0.835155 1.04335 12.6782
      vertex 0.883404 0.943857 12.5589
      vertex 0.7988 0.968388 12.6782
    endloop
  endfacet
  facet normal -0.300317 0.869968 -0.391108
    outer loop
      vertex 0.478094 0.62034 12.5589
      vertex 0.394701 0.532974 12.4286
      vertex 0.365917 0.581616 12.5589
    endloop
  endfacet
  facet normal -0.758545 0.65162 0
    outer loop
      vertex 5.72805 -0.937574 1
      vertex 5.98874 -0.634107 2
      vertex 5.98874 -0.634107 1
    endloop
  endfacet
  facet normal -0.758545 0.65162 0
    outer loop
      vertex 5.98874 -0.634107 2
      vertex 5.72805 -0.937574 1
      vertex 5.72805 -0.937574 2
    endloop
  endfacet
  facet normal -0.327451 0.944868 0
    outer loop
      vertex 4.38406 -1.73241 1
      vertex 3.77432 -1.94372 2
      vertex 4.38406 -1.73241 2
    endloop
  endfacet
  facet normal -0.327451 0.944868 0
    outer loop
      vertex 3.77432 -1.94372 2
      vertex 4.38406 -1.73241 1
      vertex 3.77432 -1.94372 1
    endloop
  endfacet
  facet normal -0.0783585 0.996925 0
    outer loop
      vertex 1.60468 -2.36652 1
      vertex 0.809262 -2.42904 2
      vertex 1.60468 -2.36652 2
    endloop
  endfacet
  facet normal -0.0783585 0.996925 0
    outer loop
      vertex 0.809262 -2.42904 2
      vertex 1.60468 -2.36652 1
      vertex 0.809262 -2.42904 1
    endloop
  endfacet
  facet normal -0.132957 0.991122 0
    outer loop
      vertex 2.37264 -2.2635 1
      vertex 1.60468 -2.36652 2
      vertex 2.37264 -2.2635 2
    endloop
  endfacet
  facet normal -0.132957 0.991122 0
    outer loop
      vertex 1.60468 -2.36652 2
      vertex 2.37264 -2.2635 1
      vertex 1.60468 -2.36652 1
    endloop
  endfacet
  facet normal -0.220957 0.929903 -0.294038
    outer loop
      vertex 0.394701 0.532974 12.4286
      vertex 3.1 -2.12176 2
      vertex 0.266947 0.502618 12.4286
    endloop
  endfacet
  facet normal 0.327451 0.944868 -0
    outer loop
      vertex -3.77432 -1.94372 1
      vertex -4.38406 -1.73241 2
      vertex -3.77432 -1.94372 2
    endloop
  endfacet
  facet normal 0.327451 0.944868 0
    outer loop
      vertex -4.38406 -1.73241 2
      vertex -3.77432 -1.94372 1
      vertex -4.38406 -1.73241 1
    endloop
  endfacet
  facet normal 0.758545 0.65162 0
    outer loop
      vertex -5.72805 -0.937574 2
      vertex -5.98874 -0.634107 1
      vertex -5.98874 -0.634107 2
    endloop
  endfacet
  facet normal 0.758545 0.65162 0
    outer loop
      vertex -5.98874 -0.634107 1
      vertex -5.72805 -0.937574 2
      vertex -5.72805 -0.937574 1
    endloop
  endfacet
  facet normal 0.509032 0.860747 -0
    outer loop
      vertex -4.91879 -1.49146 1
      vertex -5.36936 -1.225 2
      vertex -4.91879 -1.49146 2
    endloop
  endfacet
  facet normal 0.509032 0.860747 0
    outer loop
      vertex -5.36936 -1.225 2
      vertex -4.91879 -1.49146 1
      vertex -5.36936 -1.225 1
    endloop
  endfacet
  facet normal 0.658905 0.628957 -0.412623
    outer loop
      vertex -0.893221 0.839008 12.4286
      vertex -0.818267 0.760485 12.4286
      vertex -5.72805 -0.937574 2
    endloop
  endfacet
  facet normal -0.213576 0.898839 -0.382719
    outer loop
      vertex 0.394701 0.532974 12.4286
      vertex 0.266947 0.502618 12.4286
      vertex 0.247479 0.553473 12.5589
    endloop
  endfacet
  facet normal 0.375115 -0.10658 -0.920831
    outer loop
      vertex -0.357059 1.26697 13.009
      vertex -0.366492 1.23377 13.009
      vertex -0.50428 1.24647 12.9514
    endloop
  endfacet
  facet normal -0.694148 -0.662568 -0.281357
    outer loop
      vertex 5.72805 0.937574 2
      vertex 0.943075 1.58114 12.2897
      vertex 0.863937 1.66405 12.2897
    endloop
  endfacet
  facet normal -0.500633 -0.846544 -0.180911
    outer loop
      vertex 4.91879 1.49146 2
      vertex 5.36936 1.225 2
      vertex 0.686624 1.82638 12.1444
    endloop
  endfacet
  facet normal 0.791077 -0.0740608 -0.607217
    outer loop
      vertex -0.857219 1.279 12.6782
      vertex -0.864615 1.2 12.6782
      vertex -0.948009 1.28736 12.5589
    endloop
  endfacet
  facet normal -0.41082 -0.911716 0
    outer loop
      vertex 4.38406 1.73241 1
      vertex 4.91879 1.49146 2
      vertex 4.38406 1.73241 2
    endloop
  endfacet
  facet normal -0.41082 -0.911716 -0
    outer loop
      vertex 4.91879 1.49146 2
      vertex 4.38406 1.73241 1
      vertex 4.91879 1.49146 1
    endloop
  endfacet
  facet normal -0.419135 -0.896227 -0.145271
    outer loop
      vertex 4.91879 1.49146 2
      vertex 0.686624 1.82638 12.1444
      vertex 0.563951 1.88375 12.1444
    endloop
  endfacet
  facet normal -0.132957 -0.991122 0
    outer loop
      vertex 1.60468 2.36652 1
      vertex 2.37264 2.2635 2
      vertex 1.60468 2.36652 2
    endloop
  endfacet
  facet normal -0.132957 -0.991122 -0
    outer loop
      vertex 2.37264 2.2635 2
      vertex 1.60468 2.36652 1
      vertex 2.37264 2.2635 1
    endloop
  endfacet
  facet normal -0.191271 -0.981537 0
    outer loop
      vertex 2.37264 2.2635 1
      vertex 3.1 2.12176 2
      vertex 2.37264 2.2635 2
    endloop
  endfacet
  facet normal -0.191271 -0.981537 -0
    outer loop
      vertex 3.1 2.12176 2
      vertex 2.37264 2.2635 1
      vertex 3.1 2.12176 1
    endloop
  endfacet
  facet normal -0.190831 -0.979278 -0.0678052
    outer loop
      vertex 2.37264 2.2635 2
      vertex 3.1 2.12176 2
      vertex 0.297004 1.97591 11.9952
    endloop
  endfacet
  facet normal 0.0403761 0.88017 -0.472938
    outer loop
      vertex 0 0.594769 12.6782
      vertex 0 0.530666 12.5589
      vertex -0.112855 0.599946 12.6782
    endloop
  endfacet
  facet normal -0.365836 0.78216 -0.50437
    outer loop
      vertex 0.582091 0.668982 12.5589
      vertex 0.478094 0.62034 12.5589
      vertex 0.432307 0.675854 12.6782
    endloop
  endfacet
  facet normal -0.191271 0.981537 0
    outer loop
      vertex 3.1 -2.12176 1
      vertex 2.37264 -2.2635 2
      vertex 3.1 -2.12176 2
    endloop
  endfacet
  facet normal -0.191271 0.981537 0
    outer loop
      vertex 2.37264 -2.2635 2
      vertex 3.1 -2.12176 1
      vertex 2.37264 -2.2635 1
    endloop
  endfacet
  facet normal -0.132365 0.950656 -0.280594
    outer loop
      vertex 0.266947 0.502618 12.4286
      vertex 0.281846 0.463695 12.2897
      vertex 0.134624 0.484194 12.4286
    endloop
  endfacet
  facet normal -0.574952 0.72031 -0.388051
    outer loop
      vertex 0.818267 0.760485 12.4286
      vertex 5.36936 -1.225 2
      vertex 0.729312 0.689481 12.4286
    endloop
  endfacet
  facet normal -0.789307 0.382752 -0.4801
    outer loop
      vertex 0.996259 1.01314 12.4286
      vertex 0.952892 0.923709 12.4286
      vertex 0.923608 1.02676 12.5589
    endloop
  endfacet
  facet normal -0.447077 -0.728264 -0.519378
    outer loop
      vertex 0.676128 1.67329 12.5589
      vertex 0.611375 1.62796 12.6782
      vertex 0.526344 1.68016 12.6782
    endloop
  endfacet
  facet normal -0.607882 0.0569252 -0.791984
    outer loop
      vertex 0.638906 1.2 12.8762
      vertex 0.75176 1.13072 12.7846
      vertex 0.633439 1.14162 12.8762
    endloop
  endfacet
  facet normal -0.509032 0.860747 0
    outer loop
      vertex 5.36936 -1.225 1
      vertex 4.91879 -1.49146 2
      vertex 5.36936 -1.225 2
    endloop
  endfacet
  facet normal -0.509032 0.860747 0
    outer loop
      vertex 4.91879 -1.49146 2
      vertex 5.36936 -1.225 1
      vertex 4.91879 -1.49146 1
    endloop
  endfacet
  facet normal -0.562862 0.705153 -0.431215
    outer loop
      vertex 0.758596 0.792536 12.5589
      vertex 0.818267 0.760485 12.4286
      vertex 0.676128 0.726709 12.5589
    endloop
  endfacet
  facet normal -0.284087 0.822953 -0.491978
    outer loop
      vertex 0.432307 0.675854 12.6782
      vertex 0.478094 0.62034 12.5589
      vertex 0.365917 0.581616 12.5589
    endloop
  endfacet
  facet normal -0.41082 0.911716 0
    outer loop
      vertex 4.91879 -1.49146 1
      vertex 4.38406 -1.73241 2
      vertex 4.91879 -1.49146 2
    endloop
  endfacet
  facet normal -0.41082 0.911716 0
    outer loop
      vertex 4.38406 -1.73241 2
      vertex 4.91879 -1.49146 1
      vertex 4.38406 -1.73241 1
    endloop
  endfacet
  facet normal -0.310911 0.89714 -0.313806
    outer loop
      vertex 4.38406 -1.73241 2
      vertex 3.77432 -1.94372 2
      vertex 0.515701 0.574744 12.4286
    endloop
  endfacet
  facet normal -0.986523 0.163624 0
    outer loop
      vertex 6.14696 -0.319789 1
      vertex 6.2 0 2
      vertex 6.2 0 1
    endloop
  endfacet
  facet normal -0.986523 0.163624 0
    outer loop
      vertex 6.2 0 2
      vertex 6.14696 -0.319789 1
      vertex 6.14696 -0.319789 2
    endloop
  endfacet
  facet normal 0.132957 0.991122 -0
    outer loop
      vertex -1.60468 -2.36652 1
      vertex -2.37264 -2.2635 2
      vertex -1.60468 -2.36652 2
    endloop
  endfacet
  facet normal 0.132957 0.991122 0
    outer loop
      vertex -2.37264 -2.2635 2
      vertex -1.60468 -2.36652 1
      vertex -2.37264 -2.2635 1
    endloop
  endfacet
  facet normal 0.255281 0.966867 -0
    outer loop
      vertex -3.1 -2.12176 1
      vertex -3.77432 -1.94372 2
      vertex -3.1 -2.12176 2
    endloop
  endfacet
  facet normal 0.255281 0.966867 0
    outer loop
      vertex -3.77432 -1.94372 2
      vertex -3.1 -2.12176 1
      vertex -3.77432 -1.94372 1
    endloop
  endfacet
  facet normal 0.475151 0.803456 -0.358734
    outer loop
      vertex -0.627878 0.627213 12.4286
      vertex -4.91879 -1.49146 2
      vertex -5.36936 -1.225 2
    endloop
  endfacet
  facet normal 0.360375 0.17477 -0.916289
    outer loop
      vertex -0.357059 1.13303 13.009
      vertex -0.469914 1.06375 12.9514
      vertex -0.491301 1.10785 12.9514
    endloop
  endfacet
  facet normal 0.51181 -0.833655 -0.207533
    outer loop
      vertex -0.686624 1.82638 12.1444
      vertex -0.662922 1.80476 12.2897
      vertex -0.770018 1.73901 12.2897
    endloop
  endfacet
  facet normal 0.986523 -0.163624 0
    outer loop
      vertex -6.2 0 2
      vertex -6.14696 0.319789 1
      vertex -6.14696 0.319789 2
    endloop
  endfacet
  facet normal 0.986523 -0.163624 0
    outer loop
      vertex -6.14696 0.319789 1
      vertex -6.2 0 2
      vertex -6.2 0 1
    endloop
  endfacet
  facet normal 0.497101 -0.809747 -0.311769
    outer loop
      vertex -0.627878 1.77279 12.4286
      vertex -0.729312 1.71052 12.4286
      vertex -0.770018 1.73901 12.2897
    endloop
  endfacet
  facet normal -0.625324 -0.780366 0
    outer loop
      vertex 5.36936 1.225 1
      vertex 5.72805 0.937574 2
      vertex 5.36936 1.225 2
    endloop
  endfacet
  facet normal -0.625324 -0.780366 -0
    outer loop
      vertex 5.72805 0.937574 2
      vertex 5.36936 1.225 1
      vertex 5.72805 0.937574 1
    endloop
  endfacet
  facet normal -0.758545 -0.65162 0
    outer loop
      vertex 5.98874 0.634107 1
      vertex 5.72805 0.937574 2
      vertex 5.72805 0.937574 1
    endloop
  endfacet
  facet normal -0.758545 -0.65162 0
    outer loop
      vertex 5.72805 0.937574 2
      vertex 5.98874 0.634107 1
      vertex 5.98874 0.634107 2
    endloop
  endfacet
  facet normal -0.30085 -0.643259 -0.704064
    outer loop
      vertex 0.461592 1.62109 12.7846
      vertex 0.388941 1.55481 12.8762
      vertex 0.379124 1.65966 12.7846
    endloop
  endfacet
  facet normal -0.607882 -0.0569252 -0.791984
    outer loop
      vertex 0.75176 1.26928 12.7846
      vertex 0.638906 1.2 12.8762
      vertex 0.633439 1.25838 12.8762
    endloop
  endfacet
  facet normal 0.724122 -0.622049 -0.297829
    outer loop
      vertex -5.72805 0.937574 2
      vertex -0.943075 1.58114 12.2897
      vertex -5.98874 0.634107 2
    endloop
  endfacet
  facet normal -0.108273 -0.103354 -0.988734
    outer loop
      vertex 0.177992 1.2956 13.0479
      vertex 0.194296 1.27852 13.0479
      vertex 0.0596704 1.23205 13.0675
    endloop
  endfacet
  facet normal -0.687567 -0.195395 -0.699337
    outer loop
      vertex 0.835155 1.35664 12.6782
      vertex 0.857219 1.279 12.6782
      vertex 0.75176 1.26928 12.7846
    endloop
  endfacet
  facet normal -0.879852 0.145932 -0.452288
    outer loop
      vertex 6.2 0 2
      vertex 6.14696 -0.319789 2
      vertex 1.02258 1.10576 12.4286
    endloop
  endfacet
  facet normal -0.764945 -0.538917 -0.352743
    outer loop
      vertex 1.00608 1.49171 12.2897
      vertex 0.952892 1.47629 12.4286
      vertex 0.943075 1.58114 12.2897
    endloop
  endfacet
  facet normal -0.680628 -0.649717 -0.338545
    outer loop
      vertex 0.943075 1.58114 12.2897
      vertex 0.893221 1.56099 12.4286
      vertex 0.818267 1.63951 12.4286
    endloop
  endfacet
  facet normal -0.509032 -0.860747 0
    outer loop
      vertex 4.91879 1.49146 1
      vertex 5.36936 1.225 2
      vertex 4.91879 1.49146 2
    endloop
  endfacet
  facet normal -0.509032 -0.860747 -0
    outer loop
      vertex 5.36936 1.225 2
      vertex 4.91879 1.49146 1
      vertex 5.36936 1.225 1
    endloop
  endfacet
  facet normal -0.255281 -0.966867 0
    outer loop
      vertex 3.1 2.12176 1
      vertex 3.77432 1.94372 2
      vertex 3.1 2.12176 2
    endloop
  endfacet
  facet normal -0.255281 -0.966867 -0
    outer loop
      vertex 3.77432 1.94372 2
      vertex 3.1 2.12176 1
      vertex 3.77432 1.94372 1
    endloop
  endfacet
  facet normal 0 0 1
    outer loop
      vertex 6.14696 0.319789 1
      vertex 6.14696 -0.319789 1
      vertex 6.2 0 1
    endloop
  endfacet
  facet normal 0 0 1
    outer loop
      vertex 5.98874 0.634107 1
      vertex 6.14696 -0.319789 1
      vertex 6.14696 0.319789 1
    endloop
  endfacet
  facet normal 0 0 1
    outer loop
      vertex 5.98874 0.634107 1
      vertex 5.98874 -0.634107 1
      vertex 6.14696 -0.319789 1
    endloop
  endfacet
  facet normal 0 0 1
    outer loop
      vertex 5.72805 0.937574 1
      vertex 5.98874 -0.634107 1
      vertex 5.98874 0.634107 1
    endloop
  endfacet
  facet normal 0 0 1
    outer loop
      vertex 5.72805 0.937574 1
      vertex 5.72805 -0.937574 1
      vertex 5.98874 -0.634107 1
    endloop
  endfacet
  facet normal 0 0 1
    outer loop
      vertex 5.36936 1.225 1
      vertex 5.72805 -0.937574 1
      vertex 5.72805 0.937574 1
    endloop
  endfacet
  facet normal 0 0 1
    outer loop
      vertex 5.36936 1.225 1
      vertex 5.36936 -1.225 1
      vertex 5.72805 -0.937574 1
    endloop
  endfacet
  facet normal 0 0 1
    outer loop
      vertex 4.91879 1.49146 1
      vertex 5.36936 -1.225 1
      vertex 5.36936 1.225 1
    endloop
  endfacet
  facet normal 0 0 1
    outer loop
      vertex 4.91879 1.49146 1
      vertex 4.91879 -1.49146 1
      vertex 5.36936 -1.225 1
    endloop
  endfacet
  facet normal 0 0 1
    outer loop
      vertex 4.38406 1.73241 1
      vertex 4.91879 -1.49146 1
      vertex 4.91879 1.49146 1
    endloop
  endfacet
  facet normal 0 0 1
    outer loop
      vertex 4.38406 1.73241 1
      vertex 4.38406 -1.73241 1
      vertex 4.91879 -1.49146 1
    endloop
  endfacet
  facet normal 0 0 1
    outer loop
      vertex 1.7 0 1
      vertex 4.38406 1.73241 1
      vertex 3.77432 1.94372 1
    endloop
  endfacet
  facet normal 0 0 1
    outer loop
      vertex 4.38406 1.73241 1
      vertex 1.7 0 1
      vertex 4.38406 -1.73241 1
    endloop
  endfacet
  facet normal 0 0 1
    outer loop
      vertex 1.64207 0.439992 1
      vertex 3.77432 1.94372 1
      vertex 3.1 2.12176 1
    endloop
  endfacet
  facet normal 0 0 1
    outer loop
      vertex 4.38406 -1.73241 1
      vertex 1.7 0 1
      vertex 3.77432 -1.94372 1
    endloop
  endfacet
  facet normal 0 0 1
    outer loop
      vertex 1.57059 0.650561 1
      vertex 3.1 2.12176 1
      vertex 2.37264 2.2635 1
    endloop
  endfacet
  facet normal 0 0 1
    outer loop
      vertex 3.77432 1.94372 1
      vertex 1.68546 0.221894 1
      vertex 1.7 0 1
    endloop
  endfacet
  facet normal -0 0 1
    outer loop
      vertex 1.64207 -0.439992 1
      vertex 3.77432 -1.94372 1
      vertex 1.68546 -0.221894 1
    endloop
  endfacet
  facet normal -0 0 1
    outer loop
      vertex 1.68546 -0.221894 1
      vertex 3.77432 -1.94372 1
      vertex 1.7 0 1
    endloop
  endfacet
  facet normal 0 0 1
    outer loop
      vertex 3.77432 1.94372 1
      vertex 1.64207 0.439992 1
      vertex 1.68546 0.221894 1
    endloop
  endfacet
  facet normal 0 0 1
    outer loop
      vertex 1.3487 1.03489 1
      vertex 2.37264 2.2635 1
      vertex 1.60468 2.36652 1
    endloop
  endfacet
  facet normal 0 0 1
    outer loop
      vertex 3.1 2.12176 1
      vertex 1.57059 0.650561 1
      vertex 1.64207 0.439992 1
    endloop
  endfacet
  facet normal 0 0 1
    outer loop
      vertex 2.37264 2.2635 1
      vertex 1.47224 0.849999 1
      vertex 1.57059 0.650561 1
    endloop
  endfacet
  facet normal 0 0 1
    outer loop
      vertex 2.37264 2.2635 1
      vertex 1.3487 1.03489 1
      vertex 1.47224 0.849999 1
    endloop
  endfacet
  facet normal 0 0 1
    outer loop
      vertex 1.60468 2.36652 1
      vertex 1.20208 1.20208 1
      vertex 1.3487 1.03489 1
    endloop
  endfacet
  facet normal 0 0 1
    outer loop
      vertex 1.60468 2.36652 1
      vertex 1.03489 1.3487 1
      vertex 1.20208 1.20208 1
    endloop
  endfacet
  facet normal 0 0 1
    outer loop
      vertex 1.60468 2.36652 1
      vertex 0.849999 1.47224 1
      vertex 1.03489 1.3487 1
    endloop
  endfacet
  facet normal 0 0 1
    outer loop
      vertex 0.809262 2.42904 1
      vertex 0.849999 1.47224 1
      vertex 1.60468 2.36652 1
    endloop
  endfacet
  facet normal 0 0 1
    outer loop
      vertex 0.809262 2.42904 1
      vertex 0.650561 1.57059 1
      vertex 0.849999 1.47224 1
    endloop
  endfacet
  facet normal 0 0 1
    outer loop
      vertex 0.809262 2.42904 1
      vertex 0.439992 1.64207 1
      vertex 0.650561 1.57059 1
    endloop
  endfacet
  facet normal 0 0 1
    outer loop
      vertex 0.809262 2.42904 1
      vertex 0.221894 1.68546 1
      vertex 0.439992 1.64207 1
    endloop
  endfacet
  facet normal 0 0 1
    outer loop
      vertex 0 2.45 1
      vertex 0.221894 1.68546 1
      vertex 0.809262 2.42904 1
    endloop
  endfacet
  facet normal 0 0 1
    outer loop
      vertex 0 2.45 1
      vertex 0 1.7 1
      vertex 0.221894 1.68546 1
    endloop
  endfacet
  facet normal 0 0 1
    outer loop
      vertex 0 2.45 1
      vertex -0.221894 1.68546 1
      vertex 0 1.7 1
    endloop
  endfacet
  facet normal -0 0 1
    outer loop
      vertex -0.809262 2.42904 1
      vertex -0.221894 1.68546 1
      vertex 0 2.45 1
    endloop
  endfacet
  facet normal 0 0 1
    outer loop
      vertex -0.221894 1.68546 1
      vertex -0.809262 2.42904 1
      vertex -0.439992 1.64207 1
    endloop
  endfacet
  facet normal 0 0 1
    outer loop
      vertex -0.439992 1.64207 1
      vertex -0.809262 2.42904 1
      vertex -0.650561 1.57059 1
    endloop
  endfacet
  facet normal 0 0 1
    outer loop
      vertex -0.809262 2.42904 1
      vertex -0.849999 1.47224 1
      vertex -0.650561 1.57059 1
    endloop
  endfacet
  facet normal -0 0 1
    outer loop
      vertex -1.60468 2.36652 1
      vertex -0.849999 1.47224 1
      vertex -0.809262 2.42904 1
    endloop
  endfacet
  facet normal 0 0 1
    outer loop
      vertex -0.849999 1.47224 1
      vertex -1.60468 2.36652 1
      vertex -1.03489 1.3487 1
    endloop
  endfacet
  facet normal 0 0 1
    outer loop
      vertex -1.03489 1.3487 1
      vertex -1.60468 2.36652 1
      vertex -1.20208 1.20208 1
    endloop
  endfacet
  facet normal 0 0 1
    outer loop
      vertex -1.20208 1.20208 1
      vertex -1.60468 2.36652 1
      vertex -1.3487 1.03489 1
    endloop
  endfacet
  facet normal -0 0 1
    outer loop
      vertex -2.37264 2.2635 1
      vertex -1.3487 1.03489 1
      vertex -1.60468 2.36652 1
    endloop
  endfacet
  facet normal 0 0 1
    outer loop
      vertex -1.3487 1.03489 1
      vertex -2.37264 2.2635 1
      vertex -1.47224 0.849999 1
    endloop
  endfacet
  facet normal 0 0 1
    outer loop
      vertex -1.47224 0.849999 1
      vertex -2.37264 2.2635 1
      vertex -1.57059 0.650561 1
    endloop
  endfacet
  facet normal -0 0 1
    outer loop
      vertex -3.1 2.12176 1
      vertex -1.57059 0.650561 1
      vertex -2.37264 2.2635 1
    endloop
  endfacet
  facet normal 0 0 1
    outer loop
      vertex -1.57059 0.650561 1
      vertex -3.1 2.12176 1
      vertex -1.64207 0.439992 1
    endloop
  endfacet
  facet normal -0 0 1
    outer loop
      vertex -3.77432 1.94372 1
      vertex -1.64207 0.439992 1
      vertex -3.1 2.12176 1
    endloop
  endfacet
  facet normal 0 0 1
    outer loop
      vertex 3.77432 -1.94372 1
      vertex 1.64207 -0.439992 1
      vertex 3.1 -2.12176 1
    endloop
  endfacet
  facet normal -0 0 1
    outer loop
      vertex 1.57059 -0.650561 1
      vertex 3.1 -2.12176 1
      vertex 1.64207 -0.439992 1
    endloop
  endfacet
  facet normal 0 0 1
    outer loop
      vertex 3.1 -2.12176 1
      vertex 1.57059 -0.650561 1
      vertex 2.37264 -2.2635 1
    endloop
  endfacet
  facet normal -0 0 1
    outer loop
      vertex 1.47224 -0.849999 1
      vertex 2.37264 -2.2635 1
      vertex 1.57059 -0.650561 1
    endloop
  endfacet
  facet normal -0 0 1
    outer loop
      vertex 1.3487 -1.03489 1
      vertex 2.37264 -2.2635 1
      vertex 1.47224 -0.849999 1
    endloop
  endfacet
  facet normal 0 0 1
    outer loop
      vertex 2.37264 -2.2635 1
      vertex 1.3487 -1.03489 1
      vertex 1.60468 -2.36652 1
    endloop
  endfacet
  facet normal -0 0 1
    outer loop
      vertex 1.20208 -1.20208 1
      vertex 1.60468 -2.36652 1
      vertex 1.3487 -1.03489 1
    endloop
  endfacet
  facet normal -0 0 1
    outer loop
      vertex 1.03489 -1.3487 1
      vertex 1.60468 -2.36652 1
      vertex 1.20208 -1.20208 1
    endloop
  endfacet
  facet normal -0 0 1
    outer loop
      vertex 0.849999 -1.47224 1
      vertex 1.60468 -2.36652 1
      vertex 1.03489 -1.3487 1
    endloop
  endfacet
  facet normal 0 0 1
    outer loop
      vertex 0.849999 -1.47224 1
      vertex 0.809262 -2.42904 1
      vertex 1.60468 -2.36652 1
    endloop
  endfacet
  facet normal -0 0 1
    outer loop
      vertex 0.650561 -1.57059 1
      vertex 0.809262 -2.42904 1
      vertex 0.849999 -1.47224 1
    endloop
  endfacet
  facet normal -0 0 1
    outer loop
      vertex 0.439992 -1.64207 1
      vertex 0.809262 -2.42904 1
      vertex 0.650561 -1.57059 1
    endloop
  endfacet
  facet normal -0 0 1
    outer loop
      vertex 0.221894 -1.68546 1
      vertex 0.809262 -2.42904 1
      vertex 0.439992 -1.64207 1
    endloop
  endfacet
  facet normal 0 0 1
    outer loop
      vertex 0 -2.45 1
      vertex 0.221894 -1.68546 1
      vertex 0 -1.7 1
    endloop
  endfacet
  facet normal 0 0 1
    outer loop
      vertex 0.221894 -1.68546 1
      vertex 0 -2.45 1
      vertex 0.809262 -2.42904 1
    endloop
  endfacet
  facet normal 0 0 1
    outer loop
      vertex -0.221894 -1.68546 1
      vertex 0 -2.45 1
      vertex 0 -1.7 1
    endloop
  endfacet
  facet normal 0 0 1
    outer loop
      vertex -0.809262 -2.42904 1
      vertex -0.221894 -1.68546 1
      vertex -0.439992 -1.64207 1
    endloop
  endfacet
  facet normal 0 0 1
    outer loop
      vertex -0.809262 -2.42904 1
      vertex -0.439992 -1.64207 1
      vertex -0.650561 -1.57059 1
    endloop
  endfacet
  facet normal 0 0 1
    outer loop
      vertex -0.221894 -1.68546 1
      vertex -0.809262 -2.42904 1
      vertex 0 -2.45 1
    endloop
  endfacet
  facet normal 0 0 1
    outer loop
      vertex -0.849999 -1.47224 1
      vertex -0.809262 -2.42904 1
      vertex -0.650561 -1.57059 1
    endloop
  endfacet
  facet normal 0 0 1
    outer loop
      vertex -1.60468 -2.36652 1
      vertex -0.849999 -1.47224 1
      vertex -1.03489 -1.3487 1
    endloop
  endfacet
  facet normal 0 0 1
    outer loop
      vertex -1.60468 -2.36652 1
      vertex -1.03489 -1.3487 1
      vertex -1.20208 -1.20208 1
    endloop
  endfacet
  facet normal 0 0 1
    outer loop
      vertex -1.60468 -2.36652 1
      vertex -1.20208 -1.20208 1
      vertex -1.3487 -1.03489 1
    endloop
  endfacet
  facet normal 0 0 1
    outer loop
      vertex -2.37264 -2.2635 1
      vertex -1.3487 -1.03489 1
      vertex -1.47224 -0.849999 1
    endloop
  endfacet
  facet normal 0 0 1
    outer loop
      vertex -2.37264 -2.2635 1
      vertex -1.47224 -0.849999 1
      vertex -1.57059 -0.650561 1
    endloop
  endfacet
  facet normal 0 0 1
    outer loop
      vertex -0.849999 -1.47224 1
      vertex -1.60468 -2.36652 1
      vertex -0.809262 -2.42904 1
    endloop
  endfacet
  facet normal 0 0 1
    outer loop
      vertex -3.1 -2.12176 1
      vertex -1.57059 -0.650561 1
      vertex -1.64207 -0.439992 1
    endloop
  endfacet
  facet normal 0 0 1
    outer loop
      vertex -3.77432 -1.94372 1
      vertex -1.64207 -0.439992 1
      vertex -1.68546 -0.221894 1
    endloop
  endfacet
  facet normal 0 0 1
    outer loop
      vertex -3.77432 -1.94372 1
      vertex -1.68546 -0.221894 1
      vertex -1.7 0 1
    endloop
  endfacet
  facet normal 0 0 1
    outer loop
      vertex -1.64207 0.439992 1
      vertex -3.77432 1.94372 1
      vertex -1.68546 0.221894 1
    endloop
  endfacet
  facet normal 0 0 1
    outer loop
      vertex -1.3487 -1.03489 1
      vertex -2.37264 -2.2635 1
      vertex -1.60468 -2.36652 1
    endloop
  endfacet
  facet normal 0 0 1
    outer loop
      vertex -1.68546 0.221894 1
      vertex -3.77432 1.94372 1
      vertex -1.7 0 1
    endloop
  endfacet
  facet normal 0 0 1
    outer loop
      vertex -1.57059 -0.650561 1
      vertex -3.1 -2.12176 1
      vertex -2.37264 -2.2635 1
    endloop
  endfacet
  facet normal -0 0 1
    outer loop
      vertex -4.38406 1.73241 1
      vertex -1.7 0 1
      vertex -3.77432 1.94372 1
    endloop
  endfacet
  facet normal 0 0 1
    outer loop
      vertex -1.64207 -0.439992 1
      vertex -3.77432 -1.94372 1
      vertex -3.1 -2.12176 1
    endloop
  endfacet
  facet normal 0 0 1
    outer loop
      vertex -4.38406 -1.73241 1
      vertex -1.7 0 1
      vertex -4.38406 1.73241 1
    endloop
  endfacet
  facet normal 0 0 1
    outer loop
      vertex -1.7 0 1
      vertex -4.38406 -1.73241 1
      vertex -3.77432 -1.94372 1
    endloop
  endfacet
  facet normal -0 0 1
    outer loop
      vertex -4.91879 1.49146 1
      vertex -4.38406 -1.73241 1
      vertex -4.38406 1.73241 1
    endloop
  endfacet
  facet normal 0 0 1
    outer loop
      vertex -4.91879 1.49146 1
      vertex -4.91879 -1.49146 1
      vertex -4.38406 -1.73241 1
    endloop
  endfacet
  facet normal -0 0 1
    outer loop
      vertex -5.36936 1.225 1
      vertex -4.91879 -1.49146 1
      vertex -4.91879 1.49146 1
    endloop
  endfacet
  facet normal 0 0 1
    outer loop
      vertex -5.36936 1.225 1
      vertex -5.36936 -1.225 1
      vertex -4.91879 -1.49146 1
    endloop
  endfacet
  facet normal -0 0 1
    outer loop
      vertex -5.72805 0.937574 1
      vertex -5.36936 -1.225 1
      vertex -5.36936 1.225 1
    endloop
  endfacet
  facet normal 0 0 1
    outer loop
      vertex -5.72805 0.937574 1
      vertex -5.72805 -0.937574 1
      vertex -5.36936 -1.225 1
    endloop
  endfacet
  facet normal -0 0 1
    outer loop
      vertex -5.98874 0.634107 1
      vertex -5.72805 -0.937574 1
      vertex -5.72805 0.937574 1
    endloop
  endfacet
  facet normal 0 0 1
    outer loop
      vertex -5.98874 0.634107 1
      vertex -5.98874 -0.634107 1
      vertex -5.72805 -0.937574 1
    endloop
  endfacet
  facet normal -0 0 1
    outer loop
      vertex -6.14696 0.319789 1
      vertex -5.98874 -0.634107 1
      vertex -5.98874 0.634107 1
    endloop
  endfacet
  facet normal 0 0 1
    outer loop
      vertex -6.14696 0.319789 1
      vertex -6.14696 -0.319789 1
      vertex -5.98874 -0.634107 1
    endloop
  endfacet
  facet normal 0 -0 1
    outer loop
      vertex -6.14696 -0.319789 1
      vertex -6.14696 0.319789 1
      vertex -6.2 0 1
    endloop
  endfacet
  facet normal 0.893218 0.449624 0
    outer loop
      vertex -5.98874 -0.634107 2
      vertex -6.14696 -0.319789 1
      vertex -6.14696 -0.319789 2
    endloop
  endfacet
  facet normal 0.893218 0.449624 0
    outer loop
      vertex -6.14696 -0.319789 1
      vertex -5.98874 -0.634107 2
      vertex -5.98874 -0.634107 1
    endloop
  endfacet
  facet normal -0.255281 0.966867 0
    outer loop
      vertex 3.77432 -1.94372 1
      vertex 3.1 -2.12176 2
      vertex 3.77432 -1.94372 2
    endloop
  endfacet
  facet normal -0.255281 0.966867 0
    outer loop
      vertex 3.1 -2.12176 2
      vertex 3.77432 -1.94372 1
      vertex 3.1 -2.12176 1
    endloop
  endfacet
  facet normal -0.365834 0.782163 -0.504367
    outer loop
      vertex 0.526344 0.719837 12.6782
      vertex 0.582091 0.668982 12.5589
      vertex 0.432307 0.675854 12.6782
    endloop
  endfacet
  facet normal -0.0403761 0.88017 -0.472938
    outer loop
      vertex 0 0.594769 12.6782
      vertex 0.112855 0.599946 12.6782
      vertex 0 0.530666 12.5589
    endloop
  endfacet
  facet normal 0.127708 0.951995 -0.278201
    outer loop
      vertex -0.142138 0.444242 12.2897
      vertex -1.60468 -2.36652 2
      vertex -2.37264 -2.2635 2
    endloop
  endfacet
  facet normal -0.127723 0.917321 -0.377106
    outer loop
      vertex 0.247479 0.553473 12.5589
      vertex 0.266947 0.502618 12.4286
      vertex 0.134624 0.484194 12.4286
    endloop
  endfacet
  facet normal 0.300319 0.869968 -0.391106
    outer loop
      vertex -0.478094 0.62034 12.5589
      vertex -0.394701 0.532974 12.4286
      vertex -0.515701 0.574744 12.4286
    endloop
  endfacet
  facet normal 0.300317 0.869968 -0.391108
    outer loop
      vertex -0.365917 0.581616 12.5589
      vertex -0.394701 0.532974 12.4286
      vertex -0.478094 0.62034 12.5589
    endloop
  endfacet
  facet normal -0.475834 -0.775104 -0.415686
    outer loop
      vertex 0.729312 1.71052 12.4286
      vertex 0.676128 1.67329 12.5589
      vertex 0.627878 1.77279 12.4286
    endloop
  endfacet
  facet normal -0.0489346 0.351461 -0.934923
    outer loop
      vertex 0.0580664 1.0483 13.0479
      vertex 0.0956736 0.950058 13.009
      vertex 0.0482492 0.943455 13.009
    endloop
  endfacet
  facet normal -0.625324 0.780366 0
    outer loop
      vertex 5.72805 -0.937574 1
      vertex 5.36936 -1.225 2
      vertex 5.72805 -0.937574 2
    endloop
  endfacet
  facet normal -0.625324 0.780366 0
    outer loop
      vertex 5.36936 -1.225 2
      vertex 5.72805 -0.937574 1
      vertex 5.36936 -1.225 1
    endloop
  endfacet
  facet normal -0.410221 0.668227 -0.620638
    outer loop
      vertex 0.536161 0.824686 12.7846
      vertex 0.611375 0.772037 12.6782
      vertex 0.526344 0.719837 12.6782
    endloop
  endfacet
  facet normal -0.475825 0.775117 -0.415674
    outer loop
      vertex 0.676128 0.726709 12.5589
      vertex 0.729312 0.689481 12.4286
      vertex 0.582091 0.668982 12.5589
    endloop
  endfacet
  facet normal -0.38726 0.859429 -0.333784
    outer loop
      vertex 4.91879 -1.49146 2
      vertex 4.38406 -1.73241 2
      vertex 0.515701 0.574744 12.4286
    endloop
  endfacet
  facet normal -0.387908 0.829334 -0.402161
    outer loop
      vertex 0.582091 0.668982 12.5589
      vertex 0.627878 0.627213 12.4286
      vertex 0.515701 0.574744 12.4286
    endloop
  endfacet
  facet normal -0.986523 -0.163624 0
    outer loop
      vertex 6.2 0 1
      vertex 6.14696 0.319789 2
      vertex 6.14696 0.319789 1
    endloop
  endfacet
  facet normal -0.986523 -0.163624 0
    outer loop
      vertex 6.14696 0.319789 2
      vertex 6.2 0 1
      vertex 6.2 0 2
    endloop
  endfacet
  facet normal -0.688429 0.591388 -0.419911
    outer loop
      vertex 5.98874 -0.634107 2
      vertex 5.72805 -0.937574 2
      vertex 0.893221 0.839008 12.4286
    endloop
  endfacet
  facet normal 0.220957 0.929903 -0.294038
    outer loop
      vertex -0.394701 0.532974 12.4286
      vertex -0.266947 0.502618 12.4286
      vertex -3.1 -2.12176 2
    endloop
  endfacet
  facet normal 0.243671 0.922894 -0.298146
    outer loop
      vertex -0.394701 0.532974 12.4286
      vertex -3.1 -2.12176 2
      vertex -3.77432 -1.94372 2
    endloop
  endfacet
  facet normal 0.191271 0.981537 -0
    outer loop
      vertex -2.37264 -2.2635 1
      vertex -3.1 -2.12176 2
      vertex -2.37264 -2.2635 2
    endloop
  endfacet
  facet normal 0.191271 0.981537 0
    outer loop
      vertex -3.1 -2.12176 2
      vertex -2.37264 -2.2635 1
      vertex -3.1 -2.12176 1
    endloop
  endfacet
  facet normal 0.149988 0.947719 -0.281661
    outer loop
      vertex -0.266947 0.502618 12.4286
      vertex -0.281846 0.463695 12.2897
      vertex -2.37264 -2.2635 2
    endloop
  endfacet
  facet normal 0.183257 0.940409 -0.28644
    outer loop
      vertex -0.266947 0.502618 12.4286
      vertex -2.37264 -2.2635 2
      vertex -3.1 -2.12176 2
    endloop
  endfacet
  facet normal 0.132369 0.950654 -0.280599
    outer loop
      vertex -0.134624 0.484194 12.4286
      vertex -0.142138 0.444242 12.2897
      vertex -0.281846 0.463695 12.2897
    endloop
  endfacet
  facet normal 0.0783585 0.996925 -0
    outer loop
      vertex -0.809262 -2.42904 1
      vertex -1.60468 -2.36652 2
      vertex -0.809262 -2.42904 2
    endloop
  endfacet
  facet normal 0.0783585 0.996925 0
    outer loop
      vertex -1.60468 -2.36652 2
      vertex -0.809262 -2.42904 1
      vertex -1.60468 -2.36652 1
    endloop
  endfacet
  facet normal 0.127723 0.917321 -0.377106
    outer loop
      vertex -0.247479 0.553473 12.5589
      vertex -0.134624 0.484194 12.4286
      vertex -0.266947 0.502618 12.4286
    endloop
  endfacet
  facet normal -0.132369 0.950654 -0.280599
    outer loop
      vertex 0.281846 0.463695 12.2897
      vertex 0.142138 0.444242 12.2897
      vertex 0.134624 0.484194 12.4286
    endloop
  endfacet
  facet normal 0.0258915 0.999665 -0
    outer loop
      vertex 0 -2.45 1
      vertex -0.809262 -2.42904 2
      vertex 0 -2.45 2
    endloop
  endfacet
  facet normal 0.0258915 0.999665 0
    outer loop
      vertex -0.809262 -2.42904 2
      vertex 0 -2.45 1
      vertex -0.809262 -2.42904 1
    endloop
  endfacet
  facet normal -0.0258915 0.999665 0
    outer loop
      vertex 0.809262 -2.42904 1
      vertex 0 -2.45 2
      vertex 0.809262 -2.42904 2
    endloop
  endfacet
  facet normal -0.0258915 0.999665 0
    outer loop
      vertex 0 -2.45 2
      vertex 0.809262 -2.42904 1
      vertex 0 -2.45 1
    endloop
  endfacet
  facet normal 0.41082 0.911716 -0
    outer loop
      vertex -4.38406 -1.73241 1
      vertex -4.91879 -1.49146 2
      vertex -4.38406 -1.73241 2
    endloop
  endfacet
  facet normal 0.41082 0.911716 0
    outer loop
      vertex -4.91879 -1.49146 2
      vertex -4.38406 -1.73241 1
      vertex -4.91879 -1.49146 1
    endloop
  endfacet
  facet normal 0.38726 0.859429 -0.333784
    outer loop
      vertex -0.515701 0.574744 12.4286
      vertex -4.38406 -1.73241 2
      vertex -4.91879 -1.49146 2
    endloop
  endfacet
  facet normal 0.625324 0.780366 -0
    outer loop
      vertex -5.36936 -1.225 1
      vertex -5.72805 -0.937574 2
      vertex -5.36936 -1.225 2
    endloop
  endfacet
  facet normal 0.625324 0.780366 0
    outer loop
      vertex -5.72805 -0.937574 2
      vertex -5.36936 -1.225 1
      vertex -5.72805 -0.937574 1
    endloop
  endfacet
  facet normal -0.356804 -0.446953 -0.820319
    outer loop
      vertex 0.451775 1.51624 12.8762
      vertex 0.403524 1.41674 12.9514
      vertex 0.359656 1.45176 12.9514
    endloop
  endfacet
  facet normal -0.59362 -0.168697 -0.786865
    outer loop
      vertex 0.73241 1.33737 12.7846
      vertex 0.75176 1.26928 12.7846
      vertex 0.617135 1.31575 12.8762
    endloop
  endfacet
  facet normal 0.625324 -0.780366 0
    outer loop
      vertex -5.72805 0.937574 1
      vertex -5.36936 1.225 2
      vertex -5.72805 0.937574 2
    endloop
  endfacet
  facet normal 0.625324 -0.780366 0
    outer loop
      vertex -5.36936 1.225 2
      vertex -5.72805 0.937574 1
      vertex -5.36936 1.225 1
    endloop
  endfacet
  facet normal 0.758545 -0.65162 0
    outer loop
      vertex -5.98874 0.634107 2
      vertex -5.72805 0.937574 1
      vertex -5.72805 0.937574 2
    endloop
  endfacet
  facet normal 0.758545 -0.65162 0
    outer loop
      vertex -5.72805 0.937574 1
      vertex -5.98874 0.634107 2
      vertex -5.98874 0.634107 1
    endloop
  endfacet
  facet normal 0.799401 0.402399 -0.446131
    outer loop
      vertex -0.952892 0.923709 12.4286
      vertex -5.98874 -0.634107 2
      vertex -6.14696 -0.319789 2
    endloop
  endfacet
  facet normal 0.688429 0.591388 -0.419911
    outer loop
      vertex -0.893221 0.839008 12.4286
      vertex -5.72805 -0.937574 2
      vertex -5.98874 -0.634107 2
    endloop
  endfacet
  facet normal 0.475826 0.775116 -0.415675
    outer loop
      vertex -0.582091 0.668982 12.5589
      vertex -0.627878 0.627213 12.4286
      vertex -0.729312 0.689481 12.4286
    endloop
  endfacet
  facet normal -0.364121 -0.593186 -0.718015
    outer loop
      vertex 0.461592 1.62109 12.7846
      vertex 0.451775 1.51624 12.8762
      vertex 0.388941 1.55481 12.8762
    endloop
  endfacet
  facet normal -0.447082 -0.728256 -0.519385
    outer loop
      vertex 0.582091 1.73102 12.5589
      vertex 0.676128 1.67329 12.5589
      vertex 0.526344 1.68016 12.6782
    endloop
  endfacet
  facet normal -0.406791 -0.902773 -0.139718
    outer loop
      vertex 4.38406 1.73241 2
      vertex 4.91879 1.49146 2
      vertex 0.563951 1.88375 12.1444
    endloop
  endfacet
  facet normal -0.28593 -0.953474 -0.0955603
    outer loop
      vertex 0.439143 1.94213 11.9952
      vertex 3.77432 1.94372 2
      vertex 0.431629 1.92943 12.1444
    endloop
  endfacet
  facet normal -0.254356 -0.963366 -0.0850264
    outer loop
      vertex 3.1 2.12176 2
      vertex 3.77432 1.94372 2
      vertex 0.439143 1.94213 11.9952
    endloop
  endfacet
  facet normal -0.187842 0.790504 -0.582939
    outer loop
      vertex 0.290169 0.709629 12.7846
      vertex 0.330873 0.640839 12.6782
      vertex 0.223779 0.615391 12.6782
    endloop
  endfacet
  facet normal -0.0164662 0.357176 -0.933892
    outer loop
      vertex 0 1.04295 13.0479
      vertex 0.0292835 1.0443 13.0479
      vertex 0 0.94124 13.009
    endloop
  endfacet
  facet normal -0.863243 -0.0808302 -0.498276
    outer loop
      vertex 1.0314 1.2 12.4286
      vertex 0.956189 1.2 12.5589
      vertex 0.948009 1.28736 12.5589
    endloop
  endfacet
  facet normal -0.89301 -0.148114 -0.424965
    outer loop
      vertex 6.14696 0.319789 2
      vertex 6.2 0 2
      vertex 1.02258 1.29424 12.4286
    endloop
  endfacet
  facet normal -0.687574 0.195368 -0.699338
    outer loop
      vertex 0.75176 1.13072 12.7846
      vertex 0.835155 1.04335 12.6782
      vertex 0.73241 1.06262 12.7846
    endloop
  endfacet
  facet normal -0.424105 0.531335 -0.733361
    outer loop
      vertex 0.601558 0.876885 12.7846
      vertex 0.536161 0.824686 12.7846
      vertex 0.506878 0.927741 12.8762
    endloop
  endfacet
  facet normal -0.604848 0.426112 -0.672746
    outer loop
      vertex 0.7988 0.968388 12.6782
      vertex 0.748778 0.897384 12.6782
      vertex 0.700529 0.996881 12.7846
    endloop
  endfacet
  facet normal -0.837513 0.238007 -0.491859
    outer loop
      vertex 1.02258 1.10576 12.4286
      vertex 0.996259 1.01314 12.4286
      vertex 0.948009 1.11263 12.5589
    endloop
  endfacet
  facet normal -0.791072 0.074064 -0.607223
    outer loop
      vertex 0.956189 1.2 12.5589
      vertex 0.948009 1.11263 12.5589
      vertex 0.864615 1.2 12.6782
    endloop
  endfacet
  facet normal -0.878132 -0.24955 -0.408177
    outer loop
      vertex 6.14696 0.319789 2
      vertex 1.02258 1.29424 12.4286
      vertex 0.996259 1.38686 12.4286
    endloop
  endfacet
  facet normal -0.487537 0.794193 -0.36272
    outer loop
      vertex 0.729312 0.689481 12.4286
      vertex 5.36936 -1.225 2
      vertex 0.627878 0.627213 12.4286
    endloop
  endfacet
  facet normal -0.475826 0.775116 -0.415675
    outer loop
      vertex 0.729312 0.689481 12.4286
      vertex 0.627878 0.627213 12.4286
      vertex 0.582091 0.668982 12.5589
    endloop
  endfacet
  facet normal 0.0441171 0.961472 -0.27134
    outer loop
      vertex -0.142138 0.444242 12.2897
      vertex 0 0.43772 12.2897
      vertex -0.809262 -2.42904 2
    endloop
  endfacet
  facet normal -0.0753883 0.959136 -0.272716
    outer loop
      vertex 1.60468 -2.36652 2
      vertex 0.809262 -2.42904 2
      vertex 0.142138 0.444242 12.2897
    endloop
  endfacet
  facet normal 0.112705 0.809432 -0.576296
    outer loop
      vertex -0.0989704 0.673767 12.7846
      vertex -0.112855 0.599946 12.6782
      vertex -0.223779 0.615391 12.6782
    endloop
  endfacet
  facet normal 0.325516 -0.939283 -0.108568
    outer loop
      vertex -3.77432 1.94372 2
      vertex -0.563951 1.88375 12.1444
      vertex -4.38406 1.73241 2
    endloop
  endfacet
  facet normal -0.202489 0.852164 -0.482509
    outer loop
      vertex 0.365917 0.581616 12.5589
      vertex 0.247479 0.553473 12.5589
      vertex 0.223779 0.615391 12.6782
    endloop
  endfacet
  facet normal 0.160083 0.463719 -0.8714
    outer loop
      vertex -0.14146 0.960938 13.009
      vertex -0.194645 0.871059 12.9514
      vertex -0.254315 0.891658 12.9514
    endloop
  endfacet
  facet normal 0.235491 0.682192 -0.692213
    outer loop
      vertex -0.319452 0.812683 12.8762
      vertex -0.290169 0.709629 12.7846
      vertex -0.379124 0.740336 12.7846
    endloop
  endfacet
  facet normal -0.300319 0.869968 -0.391106
    outer loop
      vertex 0.478094 0.62034 12.5589
      vertex 0.515701 0.574744 12.4286
      vertex 0.394701 0.532974 12.4286
    endloop
  endfacet
  facet normal -0.387901 0.829335 -0.402165
    outer loop
      vertex 0.582091 0.668982 12.5589
      vertex 0.515701 0.574744 12.4286
      vertex 0.478094 0.62034 12.5589
    endloop
  endfacet
  facet normal -0.526492 0.659617 -0.536388
    outer loop
      vertex 0.685946 0.831558 12.6782
      vertex 0.676128 0.726709 12.5589
      vertex 0.611375 0.772037 12.6782
    endloop
  endfacet
  facet normal -0.562858 0.705158 -0.43121
    outer loop
      vertex 0.818267 0.760485 12.4286
      vertex 0.729312 0.689481 12.4286
      vertex 0.676128 0.726709 12.5589
    endloop
  endfacet
  facet normal 0.0403884 0.880174 -0.472929
    outer loop
      vertex -0.112855 0.599946 12.6782
      vertex 0 0.530666 12.5589
      vertex -0.124807 0.536393 12.5589
    endloop
  endfacet
  facet normal -0.0425034 0.926335 -0.374295
    outer loop
      vertex 0 0.530666 12.5589
      vertex 0.134624 0.484194 12.4286
      vertex 0 0.478017 12.4286
    endloop
  endfacet
  facet normal 0.500633 -0.846544 -0.180911
    outer loop
      vertex -4.91879 1.49146 2
      vertex -0.686624 1.82638 12.1444
      vertex -5.36936 1.225 2
    endloop
  endfacet
  facet normal -0.601915 -0.57461 -0.554547
    outer loop
      vertex 0.758596 1.60746 12.5589
      vertex 0.828084 1.53467 12.5589
      vertex 0.748778 1.50261 12.6782
    endloop
  endfacet
  facet normal 0.509032 -0.860747 0
    outer loop
      vertex -5.36936 1.225 1
      vertex -4.91879 1.49146 2
      vertex -5.36936 1.225 2
    endloop
  endfacet
  facet normal 0.509032 -0.860747 0
    outer loop
      vertex -4.91879 1.49146 2
      vertex -5.36936 1.225 1
      vertex -4.91879 1.49146 1
    endloop
  endfacet
  facet normal 0.41082 -0.911716 0
    outer loop
      vertex -4.91879 1.49146 1
      vertex -4.38406 1.73241 2
      vertex -4.91879 1.49146 2
    endloop
  endfacet
  facet normal 0.41082 -0.911716 0
    outer loop
      vertex -4.38406 1.73241 2
      vertex -4.91879 1.49146 1
      vertex -4.38406 1.73241 1
    endloop
  endfacet
  facet normal 0.893218 -0.449624 0
    outer loop
      vertex -6.14696 0.319789 2
      vertex -5.98874 0.634107 1
      vertex -5.98874 0.634107 2
    endloop
  endfacet
  facet normal 0.893218 -0.449624 0
    outer loop
      vertex -5.98874 0.634107 1
      vertex -6.14696 0.319789 2
      vertex -6.14696 0.319789 1
    endloop
  endfacet
  facet normal 0.878132 -0.24955 -0.408177
    outer loop
      vertex -0.996259 1.38686 12.4286
      vertex -1.02258 1.29424 12.4286
      vertex -6.14696 0.319789 2
    endloop
  endfacet
  facet normal 0.879852 0.145932 -0.452288
    outer loop
      vertex -1.02258 1.10576 12.4286
      vertex -6.14696 -0.319789 2
      vertex -6.2 0 2
    endloop
  endfacet
  facet normal 0.604845 0.426115 -0.672747
    outer loop
      vertex -0.700529 0.996881 12.7846
      vertex -0.656661 0.934613 12.7846
      vertex -0.748778 0.897384 12.6782
    endloop
  endfacet
  facet normal 0.213162 0.203489 -0.955591
    outer loop
      vertex -0.194296 1.12148 13.0479
      vertex -0.293267 1.04248 13.009
      vertex -0.32013 1.07062 13.009
    endloop
  endfacet
  facet normal -0.375115 -0.10658 -0.920831
    outer loop
      vertex 0.50428 1.24647 12.9514
      vertex 0.366492 1.23377 13.009
      vertex 0.357059 1.26697 13.009
    endloop
  endfacet
  facet normal -0.56512 -0.797097 -0.212782
    outer loop
      vertex 0.797547 1.75828 12.1444
      vertex 5.36936 1.225 2
      vertex 0.770018 1.73901 12.2897
    endloop
  endfacet
  facet normal -0.230496 -0.969878 -0.0787914
    outer loop
      vertex 3.1 2.12176 2
      vertex 0.439143 1.94213 11.9952
      vertex 0.297004 1.97591 11.9952
    endloop
  endfacet
  facet normal -0.167537 0.273009 -0.94731
    outer loop
      vertex 0.158642 1.08895 13.0479
      vertex 0.225032 0.994713 13.009
      vertex 0.136578 1.07541 13.0479
    endloop
  endfacet
  facet normal -0.499385 -0.0467683 -0.865117
    outer loop
      vertex 0.638906 1.2 12.8762
      vertex 0.508632 1.2 12.9514
      vertex 0.50428 1.24647 12.9514
    endloop
  endfacet
  facet normal -0.0977795 0.122541 -0.987635
    outer loop
      vertex 0.177992 1.10439 13.0479
      vertex 0.158642 1.08895 13.0479
      vertex 0.0531836 1.16277 13.0675
    endloop
  endfacet
  facet normal 0.111463 0.323103 -0.939777
    outer loop
      vertex -0.112177 1.06399 13.0479
      vertex -0.0858564 1.05491 13.0479
      vertex -0.184827 0.975908 13.009
    endloop
  endfacet
  facet normal -0.607885 0.056919 -0.791982
    outer loop
      vertex 0.758247 1.2 12.7846
      vertex 0.75176 1.13072 12.7846
      vertex 0.638906 1.2 12.8762
    endloop
  endfacet
  facet normal 0.213167 -0.203482 -0.955591
    outer loop
      vertex -0.177992 1.2956 13.0479
      vertex -0.194296 1.27852 13.0479
      vertex -0.293267 1.35752 13.009
    endloop
  endfacet
  facet normal -0.791077 -0.0740608 -0.607217
    outer loop
      vertex 0.948009 1.28736 12.5589
      vertex 0.864615 1.2 12.6782
      vertex 0.857219 1.279 12.6782
    endloop
  endfacet
  facet normal -0.6703 -0.472189 -0.572482
    outer loop
      vertex 0.828084 1.53467 12.5589
      vertex 0.883404 1.45614 12.5589
      vertex 0.748778 1.50261 12.6782
    endloop
  endfacet
  facet normal -0.300873 0.643258 -0.704056
    outer loop
      vertex 0.461592 0.778909 12.7846
      vertex 0.379124 0.740336 12.7846
      vertex 0.319452 0.812683 12.8762
    endloop
  endfacet
  facet normal 0.101543 0.729261 -0.676659
    outer loop
      vertex -0.16536 0.768004 12.8762
      vertex -0.0989704 0.673767 12.7846
      vertex -0.196248 0.687312 12.7846
    endloop
  endfacet
  facet normal -0.804739 0.390235 -0.447339
    outer loop
      vertex 0.996259 1.01314 12.4286
      vertex 6.14696 -0.319789 2
      vertex 0.952892 0.923709 12.4286
    endloop
  endfacet
  facet normal -0.837521 0.237992 -0.491851
    outer loop
      vertex 0.948009 1.11263 12.5589
      vertex 0.996259 1.01314 12.4286
      vertex 0.923608 1.02676 12.5589
    endloop
  endfacet
  facet normal -0.863243 0.080821 -0.498276
    outer loop
      vertex 0.956189 1.2 12.5589
      vertex 1.0314 1.2 12.4286
      vertex 0.948009 1.11263 12.5589
    endloop
  endfacet
  facet normal -0.889043 0.0832062 -0.4502
    outer loop
      vertex 1.0314 1.2 12.4286
      vertex 6.2 0 2
      vertex 1.02258 1.10576 12.4286
    endloop
  endfacet
  facet normal -0.8355 -0.405156 -0.371198
    outer loop
      vertex 6.14696 0.319789 2
      vertex 0.996259 1.38686 12.4286
      vertex 0.952892 1.47629 12.4286
    endloop
  endfacet
  facet normal -0.825905 -0.43052 -0.364052
    outer loop
      vertex 1.00608 1.49171 12.2897
      vertex 5.98874 0.634107 2
      vertex 0.952892 1.47629 12.4286
    endloop
  endfacet
  facet normal -0.398844 0.852715 -0.337344
    outer loop
      vertex 0.627878 0.627213 12.4286
      vertex 4.91879 -1.49146 2
      vertex 0.515701 0.574744 12.4286
    endloop
  endfacet
  facet normal -0.475151 0.803456 -0.358734
    outer loop
      vertex 5.36936 -1.225 2
      vertex 4.91879 -1.49146 2
      vertex 0.627878 0.627213 12.4286
    endloop
  endfacet
  facet normal -0.149988 0.947719 -0.281661
    outer loop
      vertex 2.37264 -2.2635 2
      vertex 0.281846 0.463695 12.2897
      vertex 0.266947 0.502618 12.4286
    endloop
  endfacet
  facet normal -0.183257 0.940409 -0.28644
    outer loop
      vertex 3.1 -2.12176 2
      vertex 2.37264 -2.2635 2
      vertex 0.266947 0.502618 12.4286
    endloop
  endfacet
  facet normal 0.132434 0.951117 -0.278995
    outer loop
      vertex -0.281846 0.463695 12.2897
      vertex -0.142138 0.444242 12.2897
      vertex -2.37264 -2.2635 2
    endloop
  endfacet
  facet normal -0.024929 0.962504 -0.270119
    outer loop
      vertex 0 0.43772 12.2897
      vertex 0.809262 -2.42904 2
      vertex 0 -2.45 2
    endloop
  endfacet
  facet normal 0.0440252 0.959469 -0.278355
    outer loop
      vertex -0.134624 0.484194 12.4286
      vertex 0 0.43772 12.2897
      vertex -0.142138 0.444242 12.2897
    endloop
  endfacet
  facet normal 0.024929 0.962504 -0.270119
    outer loop
      vertex 0 0.43772 12.2897
      vertex 0 -2.45 2
      vertex -0.809262 -2.42904 2
    endloop
  endfacet
  facet normal 0.202493 0.852161 -0.482512
    outer loop
      vertex -0.330873 0.640839 12.6782
      vertex -0.223779 0.615391 12.6782
      vertex -0.365917 0.581616 12.5589
    endloop
  endfacet
  facet normal 0.262804 0.76131 -0.59274
    outer loop
      vertex -0.379124 0.740336 12.7846
      vertex -0.330873 0.640839 12.6782
      vertex -0.432307 0.675854 12.6782
    endloop
  endfacet
  facet normal 0.213576 0.898839 -0.382719
    outer loop
      vertex -0.247479 0.553473 12.5589
      vertex -0.266947 0.502618 12.4286
      vertex -0.394701 0.532974 12.4286
    endloop
  endfacet
  facet normal 0.132365 0.950656 -0.280594
    outer loop
      vertex -0.266947 0.502618 12.4286
      vertex -0.134624 0.484194 12.4286
      vertex -0.281846 0.463695 12.2897
    endloop
  endfacet
  facet normal 0.607882 -0.0569252 -0.791984
    outer loop
      vertex -0.633439 1.25838 12.8762
      vertex -0.638906 1.2 12.8762
      vertex -0.75176 1.26928 12.7846
    endloop
  endfacet
  facet normal 0.242626 0.395232 -0.88596
    outer loop
      vertex -0.225032 0.994713 13.009
      vertex -0.309635 0.917532 12.9514
      vertex -0.359656 0.948239 12.9514
    endloop
  endfacet
  facet normal 0.187842 0.790504 -0.582939
    outer loop
      vertex -0.290169 0.709629 12.7846
      vertex -0.223779 0.615391 12.6782
      vertex -0.330873 0.640839 12.6782
    endloop
  endfacet
  facet normal 0.235491 0.682192 -0.692213
    outer loop
      vertex -0.244498 0.786809 12.8762
      vertex -0.290169 0.709629 12.7846
      vertex -0.319452 0.812683 12.8762
    endloop
  endfacet
  facet normal 0.365834 0.782163 -0.504367
    outer loop
      vertex -0.526344 0.719837 12.6782
      vertex -0.432307 0.675854 12.6782
      vertex -0.582091 0.668982 12.5589
    endloop
  endfacet
  facet normal 0.576235 0.719106 -0.388381
    outer loop
      vertex -0.818267 0.760485 12.4286
      vertex -5.36936 -1.225 2
      vertex -5.72805 -0.937574 2
    endloop
  endfacet
  facet normal -0.653022 0.316702 -0.687941
    outer loop
      vertex 0.835155 1.04335 12.6782
      vertex 0.7988 0.968388 12.6782
      vertex 0.700529 0.996881 12.7846
    endloop
  endfacet
  facet normal -0.479136 0.457356 -0.749169
    outer loop
      vertex 0.553308 0.976382 12.8762
      vertex 0.601558 0.876885 12.7846
      vertex 0.506878 0.927741 12.8762
    endloop
  endfacet
  facet normal -0.723808 0.509916 -0.464852
    outer loop
      vertex 0.952892 0.923709 12.4286
      vertex 0.893221 0.839008 12.4286
      vertex 0.828084 0.865333 12.5589
    endloop
  endfacet
  facet normal -0.658905 0.628957 -0.412623
    outer loop
      vertex 0.893221 0.839008 12.4286
      vertex 5.72805 -0.937574 2
      vertex 0.818267 0.760485 12.4286
    endloop
  endfacet
  facet normal -0.723812 -0.509924 -0.464836
    outer loop
      vertex 0.893221 1.56099 12.4286
      vertex 0.952892 1.47629 12.4286
      vertex 0.828084 1.53467 12.5589
    endloop
  endfacet
  facet normal -0.480552 -0.60207 -0.637638
    outer loop
      vertex 0.611375 1.62796 12.6782
      vertex 0.685946 1.56844 12.6782
      vertex 0.601558 1.52311 12.7846
    endloop
  endfacet
  facet normal -0.375117 0.106613 -0.920826
    outer loop
      vertex 0.366492 1.16622 13.009
      vertex 0.50428 1.15353 12.9514
      vertex 0.357059 1.13303 13.009
    endloop
  endfacet
  facet normal -0.424104 -0.531364 -0.733341
    outer loop
      vertex 0.601558 1.52311 12.7846
      vertex 0.506878 1.47226 12.8762
      vertex 0.451775 1.51624 12.8762
    endloop
  endfacet
  facet normal 0.804739 0.390235 -0.447339
    outer loop
      vertex -0.996259 1.01314 12.4286
      vertex -0.952892 0.923709 12.4286
      vertex -6.14696 -0.319789 2
    endloop
  endfacet
  facet normal 0.604865 -0.426115 -0.672729
    outer loop
      vertex -0.656661 1.46539 12.7846
      vertex -0.700529 1.40312 12.7846
      vertex -0.748778 1.50261 12.6782
    endloop
  endfacet
  facet normal 0.256054 0.547442 -0.796708
    outer loop
      vertex -0.309635 0.917532 12.9514
      vertex -0.319452 0.812683 12.8762
      vertex -0.388941 0.845185 12.8762
    endloop
  endfacet
  facet normal 0.256048 0.547443 -0.796709
    outer loop
      vertex -0.309635 0.917532 12.9514
      vertex -0.254315 0.891658 12.9514
      vertex -0.319452 0.812683 12.8762
    endloop
  endfacet
  facet normal 0.116876 -0.0824304 -0.98972
    outer loop
      vertex -0.065136 1.22632 13.0675
      vertex -0.0694876 1.22015 13.0675
      vertex -0.194296 1.27852 13.0479
    endloop
  endfacet
  facet normal 0.258535 0.0242141 -0.965698
    outer loop
      vertex -0.224354 1.2 13.0479
      vertex -0.222434 1.1795 13.0479
      vertex -0.366492 1.16622 13.009
    endloop
  endfacet
  facet normal -0.0456915 -0.99474 -0.0916735
    outer loop
      vertex 0 2.00328 11.9952
      vertex 0.149783 1.9964 11.9952
      vertex 0 1.98953 12.1444
    endloop
  endfacet
  facet normal -0.137625 -0.988841 -0.0570315
    outer loop
      vertex 2.37264 2.2635 2
      vertex 0.297004 1.97591 11.9952
      vertex 0.149783 1.9964 11.9952
    endloop
  endfacet
  facet normal -0.324404 -0.939708 -0.108219
    outer loop
      vertex 3.77432 1.94372 2
      vertex 0.563951 1.88375 12.1444
      vertex 0.431629 1.92943 12.1444
    endloop
  endfacet
  facet normal -0.410219 -0.668225 -0.620641
    outer loop
      vertex 0.611375 1.62796 12.6782
      vertex 0.536161 1.57531 12.7846
      vertex 0.526344 1.68016 12.6782
    endloop
  endfacet
  facet normal -0.0258657 -0.998669 -0.0446339
    outer loop
      vertex 0 2.45 2
      vertex 0.809262 2.42904 2
      vertex 0 2.00328 11.9952
    endloop
  endfacet
  facet normal -0.227043 -0.955399 -0.188848
    outer loop
      vertex 0.431629 1.92943 12.1444
      vertex 0.41673 1.90425 12.2897
      vertex 0.291923 1.96263 12.1444
    endloop
  endfacet
  facet normal -0.253817 -0.0721163 -0.96456
    outer loop
      vertex 0.357059 1.26697 13.009
      vertex 0.366492 1.23377 13.009
      vertex 0.216709 1.24065 13.0479
    endloop
  endfacet
  facet normal 0.0856597 -0.139559 -0.986502
    outer loop
      vertex -0.0457869 1.24177 13.0675
      vertex -0.0531836 1.23723 13.0675
      vertex -0.136578 1.32459 13.0479
    endloop
  endfacet
  facet normal 0.128022 -0.0363735 -0.991104
    outer loop
      vertex -0.216709 1.24065 13.0479
      vertex -0.0745697 1.20687 13.0675
      vertex -0.222434 1.2205 13.0479
    endloop
  endfacet
  facet normal -0.791072 -0.0740724 -0.607222
    outer loop
      vertex 0.948009 1.28736 12.5589
      vertex 0.956189 1.2 12.5589
      vertex 0.864615 1.2 12.6782
    endloop
  endfacet
  facet normal -0.723821 -0.509891 -0.464859
    outer loop
      vertex 0.952892 1.47629 12.4286
      vertex 0.883404 1.45614 12.5589
      vertex 0.828084 1.53467 12.5589
    endloop
  endfacet
  facet normal -0.769087 0.218546 -0.600618
    outer loop
      vertex 0.948009 1.11263 12.5589
      vertex 0.923608 1.02676 12.5589
      vertex 0.835155 1.04335 12.6782
    endloop
  endfacet
  facet normal -0.705668 -0.0660648 -0.705456
    outer loop
      vertex 0.857219 1.279 12.6782
      vertex 0.864615 1.2 12.6782
      vertex 0.758247 1.2 12.7846
    endloop
  endfacet
  facet normal -0.863237 0.080791 -0.498292
    outer loop
      vertex 1.0314 1.2 12.4286
      vertex 1.02258 1.10576 12.4286
      vertex 0.948009 1.11263 12.5589
    endloop
  endfacet
  facet normal -0.837505 -0.238004 -0.491873
    outer loop
      vertex 0.996259 1.38686 12.4286
      vertex 1.02258 1.29424 12.4286
      vertex 0.948009 1.28736 12.5589
    endloop
  endfacet
  facet normal -0.438051 0.308597 -0.844322
    outer loop
      vertex 0.469914 1.06375 12.9514
      vertex 0.590272 1.02885 12.8762
      vertex 0.440488 1.02198 12.9514
    endloop
  endfacet
  facet normal -0.43805 0.308609 -0.844318
    outer loop
      vertex 0.590272 1.02885 12.8762
      vertex 0.553308 0.976382 12.8762
      vertex 0.440488 1.02198 12.9514
    endloop
  endfacet
  facet normal -0.235491 0.682192 -0.692213
    outer loop
      vertex 0.319452 0.812683 12.8762
      vertex 0.379124 0.740336 12.7846
      vertex 0.290169 0.709629 12.7846
    endloop
  endfacet
  facet normal -0.0163963 0.357159 -0.9339
    outer loop
      vertex 0.0292835 1.0443 13.0479
      vertex 0.0482492 0.943455 13.009
      vertex 0 0.94124 13.009
    endloop
  endfacet
  facet normal 0.0233823 0.509334 -0.860251
    outer loop
      vertex -0.0482492 0.943455 13.009
      vertex 0 0.94124 13.009
      vertex -0.0663891 0.847003 12.9514
    endloop
  endfacet
  facet normal 0.168867 0.710653 -0.682976
    outer loop
      vertex -0.244498 0.786809 12.8762
      vertex -0.16536 0.768004 12.8762
      vertex -0.290169 0.709629 12.7846
    endloop
  endfacet
  facet normal -0.705664 0.0660745 -0.705459
    outer loop
      vertex 0.758247 1.2 12.7846
      vertex 0.857219 1.121 12.6782
      vertex 0.75176 1.13072 12.7846
    endloop
  endfacet
  facet normal -0.566126 0.27451 -0.777268
    outer loop
      vertex 0.617135 1.08425 12.8762
      vertex 0.73241 1.06262 12.7846
      vertex 0.590272 1.02885 12.8762
    endloop
  endfacet
  facet normal -0.89664 -0.0839173 -0.434735
    outer loop
      vertex 6.2 0 2
      vertex 1.0314 1.2 12.4286
      vertex 1.02258 1.29424 12.4286
    endloop
  endfacet
  facet normal -0.837528 -0.237966 -0.491852
    outer loop
      vertex 0.996259 1.38686 12.4286
      vertex 0.948009 1.28736 12.5589
      vertex 0.923608 1.37324 12.5589
    endloop
  endfacet
  facet normal -0.764954 -0.538909 -0.352736
    outer loop
      vertex 0.943075 1.58114 12.2897
      vertex 0.952892 1.47629 12.4286
      vertex 0.893221 1.56099 12.4286
    endloop
  endfacet
  facet normal -0.601983 -0.574568 -0.554516
    outer loop
      vertex 0.758596 1.60746 12.5589
      vertex 0.748778 1.50261 12.6782
      vertex 0.685946 1.56844 12.6782
    endloop
  endfacet
  facet normal -0.21358 0.898836 -0.382723
    outer loop
      vertex 0.365917 0.581616 12.5589
      vertex 0.394701 0.532974 12.4286
      vertex 0.247479 0.553473 12.5589
    endloop
  endfacet
  facet normal -0.121268 0.870973 -0.47613
    outer loop
      vertex 0.247479 0.553473 12.5589
      vertex 0.124807 0.536393 12.5589
      vertex 0.112855 0.599946 12.6782
    endloop
  endfacet
  facet normal 0.0753883 0.959136 -0.272716
    outer loop
      vertex -0.142138 0.444242 12.2897
      vertex -0.809262 -2.42904 2
      vertex -1.60468 -2.36652 2
    endloop
  endfacet
  facet normal 0.0425034 0.926335 -0.374295
    outer loop
      vertex 0 0.530666 12.5589
      vertex 0 0.478017 12.4286
      vertex -0.134624 0.484194 12.4286
    endloop
  endfacet
  facet normal -0.127708 0.951995 -0.278201
    outer loop
      vertex 2.37264 -2.2635 2
      vertex 1.60468 -2.36652 2
      vertex 0.142138 0.444242 12.2897
    endloop
  endfacet
  facet normal -0.132434 0.951117 -0.278995
    outer loop
      vertex 0.281846 0.463695 12.2897
      vertex 2.37264 -2.2635 2
      vertex 0.142138 0.444242 12.2897
    endloop
  endfacet
  facet normal 0.0425065 0.926334 -0.374298
    outer loop
      vertex -0.124807 0.536393 12.5589
      vertex 0 0.530666 12.5589
      vertex -0.134624 0.484194 12.4286
    endloop
  endfacet
  facet normal -0.0425065 0.926334 -0.374298
    outer loop
      vertex 0.124807 0.536393 12.5589
      vertex 0.134624 0.484194 12.4286
      vertex 0 0.530666 12.5589
    endloop
  endfacet
  facet normal 0.187835 0.790504 -0.582943
    outer loop
      vertex -0.196248 0.687312 12.7846
      vertex -0.223779 0.615391 12.6782
      vertex -0.290169 0.709629 12.7846
    endloop
  endfacet
  facet normal 0.0698599 0.501752 -0.862186
    outer loop
      vertex -0.0956736 0.950058 13.009
      vertex -0.0482492 0.943455 13.009
      vertex -0.131643 0.856089 12.9514
    endloop
  endfacet
  facet normal 0.789292 0.382769 -0.48011
    outer loop
      vertex -0.923608 1.02676 12.5589
      vertex -0.883404 0.943857 12.5589
      vertex -0.952892 0.923709 12.4286
    endloop
  endfacet
  facet normal 0.33719 0.720923 -0.605452
    outer loop
      vertex -0.461592 0.778909 12.7846
      vertex -0.432307 0.675854 12.6782
      vertex -0.526344 0.719837 12.6782
    endloop
  endfacet
  facet normal 0.284087 0.822953 -0.491978
    outer loop
      vertex -0.432307 0.675854 12.6782
      vertex -0.365917 0.581616 12.5589
      vertex -0.478094 0.62034 12.5589
    endloop
  endfacet
  facet normal 0.284083 0.822953 -0.49198
    outer loop
      vertex -0.330873 0.640839 12.6782
      vertex -0.365917 0.581616 12.5589
      vertex -0.432307 0.675854 12.6782
    endloop
  endfacet
  facet normal 0.387901 0.829335 -0.402165
    outer loop
      vertex -0.478094 0.62034 12.5589
      vertex -0.515701 0.574744 12.4286
      vertex -0.582091 0.668982 12.5589
    endloop
  endfacet
  facet normal 0.365836 0.78216 -0.50437
    outer loop
      vertex -0.432307 0.675854 12.6782
      vertex -0.478094 0.62034 12.5589
      vertex -0.582091 0.668982 12.5589
    endloop
  endfacet
  facet normal -0.44708 0.728269 -0.519369
    outer loop
      vertex 0.611375 0.772037 12.6782
      vertex 0.676128 0.726709 12.5589
      vertex 0.526344 0.719837 12.6782
    endloop
  endfacet
  facet normal -0.447073 0.72828 -0.51936
    outer loop
      vertex 0.676128 0.726709 12.5589
      vertex 0.582091 0.668982 12.5589
      vertex 0.526344 0.719837 12.6782
    endloop
  endfacet
  facet normal -0.526509 0.65961 -0.53638
    outer loop
      vertex 0.685946 0.831558 12.6782
      vertex 0.758596 0.792536 12.5589
      vertex 0.676128 0.726709 12.5589
    endloop
  endfacet
  facet normal -0.601956 0.574594 -0.554518
    outer loop
      vertex 0.828084 0.865333 12.5589
      vertex 0.758596 0.792536 12.5589
      vertex 0.685946 0.831558 12.6782
    endloop
  endfacet
  facet normal -0.73677 0.519047 -0.433312
    outer loop
      vertex 0.952892 0.923709 12.4286
      vertex 5.98874 -0.634107 2
      vertex 0.893221 0.839008 12.4286
    endloop
  endfacet
  facet normal -0.799401 0.402399 -0.446131
    outer loop
      vertex 6.14696 -0.319789 2
      vertex 5.98874 -0.634107 2
      vertex 0.952892 0.923709 12.4286
    endloop
  endfacet
  facet normal -0.511813 -0.833654 -0.207531
    outer loop
      vertex 0.797547 1.75828 12.1444
      vertex 0.770018 1.73901 12.2897
      vertex 0.686624 1.82638 12.1444
    endloop
  endfacet
  facet normal -0.497101 -0.809747 -0.311769
    outer loop
      vertex 0.770018 1.73901 12.2897
      vertex 0.729312 1.71052 12.4286
      vertex 0.627878 1.77279 12.4286
    endloop
  endfacet
  facet normal -0.258537 0.0242082 -0.965698
    outer loop
      vertex 0.369655 1.2 13.009
      vertex 0.366492 1.16622 13.009
      vertex 0.224354 1.2 13.0479
    endloop
  endfacet
  facet normal -0.356755 -0.446982 -0.820325
    outer loop
      vertex 0.451775 1.51624 12.8762
      vertex 0.506878 1.47226 12.8762
      vertex 0.403524 1.41674 12.9514
    endloop
  endfacet
  facet normal -0.727482 -0.352807 -0.588471
    outer loop
      vertex 0.883404 1.45614 12.5589
      vertex 0.923608 1.37324 12.5589
      vertex 0.835155 1.35664 12.6782
    endloop
  endfacet
  facet normal -0.670289 -0.472243 -0.57245
    outer loop
      vertex 0.883404 1.45614 12.5589
      vertex 0.7988 1.43161 12.6782
      vertex 0.748778 1.50261 12.6782
    endloop
  endfacet
  facet normal 0.0978148 -0.122491 -0.987638
    outer loop
      vertex -0.0531836 1.23723 13.0675
      vertex -0.0596704 1.23205 13.0675
      vertex -0.158642 1.31105 13.0479
    endloop
  endfacet
  facet normal 0.0808012 0.340037 -0.936935
    outer loop
      vertex -0.0858564 1.05491 13.0479
      vertex -0.0956736 0.950058 13.009
      vertex -0.14146 0.960938 13.009
    endloop
  endfacet
  facet normal 0.687574 0.195368 -0.699338
    outer loop
      vertex -0.75176 1.13072 12.7846
      vertex -0.73241 1.06262 12.7846
      vertex -0.835155 1.04335 12.6782
    endloop
  endfacet
  facet normal 0.73677 0.519047 -0.433312
    outer loop
      vertex -0.952892 0.923709 12.4286
      vertex -0.893221 0.839008 12.4286
      vertex -5.98874 -0.634107 2
    endloop
  endfacet
  facet normal 0.607885 0.056919 -0.791982
    outer loop
      vertex -0.638906 1.2 12.8762
      vertex -0.75176 1.13072 12.7846
      vertex -0.758247 1.2 12.7846
    endloop
  endfacet
  facet normal 0.856895 0.243515 -0.454347
    outer loop
      vertex -1.02258 1.10576 12.4286
      vertex -0.996259 1.01314 12.4286
      vertex -6.14696 -0.319789 2
    endloop
  endfacet
  facet normal 0.375117 0.106613 -0.920826
    outer loop
      vertex -0.366492 1.16622 13.009
      vertex -0.357059 1.13303 13.009
      vertex -0.50428 1.15353 12.9514
    endloop
  endfacet
  facet normal 0.308208 0.50206 -0.808049
    outer loop
      vertex -0.309635 0.917532 12.9514
      vertex -0.388941 0.845185 12.8762
      vertex -0.451775 0.883758 12.8762
    endloop
  endfacet
  facet normal 0.607885 -0.056919 -0.791982
    outer loop
      vertex -0.75176 1.26928 12.7846
      vertex -0.638906 1.2 12.8762
      vertex -0.758247 1.2 12.7846
    endloop
  endfacet
  facet normal 0.258537 -0.0242142 -0.965698
    outer loop
      vertex -0.222434 1.2205 13.0479
      vertex -0.224354 1.2 13.0479
      vertex -0.366492 1.23377 13.009
    endloop
  endfacet
  facet normal 0.108273 -0.103354 -0.988734
    outer loop
      vertex -0.177992 1.2956 13.0479
      vertex -0.0596704 1.23205 13.0675
      vertex -0.194296 1.27852 13.0479
    endloop
  endfacet
  facet normal 0.123529 -0.0599154 -0.990531
    outer loop
      vertex -0.0694876 1.22015 13.0675
      vertex -0.07265 1.21363 13.0675
      vertex -0.216709 1.24065 13.0479
    endloop
  endfacet
  facet normal 0.128026 -0.0363567 -0.991104
    outer loop
      vertex -0.07265 1.21363 13.0675
      vertex -0.0745697 1.20687 13.0675
      vertex -0.216709 1.24065 13.0479
    endloop
  endfacet
  facet normal 0.244492 -0.118588 -0.962372
    outer loop
      vertex -0.207275 1.2601 13.0479
      vertex -0.216709 1.24065 13.0479
      vertex -0.341516 1.29902 13.009
    endloop
  endfacet
  facet normal 0 0 -1
    outer loop
      vertex 0.0745697 1.19313 13.0675
      vertex 0.0745697 1.20687 13.0675
      vertex 0.0752134 1.2 13.0675
    endloop
  endfacet
  facet normal 0 0 -1
    outer loop
      vertex 0.07265 1.18637 13.0675
      vertex 0.0745697 1.20687 13.0675
      vertex 0.0745697 1.19313 13.0675
    endloop
  endfacet
  facet normal 0 0 -1
    outer loop
      vertex 0.07265 1.18637 13.0675
      vertex 0.07265 1.21363 13.0675
      vertex 0.0745697 1.20687 13.0675
    endloop
  endfacet
  facet normal 0 0 -1
    outer loop
      vertex 0.0694876 1.17985 13.0675
      vertex 0.07265 1.21363 13.0675
      vertex 0.07265 1.18637 13.0675
    endloop
  endfacet
  facet normal 0 0 -1
    outer loop
      vertex 0.0694876 1.17985 13.0675
      vertex 0.0694876 1.22015 13.0675
      vertex 0.07265 1.21363 13.0675
    endloop
  endfacet
  facet normal 0 0 -1
    outer loop
      vertex 0.065136 1.17367 13.0675
      vertex 0.0694876 1.22015 13.0675
      vertex 0.0694876 1.17985 13.0675
    endloop
  endfacet
  facet normal 0 0 -1
    outer loop
      vertex 0.065136 1.17367 13.0675
      vertex 0.065136 1.22632 13.0675
      vertex 0.0694876 1.22015 13.0675
    endloop
  endfacet
  facet normal 0 0 -1
    outer loop
      vertex 0.0596704 1.16795 13.0675
      vertex 0.065136 1.22632 13.0675
      vertex 0.065136 1.17367 13.0675
    endloop
  endfacet
  facet normal 0 0 -1
    outer loop
      vertex 0.0596704 1.16795 13.0675
      vertex 0.0596704 1.23205 13.0675
      vertex 0.065136 1.22632 13.0675
    endloop
  endfacet
  facet normal 0 0 -1
    outer loop
      vertex 0.0531836 1.16277 13.0675
      vertex 0.0596704 1.23205 13.0675
      vertex 0.0596704 1.16795 13.0675
    endloop
  endfacet
  facet normal 0 0 -1
    outer loop
      vertex 0.0531836 1.16277 13.0675
      vertex 0.0531836 1.23723 13.0675
      vertex 0.0596704 1.23205 13.0675
    endloop
  endfacet
  facet normal 0 0 -1
    outer loop
      vertex 0.0457869 1.15823 13.0675
      vertex 0.0531836 1.23723 13.0675
      vertex 0.0531836 1.16277 13.0675
    endloop
  endfacet
  facet normal 0 0 -1
    outer loop
      vertex 0.0457869 1.15823 13.0675
      vertex 0.0457869 1.24177 13.0675
      vertex 0.0531836 1.23723 13.0675
    endloop
  endfacet
  facet normal 0 0 -1
    outer loop
      vertex 0.0376062 1.1544 13.0675
      vertex 0.0457869 1.24177 13.0675
      vertex 0.0457869 1.15823 13.0675
    endloop
  endfacet
  facet normal 0 0 -1
    outer loop
      vertex 0.0376062 1.1544 13.0675
      vertex 0.0376062 1.24559 13.0675
      vertex 0.0457869 1.24177 13.0675
    endloop
  endfacet
  facet normal 0 0 -1
    outer loop
      vertex 0.0287828 1.15136 13.0675
      vertex 0.0376062 1.24559 13.0675
      vertex 0.0376062 1.1544 13.0675
    endloop
  endfacet
  facet normal 0 0 -1
    outer loop
      vertex 0.0287828 1.15136 13.0675
      vertex 0.0287828 1.24864 13.0675
      vertex 0.0376062 1.24559 13.0675
    endloop
  endfacet
  facet normal 0 0 -1
    outer loop
      vertex 0.0194664 1.14914 13.0675
      vertex 0.0287828 1.24864 13.0675
      vertex 0.0287828 1.15136 13.0675
    endloop
  endfacet
  facet normal 0 0 -1
    outer loop
      vertex 0.0194664 1.14914 13.0675
      vertex 0.0194664 1.25086 13.0675
      vertex 0.0287828 1.24864 13.0675
    endloop
  endfacet
  facet normal 0 0 -1
    outer loop
      vertex 0.00981712 1.1478 13.0675
      vertex 0.0194664 1.25086 13.0675
      vertex 0.0194664 1.14914 13.0675
    endloop
  endfacet
  facet normal 0 0 -1
    outer loop
      vertex 0.00981712 1.1478 13.0675
      vertex 0.00981712 1.2522 13.0675
      vertex 0.0194664 1.25086 13.0675
    endloop
  endfacet
  facet normal 0 0 -1
    outer loop
      vertex 0 1.14735 13.0675
      vertex 0.00981712 1.2522 13.0675
      vertex 0.00981712 1.1478 13.0675
    endloop
  endfacet
  facet normal 0 0 -1
    outer loop
      vertex 0 1.14735 13.0675
      vertex 0 1.25265 13.0675
      vertex 0.00981712 1.2522 13.0675
    endloop
  endfacet
  facet normal 0 0 -1
    outer loop
      vertex -0.00981712 1.1478 13.0675
      vertex 0 1.25265 13.0675
      vertex 0 1.14735 13.0675
    endloop
  endfacet
  facet normal 0 0 -1
    outer loop
      vertex -0.00981712 1.1478 13.0675
      vertex -0.00981712 1.2522 13.0675
      vertex 0 1.25265 13.0675
    endloop
  endfacet
  facet normal 0 0 -1
    outer loop
      vertex -0.0194664 1.14914 13.0675
      vertex -0.00981712 1.2522 13.0675
      vertex -0.00981712 1.1478 13.0675
    endloop
  endfacet
  facet normal 0 0 -1
    outer loop
      vertex -0.0194664 1.14914 13.0675
      vertex -0.0194664 1.25086 13.0675
      vertex -0.00981712 1.2522 13.0675
    endloop
  endfacet
  facet normal 0 0 -1
    outer loop
      vertex -0.0287828 1.15136 13.0675
      vertex -0.0194664 1.25086 13.0675
      vertex -0.0194664 1.14914 13.0675
    endloop
  endfacet
  facet normal 0 0 -1
    outer loop
      vertex -0.0287828 1.15136 13.0675
      vertex -0.0287828 1.24864 13.0675
      vertex -0.0194664 1.25086 13.0675
    endloop
  endfacet
  facet normal 0 0 -1
    outer loop
      vertex -0.0376062 1.1544 13.0675
      vertex -0.0287828 1.24864 13.0675
      vertex -0.0287828 1.15136 13.0675
    endloop
  endfacet
  facet normal 0 0 -1
    outer loop
      vertex -0.0376062 1.1544 13.0675
      vertex -0.0376062 1.24559 13.0675
      vertex -0.0287828 1.24864 13.0675
    endloop
  endfacet
  facet normal 0 0 -1
    outer loop
      vertex -0.0457869 1.15823 13.0675
      vertex -0.0376062 1.24559 13.0675
      vertex -0.0376062 1.1544 13.0675
    endloop
  endfacet
  facet normal 0 0 -1
    outer loop
      vertex -0.0457869 1.15823 13.0675
      vertex -0.0457869 1.24177 13.0675
      vertex -0.0376062 1.24559 13.0675
    endloop
  endfacet
  facet normal 0 0 -1
    outer loop
      vertex -0.0531836 1.16277 13.0675
      vertex -0.0457869 1.24177 13.0675
      vertex -0.0457869 1.15823 13.0675
    endloop
  endfacet
  facet normal 0 0 -1
    outer loop
      vertex -0.0531836 1.16277 13.0675
      vertex -0.0531836 1.23723 13.0675
      vertex -0.0457869 1.24177 13.0675
    endloop
  endfacet
  facet normal 0 0 -1
    outer loop
      vertex -0.0596704 1.16795 13.0675
      vertex -0.0531836 1.23723 13.0675
      vertex -0.0531836 1.16277 13.0675
    endloop
  endfacet
  facet normal 0 0 -1
    outer loop
      vertex -0.0596704 1.16795 13.0675
      vertex -0.0596704 1.23205 13.0675
      vertex -0.0531836 1.23723 13.0675
    endloop
  endfacet
  facet normal 0 0 -1
    outer loop
      vertex -0.065136 1.17367 13.0675
      vertex -0.0596704 1.23205 13.0675
      vertex -0.0596704 1.16795 13.0675
    endloop
  endfacet
  facet normal 0 0 -1
    outer loop
      vertex -0.065136 1.17367 13.0675
      vertex -0.065136 1.22632 13.0675
      vertex -0.0596704 1.23205 13.0675
    endloop
  endfacet
  facet normal 0 0 -1
    outer loop
      vertex -0.0694876 1.17985 13.0675
      vertex -0.065136 1.22632 13.0675
      vertex -0.065136 1.17367 13.0675
    endloop
  endfacet
  facet normal 0 0 -1
    outer loop
      vertex -0.0694876 1.17985 13.0675
      vertex -0.0694876 1.22015 13.0675
      vertex -0.065136 1.22632 13.0675
    endloop
  endfacet
  facet normal 0 0 -1
    outer loop
      vertex -0.07265 1.18637 13.0675
      vertex -0.0694876 1.22015 13.0675
      vertex -0.0694876 1.17985 13.0675
    endloop
  endfacet
  facet normal 0 0 -1
    outer loop
      vertex -0.07265 1.18637 13.0675
      vertex -0.07265 1.21363 13.0675
      vertex -0.0694876 1.22015 13.0675
    endloop
  endfacet
  facet normal 0 0 -1
    outer loop
      vertex -0.0745697 1.19313 13.0675
      vertex -0.07265 1.21363 13.0675
      vertex -0.07265 1.18637 13.0675
    endloop
  endfacet
  facet normal 0 0 -1
    outer loop
      vertex -0.0745697 1.19313 13.0675
      vertex -0.0745697 1.20687 13.0675
      vertex -0.07265 1.21363 13.0675
    endloop
  endfacet
  facet normal 0 -0 -1
    outer loop
      vertex -0.0745697 1.20687 13.0675
      vertex -0.0745697 1.19313 13.0675
      vertex -0.0752134 1.2 13.0675
    endloop
  endfacet
  facet normal -0.0258915 -0.999665 0
    outer loop
      vertex 0 2.45 1
      vertex 0.809262 2.42904 2
      vertex 0 2.45 2
    endloop
  endfacet
  facet normal -0.0258915 -0.999665 -0
    outer loop
      vertex 0.809262 2.42904 2
      vertex 0 2.45 1
      vertex 0.809262 2.42904 1
    endloop
  endfacet
  facet normal -0.230179 -0.968594 -0.0940396
    outer loop
      vertex 0.439143 1.94213 11.9952
      vertex 0.431629 1.92943 12.1444
      vertex 0.291923 1.96263 12.1444
    endloop
  endfacet
  facet normal -0.0458357 -0.997879 -0.0462172
    outer loop
      vertex 0.809262 2.42904 2
      vertex 0.149783 1.9964 11.9952
      vertex 0 2.00328 11.9952
    endloop
  endfacet
  facet normal 0.191271 -0.981537 0
    outer loop
      vertex -3.1 2.12176 1
      vertex -2.37264 2.2635 2
      vertex -3.1 2.12176 2
    endloop
  endfacet
  facet normal 0.191271 -0.981537 0
    outer loop
      vertex -2.37264 2.2635 2
      vertex -3.1 2.12176 1
      vertex -2.37264 2.2635 1
    endloop
  endfacet
  facet normal 0.227014 -0.955401 -0.188874
    outer loop
      vertex -0.291923 1.96263 12.1444
      vertex -0.281846 1.9363 12.2897
      vertex -0.41673 1.90425 12.2897
    endloop
  endfacet
  facet normal 0.607987 -0.75873 -0.233838
    outer loop
      vertex -5.36936 1.225 2
      vertex -0.863937 1.66405 12.2897
      vertex -5.72805 0.937574 2
    endloop
  endfacet
  facet normal 0.789307 0.382752 -0.4801
    outer loop
      vertex -0.923608 1.02676 12.5589
      vertex -0.952892 0.923709 12.4286
      vertex -0.996259 1.01314 12.4286
    endloop
  endfacet
  facet normal -0.168877 -0.710621 -0.683007
    outer loop
      vertex 0.196248 1.71269 12.7846
      vertex 0.290169 1.69037 12.7846
      vertex 0.16536 1.63199 12.8762
    endloop
  endfacet
  facet normal -0.0439736 -0.959465 -0.278376
    outer loop
      vertex 0 1.96228 12.2897
      vertex 0.134624 1.91581 12.4286
      vertex 0 1.92198 12.4286
    endloop
  endfacet
  facet normal 0.0258657 -0.998669 -0.0446339
    outer loop
      vertex 0 2.45 2
      vertex 0 2.00328 11.9952
      vertex -0.809262 2.42904 2
    endloop
  endfacet
  facet normal -0.23019 -0.96859 -0.0940514
    outer loop
      vertex 0.297004 1.97591 11.9952
      vertex 0.439143 1.94213 11.9952
      vertex 0.291923 1.96263 12.1444
    endloop
  endfacet
  facet normal -0.499385 0.0467683 -0.865117
    outer loop
      vertex 0.508632 1.2 12.9514
      vertex 0.638906 1.2 12.8762
      vertex 0.50428 1.15353 12.9514
    endloop
  endfacet
  facet normal -0.360375 0.17477 -0.916289
    outer loop
      vertex 0.491301 1.10785 12.9514
      vertex 0.469914 1.06375 12.9514
      vertex 0.357059 1.13303 13.009
    endloop
  endfacet
  facet normal 0.00850627 0.184514 -0.982793
    outer loop
      vertex -0.00981712 1.1478 13.0675
      vertex 0 1.04295 13.0479
      vertex -0.0292835 1.0443 13.0479
    endloop
  endfacet
  facet normal 0.253813 0.0721131 -0.964561
    outer loop
      vertex -0.222434 1.1795 13.0479
      vertex -0.216709 1.15935 13.0479
      vertex -0.366492 1.16622 13.009
    endloop
  endfacet
  facet normal 0.244499 0.118573 -0.962372
    outer loop
      vertex -0.216709 1.15935 13.0479
      vertex -0.341516 1.10098 13.009
      vertex -0.357059 1.13303 13.009
    endloop
  endfacet
  facet normal -0.653037 -0.316646 -0.687952
    outer loop
      vertex 0.835155 1.35664 12.6782
      vertex 0.73241 1.33737 12.7846
      vertex 0.700529 1.40312 12.7846
    endloop
  endfacet
  facet normal -0.488691 -0.138851 -0.861337
    outer loop
      vertex 0.633439 1.25838 12.8762
      vertex 0.50428 1.24647 12.9514
      vertex 0.491301 1.29215 12.9514
    endloop
  endfacet
  facet normal -0.727501 -0.352785 -0.58846
    outer loop
      vertex 0.883404 1.45614 12.5589
      vertex 0.835155 1.35664 12.6782
      vertex 0.7988 1.43161 12.6782
    endloop
  endfacet
  facet normal -0.863234 -0.0807908 -0.498297
    outer loop
      vertex 1.02258 1.29424 12.4286
      vertex 1.0314 1.2 12.4286
      vertex 0.948009 1.28736 12.5589
    endloop
  endfacet
  facet normal -0.607885 -0.056919 -0.791982
    outer loop
      vertex 0.75176 1.26928 12.7846
      vertex 0.758247 1.2 12.7846
      vertex 0.638906 1.2 12.8762
    endloop
  endfacet
  facet normal -0.705664 -0.0660745 -0.705459
    outer loop
      vertex 0.857219 1.279 12.6782
      vertex 0.758247 1.2 12.7846
      vertex 0.75176 1.26928 12.7846
    endloop
  endfacet
  facet normal -0.687572 0.195371 -0.699339
    outer loop
      vertex 0.857219 1.121 12.6782
      vertex 0.835155 1.04335 12.6782
      vertex 0.75176 1.13072 12.7846
    endloop
  endfacet
  facet normal -0.769086 0.218533 -0.600624
    outer loop
      vertex 0.857219 1.121 12.6782
      vertex 0.948009 1.11263 12.5589
      vertex 0.835155 1.04335 12.6782
    endloop
  endfacet
  facet normal -0.769085 -0.218519 -0.600631
    outer loop
      vertex 0.923608 1.37324 12.5589
      vertex 0.948009 1.28736 12.5589
      vertex 0.835155 1.35664 12.6782
    endloop
  endfacet
  facet normal -0.769089 -0.218562 -0.60061
    outer loop
      vertex 0.948009 1.28736 12.5589
      vertex 0.857219 1.279 12.6782
      vertex 0.835155 1.35664 12.6782
    endloop
  endfacet
  facet normal -0.230829 0.162646 -0.959304
    outer loop
      vertex 0.207275 1.1399 13.0479
      vertex 0.341516 1.10098 13.009
      vertex 0.194296 1.12148 13.0479
    endloop
  endfacet
  facet normal -0.593617 0.168671 -0.786873
    outer loop
      vertex 0.75176 1.13072 12.7846
      vertex 0.73241 1.06262 12.7846
      vertex 0.617135 1.08425 12.8762
    endloop
  endfacet
  facet normal -0.33719 0.720923 -0.605452
    outer loop
      vertex 0.461592 0.778909 12.7846
      vertex 0.526344 0.719837 12.6782
      vertex 0.432307 0.675854 12.6782
    endloop
  endfacet
  facet normal -0.480563 0.602069 -0.63763
    outer loop
      vertex 0.601558 0.876885 12.7846
      vertex 0.685946 0.831558 12.6782
      vertex 0.536161 0.824686 12.7846
    endloop
  endfacet
  facet normal -0.168863 0.710658 -0.682972
    outer loop
      vertex 0.290169 0.709629 12.7846
      vertex 0.196248 0.687312 12.7846
      vertex 0.16536 0.768004 12.8762
    endloop
  endfacet
  facet normal -0.356776 0.446982 -0.820316
    outer loop
      vertex 0.403524 0.983254 12.9514
      vertex 0.451775 0.883758 12.8762
      vertex 0.359656 0.948239 12.9514
    endloop
  endfacet
  facet normal -0.202643 0.433262 -0.878191
    outer loop
      vertex 0.309635 0.917532 12.9514
      vertex 0.254315 0.891658 12.9514
      vertex 0.225032 0.994713 13.009
    endloop
  endfacet
  facet normal -0.0251958 0.181434 -0.98308
    outer loop
      vertex 0.0194664 1.14914 13.0675
      vertex 0.0580664 1.0483 13.0479
      vertex 0.00981712 1.1478 13.0675
    endloop
  endfacet
  facet normal -0.187835 0.790504 -0.582943
    outer loop
      vertex 0.290169 0.709629 12.7846
      vertex 0.223779 0.615391 12.6782
      vertex 0.196248 0.687312 12.7846
    endloop
  endfacet
  facet normal -0.364147 0.593182 -0.718006
    outer loop
      vertex 0.451775 0.883758 12.8762
      vertex 0.461592 0.778909 12.7846
      vertex 0.388941 0.845185 12.8762
    endloop
  endfacet
  facet normal -0.279252 0.349828 -0.894225
    outer loop
      vertex 0.293267 1.04248 13.009
      vertex 0.359656 0.948239 12.9514
      vertex 0.261385 1.01703 13.009
    endloop
  endfacet
  facet normal -0.160076 0.463728 -0.871397
    outer loop
      vertex 0.184827 0.975908 13.009
      vertex 0.254315 0.891658 12.9514
      vertex 0.14146 0.960938 13.009
    endloop
  endfacet
  facet normal -0.791074 0.0740605 -0.607221
    outer loop
      vertex 0.864615 1.2 12.6782
      vertex 0.948009 1.11263 12.5589
      vertex 0.857219 1.121 12.6782
    endloop
  endfacet
  facet normal -0.705668 0.0660648 -0.705456
    outer loop
      vertex 0.864615 1.2 12.6782
      vertex 0.857219 1.121 12.6782
      vertex 0.758247 1.2 12.7846
    endloop
  endfacet
  facet normal -0.127721 0.917321 -0.377107
    outer loop
      vertex 0.247479 0.553473 12.5589
      vertex 0.134624 0.484194 12.4286
      vertex 0.124807 0.536393 12.5589
    endloop
  endfacet
  facet normal -0.0403884 0.880174 -0.472929
    outer loop
      vertex 0.112855 0.599946 12.6782
      vertex 0.124807 0.536393 12.5589
      vertex 0 0.530666 12.5589
    endloop
  endfacet
  facet normal -0.284083 0.822953 -0.49198
    outer loop
      vertex 0.432307 0.675854 12.6782
      vertex 0.365917 0.581616 12.5589
      vertex 0.330873 0.640839 12.6782
    endloop
  endfacet
  facet normal -0.410217 0.668228 -0.620639
    outer loop
      vertex 0.536161 0.824686 12.7846
      vertex 0.526344 0.719837 12.6782
      vertex 0.461592 0.778909 12.7846
    endloop
  endfacet
  facet normal -0.0441171 0.961472 -0.27134
    outer loop
      vertex 0.142138 0.444242 12.2897
      vertex 0.809262 -2.42904 2
      vertex 0 0.43772 12.2897
    endloop
  endfacet
  facet normal -0.0440252 0.959469 -0.278355
    outer loop
      vertex 0.134624 0.484194 12.4286
      vertex 0.142138 0.444242 12.2897
      vertex 0 0.43772 12.2897
    endloop
  endfacet
  facet normal -0.0440236 0.959468 -0.278356
    outer loop
      vertex 0 0.478017 12.4286
      vertex 0.134624 0.484194 12.4286
      vertex 0 0.43772 12.2897
    endloop
  endfacet
  facet normal 0.0440236 0.959468 -0.278356
    outer loop
      vertex 0 0.478017 12.4286
      vertex 0 0.43772 12.2897
      vertex -0.134624 0.484194 12.4286
    endloop
  endfacet
  facet normal -0.0375654 0.818733 -0.572944
    outer loop
      vertex 0.0989704 0.673767 12.7846
      vertex 0.112855 0.599946 12.6782
      vertex 0 0.669226 12.7846
    endloop
  endfacet
  facet normal -0.121273 0.87097 -0.476135
    outer loop
      vertex 0.223779 0.615391 12.6782
      vertex 0.247479 0.553473 12.5589
      vertex 0.112855 0.599946 12.6782
    endloop
  endfacet
  facet normal 0.202489 0.852164 -0.482509
    outer loop
      vertex -0.223779 0.615391 12.6782
      vertex -0.247479 0.553473 12.5589
      vertex -0.365917 0.581616 12.5589
    endloop
  endfacet
  facet normal 0.121273 0.87097 -0.476135
    outer loop
      vertex -0.223779 0.615391 12.6782
      vertex -0.112855 0.599946 12.6782
      vertex -0.247479 0.553473 12.5589
    endloop
  endfacet
  facet normal 0.121268 0.870973 -0.47613
    outer loop
      vertex -0.112855 0.599946 12.6782
      vertex -0.124807 0.536393 12.5589
      vertex -0.247479 0.553473 12.5589
    endloop
  endfacet
  facet normal 0.127721 0.917321 -0.377107
    outer loop
      vertex -0.124807 0.536393 12.5589
      vertex -0.134624 0.484194 12.4286
      vertex -0.247479 0.553473 12.5589
    endloop
  endfacet
  facet normal 0.262802 0.76131 -0.592741
    outer loop
      vertex -0.290169 0.709629 12.7846
      vertex -0.330873 0.640839 12.6782
      vertex -0.379124 0.740336 12.7846
    endloop
  endfacet
  facet normal 0.300871 0.643261 -0.704054
    outer loop
      vertex -0.388941 0.845185 12.8762
      vertex -0.319452 0.812683 12.8762
      vertex -0.461592 0.778909 12.7846
    endloop
  endfacet
  facet normal 0.398844 0.852715 -0.337344
    outer loop
      vertex -0.627878 0.627213 12.4286
      vertex -0.515701 0.574744 12.4286
      vertex -4.91879 -1.49146 2
    endloop
  endfacet
  facet normal 0.387908 0.829334 -0.402161
    outer loop
      vertex -0.582091 0.668982 12.5589
      vertex -0.515701 0.574744 12.4286
      vertex -0.627878 0.627213 12.4286
    endloop
  endfacet
  facet normal -0.670298 0.472223 -0.572456
    outer loop
      vertex 0.883404 0.943857 12.5589
      vertex 0.828084 0.865333 12.5589
      vertex 0.7988 0.968388 12.6782
    endloop
  endfacet
  facet normal -0.723807 0.509921 -0.464849
    outer loop
      vertex 0.883404 0.943857 12.5589
      vertex 0.952892 0.923709 12.4286
      vertex 0.828084 0.865333 12.5589
    endloop
  endfacet
  facet normal -0.646702 0.617308 -0.448004
    outer loop
      vertex 0.828084 0.865333 12.5589
      vertex 0.893221 0.839008 12.4286
      vertex 0.818267 0.760485 12.4286
    endloop
  endfacet
  facet normal -0.546316 0.521474 -0.655441
    outer loop
      vertex 0.656661 0.934613 12.7846
      vertex 0.748778 0.897384 12.6782
      vertex 0.601558 0.876885 12.7846
    endloop
  endfacet
  facet normal -0.590097 -0.739221 -0.324557
    outer loop
      vertex 0.770018 1.73901 12.2897
      vertex 0.818267 1.63951 12.4286
      vertex 0.729312 1.71052 12.4286
    endloop
  endfacet
  facet normal -0.590026 -0.739256 -0.324606
    outer loop
      vertex 0.863937 1.66405 12.2897
      vertex 0.818267 1.63951 12.4286
      vertex 0.770018 1.73901 12.2897
    endloop
  endfacet
  facet normal -0.646683 -0.617347 -0.447978
    outer loop
      vertex 0.893221 1.56099 12.4286
      vertex 0.828084 1.53467 12.5589
      vertex 0.758596 1.60746 12.5589
    endloop
  endfacet
  facet normal -0.546326 -0.521446 -0.655456
    outer loop
      vertex 0.685946 1.56844 12.6782
      vertex 0.748778 1.50261 12.6782
      vertex 0.601558 1.52311 12.7846
    endloop
  endfacet
  facet normal -0.424114 -0.531336 -0.733355
    outer loop
      vertex 0.536161 1.57531 12.7846
      vertex 0.601558 1.52311 12.7846
      vertex 0.451775 1.51624 12.8762
    endloop
  endfacet
  facet normal -0.364165 -0.593173 -0.718004
    outer loop
      vertex 0.461592 1.62109 12.7846
      vertex 0.536161 1.57531 12.7846
      vertex 0.451775 1.51624 12.8762
    endloop
  endfacet
  facet normal -0.653037 -0.316675 -0.687939
    outer loop
      vertex 0.7988 1.43161 12.6782
      vertex 0.835155 1.35664 12.6782
      vertex 0.700529 1.40312 12.7846
    endloop
  endfacet
  facet normal -0.375115 -0.106581 -0.920831
    outer loop
      vertex 0.491301 1.29215 12.9514
      vertex 0.50428 1.24647 12.9514
      vertex 0.357059 1.26697 13.009
    endloop
  endfacet
  facet normal -0.680647 -0.649681 -0.338577
    outer loop
      vertex 0.863937 1.66405 12.2897
      vertex 0.943075 1.58114 12.2897
      vertex 0.818267 1.63951 12.4286
    endloop
  endfacet
  facet normal -0.60661 -0.760034 -0.233179
    outer loop
      vertex 5.36936 1.225 2
      vertex 0.863937 1.66405 12.2897
      vertex 0.770018 1.73901 12.2897
    endloop
  endfacet
  facet normal 0.101598 -0.729215 -0.676701
    outer loop
      vertex -0.0833931 1.64341 12.8762
      vertex -0.16536 1.63199 12.8762
      vertex -0.196248 1.71269 12.7846
    endloop
  endfacet
  facet normal -0.11152 -0.323066 -0.939783
    outer loop
      vertex 0.14146 1.43906 13.009
      vertex 0.184827 1.42409 13.009
      vertex 0.112177 1.33601 13.0479
    endloop
  endfacet
  facet normal 0.574952 0.72031 -0.388051
    outer loop
      vertex -0.818267 0.760485 12.4286
      vertex -0.729312 0.689481 12.4286
      vertex -5.36936 -1.225 2
    endloop
  endfacet
  facet normal 0.479136 0.457356 -0.749169
    outer loop
      vertex -0.553308 0.976382 12.8762
      vertex -0.506878 0.927741 12.8762
      vertex -0.601558 0.876885 12.7846
    endloop
  endfacet
  facet normal 0.400531 0.382307 -0.832717
    outer loop
      vertex -0.440488 1.02198 12.9514
      vertex -0.403524 0.983254 12.9514
      vertex -0.553308 0.976382 12.8762
    endloop
  endfacet
  facet normal 0.424108 0.531334 -0.73336
    outer loop
      vertex -0.506878 0.927741 12.8762
      vertex -0.451775 0.883758 12.8762
      vertex -0.536161 0.824686 12.7846
    endloop
  endfacet
  facet normal 0.527226 0.371434 -0.764244
    outer loop
      vertex -0.590272 1.02885 12.8762
      vertex -0.553308 0.976382 12.8762
      vertex -0.700529 0.996881 12.7846
    endloop
  endfacet
  facet normal 0.375115 0.106581 -0.920831
    outer loop
      vertex -0.357059 1.13303 13.009
      vertex -0.491301 1.10785 12.9514
      vertex -0.50428 1.15353 12.9514
    endloop
  endfacet
  facet normal 0.646702 0.617308 -0.448004
    outer loop
      vertex -0.828084 0.865333 12.5589
      vertex -0.818267 0.760485 12.4286
      vertex -0.893221 0.839008 12.4286
    endloop
  endfacet
  facet normal 0.308207 0.502062 -0.808048
    outer loop
      vertex -0.359656 0.948239 12.9514
      vertex -0.309635 0.917532 12.9514
      vertex -0.451775 0.883758 12.8762
    endloop
  endfacet
  facet normal 0.123529 -0.0599163 -0.99053
    outer loop
      vertex -0.207275 1.2601 13.0479
      vertex -0.0694876 1.22015 13.0675
      vertex -0.216709 1.24065 13.0479
    endloop
  endfacet
  facet normal 0.116903 -0.0823717 -0.989721
    outer loop
      vertex -0.194296 1.27852 13.0479
      vertex -0.0694876 1.22015 13.0675
      vertex -0.207275 1.2601 13.0479
    endloop
  endfacet
  facet normal 0.108293 -0.103296 -0.988738
    outer loop
      vertex -0.0596704 1.23205 13.0675
      vertex -0.065136 1.22632 13.0675
      vertex -0.194296 1.27852 13.0479
    endloop
  endfacet
  facet normal 0.279254 -0.34983 -0.894224
    outer loop
      vertex -0.261385 1.38297 13.009
      vertex -0.293267 1.35752 13.009
      vertex -0.359656 1.45176 12.9514
    endloop
  endfacet
  facet normal 0.132957 -0.991122 0
    outer loop
      vertex -2.37264 2.2635 1
      vertex -1.60468 2.36652 2
      vertex -2.37264 2.2635 2
    endloop
  endfacet
  facet normal 0.132957 -0.991122 0
    outer loop
      vertex -1.60468 2.36652 2
      vertex -2.37264 2.2635 1
      vertex -1.60468 2.36652 1
    endloop
  endfacet
  facet normal 0.327451 -0.944868 0
    outer loop
      vertex -4.38406 1.73241 1
      vertex -3.77432 1.94372 2
      vertex -4.38406 1.73241 2
    endloop
  endfacet
  facet normal 0.327451 -0.944868 0
    outer loop
      vertex -3.77432 1.94372 2
      vertex -4.38406 1.73241 1
      vertex -3.77432 1.94372 1
    endloop
  endfacet
  facet normal 0.320151 -0.927386 -0.193541
    outer loop
      vertex -0.431629 1.92943 12.1444
      vertex -0.41673 1.90425 12.2897
      vertex -0.563951 1.88375 12.1444
    endloop
  endfacet
  facet normal 0.406791 -0.902773 -0.139718
    outer loop
      vertex -4.38406 1.73241 2
      vertex -0.563951 1.88375 12.1444
      vertex -4.91879 1.49146 2
    endloop
  endfacet
  facet normal 0.415089 -0.887575 -0.199778
    outer loop
      vertex -0.563951 1.88375 12.1444
      vertex -0.662922 1.80476 12.2897
      vertex -0.686624 1.82638 12.1444
    endloop
  endfacet
  facet normal 0.479132 -0.457362 -0.749168
    outer loop
      vertex -0.506878 1.47226 12.8762
      vertex -0.553308 1.42362 12.8762
      vertex -0.656661 1.46539 12.7846
    endloop
  endfacet
  facet normal 0.56512 -0.797097 -0.212782
    outer loop
      vertex -0.797547 1.75828 12.1444
      vertex -0.770018 1.73901 12.2897
      vertex -5.36936 1.225 2
    endloop
  endfacet
  facet normal 0.863243 0.080821 -0.498276
    outer loop
      vertex -0.956189 1.2 12.5589
      vertex -0.948009 1.11263 12.5589
      vertex -1.0314 1.2 12.4286
    endloop
  endfacet
  facet normal 0.44708 0.728269 -0.519369
    outer loop
      vertex -0.611375 0.772037 12.6782
      vertex -0.526344 0.719837 12.6782
      vertex -0.676128 0.726709 12.5589
    endloop
  endfacet
  facet normal 0.244499 -0.118573 -0.962372
    outer loop
      vertex -0.341516 1.29902 13.009
      vertex -0.216709 1.24065 13.0479
      vertex -0.357059 1.26697 13.009
    endloop
  endfacet
  facet normal 0.230829 -0.162646 -0.959304
    outer loop
      vertex -0.194296 1.27852 13.0479
      vertex -0.207275 1.2601 13.0479
      vertex -0.341516 1.29902 13.009
    endloop
  endfacet
  facet normal 0.365819 -0.782156 -0.50439
    outer loop
      vertex -0.478094 1.77966 12.5589
      vertex -0.526344 1.68016 12.6782
      vertex -0.582091 1.73102 12.5589
    endloop
  endfacet
  facet normal 0.213631 -0.898827 -0.382717
    outer loop
      vertex -0.247479 1.84653 12.5589
      vertex -0.365917 1.81838 12.5589
      vertex -0.394701 1.86702 12.4286
    endloop
  endfacet
  facet normal -0.415089 -0.887575 -0.199778
    outer loop
      vertex 0.686624 1.82638 12.1444
      vertex 0.662922 1.80476 12.2897
      vertex 0.563951 1.88375 12.1444
    endloop
  endfacet
  facet normal -0.227014 -0.955401 -0.188874
    outer loop
      vertex 0.291923 1.96263 12.1444
      vertex 0.41673 1.90425 12.2897
      vertex 0.281846 1.9363 12.2897
    endloop
  endfacet
  facet normal 0.132748 -0.989568 -0.0559663
    outer loop
      vertex -1.60468 2.36652 2
      vertex -0.149783 1.9964 11.9952
      vertex -2.37264 2.2635 2
    endloop
  endfacet
  facet normal -0.11267 -0.809441 -0.576291
    outer loop
      vertex 0.112855 1.80005 12.6782
      vertex 0.223779 1.78461 12.6782
      vertex 0.0989704 1.72623 12.7846
    endloop
  endfacet
  facet normal -0.13029 0.0122027 -0.991401
    outer loop
      vertex 0.224354 1.2 13.0479
      vertex 0.222434 1.1795 13.0479
      vertex 0.0752134 1.2 13.0675
    endloop
  endfacet
  facet normal -0.00850607 -0.184509 -0.982794
    outer loop
      vertex 0 1.35705 13.0479
      vertex 0.0292835 1.3557 13.0479
      vertex 0 1.25265 13.0675
    endloop
  endfacet
  facet normal 0.0573151 0.166142 -0.984435
    outer loop
      vertex -0.0376062 1.1544 13.0675
      vertex -0.0858564 1.05491 13.0479
      vertex -0.112177 1.06399 13.0479
    endloop
  endfacet
  facet normal -0.202648 0.43326 -0.878191
    outer loop
      vertex 0.225032 0.994713 13.009
      vertex 0.254315 0.891658 12.9514
      vertex 0.184827 0.975908 13.009
    endloop
  endfacet
  facet normal -0.338979 0.238803 -0.909981
    outer loop
      vertex 0.469914 1.06375 12.9514
      vertex 0.440488 1.02198 12.9514
      vertex 0.341516 1.10098 13.009
    endloop
  endfacet
  facet normal -0.360376 0.174768 -0.916289
    outer loop
      vertex 0.357059 1.13303 13.009
      vertex 0.469914 1.06375 12.9514
      vertex 0.341516 1.10098 13.009
    endloop
  endfacet
  facet normal -0.311646 0.297503 -0.902424
    outer loop
      vertex 0.32013 1.07062 13.009
      vertex 0.440488 1.02198 12.9514
      vertex 0.293267 1.04248 13.009
    endloop
  endfacet
  facet normal 0.0808775 0.340028 -0.936931
    outer loop
      vertex -0.0858564 1.05491 13.0479
      vertex -0.0580664 1.0483 13.0479
      vertex -0.0956736 0.950058 13.009
    endloop
  endfacet
  facet normal 0.0572526 0.166172 -0.984433
    outer loop
      vertex -0.0376062 1.1544 13.0675
      vertex -0.0287828 1.15136 13.0675
      vertex -0.0858564 1.05491 13.0479
    endloop
  endfacet
  facet normal -0.025213 0.181426 -0.983081
    outer loop
      vertex 0.0580664 1.0483 13.0479
      vertex 0.0292835 1.0443 13.0479
      vertex 0.00981712 1.1478 13.0675
    endloop
  endfacet
  facet normal 0.144896 0.609773 -0.779219
    outer loop
      vertex -0.131643 0.856089 12.9514
      vertex -0.16536 0.768004 12.8762
      vertex -0.244498 0.786809 12.8762
    endloop
  endfacet
  facet normal 0.128022 0.0363735 -0.991104
    outer loop
      vertex -0.0745697 1.19313 13.0675
      vertex -0.216709 1.15935 13.0479
      vertex -0.222434 1.1795 13.0479
    endloop
  endfacet
  facet normal 0.130289 0.0122077 -0.991401
    outer loop
      vertex -0.0752134 1.2 13.0675
      vertex -0.0745697 1.19313 13.0675
      vertex -0.222434 1.1795 13.0479
    endloop
  endfacet
  facet normal 0.311646 0.297503 -0.902424
    outer loop
      vertex -0.32013 1.07062 13.009
      vertex -0.293267 1.04248 13.009
      vertex -0.440488 1.02198 12.9514
    endloop
  endfacet
  facet normal 0.213222 0.203415 -0.955593
    outer loop
      vertex -0.194296 1.12148 13.0479
      vertex -0.177992 1.10439 13.0479
      vertex -0.293267 1.04248 13.009
    endloop
  endfacet
  facet normal -0.789294 -0.382784 -0.480096
    outer loop
      vertex 0.996259 1.38686 12.4286
      vertex 0.923608 1.37324 12.5589
      vertex 0.883404 1.45614 12.5589
    endloop
  endfacet
  facet normal -0.789297 -0.382751 -0.480116
    outer loop
      vertex 0.952892 1.47629 12.4286
      vertex 0.996259 1.38686 12.4286
      vertex 0.883404 1.45614 12.5589
    endloop
  endfacet
  facet normal -0.499384 0.0467648 -0.865118
    outer loop
      vertex 0.638906 1.2 12.8762
      vertex 0.633439 1.14162 12.8762
      vertex 0.50428 1.15353 12.9514
    endloop
  endfacet
  facet normal -0.375115 0.106581 -0.920831
    outer loop
      vertex 0.50428 1.15353 12.9514
      vertex 0.491301 1.10785 12.9514
      vertex 0.357059 1.13303 13.009
    endloop
  endfacet
  facet normal -0.338983 -0.238806 -0.909979
    outer loop
      vertex 0.440488 1.37802 12.9514
      vertex 0.469914 1.33625 12.9514
      vertex 0.32013 1.32938 13.009
    endloop
  endfacet
  facet normal -0.382631 0.0358341 -0.923206
    outer loop
      vertex 0.508632 1.2 12.9514
      vertex 0.50428 1.15353 12.9514
      vertex 0.366492 1.16622 13.009
    endloop
  endfacet
  facet normal -0.253813 0.0721369 -0.964559
    outer loop
      vertex 0.366492 1.16622 13.009
      vertex 0.357059 1.13303 13.009
      vertex 0.216709 1.15935 13.0479
    endloop
  endfacet
  facet normal -0.244499 0.118573 -0.962372
    outer loop
      vertex 0.357059 1.13303 13.009
      vertex 0.341516 1.10098 13.009
      vertex 0.216709 1.15935 13.0479
    endloop
  endfacet
  facet normal -0.242628 0.395227 -0.885961
    outer loop
      vertex 0.261385 1.01703 13.009
      vertex 0.359656 0.948239 12.9514
      vertex 0.225032 0.994713 13.009
    endloop
  endfacet
  facet normal -0.242626 0.395232 -0.88596
    outer loop
      vertex 0.359656 0.948239 12.9514
      vertex 0.309635 0.917532 12.9514
      vertex 0.225032 0.994713 13.009
    endloop
  endfacet
  facet normal -0.300871 0.643261 -0.704054
    outer loop
      vertex 0.388941 0.845185 12.8762
      vertex 0.461592 0.778909 12.7846
      vertex 0.319452 0.812683 12.8762
    endloop
  endfacet
  facet normal -0.168867 0.710653 -0.682976
    outer loop
      vertex 0.244498 0.786809 12.8762
      vertex 0.290169 0.709629 12.7846
      vertex 0.16536 0.768004 12.8762
    endloop
  endfacet
  facet normal 0.111513 0.323046 -0.93979
    outer loop
      vertex -0.0858564 1.05491 13.0479
      vertex -0.14146 0.960938 13.009
      vertex -0.184827 0.975908 13.009
    endloop
  endfacet
  facet normal 0.0164662 0.357176 -0.933892
    outer loop
      vertex 0 1.04295 13.0479
      vertex 0 0.94124 13.009
      vertex -0.0292835 1.0443 13.0479
    endloop
  endfacet
  facet normal 0.112706 0.809431 -0.576297
    outer loop
      vertex -0.196248 0.687312 12.7846
      vertex -0.0989704 0.673767 12.7846
      vertex -0.223779 0.615391 12.6782
    endloop
  endfacet
  facet normal -0.0291779 0.635947 -0.771181
    outer loop
      vertex 0.0663891 0.847003 12.9514
      vertex 0.0833931 0.756592 12.8762
      vertex 0 0.843957 12.9514
    endloop
  endfacet
  facet normal -0.0721532 0.154116 -0.985415
    outer loop
      vertex 0.0457869 1.15823 13.0675
      vertex 0.112177 1.06399 13.0479
      vertex 0.0376062 1.1544 13.0675
    endloop
  endfacet
  facet normal -0.0573151 0.166142 -0.984435
    outer loop
      vertex 0.112177 1.06399 13.0479
      vertex 0.0858564 1.05491 13.0479
      vertex 0.0376062 1.1544 13.0675
    endloop
  endfacet
  facet normal -0.308208 0.50206 -0.808049
    outer loop
      vertex 0.451775 0.883758 12.8762
      vertex 0.388941 0.845185 12.8762
      vertex 0.309635 0.917532 12.9514
    endloop
  endfacet
  facet normal -0.337199 0.720922 -0.605449
    outer loop
      vertex 0.461592 0.778909 12.7846
      vertex 0.432307 0.675854 12.6782
      vertex 0.379124 0.740336 12.7846
    endloop
  endfacet
  facet normal -0.160083 0.463719 -0.8714
    outer loop
      vertex 0.254315 0.891658 12.9514
      vertex 0.194645 0.871059 12.9514
      vertex 0.14146 0.960938 13.009
    endloop
  endfacet
  facet normal -0.235491 0.682192 -0.692213
    outer loop
      vertex 0.319452 0.812683 12.8762
      vertex 0.290169 0.709629 12.7846
      vertex 0.244498 0.786809 12.8762
    endloop
  endfacet
  facet normal 0.0375654 0.818733 -0.572944
    outer loop
      vertex -0.0989704 0.673767 12.7846
      vertex 0 0.669226 12.7846
      vertex -0.112855 0.599946 12.6782
    endloop
  endfacet
  facet normal 0.0375579 0.818737 -0.572939
    outer loop
      vertex 0 0.669226 12.7846
      vertex 0 0.594769 12.6782
      vertex -0.112855 0.599946 12.6782
    endloop
  endfacet
  facet normal -0.202493 0.852161 -0.482512
    outer loop
      vertex 0.330873 0.640839 12.6782
      vertex 0.365917 0.581616 12.5589
      vertex 0.223779 0.615391 12.6782
    endloop
  endfacet
  facet normal -0.201349 0.583255 -0.786939
    outer loop
      vertex 0.254315 0.891658 12.9514
      vertex 0.319452 0.812683 12.8762
      vertex 0.194645 0.871059 12.9514
    endloop
  endfacet
  facet normal 0.101532 0.729258 -0.676664
    outer loop
      vertex -0.0833931 0.756592 12.8762
      vertex -0.0989704 0.673767 12.7846
      vertex -0.16536 0.768004 12.8762
    endloop
  endfacet
  facet normal 0.168863 0.710658 -0.682972
    outer loop
      vertex -0.16536 0.768004 12.8762
      vertex -0.196248 0.687312 12.7846
      vertex -0.290169 0.709629 12.7846
    endloop
  endfacet
  facet normal 0.300873 0.643258 -0.704056
    outer loop
      vertex -0.319452 0.812683 12.8762
      vertex -0.379124 0.740336 12.7846
      vertex -0.461592 0.778909 12.7846
    endloop
  endfacet
  facet normal 0.337199 0.720922 -0.605449
    outer loop
      vertex -0.379124 0.740336 12.7846
      vertex -0.432307 0.675854 12.6782
      vertex -0.461592 0.778909 12.7846
    endloop
  endfacet
  facet normal -0.47914 0.457353 -0.749168
    outer loop
      vertex 0.656661 0.934613 12.7846
      vertex 0.601558 0.876885 12.7846
      vertex 0.553308 0.976382 12.8762
    endloop
  endfacet
  facet normal -0.546318 0.521469 -0.655444
    outer loop
      vertex 0.748778 0.897384 12.6782
      vertex 0.685946 0.831558 12.6782
      vertex 0.601558 0.876885 12.7846
    endloop
  endfacet
  facet normal -0.404003 -0.863894 -0.30078
    outer loop
      vertex 0.544484 1.86015 12.2897
      vertex 0.627878 1.77279 12.4286
      vertex 0.515701 1.82525 12.4286
    endloop
  endfacet
  facet normal -0.51181 -0.833655 -0.207533
    outer loop
      vertex 0.686624 1.82638 12.1444
      vertex 0.770018 1.73901 12.2897
      vertex 0.662922 1.80476 12.2897
    endloop
  endfacet
  facet normal -0.604844 -0.426134 -0.672736
    outer loop
      vertex 0.748778 1.50261 12.6782
      vertex 0.7988 1.43161 12.6782
      vertex 0.700529 1.40312 12.7846
    endloop
  endfacet
  facet normal -0.527229 -0.371423 -0.764248
    outer loop
      vertex 0.656661 1.46539 12.7846
      vertex 0.700529 1.40312 12.7846
      vertex 0.553308 1.42362 12.8762
    endloop
  endfacet
  facet normal -0.479123 -0.4574 -0.74915
    outer loop
      vertex 0.601558 1.52311 12.7846
      vertex 0.656661 1.46539 12.7846
      vertex 0.506878 1.47226 12.8762
    endloop
  endfacet
  facet normal -0.566139 -0.274516 -0.777257
    outer loop
      vertex 0.73241 1.33737 12.7846
      vertex 0.617135 1.31575 12.8762
      vertex 0.590272 1.37115 12.8762
    endloop
  endfacet
  facet normal -0.167593 -0.272963 -0.947314
    outer loop
      vertex 0.225032 1.40529 13.009
      vertex 0.261385 1.38297 13.009
      vertex 0.158642 1.31105 13.0479
    endloop
  endfacet
  facet normal -0.279254 -0.34983 -0.894224
    outer loop
      vertex 0.359656 1.45176 12.9514
      vertex 0.293267 1.35752 13.009
      vertex 0.261385 1.38297 13.009
    endloop
  endfacet
  facet normal -0.566139 -0.274511 -0.777258
    outer loop
      vertex 0.700529 1.40312 12.7846
      vertex 0.73241 1.33737 12.7846
      vertex 0.590272 1.37115 12.8762
    endloop
  endfacet
  facet normal -0.400499 -0.382336 -0.832719
    outer loop
      vertex 0.506878 1.47226 12.8762
      vertex 0.440488 1.37802 12.9514
      vertex 0.403524 1.41674 12.9514
    endloop
  endfacet
  facet normal -0.646693 -0.617323 -0.447997
    outer loop
      vertex 0.818267 1.63951 12.4286
      vertex 0.893221 1.56099 12.4286
      vertex 0.758596 1.60746 12.5589
    endloop
  endfacet
  facet normal -0.526525 -0.6596 -0.536376
    outer loop
      vertex 0.758596 1.60746 12.5589
      vertex 0.685946 1.56844 12.6782
      vertex 0.676128 1.67329 12.5589
    endloop
  endfacet
  facet normal 0.23546 -0.682206 -0.692209
    outer loop
      vertex -0.290169 1.69037 12.7846
      vertex -0.244498 1.61319 12.8762
      vertex -0.319452 1.58732 12.8762
    endloop
  endfacet
  facet normal 0.112666 -0.809444 -0.576288
    outer loop
      vertex -0.0989704 1.72623 12.7846
      vertex -0.196248 1.71269 12.7846
      vertex -0.223779 1.78461 12.6782
    endloop
  endfacet
  facet normal -0.069829 -0.501758 -0.862185
    outer loop
      vertex 0.131643 1.54391 12.9514
      vertex 0.0956736 1.44994 13.009
      vertex 0.0482492 1.45654 13.009
    endloop
  endfacet
  facet normal -0.0251952 -0.181429 -0.983081
    outer loop
      vertex 0.0292835 1.3557 13.0479
      vertex 0.0194664 1.25086 13.0675
      vertex 0.00981712 1.2522 13.0675
    endloop
  endfacet
  facet normal 0.562862 0.705153 -0.431215
    outer loop
      vertex -0.758596 0.792536 12.5589
      vertex -0.676128 0.726709 12.5589
      vertex -0.818267 0.760485 12.4286
    endloop
  endfacet
  facet normal 0.47914 0.457353 -0.749168
    outer loop
      vertex -0.553308 0.976382 12.8762
      vertex -0.601558 0.876885 12.7846
      vertex -0.656661 0.934613 12.7846
    endloop
  endfacet
  facet normal 0.0856493 0.139569 -0.986501
    outer loop
      vertex -0.0531836 1.16277 13.0675
      vertex -0.136578 1.07541 13.0479
      vertex -0.158642 1.08895 13.0479
    endloop
  endfacet
  facet normal 0.356778 0.446981 -0.820315
    outer loop
      vertex -0.403524 0.983254 12.9514
      vertex -0.451775 0.883758 12.8762
      vertex -0.506878 0.927741 12.8762
    endloop
  endfacet
  facet normal 0.566126 0.27451 -0.777268
    outer loop
      vertex -0.617135 1.08425 12.8762
      vertex -0.590272 1.02885 12.8762
      vertex -0.73241 1.06262 12.7846
    endloop
  endfacet
  facet normal 0.364147 0.593182 -0.718006
    outer loop
      vertex -0.451775 0.883758 12.8762
      vertex -0.388941 0.845185 12.8762
      vertex -0.461592 0.778909 12.7846
    endloop
  endfacet
  facet normal 0.593621 0.168701 -0.786863
    outer loop
      vertex -0.633439 1.14162 12.8762
      vertex -0.617135 1.08425 12.8762
      vertex -0.75176 1.13072 12.7846
    endloop
  endfacet
  facet normal 0.43805 0.308609 -0.844318
    outer loop
      vertex -0.440488 1.02198 12.9514
      vertex -0.553308 0.976382 12.8762
      vertex -0.590272 1.02885 12.8762
    endloop
  endfacet
  facet normal 0.167534 -0.273004 -0.947313
    outer loop
      vertex -0.136578 1.32459 13.0479
      vertex -0.158642 1.31105 13.0479
      vertex -0.225032 1.40529 13.009
    endloop
  endfacet
  facet normal 0.0856493 -0.139569 -0.986501
    outer loop
      vertex -0.136578 1.32459 13.0479
      vertex -0.0531836 1.23723 13.0675
      vertex -0.158642 1.31105 13.0479
    endloop
  endfacet
  facet normal 0.0782672 -0.995763 -0.0482654
    outer loop
      vertex -0.809262 2.42904 2
      vertex -0.149783 1.9964 11.9952
      vertex -1.60468 2.36652 2
    endloop
  endfacet
  facet normal 0.230496 -0.969878 -0.0787914
    outer loop
      vertex -0.297004 1.97591 11.9952
      vertex -0.439143 1.94213 11.9952
      vertex -3.1 2.12176 2
    endloop
  endfacet
  facet normal 0.255281 -0.966867 0
    outer loop
      vertex -3.77432 1.94372 1
      vertex -3.1 2.12176 2
      vertex -3.77432 1.94372 2
    endloop
  endfacet
  facet normal 0.255281 -0.966867 0
    outer loop
      vertex -3.1 2.12176 2
      vertex -3.77432 1.94372 1
      vertex -3.1 2.12176 1
    endloop
  endfacet
  facet normal 0.513914 -0.837077 -0.187603
    outer loop
      vertex -0.686624 1.82638 12.1444
      vertex -0.797547 1.75828 12.1444
      vertex -5.36936 1.225 2
    endloop
  endfacet
  facet normal 0.60661 -0.760034 -0.233179
    outer loop
      vertex -0.770018 1.73901 12.2897
      vertex -0.863937 1.66405 12.2897
      vertex -5.36936 1.225 2
    endloop
  endfacet
  facet normal 0.49712 -0.809727 -0.311793
    outer loop
      vertex -0.662922 1.80476 12.2897
      vertex -0.627878 1.77279 12.4286
      vertex -0.770018 1.73901 12.2897
    endloop
  endfacet
  facet normal 0.230836 -0.162604 -0.959309
    outer loop
      vertex -0.32013 1.32938 13.009
      vertex -0.194296 1.27852 13.0479
      vertex -0.341516 1.29902 13.009
    endloop
  endfacet
  facet normal 0.646693 -0.617323 -0.447997
    outer loop
      vertex -0.818267 1.63951 12.4286
      vertex -0.758596 1.60746 12.5589
      vertex -0.893221 1.56099 12.4286
    endloop
  endfacet
  facet normal 0.889043 0.0832062 -0.4502
    outer loop
      vertex -1.0314 1.2 12.4286
      vertex -1.02258 1.10576 12.4286
      vertex -6.2 0 2
    endloop
  endfacet
  facet normal 0.772112 -0.543966 -0.328548
    outer loop
      vertex -0.943075 1.58114 12.2897
      vertex -1.00608 1.49171 12.2897
      vertex -5.98874 0.634107 2
    endloop
  endfacet
  facet normal 0.593617 0.168671 -0.786873
    outer loop
      vertex -0.617135 1.08425 12.8762
      vertex -0.73241 1.06262 12.7846
      vertex -0.75176 1.13072 12.7846
    endloop
  endfacet
  facet normal 0.499384 -0.0467648 -0.865118
    outer loop
      vertex -0.633439 1.25838 12.8762
      vertex -0.50428 1.24647 12.9514
      vertex -0.638906 1.2 12.8762
    endloop
  endfacet
  facet normal 0.680647 -0.649681 -0.338577
    outer loop
      vertex -0.863937 1.66405 12.2897
      vertex -0.818267 1.63951 12.4286
      vertex -0.943075 1.58114 12.2897
    endloop
  endfacet
  facet normal -0.137331 -0.986207 -0.092386
    outer loop
      vertex 0.149783 1.9964 11.9952
      vertex 0.291923 1.96263 12.1444
      vertex 0.147221 1.98278 12.1444
    endloop
  endfacet
  facet normal 0.475834 -0.775104 -0.415686
    outer loop
      vertex -0.627878 1.77279 12.4286
      vertex -0.676128 1.67329 12.5589
      vertex -0.729312 1.71052 12.4286
    endloop
  endfacet
  facet normal 0.127723 -0.917334 -0.377075
    outer loop
      vertex -0.124807 1.86361 12.5589
      vertex -0.247479 1.84653 12.5589
      vertex -0.266947 1.89738 12.4286
    endloop
  endfacet
  facet normal 0.190831 -0.979278 -0.0678052
    outer loop
      vertex -2.37264 2.2635 2
      vertex -0.297004 1.97591 11.9952
      vertex -3.1 2.12176 2
    endloop
  endfacet
  facet normal 0.135521 -0.973212 -0.18572
    outer loop
      vertex -0.147221 1.98278 12.1444
      vertex -0.142138 1.95576 12.2897
      vertex -0.291923 1.96263 12.1444
    endloop
  endfacet
  facet normal 0.404003 -0.863894 -0.30078
    outer loop
      vertex -0.544484 1.86015 12.2897
      vertex -0.515701 1.82525 12.4286
      vertex -0.627878 1.77279 12.4286
    endloop
  endfacet
  facet normal -0.320132 -0.927397 -0.193521
    outer loop
      vertex 0.563951 1.88375 12.1444
      vertex 0.544484 1.86015 12.2897
      vertex 0.41673 1.90425 12.2897
    endloop
  endfacet
  facet normal -0.320151 -0.927386 -0.193541
    outer loop
      vertex 0.431629 1.92943 12.1444
      vertex 0.563951 1.88375 12.1444
      vertex 0.41673 1.90425 12.2897
    endloop
  endfacet
  facet normal -0.475841 -0.775102 -0.415682
    outer loop
      vertex 0.627878 1.77279 12.4286
      vertex 0.676128 1.67329 12.5589
      vertex 0.582091 1.73102 12.5589
    endloop
  endfacet
  facet normal -0.365806 -0.782157 -0.504397
    outer loop
      vertex 0.478094 1.77966 12.5589
      vertex 0.526344 1.68016 12.6782
      vertex 0.432307 1.72414 12.6782
    endloop
  endfacet
  facet normal 0.324404 -0.939708 -0.108219
    outer loop
      vertex -0.431629 1.92943 12.1444
      vertex -0.563951 1.88375 12.1444
      vertex -3.77432 1.94372 2
    endloop
  endfacet
  facet normal 0.0458357 -0.997879 -0.0462172
    outer loop
      vertex 0 2.00328 11.9952
      vertex -0.149783 1.9964 11.9952
      vertex -0.809262 2.42904 2
    endloop
  endfacet
  facet normal -0.244492 0.118588 -0.962372
    outer loop
      vertex 0.216709 1.15935 13.0479
      vertex 0.341516 1.10098 13.009
      vertex 0.207275 1.1399 13.0479
    endloop
  endfacet
  facet normal -0.0808012 0.340037 -0.936935
    outer loop
      vertex 0.14146 0.960938 13.009
      vertex 0.0956736 0.950058 13.009
      vertex 0.0858564 1.05491 13.0479
    endloop
  endfacet
  facet normal -0.140611 0.300626 -0.94332
    outer loop
      vertex 0.225032 0.994713 13.009
      vertex 0.184827 0.975908 13.009
      vertex 0.112177 1.06399 13.0479
    endloop
  endfacet
  facet normal 0.244492 0.118588 -0.962372
    outer loop
      vertex -0.216709 1.15935 13.0479
      vertex -0.207275 1.1399 13.0479
      vertex -0.341516 1.10098 13.009
    endloop
  endfacet
  facet normal 0.0721344 0.154129 -0.985414
    outer loop
      vertex -0.0457869 1.15823 13.0675
      vertex -0.112177 1.06399 13.0479
      vertex -0.136578 1.07541 13.0479
    endloop
  endfacet
  facet normal -0.191945 0.240455 -0.951493
    outer loop
      vertex 0.293267 1.04248 13.009
      vertex 0.261385 1.01703 13.009
      vertex 0.177992 1.10439 13.0479
    endloop
  endfacet
  facet normal -0.213222 0.203415 -0.955593
    outer loop
      vertex 0.194296 1.12148 13.0479
      vertex 0.293267 1.04248 13.009
      vertex 0.177992 1.10439 13.0479
    endloop
  endfacet
  facet normal -0.167581 0.272979 -0.947312
    outer loop
      vertex 0.261385 1.01703 13.009
      vertex 0.225032 0.994713 13.009
      vertex 0.158642 1.08895 13.0479
    endloop
  endfacet
  facet normal -0.111463 0.323103 -0.939777
    outer loop
      vertex 0.112177 1.06399 13.0479
      vertex 0.184827 0.975908 13.009
      vertex 0.0858564 1.05491 13.0479
    endloop
  endfacet
  facet normal -0.308207 0.502062 -0.808048
    outer loop
      vertex 0.359656 0.948239 12.9514
      vertex 0.451775 0.883758 12.8762
      vertex 0.309635 0.917532 12.9514
    endloop
  endfacet
  facet normal -0.213162 0.203489 -0.955591
    outer loop
      vertex 0.32013 1.07062 13.009
      vertex 0.293267 1.04248 13.009
      vertex 0.194296 1.12148 13.0479
    endloop
  endfacet
  facet normal -0.00850627 0.184514 -0.982793
    outer loop
      vertex 0.00981712 1.1478 13.0675
      vertex 0.0292835 1.0443 13.0479
      vertex 0 1.04295 13.0479
    endloop
  endfacet
  facet normal 0.0163963 0.357159 -0.9339
    outer loop
      vertex -0.0292835 1.0443 13.0479
      vertex 0 0.94124 13.009
      vertex -0.0482492 0.943455 13.009
    endloop
  endfacet
  facet normal 0.13029 0.0122027 -0.991401
    outer loop
      vertex -0.0752134 1.2 13.0675
      vertex -0.222434 1.1795 13.0479
      vertex -0.224354 1.2 13.0479
    endloop
  endfacet
  facet normal 0.308205 -0.502093 -0.80803
    outer loop
      vertex -0.388941 1.55481 12.8762
      vertex -0.309635 1.48247 12.9514
      vertex -0.451775 1.51624 12.8762
    endloop
  endfacet
  facet normal 0.33899 0.238789 -0.909981
    outer loop
      vertex -0.341516 1.10098 13.009
      vertex -0.32013 1.07062 13.009
      vertex -0.440488 1.02198 12.9514
    endloop
  endfacet
  facet normal 0.253813 0.0721369 -0.964559
    outer loop
      vertex -0.216709 1.15935 13.0479
      vertex -0.357059 1.13303 13.009
      vertex -0.366492 1.16622 13.009
    endloop
  endfacet
  facet normal 0.191945 0.240455 -0.951493
    outer loop
      vertex -0.177992 1.10439 13.0479
      vertex -0.261385 1.01703 13.009
      vertex -0.293267 1.04248 13.009
    endloop
  endfacet
  facet normal 0.108289 0.103309 -0.988737
    outer loop
      vertex -0.0596704 1.16795 13.0675
      vertex -0.177992 1.10439 13.0479
      vertex -0.194296 1.12148 13.0479
    endloop
  endfacet
  facet normal 0.467887 0.226909 -0.854163
    outer loop
      vertex -0.491301 1.10785 12.9514
      vertex -0.469914 1.06375 12.9514
      vertex -0.590272 1.02885 12.8762
    endloop
  endfacet
  facet normal 0.438051 0.308597 -0.844322
    outer loop
      vertex -0.469914 1.06375 12.9514
      vertex -0.440488 1.02198 12.9514
      vertex -0.590272 1.02885 12.8762
    endloop
  endfacet
  facet normal -0.467887 0.226909 -0.854163
    outer loop
      vertex 0.491301 1.10785 12.9514
      vertex 0.590272 1.02885 12.8762
      vertex 0.469914 1.06375 12.9514
    endloop
  endfacet
  facet normal -0.400531 0.382307 -0.832717
    outer loop
      vertex 0.440488 1.02198 12.9514
      vertex 0.553308 0.976382 12.8762
      vertex 0.403524 0.983254 12.9514
    endloop
  endfacet
  facet normal -0.566126 0.27455 -0.777254
    outer loop
      vertex 0.73241 1.06262 12.7846
      vertex 0.700529 0.996881 12.7846
      vertex 0.590272 1.02885 12.8762
    endloop
  endfacet
  facet normal -0.653022 0.316692 -0.687945
    outer loop
      vertex 0.73241 1.06262 12.7846
      vertex 0.835155 1.04335 12.6782
      vertex 0.700529 0.996881 12.7846
    endloop
  endfacet
  facet normal -0.488687 0.13888 -0.861335
    outer loop
      vertex 0.633439 1.14162 12.8762
      vertex 0.617135 1.08425 12.8762
      vertex 0.50428 1.15353 12.9514
    endloop
  endfacet
  facet normal -0.593621 0.168701 -0.786863
    outer loop
      vertex 0.633439 1.14162 12.8762
      vertex 0.75176 1.13072 12.7846
      vertex 0.617135 1.08425 12.8762
    endloop
  endfacet
  facet normal -0.130289 0.0122077 -0.991401
    outer loop
      vertex 0.0752134 1.2 13.0675
      vertex 0.222434 1.1795 13.0479
      vertex 0.0745697 1.19313 13.0675
    endloop
  endfacet
  facet normal -0.467905 0.226883 -0.85416
    outer loop
      vertex 0.617135 1.08425 12.8762
      vertex 0.590272 1.02885 12.8762
      vertex 0.491301 1.10785 12.9514
    endloop
  endfacet
  facet normal -0.488701 0.138854 -0.861331
    outer loop
      vertex 0.50428 1.15353 12.9514
      vertex 0.617135 1.08425 12.8762
      vertex 0.491301 1.10785 12.9514
    endloop
  endfacet
  facet normal -0.311653 0.297473 -0.902431
    outer loop
      vertex 0.440488 1.02198 12.9514
      vertex 0.403524 0.983254 12.9514
      vertex 0.293267 1.04248 13.009
    endloop
  endfacet
  facet normal -0.279237 0.349838 -0.894226
    outer loop
      vertex 0.403524 0.983254 12.9514
      vertex 0.359656 0.948239 12.9514
      vertex 0.293267 1.04248 13.009
    endloop
  endfacet
  facet normal -0.364147 0.593182 -0.718006
    outer loop
      vertex 0.536161 0.824686 12.7846
      vertex 0.461592 0.778909 12.7846
      vertex 0.451775 0.883758 12.8762
    endloop
  endfacet
  facet normal -0.424108 0.531334 -0.73336
    outer loop
      vertex 0.506878 0.927741 12.8762
      vertex 0.536161 0.824686 12.7846
      vertex 0.451775 0.883758 12.8762
    endloop
  endfacet
  facet normal -0.0698599 0.501752 -0.862186
    outer loop
      vertex 0.0956736 0.950058 13.009
      vertex 0.131643 0.856089 12.9514
      vertex 0.0482492 0.943455 13.009
    endloop
  endfacet
  facet normal -0.0488422 0.351455 -0.93493
    outer loop
      vertex 0.0580664 1.0483 13.0479
      vertex 0.0482492 0.943455 13.009
      vertex 0.0292835 1.0443 13.0479
    endloop
  endfacet
  facet normal 0.0698639 0.501749 -0.862187
    outer loop
      vertex -0.0482492 0.943455 13.009
      vertex -0.0663891 0.847003 12.9514
      vertex -0.131643 0.856089 12.9514
    endloop
  endfacet
  facet normal 0.0416788 0.175227 -0.983645
    outer loop
      vertex -0.0287828 1.15136 13.0675
      vertex -0.0580664 1.0483 13.0479
      vertex -0.0858564 1.05491 13.0479
    endloop
  endfacet
  facet normal 0.0873323 0.627266 -0.773893
    outer loop
      vertex -0.0663891 0.847003 12.9514
      vertex -0.0833931 0.756592 12.8762
      vertex -0.16536 0.768004 12.8762
    endloop
  endfacet
  facet normal 0.115617 0.486554 -0.865966
    outer loop
      vertex -0.0956736 0.950058 13.009
      vertex -0.131643 0.856089 12.9514
      vertex -0.14146 0.960938 13.009
    endloop
  endfacet
  facet normal -0.0375579 0.818737 -0.572939
    outer loop
      vertex 0 0.669226 12.7846
      vertex 0.112855 0.599946 12.6782
      vertex 0 0.594769 12.6782
    endloop
  endfacet
  facet normal -0.0338815 0.738443 -0.673464
    outer loop
      vertex 0.0833931 0.756592 12.8762
      vertex 0.0989704 0.673767 12.7846
      vertex 0 0.669226 12.7846
    endloop
  endfacet
  facet normal -0.144896 0.609773 -0.779219
    outer loop
      vertex 0.244498 0.786809 12.8762
      vertex 0.16536 0.768004 12.8762
      vertex 0.131643 0.856089 12.9514
    endloop
  endfacet
  facet normal 0.0291767 0.635948 -0.77118
    outer loop
      vertex 0 0.843957 12.9514
      vertex 0 0.752766 12.8762
      vertex -0.0833931 0.756592 12.8762
    endloop
  endfacet
  facet normal 0.033879 0.738442 -0.673465
    outer loop
      vertex 0 0.752766 12.8762
      vertex 0 0.669226 12.7846
      vertex -0.0833931 0.756592 12.8762
    endloop
  endfacet
  facet normal -0.101543 0.729261 -0.676659
    outer loop
      vertex 0.16536 0.768004 12.8762
      vertex 0.196248 0.687312 12.7846
      vertex 0.0989704 0.673767 12.7846
    endloop
  endfacet
  facet normal -0.670299 0.472223 -0.572455
    outer loop
      vertex 0.7988 0.968388 12.6782
      vertex 0.828084 0.865333 12.5589
      vertex 0.748778 0.897384 12.6782
    endloop
  endfacet
  facet normal -0.601961 0.574581 -0.554526
    outer loop
      vertex 0.748778 0.897384 12.6782
      vertex 0.828084 0.865333 12.5589
      vertex 0.685946 0.831558 12.6782
    endloop
  endfacet
  facet normal -0.604845 0.426115 -0.672747
    outer loop
      vertex 0.700529 0.996881 12.7846
      vertex 0.748778 0.897384 12.6782
      vertex 0.656661 0.934613 12.7846
    endloop
  endfacet
  facet normal -0.527227 0.371433 -0.764245
    outer loop
      vertex 0.700529 0.996881 12.7846
      vertex 0.656661 0.934613 12.7846
      vertex 0.553308 0.976382 12.8762
    endloop
  endfacet
  facet normal -0.312105 -0.904112 -0.291842
    outer loop
      vertex 0.544484 1.86015 12.2897
      vertex 0.515701 1.82525 12.4286
      vertex 0.394701 1.86702 12.4286
    endloop
  endfacet
  facet normal -0.49712 -0.809727 -0.311793
    outer loop
      vertex 0.662922 1.80476 12.2897
      vertex 0.770018 1.73901 12.2897
      vertex 0.627878 1.77279 12.4286
    endloop
  endfacet
  facet normal -0.101598 -0.729215 -0.676701
    outer loop
      vertex 0.196248 1.71269 12.7846
      vertex 0.16536 1.63199 12.8762
      vertex 0.0833931 1.64341 12.8762
    endloop
  endfacet
  facet normal -0.308205 -0.502093 -0.80803
    outer loop
      vertex 0.388941 1.55481 12.8762
      vertex 0.451775 1.51624 12.8762
      vertex 0.309635 1.48247 12.9514
    endloop
  endfacet
  facet normal -0.308227 -0.502045 -0.808051
    outer loop
      vertex 0.451775 1.51624 12.8762
      vertex 0.359656 1.45176 12.9514
      vertex 0.309635 1.48247 12.9514
    endloop
  endfacet
  facet normal -0.311644 -0.297511 -0.902422
    outer loop
      vertex 0.403524 1.41674 12.9514
      vertex 0.440488 1.37802 12.9514
      vertex 0.293267 1.35752 13.009
    endloop
  endfacet
  facet normal -0.108293 -0.103296 -0.988738
    outer loop
      vertex 0.194296 1.27852 13.0479
      vertex 0.065136 1.22632 13.0675
      vertex 0.0596704 1.23205 13.0675
    endloop
  endfacet
  facet normal -0.140586 -0.300652 -0.943315
    outer loop
      vertex 0.184827 1.42409 13.009
      vertex 0.225032 1.40529 13.009
      vertex 0.112177 1.33601 13.0479
    endloop
  endfacet
  facet normal -0.400518 -0.38232 -0.832716
    outer loop
      vertex 0.506878 1.47226 12.8762
      vertex 0.553308 1.42362 12.8762
      vertex 0.440488 1.37802 12.9514
    endloop
  endfacet
  facet normal -0.467887 -0.226909 -0.854163
    outer loop
      vertex 0.590272 1.37115 12.8762
      vertex 0.491301 1.29215 12.9514
      vertex 0.469914 1.33625 12.9514
    endloop
  endfacet
  facet normal -0.488695 -0.138882 -0.86133
    outer loop
      vertex 0.617135 1.31575 12.8762
      vertex 0.633439 1.25838 12.8762
      vertex 0.491301 1.29215 12.9514
    endloop
  endfacet
  facet normal -0.593621 -0.168701 -0.786863
    outer loop
      vertex 0.75176 1.26928 12.7846
      vertex 0.633439 1.25838 12.8762
      vertex 0.617135 1.31575 12.8762
    endloop
  endfacet
  facet normal -0.101508 -0.729282 -0.676642
    outer loop
      vertex 0.0989704 1.72623 12.7846
      vertex 0.196248 1.71269 12.7846
      vertex 0.0833931 1.64341 12.8762
    endloop
  endfacet
  facet normal -0.18786 -0.7905 -0.582939
    outer loop
      vertex 0.223779 1.78461 12.6782
      vertex 0.290169 1.69037 12.7846
      vertex 0.196248 1.71269 12.7846
    endloop
  endfacet
  facet normal -0.284064 -0.822971 -0.491962
    outer loop
      vertex 0.365917 1.81838 12.5589
      vertex 0.478094 1.77966 12.5589
      vertex 0.330873 1.75916 12.6782
    endloop
  endfacet
  facet normal -0.365819 -0.782156 -0.50439
    outer loop
      vertex 0.582091 1.73102 12.5589
      vertex 0.526344 1.68016 12.6782
      vertex 0.478094 1.77966 12.5589
    endloop
  endfacet
  facet normal 0.0721344 -0.154129 -0.985414
    outer loop
      vertex -0.112177 1.33601 13.0479
      vertex -0.0457869 1.24177 13.0675
      vertex -0.136578 1.32459 13.0479
    endloop
  endfacet
  facet normal 0.0416803 -0.175234 -0.983644
    outer loop
      vertex -0.0580664 1.3517 13.0479
      vertex -0.0194664 1.25086 13.0675
      vertex -0.0858564 1.34509 13.0479
    endloop
  endfacet
  facet normal 0.0698897 -0.501713 -0.862206
    outer loop
      vertex -0.0663891 1.553 12.9514
      vertex -0.0482492 1.45654 13.009
      vertex -0.131643 1.54391 12.9514
    endloop
  endfacet
  facet normal 0.562858 0.705158 -0.43121
    outer loop
      vertex -0.676128 0.726709 12.5589
      vertex -0.729312 0.689481 12.4286
      vertex -0.818267 0.760485 12.4286
    endloop
  endfacet
  facet normal 0.475825 0.775117 -0.415674
    outer loop
      vertex -0.676128 0.726709 12.5589
      vertex -0.582091 0.668982 12.5589
      vertex -0.729312 0.689481 12.4286
    endloop
  endfacet
  facet normal 0.410221 0.668227 -0.620638
    outer loop
      vertex -0.536161 0.824686 12.7846
      vertex -0.526344 0.719837 12.6782
      vertex -0.611375 0.772037 12.6782
    endloop
  endfacet
  facet normal 0.424105 0.531335 -0.733361
    outer loop
      vertex -0.506878 0.927741 12.8762
      vertex -0.536161 0.824686 12.7846
      vertex -0.601558 0.876885 12.7846
    endloop
  endfacet
  facet normal 0.356776 0.446982 -0.820316
    outer loop
      vertex -0.403524 0.983254 12.9514
      vertex -0.359656 0.948239 12.9514
      vertex -0.451775 0.883758 12.8762
    endloop
  endfacet
  facet normal 0.400527 0.382321 -0.832711
    outer loop
      vertex -0.403524 0.983254 12.9514
      vertex -0.506878 0.927741 12.8762
      vertex -0.553308 0.976382 12.8762
    endloop
  endfacet
  facet normal 0.0783585 -0.996925 0
    outer loop
      vertex -1.60468 2.36652 1
      vertex -0.809262 2.42904 2
      vertex -1.60468 2.36652 2
    endloop
  endfacet
  facet normal 0.0783585 -0.996925 0
    outer loop
      vertex -0.809262 2.42904 2
      vertex -1.60468 2.36652 1
      vertex -0.809262 2.42904 1
    endloop
  endfacet
  facet normal 0.0258915 -0.999665 0
    outer loop
      vertex -0.809262 2.42904 1
      vertex 0 2.45 2
      vertex -0.809262 2.42904 2
    endloop
  endfacet
  facet normal 0.0258915 -0.999665 0
    outer loop
      vertex 0 2.45 2
      vertex -0.809262 2.42904 1
      vertex 0 2.45 1
    endloop
  endfacet
  facet normal 0.254356 -0.963366 -0.0850264
    outer loop
      vertex -3.1 2.12176 2
      vertex -0.439143 1.94213 11.9952
      vertex -3.77432 1.94372 2
    endloop
  endfacet
  facet normal 0.28593 -0.953474 -0.0955603
    outer loop
      vertex -0.439143 1.94213 11.9952
      vertex -0.431629 1.92943 12.1444
      vertex -3.77432 1.94372 2
    endloop
  endfacet
  facet normal 0.242642 -0.39522 -0.885961
    outer loop
      vertex -0.309635 1.48247 12.9514
      vertex -0.225032 1.40529 13.009
      vertex -0.359656 1.45176 12.9514
    endloop
  endfacet
  facet normal 0.590026 -0.739256 -0.324606
    outer loop
      vertex -0.770018 1.73901 12.2897
      vertex -0.818267 1.63951 12.4286
      vertex -0.863937 1.66405 12.2897
    endloop
  endfacet
  facet normal 0.8355 -0.405156 -0.371198
    outer loop
      vertex -0.952892 1.47629 12.4286
      vertex -0.996259 1.38686 12.4286
      vertex -6.14696 0.319789 2
    endloop
  endfacet
  facet normal 0.830753 -0.418181 -0.36739
    outer loop
      vertex -5.98874 0.634107 2
      vertex -0.952892 1.47629 12.4286
      vertex -6.14696 0.319789 2
    endloop
  endfacet
  facet normal 0.837521 0.237992 -0.491851
    outer loop
      vertex -0.948009 1.11263 12.5589
      vertex -0.923608 1.02676 12.5589
      vertex -0.996259 1.01314 12.4286
    endloop
  endfacet
  facet normal 0.727499 0.352802 -0.588453
    outer loop
      vertex -0.835155 1.04335 12.6782
      vertex -0.883404 0.943857 12.5589
      vertex -0.923608 1.02676 12.5589
    endloop
  endfacet
  facet normal 0.705664 0.0660745 -0.705459
    outer loop
      vertex -0.758247 1.2 12.7846
      vertex -0.75176 1.13072 12.7846
      vertex -0.857219 1.121 12.6782
    endloop
  endfacet
  facet normal 0.566126 0.27455 -0.777254
    outer loop
      vertex -0.590272 1.02885 12.8762
      vertex -0.700529 0.996881 12.7846
      vertex -0.73241 1.06262 12.7846
    endloop
  endfacet
  facet normal 0.18786 -0.7905 -0.582939
    outer loop
      vertex -0.223779 1.78461 12.6782
      vertex -0.196248 1.71269 12.7846
      vertex -0.290169 1.69037 12.7846
    endloop
  endfacet
  facet normal 0.38263 0.0358276 -0.923207
    outer loop
      vertex -0.369655 1.2 13.009
      vertex -0.366492 1.16622 13.009
      vertex -0.508632 1.2 12.9514
    endloop
  endfacet
  facet normal 0.488687 0.13888 -0.861335
    outer loop
      vertex -0.50428 1.15353 12.9514
      vertex -0.617135 1.08425 12.8762
      vertex -0.633439 1.14162 12.8762
    endloop
  endfacet
  facet normal 0.488701 0.138854 -0.861331
    outer loop
      vertex -0.50428 1.15353 12.9514
      vertex -0.491301 1.10785 12.9514
      vertex -0.617135 1.08425 12.8762
    endloop
  endfacet
  facet normal -0.0698897 -0.501713 -0.862206
    outer loop
      vertex 0.0663891 1.553 12.9514
      vertex 0.131643 1.54391 12.9514
      vertex 0.0482492 1.45654 13.009
    endloop
  endfacet
  facet normal 0.33718 -0.720938 -0.605441
    outer loop
      vertex -0.379124 1.65966 12.7846
      vertex -0.461592 1.62109 12.7846
      vertex -0.526344 1.68016 12.6782
    endloop
  endfacet
  facet normal 0.424114 -0.531336 -0.733355
    outer loop
      vertex -0.536161 1.57531 12.7846
      vertex -0.451775 1.51624 12.8762
      vertex -0.601558 1.52311 12.7846
    endloop
  endfacet
  facet normal 0.30085 -0.643259 -0.704064
    outer loop
      vertex -0.379124 1.65966 12.7846
      vertex -0.388941 1.55481 12.8762
      vertex -0.461592 1.62109 12.7846
    endloop
  endfacet
  facet normal 0.337176 -0.720943 -0.605437
    outer loop
      vertex -0.432307 1.72414 12.6782
      vertex -0.379124 1.65966 12.7846
      vertex -0.526344 1.68016 12.6782
    endloop
  endfacet
  facet normal -0.132408 -0.950655 -0.280578
    outer loop
      vertex 0.281846 1.9363 12.2897
      vertex 0.266947 1.89738 12.4286
      vertex 0.134624 1.91581 12.4286
    endloop
  endfacet
  facet normal 0.320132 -0.927397 -0.193521
    outer loop
      vertex -0.41673 1.90425 12.2897
      vertex -0.544484 1.86015 12.2897
      vertex -0.563951 1.88375 12.1444
    endloop
  endfacet
  facet normal 0.415093 -0.887574 -0.199775
    outer loop
      vertex -0.563951 1.88375 12.1444
      vertex -0.544484 1.86015 12.2897
      vertex -0.662922 1.80476 12.2897
    endloop
  endfacet
  facet normal -0.387888 -0.829342 -0.402163
    outer loop
      vertex 0.627878 1.77279 12.4286
      vertex 0.582091 1.73102 12.5589
      vertex 0.478094 1.77966 12.5589
    endloop
  endfacet
  facet normal -0.526484 -0.659618 -0.536395
    outer loop
      vertex 0.676128 1.67329 12.5589
      vertex 0.685946 1.56844 12.6782
      vertex 0.611375 1.62796 12.6782
    endloop
  endfacet
  facet normal -0.121267 -0.870965 -0.476146
    outer loop
      vertex 0.247479 1.84653 12.5589
      vertex 0.223779 1.78461 12.6782
      vertex 0.124807 1.86361 12.5589
    endloop
  endfacet
  facet normal -0.480568 -0.602063 -0.637632
    outer loop
      vertex 0.611375 1.62796 12.6782
      vertex 0.601558 1.52311 12.7846
      vertex 0.536161 1.57531 12.7846
    endloop
  endfacet
  facet normal -0.0456088 -0.994752 -0.0915909
    outer loop
      vertex 0.149783 1.9964 11.9952
      vertex 0.147221 1.98278 12.1444
      vertex 0 1.98953 12.1444
    endloop
  endfacet
  facet normal -0.137259 -0.986211 -0.0924551
    outer loop
      vertex 0.297004 1.97591 11.9952
      vertex 0.291923 1.96263 12.1444
      vertex 0.149783 1.9964 11.9952
    endloop
  endfacet
  facet normal 0.029121 -0.635959 -0.771173
    outer loop
      vertex 0 1.55604 12.9514
      vertex -0.0663891 1.553 12.9514
      vertex -0.0833931 1.64341 12.8762
    endloop
  endfacet
  facet normal 0.137625 -0.988841 -0.0570315
    outer loop
      vertex -0.149783 1.9964 11.9952
      vertex -0.297004 1.97591 11.9952
      vertex -2.37264 2.2635 2
    endloop
  endfacet
  facet normal -0.258537 -0.0242153 -0.965698
    outer loop
      vertex 0.366492 1.23377 13.009
      vertex 0.369655 1.2 13.009
      vertex 0.224354 1.2 13.0479
    endloop
  endfacet
  facet normal -0.130289 -0.0122077 -0.991401
    outer loop
      vertex 0.222434 1.2205 13.0479
      vertex 0.0752134 1.2 13.0675
      vertex 0.0745697 1.20687 13.0675
    endloop
  endfacet
  facet normal -0.0856597 0.139559 -0.986502
    outer loop
      vertex 0.0531836 1.16277 13.0675
      vertex 0.136578 1.07541 13.0479
      vertex 0.0457869 1.15823 13.0675
    endloop
  endfacet
  facet normal -0.0416788 0.175227 -0.983645
    outer loop
      vertex 0.0858564 1.05491 13.0479
      vertex 0.0580664 1.0483 13.0479
      vertex 0.0287828 1.15136 13.0675
    endloop
  endfacet
  facet normal -0.0808775 0.340028 -0.936931
    outer loop
      vertex 0.0858564 1.05491 13.0479
      vertex 0.0956736 0.950058 13.009
      vertex 0.0580664 1.0483 13.0479
    endloop
  endfacet
  facet normal 0.191901 0.240497 -0.951491
    outer loop
      vertex -0.177992 1.10439 13.0479
      vertex -0.158642 1.08895 13.0479
      vertex -0.261385 1.01703 13.009
    endloop
  endfacet
  facet normal 0.128026 0.0363567 -0.991104
    outer loop
      vertex -0.0745697 1.19313 13.0675
      vertex -0.07265 1.18637 13.0675
      vertex -0.216709 1.15935 13.0479
    endloop
  endfacet
  facet normal 0.123529 0.0599163 -0.99053
    outer loop
      vertex -0.0694876 1.17985 13.0675
      vertex -0.207275 1.1399 13.0479
      vertex -0.216709 1.15935 13.0479
    endloop
  endfacet
  facet normal 0.279252 0.349828 -0.894225
    outer loop
      vertex -0.293267 1.04248 13.009
      vertex -0.261385 1.01703 13.009
      vertex -0.359656 0.948239 12.9514
    endloop
  endfacet
  facet normal 0.202643 0.433262 -0.878191
    outer loop
      vertex -0.225032 0.994713 13.009
      vertex -0.254315 0.891658 12.9514
      vertex -0.309635 0.917532 12.9514
    endloop
  endfacet
  facet normal -0.191901 0.240497 -0.951491
    outer loop
      vertex 0.177992 1.10439 13.0479
      vertex 0.261385 1.01703 13.009
      vertex 0.158642 1.08895 13.0479
    endloop
  endfacet
  facet normal -0.0856493 0.139569 -0.986501
    outer loop
      vertex 0.158642 1.08895 13.0479
      vertex 0.136578 1.07541 13.0479
      vertex 0.0531836 1.16277 13.0675
    endloop
  endfacet
  facet normal 0.13029 -0.0122027 -0.991401
    outer loop
      vertex -0.222434 1.2205 13.0479
      vertex -0.0752134 1.2 13.0675
      vertex -0.224354 1.2 13.0479
    endloop
  endfacet
  facet normal 0.130289 -0.0122077 -0.991401
    outer loop
      vertex -0.0745697 1.20687 13.0675
      vertex -0.0752134 1.2 13.0675
      vertex -0.222434 1.2205 13.0479
    endloop
  endfacet
  facet normal 0.230829 0.162646 -0.959304
    outer loop
      vertex -0.207275 1.1399 13.0479
      vertex -0.194296 1.12148 13.0479
      vertex -0.341516 1.10098 13.009
    endloop
  endfacet
  facet normal 0.230836 0.162604 -0.959309
    outer loop
      vertex -0.194296 1.12148 13.0479
      vertex -0.32013 1.07062 13.009
      vertex -0.341516 1.10098 13.009
    endloop
  endfacet
  facet normal 0.279237 0.349838 -0.894226
    outer loop
      vertex -0.293267 1.04248 13.009
      vertex -0.359656 0.948239 12.9514
      vertex -0.403524 0.983254 12.9514
    endloop
  endfacet
  facet normal 0.311653 0.297473 -0.902431
    outer loop
      vertex -0.293267 1.04248 13.009
      vertex -0.403524 0.983254 12.9514
      vertex -0.440488 1.02198 12.9514
    endloop
  endfacet
  facet normal 0.202648 0.43326 -0.878191
    outer loop
      vertex -0.225032 0.994713 13.009
      vertex -0.184827 0.975908 13.009
      vertex -0.254315 0.891658 12.9514
    endloop
  endfacet
  facet normal 0.140611 0.300626 -0.94332
    outer loop
      vertex -0.112177 1.06399 13.0479
      vertex -0.184827 0.975908 13.009
      vertex -0.225032 0.994713 13.009
    endloop
  endfacet
  facet normal -0.116903 0.0823717 -0.989721
    outer loop
      vertex 0.207275 1.1399 13.0479
      vertex 0.194296 1.12148 13.0479
      vertex 0.0694876 1.17985 13.0675
    endloop
  endfacet
  facet normal -0.123529 0.0599163 -0.99053
    outer loop
      vertex 0.216709 1.15935 13.0479
      vertex 0.207275 1.1399 13.0479
      vertex 0.0694876 1.17985 13.0675
    endloop
  endfacet
  facet normal -0.253813 0.0721131 -0.964561
    outer loop
      vertex 0.222434 1.1795 13.0479
      vertex 0.366492 1.16622 13.009
      vertex 0.216709 1.15935 13.0479
    endloop
  endfacet
  facet normal -0.258535 0.0242141 -0.965698
    outer loop
      vertex 0.224354 1.2 13.0479
      vertex 0.366492 1.16622 13.009
      vertex 0.222434 1.1795 13.0479
    endloop
  endfacet
  facet normal -0.33899 0.238789 -0.909981
    outer loop
      vertex 0.341516 1.10098 13.009
      vertex 0.440488 1.02198 12.9514
      vertex 0.32013 1.07062 13.009
    endloop
  endfacet
  facet normal -0.230836 0.162604 -0.959309
    outer loop
      vertex 0.341516 1.10098 13.009
      vertex 0.32013 1.07062 13.009
      vertex 0.194296 1.12148 13.0479
    endloop
  endfacet
  facet normal -0.356778 0.446981 -0.820315
    outer loop
      vertex 0.506878 0.927741 12.8762
      vertex 0.451775 0.883758 12.8762
      vertex 0.403524 0.983254 12.9514
    endloop
  endfacet
  facet normal -0.400527 0.382321 -0.832711
    outer loop
      vertex 0.553308 0.976382 12.8762
      vertex 0.506878 0.927741 12.8762
      vertex 0.403524 0.983254 12.9514
    endloop
  endfacet
  facet normal -0.0233823 0.509334 -0.860251
    outer loop
      vertex 0.0482492 0.943455 13.009
      vertex 0.0663891 0.847003 12.9514
      vertex 0 0.94124 13.009
    endloop
  endfacet
  facet normal 0.0291779 0.635947 -0.771181
    outer loop
      vertex -0.0663891 0.847003 12.9514
      vertex 0 0.843957 12.9514
      vertex -0.0833931 0.756592 12.8762
    endloop
  endfacet
  facet normal 0.0489346 0.351461 -0.934923
    outer loop
      vertex -0.0580664 1.0483 13.0479
      vertex -0.0482492 0.943455 13.009
      vertex -0.0956736 0.950058 13.009
    endloop
  endfacet
  facet normal 0.0488422 0.351455 -0.93493
    outer loop
      vertex -0.0292835 1.0443 13.0479
      vertex -0.0482492 0.943455 13.009
      vertex -0.0580664 1.0483 13.0479
    endloop
  endfacet
  facet normal 0.160076 0.463728 -0.871397
    outer loop
      vertex -0.184827 0.975908 13.009
      vertex -0.14146 0.960938 13.009
      vertex -0.254315 0.891658 12.9514
    endloop
  endfacet
  facet normal 0.0873401 0.62726 -0.773897
    outer loop
      vertex -0.131643 0.856089 12.9514
      vertex -0.0663891 0.847003 12.9514
      vertex -0.16536 0.768004 12.8762
    endloop
  endfacet
  facet normal -0.262802 0.76131 -0.592741
    outer loop
      vertex 0.379124 0.740336 12.7846
      vertex 0.330873 0.640839 12.6782
      vertex 0.290169 0.709629 12.7846
    endloop
  endfacet
  facet normal -0.262804 0.76131 -0.59274
    outer loop
      vertex 0.379124 0.740336 12.7846
      vertex 0.432307 0.675854 12.6782
      vertex 0.330873 0.640839 12.6782
    endloop
  endfacet
  facet normal -0.0873323 0.627266 -0.773893
    outer loop
      vertex 0.16536 0.768004 12.8762
      vertex 0.0833931 0.756592 12.8762
      vertex 0.0663891 0.847003 12.9514
    endloop
  endfacet
  facet normal -0.101532 0.729258 -0.676664
    outer loop
      vertex 0.16536 0.768004 12.8762
      vertex 0.0989704 0.673767 12.7846
      vertex 0.0833931 0.756592 12.8762
    endloop
  endfacet
  facet normal -0.033879 0.738442 -0.673465
    outer loop
      vertex 0 0.752766 12.8762
      vertex 0.0833931 0.756592 12.8762
      vertex 0 0.669226 12.7846
    endloop
  endfacet
  facet normal -0.0291767 0.635948 -0.77118
    outer loop
      vertex 0 0.843957 12.9514
      vertex 0.0833931 0.756592 12.8762
      vertex 0 0.752766 12.8762
    endloop
  endfacet
  facet normal -0.112705 0.809432 -0.576296
    outer loop
      vertex 0.223779 0.615391 12.6782
      vertex 0.112855 0.599946 12.6782
      vertex 0.0989704 0.673767 12.7846
    endloop
  endfacet
  facet normal -0.112706 0.809431 -0.576297
    outer loop
      vertex 0.196248 0.687312 12.7846
      vertex 0.223779 0.615391 12.6782
      vertex 0.0989704 0.673767 12.7846
    endloop
  endfacet
  facet normal -0.789292 0.382769 -0.48011
    outer loop
      vertex 0.923608 1.02676 12.5589
      vertex 0.952892 0.923709 12.4286
      vertex 0.883404 0.943857 12.5589
    endloop
  endfacet
  facet normal -0.727499 0.352802 -0.588453
    outer loop
      vertex 0.923608 1.02676 12.5589
      vertex 0.883404 0.943857 12.5589
      vertex 0.835155 1.04335 12.6782
    endloop
  endfacet
  facet normal -0.404017 -0.863891 -0.30077
    outer loop
      vertex 0.662922 1.80476 12.2897
      vertex 0.627878 1.77279 12.4286
      vertex 0.544484 1.86015 12.2897
    endloop
  endfacet
  facet normal -0.415093 -0.887574 -0.199775
    outer loop
      vertex 0.563951 1.88375 12.1444
      vertex 0.662922 1.80476 12.2897
      vertex 0.544484 1.86015 12.2897
    endloop
  endfacet
  facet normal -0.11561 -0.486552 -0.865968
    outer loop
      vertex 0.131643 1.54391 12.9514
      vertex 0.194645 1.52894 12.9514
      vertex 0.0956736 1.44994 13.009
    endloop
  endfacet
  facet normal -0.202608 -0.43329 -0.878186
    outer loop
      vertex 0.254315 1.50834 12.9514
      vertex 0.225032 1.40529 13.009
      vertex 0.184827 1.42409 13.009
    endloop
  endfacet
  facet normal -0.242642 -0.39522 -0.885961
    outer loop
      vertex 0.309635 1.48247 12.9514
      vertex 0.359656 1.45176 12.9514
      vertex 0.225032 1.40529 13.009
    endloop
  endfacet
  facet normal -0.279264 -0.349822 -0.894224
    outer loop
      vertex 0.359656 1.45176 12.9514
      vertex 0.403524 1.41674 12.9514
      vertex 0.293267 1.35752 13.009
    endloop
  endfacet
  facet normal -0.244499 -0.118573 -0.962372
    outer loop
      vertex 0.341516 1.29902 13.009
      vertex 0.357059 1.26697 13.009
      vertex 0.216709 1.24065 13.0479
    endloop
  endfacet
  facet normal -0.360376 -0.174768 -0.916289
    outer loop
      vertex 0.469914 1.33625 12.9514
      vertex 0.357059 1.26697 13.009
      vertex 0.341516 1.29902 13.009
    endloop
  endfacet
  facet normal -0.38263 0.0358276 -0.923207
    outer loop
      vertex 0.369655 1.2 13.009
      vertex 0.508632 1.2 12.9514
      vertex 0.366492 1.16622 13.009
    endloop
  endfacet
  facet normal -0.258537 -0.0242142 -0.965698
    outer loop
      vertex 0.366492 1.23377 13.009
      vertex 0.224354 1.2 13.0479
      vertex 0.222434 1.2205 13.0479
    endloop
  endfacet
  facet normal -0.467905 -0.226883 -0.85416
    outer loop
      vertex 0.590272 1.37115 12.8762
      vertex 0.617135 1.31575 12.8762
      vertex 0.491301 1.29215 12.9514
    endloop
  endfacet
  facet normal -0.360375 -0.17477 -0.916289
    outer loop
      vertex 0.469914 1.33625 12.9514
      vertex 0.491301 1.29215 12.9514
      vertex 0.357059 1.26697 13.009
    endloop
  endfacet
  facet normal -0.230836 -0.162604 -0.959309
    outer loop
      vertex 0.32013 1.32938 13.009
      vertex 0.341516 1.29902 13.009
      vertex 0.194296 1.27852 13.0479
    endloop
  endfacet
  facet normal -0.123529 -0.0599163 -0.99053
    outer loop
      vertex 0.207275 1.2601 13.0479
      vertex 0.216709 1.24065 13.0479
      vertex 0.0694876 1.22015 13.0675
    endloop
  endfacet
  facet normal -0.160073 -0.463721 -0.871401
    outer loop
      vertex 0.194645 1.52894 12.9514
      vertex 0.184827 1.42409 13.009
      vertex 0.14146 1.43906 13.009
    endloop
  endfacet
  facet normal -0.0252132 -0.181428 -0.983081
    outer loop
      vertex 0.0292835 1.3557 13.0479
      vertex 0.0580664 1.3517 13.0479
      vertex 0.0194664 1.25086 13.0675
    endloop
  endfacet
  facet normal -0.0808788 -0.340034 -0.936929
    outer loop
      vertex 0.0956736 1.44994 13.009
      vertex 0.0858564 1.34509 13.0479
      vertex 0.0580664 1.3517 13.0479
    endloop
  endfacet
  facet normal -0.20135 -0.583232 -0.786955
    outer loop
      vertex 0.319452 1.58732 12.8762
      vertex 0.254315 1.50834 12.9514
      vertex 0.194645 1.52894 12.9514
    endloop
  endfacet
  facet normal -0.527229 -0.371422 -0.764248
    outer loop
      vertex 0.700529 1.40312 12.7846
      vertex 0.590272 1.37115 12.8762
      vertex 0.553308 1.42362 12.8762
    endloop
  endfacet
  facet normal -0.479132 -0.457362 -0.749168
    outer loop
      vertex 0.656661 1.46539 12.7846
      vertex 0.553308 1.42362 12.8762
      vertex 0.506878 1.47226 12.8762
    endloop
  endfacet
  facet normal 0.202623 -0.433285 -0.878185
    outer loop
      vertex -0.254315 1.50834 12.9514
      vertex -0.225032 1.40529 13.009
      vertex -0.309635 1.48247 12.9514
    endloop
  endfacet
  facet normal 0.20135 -0.583232 -0.786955
    outer loop
      vertex -0.194645 1.52894 12.9514
      vertex -0.254315 1.50834 12.9514
      vertex -0.319452 1.58732 12.8762
    endloop
  endfacet
  facet normal -0.0489143 -0.351474 -0.934919
    outer loop
      vertex 0.0956736 1.44994 13.009
      vertex 0.0580664 1.3517 13.0479
      vertex 0.0482492 1.45654 13.009
    endloop
  endfacet
  facet normal -0.16009 -0.463718 -0.871399
    outer loop
      vertex 0.194645 1.52894 12.9514
      vertex 0.254315 1.50834 12.9514
      vertex 0.184827 1.42409 13.009
    endloop
  endfacet
  facet normal -0.202623 -0.433285 -0.878185
    outer loop
      vertex 0.254315 1.50834 12.9514
      vertex 0.309635 1.48247 12.9514
      vertex 0.225032 1.40529 13.009
    endloop
  endfacet
  facet normal -0.300938 -0.643246 -0.704039
    outer loop
      vertex 0.379124 1.65966 12.7846
      vertex 0.388941 1.55481 12.8762
      vertex 0.319452 1.58732 12.8762
    endloop
  endfacet
  facet normal -0.0403998 -0.880178 -0.472921
    outer loop
      vertex 0 1.86933 12.5589
      vertex 0.112855 1.80005 12.6782
      vertex 0 1.80523 12.6782
    endloop
  endfacet
  facet normal -0.213605 -0.898844 -0.382691
    outer loop
      vertex 0.266947 1.89738 12.4286
      vertex 0.394701 1.86702 12.4286
      vertex 0.247479 1.84653 12.5589
    endloop
  endfacet
  facet normal 0.191953 -0.240408 -0.951503
    outer loop
      vertex -0.158642 1.31105 13.0479
      vertex -0.177992 1.2956 13.0479
      vertex -0.293267 1.35752 13.009
    endloop
  endfacet
  facet normal 0.0978089 -0.122499 -0.987637
    outer loop
      vertex -0.158642 1.31105 13.0479
      vertex -0.0596704 1.23205 13.0675
      vertex -0.177992 1.2956 13.0479
    endloop
  endfacet
  facet normal 0.0417456 -0.175189 -0.983649
    outer loop
      vertex -0.0194664 1.25086 13.0675
      vertex -0.0287828 1.24864 13.0675
      vertex -0.0858564 1.34509 13.0479
    endloop
  endfacet
  facet normal 0.480562 0.602073 -0.637627
    outer loop
      vertex -0.536161 0.824686 12.7846
      vertex -0.611375 0.772037 12.6782
      vertex -0.685946 0.831558 12.6782
    endloop
  endfacet
  facet normal 0.410217 0.668228 -0.620639
    outer loop
      vertex -0.461592 0.778909 12.7846
      vertex -0.526344 0.719837 12.6782
      vertex -0.536161 0.824686 12.7846
    endloop
  endfacet
  facet normal 0.646703 0.617307 -0.448003
    outer loop
      vertex -0.758596 0.792536 12.5589
      vertex -0.818267 0.760485 12.4286
      vertex -0.828084 0.865333 12.5589
    endloop
  endfacet
  facet normal 0.527227 0.371433 -0.764245
    outer loop
      vertex -0.553308 0.976382 12.8762
      vertex -0.656661 0.934613 12.7846
      vertex -0.700529 0.996881 12.7846
    endloop
  endfacet
  facet normal 0.526509 0.65961 -0.53638
    outer loop
      vertex -0.685946 0.831558 12.6782
      vertex -0.676128 0.726709 12.5589
      vertex -0.758596 0.792536 12.5589
    endloop
  endfacet
  facet normal 0.526492 0.659617 -0.536388
    outer loop
      vertex -0.611375 0.772037 12.6782
      vertex -0.676128 0.726709 12.5589
      vertex -0.685946 0.831558 12.6782
    endloop
  endfacet
  facet normal 0.387859 -0.829372 -0.402128
    outer loop
      vertex -0.515701 1.82525 12.4286
      vertex -0.478094 1.77966 12.5589
      vertex -0.627878 1.77279 12.4286
    endloop
  endfacet
  facet normal 0.404017 -0.863891 -0.30077
    outer loop
      vertex -0.544484 1.86015 12.2897
      vertex -0.627878 1.77279 12.4286
      vertex -0.662922 1.80476 12.2897
    endloop
  endfacet
  facet normal 0.705664 -0.0660745 -0.705459
    outer loop
      vertex -0.75176 1.26928 12.7846
      vertex -0.758247 1.2 12.7846
      vertex -0.857219 1.279 12.6782
    endloop
  endfacet
  facet normal 0.410219 -0.668225 -0.620641
    outer loop
      vertex -0.526344 1.68016 12.6782
      vertex -0.536161 1.57531 12.7846
      vertex -0.611375 1.62796 12.6782
    endloop
  endfacet
  facet normal 0.604844 -0.426134 -0.672736
    outer loop
      vertex -0.748778 1.50261 12.6782
      vertex -0.700529 1.40312 12.7846
      vertex -0.7988 1.43161 12.6782
    endloop
  endfacet
  facet normal 0.89301 -0.148114 -0.424965
    outer loop
      vertex -6.14696 0.319789 2
      vertex -1.02258 1.29424 12.4286
      vertex -6.2 0 2
    endloop
  endfacet
  facet normal 0.723807 0.509921 -0.464849
    outer loop
      vertex -0.883404 0.943857 12.5589
      vertex -0.828084 0.865333 12.5589
      vertex -0.952892 0.923709 12.4286
    endloop
  endfacet
  facet normal 0.723808 0.509916 -0.464852
    outer loop
      vertex -0.828084 0.865333 12.5589
      vertex -0.893221 0.839008 12.4286
      vertex -0.952892 0.923709 12.4286
    endloop
  endfacet
  facet normal 0.863237 0.080791 -0.498292
    outer loop
      vertex -0.948009 1.11263 12.5589
      vertex -1.02258 1.10576 12.4286
      vertex -1.0314 1.2 12.4286
    endloop
  endfacet
  facet normal 0.837513 0.238007 -0.491859
    outer loop
      vertex -0.948009 1.11263 12.5589
      vertex -0.996259 1.01314 12.4286
      vertex -1.02258 1.10576 12.4286
    endloop
  endfacet
  facet normal 0.499384 0.0467648 -0.865118
    outer loop
      vertex -0.50428 1.15353 12.9514
      vertex -0.633439 1.14162 12.8762
      vertex -0.638906 1.2 12.8762
    endloop
  endfacet
  facet normal 0.607882 0.0569252 -0.791984
    outer loop
      vertex -0.638906 1.2 12.8762
      vertex -0.633439 1.14162 12.8762
      vertex -0.75176 1.13072 12.7846
    endloop
  endfacet
  facet normal 0.791072 -0.0740724 -0.607222
    outer loop
      vertex -0.948009 1.28736 12.5589
      vertex -0.864615 1.2 12.6782
      vertex -0.956189 1.2 12.5589
    endloop
  endfacet
  facet normal 0.546302 -0.521533 -0.655406
    outer loop
      vertex -0.601558 1.52311 12.7846
      vertex -0.656661 1.46539 12.7846
      vertex -0.748778 1.50261 12.6782
    endloop
  endfacet
  facet normal 0.258537 0.0242082 -0.965698
    outer loop
      vertex -0.224354 1.2 13.0479
      vertex -0.366492 1.16622 13.009
      vertex -0.369655 1.2 13.009
    endloop
  endfacet
  facet normal 0.527229 -0.371423 -0.764248
    outer loop
      vertex -0.656661 1.46539 12.7846
      vertex -0.553308 1.42362 12.8762
      vertex -0.700529 1.40312 12.7846
    endloop
  endfacet
  facet normal 0.191938 -0.240447 -0.951496
    outer loop
      vertex -0.261385 1.38297 13.009
      vertex -0.158642 1.31105 13.0479
      vertex -0.293267 1.35752 13.009
    endloop
  endfacet
  facet normal 0.0164341 -0.357176 -0.933892
    outer loop
      vertex 0 1.45876 13.009
      vertex 0 1.35705 13.0479
      vertex -0.0482492 1.45654 13.009
    endloop
  endfacet
  facet normal 0.25601 -0.547448 -0.796718
    outer loop
      vertex -0.254315 1.50834 12.9514
      vertex -0.309635 1.48247 12.9514
      vertex -0.319452 1.58732 12.8762
    endloop
  endfacet
  facet normal 0.202608 -0.43329 -0.878186
    outer loop
      vertex -0.184827 1.42409 13.009
      vertex -0.225032 1.40529 13.009
      vertex -0.254315 1.50834 12.9514
    endloop
  endfacet
  facet normal 0.187856 -0.7905 -0.582941
    outer loop
      vertex -0.223779 1.78461 12.6782
      vertex -0.290169 1.69037 12.7846
      vertex -0.330873 1.75916 12.6782
    endloop
  endfacet
  facet normal 0.480552 -0.60207 -0.637638
    outer loop
      vertex -0.611375 1.62796 12.6782
      vertex -0.601558 1.52311 12.7846
      vertex -0.685946 1.56844 12.6782
    endloop
  endfacet
  facet normal 0.447082 -0.728256 -0.519385
    outer loop
      vertex -0.582091 1.73102 12.5589
      vertex -0.526344 1.68016 12.6782
      vertex -0.676128 1.67329 12.5589
    endloop
  endfacet
  facet normal 0.562878 -0.70514 -0.431214
    outer loop
      vertex -0.676128 1.67329 12.5589
      vertex -0.758596 1.60746 12.5589
      vertex -0.818267 1.63951 12.4286
    endloop
  endfacet
  facet normal 0.300291 -0.869983 -0.391094
    outer loop
      vertex -0.394701 1.86702 12.4286
      vertex -0.365917 1.81838 12.5589
      vertex -0.478094 1.77966 12.5589
    endloop
  endfacet
  facet normal 0.20251 -0.852165 -0.482498
    outer loop
      vertex -0.223779 1.78461 12.6782
      vertex -0.330873 1.75916 12.6782
      vertex -0.365917 1.81838 12.5589
    endloop
  endfacet
  facet normal -0.221612 -0.932536 -0.285069
    outer loop
      vertex 0.281846 1.9363 12.2897
      vertex 0.394701 1.86702 12.4286
      vertex 0.266947 1.89738 12.4286
    endloop
  endfacet
  facet normal -0.127723 -0.917334 -0.377075
    outer loop
      vertex 0.266947 1.89738 12.4286
      vertex 0.247479 1.84653 12.5589
      vertex 0.124807 1.86361 12.5589
    endloop
  endfacet
  facet normal 0.221581 -0.932536 -0.285094
    outer loop
      vertex -0.281846 1.9363 12.2897
      vertex -0.394701 1.86702 12.4286
      vertex -0.41673 1.90425 12.2897
    endloop
  endfacet
  facet normal 0.312097 -0.904118 -0.291832
    outer loop
      vertex -0.41673 1.90425 12.2897
      vertex -0.394701 1.86702 12.4286
      vertex -0.544484 1.86015 12.2897
    endloop
  endfacet
  facet normal -0.562878 -0.70514 -0.431214
    outer loop
      vertex 0.818267 1.63951 12.4286
      vertex 0.758596 1.60746 12.5589
      vertex 0.676128 1.67329 12.5589
    endloop
  endfacet
  facet normal -0.562883 -0.70513 -0.431223
    outer loop
      vertex 0.729312 1.71052 12.4286
      vertex 0.818267 1.63951 12.4286
      vertex 0.676128 1.67329 12.5589
    endloop
  endfacet
  facet normal -0.132748 -0.989568 -0.0559663
    outer loop
      vertex 1.60468 2.36652 2
      vertex 2.37264 2.2635 2
      vertex 0.149783 1.9964 11.9952
    endloop
  endfacet
  facet normal -0.0782672 -0.995763 -0.0482654
    outer loop
      vertex 0.809262 2.42904 2
      vertex 1.60468 2.36652 2
      vertex 0.149783 1.9964 11.9952
    endloop
  endfacet
  facet normal 0.137259 -0.986211 -0.0924551
    outer loop
      vertex -0.149783 1.9964 11.9952
      vertex -0.291923 1.96263 12.1444
      vertex -0.297004 1.97591 11.9952
    endloop
  endfacet
  facet normal 0.23019 -0.96859 -0.0940514
    outer loop
      vertex -0.297004 1.97591 11.9952
      vertex -0.291923 1.96263 12.1444
      vertex -0.439143 1.94213 11.9952
    endloop
  endfacet
  facet normal -0.116903 -0.0823717 -0.989721
    outer loop
      vertex 0.194296 1.27852 13.0479
      vertex 0.207275 1.2601 13.0479
      vertex 0.0694876 1.22015 13.0675
    endloop
  endfacet
  facet normal -0.108246 0.103431 -0.988729
    outer loop
      vertex 0.065136 1.17367 13.0675
      vertex 0.194296 1.12148 13.0479
      vertex 0.0596704 1.16795 13.0675
    endloop
  endfacet
  facet normal 0.0251958 0.181434 -0.98308
    outer loop
      vertex -0.0194664 1.14914 13.0675
      vertex -0.00981712 1.1478 13.0675
      vertex -0.0580664 1.0483 13.0479
    endloop
  endfacet
  facet normal 0.025213 0.181426 -0.983081
    outer loop
      vertex -0.00981712 1.1478 13.0675
      vertex -0.0292835 1.0443 13.0479
      vertex -0.0580664 1.0483 13.0479
    endloop
  endfacet
  facet normal -0.140662 0.300552 -0.943336
    outer loop
      vertex 0.136578 1.07541 13.0479
      vertex 0.225032 0.994713 13.009
      vertex 0.112177 1.06399 13.0479
    endloop
  endfacet
  facet normal -0.0721344 0.154129 -0.985414
    outer loop
      vertex 0.136578 1.07541 13.0479
      vertex 0.112177 1.06399 13.0479
      vertex 0.0457869 1.15823 13.0675
    endloop
  endfacet
  facet normal -0.0572526 0.166172 -0.984433
    outer loop
      vertex 0.0376062 1.1544 13.0675
      vertex 0.0858564 1.05491 13.0479
      vertex 0.0287828 1.15136 13.0675
    endloop
  endfacet
  facet normal 0.0721532 0.154116 -0.985415
    outer loop
      vertex -0.0457869 1.15823 13.0675
      vertex -0.0376062 1.1544 13.0675
      vertex -0.112177 1.06399 13.0479
    endloop
  endfacet
  facet normal 0.123529 0.0599154 -0.990531
    outer loop
      vertex -0.07265 1.18637 13.0675
      vertex -0.0694876 1.17985 13.0675
      vertex -0.216709 1.15935 13.0479
    endloop
  endfacet
  facet normal 0.242628 0.395227 -0.885961
    outer loop
      vertex -0.261385 1.01703 13.009
      vertex -0.225032 0.994713 13.009
      vertex -0.359656 0.948239 12.9514
    endloop
  endfacet
  facet normal 0.140662 0.300552 -0.943336
    outer loop
      vertex -0.136578 1.07541 13.0479
      vertex -0.112177 1.06399 13.0479
      vertex -0.225032 0.994713 13.009
    endloop
  endfacet
  facet normal 0.116923 0.0823303 -0.989723
    outer loop
      vertex -0.0694876 1.17985 13.0675
      vertex -0.065136 1.17367 13.0675
      vertex -0.194296 1.12148 13.0479
    endloop
  endfacet
  facet normal 0.116903 0.0823717 -0.989721
    outer loop
      vertex -0.0694876 1.17985 13.0675
      vertex -0.194296 1.12148 13.0479
      vertex -0.207275 1.1399 13.0479
    endloop
  endfacet
  facet normal 0.360376 0.174768 -0.916289
    outer loop
      vertex -0.357059 1.13303 13.009
      vertex -0.341516 1.10098 13.009
      vertex -0.469914 1.06375 12.9514
    endloop
  endfacet
  facet normal 0.338979 0.238803 -0.909981
    outer loop
      vertex -0.341516 1.10098 13.009
      vertex -0.440488 1.02198 12.9514
      vertex -0.469914 1.06375 12.9514
    endloop
  endfacet
  facet normal 0.167581 0.272979 -0.947312
    outer loop
      vertex -0.158642 1.08895 13.0479
      vertex -0.225032 0.994713 13.009
      vertex -0.261385 1.01703 13.009
    endloop
  endfacet
  facet normal 0.0856597 0.139559 -0.986502
    outer loop
      vertex -0.0531836 1.16277 13.0675
      vertex -0.0457869 1.15823 13.0675
      vertex -0.136578 1.07541 13.0479
    endloop
  endfacet
  facet normal -0.116923 0.0823303 -0.989723
    outer loop
      vertex 0.0694876 1.17985 13.0675
      vertex 0.194296 1.12148 13.0479
      vertex 0.065136 1.17367 13.0675
    endloop
  endfacet
  facet normal -0.123529 0.0599154 -0.990531
    outer loop
      vertex 0.07265 1.18637 13.0675
      vertex 0.216709 1.15935 13.0479
      vertex 0.0694876 1.17985 13.0675
    endloop
  endfacet
  facet normal -0.128022 0.0363735 -0.991104
    outer loop
      vertex 0.222434 1.1795 13.0479
      vertex 0.216709 1.15935 13.0479
      vertex 0.0745697 1.19313 13.0675
    endloop
  endfacet
  facet normal -0.0873401 0.62726 -0.773897
    outer loop
      vertex 0.131643 0.856089 12.9514
      vertex 0.16536 0.768004 12.8762
      vertex 0.0663891 0.847003 12.9514
    endloop
  endfacet
  facet normal -0.0698639 0.501749 -0.862187
    outer loop
      vertex 0.131643 0.856089 12.9514
      vertex 0.0663891 0.847003 12.9514
      vertex 0.0482492 0.943455 13.009
    endloop
  endfacet
  facet normal 0.14489 0.609778 -0.779216
    outer loop
      vertex -0.194645 0.871059 12.9514
      vertex -0.131643 0.856089 12.9514
      vertex -0.244498 0.786809 12.8762
    endloop
  endfacet
  facet normal 0.115611 0.486554 -0.865967
    outer loop
      vertex -0.14146 0.960938 13.009
      vertex -0.131643 0.856089 12.9514
      vertex -0.194645 0.871059 12.9514
    endloop
  endfacet
  facet normal -0.256054 0.547442 -0.796708
    outer loop
      vertex 0.388941 0.845185 12.8762
      vertex 0.319452 0.812683 12.8762
      vertex 0.309635 0.917532 12.9514
    endloop
  endfacet
  facet normal -0.256048 0.547443 -0.796709
    outer loop
      vertex 0.309635 0.917532 12.9514
      vertex 0.319452 0.812683 12.8762
      vertex 0.254315 0.891658 12.9514
    endloop
  endfacet
  facet normal -0.187856 -0.7905 -0.582941
    outer loop
      vertex 0.330873 1.75916 12.6782
      vertex 0.290169 1.69037 12.7846
      vertex 0.223779 1.78461 12.6782
    endloop
  endfacet
  facet normal -0.144894 -0.609794 -0.779203
    outer loop
      vertex 0.16536 1.63199 12.8762
      vertex 0.194645 1.52894 12.9514
      vertex 0.131643 1.54391 12.9514
    endloop
  endfacet
  facet normal -0.25611 -0.547426 -0.796701
    outer loop
      vertex 0.319452 1.58732 12.8762
      vertex 0.388941 1.55481 12.8762
      vertex 0.309635 1.48247 12.9514
    endloop
  endfacet
  facet normal -0.25601 -0.547448 -0.796718
    outer loop
      vertex 0.319452 1.58732 12.8762
      vertex 0.309635 1.48247 12.9514
      vertex 0.254315 1.50834 12.9514
    endloop
  endfacet
  facet normal -0.338985 -0.238786 -0.909984
    outer loop
      vertex 0.469914 1.33625 12.9514
      vertex 0.341516 1.29902 13.009
      vertex 0.32013 1.32938 13.009
    endloop
  endfacet
  facet normal -0.213167 -0.203482 -0.955591
    outer loop
      vertex 0.293267 1.35752 13.009
      vertex 0.194296 1.27852 13.0479
      vertex 0.177992 1.2956 13.0479
    endloop
  endfacet
  facet normal -0.13029 -0.0122027 -0.991401
    outer loop
      vertex 0.222434 1.2205 13.0479
      vertex 0.224354 1.2 13.0479
      vertex 0.0752134 1.2 13.0675
    endloop
  endfacet
  facet normal -0.128026 -0.0363567 -0.991104
    outer loop
      vertex 0.216709 1.24065 13.0479
      vertex 0.0745697 1.20687 13.0675
      vertex 0.07265 1.21363 13.0675
    endloop
  endfacet
  facet normal -0.382629 -0.0358382 -0.923207
    outer loop
      vertex 0.508632 1.2 12.9514
      vertex 0.369655 1.2 13.009
      vertex 0.366492 1.23377 13.009
    endloop
  endfacet
  facet normal -0.382629 -0.0358339 -0.923207
    outer loop
      vertex 0.50428 1.24647 12.9514
      vertex 0.508632 1.2 12.9514
      vertex 0.366492 1.23377 13.009
    endloop
  endfacet
  facet normal -0.438051 -0.308598 -0.844322
    outer loop
      vertex 0.553308 1.42362 12.8762
      vertex 0.590272 1.37115 12.8762
      vertex 0.469914 1.33625 12.9514
    endloop
  endfacet
  facet normal -0.438051 -0.308597 -0.844322
    outer loop
      vertex 0.553308 1.42362 12.8762
      vertex 0.469914 1.33625 12.9514
      vertex 0.440488 1.37802 12.9514
    endloop
  endfacet
  facet normal -0.311646 -0.297503 -0.902424
    outer loop
      vertex 0.440488 1.37802 12.9514
      vertex 0.32013 1.32938 13.009
      vertex 0.293267 1.35752 13.009
    endloop
  endfacet
  facet normal -0.213162 -0.203489 -0.955591
    outer loop
      vertex 0.293267 1.35752 13.009
      vertex 0.32013 1.32938 13.009
      vertex 0.194296 1.27852 13.0479
    endloop
  endfacet
  facet normal -0.242649 -0.395206 -0.885965
    outer loop
      vertex 0.359656 1.45176 12.9514
      vertex 0.261385 1.38297 13.009
      vertex 0.225032 1.40529 13.009
    endloop
  endfacet
  facet normal -0.072011 -0.154215 -0.98541
    outer loop
      vertex 0.112177 1.33601 13.0479
      vertex 0.0457869 1.24177 13.0675
      vertex 0.0376062 1.24559 13.0675
    endloop
  endfacet
  facet normal -0.0978089 -0.122499 -0.987637
    outer loop
      vertex 0.158642 1.31105 13.0479
      vertex 0.177992 1.2956 13.0479
      vertex 0.0596704 1.23205 13.0675
    endloop
  endfacet
  facet normal -0.0856493 -0.139569 -0.986501
    outer loop
      vertex 0.136578 1.32459 13.0479
      vertex 0.158642 1.31105 13.0479
      vertex 0.0531836 1.23723 13.0675
    endloop
  endfacet
  facet normal 0.0234359 -0.509352 -0.860239
    outer loop
      vertex 0 1.55604 12.9514
      vertex 0 1.45876 13.009
      vertex -0.0482492 1.45654 13.009
    endloop
  endfacet
  facet normal 0.0252132 -0.181428 -0.983081
    outer loop
      vertex -0.0292835 1.3557 13.0479
      vertex -0.0194664 1.25086 13.0675
      vertex -0.0580664 1.3517 13.0479
    endloop
  endfacet
  facet normal -0.0416803 -0.175234 -0.983644
    outer loop
      vertex 0.0580664 1.3517 13.0479
      vertex 0.0858564 1.34509 13.0479
      vertex 0.0194664 1.25086 13.0675
    endloop
  endfacet
  facet normal -0.604865 -0.426115 -0.672729
    outer loop
      vertex 0.748778 1.50261 12.6782
      vertex 0.700529 1.40312 12.7846
      vertex 0.656661 1.46539 12.7846
    endloop
  endfacet
  facet normal -0.546302 -0.521533 -0.655406
    outer loop
      vertex 0.748778 1.50261 12.6782
      vertex 0.656661 1.46539 12.7846
      vertex 0.601558 1.52311 12.7846
    endloop
  endfacet
  facet normal 0.0338272 -0.738469 -0.673438
    outer loop
      vertex 0 1.64723 12.8762
      vertex -0.0833931 1.64341 12.8762
      vertex -0.0989704 1.72623 12.7846
    endloop
  endfacet
  facet normal -0.0375796 -0.818735 -0.57294
    outer loop
      vertex 0.112855 1.80005 12.6782
      vertex 0.0989704 1.72623 12.7846
      vertex 0 1.80523 12.6782
    endloop
  endfacet
  facet normal -0.111457 -0.323084 -0.939784
    outer loop
      vertex 0.14146 1.43906 13.009
      vertex 0.112177 1.33601 13.0479
      vertex 0.0858564 1.34509 13.0479
    endloop
  endfacet
  facet normal -0.0808026 -0.340042 -0.936932
    outer loop
      vertex 0.0956736 1.44994 13.009
      vertex 0.14146 1.43906 13.009
      vertex 0.0858564 1.34509 13.0479
    endloop
  endfacet
  facet normal 0.0873789 -0.627262 -0.773891
    outer loop
      vertex -0.0833931 1.64341 12.8762
      vertex -0.0663891 1.553 12.9514
      vertex -0.131643 1.54391 12.9514
    endloop
  endfacet
  facet normal -0.0164341 -0.357176 -0.933892
    outer loop
      vertex 0 1.45876 13.009
      vertex 0.0482492 1.45654 13.009
      vertex 0 1.35705 13.0479
    endloop
  endfacet
  facet normal 0.137331 -0.986207 -0.092386
    outer loop
      vertex -0.149783 1.9964 11.9952
      vertex -0.147221 1.98278 12.1444
      vertex -0.291923 1.96263 12.1444
    endloop
  endfacet
  facet normal -0.0424546 -0.926335 -0.374301
    outer loop
      vertex 0.134624 1.91581 12.4286
      vertex 0.124807 1.86361 12.5589
      vertex 0 1.86933 12.5589
    endloop
  endfacet
  facet normal 0.221612 -0.932536 -0.285069
    outer loop
      vertex -0.281846 1.9363 12.2897
      vertex -0.266947 1.89738 12.4286
      vertex -0.394701 1.86702 12.4286
    endloop
  endfacet
  facet normal 0.0456088 -0.994752 -0.0915909
    outer loop
      vertex 0 1.98953 12.1444
      vertex -0.147221 1.98278 12.1444
      vertex -0.149783 1.9964 11.9952
    endloop
  endfacet
  facet normal 0.132417 -0.950651 -0.280587
    outer loop
      vertex -0.142138 1.95576 12.2897
      vertex -0.134624 1.91581 12.4286
      vertex -0.281846 1.9363 12.2897
    endloop
  endfacet
  facet normal 0.0440119 -0.959473 -0.278342
    outer loop
      vertex 0 1.96228 12.2897
      vertex -0.134624 1.91581 12.4286
      vertex -0.142138 1.95576 12.2897
    endloop
  endfacet
  facet normal 0.072011 -0.154215 -0.98541
    outer loop
      vertex -0.0376062 1.24559 13.0675
      vertex -0.0457869 1.24177 13.0675
      vertex -0.112177 1.33601 13.0479
    endloop
  endfacet
  facet normal 0.0808788 -0.340034 -0.936929
    outer loop
      vertex -0.0580664 1.3517 13.0479
      vertex -0.0858564 1.34509 13.0479
      vertex -0.0956736 1.44994 13.009
    endloop
  endfacet
  facet normal 0.0574006 -0.166055 -0.984444
    outer loop
      vertex -0.0287828 1.24864 13.0675
      vertex -0.0376062 1.24559 13.0675
      vertex -0.112177 1.33601 13.0479
    endloop
  endfacet
  facet normal 0.670299 0.472223 -0.572455
    outer loop
      vertex -0.7988 0.968388 12.6782
      vertex -0.748778 0.897384 12.6782
      vertex -0.828084 0.865333 12.5589
    endloop
  endfacet
  facet normal 0.601956 0.574594 -0.554518
    outer loop
      vertex -0.685946 0.831558 12.6782
      vertex -0.758596 0.792536 12.5589
      vertex -0.828084 0.865333 12.5589
    endloop
  endfacet
  facet normal 0.769087 0.218546 -0.600618
    outer loop
      vertex -0.835155 1.04335 12.6782
      vertex -0.923608 1.02676 12.5589
      vertex -0.948009 1.11263 12.5589
    endloop
  endfacet
  facet normal 0.687572 0.195371 -0.699339
    outer loop
      vertex -0.75176 1.13072 12.7846
      vertex -0.835155 1.04335 12.6782
      vertex -0.857219 1.121 12.6782
    endloop
  endfacet
  facet normal 0.590097 -0.739221 -0.324557
    outer loop
      vertex -0.770018 1.73901 12.2897
      vertex -0.729312 1.71052 12.4286
      vertex -0.818267 1.63951 12.4286
    endloop
  endfacet
  facet normal 0.562883 -0.70513 -0.431223
    outer loop
      vertex -0.729312 1.71052 12.4286
      vertex -0.676128 1.67329 12.5589
      vertex -0.818267 1.63951 12.4286
    endloop
  endfacet
  facet normal 0.764945 -0.538917 -0.352743
    outer loop
      vertex -0.943075 1.58114 12.2897
      vertex -0.952892 1.47629 12.4286
      vertex -1.00608 1.49171 12.2897
    endloop
  endfacet
  facet normal 0.825905 -0.43052 -0.364052
    outer loop
      vertex -1.00608 1.49171 12.2897
      vertex -0.952892 1.47629 12.4286
      vertex -5.98874 0.634107 2
    endloop
  endfacet
  facet normal 0.791074 0.0740605 -0.607221
    outer loop
      vertex -0.864615 1.2 12.6782
      vertex -0.857219 1.121 12.6782
      vertex -0.948009 1.11263 12.5589
    endloop
  endfacet
  facet normal 0.89664 -0.0839173 -0.434735
    outer loop
      vertex -1.02258 1.29424 12.4286
      vertex -1.0314 1.2 12.4286
      vertex -6.2 0 2
    endloop
  endfacet
  facet normal 0.789297 -0.382751 -0.480116
    outer loop
      vertex -0.952892 1.47629 12.4286
      vertex -0.883404 1.45614 12.5589
      vertex -0.996259 1.38686 12.4286
    endloop
  endfacet
  facet normal 0.566139 -0.274516 -0.777257
    outer loop
      vertex -0.590272 1.37115 12.8762
      vertex -0.617135 1.31575 12.8762
      vertex -0.73241 1.33737 12.7846
    endloop
  endfacet
  facet normal 0.480563 0.602069 -0.63763
    outer loop
      vertex -0.601558 0.876885 12.7846
      vertex -0.536161 0.824686 12.7846
      vertex -0.685946 0.831558 12.6782
    endloop
  endfacet
  facet normal 0.670298 0.472223 -0.572456
    outer loop
      vertex -0.7988 0.968388 12.6782
      vertex -0.828084 0.865333 12.5589
      vertex -0.883404 0.943857 12.5589
    endloop
  endfacet
  facet normal 0.604848 0.426112 -0.672746
    outer loop
      vertex -0.700529 0.996881 12.7846
      vertex -0.748778 0.897384 12.6782
      vertex -0.7988 0.968388 12.6782
    endloop
  endfacet
  facet normal 0.769086 0.218533 -0.600624
    outer loop
      vertex -0.857219 1.121 12.6782
      vertex -0.835155 1.04335 12.6782
      vertex -0.948009 1.11263 12.5589
    endloop
  endfacet
  facet normal 0.791072 0.074064 -0.607223
    outer loop
      vertex -0.864615 1.2 12.6782
      vertex -0.948009 1.11263 12.5589
      vertex -0.956189 1.2 12.5589
    endloop
  endfacet
  facet normal 0.546326 -0.521446 -0.655456
    outer loop
      vertex -0.685946 1.56844 12.6782
      vertex -0.601558 1.52311 12.7846
      vertex -0.748778 1.50261 12.6782
    endloop
  endfacet
  facet normal 0.527229 -0.371422 -0.764248
    outer loop
      vertex -0.553308 1.42362 12.8762
      vertex -0.590272 1.37115 12.8762
      vertex -0.700529 1.40312 12.7846
    endloop
  endfacet
  facet normal 0.213162 -0.203489 -0.955591
    outer loop
      vertex -0.293267 1.35752 13.009
      vertex -0.194296 1.27852 13.0479
      vertex -0.32013 1.32938 13.009
    endloop
  endfacet
  facet normal 0.593621 -0.168701 -0.786863
    outer loop
      vertex -0.617135 1.31575 12.8762
      vertex -0.633439 1.25838 12.8762
      vertex -0.75176 1.26928 12.7846
    endloop
  endfacet
  facet normal 0.499385 0.0467683 -0.865117
    outer loop
      vertex -0.508632 1.2 12.9514
      vertex -0.50428 1.15353 12.9514
      vertex -0.638906 1.2 12.8762
    endloop
  endfacet
  facet normal 0.360376 -0.174768 -0.916289
    outer loop
      vertex -0.341516 1.29902 13.009
      vertex -0.357059 1.26697 13.009
      vertex -0.469914 1.33625 12.9514
    endloop
  endfacet
  facet normal 0.499385 -0.0467683 -0.865117
    outer loop
      vertex -0.50428 1.24647 12.9514
      vertex -0.508632 1.2 12.9514
      vertex -0.638906 1.2 12.8762
    endloop
  endfacet
  facet normal 0.167593 -0.272963 -0.947314
    outer loop
      vertex -0.225032 1.40529 13.009
      vertex -0.158642 1.31105 13.0479
      vertex -0.261385 1.38297 13.009
    endloop
  endfacet
  facet normal 0.242649 -0.395206 -0.885965
    outer loop
      vertex -0.225032 1.40529 13.009
      vertex -0.261385 1.38297 13.009
      vertex -0.359656 1.45176 12.9514
    endloop
  endfacet
  facet normal 0.11561 -0.486552 -0.865968
    outer loop
      vertex -0.131643 1.54391 12.9514
      vertex -0.0956736 1.44994 13.009
      vertex -0.194645 1.52894 12.9514
    endloop
  endfacet
  facet normal -0.0338272 -0.738469 -0.673438
    outer loop
      vertex 0.0989704 1.72623 12.7846
      vertex 0.0833931 1.64341 12.8762
      vertex 0 1.64723 12.8762
    endloop
  endfacet
  facet normal 0.25611 -0.547426 -0.796701
    outer loop
      vertex -0.319452 1.58732 12.8762
      vertex -0.309635 1.48247 12.9514
      vertex -0.388941 1.55481 12.8762
    endloop
  endfacet
  facet normal 0.364165 -0.593173 -0.718004
    outer loop
      vertex -0.461592 1.62109 12.7846
      vertex -0.451775 1.51624 12.8762
      vertex -0.536161 1.57531 12.7846
    endloop
  endfacet
  facet normal 0.410239 -0.668219 -0.620634
    outer loop
      vertex -0.526344 1.68016 12.6782
      vertex -0.461592 1.62109 12.7846
      vertex -0.536161 1.57531 12.7846
    endloop
  endfacet
  facet normal 0.480568 -0.602063 -0.637632
    outer loop
      vertex -0.536161 1.57531 12.7846
      vertex -0.601558 1.52311 12.7846
      vertex -0.611375 1.62796 12.6782
    endloop
  endfacet
  facet normal 0.365806 -0.782157 -0.504397
    outer loop
      vertex -0.478094 1.77966 12.5589
      vertex -0.432307 1.72414 12.6782
      vertex -0.526344 1.68016 12.6782
    endloop
  endfacet
  facet normal 0.300938 -0.643246 -0.704039
    outer loop
      vertex -0.379124 1.65966 12.7846
      vertex -0.319452 1.58732 12.8762
      vertex -0.388941 1.55481 12.8762
    endloop
  endfacet
  facet normal 0.387888 -0.829342 -0.402163
    outer loop
      vertex -0.478094 1.77966 12.5589
      vertex -0.582091 1.73102 12.5589
      vertex -0.627878 1.77279 12.4286
    endloop
  endfacet
  facet normal 0.475841 -0.775102 -0.415682
    outer loop
      vertex -0.627878 1.77279 12.4286
      vertex -0.582091 1.73102 12.5589
      vertex -0.676128 1.67329 12.5589
    endloop
  endfacet
  facet normal -0.112666 -0.809444 -0.576288
    outer loop
      vertex 0.223779 1.78461 12.6782
      vertex 0.196248 1.71269 12.7846
      vertex 0.0989704 1.72623 12.7846
    endloop
  endfacet
  facet normal -0.0873789 -0.627262 -0.773891
    outer loop
      vertex 0.0833931 1.64341 12.8762
      vertex 0.131643 1.54391 12.9514
      vertex 0.0663891 1.553 12.9514
    endloop
  endfacet
  facet normal -0.312097 -0.904118 -0.291832
    outer loop
      vertex 0.41673 1.90425 12.2897
      vertex 0.544484 1.86015 12.2897
      vertex 0.394701 1.86702 12.4286
    endloop
  endfacet
  facet normal -0.221581 -0.932536 -0.285094
    outer loop
      vertex 0.41673 1.90425 12.2897
      vertex 0.394701 1.86702 12.4286
      vertex 0.281846 1.9363 12.2897
    endloop
  endfacet
  facet normal 0.300323 -0.869982 -0.391072
    outer loop
      vertex -0.394701 1.86702 12.4286
      vertex -0.478094 1.77966 12.5589
      vertex -0.515701 1.82525 12.4286
    endloop
  endfacet
  facet normal 0.312105 -0.904112 -0.291842
    outer loop
      vertex -0.394701 1.86702 12.4286
      vertex -0.515701 1.82525 12.4286
      vertex -0.544484 1.86015 12.2897
    endloop
  endfacet
  facet normal 0.227043 -0.955399 -0.188848
    outer loop
      vertex -0.291923 1.96263 12.1444
      vertex -0.41673 1.90425 12.2897
      vertex -0.431629 1.92943 12.1444
    endloop
  endfacet
  facet normal 0.230179 -0.968594 -0.0940396
    outer loop
      vertex -0.291923 1.96263 12.1444
      vertex -0.431629 1.92943 12.1444
      vertex -0.439143 1.94213 11.9952
    endloop
  endfacet
  facet normal -0.0424552 -0.926335 -0.374302
    outer loop
      vertex 0 1.92198 12.4286
      vertex 0.134624 1.91581 12.4286
      vertex 0 1.86933 12.5589
    endloop
  endfacet
  facet normal 0.135558 -0.9732 -0.185756
    outer loop
      vertex -0.142138 1.95576 12.2897
      vertex -0.281846 1.9363 12.2897
      vertex -0.291923 1.96263 12.1444
    endloop
  endfacet
  facet normal -0.0978076 0.122482 -0.987639
    outer loop
      vertex 0.0596704 1.16795 13.0675
      vertex 0.177992 1.10439 13.0479
      vertex 0.0531836 1.16277 13.0675
    endloop
  endfacet
  facet normal -0.108289 0.103309 -0.988737
    outer loop
      vertex 0.194296 1.12148 13.0479
      vertex 0.177992 1.10439 13.0479
      vertex 0.0596704 1.16795 13.0675
    endloop
  endfacet
  facet normal 0.00845759 0.184509 -0.982794
    outer loop
      vertex 0 1.14735 13.0675
      vertex 0 1.04295 13.0479
      vertex -0.00981712 1.1478 13.0675
    endloop
  endfacet
  facet normal -0.00845759 0.184509 -0.982794
    outer loop
      vertex 0 1.14735 13.0675
      vertex 0.00981712 1.1478 13.0675
      vertex 0 1.04295 13.0479
    endloop
  endfacet
  facet normal 0.0417501 0.175207 -0.983646
    outer loop
      vertex -0.0287828 1.15136 13.0675
      vertex -0.0194664 1.14914 13.0675
      vertex -0.0580664 1.0483 13.0479
    endloop
  endfacet
  facet normal -0.0417501 0.175207 -0.983646
    outer loop
      vertex 0.0287828 1.15136 13.0675
      vertex 0.0580664 1.0483 13.0479
      vertex 0.0194664 1.14914 13.0675
    endloop
  endfacet
  facet normal 0.167537 0.273009 -0.94731
    outer loop
      vertex -0.158642 1.08895 13.0479
      vertex -0.136578 1.07541 13.0479
      vertex -0.225032 0.994713 13.009
    endloop
  endfacet
  facet normal 0.108246 0.103431 -0.988729
    outer loop
      vertex -0.065136 1.17367 13.0675
      vertex -0.0596704 1.16795 13.0675
      vertex -0.194296 1.12148 13.0479
    endloop
  endfacet
  facet normal -0.128026 0.0363567 -0.991104
    outer loop
      vertex 0.0745697 1.19313 13.0675
      vertex 0.216709 1.15935 13.0479
      vertex 0.07265 1.18637 13.0675
    endloop
  endfacet
  facet normal -0.115611 0.486554 -0.865967
    outer loop
      vertex 0.14146 0.960938 13.009
      vertex 0.194645 0.871059 12.9514
      vertex 0.131643 0.856089 12.9514
    endloop
  endfacet
  facet normal -0.115617 0.486554 -0.865966
    outer loop
      vertex 0.14146 0.960938 13.009
      vertex 0.131643 0.856089 12.9514
      vertex 0.0956736 0.950058 13.009
    endloop
  endfacet
  facet normal -0.0233691 0.509341 -0.860247
    outer loop
      vertex 0 0.94124 13.009
      vertex 0.0663891 0.847003 12.9514
      vertex 0 0.843957 12.9514
    endloop
  endfacet
  facet normal 0.0233691 0.509341 -0.860247
    outer loop
      vertex 0 0.94124 13.009
      vertex 0 0.843957 12.9514
      vertex -0.0663891 0.847003 12.9514
    endloop
  endfacet
  facet normal 0.201349 0.583255 -0.786939
    outer loop
      vertex -0.254315 0.891658 12.9514
      vertex -0.194645 0.871059 12.9514
      vertex -0.319452 0.812683 12.8762
    endloop
  endfacet
  facet normal 0.201342 0.583264 -0.786934
    outer loop
      vertex -0.194645 0.871059 12.9514
      vertex -0.244498 0.786809 12.8762
      vertex -0.319452 0.812683 12.8762
    endloop
  endfacet
  facet normal -0.201342 0.583264 -0.786934
    outer loop
      vertex 0.319452 0.812683 12.8762
      vertex 0.244498 0.786809 12.8762
      vertex 0.194645 0.871059 12.9514
    endloop
  endfacet
  facet normal -0.14489 0.609778 -0.779216
    outer loop
      vertex 0.194645 0.871059 12.9514
      vertex 0.244498 0.786809 12.8762
      vertex 0.131643 0.856089 12.9514
    endloop
  endfacet
  facet normal -0.33718 -0.720938 -0.605441
    outer loop
      vertex 0.526344 1.68016 12.6782
      vertex 0.461592 1.62109 12.7846
      vertex 0.379124 1.65966 12.7846
    endloop
  endfacet
  facet normal -0.410239 -0.668219 -0.620634
    outer loop
      vertex 0.526344 1.68016 12.6782
      vertex 0.536161 1.57531 12.7846
      vertex 0.461592 1.62109 12.7846
    endloop
  endfacet
  facet normal -0.235518 -0.682205 -0.69219
    outer loop
      vertex 0.379124 1.65966 12.7846
      vertex 0.319452 1.58732 12.8762
      vertex 0.290169 1.69037 12.7846
    endloop
  endfacet
  facet normal -0.115616 -0.486547 -0.86597
    outer loop
      vertex 0.194645 1.52894 12.9514
      vertex 0.14146 1.43906 13.009
      vertex 0.0956736 1.44994 13.009
    endloop
  endfacet
  facet normal 0.0291312 -0.635953 -0.771178
    outer loop
      vertex 0 1.64723 12.8762
      vertex 0 1.55604 12.9514
      vertex -0.0833931 1.64341 12.8762
    endloop
  endfacet
  facet normal -0.0873935 -0.627266 -0.773886
    outer loop
      vertex 0.16536 1.63199 12.8762
      vertex 0.131643 1.54391 12.9514
      vertex 0.0833931 1.64341 12.8762
    endloop
  endfacet
  facet normal -0.116876 -0.0824304 -0.98972
    outer loop
      vertex 0.194296 1.27852 13.0479
      vertex 0.0694876 1.22015 13.0675
      vertex 0.065136 1.22632 13.0675
    endloop
  endfacet
  facet normal -0.244492 -0.118588 -0.962372
    outer loop
      vertex 0.341516 1.29902 13.009
      vertex 0.216709 1.24065 13.0479
      vertex 0.207275 1.2601 13.0479
    endloop
  endfacet
  facet normal -0.230829 -0.162646 -0.959304
    outer loop
      vertex 0.341516 1.29902 13.009
      vertex 0.207275 1.2601 13.0479
      vertex 0.194296 1.27852 13.0479
    endloop
  endfacet
  facet normal -0.253817 -0.0721144 -0.96456
    outer loop
      vertex 0.366492 1.23377 13.009
      vertex 0.222434 1.2205 13.0479
      vertex 0.216709 1.24065 13.0479
    endloop
  endfacet
  facet normal -0.128022 -0.0363735 -0.991104
    outer loop
      vertex 0.216709 1.24065 13.0479
      vertex 0.222434 1.2205 13.0479
      vertex 0.0745697 1.20687 13.0675
    endloop
  endfacet
  facet normal -0.123529 -0.0599154 -0.990531
    outer loop
      vertex 0.216709 1.24065 13.0479
      vertex 0.07265 1.21363 13.0675
      vertex 0.0694876 1.22015 13.0675
    endloop
  endfacet
  facet normal -0.191953 -0.240408 -0.951503
    outer loop
      vertex 0.293267 1.35752 13.009
      vertex 0.177992 1.2956 13.0479
      vertex 0.158642 1.31105 13.0479
    endloop
  endfacet
  facet normal -0.191938 -0.240447 -0.951496
    outer loop
      vertex 0.261385 1.38297 13.009
      vertex 0.293267 1.35752 13.009
      vertex 0.158642 1.31105 13.0479
    endloop
  endfacet
  facet normal 0.0251952 -0.181429 -0.983081
    outer loop
      vertex -0.00981712 1.2522 13.0675
      vertex -0.0194664 1.25086 13.0675
      vertex -0.0292835 1.3557 13.0479
    endloop
  endfacet
  facet normal 0.00850607 -0.184509 -0.982794
    outer loop
      vertex 0 1.35705 13.0479
      vertex 0 1.25265 13.0675
      vertex -0.0292835 1.3557 13.0479
    endloop
  endfacet
  facet normal -0.0574006 -0.166055 -0.984444
    outer loop
      vertex 0.112177 1.33601 13.0479
      vertex 0.0376062 1.24559 13.0675
      vertex 0.0287828 1.24864 13.0675
    endloop
  endfacet
  facet normal -0.0488442 -0.35147 -0.934924
    outer loop
      vertex 0.0482492 1.45654 13.009
      vertex 0.0580664 1.3517 13.0479
      vertex 0.0292835 1.3557 13.0479
    endloop
  endfacet
  facet normal -0.0164656 -0.357163 -0.933897
    outer loop
      vertex 0.0482492 1.45654 13.009
      vertex 0.0292835 1.3557 13.0479
      vertex 0 1.35705 13.0479
    endloop
  endfacet
  facet normal 0.0873935 -0.627266 -0.773886
    outer loop
      vertex -0.0833931 1.64341 12.8762
      vertex -0.131643 1.54391 12.9514
      vertex -0.16536 1.63199 12.8762
    endloop
  endfacet
  facet normal 0.101508 -0.729282 -0.676642
    outer loop
      vertex -0.0989704 1.72623 12.7846
      vertex -0.0833931 1.64341 12.8762
      vertex -0.196248 1.71269 12.7846
    endloop
  endfacet
  facet normal 0.0375569 -0.818726 -0.572954
    outer loop
      vertex 0 1.80523 12.6782
      vertex 0 1.73077 12.7846
      vertex -0.0989704 1.72623 12.7846
    endloop
  endfacet
  facet normal -0.0375569 -0.818726 -0.572954
    outer loop
      vertex 0 1.80523 12.6782
      vertex 0.0989704 1.72623 12.7846
      vertex 0 1.73077 12.7846
    endloop
  endfacet
  facet normal -0.0417456 -0.175189 -0.983649
    outer loop
      vertex 0.0858564 1.34509 13.0479
      vertex 0.0287828 1.24864 13.0675
      vertex 0.0194664 1.25086 13.0675
    endloop
  endfacet
  facet normal -0.0573133 -0.166137 -0.984436
    outer loop
      vertex 0.0858564 1.34509 13.0479
      vertex 0.112177 1.33601 13.0479
      vertex 0.0287828 1.24864 13.0675
    endloop
  endfacet
  facet normal -0.135558 -0.9732 -0.185756
    outer loop
      vertex 0.291923 1.96263 12.1444
      vertex 0.281846 1.9363 12.2897
      vertex 0.142138 1.95576 12.2897
    endloop
  endfacet
  facet normal -0.135521 -0.973212 -0.18572
    outer loop
      vertex 0.147221 1.98278 12.1444
      vertex 0.291923 1.96263 12.1444
      vertex 0.142138 1.95576 12.2897
    endloop
  endfacet
  facet normal -0.0450391 -0.981867 -0.184142
    outer loop
      vertex 0 1.98953 12.1444
      vertex 0.142138 1.95576 12.2897
      vertex 0 1.96228 12.2897
    endloop
  endfacet
  facet normal -0.0450179 -0.981864 -0.184162
    outer loop
      vertex 0.147221 1.98278 12.1444
      vertex 0.142138 1.95576 12.2897
      vertex 0 1.98953 12.1444
    endloop
  endfacet
  facet normal -0.127764 -0.917312 -0.377114
    outer loop
      vertex 0.134624 1.91581 12.4286
      vertex 0.266947 1.89738 12.4286
      vertex 0.124807 1.86361 12.5589
    endloop
  endfacet
  facet normal -0.132417 -0.950651 -0.280587
    outer loop
      vertex 0.142138 1.95576 12.2897
      vertex 0.281846 1.9363 12.2897
      vertex 0.134624 1.91581 12.4286
    endloop
  endfacet
  facet normal 0.213605 -0.898844 -0.382691
    outer loop
      vertex -0.266947 1.89738 12.4286
      vertex -0.247479 1.84653 12.5589
      vertex -0.394701 1.86702 12.4286
    endloop
  endfacet
  facet normal 0.0375796 -0.818735 -0.57294
    outer loop
      vertex 0 1.80523 12.6782
      vertex -0.0989704 1.72623 12.7846
      vertex -0.112855 1.80005 12.6782
    endloop
  endfacet
  facet normal 0.140586 -0.300652 -0.943315
    outer loop
      vertex -0.184827 1.42409 13.009
      vertex -0.112177 1.33601 13.0479
      vertex -0.225032 1.40529 13.009
    endloop
  endfacet
  facet normal 0.140659 -0.300545 -0.943339
    outer loop
      vertex -0.112177 1.33601 13.0479
      vertex -0.136578 1.32459 13.0479
      vertex -0.225032 1.40529 13.009
    endloop
  endfacet
  facet normal 0.601961 0.574581 -0.554526
    outer loop
      vertex -0.748778 0.897384 12.6782
      vertex -0.685946 0.831558 12.6782
      vertex -0.828084 0.865333 12.5589
    endloop
  endfacet
  facet normal 0.653022 0.316692 -0.687945
    outer loop
      vertex -0.73241 1.06262 12.7846
      vertex -0.700529 0.996881 12.7846
      vertex -0.835155 1.04335 12.6782
    endloop
  endfacet
  facet normal 0.863243 -0.0808302 -0.498276
    outer loop
      vertex -0.948009 1.28736 12.5589
      vertex -0.956189 1.2 12.5589
      vertex -1.0314 1.2 12.4286
    endloop
  endfacet
  facet normal 0.526525 -0.6596 -0.536376
    outer loop
      vertex -0.676128 1.67329 12.5589
      vertex -0.685946 1.56844 12.6782
      vertex -0.758596 1.60746 12.5589
    endloop
  endfacet
  facet normal 0.646683 -0.617347 -0.447978
    outer loop
      vertex -0.758596 1.60746 12.5589
      vertex -0.828084 1.53467 12.5589
      vertex -0.893221 1.56099 12.4286
    endloop
  endfacet
  facet normal 0.723812 -0.509924 -0.464836
    outer loop
      vertex -0.893221 1.56099 12.4286
      vertex -0.828084 1.53467 12.5589
      vertex -0.952892 1.47629 12.4286
    endloop
  endfacet
  facet normal 0.789294 -0.382784 -0.480096
    outer loop
      vertex -0.883404 1.45614 12.5589
      vertex -0.923608 1.37324 12.5589
      vertex -0.996259 1.38686 12.4286
    endloop
  endfacet
  facet normal 0.687567 -0.195395 -0.699337
    outer loop
      vertex -0.835155 1.35664 12.6782
      vertex -0.75176 1.26928 12.7846
      vertex -0.857219 1.279 12.6782
    endloop
  endfacet
  facet normal 0.727501 -0.352785 -0.58846
    outer loop
      vertex -0.7988 1.43161 12.6782
      vertex -0.835155 1.35664 12.6782
      vertex -0.883404 1.45614 12.5589
    endloop
  endfacet
  facet normal 0.59362 -0.168697 -0.786865
    outer loop
      vertex -0.73241 1.33737 12.7846
      vertex -0.617135 1.31575 12.8762
      vertex -0.75176 1.26928 12.7846
    endloop
  endfacet
  facet normal 0.670289 -0.472243 -0.57245
    outer loop
      vertex -0.748778 1.50261 12.6782
      vertex -0.7988 1.43161 12.6782
      vertex -0.883404 1.45614 12.5589
    endloop
  endfacet
  facet normal 0.687568 -0.195395 -0.699336
    outer loop
      vertex -0.73241 1.33737 12.7846
      vertex -0.75176 1.26928 12.7846
      vertex -0.835155 1.35664 12.6782
    endloop
  endfacet
  facet normal 0.546318 0.521469 -0.655444
    outer loop
      vertex -0.601558 0.876885 12.7846
      vertex -0.685946 0.831558 12.6782
      vertex -0.748778 0.897384 12.6782
    endloop
  endfacet
  facet normal 0.546316 0.521474 -0.655441
    outer loop
      vertex -0.656661 0.934613 12.7846
      vertex -0.601558 0.876885 12.7846
      vertex -0.748778 0.897384 12.6782
    endloop
  endfacet
  facet normal 0.364121 -0.593186 -0.718015
    outer loop
      vertex -0.388941 1.55481 12.8762
      vertex -0.451775 1.51624 12.8762
      vertex -0.461592 1.62109 12.7846
    endloop
  endfacet
  facet normal 0.311644 -0.297511 -0.902422
    outer loop
      vertex -0.403524 1.41674 12.9514
      vertex -0.293267 1.35752 13.009
      vertex -0.440488 1.37802 12.9514
    endloop
  endfacet
  facet normal 0.566139 -0.274511 -0.777258
    outer loop
      vertex -0.700529 1.40312 12.7846
      vertex -0.590272 1.37115 12.8762
      vertex -0.73241 1.33737 12.7846
    endloop
  endfacet
  facet normal 0.467887 -0.226909 -0.854163
    outer loop
      vertex -0.469914 1.33625 12.9514
      vertex -0.491301 1.29215 12.9514
      vertex -0.590272 1.37115 12.8762
    endloop
  endfacet
  facet normal 0.438051 -0.308598 -0.844322
    outer loop
      vertex -0.553308 1.42362 12.8762
      vertex -0.469914 1.33625 12.9514
      vertex -0.590272 1.37115 12.8762
    endloop
  endfacet
  facet normal 0.488691 -0.138851 -0.861337
    outer loop
      vertex -0.491301 1.29215 12.9514
      vertex -0.50428 1.24647 12.9514
      vertex -0.633439 1.25838 12.8762
    endloop
  endfacet
  facet normal 0.111457 -0.323084 -0.939784
    outer loop
      vertex -0.0858564 1.34509 13.0479
      vertex -0.112177 1.33601 13.0479
      vertex -0.14146 1.43906 13.009
    endloop
  endfacet
  facet normal -0.0291312 -0.635953 -0.771178
    outer loop
      vertex 0 1.64723 12.8762
      vertex 0.0833931 1.64341 12.8762
      vertex 0 1.55604 12.9514
    endloop
  endfacet
  facet normal 0.16009 -0.463718 -0.871399
    outer loop
      vertex -0.194645 1.52894 12.9514
      vertex -0.184827 1.42409 13.009
      vertex -0.254315 1.50834 12.9514
    endloop
  endfacet
  facet normal 0.0808026 -0.340042 -0.936932
    outer loop
      vertex -0.0956736 1.44994 13.009
      vertex -0.0858564 1.34509 13.0479
      vertex -0.14146 1.43906 13.009
    endloop
  endfacet
  facet normal 0.0233217 -0.509312 -0.860266
    outer loop
      vertex 0 1.55604 12.9514
      vertex -0.0482492 1.45654 13.009
      vertex -0.0663891 1.553 12.9514
    endloop
  endfacet
  facet normal 0.069829 -0.501758 -0.862185
    outer loop
      vertex -0.0482492 1.45654 13.009
      vertex -0.0956736 1.44994 13.009
      vertex -0.131643 1.54391 12.9514
    endloop
  endfacet
  facet normal 0.447077 -0.728264 -0.519378
    outer loop
      vertex -0.526344 1.68016 12.6782
      vertex -0.611375 1.62796 12.6782
      vertex -0.676128 1.67329 12.5589
    endloop
  endfacet
  facet normal 0.526484 -0.659618 -0.536395
    outer loop
      vertex -0.676128 1.67329 12.5589
      vertex -0.611375 1.62796 12.6782
      vertex -0.685946 1.56844 12.6782
    endloop
  endfacet
  facet normal 0.0450391 -0.981867 -0.184142
    outer loop
      vertex 0 1.98953 12.1444
      vertex 0 1.96228 12.2897
      vertex -0.142138 1.95576 12.2897
    endloop
  endfacet
  facet normal 0.0450179 -0.981864 -0.184162
    outer loop
      vertex 0 1.98953 12.1444
      vertex -0.142138 1.95576 12.2897
      vertex -0.147221 1.98278 12.1444
    endloop
  endfacet
  facet normal 0.0978076 0.122482 -0.987639
    outer loop
      vertex -0.0596704 1.16795 13.0675
      vertex -0.0531836 1.16277 13.0675
      vertex -0.177992 1.10439 13.0479
    endloop
  endfacet
  facet normal 0.0977795 0.122541 -0.987635
    outer loop
      vertex -0.0531836 1.16277 13.0675
      vertex -0.158642 1.08895 13.0479
      vertex -0.177992 1.10439 13.0479
    endloop
  endfacet
  facet normal -0.387859 -0.829372 -0.402128
    outer loop
      vertex 0.515701 1.82525 12.4286
      vertex 0.627878 1.77279 12.4286
      vertex 0.478094 1.77966 12.5589
    endloop
  endfacet
  facet normal -0.300323 -0.869982 -0.391072
    outer loop
      vertex 0.515701 1.82525 12.4286
      vertex 0.478094 1.77966 12.5589
      vertex 0.394701 1.86702 12.4286
    endloop
  endfacet
  facet normal -0.23546 -0.682206 -0.692209
    outer loop
      vertex 0.290169 1.69037 12.7846
      vertex 0.319452 1.58732 12.8762
      vertex 0.244498 1.61319 12.8762
    endloop
  endfacet
  facet normal -0.168826 -0.71067 -0.682969
    outer loop
      vertex 0.290169 1.69037 12.7846
      vertex 0.244498 1.61319 12.8762
      vertex 0.16536 1.63199 12.8762
    endloop
  endfacet
  facet normal -0.167534 -0.273004 -0.947313
    outer loop
      vertex 0.225032 1.40529 13.009
      vertex 0.158642 1.31105 13.0479
      vertex 0.136578 1.32459 13.0479
    endloop
  endfacet
  facet normal -0.140659 -0.300545 -0.943339
    outer loop
      vertex 0.225032 1.40529 13.009
      vertex 0.136578 1.32459 13.0479
      vertex 0.112177 1.33601 13.0479
    endloop
  endfacet
  facet normal 0.00845819 -0.184522 -0.982792
    outer loop
      vertex 0 1.25265 13.0675
      vertex -0.00981712 1.2522 13.0675
      vertex -0.0292835 1.3557 13.0479
    endloop
  endfacet
  facet normal -0.00845819 -0.184522 -0.982792
    outer loop
      vertex 0.0292835 1.3557 13.0479
      vertex 0.00981712 1.2522 13.0675
      vertex 0 1.25265 13.0675
    endloop
  endfacet
  facet normal 0.284064 -0.822971 -0.491962
    outer loop
      vertex -0.365917 1.81838 12.5589
      vertex -0.330873 1.75916 12.6782
      vertex -0.478094 1.77966 12.5589
    endloop
  endfacet
  facet normal 0.284113 -0.822922 -0.492015
    outer loop
      vertex -0.330873 1.75916 12.6782
      vertex -0.432307 1.72414 12.6782
      vertex -0.478094 1.77966 12.5589
    endloop
  endfacet
  facet normal 0.201315 -0.583277 -0.786931
    outer loop
      vertex -0.244498 1.61319 12.8762
      vertex -0.194645 1.52894 12.9514
      vertex -0.319452 1.58732 12.8762
    endloop
  endfacet
  facet normal 0.235518 -0.682205 -0.69219
    outer loop
      vertex -0.290169 1.69037 12.7846
      vertex -0.319452 1.58732 12.8762
      vertex -0.379124 1.65966 12.7846
    endloop
  endfacet
  facet normal -0.033874 -0.738442 -0.673466
    outer loop
      vertex 0 1.73077 12.7846
      vertex 0.0989704 1.72623 12.7846
      vertex 0 1.64723 12.8762
    endloop
  endfacet
  facet normal 0.033874 -0.738442 -0.673466
    outer loop
      vertex 0 1.73077 12.7846
      vertex 0 1.64723 12.8762
      vertex -0.0989704 1.72623 12.7846
    endloop
  endfacet
  facet normal 0.0403998 -0.880178 -0.472921
    outer loop
      vertex 0 1.86933 12.5589
      vertex 0 1.80523 12.6782
      vertex -0.112855 1.80005 12.6782
    endloop
  endfacet
  facet normal 0.0403383 -0.880157 -0.472966
    outer loop
      vertex 0 1.86933 12.5589
      vertex -0.112855 1.80005 12.6782
      vertex -0.124807 1.86361 12.5589
    endloop
  endfacet
  facet normal -0.213631 -0.898827 -0.382717
    outer loop
      vertex 0.394701 1.86702 12.4286
      vertex 0.365917 1.81838 12.5589
      vertex 0.247479 1.84653 12.5589
    endloop
  endfacet
  facet normal -0.202535 -0.852145 -0.482522
    outer loop
      vertex 0.247479 1.84653 12.5589
      vertex 0.365917 1.81838 12.5589
      vertex 0.223779 1.78461 12.6782
    endloop
  endfacet
  facet normal -0.0440119 -0.959473 -0.278342
    outer loop
      vertex 0.142138 1.95576 12.2897
      vertex 0.134624 1.91581 12.4286
      vertex 0 1.96228 12.2897
    endloop
  endfacet
  facet normal 0.132408 -0.950655 -0.280578
    outer loop
      vertex -0.134624 1.91581 12.4286
      vertex -0.266947 1.89738 12.4286
      vertex -0.281846 1.9363 12.2897
    endloop
  endfacet
  facet normal 0.202535 -0.852145 -0.482522
    outer loop
      vertex -0.247479 1.84653 12.5589
      vertex -0.223779 1.78461 12.6782
      vertex -0.365917 1.81838 12.5589
    endloop
  endfacet
  facet normal 0.121267 -0.870965 -0.476146
    outer loop
      vertex -0.124807 1.86361 12.5589
      vertex -0.223779 1.78461 12.6782
      vertex -0.247479 1.84653 12.5589
    endloop
  endfacet
  facet normal 0.115616 -0.486547 -0.86597
    outer loop
      vertex -0.0956736 1.44994 13.009
      vertex -0.14146 1.43906 13.009
      vertex -0.194645 1.52894 12.9514
    endloop
  endfacet
  facet normal 0.0573133 -0.166137 -0.984436
    outer loop
      vertex -0.0858564 1.34509 13.0479
      vertex -0.0287828 1.24864 13.0675
      vertex -0.112177 1.33601 13.0479
    endloop
  endfacet
  facet normal 0.837505 -0.238004 -0.491873
    outer loop
      vertex -0.996259 1.38686 12.4286
      vertex -0.948009 1.28736 12.5589
      vertex -1.02258 1.29424 12.4286
    endloop
  endfacet
  facet normal 0.863234 -0.0807908 -0.498297
    outer loop
      vertex -1.02258 1.29424 12.4286
      vertex -0.948009 1.28736 12.5589
      vertex -1.0314 1.2 12.4286
    endloop
  endfacet
  facet normal 0.601915 -0.57461 -0.554547
    outer loop
      vertex -0.758596 1.60746 12.5589
      vertex -0.748778 1.50261 12.6782
      vertex -0.828084 1.53467 12.5589
    endloop
  endfacet
  facet normal 0.601983 -0.574568 -0.554516
    outer loop
      vertex -0.685946 1.56844 12.6782
      vertex -0.748778 1.50261 12.6782
      vertex -0.758596 1.60746 12.5589
    endloop
  endfacet
  facet normal 0.680628 -0.649717 -0.338545
    outer loop
      vertex -0.818267 1.63951 12.4286
      vertex -0.893221 1.56099 12.4286
      vertex -0.943075 1.58114 12.2897
    endloop
  endfacet
  facet normal 0.764954 -0.538909 -0.352736
    outer loop
      vertex -0.943075 1.58114 12.2897
      vertex -0.893221 1.56099 12.4286
      vertex -0.952892 1.47629 12.4286
    endloop
  endfacet
  facet normal 0.705668 0.0660648 -0.705456
    outer loop
      vertex -0.758247 1.2 12.7846
      vertex -0.857219 1.121 12.6782
      vertex -0.864615 1.2 12.6782
    endloop
  endfacet
  facet normal 0.705668 -0.0660648 -0.705456
    outer loop
      vertex -0.857219 1.279 12.6782
      vertex -0.758247 1.2 12.7846
      vertex -0.864615 1.2 12.6782
    endloop
  endfacet
  facet normal 0.727482 -0.352807 -0.588471
    outer loop
      vertex -0.883404 1.45614 12.5589
      vertex -0.835155 1.35664 12.6782
      vertex -0.923608 1.37324 12.5589
    endloop
  endfacet
  facet normal 0.653037 -0.316675 -0.687939
    outer loop
      vertex -0.7988 1.43161 12.6782
      vertex -0.700529 1.40312 12.7846
      vertex -0.835155 1.35664 12.6782
    endloop
  endfacet
  facet normal 0.6703 -0.472189 -0.572482
    outer loop
      vertex -0.828084 1.53467 12.5589
      vertex -0.748778 1.50261 12.6782
      vertex -0.883404 1.45614 12.5589
    endloop
  endfacet
  facet normal 0.723821 -0.509891 -0.464859
    outer loop
      vertex -0.828084 1.53467 12.5589
      vertex -0.883404 1.45614 12.5589
      vertex -0.952892 1.47629 12.4286
    endloop
  endfacet
  facet normal 0.653022 0.316702 -0.687941
    outer loop
      vertex -0.700529 0.996881 12.7846
      vertex -0.7988 0.968388 12.6782
      vertex -0.835155 1.04335 12.6782
    endloop
  endfacet
  facet normal 0.727487 0.352816 -0.588459
    outer loop
      vertex -0.835155 1.04335 12.6782
      vertex -0.7988 0.968388 12.6782
      vertex -0.883404 0.943857 12.5589
    endloop
  endfacet
  facet normal 0.356755 -0.446982 -0.820325
    outer loop
      vertex -0.451775 1.51624 12.8762
      vertex -0.403524 1.41674 12.9514
      vertex -0.506878 1.47226 12.8762
    endloop
  endfacet
  facet normal 0.438051 -0.308597 -0.844322
    outer loop
      vertex -0.440488 1.37802 12.9514
      vertex -0.469914 1.33625 12.9514
      vertex -0.553308 1.42362 12.8762
    endloop
  endfacet
  facet normal 0.311646 -0.297503 -0.902424
    outer loop
      vertex -0.293267 1.35752 13.009
      vertex -0.32013 1.32938 13.009
      vertex -0.440488 1.37802 12.9514
    endloop
  endfacet
  facet normal 0.308227 -0.502045 -0.808051
    outer loop
      vertex -0.309635 1.48247 12.9514
      vertex -0.359656 1.45176 12.9514
      vertex -0.451775 1.51624 12.8762
    endloop
  endfacet
  facet normal 0.382631 0.0358341 -0.923206
    outer loop
      vertex -0.366492 1.16622 13.009
      vertex -0.50428 1.15353 12.9514
      vertex -0.508632 1.2 12.9514
    endloop
  endfacet
  facet normal 0.382629 -0.0358339 -0.923207
    outer loop
      vertex -0.50428 1.24647 12.9514
      vertex -0.366492 1.23377 13.009
      vertex -0.508632 1.2 12.9514
    endloop
  endfacet
  facet normal 0.338983 -0.238806 -0.909979
    outer loop
      vertex -0.440488 1.37802 12.9514
      vertex -0.32013 1.32938 13.009
      vertex -0.469914 1.33625 12.9514
    endloop
  endfacet
  facet normal 0.338985 -0.238786 -0.909984
    outer loop
      vertex -0.32013 1.32938 13.009
      vertex -0.341516 1.29902 13.009
      vertex -0.469914 1.33625 12.9514
    endloop
  endfacet
  facet normal 0.0489143 -0.351474 -0.934919
    outer loop
      vertex -0.0482492 1.45654 13.009
      vertex -0.0580664 1.3517 13.0479
      vertex -0.0956736 1.44994 13.009
    endloop
  endfacet
  facet normal -0.0234359 -0.509352 -0.860239
    outer loop
      vertex 0 1.55604 12.9514
      vertex 0.0482492 1.45654 13.009
      vertex 0 1.45876 13.009
    endloop
  endfacet
  facet normal 0.160073 -0.463721 -0.871401
    outer loop
      vertex -0.14146 1.43906 13.009
      vertex -0.184827 1.42409 13.009
      vertex -0.194645 1.52894 12.9514
    endloop
  endfacet
  facet normal 0.11152 -0.323066 -0.939783
    outer loop
      vertex -0.14146 1.43906 13.009
      vertex -0.112177 1.33601 13.0479
      vertex -0.184827 1.42409 13.009
    endloop
  endfacet
  facet normal 0.0488442 -0.35147 -0.934924
    outer loop
      vertex -0.0482492 1.45654 13.009
      vertex -0.0292835 1.3557 13.0479
      vertex -0.0580664 1.3517 13.0479
    endloop
  endfacet
  facet normal 0.0164656 -0.357163 -0.933897
    outer loop
      vertex 0 1.35705 13.0479
      vertex -0.0292835 1.3557 13.0479
      vertex -0.0482492 1.45654 13.009
    endloop
  endfacet
  facet normal 0.127764 -0.917312 -0.377114
    outer loop
      vertex -0.134624 1.91581 12.4286
      vertex -0.124807 1.86361 12.5589
      vertex -0.266947 1.89738 12.4286
    endloop
  endfacet
  facet normal 0.0424546 -0.926335 -0.374301
    outer loop
      vertex 0 1.86933 12.5589
      vertex -0.124807 1.86361 12.5589
      vertex -0.134624 1.91581 12.4286
    endloop
  endfacet
  facet normal -0.262824 -0.761301 -0.592743
    outer loop
      vertex 0.330873 1.75916 12.6782
      vertex 0.379124 1.65966 12.7846
      vertex 0.290169 1.69037 12.7846
    endloop
  endfacet
  facet normal -0.337176 -0.720943 -0.605437
    outer loop
      vertex 0.432307 1.72414 12.6782
      vertex 0.526344 1.68016 12.6782
      vertex 0.379124 1.65966 12.7846
    endloop
  endfacet
  facet normal -0.201315 -0.583277 -0.786931
    outer loop
      vertex 0.244498 1.61319 12.8762
      vertex 0.319452 1.58732 12.8762
      vertex 0.194645 1.52894 12.9514
    endloop
  endfacet
  facet normal -0.144862 -0.609791 -0.779211
    outer loop
      vertex 0.244498 1.61319 12.8762
      vertex 0.194645 1.52894 12.9514
      vertex 0.16536 1.63199 12.8762
    endloop
  endfacet
  facet normal -0.0856597 -0.139559 -0.986502
    outer loop
      vertex 0.136578 1.32459 13.0479
      vertex 0.0531836 1.23723 13.0675
      vertex 0.0457869 1.24177 13.0675
    endloop
  endfacet
  facet normal -0.0721344 -0.154129 -0.985414
    outer loop
      vertex 0.112177 1.33601 13.0479
      vertex 0.136578 1.32459 13.0479
      vertex 0.0457869 1.24177 13.0675
    endloop
  endfacet
  facet normal 0.262824 -0.761301 -0.592743
    outer loop
      vertex -0.330873 1.75916 12.6782
      vertex -0.290169 1.69037 12.7846
      vertex -0.379124 1.65966 12.7846
    endloop
  endfacet
  facet normal 0.262838 -0.761301 -0.592737
    outer loop
      vertex -0.330873 1.75916 12.6782
      vertex -0.379124 1.65966 12.7846
      vertex -0.432307 1.72414 12.6782
    endloop
  endfacet
  facet normal 0.144862 -0.609791 -0.779211
    outer loop
      vertex -0.16536 1.63199 12.8762
      vertex -0.194645 1.52894 12.9514
      vertex -0.244498 1.61319 12.8762
    endloop
  endfacet
  facet normal 0.144894 -0.609794 -0.779203
    outer loop
      vertex -0.16536 1.63199 12.8762
      vertex -0.131643 1.54391 12.9514
      vertex -0.194645 1.52894 12.9514
    endloop
  endfacet
  facet normal -0.121232 -0.870957 -0.476169
    outer loop
      vertex 0.124807 1.86361 12.5589
      vertex 0.223779 1.78461 12.6782
      vertex 0.112855 1.80005 12.6782
    endloop
  endfacet
  facet normal -0.0403383 -0.880157 -0.472966
    outer loop
      vertex 0.124807 1.86361 12.5589
      vertex 0.112855 1.80005 12.6782
      vertex 0 1.86933 12.5589
    endloop
  endfacet
  facet normal 0.121232 -0.870957 -0.476169
    outer loop
      vertex -0.124807 1.86361 12.5589
      vertex -0.112855 1.80005 12.6782
      vertex -0.223779 1.78461 12.6782
    endloop
  endfacet
  facet normal 0.11267 -0.809441 -0.576291
    outer loop
      vertex -0.112855 1.80005 12.6782
      vertex -0.0989704 1.72623 12.7846
      vertex -0.223779 1.78461 12.6782
    endloop
  endfacet
  facet normal -0.20251 -0.852165 -0.482498
    outer loop
      vertex 0.365917 1.81838 12.5589
      vertex 0.330873 1.75916 12.6782
      vertex 0.223779 1.78461 12.6782
    endloop
  endfacet
  facet normal -0.300291 -0.869983 -0.391094
    outer loop
      vertex 0.394701 1.86702 12.4286
      vertex 0.478094 1.77966 12.5589
      vertex 0.365917 1.81838 12.5589
    endloop
  endfacet
  facet normal 0.837528 -0.237966 -0.491852
    outer loop
      vertex -0.923608 1.37324 12.5589
      vertex -0.948009 1.28736 12.5589
      vertex -0.996259 1.38686 12.4286
    endloop
  endfacet
  facet normal 0.653037 -0.316646 -0.687952
    outer loop
      vertex -0.700529 1.40312 12.7846
      vertex -0.73241 1.33737 12.7846
      vertex -0.835155 1.35664 12.6782
    endloop
  endfacet
  facet normal 0.424104 -0.531364 -0.733341
    outer loop
      vertex -0.451775 1.51624 12.8762
      vertex -0.506878 1.47226 12.8762
      vertex -0.601558 1.52311 12.7846
    endloop
  endfacet
  facet normal 0.479123 -0.4574 -0.74915
    outer loop
      vertex -0.601558 1.52311 12.7846
      vertex -0.506878 1.47226 12.8762
      vertex -0.656661 1.46539 12.7846
    endloop
  endfacet
  facet normal 0.253817 -0.0721144 -0.96456
    outer loop
      vertex -0.216709 1.24065 13.0479
      vertex -0.222434 1.2205 13.0479
      vertex -0.366492 1.23377 13.009
    endloop
  endfacet
  facet normal 0.253817 -0.0721163 -0.96456
    outer loop
      vertex -0.357059 1.26697 13.009
      vertex -0.216709 1.24065 13.0479
      vertex -0.366492 1.23377 13.009
    endloop
  endfacet
  facet normal 0.375115 -0.106581 -0.920831
    outer loop
      vertex -0.491301 1.29215 12.9514
      vertex -0.357059 1.26697 13.009
      vertex -0.50428 1.24647 12.9514
    endloop
  endfacet
  facet normal 0.360375 -0.17477 -0.916289
    outer loop
      vertex -0.469914 1.33625 12.9514
      vertex -0.357059 1.26697 13.009
      vertex -0.491301 1.29215 12.9514
    endloop
  endfacet
  facet normal -0.029121 -0.635959 -0.771173
    outer loop
      vertex 0.0833931 1.64341 12.8762
      vertex 0.0663891 1.553 12.9514
      vertex 0 1.55604 12.9514
    endloop
  endfacet
  facet normal -0.0233217 -0.509312 -0.860266
    outer loop
      vertex 0.0663891 1.553 12.9514
      vertex 0.0482492 1.45654 13.009
      vertex 0 1.55604 12.9514
    endloop
  endfacet
  facet normal 0.0439736 -0.959465 -0.278376
    outer loop
      vertex 0 1.96228 12.2897
      vertex 0 1.92198 12.4286
      vertex -0.134624 1.91581 12.4286
    endloop
  endfacet
  facet normal 0.0424552 -0.926335 -0.374302
    outer loop
      vertex 0 1.92198 12.4286
      vertex 0 1.86933 12.5589
      vertex -0.134624 1.91581 12.4286
    endloop
  endfacet
  facet normal -0.0978148 -0.122491 -0.987638
    outer loop
      vertex 0.158642 1.31105 13.0479
      vertex 0.0596704 1.23205 13.0675
      vertex 0.0531836 1.23723 13.0675
    endloop
  endfacet
  facet normal 0.168826 -0.71067 -0.682969
    outer loop
      vertex -0.16536 1.63199 12.8762
      vertex -0.244498 1.61319 12.8762
      vertex -0.290169 1.69037 12.7846
    endloop
  endfacet
  facet normal 0.168877 -0.710621 -0.683007
    outer loop
      vertex -0.196248 1.71269 12.7846
      vertex -0.16536 1.63199 12.8762
      vertex -0.290169 1.69037 12.7846
    endloop
  endfacet
  facet normal -0.262838 -0.761301 -0.592737
    outer loop
      vertex 0.432307 1.72414 12.6782
      vertex 0.379124 1.65966 12.7846
      vertex 0.330873 1.75916 12.6782
    endloop
  endfacet
  facet normal -0.284113 -0.822922 -0.492015
    outer loop
      vertex 0.478094 1.77966 12.5589
      vertex 0.432307 1.72414 12.6782
      vertex 0.330873 1.75916 12.6782
    endloop
  endfacet
  facet normal 0.769085 -0.218519 -0.600631
    outer loop
      vertex -0.923608 1.37324 12.5589
      vertex -0.835155 1.35664 12.6782
      vertex -0.948009 1.28736 12.5589
    endloop
  endfacet
  facet normal 0.769089 -0.218562 -0.60061
    outer loop
      vertex -0.835155 1.35664 12.6782
      vertex -0.857219 1.279 12.6782
      vertex -0.948009 1.28736 12.5589
    endloop
  endfacet
  facet normal 0.258537 -0.0242153 -0.965698
    outer loop
      vertex -0.366492 1.23377 13.009
      vertex -0.224354 1.2 13.0479
      vertex -0.369655 1.2 13.009
    endloop
  endfacet
  facet normal 0.382629 -0.0358382 -0.923207
    outer loop
      vertex -0.366492 1.23377 13.009
      vertex -0.369655 1.2 13.009
      vertex -0.508632 1.2 12.9514
    endloop
  endfacet
  facet normal 0.400499 -0.382336 -0.832719
    outer loop
      vertex -0.403524 1.41674 12.9514
      vertex -0.440488 1.37802 12.9514
      vertex -0.506878 1.47226 12.8762
    endloop
  endfacet
  facet normal 0.400518 -0.38232 -0.832716
    outer loop
      vertex -0.506878 1.47226 12.8762
      vertex -0.440488 1.37802 12.9514
      vertex -0.553308 1.42362 12.8762
    endloop
  endfacet
  facet normal 0.467905 -0.226883 -0.85416
    outer loop
      vertex -0.590272 1.37115 12.8762
      vertex -0.491301 1.29215 12.9514
      vertex -0.617135 1.31575 12.8762
    endloop
  endfacet
  facet normal 0.488695 -0.138882 -0.86133
    outer loop
      vertex -0.617135 1.31575 12.8762
      vertex -0.491301 1.29215 12.9514
      vertex -0.633439 1.25838 12.8762
    endloop
  endfacet
  facet normal 0.279264 -0.349822 -0.894224
    outer loop
      vertex -0.359656 1.45176 12.9514
      vertex -0.293267 1.35752 13.009
      vertex -0.403524 1.41674 12.9514
    endloop
  endfacet
  facet normal 0.356804 -0.446953 -0.820319
    outer loop
      vertex -0.359656 1.45176 12.9514
      vertex -0.403524 1.41674 12.9514
      vertex -0.451775 1.51624 12.8762
    endloop
  endfacet
  facet normal -0.99786 -0.0653866 0
    outer loop
      vertex 1.7 0 -4
      vertex 1.68546 0.221894 1
      vertex 1.68546 0.221894 -4
    endloop
  endfacet
  facet normal -0.99786 -0.0653866 0
    outer loop
      vertex 1.68546 0.221894 1
      vertex 1.7 0 -4
      vertex 1.7 0 1
    endloop
  endfacet
  facet normal 0.99786 -0.0653866 0
    outer loop
      vertex -1.7 0 1
      vertex -1.68546 0.221894 -4
      vertex -1.68546 0.221894 1
    endloop
  endfacet
  facet normal 0.99786 -0.0653866 0
    outer loop
      vertex -1.68546 0.221894 -4
      vertex -1.7 0 1
      vertex -1.7 0 -4
    endloop
  endfacet
  facet normal -0.0653866 -0.99786 0
    outer loop
      vertex 0 1.7 -4
      vertex 0.221894 1.68546 1
      vertex 0 1.7 1
    endloop
  endfacet
  facet normal -0.0653866 -0.99786 -0
    outer loop
      vertex 0.221894 1.68546 1
      vertex 0 1.7 -4
      vertex 0.221894 1.68546 -4
    endloop
  endfacet
  facet normal -0.659342 -0.751844 0
    outer loop
      vertex 1.03489 1.3487 -4
      vertex 1.20208 1.20208 1
      vertex 1.03489 1.3487 1
    endloop
  endfacet
  facet normal -0.659342 -0.751844 -0
    outer loop
      vertex 1.20208 1.20208 1
      vertex 1.03489 1.3487 -4
      vertex 1.20208 1.20208 -4
    endloop
  endfacet
  facet normal 0.659342 -0.751844 0
    outer loop
      vertex -1.20208 1.20208 -4
      vertex -1.03489 1.3487 1
      vertex -1.20208 1.20208 1
    endloop
  endfacet
  facet normal 0.659342 -0.751844 0
    outer loop
      vertex -1.03489 1.3487 1
      vertex -1.20208 1.20208 -4
      vertex -1.03489 1.3487 -4
    endloop
  endfacet
  facet normal 0.321445 -0.946928 0
    outer loop
      vertex -0.650561 1.57059 -4
      vertex -0.439992 1.64207 1
      vertex -0.650561 1.57059 1
    endloop
  endfacet
  facet normal 0.321445 -0.946928 0
    outer loop
      vertex -0.439992 1.64207 1
      vertex -0.650561 1.57059 -4
      vertex -0.439992 1.64207 -4
    endloop
  endfacet
  facet normal -0.896876 -0.442282 0
    outer loop
      vertex 1.57059 0.650561 -4
      vertex 1.47224 0.849999 1
      vertex 1.47224 0.849999 -4
    endloop
  endfacet
  facet normal -0.896876 -0.442282 0
    outer loop
      vertex 1.47224 0.849999 1
      vertex 1.57059 0.650561 -4
      vertex 1.57059 0.650561 1
    endloop
  endfacet
  facet normal -0.980779 -0.195123 0
    outer loop
      vertex 1.68546 0.221894 -4
      vertex 1.64207 0.439992 1
      vertex 1.64207 0.439992 -4
    endloop
  endfacet
  facet normal -0.980779 -0.195123 0
    outer loop
      vertex 1.64207 0.439992 1
      vertex 1.68546 0.221894 -4
      vertex 1.68546 0.221894 1
    endloop
  endfacet
  facet normal -0.83147 -0.55557 0
    outer loop
      vertex 1.47224 0.849999 -4
      vertex 1.3487 1.03489 1
      vertex 1.3487 1.03489 -4
    endloop
  endfacet
  facet normal -0.83147 -0.55557 0
    outer loop
      vertex 1.3487 1.03489 1
      vertex 1.47224 0.849999 -4
      vertex 1.47224 0.849999 1
    endloop
  endfacet
  facet normal -0.321445 -0.946928 0
    outer loop
      vertex 0.439992 1.64207 -4
      vertex 0.650561 1.57059 1
      vertex 0.439992 1.64207 1
    endloop
  endfacet
  facet normal -0.321445 -0.946928 -0
    outer loop
      vertex 0.650561 1.57059 1
      vertex 0.439992 1.64207 -4
      vertex 0.650561 1.57059 -4
    endloop
  endfacet
  facet normal -0.195123 -0.980779 0
    outer loop
      vertex 0.221894 1.68546 -4
      vertex 0.439992 1.64207 1
      vertex 0.221894 1.68546 1
    endloop
  endfacet
  facet normal -0.195123 -0.980779 -0
    outer loop
      vertex 0.439992 1.64207 1
      vertex 0.221894 1.68546 -4
      vertex 0.439992 1.64207 -4
    endloop
  endfacet
  facet normal -0.442282 -0.896876 0
    outer loop
      vertex 0.650561 1.57059 -4
      vertex 0.849999 1.47224 1
      vertex 0.650561 1.57059 1
    endloop
  endfacet
  facet normal -0.442282 -0.896876 -0
    outer loop
      vertex 0.849999 1.47224 1
      vertex 0.650561 1.57059 -4
      vertex 0.849999 1.47224 -4
    endloop
  endfacet
  facet normal 0.83147 -0.55557 0
    outer loop
      vertex -1.47224 0.849999 1
      vertex -1.3487 1.03489 -4
      vertex -1.3487 1.03489 1
    endloop
  endfacet
  facet normal 0.83147 -0.55557 0
    outer loop
      vertex -1.3487 1.03489 -4
      vertex -1.47224 0.849999 1
      vertex -1.47224 0.849999 -4
    endloop
  endfacet
  facet normal 0.751844 -0.659342 0
    outer loop
      vertex -1.3487 1.03489 1
      vertex -1.20208 1.20208 -4
      vertex -1.20208 1.20208 1
    endloop
  endfacet
  facet normal 0.751844 -0.659342 0
    outer loop
      vertex -1.20208 1.20208 -4
      vertex -1.3487 1.03489 1
      vertex -1.3487 1.03489 -4
    endloop
  endfacet
  facet normal 0.946928 -0.321445 0
    outer loop
      vertex -1.64207 0.439992 1
      vertex -1.57059 0.650561 -4
      vertex -1.57059 0.650561 1
    endloop
  endfacet
  facet normal 0.946928 -0.321445 0
    outer loop
      vertex -1.57059 0.650561 -4
      vertex -1.64207 0.439992 1
      vertex -1.64207 0.439992 -4
    endloop
  endfacet
  facet normal 0.55557 -0.83147 0
    outer loop
      vertex -1.03489 1.3487 -4
      vertex -0.849999 1.47224 1
      vertex -1.03489 1.3487 1
    endloop
  endfacet
  facet normal 0.55557 -0.83147 0
    outer loop
      vertex -0.849999 1.47224 1
      vertex -1.03489 1.3487 -4
      vertex -0.849999 1.47224 -4
    endloop
  endfacet
  facet normal 0.195123 -0.980779 0
    outer loop
      vertex -0.439992 1.64207 -4
      vertex -0.221894 1.68546 1
      vertex -0.439992 1.64207 1
    endloop
  endfacet
  facet normal 0.195123 -0.980779 0
    outer loop
      vertex -0.221894 1.68546 1
      vertex -0.439992 1.64207 -4
      vertex -0.221894 1.68546 -4
    endloop
  endfacet
  facet normal -0.751844 0.659342 0
    outer loop
      vertex 1.20208 -1.20208 -4
      vertex 1.3487 -1.03489 1
      vertex 1.3487 -1.03489 -4
    endloop
  endfacet
  facet normal -0.751844 0.659342 0
    outer loop
      vertex 1.3487 -1.03489 1
      vertex 1.20208 -1.20208 -4
      vertex 1.20208 -1.20208 1
    endloop
  endfacet
  facet normal -0.980779 0.195123 0
    outer loop
      vertex 1.64207 -0.439992 -4
      vertex 1.68546 -0.221894 1
      vertex 1.68546 -0.221894 -4
    endloop
  endfacet
  facet normal -0.980779 0.195123 0
    outer loop
      vertex 1.68546 -0.221894 1
      vertex 1.64207 -0.439992 -4
      vertex 1.64207 -0.439992 1
    endloop
  endfacet
  facet normal 0.659342 0.751844 -0
    outer loop
      vertex -1.03489 -1.3487 -4
      vertex -1.20208 -1.20208 1
      vertex -1.03489 -1.3487 1
    endloop
  endfacet
  facet normal 0.659342 0.751844 0
    outer loop
      vertex -1.20208 -1.20208 1
      vertex -1.03489 -1.3487 -4
      vertex -1.20208 -1.20208 -4
    endloop
  endfacet
  facet normal 0.321445 0.946928 -0
    outer loop
      vertex -0.439992 -1.64207 -4
      vertex -0.650561 -1.57059 1
      vertex -0.439992 -1.64207 1
    endloop
  endfacet
  facet normal 0.321445 0.946928 0
    outer loop
      vertex -0.650561 -1.57059 1
      vertex -0.439992 -1.64207 -4
      vertex -0.650561 -1.57059 -4
    endloop
  endfacet
  facet normal 0.751844 0.659342 0
    outer loop
      vertex -1.20208 -1.20208 1
      vertex -1.3487 -1.03489 -4
      vertex -1.3487 -1.03489 1
    endloop
  endfacet
  facet normal 0.751844 0.659342 0
    outer loop
      vertex -1.3487 -1.03489 -4
      vertex -1.20208 -1.20208 1
      vertex -1.20208 -1.20208 -4
    endloop
  endfacet
  facet normal -0.946928 -0.321445 0
    outer loop
      vertex 1.64207 0.439992 -4
      vertex 1.57059 0.650561 1
      vertex 1.57059 0.650561 -4
    endloop
  endfacet
  facet normal -0.946928 -0.321445 0
    outer loop
      vertex 1.57059 0.650561 1
      vertex 1.64207 0.439992 -4
      vertex 1.64207 0.439992 1
    endloop
  endfacet
  facet normal -0.55557 -0.83147 0
    outer loop
      vertex 0.849999 1.47224 -4
      vertex 1.03489 1.3487 1
      vertex 0.849999 1.47224 1
    endloop
  endfacet
  facet normal -0.55557 -0.83147 -0
    outer loop
      vertex 1.03489 1.3487 1
      vertex 0.849999 1.47224 -4
      vertex 1.03489 1.3487 -4
    endloop
  endfacet
  facet normal 0.896876 -0.442282 0
    outer loop
      vertex -1.57059 0.650561 1
      vertex -1.47224 0.849999 -4
      vertex -1.47224 0.849999 1
    endloop
  endfacet
  facet normal 0.896876 -0.442282 0
    outer loop
      vertex -1.47224 0.849999 -4
      vertex -1.57059 0.650561 1
      vertex -1.57059 0.650561 -4
    endloop
  endfacet
  facet normal 0.980779 -0.195123 0
    outer loop
      vertex -1.68546 0.221894 1
      vertex -1.64207 0.439992 -4
      vertex -1.64207 0.439992 1
    endloop
  endfacet
  facet normal 0.980779 -0.195123 0
    outer loop
      vertex -1.64207 0.439992 -4
      vertex -1.68546 0.221894 1
      vertex -1.68546 0.221894 -4
    endloop
  endfacet
  facet normal 0.442282 -0.896876 0
    outer loop
      vertex -0.849999 1.47224 -4
      vertex -0.650561 1.57059 1
      vertex -0.849999 1.47224 1
    endloop
  endfacet
  facet normal 0.442282 -0.896876 0
    outer loop
      vertex -0.650561 1.57059 1
      vertex -0.849999 1.47224 -4
      vertex -0.650561 1.57059 -4
    endloop
  endfacet
  facet normal 0.0653866 -0.99786 0
    outer loop
      vertex -0.221894 1.68546 -4
      vertex 0 1.7 1
      vertex -0.221894 1.68546 1
    endloop
  endfacet
  facet normal 0.0653866 -0.99786 0
    outer loop
      vertex 0 1.7 1
      vertex -0.221894 1.68546 -4
      vertex 0 1.7 -4
    endloop
  endfacet
  facet normal -0.99786 0.0653866 0
    outer loop
      vertex 1.68546 -0.221894 -4
      vertex 1.7 0 1
      vertex 1.7 0 -4
    endloop
  endfacet
  facet normal -0.99786 0.0653866 0
    outer loop
      vertex 1.7 0 1
      vertex 1.68546 -0.221894 -4
      vertex 1.68546 -0.221894 1
    endloop
  endfacet
  facet normal -0.0653866 0.99786 0
    outer loop
      vertex 0.221894 -1.68546 -4
      vertex 0 -1.7 1
      vertex 0.221894 -1.68546 1
    endloop
  endfacet
  facet normal -0.0653866 0.99786 0
    outer loop
      vertex 0 -1.7 1
      vertex 0.221894 -1.68546 -4
      vertex 0 -1.7 -4
    endloop
  endfacet
  facet normal -0.321445 0.946928 0
    outer loop
      vertex 0.650561 -1.57059 -4
      vertex 0.439992 -1.64207 1
      vertex 0.650561 -1.57059 1
    endloop
  endfacet
  facet normal -0.321445 0.946928 0
    outer loop
      vertex 0.439992 -1.64207 1
      vertex 0.650561 -1.57059 -4
      vertex 0.439992 -1.64207 -4
    endloop
  endfacet
  facet normal -0.442282 0.896876 0
    outer loop
      vertex 0.849999 -1.47224 -4
      vertex 0.650561 -1.57059 1
      vertex 0.849999 -1.47224 1
    endloop
  endfacet
  facet normal -0.442282 0.896876 0
    outer loop
      vertex 0.650561 -1.57059 1
      vertex 0.849999 -1.47224 -4
      vertex 0.650561 -1.57059 -4
    endloop
  endfacet
  facet normal -0.659342 0.751844 0
    outer loop
      vertex 1.20208 -1.20208 -4
      vertex 1.03489 -1.3487 1
      vertex 1.20208 -1.20208 1
    endloop
  endfacet
  facet normal -0.659342 0.751844 0
    outer loop
      vertex 1.03489 -1.3487 1
      vertex 1.20208 -1.20208 -4
      vertex 1.03489 -1.3487 -4
    endloop
  endfacet
  facet normal -0.55557 0.83147 0
    outer loop
      vertex 1.03489 -1.3487 -4
      vertex 0.849999 -1.47224 1
      vertex 1.03489 -1.3487 1
    endloop
  endfacet
  facet normal -0.55557 0.83147 0
    outer loop
      vertex 0.849999 -1.47224 1
      vertex 1.03489 -1.3487 -4
      vertex 0.849999 -1.47224 -4
    endloop
  endfacet
  facet normal -0.946928 0.321445 0
    outer loop
      vertex 1.57059 -0.650561 -4
      vertex 1.64207 -0.439992 1
      vertex 1.64207 -0.439992 -4
    endloop
  endfacet
  facet normal -0.946928 0.321445 0
    outer loop
      vertex 1.64207 -0.439992 1
      vertex 1.57059 -0.650561 -4
      vertex 1.57059 -0.650561 1
    endloop
  endfacet
  facet normal -0.83147 0.55557 0
    outer loop
      vertex 1.3487 -1.03489 -4
      vertex 1.47224 -0.849999 1
      vertex 1.47224 -0.849999 -4
    endloop
  endfacet
  facet normal -0.83147 0.55557 0
    outer loop
      vertex 1.47224 -0.849999 1
      vertex 1.3487 -1.03489 -4
      vertex 1.3487 -1.03489 1
    endloop
  endfacet
  facet normal -0.896876 0.442282 0
    outer loop
      vertex 1.47224 -0.849999 -4
      vertex 1.57059 -0.650561 1
      vertex 1.57059 -0.650561 -4
    endloop
  endfacet
  facet normal -0.896876 0.442282 0
    outer loop
      vertex 1.57059 -0.650561 1
      vertex 1.47224 -0.849999 -4
      vertex 1.47224 -0.849999 1
    endloop
  endfacet
  facet normal 0.55557 0.83147 -0
    outer loop
      vertex -0.849999 -1.47224 -4
      vertex -1.03489 -1.3487 1
      vertex -0.849999 -1.47224 1
    endloop
  endfacet
  facet normal 0.55557 0.83147 0
    outer loop
      vertex -1.03489 -1.3487 1
      vertex -0.849999 -1.47224 -4
      vertex -1.03489 -1.3487 -4
    endloop
  endfacet
  facet normal 0.195123 0.980779 -0
    outer loop
      vertex -0.221894 -1.68546 -4
      vertex -0.439992 -1.64207 1
      vertex -0.221894 -1.68546 1
    endloop
  endfacet
  facet normal 0.195123 0.980779 0
    outer loop
      vertex -0.439992 -1.64207 1
      vertex -0.221894 -1.68546 -4
      vertex -0.439992 -1.64207 -4
    endloop
  endfacet
  facet normal 0.896876 0.442282 0
    outer loop
      vertex -1.47224 -0.849999 1
      vertex -1.57059 -0.650561 -4
      vertex -1.57059 -0.650561 1
    endloop
  endfacet
  facet normal 0.896876 0.442282 0
    outer loop
      vertex -1.57059 -0.650561 -4
      vertex -1.47224 -0.849999 1
      vertex -1.47224 -0.849999 -4
    endloop
  endfacet
  facet normal 0.946928 0.321445 0
    outer loop
      vertex -1.57059 -0.650561 1
      vertex -1.64207 -0.439992 -4
      vertex -1.64207 -0.439992 1
    endloop
  endfacet
  facet normal 0.946928 0.321445 0
    outer loop
      vertex -1.64207 -0.439992 -4
      vertex -1.57059 -0.650561 1
      vertex -1.57059 -0.650561 -4
    endloop
  endfacet
  facet normal 0.99786 0.0653866 0
    outer loop
      vertex -1.68546 -0.221894 1
      vertex -1.7 0 -4
      vertex -1.7 0 1
    endloop
  endfacet
  facet normal 0.99786 0.0653866 0
    outer loop
      vertex -1.7 0 -4
      vertex -1.68546 -0.221894 1
      vertex -1.68546 -0.221894 -4
    endloop
  endfacet
  facet normal -0.751844 -0.659342 0
    outer loop
      vertex 1.3487 1.03489 -4
      vertex 1.20208 1.20208 1
      vertex 1.20208 1.20208 -4
    endloop
  endfacet
  facet normal -0.751844 -0.659342 0
    outer loop
      vertex 1.20208 1.20208 1
      vertex 1.3487 1.03489 -4
      vertex 1.3487 1.03489 1
    endloop
  endfacet
  facet normal -0.195123 0.980779 0
    outer loop
      vertex 0.439992 -1.64207 -4
      vertex 0.221894 -1.68546 1
      vertex 0.439992 -1.64207 1
    endloop
  endfacet
  facet normal -0.195123 0.980779 0
    outer loop
      vertex 0.221894 -1.68546 1
      vertex 0.439992 -1.64207 -4
      vertex 0.221894 -1.68546 -4
    endloop
  endfacet
  facet normal 0.442282 0.896876 -0
    outer loop
      vertex -0.650561 -1.57059 -4
      vertex -0.849999 -1.47224 1
      vertex -0.650561 -1.57059 1
    endloop
  endfacet
  facet normal 0.442282 0.896876 0
    outer loop
      vertex -0.849999 -1.47224 1
      vertex -0.650561 -1.57059 -4
      vertex -0.849999 -1.47224 -4
    endloop
  endfacet
  facet normal 0.0653866 0.99786 -0
    outer loop
      vertex 0 -1.7 -4
      vertex -0.221894 -1.68546 1
      vertex 0 -1.7 1
    endloop
  endfacet
  facet normal 0.0653866 0.99786 0
    outer loop
      vertex -0.221894 -1.68546 1
      vertex 0 -1.7 -4
      vertex -0.221894 -1.68546 -4
    endloop
  endfacet
  facet normal 0.83147 0.55557 0
    outer loop
      vertex -1.3487 -1.03489 1
      vertex -1.47224 -0.849999 -4
      vertex -1.47224 -0.849999 1
    endloop
  endfacet
  facet normal 0.83147 0.55557 0
    outer loop
      vertex -1.47224 -0.849999 -4
      vertex -1.3487 -1.03489 1
      vertex -1.3487 -1.03489 -4
    endloop
  endfacet
  facet normal 0.980779 0.195123 0
    outer loop
      vertex -1.64207 -0.439992 1
      vertex -1.68546 -0.221894 -4
      vertex -1.68546 -0.221894 1
    endloop
  endfacet
  facet normal 0.980779 0.195123 0
    outer loop
      vertex -1.68546 -0.221894 -4
      vertex -1.64207 -0.439992 1
      vertex -1.64207 -0.439992 -4
    endloop
  endfacet
endsolid OpenSCAD_Model
