solid OpenSCAD_Model
  facet normal -1 0 0
    outer loop
      vertex -19.7 0.300003 0
      vertex -19.7 85.7 2
      vertex -19.7 85.7 0
    endloop
  endfacet
  facet normal -1 -0 0
    outer loop
      vertex -19.7 85.7 2
      vertex -19.7 0.300003 0
      vertex -19.7 0.300003 2
    endloop
  endfacet
  facet normal 1 -0 0
    outer loop
      vertex 19.7 0.300003 2
      vertex 19.7 85.7 0
      vertex 19.7 85.7 2
    endloop
  endfacet
  facet normal 1 0 0
    outer loop
      vertex 19.7 85.7 0
      vertex 19.7 0.300003 2
      vertex 19.7 0.300003 0
    endloop
  endfacet
  facet normal 0 0 -1
    outer loop
      vertex -15.6027 12.0969 0
      vertex 15.7612 12.3342 0
      vertex -15.602 12.0958 0
    endloop
  endfacet
  facet normal 0 0 -1
    outer loop
      vertex 16.4042 80.102 0
      vertex -15.3084 81.9987 0
      vertex -15.3083 82 0
    endloop
  endfacet
  facet normal 0 0 -1
    outer loop
      vertex -15.7612 12.3342 0
      vertex 15.7612 12.3342 0
      vertex -15.6027 12.0969 0
    endloop
  endfacet
  facet normal 0 0 -1
    outer loop
      vertex 16.4042 80.102 0
      vertex -15.3271 81.7139 0
      vertex -15.3084 81.9987 0
    endloop
  endfacet
  facet normal 0 0 -1
    outer loop
      vertex 15.7612 12.3342 0
      vertex -15.7612 12.3342 0
      vertex 15.9494 12.5488 0
    endloop
  endfacet
  facet normal 0 0 -1
    outer loop
      vertex 16.4042 80.102 0
      vertex -15.3828 81.434 0
      vertex -15.3271 81.7139 0
    endloop
  endfacet
  facet normal -0 0 -1
    outer loop
      vertex 15.9494 12.5488 0
      vertex -15.7612 12.3342 0
      vertex 15.9503 12.5497 0
    endloop
  endfacet
  facet normal 0 0 -1
    outer loop
      vertex 16.4042 80.102 0
      vertex -15.383 81.4328 0
      vertex -15.3828 81.434 0
    endloop
  endfacet
  facet normal 0 0 -1
    outer loop
      vertex -15.9494 12.5488 0
      vertex 15.9503 12.5497 0
      vertex -15.7612 12.3342 0
    endloop
  endfacet
  facet normal 0 0 -1
    outer loop
      vertex 16.4042 80.102 0
      vertex -15.3834 81.4315 0
      vertex -15.383 81.4328 0
    endloop
  endfacet
  facet normal 0 0 -1
    outer loop
      vertex -15.9503 12.5497 0
      vertex 15.9503 12.5497 0
      vertex -15.9494 12.5488 0
    endloop
  endfacet
  facet normal 0 0 -1
    outer loop
      vertex 16.4042 80.102 0
      vertex -15.4752 81.1613 0
      vertex -15.3834 81.4315 0
    endloop
  endfacet
  facet normal 0 0 -1
    outer loop
      vertex 15.9503 12.5497 0
      vertex -15.9503 12.5497 0
      vertex 15.9512 12.5506 0
    endloop
  endfacet
  facet normal 0 0 -1
    outer loop
      vertex 16.4042 80.102 0
      vertex -15.4757 81.1601 0
      vertex -15.4752 81.1613 0
    endloop
  endfacet
  facet normal -0 0 -1
    outer loop
      vertex 15.9512 12.5506 0
      vertex -15.9503 12.5497 0
      vertex 16.1658 12.7388 0
    endloop
  endfacet
  facet normal 0 0 -1
    outer loop
      vertex 16.4042 80.102 0
      vertex -15.602 80.9042 0
      vertex -15.4757 81.1601 0
    endloop
  endfacet
  facet normal 0 0 -1
    outer loop
      vertex -15.9512 12.5506 0
      vertex 16.1658 12.7388 0
      vertex -15.9503 12.5497 0
    endloop
  endfacet
  facet normal 0 0 -1
    outer loop
      vertex 16.4042 80.102 0
      vertex -15.6027 80.9031 0
      vertex -15.602 80.9042 0
    endloop
  endfacet
  facet normal 0 0 -1
    outer loop
      vertex -16.1658 12.7388 0
      vertex 16.1658 12.7388 0
      vertex -15.9512 12.5506 0
    endloop
  endfacet
  facet normal 0 0 -1
    outer loop
      vertex 16.4042 80.102 0
      vertex -15.7612 80.6658 0
      vertex -15.6027 80.9031 0
    endloop
  endfacet
  facet normal 0 0 -1
    outer loop
      vertex 16.1658 12.7388 0
      vertex -16.1658 12.7388 0
      vertex 16.4031 12.8973 0
    endloop
  endfacet
  facet normal 0 0 -1
    outer loop
      vertex 16.4042 80.102 0
      vertex -15.9494 80.4512 0
      vertex -15.7612 80.6658 0
    endloop
  endfacet
  facet normal -0 0 -1
    outer loop
      vertex 16.4031 12.8973 0
      vertex -16.1658 12.7388 0
      vertex 16.4042 12.898 0
    endloop
  endfacet
  facet normal 0 0 -1
    outer loop
      vertex 16.4042 80.102 0
      vertex -15.9503 80.4503 0
      vertex -15.9494 80.4512 0
    endloop
  endfacet
  facet normal 0 0 -1
    outer loop
      vertex -16.4031 12.8973 0
      vertex 16.4042 12.898 0
      vertex -16.1658 12.7388 0
    endloop
  endfacet
  facet normal 0 0 -1
    outer loop
      vertex 16.4042 80.102 0
      vertex -15.9512 80.4494 0
      vertex -15.9503 80.4503 0
    endloop
  endfacet
  facet normal 0 0 -1
    outer loop
      vertex -16.4042 12.898 0
      vertex 16.4042 12.898 0
      vertex -16.4031 12.8973 0
    endloop
  endfacet
  facet normal 0 0 -1
    outer loop
      vertex 16.4042 80.102 0
      vertex -16.1658 80.2612 0
      vertex -15.9512 80.4494 0
    endloop
  endfacet
  facet normal 0 0 -1
    outer loop
      vertex 16.4042 12.898 0
      vertex -16.4042 12.898 0
      vertex 16.4042 80.102 0
    endloop
  endfacet
  facet normal 0 0 -1
    outer loop
      vertex 16.4042 80.102 0
      vertex -16.4031 80.1027 0
      vertex -16.1658 80.2612 0
    endloop
  endfacet
  facet normal 0 0 -1
    outer loop
      vertex -16.4042 80.102 0
      vertex 16.4042 80.102 0
      vertex -16.4042 12.898 0
    endloop
  endfacet
  facet normal 0 0 -1
    outer loop
      vertex 16.4042 80.102 0
      vertex -16.4042 80.102 0
      vertex -16.4031 80.1027 0
    endloop
  endfacet
  facet normal 0 0 -1
    outer loop
      vertex -16.6601 13.0243 0
      vertex -16.4042 80.102 0
      vertex -16.4042 12.898 0
    endloop
  endfacet
  facet normal 0 0 -1
    outer loop
      vertex -16.6601 13.0243 0
      vertex -16.6601 79.9757 0
      vertex -16.4042 80.102 0
    endloop
  endfacet
  facet normal 0 0 -1
    outer loop
      vertex -16.6613 13.0248 0
      vertex -16.6601 79.9757 0
      vertex -16.6601 13.0243 0
    endloop
  endfacet
  facet normal 0 0 -1
    outer loop
      vertex -16.6613 13.0248 0
      vertex -16.6613 79.9752 0
      vertex -16.6601 79.9757 0
    endloop
  endfacet
  facet normal 0 0 -1
    outer loop
      vertex -16.9315 13.1166 0
      vertex -16.6613 79.9752 0
      vertex -16.6613 13.0248 0
    endloop
  endfacet
  facet normal 0 0 -1
    outer loop
      vertex -16.9315 13.1166 0
      vertex -16.9315 79.8834 0
      vertex -16.6613 79.9752 0
    endloop
  endfacet
  facet normal 0 0 -1
    outer loop
      vertex -16.9328 13.117 0
      vertex -16.9315 79.8834 0
      vertex -16.9315 13.1166 0
    endloop
  endfacet
  facet normal 0 0 -1
    outer loop
      vertex -16.9328 13.117 0
      vertex -16.9328 79.883 0
      vertex -16.9315 79.8834 0
    endloop
  endfacet
  facet normal 0 0 -1
    outer loop
      vertex -16.934 13.1172 0
      vertex -16.9328 79.883 0
      vertex -16.9328 13.117 0
    endloop
  endfacet
  facet normal 0 0 -1
    outer loop
      vertex -16.934 13.1172 0
      vertex -16.934 79.8828 0
      vertex -16.9328 79.883 0
    endloop
  endfacet
  facet normal 0 0 -1
    outer loop
      vertex -17.2139 13.1729 0
      vertex -16.934 79.8828 0
      vertex -16.934 13.1172 0
    endloop
  endfacet
  facet normal 0 0 -1
    outer loop
      vertex -17.2139 13.1729 0
      vertex -17.2139 79.8271 0
      vertex -16.934 79.8828 0
    endloop
  endfacet
  facet normal 0 0 -1
    outer loop
      vertex -17.4987 13.1916 0
      vertex -17.2139 79.8271 0
      vertex -17.2139 13.1729 0
    endloop
  endfacet
  facet normal 0 0 -1
    outer loop
      vertex -17.4987 13.1916 0
      vertex -17.4987 79.8084 0
      vertex -17.2139 79.8271 0
    endloop
  endfacet
  facet normal 0 0 -1
    outer loop
      vertex -17.5 13.1917 0
      vertex -17.4987 79.8084 0
      vertex -17.4987 13.1916 0
    endloop
  endfacet
  facet normal 0 0 -1
    outer loop
      vertex -17.5 13.1917 0
      vertex -17.5 79.8083 0
      vertex -17.4987 79.8084 0
    endloop
  endfacet
  facet normal 0 0 -1
    outer loop
      vertex -17.5013 13.1916 0
      vertex -17.5 79.8083 0
      vertex -17.5 13.1917 0
    endloop
  endfacet
  facet normal 0 0 -1
    outer loop
      vertex -17.5013 13.1916 0
      vertex -17.5013 79.8084 0
      vertex -17.5 79.8083 0
    endloop
  endfacet
  facet normal 0 0 -1
    outer loop
      vertex -17.7861 13.1729 0
      vertex -17.5013 79.8084 0
      vertex -17.5013 13.1916 0
    endloop
  endfacet
  facet normal 0 0 -1
    outer loop
      vertex -17.7861 13.1729 0
      vertex -17.7861 79.8271 0
      vertex -17.5013 79.8084 0
    endloop
  endfacet
  facet normal 0 0 -1
    outer loop
      vertex -18.066 13.1172 0
      vertex -17.7861 79.8271 0
      vertex -17.7861 13.1729 0
    endloop
  endfacet
  facet normal 0 0 -1
    outer loop
      vertex -18.066 13.1172 0
      vertex -18.066 79.8828 0
      vertex -17.7861 79.8271 0
    endloop
  endfacet
  facet normal 0 0 -1
    outer loop
      vertex -18.0672 13.117 0
      vertex -18.066 79.8828 0
      vertex -18.066 13.1172 0
    endloop
  endfacet
  facet normal 0 0 -1
    outer loop
      vertex -18.0672 13.117 0
      vertex -18.0672 79.883 0
      vertex -18.066 79.8828 0
    endloop
  endfacet
  facet normal 0 0 -1
    outer loop
      vertex -18.0685 13.1166 0
      vertex -18.0672 79.883 0
      vertex -18.0672 13.117 0
    endloop
  endfacet
  facet normal 0 0 -1
    outer loop
      vertex -18.0685 13.1166 0
      vertex -18.0685 79.8834 0
      vertex -18.0672 79.883 0
    endloop
  endfacet
  facet normal 0 0 -1
    outer loop
      vertex -18.3387 13.0248 0
      vertex -18.0685 79.8834 0
      vertex -18.0685 13.1166 0
    endloop
  endfacet
  facet normal 0 0 -1
    outer loop
      vertex -18.3387 13.0248 0
      vertex -18.3387 79.9752 0
      vertex -18.0685 79.8834 0
    endloop
  endfacet
  facet normal 0 0 -1
    outer loop
      vertex -18.3399 13.0243 0
      vertex -18.3387 79.9752 0
      vertex -18.3387 13.0248 0
    endloop
  endfacet
  facet normal 0 0 -1
    outer loop
      vertex -18.3399 13.0243 0
      vertex -18.3399 79.9757 0
      vertex -18.3387 79.9752 0
    endloop
  endfacet
  facet normal 0 0 -1
    outer loop
      vertex -18.5958 12.898 0
      vertex -18.3399 79.9757 0
      vertex -18.3399 13.0243 0
    endloop
  endfacet
  facet normal 0 0 -1
    outer loop
      vertex -18.5958 12.898 0
      vertex -18.5958 80.102 0
      vertex -18.3399 79.9757 0
    endloop
  endfacet
  facet normal 0 0 -1
    outer loop
      vertex -18.5969 12.8973 0
      vertex -18.5958 80.102 0
      vertex -18.5958 12.898 0
    endloop
  endfacet
  facet normal 0 0 -1
    outer loop
      vertex -18.5969 12.8973 0
      vertex -18.5969 80.1027 0
      vertex -18.5958 80.102 0
    endloop
  endfacet
  facet normal 0 0 -1
    outer loop
      vertex -18.8342 12.7388 0
      vertex -18.5969 80.1027 0
      vertex -18.5969 12.8973 0
    endloop
  endfacet
  facet normal 0 0 -1
    outer loop
      vertex -18.8342 12.7388 0
      vertex -18.8342 80.2612 0
      vertex -18.5969 80.1027 0
    endloop
  endfacet
  facet normal 0 0 -1
    outer loop
      vertex -19.0488 12.5506 0
      vertex -18.8342 80.2612 0
      vertex -18.8342 12.7388 0
    endloop
  endfacet
  facet normal 0 0 -1
    outer loop
      vertex -19.0488 12.5506 0
      vertex -19.0488 80.4494 0
      vertex -18.8342 80.2612 0
    endloop
  endfacet
  facet normal 0 0 -1
    outer loop
      vertex -19.0497 12.5497 0
      vertex -19.0488 80.4494 0
      vertex -19.0488 12.5506 0
    endloop
  endfacet
  facet normal 0 0 -1
    outer loop
      vertex -19.0497 12.5497 0
      vertex -19.0497 80.4503 0
      vertex -19.0488 80.4494 0
    endloop
  endfacet
  facet normal 0 0 -1
    outer loop
      vertex -19.0506 12.5488 0
      vertex -19.0497 80.4503 0
      vertex -19.0497 12.5497 0
    endloop
  endfacet
  facet normal 0 0 -1
    outer loop
      vertex -19.0506 12.5488 0
      vertex -19.0506 80.4512 0
      vertex -19.0497 80.4503 0
    endloop
  endfacet
  facet normal 0 0 -1
    outer loop
      vertex -19.2388 12.3342 0
      vertex -19.0506 80.4512 0
      vertex -19.0506 12.5488 0
    endloop
  endfacet
  facet normal 0 0 -1
    outer loop
      vertex -19.2388 12.3342 0
      vertex -19.2388 80.6658 0
      vertex -19.0506 80.4512 0
    endloop
  endfacet
  facet normal 0 0 -1
    outer loop
      vertex -19.3973 12.0969 0
      vertex -19.2388 80.6658 0
      vertex -19.2388 12.3342 0
    endloop
  endfacet
  facet normal 0 0 -1
    outer loop
      vertex -19.3973 12.0969 0
      vertex -19.3973 80.9031 0
      vertex -19.2388 80.6658 0
    endloop
  endfacet
  facet normal 0 0 -1
    outer loop
      vertex -19.398 12.0958 0
      vertex -19.3973 80.9031 0
      vertex -19.3973 12.0969 0
    endloop
  endfacet
  facet normal 0 0 -1
    outer loop
      vertex -19.398 12.0958 0
      vertex -19.398 80.9042 0
      vertex -19.3973 80.9031 0
    endloop
  endfacet
  facet normal 0 0 -1
    outer loop
      vertex -19.5243 11.8399 0
      vertex -19.398 80.9042 0
      vertex -19.398 12.0958 0
    endloop
  endfacet
  facet normal 0 0 -1
    outer loop
      vertex -19.5243 11.8399 0
      vertex -19.5243 81.1601 0
      vertex -19.398 80.9042 0
    endloop
  endfacet
  facet normal 0 0 -1
    outer loop
      vertex -19.5248 11.8387 0
      vertex -19.5243 81.1601 0
      vertex -19.5243 11.8399 0
    endloop
  endfacet
  facet normal 0 0 -1
    outer loop
      vertex -19.5248 11.8387 0
      vertex -19.5248 81.1613 0
      vertex -19.5243 81.1601 0
    endloop
  endfacet
  facet normal 0 0 -1
    outer loop
      vertex -19.6166 11.5685 0
      vertex -19.5248 81.1613 0
      vertex -19.5248 11.8387 0
    endloop
  endfacet
  facet normal 0 0 -1
    outer loop
      vertex -19.6166 11.5685 0
      vertex -19.6166 81.4315 0
      vertex -19.5248 81.1613 0
    endloop
  endfacet
  facet normal 0 0 -1
    outer loop
      vertex -19.617 11.5672 0
      vertex -19.6166 81.4315 0
      vertex -19.6166 11.5685 0
    endloop
  endfacet
  facet normal 0 0 -1
    outer loop
      vertex -19.617 11.5672 0
      vertex -19.617 81.4328 0
      vertex -19.6166 81.4315 0
    endloop
  endfacet
  facet normal 0 0 -1
    outer loop
      vertex -19.6172 11.566 0
      vertex -19.617 81.4328 0
      vertex -19.617 11.5672 0
    endloop
  endfacet
  facet normal 0 0 -1
    outer loop
      vertex -19.6172 11.566 0
      vertex -19.6172 81.434 0
      vertex -19.617 81.4328 0
    endloop
  endfacet
  facet normal 0 0 -1
    outer loop
      vertex -19.6729 11.2861 0
      vertex -19.6172 81.434 0
      vertex -19.6172 11.566 0
    endloop
  endfacet
  facet normal 0 0 -1
    outer loop
      vertex -19.6729 11.2861 0
      vertex -19.6729 81.7139 0
      vertex -19.6172 81.434 0
    endloop
  endfacet
  facet normal 0 0 -1
    outer loop
      vertex -19.6916 11.0013 0
      vertex -19.6729 81.7139 0
      vertex -19.6729 11.2861 0
    endloop
  endfacet
  facet normal 0 0 -1
    outer loop
      vertex -19.6916 11.0013 0
      vertex -19.6916 81.9987 0
      vertex -19.6729 81.7139 0
    endloop
  endfacet
  facet normal 0 0 -1
    outer loop
      vertex -19.6917 11 0
      vertex -19.6916 81.9987 0
      vertex -19.6916 11.0013 0
    endloop
  endfacet
  facet normal -0 0 -1
    outer loop
      vertex -19.6916 81.9987 0
      vertex -19.6917 11 0
      vertex -19.6917 82 0
    endloop
  endfacet
  facet normal 0 0 -1
    outer loop
      vertex 19.6916 11.0013 0
      vertex 19.6917 82 0
      vertex 19.6917 11 0
    endloop
  endfacet
  facet normal 0 0 -1
    outer loop
      vertex 19.6916 11.0013 0
      vertex 19.6916 81.9987 0
      vertex 19.6917 82 0
    endloop
  endfacet
  facet normal 0 0 -1
    outer loop
      vertex 19.6729 11.2861 0
      vertex 19.6916 81.9987 0
      vertex 19.6916 11.0013 0
    endloop
  endfacet
  facet normal 0 0 -1
    outer loop
      vertex 19.6729 11.2861 0
      vertex 19.6729 81.7139 0
      vertex 19.6916 81.9987 0
    endloop
  endfacet
  facet normal 0 0 -1
    outer loop
      vertex 19.6172 11.566 0
      vertex 19.6729 81.7139 0
      vertex 19.6729 11.2861 0
    endloop
  endfacet
  facet normal 0 0 -1
    outer loop
      vertex 19.6172 11.566 0
      vertex 19.6172 81.434 0
      vertex 19.6729 81.7139 0
    endloop
  endfacet
  facet normal 0 0 -1
    outer loop
      vertex 19.617 11.5672 0
      vertex 19.6172 81.434 0
      vertex 19.6172 11.566 0
    endloop
  endfacet
  facet normal 0 0 -1
    outer loop
      vertex 19.617 11.5672 0
      vertex 19.617 81.4328 0
      vertex 19.6172 81.434 0
    endloop
  endfacet
  facet normal 0 0 -1
    outer loop
      vertex 19.6166 11.5685 0
      vertex 19.617 81.4328 0
      vertex 19.617 11.5672 0
    endloop
  endfacet
  facet normal 0 0 -1
    outer loop
      vertex 19.6166 11.5685 0
      vertex 19.6166 81.4315 0
      vertex 19.617 81.4328 0
    endloop
  endfacet
  facet normal 0 0 -1
    outer loop
      vertex 19.5248 11.8387 0
      vertex 19.6166 81.4315 0
      vertex 19.6166 11.5685 0
    endloop
  endfacet
  facet normal 0 0 -1
    outer loop
      vertex 19.5248 11.8387 0
      vertex 19.5248 81.1613 0
      vertex 19.6166 81.4315 0
    endloop
  endfacet
  facet normal 0 0 -1
    outer loop
      vertex 19.5243 11.8399 0
      vertex 19.5248 81.1613 0
      vertex 19.5248 11.8387 0
    endloop
  endfacet
  facet normal 0 0 -1
    outer loop
      vertex 19.5243 11.8399 0
      vertex 19.5243 81.1601 0
      vertex 19.5248 81.1613 0
    endloop
  endfacet
  facet normal 0 0 -1
    outer loop
      vertex 19.398 12.0958 0
      vertex 19.5243 81.1601 0
      vertex 19.5243 11.8399 0
    endloop
  endfacet
  facet normal 0 0 -1
    outer loop
      vertex 19.398 12.0958 0
      vertex 19.398 80.9042 0
      vertex 19.5243 81.1601 0
    endloop
  endfacet
  facet normal 0 0 -1
    outer loop
      vertex 19.3973 12.0969 0
      vertex 19.398 80.9042 0
      vertex 19.398 12.0958 0
    endloop
  endfacet
  facet normal 0 0 -1
    outer loop
      vertex 19.3973 12.0969 0
      vertex 19.3973 80.9031 0
      vertex 19.398 80.9042 0
    endloop
  endfacet
  facet normal 0 0 -1
    outer loop
      vertex 19.2388 12.3342 0
      vertex 19.3973 80.9031 0
      vertex 19.3973 12.0969 0
    endloop
  endfacet
  facet normal 0 0 -1
    outer loop
      vertex 19.2388 12.3342 0
      vertex 19.2388 80.6658 0
      vertex 19.3973 80.9031 0
    endloop
  endfacet
  facet normal 0 0 -1
    outer loop
      vertex 19.0506 12.5488 0
      vertex 19.2388 80.6658 0
      vertex 19.2388 12.3342 0
    endloop
  endfacet
  facet normal 0 0 -1
    outer loop
      vertex 19.0506 12.5488 0
      vertex 19.0506 80.4512 0
      vertex 19.2388 80.6658 0
    endloop
  endfacet
  facet normal 0 0 -1
    outer loop
      vertex 19.0497 12.5497 0
      vertex 19.0506 80.4512 0
      vertex 19.0506 12.5488 0
    endloop
  endfacet
  facet normal 0 0 -1
    outer loop
      vertex 19.0497 12.5497 0
      vertex 19.0497 80.4503 0
      vertex 19.0506 80.4512 0
    endloop
  endfacet
  facet normal 0 0 -1
    outer loop
      vertex 19.0488 12.5506 0
      vertex 19.0497 80.4503 0
      vertex 19.0497 12.5497 0
    endloop
  endfacet
  facet normal 0 0 -1
    outer loop
      vertex 19.0488 12.5506 0
      vertex 19.0488 80.4494 0
      vertex 19.0497 80.4503 0
    endloop
  endfacet
  facet normal 0 0 -1
    outer loop
      vertex 18.8342 12.7388 0
      vertex 19.0488 80.4494 0
      vertex 19.0488 12.5506 0
    endloop
  endfacet
  facet normal 0 0 -1
    outer loop
      vertex 18.8342 12.7388 0
      vertex 18.8342 80.2612 0
      vertex 19.0488 80.4494 0
    endloop
  endfacet
  facet normal 0 0 -1
    outer loop
      vertex 18.5969 12.8973 0
      vertex 18.8342 80.2612 0
      vertex 18.8342 12.7388 0
    endloop
  endfacet
  facet normal 0 0 -1
    outer loop
      vertex 18.5969 12.8973 0
      vertex 18.5969 80.1027 0
      vertex 18.8342 80.2612 0
    endloop
  endfacet
  facet normal 0 0 -1
    outer loop
      vertex 18.5958 12.898 0
      vertex 18.5969 80.1027 0
      vertex 18.5969 12.8973 0
    endloop
  endfacet
  facet normal 0 0 -1
    outer loop
      vertex 18.5958 12.898 0
      vertex 18.5958 80.102 0
      vertex 18.5969 80.1027 0
    endloop
  endfacet
  facet normal 0 0 -1
    outer loop
      vertex 18.3399 13.0243 0
      vertex 18.5958 80.102 0
      vertex 18.5958 12.898 0
    endloop
  endfacet
  facet normal 0 0 -1
    outer loop
      vertex 18.3399 13.0243 0
      vertex 18.3399 79.9757 0
      vertex 18.5958 80.102 0
    endloop
  endfacet
  facet normal 0 0 -1
    outer loop
      vertex 18.3387 13.0248 0
      vertex 18.3399 79.9757 0
      vertex 18.3399 13.0243 0
    endloop
  endfacet
  facet normal 0 0 -1
    outer loop
      vertex 18.3387 13.0248 0
      vertex 18.3387 79.9752 0
      vertex 18.3399 79.9757 0
    endloop
  endfacet
  facet normal 0 0 -1
    outer loop
      vertex 18.0685 13.1166 0
      vertex 18.3387 79.9752 0
      vertex 18.3387 13.0248 0
    endloop
  endfacet
  facet normal 0 0 -1
    outer loop
      vertex 18.0685 13.1166 0
      vertex 18.0685 79.8834 0
      vertex 18.3387 79.9752 0
    endloop
  endfacet
  facet normal 0 0 -1
    outer loop
      vertex 18.0672 13.117 0
      vertex 18.0685 79.8834 0
      vertex 18.0685 13.1166 0
    endloop
  endfacet
  facet normal 0 0 -1
    outer loop
      vertex 18.0672 13.117 0
      vertex 18.0672 79.883 0
      vertex 18.0685 79.8834 0
    endloop
  endfacet
  facet normal 0 0 -1
    outer loop
      vertex 18.066 13.1172 0
      vertex 18.0672 79.883 0
      vertex 18.0672 13.117 0
    endloop
  endfacet
  facet normal 0 0 -1
    outer loop
      vertex 18.066 13.1172 0
      vertex 18.066 79.8828 0
      vertex 18.0672 79.883 0
    endloop
  endfacet
  facet normal 0 0 -1
    outer loop
      vertex 17.7861 13.1729 0
      vertex 18.066 79.8828 0
      vertex 18.066 13.1172 0
    endloop
  endfacet
  facet normal 0 0 -1
    outer loop
      vertex 17.7861 13.1729 0
      vertex 17.7861 79.8271 0
      vertex 18.066 79.8828 0
    endloop
  endfacet
  facet normal 0 0 -1
    outer loop
      vertex 17.5013 13.1916 0
      vertex 17.7861 79.8271 0
      vertex 17.7861 13.1729 0
    endloop
  endfacet
  facet normal 0 0 -1
    outer loop
      vertex 17.5013 13.1916 0
      vertex 17.5013 79.8084 0
      vertex 17.7861 79.8271 0
    endloop
  endfacet
  facet normal 0 0 -1
    outer loop
      vertex 17.5 13.1917 0
      vertex 17.5013 79.8084 0
      vertex 17.5013 13.1916 0
    endloop
  endfacet
  facet normal 0 0 -1
    outer loop
      vertex 17.5 13.1917 0
      vertex 17.5 79.8083 0
      vertex 17.5013 79.8084 0
    endloop
  endfacet
  facet normal 0 0 -1
    outer loop
      vertex 17.4987 13.1916 0
      vertex 17.5 79.8083 0
      vertex 17.5 13.1917 0
    endloop
  endfacet
  facet normal 0 0 -1
    outer loop
      vertex 17.4987 13.1916 0
      vertex 17.4987 79.8084 0
      vertex 17.5 79.8083 0
    endloop
  endfacet
  facet normal 0 0 -1
    outer loop
      vertex 17.2139 13.1729 0
      vertex 17.4987 79.8084 0
      vertex 17.4987 13.1916 0
    endloop
  endfacet
  facet normal 0 0 -1
    outer loop
      vertex 17.2139 13.1729 0
      vertex 17.2139 79.8271 0
      vertex 17.4987 79.8084 0
    endloop
  endfacet
  facet normal 0 0 -1
    outer loop
      vertex 16.934 13.1172 0
      vertex 17.2139 79.8271 0
      vertex 17.2139 13.1729 0
    endloop
  endfacet
  facet normal 0 0 -1
    outer loop
      vertex 16.934 13.1172 0
      vertex 16.934 79.8828 0
      vertex 17.2139 79.8271 0
    endloop
  endfacet
  facet normal 0 0 -1
    outer loop
      vertex 16.9328 13.117 0
      vertex 16.934 79.8828 0
      vertex 16.934 13.1172 0
    endloop
  endfacet
  facet normal 0 0 -1
    outer loop
      vertex 16.9328 13.117 0
      vertex 16.9328 79.883 0
      vertex 16.934 79.8828 0
    endloop
  endfacet
  facet normal 0 0 -1
    outer loop
      vertex 16.9315 13.1166 0
      vertex 16.9328 79.883 0
      vertex 16.9328 13.117 0
    endloop
  endfacet
  facet normal 0 0 -1
    outer loop
      vertex 16.9315 13.1166 0
      vertex 16.9315 79.8834 0
      vertex 16.9328 79.883 0
    endloop
  endfacet
  facet normal 0 0 -1
    outer loop
      vertex 16.6613 13.0248 0
      vertex 16.9315 79.8834 0
      vertex 16.9315 13.1166 0
    endloop
  endfacet
  facet normal 0 0 -1
    outer loop
      vertex 16.6613 13.0248 0
      vertex 16.6613 79.9752 0
      vertex 16.9315 79.8834 0
    endloop
  endfacet
  facet normal 0 0 -1
    outer loop
      vertex 16.6601 13.0243 0
      vertex 16.6613 79.9752 0
      vertex 16.6613 13.0248 0
    endloop
  endfacet
  facet normal 0 0 -1
    outer loop
      vertex 16.6601 13.0243 0
      vertex 16.6601 79.9757 0
      vertex 16.6613 79.9752 0
    endloop
  endfacet
  facet normal 0 0 -1
    outer loop
      vertex 16.4042 12.898 0
      vertex 16.6601 79.9757 0
      vertex 16.6601 13.0243 0
    endloop
  endfacet
  facet normal 0 0 -1
    outer loop
      vertex 16.4042 12.898 0
      vertex 16.4042 80.102 0
      vertex 16.6601 79.9757 0
    endloop
  endfacet
  facet normal 0 0 -1
    outer loop
      vertex -15.602 12.0958 0
      vertex 15.602 12.0958 0
      vertex -15.4757 11.8399 0
    endloop
  endfacet
  facet normal 0 0 -1
    outer loop
      vertex 15.602 12.0958 0
      vertex -15.602 12.0958 0
      vertex 15.6027 12.0969 0
    endloop
  endfacet
  facet normal 0 0 -1
    outer loop
      vertex -15.4757 11.8399 0
      vertex 15.602 12.0958 0
      vertex -15.4752 11.8387 0
    endloop
  endfacet
  facet normal -0 0 -1
    outer loop
      vertex 15.6027 12.0969 0
      vertex -15.602 12.0958 0
      vertex 15.7612 12.3342 0
    endloop
  endfacet
  facet normal -0 0 -1
    outer loop
      vertex 15.4757 11.8399 0
      vertex -15.4752 11.8387 0
      vertex 15.602 12.0958 0
    endloop
  endfacet
  facet normal 0 0 -1
    outer loop
      vertex 16.4042 80.102 0
      vertex -15.3083 82 0
      vertex 16.4031 80.1027 0
    endloop
  endfacet
  facet normal 0 0 -1
    outer loop
      vertex 15.4752 11.8387 0
      vertex -15.4752 11.8387 0
      vertex 15.4757 11.8399 0
    endloop
  endfacet
  facet normal 0 0 -1
    outer loop
      vertex 16.4031 80.1027 0
      vertex -15.3083 82 0
      vertex 16.1658 80.2612 0
    endloop
  endfacet
  facet normal 0 0 -1
    outer loop
      vertex -15.4752 11.8387 0
      vertex 15.4752 11.8387 0
      vertex -15.3834 11.5685 0
    endloop
  endfacet
  facet normal 0 0 -1
    outer loop
      vertex 16.1658 80.2612 0
      vertex -15.3083 82 0
      vertex 15.9512 80.4494 0
    endloop
  endfacet
  facet normal 0 0 -1
    outer loop
      vertex -15.3834 11.5685 0
      vertex 15.4752 11.8387 0
      vertex -15.383 11.5672 0
    endloop
  endfacet
  facet normal 0 0 -1
    outer loop
      vertex 15.9512 80.4494 0
      vertex -15.3083 82 0
      vertex 15.9503 80.4503 0
    endloop
  endfacet
  facet normal -0 0 -1
    outer loop
      vertex 15.3834 11.5685 0
      vertex -15.383 11.5672 0
      vertex 15.4752 11.8387 0
    endloop
  endfacet
  facet normal 0 0 -1
    outer loop
      vertex 15.9503 80.4503 0
      vertex -15.3083 82 0
      vertex 15.9494 80.4512 0
    endloop
  endfacet
  facet normal 0 0 -1
    outer loop
      vertex 15.383 11.5672 0
      vertex -15.383 11.5672 0
      vertex 15.3834 11.5685 0
    endloop
  endfacet
  facet normal 0 0 -1
    outer loop
      vertex 15.9494 80.4512 0
      vertex -15.3083 82 0
      vertex 15.7612 80.6658 0
    endloop
  endfacet
  facet normal 0 0 -1
    outer loop
      vertex -15.383 11.5672 0
      vertex 15.383 11.5672 0
      vertex -15.3828 11.566 0
    endloop
  endfacet
  facet normal 0 0 -1
    outer loop
      vertex 15.7612 80.6658 0
      vertex -15.3083 82 0
      vertex 15.6027 80.9031 0
    endloop
  endfacet
  facet normal 0 0 -1
    outer loop
      vertex -15.3828 11.566 0
      vertex 15.383 11.5672 0
      vertex -15.3271 11.2861 0
    endloop
  endfacet
  facet normal 0 0 -1
    outer loop
      vertex 15.6027 80.9031 0
      vertex -15.3083 82 0
      vertex 15.602 80.9042 0
    endloop
  endfacet
  facet normal -0 0 -1
    outer loop
      vertex 15.3828 11.566 0
      vertex -15.3271 11.2861 0
      vertex 15.383 11.5672 0
    endloop
  endfacet
  facet normal 0 0 -1
    outer loop
      vertex 15.602 80.9042 0
      vertex -15.3083 82 0
      vertex 15.4757 81.1601 0
    endloop
  endfacet
  facet normal 0 0 -1
    outer loop
      vertex 15.3271 11.2861 0
      vertex -15.3271 11.2861 0
      vertex 15.3828 11.566 0
    endloop
  endfacet
  facet normal 0 0 -1
    outer loop
      vertex 15.4757 81.1601 0
      vertex -15.3083 82 0
      vertex 15.4752 81.1613 0
    endloop
  endfacet
  facet normal 0 0 -1
    outer loop
      vertex -15.3271 11.2861 0
      vertex 15.3271 11.2861 0
      vertex -15.3084 11.0013 0
    endloop
  endfacet
  facet normal 0 0 -1
    outer loop
      vertex 15.4752 81.1613 0
      vertex -15.3083 82 0
      vertex 15.3834 81.4315 0
    endloop
  endfacet
  facet normal 0 0 -1
    outer loop
      vertex -15.3084 11.0013 0
      vertex 15.3271 11.2861 0
      vertex -15.3083 11 0
    endloop
  endfacet
  facet normal 0 0 -1
    outer loop
      vertex 15.3834 81.4315 0
      vertex -15.3083 82 0
      vertex 15.383 81.4328 0
    endloop
  endfacet
  facet normal 0 0 -1
    outer loop
      vertex -15.3083 11 0
      vertex 15.3271 11.2861 0
      vertex 15.3084 11.0013 0
    endloop
  endfacet
  facet normal 0 0 -1
    outer loop
      vertex 15.383 81.4328 0
      vertex -15.3083 82 0
      vertex 15.3828 81.434 0
    endloop
  endfacet
  facet normal 0 0 -1
    outer loop
      vertex -15.3083 11 0
      vertex 15.3084 11.0013 0
      vertex 15.3083 11 0
    endloop
  endfacet
  facet normal 0 0 -1
    outer loop
      vertex 15.3828 81.434 0
      vertex -15.3083 82 0
      vertex 15.3271 81.7139 0
    endloop
  endfacet
  facet normal 0 0 -1
    outer loop
      vertex 19.7 0.300003 0
      vertex 19.6917 11 0
      vertex 19.7 85.7 0
    endloop
  endfacet
  facet normal 0 0 -1
    outer loop
      vertex 19.7 0.300003 0
      vertex 19.6916 10.9987 0
      vertex 19.6917 11 0
    endloop
  endfacet
  facet normal 0 0 -1
    outer loop
      vertex 19.7 0.300003 0
      vertex 19.6729 10.7139 0
      vertex 19.6916 10.9987 0
    endloop
  endfacet
  facet normal 0 0 -1
    outer loop
      vertex 19.7 0.300003 0
      vertex 19.6172 10.434 0
      vertex 19.6729 10.7139 0
    endloop
  endfacet
  facet normal 0 0 -1
    outer loop
      vertex 19.7 0.300003 0
      vertex 19.617 10.4328 0
      vertex 19.6172 10.434 0
    endloop
  endfacet
  facet normal 0 0 -1
    outer loop
      vertex 19.7 0.300003 0
      vertex 19.6166 10.4315 0
      vertex 19.617 10.4328 0
    endloop
  endfacet
  facet normal 0 0 -1
    outer loop
      vertex 19.7 0.300003 0
      vertex 19.5248 10.1613 0
      vertex 19.6166 10.4315 0
    endloop
  endfacet
  facet normal 0 0 -1
    outer loop
      vertex 19.7 0.300003 0
      vertex 19.5243 10.1601 0
      vertex 19.5248 10.1613 0
    endloop
  endfacet
  facet normal 0 0 -1
    outer loop
      vertex 19.7 0.300003 0
      vertex 19.398 9.90417 0
      vertex 19.5243 10.1601 0
    endloop
  endfacet
  facet normal 0 0 -1
    outer loop
      vertex 19.7 0.300003 0
      vertex 19.3973 9.90308 0
      vertex 19.398 9.90417 0
    endloop
  endfacet
  facet normal 0 0 -1
    outer loop
      vertex 19.7 0.300003 0
      vertex 19.2388 9.6658 0
      vertex 19.3973 9.90308 0
    endloop
  endfacet
  facet normal 0 0 -1
    outer loop
      vertex 19.7 0.300003 0
      vertex 19.0506 9.45124 0
      vertex 19.2388 9.6658 0
    endloop
  endfacet
  facet normal 0 0 -1
    outer loop
      vertex 19.7 0.300003 0
      vertex 19.0497 9.45026 0
      vertex 19.0506 9.45124 0
    endloop
  endfacet
  facet normal 0 0 -1
    outer loop
      vertex 19.7 0.300003 0
      vertex 19.0488 9.44939 0
      vertex 19.0497 9.45026 0
    endloop
  endfacet
  facet normal 0 0 -1
    outer loop
      vertex 19.7 0.300003 0
      vertex 18.8342 9.26123 0
      vertex 19.0488 9.44939 0
    endloop
  endfacet
  facet normal 0 0 -1
    outer loop
      vertex 19.7 0.300003 0
      vertex 18.5969 9.10269 0
      vertex 18.8342 9.26123 0
    endloop
  endfacet
  facet normal 0 0 -1
    outer loop
      vertex 19.7 0.300003 0
      vertex 18.5958 9.10196 0
      vertex 18.5969 9.10269 0
    endloop
  endfacet
  facet normal 0 0 -1
    outer loop
      vertex 19.7 0.300003 0
      vertex 18.3399 8.97574 0
      vertex 18.5958 9.10196 0
    endloop
  endfacet
  facet normal 0 0 -1
    outer loop
      vertex 19.7 0.300003 0
      vertex 18.3387 8.97516 0
      vertex 18.3399 8.97574 0
    endloop
  endfacet
  facet normal 0 0 -1
    outer loop
      vertex 19.7 0.300003 0
      vertex 18.0685 8.88343 0
      vertex 18.3387 8.97516 0
    endloop
  endfacet
  facet normal 0 0 -1
    outer loop
      vertex 19.7 0.300003 0
      vertex 18.0672 8.88301 0
      vertex 18.0685 8.88343 0
    endloop
  endfacet
  facet normal 0 0 -1
    outer loop
      vertex 19.7 0.300003 0
      vertex 18.066 8.88276 0
      vertex 18.0672 8.88301 0
    endloop
  endfacet
  facet normal 0 0 -1
    outer loop
      vertex 19.7 0.300003 0
      vertex 17.7861 8.82708 0
      vertex 18.066 8.88276 0
    endloop
  endfacet
  facet normal 0 0 -1
    outer loop
      vertex 19.7 0.300003 0
      vertex 17.5013 8.80842 0
      vertex 17.7861 8.82708 0
    endloop
  endfacet
  facet normal 0 0 -1
    outer loop
      vertex 19.7 0.300003 0
      vertex 17.5 8.80833 0
      vertex 17.5013 8.80842 0
    endloop
  endfacet
  facet normal 0 0 -1
    outer loop
      vertex 19.7 0.300003 0
      vertex 17.4987 8.80842 0
      vertex 17.5 8.80833 0
    endloop
  endfacet
  facet normal 0 0 -1
    outer loop
      vertex 19.7 0.300003 0
      vertex 17.2139 8.82708 0
      vertex 17.4987 8.80842 0
    endloop
  endfacet
  facet normal 0 0 -1
    outer loop
      vertex 19.7 0.300003 0
      vertex 16.934 8.88276 0
      vertex 17.2139 8.82708 0
    endloop
  endfacet
  facet normal 0 0 -1
    outer loop
      vertex 19.7 0.300003 0
      vertex 16.9328 8.88301 0
      vertex 16.934 8.88276 0
    endloop
  endfacet
  facet normal 0 0 -1
    outer loop
      vertex 19.7 0.300003 0
      vertex 16.9315 8.88343 0
      vertex 16.9328 8.88301 0
    endloop
  endfacet
  facet normal 0 0 -1
    outer loop
      vertex 19.7 0.300003 0
      vertex 16.6613 8.97516 0
      vertex 16.9315 8.88343 0
    endloop
  endfacet
  facet normal 0 0 -1
    outer loop
      vertex 19.7 0.300003 0
      vertex 16.6601 8.97574 0
      vertex 16.6613 8.97516 0
    endloop
  endfacet
  facet normal 0 0 -1
    outer loop
      vertex 19.7 0.300003 0
      vertex 16.4042 9.10196 0
      vertex 16.6601 8.97574 0
    endloop
  endfacet
  facet normal 0 0 -1
    outer loop
      vertex 19.7 0.300003 0
      vertex 16.4031 9.10269 0
      vertex 16.4042 9.10196 0
    endloop
  endfacet
  facet normal 0 0 -1
    outer loop
      vertex 19.7 0.300003 0
      vertex 16.1658 9.26123 0
      vertex 16.4031 9.10269 0
    endloop
  endfacet
  facet normal 0 0 -1
    outer loop
      vertex 19.7 0.300003 0
      vertex 15.9512 9.44939 0
      vertex 16.1658 9.26123 0
    endloop
  endfacet
  facet normal 0 0 -1
    outer loop
      vertex 19.7 0.300003 0
      vertex 15.9503 9.45026 0
      vertex 15.9512 9.44939 0
    endloop
  endfacet
  facet normal 0 0 -1
    outer loop
      vertex 19.7 0.300003 0
      vertex 15.9494 9.45124 0
      vertex 15.9503 9.45026 0
    endloop
  endfacet
  facet normal 0 0 -1
    outer loop
      vertex 19.7 0.300003 0
      vertex 15.7612 9.6658 0
      vertex 15.9494 9.45124 0
    endloop
  endfacet
  facet normal 0 0 -1
    outer loop
      vertex -15.7612 9.6658 0
      vertex 15.7612 9.6658 0
      vertex 19.7 0.300003 0
    endloop
  endfacet
  facet normal 0 0 -1
    outer loop
      vertex 15.7612 9.6658 0
      vertex -15.7612 9.6658 0
      vertex 15.6027 9.90308 0
    endloop
  endfacet
  facet normal -0 0 -1
    outer loop
      vertex 15.6027 9.90308 0
      vertex -15.7612 9.6658 0
      vertex 15.602 9.90417 0
    endloop
  endfacet
  facet normal 0 -0 -1
    outer loop
      vertex -15.6027 9.90308 0
      vertex 15.602 9.90417 0
      vertex -15.7612 9.6658 0
    endloop
  endfacet
  facet normal 0 0 1
    outer loop
      vertex 15.4752 10.1613 0
      vertex 15.383 10.4328 0
      vertex 15.3834 10.4315 0
    endloop
  endfacet
  facet normal 0 0 -1
    outer loop
      vertex 15.3271 81.7139 0
      vertex -15.3083 82 0
      vertex 15.3084 81.9987 0
    endloop
  endfacet
  facet normal 0 0 -1
    outer loop
      vertex 15.3084 10.9987 0
      vertex -15.3083 11 0
      vertex 15.3083 11 0
    endloop
  endfacet
  facet normal 0 0 -1
    outer loop
      vertex 15.3271 10.7139 0
      vertex -15.3083 11 0
      vertex 15.3084 10.9987 0
    endloop
  endfacet
  facet normal 0 0 -1
    outer loop
      vertex -15.3271 10.7139 0
      vertex 15.3271 10.7139 0
      vertex 15.3828 10.434 0
    endloop
  endfacet
  facet normal 0 0 -1
    outer loop
      vertex -15.3271 10.7139 0
      vertex 15.3828 10.434 0
      vertex 15.383 10.4328 0
    endloop
  endfacet
  facet normal 0 0 -1
    outer loop
      vertex -15.383 10.4328 0
      vertex 15.383 10.4328 0
      vertex 15.4752 10.1613 0
    endloop
  endfacet
  facet normal 0 -0 -1
    outer loop
      vertex -15.602 9.90417 0
      vertex 15.602 9.90417 0
      vertex -15.6027 9.90308 0
    endloop
  endfacet
  facet normal 0 0 -1
    outer loop
      vertex 15.3271 10.7139 0
      vertex -15.3084 10.9987 0
      vertex -15.3083 11 0
    endloop
  endfacet
  facet normal 0 0 -1
    outer loop
      vertex 15.3271 10.7139 0
      vertex -15.3271 10.7139 0
      vertex -15.3084 10.9987 0
    endloop
  endfacet
  facet normal 0 0 -1
    outer loop
      vertex 15.383 10.4328 0
      vertex -15.3828 10.434 0
      vertex -15.3271 10.7139 0
    endloop
  endfacet
  facet normal 0 0 -1
    outer loop
      vertex 15.383 10.4328 0
      vertex -15.383 10.4328 0
      vertex -15.3828 10.434 0
    endloop
  endfacet
  facet normal 0 0 -1
    outer loop
      vertex 15.4752 10.1613 0
      vertex -15.3834 10.4315 0
      vertex -15.383 10.4328 0
    endloop
  endfacet
  facet normal 0 0 -1
    outer loop
      vertex 15.4752 10.1613 0
      vertex -15.4752 10.1613 0
      vertex -15.3834 10.4315 0
    endloop
  endfacet
  facet normal -0 0 -1
    outer loop
      vertex 15.4752 10.1613 0
      vertex -15.4757 10.1601 0
      vertex -15.4752 10.1613 0
    endloop
  endfacet
  facet normal 0 0 -1
    outer loop
      vertex 15.4752 10.1613 0
      vertex -15.602 9.90417 0
      vertex -15.4757 10.1601 0
    endloop
  endfacet
  facet normal -0 0 -1
    outer loop
      vertex 15.4757 10.1601 0
      vertex -15.602 9.90417 0
      vertex 15.4752 10.1613 0
    endloop
  endfacet
  facet normal 0 0 -1
    outer loop
      vertex 15.602 9.90417 0
      vertex -15.602 9.90417 0
      vertex 15.4757 10.1601 0
    endloop
  endfacet
  facet normal 0 0 -1
    outer loop
      vertex -19.7 0.300003 0
      vertex -15.7612 9.6658 0
      vertex 19.7 0.300003 0
    endloop
  endfacet
  facet normal 0 0 -1
    outer loop
      vertex -15.7612 9.6658 0
      vertex -19.7 0.300003 0
      vertex -15.9494 9.45124 0
    endloop
  endfacet
  facet normal 0 0 -1
    outer loop
      vertex -15.9494 9.45124 0
      vertex -19.7 0.300003 0
      vertex -15.9503 9.45026 0
    endloop
  endfacet
  facet normal 0 0 -1
    outer loop
      vertex -15.9503 9.45026 0
      vertex -19.7 0.300003 0
      vertex -15.9512 9.44939 0
    endloop
  endfacet
  facet normal 0 0 -1
    outer loop
      vertex -15.9512 9.44939 0
      vertex -19.7 0.300003 0
      vertex -16.1658 9.26123 0
    endloop
  endfacet
  facet normal 0 0 -1
    outer loop
      vertex -16.1658 9.26123 0
      vertex -19.7 0.300003 0
      vertex -16.4031 9.10269 0
    endloop
  endfacet
  facet normal 0 0 -1
    outer loop
      vertex -16.4031 9.10269 0
      vertex -19.7 0.300003 0
      vertex -16.4042 9.10196 0
    endloop
  endfacet
  facet normal 0 0 -1
    outer loop
      vertex -16.4042 9.10196 0
      vertex -19.7 0.300003 0
      vertex -16.6601 8.97574 0
    endloop
  endfacet
  facet normal 0 0 -1
    outer loop
      vertex -16.6601 8.97574 0
      vertex -19.7 0.300003 0
      vertex -16.6613 8.97516 0
    endloop
  endfacet
  facet normal 0 0 -1
    outer loop
      vertex -16.6613 8.97516 0
      vertex -19.7 0.300003 0
      vertex -16.9315 8.88343 0
    endloop
  endfacet
  facet normal 0 0 -1
    outer loop
      vertex -16.9315 8.88343 0
      vertex -19.7 0.300003 0
      vertex -16.9328 8.88301 0
    endloop
  endfacet
  facet normal 0 0 -1
    outer loop
      vertex -16.9328 8.88301 0
      vertex -19.7 0.300003 0
      vertex -16.934 8.88276 0
    endloop
  endfacet
  facet normal 0 0 -1
    outer loop
      vertex -16.934 8.88276 0
      vertex -19.7 0.300003 0
      vertex -17.2139 8.82708 0
    endloop
  endfacet
  facet normal 0 0 -1
    outer loop
      vertex -17.2139 8.82708 0
      vertex -19.7 0.300003 0
      vertex -17.4987 8.80842 0
    endloop
  endfacet
  facet normal 0 0 -1
    outer loop
      vertex -17.4987 8.80842 0
      vertex -19.7 0.300003 0
      vertex -17.5 8.80833 0
    endloop
  endfacet
  facet normal -0 0 -1
    outer loop
      vertex -17.5 8.80833 0
      vertex -19.7 0.300003 0
      vertex -17.5013 8.80842 0
    endloop
  endfacet
  facet normal -0 0 -1
    outer loop
      vertex -17.5013 8.80842 0
      vertex -19.7 0.300003 0
      vertex -17.7861 8.82708 0
    endloop
  endfacet
  facet normal -0 0 -1
    outer loop
      vertex -17.7861 8.82708 0
      vertex -19.7 0.300003 0
      vertex -18.066 8.88276 0
    endloop
  endfacet
  facet normal 0 0 -1
    outer loop
      vertex -19.7 0.300003 0
      vertex -18.0685 8.88343 0
      vertex -18.0672 8.88301 0
    endloop
  endfacet
  facet normal 0 0 -1
    outer loop
      vertex -19.7 0.300003 0
      vertex -18.3399 8.97574 0
      vertex -18.3387 8.97516 0
    endloop
  endfacet
  facet normal 0 0 -1
    outer loop
      vertex -19.7 0.300003 0
      vertex -18.5969 9.10269 0
      vertex -18.5958 9.10196 0
    endloop
  endfacet
  facet normal 0 0 -1
    outer loop
      vertex -19.7 0.300003 0
      vertex -19.0506 9.45124 0
      vertex -19.0497 9.45026 0
    endloop
  endfacet
  facet normal 0 0 -1
    outer loop
      vertex -19.6729 10.7139 0
      vertex -19.6917 11 0
      vertex -19.6916 10.9987 0
    endloop
  endfacet
  facet normal -0 0 -1
    outer loop
      vertex -19.6917 11 0
      vertex -19.7 0.300003 0
      vertex -19.6917 82 0
    endloop
  endfacet
  facet normal -0 0 -1
    outer loop
      vertex -19.6729 10.7139 0
      vertex -19.7 0.300003 0
      vertex -19.6917 11 0
    endloop
  endfacet
  facet normal -0 0 -1
    outer loop
      vertex -19.6172 10.434 0
      vertex -19.7 0.300003 0
      vertex -19.6729 10.7139 0
    endloop
  endfacet
  facet normal -0 0 -1
    outer loop
      vertex -19.617 10.4328 0
      vertex -19.7 0.300003 0
      vertex -19.6172 10.434 0
    endloop
  endfacet
  facet normal -0 0 -1
    outer loop
      vertex -19.6166 10.4315 0
      vertex -19.7 0.300003 0
      vertex -19.617 10.4328 0
    endloop
  endfacet
  facet normal -0 0 -1
    outer loop
      vertex -19.5248 10.1613 0
      vertex -19.7 0.300003 0
      vertex -19.6166 10.4315 0
    endloop
  endfacet
  facet normal -0 0 -1
    outer loop
      vertex -19.5243 10.1601 0
      vertex -19.7 0.300003 0
      vertex -19.5248 10.1613 0
    endloop
  endfacet
  facet normal -0 0 -1
    outer loop
      vertex -19.398 9.90417 0
      vertex -19.7 0.300003 0
      vertex -19.5243 10.1601 0
    endloop
  endfacet
  facet normal -0 0 -1
    outer loop
      vertex -19.3973 9.90308 0
      vertex -19.7 0.300003 0
      vertex -19.398 9.90417 0
    endloop
  endfacet
  facet normal -0 0 -1
    outer loop
      vertex -19.2388 9.6658 0
      vertex -19.7 0.300003 0
      vertex -19.3973 9.90308 0
    endloop
  endfacet
  facet normal -0 0 -1
    outer loop
      vertex -19.0506 9.45124 0
      vertex -19.7 0.300003 0
      vertex -19.2388 9.6658 0
    endloop
  endfacet
  facet normal -0 0 -1
    outer loop
      vertex -19.0488 9.44939 0
      vertex -19.7 0.300003 0
      vertex -19.0497 9.45026 0
    endloop
  endfacet
  facet normal -0 0 -1
    outer loop
      vertex -18.8342 9.26123 0
      vertex -19.7 0.300003 0
      vertex -19.0488 9.44939 0
    endloop
  endfacet
  facet normal -0 0 -1
    outer loop
      vertex -18.5969 9.10269 0
      vertex -19.7 0.300003 0
      vertex -18.8342 9.26123 0
    endloop
  endfacet
  facet normal -0 0 -1
    outer loop
      vertex -18.3399 8.97574 0
      vertex -19.7 0.300003 0
      vertex -18.5958 9.10196 0
    endloop
  endfacet
  facet normal -0 0 -1
    outer loop
      vertex -18.0685 8.88343 0
      vertex -19.7 0.300003 0
      vertex -18.3387 8.97516 0
    endloop
  endfacet
  facet normal -0 0 -1
    outer loop
      vertex -18.066 8.88276 0
      vertex -19.7 0.300003 0
      vertex -18.0672 8.88301 0
    endloop
  endfacet
  facet normal 0 0 -1
    outer loop
      vertex 19.6917 82 0
      vertex 19.7 85.7 0
      vertex 19.6917 11 0
    endloop
  endfacet
  facet normal 0 0 -1
    outer loop
      vertex 19.6916 82.0013 0
      vertex 19.7 85.7 0
      vertex 19.6917 82 0
    endloop
  endfacet
  facet normal 0 0 -1
    outer loop
      vertex 19.6729 82.2861 0
      vertex 19.7 85.7 0
      vertex 19.6916 82.0013 0
    endloop
  endfacet
  facet normal 0 0 -1
    outer loop
      vertex 19.6172 82.566 0
      vertex 19.7 85.7 0
      vertex 19.6729 82.2861 0
    endloop
  endfacet
  facet normal 0 0 -1
    outer loop
      vertex 19.617 82.5672 0
      vertex 19.7 85.7 0
      vertex 19.6172 82.566 0
    endloop
  endfacet
  facet normal 0 0 -1
    outer loop
      vertex 19.6166 82.5685 0
      vertex 19.7 85.7 0
      vertex 19.617 82.5672 0
    endloop
  endfacet
  facet normal 0 0 -1
    outer loop
      vertex 19.5248 82.8387 0
      vertex 19.7 85.7 0
      vertex 19.6166 82.5685 0
    endloop
  endfacet
  facet normal 0 0 -1
    outer loop
      vertex 19.5243 82.8399 0
      vertex 19.7 85.7 0
      vertex 19.5248 82.8387 0
    endloop
  endfacet
  facet normal 0 0 -1
    outer loop
      vertex 19.398 83.0958 0
      vertex 19.7 85.7 0
      vertex 19.5243 82.8399 0
    endloop
  endfacet
  facet normal 0 0 -1
    outer loop
      vertex 19.3973 83.0969 0
      vertex 19.7 85.7 0
      vertex 19.398 83.0958 0
    endloop
  endfacet
  facet normal 0 0 -1
    outer loop
      vertex 19.2388 83.3342 0
      vertex 19.7 85.7 0
      vertex 19.3973 83.0969 0
    endloop
  endfacet
  facet normal 0 0 -1
    outer loop
      vertex 19.0506 83.5488 0
      vertex 19.7 85.7 0
      vertex 19.2388 83.3342 0
    endloop
  endfacet
  facet normal 0 0 -1
    outer loop
      vertex 19.0497 83.5497 0
      vertex 19.7 85.7 0
      vertex 19.0506 83.5488 0
    endloop
  endfacet
  facet normal 0 0 -1
    outer loop
      vertex 19.0488 83.5506 0
      vertex 19.7 85.7 0
      vertex 19.0497 83.5497 0
    endloop
  endfacet
  facet normal 0 0 -1
    outer loop
      vertex 18.8342 83.7388 0
      vertex 19.7 85.7 0
      vertex 19.0488 83.5506 0
    endloop
  endfacet
  facet normal 0 0 -1
    outer loop
      vertex 18.5969 83.8973 0
      vertex 19.7 85.7 0
      vertex 18.8342 83.7388 0
    endloop
  endfacet
  facet normal 0 0 -1
    outer loop
      vertex 18.5958 83.898 0
      vertex 19.7 85.7 0
      vertex 18.5969 83.8973 0
    endloop
  endfacet
  facet normal 0 0 -1
    outer loop
      vertex 18.3399 84.0243 0
      vertex 19.7 85.7 0
      vertex 18.5958 83.898 0
    endloop
  endfacet
  facet normal 0 0 -1
    outer loop
      vertex 18.3387 84.0248 0
      vertex 19.7 85.7 0
      vertex 18.3399 84.0243 0
    endloop
  endfacet
  facet normal 0 0 -1
    outer loop
      vertex 18.0685 84.1166 0
      vertex 19.7 85.7 0
      vertex 18.3387 84.0248 0
    endloop
  endfacet
  facet normal 0 0 -1
    outer loop
      vertex 18.0672 84.117 0
      vertex 19.7 85.7 0
      vertex 18.0685 84.1166 0
    endloop
  endfacet
  facet normal 0 0 -1
    outer loop
      vertex 18.066 84.1172 0
      vertex 19.7 85.7 0
      vertex 18.0672 84.117 0
    endloop
  endfacet
  facet normal 0 0 -1
    outer loop
      vertex 17.7861 84.1729 0
      vertex 19.7 85.7 0
      vertex 18.066 84.1172 0
    endloop
  endfacet
  facet normal 0 0 -1
    outer loop
      vertex 17.5013 84.1916 0
      vertex 19.7 85.7 0
      vertex 17.7861 84.1729 0
    endloop
  endfacet
  facet normal 0 0 -1
    outer loop
      vertex 17.5 84.1917 0
      vertex 19.7 85.7 0
      vertex 17.5013 84.1916 0
    endloop
  endfacet
  facet normal 0 0 -1
    outer loop
      vertex 17.4987 84.1916 0
      vertex 19.7 85.7 0
      vertex 17.5 84.1917 0
    endloop
  endfacet
  facet normal 0 0 -1
    outer loop
      vertex 17.2139 84.1729 0
      vertex 19.7 85.7 0
      vertex 17.4987 84.1916 0
    endloop
  endfacet
  facet normal 0 0 -1
    outer loop
      vertex 16.934 84.1172 0
      vertex 19.7 85.7 0
      vertex 17.2139 84.1729 0
    endloop
  endfacet
  facet normal 0 0 -1
    outer loop
      vertex 16.9328 84.117 0
      vertex 19.7 85.7 0
      vertex 16.934 84.1172 0
    endloop
  endfacet
  facet normal 0 0 -1
    outer loop
      vertex 16.9315 84.1166 0
      vertex 19.7 85.7 0
      vertex 16.9328 84.117 0
    endloop
  endfacet
  facet normal 0 0 -1
    outer loop
      vertex 16.6613 84.0248 0
      vertex 19.7 85.7 0
      vertex 16.9315 84.1166 0
    endloop
  endfacet
  facet normal 0 0 -1
    outer loop
      vertex 16.6601 84.0243 0
      vertex 19.7 85.7 0
      vertex 16.6613 84.0248 0
    endloop
  endfacet
  facet normal 0 0 -1
    outer loop
      vertex 16.4042 83.898 0
      vertex 19.7 85.7 0
      vertex 16.6601 84.0243 0
    endloop
  endfacet
  facet normal 0 0 1
    outer loop
      vertex 15.9503 83.5497 0
      vertex 16.1658 83.7388 0
      vertex 15.9512 83.5506 0
    endloop
  endfacet
  facet normal 0 0 1
    outer loop
      vertex 15.7612 83.3342 0
      vertex 15.9503 83.5497 0
      vertex 15.9494 83.5488 0
    endloop
  endfacet
  facet normal 0 0 1
    outer loop
      vertex 15.383 82.5672 0
      vertex 15.4752 82.8387 0
      vertex 15.3834 82.5685 0
    endloop
  endfacet
  facet normal 0 0 -1
    outer loop
      vertex 15.3084 81.9987 0
      vertex -15.3083 82 0
      vertex 15.3083 82 0
    endloop
  endfacet
  facet normal 0 0 -1
    outer loop
      vertex 15.3083 82 0
      vertex -15.3083 82 0
      vertex 15.3084 82.0013 0
    endloop
  endfacet
  facet normal -0 0 -1
    outer loop
      vertex 15.3084 82.0013 0
      vertex -15.3083 82 0
      vertex 15.3271 82.2861 0
    endloop
  endfacet
  facet normal 0 0 -1
    outer loop
      vertex -15.3084 82.0013 0
      vertex 15.3271 82.2861 0
      vertex -15.3083 82 0
    endloop
  endfacet
  facet normal 0 0 -1
    outer loop
      vertex -15.3271 82.2861 0
      vertex 15.3271 82.2861 0
      vertex -15.3084 82.0013 0
    endloop
  endfacet
  facet normal 0 0 -1
    outer loop
      vertex 15.3271 82.2861 0
      vertex -15.3271 82.2861 0
      vertex 15.3828 82.566 0
    endloop
  endfacet
  facet normal -0 0 -1
    outer loop
      vertex 15.3828 82.566 0
      vertex -15.3271 82.2861 0
      vertex 15.383 82.5672 0
    endloop
  endfacet
  facet normal 0 0 -1
    outer loop
      vertex -15.3828 82.566 0
      vertex 15.383 82.5672 0
      vertex -15.3271 82.2861 0
    endloop
  endfacet
  facet normal 0 0 -1
    outer loop
      vertex -15.383 82.5672 0
      vertex 15.383 82.5672 0
      vertex -15.3828 82.566 0
    endloop
  endfacet
  facet normal 0 0 -1
    outer loop
      vertex 15.383 82.5672 0
      vertex -15.383 82.5672 0
      vertex 15.4752 82.8387 0
    endloop
  endfacet
  facet normal 0 0 -1
    outer loop
      vertex -15.3834 82.5685 0
      vertex 15.4752 82.8387 0
      vertex -15.383 82.5672 0
    endloop
  endfacet
  facet normal 0 0 -1
    outer loop
      vertex -15.4752 82.8387 0
      vertex 15.4752 82.8387 0
      vertex -15.3834 82.5685 0
    endloop
  endfacet
  facet normal 0 0 -1
    outer loop
      vertex 15.4752 82.8387 0
      vertex -15.4752 82.8387 0
      vertex 15.4757 82.8399 0
    endloop
  endfacet
  facet normal -0 0 -1
    outer loop
      vertex 15.4757 82.8399 0
      vertex -15.4752 82.8387 0
      vertex 15.602 83.0958 0
    endloop
  endfacet
  facet normal 0 0 -1
    outer loop
      vertex -15.4757 82.8399 0
      vertex 15.602 83.0958 0
      vertex -15.4752 82.8387 0
    endloop
  endfacet
  facet normal 0 0 -1
    outer loop
      vertex -15.602 83.0958 0
      vertex 15.602 83.0958 0
      vertex -15.4757 82.8399 0
    endloop
  endfacet
  facet normal 0 0 -1
    outer loop
      vertex 15.602 83.0958 0
      vertex -15.602 83.0958 0
      vertex 15.6027 83.0969 0
    endloop
  endfacet
  facet normal -0 0 -1
    outer loop
      vertex 15.6027 83.0969 0
      vertex -15.602 83.0958 0
      vertex 15.7612 83.3342 0
    endloop
  endfacet
  facet normal 0 0 -1
    outer loop
      vertex -15.6027 83.0969 0
      vertex 15.7612 83.3342 0
      vertex -15.602 83.0958 0
    endloop
  endfacet
  facet normal 0 0 -1
    outer loop
      vertex -15.7612 83.3342 0
      vertex 15.7612 83.3342 0
      vertex -15.6027 83.0969 0
    endloop
  endfacet
  facet normal 0 0 -1
    outer loop
      vertex 15.7612 83.3342 0
      vertex -15.7612 83.3342 0
      vertex 15.9503 83.5497 0
    endloop
  endfacet
  facet normal 0 0 -1
    outer loop
      vertex -15.9494 83.5488 0
      vertex 15.9503 83.5497 0
      vertex -15.7612 83.3342 0
    endloop
  endfacet
  facet normal 0 0 -1
    outer loop
      vertex -15.9503 83.5497 0
      vertex 15.9503 83.5497 0
      vertex -15.9494 83.5488 0
    endloop
  endfacet
  facet normal 0 0 -1
    outer loop
      vertex 15.9503 83.5497 0
      vertex -15.9503 83.5497 0
      vertex 16.1658 83.7388 0
    endloop
  endfacet
  facet normal 0 0 -1
    outer loop
      vertex -15.9512 83.5506 0
      vertex 16.1658 83.7388 0
      vertex -15.9503 83.5497 0
    endloop
  endfacet
  facet normal 0 0 -1
    outer loop
      vertex -16.1658 83.7388 0
      vertex 16.1658 83.7388 0
      vertex -15.9512 83.5506 0
    endloop
  endfacet
  facet normal 0 0 -1
    outer loop
      vertex 16.1658 83.7388 0
      vertex -16.1658 83.7388 0
      vertex 16.4031 83.8973 0
    endloop
  endfacet
  facet normal -0 0 -1
    outer loop
      vertex 16.4031 83.8973 0
      vertex -16.1658 83.7388 0
      vertex 16.4042 83.898 0
    endloop
  endfacet
  facet normal 0 0 -1
    outer loop
      vertex -16.4031 83.8973 0
      vertex 16.4042 83.898 0
      vertex -16.1658 83.7388 0
    endloop
  endfacet
  facet normal 0 0 -1
    outer loop
      vertex -16.4042 83.898 0
      vertex 16.4042 83.898 0
      vertex -16.4031 83.8973 0
    endloop
  endfacet
  facet normal 0 0 -1
    outer loop
      vertex 16.4042 83.898 0
      vertex -16.4042 83.898 0
      vertex 19.7 85.7 0
    endloop
  endfacet
  facet normal 0 0 -1
    outer loop
      vertex -16.6601 84.0243 0
      vertex 19.7 85.7 0
      vertex -16.4042 83.898 0
    endloop
  endfacet
  facet normal 0 0 -1
    outer loop
      vertex -16.6613 84.0248 0
      vertex 19.7 85.7 0
      vertex -16.6601 84.0243 0
    endloop
  endfacet
  facet normal 0 0 -1
    outer loop
      vertex -19.7 85.7 0
      vertex -16.6613 84.0248 0
      vertex -16.9315 84.1166 0
    endloop
  endfacet
  facet normal 0 0 -1
    outer loop
      vertex -19.7 85.7 0
      vertex -16.9315 84.1166 0
      vertex -16.9328 84.117 0
    endloop
  endfacet
  facet normal 0 0 -1
    outer loop
      vertex -19.7 85.7 0
      vertex -16.9328 84.117 0
      vertex -16.934 84.1172 0
    endloop
  endfacet
  facet normal 0 0 -1
    outer loop
      vertex -19.7 85.7 0
      vertex -16.934 84.1172 0
      vertex -17.2139 84.1729 0
    endloop
  endfacet
  facet normal 0 0 -1
    outer loop
      vertex -19.7 85.7 0
      vertex -17.2139 84.1729 0
      vertex -17.4987 84.1916 0
    endloop
  endfacet
  facet normal 0 0 -1
    outer loop
      vertex -19.7 85.7 0
      vertex -17.4987 84.1916 0
      vertex -17.5 84.1917 0
    endloop
  endfacet
  facet normal 0 0 -1
    outer loop
      vertex -19.7 85.7 0
      vertex -18.066 84.1172 0
      vertex -18.0672 84.117 0
    endloop
  endfacet
  facet normal 0 0 -1
    outer loop
      vertex -19.7 85.7 0
      vertex -18.3399 84.0243 0
      vertex -18.5958 83.898 0
    endloop
  endfacet
  facet normal 0 0 -1
    outer loop
      vertex -19.7 85.7 0
      vertex -19.0506 83.5488 0
      vertex -19.2388 83.3342 0
    endloop
  endfacet
  facet normal 0 0 -1
    outer loop
      vertex -19.7 85.7 0
      vertex -19.6166 82.5685 0
      vertex -19.617 82.5672 0
    endloop
  endfacet
  facet normal 0 0 -1
    outer loop
      vertex -19.6917 82 0
      vertex -19.6729 82.2861 0
      vertex -19.6916 82.0013 0
    endloop
  endfacet
  facet normal 0 0 -1
    outer loop
      vertex -16.6613 84.0248 0
      vertex -19.7 85.7 0
      vertex 19.7 85.7 0
    endloop
  endfacet
  facet normal 0 0 -1
    outer loop
      vertex -17.5013 84.1916 0
      vertex -19.7 85.7 0
      vertex -17.5 84.1917 0
    endloop
  endfacet
  facet normal 0 0 -1
    outer loop
      vertex -17.7861 84.1729 0
      vertex -19.7 85.7 0
      vertex -17.5013 84.1916 0
    endloop
  endfacet
  facet normal 0 0 -1
    outer loop
      vertex -18.066 84.1172 0
      vertex -19.7 85.7 0
      vertex -17.7861 84.1729 0
    endloop
  endfacet
  facet normal 0 0 -1
    outer loop
      vertex -18.0685 84.1166 0
      vertex -19.7 85.7 0
      vertex -18.0672 84.117 0
    endloop
  endfacet
  facet normal 0 0 -1
    outer loop
      vertex -18.3387 84.0248 0
      vertex -19.7 85.7 0
      vertex -18.0685 84.1166 0
    endloop
  endfacet
  facet normal 0 0 -1
    outer loop
      vertex -18.3399 84.0243 0
      vertex -19.7 85.7 0
      vertex -18.3387 84.0248 0
    endloop
  endfacet
  facet normal 0 0 -1
    outer loop
      vertex -18.5969 83.8973 0
      vertex -19.7 85.7 0
      vertex -18.5958 83.898 0
    endloop
  endfacet
  facet normal 0 0 -1
    outer loop
      vertex -18.8342 83.7388 0
      vertex -19.7 85.7 0
      vertex -18.5969 83.8973 0
    endloop
  endfacet
  facet normal 0 0 -1
    outer loop
      vertex -19.0488 83.5506 0
      vertex -19.7 85.7 0
      vertex -18.8342 83.7388 0
    endloop
  endfacet
  facet normal 0 0 -1
    outer loop
      vertex -19.0497 83.5497 0
      vertex -19.7 85.7 0
      vertex -19.0488 83.5506 0
    endloop
  endfacet
  facet normal 0 0 -1
    outer loop
      vertex -19.0506 83.5488 0
      vertex -19.7 85.7 0
      vertex -19.0497 83.5497 0
    endloop
  endfacet
  facet normal 0 0 -1
    outer loop
      vertex -19.3973 83.0969 0
      vertex -19.7 85.7 0
      vertex -19.2388 83.3342 0
    endloop
  endfacet
  facet normal 0 0 -1
    outer loop
      vertex -19.398 83.0958 0
      vertex -19.7 85.7 0
      vertex -19.3973 83.0969 0
    endloop
  endfacet
  facet normal 0 0 -1
    outer loop
      vertex -19.5243 82.8399 0
      vertex -19.7 85.7 0
      vertex -19.398 83.0958 0
    endloop
  endfacet
  facet normal 0 0 -1
    outer loop
      vertex -19.5248 82.8387 0
      vertex -19.7 85.7 0
      vertex -19.5243 82.8399 0
    endloop
  endfacet
  facet normal 0 0 -1
    outer loop
      vertex -19.6166 82.5685 0
      vertex -19.7 85.7 0
      vertex -19.5248 82.8387 0
    endloop
  endfacet
  facet normal 0 0 -1
    outer loop
      vertex -19.6172 82.566 0
      vertex -19.7 85.7 0
      vertex -19.617 82.5672 0
    endloop
  endfacet
  facet normal 0 0 -1
    outer loop
      vertex -19.6729 82.2861 0
      vertex -19.7 85.7 0
      vertex -19.6172 82.566 0
    endloop
  endfacet
  facet normal 0 0 -1
    outer loop
      vertex -19.6917 82 0
      vertex -19.7 85.7 0
      vertex -19.6729 82.2861 0
    endloop
  endfacet
  facet normal 0 0 -1
    outer loop
      vertex -19.7 85.7 0
      vertex -19.6917 82 0
      vertex -19.7 0.300003 0
    endloop
  endfacet
  facet normal 0 1 -0
    outer loop
      vertex 19.7 85.7 0
      vertex -19.7 85.7 2
      vertex 19.7 85.7 2
    endloop
  endfacet
  facet normal 0 1 0
    outer loop
      vertex -19.7 85.7 2
      vertex 19.7 85.7 0
      vertex -19.7 85.7 0
    endloop
  endfacet
  facet normal 0 -1 0
    outer loop
      vertex -19.7 0.300003 0
      vertex 19.7 0.300003 2
      vertex -19.7 0.300003 2
    endloop
  endfacet
  facet normal 0 -1 -0
    outer loop
      vertex 19.7 0.300003 2
      vertex -19.7 0.300003 0
      vertex 19.7 0.300003 0
    endloop
  endfacet
  facet normal -0 0 1
    outer loop
      vertex -17.3434 80.8103 2
      vertex -12.1733 77.9177 2
      vertex -17.1894 80.8409 2
    endloop
  endfacet
  facet normal 0 0 1
    outer loop
      vertex -13.1733 21.0823 2
      vertex -16.3103 11.1566 2
      vertex -16.3 11 2
    endloop
  endfacet
  facet normal 0 0 1
    outer loop
      vertex -12.1733 77.9177 2
      vertex -17.3434 80.8103 2
      vertex -12.0787 77.639 2
    endloop
  endfacet
  facet normal 0 0 1
    outer loop
      vertex -13.1733 21.0823 2
      vertex -16.3409 11.3106 2
      vertex -16.3103 11.1566 2
    endloop
  endfacet
  facet normal -0 0 1
    outer loop
      vertex -17.5 80.8 2
      vertex -12.0787 77.639 2
      vertex -17.3434 80.8103 2
    endloop
  endfacet
  facet normal 0 0 1
    outer loop
      vertex -13.1733 21.0823 2
      vertex -16.3913 11.4592 2
      vertex -16.3409 11.3106 2
    endloop
  endfacet
  facet normal 0 0 1
    outer loop
      vertex -12.0787 77.639 2
      vertex -17.5 80.8 2
      vertex -11.9486 77.375 2
    endloop
  endfacet
  facet normal 0 0 1
    outer loop
      vertex -13.1733 21.0823 2
      vertex -16.4608 11.6 2
      vertex -16.3913 11.4592 2
    endloop
  endfacet
  facet normal 0 0 1
    outer loop
      vertex -17.6566 80.8103 2
      vertex -11.9486 77.375 2
      vertex -17.5 80.8 2
    endloop
  endfacet
  facet normal 0 0 1
    outer loop
      vertex -13.1733 21.0823 2
      vertex -16.548 11.7305 2
      vertex -16.4608 11.6 2
    endloop
  endfacet
  facet normal 0 0 1
    outer loop
      vertex -11.9486 77.375 2
      vertex -17.6566 80.8103 2
      vertex -11.785 77.1303 2
    endloop
  endfacet
  facet normal 0 0 1
    outer loop
      vertex -13.1733 21.0823 2
      vertex -16.6515 11.8485 2
      vertex -16.548 11.7305 2
    endloop
  endfacet
  facet normal 0 0 1
    outer loop
      vertex -17.8106 80.8409 2
      vertex -11.785 77.1303 2
      vertex -17.6566 80.8103 2
    endloop
  endfacet
  facet normal 0 0 1
    outer loop
      vertex -13.1733 21.0823 2
      vertex -16.7695 11.952 2
      vertex -16.6515 11.8485 2
    endloop
  endfacet
  facet normal 0 0 1
    outer loop
      vertex -11.785 77.1303 2
      vertex -17.8106 80.8409 2
      vertex -11.591 76.909 2
    endloop
  endfacet
  facet normal 0 0 1
    outer loop
      vertex -13.1733 21.0823 2
      vertex -16.9 12.0392 2
      vertex -16.7695 11.952 2
    endloop
  endfacet
  facet normal 0 0 1
    outer loop
      vertex -17.9592 80.8913 2
      vertex -11.591 76.909 2
      vertex -17.8106 80.8409 2
    endloop
  endfacet
  facet normal 0 0 1
    outer loop
      vertex -13.1733 21.0823 2
      vertex -17.0408 12.1087 2
      vertex -16.9 12.0392 2
    endloop
  endfacet
  facet normal 0 0 1
    outer loop
      vertex -11.591 76.909 2
      vertex -17.9592 80.8913 2
      vertex -12.591 22.091 2
    endloop
  endfacet
  facet normal 0 0 1
    outer loop
      vertex -13.1733 21.0823 2
      vertex -17.1894 12.1591 2
      vertex -17.0408 12.1087 2
    endloop
  endfacet
  facet normal 0 0 1
    outer loop
      vertex -18.1 80.9608 2
      vertex -12.591 22.091 2
      vertex -17.9592 80.8913 2
    endloop
  endfacet
  facet normal 0 0 1
    outer loop
      vertex -13.1733 21.0823 2
      vertex -17.3434 12.1897 2
      vertex -17.1894 12.1591 2
    endloop
  endfacet
  facet normal 0 0 1
    outer loop
      vertex -18.2305 81.048 2
      vertex -12.591 22.091 2
      vertex -18.1 80.9608 2
    endloop
  endfacet
  facet normal 0 0 1
    outer loop
      vertex -13.1733 21.0823 2
      vertex -17.5 12.2 2
      vertex -17.3434 12.1897 2
    endloop
  endfacet
  facet normal 0 0 1
    outer loop
      vertex -12.591 22.091 2
      vertex -18.2305 81.048 2
      vertex -12.785 21.8697 2
    endloop
  endfacet
  facet normal 0 0 1
    outer loop
      vertex -13.1733 21.0823 2
      vertex -17.6566 12.1897 2
      vertex -17.5 12.2 2
    endloop
  endfacet
  facet normal 0 0 1
    outer loop
      vertex -18.3485 81.1515 2
      vertex -12.785 21.8697 2
      vertex -18.2305 81.048 2
    endloop
  endfacet
  facet normal 0 0 1
    outer loop
      vertex -13.1733 21.0823 2
      vertex -17.8106 12.1591 2
      vertex -17.6566 12.1897 2
    endloop
  endfacet
  facet normal 0 0 1
    outer loop
      vertex -12.785 21.8697 2
      vertex -18.3485 81.1515 2
      vertex -12.9486 21.625 2
    endloop
  endfacet
  facet normal 0 0 1
    outer loop
      vertex -13.1733 21.0823 2
      vertex -17.9592 12.1087 2
      vertex -17.8106 12.1591 2
    endloop
  endfacet
  facet normal 0 0 1
    outer loop
      vertex -18.452 81.2695 2
      vertex -12.9486 21.625 2
      vertex -18.3485 81.1515 2
    endloop
  endfacet
  facet normal 0 0 1
    outer loop
      vertex -13.1733 21.0823 2
      vertex -18.1 12.0392 2
      vertex -17.9592 12.1087 2
    endloop
  endfacet
  facet normal 0 0 1
    outer loop
      vertex -12.9486 21.625 2
      vertex -18.452 81.2695 2
      vertex -13.0787 21.361 2
    endloop
  endfacet
  facet normal 0 0 1
    outer loop
      vertex -13.1733 21.0823 2
      vertex -18.2305 11.952 2
      vertex -18.1 12.0392 2
    endloop
  endfacet
  facet normal 0 0 1
    outer loop
      vertex -18.452 11.7305 2
      vertex -13.0787 21.361 2
      vertex -18.452 81.2695 2
    endloop
  endfacet
  facet normal 0 0 1
    outer loop
      vertex -13.1733 21.0823 2
      vertex -18.3485 11.8485 2
      vertex -18.2305 11.952 2
    endloop
  endfacet
  facet normal 0 0 1
    outer loop
      vertex -13.0787 21.361 2
      vertex -18.452 11.7305 2
      vertex -13.1733 21.0823 2
    endloop
  endfacet
  facet normal 0 0 1
    outer loop
      vertex -13.1733 21.0823 2
      vertex -18.452 11.7305 2
      vertex -18.3485 11.8485 2
    endloop
  endfacet
  facet normal 0 0 1
    outer loop
      vertex -18.5392 81.4 2
      vertex -18.452 11.7305 2
      vertex -18.452 81.2695 2
    endloop
  endfacet
  facet normal 0 0 1
    outer loop
      vertex -18.5392 81.4 2
      vertex -18.5392 11.6 2
      vertex -18.452 11.7305 2
    endloop
  endfacet
  facet normal 0 0 1
    outer loop
      vertex -18.6087 81.5408 2
      vertex -18.5392 11.6 2
      vertex -18.5392 81.4 2
    endloop
  endfacet
  facet normal 0 0 1
    outer loop
      vertex -18.6087 81.5408 2
      vertex -18.6087 11.4592 2
      vertex -18.5392 11.6 2
    endloop
  endfacet
  facet normal 0 0 1
    outer loop
      vertex -18.6591 81.6894 2
      vertex -18.6087 11.4592 2
      vertex -18.6087 81.5408 2
    endloop
  endfacet
  facet normal 0 0 1
    outer loop
      vertex -18.6591 81.6894 2
      vertex -18.6591 11.3106 2
      vertex -18.6087 11.4592 2
    endloop
  endfacet
  facet normal 0 0 1
    outer loop
      vertex -19.7 85.7 2
      vertex -18.6591 81.6894 2
      vertex -18.6897 81.8434 2
    endloop
  endfacet
  facet normal 0 0 1
    outer loop
      vertex -18.6591 81.6894 2
      vertex -19.7 85.7 2
      vertex -18.6591 11.3106 2
    endloop
  endfacet
  facet normal 0 0 1
    outer loop
      vertex -19.7 85.7 2
      vertex -18.6897 81.8434 2
      vertex -18.7 82 2
    endloop
  endfacet
  facet normal 0 0 1
    outer loop
      vertex -18.6591 11.3106 2
      vertex -19.7 85.7 2
      vertex -18.6897 11.1566 2
    endloop
  endfacet
  facet normal 0 0 1
    outer loop
      vertex 5.76925 20.7937 2
      vertex -8.76925 20.7937 2
      vertex -8.75 20.5 2
    endloop
  endfacet
  facet normal 0 0 1
    outer loop
      vertex 5.41766 76.3267 2
      vertex -8.82667 21.0823 2
      vertex -8.76925 20.7937 2
    endloop
  endfacet
  facet normal 0 0 1
    outer loop
      vertex 5.13896 76.4213 2
      vertex -9.13896 76.4213 2
      vertex 5.41766 76.3267 2
    endloop
  endfacet
  facet normal 0 0 1
    outer loop
      vertex 5.41766 76.3267 2
      vertex -8.92127 21.361 2
      vertex -8.82667 21.0823 2
    endloop
  endfacet
  facet normal 0 0 1
    outer loop
      vertex 5.41766 76.3267 2
      vertex -9.05144 21.625 2
      vertex -8.92127 21.361 2
    endloop
  endfacet
  facet normal 0 0 1
    outer loop
      vertex -9.41766 76.3267 2
      vertex 5.41766 76.3267 2
      vertex -9.13896 76.4213 2
    endloop
  endfacet
  facet normal 0 0 1
    outer loop
      vertex 5.41766 76.3267 2
      vertex -9.21495 21.8697 2
      vertex -9.05144 21.625 2
    endloop
  endfacet
  facet normal 0 0 1
    outer loop
      vertex 5.41766 76.3267 2
      vertex -9.40901 22.091 2
      vertex -9.21495 21.8697 2
    endloop
  endfacet
  facet normal 0 0 1
    outer loop
      vertex -10.4177 22.6733 2
      vertex 5.41766 76.3267 2
      vertex -9.41766 76.3267 2
    endloop
  endfacet
  facet normal 0 0 1
    outer loop
      vertex 5.41766 76.3267 2
      vertex -9.63029 22.285 2
      vertex -9.40901 22.091 2
    endloop
  endfacet
  facet normal 0 0 1
    outer loop
      vertex -10.4177 22.6733 2
      vertex -9.41766 76.3267 2
      vertex -9.70632 76.2692 2
    endloop
  endfacet
  facet normal 0 0 1
    outer loop
      vertex 5.41766 76.3267 2
      vertex -9.875 22.4486 2
      vertex -9.63029 22.285 2
    endloop
  endfacet
  facet normal 0 0 1
    outer loop
      vertex -10.7063 22.7308 2
      vertex -9.70632 76.2692 2
      vertex -10 76.25 2
    endloop
  endfacet
  facet normal 0 0 1
    outer loop
      vertex 5.41766 76.3267 2
      vertex -10.139 22.5787 2
      vertex -9.875 22.4486 2
    endloop
  endfacet
  facet normal 0 0 1
    outer loop
      vertex -11 22.75 2
      vertex -10 76.25 2
      vertex -10.2937 76.2692 2
    endloop
  endfacet
  facet normal 0 0 1
    outer loop
      vertex 5.41766 76.3267 2
      vertex -10.4177 22.6733 2
      vertex -10.139 22.5787 2
    endloop
  endfacet
  facet normal 0 0 1
    outer loop
      vertex -11.2937 22.7308 2
      vertex -10.2937 76.2692 2
      vertex -10.5823 76.3267 2
    endloop
  endfacet
  facet normal 0 0 1
    outer loop
      vertex -9.70632 76.2692 2
      vertex -10.7063 22.7308 2
      vertex -10.4177 22.6733 2
    endloop
  endfacet
  facet normal 0 0 1
    outer loop
      vertex -11.5823 22.6733 2
      vertex -10.5823 76.3267 2
      vertex -10.861 76.4213 2
    endloop
  endfacet
  facet normal 0 0 1
    outer loop
      vertex -10 76.25 2
      vertex -11 22.75 2
      vertex -10.7063 22.7308 2
    endloop
  endfacet
  facet normal 0 0 1
    outer loop
      vertex -11.861 22.5787 2
      vertex -10.861 76.4213 2
      vertex -11.125 76.5514 2
    endloop
  endfacet
  facet normal 0 0 1
    outer loop
      vertex -10.2937 76.2692 2
      vertex -11.2937 22.7308 2
      vertex -11 22.75 2
    endloop
  endfacet
  facet normal 0 0 1
    outer loop
      vertex -12.125 22.4486 2
      vertex -11.125 76.5514 2
      vertex -11.3697 76.715 2
    endloop
  endfacet
  facet normal 0 0 1
    outer loop
      vertex -10.5823 76.3267 2
      vertex -11.5823 22.6733 2
      vertex -11.2937 22.7308 2
    endloop
  endfacet
  facet normal 0 0 1
    outer loop
      vertex -12.3697 22.285 2
      vertex -11.3697 76.715 2
      vertex -11.591 76.909 2
    endloop
  endfacet
  facet normal -0 0 1
    outer loop
      vertex -17.0408 80.8913 2
      vertex -12.2308 78.2063 2
      vertex -16.9 80.9608 2
    endloop
  endfacet
  facet normal 0 0 1
    outer loop
      vertex -10.861 76.4213 2
      vertex -11.861 22.5787 2
      vertex -11.5823 22.6733 2
    endloop
  endfacet
  facet normal 0 0 1
    outer loop
      vertex -12.1733 79.0823 2
      vertex -16.6515 81.1515 2
      vertex -12.2308 78.7937 2
    endloop
  endfacet
  facet normal -0 0 1
    outer loop
      vertex -16.6515 81.1515 2
      vertex -12.1733 79.0823 2
      vertex -16.548 81.2695 2
    endloop
  endfacet
  facet normal 0 0 1
    outer loop
      vertex -11.125 76.5514 2
      vertex -12.125 22.4486 2
      vertex -11.861 22.5787 2
    endloop
  endfacet
  facet normal -0 0 1
    outer loop
      vertex -16.548 81.2695 2
      vertex -12.1733 79.0823 2
      vertex -16.4608 81.4 2
    endloop
  endfacet
  facet normal 0 0 1
    outer loop
      vertex -12.0787 79.361 2
      vertex -16.4608 81.4 2
      vertex -12.1733 79.0823 2
    endloop
  endfacet
  facet normal -0 0 1
    outer loop
      vertex -16.4608 81.4 2
      vertex -12.0787 79.361 2
      vertex -16.3913 81.5408 2
    endloop
  endfacet
  facet normal 0 0 1
    outer loop
      vertex -11.3697 76.715 2
      vertex -12.3697 22.285 2
      vertex -12.125 22.4486 2
    endloop
  endfacet
  facet normal 0 0 1
    outer loop
      vertex 18.6591 81.6894 2
      vertex 19.7 85.7 2
      vertex 18.6897 81.8434 2
    endloop
  endfacet
  facet normal 0 0 1
    outer loop
      vertex 19.7 85.7 2
      vertex 18.6897 11.1566 2
      vertex 18.7 11 2
    endloop
  endfacet
  facet normal 0 0 1
    outer loop
      vertex 18.6591 11.3106 2
      vertex 19.7 85.7 2
      vertex 18.6591 81.6894 2
    endloop
  endfacet
  facet normal 0 0 1
    outer loop
      vertex 19.7 85.7 2
      vertex 18.6591 11.3106 2
      vertex 18.6897 11.1566 2
    endloop
  endfacet
  facet normal -0 0 1
    outer loop
      vertex 18.6087 81.5408 2
      vertex 18.6591 11.3106 2
      vertex 18.6591 81.6894 2
    endloop
  endfacet
  facet normal 0 0 1
    outer loop
      vertex 18.6087 81.5408 2
      vertex 18.6087 11.4592 2
      vertex 18.6591 11.3106 2
    endloop
  endfacet
  facet normal -0 0 1
    outer loop
      vertex 18.5392 81.4 2
      vertex 18.6087 11.4592 2
      vertex 18.6087 81.5408 2
    endloop
  endfacet
  facet normal 0 0 1
    outer loop
      vertex 18.5392 81.4 2
      vertex 18.5392 11.6 2
      vertex 18.6087 11.4592 2
    endloop
  endfacet
  facet normal -0 0 1
    outer loop
      vertex 18.452 81.2695 2
      vertex 18.5392 11.6 2
      vertex 18.5392 81.4 2
    endloop
  endfacet
  facet normal 0 0 1
    outer loop
      vertex 18.452 81.2695 2
      vertex 18.452 11.7305 2
      vertex 18.5392 11.6 2
    endloop
  endfacet
  facet normal -0 0 1
    outer loop
      vertex 18.3485 81.1515 2
      vertex 18.452 11.7305 2
      vertex 18.452 81.2695 2
    endloop
  endfacet
  facet normal 0 0 1
    outer loop
      vertex 18.3485 81.1515 2
      vertex 18.3485 11.8485 2
      vertex 18.452 11.7305 2
    endloop
  endfacet
  facet normal -0 0 1
    outer loop
      vertex 18.2305 81.048 2
      vertex 18.3485 11.8485 2
      vertex 18.3485 81.1515 2
    endloop
  endfacet
  facet normal 0 0 1
    outer loop
      vertex 18.2305 81.048 2
      vertex 18.2305 11.952 2
      vertex 18.3485 11.8485 2
    endloop
  endfacet
  facet normal 0 0 1
    outer loop
      vertex 9.78504 21.8697 2
      vertex 18.2305 81.048 2
      vertex 18.1 80.9608 2
    endloop
  endfacet
  facet normal 0 0 1
    outer loop
      vertex 18.2305 81.048 2
      vertex 9.94856 21.625 2
      vertex 18.2305 11.952 2
    endloop
  endfacet
  facet normal 0 0 1
    outer loop
      vertex 9.59099 22.091 2
      vertex 18.1 80.9608 2
      vertex 17.9592 80.8913 2
    endloop
  endfacet
  facet normal -0 -0 1
    outer loop
      vertex 10.0787 21.361 2
      vertex 18.2305 11.952 2
      vertex 9.94856 21.625 2
    endloop
  endfacet
  facet normal 0 0 1
    outer loop
      vertex 9.36971 22.285 2
      vertex 17.9592 80.8913 2
      vertex 17.8106 80.8409 2
    endloop
  endfacet
  facet normal 0 0 1
    outer loop
      vertex 18.2305 11.952 2
      vertex 10.0787 21.361 2
      vertex 18.1 12.0392 2
    endloop
  endfacet
  facet normal 0 0 1
    outer loop
      vertex 9.125 22.4486 2
      vertex 17.8106 80.8409 2
      vertex 17.6566 80.8103 2
    endloop
  endfacet
  facet normal -0 -0 1
    outer loop
      vertex 10.1733 21.0823 2
      vertex 18.1 12.0392 2
      vertex 10.0787 21.361 2
    endloop
  endfacet
  facet normal 0 0 1
    outer loop
      vertex 7.36971 76.715 2
      vertex 17.6566 80.8103 2
      vertex 17.5 80.8 2
    endloop
  endfacet
  facet normal 0 0 1
    outer loop
      vertex 18.1 12.0392 2
      vertex 10.1733 21.0823 2
      vertex 17.9592 12.1087 2
    endloop
  endfacet
  facet normal 0 0 1
    outer loop
      vertex 7.59099 76.909 2
      vertex 17.5 80.8 2
      vertex 17.3434 80.8103 2
    endloop
  endfacet
  facet normal 0 0 1
    outer loop
      vertex 17.9592 12.1087 2
      vertex 10.1733 21.0823 2
      vertex 17.8106 12.1591 2
    endloop
  endfacet
  facet normal 0 0 1
    outer loop
      vertex 7.78504 77.1303 2
      vertex 17.3434 80.8103 2
      vertex 17.1894 80.8409 2
    endloop
  endfacet
  facet normal -0 -0 1
    outer loop
      vertex 10.2308 20.7937 2
      vertex 17.8106 12.1591 2
      vertex 10.1733 21.0823 2
    endloop
  endfacet
  facet normal 0 0 1
    outer loop
      vertex 7.94856 77.375 2
      vertex 17.1894 80.8409 2
      vertex 17.0408 80.8913 2
    endloop
  endfacet
  facet normal 0 0 1
    outer loop
      vertex 17.8106 12.1591 2
      vertex 10.2308 20.7937 2
      vertex 17.6566 12.1897 2
    endloop
  endfacet
  facet normal 0 0 1
    outer loop
      vertex 8.07873 77.639 2
      vertex 17.0408 80.8913 2
      vertex 16.9 80.9608 2
    endloop
  endfacet
  facet normal -0 -0 1
    outer loop
      vertex 10.25 20.5 2
      vertex 17.6566 12.1897 2
      vertex 10.2308 20.7937 2
    endloop
  endfacet
  facet normal 0 0 1
    outer loop
      vertex 8.17333 77.9177 2
      vertex 16.9 80.9608 2
      vertex 16.7695 81.048 2
    endloop
  endfacet
  facet normal 0 0 1
    outer loop
      vertex 17.6566 12.1897 2
      vertex 10.25 20.5 2
      vertex 17.5 12.2 2
    endloop
  endfacet
  facet normal 0 0 1
    outer loop
      vertex 8.23075 78.2063 2
      vertex 16.7695 81.048 2
      vertex 16.6515 81.1515 2
    endloop
  endfacet
  facet normal -0 0 1
    outer loop
      vertex 10.2308 20.2063 2
      vertex 17.5 12.2 2
      vertex 10.25 20.5 2
    endloop
  endfacet
  facet normal 0 0 1
    outer loop
      vertex 8.23075 78.2063 2
      vertex 16.6515 81.1515 2
      vertex 16.548 81.2695 2
    endloop
  endfacet
  facet normal 0 0 1
    outer loop
      vertex 17.5 12.2 2
      vertex 10.2308 20.2063 2
      vertex 17.3434 12.1897 2
    endloop
  endfacet
  facet normal 0 0 1
    outer loop
      vertex 8.25 78.5 2
      vertex 16.548 81.2695 2
      vertex 16.4608 81.4 2
    endloop
  endfacet
  facet normal -0 0 1
    outer loop
      vertex 10.1733 19.9177 2
      vertex 17.3434 12.1897 2
      vertex 10.2308 20.2063 2
    endloop
  endfacet
  facet normal 0 0 1
    outer loop
      vertex 8.23075 78.7937 2
      vertex 16.4608 81.4 2
      vertex 16.3913 81.5408 2
    endloop
  endfacet
  facet normal 0 0 1
    outer loop
      vertex 17.3434 12.1897 2
      vertex 10.1733 19.9177 2
      vertex 17.1894 12.1591 2
    endloop
  endfacet
  facet normal 0 0 1
    outer loop
      vertex 8.17333 79.0823 2
      vertex 16.3913 81.5408 2
      vertex 16.3409 81.6894 2
    endloop
  endfacet
  facet normal 0 0 1
    outer loop
      vertex 17.1894 12.1591 2
      vertex 10.0787 19.639 2
      vertex 17.0408 12.1087 2
    endloop
  endfacet
  facet normal 0 0 1
    outer loop
      vertex 8.07873 79.361 2
      vertex 16.3409 81.6894 2
      vertex 16.3103 81.8434 2
    endloop
  endfacet
  facet normal -0 0 1
    outer loop
      vertex 9.94856 19.375 2
      vertex 17.0408 12.1087 2
      vertex 10.0787 19.639 2
    endloop
  endfacet
  facet normal 0 0 1
    outer loop
      vertex 7.94856 79.625 2
      vertex 16.3103 81.8434 2
      vertex 16.3 82 2
    endloop
  endfacet
  facet normal 0 0 1
    outer loop
      vertex 17.0408 12.1087 2
      vertex 9.94856 19.375 2
      vertex 16.9 12.0392 2
    endloop
  endfacet
  facet normal 0 0 1
    outer loop
      vertex 18.6897 81.8434 2
      vertex 19.7 85.7 2
      vertex 18.7 82 2
    endloop
  endfacet
  facet normal 0 0 1
    outer loop
      vertex 19.7 85.7 2
      vertex 18.6897 82.1566 2
      vertex 18.7 82 2
    endloop
  endfacet
  facet normal 0 0 1
    outer loop
      vertex 19.7 85.7 2
      vertex 18.6591 82.3106 2
      vertex 18.6897 82.1566 2
    endloop
  endfacet
  facet normal 0 0 1
    outer loop
      vertex 19.7 85.7 2
      vertex 18.6087 82.4592 2
      vertex 18.6591 82.3106 2
    endloop
  endfacet
  facet normal 0 0 1
    outer loop
      vertex 19.7 85.7 2
      vertex 18.5392 82.6 2
      vertex 18.6087 82.4592 2
    endloop
  endfacet
  facet normal 0 0 1
    outer loop
      vertex 19.7 85.7 2
      vertex 18.452 82.7305 2
      vertex 18.5392 82.6 2
    endloop
  endfacet
  facet normal 0 0 1
    outer loop
      vertex 19.7 85.7 2
      vertex 18.3485 82.8485 2
      vertex 18.452 82.7305 2
    endloop
  endfacet
  facet normal 0 0 1
    outer loop
      vertex 19.7 85.7 2
      vertex 18.2305 82.952 2
      vertex 18.3485 82.8485 2
    endloop
  endfacet
  facet normal 0 0 1
    outer loop
      vertex 19.7 85.7 2
      vertex 18.1 83.0392 2
      vertex 18.2305 82.952 2
    endloop
  endfacet
  facet normal 0 0 1
    outer loop
      vertex 19.7 85.7 2
      vertex 17.9592 83.1087 2
      vertex 18.1 83.0392 2
    endloop
  endfacet
  facet normal 0 0 1
    outer loop
      vertex 19.7 85.7 2
      vertex 17.8106 83.1591 2
      vertex 17.9592 83.1087 2
    endloop
  endfacet
  facet normal 0 0 1
    outer loop
      vertex 19.7 85.7 2
      vertex 17.6566 83.1897 2
      vertex 17.8106 83.1591 2
    endloop
  endfacet
  facet normal 0 0 1
    outer loop
      vertex 19.7 85.7 2
      vertex 17.5 83.2 2
      vertex 17.6566 83.1897 2
    endloop
  endfacet
  facet normal 0 0 1
    outer loop
      vertex 19.7 85.7 2
      vertex 17.3434 83.1897 2
      vertex 17.5 83.2 2
    endloop
  endfacet
  facet normal 0 0 1
    outer loop
      vertex 19.7 85.7 2
      vertex 17.1894 83.1591 2
      vertex 17.3434 83.1897 2
    endloop
  endfacet
  facet normal 0 0 1
    outer loop
      vertex 19.7 85.7 2
      vertex 17.0408 83.1087 2
      vertex 17.1894 83.1591 2
    endloop
  endfacet
  facet normal 0 0 1
    outer loop
      vertex 19.7 85.7 2
      vertex 16.9 83.0392 2
      vertex 17.0408 83.1087 2
    endloop
  endfacet
  facet normal 0 0 1
    outer loop
      vertex 19.7 85.7 2
      vertex 16.7695 82.952 2
      vertex 16.9 83.0392 2
    endloop
  endfacet
  facet normal 0 0 1
    outer loop
      vertex 6.29368 80.7308 2
      vertex 16.7695 82.952 2
      vertex 19.7 85.7 2
    endloop
  endfacet
  facet normal -0 0 1
    outer loop
      vertex 9.78504 19.1303 2
      vertex 16.9 12.0392 2
      vertex 9.94856 19.375 2
    endloop
  endfacet
  facet normal 0 0 1
    outer loop
      vertex 7.78504 79.8697 2
      vertex 16.3 82 2
      vertex 16.3103 82.1566 2
    endloop
  endfacet
  facet normal 0 0 1
    outer loop
      vertex 16.7695 11.952 2
      vertex 9.59099 18.909 2
      vertex 16.6515 11.8485 2
    endloop
  endfacet
  facet normal -0 0 1
    outer loop
      vertex 9.59099 18.909 2
      vertex 16.7695 11.952 2
      vertex 9.78504 19.1303 2
    endloop
  endfacet
  facet normal 0 0 1
    outer loop
      vertex 16.9 12.0392 2
      vertex 9.78504 19.1303 2
      vertex 16.7695 11.952 2
    endloop
  endfacet
  facet normal -0 0 1
    outer loop
      vertex 10.0787 19.639 2
      vertex 17.1894 12.1591 2
      vertex 10.1733 19.9177 2
    endloop
  endfacet
  facet normal 0 0 1
    outer loop
      vertex 18.2305 81.048 2
      vertex 9.78504 21.8697 2
      vertex 9.94856 21.625 2
    endloop
  endfacet
  facet normal 0 0 1
    outer loop
      vertex 18.1 80.9608 2
      vertex 9.59099 22.091 2
      vertex 9.78504 21.8697 2
    endloop
  endfacet
  facet normal 0 0 1
    outer loop
      vertex 17.9592 80.8913 2
      vertex 9.36971 22.285 2
      vertex 9.59099 22.091 2
    endloop
  endfacet
  facet normal 0 0 1
    outer loop
      vertex 17.6566 80.8103 2
      vertex 7.36971 76.715 2
      vertex 7.125 76.5514 2
    endloop
  endfacet
  facet normal 0 0 1
    outer loop
      vertex 17.8106 80.8409 2
      vertex 9.125 22.4486 2
      vertex 9.36971 22.285 2
    endloop
  endfacet
  facet normal 0 0 1
    outer loop
      vertex 17.6566 80.8103 2
      vertex 7.125 76.5514 2
      vertex 9.125 22.4486 2
    endloop
  endfacet
  facet normal 0 0 1
    outer loop
      vertex 9.125 22.4486 2
      vertex 7.125 76.5514 2
      vertex 8.86104 22.5787 2
    endloop
  endfacet
  facet normal 0 0 1
    outer loop
      vertex 16.548 81.2695 2
      vertex 8.25 78.5 2
      vertex 8.23075 78.2063 2
    endloop
  endfacet
  facet normal 0 0 1
    outer loop
      vertex 7.78504 79.8697 2
      vertex 16.3103 82.1566 2
      vertex 16.3409 82.3106 2
    endloop
  endfacet
  facet normal 0 0 1
    outer loop
      vertex 7.59099 80.091 2
      vertex 16.3409 82.3106 2
      vertex 16.3913 82.4592 2
    endloop
  endfacet
  facet normal 0 0 1
    outer loop
      vertex 7.36971 80.285 2
      vertex 16.3913 82.4592 2
      vertex 16.4608 82.6 2
    endloop
  endfacet
  facet normal 0 0 1
    outer loop
      vertex 7.125 80.4486 2
      vertex 16.4608 82.6 2
      vertex 16.548 82.7305 2
    endloop
  endfacet
  facet normal 0 0 1
    outer loop
      vertex 6.86104 80.5787 2
      vertex 16.548 82.7305 2
      vertex 16.6515 82.8485 2
    endloop
  endfacet
  facet normal 0 -0 1
    outer loop
      vertex 6.58234 80.6733 2
      vertex 16.7695 82.952 2
      vertex 6.29368 80.7308 2
    endloop
  endfacet
  facet normal 0 0 1
    outer loop
      vertex 16.4608 81.4 2
      vertex 8.23075 78.7937 2
      vertex 8.25 78.5 2
    endloop
  endfacet
  facet normal 0 0 1
    outer loop
      vertex 16.3913 81.5408 2
      vertex 8.17333 79.0823 2
      vertex 8.23075 78.7937 2
    endloop
  endfacet
  facet normal 0 0 1
    outer loop
      vertex 16.3409 81.6894 2
      vertex 8.07873 79.361 2
      vertex 8.17333 79.0823 2
    endloop
  endfacet
  facet normal 0 0 1
    outer loop
      vertex 16.3103 81.8434 2
      vertex 7.94856 79.625 2
      vertex 8.07873 79.361 2
    endloop
  endfacet
  facet normal 0 0 1
    outer loop
      vertex 16.3 82 2
      vertex 7.78504 79.8697 2
      vertex 7.94856 79.625 2
    endloop
  endfacet
  facet normal 0 0 1
    outer loop
      vertex 16.3409 82.3106 2
      vertex 7.59099 80.091 2
      vertex 7.78504 79.8697 2
    endloop
  endfacet
  facet normal 0 0 1
    outer loop
      vertex 16.3913 82.4592 2
      vertex 7.36971 80.285 2
      vertex 7.59099 80.091 2
    endloop
  endfacet
  facet normal 0 0 1
    outer loop
      vertex 16.4608 82.6 2
      vertex 7.125 80.4486 2
      vertex 7.36971 80.285 2
    endloop
  endfacet
  facet normal 0 0 1
    outer loop
      vertex 16.548 82.7305 2
      vertex 6.86104 80.5787 2
      vertex 7.125 80.4486 2
    endloop
  endfacet
  facet normal 0 0 1
    outer loop
      vertex 16.6515 82.8485 2
      vertex 6.58234 80.6733 2
      vertex 6.86104 80.5787 2
    endloop
  endfacet
  facet normal 0 0 1
    outer loop
      vertex 16.7695 82.952 2
      vertex 6.58234 80.6733 2
      vertex 16.6515 82.8485 2
    endloop
  endfacet
  facet normal 0 0 1
    outer loop
      vertex 19.7 85.7 2
      vertex 6 80.75 2
      vertex 6.29368 80.7308 2
    endloop
  endfacet
  facet normal 0 0 1
    outer loop
      vertex 19.7 85.7 2
      vertex 5.70632 80.7308 2
      vertex 6 80.75 2
    endloop
  endfacet
  facet normal -0 0 1
    outer loop
      vertex -19.7 85.7 2
      vertex 5.70632 80.7308 2
      vertex 19.7 85.7 2
    endloop
  endfacet
  facet normal 0 0 1
    outer loop
      vertex 5.70632 80.7308 2
      vertex -19.7 85.7 2
      vertex 5.41766 80.6733 2
    endloop
  endfacet
  facet normal 0 0 1
    outer loop
      vertex 3.76925 78.7937 2
      vertex -7.75 78.5 2
      vertex 3.75 78.5 2
    endloop
  endfacet
  facet normal 0 0 1
    outer loop
      vertex -7.76925 78.7937 2
      vertex 3.76925 78.7937 2
      vertex 3.82667 79.0823 2
    endloop
  endfacet
  facet normal 0 0 1
    outer loop
      vertex -7.82667 79.0823 2
      vertex 3.82667 79.0823 2
      vertex 3.92127 79.361 2
    endloop
  endfacet
  facet normal 0 0 1
    outer loop
      vertex -7.92127 79.361 2
      vertex 3.92127 79.361 2
      vertex 4.05144 79.625 2
    endloop
  endfacet
  facet normal 0 0 1
    outer loop
      vertex -8.05144 79.625 2
      vertex 4.05144 79.625 2
      vertex 4.21495 79.8697 2
    endloop
  endfacet
  facet normal 0 0 1
    outer loop
      vertex -8.21495 79.8697 2
      vertex 4.21495 79.8697 2
      vertex 4.40901 80.091 2
    endloop
  endfacet
  facet normal 0 0 1
    outer loop
      vertex -8.40901 80.091 2
      vertex 4.40901 80.091 2
      vertex 4.63029 80.285 2
    endloop
  endfacet
  facet normal 0 0 1
    outer loop
      vertex -8.63029 80.285 2
      vertex 4.63029 80.285 2
      vertex 4.875 80.4486 2
    endloop
  endfacet
  facet normal 0 0 1
    outer loop
      vertex -8.875 80.4486 2
      vertex 4.875 80.4486 2
      vertex 5.13896 80.5787 2
    endloop
  endfacet
  facet normal 0 -0 1
    outer loop
      vertex -9.41766 80.6733 2
      vertex 5.41766 80.6733 2
      vertex -19.7 85.7 2
    endloop
  endfacet
  facet normal 0 0 1
    outer loop
      vertex 3.76925 78.7937 2
      vertex -7.76925 78.7937 2
      vertex -7.75 78.5 2
    endloop
  endfacet
  facet normal 0 0 1
    outer loop
      vertex 3.82667 79.0823 2
      vertex -7.82667 79.0823 2
      vertex -7.76925 78.7937 2
    endloop
  endfacet
  facet normal 0 0 1
    outer loop
      vertex 3.92127 79.361 2
      vertex -7.92127 79.361 2
      vertex -7.82667 79.0823 2
    endloop
  endfacet
  facet normal 0 0 1
    outer loop
      vertex 4.05144 79.625 2
      vertex -8.05144 79.625 2
      vertex -7.92127 79.361 2
    endloop
  endfacet
  facet normal 0 0 1
    outer loop
      vertex 4.21495 79.8697 2
      vertex -8.21495 79.8697 2
      vertex -8.05144 79.625 2
    endloop
  endfacet
  facet normal 0 0 1
    outer loop
      vertex 4.40901 80.091 2
      vertex -8.40901 80.091 2
      vertex -8.21495 79.8697 2
    endloop
  endfacet
  facet normal 0 0 1
    outer loop
      vertex 4.63029 80.285 2
      vertex -8.63029 80.285 2
      vertex -8.40901 80.091 2
    endloop
  endfacet
  facet normal 0 0 1
    outer loop
      vertex 4.875 80.4486 2
      vertex -8.875 80.4486 2
      vertex -8.63029 80.285 2
    endloop
  endfacet
  facet normal 0 0 1
    outer loop
      vertex 5.13896 80.5787 2
      vertex -9.13896 80.5787 2
      vertex -8.875 80.4486 2
    endloop
  endfacet
  facet normal 0 0 1
    outer loop
      vertex 5.13896 80.5787 2
      vertex -9.41766 80.6733 2
      vertex -9.13896 80.5787 2
    endloop
  endfacet
  facet normal 0 0 1
    outer loop
      vertex 5.41766 80.6733 2
      vertex -9.41766 80.6733 2
      vertex 5.13896 80.5787 2
    endloop
  endfacet
  facet normal 0 0 1
    outer loop
      vertex -9.41766 80.6733 2
      vertex -19.7 85.7 2
      vertex -9.70632 80.7308 2
    endloop
  endfacet
  facet normal 0 0 1
    outer loop
      vertex -9.70632 80.7308 2
      vertex -19.7 85.7 2
      vertex -10 80.75 2
    endloop
  endfacet
  facet normal 0 0 1
    outer loop
      vertex -11.591 76.909 2
      vertex -12.591 22.091 2
      vertex -12.3697 22.285 2
    endloop
  endfacet
  facet normal -0 0 1
    outer loop
      vertex -16.7695 81.048 2
      vertex -12.2308 78.7937 2
      vertex -16.6515 81.1515 2
    endloop
  endfacet
  facet normal -0 0 1
    outer loop
      vertex -16.9 80.9608 2
      vertex -12.25 78.5 2
      vertex -16.7695 81.048 2
    endloop
  endfacet
  facet normal 0 0 1
    outer loop
      vertex -12.2308 78.7937 2
      vertex -16.7695 81.048 2
      vertex -12.25 78.5 2
    endloop
  endfacet
  facet normal 0 0 1
    outer loop
      vertex -12.25 78.5 2
      vertex -16.9 80.9608 2
      vertex -12.2308 78.2063 2
    endloop
  endfacet
  facet normal 0 0 1
    outer loop
      vertex -12.2308 78.2063 2
      vertex -17.0408 80.8913 2
      vertex -12.1733 77.9177 2
    endloop
  endfacet
  facet normal -0 0 1
    outer loop
      vertex -17.1894 80.8409 2
      vertex -12.1733 77.9177 2
      vertex -17.0408 80.8913 2
    endloop
  endfacet
  facet normal 0 0 1
    outer loop
      vertex -13.1733 21.0823 2
      vertex -16.3 11 2
      vertex -13.2308 20.7937 2
    endloop
  endfacet
  facet normal 0 0 1
    outer loop
      vertex -11.9486 79.625 2
      vertex -16.3913 81.5408 2
      vertex -12.0787 79.361 2
    endloop
  endfacet
  facet normal -0 0 1
    outer loop
      vertex -16.3913 81.5408 2
      vertex -11.9486 79.625 2
      vertex -16.3409 81.6894 2
    endloop
  endfacet
  facet normal 0 0 1
    outer loop
      vertex -11.785 79.8697 2
      vertex -16.3409 81.6894 2
      vertex -11.9486 79.625 2
    endloop
  endfacet
  facet normal -0 0 1
    outer loop
      vertex -16.3409 81.6894 2
      vertex -11.785 79.8697 2
      vertex -16.3103 81.8434 2
    endloop
  endfacet
  facet normal 0 0 1
    outer loop
      vertex -11.591 80.091 2
      vertex -16.3103 81.8434 2
      vertex -11.785 79.8697 2
    endloop
  endfacet
  facet normal -0 0 1
    outer loop
      vertex -16.3103 81.8434 2
      vertex -11.591 80.091 2
      vertex -16.3 82 2
    endloop
  endfacet
  facet normal 0 0 1
    outer loop
      vertex -16.3103 82.1566 2
      vertex -11.591 80.091 2
      vertex -11.3697 80.285 2
    endloop
  endfacet
  facet normal 0 0 1
    outer loop
      vertex -16.3409 82.3106 2
      vertex -11.3697 80.285 2
      vertex -11.125 80.4486 2
    endloop
  endfacet
  facet normal 0 0 1
    outer loop
      vertex -16.3913 82.4592 2
      vertex -11.125 80.4486 2
      vertex -10.861 80.5787 2
    endloop
  endfacet
  facet normal 0 0 1
    outer loop
      vertex -16.4608 82.6 2
      vertex -10.861 80.5787 2
      vertex -10.5823 80.6733 2
    endloop
  endfacet
  facet normal 0 0 1
    outer loop
      vertex -16.548 82.7305 2
      vertex -10.5823 80.6733 2
      vertex -10.2937 80.7308 2
    endloop
  endfacet
  facet normal -0 -0 1
    outer loop
      vertex -16.7695 82.952 2
      vertex -10 80.75 2
      vertex -19.7 85.7 2
    endloop
  endfacet
  facet normal 0 0 1
    outer loop
      vertex -11.591 80.091 2
      vertex -16.3103 82.1566 2
      vertex -16.3 82 2
    endloop
  endfacet
  facet normal 0 0 1
    outer loop
      vertex -11.3697 80.285 2
      vertex -16.3409 82.3106 2
      vertex -16.3103 82.1566 2
    endloop
  endfacet
  facet normal 0 0 1
    outer loop
      vertex -11.125 80.4486 2
      vertex -16.3913 82.4592 2
      vertex -16.3409 82.3106 2
    endloop
  endfacet
  facet normal 0 0 1
    outer loop
      vertex -10.861 80.5787 2
      vertex -16.4608 82.6 2
      vertex -16.3913 82.4592 2
    endloop
  endfacet
  facet normal 0 0 1
    outer loop
      vertex -10.5823 80.6733 2
      vertex -16.548 82.7305 2
      vertex -16.4608 82.6 2
    endloop
  endfacet
  facet normal 0 0 1
    outer loop
      vertex -10.2937 80.7308 2
      vertex -16.6515 82.8485 2
      vertex -16.548 82.7305 2
    endloop
  endfacet
  facet normal 0 0 1
    outer loop
      vertex -10.2937 80.7308 2
      vertex -16.7695 82.952 2
      vertex -16.6515 82.8485 2
    endloop
  endfacet
  facet normal 0 0 1
    outer loop
      vertex -10 80.75 2
      vertex -16.7695 82.952 2
      vertex -10.2937 80.7308 2
    endloop
  endfacet
  facet normal 0 0 1
    outer loop
      vertex -16.7695 82.952 2
      vertex -19.7 85.7 2
      vertex -16.9 83.0392 2
    endloop
  endfacet
  facet normal 0 0 1
    outer loop
      vertex -16.9 83.0392 2
      vertex -19.7 85.7 2
      vertex -17.0408 83.1087 2
    endloop
  endfacet
  facet normal 0 0 1
    outer loop
      vertex -17.0408 83.1087 2
      vertex -19.7 85.7 2
      vertex -17.1894 83.1591 2
    endloop
  endfacet
  facet normal 0 0 1
    outer loop
      vertex -17.1894 83.1591 2
      vertex -19.7 85.7 2
      vertex -17.3434 83.1897 2
    endloop
  endfacet
  facet normal 0 0 1
    outer loop
      vertex -17.3434 83.1897 2
      vertex -19.7 85.7 2
      vertex -17.5 83.2 2
    endloop
  endfacet
  facet normal 0 0 1
    outer loop
      vertex -19.7 0.300003 2
      vertex -18.6897 11.1566 2
      vertex -19.7 85.7 2
    endloop
  endfacet
  facet normal 0 0 1
    outer loop
      vertex -18.6897 82.1566 2
      vertex -19.7 85.7 2
      vertex -18.7 82 2
    endloop
  endfacet
  facet normal 0 0 1
    outer loop
      vertex -18.6591 82.3106 2
      vertex -19.7 85.7 2
      vertex -18.6897 82.1566 2
    endloop
  endfacet
  facet normal 0 0 1
    outer loop
      vertex -18.6087 82.4592 2
      vertex -19.7 85.7 2
      vertex -18.6591 82.3106 2
    endloop
  endfacet
  facet normal 0 0 1
    outer loop
      vertex -18.5392 82.6 2
      vertex -19.7 85.7 2
      vertex -18.6087 82.4592 2
    endloop
  endfacet
  facet normal 0 0 1
    outer loop
      vertex -18.452 82.7305 2
      vertex -19.7 85.7 2
      vertex -18.5392 82.6 2
    endloop
  endfacet
  facet normal 0 0 1
    outer loop
      vertex -18.3485 82.8485 2
      vertex -19.7 85.7 2
      vertex -18.452 82.7305 2
    endloop
  endfacet
  facet normal 0 0 1
    outer loop
      vertex -18.2305 82.952 2
      vertex -19.7 85.7 2
      vertex -18.3485 82.8485 2
    endloop
  endfacet
  facet normal 0 0 1
    outer loop
      vertex -18.1 83.0392 2
      vertex -19.7 85.7 2
      vertex -18.2305 82.952 2
    endloop
  endfacet
  facet normal 0 0 1
    outer loop
      vertex -17.9592 83.1087 2
      vertex -19.7 85.7 2
      vertex -18.1 83.0392 2
    endloop
  endfacet
  facet normal 0 0 1
    outer loop
      vertex -17.8106 83.1591 2
      vertex -19.7 85.7 2
      vertex -17.9592 83.1087 2
    endloop
  endfacet
  facet normal 0 0 1
    outer loop
      vertex -17.6566 83.1897 2
      vertex -19.7 85.7 2
      vertex -17.8106 83.1591 2
    endloop
  endfacet
  facet normal 0 0 1
    outer loop
      vertex -17.5 83.2 2
      vertex -19.7 85.7 2
      vertex -17.6566 83.1897 2
    endloop
  endfacet
  facet normal 0 0 1
    outer loop
      vertex 19.7 85.7 2
      vertex 18.7 11 2
      vertex 19.7 0.300003 2
    endloop
  endfacet
  facet normal -0 0 1
    outer loop
      vertex 18.6897 10.8434 2
      vertex 19.7 0.300003 2
      vertex 18.7 11 2
    endloop
  endfacet
  facet normal -0 0 1
    outer loop
      vertex 18.6591 10.6894 2
      vertex 19.7 0.300003 2
      vertex 18.6897 10.8434 2
    endloop
  endfacet
  facet normal -0 0 1
    outer loop
      vertex 18.6087 10.5408 2
      vertex 19.7 0.300003 2
      vertex 18.6591 10.6894 2
    endloop
  endfacet
  facet normal -0 0 1
    outer loop
      vertex 18.5392 10.4 2
      vertex 19.7 0.300003 2
      vertex 18.6087 10.5408 2
    endloop
  endfacet
  facet normal -0 0 1
    outer loop
      vertex 18.452 10.2695 2
      vertex 19.7 0.300003 2
      vertex 18.5392 10.4 2
    endloop
  endfacet
  facet normal -0 0 1
    outer loop
      vertex 18.3485 10.1515 2
      vertex 19.7 0.300003 2
      vertex 18.452 10.2695 2
    endloop
  endfacet
  facet normal -0 0 1
    outer loop
      vertex 18.2305 10.048 2
      vertex 19.7 0.300003 2
      vertex 18.3485 10.1515 2
    endloop
  endfacet
  facet normal -0 0 1
    outer loop
      vertex 18.1 9.96077 2
      vertex 19.7 0.300003 2
      vertex 18.2305 10.048 2
    endloop
  endfacet
  facet normal -0 0 1
    outer loop
      vertex 17.9592 9.89134 2
      vertex 19.7 0.300003 2
      vertex 18.1 9.96077 2
    endloop
  endfacet
  facet normal -0 0 1
    outer loop
      vertex 17.8106 9.84089 2
      vertex 19.7 0.300003 2
      vertex 17.9592 9.89134 2
    endloop
  endfacet
  facet normal -0 0 1
    outer loop
      vertex 17.6566 9.81027 2
      vertex 19.7 0.300003 2
      vertex 17.8106 9.84089 2
    endloop
  endfacet
  facet normal -0 0 1
    outer loop
      vertex 17.5 9.8 2
      vertex 19.7 0.300003 2
      vertex 17.6566 9.81027 2
    endloop
  endfacet
  facet normal 0 0 1
    outer loop
      vertex 17.3434 9.81027 2
      vertex 19.7 0.300003 2
      vertex 17.5 9.8 2
    endloop
  endfacet
  facet normal 0 0 1
    outer loop
      vertex 17.1894 9.84089 2
      vertex 19.7 0.300003 2
      vertex 17.3434 9.81027 2
    endloop
  endfacet
  facet normal 0 0 1
    outer loop
      vertex 17.0408 9.89134 2
      vertex 19.7 0.300003 2
      vertex 17.1894 9.84089 2
    endloop
  endfacet
  facet normal 0 0 1
    outer loop
      vertex 16.9 9.96077 2
      vertex 19.7 0.300003 2
      vertex 17.0408 9.89134 2
    endloop
  endfacet
  facet normal 0 0 1
    outer loop
      vertex 16.7695 10.048 2
      vertex 19.7 0.300003 2
      vertex 16.9 9.96077 2
    endloop
  endfacet
  facet normal 0 0 1
    outer loop
      vertex 16.6515 10.1515 2
      vertex 19.7 0.300003 2
      vertex 16.7695 10.048 2
    endloop
  endfacet
  facet normal 0 0 1
    outer loop
      vertex 16.548 10.2695 2
      vertex 19.7 0.300003 2
      vertex 16.6515 10.1515 2
    endloop
  endfacet
  facet normal 0 0 1
    outer loop
      vertex 16.4608 10.4 2
      vertex 19.7 0.300003 2
      vertex 16.548 10.2695 2
    endloop
  endfacet
  facet normal 0 0 1
    outer loop
      vertex 7.41766 18.3267 2
      vertex 16.4608 10.4 2
      vertex 16.3913 10.5408 2
    endloop
  endfacet
  facet normal 0 0 1
    outer loop
      vertex 7.41766 18.3267 2
      vertex 16.3913 10.5408 2
      vertex 16.3409 10.6894 2
    endloop
  endfacet
  facet normal 0 0 1
    outer loop
      vertex 16.6515 11.8485 2
      vertex 9.59099 18.909 2
      vertex 16.548 11.7305 2
    endloop
  endfacet
  facet normal -0 0 1
    outer loop
      vertex 9.36971 18.715 2
      vertex 16.548 11.7305 2
      vertex 9.59099 18.909 2
    endloop
  endfacet
  facet normal 0 0 1
    outer loop
      vertex 16.548 11.7305 2
      vertex 9.36971 18.715 2
      vertex 16.4608 11.6 2
    endloop
  endfacet
  facet normal -0 0 1
    outer loop
      vertex 9.125 18.5514 2
      vertex 16.4608 11.6 2
      vertex 9.36971 18.715 2
    endloop
  endfacet
  facet normal 0 0 1
    outer loop
      vertex 16.4608 11.6 2
      vertex 9.125 18.5514 2
      vertex 16.3913 11.4592 2
    endloop
  endfacet
  facet normal -0 0 1
    outer loop
      vertex 8.86104 18.4213 2
      vertex 16.3913 11.4592 2
      vertex 9.125 18.5514 2
    endloop
  endfacet
  facet normal 0 0 1
    outer loop
      vertex 16.3913 11.4592 2
      vertex 8.86104 18.4213 2
      vertex 16.3409 11.3106 2
    endloop
  endfacet
  facet normal -0 0 1
    outer loop
      vertex 8.58234 18.3267 2
      vertex 16.3409 11.3106 2
      vertex 8.86104 18.4213 2
    endloop
  endfacet
  facet normal 0 0 1
    outer loop
      vertex 16.3409 11.3106 2
      vertex 8.58234 18.3267 2
      vertex 16.3103 11.1566 2
    endloop
  endfacet
  facet normal -0 0 1
    outer loop
      vertex 8.29368 18.2692 2
      vertex 16.3103 11.1566 2
      vertex 8.58234 18.3267 2
    endloop
  endfacet
  facet normal 0 0 1
    outer loop
      vertex 16.3103 11.1566 2
      vertex 8.29368 18.2692 2
      vertex 16.3 11 2
    endloop
  endfacet
  facet normal -0 0 1
    outer loop
      vertex 8 18.25 2
      vertex 16.3 11 2
      vertex 8.29368 18.2692 2
    endloop
  endfacet
  facet normal 0 0 1
    outer loop
      vertex 16.3 11 2
      vertex 8 18.25 2
      vertex 16.3103 10.8434 2
    endloop
  endfacet
  facet normal 0 0 1
    outer loop
      vertex 16.3103 10.8434 2
      vertex 8 18.25 2
      vertex 16.3409 10.6894 2
    endloop
  endfacet
  facet normal 0 0 1
    outer loop
      vertex 7.70632 18.2692 2
      vertex 16.3409 10.6894 2
      vertex 8 18.25 2
    endloop
  endfacet
  facet normal 0 0 1
    outer loop
      vertex 7.41766 18.3267 2
      vertex 16.3409 10.6894 2
      vertex 7.70632 18.2692 2
    endloop
  endfacet
  facet normal 0 0 1
    outer loop
      vertex 16.4608 10.4 2
      vertex 7.41766 18.3267 2
      vertex 7.13896 18.4213 2
    endloop
  endfacet
  facet normal 0 0 1
    outer loop
      vertex 16.4608 10.4 2
      vertex 7.13896 18.4213 2
      vertex -16.4608 10.4 2
    endloop
  endfacet
  facet normal 0 0 1
    outer loop
      vertex -16.4608 10.4 2
      vertex 7.13896 18.4213 2
      vertex 6.875 18.5514 2
    endloop
  endfacet
  facet normal 0 0 1
    outer loop
      vertex -9.875 18.5514 2
      vertex 6.875 18.5514 2
      vertex 6.63029 18.715 2
    endloop
  endfacet
  facet normal 0 0 1
    outer loop
      vertex -9.63029 18.715 2
      vertex 6.63029 18.715 2
      vertex 6.40901 18.909 2
    endloop
  endfacet
  facet normal 0 0 1
    outer loop
      vertex -9.40901 18.909 2
      vertex 6.40901 18.909 2
      vertex 6.21495 19.1303 2
    endloop
  endfacet
  facet normal 0 0 1
    outer loop
      vertex -8.76925 20.7937 2
      vertex 5.76925 20.7937 2
      vertex 5.82667 21.0823 2
    endloop
  endfacet
  facet normal 0 0 1
    outer loop
      vertex 4.875 76.5514 2
      vertex -8.875 76.5514 2
      vertex 5.13896 76.4213 2
    endloop
  endfacet
  facet normal 0 0 1
    outer loop
      vertex -8.875 76.5514 2
      vertex 4.875 76.5514 2
      vertex -8.63029 76.715 2
    endloop
  endfacet
  facet normal -0 0 1
    outer loop
      vertex -8.63029 76.715 2
      vertex 4.875 76.5514 2
      vertex 4.63029 76.715 2
    endloop
  endfacet
  facet normal 0 0 1
    outer loop
      vertex -8.63029 76.715 2
      vertex 4.63029 76.715 2
      vertex 4.40901 76.909 2
    endloop
  endfacet
  facet normal 0 0 1
    outer loop
      vertex -8.40901 76.909 2
      vertex 4.40901 76.909 2
      vertex 4.21495 77.1303 2
    endloop
  endfacet
  facet normal 0 0 1
    outer loop
      vertex -8.21495 77.1303 2
      vertex 4.21495 77.1303 2
      vertex 4.05144 77.375 2
    endloop
  endfacet
  facet normal 0 0 1
    outer loop
      vertex -8.05144 77.375 2
      vertex 4.05144 77.375 2
      vertex 3.92127 77.639 2
    endloop
  endfacet
  facet normal 0 0 1
    outer loop
      vertex -7.92127 77.639 2
      vertex 3.92127 77.639 2
      vertex 3.82667 77.9177 2
    endloop
  endfacet
  facet normal 0 0 1
    outer loop
      vertex -7.82667 77.9177 2
      vertex 3.82667 77.9177 2
      vertex 3.76925 78.2063 2
    endloop
  endfacet
  facet normal 0 0 1
    outer loop
      vertex -7.76925 78.2063 2
      vertex 3.76925 78.2063 2
      vertex 3.75 78.5 2
    endloop
  endfacet
  facet normal 0 0 1
    outer loop
      vertex -7.76925 78.2063 2
      vertex 3.75 78.5 2
      vertex -7.75 78.5 2
    endloop
  endfacet
  facet normal 0 0 1
    outer loop
      vertex 3.76925 78.2063 2
      vertex -7.76925 78.2063 2
      vertex -7.82667 77.9177 2
    endloop
  endfacet
  facet normal 0 0 1
    outer loop
      vertex 3.82667 77.9177 2
      vertex -7.82667 77.9177 2
      vertex -7.92127 77.639 2
    endloop
  endfacet
  facet normal 0 0 1
    outer loop
      vertex 3.92127 77.639 2
      vertex -7.92127 77.639 2
      vertex -8.05144 77.375 2
    endloop
  endfacet
  facet normal 0 0 1
    outer loop
      vertex 4.05144 77.375 2
      vertex -8.05144 77.375 2
      vertex -8.21495 77.1303 2
    endloop
  endfacet
  facet normal 0 0 1
    outer loop
      vertex 4.21495 77.1303 2
      vertex -8.21495 77.1303 2
      vertex -8.40901 76.909 2
    endloop
  endfacet
  facet normal 0 0 1
    outer loop
      vertex 4.40901 76.909 2
      vertex -8.40901 76.909 2
      vertex -8.63029 76.715 2
    endloop
  endfacet
  facet normal 0 0 1
    outer loop
      vertex -9.13896 76.4213 2
      vertex 5.13896 76.4213 2
      vertex -8.875 76.5514 2
    endloop
  endfacet
  facet normal 0 0 1
    outer loop
      vertex 5.76925 20.7937 2
      vertex -8.75 20.5 2
      vertex 5.75 20.5 2
    endloop
  endfacet
  facet normal 0 0 1
    outer loop
      vertex 5.75 20.5 2
      vertex -8.75 20.5 2
      vertex 5.76925 20.2063 2
    endloop
  endfacet
  facet normal 0 0 1
    outer loop
      vertex -8.76925 20.2063 2
      vertex 5.76925 20.2063 2
      vertex -8.75 20.5 2
    endloop
  endfacet
  facet normal 0 0 1
    outer loop
      vertex 5.76925 20.2063 2
      vertex -8.76925 20.2063 2
      vertex 5.82667 19.9177 2
    endloop
  endfacet
  facet normal 0 0 1
    outer loop
      vertex -8.82667 19.9177 2
      vertex 5.82667 19.9177 2
      vertex -8.76925 20.2063 2
    endloop
  endfacet
  facet normal 0 0 1
    outer loop
      vertex 5.82667 19.9177 2
      vertex -8.82667 19.9177 2
      vertex 5.92127 19.639 2
    endloop
  endfacet
  facet normal 0 0 1
    outer loop
      vertex -8.92127 19.639 2
      vertex 5.92127 19.639 2
      vertex -8.82667 19.9177 2
    endloop
  endfacet
  facet normal 0 0 1
    outer loop
      vertex 5.92127 19.639 2
      vertex -8.92127 19.639 2
      vertex 6.05144 19.375 2
    endloop
  endfacet
  facet normal 0 0 1
    outer loop
      vertex -9.05144 19.375 2
      vertex 6.05144 19.375 2
      vertex -8.92127 19.639 2
    endloop
  endfacet
  facet normal 0 0 1
    outer loop
      vertex 6.05144 19.375 2
      vertex -9.05144 19.375 2
      vertex 6.21495 19.1303 2
    endloop
  endfacet
  facet normal 0 0 1
    outer loop
      vertex -9.21495 19.1303 2
      vertex 6.21495 19.1303 2
      vertex -9.05144 19.375 2
    endloop
  endfacet
  facet normal 0 0 1
    outer loop
      vertex -9.40901 18.909 2
      vertex 6.21495 19.1303 2
      vertex -9.21495 19.1303 2
    endloop
  endfacet
  facet normal 0 0 1
    outer loop
      vertex 6.40901 18.909 2
      vertex -9.40901 18.909 2
      vertex -9.63029 18.715 2
    endloop
  endfacet
  facet normal 0 0 1
    outer loop
      vertex 6.63029 18.715 2
      vertex -9.63029 18.715 2
      vertex -9.875 18.5514 2
    endloop
  endfacet
  facet normal 0 0 1
    outer loop
      vertex 6.875 18.5514 2
      vertex -9.875 18.5514 2
      vertex -16.3913 10.5408 2
    endloop
  endfacet
  facet normal 0 0 1
    outer loop
      vertex -16.3409 10.6894 2
      vertex -9.875 18.5514 2
      vertex -10.139 18.4213 2
    endloop
  endfacet
  facet normal 0 0 1
    outer loop
      vertex -16.3103 10.8434 2
      vertex -10.139 18.4213 2
      vertex -10.4177 18.3267 2
    endloop
  endfacet
  facet normal 0 0 1
    outer loop
      vertex -16.3 11 2
      vertex -10.4177 18.3267 2
      vertex -10.7063 18.2692 2
    endloop
  endfacet
  facet normal 0 0 1
    outer loop
      vertex -16.3 11 2
      vertex -10.7063 18.2692 2
      vertex -11 18.25 2
    endloop
  endfacet
  facet normal 0 0 1
    outer loop
      vertex -16.3 11 2
      vertex -11 18.25 2
      vertex -11.2937 18.2692 2
    endloop
  endfacet
  facet normal 0 0 1
    outer loop
      vertex -16.3 11 2
      vertex -11.2937 18.2692 2
      vertex -11.5823 18.3267 2
    endloop
  endfacet
  facet normal 0 0 1
    outer loop
      vertex -16.3 11 2
      vertex -11.5823 18.3267 2
      vertex -11.861 18.4213 2
    endloop
  endfacet
  facet normal 0 0 1
    outer loop
      vertex -16.3 11 2
      vertex -11.861 18.4213 2
      vertex -12.125 18.5514 2
    endloop
  endfacet
  facet normal 0 0 1
    outer loop
      vertex -13.2308 20.7937 2
      vertex -16.3 11 2
      vertex -13.25 20.5 2
    endloop
  endfacet
  facet normal 0 0 1
    outer loop
      vertex -16.3 11 2
      vertex -13.2308 20.2063 2
      vertex -13.25 20.5 2
    endloop
  endfacet
  facet normal 0 0 1
    outer loop
      vertex -16.3 11 2
      vertex -13.1733 19.9177 2
      vertex -13.2308 20.2063 2
    endloop
  endfacet
  facet normal 0 0 1
    outer loop
      vertex -16.3 11 2
      vertex -13.0787 19.639 2
      vertex -13.1733 19.9177 2
    endloop
  endfacet
  facet normal 0 0 1
    outer loop
      vertex -16.3 11 2
      vertex -12.9486 19.375 2
      vertex -13.0787 19.639 2
    endloop
  endfacet
  facet normal 0 0 1
    outer loop
      vertex -16.3 11 2
      vertex -12.785 19.1303 2
      vertex -12.9486 19.375 2
    endloop
  endfacet
  facet normal 0 0 1
    outer loop
      vertex -16.3 11 2
      vertex -12.591 18.909 2
      vertex -12.785 19.1303 2
    endloop
  endfacet
  facet normal 0 0 1
    outer loop
      vertex -16.3 11 2
      vertex -12.3697 18.715 2
      vertex -12.591 18.909 2
    endloop
  endfacet
  facet normal 0 0 1
    outer loop
      vertex -16.3 11 2
      vertex -12.125 18.5514 2
      vertex -12.3697 18.715 2
    endloop
  endfacet
  facet normal 0 0 1
    outer loop
      vertex -10.4177 18.3267 2
      vertex -16.3 11 2
      vertex -16.3103 10.8434 2
    endloop
  endfacet
  facet normal 0 0 1
    outer loop
      vertex -10.139 18.4213 2
      vertex -16.3103 10.8434 2
      vertex -16.3409 10.6894 2
    endloop
  endfacet
  facet normal 0 0 1
    outer loop
      vertex -9.875 18.5514 2
      vertex -16.3409 10.6894 2
      vertex -16.3913 10.5408 2
    endloop
  endfacet
  facet normal 0 0 1
    outer loop
      vertex 6.875 18.5514 2
      vertex -16.3913 10.5408 2
      vertex -16.4608 10.4 2
    endloop
  endfacet
  facet normal 0 0 1
    outer loop
      vertex 16.4608 10.4 2
      vertex -16.4608 10.4 2
      vertex 19.7 0.300003 2
    endloop
  endfacet
  facet normal 0 0 1
    outer loop
      vertex -19.7 0.300003 2
      vertex -16.4608 10.4 2
      vertex -16.548 10.2695 2
    endloop
  endfacet
  facet normal 0 0 1
    outer loop
      vertex -19.7 0.300003 2
      vertex -16.548 10.2695 2
      vertex -16.6515 10.1515 2
    endloop
  endfacet
  facet normal 0 0 1
    outer loop
      vertex -19.7 0.300003 2
      vertex -16.6515 10.1515 2
      vertex -16.7695 10.048 2
    endloop
  endfacet
  facet normal 0 0 1
    outer loop
      vertex -19.7 0.300003 2
      vertex -16.7695 10.048 2
      vertex -16.9 9.96077 2
    endloop
  endfacet
  facet normal 0 0 1
    outer loop
      vertex -19.7 0.300003 2
      vertex -16.9 9.96077 2
      vertex -17.0408 9.89134 2
    endloop
  endfacet
  facet normal 0 0 1
    outer loop
      vertex -19.7 0.300003 2
      vertex -17.0408 9.89134 2
      vertex -17.1894 9.84089 2
    endloop
  endfacet
  facet normal 0 0 1
    outer loop
      vertex -19.7 0.300003 2
      vertex -17.1894 9.84089 2
      vertex -17.3434 9.81027 2
    endloop
  endfacet
  facet normal 0 0 1
    outer loop
      vertex -19.7 0.300003 2
      vertex -17.3434 9.81027 2
      vertex -17.5 9.8 2
    endloop
  endfacet
  facet normal 0 0 1
    outer loop
      vertex -19.7 0.300003 2
      vertex -17.5 9.8 2
      vertex -17.6566 9.81027 2
    endloop
  endfacet
  facet normal 0 0 1
    outer loop
      vertex -19.7 0.300003 2
      vertex -17.6566 9.81027 2
      vertex -17.8106 9.84089 2
    endloop
  endfacet
  facet normal 0 0 1
    outer loop
      vertex -16.4608 10.4 2
      vertex -19.7 0.300003 2
      vertex 19.7 0.300003 2
    endloop
  endfacet
  facet normal 0 0 1
    outer loop
      vertex -17.9592 9.89134 2
      vertex -19.7 0.300003 2
      vertex -17.8106 9.84089 2
    endloop
  endfacet
  facet normal 0 0 1
    outer loop
      vertex -18.1 9.96077 2
      vertex -19.7 0.300003 2
      vertex -17.9592 9.89134 2
    endloop
  endfacet
  facet normal 0 0 1
    outer loop
      vertex -18.2305 10.048 2
      vertex -19.7 0.300003 2
      vertex -18.1 9.96077 2
    endloop
  endfacet
  facet normal 0 0 1
    outer loop
      vertex -18.3485 10.1515 2
      vertex -19.7 0.300003 2
      vertex -18.2305 10.048 2
    endloop
  endfacet
  facet normal 0 0 1
    outer loop
      vertex -18.452 10.2695 2
      vertex -19.7 0.300003 2
      vertex -18.3485 10.1515 2
    endloop
  endfacet
  facet normal 0 0 1
    outer loop
      vertex -18.5392 10.4 2
      vertex -19.7 0.300003 2
      vertex -18.452 10.2695 2
    endloop
  endfacet
  facet normal 0 0 1
    outer loop
      vertex -18.6087 10.5408 2
      vertex -19.7 0.300003 2
      vertex -18.5392 10.4 2
    endloop
  endfacet
  facet normal 0 0 1
    outer loop
      vertex -18.6591 10.6894 2
      vertex -19.7 0.300003 2
      vertex -18.6087 10.5408 2
    endloop
  endfacet
  facet normal 0 0 1
    outer loop
      vertex -18.6897 10.8434 2
      vertex -19.7 0.300003 2
      vertex -18.6591 10.6894 2
    endloop
  endfacet
  facet normal 0 0 1
    outer loop
      vertex -18.7 11 2
      vertex -19.7 0.300003 2
      vertex -18.6897 10.8434 2
    endloop
  endfacet
  facet normal 0 0 1
    outer loop
      vertex -18.6897 11.1566 2
      vertex -19.7 0.300003 2
      vertex -18.7 11 2
    endloop
  endfacet
  facet normal 0 0 1
    outer loop
      vertex 16.7695 81.048 2
      vertex 8.23075 78.2063 2
      vertex 8.17333 77.9177 2
    endloop
  endfacet
  facet normal 0 0 1
    outer loop
      vertex 16.9 80.9608 2
      vertex 8.17333 77.9177 2
      vertex 8.07873 77.639 2
    endloop
  endfacet
  facet normal 0 0 1
    outer loop
      vertex 17.0408 80.8913 2
      vertex 8.07873 77.639 2
      vertex 7.94856 77.375 2
    endloop
  endfacet
  facet normal 0 0 1
    outer loop
      vertex 17.1894 80.8409 2
      vertex 7.94856 77.375 2
      vertex 7.78504 77.1303 2
    endloop
  endfacet
  facet normal 0 0 1
    outer loop
      vertex 17.3434 80.8103 2
      vertex 7.78504 77.1303 2
      vertex 7.59099 76.909 2
    endloop
  endfacet
  facet normal 0 0 1
    outer loop
      vertex 17.5 80.8 2
      vertex 7.59099 76.909 2
      vertex 7.36971 76.715 2
    endloop
  endfacet
  facet normal -0 0 1
    outer loop
      vertex 6.86104 76.4213 2
      vertex 8.86104 22.5787 2
      vertex 7.125 76.5514 2
    endloop
  endfacet
  facet normal 0 0 1
    outer loop
      vertex 8.86104 22.5787 2
      vertex 6.86104 76.4213 2
      vertex 8.58234 22.6733 2
    endloop
  endfacet
  facet normal -0 0 1
    outer loop
      vertex 6.58234 76.3267 2
      vertex 8.58234 22.6733 2
      vertex 6.86104 76.4213 2
    endloop
  endfacet
  facet normal 0 0 1
    outer loop
      vertex 8.58234 22.6733 2
      vertex 6.58234 76.3267 2
      vertex 8.29368 22.7308 2
    endloop
  endfacet
  facet normal -0 0 1
    outer loop
      vertex 6.29368 76.2692 2
      vertex 8.29368 22.7308 2
      vertex 6.58234 76.3267 2
    endloop
  endfacet
  facet normal 0 0 1
    outer loop
      vertex 8.29368 22.7308 2
      vertex 6.29368 76.2692 2
      vertex 8 22.75 2
    endloop
  endfacet
  facet normal -0 0 1
    outer loop
      vertex 6 76.25 2
      vertex 8 22.75 2
      vertex 6.29368 76.2692 2
    endloop
  endfacet
  facet normal 0 0 1
    outer loop
      vertex 8 22.75 2
      vertex 6 76.25 2
      vertex 7.70632 22.7308 2
    endloop
  endfacet
  facet normal 0 0 1
    outer loop
      vertex 5.70632 76.2692 2
      vertex 7.70632 22.7308 2
      vertex 6 76.25 2
    endloop
  endfacet
  facet normal 0 0 1
    outer loop
      vertex 7.70632 22.7308 2
      vertex 5.70632 76.2692 2
      vertex 7.41766 22.6733 2
    endloop
  endfacet
  facet normal 0 0 1
    outer loop
      vertex 5.41766 76.3267 2
      vertex 7.41766 22.6733 2
      vertex 5.70632 76.2692 2
    endloop
  endfacet
  facet normal 0 0 1
    outer loop
      vertex 7.41766 22.6733 2
      vertex 5.41766 76.3267 2
      vertex 7.13896 22.5787 2
    endloop
  endfacet
  facet normal 0 0 1
    outer loop
      vertex -8.76925 20.7937 2
      vertex 7.13896 22.5787 2
      vertex 5.41766 76.3267 2
    endloop
  endfacet
  facet normal 0 0 1
    outer loop
      vertex -8.76925 20.7937 2
      vertex 6.875 22.4486 2
      vertex 7.13896 22.5787 2
    endloop
  endfacet
  facet normal 0 0 1
    outer loop
      vertex -8.76925 20.7937 2
      vertex 6.63029 22.285 2
      vertex 6.875 22.4486 2
    endloop
  endfacet
  facet normal 0 0 1
    outer loop
      vertex -8.76925 20.7937 2
      vertex 6.40901 22.091 2
      vertex 6.63029 22.285 2
    endloop
  endfacet
  facet normal 0 0 1
    outer loop
      vertex -8.76925 20.7937 2
      vertex 6.21495 21.8697 2
      vertex 6.40901 22.091 2
    endloop
  endfacet
  facet normal 0 0 1
    outer loop
      vertex -8.76925 20.7937 2
      vertex 6.05144 21.625 2
      vertex 6.21495 21.8697 2
    endloop
  endfacet
  facet normal 0 0 1
    outer loop
      vertex -8.76925 20.7937 2
      vertex 5.92127 21.361 2
      vertex 6.05144 21.625 2
    endloop
  endfacet
  facet normal 0 0 1
    outer loop
      vertex -8.76925 20.7937 2
      vertex 5.82667 21.0823 2
      vertex 5.92127 21.361 2
    endloop
  endfacet
  facet normal 0.997859 0.0654027 0
    outer loop
      vertex -8.75 20.5 12
      vertex -8.76925 20.7937 2
      vertex -8.76925 20.7937 12
    endloop
  endfacet
  facet normal 0.997859 0.0654027 0
    outer loop
      vertex -8.76925 20.7937 2
      vertex -8.75 20.5 12
      vertex -8.75 20.5 2
    endloop
  endfacet
  facet normal -0.99787 0.0652336 0
    outer loop
      vertex -13.25 20.5 2
      vertex -13.2308 20.7937 12
      vertex -13.2308 20.7937 2
    endloop
  endfacet
  facet normal -0.99787 0.0652336 0
    outer loop
      vertex -13.2308 20.7937 12
      vertex -13.25 20.5 2
      vertex -13.25 20.5 12
    endloop
  endfacet
  facet normal 0.0652336 0.99787 -0
    outer loop
      vertex -10.7063 22.7308 2
      vertex -11 22.75 12
      vertex -10.7063 22.7308 12
    endloop
  endfacet
  facet normal 0.0652336 0.99787 0
    outer loop
      vertex -11 22.75 12
      vertex -10.7063 22.7308 2
      vertex -11 22.75 2
    endloop
  endfacet
  facet normal 0.0652336 -0.99787 0
    outer loop
      vertex -11 18.25 2
      vertex -10.7063 18.2692 12
      vertex -11 18.25 12
    endloop
  endfacet
  facet normal 0.0652336 -0.99787 0
    outer loop
      vertex -10.7063 18.2692 12
      vertex -11 18.25 2
      vertex -10.7063 18.2692 2
    endloop
  endfacet
  facet normal 0.751865 0.659317 0
    outer loop
      vertex -9.21495 21.8697 12
      vertex -9.40901 22.091 2
      vertex -9.40901 22.091 12
    endloop
  endfacet
  facet normal 0.751865 0.659317 0
    outer loop
      vertex -9.40901 22.091 2
      vertex -9.21495 21.8697 12
      vertex -9.21495 21.8697 2
    endloop
  endfacet
  facet normal -0.659202 0.751966 0
    outer loop
      vertex -12.3697 22.285 2
      vertex -12.591 22.091 12
      vertex -12.3697 22.285 12
    endloop
  endfacet
  facet normal -0.659202 0.751966 0
    outer loop
      vertex -12.591 22.091 12
      vertex -12.3697 22.285 2
      vertex -12.591 22.091 2
    endloop
  endfacet
  facet normal -0.321421 0.946936 0
    outer loop
      vertex -11.5823 22.6733 2
      vertex -11.861 22.5787 12
      vertex -11.5823 22.6733 12
    endloop
  endfacet
  facet normal -0.321421 0.946936 0
    outer loop
      vertex -11.861 22.5787 12
      vertex -11.5823 22.6733 2
      vertex -11.861 22.5787 2
    endloop
  endfacet
  facet normal 0.8969 0.442233 0
    outer loop
      vertex -8.92127 21.361 12
      vertex -9.05144 21.625 2
      vertex -9.05144 21.625 12
    endloop
  endfacet
  facet normal 0.8969 0.442233 0
    outer loop
      vertex -9.05144 21.625 2
      vertex -8.92127 21.361 12
      vertex -8.92127 21.361 2
    endloop
  endfacet
  facet normal 0.831459 0.555586 0
    outer loop
      vertex -9.05144 21.625 12
      vertex -9.21495 21.8697 2
      vertex -9.21495 21.8697 12
    endloop
  endfacet
  facet normal 0.831459 0.555586 0
    outer loop
      vertex -9.21495 21.8697 2
      vertex -9.05144 21.625 12
      vertex -9.05144 21.625 2
    endloop
  endfacet
  facet normal 0.442042 0.896995 -0
    outer loop
      vertex -9.875 22.4486 2
      vertex -10.139 22.5787 12
      vertex -9.875 22.4486 12
    endloop
  endfacet
  facet normal 0.442042 0.896995 0
    outer loop
      vertex -10.139 22.5787 12
      vertex -9.875 22.4486 2
      vertex -10.139 22.5787 2
    endloop
  endfacet
  facet normal 0.321421 0.946936 -0
    outer loop
      vertex -10.139 22.5787 2
      vertex -10.4177 22.6733 12
      vertex -10.139 22.5787 12
    endloop
  endfacet
  facet normal 0.321421 0.946936 0
    outer loop
      vertex -10.4177 22.6733 12
      vertex -10.139 22.5787 2
      vertex -10.4177 22.6733 2
    endloop
  endfacet
  facet normal 0.659236 0.751936 -0
    outer loop
      vertex -9.40901 22.091 2
      vertex -9.63029 22.285 12
      vertex -9.40901 22.091 12
    endloop
  endfacet
  facet normal 0.659236 0.751936 0
    outer loop
      vertex -9.63029 22.285 12
      vertex -9.40901 22.091 2
      vertex -9.63029 22.285 2
    endloop
  endfacet
  facet normal -0.896995 0.442042 0
    outer loop
      vertex -13.0787 21.361 2
      vertex -12.9486 21.625 12
      vertex -12.9486 21.625 2
    endloop
  endfacet
  facet normal -0.896995 0.442042 0
    outer loop
      vertex -12.9486 21.625 12
      vertex -13.0787 21.361 2
      vertex -13.0787 21.361 12
    endloop
  endfacet
  facet normal -0.946936 0.321421 0
    outer loop
      vertex -13.1733 21.0823 2
      vertex -13.0787 21.361 12
      vertex -13.0787 21.361 2
    endloop
  endfacet
  facet normal -0.946936 0.321421 0
    outer loop
      vertex -13.0787 21.361 12
      vertex -13.1733 21.0823 2
      vertex -13.1733 21.0823 12
    endloop
  endfacet
  facet normal -0.442042 0.896995 0
    outer loop
      vertex -11.861 22.5787 2
      vertex -12.125 22.4486 12
      vertex -11.861 22.5787 12
    endloop
  endfacet
  facet normal -0.442042 0.896995 0
    outer loop
      vertex -12.125 22.4486 12
      vertex -11.861 22.5787 2
      vertex -12.125 22.4486 2
    endloop
  endfacet
  facet normal -0.195397 0.980724 0
    outer loop
      vertex -11.2937 22.7308 2
      vertex -11.5823 22.6733 12
      vertex -11.2937 22.7308 12
    endloop
  endfacet
  facet normal -0.195397 0.980724 0
    outer loop
      vertex -11.5823 22.6733 12
      vertex -11.2937 22.7308 2
      vertex -11.5823 22.6733 2
    endloop
  endfacet
  facet normal 0.8969 -0.442233 0
    outer loop
      vertex -9.05144 19.375 12
      vertex -8.92127 19.639 2
      vertex -8.92127 19.639 12
    endloop
  endfacet
  facet normal 0.8969 -0.442233 0
    outer loop
      vertex -8.92127 19.639 2
      vertex -9.05144 19.375 12
      vertex -9.05144 19.375 2
    endloop
  endfacet
  facet normal 0.195397 -0.980724 0
    outer loop
      vertex -10.7063 18.2692 2
      vertex -10.4177 18.3267 12
      vertex -10.7063 18.2692 12
    endloop
  endfacet
  facet normal 0.195397 -0.980724 0
    outer loop
      vertex -10.4177 18.3267 12
      vertex -10.7063 18.2692 2
      vertex -10.4177 18.3267 2
    endloop
  endfacet
  facet normal 0.946936 0.321421 0
    outer loop
      vertex -8.82667 21.0823 12
      vertex -8.92127 21.361 2
      vertex -8.92127 21.361 12
    endloop
  endfacet
  facet normal 0.946936 0.321421 0
    outer loop
      vertex -8.92127 21.361 2
      vertex -8.82667 21.0823 12
      vertex -8.82667 21.0823 2
    endloop
  endfacet
  facet normal 0.980776 0.195136 0
    outer loop
      vertex -8.76925 20.7937 12
      vertex -8.82667 21.0823 2
      vertex -8.82667 21.0823 12
    endloop
  endfacet
  facet normal 0.980776 0.195136 0
    outer loop
      vertex -8.82667 21.0823 2
      vertex -8.76925 20.7937 12
      vertex -8.76925 20.7937 2
    endloop
  endfacet
  facet normal 0.195397 0.980724 -0
    outer loop
      vertex -10.4177 22.6733 2
      vertex -10.7063 22.7308 12
      vertex -10.4177 22.6733 12
    endloop
  endfacet
  facet normal 0.195397 0.980724 0
    outer loop
      vertex -10.7063 22.7308 12
      vertex -10.4177 22.6733 2
      vertex -10.7063 22.7308 2
    endloop
  endfacet
  facet normal 0.555782 0.831328 -0
    outer loop
      vertex -9.63029 22.285 2
      vertex -9.875 22.4486 12
      vertex -9.63029 22.285 12
    endloop
  endfacet
  facet normal 0.555782 0.831328 0
    outer loop
      vertex -9.875 22.4486 12
      vertex -9.63029 22.285 2
      vertex -9.875 22.4486 2
    endloop
  endfacet
  facet normal -0.831318 0.555797 0
    outer loop
      vertex -12.9486 21.625 2
      vertex -12.785 21.8697 12
      vertex -12.785 21.8697 2
    endloop
  endfacet
  facet normal -0.831318 0.555797 0
    outer loop
      vertex -12.785 21.8697 12
      vertex -12.9486 21.625 2
      vertex -12.9486 21.625 12
    endloop
  endfacet
  facet normal -0.751966 0.659202 0
    outer loop
      vertex -12.785 21.8697 2
      vertex -12.591 22.091 12
      vertex -12.591 22.091 2
    endloop
  endfacet
  facet normal -0.751966 0.659202 0
    outer loop
      vertex -12.591 22.091 12
      vertex -12.785 21.8697 2
      vertex -12.785 21.8697 12
    endloop
  endfacet
  facet normal -0.980724 0.195397 0
    outer loop
      vertex -13.2308 20.7937 2
      vertex -13.1733 21.0823 12
      vertex -13.1733 21.0823 2
    endloop
  endfacet
  facet normal -0.980724 0.195397 0
    outer loop
      vertex -13.1733 21.0823 12
      vertex -13.2308 20.7937 2
      vertex -13.2308 20.7937 12
    endloop
  endfacet
  facet normal 0 0 1
    outer loop
      vertex -10.15 20.5 12
      vertex -8.75 20.5 12
      vertex -8.76925 20.7937 12
    endloop
  endfacet
  facet normal 0 0 1
    outer loop
      vertex -10.1573 20.6109 12
      vertex -8.76925 20.7937 12
      vertex -8.82667 21.0823 12
    endloop
  endfacet
  facet normal 0 0 1
    outer loop
      vertex -8.75 20.5 12
      vertex -10.15 20.5 12
      vertex -8.76925 20.2063 12
    endloop
  endfacet
  facet normal 0 0 1
    outer loop
      vertex -10.179 20.72 12
      vertex -8.82667 21.0823 12
      vertex -8.92127 21.361 12
    endloop
  endfacet
  facet normal -0 0 1
    outer loop
      vertex -10.1573 20.3891 12
      vertex -8.76925 20.2063 12
      vertex -10.15 20.5 12
    endloop
  endfacet
  facet normal 0 0 1
    outer loop
      vertex -10.2147 20.8253 12
      vertex -8.92127 21.361 12
      vertex -9.05144 21.625 12
    endloop
  endfacet
  facet normal 0 0 1
    outer loop
      vertex -8.76925 20.2063 12
      vertex -10.1573 20.3891 12
      vertex -8.82667 19.9177 12
    endloop
  endfacet
  facet normal 0 0 1
    outer loop
      vertex -10.2639 20.925 12
      vertex -9.05144 21.625 12
      vertex -9.21495 21.8697 12
    endloop
  endfacet
  facet normal -0 0 1
    outer loop
      vertex -10.179 20.28 12
      vertex -8.82667 19.9177 12
      vertex -10.1573 20.3891 12
    endloop
  endfacet
  facet normal 0 0 1
    outer loop
      vertex -10.3256 21.0174 12
      vertex -9.21495 21.8697 12
      vertex -9.40901 22.091 12
    endloop
  endfacet
  facet normal 0 0 1
    outer loop
      vertex -8.82667 19.9177 12
      vertex -10.179 20.28 12
      vertex -8.92127 19.639 12
    endloop
  endfacet
  facet normal 0 0 1
    outer loop
      vertex -10.399 21.101 12
      vertex -9.40901 22.091 12
      vertex -9.63029 22.285 12
    endloop
  endfacet
  facet normal -0 0 1
    outer loop
      vertex -10.2147 20.1747 12
      vertex -8.92127 19.639 12
      vertex -10.179 20.28 12
    endloop
  endfacet
  facet normal 0 0 1
    outer loop
      vertex -10.4826 21.1744 12
      vertex -9.63029 22.285 12
      vertex -9.875 22.4486 12
    endloop
  endfacet
  facet normal 0 0 1
    outer loop
      vertex -8.92127 19.639 12
      vertex -10.2147 20.1747 12
      vertex -9.05144 19.375 12
    endloop
  endfacet
  facet normal 0 0 1
    outer loop
      vertex -10.575 21.2361 12
      vertex -9.875 22.4486 12
      vertex -10.139 22.5787 12
    endloop
  endfacet
  facet normal -0 0 1
    outer loop
      vertex -10.2639 20.075 12
      vertex -9.05144 19.375 12
      vertex -10.2147 20.1747 12
    endloop
  endfacet
  facet normal 0 0 1
    outer loop
      vertex -9.05144 19.375 12
      vertex -10.2639 20.075 12
      vertex -9.21495 19.1303 12
    endloop
  endfacet
  facet normal 0 0 1
    outer loop
      vertex -8.76925 20.7937 12
      vertex -10.1573 20.6109 12
      vertex -10.15 20.5 12
    endloop
  endfacet
  facet normal 0 0 1
    outer loop
      vertex -8.82667 21.0823 12
      vertex -10.179 20.72 12
      vertex -10.1573 20.6109 12
    endloop
  endfacet
  facet normal 0 0 1
    outer loop
      vertex -8.92127 21.361 12
      vertex -10.2147 20.8253 12
      vertex -10.179 20.72 12
    endloop
  endfacet
  facet normal 0 0 1
    outer loop
      vertex -9.05144 21.625 12
      vertex -10.2639 20.925 12
      vertex -10.2147 20.8253 12
    endloop
  endfacet
  facet normal 0 0 1
    outer loop
      vertex -9.21495 21.8697 12
      vertex -10.3256 21.0174 12
      vertex -10.2639 20.925 12
    endloop
  endfacet
  facet normal 0 0 1
    outer loop
      vertex -9.40901 22.091 12
      vertex -10.399 21.101 12
      vertex -10.3256 21.0174 12
    endloop
  endfacet
  facet normal 0 0 1
    outer loop
      vertex -10.6747 21.2853 12
      vertex -10.139 22.5787 12
      vertex -10.4177 22.6733 12
    endloop
  endfacet
  facet normal 0 0 1
    outer loop
      vertex -9.63029 22.285 12
      vertex -10.4826 21.1744 12
      vertex -10.399 21.101 12
    endloop
  endfacet
  facet normal 0 0 1
    outer loop
      vertex -9.875 22.4486 12
      vertex -10.575 21.2361 12
      vertex -10.4826 21.1744 12
    endloop
  endfacet
  facet normal 0 0 1
    outer loop
      vertex -10.139 22.5787 12
      vertex -10.6747 21.2853 12
      vertex -10.575 21.2361 12
    endloop
  endfacet
  facet normal 0 0 1
    outer loop
      vertex -10.78 21.321 12
      vertex -10.4177 22.6733 12
      vertex -10.7063 22.7308 12
    endloop
  endfacet
  facet normal 0 0 1
    outer loop
      vertex -10.4177 22.6733 12
      vertex -10.78 21.321 12
      vertex -10.6747 21.2853 12
    endloop
  endfacet
  facet normal 0 0 1
    outer loop
      vertex -10.7063 22.7308 12
      vertex -10.8891 21.3427 12
      vertex -10.78 21.321 12
    endloop
  endfacet
  facet normal 0 0 1
    outer loop
      vertex -11 22.75 12
      vertex -10.8891 21.3427 12
      vertex -10.7063 22.7308 12
    endloop
  endfacet
  facet normal 0 0 1
    outer loop
      vertex -11 22.75 12
      vertex -11 21.35 12
      vertex -10.8891 21.3427 12
    endloop
  endfacet
  facet normal 0 0 1
    outer loop
      vertex -11 22.75 12
      vertex -11.1109 21.3427 12
      vertex -11 21.35 12
    endloop
  endfacet
  facet normal -0 0 1
    outer loop
      vertex -11.2937 22.7308 12
      vertex -11.1109 21.3427 12
      vertex -11 22.75 12
    endloop
  endfacet
  facet normal 0 0 1
    outer loop
      vertex -11.1109 21.3427 12
      vertex -11.2937 22.7308 12
      vertex -11.22 21.321 12
    endloop
  endfacet
  facet normal -0 0 1
    outer loop
      vertex -11.5823 22.6733 12
      vertex -11.22 21.321 12
      vertex -11.2937 22.7308 12
    endloop
  endfacet
  facet normal 0 0 1
    outer loop
      vertex -11.22 21.321 12
      vertex -11.5823 22.6733 12
      vertex -11.3253 21.2853 12
    endloop
  endfacet
  facet normal -0 0 1
    outer loop
      vertex -11.861 22.5787 12
      vertex -11.3253 21.2853 12
      vertex -11.5823 22.6733 12
    endloop
  endfacet
  facet normal 0 0 1
    outer loop
      vertex -11.3253 21.2853 12
      vertex -11.861 22.5787 12
      vertex -11.425 21.2361 12
    endloop
  endfacet
  facet normal -0 0 1
    outer loop
      vertex -12.125 22.4486 12
      vertex -11.425 21.2361 12
      vertex -11.861 22.5787 12
    endloop
  endfacet
  facet normal 0 0 1
    outer loop
      vertex -11.425 21.2361 12
      vertex -12.125 22.4486 12
      vertex -11.5174 21.1744 12
    endloop
  endfacet
  facet normal -0 0 1
    outer loop
      vertex -12.3697 22.285 12
      vertex -11.5174 21.1744 12
      vertex -12.125 22.4486 12
    endloop
  endfacet
  facet normal 0 0 1
    outer loop
      vertex -11.5174 21.1744 12
      vertex -12.3697 22.285 12
      vertex -11.601 21.101 12
    endloop
  endfacet
  facet normal -0 0 1
    outer loop
      vertex -12.591 22.091 12
      vertex -11.601 21.101 12
      vertex -12.3697 22.285 12
    endloop
  endfacet
  facet normal 0 0 1
    outer loop
      vertex -11.601 21.101 12
      vertex -12.591 22.091 12
      vertex -11.6743 21.0174 12
    endloop
  endfacet
  facet normal 0 0 1
    outer loop
      vertex -11.6743 21.0174 12
      vertex -12.785 21.8697 12
      vertex -11.7361 20.925 12
    endloop
  endfacet
  facet normal -0 0 1
    outer loop
      vertex -12.785 21.8697 12
      vertex -11.6743 21.0174 12
      vertex -12.591 22.091 12
    endloop
  endfacet
  facet normal -0 0 1
    outer loop
      vertex -10.3256 19.9826 12
      vertex -9.21495 19.1303 12
      vertex -10.2639 20.075 12
    endloop
  endfacet
  facet normal 0 0 1
    outer loop
      vertex -9.21495 19.1303 12
      vertex -10.3256 19.9826 12
      vertex -9.40901 18.909 12
    endloop
  endfacet
  facet normal -0 0 1
    outer loop
      vertex -10.399 19.899 12
      vertex -9.40901 18.909 12
      vertex -10.3256 19.9826 12
    endloop
  endfacet
  facet normal 0 0 1
    outer loop
      vertex -9.40901 18.909 12
      vertex -10.399 19.899 12
      vertex -9.63029 18.715 12
    endloop
  endfacet
  facet normal -0 0 1
    outer loop
      vertex -10.4826 19.8256 12
      vertex -9.63029 18.715 12
      vertex -10.399 19.899 12
    endloop
  endfacet
  facet normal 0 0 1
    outer loop
      vertex -9.63029 18.715 12
      vertex -10.4826 19.8256 12
      vertex -9.875 18.5514 12
    endloop
  endfacet
  facet normal -0 0 1
    outer loop
      vertex -10.575 19.7639 12
      vertex -9.875 18.5514 12
      vertex -10.4826 19.8256 12
    endloop
  endfacet
  facet normal 0 0 1
    outer loop
      vertex -9.875 18.5514 12
      vertex -10.575 19.7639 12
      vertex -10.139 18.4213 12
    endloop
  endfacet
  facet normal -0 0 1
    outer loop
      vertex -10.6747 19.7147 12
      vertex -10.139 18.4213 12
      vertex -10.575 19.7639 12
    endloop
  endfacet
  facet normal 0 0 1
    outer loop
      vertex -10.139 18.4213 12
      vertex -10.6747 19.7147 12
      vertex -10.4177 18.3267 12
    endloop
  endfacet
  facet normal -0 0 1
    outer loop
      vertex -10.78 19.679 12
      vertex -10.4177 18.3267 12
      vertex -10.6747 19.7147 12
    endloop
  endfacet
  facet normal 0 0 1
    outer loop
      vertex -10.4177 18.3267 12
      vertex -10.78 19.679 12
      vertex -10.7063 18.2692 12
    endloop
  endfacet
  facet normal -0 0 1
    outer loop
      vertex -10.8891 19.6573 12
      vertex -10.7063 18.2692 12
      vertex -10.78 19.679 12
    endloop
  endfacet
  facet normal -0 0 1
    outer loop
      vertex -11 19.65 12
      vertex -10.7063 18.2692 12
      vertex -10.8891 19.6573 12
    endloop
  endfacet
  facet normal 0 0 1
    outer loop
      vertex -11 19.65 12
      vertex -11 18.25 12
      vertex -10.7063 18.2692 12
    endloop
  endfacet
  facet normal 0 0 1
    outer loop
      vertex -11.1109 19.6573 12
      vertex -11 18.25 12
      vertex -11 19.65 12
    endloop
  endfacet
  facet normal 0 0 1
    outer loop
      vertex -11.2937 18.2692 12
      vertex -11.1109 19.6573 12
      vertex -11.22 19.679 12
    endloop
  endfacet
  facet normal 0 0 1
    outer loop
      vertex -11.1109 19.6573 12
      vertex -11.2937 18.2692 12
      vertex -11 18.25 12
    endloop
  endfacet
  facet normal 0 0 1
    outer loop
      vertex -11.5823 18.3267 12
      vertex -11.22 19.679 12
      vertex -11.3253 19.7147 12
    endloop
  endfacet
  facet normal 0 0 1
    outer loop
      vertex -11.861 18.4213 12
      vertex -11.3253 19.7147 12
      vertex -11.425 19.7639 12
    endloop
  endfacet
  facet normal 0 0 1
    outer loop
      vertex -12.125 18.5514 12
      vertex -11.425 19.7639 12
      vertex -11.5174 19.8256 12
    endloop
  endfacet
  facet normal 0 0 1
    outer loop
      vertex -11.22 19.679 12
      vertex -11.5823 18.3267 12
      vertex -11.2937 18.2692 12
    endloop
  endfacet
  facet normal 0 0 1
    outer loop
      vertex -12.3697 18.715 12
      vertex -11.5174 19.8256 12
      vertex -11.601 19.899 12
    endloop
  endfacet
  facet normal 0 0 1
    outer loop
      vertex -12.591 18.909 12
      vertex -11.601 19.899 12
      vertex -11.6743 19.9826 12
    endloop
  endfacet
  facet normal 0 0 1
    outer loop
      vertex -12.785 19.1303 12
      vertex -11.6743 19.9826 12
      vertex -11.7361 20.075 12
    endloop
  endfacet
  facet normal 0 0 1
    outer loop
      vertex -12.9486 19.375 12
      vertex -11.7361 20.075 12
      vertex -11.7853 20.1747 12
    endloop
  endfacet
  facet normal 0 0 1
    outer loop
      vertex -13.0787 19.639 12
      vertex -11.7853 20.1747 12
      vertex -11.821 20.28 12
    endloop
  endfacet
  facet normal 0 0 1
    outer loop
      vertex -13.1733 19.9177 12
      vertex -11.821 20.28 12
      vertex -11.8427 20.3891 12
    endloop
  endfacet
  facet normal 0 0 1
    outer loop
      vertex -11.3253 19.7147 12
      vertex -11.861 18.4213 12
      vertex -11.5823 18.3267 12
    endloop
  endfacet
  facet normal 0 0 1
    outer loop
      vertex -13.2308 20.2063 12
      vertex -11.8427 20.3891 12
      vertex -11.85 20.5 12
    endloop
  endfacet
  facet normal -0 0 1
    outer loop
      vertex -12.9486 21.625 12
      vertex -11.7361 20.925 12
      vertex -12.785 21.8697 12
    endloop
  endfacet
  facet normal 0 0 1
    outer loop
      vertex -11.7361 20.925 12
      vertex -12.9486 21.625 12
      vertex -11.7853 20.8253 12
    endloop
  endfacet
  facet normal 0 0 1
    outer loop
      vertex -11.425 19.7639 12
      vertex -12.125 18.5514 12
      vertex -11.861 18.4213 12
    endloop
  endfacet
  facet normal -0 0 1
    outer loop
      vertex -13.0787 21.361 12
      vertex -11.7853 20.8253 12
      vertex -12.9486 21.625 12
    endloop
  endfacet
  facet normal 0 0 1
    outer loop
      vertex -11.5174 19.8256 12
      vertex -12.3697 18.715 12
      vertex -12.125 18.5514 12
    endloop
  endfacet
  facet normal 0 0 1
    outer loop
      vertex -11.7853 20.8253 12
      vertex -13.0787 21.361 12
      vertex -11.821 20.72 12
    endloop
  endfacet
  facet normal 0 0 1
    outer loop
      vertex -11.601 19.899 12
      vertex -12.591 18.909 12
      vertex -12.3697 18.715 12
    endloop
  endfacet
  facet normal -0 0 1
    outer loop
      vertex -13.1733 21.0823 12
      vertex -11.821 20.72 12
      vertex -13.0787 21.361 12
    endloop
  endfacet
  facet normal 0 0 1
    outer loop
      vertex -11.6743 19.9826 12
      vertex -12.785 19.1303 12
      vertex -12.591 18.909 12
    endloop
  endfacet
  facet normal 0 0 1
    outer loop
      vertex -11.821 20.72 12
      vertex -13.1733 21.0823 12
      vertex -11.8427 20.6109 12
    endloop
  endfacet
  facet normal 0 0 1
    outer loop
      vertex -11.7361 20.075 12
      vertex -12.9486 19.375 12
      vertex -12.785 19.1303 12
    endloop
  endfacet
  facet normal -0 0 1
    outer loop
      vertex -13.2308 20.7937 12
      vertex -11.8427 20.6109 12
      vertex -13.1733 21.0823 12
    endloop
  endfacet
  facet normal 0 0 1
    outer loop
      vertex -11.7853 20.1747 12
      vertex -13.0787 19.639 12
      vertex -12.9486 19.375 12
    endloop
  endfacet
  facet normal 0 0 1
    outer loop
      vertex -11.8427 20.6109 12
      vertex -13.2308 20.7937 12
      vertex -11.85 20.5 12
    endloop
  endfacet
  facet normal 0 0 1
    outer loop
      vertex -11.821 20.28 12
      vertex -13.1733 19.9177 12
      vertex -13.0787 19.639 12
    endloop
  endfacet
  facet normal 0 0 1
    outer loop
      vertex -13.25 20.5 12
      vertex -11.85 20.5 12
      vertex -13.2308 20.7937 12
    endloop
  endfacet
  facet normal 0 0 1
    outer loop
      vertex -11.8427 20.3891 12
      vertex -13.2308 20.2063 12
      vertex -13.1733 19.9177 12
    endloop
  endfacet
  facet normal 0 0 1
    outer loop
      vertex -11.85 20.5 12
      vertex -13.25 20.5 12
      vertex -13.2308 20.2063 12
    endloop
  endfacet
  facet normal -0.555797 0.831318 0
    outer loop
      vertex -12.125 22.4486 2
      vertex -12.3697 22.285 12
      vertex -12.125 22.4486 12
    endloop
  endfacet
  facet normal -0.555797 0.831318 0
    outer loop
      vertex -12.3697 22.285 12
      vertex -12.125 22.4486 2
      vertex -12.3697 22.285 2
    endloop
  endfacet
  facet normal -0.0652336 0.99787 0
    outer loop
      vertex -11 22.75 2
      vertex -11.2937 22.7308 12
      vertex -11 22.75 12
    endloop
  endfacet
  facet normal -0.0652336 0.99787 0
    outer loop
      vertex -11.2937 22.7308 12
      vertex -11 22.75 2
      vertex -11.2937 22.7308 2
    endloop
  endfacet
  facet normal 0.751865 -0.659317 0
    outer loop
      vertex -9.40901 18.909 12
      vertex -9.21495 19.1303 2
      vertex -9.21495 19.1303 12
    endloop
  endfacet
  facet normal 0.751865 -0.659317 0
    outer loop
      vertex -9.21495 19.1303 2
      vertex -9.40901 18.909 12
      vertex -9.40901 18.909 2
    endloop
  endfacet
  facet normal 0.946936 -0.321421 0
    outer loop
      vertex -8.92127 19.639 12
      vertex -8.82667 19.9177 2
      vertex -8.82667 19.9177 12
    endloop
  endfacet
  facet normal 0.946936 -0.321421 0
    outer loop
      vertex -8.82667 19.9177 2
      vertex -8.92127 19.639 12
      vertex -8.92127 19.639 2
    endloop
  endfacet
  facet normal 0.980776 -0.195136 0
    outer loop
      vertex -8.82667 19.9177 12
      vertex -8.76925 20.2063 2
      vertex -8.76925 20.2063 12
    endloop
  endfacet
  facet normal 0.980776 -0.195136 0
    outer loop
      vertex -8.76925 20.2063 2
      vertex -8.82667 19.9177 12
      vertex -8.82667 19.9177 2
    endloop
  endfacet
  facet normal -0.659202 -0.751966 0
    outer loop
      vertex -12.591 18.909 2
      vertex -12.3697 18.715 12
      vertex -12.591 18.909 12
    endloop
  endfacet
  facet normal -0.659202 -0.751966 -0
    outer loop
      vertex -12.3697 18.715 12
      vertex -12.591 18.909 2
      vertex -12.3697 18.715 2
    endloop
  endfacet
  facet normal -0.751966 -0.659202 0
    outer loop
      vertex -12.591 18.909 2
      vertex -12.785 19.1303 12
      vertex -12.785 19.1303 2
    endloop
  endfacet
  facet normal -0.751966 -0.659202 0
    outer loop
      vertex -12.785 19.1303 12
      vertex -12.591 18.909 2
      vertex -12.591 18.909 12
    endloop
  endfacet
  facet normal 0.831459 -0.555586 0
    outer loop
      vertex -9.21495 19.1303 12
      vertex -9.05144 19.375 2
      vertex -9.05144 19.375 12
    endloop
  endfacet
  facet normal 0.831459 -0.555586 0
    outer loop
      vertex -9.05144 19.375 2
      vertex -9.21495 19.1303 12
      vertex -9.21495 19.1303 2
    endloop
  endfacet
  facet normal 0.997859 -0.0654027 0
    outer loop
      vertex -8.76925 20.2063 12
      vertex -8.75 20.5 2
      vertex -8.75 20.5 12
    endloop
  endfacet
  facet normal 0.997859 -0.0654027 0
    outer loop
      vertex -8.75 20.5 2
      vertex -8.76925 20.2063 12
      vertex -8.76925 20.2063 2
    endloop
  endfacet
  facet normal -0.946936 -0.321421 0
    outer loop
      vertex -13.0787 19.639 2
      vertex -13.1733 19.9177 12
      vertex -13.1733 19.9177 2
    endloop
  endfacet
  facet normal -0.946936 -0.321421 0
    outer loop
      vertex -13.1733 19.9177 12
      vertex -13.0787 19.639 2
      vertex -13.0787 19.639 12
    endloop
  endfacet
  facet normal -0.99787 -0.0652336 0
    outer loop
      vertex -13.2308 20.2063 2
      vertex -13.25 20.5 12
      vertex -13.25 20.5 2
    endloop
  endfacet
  facet normal -0.99787 -0.0652336 0
    outer loop
      vertex -13.25 20.5 12
      vertex -13.2308 20.2063 2
      vertex -13.2308 20.2063 12
    endloop
  endfacet
  facet normal 0.442042 -0.896995 0
    outer loop
      vertex -10.139 18.4213 2
      vertex -9.875 18.5514 12
      vertex -10.139 18.4213 12
    endloop
  endfacet
  facet normal 0.442042 -0.896995 0
    outer loop
      vertex -9.875 18.5514 12
      vertex -10.139 18.4213 2
      vertex -9.875 18.5514 2
    endloop
  endfacet
  facet normal 0.321421 -0.946936 0
    outer loop
      vertex -10.4177 18.3267 2
      vertex -10.139 18.4213 12
      vertex -10.4177 18.3267 12
    endloop
  endfacet
  facet normal 0.321421 -0.946936 0
    outer loop
      vertex -10.139 18.4213 12
      vertex -10.4177 18.3267 2
      vertex -10.139 18.4213 2
    endloop
  endfacet
  facet normal 0.659236 -0.751936 0
    outer loop
      vertex -9.63029 18.715 2
      vertex -9.40901 18.909 12
      vertex -9.63029 18.715 12
    endloop
  endfacet
  facet normal 0.659236 -0.751936 0
    outer loop
      vertex -9.40901 18.909 12
      vertex -9.63029 18.715 2
      vertex -9.40901 18.909 2
    endloop
  endfacet
  facet normal 0.555782 -0.831328 0
    outer loop
      vertex -9.875 18.5514 2
      vertex -9.63029 18.715 12
      vertex -9.875 18.5514 12
    endloop
  endfacet
  facet normal 0.555782 -0.831328 0
    outer loop
      vertex -9.63029 18.715 12
      vertex -9.875 18.5514 2
      vertex -9.63029 18.715 2
    endloop
  endfacet
  facet normal -0.0652336 -0.99787 0
    outer loop
      vertex -11.2937 18.2692 2
      vertex -11 18.25 12
      vertex -11.2937 18.2692 12
    endloop
  endfacet
  facet normal -0.0652336 -0.99787 -0
    outer loop
      vertex -11 18.25 12
      vertex -11.2937 18.2692 2
      vertex -11 18.25 2
    endloop
  endfacet
  facet normal -0.442042 -0.896995 0
    outer loop
      vertex -12.125 18.5514 2
      vertex -11.861 18.4213 12
      vertex -12.125 18.5514 12
    endloop
  endfacet
  facet normal -0.442042 -0.896995 -0
    outer loop
      vertex -11.861 18.4213 12
      vertex -12.125 18.5514 2
      vertex -11.861 18.4213 2
    endloop
  endfacet
  facet normal -0.831318 -0.555797 0
    outer loop
      vertex -12.785 19.1303 2
      vertex -12.9486 19.375 12
      vertex -12.9486 19.375 2
    endloop
  endfacet
  facet normal -0.831318 -0.555797 0
    outer loop
      vertex -12.9486 19.375 12
      vertex -12.785 19.1303 2
      vertex -12.785 19.1303 12
    endloop
  endfacet
  facet normal -0.896995 -0.442042 0
    outer loop
      vertex -12.9486 19.375 2
      vertex -13.0787 19.639 12
      vertex -13.0787 19.639 2
    endloop
  endfacet
  facet normal -0.896995 -0.442042 0
    outer loop
      vertex -13.0787 19.639 12
      vertex -12.9486 19.375 2
      vertex -12.9486 19.375 12
    endloop
  endfacet
  facet normal -0.980724 -0.195397 0
    outer loop
      vertex -13.1733 19.9177 2
      vertex -13.2308 20.2063 12
      vertex -13.2308 20.2063 2
    endloop
  endfacet
  facet normal -0.980724 -0.195397 0
    outer loop
      vertex -13.2308 20.2063 12
      vertex -13.1733 19.9177 2
      vertex -13.1733 19.9177 12
    endloop
  endfacet
  facet normal -0.195397 -0.980724 0
    outer loop
      vertex -11.5823 18.3267 2
      vertex -11.2937 18.2692 12
      vertex -11.5823 18.3267 12
    endloop
  endfacet
  facet normal -0.195397 -0.980724 -0
    outer loop
      vertex -11.2937 18.2692 12
      vertex -11.5823 18.3267 2
      vertex -11.2937 18.2692 2
    endloop
  endfacet
  facet normal -0.321421 -0.946936 0
    outer loop
      vertex -11.861 18.4213 2
      vertex -11.5823 18.3267 12
      vertex -11.861 18.4213 12
    endloop
  endfacet
  facet normal -0.321421 -0.946936 -0
    outer loop
      vertex -11.5823 18.3267 12
      vertex -11.861 18.4213 2
      vertex -11.5823 18.3267 2
    endloop
  endfacet
  facet normal -0.555797 -0.831318 0
    outer loop
      vertex -12.3697 18.715 2
      vertex -12.125 18.5514 12
      vertex -12.3697 18.715 12
    endloop
  endfacet
  facet normal -0.555797 -0.831318 -0
    outer loop
      vertex -12.125 18.5514 12
      vertex -12.3697 18.715 2
      vertex -12.125 18.5514 2
    endloop
  endfacet
  facet normal 0.99787 0.0652336 0
    outer loop
      vertex 10.25 20.5 12
      vertex 10.2308 20.7937 2
      vertex 10.2308 20.7937 12
    endloop
  endfacet
  facet normal 0.99787 0.0652336 0
    outer loop
      vertex 10.2308 20.7937 2
      vertex 10.25 20.5 12
      vertex 10.25 20.5 2
    endloop
  endfacet
  facet normal -0.065238 0.99787 0
    outer loop
      vertex 8 22.75 2
      vertex 7.70632 22.7308 12
      vertex 8 22.75 12
    endloop
  endfacet
  facet normal -0.065238 0.99787 0
    outer loop
      vertex 7.70632 22.7308 12
      vertex 8 22.75 2
      vertex 7.70632 22.7308 2
    endloop
  endfacet
  facet normal 0.065238 -0.99787 0
    outer loop
      vertex 8 18.25 2
      vertex 8.29368 18.2692 12
      vertex 8 18.25 12
    endloop
  endfacet
  facet normal 0.065238 -0.99787 0
    outer loop
      vertex 8.29368 18.2692 12
      vertex 8 18.25 2
      vertex 8.29368 18.2692 2
    endloop
  endfacet
  facet normal 0.659236 0.751936 -0
    outer loop
      vertex 9.59099 22.091 2
      vertex 9.36971 22.285 12
      vertex 9.59099 22.091 12
    endloop
  endfacet
  facet normal 0.659236 0.751936 0
    outer loop
      vertex 9.36971 22.285 12
      vertex 9.59099 22.091 2
      vertex 9.36971 22.285 2
    endloop
  endfacet
  facet normal -0.751865 0.659317 0
    outer loop
      vertex 6.21495 21.8697 2
      vertex 6.40901 22.091 12
      vertex 6.40901 22.091 2
    endloop
  endfacet
  facet normal -0.751865 0.659317 0
    outer loop
      vertex 6.40901 22.091 12
      vertex 6.21495 21.8697 2
      vertex 6.21495 21.8697 12
    endloop
  endfacet
  facet normal -0.442096 0.896968 0
    outer loop
      vertex 7.13896 22.5787 2
      vertex 6.875 22.4486 12
      vertex 7.13896 22.5787 12
    endloop
  endfacet
  facet normal -0.442096 0.896968 0
    outer loop
      vertex 6.875 22.4486 12
      vertex 7.13896 22.5787 2
      vertex 6.875 22.4486 2
    endloop
  endfacet
  facet normal 0.896941 0.442151 0
    outer loop
      vertex 10.0787 21.361 12
      vertex 9.94856 21.625 2
      vertex 9.94856 21.625 12
    endloop
  endfacet
  facet normal 0.896941 0.442151 0
    outer loop
      vertex 9.94856 21.625 2
      vertex 10.0787 21.361 12
      vertex 10.0787 21.361 2
    endloop
  endfacet
  facet normal 0.321421 0.946936 -0
    outer loop
      vertex 8.86104 22.5787 2
      vertex 8.58234 22.6733 12
      vertex 8.86104 22.5787 12
    endloop
  endfacet
  facet normal 0.321421 0.946936 0
    outer loop
      vertex 8.58234 22.6733 12
      vertex 8.86104 22.5787 2
      vertex 8.58234 22.6733 2
    endloop
  endfacet
  facet normal 0.555782 0.831328 -0
    outer loop
      vertex 9.36971 22.285 2
      vertex 9.125 22.4486 12
      vertex 9.36971 22.285 12
    endloop
  endfacet
  facet normal 0.555782 0.831328 0
    outer loop
      vertex 9.125 22.4486 12
      vertex 9.36971 22.285 2
      vertex 9.125 22.4486 2
    endloop
  endfacet
  facet normal -0.946936 0.321421 0
    outer loop
      vertex 5.82667 21.0823 2
      vertex 5.92127 21.361 12
      vertex 5.92127 21.361 2
    endloop
  endfacet
  facet normal -0.946936 0.321421 0
    outer loop
      vertex 5.92127 21.361 12
      vertex 5.82667 21.0823 2
      vertex 5.82667 21.0823 12
    endloop
  endfacet
  facet normal -0.831459 0.555586 0
    outer loop
      vertex 6.05144 21.625 2
      vertex 6.21495 21.8697 12
      vertex 6.21495 21.8697 2
    endloop
  endfacet
  facet normal -0.831459 0.555586 0
    outer loop
      vertex 6.21495 21.8697 12
      vertex 6.05144 21.625 2
      vertex 6.05144 21.625 12
    endloop
  endfacet
  facet normal -0.980776 0.195136 0
    outer loop
      vertex 5.76925 20.7937 2
      vertex 5.82667 21.0823 12
      vertex 5.82667 21.0823 2
    endloop
  endfacet
  facet normal -0.980776 0.195136 0
    outer loop
      vertex 5.82667 21.0823 12
      vertex 5.76925 20.7937 2
      vertex 5.76925 20.7937 12
    endloop
  endfacet
  facet normal -0.321421 0.946936 0
    outer loop
      vertex 7.41766 22.6733 2
      vertex 7.13896 22.5787 12
      vertex 7.41766 22.6733 12
    endloop
  endfacet
  facet normal -0.321421 0.946936 0
    outer loop
      vertex 7.13896 22.5787 12
      vertex 7.41766 22.6733 2
      vertex 7.13896 22.5787 2
    endloop
  endfacet
  facet normal -0.195358 -0.980732 0
    outer loop
      vertex 7.41766 18.3267 2
      vertex 7.70632 18.2692 12
      vertex 7.41766 18.3267 12
    endloop
  endfacet
  facet normal -0.195358 -0.980732 -0
    outer loop
      vertex 7.70632 18.2692 12
      vertex 7.41766 18.3267 2
      vertex 7.70632 18.2692 2
    endloop
  endfacet
  facet normal 0.946936 0.321421 0
    outer loop
      vertex 10.1733 21.0823 12
      vertex 10.0787 21.361 2
      vertex 10.0787 21.361 12
    endloop
  endfacet
  facet normal 0.946936 0.321421 0
    outer loop
      vertex 10.0787 21.361 2
      vertex 10.1733 21.0823 12
      vertex 10.1733 21.0823 2
    endloop
  endfacet
  facet normal 0.980724 0.195397 0
    outer loop
      vertex 10.2308 20.7937 12
      vertex 10.1733 21.0823 2
      vertex 10.1733 21.0823 12
    endloop
  endfacet
  facet normal 0.980724 0.195397 0
    outer loop
      vertex 10.1733 21.0823 2
      vertex 10.2308 20.7937 12
      vertex 10.2308 20.7937 2
    endloop
  endfacet
  facet normal 0.751882 0.659298 0
    outer loop
      vertex 9.78504 21.8697 12
      vertex 9.59099 22.091 2
      vertex 9.59099 22.091 12
    endloop
  endfacet
  facet normal 0.751882 0.659298 0
    outer loop
      vertex 9.59099 22.091 2
      vertex 9.78504 21.8697 12
      vertex 9.78504 21.8697 2
    endloop
  endfacet
  facet normal 0.831443 0.555609 0
    outer loop
      vertex 9.94856 21.625 12
      vertex 9.78504 21.8697 2
      vertex 9.78504 21.8697 12
    endloop
  endfacet
  facet normal 0.831443 0.555609 0
    outer loop
      vertex 9.78504 21.8697 2
      vertex 9.94856 21.625 12
      vertex 9.94856 21.625 2
    endloop
  endfacet
  facet normal 0.195358 0.980732 -0
    outer loop
      vertex 8.58234 22.6733 2
      vertex 8.29368 22.7308 12
      vertex 8.58234 22.6733 12
    endloop
  endfacet
  facet normal 0.195358 0.980732 0
    outer loop
      vertex 8.29368 22.7308 12
      vertex 8.58234 22.6733 2
      vertex 8.29368 22.7308 2
    endloop
  endfacet
  facet normal 0.065238 0.99787 -0
    outer loop
      vertex 8.29368 22.7308 2
      vertex 8 22.75 12
      vertex 8.29368 22.7308 12
    endloop
  endfacet
  facet normal 0.065238 0.99787 0
    outer loop
      vertex 8 22.75 12
      vertex 8.29368 22.7308 2
      vertex 8 22.75 2
    endloop
  endfacet
  facet normal 0.442096 0.896968 -0
    outer loop
      vertex 9.125 22.4486 2
      vertex 8.86104 22.5787 12
      vertex 9.125 22.4486 12
    endloop
  endfacet
  facet normal 0.442096 0.896968 0
    outer loop
      vertex 8.86104 22.5787 12
      vertex 9.125 22.4486 2
      vertex 8.86104 22.5787 2
    endloop
  endfacet
  facet normal -0.8969 0.442233 0
    outer loop
      vertex 5.92127 21.361 2
      vertex 6.05144 21.625 12
      vertex 6.05144 21.625 2
    endloop
  endfacet
  facet normal -0.8969 0.442233 0
    outer loop
      vertex 6.05144 21.625 12
      vertex 5.92127 21.361 2
      vertex 5.92127 21.361 12
    endloop
  endfacet
  facet normal -0.997859 0.0654027 0
    outer loop
      vertex 5.75 20.5 2
      vertex 5.76925 20.7937 12
      vertex 5.76925 20.7937 2
    endloop
  endfacet
  facet normal -0.997859 0.0654027 0
    outer loop
      vertex 5.76925 20.7937 12
      vertex 5.75 20.5 2
      vertex 5.75 20.5 12
    endloop
  endfacet
  facet normal 0 0 1
    outer loop
      vertex 8.85 20.5 12
      vertex 10.25 20.5 12
      vertex 10.2308 20.7937 12
    endloop
  endfacet
  facet normal 0 0 1
    outer loop
      vertex 8.84273 20.6109 12
      vertex 10.2308 20.7937 12
      vertex 10.1733 21.0823 12
    endloop
  endfacet
  facet normal 0 0 1
    outer loop
      vertex 10.25 20.5 12
      vertex 8.85 20.5 12
      vertex 10.2308 20.2063 12
    endloop
  endfacet
  facet normal 0 0 1
    outer loop
      vertex 8.82104 20.72 12
      vertex 10.1733 21.0823 12
      vertex 10.0787 21.361 12
    endloop
  endfacet
  facet normal -0 0 1
    outer loop
      vertex 8.84273 20.3891 12
      vertex 10.2308 20.2063 12
      vertex 8.85 20.5 12
    endloop
  endfacet
  facet normal 0 0 1
    outer loop
      vertex 8.7853 20.8253 12
      vertex 10.0787 21.361 12
      vertex 9.94856 21.625 12
    endloop
  endfacet
  facet normal 0 0 1
    outer loop
      vertex 10.2308 20.2063 12
      vertex 8.84273 20.3891 12
      vertex 10.1733 19.9177 12
    endloop
  endfacet
  facet normal 0 0 1
    outer loop
      vertex 8.73612 20.925 12
      vertex 9.94856 21.625 12
      vertex 9.78504 21.8697 12
    endloop
  endfacet
  facet normal -0 0 1
    outer loop
      vertex 8.82104 20.28 12
      vertex 10.1733 19.9177 12
      vertex 8.84273 20.3891 12
    endloop
  endfacet
  facet normal 0 0 1
    outer loop
      vertex 8.67435 21.0174 12
      vertex 9.78504 21.8697 12
      vertex 9.59099 22.091 12
    endloop
  endfacet
  facet normal 0 0 1
    outer loop
      vertex 10.1733 19.9177 12
      vertex 8.82104 20.28 12
      vertex 10.0787 19.639 12
    endloop
  endfacet
  facet normal 0 0 1
    outer loop
      vertex 8.60104 21.101 12
      vertex 9.59099 22.091 12
      vertex 9.36971 22.285 12
    endloop
  endfacet
  facet normal -0 0 1
    outer loop
      vertex 8.7853 20.1747 12
      vertex 10.0787 19.639 12
      vertex 8.82104 20.28 12
    endloop
  endfacet
  facet normal 0 0 1
    outer loop
      vertex 8.51745 21.1744 12
      vertex 9.36971 22.285 12
      vertex 9.125 22.4486 12
    endloop
  endfacet
  facet normal 0 0 1
    outer loop
      vertex 10.0787 19.639 12
      vertex 8.7853 20.1747 12
      vertex 9.94856 19.375 12
    endloop
  endfacet
  facet normal 0 0 1
    outer loop
      vertex 8.425 21.2361 12
      vertex 9.125 22.4486 12
      vertex 8.86104 22.5787 12
    endloop
  endfacet
  facet normal -0 0 1
    outer loop
      vertex 8.73612 20.075 12
      vertex 9.94856 19.375 12
      vertex 8.7853 20.1747 12
    endloop
  endfacet
  facet normal 0 0 1
    outer loop
      vertex 9.94856 19.375 12
      vertex 8.73612 20.075 12
      vertex 9.78504 19.1303 12
    endloop
  endfacet
  facet normal 0 0 1
    outer loop
      vertex 10.2308 20.7937 12
      vertex 8.84273 20.6109 12
      vertex 8.85 20.5 12
    endloop
  endfacet
  facet normal 0 0 1
    outer loop
      vertex 10.1733 21.0823 12
      vertex 8.82104 20.72 12
      vertex 8.84273 20.6109 12
    endloop
  endfacet
  facet normal 0 0 1
    outer loop
      vertex 10.0787 21.361 12
      vertex 8.7853 20.8253 12
      vertex 8.82104 20.72 12
    endloop
  endfacet
  facet normal 0 0 1
    outer loop
      vertex 9.94856 21.625 12
      vertex 8.73612 20.925 12
      vertex 8.7853 20.8253 12
    endloop
  endfacet
  facet normal 0 0 1
    outer loop
      vertex 9.78504 21.8697 12
      vertex 8.67435 21.0174 12
      vertex 8.73612 20.925 12
    endloop
  endfacet
  facet normal 0 0 1
    outer loop
      vertex 9.59099 22.091 12
      vertex 8.60104 21.101 12
      vertex 8.67435 21.0174 12
    endloop
  endfacet
  facet normal 0 0 1
    outer loop
      vertex 8.32528 21.2853 12
      vertex 8.86104 22.5787 12
      vertex 8.58234 22.6733 12
    endloop
  endfacet
  facet normal 0 0 1
    outer loop
      vertex 9.36971 22.285 12
      vertex 8.51745 21.1744 12
      vertex 8.60104 21.101 12
    endloop
  endfacet
  facet normal 0 0 1
    outer loop
      vertex 9.125 22.4486 12
      vertex 8.425 21.2361 12
      vertex 8.51745 21.1744 12
    endloop
  endfacet
  facet normal 0 0 1
    outer loop
      vertex 8.86104 22.5787 12
      vertex 8.32528 21.2853 12
      vertex 8.425 21.2361 12
    endloop
  endfacet
  facet normal 0 0 1
    outer loop
      vertex 8.22 21.321 12
      vertex 8.58234 22.6733 12
      vertex 8.29368 22.7308 12
    endloop
  endfacet
  facet normal 0 0 1
    outer loop
      vertex 8.58234 22.6733 12
      vertex 8.22 21.321 12
      vertex 8.32528 21.2853 12
    endloop
  endfacet
  facet normal 0 0 1
    outer loop
      vertex 8.29368 22.7308 12
      vertex 8.11095 21.3427 12
      vertex 8.22 21.321 12
    endloop
  endfacet
  facet normal 0 0 1
    outer loop
      vertex 8 22.75 12
      vertex 8.11095 21.3427 12
      vertex 8.29368 22.7308 12
    endloop
  endfacet
  facet normal 0 0 1
    outer loop
      vertex 8 22.75 12
      vertex 8 21.35 12
      vertex 8.11095 21.3427 12
    endloop
  endfacet
  facet normal 0 0 1
    outer loop
      vertex 8 22.75 12
      vertex 7.88905 21.3427 12
      vertex 8 21.35 12
    endloop
  endfacet
  facet normal -0 0 1
    outer loop
      vertex 7.70632 22.7308 12
      vertex 7.88905 21.3427 12
      vertex 8 22.75 12
    endloop
  endfacet
  facet normal 0 0 1
    outer loop
      vertex 7.88905 21.3427 12
      vertex 7.70632 22.7308 12
      vertex 7.78 21.321 12
    endloop
  endfacet
  facet normal -0 0 1
    outer loop
      vertex 7.41766 22.6733 12
      vertex 7.78 21.321 12
      vertex 7.70632 22.7308 12
    endloop
  endfacet
  facet normal 0 0 1
    outer loop
      vertex 7.78 21.321 12
      vertex 7.41766 22.6733 12
      vertex 7.67472 21.2853 12
    endloop
  endfacet
  facet normal -0 0 1
    outer loop
      vertex 7.13896 22.5787 12
      vertex 7.67472 21.2853 12
      vertex 7.41766 22.6733 12
    endloop
  endfacet
  facet normal 0 0 1
    outer loop
      vertex 7.67472 21.2853 12
      vertex 7.13896 22.5787 12
      vertex 7.575 21.2361 12
    endloop
  endfacet
  facet normal -0 0 1
    outer loop
      vertex 6.875 22.4486 12
      vertex 7.575 21.2361 12
      vertex 7.13896 22.5787 12
    endloop
  endfacet
  facet normal 0 0 1
    outer loop
      vertex 7.575 21.2361 12
      vertex 6.875 22.4486 12
      vertex 7.48255 21.1744 12
    endloop
  endfacet
  facet normal -0 0 1
    outer loop
      vertex 6.63029 22.285 12
      vertex 7.48255 21.1744 12
      vertex 6.875 22.4486 12
    endloop
  endfacet
  facet normal 0 0 1
    outer loop
      vertex 7.48255 21.1744 12
      vertex 6.63029 22.285 12
      vertex 7.39896 21.101 12
    endloop
  endfacet
  facet normal -0 0 1
    outer loop
      vertex 6.40901 22.091 12
      vertex 7.39896 21.101 12
      vertex 6.63029 22.285 12
    endloop
  endfacet
  facet normal 0 0 1
    outer loop
      vertex 7.39896 21.101 12
      vertex 6.40901 22.091 12
      vertex 7.32565 21.0174 12
    endloop
  endfacet
  facet normal 0 0 1
    outer loop
      vertex 7.32565 21.0174 12
      vertex 6.21495 21.8697 12
      vertex 7.26388 20.925 12
    endloop
  endfacet
  facet normal -0 0 1
    outer loop
      vertex 6.21495 21.8697 12
      vertex 7.32565 21.0174 12
      vertex 6.40901 22.091 12
    endloop
  endfacet
  facet normal -0 0 1
    outer loop
      vertex 8.67435 19.9826 12
      vertex 9.78504 19.1303 12
      vertex 8.73612 20.075 12
    endloop
  endfacet
  facet normal 0 0 1
    outer loop
      vertex 9.78504 19.1303 12
      vertex 8.67435 19.9826 12
      vertex 9.59099 18.909 12
    endloop
  endfacet
  facet normal -0 0 1
    outer loop
      vertex 8.60104 19.899 12
      vertex 9.59099 18.909 12
      vertex 8.67435 19.9826 12
    endloop
  endfacet
  facet normal 0 0 1
    outer loop
      vertex 9.59099 18.909 12
      vertex 8.60104 19.899 12
      vertex 9.36971 18.715 12
    endloop
  endfacet
  facet normal -0 0 1
    outer loop
      vertex 8.51745 19.8256 12
      vertex 9.36971 18.715 12
      vertex 8.60104 19.899 12
    endloop
  endfacet
  facet normal 0 0 1
    outer loop
      vertex 9.36971 18.715 12
      vertex 8.51745 19.8256 12
      vertex 9.125 18.5514 12
    endloop
  endfacet
  facet normal -0 0 1
    outer loop
      vertex 8.425 19.7639 12
      vertex 9.125 18.5514 12
      vertex 8.51745 19.8256 12
    endloop
  endfacet
  facet normal 0 0 1
    outer loop
      vertex 9.125 18.5514 12
      vertex 8.425 19.7639 12
      vertex 8.86104 18.4213 12
    endloop
  endfacet
  facet normal -0 0 1
    outer loop
      vertex 8.32528 19.7147 12
      vertex 8.86104 18.4213 12
      vertex 8.425 19.7639 12
    endloop
  endfacet
  facet normal 0 0 1
    outer loop
      vertex 8.86104 18.4213 12
      vertex 8.32528 19.7147 12
      vertex 8.58234 18.3267 12
    endloop
  endfacet
  facet normal -0 0 1
    outer loop
      vertex 8.22 19.679 12
      vertex 8.58234 18.3267 12
      vertex 8.32528 19.7147 12
    endloop
  endfacet
  facet normal 0 0 1
    outer loop
      vertex 8.58234 18.3267 12
      vertex 8.22 19.679 12
      vertex 8.29368 18.2692 12
    endloop
  endfacet
  facet normal -0 0 1
    outer loop
      vertex 8.11095 19.6573 12
      vertex 8.29368 18.2692 12
      vertex 8.22 19.679 12
    endloop
  endfacet
  facet normal -0 0 1
    outer loop
      vertex 8 19.65 12
      vertex 8.29368 18.2692 12
      vertex 8.11095 19.6573 12
    endloop
  endfacet
  facet normal 0 0 1
    outer loop
      vertex 8 19.65 12
      vertex 8 18.25 12
      vertex 8.29368 18.2692 12
    endloop
  endfacet
  facet normal 0 0 1
    outer loop
      vertex 7.88905 19.6573 12
      vertex 8 18.25 12
      vertex 8 19.65 12
    endloop
  endfacet
  facet normal 0 0 1
    outer loop
      vertex 7.70632 18.2692 12
      vertex 7.88905 19.6573 12
      vertex 7.78 19.679 12
    endloop
  endfacet
  facet normal 0 0 1
    outer loop
      vertex 7.88905 19.6573 12
      vertex 7.70632 18.2692 12
      vertex 8 18.25 12
    endloop
  endfacet
  facet normal 0 0 1
    outer loop
      vertex 7.41766 18.3267 12
      vertex 7.78 19.679 12
      vertex 7.67472 19.7147 12
    endloop
  endfacet
  facet normal 0 0 1
    outer loop
      vertex 7.13896 18.4213 12
      vertex 7.67472 19.7147 12
      vertex 7.575 19.7639 12
    endloop
  endfacet
  facet normal 0 0 1
    outer loop
      vertex 6.875 18.5514 12
      vertex 7.575 19.7639 12
      vertex 7.48255 19.8256 12
    endloop
  endfacet
  facet normal 0 0 1
    outer loop
      vertex 7.78 19.679 12
      vertex 7.41766 18.3267 12
      vertex 7.70632 18.2692 12
    endloop
  endfacet
  facet normal 0 0 1
    outer loop
      vertex 6.63029 18.715 12
      vertex 7.48255 19.8256 12
      vertex 7.39896 19.899 12
    endloop
  endfacet
  facet normal 0 0 1
    outer loop
      vertex 6.40901 18.909 12
      vertex 7.39896 19.899 12
      vertex 7.32565 19.9826 12
    endloop
  endfacet
  facet normal 0 0 1
    outer loop
      vertex 6.21495 19.1303 12
      vertex 7.32565 19.9826 12
      vertex 7.26388 20.075 12
    endloop
  endfacet
  facet normal 0 0 1
    outer loop
      vertex 6.05144 19.375 12
      vertex 7.26388 20.075 12
      vertex 7.2147 20.1747 12
    endloop
  endfacet
  facet normal 0 0 1
    outer loop
      vertex 5.92127 19.639 12
      vertex 7.2147 20.1747 12
      vertex 7.17896 20.28 12
    endloop
  endfacet
  facet normal 0 0 1
    outer loop
      vertex 5.82667 19.9177 12
      vertex 7.17896 20.28 12
      vertex 7.15727 20.3891 12
    endloop
  endfacet
  facet normal 0 0 1
    outer loop
      vertex 7.67472 19.7147 12
      vertex 7.13896 18.4213 12
      vertex 7.41766 18.3267 12
    endloop
  endfacet
  facet normal 0 0 1
    outer loop
      vertex 5.76925 20.2063 12
      vertex 7.15727 20.3891 12
      vertex 7.15 20.5 12
    endloop
  endfacet
  facet normal -0 0 1
    outer loop
      vertex 6.05144 21.625 12
      vertex 7.26388 20.925 12
      vertex 6.21495 21.8697 12
    endloop
  endfacet
  facet normal 0 0 1
    outer loop
      vertex 7.26388 20.925 12
      vertex 6.05144 21.625 12
      vertex 7.2147 20.8253 12
    endloop
  endfacet
  facet normal 0 0 1
    outer loop
      vertex 7.575 19.7639 12
      vertex 6.875 18.5514 12
      vertex 7.13896 18.4213 12
    endloop
  endfacet
  facet normal -0 0 1
    outer loop
      vertex 5.92127 21.361 12
      vertex 7.2147 20.8253 12
      vertex 6.05144 21.625 12
    endloop
  endfacet
  facet normal 0 0 1
    outer loop
      vertex 7.48255 19.8256 12
      vertex 6.63029 18.715 12
      vertex 6.875 18.5514 12
    endloop
  endfacet
  facet normal 0 0 1
    outer loop
      vertex 7.2147 20.8253 12
      vertex 5.92127 21.361 12
      vertex 7.17896 20.72 12
    endloop
  endfacet
  facet normal 0 0 1
    outer loop
      vertex 7.39896 19.899 12
      vertex 6.40901 18.909 12
      vertex 6.63029 18.715 12
    endloop
  endfacet
  facet normal -0 0 1
    outer loop
      vertex 5.82667 21.0823 12
      vertex 7.17896 20.72 12
      vertex 5.92127 21.361 12
    endloop
  endfacet
  facet normal 0 0 1
    outer loop
      vertex 7.32565 19.9826 12
      vertex 6.21495 19.1303 12
      vertex 6.40901 18.909 12
    endloop
  endfacet
  facet normal 0 0 1
    outer loop
      vertex 7.17896 20.72 12
      vertex 5.82667 21.0823 12
      vertex 7.15727 20.6109 12
    endloop
  endfacet
  facet normal 0 0 1
    outer loop
      vertex 7.26388 20.075 12
      vertex 6.05144 19.375 12
      vertex 6.21495 19.1303 12
    endloop
  endfacet
  facet normal -0 0 1
    outer loop
      vertex 5.76925 20.7937 12
      vertex 7.15727 20.6109 12
      vertex 5.82667 21.0823 12
    endloop
  endfacet
  facet normal 0 0 1
    outer loop
      vertex 7.2147 20.1747 12
      vertex 5.92127 19.639 12
      vertex 6.05144 19.375 12
    endloop
  endfacet
  facet normal 0 0 1
    outer loop
      vertex 7.15727 20.6109 12
      vertex 5.76925 20.7937 12
      vertex 7.15 20.5 12
    endloop
  endfacet
  facet normal 0 0 1
    outer loop
      vertex 7.17896 20.28 12
      vertex 5.82667 19.9177 12
      vertex 5.92127 19.639 12
    endloop
  endfacet
  facet normal 0 0 1
    outer loop
      vertex 5.75 20.5 12
      vertex 7.15 20.5 12
      vertex 5.76925 20.7937 12
    endloop
  endfacet
  facet normal 0 0 1
    outer loop
      vertex 7.15727 20.3891 12
      vertex 5.76925 20.2063 12
      vertex 5.82667 19.9177 12
    endloop
  endfacet
  facet normal 0 0 1
    outer loop
      vertex 7.15 20.5 12
      vertex 5.75 20.5 12
      vertex 5.76925 20.2063 12
    endloop
  endfacet
  facet normal -0.555782 0.831328 0
    outer loop
      vertex 6.875 22.4486 2
      vertex 6.63029 22.285 12
      vertex 6.875 22.4486 12
    endloop
  endfacet
  facet normal -0.555782 0.831328 0
    outer loop
      vertex 6.63029 22.285 12
      vertex 6.875 22.4486 2
      vertex 6.63029 22.285 2
    endloop
  endfacet
  facet normal -0.659236 0.751936 0
    outer loop
      vertex 6.63029 22.285 2
      vertex 6.40901 22.091 12
      vertex 6.63029 22.285 12
    endloop
  endfacet
  facet normal -0.659236 0.751936 0
    outer loop
      vertex 6.40901 22.091 12
      vertex 6.63029 22.285 2
      vertex 6.40901 22.091 2
    endloop
  endfacet
  facet normal -0.195358 0.980732 0
    outer loop
      vertex 7.70632 22.7308 2
      vertex 7.41766 22.6733 12
      vertex 7.70632 22.7308 12
    endloop
  endfacet
  facet normal -0.195358 0.980732 0
    outer loop
      vertex 7.41766 22.6733 12
      vertex 7.70632 22.7308 2
      vertex 7.41766 22.6733 2
    endloop
  endfacet
  facet normal 0.99787 -0.0652336 0
    outer loop
      vertex 10.2308 20.2063 12
      vertex 10.25 20.5 2
      vertex 10.25 20.5 12
    endloop
  endfacet
  facet normal 0.99787 -0.0652336 0
    outer loop
      vertex 10.25 20.5 2
      vertex 10.2308 20.2063 12
      vertex 10.2308 20.2063 2
    endloop
  endfacet
  facet normal 0.195358 -0.980732 0
    outer loop
      vertex 8.29368 18.2692 2
      vertex 8.58234 18.3267 12
      vertex 8.29368 18.2692 12
    endloop
  endfacet
  facet normal 0.195358 -0.980732 0
    outer loop
      vertex 8.58234 18.3267 12
      vertex 8.29368 18.2692 2
      vertex 8.58234 18.3267 2
    endloop
  endfacet
  facet normal 0.442096 -0.896968 0
    outer loop
      vertex 8.86104 18.4213 2
      vertex 9.125 18.5514 12
      vertex 8.86104 18.4213 12
    endloop
  endfacet
  facet normal 0.442096 -0.896968 0
    outer loop
      vertex 9.125 18.5514 12
      vertex 8.86104 18.4213 2
      vertex 9.125 18.5514 2
    endloop
  endfacet
  facet normal 0.751882 -0.659298 0
    outer loop
      vertex 9.59099 18.909 12
      vertex 9.78504 19.1303 2
      vertex 9.78504 19.1303 12
    endloop
  endfacet
  facet normal 0.751882 -0.659298 0
    outer loop
      vertex 9.78504 19.1303 2
      vertex 9.59099 18.909 12
      vertex 9.59099 18.909 2
    endloop
  endfacet
  facet normal 0.555782 -0.831328 0
    outer loop
      vertex 9.125 18.5514 2
      vertex 9.36971 18.715 12
      vertex 9.125 18.5514 12
    endloop
  endfacet
  facet normal 0.555782 -0.831328 0
    outer loop
      vertex 9.36971 18.715 12
      vertex 9.125 18.5514 2
      vertex 9.36971 18.715 2
    endloop
  endfacet
  facet normal 0.946936 -0.321421 0
    outer loop
      vertex 10.0787 19.639 12
      vertex 10.1733 19.9177 2
      vertex 10.1733 19.9177 12
    endloop
  endfacet
  facet normal 0.946936 -0.321421 0
    outer loop
      vertex 10.1733 19.9177 2
      vertex 10.0787 19.639 12
      vertex 10.0787 19.639 2
    endloop
  endfacet
  facet normal 0.831443 -0.555609 0
    outer loop
      vertex 9.78504 19.1303 12
      vertex 9.94856 19.375 2
      vertex 9.94856 19.375 12
    endloop
  endfacet
  facet normal 0.831443 -0.555609 0
    outer loop
      vertex 9.94856 19.375 2
      vertex 9.78504 19.1303 12
      vertex 9.78504 19.1303 2
    endloop
  endfacet
  facet normal -0.555782 -0.831328 0
    outer loop
      vertex 6.63029 18.715 2
      vertex 6.875 18.5514 12
      vertex 6.63029 18.715 12
    endloop
  endfacet
  facet normal -0.555782 -0.831328 -0
    outer loop
      vertex 6.875 18.5514 12
      vertex 6.63029 18.715 2
      vertex 6.875 18.5514 2
    endloop
  endfacet
  facet normal -0.321421 -0.946936 0
    outer loop
      vertex 7.13896 18.4213 2
      vertex 7.41766 18.3267 12
      vertex 7.13896 18.4213 12
    endloop
  endfacet
  facet normal -0.321421 -0.946936 -0
    outer loop
      vertex 7.41766 18.3267 12
      vertex 7.13896 18.4213 2
      vertex 7.41766 18.3267 2
    endloop
  endfacet
  facet normal -0.065238 -0.99787 0
    outer loop
      vertex 7.70632 18.2692 2
      vertex 8 18.25 12
      vertex 7.70632 18.2692 12
    endloop
  endfacet
  facet normal -0.065238 -0.99787 -0
    outer loop
      vertex 8 18.25 12
      vertex 7.70632 18.2692 2
      vertex 8 18.25 2
    endloop
  endfacet
  facet normal -0.831459 -0.555586 0
    outer loop
      vertex 6.21495 19.1303 2
      vertex 6.05144 19.375 12
      vertex 6.05144 19.375 2
    endloop
  endfacet
  facet normal -0.831459 -0.555586 0
    outer loop
      vertex 6.05144 19.375 12
      vertex 6.21495 19.1303 2
      vertex 6.21495 19.1303 12
    endloop
  endfacet
  facet normal -0.659236 -0.751936 0
    outer loop
      vertex 6.40901 18.909 2
      vertex 6.63029 18.715 12
      vertex 6.40901 18.909 12
    endloop
  endfacet
  facet normal -0.659236 -0.751936 -0
    outer loop
      vertex 6.63029 18.715 12
      vertex 6.40901 18.909 2
      vertex 6.63029 18.715 2
    endloop
  endfacet
  facet normal -0.8969 -0.442233 0
    outer loop
      vertex 6.05144 19.375 2
      vertex 5.92127 19.639 12
      vertex 5.92127 19.639 2
    endloop
  endfacet
  facet normal -0.8969 -0.442233 0
    outer loop
      vertex 5.92127 19.639 12
      vertex 6.05144 19.375 2
      vertex 6.05144 19.375 12
    endloop
  endfacet
  facet normal -0.980776 -0.195136 0
    outer loop
      vertex 5.82667 19.9177 2
      vertex 5.76925 20.2063 12
      vertex 5.76925 20.2063 2
    endloop
  endfacet
  facet normal -0.980776 -0.195136 0
    outer loop
      vertex 5.76925 20.2063 12
      vertex 5.82667 19.9177 2
      vertex 5.82667 19.9177 12
    endloop
  endfacet
  facet normal -0.997859 -0.0654027 0
    outer loop
      vertex 5.76925 20.2063 2
      vertex 5.75 20.5 12
      vertex 5.75 20.5 2
    endloop
  endfacet
  facet normal -0.997859 -0.0654027 0
    outer loop
      vertex 5.75 20.5 12
      vertex 5.76925 20.2063 2
      vertex 5.76925 20.2063 12
    endloop
  endfacet
  facet normal 0.321421 -0.946936 0
    outer loop
      vertex 8.58234 18.3267 2
      vertex 8.86104 18.4213 12
      vertex 8.58234 18.3267 12
    endloop
  endfacet
  facet normal 0.321421 -0.946936 0
    outer loop
      vertex 8.86104 18.4213 12
      vertex 8.58234 18.3267 2
      vertex 8.86104 18.4213 2
    endloop
  endfacet
  facet normal 0.659236 -0.751936 0
    outer loop
      vertex 9.36971 18.715 2
      vertex 9.59099 18.909 12
      vertex 9.36971 18.715 12
    endloop
  endfacet
  facet normal 0.659236 -0.751936 0
    outer loop
      vertex 9.59099 18.909 12
      vertex 9.36971 18.715 2
      vertex 9.59099 18.909 2
    endloop
  endfacet
  facet normal 0.980724 -0.195397 0
    outer loop
      vertex 10.1733 19.9177 12
      vertex 10.2308 20.2063 2
      vertex 10.2308 20.2063 12
    endloop
  endfacet
  facet normal 0.980724 -0.195397 0
    outer loop
      vertex 10.2308 20.2063 2
      vertex 10.1733 19.9177 12
      vertex 10.1733 19.9177 2
    endloop
  endfacet
  facet normal 0.896941 -0.442151 0
    outer loop
      vertex 9.94856 19.375 12
      vertex 10.0787 19.639 2
      vertex 10.0787 19.639 12
    endloop
  endfacet
  facet normal 0.896941 -0.442151 0
    outer loop
      vertex 10.0787 19.639 2
      vertex 9.94856 19.375 12
      vertex 9.94856 19.375 2
    endloop
  endfacet
  facet normal -0.442096 -0.896968 0
    outer loop
      vertex 6.875 18.5514 2
      vertex 7.13896 18.4213 12
      vertex 6.875 18.5514 12
    endloop
  endfacet
  facet normal -0.442096 -0.896968 -0
    outer loop
      vertex 7.13896 18.4213 12
      vertex 6.875 18.5514 2
      vertex 7.13896 18.4213 2
    endloop
  endfacet
  facet normal -0.751865 -0.659317 0
    outer loop
      vertex 6.40901 18.909 2
      vertex 6.21495 19.1303 12
      vertex 6.21495 19.1303 2
    endloop
  endfacet
  facet normal -0.751865 -0.659317 0
    outer loop
      vertex 6.21495 19.1303 12
      vertex 6.40901 18.909 2
      vertex 6.40901 18.909 12
    endloop
  endfacet
  facet normal -0.946936 -0.321421 0
    outer loop
      vertex 5.92127 19.639 2
      vertex 5.82667 19.9177 12
      vertex 5.82667 19.9177 2
    endloop
  endfacet
  facet normal -0.946936 -0.321421 0
    outer loop
      vertex 5.82667 19.9177 12
      vertex 5.92127 19.639 2
      vertex 5.92127 19.639 12
    endloop
  endfacet
  facet normal 0.997859 0.0654027 0
    outer loop
      vertex -7.75 78.5 12
      vertex -7.76925 78.7937 2
      vertex -7.76925 78.7937 12
    endloop
  endfacet
  facet normal 0.997859 0.0654027 0
    outer loop
      vertex -7.76925 78.7937 2
      vertex -7.75 78.5 12
      vertex -7.75 78.5 2
    endloop
  endfacet
  facet normal -0.99787 0.0652336 0
    outer loop
      vertex -12.25 78.5 2
      vertex -12.2308 78.7937 12
      vertex -12.2308 78.7937 2
    endloop
  endfacet
  facet normal -0.99787 0.0652336 0
    outer loop
      vertex -12.2308 78.7937 12
      vertex -12.25 78.5 2
      vertex -12.25 78.5 12
    endloop
  endfacet
  facet normal 0.065238 0.99787 -0
    outer loop
      vertex -9.70632 80.7308 2
      vertex -10 80.75 12
      vertex -9.70632 80.7308 12
    endloop
  endfacet
  facet normal 0.065238 0.99787 0
    outer loop
      vertex -10 80.75 12
      vertex -9.70632 80.7308 2
      vertex -10 80.75 2
    endloop
  endfacet
  facet normal 0.065238 -0.99787 0
    outer loop
      vertex -10 76.25 2
      vertex -9.70632 76.2692 12
      vertex -10 76.25 12
    endloop
  endfacet
  facet normal 0.065238 -0.99787 0
    outer loop
      vertex -9.70632 76.2692 12
      vertex -10 76.25 2
      vertex -9.70632 76.2692 2
    endloop
  endfacet
  facet normal 0.751865 0.659317 0
    outer loop
      vertex -8.21495 79.8697 12
      vertex -8.40901 80.091 2
      vertex -8.40901 80.091 12
    endloop
  endfacet
  facet normal 0.751865 0.659317 0
    outer loop
      vertex -8.40901 80.091 2
      vertex -8.21495 79.8697 12
      vertex -8.21495 79.8697 2
    endloop
  endfacet
  facet normal -0.659202 0.751966 0
    outer loop
      vertex -11.3697 80.285 2
      vertex -11.591 80.091 12
      vertex -11.3697 80.285 12
    endloop
  endfacet
  facet normal -0.659202 0.751966 0
    outer loop
      vertex -11.591 80.091 12
      vertex -11.3697 80.285 2
      vertex -11.591 80.091 2
    endloop
  endfacet
  facet normal -0.321421 0.946936 0
    outer loop
      vertex -10.5823 80.6733 2
      vertex -10.861 80.5787 12
      vertex -10.5823 80.6733 12
    endloop
  endfacet
  facet normal -0.321421 0.946936 0
    outer loop
      vertex -10.861 80.5787 12
      vertex -10.5823 80.6733 2
      vertex -10.861 80.5787 2
    endloop
  endfacet
  facet normal 0.8969 0.442233 0
    outer loop
      vertex -7.92127 79.361 12
      vertex -8.05144 79.625 2
      vertex -8.05144 79.625 12
    endloop
  endfacet
  facet normal 0.8969 0.442233 0
    outer loop
      vertex -8.05144 79.625 2
      vertex -7.92127 79.361 12
      vertex -7.92127 79.361 2
    endloop
  endfacet
  facet normal 0.831459 0.555586 0
    outer loop
      vertex -8.05144 79.625 12
      vertex -8.21495 79.8697 2
      vertex -8.21495 79.8697 12
    endloop
  endfacet
  facet normal 0.831459 0.555586 0
    outer loop
      vertex -8.21495 79.8697 2
      vertex -8.05144 79.625 12
      vertex -8.05144 79.625 2
    endloop
  endfacet
  facet normal 0.442096 0.896968 -0
    outer loop
      vertex -8.875 80.4486 2
      vertex -9.13896 80.5787 12
      vertex -8.875 80.4486 12
    endloop
  endfacet
  facet normal 0.442096 0.896968 0
    outer loop
      vertex -9.13896 80.5787 12
      vertex -8.875 80.4486 2
      vertex -9.13896 80.5787 2
    endloop
  endfacet
  facet normal 0.321421 0.946936 -0
    outer loop
      vertex -9.13896 80.5787 2
      vertex -9.41766 80.6733 12
      vertex -9.13896 80.5787 12
    endloop
  endfacet
  facet normal 0.321421 0.946936 0
    outer loop
      vertex -9.41766 80.6733 12
      vertex -9.13896 80.5787 2
      vertex -9.41766 80.6733 2
    endloop
  endfacet
  facet normal 0.659236 0.751936 -0
    outer loop
      vertex -8.40901 80.091 2
      vertex -8.63029 80.285 12
      vertex -8.40901 80.091 12
    endloop
  endfacet
  facet normal 0.659236 0.751936 0
    outer loop
      vertex -8.63029 80.285 12
      vertex -8.40901 80.091 2
      vertex -8.63029 80.285 2
    endloop
  endfacet
  facet normal -0.896995 0.442042 0
    outer loop
      vertex -12.0787 79.361 2
      vertex -11.9486 79.625 12
      vertex -11.9486 79.625 2
    endloop
  endfacet
  facet normal -0.896995 0.442042 0
    outer loop
      vertex -11.9486 79.625 12
      vertex -12.0787 79.361 2
      vertex -12.0787 79.361 12
    endloop
  endfacet
  facet normal -0.946936 0.321421 0
    outer loop
      vertex -12.1733 79.0823 2
      vertex -12.0787 79.361 12
      vertex -12.0787 79.361 2
    endloop
  endfacet
  facet normal -0.946936 0.321421 0
    outer loop
      vertex -12.0787 79.361 12
      vertex -12.1733 79.0823 2
      vertex -12.1733 79.0823 12
    endloop
  endfacet
  facet normal -0.442042 0.896995 0
    outer loop
      vertex -10.861 80.5787 2
      vertex -11.125 80.4486 12
      vertex -10.861 80.5787 12
    endloop
  endfacet
  facet normal -0.442042 0.896995 0
    outer loop
      vertex -11.125 80.4486 12
      vertex -10.861 80.5787 2
      vertex -11.125 80.4486 2
    endloop
  endfacet
  facet normal -0.195397 0.980724 0
    outer loop
      vertex -10.2937 80.7308 2
      vertex -10.5823 80.6733 12
      vertex -10.2937 80.7308 12
    endloop
  endfacet
  facet normal -0.195397 0.980724 0
    outer loop
      vertex -10.5823 80.6733 12
      vertex -10.2937 80.7308 2
      vertex -10.5823 80.6733 2
    endloop
  endfacet
  facet normal 0.8969 -0.442233 0
    outer loop
      vertex -8.05144 77.375 12
      vertex -7.92127 77.639 2
      vertex -7.92127 77.639 12
    endloop
  endfacet
  facet normal 0.8969 -0.442233 0
    outer loop
      vertex -7.92127 77.639 2
      vertex -8.05144 77.375 12
      vertex -8.05144 77.375 2
    endloop
  endfacet
  facet normal 0.195358 -0.980732 0
    outer loop
      vertex -9.70632 76.2692 2
      vertex -9.41766 76.3267 12
      vertex -9.70632 76.2692 12
    endloop
  endfacet
  facet normal 0.195358 -0.980732 0
    outer loop
      vertex -9.41766 76.3267 12
      vertex -9.70632 76.2692 2
      vertex -9.41766 76.3267 2
    endloop
  endfacet
  facet normal 0.442096 -0.896968 0
    outer loop
      vertex -9.13896 76.4213 2
      vertex -8.875 76.5514 12
      vertex -9.13896 76.4213 12
    endloop
  endfacet
  facet normal 0.442096 -0.896968 0
    outer loop
      vertex -8.875 76.5514 12
      vertex -9.13896 76.4213 2
      vertex -8.875 76.5514 2
    endloop
  endfacet
  facet normal 0.946936 0.321421 0
    outer loop
      vertex -7.82667 79.0823 12
      vertex -7.92127 79.361 2
      vertex -7.92127 79.361 12
    endloop
  endfacet
  facet normal 0.946936 0.321421 0
    outer loop
      vertex -7.92127 79.361 2
      vertex -7.82667 79.0823 12
      vertex -7.82667 79.0823 2
    endloop
  endfacet
  facet normal 0.980776 0.195136 0
    outer loop
      vertex -7.76925 78.7937 12
      vertex -7.82667 79.0823 2
      vertex -7.82667 79.0823 12
    endloop
  endfacet
  facet normal 0.980776 0.195136 0
    outer loop
      vertex -7.82667 79.0823 2
      vertex -7.76925 78.7937 12
      vertex -7.76925 78.7937 2
    endloop
  endfacet
  facet normal 0.195358 0.980732 -0
    outer loop
      vertex -9.41766 80.6733 2
      vertex -9.70632 80.7308 12
      vertex -9.41766 80.6733 12
    endloop
  endfacet
  facet normal 0.195358 0.980732 0
    outer loop
      vertex -9.70632 80.7308 12
      vertex -9.41766 80.6733 2
      vertex -9.70632 80.7308 2
    endloop
  endfacet
  facet normal 0.555782 0.831328 -0
    outer loop
      vertex -8.63029 80.285 2
      vertex -8.875 80.4486 12
      vertex -8.63029 80.285 12
    endloop
  endfacet
  facet normal 0.555782 0.831328 0
    outer loop
      vertex -8.875 80.4486 12
      vertex -8.63029 80.285 2
      vertex -8.875 80.4486 2
    endloop
  endfacet
  facet normal -0.831318 0.555797 0
    outer loop
      vertex -11.9486 79.625 2
      vertex -11.785 79.8697 12
      vertex -11.785 79.8697 2
    endloop
  endfacet
  facet normal -0.831318 0.555797 0
    outer loop
      vertex -11.785 79.8697 12
      vertex -11.9486 79.625 2
      vertex -11.9486 79.625 12
    endloop
  endfacet
  facet normal -0.751966 0.659202 0
    outer loop
      vertex -11.785 79.8697 2
      vertex -11.591 80.091 12
      vertex -11.591 80.091 2
    endloop
  endfacet
  facet normal -0.751966 0.659202 0
    outer loop
      vertex -11.591 80.091 12
      vertex -11.785 79.8697 2
      vertex -11.785 79.8697 12
    endloop
  endfacet
  facet normal -0.980724 0.195397 0
    outer loop
      vertex -12.2308 78.7937 2
      vertex -12.1733 79.0823 12
      vertex -12.1733 79.0823 2
    endloop
  endfacet
  facet normal -0.980724 0.195397 0
    outer loop
      vertex -12.1733 79.0823 12
      vertex -12.2308 78.7937 2
      vertex -12.2308 78.7937 12
    endloop
  endfacet
  facet normal 0 0 1
    outer loop
      vertex -9.15 78.5 12
      vertex -7.75 78.5 12
      vertex -7.76925 78.7937 12
    endloop
  endfacet
  facet normal 0 0 1
    outer loop
      vertex -9.15727 78.6109 12
      vertex -7.76925 78.7937 12
      vertex -7.82667 79.0823 12
    endloop
  endfacet
  facet normal 0 0 1
    outer loop
      vertex -7.75 78.5 12
      vertex -9.15 78.5 12
      vertex -7.76925 78.2063 12
    endloop
  endfacet
  facet normal 0 0 1
    outer loop
      vertex -9.17896 78.72 12
      vertex -7.82667 79.0823 12
      vertex -7.92127 79.361 12
    endloop
  endfacet
  facet normal -0 0 1
    outer loop
      vertex -9.15727 78.3891 12
      vertex -7.76925 78.2063 12
      vertex -9.15 78.5 12
    endloop
  endfacet
  facet normal 0 0 1
    outer loop
      vertex -9.2147 78.8253 12
      vertex -7.92127 79.361 12
      vertex -8.05144 79.625 12
    endloop
  endfacet
  facet normal 0 0 1
    outer loop
      vertex -7.76925 78.2063 12
      vertex -9.15727 78.3891 12
      vertex -7.82667 77.9177 12
    endloop
  endfacet
  facet normal 0 0 1
    outer loop
      vertex -9.26388 78.925 12
      vertex -8.05144 79.625 12
      vertex -8.21495 79.8697 12
    endloop
  endfacet
  facet normal -0 0 1
    outer loop
      vertex -9.17896 78.28 12
      vertex -7.82667 77.9177 12
      vertex -9.15727 78.3891 12
    endloop
  endfacet
  facet normal 0 0 1
    outer loop
      vertex -9.32565 79.0174 12
      vertex -8.21495 79.8697 12
      vertex -8.40901 80.091 12
    endloop
  endfacet
  facet normal 0 0 1
    outer loop
      vertex -7.82667 77.9177 12
      vertex -9.17896 78.28 12
      vertex -7.92127 77.639 12
    endloop
  endfacet
  facet normal 0 0 1
    outer loop
      vertex -9.39896 79.101 12
      vertex -8.40901 80.091 12
      vertex -8.63029 80.285 12
    endloop
  endfacet
  facet normal -0 0 1
    outer loop
      vertex -9.2147 78.1747 12
      vertex -7.92127 77.639 12
      vertex -9.17896 78.28 12
    endloop
  endfacet
  facet normal 0 0 1
    outer loop
      vertex -9.48255 79.1743 12
      vertex -8.63029 80.285 12
      vertex -8.875 80.4486 12
    endloop
  endfacet
  facet normal 0 0 1
    outer loop
      vertex -7.92127 77.639 12
      vertex -9.2147 78.1747 12
      vertex -8.05144 77.375 12
    endloop
  endfacet
  facet normal 0 0 1
    outer loop
      vertex -9.575 79.2361 12
      vertex -8.875 80.4486 12
      vertex -9.13896 80.5787 12
    endloop
  endfacet
  facet normal -0 0 1
    outer loop
      vertex -9.26388 78.075 12
      vertex -8.05144 77.375 12
      vertex -9.2147 78.1747 12
    endloop
  endfacet
  facet normal 0 0 1
    outer loop
      vertex -8.05144 77.375 12
      vertex -9.26388 78.075 12
      vertex -8.21495 77.1303 12
    endloop
  endfacet
  facet normal 0 0 1
    outer loop
      vertex -7.76925 78.7937 12
      vertex -9.15727 78.6109 12
      vertex -9.15 78.5 12
    endloop
  endfacet
  facet normal 0 0 1
    outer loop
      vertex -7.82667 79.0823 12
      vertex -9.17896 78.72 12
      vertex -9.15727 78.6109 12
    endloop
  endfacet
  facet normal 0 0 1
    outer loop
      vertex -7.92127 79.361 12
      vertex -9.2147 78.8253 12
      vertex -9.17896 78.72 12
    endloop
  endfacet
  facet normal 0 0 1
    outer loop
      vertex -8.05144 79.625 12
      vertex -9.26388 78.925 12
      vertex -9.2147 78.8253 12
    endloop
  endfacet
  facet normal 0 0 1
    outer loop
      vertex -8.21495 79.8697 12
      vertex -9.32565 79.0174 12
      vertex -9.26388 78.925 12
    endloop
  endfacet
  facet normal 0 0 1
    outer loop
      vertex -8.40901 80.091 12
      vertex -9.39896 79.101 12
      vertex -9.32565 79.0174 12
    endloop
  endfacet
  facet normal 0 0 1
    outer loop
      vertex -9.67472 79.2853 12
      vertex -9.13896 80.5787 12
      vertex -9.41766 80.6733 12
    endloop
  endfacet
  facet normal 0 0 1
    outer loop
      vertex -8.63029 80.285 12
      vertex -9.48255 79.1743 12
      vertex -9.39896 79.101 12
    endloop
  endfacet
  facet normal 0 0 1
    outer loop
      vertex -8.875 80.4486 12
      vertex -9.575 79.2361 12
      vertex -9.48255 79.1743 12
    endloop
  endfacet
  facet normal 0 0 1
    outer loop
      vertex -9.13896 80.5787 12
      vertex -9.67472 79.2853 12
      vertex -9.575 79.2361 12
    endloop
  endfacet
  facet normal 0 0 1
    outer loop
      vertex -9.78 79.321 12
      vertex -9.41766 80.6733 12
      vertex -9.70632 80.7308 12
    endloop
  endfacet
  facet normal 0 0 1
    outer loop
      vertex -9.41766 80.6733 12
      vertex -9.78 79.321 12
      vertex -9.67472 79.2853 12
    endloop
  endfacet
  facet normal 0 0 1
    outer loop
      vertex -9.70632 80.7308 12
      vertex -9.88905 79.3427 12
      vertex -9.78 79.321 12
    endloop
  endfacet
  facet normal 0 0 1
    outer loop
      vertex -10 80.75 12
      vertex -9.88905 79.3427 12
      vertex -9.70632 80.7308 12
    endloop
  endfacet
  facet normal 0 0 1
    outer loop
      vertex -10 80.75 12
      vertex -10 79.35 12
      vertex -9.88905 79.3427 12
    endloop
  endfacet
  facet normal 0 0 1
    outer loop
      vertex -10 80.75 12
      vertex -10.1109 79.3427 12
      vertex -10 79.35 12
    endloop
  endfacet
  facet normal -0 0 1
    outer loop
      vertex -10.2937 80.7308 12
      vertex -10.1109 79.3427 12
      vertex -10 80.75 12
    endloop
  endfacet
  facet normal 0 0 1
    outer loop
      vertex -10.1109 79.3427 12
      vertex -10.2937 80.7308 12
      vertex -10.22 79.321 12
    endloop
  endfacet
  facet normal -0 0 1
    outer loop
      vertex -10.5823 80.6733 12
      vertex -10.22 79.321 12
      vertex -10.2937 80.7308 12
    endloop
  endfacet
  facet normal 0 0 1
    outer loop
      vertex -10.22 79.321 12
      vertex -10.5823 80.6733 12
      vertex -10.3253 79.2853 12
    endloop
  endfacet
  facet normal -0 0 1
    outer loop
      vertex -10.861 80.5787 12
      vertex -10.3253 79.2853 12
      vertex -10.5823 80.6733 12
    endloop
  endfacet
  facet normal 0 0 1
    outer loop
      vertex -10.3253 79.2853 12
      vertex -10.861 80.5787 12
      vertex -10.425 79.2361 12
    endloop
  endfacet
  facet normal -0 0 1
    outer loop
      vertex -11.125 80.4486 12
      vertex -10.425 79.2361 12
      vertex -10.861 80.5787 12
    endloop
  endfacet
  facet normal 0 0 1
    outer loop
      vertex -10.425 79.2361 12
      vertex -11.125 80.4486 12
      vertex -10.5174 79.1743 12
    endloop
  endfacet
  facet normal -0 0 1
    outer loop
      vertex -11.3697 80.285 12
      vertex -10.5174 79.1743 12
      vertex -11.125 80.4486 12
    endloop
  endfacet
  facet normal 0 0 1
    outer loop
      vertex -10.5174 79.1743 12
      vertex -11.3697 80.285 12
      vertex -10.601 79.101 12
    endloop
  endfacet
  facet normal -0 0 1
    outer loop
      vertex -11.591 80.091 12
      vertex -10.601 79.101 12
      vertex -11.3697 80.285 12
    endloop
  endfacet
  facet normal 0 0 1
    outer loop
      vertex -10.601 79.101 12
      vertex -11.591 80.091 12
      vertex -10.6743 79.0174 12
    endloop
  endfacet
  facet normal 0 0 1
    outer loop
      vertex -10.6743 79.0174 12
      vertex -11.785 79.8697 12
      vertex -10.7361 78.925 12
    endloop
  endfacet
  facet normal -0 0 1
    outer loop
      vertex -11.785 79.8697 12
      vertex -10.6743 79.0174 12
      vertex -11.591 80.091 12
    endloop
  endfacet
  facet normal -0 0 1
    outer loop
      vertex -9.32565 77.9826 12
      vertex -8.21495 77.1303 12
      vertex -9.26388 78.075 12
    endloop
  endfacet
  facet normal 0 0 1
    outer loop
      vertex -8.21495 77.1303 12
      vertex -9.32565 77.9826 12
      vertex -8.40901 76.909 12
    endloop
  endfacet
  facet normal -0 0 1
    outer loop
      vertex -9.39896 77.899 12
      vertex -8.40901 76.909 12
      vertex -9.32565 77.9826 12
    endloop
  endfacet
  facet normal 0 0 1
    outer loop
      vertex -8.40901 76.909 12
      vertex -9.39896 77.899 12
      vertex -8.63029 76.715 12
    endloop
  endfacet
  facet normal -0 0 1
    outer loop
      vertex -9.48255 77.8257 12
      vertex -8.63029 76.715 12
      vertex -9.39896 77.899 12
    endloop
  endfacet
  facet normal 0 0 1
    outer loop
      vertex -8.63029 76.715 12
      vertex -9.48255 77.8257 12
      vertex -8.875 76.5514 12
    endloop
  endfacet
  facet normal -0 0 1
    outer loop
      vertex -9.575 77.7639 12
      vertex -8.875 76.5514 12
      vertex -9.48255 77.8257 12
    endloop
  endfacet
  facet normal 0 0 1
    outer loop
      vertex -8.875 76.5514 12
      vertex -9.575 77.7639 12
      vertex -9.13896 76.4213 12
    endloop
  endfacet
  facet normal -0 0 1
    outer loop
      vertex -9.67472 77.7147 12
      vertex -9.13896 76.4213 12
      vertex -9.575 77.7639 12
    endloop
  endfacet
  facet normal 0 0 1
    outer loop
      vertex -9.13896 76.4213 12
      vertex -9.67472 77.7147 12
      vertex -9.41766 76.3267 12
    endloop
  endfacet
  facet normal -0 0 1
    outer loop
      vertex -9.78 77.679 12
      vertex -9.41766 76.3267 12
      vertex -9.67472 77.7147 12
    endloop
  endfacet
  facet normal 0 0 1
    outer loop
      vertex -9.41766 76.3267 12
      vertex -9.78 77.679 12
      vertex -9.70632 76.2692 12
    endloop
  endfacet
  facet normal -0 0 1
    outer loop
      vertex -9.88905 77.6573 12
      vertex -9.70632 76.2692 12
      vertex -9.78 77.679 12
    endloop
  endfacet
  facet normal -0 0 1
    outer loop
      vertex -10 77.65 12
      vertex -9.70632 76.2692 12
      vertex -9.88905 77.6573 12
    endloop
  endfacet
  facet normal 0 0 1
    outer loop
      vertex -10 77.65 12
      vertex -10 76.25 12
      vertex -9.70632 76.2692 12
    endloop
  endfacet
  facet normal 0 0 1
    outer loop
      vertex -10.1109 77.6573 12
      vertex -10 76.25 12
      vertex -10 77.65 12
    endloop
  endfacet
  facet normal 0 0 1
    outer loop
      vertex -10.2937 76.2692 12
      vertex -10.1109 77.6573 12
      vertex -10.22 77.679 12
    endloop
  endfacet
  facet normal 0 0 1
    outer loop
      vertex -10.1109 77.6573 12
      vertex -10.2937 76.2692 12
      vertex -10 76.25 12
    endloop
  endfacet
  facet normal 0 0 1
    outer loop
      vertex -10.5823 76.3267 12
      vertex -10.22 77.679 12
      vertex -10.3253 77.7147 12
    endloop
  endfacet
  facet normal 0 0 1
    outer loop
      vertex -10.861 76.4213 12
      vertex -10.3253 77.7147 12
      vertex -10.425 77.7639 12
    endloop
  endfacet
  facet normal 0 0 1
    outer loop
      vertex -11.125 76.5514 12
      vertex -10.425 77.7639 12
      vertex -10.5174 77.8257 12
    endloop
  endfacet
  facet normal 0 0 1
    outer loop
      vertex -10.22 77.679 12
      vertex -10.5823 76.3267 12
      vertex -10.2937 76.2692 12
    endloop
  endfacet
  facet normal 0 0 1
    outer loop
      vertex -11.3697 76.715 12
      vertex -10.5174 77.8257 12
      vertex -10.601 77.899 12
    endloop
  endfacet
  facet normal 0 0 1
    outer loop
      vertex -11.591 76.909 12
      vertex -10.601 77.899 12
      vertex -10.6743 77.9826 12
    endloop
  endfacet
  facet normal 0 0 1
    outer loop
      vertex -11.785 77.1303 12
      vertex -10.6743 77.9826 12
      vertex -10.7361 78.075 12
    endloop
  endfacet
  facet normal 0 0 1
    outer loop
      vertex -11.9486 77.375 12
      vertex -10.7361 78.075 12
      vertex -10.7853 78.1747 12
    endloop
  endfacet
  facet normal 0 0 1
    outer loop
      vertex -12.0787 77.639 12
      vertex -10.7853 78.1747 12
      vertex -10.821 78.28 12
    endloop
  endfacet
  facet normal 0 0 1
    outer loop
      vertex -12.1733 77.9177 12
      vertex -10.821 78.28 12
      vertex -10.8427 78.3891 12
    endloop
  endfacet
  facet normal 0 0 1
    outer loop
      vertex -10.3253 77.7147 12
      vertex -10.861 76.4213 12
      vertex -10.5823 76.3267 12
    endloop
  endfacet
  facet normal 0 0 1
    outer loop
      vertex -12.2308 78.2063 12
      vertex -10.8427 78.3891 12
      vertex -10.85 78.5 12
    endloop
  endfacet
  facet normal -0 0 1
    outer loop
      vertex -11.9486 79.625 12
      vertex -10.7361 78.925 12
      vertex -11.785 79.8697 12
    endloop
  endfacet
  facet normal 0 0 1
    outer loop
      vertex -10.7361 78.925 12
      vertex -11.9486 79.625 12
      vertex -10.7853 78.8253 12
    endloop
  endfacet
  facet normal 0 0 1
    outer loop
      vertex -10.425 77.7639 12
      vertex -11.125 76.5514 12
      vertex -10.861 76.4213 12
    endloop
  endfacet
  facet normal -0 0 1
    outer loop
      vertex -12.0787 79.361 12
      vertex -10.7853 78.8253 12
      vertex -11.9486 79.625 12
    endloop
  endfacet
  facet normal 0 0 1
    outer loop
      vertex -10.5174 77.8257 12
      vertex -11.3697 76.715 12
      vertex -11.125 76.5514 12
    endloop
  endfacet
  facet normal 0 0 1
    outer loop
      vertex -10.7853 78.8253 12
      vertex -12.0787 79.361 12
      vertex -10.821 78.72 12
    endloop
  endfacet
  facet normal 0 0 1
    outer loop
      vertex -10.601 77.899 12
      vertex -11.591 76.909 12
      vertex -11.3697 76.715 12
    endloop
  endfacet
  facet normal -0 0 1
    outer loop
      vertex -12.1733 79.0823 12
      vertex -10.821 78.72 12
      vertex -12.0787 79.361 12
    endloop
  endfacet
  facet normal 0 0 1
    outer loop
      vertex -10.6743 77.9826 12
      vertex -11.785 77.1303 12
      vertex -11.591 76.909 12
    endloop
  endfacet
  facet normal 0 0 1
    outer loop
      vertex -10.821 78.72 12
      vertex -12.1733 79.0823 12
      vertex -10.8427 78.6109 12
    endloop
  endfacet
  facet normal 0 0 1
    outer loop
      vertex -10.7361 78.075 12
      vertex -11.9486 77.375 12
      vertex -11.785 77.1303 12
    endloop
  endfacet
  facet normal -0 0 1
    outer loop
      vertex -12.2308 78.7937 12
      vertex -10.8427 78.6109 12
      vertex -12.1733 79.0823 12
    endloop
  endfacet
  facet normal 0 0 1
    outer loop
      vertex -10.7853 78.1747 12
      vertex -12.0787 77.639 12
      vertex -11.9486 77.375 12
    endloop
  endfacet
  facet normal 0 0 1
    outer loop
      vertex -10.8427 78.6109 12
      vertex -12.2308 78.7937 12
      vertex -10.85 78.5 12
    endloop
  endfacet
  facet normal 0 0 1
    outer loop
      vertex -10.821 78.28 12
      vertex -12.1733 77.9177 12
      vertex -12.0787 77.639 12
    endloop
  endfacet
  facet normal 0 0 1
    outer loop
      vertex -12.25 78.5 12
      vertex -10.85 78.5 12
      vertex -12.2308 78.7937 12
    endloop
  endfacet
  facet normal 0 0 1
    outer loop
      vertex -10.8427 78.3891 12
      vertex -12.2308 78.2063 12
      vertex -12.1733 77.9177 12
    endloop
  endfacet
  facet normal 0 0 1
    outer loop
      vertex -10.85 78.5 12
      vertex -12.25 78.5 12
      vertex -12.2308 78.2063 12
    endloop
  endfacet
  facet normal -0.555797 0.831318 0
    outer loop
      vertex -11.125 80.4486 2
      vertex -11.3697 80.285 12
      vertex -11.125 80.4486 12
    endloop
  endfacet
  facet normal -0.555797 0.831318 0
    outer loop
      vertex -11.3697 80.285 12
      vertex -11.125 80.4486 2
      vertex -11.3697 80.285 2
    endloop
  endfacet
  facet normal -0.0652336 0.99787 0
    outer loop
      vertex -10 80.75 2
      vertex -10.2937 80.7308 12
      vertex -10 80.75 12
    endloop
  endfacet
  facet normal -0.0652336 0.99787 0
    outer loop
      vertex -10.2937 80.7308 12
      vertex -10 80.75 2
      vertex -10.2937 80.7308 2
    endloop
  endfacet
  facet normal 0.751865 -0.659317 0
    outer loop
      vertex -8.40901 76.909 12
      vertex -8.21495 77.1303 2
      vertex -8.21495 77.1303 12
    endloop
  endfacet
  facet normal 0.751865 -0.659317 0
    outer loop
      vertex -8.21495 77.1303 2
      vertex -8.40901 76.909 12
      vertex -8.40901 76.909 2
    endloop
  endfacet
  facet normal 0.946936 -0.321421 0
    outer loop
      vertex -7.92127 77.639 12
      vertex -7.82667 77.9177 2
      vertex -7.82667 77.9177 12
    endloop
  endfacet
  facet normal 0.946936 -0.321421 0
    outer loop
      vertex -7.82667 77.9177 2
      vertex -7.92127 77.639 12
      vertex -7.92127 77.639 2
    endloop
  endfacet
  facet normal 0.980776 -0.195136 0
    outer loop
      vertex -7.82667 77.9177 12
      vertex -7.76925 78.2063 2
      vertex -7.76925 78.2063 12
    endloop
  endfacet
  facet normal 0.980776 -0.195136 0
    outer loop
      vertex -7.76925 78.2063 2
      vertex -7.82667 77.9177 12
      vertex -7.82667 77.9177 2
    endloop
  endfacet
  facet normal -0.659202 -0.751966 0
    outer loop
      vertex -11.591 76.909 2
      vertex -11.3697 76.715 12
      vertex -11.591 76.909 12
    endloop
  endfacet
  facet normal -0.659202 -0.751966 -0
    outer loop
      vertex -11.3697 76.715 12
      vertex -11.591 76.909 2
      vertex -11.3697 76.715 2
    endloop
  endfacet
  facet normal -0.896995 -0.442042 0
    outer loop
      vertex -11.9486 77.375 2
      vertex -12.0787 77.639 12
      vertex -12.0787 77.639 2
    endloop
  endfacet
  facet normal -0.896995 -0.442042 0
    outer loop
      vertex -12.0787 77.639 12
      vertex -11.9486 77.375 2
      vertex -11.9486 77.375 12
    endloop
  endfacet
  facet normal -0.751966 -0.659202 0
    outer loop
      vertex -11.591 76.909 2
      vertex -11.785 77.1303 12
      vertex -11.785 77.1303 2
    endloop
  endfacet
  facet normal -0.751966 -0.659202 0
    outer loop
      vertex -11.785 77.1303 12
      vertex -11.591 76.909 2
      vertex -11.591 76.909 12
    endloop
  endfacet
  facet normal 0.831459 -0.555586 0
    outer loop
      vertex -8.21495 77.1303 12
      vertex -8.05144 77.375 2
      vertex -8.05144 77.375 12
    endloop
  endfacet
  facet normal 0.831459 -0.555586 0
    outer loop
      vertex -8.05144 77.375 2
      vertex -8.21495 77.1303 12
      vertex -8.21495 77.1303 2
    endloop
  endfacet
  facet normal 0.997859 -0.0654027 0
    outer loop
      vertex -7.76925 78.2063 12
      vertex -7.75 78.5 2
      vertex -7.75 78.5 12
    endloop
  endfacet
  facet normal 0.997859 -0.0654027 0
    outer loop
      vertex -7.75 78.5 2
      vertex -7.76925 78.2063 12
      vertex -7.76925 78.2063 2
    endloop
  endfacet
  facet normal -0.946936 -0.321421 0
    outer loop
      vertex -12.0787 77.639 2
      vertex -12.1733 77.9177 12
      vertex -12.1733 77.9177 2
    endloop
  endfacet
  facet normal -0.946936 -0.321421 0
    outer loop
      vertex -12.1733 77.9177 12
      vertex -12.0787 77.639 2
      vertex -12.0787 77.639 12
    endloop
  endfacet
  facet normal 0.321421 -0.946936 0
    outer loop
      vertex -9.41766 76.3267 2
      vertex -9.13896 76.4213 12
      vertex -9.41766 76.3267 12
    endloop
  endfacet
  facet normal 0.321421 -0.946936 0
    outer loop
      vertex -9.13896 76.4213 12
      vertex -9.41766 76.3267 2
      vertex -9.13896 76.4213 2
    endloop
  endfacet
  facet normal 0.659236 -0.751936 0
    outer loop
      vertex -8.63029 76.715 2
      vertex -8.40901 76.909 12
      vertex -8.63029 76.715 12
    endloop
  endfacet
  facet normal 0.659236 -0.751936 0
    outer loop
      vertex -8.40901 76.909 12
      vertex -8.63029 76.715 2
      vertex -8.40901 76.909 2
    endloop
  endfacet
  facet normal 0.555782 -0.831328 0
    outer loop
      vertex -8.875 76.5514 2
      vertex -8.63029 76.715 12
      vertex -8.875 76.5514 12
    endloop
  endfacet
  facet normal 0.555782 -0.831328 0
    outer loop
      vertex -8.63029 76.715 12
      vertex -8.875 76.5514 2
      vertex -8.63029 76.715 2
    endloop
  endfacet
  facet normal -0.442042 -0.896995 0
    outer loop
      vertex -11.125 76.5514 2
      vertex -10.861 76.4213 12
      vertex -11.125 76.5514 12
    endloop
  endfacet
  facet normal -0.442042 -0.896995 -0
    outer loop
      vertex -10.861 76.4213 12
      vertex -11.125 76.5514 2
      vertex -10.861 76.4213 2
    endloop
  endfacet
  facet normal -0.831318 -0.555797 0
    outer loop
      vertex -11.785 77.1303 2
      vertex -11.9486 77.375 12
      vertex -11.9486 77.375 2
    endloop
  endfacet
  facet normal -0.831318 -0.555797 0
    outer loop
      vertex -11.9486 77.375 12
      vertex -11.785 77.1303 2
      vertex -11.785 77.1303 12
    endloop
  endfacet
  facet normal -0.980724 -0.195397 0
    outer loop
      vertex -12.1733 77.9177 2
      vertex -12.2308 78.2063 12
      vertex -12.2308 78.2063 2
    endloop
  endfacet
  facet normal -0.980724 -0.195397 0
    outer loop
      vertex -12.2308 78.2063 12
      vertex -12.1733 77.9177 2
      vertex -12.1733 77.9177 12
    endloop
  endfacet
  facet normal -0.99787 -0.0652336 0
    outer loop
      vertex -12.2308 78.2063 2
      vertex -12.25 78.5 12
      vertex -12.25 78.5 2
    endloop
  endfacet
  facet normal -0.99787 -0.0652336 0
    outer loop
      vertex -12.25 78.5 12
      vertex -12.2308 78.2063 2
      vertex -12.2308 78.2063 12
    endloop
  endfacet
  facet normal -0.195397 -0.980724 0
    outer loop
      vertex -10.5823 76.3267 2
      vertex -10.2937 76.2692 12
      vertex -10.5823 76.3267 12
    endloop
  endfacet
  facet normal -0.195397 -0.980724 -0
    outer loop
      vertex -10.2937 76.2692 12
      vertex -10.5823 76.3267 2
      vertex -10.2937 76.2692 2
    endloop
  endfacet
  facet normal -0.321421 -0.946936 0
    outer loop
      vertex -10.861 76.4213 2
      vertex -10.5823 76.3267 12
      vertex -10.861 76.4213 12
    endloop
  endfacet
  facet normal -0.321421 -0.946936 -0
    outer loop
      vertex -10.5823 76.3267 12
      vertex -10.861 76.4213 2
      vertex -10.5823 76.3267 2
    endloop
  endfacet
  facet normal -0.0652336 -0.99787 0
    outer loop
      vertex -10.2937 76.2692 2
      vertex -10 76.25 12
      vertex -10.2937 76.2692 12
    endloop
  endfacet
  facet normal -0.0652336 -0.99787 -0
    outer loop
      vertex -10 76.25 12
      vertex -10.2937 76.2692 2
      vertex -10 76.25 2
    endloop
  endfacet
  facet normal -0.555797 -0.831318 0
    outer loop
      vertex -11.3697 76.715 2
      vertex -11.125 76.5514 12
      vertex -11.3697 76.715 12
    endloop
  endfacet
  facet normal -0.555797 -0.831318 -0
    outer loop
      vertex -11.125 76.5514 12
      vertex -11.3697 76.715 2
      vertex -11.125 76.5514 2
    endloop
  endfacet
  facet normal 0.997859 0.0654027 0
    outer loop
      vertex 8.25 78.5 12
      vertex 8.23075 78.7937 2
      vertex 8.23075 78.7937 12
    endloop
  endfacet
  facet normal 0.997859 0.0654027 0
    outer loop
      vertex 8.23075 78.7937 2
      vertex 8.25 78.5 12
      vertex 8.25 78.5 2
    endloop
  endfacet
  facet normal -0.065238 0.99787 0
    outer loop
      vertex 6 80.75 2
      vertex 5.70632 80.7308 12
      vertex 6 80.75 12
    endloop
  endfacet
  facet normal -0.065238 0.99787 0
    outer loop
      vertex 5.70632 80.7308 12
      vertex 6 80.75 2
      vertex 5.70632 80.7308 2
    endloop
  endfacet
  facet normal 0.659236 0.751936 -0
    outer loop
      vertex 7.59099 80.091 2
      vertex 7.36971 80.285 12
      vertex 7.59099 80.091 12
    endloop
  endfacet
  facet normal 0.659236 0.751936 0
    outer loop
      vertex 7.36971 80.285 12
      vertex 7.59099 80.091 2
      vertex 7.36971 80.285 2
    endloop
  endfacet
  facet normal -0.751865 0.659317 0
    outer loop
      vertex 4.21495 79.8697 2
      vertex 4.40901 80.091 12
      vertex 4.40901 80.091 2
    endloop
  endfacet
  facet normal -0.751865 0.659317 0
    outer loop
      vertex 4.40901 80.091 12
      vertex 4.21495 79.8697 2
      vertex 4.21495 79.8697 12
    endloop
  endfacet
  facet normal -0.442096 0.896968 0
    outer loop
      vertex 5.13896 80.5787 2
      vertex 4.875 80.4486 12
      vertex 5.13896 80.5787 12
    endloop
  endfacet
  facet normal -0.442096 0.896968 0
    outer loop
      vertex 4.875 80.4486 12
      vertex 5.13896 80.5787 2
      vertex 4.875 80.4486 2
    endloop
  endfacet
  facet normal 0.8969 0.442233 0
    outer loop
      vertex 8.07873 79.361 12
      vertex 7.94856 79.625 2
      vertex 7.94856 79.625 12
    endloop
  endfacet
  facet normal 0.8969 0.442233 0
    outer loop
      vertex 7.94856 79.625 2
      vertex 8.07873 79.361 12
      vertex 8.07873 79.361 2
    endloop
  endfacet
  facet normal 0.321421 0.946936 -0
    outer loop
      vertex 6.86104 80.5787 2
      vertex 6.58234 80.6733 12
      vertex 6.86104 80.5787 12
    endloop
  endfacet
  facet normal 0.321421 0.946936 0
    outer loop
      vertex 6.58234 80.6733 12
      vertex 6.86104 80.5787 2
      vertex 6.58234 80.6733 2
    endloop
  endfacet
  facet normal 0.555782 0.831328 -0
    outer loop
      vertex 7.36971 80.285 2
      vertex 7.125 80.4486 12
      vertex 7.36971 80.285 12
    endloop
  endfacet
  facet normal 0.555782 0.831328 0
    outer loop
      vertex 7.125 80.4486 12
      vertex 7.36971 80.285 2
      vertex 7.125 80.4486 2
    endloop
  endfacet
  facet normal -0.946936 0.321421 0
    outer loop
      vertex 3.82667 79.0823 2
      vertex 3.92127 79.361 12
      vertex 3.92127 79.361 2
    endloop
  endfacet
  facet normal -0.946936 0.321421 0
    outer loop
      vertex 3.92127 79.361 12
      vertex 3.82667 79.0823 2
      vertex 3.82667 79.0823 12
    endloop
  endfacet
  facet normal -0.831459 0.555586 0
    outer loop
      vertex 4.05144 79.625 2
      vertex 4.21495 79.8697 12
      vertex 4.21495 79.8697 2
    endloop
  endfacet
  facet normal -0.831459 0.555586 0
    outer loop
      vertex 4.21495 79.8697 12
      vertex 4.05144 79.625 2
      vertex 4.05144 79.625 12
    endloop
  endfacet
  facet normal -0.980776 0.195136 0
    outer loop
      vertex 3.76925 78.7937 2
      vertex 3.82667 79.0823 12
      vertex 3.82667 79.0823 2
    endloop
  endfacet
  facet normal -0.980776 0.195136 0
    outer loop
      vertex 3.82667 79.0823 12
      vertex 3.76925 78.7937 2
      vertex 3.76925 78.7937 12
    endloop
  endfacet
  facet normal -0.321421 0.946936 0
    outer loop
      vertex 5.41766 80.6733 2
      vertex 5.13896 80.5787 12
      vertex 5.41766 80.6733 12
    endloop
  endfacet
  facet normal -0.321421 0.946936 0
    outer loop
      vertex 5.13896 80.5787 12
      vertex 5.41766 80.6733 2
      vertex 5.13896 80.5787 2
    endloop
  endfacet
  facet normal -0.195358 -0.980732 0
    outer loop
      vertex 5.41766 76.3267 2
      vertex 5.70632 76.2692 12
      vertex 5.41766 76.3267 12
    endloop
  endfacet
  facet normal -0.195358 -0.980732 -0
    outer loop
      vertex 5.70632 76.2692 12
      vertex 5.41766 76.3267 2
      vertex 5.70632 76.2692 2
    endloop
  endfacet
  facet normal 0.946936 0.321421 0
    outer loop
      vertex 8.17333 79.0823 12
      vertex 8.07873 79.361 2
      vertex 8.07873 79.361 12
    endloop
  endfacet
  facet normal 0.946936 0.321421 0
    outer loop
      vertex 8.07873 79.361 2
      vertex 8.17333 79.0823 12
      vertex 8.17333 79.0823 2
    endloop
  endfacet
  facet normal 0.980776 0.195136 0
    outer loop
      vertex 8.23075 78.7937 12
      vertex 8.17333 79.0823 2
      vertex 8.17333 79.0823 12
    endloop
  endfacet
  facet normal 0.980776 0.195136 0
    outer loop
      vertex 8.17333 79.0823 2
      vertex 8.23075 78.7937 12
      vertex 8.23075 78.7937 2
    endloop
  endfacet
  facet normal 0.751882 0.659298 0
    outer loop
      vertex 7.78504 79.8697 12
      vertex 7.59099 80.091 2
      vertex 7.59099 80.091 12
    endloop
  endfacet
  facet normal 0.751882 0.659298 0
    outer loop
      vertex 7.59099 80.091 2
      vertex 7.78504 79.8697 12
      vertex 7.78504 79.8697 2
    endloop
  endfacet
  facet normal 0.831443 0.555609 0
    outer loop
      vertex 7.94856 79.625 12
      vertex 7.78504 79.8697 2
      vertex 7.78504 79.8697 12
    endloop
  endfacet
  facet normal 0.831443 0.555609 0
    outer loop
      vertex 7.78504 79.8697 2
      vertex 7.94856 79.625 12
      vertex 7.94856 79.625 2
    endloop
  endfacet
  facet normal 0.195358 0.980732 -0
    outer loop
      vertex 6.58234 80.6733 2
      vertex 6.29368 80.7308 12
      vertex 6.58234 80.6733 12
    endloop
  endfacet
  facet normal 0.195358 0.980732 0
    outer loop
      vertex 6.29368 80.7308 12
      vertex 6.58234 80.6733 2
      vertex 6.29368 80.7308 2
    endloop
  endfacet
  facet normal 0.065238 0.99787 -0
    outer loop
      vertex 6.29368 80.7308 2
      vertex 6 80.75 12
      vertex 6.29368 80.7308 12
    endloop
  endfacet
  facet normal 0.065238 0.99787 0
    outer loop
      vertex 6 80.75 12
      vertex 6.29368 80.7308 2
      vertex 6 80.75 2
    endloop
  endfacet
  facet normal 0.442096 0.896968 -0
    outer loop
      vertex 7.125 80.4486 2
      vertex 6.86104 80.5787 12
      vertex 7.125 80.4486 12
    endloop
  endfacet
  facet normal 0.442096 0.896968 0
    outer loop
      vertex 6.86104 80.5787 12
      vertex 7.125 80.4486 2
      vertex 6.86104 80.5787 2
    endloop
  endfacet
  facet normal -0.8969 0.442233 0
    outer loop
      vertex 3.92127 79.361 2
      vertex 4.05144 79.625 12
      vertex 4.05144 79.625 2
    endloop
  endfacet
  facet normal -0.8969 0.442233 0
    outer loop
      vertex 4.05144 79.625 12
      vertex 3.92127 79.361 2
      vertex 3.92127 79.361 12
    endloop
  endfacet
  facet normal -0.997859 0.0654027 0
    outer loop
      vertex 3.75 78.5 2
      vertex 3.76925 78.7937 12
      vertex 3.76925 78.7937 2
    endloop
  endfacet
  facet normal -0.997859 0.0654027 0
    outer loop
      vertex 3.76925 78.7937 12
      vertex 3.75 78.5 2
      vertex 3.75 78.5 12
    endloop
  endfacet
  facet normal 0 0 1
    outer loop
      vertex 6.85 78.5 12
      vertex 8.25 78.5 12
      vertex 8.23075 78.7937 12
    endloop
  endfacet
  facet normal 0 0 1
    outer loop
      vertex 6.84273 78.6109 12
      vertex 8.23075 78.7937 12
      vertex 8.17333 79.0823 12
    endloop
  endfacet
  facet normal 0 0 1
    outer loop
      vertex 8.25 78.5 12
      vertex 6.85 78.5 12
      vertex 8.23075 78.2063 12
    endloop
  endfacet
  facet normal 0 0 1
    outer loop
      vertex 6.82104 78.72 12
      vertex 8.17333 79.0823 12
      vertex 8.07873 79.361 12
    endloop
  endfacet
  facet normal -0 0 1
    outer loop
      vertex 6.84273 78.3891 12
      vertex 8.23075 78.2063 12
      vertex 6.85 78.5 12
    endloop
  endfacet
  facet normal 0 0 1
    outer loop
      vertex 6.7853 78.8253 12
      vertex 8.07873 79.361 12
      vertex 7.94856 79.625 12
    endloop
  endfacet
  facet normal 0 0 1
    outer loop
      vertex 8.23075 78.2063 12
      vertex 6.84273 78.3891 12
      vertex 8.17333 77.9177 12
    endloop
  endfacet
  facet normal 0 0 1
    outer loop
      vertex 6.73612 78.925 12
      vertex 7.94856 79.625 12
      vertex 7.78504 79.8697 12
    endloop
  endfacet
  facet normal -0 0 1
    outer loop
      vertex 6.82104 78.28 12
      vertex 8.17333 77.9177 12
      vertex 6.84273 78.3891 12
    endloop
  endfacet
  facet normal 0 0 1
    outer loop
      vertex 6.67435 79.0174 12
      vertex 7.78504 79.8697 12
      vertex 7.59099 80.091 12
    endloop
  endfacet
  facet normal 0 0 1
    outer loop
      vertex 8.17333 77.9177 12
      vertex 6.82104 78.28 12
      vertex 8.07873 77.639 12
    endloop
  endfacet
  facet normal 0 0 1
    outer loop
      vertex 6.60104 79.101 12
      vertex 7.59099 80.091 12
      vertex 7.36971 80.285 12
    endloop
  endfacet
  facet normal -0 0 1
    outer loop
      vertex 6.7853 78.1747 12
      vertex 8.07873 77.639 12
      vertex 6.82104 78.28 12
    endloop
  endfacet
  facet normal 0 0 1
    outer loop
      vertex 6.51745 79.1743 12
      vertex 7.36971 80.285 12
      vertex 7.125 80.4486 12
    endloop
  endfacet
  facet normal 0 0 1
    outer loop
      vertex 8.07873 77.639 12
      vertex 6.7853 78.1747 12
      vertex 7.94856 77.375 12
    endloop
  endfacet
  facet normal 0 0 1
    outer loop
      vertex 6.425 79.2361 12
      vertex 7.125 80.4486 12
      vertex 6.86104 80.5787 12
    endloop
  endfacet
  facet normal -0 0 1
    outer loop
      vertex 6.73612 78.075 12
      vertex 7.94856 77.375 12
      vertex 6.7853 78.1747 12
    endloop
  endfacet
  facet normal 0 0 1
    outer loop
      vertex 7.94856 77.375 12
      vertex 6.73612 78.075 12
      vertex 7.78504 77.1303 12
    endloop
  endfacet
  facet normal 0 0 1
    outer loop
      vertex 8.23075 78.7937 12
      vertex 6.84273 78.6109 12
      vertex 6.85 78.5 12
    endloop
  endfacet
  facet normal 0 0 1
    outer loop
      vertex 8.17333 79.0823 12
      vertex 6.82104 78.72 12
      vertex 6.84273 78.6109 12
    endloop
  endfacet
  facet normal 0 0 1
    outer loop
      vertex 8.07873 79.361 12
      vertex 6.7853 78.8253 12
      vertex 6.82104 78.72 12
    endloop
  endfacet
  facet normal 0 0 1
    outer loop
      vertex 7.94856 79.625 12
      vertex 6.73612 78.925 12
      vertex 6.7853 78.8253 12
    endloop
  endfacet
  facet normal 0 0 1
    outer loop
      vertex 7.78504 79.8697 12
      vertex 6.67435 79.0174 12
      vertex 6.73612 78.925 12
    endloop
  endfacet
  facet normal 0 0 1
    outer loop
      vertex 7.59099 80.091 12
      vertex 6.60104 79.101 12
      vertex 6.67435 79.0174 12
    endloop
  endfacet
  facet normal 0 0 1
    outer loop
      vertex 6.32528 79.2853 12
      vertex 6.86104 80.5787 12
      vertex 6.58234 80.6733 12
    endloop
  endfacet
  facet normal 0 0 1
    outer loop
      vertex 7.36971 80.285 12
      vertex 6.51745 79.1743 12
      vertex 6.60104 79.101 12
    endloop
  endfacet
  facet normal 0 0 1
    outer loop
      vertex 7.125 80.4486 12
      vertex 6.425 79.2361 12
      vertex 6.51745 79.1743 12
    endloop
  endfacet
  facet normal 0 0 1
    outer loop
      vertex 6.86104 80.5787 12
      vertex 6.32528 79.2853 12
      vertex 6.425 79.2361 12
    endloop
  endfacet
  facet normal 0 0 1
    outer loop
      vertex 6.22 79.321 12
      vertex 6.58234 80.6733 12
      vertex 6.29368 80.7308 12
    endloop
  endfacet
  facet normal 0 0 1
    outer loop
      vertex 6.58234 80.6733 12
      vertex 6.22 79.321 12
      vertex 6.32528 79.2853 12
    endloop
  endfacet
  facet normal 0 0 1
    outer loop
      vertex 6.29368 80.7308 12
      vertex 6.11095 79.3427 12
      vertex 6.22 79.321 12
    endloop
  endfacet
  facet normal 0 0 1
    outer loop
      vertex 6 80.75 12
      vertex 6.11095 79.3427 12
      vertex 6.29368 80.7308 12
    endloop
  endfacet
  facet normal 0 0 1
    outer loop
      vertex 6 80.75 12
      vertex 6 79.35 12
      vertex 6.11095 79.3427 12
    endloop
  endfacet
  facet normal 0 0 1
    outer loop
      vertex 6 80.75 12
      vertex 5.88905 79.3427 12
      vertex 6 79.35 12
    endloop
  endfacet
  facet normal -0 0 1
    outer loop
      vertex 5.70632 80.7308 12
      vertex 5.88905 79.3427 12
      vertex 6 80.75 12
    endloop
  endfacet
  facet normal 0 0 1
    outer loop
      vertex 5.88905 79.3427 12
      vertex 5.70632 80.7308 12
      vertex 5.78 79.321 12
    endloop
  endfacet
  facet normal -0 0 1
    outer loop
      vertex 5.41766 80.6733 12
      vertex 5.78 79.321 12
      vertex 5.70632 80.7308 12
    endloop
  endfacet
  facet normal 0 0 1
    outer loop
      vertex 5.78 79.321 12
      vertex 5.41766 80.6733 12
      vertex 5.67472 79.2853 12
    endloop
  endfacet
  facet normal -0 0 1
    outer loop
      vertex 5.13896 80.5787 12
      vertex 5.67472 79.2853 12
      vertex 5.41766 80.6733 12
    endloop
  endfacet
  facet normal 0 0 1
    outer loop
      vertex 5.67472 79.2853 12
      vertex 5.13896 80.5787 12
      vertex 5.575 79.2361 12
    endloop
  endfacet
  facet normal -0 0 1
    outer loop
      vertex 4.875 80.4486 12
      vertex 5.575 79.2361 12
      vertex 5.13896 80.5787 12
    endloop
  endfacet
  facet normal 0 0 1
    outer loop
      vertex 5.575 79.2361 12
      vertex 4.875 80.4486 12
      vertex 5.48255 79.1743 12
    endloop
  endfacet
  facet normal -0 0 1
    outer loop
      vertex 4.63029 80.285 12
      vertex 5.48255 79.1743 12
      vertex 4.875 80.4486 12
    endloop
  endfacet
  facet normal 0 0 1
    outer loop
      vertex 5.48255 79.1743 12
      vertex 4.63029 80.285 12
      vertex 5.39896 79.101 12
    endloop
  endfacet
  facet normal -0 0 1
    outer loop
      vertex 4.40901 80.091 12
      vertex 5.39896 79.101 12
      vertex 4.63029 80.285 12
    endloop
  endfacet
  facet normal 0 0 1
    outer loop
      vertex 5.39896 79.101 12
      vertex 4.40901 80.091 12
      vertex 5.32565 79.0174 12
    endloop
  endfacet
  facet normal 0 0 1
    outer loop
      vertex 5.32565 79.0174 12
      vertex 4.21495 79.8697 12
      vertex 5.26388 78.925 12
    endloop
  endfacet
  facet normal -0 0 1
    outer loop
      vertex 4.21495 79.8697 12
      vertex 5.32565 79.0174 12
      vertex 4.40901 80.091 12
    endloop
  endfacet
  facet normal -0 0 1
    outer loop
      vertex 6.67435 77.9826 12
      vertex 7.78504 77.1303 12
      vertex 6.73612 78.075 12
    endloop
  endfacet
  facet normal 0 0 1
    outer loop
      vertex 7.78504 77.1303 12
      vertex 6.67435 77.9826 12
      vertex 7.59099 76.909 12
    endloop
  endfacet
  facet normal -0 0 1
    outer loop
      vertex 6.60104 77.899 12
      vertex 7.59099 76.909 12
      vertex 6.67435 77.9826 12
    endloop
  endfacet
  facet normal 0 0 1
    outer loop
      vertex 7.59099 76.909 12
      vertex 6.60104 77.899 12
      vertex 7.36971 76.715 12
    endloop
  endfacet
  facet normal -0 0 1
    outer loop
      vertex 6.51745 77.8257 12
      vertex 7.36971 76.715 12
      vertex 6.60104 77.899 12
    endloop
  endfacet
  facet normal 0 0 1
    outer loop
      vertex 7.36971 76.715 12
      vertex 6.51745 77.8257 12
      vertex 7.125 76.5514 12
    endloop
  endfacet
  facet normal -0 0 1
    outer loop
      vertex 6.425 77.7639 12
      vertex 7.125 76.5514 12
      vertex 6.51745 77.8257 12
    endloop
  endfacet
  facet normal 0 0 1
    outer loop
      vertex 7.125 76.5514 12
      vertex 6.425 77.7639 12
      vertex 6.86104 76.4213 12
    endloop
  endfacet
  facet normal -0 0 1
    outer loop
      vertex 6.32528 77.7147 12
      vertex 6.86104 76.4213 12
      vertex 6.425 77.7639 12
    endloop
  endfacet
  facet normal 0 0 1
    outer loop
      vertex 6.86104 76.4213 12
      vertex 6.32528 77.7147 12
      vertex 6.58234 76.3267 12
    endloop
  endfacet
  facet normal -0 0 1
    outer loop
      vertex 6.22 77.679 12
      vertex 6.58234 76.3267 12
      vertex 6.32528 77.7147 12
    endloop
  endfacet
  facet normal 0 0 1
    outer loop
      vertex 6.58234 76.3267 12
      vertex 6.22 77.679 12
      vertex 6.29368 76.2692 12
    endloop
  endfacet
  facet normal -0 0 1
    outer loop
      vertex 6.11095 77.6573 12
      vertex 6.29368 76.2692 12
      vertex 6.22 77.679 12
    endloop
  endfacet
  facet normal -0 0 1
    outer loop
      vertex 6 77.65 12
      vertex 6.29368 76.2692 12
      vertex 6.11095 77.6573 12
    endloop
  endfacet
  facet normal 0 0 1
    outer loop
      vertex 6 77.65 12
      vertex 6 76.25 12
      vertex 6.29368 76.2692 12
    endloop
  endfacet
  facet normal 0 0 1
    outer loop
      vertex 5.88905 77.6573 12
      vertex 6 76.25 12
      vertex 6 77.65 12
    endloop
  endfacet
  facet normal 0 0 1
    outer loop
      vertex 5.70632 76.2692 12
      vertex 5.88905 77.6573 12
      vertex 5.78 77.679 12
    endloop
  endfacet
  facet normal 0 0 1
    outer loop
      vertex 5.88905 77.6573 12
      vertex 5.70632 76.2692 12
      vertex 6 76.25 12
    endloop
  endfacet
  facet normal 0 0 1
    outer loop
      vertex 5.41766 76.3267 12
      vertex 5.78 77.679 12
      vertex 5.67472 77.7147 12
    endloop
  endfacet
  facet normal 0 0 1
    outer loop
      vertex 5.13896 76.4213 12
      vertex 5.67472 77.7147 12
      vertex 5.575 77.7639 12
    endloop
  endfacet
  facet normal 0 0 1
    outer loop
      vertex 4.875 76.5514 12
      vertex 5.575 77.7639 12
      vertex 5.48255 77.8257 12
    endloop
  endfacet
  facet normal 0 0 1
    outer loop
      vertex 5.78 77.679 12
      vertex 5.41766 76.3267 12
      vertex 5.70632 76.2692 12
    endloop
  endfacet
  facet normal 0 0 1
    outer loop
      vertex 4.63029 76.715 12
      vertex 5.48255 77.8257 12
      vertex 5.39896 77.899 12
    endloop
  endfacet
  facet normal 0 0 1
    outer loop
      vertex 4.40901 76.909 12
      vertex 5.39896 77.899 12
      vertex 5.32565 77.9826 12
    endloop
  endfacet
  facet normal 0 0 1
    outer loop
      vertex 4.21495 77.1303 12
      vertex 5.32565 77.9826 12
      vertex 5.26388 78.075 12
    endloop
  endfacet
  facet normal 0 0 1
    outer loop
      vertex 4.05144 77.375 12
      vertex 5.26388 78.075 12
      vertex 5.2147 78.1747 12
    endloop
  endfacet
  facet normal 0 0 1
    outer loop
      vertex 3.92127 77.639 12
      vertex 5.2147 78.1747 12
      vertex 5.17896 78.28 12
    endloop
  endfacet
  facet normal 0 0 1
    outer loop
      vertex 3.82667 77.9177 12
      vertex 5.17896 78.28 12
      vertex 5.15727 78.3891 12
    endloop
  endfacet
  facet normal 0 0 1
    outer loop
      vertex 5.67472 77.7147 12
      vertex 5.13896 76.4213 12
      vertex 5.41766 76.3267 12
    endloop
  endfacet
  facet normal 0 0 1
    outer loop
      vertex 3.76925 78.2063 12
      vertex 5.15727 78.3891 12
      vertex 5.15 78.5 12
    endloop
  endfacet
  facet normal -0 0 1
    outer loop
      vertex 4.05144 79.625 12
      vertex 5.26388 78.925 12
      vertex 4.21495 79.8697 12
    endloop
  endfacet
  facet normal 0 0 1
    outer loop
      vertex 5.26388 78.925 12
      vertex 4.05144 79.625 12
      vertex 5.2147 78.8253 12
    endloop
  endfacet
  facet normal 0 0 1
    outer loop
      vertex 5.575 77.7639 12
      vertex 4.875 76.5514 12
      vertex 5.13896 76.4213 12
    endloop
  endfacet
  facet normal -0 0 1
    outer loop
      vertex 3.92127 79.361 12
      vertex 5.2147 78.8253 12
      vertex 4.05144 79.625 12
    endloop
  endfacet
  facet normal 0 0 1
    outer loop
      vertex 5.48255 77.8257 12
      vertex 4.63029 76.715 12
      vertex 4.875 76.5514 12
    endloop
  endfacet
  facet normal 0 0 1
    outer loop
      vertex 5.2147 78.8253 12
      vertex 3.92127 79.361 12
      vertex 5.17896 78.72 12
    endloop
  endfacet
  facet normal 0 0 1
    outer loop
      vertex 5.39896 77.899 12
      vertex 4.40901 76.909 12
      vertex 4.63029 76.715 12
    endloop
  endfacet
  facet normal -0 0 1
    outer loop
      vertex 3.82667 79.0823 12
      vertex 5.17896 78.72 12
      vertex 3.92127 79.361 12
    endloop
  endfacet
  facet normal 0 0 1
    outer loop
      vertex 5.32565 77.9826 12
      vertex 4.21495 77.1303 12
      vertex 4.40901 76.909 12
    endloop
  endfacet
  facet normal 0 0 1
    outer loop
      vertex 5.17896 78.72 12
      vertex 3.82667 79.0823 12
      vertex 5.15727 78.6109 12
    endloop
  endfacet
  facet normal 0 0 1
    outer loop
      vertex 5.26388 78.075 12
      vertex 4.05144 77.375 12
      vertex 4.21495 77.1303 12
    endloop
  endfacet
  facet normal -0 0 1
    outer loop
      vertex 3.76925 78.7937 12
      vertex 5.15727 78.6109 12
      vertex 3.82667 79.0823 12
    endloop
  endfacet
  facet normal 0 0 1
    outer loop
      vertex 5.2147 78.1747 12
      vertex 3.92127 77.639 12
      vertex 4.05144 77.375 12
    endloop
  endfacet
  facet normal 0 0 1
    outer loop
      vertex 5.15727 78.6109 12
      vertex 3.76925 78.7937 12
      vertex 5.15 78.5 12
    endloop
  endfacet
  facet normal 0 0 1
    outer loop
      vertex 5.17896 78.28 12
      vertex 3.82667 77.9177 12
      vertex 3.92127 77.639 12
    endloop
  endfacet
  facet normal 0 0 1
    outer loop
      vertex 3.75 78.5 12
      vertex 5.15 78.5 12
      vertex 3.76925 78.7937 12
    endloop
  endfacet
  facet normal 0 0 1
    outer loop
      vertex 5.15727 78.3891 12
      vertex 3.76925 78.2063 12
      vertex 3.82667 77.9177 12
    endloop
  endfacet
  facet normal 0 0 1
    outer loop
      vertex 5.15 78.5 12
      vertex 3.75 78.5 12
      vertex 3.76925 78.2063 12
    endloop
  endfacet
  facet normal -0.555782 0.831328 0
    outer loop
      vertex 4.875 80.4486 2
      vertex 4.63029 80.285 12
      vertex 4.875 80.4486 12
    endloop
  endfacet
  facet normal -0.555782 0.831328 0
    outer loop
      vertex 4.63029 80.285 12
      vertex 4.875 80.4486 2
      vertex 4.63029 80.285 2
    endloop
  endfacet
  facet normal -0.659236 0.751936 0
    outer loop
      vertex 4.63029 80.285 2
      vertex 4.40901 80.091 12
      vertex 4.63029 80.285 12
    endloop
  endfacet
  facet normal -0.659236 0.751936 0
    outer loop
      vertex 4.40901 80.091 12
      vertex 4.63029 80.285 2
      vertex 4.40901 80.091 2
    endloop
  endfacet
  facet normal -0.195358 0.980732 0
    outer loop
      vertex 5.70632 80.7308 2
      vertex 5.41766 80.6733 12
      vertex 5.70632 80.7308 12
    endloop
  endfacet
  facet normal -0.195358 0.980732 0
    outer loop
      vertex 5.41766 80.6733 12
      vertex 5.70632 80.7308 2
      vertex 5.41766 80.6733 2
    endloop
  endfacet
  facet normal 0.997859 -0.0654027 0
    outer loop
      vertex 8.23075 78.2063 12
      vertex 8.25 78.5 2
      vertex 8.25 78.5 12
    endloop
  endfacet
  facet normal 0.997859 -0.0654027 0
    outer loop
      vertex 8.25 78.5 2
      vertex 8.23075 78.2063 12
      vertex 8.23075 78.2063 2
    endloop
  endfacet
  facet normal 0.195358 -0.980732 0
    outer loop
      vertex 6.29368 76.2692 2
      vertex 6.58234 76.3267 12
      vertex 6.29368 76.2692 12
    endloop
  endfacet
  facet normal 0.195358 -0.980732 0
    outer loop
      vertex 6.58234 76.3267 12
      vertex 6.29368 76.2692 2
      vertex 6.58234 76.3267 2
    endloop
  endfacet
  facet normal 0.442096 -0.896968 0
    outer loop
      vertex 6.86104 76.4213 2
      vertex 7.125 76.5514 12
      vertex 6.86104 76.4213 12
    endloop
  endfacet
  facet normal 0.442096 -0.896968 0
    outer loop
      vertex 7.125 76.5514 12
      vertex 6.86104 76.4213 2
      vertex 7.125 76.5514 2
    endloop
  endfacet
  facet normal 0.751882 -0.659298 0
    outer loop
      vertex 7.59099 76.909 12
      vertex 7.78504 77.1303 2
      vertex 7.78504 77.1303 12
    endloop
  endfacet
  facet normal 0.751882 -0.659298 0
    outer loop
      vertex 7.78504 77.1303 2
      vertex 7.59099 76.909 12
      vertex 7.59099 76.909 2
    endloop
  endfacet
  facet normal 0.555782 -0.831328 0
    outer loop
      vertex 7.125 76.5514 2
      vertex 7.36971 76.715 12
      vertex 7.125 76.5514 12
    endloop
  endfacet
  facet normal 0.555782 -0.831328 0
    outer loop
      vertex 7.36971 76.715 12
      vertex 7.125 76.5514 2
      vertex 7.36971 76.715 2
    endloop
  endfacet
  facet normal 0.946936 -0.321421 0
    outer loop
      vertex 8.07873 77.639 12
      vertex 8.17333 77.9177 2
      vertex 8.17333 77.9177 12
    endloop
  endfacet
  facet normal 0.946936 -0.321421 0
    outer loop
      vertex 8.17333 77.9177 2
      vertex 8.07873 77.639 12
      vertex 8.07873 77.639 2
    endloop
  endfacet
  facet normal 0.831443 -0.555609 0
    outer loop
      vertex 7.78504 77.1303 12
      vertex 7.94856 77.375 2
      vertex 7.94856 77.375 12
    endloop
  endfacet
  facet normal 0.831443 -0.555609 0
    outer loop
      vertex 7.94856 77.375 2
      vertex 7.78504 77.1303 12
      vertex 7.78504 77.1303 2
    endloop
  endfacet
  facet normal -0.555782 -0.831328 0
    outer loop
      vertex 4.63029 76.715 2
      vertex 4.875 76.5514 12
      vertex 4.63029 76.715 12
    endloop
  endfacet
  facet normal -0.555782 -0.831328 -0
    outer loop
      vertex 4.875 76.5514 12
      vertex 4.63029 76.715 2
      vertex 4.875 76.5514 2
    endloop
  endfacet
  facet normal -0.321421 -0.946936 0
    outer loop
      vertex 5.13896 76.4213 2
      vertex 5.41766 76.3267 12
      vertex 5.13896 76.4213 12
    endloop
  endfacet
  facet normal -0.321421 -0.946936 -0
    outer loop
      vertex 5.41766 76.3267 12
      vertex 5.13896 76.4213 2
      vertex 5.41766 76.3267 2
    endloop
  endfacet
  facet normal -0.065238 -0.99787 0
    outer loop
      vertex 5.70632 76.2692 2
      vertex 6 76.25 12
      vertex 5.70632 76.2692 12
    endloop
  endfacet
  facet normal -0.065238 -0.99787 -0
    outer loop
      vertex 6 76.25 12
      vertex 5.70632 76.2692 2
      vertex 6 76.25 2
    endloop
  endfacet
  facet normal -0.831459 -0.555586 0
    outer loop
      vertex 4.21495 77.1303 2
      vertex 4.05144 77.375 12
      vertex 4.05144 77.375 2
    endloop
  endfacet
  facet normal -0.831459 -0.555586 0
    outer loop
      vertex 4.05144 77.375 12
      vertex 4.21495 77.1303 2
      vertex 4.21495 77.1303 12
    endloop
  endfacet
  facet normal -0.659236 -0.751936 0
    outer loop
      vertex 4.40901 76.909 2
      vertex 4.63029 76.715 12
      vertex 4.40901 76.909 12
    endloop
  endfacet
  facet normal -0.659236 -0.751936 -0
    outer loop
      vertex 4.63029 76.715 12
      vertex 4.40901 76.909 2
      vertex 4.63029 76.715 2
    endloop
  endfacet
  facet normal -0.8969 -0.442233 0
    outer loop
      vertex 4.05144 77.375 2
      vertex 3.92127 77.639 12
      vertex 3.92127 77.639 2
    endloop
  endfacet
  facet normal -0.8969 -0.442233 0
    outer loop
      vertex 3.92127 77.639 12
      vertex 4.05144 77.375 2
      vertex 4.05144 77.375 12
    endloop
  endfacet
  facet normal -0.980776 -0.195136 0
    outer loop
      vertex 3.82667 77.9177 2
      vertex 3.76925 78.2063 12
      vertex 3.76925 78.2063 2
    endloop
  endfacet
  facet normal -0.980776 -0.195136 0
    outer loop
      vertex 3.76925 78.2063 12
      vertex 3.82667 77.9177 2
      vertex 3.82667 77.9177 12
    endloop
  endfacet
  facet normal -0.997859 -0.0654027 0
    outer loop
      vertex 3.76925 78.2063 2
      vertex 3.75 78.5 12
      vertex 3.75 78.5 2
    endloop
  endfacet
  facet normal -0.997859 -0.0654027 0
    outer loop
      vertex 3.75 78.5 12
      vertex 3.76925 78.2063 2
      vertex 3.76925 78.2063 12
    endloop
  endfacet
  facet normal 0.321421 -0.946936 0
    outer loop
      vertex 6.58234 76.3267 2
      vertex 6.86104 76.4213 12
      vertex 6.58234 76.3267 12
    endloop
  endfacet
  facet normal 0.321421 -0.946936 0
    outer loop
      vertex 6.86104 76.4213 12
      vertex 6.58234 76.3267 2
      vertex 6.86104 76.4213 2
    endloop
  endfacet
  facet normal 0.659236 -0.751936 0
    outer loop
      vertex 7.36971 76.715 2
      vertex 7.59099 76.909 12
      vertex 7.36971 76.715 12
    endloop
  endfacet
  facet normal 0.659236 -0.751936 0
    outer loop
      vertex 7.59099 76.909 12
      vertex 7.36971 76.715 2
      vertex 7.59099 76.909 2
    endloop
  endfacet
  facet normal 0.980776 -0.195136 0
    outer loop
      vertex 8.17333 77.9177 12
      vertex 8.23075 78.2063 2
      vertex 8.23075 78.2063 12
    endloop
  endfacet
  facet normal 0.980776 -0.195136 0
    outer loop
      vertex 8.23075 78.2063 2
      vertex 8.17333 77.9177 12
      vertex 8.17333 77.9177 2
    endloop
  endfacet
  facet normal 0.8969 -0.442233 0
    outer loop
      vertex 7.94856 77.375 12
      vertex 8.07873 77.639 2
      vertex 8.07873 77.639 12
    endloop
  endfacet
  facet normal 0.8969 -0.442233 0
    outer loop
      vertex 8.07873 77.639 2
      vertex 7.94856 77.375 12
      vertex 7.94856 77.375 2
    endloop
  endfacet
  facet normal -0.442096 -0.896968 0
    outer loop
      vertex 4.875 76.5514 2
      vertex 5.13896 76.4213 12
      vertex 4.875 76.5514 12
    endloop
  endfacet
  facet normal -0.442096 -0.896968 -0
    outer loop
      vertex 5.13896 76.4213 12
      vertex 4.875 76.5514 2
      vertex 5.13896 76.4213 2
    endloop
  endfacet
  facet normal 0.065238 -0.99787 0
    outer loop
      vertex 6 76.25 2
      vertex 6.29368 76.2692 12
      vertex 6 76.25 12
    endloop
  endfacet
  facet normal 0.065238 -0.99787 0
    outer loop
      vertex 6.29368 76.2692 12
      vertex 6 76.25 2
      vertex 6.29368 76.2692 2
    endloop
  endfacet
  facet normal -0.751865 -0.659317 0
    outer loop
      vertex 4.40901 76.909 2
      vertex 4.21495 77.1303 12
      vertex 4.21495 77.1303 2
    endloop
  endfacet
  facet normal -0.751865 -0.659317 0
    outer loop
      vertex 4.21495 77.1303 12
      vertex 4.40901 76.909 2
      vertex 4.40901 76.909 12
    endloop
  endfacet
  facet normal -0.946936 -0.321421 0
    outer loop
      vertex 3.92127 77.639 2
      vertex 3.82667 77.9177 12
      vertex 3.82667 77.9177 2
    endloop
  endfacet
  facet normal -0.946936 -0.321421 0
    outer loop
      vertex 3.82667 77.9177 12
      vertex 3.92127 77.639 2
      vertex 3.92127 77.639 12
    endloop
  endfacet
  facet normal -0.997844 -0.0656309 0
    outer loop
      vertex -16.3 11 1.19
      vertex -16.3103 11.1566 2
      vertex -16.3103 11.1566 1.19
    endloop
  endfacet
  facet normal -0.997844 -0.0656309 0
    outer loop
      vertex -16.3103 11.1566 2
      vertex -16.3 11 1.19
      vertex -16.3 11 2
    endloop
  endfacet
  facet normal 0.0656309 -0.997844 0
    outer loop
      vertex -17.6566 12.1897 1.19
      vertex -17.5 12.2 2
      vertex -17.6566 12.1897 2
    endloop
  endfacet
  facet normal 0.0656309 -0.997844 0
    outer loop
      vertex -17.5 12.2 2
      vertex -17.6566 12.1897 1.19
      vertex -17.5 12.2 1.19
    endloop
  endfacet
  facet normal -0.0654405 0.997856 0
    outer loop
      vertex -17.3434 9.81027 1.19
      vertex -17.5 9.8 2
      vertex -17.3434 9.81027 2
    endloop
  endfacet
  facet normal -0.0654405 0.997856 0
    outer loop
      vertex -17.5 9.8 2
      vertex -17.3434 9.81027 1.19
      vertex -17.5 9.8 1.19
    endloop
  endfacet
  facet normal -0.659406 -0.751787 0
    outer loop
      vertex -16.7695 11.952 1.19
      vertex -16.6515 11.8485 2
      vertex -16.7695 11.952 2
    endloop
  endfacet
  facet normal -0.659406 -0.751787 -0
    outer loop
      vertex -16.6515 11.8485 2
      vertex -16.7695 11.952 1.19
      vertex -16.6515 11.8485 1.19
    endloop
  endfacet
  facet normal 0.751787 -0.659406 0
    outer loop
      vertex -18.452 11.7305 2
      vertex -18.3485 11.8485 1.19
      vertex -18.3485 11.8485 2
    endloop
  endfacet
  facet normal 0.751787 -0.659406 0
    outer loop
      vertex -18.3485 11.8485 1.19
      vertex -18.452 11.7305 2
      vertex -18.452 11.7305 1.19
    endloop
  endfacet
  facet normal 0.442622 -0.896708 0
    outer loop
      vertex -18.1 12.0392 1.19
      vertex -17.9592 12.1087 2
      vertex -18.1 12.0392 2
    endloop
  endfacet
  facet normal 0.442622 -0.896708 0
    outer loop
      vertex -17.9592 12.1087 2
      vertex -18.1 12.0392 1.19
      vertex -17.9592 12.1087 1.19
    endloop
  endfacet
  facet normal -0.896708 -0.442622 0
    outer loop
      vertex -16.3913 11.4592 1.19
      vertex -16.4608 11.6 2
      vertex -16.4608 11.6 1.19
    endloop
  endfacet
  facet normal -0.896708 -0.442622 0
    outer loop
      vertex -16.4608 11.6 2
      vertex -16.3913 11.4592 1.19
      vertex -16.3913 11.4592 2
    endloop
  endfacet
  facet normal -0.321194 -0.947013 0
    outer loop
      vertex -17.1894 12.1591 1.19
      vertex -17.0408 12.1087 2
      vertex -17.1894 12.1591 2
    endloop
  endfacet
  facet normal -0.321194 -0.947013 -0
    outer loop
      vertex -17.0408 12.1087 2
      vertex -17.1894 12.1591 1.19
      vertex -17.0408 12.1087 1.19
    endloop
  endfacet
  facet normal -0.194891 -0.980825 0
    outer loop
      vertex -17.3434 12.1897 1.19
      vertex -17.1894 12.1591 2
      vertex -17.3434 12.1897 2
    endloop
  endfacet
  facet normal -0.194891 -0.980825 -0
    outer loop
      vertex -17.1894 12.1591 2
      vertex -17.3434 12.1897 1.19
      vertex -17.1894 12.1591 1.19
    endloop
  endfacet
  facet normal -0.442622 -0.896708 0
    outer loop
      vertex -17.0408 12.1087 1.19
      vertex -16.9 12.0392 2
      vertex -17.0408 12.1087 2
    endloop
  endfacet
  facet normal -0.442622 -0.896708 -0
    outer loop
      vertex -16.9 12.0392 2
      vertex -17.0408 12.1087 1.19
      vertex -16.9 12.0392 1.19
    endloop
  endfacet
  facet normal 0.947013 -0.321194 0
    outer loop
      vertex -18.6591 11.3106 2
      vertex -18.6087 11.4592 1.19
      vertex -18.6087 11.4592 2
    endloop
  endfacet
  facet normal 0.947013 -0.321194 0
    outer loop
      vertex -18.6087 11.4592 1.19
      vertex -18.6591 11.3106 2
      vertex -18.6591 11.3106 1.19
    endloop
  endfacet
  facet normal 0.980825 -0.194891 0
    outer loop
      vertex -18.6897 11.1566 2
      vertex -18.6591 11.3106 1.19
      vertex -18.6591 11.3106 2
    endloop
  endfacet
  facet normal 0.980825 -0.194891 0
    outer loop
      vertex -18.6591 11.3106 1.19
      vertex -18.6897 11.1566 2
      vertex -18.6897 11.1566 1.19
    endloop
  endfacet
  facet normal 0.321194 -0.947013 0
    outer loop
      vertex -17.9592 12.1087 1.19
      vertex -17.8106 12.1591 2
      vertex -17.9592 12.1087 2
    endloop
  endfacet
  facet normal 0.321194 -0.947013 0
    outer loop
      vertex -17.8106 12.1591 2
      vertex -17.9592 12.1087 1.19
      vertex -17.8106 12.1591 1.19
    endloop
  endfacet
  facet normal 0.831462 0.555582 0
    outer loop
      vertex -18.452 10.2695 2
      vertex -18.5392 10.4 1.19
      vertex -18.5392 10.4 2
    endloop
  endfacet
  facet normal 0.831462 0.555582 0
    outer loop
      vertex -18.5392 10.4 1.19
      vertex -18.452 10.2695 2
      vertex -18.452 10.2695 1.19
    endloop
  endfacet
  facet normal -0.195014 0.980801 0
    outer loop
      vertex -17.1894 9.84089 1.19
      vertex -17.3434 9.81027 2
      vertex -17.1894 9.84089 2
    endloop
  endfacet
  facet normal -0.195014 0.980801 0
    outer loop
      vertex -17.3434 9.81027 2
      vertex -17.1894 9.84089 1.19
      vertex -17.3434 9.81027 1.19
    endloop
  endfacet
  facet normal -0.947013 -0.321194 0
    outer loop
      vertex -16.3409 11.3106 1.19
      vertex -16.3913 11.4592 2
      vertex -16.3913 11.4592 1.19
    endloop
  endfacet
  facet normal -0.947013 -0.321194 0
    outer loop
      vertex -16.3913 11.4592 2
      vertex -16.3409 11.3106 1.19
      vertex -16.3409 11.3106 2
    endloop
  endfacet
  facet normal -0.980825 -0.194891 0
    outer loop
      vertex -16.3103 11.1566 1.19
      vertex -16.3409 11.3106 2
      vertex -16.3409 11.3106 1.19
    endloop
  endfacet
  facet normal -0.980825 -0.194891 0
    outer loop
      vertex -16.3409 11.3106 2
      vertex -16.3103 11.1566 1.19
      vertex -16.3103 11.1566 2
    endloop
  endfacet
  facet normal -0.751787 -0.659406 0
    outer loop
      vertex -16.548 11.7305 1.19
      vertex -16.6515 11.8485 2
      vertex -16.6515 11.8485 1.19
    endloop
  endfacet
  facet normal -0.751787 -0.659406 0
    outer loop
      vertex -16.6515 11.8485 2
      vertex -16.548 11.7305 1.19
      vertex -16.548 11.7305 2
    endloop
  endfacet
  facet normal -0.831462 -0.555582 0
    outer loop
      vertex -16.4608 11.6 1.19
      vertex -16.548 11.7305 2
      vertex -16.548 11.7305 1.19
    endloop
  endfacet
  facet normal -0.831462 -0.555582 0
    outer loop
      vertex -16.548 11.7305 2
      vertex -16.4608 11.6 1.19
      vertex -16.4608 11.6 2
    endloop
  endfacet
  facet normal -0.0656309 -0.997844 0
    outer loop
      vertex -17.5 12.2 1.19
      vertex -17.3434 12.1897 2
      vertex -17.5 12.2 2
    endloop
  endfacet
  facet normal -0.0656309 -0.997844 -0
    outer loop
      vertex -17.3434 12.1897 2
      vertex -17.5 12.2 1.19
      vertex -17.3434 12.1897 1.19
    endloop
  endfacet
  facet normal -0.555582 -0.831462 0
    outer loop
      vertex -16.9 12.0392 1.19
      vertex -16.7695 11.952 2
      vertex -16.9 12.0392 2
    endloop
  endfacet
  facet normal -0.555582 -0.831462 -0
    outer loop
      vertex -16.7695 11.952 2
      vertex -16.9 12.0392 1.19
      vertex -16.7695 11.952 1.19
    endloop
  endfacet
  facet normal 0.896708 -0.442622 0
    outer loop
      vertex -18.6087 11.4592 2
      vertex -18.5392 11.6 1.19
      vertex -18.5392 11.6 2
    endloop
  endfacet
  facet normal 0.896708 -0.442622 0
    outer loop
      vertex -18.5392 11.6 1.19
      vertex -18.6087 11.4592 2
      vertex -18.6087 11.4592 1.19
    endloop
  endfacet
  facet normal 0.831462 -0.555582 0
    outer loop
      vertex -18.5392 11.6 2
      vertex -18.452 11.7305 1.19
      vertex -18.452 11.7305 2
    endloop
  endfacet
  facet normal 0.831462 -0.555582 0
    outer loop
      vertex -18.452 11.7305 1.19
      vertex -18.5392 11.6 2
      vertex -18.5392 11.6 1.19
    endloop
  endfacet
  facet normal 0.997844 -0.0656309 0
    outer loop
      vertex -18.7 11 2
      vertex -18.6897 11.1566 1.19
      vertex -18.6897 11.1566 2
    endloop
  endfacet
  facet normal 0.997844 -0.0656309 0
    outer loop
      vertex -18.6897 11.1566 1.19
      vertex -18.7 11 2
      vertex -18.7 11 1.19
    endloop
  endfacet
  facet normal 0.555582 -0.831462 0
    outer loop
      vertex -18.2305 11.952 1.19
      vertex -18.1 12.0392 2
      vertex -18.2305 11.952 2
    endloop
  endfacet
  facet normal 0.555582 -0.831462 0
    outer loop
      vertex -18.1 12.0392 2
      vertex -18.2305 11.952 1.19
      vertex -18.1 12.0392 1.19
    endloop
  endfacet
  facet normal 0.659406 -0.751787 0
    outer loop
      vertex -18.3485 11.8485 1.19
      vertex -18.2305 11.952 2
      vertex -18.3485 11.8485 2
    endloop
  endfacet
  facet normal 0.659406 -0.751787 0
    outer loop
      vertex -18.2305 11.952 2
      vertex -18.3485 11.8485 1.19
      vertex -18.2305 11.952 1.19
    endloop
  endfacet
  facet normal 0.194891 -0.980825 0
    outer loop
      vertex -17.8106 12.1591 1.19
      vertex -17.6566 12.1897 2
      vertex -17.8106 12.1591 2
    endloop
  endfacet
  facet normal 0.194891 -0.980825 0
    outer loop
      vertex -17.6566 12.1897 2
      vertex -17.8106 12.1591 1.19
      vertex -17.6566 12.1897 1.19
    endloop
  endfacet
  facet normal -0.555714 0.831373 0
    outer loop
      vertex -16.7695 10.048 1.19
      vertex -16.9 9.96077 2
      vertex -16.7695 10.048 2
    endloop
  endfacet
  facet normal -0.555714 0.831373 0
    outer loop
      vertex -16.9 9.96077 2
      vertex -16.7695 10.048 1.19
      vertex -16.9 9.96077 1.19
    endloop
  endfacet
  facet normal -0.751787 0.659406 0
    outer loop
      vertex -16.6515 10.1515 1.19
      vertex -16.548 10.2695 2
      vertex -16.548 10.2695 1.19
    endloop
  endfacet
  facet normal -0.751787 0.659406 0
    outer loop
      vertex -16.548 10.2695 2
      vertex -16.6515 10.1515 1.19
      vertex -16.6515 10.1515 2
    endloop
  endfacet
  facet normal -0.947013 0.321194 0
    outer loop
      vertex -16.3913 10.5408 1.19
      vertex -16.3409 10.6894 2
      vertex -16.3409 10.6894 1.19
    endloop
  endfacet
  facet normal -0.947013 0.321194 0
    outer loop
      vertex -16.3409 10.6894 2
      vertex -16.3913 10.5408 1.19
      vertex -16.3913 10.5408 2
    endloop
  endfacet
  facet normal -0.980825 0.194891 0
    outer loop
      vertex -16.3409 10.6894 1.19
      vertex -16.3103 10.8434 2
      vertex -16.3103 10.8434 1.19
    endloop
  endfacet
  facet normal -0.980825 0.194891 0
    outer loop
      vertex -16.3103 10.8434 2
      vertex -16.3409 10.6894 1.19
      vertex -16.3409 10.6894 2
    endloop
  endfacet
  facet normal 0.997844 0.0656309 0
    outer loop
      vertex -18.6897 10.8434 2
      vertex -18.7 11 1.19
      vertex -18.7 11 2
    endloop
  endfacet
  facet normal 0.997844 0.0656309 0
    outer loop
      vertex -18.7 11 1.19
      vertex -18.6897 10.8434 2
      vertex -18.6897 10.8434 1.19
    endloop
  endfacet
  facet normal -0.831462 0.555582 0
    outer loop
      vertex -16.548 10.2695 1.19
      vertex -16.4608 10.4 2
      vertex -16.4608 10.4 1.19
    endloop
  endfacet
  facet normal -0.831462 0.555582 0
    outer loop
      vertex -16.4608 10.4 2
      vertex -16.548 10.2695 1.19
      vertex -16.548 10.2695 2
    endloop
  endfacet
  facet normal -0.997844 0.0656309 0
    outer loop
      vertex -16.3103 10.8434 1.19
      vertex -16.3 11 2
      vertex -16.3 11 1.19
    endloop
  endfacet
  facet normal -0.997844 0.0656309 0
    outer loop
      vertex -16.3 11 2
      vertex -16.3103 10.8434 1.19
      vertex -16.3103 10.8434 2
    endloop
  endfacet
  facet normal 0.659406 0.751787 -0
    outer loop
      vertex -18.2305 10.048 1.19
      vertex -18.3485 10.1515 2
      vertex -18.2305 10.048 2
    endloop
  endfacet
  facet normal 0.659406 0.751787 0
    outer loop
      vertex -18.3485 10.1515 2
      vertex -18.2305 10.048 1.19
      vertex -18.3485 10.1515 1.19
    endloop
  endfacet
  facet normal 0.896708 0.442622 0
    outer loop
      vertex -18.5392 10.4 2
      vertex -18.6087 10.5408 1.19
      vertex -18.6087 10.5408 2
    endloop
  endfacet
  facet normal 0.896708 0.442622 0
    outer loop
      vertex -18.6087 10.5408 1.19
      vertex -18.5392 10.4 2
      vertex -18.5392 10.4 1.19
    endloop
  endfacet
  facet normal 0.980825 0.194891 0
    outer loop
      vertex -18.6591 10.6894 2
      vertex -18.6897 10.8434 1.19
      vertex -18.6897 10.8434 2
    endloop
  endfacet
  facet normal 0.980825 0.194891 0
    outer loop
      vertex -18.6897 10.8434 1.19
      vertex -18.6591 10.6894 2
      vertex -18.6591 10.6894 1.19
    endloop
  endfacet
  facet normal -0.442264 0.896885 0
    outer loop
      vertex -16.9 9.96077 1.19
      vertex -17.0408 9.89134 2
      vertex -16.9 9.96077 2
    endloop
  endfacet
  facet normal -0.442264 0.896885 0
    outer loop
      vertex -17.0408 9.89134 2
      vertex -16.9 9.96077 1.19
      vertex -17.0408 9.89134 1.19
    endloop
  endfacet
  facet normal -0.32148 0.946916 0
    outer loop
      vertex -17.0408 9.89134 1.19
      vertex -17.1894 9.84089 2
      vertex -17.0408 9.89134 2
    endloop
  endfacet
  facet normal -0.32148 0.946916 0
    outer loop
      vertex -17.1894 9.84089 2
      vertex -17.0408 9.89134 1.19
      vertex -17.1894 9.84089 1.19
    endloop
  endfacet
  facet normal -0.896708 0.442622 0
    outer loop
      vertex -16.4608 10.4 1.19
      vertex -16.3913 10.5408 2
      vertex -16.3913 10.5408 1.19
    endloop
  endfacet
  facet normal -0.896708 0.442622 0
    outer loop
      vertex -16.3913 10.5408 2
      vertex -16.4608 10.4 1.19
      vertex -16.4608 10.4 2
    endloop
  endfacet
  facet normal -0.659406 0.751787 0
    outer loop
      vertex -16.6515 10.1515 1.19
      vertex -16.7695 10.048 2
      vertex -16.6515 10.1515 2
    endloop
  endfacet
  facet normal -0.659406 0.751787 0
    outer loop
      vertex -16.7695 10.048 2
      vertex -16.6515 10.1515 1.19
      vertex -16.7695 10.048 1.19
    endloop
  endfacet
  facet normal 0.32148 0.946916 -0
    outer loop
      vertex -17.8106 9.84089 1.19
      vertex -17.9592 9.89134 2
      vertex -17.8106 9.84089 2
    endloop
  endfacet
  facet normal 0.32148 0.946916 0
    outer loop
      vertex -17.9592 9.89134 2
      vertex -17.8106 9.84089 1.19
      vertex -17.9592 9.89134 1.19
    endloop
  endfacet
  facet normal 0.195014 0.980801 -0
    outer loop
      vertex -17.6566 9.81027 1.19
      vertex -17.8106 9.84089 2
      vertex -17.6566 9.81027 2
    endloop
  endfacet
  facet normal 0.195014 0.980801 0
    outer loop
      vertex -17.8106 9.84089 2
      vertex -17.6566 9.81027 1.19
      vertex -17.8106 9.84089 1.19
    endloop
  endfacet
  facet normal 0.751787 0.659406 0
    outer loop
      vertex -18.3485 10.1515 2
      vertex -18.452 10.2695 1.19
      vertex -18.452 10.2695 2
    endloop
  endfacet
  facet normal 0.751787 0.659406 0
    outer loop
      vertex -18.452 10.2695 1.19
      vertex -18.3485 10.1515 2
      vertex -18.3485 10.1515 1.19
    endloop
  endfacet
  facet normal 0.947013 0.321194 0
    outer loop
      vertex -18.6087 10.5408 2
      vertex -18.6591 10.6894 1.19
      vertex -18.6591 10.6894 2
    endloop
  endfacet
  facet normal 0.947013 0.321194 0
    outer loop
      vertex -18.6591 10.6894 1.19
      vertex -18.6087 10.5408 2
      vertex -18.6087 10.5408 1.19
    endloop
  endfacet
  facet normal 0.442264 0.896885 -0
    outer loop
      vertex -17.9592 9.89134 1.19
      vertex -18.1 9.96077 2
      vertex -17.9592 9.89134 2
    endloop
  endfacet
  facet normal 0.442264 0.896885 0
    outer loop
      vertex -18.1 9.96077 2
      vertex -17.9592 9.89134 1.19
      vertex -18.1 9.96077 1.19
    endloop
  endfacet
  facet normal 0.555714 0.831373 -0
    outer loop
      vertex -18.1 9.96077 1.19
      vertex -18.2305 10.048 2
      vertex -18.1 9.96077 2
    endloop
  endfacet
  facet normal 0.555714 0.831373 0
    outer loop
      vertex -18.2305 10.048 2
      vertex -18.1 9.96077 1.19
      vertex -18.2305 10.048 1.19
    endloop
  endfacet
  facet normal 0.0654405 0.997856 -0
    outer loop
      vertex -17.5 9.8 1.19
      vertex -17.6566 9.81027 2
      vertex -17.5 9.8 2
    endloop
  endfacet
  facet normal 0.0654405 0.997856 0
    outer loop
      vertex -17.6566 9.81027 2
      vertex -17.5 9.8 1.19
      vertex -17.6566 9.81027 1.19
    endloop
  endfacet
  facet normal 0.689502 0.340344 -0.639339
    outer loop
      vertex -18.5392 10.4 1.19
      vertex -19.5248 10.1613 0
      vertex -18.6087 10.5408 1.19
    endloop
  endfacet
  facet normal 0.706222 0.294259 -0.643943
    outer loop
      vertex -19.5248 10.1613 0
      vertex -18.5392 10.4 1.19
      vertex -19.5243 10.1601 0
    endloop
  endfacet
  facet normal -0.766873 -0.0589902 -0.639082
    outer loop
      vertex -16.3 11 1.19
      vertex -15.3084 11.0013 0
      vertex -15.3083 11 0
    endloop
  endfacet
  facet normal -0.767237 -0.0504632 -0.639376
    outer loop
      vertex -15.3084 11.0013 0
      vertex -16.3 11 1.19
      vertex -16.3103 11.1566 1.19
    endloop
  endfacet
  facet normal -0.767234 -0.0503767 -0.639385
    outer loop
      vertex -15.3271 11.2861 0
      vertex -15.3084 11.0013 0
      vertex -16.3103 11.1566 1.19
    endloop
  endfacet
  facet normal -0.689503 0.340266 -0.639378
    outer loop
      vertex -15.4757 10.1601 0
      vertex -15.602 9.90417 0
      vertex -16.4608 10.4 1.19
    endloop
  endfacet
  facet normal -0.759215 -0.126536 -0.638421
    outer loop
      vertex -15.3828 11.566 0
      vertex -16.3409 11.3106 1.19
      vertex -15.383 11.5672 0
    endloop
  endfacet
  facet normal -0.754164 -0.149853 -0.639359
    outer loop
      vertex -16.3409 11.3106 1.19
      vertex -15.3828 11.566 0
      vertex -16.3103 11.1566 1.19
    endloop
  endfacet
  facet normal -0.689491 -0.3403 -0.639374
    outer loop
      vertex -15.602 12.0958 0
      vertex -15.4757 11.8399 0
      vertex -16.4608 11.6 1.19
    endloop
  endfacet
  facet normal 0.427184 -0.639307 -0.639375
    outer loop
      vertex -18.5969 12.8973 0
      vertex -18.1 12.0392 1.19
      vertex -18.2305 11.952 1.19
    endloop
  endfacet
  facet normal 0.412601 -0.648372 -0.639823
    outer loop
      vertex -18.1 12.0392 1.19
      vertex -18.5969 12.8973 0
      vertex -18.5958 12.898 0
    endloop
  endfacet
  facet normal 0.506999 0.578027 -0.639403
    outer loop
      vertex -19.0488 9.44939 0
      vertex -18.3485 10.1515 1.19
      vertex -18.2305 10.048 1.19
    endloop
  endfacet
  facet normal 0.53396 0.552373 -0.640133
    outer loop
      vertex -18.3485 10.1515 1.19
      vertex -19.0488 9.44939 0
      vertex -19.0497 9.45026 0
    endloop
  endfacet
  facet normal 0.0502698 0.767247 -0.639378
    outer loop
      vertex -17.6566 9.81027 1.19
      vertex -17.5013 8.80842 0
      vertex -17.7861 8.82708 0
    endloop
  endfacet
  facet normal -0.247176 0.728082 -0.639376
    outer loop
      vertex -16.6613 8.97516 0
      vertex -16.9315 8.88343 0
      vertex -17.0408 9.89134 1.19
    endloop
  endfacet
  facet normal -0.728042 0.247351 -0.639352
    outer loop
      vertex -15.3834 10.4315 0
      vertex -15.4752 10.1613 0
      vertex -16.3913 10.5408 1.19
    endloop
  endfacet
  facet normal -0.427058 -0.639375 -0.639391
    outer loop
      vertex -16.4031 12.8973 0
      vertex -16.1658 12.7388 0
      vertex -16.7695 11.952 1.19
    endloop
  endfacet
  facet normal -0.754102 -0.150066 -0.639383
    outer loop
      vertex -15.3828 11.566 0
      vertex -15.3271 11.2861 0
      vertex -16.3103 11.1566 1.19
    endloop
  endfacet
  facet normal -0.427184 -0.639307 -0.639375
    outer loop
      vertex -16.9 12.0392 1.19
      vertex -16.4031 12.8973 0
      vertex -16.7695 11.952 1.19
    endloop
  endfacet
  facet normal -0.412601 -0.648372 -0.639823
    outer loop
      vertex -16.4031 12.8973 0
      vertex -16.9 12.0392 1.19
      vertex -16.4042 12.898 0
    endloop
  endfacet
  facet normal 0.340127 0.689578 -0.639371
    outer loop
      vertex -18.1 9.96077 1.19
      vertex -18.3399 8.97574 0
      vertex -18.5958 9.10196 0
    endloop
  endfacet
  facet normal 0.689503 0.340266 -0.639378
    outer loop
      vertex -18.5392 10.4 1.19
      vertex -19.398 9.90417 0
      vertex -19.5243 10.1601 0
    endloop
  endfacet
  facet normal 0.754102 0.150066 -0.639383
    outer loop
      vertex -18.6897 10.8434 1.19
      vertex -19.6172 10.434 0
      vertex -19.6729 10.7139 0
    endloop
  endfacet
  facet normal -0.050317 0.767249 -0.639373
    outer loop
      vertex -17.4987 8.80842 0
      vertex -17.5 9.8 1.19
      vertex -17.3434 9.81027 1.19
    endloop
  endfacet
  facet normal -0.0531094 0.767136 -0.639282
    outer loop
      vertex -17.5 9.8 1.19
      vertex -17.4987 8.80842 0
      vertex -17.5 8.80833 0
    endloop
  endfacet
  facet normal 0.247176 0.728082 -0.639376
    outer loop
      vertex -17.9592 9.89134 1.19
      vertex -18.0685 8.88343 0
      vertex -18.3387 8.97516 0
    endloop
  endfacet
  facet normal -0.340127 0.689578 -0.639371
    outer loop
      vertex -16.4042 9.10196 0
      vertex -16.6601 8.97574 0
      vertex -16.9 9.96077 1.19
    endloop
  endfacet
  facet normal -0.334361 0.691781 -0.640032
    outer loop
      vertex -16.6613 8.97516 0
      vertex -16.9 9.96077 1.19
      vertex -16.6601 8.97574 0
    endloop
  endfacet
  facet normal -0.340054 0.68961 -0.639376
    outer loop
      vertex -16.9 9.96077 1.19
      vertex -16.6613 8.97516 0
      vertex -17.0408 9.89134 1.19
    endloop
  endfacet
  facet normal -0.53396 0.552373 -0.640133
    outer loop
      vertex -15.9512 9.44939 0
      vertex -16.6515 10.1515 1.19
      vertex -15.9503 9.45026 0
    endloop
  endfacet
  facet normal -0.506999 0.578027 -0.639403
    outer loop
      vertex -16.6515 10.1515 1.19
      vertex -15.9512 9.44939 0
      vertex -16.7695 10.048 1.19
    endloop
  endfacet
  facet normal -0.578028 0.507013 -0.639392
    outer loop
      vertex -15.7612 9.6658 0
      vertex -15.9494 9.45124 0
      vertex -16.548 10.2695 1.19
    endloop
  endfacet
  facet normal -0.728149 0.246963 -0.639382
    outer loop
      vertex -15.383 10.4328 0
      vertex -16.3913 10.5408 1.19
      vertex -16.3409 10.6894 1.19
    endloop
  endfacet
  facet normal -0.733095 0.225568 -0.641631
    outer loop
      vertex -16.3913 10.5408 1.19
      vertex -15.383 10.4328 0
      vertex -15.3834 10.4315 0
    endloop
  endfacet
  facet normal -0.754164 0.149853 -0.639359
    outer loop
      vertex -15.3828 10.434 0
      vertex -16.3409 10.6894 1.19
      vertex -16.3103 10.8434 1.19
    endloop
  endfacet
  facet normal -0.759215 0.126536 -0.638421
    outer loop
      vertex -16.3409 10.6894 1.19
      vertex -15.3828 10.434 0
      vertex -15.383 10.4328 0
    endloop
  endfacet
  facet normal -0.754102 0.150066 -0.639383
    outer loop
      vertex -15.3271 10.7139 0
      vertex -15.3828 10.434 0
      vertex -16.3103 10.8434 1.19
    endloop
  endfacet
  facet normal -0.706222 -0.294259 -0.643943
    outer loop
      vertex -15.4752 11.8387 0
      vertex -16.4608 11.6 1.19
      vertex -15.4757 11.8399 0
    endloop
  endfacet
  facet normal -0.689502 -0.340344 -0.639339
    outer loop
      vertex -16.4608 11.6 1.19
      vertex -15.4752 11.8387 0
      vertex -16.3913 11.4592 1.19
    endloop
  endfacet
  facet normal -0.3403 -0.689491 -0.639374
    outer loop
      vertex -16.6601 13.0243 0
      vertex -16.4042 12.898 0
      vertex -16.9 12.0392 1.19
    endloop
  endfacet
  facet normal 0.150066 -0.754102 -0.639383
    outer loop
      vertex -17.7861 13.1729 0
      vertex -17.6566 12.1897 1.19
      vertex -18.066 13.1172 0
    endloop
  endfacet
  facet normal -0.0589902 -0.766873 -0.639082
    outer loop
      vertex -17.4987 13.1916 0
      vertex -17.5 12.2 1.19
      vertex -17.5 13.1917 0
    endloop
  endfacet
  facet normal -0.0504632 -0.767237 -0.639376
    outer loop
      vertex -17.5 12.2 1.19
      vertex -17.4987 13.1916 0
      vertex -17.3434 12.1897 1.19
    endloop
  endfacet
  facet normal 0.754102 -0.150066 -0.639383
    outer loop
      vertex -19.6172 11.566 0
      vertex -18.6897 11.1566 1.19
      vertex -19.6729 11.2861 0
    endloop
  endfacet
  facet normal 0.639375 -0.427058 -0.639391
    outer loop
      vertex -19.2388 12.3342 0
      vertex -18.452 11.7305 1.19
      vertex -19.3973 12.0969 0
    endloop
  endfacet
  facet normal 0.728042 -0.247351 -0.639352
    outer loop
      vertex -19.5248 11.8387 0
      vertex -18.6087 11.4592 1.19
      vertex -19.6166 11.5685 0
    endloop
  endfacet
  facet normal 0.639307 -0.427184 -0.639375
    outer loop
      vertex -18.5392 11.6 1.19
      vertex -19.3973 12.0969 0
      vertex -18.452 11.7305 1.19
    endloop
  endfacet
  facet normal 0.648372 -0.412601 -0.639823
    outer loop
      vertex -19.3973 12.0969 0
      vertex -18.5392 11.6 1.19
      vertex -19.398 12.0958 0
    endloop
  endfacet
  facet normal 0.706222 -0.294259 -0.643943
    outer loop
      vertex -18.5392 11.6 1.19
      vertex -19.5248 11.8387 0
      vertex -19.5243 11.8399 0
    endloop
  endfacet
  facet normal 0.689502 -0.340344 -0.639339
    outer loop
      vertex -19.5248 11.8387 0
      vertex -18.5392 11.6 1.19
      vertex -18.6087 11.4592 1.19
    endloop
  endfacet
  facet normal 0.427136 0.63933 -0.639384
    outer loop
      vertex -18.2305 10.048 1.19
      vertex -18.5969 9.10269 0
      vertex -18.8342 9.26123 0
    endloop
  endfacet
  facet normal 0.506901 0.57813 -0.639388
    outer loop
      vertex -18.2305 10.048 1.19
      vertex -18.8342 9.26123 0
      vertex -19.0488 9.44939 0
    endloop
  endfacet
  facet normal 0.639358 0.427083 -0.639392
    outer loop
      vertex -18.452 10.2695 1.19
      vertex -19.2388 9.6658 0
      vertex -19.3973 9.90308 0
    endloop
  endfacet
  facet normal 0.728042 0.247351 -0.639352
    outer loop
      vertex -18.6087 10.5408 1.19
      vertex -19.5248 10.1613 0
      vertex -19.6166 10.4315 0
    endloop
  endfacet
  facet normal 0.639304 0.427182 -0.63938
    outer loop
      vertex -19.3973 9.90308 0
      vertex -18.5392 10.4 1.19
      vertex -18.452 10.2695 1.19
    endloop
  endfacet
  facet normal 0.646702 0.415313 -0.639759
    outer loop
      vertex -18.5392 10.4 1.19
      vertex -19.3973 9.90308 0
      vertex -19.398 9.90417 0
    endloop
  endfacet
  facet normal 0.767237 -0.0504632 -0.639376
    outer loop
      vertex -18.7 11 1.19
      vertex -19.6916 11.0013 0
      vertex -18.6897 11.1566 1.19
    endloop
  endfacet
  facet normal 0.766873 -0.0589902 -0.639082
    outer loop
      vertex -19.6916 11.0013 0
      vertex -18.7 11 1.19
      vertex -19.6917 11 0
    endloop
  endfacet
  facet normal 0.0531094 0.767136 -0.639282
    outer loop
      vertex -17.5013 8.80842 0
      vertex -17.5 9.8 1.19
      vertex -17.5 8.80833 0
    endloop
  endfacet
  facet normal 0.050317 0.767249 -0.639373
    outer loop
      vertex -17.5 9.8 1.19
      vertex -17.5013 8.80842 0
      vertex -17.6566 9.81027 1.19
    endloop
  endfacet
  facet normal 0.150014 0.754114 -0.639381
    outer loop
      vertex -17.6566 9.81027 1.19
      vertex -17.7861 8.82708 0
      vertex -18.066 8.88276 0
    endloop
  endfacet
  facet normal 0.340054 0.68961 -0.639376
    outer loop
      vertex -18.3387 8.97516 0
      vertex -18.1 9.96077 1.19
      vertex -17.9592 9.89134 1.19
    endloop
  endfacet
  facet normal 0.334361 0.691781 -0.640032
    outer loop
      vertex -18.1 9.96077 1.19
      vertex -18.3387 8.97516 0
      vertex -18.3399 8.97574 0
    endloop
  endfacet
  facet normal -0.42513 0.640606 -0.639444
    outer loop
      vertex -16.9 9.96077 1.19
      vertex -16.4031 9.10269 0
      vertex -16.4042 9.10196 0
    endloop
  endfacet
  facet normal -0.42729 0.639246 -0.639365
    outer loop
      vertex -16.4031 9.10269 0
      vertex -16.9 9.96077 1.19
      vertex -16.7695 10.048 1.19
    endloop
  endfacet
  facet normal -0.639358 0.427083 -0.639392
    outer loop
      vertex -15.6027 9.90308 0
      vertex -15.7612 9.6658 0
      vertex -16.548 10.2695 1.19
    endloop
  endfacet
  facet normal -0.646702 0.415313 -0.639759
    outer loop
      vertex -15.6027 9.90308 0
      vertex -16.4608 10.4 1.19
      vertex -15.602 9.90417 0
    endloop
  endfacet
  facet normal -0.639304 0.427182 -0.63938
    outer loop
      vertex -16.4608 10.4 1.19
      vertex -15.6027 9.90308 0
      vertex -16.548 10.2695 1.19
    endloop
  endfacet
  facet normal -0.689502 0.340344 -0.639339
    outer loop
      vertex -15.4752 10.1613 0
      vertex -16.4608 10.4 1.19
      vertex -16.3913 10.5408 1.19
    endloop
  endfacet
  facet normal -0.706222 0.294259 -0.643943
    outer loop
      vertex -16.4608 10.4 1.19
      vertex -15.4752 10.1613 0
      vertex -15.4757 10.1601 0
    endloop
  endfacet
  facet normal -0.767234 0.0503767 -0.639385
    outer loop
      vertex -15.3084 10.9987 0
      vertex -15.3271 10.7139 0
      vertex -16.3103 10.8434 1.19
    endloop
  endfacet
  facet normal -0.766873 0.0589902 -0.639082
    outer loop
      vertex -15.3084 10.9987 0
      vertex -16.3 11 1.19
      vertex -15.3083 11 0
    endloop
  endfacet
  facet normal -0.767237 0.0504632 -0.639376
    outer loop
      vertex -16.3 11 1.19
      vertex -15.3084 10.9987 0
      vertex -16.3103 10.8434 1.19
    endloop
  endfacet
  facet normal -0.733095 -0.225568 -0.641631
    outer loop
      vertex -15.383 11.5672 0
      vertex -16.3913 11.4592 1.19
      vertex -15.3834 11.5685 0
    endloop
  endfacet
  facet normal -0.728149 -0.246963 -0.639382
    outer loop
      vertex -16.3913 11.4592 1.19
      vertex -15.383 11.5672 0
      vertex -16.3409 11.3106 1.19
    endloop
  endfacet
  facet normal -0.728042 -0.247351 -0.639352
    outer loop
      vertex -15.4752 11.8387 0
      vertex -15.3834 11.5685 0
      vertex -16.3913 11.4592 1.19
    endloop
  endfacet
  facet normal -0.639375 -0.427058 -0.639391
    outer loop
      vertex -15.7612 12.3342 0
      vertex -15.6027 12.0969 0
      vertex -16.548 11.7305 1.19
    endloop
  endfacet
  facet normal -0.506959 -0.578073 -0.639394
    outer loop
      vertex -16.1658 12.7388 0
      vertex -15.9512 12.5506 0
      vertex -16.7695 11.952 1.19
    endloop
  endfacet
  facet normal -0.578073 -0.506959 -0.639394
    outer loop
      vertex -15.9494 12.5488 0
      vertex -15.7612 12.3342 0
      vertex -16.548 11.7305 1.19
    endloop
  endfacet
  facet normal -0.578029 -0.507 -0.6394
    outer loop
      vertex -16.6515 11.8485 1.19
      vertex -15.9494 12.5488 0
      vertex -16.548 11.7305 1.19
    endloop
  endfacet
  facet normal -0.543219 -0.543219 -0.640177
    outer loop
      vertex -15.9494 12.5488 0
      vertex -16.6515 11.8485 1.19
      vertex -15.9503 12.5497 0
    endloop
  endfacet
  facet normal -0.340344 -0.689502 -0.639339
    outer loop
      vertex -16.6613 13.0248 0
      vertex -16.9 12.0392 1.19
      vertex -17.0408 12.1087 1.19
    endloop
  endfacet
  facet normal -0.294259 -0.706222 -0.643943
    outer loop
      vertex -16.9 12.0392 1.19
      vertex -16.6613 13.0248 0
      vertex -16.6601 13.0243 0
    endloop
  endfacet
  facet normal -0.247351 -0.728042 -0.639352
    outer loop
      vertex -16.9315 13.1166 0
      vertex -16.6613 13.0248 0
      vertex -17.0408 12.1087 1.19
    endloop
  endfacet
  facet normal 0.225568 -0.733095 -0.641631
    outer loop
      vertex -18.0672 13.117 0
      vertex -17.9592 12.1087 1.19
      vertex -18.0685 13.1166 0
    endloop
  endfacet
  facet normal 0.246963 -0.728149 -0.639382
    outer loop
      vertex -17.9592 12.1087 1.19
      vertex -18.0672 13.117 0
      vertex -17.8106 12.1591 1.19
    endloop
  endfacet
  facet normal 0.126536 -0.759215 -0.638421
    outer loop
      vertex -18.066 13.1172 0
      vertex -17.8106 12.1591 1.19
      vertex -18.0672 13.117 0
    endloop
  endfacet
  facet normal 0.149853 -0.754164 -0.639359
    outer loop
      vertex -17.8106 12.1591 1.19
      vertex -18.066 13.1172 0
      vertex -17.6566 12.1897 1.19
    endloop
  endfacet
  facet normal 0.0504632 -0.767237 -0.639376
    outer loop
      vertex -17.5013 13.1916 0
      vertex -17.5 12.2 1.19
      vertex -17.6566 12.1897 1.19
    endloop
  endfacet
  facet normal 0.0589902 -0.766873 -0.639082
    outer loop
      vertex -17.5 12.2 1.19
      vertex -17.5013 13.1916 0
      vertex -17.5 13.1917 0
    endloop
  endfacet
  facet normal 0.0503767 -0.767234 -0.639385
    outer loop
      vertex -17.5013 13.1916 0
      vertex -17.6566 12.1897 1.19
      vertex -17.7861 13.1729 0
    endloop
  endfacet
  facet normal -0.149853 -0.754164 -0.639359
    outer loop
      vertex -16.934 13.1172 0
      vertex -17.1894 12.1591 1.19
      vertex -17.3434 12.1897 1.19
    endloop
  endfacet
  facet normal -0.126536 -0.759215 -0.638421
    outer loop
      vertex -17.1894 12.1591 1.19
      vertex -16.934 13.1172 0
      vertex -16.9328 13.117 0
    endloop
  endfacet
  facet normal 0.767234 -0.0503767 -0.639385
    outer loop
      vertex -19.6729 11.2861 0
      vertex -18.6897 11.1566 1.19
      vertex -19.6916 11.0013 0
    endloop
  endfacet
  facet normal 0.578073 -0.506959 -0.639394
    outer loop
      vertex -19.0506 12.5488 0
      vertex -18.452 11.7305 1.19
      vertex -19.2388 12.3342 0
    endloop
  endfacet
  facet normal 0.427058 -0.639375 -0.639391
    outer loop
      vertex -18.5969 12.8973 0
      vertex -18.2305 11.952 1.19
      vertex -18.8342 12.7388 0
    endloop
  endfacet
  facet normal 0.507 -0.578029 -0.6394
    outer loop
      vertex -18.3485 11.8485 1.19
      vertex -19.0488 12.5506 0
      vertex -18.2305 11.952 1.19
    endloop
  endfacet
  facet normal 0.543219 -0.543219 -0.640177
    outer loop
      vertex -19.0488 12.5506 0
      vertex -18.3485 11.8485 1.19
      vertex -19.0497 12.5497 0
    endloop
  endfacet
  facet normal 0.689491 -0.3403 -0.639374
    outer loop
      vertex -19.398 12.0958 0
      vertex -18.5392 11.6 1.19
      vertex -19.5243 11.8399 0
    endloop
  endfacet
  facet normal 0.733095 -0.225568 -0.641631
    outer loop
      vertex -18.6087 11.4592 1.19
      vertex -19.617 11.5672 0
      vertex -19.6166 11.5685 0
    endloop
  endfacet
  facet normal 0.728149 -0.246963 -0.639382
    outer loop
      vertex -19.617 11.5672 0
      vertex -18.6087 11.4592 1.19
      vertex -18.6591 11.3106 1.19
    endloop
  endfacet
  facet normal 0.759215 -0.126536 -0.638421
    outer loop
      vertex -18.6591 11.3106 1.19
      vertex -19.6172 11.566 0
      vertex -19.617 11.5672 0
    endloop
  endfacet
  facet normal 0.754164 -0.149853 -0.639359
    outer loop
      vertex -19.6172 11.566 0
      vertex -18.6591 11.3106 1.19
      vertex -18.6897 11.1566 1.19
    endloop
  endfacet
  facet normal 0.42513 0.640606 -0.639444
    outer loop
      vertex -18.5969 9.10269 0
      vertex -18.1 9.96077 1.19
      vertex -18.5958 9.10196 0
    endloop
  endfacet
  facet normal 0.42729 0.639246 -0.639365
    outer loop
      vertex -18.1 9.96077 1.19
      vertex -18.5969 9.10269 0
      vertex -18.2305 10.048 1.19
    endloop
  endfacet
  facet normal 0.578028 0.507013 -0.639392
    outer loop
      vertex -18.452 10.2695 1.19
      vertex -19.0506 9.45124 0
      vertex -19.2388 9.6658 0
    endloop
  endfacet
  facet normal 0.566026 0.51982 -0.639845
    outer loop
      vertex -19.0506 9.45124 0
      vertex -18.3485 10.1515 1.19
      vertex -19.0497 9.45026 0
    endloop
  endfacet
  facet normal 0.578036 0.507006 -0.63939
    outer loop
      vertex -18.3485 10.1515 1.19
      vertex -19.0506 9.45124 0
      vertex -18.452 10.2695 1.19
    endloop
  endfacet
  facet normal 0.766873 0.0589902 -0.639082
    outer loop
      vertex -18.7 11 1.19
      vertex -19.6916 10.9987 0
      vertex -19.6917 11 0
    endloop
  endfacet
  facet normal 0.767237 0.0504632 -0.639376
    outer loop
      vertex -19.6916 10.9987 0
      vertex -18.7 11 1.19
      vertex -18.6897 10.8434 1.19
    endloop
  endfacet
  facet normal 0.767234 0.0503767 -0.639385
    outer loop
      vertex -18.6897 10.8434 1.19
      vertex -19.6729 10.7139 0
      vertex -19.6916 10.9987 0
    endloop
  endfacet
  facet normal -0.156785 0.752567 -0.639579
    outer loop
      vertex -16.934 8.88276 0
      vertex -17.1894 9.84089 1.19
      vertex -16.9328 8.88301 0
    endloop
  endfacet
  facet normal -0.149945 0.754134 -0.639373
    outer loop
      vertex -17.1894 9.84089 1.19
      vertex -16.934 8.88276 0
      vertex -17.3434 9.81027 1.19
    endloop
  endfacet
  facet normal -0.236074 0.730705 -0.640578
    outer loop
      vertex -16.9328 8.88301 0
      vertex -17.0408 9.89134 1.19
      vertex -16.9315 8.88343 0
    endloop
  endfacet
  facet normal -0.247187 0.728086 -0.639367
    outer loop
      vertex -17.0408 9.89134 1.19
      vertex -16.9328 8.88301 0
      vertex -17.1894 9.84089 1.19
    endloop
  endfacet
  facet normal -0.150014 0.754114 -0.639381
    outer loop
      vertex -16.934 8.88276 0
      vertex -17.2139 8.82708 0
      vertex -17.3434 9.81027 1.19
    endloop
  endfacet
  facet normal -0.0502698 0.767247 -0.639378
    outer loop
      vertex -17.3434 9.81027 1.19
      vertex -17.2139 8.82708 0
      vertex -17.4987 8.80842 0
    endloop
  endfacet
  facet normal 0.247187 0.728086 -0.639367
    outer loop
      vertex -18.0672 8.88301 0
      vertex -17.9592 9.89134 1.19
      vertex -17.8106 9.84089 1.19
    endloop
  endfacet
  facet normal 0.236074 0.730705 -0.640578
    outer loop
      vertex -17.9592 9.89134 1.19
      vertex -18.0672 8.88301 0
      vertex -18.0685 8.88343 0
    endloop
  endfacet
  facet normal 0.149945 0.754134 -0.639373
    outer loop
      vertex -18.066 8.88276 0
      vertex -17.8106 9.84089 1.19
      vertex -17.6566 9.81027 1.19
    endloop
  endfacet
  facet normal 0.156785 0.752567 -0.639579
    outer loop
      vertex -17.8106 9.84089 1.19
      vertex -18.066 8.88276 0
      vertex -18.0672 8.88301 0
    endloop
  endfacet
  facet normal -0.427136 0.63933 -0.639384
    outer loop
      vertex -16.1658 9.26123 0
      vertex -16.4031 9.10269 0
      vertex -16.7695 10.048 1.19
    endloop
  endfacet
  facet normal -0.506901 0.57813 -0.639388
    outer loop
      vertex -15.9512 9.44939 0
      vertex -16.1658 9.26123 0
      vertex -16.7695 10.048 1.19
    endloop
  endfacet
  facet normal -0.566026 0.51982 -0.639845
    outer loop
      vertex -16.6515 10.1515 1.19
      vertex -15.9494 9.45124 0
      vertex -15.9503 9.45026 0
    endloop
  endfacet
  facet normal -0.578036 0.507006 -0.63939
    outer loop
      vertex -15.9494 9.45124 0
      vertex -16.6515 10.1515 1.19
      vertex -16.548 10.2695 1.19
    endloop
  endfacet
  facet normal -0.543219 -0.543219 -0.640177
    outer loop
      vertex -16.6515 11.8485 1.19
      vertex -15.9512 12.5506 0
      vertex -15.9503 12.5497 0
    endloop
  endfacet
  facet normal -0.507 -0.578029 -0.6394
    outer loop
      vertex -15.9512 12.5506 0
      vertex -16.6515 11.8485 1.19
      vertex -16.7695 11.952 1.19
    endloop
  endfacet
  facet normal -0.246963 -0.728149 -0.639382
    outer loop
      vertex -16.9328 13.117 0
      vertex -17.0408 12.1087 1.19
      vertex -17.1894 12.1591 1.19
    endloop
  endfacet
  facet normal -0.225568 -0.733095 -0.641631
    outer loop
      vertex -17.0408 12.1087 1.19
      vertex -16.9328 13.117 0
      vertex -16.9315 13.1166 0
    endloop
  endfacet
  facet normal 0.3403 -0.689491 -0.639374
    outer loop
      vertex -18.3399 13.0243 0
      vertex -18.1 12.0392 1.19
      vertex -18.5958 12.898 0
    endloop
  endfacet
  facet normal -0.0503767 -0.767234 -0.639385
    outer loop
      vertex -17.2139 13.1729 0
      vertex -17.3434 12.1897 1.19
      vertex -17.4987 13.1916 0
    endloop
  endfacet
  facet normal -0.150066 -0.754102 -0.639383
    outer loop
      vertex -17.2139 13.1729 0
      vertex -16.934 13.1172 0
      vertex -17.3434 12.1897 1.19
    endloop
  endfacet
  facet normal 0.578029 -0.507 -0.6394
    outer loop
      vertex -19.0506 12.5488 0
      vertex -18.3485 11.8485 1.19
      vertex -18.452 11.7305 1.19
    endloop
  endfacet
  facet normal 0.543219 -0.543219 -0.640177
    outer loop
      vertex -18.3485 11.8485 1.19
      vertex -19.0506 12.5488 0
      vertex -19.0497 12.5497 0
    endloop
  endfacet
  facet normal 0.506959 -0.578073 -0.639394
    outer loop
      vertex -18.8342 12.7388 0
      vertex -18.2305 11.952 1.19
      vertex -19.0488 12.5506 0
    endloop
  endfacet
  facet normal 0.754164 0.149853 -0.639359
    outer loop
      vertex -18.6591 10.6894 1.19
      vertex -19.6172 10.434 0
      vertex -18.6897 10.8434 1.19
    endloop
  endfacet
  facet normal 0.759215 0.126536 -0.638421
    outer loop
      vertex -19.6172 10.434 0
      vertex -18.6591 10.6894 1.19
      vertex -19.617 10.4328 0
    endloop
  endfacet
  facet normal 0.728149 0.246963 -0.639382
    outer loop
      vertex -18.6087 10.5408 1.19
      vertex -19.617 10.4328 0
      vertex -18.6591 10.6894 1.19
    endloop
  endfacet
  facet normal 0.733095 0.225568 -0.641631
    outer loop
      vertex -19.617 10.4328 0
      vertex -18.6087 10.5408 1.19
      vertex -19.6166 10.4315 0
    endloop
  endfacet
  facet normal -0.648372 -0.412601 -0.639823
    outer loop
      vertex -16.4608 11.6 1.19
      vertex -15.6027 12.0969 0
      vertex -15.602 12.0958 0
    endloop
  endfacet
  facet normal -0.639307 -0.427184 -0.639375
    outer loop
      vertex -15.6027 12.0969 0
      vertex -16.4608 11.6 1.19
      vertex -16.548 11.7305 1.19
    endloop
  endfacet
  facet normal 0.247351 -0.728042 -0.639352
    outer loop
      vertex -18.0685 13.1166 0
      vertex -17.9592 12.1087 1.19
      vertex -18.3387 13.0248 0
    endloop
  endfacet
  facet normal 0.294259 -0.706222 -0.643943
    outer loop
      vertex -18.3387 13.0248 0
      vertex -18.1 12.0392 1.19
      vertex -18.3399 13.0243 0
    endloop
  endfacet
  facet normal 0.340344 -0.689502 -0.639339
    outer loop
      vertex -18.1 12.0392 1.19
      vertex -18.3387 13.0248 0
      vertex -17.9592 12.1087 1.19
    endloop
  endfacet
  facet normal -0.997844 -0.0656309 0
    outer loop
      vertex 18.7 11 1.19
      vertex 18.6897 11.1566 2
      vertex 18.6897 11.1566 1.19
    endloop
  endfacet
  facet normal -0.997844 -0.0656309 0
    outer loop
      vertex 18.6897 11.1566 2
      vertex 18.7 11 1.19
      vertex 18.7 11 2
    endloop
  endfacet
  facet normal 0.0656309 -0.997844 0
    outer loop
      vertex 17.3434 12.1897 1.19
      vertex 17.5 12.2 2
      vertex 17.3434 12.1897 2
    endloop
  endfacet
  facet normal 0.0656309 -0.997844 0
    outer loop
      vertex 17.5 12.2 2
      vertex 17.3434 12.1897 1.19
      vertex 17.5 12.2 1.19
    endloop
  endfacet
  facet normal -0.0654405 0.997856 0
    outer loop
      vertex 17.6566 9.81027 1.19
      vertex 17.5 9.8 2
      vertex 17.6566 9.81027 2
    endloop
  endfacet
  facet normal -0.0654405 0.997856 0
    outer loop
      vertex 17.5 9.8 2
      vertex 17.6566 9.81027 1.19
      vertex 17.5 9.8 1.19
    endloop
  endfacet
  facet normal -0.659406 -0.751787 0
    outer loop
      vertex 18.2305 11.952 1.19
      vertex 18.3485 11.8485 2
      vertex 18.2305 11.952 2
    endloop
  endfacet
  facet normal -0.659406 -0.751787 -0
    outer loop
      vertex 18.3485 11.8485 2
      vertex 18.2305 11.952 1.19
      vertex 18.3485 11.8485 1.19
    endloop
  endfacet
  facet normal 0.751787 -0.659406 0
    outer loop
      vertex 16.548 11.7305 2
      vertex 16.6515 11.8485 1.19
      vertex 16.6515 11.8485 2
    endloop
  endfacet
  facet normal 0.751787 -0.659406 0
    outer loop
      vertex 16.6515 11.8485 1.19
      vertex 16.548 11.7305 2
      vertex 16.548 11.7305 1.19
    endloop
  endfacet
  facet normal 0.442622 -0.896708 0
    outer loop
      vertex 16.9 12.0392 1.19
      vertex 17.0408 12.1087 2
      vertex 16.9 12.0392 2
    endloop
  endfacet
  facet normal 0.442622 -0.896708 0
    outer loop
      vertex 17.0408 12.1087 2
      vertex 16.9 12.0392 1.19
      vertex 17.0408 12.1087 1.19
    endloop
  endfacet
  facet normal -0.896708 -0.442622 0
    outer loop
      vertex 18.6087 11.4592 1.19
      vertex 18.5392 11.6 2
      vertex 18.5392 11.6 1.19
    endloop
  endfacet
  facet normal -0.896708 -0.442622 0
    outer loop
      vertex 18.5392 11.6 2
      vertex 18.6087 11.4592 1.19
      vertex 18.6087 11.4592 2
    endloop
  endfacet
  facet normal -0.321194 -0.947013 0
    outer loop
      vertex 17.8106 12.1591 1.19
      vertex 17.9592 12.1087 2
      vertex 17.8106 12.1591 2
    endloop
  endfacet
  facet normal -0.321194 -0.947013 -0
    outer loop
      vertex 17.9592 12.1087 2
      vertex 17.8106 12.1591 1.19
      vertex 17.9592 12.1087 1.19
    endloop
  endfacet
  facet normal -0.194891 -0.980825 0
    outer loop
      vertex 17.6566 12.1897 1.19
      vertex 17.8106 12.1591 2
      vertex 17.6566 12.1897 2
    endloop
  endfacet
  facet normal -0.194891 -0.980825 -0
    outer loop
      vertex 17.8106 12.1591 2
      vertex 17.6566 12.1897 1.19
      vertex 17.8106 12.1591 1.19
    endloop
  endfacet
  facet normal -0.442622 -0.896708 0
    outer loop
      vertex 17.9592 12.1087 1.19
      vertex 18.1 12.0392 2
      vertex 17.9592 12.1087 2
    endloop
  endfacet
  facet normal -0.442622 -0.896708 -0
    outer loop
      vertex 18.1 12.0392 2
      vertex 17.9592 12.1087 1.19
      vertex 18.1 12.0392 1.19
    endloop
  endfacet
  facet normal 0.947013 -0.321194 0
    outer loop
      vertex 16.3409 11.3106 2
      vertex 16.3913 11.4592 1.19
      vertex 16.3913 11.4592 2
    endloop
  endfacet
  facet normal 0.947013 -0.321194 0
    outer loop
      vertex 16.3913 11.4592 1.19
      vertex 16.3409 11.3106 2
      vertex 16.3409 11.3106 1.19
    endloop
  endfacet
  facet normal 0.980825 -0.194891 0
    outer loop
      vertex 16.3103 11.1566 2
      vertex 16.3409 11.3106 1.19
      vertex 16.3409 11.3106 2
    endloop
  endfacet
  facet normal 0.980825 -0.194891 0
    outer loop
      vertex 16.3409 11.3106 1.19
      vertex 16.3103 11.1566 2
      vertex 16.3103 11.1566 1.19
    endloop
  endfacet
  facet normal 0.321194 -0.947013 0
    outer loop
      vertex 17.0408 12.1087 1.19
      vertex 17.1894 12.1591 2
      vertex 17.0408 12.1087 2
    endloop
  endfacet
  facet normal 0.321194 -0.947013 0
    outer loop
      vertex 17.1894 12.1591 2
      vertex 17.0408 12.1087 1.19
      vertex 17.1894 12.1591 1.19
    endloop
  endfacet
  facet normal 0.831462 0.555582 0
    outer loop
      vertex 16.548 10.2695 2
      vertex 16.4608 10.4 1.19
      vertex 16.4608 10.4 2
    endloop
  endfacet
  facet normal 0.831462 0.555582 0
    outer loop
      vertex 16.4608 10.4 1.19
      vertex 16.548 10.2695 2
      vertex 16.548 10.2695 1.19
    endloop
  endfacet
  facet normal -0.195014 0.980801 0
    outer loop
      vertex 17.8106 9.84089 1.19
      vertex 17.6566 9.81027 2
      vertex 17.8106 9.84089 2
    endloop
  endfacet
  facet normal -0.195014 0.980801 0
    outer loop
      vertex 17.6566 9.81027 2
      vertex 17.8106 9.84089 1.19
      vertex 17.6566 9.81027 1.19
    endloop
  endfacet
  facet normal -0.442264 0.896885 0
    outer loop
      vertex 18.1 9.96077 1.19
      vertex 17.9592 9.89134 2
      vertex 18.1 9.96077 2
    endloop
  endfacet
  facet normal -0.442264 0.896885 0
    outer loop
      vertex 17.9592 9.89134 2
      vertex 18.1 9.96077 1.19
      vertex 17.9592 9.89134 1.19
    endloop
  endfacet
  facet normal -0.947013 -0.321194 0
    outer loop
      vertex 18.6591 11.3106 1.19
      vertex 18.6087 11.4592 2
      vertex 18.6087 11.4592 1.19
    endloop
  endfacet
  facet normal -0.947013 -0.321194 0
    outer loop
      vertex 18.6087 11.4592 2
      vertex 18.6591 11.3106 1.19
      vertex 18.6591 11.3106 2
    endloop
  endfacet
  facet normal -0.980825 -0.194891 0
    outer loop
      vertex 18.6897 11.1566 1.19
      vertex 18.6591 11.3106 2
      vertex 18.6591 11.3106 1.19
    endloop
  endfacet
  facet normal -0.980825 -0.194891 0
    outer loop
      vertex 18.6591 11.3106 2
      vertex 18.6897 11.1566 1.19
      vertex 18.6897 11.1566 2
    endloop
  endfacet
  facet normal -0.751787 -0.659406 0
    outer loop
      vertex 18.452 11.7305 1.19
      vertex 18.3485 11.8485 2
      vertex 18.3485 11.8485 1.19
    endloop
  endfacet
  facet normal -0.751787 -0.659406 0
    outer loop
      vertex 18.3485 11.8485 2
      vertex 18.452 11.7305 1.19
      vertex 18.452 11.7305 2
    endloop
  endfacet
  facet normal -0.831462 -0.555582 0
    outer loop
      vertex 18.5392 11.6 1.19
      vertex 18.452 11.7305 2
      vertex 18.452 11.7305 1.19
    endloop
  endfacet
  facet normal -0.831462 -0.555582 0
    outer loop
      vertex 18.452 11.7305 2
      vertex 18.5392 11.6 1.19
      vertex 18.5392 11.6 2
    endloop
  endfacet
  facet normal -0.0656309 -0.997844 0
    outer loop
      vertex 17.5 12.2 1.19
      vertex 17.6566 12.1897 2
      vertex 17.5 12.2 2
    endloop
  endfacet
  facet normal -0.0656309 -0.997844 -0
    outer loop
      vertex 17.6566 12.1897 2
      vertex 17.5 12.2 1.19
      vertex 17.6566 12.1897 1.19
    endloop
  endfacet
  facet normal -0.555582 -0.831462 0
    outer loop
      vertex 18.1 12.0392 1.19
      vertex 18.2305 11.952 2
      vertex 18.1 12.0392 2
    endloop
  endfacet
  facet normal -0.555582 -0.831462 -0
    outer loop
      vertex 18.2305 11.952 2
      vertex 18.1 12.0392 1.19
      vertex 18.2305 11.952 1.19
    endloop
  endfacet
  facet normal 0.896708 -0.442622 0
    outer loop
      vertex 16.3913 11.4592 2
      vertex 16.4608 11.6 1.19
      vertex 16.4608 11.6 2
    endloop
  endfacet
  facet normal 0.896708 -0.442622 0
    outer loop
      vertex 16.4608 11.6 1.19
      vertex 16.3913 11.4592 2
      vertex 16.3913 11.4592 1.19
    endloop
  endfacet
  facet normal 0.831462 -0.555582 0
    outer loop
      vertex 16.4608 11.6 2
      vertex 16.548 11.7305 1.19
      vertex 16.548 11.7305 2
    endloop
  endfacet
  facet normal 0.831462 -0.555582 0
    outer loop
      vertex 16.548 11.7305 1.19
      vertex 16.4608 11.6 2
      vertex 16.4608 11.6 1.19
    endloop
  endfacet
  facet normal 0.997844 -0.0656309 0
    outer loop
      vertex 16.3 11 2
      vertex 16.3103 11.1566 1.19
      vertex 16.3103 11.1566 2
    endloop
  endfacet
  facet normal 0.997844 -0.0656309 0
    outer loop
      vertex 16.3103 11.1566 1.19
      vertex 16.3 11 2
      vertex 16.3 11 1.19
    endloop
  endfacet
  facet normal 0.555582 -0.831462 0
    outer loop
      vertex 16.7695 11.952 1.19
      vertex 16.9 12.0392 2
      vertex 16.7695 11.952 2
    endloop
  endfacet
  facet normal 0.555582 -0.831462 0
    outer loop
      vertex 16.9 12.0392 2
      vertex 16.7695 11.952 1.19
      vertex 16.9 12.0392 1.19
    endloop
  endfacet
  facet normal 0.659406 -0.751787 0
    outer loop
      vertex 16.6515 11.8485 1.19
      vertex 16.7695 11.952 2
      vertex 16.6515 11.8485 2
    endloop
  endfacet
  facet normal 0.659406 -0.751787 0
    outer loop
      vertex 16.7695 11.952 2
      vertex 16.6515 11.8485 1.19
      vertex 16.7695 11.952 1.19
    endloop
  endfacet
  facet normal 0.194891 -0.980825 0
    outer loop
      vertex 17.1894 12.1591 1.19
      vertex 17.3434 12.1897 2
      vertex 17.1894 12.1591 2
    endloop
  endfacet
  facet normal 0.194891 -0.980825 0
    outer loop
      vertex 17.3434 12.1897 2
      vertex 17.1894 12.1591 1.19
      vertex 17.3434 12.1897 1.19
    endloop
  endfacet
  facet normal -0.997844 0.0656309 0
    outer loop
      vertex 18.6897 10.8434 1.19
      vertex 18.7 11 2
      vertex 18.7 11 1.19
    endloop
  endfacet
  facet normal -0.997844 0.0656309 0
    outer loop
      vertex 18.7 11 2
      vertex 18.6897 10.8434 1.19
      vertex 18.6897 10.8434 2
    endloop
  endfacet
  facet normal -0.751787 0.659406 0
    outer loop
      vertex 18.3485 10.1515 1.19
      vertex 18.452 10.2695 2
      vertex 18.452 10.2695 1.19
    endloop
  endfacet
  facet normal -0.751787 0.659406 0
    outer loop
      vertex 18.452 10.2695 2
      vertex 18.3485 10.1515 1.19
      vertex 18.3485 10.1515 2
    endloop
  endfacet
  facet normal -0.947013 0.321194 0
    outer loop
      vertex 18.6087 10.5408 1.19
      vertex 18.6591 10.6894 2
      vertex 18.6591 10.6894 1.19
    endloop
  endfacet
  facet normal -0.947013 0.321194 0
    outer loop
      vertex 18.6591 10.6894 2
      vertex 18.6087 10.5408 1.19
      vertex 18.6087 10.5408 2
    endloop
  endfacet
  facet normal -0.980825 0.194891 0
    outer loop
      vertex 18.6591 10.6894 1.19
      vertex 18.6897 10.8434 2
      vertex 18.6897 10.8434 1.19
    endloop
  endfacet
  facet normal -0.980825 0.194891 0
    outer loop
      vertex 18.6897 10.8434 2
      vertex 18.6591 10.6894 1.19
      vertex 18.6591 10.6894 2
    endloop
  endfacet
  facet normal 0.997844 0.0656309 0
    outer loop
      vertex 16.3103 10.8434 2
      vertex 16.3 11 1.19
      vertex 16.3 11 2
    endloop
  endfacet
  facet normal 0.997844 0.0656309 0
    outer loop
      vertex 16.3 11 1.19
      vertex 16.3103 10.8434 2
      vertex 16.3103 10.8434 1.19
    endloop
  endfacet
  facet normal -0.831462 0.555582 0
    outer loop
      vertex 18.452 10.2695 1.19
      vertex 18.5392 10.4 2
      vertex 18.5392 10.4 1.19
    endloop
  endfacet
  facet normal -0.831462 0.555582 0
    outer loop
      vertex 18.5392 10.4 2
      vertex 18.452 10.2695 1.19
      vertex 18.452 10.2695 2
    endloop
  endfacet
  facet normal 0.659406 0.751787 -0
    outer loop
      vertex 16.7695 10.048 1.19
      vertex 16.6515 10.1515 2
      vertex 16.7695 10.048 2
    endloop
  endfacet
  facet normal 0.659406 0.751787 0
    outer loop
      vertex 16.6515 10.1515 2
      vertex 16.7695 10.048 1.19
      vertex 16.6515 10.1515 1.19
    endloop
  endfacet
  facet normal 0.896708 0.442622 0
    outer loop
      vertex 16.4608 10.4 2
      vertex 16.3913 10.5408 1.19
      vertex 16.3913 10.5408 2
    endloop
  endfacet
  facet normal 0.896708 0.442622 0
    outer loop
      vertex 16.3913 10.5408 1.19
      vertex 16.4608 10.4 2
      vertex 16.4608 10.4 1.19
    endloop
  endfacet
  facet normal -0.32148 0.946916 0
    outer loop
      vertex 17.9592 9.89134 1.19
      vertex 17.8106 9.84089 2
      vertex 17.9592 9.89134 2
    endloop
  endfacet
  facet normal -0.32148 0.946916 0
    outer loop
      vertex 17.8106 9.84089 2
      vertex 17.9592 9.89134 1.19
      vertex 17.8106 9.84089 1.19
    endloop
  endfacet
  facet normal -0.896708 0.442622 0
    outer loop
      vertex 18.5392 10.4 1.19
      vertex 18.6087 10.5408 2
      vertex 18.6087 10.5408 1.19
    endloop
  endfacet
  facet normal -0.896708 0.442622 0
    outer loop
      vertex 18.6087 10.5408 2
      vertex 18.5392 10.4 1.19
      vertex 18.5392 10.4 2
    endloop
  endfacet
  facet normal -0.659406 0.751787 0
    outer loop
      vertex 18.3485 10.1515 1.19
      vertex 18.2305 10.048 2
      vertex 18.3485 10.1515 2
    endloop
  endfacet
  facet normal -0.659406 0.751787 0
    outer loop
      vertex 18.2305 10.048 2
      vertex 18.3485 10.1515 1.19
      vertex 18.2305 10.048 1.19
    endloop
  endfacet
  facet normal -0.555714 0.831373 0
    outer loop
      vertex 18.2305 10.048 1.19
      vertex 18.1 9.96077 2
      vertex 18.2305 10.048 2
    endloop
  endfacet
  facet normal -0.555714 0.831373 0
    outer loop
      vertex 18.1 9.96077 2
      vertex 18.2305 10.048 1.19
      vertex 18.1 9.96077 1.19
    endloop
  endfacet
  facet normal 0.32148 0.946916 -0
    outer loop
      vertex 17.1894 9.84089 1.19
      vertex 17.0408 9.89134 2
      vertex 17.1894 9.84089 2
    endloop
  endfacet
  facet normal 0.32148 0.946916 0
    outer loop
      vertex 17.0408 9.89134 2
      vertex 17.1894 9.84089 1.19
      vertex 17.0408 9.89134 1.19
    endloop
  endfacet
  facet normal 0.195014 0.980801 -0
    outer loop
      vertex 17.3434 9.81027 1.19
      vertex 17.1894 9.84089 2
      vertex 17.3434 9.81027 2
    endloop
  endfacet
  facet normal 0.195014 0.980801 0
    outer loop
      vertex 17.1894 9.84089 2
      vertex 17.3434 9.81027 1.19
      vertex 17.1894 9.84089 1.19
    endloop
  endfacet
  facet normal 0.751787 0.659406 0
    outer loop
      vertex 16.6515 10.1515 2
      vertex 16.548 10.2695 1.19
      vertex 16.548 10.2695 2
    endloop
  endfacet
  facet normal 0.751787 0.659406 0
    outer loop
      vertex 16.548 10.2695 1.19
      vertex 16.6515 10.1515 2
      vertex 16.6515 10.1515 1.19
    endloop
  endfacet
  facet normal 0.947013 0.321194 0
    outer loop
      vertex 16.3913 10.5408 2
      vertex 16.3409 10.6894 1.19
      vertex 16.3409 10.6894 2
    endloop
  endfacet
  facet normal 0.947013 0.321194 0
    outer loop
      vertex 16.3409 10.6894 1.19
      vertex 16.3913 10.5408 2
      vertex 16.3913 10.5408 1.19
    endloop
  endfacet
  facet normal 0.980825 0.194891 0
    outer loop
      vertex 16.3409 10.6894 2
      vertex 16.3103 10.8434 1.19
      vertex 16.3103 10.8434 2
    endloop
  endfacet
  facet normal 0.980825 0.194891 0
    outer loop
      vertex 16.3103 10.8434 1.19
      vertex 16.3409 10.6894 2
      vertex 16.3409 10.6894 1.19
    endloop
  endfacet
  facet normal 0.442264 0.896885 -0
    outer loop
      vertex 17.0408 9.89134 1.19
      vertex 16.9 9.96077 2
      vertex 17.0408 9.89134 2
    endloop
  endfacet
  facet normal 0.442264 0.896885 0
    outer loop
      vertex 16.9 9.96077 2
      vertex 17.0408 9.89134 1.19
      vertex 16.9 9.96077 1.19
    endloop
  endfacet
  facet normal 0.555714 0.831373 -0
    outer loop
      vertex 16.9 9.96077 1.19
      vertex 16.7695 10.048 2
      vertex 16.9 9.96077 2
    endloop
  endfacet
  facet normal 0.555714 0.831373 0
    outer loop
      vertex 16.7695 10.048 2
      vertex 16.9 9.96077 1.19
      vertex 16.7695 10.048 1.19
    endloop
  endfacet
  facet normal 0.0654405 0.997856 -0
    outer loop
      vertex 17.5 9.8 1.19
      vertex 17.3434 9.81027 2
      vertex 17.5 9.8 2
    endloop
  endfacet
  facet normal 0.0654405 0.997856 0
    outer loop
      vertex 17.3434 9.81027 2
      vertex 17.5 9.8 1.19
      vertex 17.3434 9.81027 1.19
    endloop
  endfacet
  facet normal 0.689502 0.340344 -0.639339
    outer loop
      vertex 16.4608 10.4 1.19
      vertex 15.4752 10.1613 0
      vertex 16.3913 10.5408 1.19
    endloop
  endfacet
  facet normal 0.706222 0.294259 -0.643943
    outer loop
      vertex 15.4752 10.1613 0
      vertex 16.4608 10.4 1.19
      vertex 15.4757 10.1601 0
    endloop
  endfacet
  facet normal -0.766873 -0.0589902 -0.639082
    outer loop
      vertex 18.7 11 1.19
      vertex 19.6916 11.0013 0
      vertex 19.6917 11 0
    endloop
  endfacet
  facet normal -0.767237 -0.0504632 -0.639376
    outer loop
      vertex 19.6916 11.0013 0
      vertex 18.7 11 1.19
      vertex 18.6897 11.1566 1.19
    endloop
  endfacet
  facet normal -0.767234 -0.0503767 -0.639385
    outer loop
      vertex 19.6729 11.2861 0
      vertex 19.6916 11.0013 0
      vertex 18.6897 11.1566 1.19
    endloop
  endfacet
  facet normal -0.689503 0.340266 -0.639378
    outer loop
      vertex 19.5243 10.1601 0
      vertex 19.398 9.90417 0
      vertex 18.5392 10.4 1.19
    endloop
  endfacet
  facet normal -0.759215 -0.126536 -0.638421
    outer loop
      vertex 19.6172 11.566 0
      vertex 18.6591 11.3106 1.19
      vertex 19.617 11.5672 0
    endloop
  endfacet
  facet normal -0.754164 -0.149853 -0.639359
    outer loop
      vertex 18.6591 11.3106 1.19
      vertex 19.6172 11.566 0
      vertex 18.6897 11.1566 1.19
    endloop
  endfacet
  facet normal -0.689491 -0.3403 -0.639374
    outer loop
      vertex 19.398 12.0958 0
      vertex 19.5243 11.8399 0
      vertex 18.5392 11.6 1.19
    endloop
  endfacet
  facet normal 0.427184 -0.639307 -0.639375
    outer loop
      vertex 16.4031 12.8973 0
      vertex 16.9 12.0392 1.19
      vertex 16.7695 11.952 1.19
    endloop
  endfacet
  facet normal 0.412601 -0.648372 -0.639823
    outer loop
      vertex 16.9 12.0392 1.19
      vertex 16.4031 12.8973 0
      vertex 16.4042 12.898 0
    endloop
  endfacet
  facet normal 0.506999 0.578027 -0.639403
    outer loop
      vertex 15.9512 9.44939 0
      vertex 16.6515 10.1515 1.19
      vertex 16.7695 10.048 1.19
    endloop
  endfacet
  facet normal 0.53396 0.552373 -0.640133
    outer loop
      vertex 16.6515 10.1515 1.19
      vertex 15.9512 9.44939 0
      vertex 15.9503 9.45026 0
    endloop
  endfacet
  facet normal 0.0502698 0.767247 -0.639378
    outer loop
      vertex 17.3434 9.81027 1.19
      vertex 17.4987 8.80842 0
      vertex 17.2139 8.82708 0
    endloop
  endfacet
  facet normal -0.247176 0.728082 -0.639376
    outer loop
      vertex 18.3387 8.97516 0
      vertex 18.0685 8.88343 0
      vertex 17.9592 9.89134 1.19
    endloop
  endfacet
  facet normal -0.728042 0.247351 -0.639352
    outer loop
      vertex 19.6166 10.4315 0
      vertex 19.5248 10.1613 0
      vertex 18.6087 10.5408 1.19
    endloop
  endfacet
  facet normal -0.427058 -0.639375 -0.639391
    outer loop
      vertex 18.5969 12.8973 0
      vertex 18.8342 12.7388 0
      vertex 18.2305 11.952 1.19
    endloop
  endfacet
  facet normal -0.754102 -0.150066 -0.639383
    outer loop
      vertex 19.6172 11.566 0
      vertex 19.6729 11.2861 0
      vertex 18.6897 11.1566 1.19
    endloop
  endfacet
  facet normal -0.427184 -0.639307 -0.639375
    outer loop
      vertex 18.1 12.0392 1.19
      vertex 18.5969 12.8973 0
      vertex 18.2305 11.952 1.19
    endloop
  endfacet
  facet normal -0.412601 -0.648372 -0.639823
    outer loop
      vertex 18.5969 12.8973 0
      vertex 18.1 12.0392 1.19
      vertex 18.5958 12.898 0
    endloop
  endfacet
  facet normal 0.0503767 -0.767234 -0.639385
    outer loop
      vertex 17.4987 13.1916 0
      vertex 17.3434 12.1897 1.19
      vertex 17.2139 13.1729 0
    endloop
  endfacet
  facet normal 0.247351 -0.728042 -0.639352
    outer loop
      vertex 16.9315 13.1166 0
      vertex 17.0408 12.1087 1.19
      vertex 16.6613 13.0248 0
    endloop
  endfacet
  facet normal 0.340127 0.689578 -0.639371
    outer loop
      vertex 16.9 9.96077 1.19
      vertex 16.6601 8.97574 0
      vertex 16.4042 9.10196 0
    endloop
  endfacet
  facet normal 0.689503 0.340266 -0.639378
    outer loop
      vertex 16.4608 10.4 1.19
      vertex 15.602 9.90417 0
      vertex 15.4757 10.1601 0
    endloop
  endfacet
  facet normal 0.754102 0.150066 -0.639383
    outer loop
      vertex 16.3103 10.8434 1.19
      vertex 15.3828 10.434 0
      vertex 15.3271 10.7139 0
    endloop
  endfacet
  facet normal -0.050317 0.767249 -0.639373
    outer loop
      vertex 17.5013 8.80842 0
      vertex 17.5 9.8 1.19
      vertex 17.6566 9.81027 1.19
    endloop
  endfacet
  facet normal -0.0531094 0.767136 -0.639282
    outer loop
      vertex 17.5 9.8 1.19
      vertex 17.5013 8.80842 0
      vertex 17.5 8.80833 0
    endloop
  endfacet
  facet normal 0.247176 0.728082 -0.639376
    outer loop
      vertex 17.0408 9.89134 1.19
      vertex 16.9315 8.88343 0
      vertex 16.6613 8.97516 0
    endloop
  endfacet
  facet normal -0.340127 0.689578 -0.639371
    outer loop
      vertex 18.5958 9.10196 0
      vertex 18.3399 8.97574 0
      vertex 18.1 9.96077 1.19
    endloop
  endfacet
  facet normal -0.334361 0.691781 -0.640032
    outer loop
      vertex 18.3387 8.97516 0
      vertex 18.1 9.96077 1.19
      vertex 18.3399 8.97574 0
    endloop
  endfacet
  facet normal -0.340054 0.68961 -0.639376
    outer loop
      vertex 18.1 9.96077 1.19
      vertex 18.3387 8.97516 0
      vertex 17.9592 9.89134 1.19
    endloop
  endfacet
  facet normal -0.53396 0.552373 -0.640133
    outer loop
      vertex 19.0488 9.44939 0
      vertex 18.3485 10.1515 1.19
      vertex 19.0497 9.45026 0
    endloop
  endfacet
  facet normal -0.506999 0.578027 -0.639403
    outer loop
      vertex 18.3485 10.1515 1.19
      vertex 19.0488 9.44939 0
      vertex 18.2305 10.048 1.19
    endloop
  endfacet
  facet normal -0.578028 0.507013 -0.639392
    outer loop
      vertex 19.2388 9.6658 0
      vertex 19.0506 9.45124 0
      vertex 18.452 10.2695 1.19
    endloop
  endfacet
  facet normal -0.728149 0.246963 -0.639382
    outer loop
      vertex 19.617 10.4328 0
      vertex 18.6087 10.5408 1.19
      vertex 18.6591 10.6894 1.19
    endloop
  endfacet
  facet normal -0.733095 0.225568 -0.641631
    outer loop
      vertex 18.6087 10.5408 1.19
      vertex 19.617 10.4328 0
      vertex 19.6166 10.4315 0
    endloop
  endfacet
  facet normal -0.754164 0.149853 -0.639359
    outer loop
      vertex 19.6172 10.434 0
      vertex 18.6591 10.6894 1.19
      vertex 18.6897 10.8434 1.19
    endloop
  endfacet
  facet normal -0.759215 0.126536 -0.638421
    outer loop
      vertex 18.6591 10.6894 1.19
      vertex 19.6172 10.434 0
      vertex 19.617 10.4328 0
    endloop
  endfacet
  facet normal -0.754102 0.150066 -0.639383
    outer loop
      vertex 19.6729 10.7139 0
      vertex 19.6172 10.434 0
      vertex 18.6897 10.8434 1.19
    endloop
  endfacet
  facet normal -0.706222 -0.294259 -0.643943
    outer loop
      vertex 19.5248 11.8387 0
      vertex 18.5392 11.6 1.19
      vertex 19.5243 11.8399 0
    endloop
  endfacet
  facet normal -0.689502 -0.340344 -0.639339
    outer loop
      vertex 18.5392 11.6 1.19
      vertex 19.5248 11.8387 0
      vertex 18.6087 11.4592 1.19
    endloop
  endfacet
  facet normal -0.3403 -0.689491 -0.639374
    outer loop
      vertex 18.3399 13.0243 0
      vertex 18.5958 12.898 0
      vertex 18.1 12.0392 1.19
    endloop
  endfacet
  facet normal 0.294259 -0.706222 -0.643943
    outer loop
      vertex 16.6613 13.0248 0
      vertex 16.9 12.0392 1.19
      vertex 16.6601 13.0243 0
    endloop
  endfacet
  facet normal 0.340344 -0.689502 -0.639339
    outer loop
      vertex 16.9 12.0392 1.19
      vertex 16.6613 13.0248 0
      vertex 17.0408 12.1087 1.19
    endloop
  endfacet
  facet normal -0.340344 -0.689502 -0.639339
    outer loop
      vertex 18.3387 13.0248 0
      vertex 18.1 12.0392 1.19
      vertex 17.9592 12.1087 1.19
    endloop
  endfacet
  facet normal -0.294259 -0.706222 -0.643943
    outer loop
      vertex 18.1 12.0392 1.19
      vertex 18.3387 13.0248 0
      vertex 18.3399 13.0243 0
    endloop
  endfacet
  facet normal 0.754102 -0.150066 -0.639383
    outer loop
      vertex 15.3828 11.566 0
      vertex 16.3103 11.1566 1.19
      vertex 15.3271 11.2861 0
    endloop
  endfacet
  facet normal 0.639375 -0.427058 -0.639391
    outer loop
      vertex 15.7612 12.3342 0
      vertex 16.548 11.7305 1.19
      vertex 15.6027 12.0969 0
    endloop
  endfacet
  facet normal 0.728042 -0.247351 -0.639352
    outer loop
      vertex 15.4752 11.8387 0
      vertex 16.3913 11.4592 1.19
      vertex 15.3834 11.5685 0
    endloop
  endfacet
  facet normal 0.639307 -0.427184 -0.639375
    outer loop
      vertex 16.4608 11.6 1.19
      vertex 15.6027 12.0969 0
      vertex 16.548 11.7305 1.19
    endloop
  endfacet
  facet normal 0.648372 -0.412601 -0.639823
    outer loop
      vertex 15.6027 12.0969 0
      vertex 16.4608 11.6 1.19
      vertex 15.602 12.0958 0
    endloop
  endfacet
  facet normal 0.706222 -0.294259 -0.643943
    outer loop
      vertex 16.4608 11.6 1.19
      vertex 15.4752 11.8387 0
      vertex 15.4757 11.8399 0
    endloop
  endfacet
  facet normal 0.689502 -0.340344 -0.639339
    outer loop
      vertex 15.4752 11.8387 0
      vertex 16.4608 11.6 1.19
      vertex 16.3913 11.4592 1.19
    endloop
  endfacet
  facet normal 0.427136 0.63933 -0.639384
    outer loop
      vertex 16.7695 10.048 1.19
      vertex 16.4031 9.10269 0
      vertex 16.1658 9.26123 0
    endloop
  endfacet
  facet normal 0.506901 0.57813 -0.639388
    outer loop
      vertex 16.7695 10.048 1.19
      vertex 16.1658 9.26123 0
      vertex 15.9512 9.44939 0
    endloop
  endfacet
  facet normal 0.639358 0.427083 -0.639392
    outer loop
      vertex 16.548 10.2695 1.19
      vertex 15.7612 9.6658 0
      vertex 15.6027 9.90308 0
    endloop
  endfacet
  facet normal 0.728042 0.247351 -0.639352
    outer loop
      vertex 16.3913 10.5408 1.19
      vertex 15.4752 10.1613 0
      vertex 15.3834 10.4315 0
    endloop
  endfacet
  facet normal 0.639304 0.427182 -0.63938
    outer loop
      vertex 15.6027 9.90308 0
      vertex 16.4608 10.4 1.19
      vertex 16.548 10.2695 1.19
    endloop
  endfacet
  facet normal 0.646702 0.415313 -0.639759
    outer loop
      vertex 16.4608 10.4 1.19
      vertex 15.6027 9.90308 0
      vertex 15.602 9.90417 0
    endloop
  endfacet
  facet normal 0.767237 -0.0504632 -0.639376
    outer loop
      vertex 16.3 11 1.19
      vertex 15.3084 11.0013 0
      vertex 16.3103 11.1566 1.19
    endloop
  endfacet
  facet normal 0.766873 -0.0589902 -0.639082
    outer loop
      vertex 15.3084 11.0013 0
      vertex 16.3 11 1.19
      vertex 15.3083 11 0
    endloop
  endfacet
  facet normal 0.0531094 0.767136 -0.639282
    outer loop
      vertex 17.4987 8.80842 0
      vertex 17.5 9.8 1.19
      vertex 17.5 8.80833 0
    endloop
  endfacet
  facet normal 0.050317 0.767249 -0.639373
    outer loop
      vertex 17.5 9.8 1.19
      vertex 17.4987 8.80842 0
      vertex 17.3434 9.81027 1.19
    endloop
  endfacet
  facet normal 0.150014 0.754114 -0.639381
    outer loop
      vertex 17.3434 9.81027 1.19
      vertex 17.2139 8.82708 0
      vertex 16.934 8.88276 0
    endloop
  endfacet
  facet normal 0.340054 0.68961 -0.639376
    outer loop
      vertex 16.6613 8.97516 0
      vertex 16.9 9.96077 1.19
      vertex 17.0408 9.89134 1.19
    endloop
  endfacet
  facet normal 0.334361 0.691781 -0.640032
    outer loop
      vertex 16.9 9.96077 1.19
      vertex 16.6613 8.97516 0
      vertex 16.6601 8.97574 0
    endloop
  endfacet
  facet normal -0.42513 0.640606 -0.639444
    outer loop
      vertex 18.1 9.96077 1.19
      vertex 18.5969 9.10269 0
      vertex 18.5958 9.10196 0
    endloop
  endfacet
  facet normal -0.42729 0.639246 -0.639365
    outer loop
      vertex 18.5969 9.10269 0
      vertex 18.1 9.96077 1.19
      vertex 18.2305 10.048 1.19
    endloop
  endfacet
  facet normal -0.639358 0.427083 -0.639392
    outer loop
      vertex 19.3973 9.90308 0
      vertex 19.2388 9.6658 0
      vertex 18.452 10.2695 1.19
    endloop
  endfacet
  facet normal -0.646702 0.415313 -0.639759
    outer loop
      vertex 19.3973 9.90308 0
      vertex 18.5392 10.4 1.19
      vertex 19.398 9.90417 0
    endloop
  endfacet
  facet normal -0.639304 0.427182 -0.63938
    outer loop
      vertex 18.5392 10.4 1.19
      vertex 19.3973 9.90308 0
      vertex 18.452 10.2695 1.19
    endloop
  endfacet
  facet normal -0.689502 0.340344 -0.639339
    outer loop
      vertex 19.5248 10.1613 0
      vertex 18.5392 10.4 1.19
      vertex 18.6087 10.5408 1.19
    endloop
  endfacet
  facet normal -0.706222 0.294259 -0.643943
    outer loop
      vertex 18.5392 10.4 1.19
      vertex 19.5248 10.1613 0
      vertex 19.5243 10.1601 0
    endloop
  endfacet
  facet normal -0.767234 0.0503767 -0.639385
    outer loop
      vertex 19.6916 10.9987 0
      vertex 19.6729 10.7139 0
      vertex 18.6897 10.8434 1.19
    endloop
  endfacet
  facet normal -0.766873 0.0589902 -0.639082
    outer loop
      vertex 19.6916 10.9987 0
      vertex 18.7 11 1.19
      vertex 19.6917 11 0
    endloop
  endfacet
  facet normal -0.767237 0.0504632 -0.639376
    outer loop
      vertex 18.7 11 1.19
      vertex 19.6916 10.9987 0
      vertex 18.6897 10.8434 1.19
    endloop
  endfacet
  facet normal -0.733095 -0.225568 -0.641631
    outer loop
      vertex 19.617 11.5672 0
      vertex 18.6087 11.4592 1.19
      vertex 19.6166 11.5685 0
    endloop
  endfacet
  facet normal -0.728149 -0.246963 -0.639382
    outer loop
      vertex 18.6087 11.4592 1.19
      vertex 19.617 11.5672 0
      vertex 18.6591 11.3106 1.19
    endloop
  endfacet
  facet normal -0.728042 -0.247351 -0.639352
    outer loop
      vertex 19.5248 11.8387 0
      vertex 19.6166 11.5685 0
      vertex 18.6087 11.4592 1.19
    endloop
  endfacet
  facet normal -0.639375 -0.427058 -0.639391
    outer loop
      vertex 19.2388 12.3342 0
      vertex 19.3973 12.0969 0
      vertex 18.452 11.7305 1.19
    endloop
  endfacet
  facet normal -0.506959 -0.578073 -0.639394
    outer loop
      vertex 18.8342 12.7388 0
      vertex 19.0488 12.5506 0
      vertex 18.2305 11.952 1.19
    endloop
  endfacet
  facet normal -0.578073 -0.506959 -0.639394
    outer loop
      vertex 19.0506 12.5488 0
      vertex 19.2388 12.3342 0
      vertex 18.452 11.7305 1.19
    endloop
  endfacet
  facet normal -0.578029 -0.507 -0.6394
    outer loop
      vertex 18.3485 11.8485 1.19
      vertex 19.0506 12.5488 0
      vertex 18.452 11.7305 1.19
    endloop
  endfacet
  facet normal -0.543219 -0.543219 -0.640177
    outer loop
      vertex 19.0506 12.5488 0
      vertex 18.3485 11.8485 1.19
      vertex 19.0497 12.5497 0
    endloop
  endfacet
  facet normal -0.247351 -0.728042 -0.639352
    outer loop
      vertex 18.0685 13.1166 0
      vertex 18.3387 13.0248 0
      vertex 17.9592 12.1087 1.19
    endloop
  endfacet
  facet normal 0.126536 -0.759215 -0.638421
    outer loop
      vertex 16.934 13.1172 0
      vertex 17.1894 12.1591 1.19
      vertex 16.9328 13.117 0
    endloop
  endfacet
  facet normal 0.149853 -0.754164 -0.639359
    outer loop
      vertex 17.1894 12.1591 1.19
      vertex 16.934 13.1172 0
      vertex 17.3434 12.1897 1.19
    endloop
  endfacet
  facet normal 0.150066 -0.754102 -0.639383
    outer loop
      vertex 17.2139 13.1729 0
      vertex 17.3434 12.1897 1.19
      vertex 16.934 13.1172 0
    endloop
  endfacet
  facet normal -0.149853 -0.754164 -0.639359
    outer loop
      vertex 18.066 13.1172 0
      vertex 17.8106 12.1591 1.19
      vertex 17.6566 12.1897 1.19
    endloop
  endfacet
  facet normal -0.126536 -0.759215 -0.638421
    outer loop
      vertex 17.8106 12.1591 1.19
      vertex 18.066 13.1172 0
      vertex 18.0672 13.117 0
    endloop
  endfacet
  facet normal 0.767234 -0.0503767 -0.639385
    outer loop
      vertex 15.3271 11.2861 0
      vertex 16.3103 11.1566 1.19
      vertex 15.3084 11.0013 0
    endloop
  endfacet
  facet normal 0.506959 -0.578073 -0.639394
    outer loop
      vertex 16.1658 12.7388 0
      vertex 16.7695 11.952 1.19
      vertex 15.9512 12.5506 0
    endloop
  endfacet
  facet normal 0.427058 -0.639375 -0.639391
    outer loop
      vertex 16.4031 12.8973 0
      vertex 16.7695 11.952 1.19
      vertex 16.1658 12.7388 0
    endloop
  endfacet
  facet normal 0.578073 -0.506959 -0.639394
    outer loop
      vertex 15.9494 12.5488 0
      vertex 16.548 11.7305 1.19
      vertex 15.7612 12.3342 0
    endloop
  endfacet
  facet normal 0.689491 -0.3403 -0.639374
    outer loop
      vertex 15.602 12.0958 0
      vertex 16.4608 11.6 1.19
      vertex 15.4757 11.8399 0
    endloop
  endfacet
  facet normal 0.733095 -0.225568 -0.641631
    outer loop
      vertex 16.3913 11.4592 1.19
      vertex 15.383 11.5672 0
      vertex 15.3834 11.5685 0
    endloop
  endfacet
  facet normal 0.728149 -0.246963 -0.639382
    outer loop
      vertex 15.383 11.5672 0
      vertex 16.3913 11.4592 1.19
      vertex 16.3409 11.3106 1.19
    endloop
  endfacet
  facet normal 0.759215 -0.126536 -0.638421
    outer loop
      vertex 16.3409 11.3106 1.19
      vertex 15.3828 11.566 0
      vertex 15.383 11.5672 0
    endloop
  endfacet
  facet normal 0.754164 -0.149853 -0.639359
    outer loop
      vertex 15.3828 11.566 0
      vertex 16.3409 11.3106 1.19
      vertex 16.3103 11.1566 1.19
    endloop
  endfacet
  facet normal 0.42513 0.640606 -0.639444
    outer loop
      vertex 16.4031 9.10269 0
      vertex 16.9 9.96077 1.19
      vertex 16.4042 9.10196 0
    endloop
  endfacet
  facet normal 0.42729 0.639246 -0.639365
    outer loop
      vertex 16.9 9.96077 1.19
      vertex 16.4031 9.10269 0
      vertex 16.7695 10.048 1.19
    endloop
  endfacet
  facet normal 0.578028 0.507013 -0.639392
    outer loop
      vertex 16.548 10.2695 1.19
      vertex 15.9494 9.45124 0
      vertex 15.7612 9.6658 0
    endloop
  endfacet
  facet normal 0.566026 0.51982 -0.639845
    outer loop
      vertex 15.9494 9.45124 0
      vertex 16.6515 10.1515 1.19
      vertex 15.9503 9.45026 0
    endloop
  endfacet
  facet normal 0.578036 0.507006 -0.63939
    outer loop
      vertex 16.6515 10.1515 1.19
      vertex 15.9494 9.45124 0
      vertex 16.548 10.2695 1.19
    endloop
  endfacet
  facet normal 0.766873 0.0589902 -0.639082
    outer loop
      vertex 16.3 11 1.19
      vertex 15.3084 10.9987 0
      vertex 15.3083 11 0
    endloop
  endfacet
  facet normal 0.767237 0.0504632 -0.639376
    outer loop
      vertex 15.3084 10.9987 0
      vertex 16.3 11 1.19
      vertex 16.3103 10.8434 1.19
    endloop
  endfacet
  facet normal 0.767234 0.0503767 -0.639385
    outer loop
      vertex 16.3103 10.8434 1.19
      vertex 15.3271 10.7139 0
      vertex 15.3084 10.9987 0
    endloop
  endfacet
  facet normal -0.156785 0.752567 -0.639579
    outer loop
      vertex 18.066 8.88276 0
      vertex 17.8106 9.84089 1.19
      vertex 18.0672 8.88301 0
    endloop
  endfacet
  facet normal -0.149945 0.754134 -0.639373
    outer loop
      vertex 17.8106 9.84089 1.19
      vertex 18.066 8.88276 0
      vertex 17.6566 9.81027 1.19
    endloop
  endfacet
  facet normal -0.236074 0.730705 -0.640578
    outer loop
      vertex 18.0672 8.88301 0
      vertex 17.9592 9.89134 1.19
      vertex 18.0685 8.88343 0
    endloop
  endfacet
  facet normal -0.247187 0.728086 -0.639367
    outer loop
      vertex 17.9592 9.89134 1.19
      vertex 18.0672 8.88301 0
      vertex 17.8106 9.84089 1.19
    endloop
  endfacet
  facet normal -0.150014 0.754114 -0.639381
    outer loop
      vertex 18.066 8.88276 0
      vertex 17.7861 8.82708 0
      vertex 17.6566 9.81027 1.19
    endloop
  endfacet
  facet normal -0.0502698 0.767247 -0.639378
    outer loop
      vertex 17.6566 9.81027 1.19
      vertex 17.7861 8.82708 0
      vertex 17.5013 8.80842 0
    endloop
  endfacet
  facet normal 0.247187 0.728086 -0.639367
    outer loop
      vertex 16.9328 8.88301 0
      vertex 17.0408 9.89134 1.19
      vertex 17.1894 9.84089 1.19
    endloop
  endfacet
  facet normal 0.236074 0.730705 -0.640578
    outer loop
      vertex 17.0408 9.89134 1.19
      vertex 16.9328 8.88301 0
      vertex 16.9315 8.88343 0
    endloop
  endfacet
  facet normal 0.149945 0.754134 -0.639373
    outer loop
      vertex 16.934 8.88276 0
      vertex 17.1894 9.84089 1.19
      vertex 17.3434 9.81027 1.19
    endloop
  endfacet
  facet normal 0.156785 0.752567 -0.639579
    outer loop
      vertex 17.1894 9.84089 1.19
      vertex 16.934 8.88276 0
      vertex 16.9328 8.88301 0
    endloop
  endfacet
  facet normal -0.427136 0.63933 -0.639384
    outer loop
      vertex 18.8342 9.26123 0
      vertex 18.5969 9.10269 0
      vertex 18.2305 10.048 1.19
    endloop
  endfacet
  facet normal -0.506901 0.57813 -0.639388
    outer loop
      vertex 19.0488 9.44939 0
      vertex 18.8342 9.26123 0
      vertex 18.2305 10.048 1.19
    endloop
  endfacet
  facet normal -0.566026 0.51982 -0.639845
    outer loop
      vertex 18.3485 10.1515 1.19
      vertex 19.0506 9.45124 0
      vertex 19.0497 9.45026 0
    endloop
  endfacet
  facet normal -0.578036 0.507006 -0.63939
    outer loop
      vertex 19.0506 9.45124 0
      vertex 18.3485 10.1515 1.19
      vertex 18.452 10.2695 1.19
    endloop
  endfacet
  facet normal -0.543219 -0.543219 -0.640177
    outer loop
      vertex 18.3485 11.8485 1.19
      vertex 19.0488 12.5506 0
      vertex 19.0497 12.5497 0
    endloop
  endfacet
  facet normal -0.507 -0.578029 -0.6394
    outer loop
      vertex 19.0488 12.5506 0
      vertex 18.3485 11.8485 1.19
      vertex 18.2305 11.952 1.19
    endloop
  endfacet
  facet normal 0.3403 -0.689491 -0.639374
    outer loop
      vertex 16.6601 13.0243 0
      vertex 16.9 12.0392 1.19
      vertex 16.4042 12.898 0
    endloop
  endfacet
  facet normal 0.225568 -0.733095 -0.641631
    outer loop
      vertex 16.9328 13.117 0
      vertex 17.0408 12.1087 1.19
      vertex 16.9315 13.1166 0
    endloop
  endfacet
  facet normal 0.246963 -0.728149 -0.639382
    outer loop
      vertex 17.0408 12.1087 1.19
      vertex 16.9328 13.117 0
      vertex 17.1894 12.1591 1.19
    endloop
  endfacet
  facet normal -0.0589902 -0.766873 -0.639082
    outer loop
      vertex 17.5013 13.1916 0
      vertex 17.5 12.2 1.19
      vertex 17.5 13.1917 0
    endloop
  endfacet
  facet normal -0.0504632 -0.767237 -0.639376
    outer loop
      vertex 17.5 12.2 1.19
      vertex 17.5013 13.1916 0
      vertex 17.6566 12.1897 1.19
    endloop
  endfacet
  facet normal 0.0504632 -0.767237 -0.639376
    outer loop
      vertex 17.4987 13.1916 0
      vertex 17.5 12.2 1.19
      vertex 17.3434 12.1897 1.19
    endloop
  endfacet
  facet normal 0.0589902 -0.766873 -0.639082
    outer loop
      vertex 17.5 12.2 1.19
      vertex 17.4987 13.1916 0
      vertex 17.5 13.1917 0
    endloop
  endfacet
  facet normal -0.0503767 -0.767234 -0.639385
    outer loop
      vertex 17.7861 13.1729 0
      vertex 17.6566 12.1897 1.19
      vertex 17.5013 13.1916 0
    endloop
  endfacet
  facet normal -0.150066 -0.754102 -0.639383
    outer loop
      vertex 17.7861 13.1729 0
      vertex 18.066 13.1172 0
      vertex 17.6566 12.1897 1.19
    endloop
  endfacet
  facet normal -0.246963 -0.728149 -0.639382
    outer loop
      vertex 18.0672 13.117 0
      vertex 17.9592 12.1087 1.19
      vertex 17.8106 12.1591 1.19
    endloop
  endfacet
  facet normal -0.225568 -0.733095 -0.641631
    outer loop
      vertex 17.9592 12.1087 1.19
      vertex 18.0672 13.117 0
      vertex 18.0685 13.1166 0
    endloop
  endfacet
  facet normal 0.578029 -0.507 -0.6394
    outer loop
      vertex 15.9494 12.5488 0
      vertex 16.6515 11.8485 1.19
      vertex 16.548 11.7305 1.19
    endloop
  endfacet
  facet normal 0.543219 -0.543219 -0.640177
    outer loop
      vertex 16.6515 11.8485 1.19
      vertex 15.9494 12.5488 0
      vertex 15.9503 12.5497 0
    endloop
  endfacet
  facet normal 0.507 -0.578029 -0.6394
    outer loop
      vertex 16.6515 11.8485 1.19
      vertex 15.9512 12.5506 0
      vertex 16.7695 11.952 1.19
    endloop
  endfacet
  facet normal 0.543219 -0.543219 -0.640177
    outer loop
      vertex 15.9512 12.5506 0
      vertex 16.6515 11.8485 1.19
      vertex 15.9503 12.5497 0
    endloop
  endfacet
  facet normal 0.754164 0.149853 -0.639359
    outer loop
      vertex 16.3409 10.6894 1.19
      vertex 15.3828 10.434 0
      vertex 16.3103 10.8434 1.19
    endloop
  endfacet
  facet normal 0.759215 0.126536 -0.638421
    outer loop
      vertex 15.3828 10.434 0
      vertex 16.3409 10.6894 1.19
      vertex 15.383 10.4328 0
    endloop
  endfacet
  facet normal 0.728149 0.246963 -0.639382
    outer loop
      vertex 16.3913 10.5408 1.19
      vertex 15.383 10.4328 0
      vertex 16.3409 10.6894 1.19
    endloop
  endfacet
  facet normal 0.733095 0.225568 -0.641631
    outer loop
      vertex 15.383 10.4328 0
      vertex 16.3913 10.5408 1.19
      vertex 15.3834 10.4315 0
    endloop
  endfacet
  facet normal -0.648372 -0.412601 -0.639823
    outer loop
      vertex 18.5392 11.6 1.19
      vertex 19.3973 12.0969 0
      vertex 19.398 12.0958 0
    endloop
  endfacet
  facet normal -0.639307 -0.427184 -0.639375
    outer loop
      vertex 19.3973 12.0969 0
      vertex 18.5392 11.6 1.19
      vertex 18.452 11.7305 1.19
    endloop
  endfacet
  facet normal -0.997844 -0.0656309 0
    outer loop
      vertex -16.3 82 1.19
      vertex -16.3103 82.1566 2
      vertex -16.3103 82.1566 1.19
    endloop
  endfacet
  facet normal -0.997844 -0.0656309 0
    outer loop
      vertex -16.3103 82.1566 2
      vertex -16.3 82 1.19
      vertex -16.3 82 2
    endloop
  endfacet
  facet normal 0.0656309 -0.997844 0
    outer loop
      vertex -17.6566 83.1897 1.19
      vertex -17.5 83.2 2
      vertex -17.6566 83.1897 2
    endloop
  endfacet
  facet normal 0.0656309 -0.997844 0
    outer loop
      vertex -17.5 83.2 2
      vertex -17.6566 83.1897 1.19
      vertex -17.5 83.2 1.19
    endloop
  endfacet
  facet normal -0.0656309 0.997844 0
    outer loop
      vertex -17.3434 80.8103 1.19
      vertex -17.5 80.8 2
      vertex -17.3434 80.8103 2
    endloop
  endfacet
  facet normal -0.0656309 0.997844 0
    outer loop
      vertex -17.5 80.8 2
      vertex -17.3434 80.8103 1.19
      vertex -17.5 80.8 1.19
    endloop
  endfacet
  facet normal -0.659406 -0.751787 0
    outer loop
      vertex -16.7695 82.952 1.19
      vertex -16.6515 82.8485 2
      vertex -16.7695 82.952 2
    endloop
  endfacet
  facet normal -0.659406 -0.751787 -0
    outer loop
      vertex -16.6515 82.8485 2
      vertex -16.7695 82.952 1.19
      vertex -16.6515 82.8485 1.19
    endloop
  endfacet
  facet normal 0.751787 -0.659406 0
    outer loop
      vertex -18.452 82.7305 2
      vertex -18.3485 82.8485 1.19
      vertex -18.3485 82.8485 2
    endloop
  endfacet
  facet normal 0.751787 -0.659406 0
    outer loop
      vertex -18.3485 82.8485 1.19
      vertex -18.452 82.7305 2
      vertex -18.452 82.7305 1.19
    endloop
  endfacet
  facet normal 0.442622 -0.896708 0
    outer loop
      vertex -18.1 83.0392 1.19
      vertex -17.9592 83.1087 2
      vertex -18.1 83.0392 2
    endloop
  endfacet
  facet normal 0.442622 -0.896708 0
    outer loop
      vertex -17.9592 83.1087 2
      vertex -18.1 83.0392 1.19
      vertex -17.9592 83.1087 1.19
    endloop
  endfacet
  facet normal -0.896708 -0.442622 0
    outer loop
      vertex -16.3913 82.4592 1.19
      vertex -16.4608 82.6 2
      vertex -16.4608 82.6 1.19
    endloop
  endfacet
  facet normal -0.896708 -0.442622 0
    outer loop
      vertex -16.4608 82.6 2
      vertex -16.3913 82.4592 1.19
      vertex -16.3913 82.4592 2
    endloop
  endfacet
  facet normal -0.321194 -0.947013 0
    outer loop
      vertex -17.1894 83.1591 1.19
      vertex -17.0408 83.1087 2
      vertex -17.1894 83.1591 2
    endloop
  endfacet
  facet normal -0.321194 -0.947013 -0
    outer loop
      vertex -17.0408 83.1087 2
      vertex -17.1894 83.1591 1.19
      vertex -17.0408 83.1087 1.19
    endloop
  endfacet
  facet normal -0.194891 -0.980825 0
    outer loop
      vertex -17.3434 83.1897 1.19
      vertex -17.1894 83.1591 2
      vertex -17.3434 83.1897 2
    endloop
  endfacet
  facet normal -0.194891 -0.980825 -0
    outer loop
      vertex -17.1894 83.1591 2
      vertex -17.3434 83.1897 1.19
      vertex -17.1894 83.1591 1.19
    endloop
  endfacet
  facet normal -0.442622 -0.896708 0
    outer loop
      vertex -17.0408 83.1087 1.19
      vertex -16.9 83.0392 2
      vertex -17.0408 83.1087 2
    endloop
  endfacet
  facet normal -0.442622 -0.896708 -0
    outer loop
      vertex -16.9 83.0392 2
      vertex -17.0408 83.1087 1.19
      vertex -16.9 83.0392 1.19
    endloop
  endfacet
  facet normal 0.947013 -0.321194 0
    outer loop
      vertex -18.6591 82.3106 2
      vertex -18.6087 82.4592 1.19
      vertex -18.6087 82.4592 2
    endloop
  endfacet
  facet normal 0.947013 -0.321194 0
    outer loop
      vertex -18.6087 82.4592 1.19
      vertex -18.6591 82.3106 2
      vertex -18.6591 82.3106 1.19
    endloop
  endfacet
  facet normal 0.980825 -0.194891 0
    outer loop
      vertex -18.6897 82.1566 2
      vertex -18.6591 82.3106 1.19
      vertex -18.6591 82.3106 2
    endloop
  endfacet
  facet normal 0.980825 -0.194891 0
    outer loop
      vertex -18.6591 82.3106 1.19
      vertex -18.6897 82.1566 2
      vertex -18.6897 82.1566 1.19
    endloop
  endfacet
  facet normal 0.321194 -0.947013 0
    outer loop
      vertex -17.9592 83.1087 1.19
      vertex -17.8106 83.1591 2
      vertex -17.9592 83.1087 2
    endloop
  endfacet
  facet normal 0.321194 -0.947013 0
    outer loop
      vertex -17.8106 83.1591 2
      vertex -17.9592 83.1087 1.19
      vertex -17.8106 83.1591 1.19
    endloop
  endfacet
  facet normal -0.194891 0.980825 0
    outer loop
      vertex -17.1894 80.8409 1.19
      vertex -17.3434 80.8103 2
      vertex -17.1894 80.8409 2
    endloop
  endfacet
  facet normal -0.194891 0.980825 0
    outer loop
      vertex -17.3434 80.8103 2
      vertex -17.1894 80.8409 1.19
      vertex -17.3434 80.8103 1.19
    endloop
  endfacet
  facet normal -0.947013 -0.321194 0
    outer loop
      vertex -16.3409 82.3106 1.19
      vertex -16.3913 82.4592 2
      vertex -16.3913 82.4592 1.19
    endloop
  endfacet
  facet normal -0.947013 -0.321194 0
    outer loop
      vertex -16.3913 82.4592 2
      vertex -16.3409 82.3106 1.19
      vertex -16.3409 82.3106 2
    endloop
  endfacet
  facet normal -0.980825 -0.194891 0
    outer loop
      vertex -16.3103 82.1566 1.19
      vertex -16.3409 82.3106 2
      vertex -16.3409 82.3106 1.19
    endloop
  endfacet
  facet normal -0.980825 -0.194891 0
    outer loop
      vertex -16.3409 82.3106 2
      vertex -16.3103 82.1566 1.19
      vertex -16.3103 82.1566 2
    endloop
  endfacet
  facet normal -0.751787 -0.659406 0
    outer loop
      vertex -16.548 82.7305 1.19
      vertex -16.6515 82.8485 2
      vertex -16.6515 82.8485 1.19
    endloop
  endfacet
  facet normal -0.751787 -0.659406 0
    outer loop
      vertex -16.6515 82.8485 2
      vertex -16.548 82.7305 1.19
      vertex -16.548 82.7305 2
    endloop
  endfacet
  facet normal -0.831462 -0.555582 0
    outer loop
      vertex -16.4608 82.6 1.19
      vertex -16.548 82.7305 2
      vertex -16.548 82.7305 1.19
    endloop
  endfacet
  facet normal -0.831462 -0.555582 0
    outer loop
      vertex -16.548 82.7305 2
      vertex -16.4608 82.6 1.19
      vertex -16.4608 82.6 2
    endloop
  endfacet
  facet normal -0.0656309 -0.997844 0
    outer loop
      vertex -17.5 83.2 1.19
      vertex -17.3434 83.1897 2
      vertex -17.5 83.2 2
    endloop
  endfacet
  facet normal -0.0656309 -0.997844 -0
    outer loop
      vertex -17.3434 83.1897 2
      vertex -17.5 83.2 1.19
      vertex -17.3434 83.1897 1.19
    endloop
  endfacet
  facet normal -0.555582 -0.831462 0
    outer loop
      vertex -16.9 83.0392 1.19
      vertex -16.7695 82.952 2
      vertex -16.9 83.0392 2
    endloop
  endfacet
  facet normal -0.555582 -0.831462 -0
    outer loop
      vertex -16.7695 82.952 2
      vertex -16.9 83.0392 1.19
      vertex -16.7695 82.952 1.19
    endloop
  endfacet
  facet normal 0.896708 -0.442622 0
    outer loop
      vertex -18.6087 82.4592 2
      vertex -18.5392 82.6 1.19
      vertex -18.5392 82.6 2
    endloop
  endfacet
  facet normal 0.896708 -0.442622 0
    outer loop
      vertex -18.5392 82.6 1.19
      vertex -18.6087 82.4592 2
      vertex -18.6087 82.4592 1.19
    endloop
  endfacet
  facet normal 0.831462 -0.555582 0
    outer loop
      vertex -18.5392 82.6 2
      vertex -18.452 82.7305 1.19
      vertex -18.452 82.7305 2
    endloop
  endfacet
  facet normal 0.831462 -0.555582 0
    outer loop
      vertex -18.452 82.7305 1.19
      vertex -18.5392 82.6 2
      vertex -18.5392 82.6 1.19
    endloop
  endfacet
  facet normal 0.997844 -0.0656309 0
    outer loop
      vertex -18.7 82 2
      vertex -18.6897 82.1566 1.19
      vertex -18.6897 82.1566 2
    endloop
  endfacet
  facet normal 0.997844 -0.0656309 0
    outer loop
      vertex -18.6897 82.1566 1.19
      vertex -18.7 82 2
      vertex -18.7 82 1.19
    endloop
  endfacet
  facet normal 0.555582 -0.831462 0
    outer loop
      vertex -18.2305 82.952 1.19
      vertex -18.1 83.0392 2
      vertex -18.2305 82.952 2
    endloop
  endfacet
  facet normal 0.555582 -0.831462 0
    outer loop
      vertex -18.1 83.0392 2
      vertex -18.2305 82.952 1.19
      vertex -18.1 83.0392 1.19
    endloop
  endfacet
  facet normal 0.659406 -0.751787 0
    outer loop
      vertex -18.3485 82.8485 1.19
      vertex -18.2305 82.952 2
      vertex -18.3485 82.8485 2
    endloop
  endfacet
  facet normal 0.659406 -0.751787 0
    outer loop
      vertex -18.2305 82.952 2
      vertex -18.3485 82.8485 1.19
      vertex -18.2305 82.952 1.19
    endloop
  endfacet
  facet normal 0.194891 -0.980825 0
    outer loop
      vertex -17.8106 83.1591 1.19
      vertex -17.6566 83.1897 2
      vertex -17.8106 83.1591 2
    endloop
  endfacet
  facet normal 0.194891 -0.980825 0
    outer loop
      vertex -17.6566 83.1897 2
      vertex -17.8106 83.1591 1.19
      vertex -17.6566 83.1897 1.19
    endloop
  endfacet
  facet normal -0.751787 0.659406 0
    outer loop
      vertex -16.6515 81.1515 1.19
      vertex -16.548 81.2695 2
      vertex -16.548 81.2695 1.19
    endloop
  endfacet
  facet normal -0.751787 0.659406 0
    outer loop
      vertex -16.548 81.2695 2
      vertex -16.6515 81.1515 1.19
      vertex -16.6515 81.1515 2
    endloop
  endfacet
  facet normal -0.947013 0.321194 0
    outer loop
      vertex -16.3913 81.5408 1.19
      vertex -16.3409 81.6894 2
      vertex -16.3409 81.6894 1.19
    endloop
  endfacet
  facet normal -0.947013 0.321194 0
    outer loop
      vertex -16.3409 81.6894 2
      vertex -16.3913 81.5408 1.19
      vertex -16.3913 81.5408 2
    endloop
  endfacet
  facet normal -0.980825 0.194891 0
    outer loop
      vertex -16.3409 81.6894 1.19
      vertex -16.3103 81.8434 2
      vertex -16.3103 81.8434 1.19
    endloop
  endfacet
  facet normal -0.980825 0.194891 0
    outer loop
      vertex -16.3103 81.8434 2
      vertex -16.3409 81.6894 1.19
      vertex -16.3409 81.6894 2
    endloop
  endfacet
  facet normal 0.997844 0.0656309 0
    outer loop
      vertex -18.6897 81.8434 2
      vertex -18.7 82 1.19
      vertex -18.7 82 2
    endloop
  endfacet
  facet normal 0.997844 0.0656309 0
    outer loop
      vertex -18.7 82 1.19
      vertex -18.6897 81.8434 2
      vertex -18.6897 81.8434 1.19
    endloop
  endfacet
  facet normal -0.831462 0.555582 0
    outer loop
      vertex -16.548 81.2695 1.19
      vertex -16.4608 81.4 2
      vertex -16.4608 81.4 1.19
    endloop
  endfacet
  facet normal -0.831462 0.555582 0
    outer loop
      vertex -16.4608 81.4 2
      vertex -16.548 81.2695 1.19
      vertex -16.548 81.2695 2
    endloop
  endfacet
  facet normal -0.997844 0.0656309 0
    outer loop
      vertex -16.3103 81.8434 1.19
      vertex -16.3 82 2
      vertex -16.3 82 1.19
    endloop
  endfacet
  facet normal -0.997844 0.0656309 0
    outer loop
      vertex -16.3 82 2
      vertex -16.3103 81.8434 1.19
      vertex -16.3103 81.8434 2
    endloop
  endfacet
  facet normal 0.659406 0.751787 -0
    outer loop
      vertex -18.2305 81.048 1.19
      vertex -18.3485 81.1515 2
      vertex -18.2305 81.048 2
    endloop
  endfacet
  facet normal 0.659406 0.751787 0
    outer loop
      vertex -18.3485 81.1515 2
      vertex -18.2305 81.048 1.19
      vertex -18.3485 81.1515 1.19
    endloop
  endfacet
  facet normal 0.896708 0.442622 0
    outer loop
      vertex -18.5392 81.4 2
      vertex -18.6087 81.5408 1.19
      vertex -18.6087 81.5408 2
    endloop
  endfacet
  facet normal 0.896708 0.442622 0
    outer loop
      vertex -18.6087 81.5408 1.19
      vertex -18.5392 81.4 2
      vertex -18.5392 81.4 1.19
    endloop
  endfacet
  facet normal 0.980825 0.194891 0
    outer loop
      vertex -18.6591 81.6894 2
      vertex -18.6897 81.8434 1.19
      vertex -18.6897 81.8434 2
    endloop
  endfacet
  facet normal 0.980825 0.194891 0
    outer loop
      vertex -18.6897 81.8434 1.19
      vertex -18.6591 81.6894 2
      vertex -18.6591 81.6894 1.19
    endloop
  endfacet
  facet normal -0.442622 0.896708 0
    outer loop
      vertex -16.9 80.9608 1.19
      vertex -17.0408 80.8913 2
      vertex -16.9 80.9608 2
    endloop
  endfacet
  facet normal -0.442622 0.896708 0
    outer loop
      vertex -17.0408 80.8913 2
      vertex -16.9 80.9608 1.19
      vertex -17.0408 80.8913 1.19
    endloop
  endfacet
  facet normal -0.321194 0.947013 0
    outer loop
      vertex -17.0408 80.8913 1.19
      vertex -17.1894 80.8409 2
      vertex -17.0408 80.8913 2
    endloop
  endfacet
  facet normal -0.321194 0.947013 0
    outer loop
      vertex -17.1894 80.8409 2
      vertex -17.0408 80.8913 1.19
      vertex -17.1894 80.8409 1.19
    endloop
  endfacet
  facet normal -0.896708 0.442622 0
    outer loop
      vertex -16.4608 81.4 1.19
      vertex -16.3913 81.5408 2
      vertex -16.3913 81.5408 1.19
    endloop
  endfacet
  facet normal -0.896708 0.442622 0
    outer loop
      vertex -16.3913 81.5408 2
      vertex -16.4608 81.4 1.19
      vertex -16.4608 81.4 2
    endloop
  endfacet
  facet normal -0.659406 0.751787 0
    outer loop
      vertex -16.6515 81.1515 1.19
      vertex -16.7695 81.048 2
      vertex -16.6515 81.1515 2
    endloop
  endfacet
  facet normal -0.659406 0.751787 0
    outer loop
      vertex -16.7695 81.048 2
      vertex -16.6515 81.1515 1.19
      vertex -16.7695 81.048 1.19
    endloop
  endfacet
  facet normal -0.555582 0.831462 0
    outer loop
      vertex -16.7695 81.048 1.19
      vertex -16.9 80.9608 2
      vertex -16.7695 81.048 2
    endloop
  endfacet
  facet normal -0.555582 0.831462 0
    outer loop
      vertex -16.9 80.9608 2
      vertex -16.7695 81.048 1.19
      vertex -16.9 80.9608 1.19
    endloop
  endfacet
  facet normal 0.321194 0.947013 -0
    outer loop
      vertex -17.8106 80.8409 1.19
      vertex -17.9592 80.8913 2
      vertex -17.8106 80.8409 2
    endloop
  endfacet
  facet normal 0.321194 0.947013 0
    outer loop
      vertex -17.9592 80.8913 2
      vertex -17.8106 80.8409 1.19
      vertex -17.9592 80.8913 1.19
    endloop
  endfacet
  facet normal 0.194891 0.980825 -0
    outer loop
      vertex -17.6566 80.8103 1.19
      vertex -17.8106 80.8409 2
      vertex -17.6566 80.8103 2
    endloop
  endfacet
  facet normal 0.194891 0.980825 0
    outer loop
      vertex -17.8106 80.8409 2
      vertex -17.6566 80.8103 1.19
      vertex -17.8106 80.8409 1.19
    endloop
  endfacet
  facet normal 0.751787 0.659406 0
    outer loop
      vertex -18.3485 81.1515 2
      vertex -18.452 81.2695 1.19
      vertex -18.452 81.2695 2
    endloop
  endfacet
  facet normal 0.751787 0.659406 0
    outer loop
      vertex -18.452 81.2695 1.19
      vertex -18.3485 81.1515 2
      vertex -18.3485 81.1515 1.19
    endloop
  endfacet
  facet normal 0.831462 0.555582 0
    outer loop
      vertex -18.452 81.2695 2
      vertex -18.5392 81.4 1.19
      vertex -18.5392 81.4 2
    endloop
  endfacet
  facet normal 0.831462 0.555582 0
    outer loop
      vertex -18.5392 81.4 1.19
      vertex -18.452 81.2695 2
      vertex -18.452 81.2695 1.19
    endloop
  endfacet
  facet normal 0.947013 0.321194 0
    outer loop
      vertex -18.6087 81.5408 2
      vertex -18.6591 81.6894 1.19
      vertex -18.6591 81.6894 2
    endloop
  endfacet
  facet normal 0.947013 0.321194 0
    outer loop
      vertex -18.6591 81.6894 1.19
      vertex -18.6087 81.5408 2
      vertex -18.6087 81.5408 1.19
    endloop
  endfacet
  facet normal 0.442622 0.896708 -0
    outer loop
      vertex -17.9592 80.8913 1.19
      vertex -18.1 80.9608 2
      vertex -17.9592 80.8913 2
    endloop
  endfacet
  facet normal 0.442622 0.896708 0
    outer loop
      vertex -18.1 80.9608 2
      vertex -17.9592 80.8913 1.19
      vertex -18.1 80.9608 1.19
    endloop
  endfacet
  facet normal 0.555582 0.831462 -0
    outer loop
      vertex -18.1 80.9608 1.19
      vertex -18.2305 81.048 2
      vertex -18.1 80.9608 2
    endloop
  endfacet
  facet normal 0.555582 0.831462 0
    outer loop
      vertex -18.2305 81.048 2
      vertex -18.1 80.9608 1.19
      vertex -18.2305 81.048 1.19
    endloop
  endfacet
  facet normal 0.0656309 0.997844 -0
    outer loop
      vertex -17.5 80.8 1.19
      vertex -17.6566 80.8103 2
      vertex -17.5 80.8 2
    endloop
  endfacet
  facet normal 0.0656309 0.997844 0
    outer loop
      vertex -17.6566 80.8103 2
      vertex -17.5 80.8 1.19
      vertex -17.6566 80.8103 1.19
    endloop
  endfacet
  facet normal -0.766873 -0.0589902 -0.639082
    outer loop
      vertex -16.3 82 1.19
      vertex -15.3084 82.0013 0
      vertex -15.3083 82 0
    endloop
  endfacet
  facet normal -0.767237 -0.0504632 -0.639376
    outer loop
      vertex -15.3084 82.0013 0
      vertex -16.3 82 1.19
      vertex -16.3103 82.1566 1.19
    endloop
  endfacet
  facet normal -0.767234 -0.0503767 -0.639385
    outer loop
      vertex -15.3271 82.2861 0
      vertex -15.3084 82.0013 0
      vertex -16.3103 82.1566 1.19
    endloop
  endfacet
  facet normal -0.427184 -0.639307 -0.639375
    outer loop
      vertex -16.9 83.0392 1.19
      vertex -16.4031 83.8973 0
      vertex -16.7695 82.952 1.19
    endloop
  endfacet
  facet normal -0.412601 -0.648372 -0.639823
    outer loop
      vertex -16.4031 83.8973 0
      vertex -16.9 83.0392 1.19
      vertex -16.4042 83.898 0
    endloop
  endfacet
  facet normal 0.0589902 0.766873 -0.639082
    outer loop
      vertex -17.5013 79.8084 0
      vertex -17.5 80.8 1.19
      vertex -17.5 79.8083 0
    endloop
  endfacet
  facet normal 0.0504632 0.767237 -0.639376
    outer loop
      vertex -17.5 80.8 1.19
      vertex -17.5013 79.8084 0
      vertex -17.6566 80.8103 1.19
    endloop
  endfacet
  facet normal 0.767237 -0.0504632 -0.639376
    outer loop
      vertex -18.7 82 1.19
      vertex -19.6916 82.0013 0
      vertex -18.6897 82.1566 1.19
    endloop
  endfacet
  facet normal 0.766873 -0.0589902 -0.639082
    outer loop
      vertex -19.6916 82.0013 0
      vertex -18.7 82 1.19
      vertex -19.6917 82 0
    endloop
  endfacet
  facet normal -0.689502 0.340344 -0.639339
    outer loop
      vertex -15.4752 81.1613 0
      vertex -16.4608 81.4 1.19
      vertex -16.3913 81.5408 1.19
    endloop
  endfacet
  facet normal -0.706222 0.294259 -0.643943
    outer loop
      vertex -16.4608 81.4 1.19
      vertex -15.4752 81.1613 0
      vertex -15.4757 81.1601 0
    endloop
  endfacet
  facet normal -0.639375 -0.427058 -0.639391
    outer loop
      vertex -15.7612 83.3342 0
      vertex -15.6027 83.0969 0
      vertex -16.548 82.7305 1.19
    endloop
  endfacet
  facet normal 0.247351 0.728042 -0.639352
    outer loop
      vertex -17.9592 80.8913 1.19
      vertex -18.0685 79.8834 0
      vertex -18.3387 79.9752 0
    endloop
  endfacet
  facet normal -0.247351 0.728042 -0.639352
    outer loop
      vertex -16.6613 79.9752 0
      vertex -16.9315 79.8834 0
      vertex -17.0408 80.8913 1.19
    endloop
  endfacet
  facet normal -0.728042 0.247351 -0.639352
    outer loop
      vertex -15.3834 81.4315 0
      vertex -15.4752 81.1613 0
      vertex -16.3913 81.5408 1.19
    endloop
  endfacet
  facet normal -0.754102 -0.150066 -0.639383
    outer loop
      vertex -15.3828 82.566 0
      vertex -15.3271 82.2861 0
      vertex -16.3103 82.1566 1.19
    endloop
  endfacet
  facet normal 0.0504632 -0.767237 -0.639376
    outer loop
      vertex -17.5013 84.1916 0
      vertex -17.5 83.2 1.19
      vertex -17.6566 83.1897 1.19
    endloop
  endfacet
  facet normal 0.0589902 -0.766873 -0.639082
    outer loop
      vertex -17.5 83.2 1.19
      vertex -17.5013 84.1916 0
      vertex -17.5 84.1917 0
    endloop
  endfacet
  facet normal 0.639375 -0.427058 -0.639391
    outer loop
      vertex -19.2388 83.3342 0
      vertex -18.452 82.7305 1.19
      vertex -19.3973 83.0969 0
    endloop
  endfacet
  facet normal 0.3403 -0.689491 -0.639374
    outer loop
      vertex -18.3399 84.0243 0
      vertex -18.1 83.0392 1.19
      vertex -18.5958 83.898 0
    endloop
  endfacet
  facet normal 0.754102 -0.150066 -0.639383
    outer loop
      vertex -19.6172 82.566 0
      vertex -18.6897 82.1566 1.19
      vertex -19.6729 82.2861 0
    endloop
  endfacet
  facet normal 0.412601 0.648372 -0.639823
    outer loop
      vertex -18.5969 80.1027 0
      vertex -18.1 80.9608 1.19
      vertex -18.5958 80.102 0
    endloop
  endfacet
  facet normal 0.427184 0.639307 -0.639375
    outer loop
      vertex -18.1 80.9608 1.19
      vertex -18.5969 80.1027 0
      vertex -18.2305 81.048 1.19
    endloop
  endfacet
  facet normal 0.689491 0.3403 -0.639374
    outer loop
      vertex -18.5392 81.4 1.19
      vertex -19.398 80.9042 0
      vertex -19.5243 81.1601 0
    endloop
  endfacet
  facet normal 0.543219 0.543219 -0.640177
    outer loop
      vertex -19.0506 80.4512 0
      vertex -18.3485 81.1515 1.19
      vertex -19.0497 80.4503 0
    endloop
  endfacet
  facet normal 0.578029 0.507 -0.6394
    outer loop
      vertex -18.3485 81.1515 1.19
      vertex -19.0506 80.4512 0
      vertex -18.452 81.2695 1.19
    endloop
  endfacet
  facet normal 0.150066 0.754102 -0.639383
    outer loop
      vertex -17.6566 80.8103 1.19
      vertex -17.7861 79.8271 0
      vertex -18.066 79.8828 0
    endloop
  endfacet
  facet normal -0.126536 0.759215 -0.638421
    outer loop
      vertex -16.934 79.8828 0
      vertex -17.1894 80.8409 1.19
      vertex -16.9328 79.883 0
    endloop
  endfacet
  facet normal -0.149853 0.754164 -0.639359
    outer loop
      vertex -17.1894 80.8409 1.19
      vertex -16.934 79.8828 0
      vertex -17.3434 80.8103 1.19
    endloop
  endfacet
  facet normal 0.3403 0.689491 -0.639374
    outer loop
      vertex -18.1 80.9608 1.19
      vertex -18.3399 79.9757 0
      vertex -18.5958 80.102 0
    endloop
  endfacet
  facet normal -0.3403 0.689491 -0.639374
    outer loop
      vertex -16.4042 80.102 0
      vertex -16.6601 79.9757 0
      vertex -16.9 80.9608 1.19
    endloop
  endfacet
  facet normal -0.427058 0.639375 -0.639391
    outer loop
      vertex -16.1658 80.2612 0
      vertex -16.4031 80.1027 0
      vertex -16.7695 81.048 1.19
    endloop
  endfacet
  facet normal -0.543219 0.543219 -0.640177
    outer loop
      vertex -16.6515 81.1515 1.19
      vertex -15.9494 80.4512 0
      vertex -15.9503 80.4503 0
    endloop
  endfacet
  facet normal -0.578029 0.507 -0.6394
    outer loop
      vertex -15.9494 80.4512 0
      vertex -16.6515 81.1515 1.19
      vertex -16.548 81.2695 1.19
    endloop
  endfacet
  facet normal -0.689491 0.3403 -0.639374
    outer loop
      vertex -15.4757 81.1601 0
      vertex -15.602 80.9042 0
      vertex -16.4608 81.4 1.19
    endloop
  endfacet
  facet normal -0.766873 0.0589902 -0.639082
    outer loop
      vertex -15.3084 81.9987 0
      vertex -16.3 82 1.19
      vertex -15.3083 82 0
    endloop
  endfacet
  facet normal -0.767237 0.0504632 -0.639376
    outer loop
      vertex -16.3 82 1.19
      vertex -15.3084 81.9987 0
      vertex -16.3103 81.8434 1.19
    endloop
  endfacet
  facet normal -0.754102 0.150066 -0.639383
    outer loop
      vertex -15.3271 81.7139 0
      vertex -15.3828 81.434 0
      vertex -16.3103 81.8434 1.19
    endloop
  endfacet
  facet normal -0.767234 0.0503767 -0.639385
    outer loop
      vertex -15.3084 81.9987 0
      vertex -15.3271 81.7139 0
      vertex -16.3103 81.8434 1.19
    endloop
  endfacet
  facet normal -0.728042 -0.247351 -0.639352
    outer loop
      vertex -15.4752 82.8387 0
      vertex -15.3834 82.5685 0
      vertex -16.3913 82.4592 1.19
    endloop
  endfacet
  facet normal -0.543219 -0.543219 -0.640177
    outer loop
      vertex -16.6515 82.8485 1.19
      vertex -15.9512 83.5506 0
      vertex -15.9503 83.5497 0
    endloop
  endfacet
  facet normal -0.507 -0.578029 -0.6394
    outer loop
      vertex -15.9512 83.5506 0
      vertex -16.6515 82.8485 1.19
      vertex -16.7695 82.952 1.19
    endloop
  endfacet
  facet normal -0.506959 -0.578073 -0.639394
    outer loop
      vertex -16.1658 83.7388 0
      vertex -15.9512 83.5506 0
      vertex -16.7695 82.952 1.19
    endloop
  endfacet
  facet normal -0.427058 -0.639375 -0.639391
    outer loop
      vertex -16.4031 83.8973 0
      vertex -16.1658 83.7388 0
      vertex -16.7695 82.952 1.19
    endloop
  endfacet
  facet normal -0.3403 -0.689491 -0.639374
    outer loop
      vertex -16.6601 84.0243 0
      vertex -16.4042 83.898 0
      vertex -16.9 83.0392 1.19
    endloop
  endfacet
  facet normal 0.0503767 -0.767234 -0.639385
    outer loop
      vertex -17.5013 84.1916 0
      vertex -17.6566 83.1897 1.19
      vertex -17.7861 84.1729 0
    endloop
  endfacet
  facet normal -0.0589902 -0.766873 -0.639082
    outer loop
      vertex -17.4987 84.1916 0
      vertex -17.5 83.2 1.19
      vertex -17.5 84.1917 0
    endloop
  endfacet
  facet normal -0.0504632 -0.767237 -0.639376
    outer loop
      vertex -17.5 83.2 1.19
      vertex -17.4987 84.1916 0
      vertex -17.3434 83.1897 1.19
    endloop
  endfacet
  facet normal 0.294259 -0.706222 -0.643943
    outer loop
      vertex -18.3387 84.0248 0
      vertex -18.1 83.0392 1.19
      vertex -18.3399 84.0243 0
    endloop
  endfacet
  facet normal 0.340344 -0.689502 -0.639339
    outer loop
      vertex -18.1 83.0392 1.19
      vertex -18.3387 84.0248 0
      vertex -17.9592 83.1087 1.19
    endloop
  endfacet
  facet normal 0.578073 -0.506959 -0.639394
    outer loop
      vertex -19.0506 83.5488 0
      vertex -18.452 82.7305 1.19
      vertex -19.2388 83.3342 0
    endloop
  endfacet
  facet normal 0.427058 -0.639375 -0.639391
    outer loop
      vertex -18.5969 83.8973 0
      vertex -18.2305 82.952 1.19
      vertex -18.8342 83.7388 0
    endloop
  endfacet
  facet normal 0.689491 -0.3403 -0.639374
    outer loop
      vertex -19.398 83.0958 0
      vertex -18.5392 82.6 1.19
      vertex -19.5243 82.8399 0
    endloop
  endfacet
  facet normal 0.639307 -0.427184 -0.639375
    outer loop
      vertex -18.5392 82.6 1.19
      vertex -19.3973 83.0969 0
      vertex -18.452 82.7305 1.19
    endloop
  endfacet
  facet normal 0.648372 -0.412601 -0.639823
    outer loop
      vertex -19.3973 83.0969 0
      vertex -18.5392 82.6 1.19
      vertex -19.398 83.0958 0
    endloop
  endfacet
  facet normal 0.767234 0.0503767 -0.639385
    outer loop
      vertex -18.6897 81.8434 1.19
      vertex -19.6729 81.7139 0
      vertex -19.6916 81.9987 0
    endloop
  endfacet
  facet normal 0.507 0.578029 -0.6394
    outer loop
      vertex -19.0488 80.4494 0
      vertex -18.3485 81.1515 1.19
      vertex -18.2305 81.048 1.19
    endloop
  endfacet
  facet normal 0.543219 0.543219 -0.640177
    outer loop
      vertex -18.3485 81.1515 1.19
      vertex -19.0488 80.4494 0
      vertex -19.0497 80.4503 0
    endloop
  endfacet
  facet normal 0.754164 0.149853 -0.639359
    outer loop
      vertex -18.6591 81.6894 1.19
      vertex -19.6172 81.434 0
      vertex -18.6897 81.8434 1.19
    endloop
  endfacet
  facet normal 0.759215 0.126536 -0.638421
    outer loop
      vertex -19.6172 81.434 0
      vertex -18.6591 81.6894 1.19
      vertex -19.617 81.4328 0
    endloop
  endfacet
  facet normal 0.754102 0.150066 -0.639383
    outer loop
      vertex -18.6897 81.8434 1.19
      vertex -19.6172 81.434 0
      vertex -19.6729 81.7139 0
    endloop
  endfacet
  facet normal 0.639375 0.427058 -0.639391
    outer loop
      vertex -18.452 81.2695 1.19
      vertex -19.2388 80.6658 0
      vertex -19.3973 80.9031 0
    endloop
  endfacet
  facet normal 0.578073 0.506959 -0.639394
    outer loop
      vertex -18.452 81.2695 1.19
      vertex -19.0506 80.4512 0
      vertex -19.2388 80.6658 0
    endloop
  endfacet
  facet normal 0.689502 0.340344 -0.639339
    outer loop
      vertex -18.5392 81.4 1.19
      vertex -19.5248 81.1613 0
      vertex -18.6087 81.5408 1.19
    endloop
  endfacet
  facet normal 0.706222 0.294259 -0.643943
    outer loop
      vertex -19.5248 81.1613 0
      vertex -18.5392 81.4 1.19
      vertex -19.5243 81.1601 0
    endloop
  endfacet
  facet normal 0.0503767 0.767234 -0.639385
    outer loop
      vertex -17.6566 80.8103 1.19
      vertex -17.5013 79.8084 0
      vertex -17.7861 79.8271 0
    endloop
  endfacet
  facet normal -0.0504632 0.767237 -0.639376
    outer loop
      vertex -17.4987 79.8084 0
      vertex -17.5 80.8 1.19
      vertex -17.3434 80.8103 1.19
    endloop
  endfacet
  facet normal -0.0589902 0.766873 -0.639082
    outer loop
      vertex -17.5 80.8 1.19
      vertex -17.4987 79.8084 0
      vertex -17.5 79.8083 0
    endloop
  endfacet
  facet normal -0.0503767 0.767234 -0.639385
    outer loop
      vertex -17.3434 80.8103 1.19
      vertex -17.2139 79.8271 0
      vertex -17.4987 79.8084 0
    endloop
  endfacet
  facet normal 0.340344 0.689502 -0.639339
    outer loop
      vertex -18.3387 79.9752 0
      vertex -18.1 80.9608 1.19
      vertex -17.9592 80.8913 1.19
    endloop
  endfacet
  facet normal 0.294259 0.706222 -0.643943
    outer loop
      vertex -18.1 80.9608 1.19
      vertex -18.3387 79.9752 0
      vertex -18.3399 79.9757 0
    endloop
  endfacet
  facet normal -0.294259 0.706222 -0.643943
    outer loop
      vertex -16.6613 79.9752 0
      vertex -16.9 80.9608 1.19
      vertex -16.6601 79.9757 0
    endloop
  endfacet
  facet normal -0.340344 0.689502 -0.639339
    outer loop
      vertex -16.9 80.9608 1.19
      vertex -16.6613 79.9752 0
      vertex -17.0408 80.8913 1.19
    endloop
  endfacet
  facet normal -0.506959 0.578073 -0.639394
    outer loop
      vertex -15.9512 80.4494 0
      vertex -16.1658 80.2612 0
      vertex -16.7695 81.048 1.19
    endloop
  endfacet
  facet normal -0.543219 0.543219 -0.640177
    outer loop
      vertex -15.9512 80.4494 0
      vertex -16.6515 81.1515 1.19
      vertex -15.9503 80.4503 0
    endloop
  endfacet
  facet normal -0.507 0.578029 -0.6394
    outer loop
      vertex -16.6515 81.1515 1.19
      vertex -15.9512 80.4494 0
      vertex -16.7695 81.048 1.19
    endloop
  endfacet
  facet normal -0.578073 0.506959 -0.639394
    outer loop
      vertex -15.7612 80.6658 0
      vertex -15.9494 80.4512 0
      vertex -16.548 81.2695 1.19
    endloop
  endfacet
  facet normal -0.728149 0.246963 -0.639382
    outer loop
      vertex -15.383 81.4328 0
      vertex -16.3913 81.5408 1.19
      vertex -16.3409 81.6894 1.19
    endloop
  endfacet
  facet normal -0.733095 0.225568 -0.641631
    outer loop
      vertex -16.3913 81.5408 1.19
      vertex -15.383 81.4328 0
      vertex -15.3834 81.4315 0
    endloop
  endfacet
  facet normal -0.754164 0.149853 -0.639359
    outer loop
      vertex -15.3828 81.434 0
      vertex -16.3409 81.6894 1.19
      vertex -16.3103 81.8434 1.19
    endloop
  endfacet
  facet normal -0.759215 0.126536 -0.638421
    outer loop
      vertex -16.3409 81.6894 1.19
      vertex -15.3828 81.434 0
      vertex -15.383 81.4328 0
    endloop
  endfacet
  facet normal -0.706222 -0.294259 -0.643943
    outer loop
      vertex -15.4752 82.8387 0
      vertex -16.4608 82.6 1.19
      vertex -15.4757 82.8399 0
    endloop
  endfacet
  facet normal -0.689502 -0.340344 -0.639339
    outer loop
      vertex -16.4608 82.6 1.19
      vertex -15.4752 82.8387 0
      vertex -16.3913 82.4592 1.19
    endloop
  endfacet
  facet normal -0.689491 -0.3403 -0.639374
    outer loop
      vertex -15.602 83.0958 0
      vertex -15.4757 82.8399 0
      vertex -16.4608 82.6 1.19
    endloop
  endfacet
  facet normal -0.578073 -0.506959 -0.639394
    outer loop
      vertex -15.9494 83.5488 0
      vertex -15.7612 83.3342 0
      vertex -16.548 82.7305 1.19
    endloop
  endfacet
  facet normal -0.578029 -0.507 -0.6394
    outer loop
      vertex -16.6515 82.8485 1.19
      vertex -15.9494 83.5488 0
      vertex -16.548 82.7305 1.19
    endloop
  endfacet
  facet normal -0.543219 -0.543219 -0.640177
    outer loop
      vertex -15.9494 83.5488 0
      vertex -16.6515 82.8485 1.19
      vertex -15.9503 83.5497 0
    endloop
  endfacet
  facet normal -0.340344 -0.689502 -0.639339
    outer loop
      vertex -16.6613 84.0248 0
      vertex -16.9 83.0392 1.19
      vertex -17.0408 83.1087 1.19
    endloop
  endfacet
  facet normal -0.294259 -0.706222 -0.643943
    outer loop
      vertex -16.9 83.0392 1.19
      vertex -16.6613 84.0248 0
      vertex -16.6601 84.0243 0
    endloop
  endfacet
  facet normal -0.247351 -0.728042 -0.639352
    outer loop
      vertex -16.9315 84.1166 0
      vertex -16.6613 84.0248 0
      vertex -17.0408 83.1087 1.19
    endloop
  endfacet
  facet normal -0.149853 -0.754164 -0.639359
    outer loop
      vertex -16.934 84.1172 0
      vertex -17.1894 83.1591 1.19
      vertex -17.3434 83.1897 1.19
    endloop
  endfacet
  facet normal -0.126536 -0.759215 -0.638421
    outer loop
      vertex -17.1894 83.1591 1.19
      vertex -16.934 84.1172 0
      vertex -16.9328 84.117 0
    endloop
  endfacet
  facet normal 0.126536 -0.759215 -0.638421
    outer loop
      vertex -18.066 84.1172 0
      vertex -17.8106 83.1591 1.19
      vertex -18.0672 84.117 0
    endloop
  endfacet
  facet normal 0.149853 -0.754164 -0.639359
    outer loop
      vertex -17.8106 83.1591 1.19
      vertex -18.066 84.1172 0
      vertex -17.6566 83.1897 1.19
    endloop
  endfacet
  facet normal 0.150066 -0.754102 -0.639383
    outer loop
      vertex -17.7861 84.1729 0
      vertex -17.6566 83.1897 1.19
      vertex -18.066 84.1172 0
    endloop
  endfacet
  facet normal 0.578029 -0.507 -0.6394
    outer loop
      vertex -19.0506 83.5488 0
      vertex -18.3485 82.8485 1.19
      vertex -18.452 82.7305 1.19
    endloop
  endfacet
  facet normal 0.543219 -0.543219 -0.640177
    outer loop
      vertex -18.3485 82.8485 1.19
      vertex -19.0506 83.5488 0
      vertex -19.0497 83.5497 0
    endloop
  endfacet
  facet normal 0.506959 -0.578073 -0.639394
    outer loop
      vertex -18.8342 83.7388 0
      vertex -18.2305 82.952 1.19
      vertex -19.0488 83.5506 0
    endloop
  endfacet
  facet normal 0.733095 -0.225568 -0.641631
    outer loop
      vertex -18.6087 82.4592 1.19
      vertex -19.617 82.5672 0
      vertex -19.6166 82.5685 0
    endloop
  endfacet
  facet normal 0.728149 -0.246963 -0.639382
    outer loop
      vertex -19.617 82.5672 0
      vertex -18.6087 82.4592 1.19
      vertex -18.6591 82.3106 1.19
    endloop
  endfacet
  facet normal 0.759215 -0.126536 -0.638421
    outer loop
      vertex -18.6591 82.3106 1.19
      vertex -19.6172 82.566 0
      vertex -19.617 82.5672 0
    endloop
  endfacet
  facet normal 0.754164 -0.149853 -0.639359
    outer loop
      vertex -19.6172 82.566 0
      vertex -18.6591 82.3106 1.19
      vertex -18.6897 82.1566 1.19
    endloop
  endfacet
  facet normal 0.728042 -0.247351 -0.639352
    outer loop
      vertex -19.5248 82.8387 0
      vertex -18.6087 82.4592 1.19
      vertex -19.6166 82.5685 0
    endloop
  endfacet
  facet normal 0.706222 -0.294259 -0.643943
    outer loop
      vertex -18.5392 82.6 1.19
      vertex -19.5248 82.8387 0
      vertex -19.5243 82.8399 0
    endloop
  endfacet
  facet normal 0.689502 -0.340344 -0.639339
    outer loop
      vertex -19.5248 82.8387 0
      vertex -18.5392 82.6 1.19
      vertex -18.6087 82.4592 1.19
    endloop
  endfacet
  facet normal 0.767234 -0.0503767 -0.639385
    outer loop
      vertex -19.6729 82.2861 0
      vertex -18.6897 82.1566 1.19
      vertex -19.6916 82.0013 0
    endloop
  endfacet
  facet normal 0.506959 0.578073 -0.639394
    outer loop
      vertex -18.2305 81.048 1.19
      vertex -18.8342 80.2612 0
      vertex -19.0488 80.4494 0
    endloop
  endfacet
  facet normal 0.427058 0.639375 -0.639391
    outer loop
      vertex -18.2305 81.048 1.19
      vertex -18.5969 80.1027 0
      vertex -18.8342 80.2612 0
    endloop
  endfacet
  facet normal 0.766873 0.0589902 -0.639082
    outer loop
      vertex -18.7 82 1.19
      vertex -19.6916 81.9987 0
      vertex -19.6917 82 0
    endloop
  endfacet
  facet normal 0.767237 0.0504632 -0.639376
    outer loop
      vertex -19.6916 81.9987 0
      vertex -18.7 82 1.19
      vertex -18.6897 81.8434 1.19
    endloop
  endfacet
  facet normal 0.639307 0.427184 -0.639375
    outer loop
      vertex -19.3973 80.9031 0
      vertex -18.5392 81.4 1.19
      vertex -18.452 81.2695 1.19
    endloop
  endfacet
  facet normal 0.648372 0.412601 -0.639823
    outer loop
      vertex -18.5392 81.4 1.19
      vertex -19.3973 80.9031 0
      vertex -19.398 80.9042 0
    endloop
  endfacet
  facet normal 0.728149 0.246963 -0.639382
    outer loop
      vertex -18.6087 81.5408 1.19
      vertex -19.617 81.4328 0
      vertex -18.6591 81.6894 1.19
    endloop
  endfacet
  facet normal 0.733095 0.225568 -0.641631
    outer loop
      vertex -19.617 81.4328 0
      vertex -18.6087 81.5408 1.19
      vertex -19.6166 81.4315 0
    endloop
  endfacet
  facet normal 0.728042 0.247351 -0.639352
    outer loop
      vertex -18.6087 81.5408 1.19
      vertex -19.5248 81.1613 0
      vertex -19.6166 81.4315 0
    endloop
  endfacet
  facet normal -0.225568 0.733095 -0.641631
    outer loop
      vertex -16.9328 79.883 0
      vertex -17.0408 80.8913 1.19
      vertex -16.9315 79.8834 0
    endloop
  endfacet
  facet normal -0.246963 0.728149 -0.639382
    outer loop
      vertex -17.0408 80.8913 1.19
      vertex -16.9328 79.883 0
      vertex -17.1894 80.8409 1.19
    endloop
  endfacet
  facet normal -0.150066 0.754102 -0.639383
    outer loop
      vertex -16.934 79.8828 0
      vertex -17.2139 79.8271 0
      vertex -17.3434 80.8103 1.19
    endloop
  endfacet
  facet normal 0.246963 0.728149 -0.639382
    outer loop
      vertex -18.0672 79.883 0
      vertex -17.9592 80.8913 1.19
      vertex -17.8106 80.8409 1.19
    endloop
  endfacet
  facet normal 0.225568 0.733095 -0.641631
    outer loop
      vertex -17.9592 80.8913 1.19
      vertex -18.0672 79.883 0
      vertex -18.0685 79.8834 0
    endloop
  endfacet
  facet normal 0.149853 0.754164 -0.639359
    outer loop
      vertex -18.066 79.8828 0
      vertex -17.8106 80.8409 1.19
      vertex -17.6566 80.8103 1.19
    endloop
  endfacet
  facet normal 0.126536 0.759215 -0.638421
    outer loop
      vertex -17.8106 80.8409 1.19
      vertex -18.066 79.8828 0
      vertex -18.0672 79.883 0
    endloop
  endfacet
  facet normal -0.412601 0.648372 -0.639823
    outer loop
      vertex -16.9 80.9608 1.19
      vertex -16.4031 80.1027 0
      vertex -16.4042 80.102 0
    endloop
  endfacet
  facet normal -0.427184 0.639307 -0.639375
    outer loop
      vertex -16.4031 80.1027 0
      vertex -16.9 80.9608 1.19
      vertex -16.7695 81.048 1.19
    endloop
  endfacet
  facet normal -0.639375 0.427058 -0.639391
    outer loop
      vertex -15.6027 80.9031 0
      vertex -15.7612 80.6658 0
      vertex -16.548 81.2695 1.19
    endloop
  endfacet
  facet normal -0.648372 0.412601 -0.639823
    outer loop
      vertex -15.6027 80.9031 0
      vertex -16.4608 81.4 1.19
      vertex -15.602 80.9042 0
    endloop
  endfacet
  facet normal -0.639307 0.427184 -0.639375
    outer loop
      vertex -16.4608 81.4 1.19
      vertex -15.6027 80.9031 0
      vertex -16.548 81.2695 1.19
    endloop
  endfacet
  facet normal -0.733095 -0.225568 -0.641631
    outer loop
      vertex -15.383 82.5672 0
      vertex -16.3913 82.4592 1.19
      vertex -15.3834 82.5685 0
    endloop
  endfacet
  facet normal -0.728149 -0.246963 -0.639382
    outer loop
      vertex -16.3913 82.4592 1.19
      vertex -15.383 82.5672 0
      vertex -16.3409 82.3106 1.19
    endloop
  endfacet
  facet normal -0.648372 -0.412601 -0.639823
    outer loop
      vertex -16.4608 82.6 1.19
      vertex -15.6027 83.0969 0
      vertex -15.602 83.0958 0
    endloop
  endfacet
  facet normal -0.639307 -0.427184 -0.639375
    outer loop
      vertex -15.6027 83.0969 0
      vertex -16.4608 82.6 1.19
      vertex -16.548 82.7305 1.19
    endloop
  endfacet
  facet normal -0.246963 -0.728149 -0.639382
    outer loop
      vertex -16.9328 84.117 0
      vertex -17.0408 83.1087 1.19
      vertex -17.1894 83.1591 1.19
    endloop
  endfacet
  facet normal -0.225568 -0.733095 -0.641631
    outer loop
      vertex -17.0408 83.1087 1.19
      vertex -16.9328 84.117 0
      vertex -16.9315 84.1166 0
    endloop
  endfacet
  facet normal -0.0503767 -0.767234 -0.639385
    outer loop
      vertex -17.2139 84.1729 0
      vertex -17.3434 83.1897 1.19
      vertex -17.4987 84.1916 0
    endloop
  endfacet
  facet normal -0.150066 -0.754102 -0.639383
    outer loop
      vertex -17.2139 84.1729 0
      vertex -16.934 84.1172 0
      vertex -17.3434 83.1897 1.19
    endloop
  endfacet
  facet normal 0.507 -0.578029 -0.6394
    outer loop
      vertex -18.3485 82.8485 1.19
      vertex -19.0488 83.5506 0
      vertex -18.2305 82.952 1.19
    endloop
  endfacet
  facet normal 0.543219 -0.543219 -0.640177
    outer loop
      vertex -19.0488 83.5506 0
      vertex -18.3485 82.8485 1.19
      vertex -19.0497 83.5497 0
    endloop
  endfacet
  facet normal 0.427184 -0.639307 -0.639375
    outer loop
      vertex -18.5969 83.8973 0
      vertex -18.1 83.0392 1.19
      vertex -18.2305 82.952 1.19
    endloop
  endfacet
  facet normal 0.412601 -0.648372 -0.639823
    outer loop
      vertex -18.1 83.0392 1.19
      vertex -18.5969 83.8973 0
      vertex -18.5958 83.898 0
    endloop
  endfacet
  facet normal -0.759215 -0.126536 -0.638421
    outer loop
      vertex -15.3828 82.566 0
      vertex -16.3409 82.3106 1.19
      vertex -15.383 82.5672 0
    endloop
  endfacet
  facet normal -0.754164 -0.149853 -0.639359
    outer loop
      vertex -16.3409 82.3106 1.19
      vertex -15.3828 82.566 0
      vertex -16.3103 82.1566 1.19
    endloop
  endfacet
  facet normal 0.225568 -0.733095 -0.641631
    outer loop
      vertex -18.0672 84.117 0
      vertex -17.9592 83.1087 1.19
      vertex -18.0685 84.1166 0
    endloop
  endfacet
  facet normal 0.246963 -0.728149 -0.639382
    outer loop
      vertex -17.9592 83.1087 1.19
      vertex -18.0672 84.117 0
      vertex -17.8106 83.1591 1.19
    endloop
  endfacet
  facet normal 0.247351 -0.728042 -0.639352
    outer loop
      vertex -18.0685 84.1166 0
      vertex -17.9592 83.1087 1.19
      vertex -18.3387 84.0248 0
    endloop
  endfacet
  facet normal -0.896708 -0.442622 0
    outer loop
      vertex 18.6087 82.4592 1.19
      vertex 18.5392 82.6 2
      vertex 18.5392 82.6 1.19
    endloop
  endfacet
  facet normal -0.896708 -0.442622 0
    outer loop
      vertex 18.5392 82.6 2
      vertex 18.6087 82.4592 1.19
      vertex 18.6087 82.4592 2
    endloop
  endfacet
  facet normal -0.831462 -0.555582 0
    outer loop
      vertex 18.5392 82.6 1.19
      vertex 18.452 82.7305 2
      vertex 18.452 82.7305 1.19
    endloop
  endfacet
  facet normal -0.831462 -0.555582 0
    outer loop
      vertex 18.452 82.7305 2
      vertex 18.5392 82.6 1.19
      vertex 18.5392 82.6 2
    endloop
  endfacet
  facet normal -0.321194 -0.947013 0
    outer loop
      vertex 17.8106 83.1591 1.19
      vertex 17.9592 83.1087 2
      vertex 17.8106 83.1591 2
    endloop
  endfacet
  facet normal -0.321194 -0.947013 -0
    outer loop
      vertex 17.9592 83.1087 2
      vertex 17.8106 83.1591 1.19
      vertex 17.9592 83.1087 1.19
    endloop
  endfacet
  facet normal 0.442622 -0.896708 0
    outer loop
      vertex 16.9 83.0392 1.19
      vertex 17.0408 83.1087 2
      vertex 16.9 83.0392 2
    endloop
  endfacet
  facet normal 0.442622 -0.896708 0
    outer loop
      vertex 17.0408 83.1087 2
      vertex 16.9 83.0392 1.19
      vertex 17.0408 83.1087 1.19
    endloop
  endfacet
  facet normal 0.947013 -0.321194 0
    outer loop
      vertex 16.3409 82.3106 2
      vertex 16.3913 82.4592 1.19
      vertex 16.3913 82.4592 2
    endloop
  endfacet
  facet normal 0.947013 -0.321194 0
    outer loop
      vertex 16.3913 82.4592 1.19
      vertex 16.3409 82.3106 2
      vertex 16.3409 82.3106 1.19
    endloop
  endfacet
  facet normal -0.980825 0.194891 0
    outer loop
      vertex 18.6591 81.6894 1.19
      vertex 18.6897 81.8434 2
      vertex 18.6897 81.8434 1.19
    endloop
  endfacet
  facet normal -0.980825 0.194891 0
    outer loop
      vertex 18.6897 81.8434 2
      vertex 18.6591 81.6894 1.19
      vertex 18.6591 81.6894 2
    endloop
  endfacet
  facet normal -0.659406 -0.751787 0
    outer loop
      vertex 18.2305 82.952 1.19
      vertex 18.3485 82.8485 2
      vertex 18.2305 82.952 2
    endloop
  endfacet
  facet normal -0.659406 -0.751787 -0
    outer loop
      vertex 18.3485 82.8485 2
      vertex 18.2305 82.952 1.19
      vertex 18.3485 82.8485 1.19
    endloop
  endfacet
  facet normal -0.0656309 -0.997844 0
    outer loop
      vertex 17.5 83.2 1.19
      vertex 17.6566 83.1897 2
      vertex 17.5 83.2 2
    endloop
  endfacet
  facet normal -0.0656309 -0.997844 -0
    outer loop
      vertex 17.6566 83.1897 2
      vertex 17.5 83.2 1.19
      vertex 17.6566 83.1897 1.19
    endloop
  endfacet
  facet normal -0.442622 -0.896708 0
    outer loop
      vertex 17.9592 83.1087 1.19
      vertex 18.1 83.0392 2
      vertex 17.9592 83.1087 2
    endloop
  endfacet
  facet normal -0.442622 -0.896708 -0
    outer loop
      vertex 18.1 83.0392 2
      vertex 17.9592 83.1087 1.19
      vertex 18.1 83.0392 1.19
    endloop
  endfacet
  facet normal 0.997844 -0.0656309 0
    outer loop
      vertex 16.3 82 2
      vertex 16.3103 82.1566 1.19
      vertex 16.3103 82.1566 2
    endloop
  endfacet
  facet normal 0.997844 -0.0656309 0
    outer loop
      vertex 16.3103 82.1566 1.19
      vertex 16.3 82 2
      vertex 16.3 82 1.19
    endloop
  endfacet
  facet normal 0.831462 -0.555582 0
    outer loop
      vertex 16.4608 82.6 2
      vertex 16.548 82.7305 1.19
      vertex 16.548 82.7305 2
    endloop
  endfacet
  facet normal 0.831462 -0.555582 0
    outer loop
      vertex 16.548 82.7305 1.19
      vertex 16.4608 82.6 2
      vertex 16.4608 82.6 1.19
    endloop
  endfacet
  facet normal 0.321194 -0.947013 0
    outer loop
      vertex 17.0408 83.1087 1.19
      vertex 17.1894 83.1591 2
      vertex 17.0408 83.1087 2
    endloop
  endfacet
  facet normal 0.321194 -0.947013 0
    outer loop
      vertex 17.1894 83.1591 2
      vertex 17.0408 83.1087 1.19
      vertex 17.1894 83.1591 1.19
    endloop
  endfacet
  facet normal 0.751787 -0.659406 0
    outer loop
      vertex 16.548 82.7305 2
      vertex 16.6515 82.8485 1.19
      vertex 16.6515 82.8485 2
    endloop
  endfacet
  facet normal 0.751787 -0.659406 0
    outer loop
      vertex 16.6515 82.8485 1.19
      vertex 16.548 82.7305 2
      vertex 16.548 82.7305 1.19
    endloop
  endfacet
  facet normal -0.997844 0.0656309 0
    outer loop
      vertex 18.6897 81.8434 1.19
      vertex 18.7 82 2
      vertex 18.7 82 1.19
    endloop
  endfacet
  facet normal -0.997844 0.0656309 0
    outer loop
      vertex 18.7 82 2
      vertex 18.6897 81.8434 1.19
      vertex 18.6897 81.8434 2
    endloop
  endfacet
  facet normal -0.555582 0.831462 0
    outer loop
      vertex 18.2305 81.048 1.19
      vertex 18.1 80.9608 2
      vertex 18.2305 81.048 2
    endloop
  endfacet
  facet normal -0.555582 0.831462 0
    outer loop
      vertex 18.1 80.9608 2
      vertex 18.2305 81.048 1.19
      vertex 18.1 80.9608 1.19
    endloop
  endfacet
  facet normal -0.947013 0.321194 0
    outer loop
      vertex 18.6087 81.5408 1.19
      vertex 18.6591 81.6894 2
      vertex 18.6591 81.6894 1.19
    endloop
  endfacet
  facet normal -0.947013 0.321194 0
    outer loop
      vertex 18.6591 81.6894 2
      vertex 18.6087 81.5408 1.19
      vertex 18.6087 81.5408 2
    endloop
  endfacet
  facet normal -0.980825 -0.194891 0
    outer loop
      vertex 18.6897 82.1566 1.19
      vertex 18.6591 82.3106 2
      vertex 18.6591 82.3106 1.19
    endloop
  endfacet
  facet normal -0.980825 -0.194891 0
    outer loop
      vertex 18.6591 82.3106 2
      vertex 18.6897 82.1566 1.19
      vertex 18.6897 82.1566 2
    endloop
  endfacet
  facet normal -0.947013 -0.321194 0
    outer loop
      vertex 18.6591 82.3106 1.19
      vertex 18.6087 82.4592 2
      vertex 18.6087 82.4592 1.19
    endloop
  endfacet
  facet normal -0.947013 -0.321194 0
    outer loop
      vertex 18.6087 82.4592 2
      vertex 18.6591 82.3106 1.19
      vertex 18.6591 82.3106 2
    endloop
  endfacet
  facet normal -0.751787 -0.659406 0
    outer loop
      vertex 18.452 82.7305 1.19
      vertex 18.3485 82.8485 2
      vertex 18.3485 82.8485 1.19
    endloop
  endfacet
  facet normal -0.751787 -0.659406 0
    outer loop
      vertex 18.3485 82.8485 2
      vertex 18.452 82.7305 1.19
      vertex 18.452 82.7305 2
    endloop
  endfacet
  facet normal 0.0656309 -0.997844 0
    outer loop
      vertex 17.3434 83.1897 1.19
      vertex 17.5 83.2 2
      vertex 17.3434 83.1897 2
    endloop
  endfacet
  facet normal 0.0656309 -0.997844 0
    outer loop
      vertex 17.5 83.2 2
      vertex 17.3434 83.1897 1.19
      vertex 17.5 83.2 1.19
    endloop
  endfacet
  facet normal -0.194891 -0.980825 0
    outer loop
      vertex 17.6566 83.1897 1.19
      vertex 17.8106 83.1591 2
      vertex 17.6566 83.1897 2
    endloop
  endfacet
  facet normal -0.194891 -0.980825 -0
    outer loop
      vertex 17.8106 83.1591 2
      vertex 17.6566 83.1897 1.19
      vertex 17.8106 83.1591 1.19
    endloop
  endfacet
  facet normal -0.555582 -0.831462 0
    outer loop
      vertex 18.1 83.0392 1.19
      vertex 18.2305 82.952 2
      vertex 18.1 83.0392 2
    endloop
  endfacet
  facet normal -0.555582 -0.831462 -0
    outer loop
      vertex 18.2305 82.952 2
      vertex 18.1 83.0392 1.19
      vertex 18.2305 82.952 1.19
    endloop
  endfacet
  facet normal 0.997844 0.0656309 0
    outer loop
      vertex 16.3103 81.8434 2
      vertex 16.3 82 1.19
      vertex 16.3 82 2
    endloop
  endfacet
  facet normal 0.997844 0.0656309 0
    outer loop
      vertex 16.3 82 1.19
      vertex 16.3103 81.8434 2
      vertex 16.3103 81.8434 1.19
    endloop
  endfacet
  facet normal 0.980825 -0.194891 0
    outer loop
      vertex 16.3103 82.1566 2
      vertex 16.3409 82.3106 1.19
      vertex 16.3409 82.3106 2
    endloop
  endfacet
  facet normal 0.980825 -0.194891 0
    outer loop
      vertex 16.3409 82.3106 1.19
      vertex 16.3103 82.1566 2
      vertex 16.3103 82.1566 1.19
    endloop
  endfacet
  facet normal 0.896708 -0.442622 0
    outer loop
      vertex 16.3913 82.4592 2
      vertex 16.4608 82.6 1.19
      vertex 16.4608 82.6 2
    endloop
  endfacet
  facet normal 0.896708 -0.442622 0
    outer loop
      vertex 16.4608 82.6 1.19
      vertex 16.3913 82.4592 2
      vertex 16.3913 82.4592 1.19
    endloop
  endfacet
  facet normal 0.194891 -0.980825 0
    outer loop
      vertex 17.1894 83.1591 1.19
      vertex 17.3434 83.1897 2
      vertex 17.1894 83.1591 2
    endloop
  endfacet
  facet normal 0.194891 -0.980825 0
    outer loop
      vertex 17.3434 83.1897 2
      vertex 17.1894 83.1591 1.19
      vertex 17.3434 83.1897 1.19
    endloop
  endfacet
  facet normal 0.659406 -0.751787 0
    outer loop
      vertex 16.6515 82.8485 1.19
      vertex 16.7695 82.952 2
      vertex 16.6515 82.8485 2
    endloop
  endfacet
  facet normal 0.659406 -0.751787 0
    outer loop
      vertex 16.7695 82.952 2
      vertex 16.6515 82.8485 1.19
      vertex 16.7695 82.952 1.19
    endloop
  endfacet
  facet normal 0.555582 -0.831462 0
    outer loop
      vertex 16.7695 82.952 1.19
      vertex 16.9 83.0392 2
      vertex 16.7695 82.952 2
    endloop
  endfacet
  facet normal 0.555582 -0.831462 0
    outer loop
      vertex 16.9 83.0392 2
      vertex 16.7695 82.952 1.19
      vertex 16.9 83.0392 1.19
    endloop
  endfacet
  facet normal -0.997844 -0.0656309 0
    outer loop
      vertex 18.7 82 1.19
      vertex 18.6897 82.1566 2
      vertex 18.6897 82.1566 1.19
    endloop
  endfacet
  facet normal -0.997844 -0.0656309 0
    outer loop
      vertex 18.6897 82.1566 2
      vertex 18.7 82 1.19
      vertex 18.7 82 2
    endloop
  endfacet
  facet normal 0.831462 0.555582 0
    outer loop
      vertex 16.548 81.2695 2
      vertex 16.4608 81.4 1.19
      vertex 16.4608 81.4 2
    endloop
  endfacet
  facet normal 0.831462 0.555582 0
    outer loop
      vertex 16.4608 81.4 1.19
      vertex 16.548 81.2695 2
      vertex 16.548 81.2695 1.19
    endloop
  endfacet
  facet normal -0.194891 0.980825 0
    outer loop
      vertex 17.8106 80.8409 1.19
      vertex 17.6566 80.8103 2
      vertex 17.8106 80.8409 2
    endloop
  endfacet
  facet normal -0.194891 0.980825 0
    outer loop
      vertex 17.6566 80.8103 2
      vertex 17.8106 80.8409 1.19
      vertex 17.6566 80.8103 1.19
    endloop
  endfacet
  facet normal -0.442622 0.896708 0
    outer loop
      vertex 18.1 80.9608 1.19
      vertex 17.9592 80.8913 2
      vertex 18.1 80.9608 2
    endloop
  endfacet
  facet normal -0.442622 0.896708 0
    outer loop
      vertex 17.9592 80.8913 2
      vertex 18.1 80.9608 1.19
      vertex 17.9592 80.8913 1.19
    endloop
  endfacet
  facet normal -0.751787 0.659406 0
    outer loop
      vertex 18.3485 81.1515 1.19
      vertex 18.452 81.2695 2
      vertex 18.452 81.2695 1.19
    endloop
  endfacet
  facet normal -0.751787 0.659406 0
    outer loop
      vertex 18.452 81.2695 2
      vertex 18.3485 81.1515 1.19
      vertex 18.3485 81.1515 2
    endloop
  endfacet
  facet normal -0.896708 0.442622 0
    outer loop
      vertex 18.5392 81.4 1.19
      vertex 18.6087 81.5408 2
      vertex 18.6087 81.5408 1.19
    endloop
  endfacet
  facet normal -0.896708 0.442622 0
    outer loop
      vertex 18.6087 81.5408 2
      vertex 18.5392 81.4 1.19
      vertex 18.5392 81.4 2
    endloop
  endfacet
  facet normal 0.980825 0.194891 0
    outer loop
      vertex 16.3409 81.6894 2
      vertex 16.3103 81.8434 1.19
      vertex 16.3103 81.8434 2
    endloop
  endfacet
  facet normal 0.980825 0.194891 0
    outer loop
      vertex 16.3103 81.8434 1.19
      vertex 16.3409 81.6894 2
      vertex 16.3409 81.6894 1.19
    endloop
  endfacet
  facet normal 0.896708 0.442622 0
    outer loop
      vertex 16.4608 81.4 2
      vertex 16.3913 81.5408 1.19
      vertex 16.3913 81.5408 2
    endloop
  endfacet
  facet normal 0.896708 0.442622 0
    outer loop
      vertex 16.3913 81.5408 1.19
      vertex 16.4608 81.4 2
      vertex 16.4608 81.4 1.19
    endloop
  endfacet
  facet normal -0.321194 0.947013 0
    outer loop
      vertex 17.9592 80.8913 1.19
      vertex 17.8106 80.8409 2
      vertex 17.9592 80.8913 2
    endloop
  endfacet
  facet normal -0.321194 0.947013 0
    outer loop
      vertex 17.8106 80.8409 2
      vertex 17.9592 80.8913 1.19
      vertex 17.8106 80.8409 1.19
    endloop
  endfacet
  facet normal -0.659406 0.751787 0
    outer loop
      vertex 18.3485 81.1515 1.19
      vertex 18.2305 81.048 2
      vertex 18.3485 81.1515 2
    endloop
  endfacet
  facet normal -0.659406 0.751787 0
    outer loop
      vertex 18.2305 81.048 2
      vertex 18.3485 81.1515 1.19
      vertex 18.2305 81.048 1.19
    endloop
  endfacet
  facet normal -0.831462 0.555582 0
    outer loop
      vertex 18.452 81.2695 1.19
      vertex 18.5392 81.4 2
      vertex 18.5392 81.4 1.19
    endloop
  endfacet
  facet normal -0.831462 0.555582 0
    outer loop
      vertex 18.5392 81.4 2
      vertex 18.452 81.2695 1.19
      vertex 18.452 81.2695 2
    endloop
  endfacet
  facet normal 0.321194 0.947013 -0
    outer loop
      vertex 17.1894 80.8409 1.19
      vertex 17.0408 80.8913 2
      vertex 17.1894 80.8409 2
    endloop
  endfacet
  facet normal 0.321194 0.947013 0
    outer loop
      vertex 17.0408 80.8913 2
      vertex 17.1894 80.8409 1.19
      vertex 17.0408 80.8913 1.19
    endloop
  endfacet
  facet normal -0.0656309 0.997844 0
    outer loop
      vertex 17.6566 80.8103 1.19
      vertex 17.5 80.8 2
      vertex 17.6566 80.8103 2
    endloop
  endfacet
  facet normal -0.0656309 0.997844 0
    outer loop
      vertex 17.5 80.8 2
      vertex 17.6566 80.8103 1.19
      vertex 17.5 80.8 1.19
    endloop
  endfacet
  facet normal 0.0656309 0.997844 -0
    outer loop
      vertex 17.5 80.8 1.19
      vertex 17.3434 80.8103 2
      vertex 17.5 80.8 2
    endloop
  endfacet
  facet normal 0.0656309 0.997844 0
    outer loop
      vertex 17.3434 80.8103 2
      vertex 17.5 80.8 1.19
      vertex 17.3434 80.8103 1.19
    endloop
  endfacet
  facet normal 0.194891 0.980825 -0
    outer loop
      vertex 17.3434 80.8103 1.19
      vertex 17.1894 80.8409 2
      vertex 17.3434 80.8103 2
    endloop
  endfacet
  facet normal 0.194891 0.980825 0
    outer loop
      vertex 17.1894 80.8409 2
      vertex 17.3434 80.8103 1.19
      vertex 17.1894 80.8409 1.19
    endloop
  endfacet
  facet normal 0.751787 0.659406 0
    outer loop
      vertex 16.6515 81.1515 2
      vertex 16.548 81.2695 1.19
      vertex 16.548 81.2695 2
    endloop
  endfacet
  facet normal 0.751787 0.659406 0
    outer loop
      vertex 16.548 81.2695 1.19
      vertex 16.6515 81.1515 2
      vertex 16.6515 81.1515 1.19
    endloop
  endfacet
  facet normal 0.659406 0.751787 -0
    outer loop
      vertex 16.7695 81.048 1.19
      vertex 16.6515 81.1515 2
      vertex 16.7695 81.048 2
    endloop
  endfacet
  facet normal 0.659406 0.751787 0
    outer loop
      vertex 16.6515 81.1515 2
      vertex 16.7695 81.048 1.19
      vertex 16.6515 81.1515 1.19
    endloop
  endfacet
  facet normal 0.947013 0.321194 0
    outer loop
      vertex 16.3913 81.5408 2
      vertex 16.3409 81.6894 1.19
      vertex 16.3409 81.6894 2
    endloop
  endfacet
  facet normal 0.947013 0.321194 0
    outer loop
      vertex 16.3409 81.6894 1.19
      vertex 16.3913 81.5408 2
      vertex 16.3913 81.5408 1.19
    endloop
  endfacet
  facet normal 0.442622 0.896708 -0
    outer loop
      vertex 17.0408 80.8913 1.19
      vertex 16.9 80.9608 2
      vertex 17.0408 80.8913 2
    endloop
  endfacet
  facet normal 0.442622 0.896708 0
    outer loop
      vertex 16.9 80.9608 2
      vertex 17.0408 80.8913 1.19
      vertex 16.9 80.9608 1.19
    endloop
  endfacet
  facet normal 0.555582 0.831462 -0
    outer loop
      vertex 16.9 80.9608 1.19
      vertex 16.7695 81.048 2
      vertex 16.9 80.9608 2
    endloop
  endfacet
  facet normal 0.555582 0.831462 0
    outer loop
      vertex 16.7695 81.048 2
      vertex 16.9 80.9608 1.19
      vertex 16.7695 81.048 1.19
    endloop
  endfacet
  facet normal 0.689502 0.340344 -0.639339
    outer loop
      vertex 16.4608 81.4 1.19
      vertex 15.4752 81.1613 0
      vertex 16.3913 81.5408 1.19
    endloop
  endfacet
  facet normal 0.706222 0.294259 -0.643943
    outer loop
      vertex 15.4752 81.1613 0
      vertex 16.4608 81.4 1.19
      vertex 15.4757 81.1601 0
    endloop
  endfacet
  facet normal -0.766873 -0.0589902 -0.639082
    outer loop
      vertex 18.7 82 1.19
      vertex 19.6916 82.0013 0
      vertex 19.6917 82 0
    endloop
  endfacet
  facet normal -0.767237 -0.0504632 -0.639376
    outer loop
      vertex 19.6916 82.0013 0
      vertex 18.7 82 1.19
      vertex 18.6897 82.1566 1.19
    endloop
  endfacet
  facet normal -0.767234 -0.0503767 -0.639385
    outer loop
      vertex 19.6729 82.2861 0
      vertex 19.6916 82.0013 0
      vertex 18.6897 82.1566 1.19
    endloop
  endfacet
  facet normal -0.689491 0.3403 -0.639374
    outer loop
      vertex 19.5243 81.1601 0
      vertex 19.398 80.9042 0
      vertex 18.5392 81.4 1.19
    endloop
  endfacet
  facet normal -0.759215 -0.126536 -0.638421
    outer loop
      vertex 19.6172 82.566 0
      vertex 18.6591 82.3106 1.19
      vertex 19.617 82.5672 0
    endloop
  endfacet
  facet normal -0.754164 -0.149853 -0.639359
    outer loop
      vertex 18.6591 82.3106 1.19
      vertex 19.6172 82.566 0
      vertex 18.6897 82.1566 1.19
    endloop
  endfacet
  facet normal -0.689491 -0.3403 -0.639374
    outer loop
      vertex 19.398 83.0958 0
      vertex 19.5243 82.8399 0
      vertex 18.5392 82.6 1.19
    endloop
  endfacet
  facet normal 0.427184 -0.639307 -0.639375
    outer loop
      vertex 16.4031 83.8973 0
      vertex 16.9 83.0392 1.19
      vertex 16.7695 82.952 1.19
    endloop
  endfacet
  facet normal 0.412601 -0.648372 -0.639823
    outer loop
      vertex 16.9 83.0392 1.19
      vertex 16.4031 83.8973 0
      vertex 16.4042 83.898 0
    endloop
  endfacet
  facet normal 0.507 0.578029 -0.6394
    outer loop
      vertex 15.9512 80.4494 0
      vertex 16.6515 81.1515 1.19
      vertex 16.7695 81.048 1.19
    endloop
  endfacet
  facet normal 0.543219 0.543219 -0.640177
    outer loop
      vertex 16.6515 81.1515 1.19
      vertex 15.9512 80.4494 0
      vertex 15.9503 80.4503 0
    endloop
  endfacet
  facet normal 0.0503767 0.767234 -0.639385
    outer loop
      vertex 17.3434 80.8103 1.19
      vertex 17.4987 79.8084 0
      vertex 17.2139 79.8271 0
    endloop
  endfacet
  facet normal -0.247351 0.728042 -0.639352
    outer loop
      vertex 18.3387 79.9752 0
      vertex 18.0685 79.8834 0
      vertex 17.9592 80.8913 1.19
    endloop
  endfacet
  facet normal -0.728042 0.247351 -0.639352
    outer loop
      vertex 19.6166 81.4315 0
      vertex 19.5248 81.1613 0
      vertex 18.6087 81.5408 1.19
    endloop
  endfacet
  facet normal -0.427058 -0.639375 -0.639391
    outer loop
      vertex 18.5969 83.8973 0
      vertex 18.8342 83.7388 0
      vertex 18.2305 82.952 1.19
    endloop
  endfacet
  facet normal -0.754102 -0.150066 -0.639383
    outer loop
      vertex 19.6172 82.566 0
      vertex 19.6729 82.2861 0
      vertex 18.6897 82.1566 1.19
    endloop
  endfacet
  facet normal -0.427184 -0.639307 -0.639375
    outer loop
      vertex 18.1 83.0392 1.19
      vertex 18.5969 83.8973 0
      vertex 18.2305 82.952 1.19
    endloop
  endfacet
  facet normal -0.412601 -0.648372 -0.639823
    outer loop
      vertex 18.5969 83.8973 0
      vertex 18.1 83.0392 1.19
      vertex 18.5958 83.898 0
    endloop
  endfacet
  facet normal 0.0503767 -0.767234 -0.639385
    outer loop
      vertex 17.4987 84.1916 0
      vertex 17.3434 83.1897 1.19
      vertex 17.2139 84.1729 0
    endloop
  endfacet
  facet normal 0.247351 -0.728042 -0.639352
    outer loop
      vertex 16.9315 84.1166 0
      vertex 17.0408 83.1087 1.19
      vertex 16.6613 84.0248 0
    endloop
  endfacet
  facet normal 0.3403 0.689491 -0.639374
    outer loop
      vertex 16.9 80.9608 1.19
      vertex 16.6601 79.9757 0
      vertex 16.4042 80.102 0
    endloop
  endfacet
  facet normal 0.689491 0.3403 -0.639374
    outer loop
      vertex 16.4608 81.4 1.19
      vertex 15.602 80.9042 0
      vertex 15.4757 81.1601 0
    endloop
  endfacet
  facet normal 0.754102 0.150066 -0.639383
    outer loop
      vertex 16.3103 81.8434 1.19
      vertex 15.3828 81.434 0
      vertex 15.3271 81.7139 0
    endloop
  endfacet
  facet normal -0.0504632 0.767237 -0.639376
    outer loop
      vertex 17.5013 79.8084 0
      vertex 17.5 80.8 1.19
      vertex 17.6566 80.8103 1.19
    endloop
  endfacet
  facet normal -0.0589902 0.766873 -0.639082
    outer loop
      vertex 17.5 80.8 1.19
      vertex 17.5013 79.8084 0
      vertex 17.5 79.8083 0
    endloop
  endfacet
  facet normal 0.247351 0.728042 -0.639352
    outer loop
      vertex 17.0408 80.8913 1.19
      vertex 16.9315 79.8834 0
      vertex 16.6613 79.9752 0
    endloop
  endfacet
  facet normal 0.246963 0.728149 -0.639382
    outer loop
      vertex 16.9328 79.883 0
      vertex 17.0408 80.8913 1.19
      vertex 17.1894 80.8409 1.19
    endloop
  endfacet
  facet normal 0.225568 0.733095 -0.641631
    outer loop
      vertex 17.0408 80.8913 1.19
      vertex 16.9328 79.883 0
      vertex 16.9315 79.8834 0
    endloop
  endfacet
  facet normal -0.3403 0.689491 -0.639374
    outer loop
      vertex 18.5958 80.102 0
      vertex 18.3399 79.9757 0
      vertex 18.1 80.9608 1.19
    endloop
  endfacet
  facet normal -0.294259 0.706222 -0.643943
    outer loop
      vertex 18.3387 79.9752 0
      vertex 18.1 80.9608 1.19
      vertex 18.3399 79.9757 0
    endloop
  endfacet
  facet normal -0.340344 0.689502 -0.639339
    outer loop
      vertex 18.1 80.9608 1.19
      vertex 18.3387 79.9752 0
      vertex 17.9592 80.8913 1.19
    endloop
  endfacet
  facet normal -0.543219 0.543219 -0.640177
    outer loop
      vertex 19.0488 80.4494 0
      vertex 18.3485 81.1515 1.19
      vertex 19.0497 80.4503 0
    endloop
  endfacet
  facet normal -0.507 0.578029 -0.6394
    outer loop
      vertex 18.3485 81.1515 1.19
      vertex 19.0488 80.4494 0
      vertex 18.2305 81.048 1.19
    endloop
  endfacet
  facet normal -0.578073 0.506959 -0.639394
    outer loop
      vertex 19.2388 80.6658 0
      vertex 19.0506 80.4512 0
      vertex 18.452 81.2695 1.19
    endloop
  endfacet
  facet normal -0.728149 0.246963 -0.639382
    outer loop
      vertex 19.617 81.4328 0
      vertex 18.6087 81.5408 1.19
      vertex 18.6591 81.6894 1.19
    endloop
  endfacet
  facet normal -0.733095 0.225568 -0.641631
    outer loop
      vertex 18.6087 81.5408 1.19
      vertex 19.617 81.4328 0
      vertex 19.6166 81.4315 0
    endloop
  endfacet
  facet normal -0.754164 0.149853 -0.639359
    outer loop
      vertex 19.6172 81.434 0
      vertex 18.6591 81.6894 1.19
      vertex 18.6897 81.8434 1.19
    endloop
  endfacet
  facet normal -0.759215 0.126536 -0.638421
    outer loop
      vertex 18.6591 81.6894 1.19
      vertex 19.6172 81.434 0
      vertex 19.617 81.4328 0
    endloop
  endfacet
  facet normal -0.754102 0.150066 -0.639383
    outer loop
      vertex 19.6729 81.7139 0
      vertex 19.6172 81.434 0
      vertex 18.6897 81.8434 1.19
    endloop
  endfacet
  facet normal -0.706222 -0.294259 -0.643943
    outer loop
      vertex 19.5248 82.8387 0
      vertex 18.5392 82.6 1.19
      vertex 19.5243 82.8399 0
    endloop
  endfacet
  facet normal -0.689502 -0.340344 -0.639339
    outer loop
      vertex 18.5392 82.6 1.19
      vertex 19.5248 82.8387 0
      vertex 18.6087 82.4592 1.19
    endloop
  endfacet
  facet normal 0.294259 -0.706222 -0.643943
    outer loop
      vertex 16.6613 84.0248 0
      vertex 16.9 83.0392 1.19
      vertex 16.6601 84.0243 0
    endloop
  endfacet
  facet normal 0.340344 -0.689502 -0.639339
    outer loop
      vertex 16.9 83.0392 1.19
      vertex 16.6613 84.0248 0
      vertex 17.0408 83.1087 1.19
    endloop
  endfacet
  facet normal -0.0589902 -0.766873 -0.639082
    outer loop
      vertex 17.5013 84.1916 0
      vertex 17.5 83.2 1.19
      vertex 17.5 84.1917 0
    endloop
  endfacet
  facet normal -0.0504632 -0.767237 -0.639376
    outer loop
      vertex 17.5 83.2 1.19
      vertex 17.5013 84.1916 0
      vertex 17.6566 83.1897 1.19
    endloop
  endfacet
  facet normal 0.767234 -0.0503767 -0.639385
    outer loop
      vertex 15.3271 82.2861 0
      vertex 16.3103 82.1566 1.19
      vertex 15.3084 82.0013 0
    endloop
  endfacet
  facet normal 0.578073 -0.506959 -0.639394
    outer loop
      vertex 15.9494 83.5488 0
      vertex 16.548 82.7305 1.19
      vertex 15.7612 83.3342 0
    endloop
  endfacet
  facet normal 0.733095 -0.225568 -0.641631
    outer loop
      vertex 16.3913 82.4592 1.19
      vertex 15.383 82.5672 0
      vertex 15.3834 82.5685 0
    endloop
  endfacet
  facet normal 0.728149 -0.246963 -0.639382
    outer loop
      vertex 15.383 82.5672 0
      vertex 16.3913 82.4592 1.19
      vertex 16.3409 82.3106 1.19
    endloop
  endfacet
  facet normal 0.639375 -0.427058 -0.639391
    outer loop
      vertex 15.7612 83.3342 0
      vertex 16.548 82.7305 1.19
      vertex 15.6027 83.0969 0
    endloop
  endfacet
  facet normal 0.728042 -0.247351 -0.639352
    outer loop
      vertex 15.4752 82.8387 0
      vertex 16.3913 82.4592 1.19
      vertex 15.3834 82.5685 0
    endloop
  endfacet
  facet normal 0.427058 0.639375 -0.639391
    outer loop
      vertex 16.7695 81.048 1.19
      vertex 16.4031 80.1027 0
      vertex 16.1658 80.2612 0
    endloop
  endfacet
  facet normal 0.506959 0.578073 -0.639394
    outer loop
      vertex 16.7695 81.048 1.19
      vertex 16.1658 80.2612 0
      vertex 15.9512 80.4494 0
    endloop
  endfacet
  facet normal 0.639375 0.427058 -0.639391
    outer loop
      vertex 16.548 81.2695 1.19
      vertex 15.7612 80.6658 0
      vertex 15.6027 80.9031 0
    endloop
  endfacet
  facet normal 0.728042 0.247351 -0.639352
    outer loop
      vertex 16.3913 81.5408 1.19
      vertex 15.4752 81.1613 0
      vertex 15.3834 81.4315 0
    endloop
  endfacet
  facet normal 0.728149 0.246963 -0.639382
    outer loop
      vertex 16.3913 81.5408 1.19
      vertex 15.383 81.4328 0
      vertex 16.3409 81.6894 1.19
    endloop
  endfacet
  facet normal 0.733095 0.225568 -0.641631
    outer loop
      vertex 15.383 81.4328 0
      vertex 16.3913 81.5408 1.19
      vertex 15.3834 81.4315 0
    endloop
  endfacet
  facet normal 0.639307 0.427184 -0.639375
    outer loop
      vertex 15.6027 80.9031 0
      vertex 16.4608 81.4 1.19
      vertex 16.548 81.2695 1.19
    endloop
  endfacet
  facet normal 0.648372 0.412601 -0.639823
    outer loop
      vertex 16.4608 81.4 1.19
      vertex 15.6027 80.9031 0
      vertex 15.602 80.9042 0
    endloop
  endfacet
  facet normal 0.767237 -0.0504632 -0.639376
    outer loop
      vertex 16.3 82 1.19
      vertex 15.3084 82.0013 0
      vertex 16.3103 82.1566 1.19
    endloop
  endfacet
  facet normal 0.766873 -0.0589902 -0.639082
    outer loop
      vertex 15.3084 82.0013 0
      vertex 16.3 82 1.19
      vertex 15.3083 82 0
    endloop
  endfacet
  facet normal 0.0589902 0.766873 -0.639082
    outer loop
      vertex 17.4987 79.8084 0
      vertex 17.5 80.8 1.19
      vertex 17.5 79.8083 0
    endloop
  endfacet
  facet normal 0.0504632 0.767237 -0.639376
    outer loop
      vertex 17.5 80.8 1.19
      vertex 17.4987 79.8084 0
      vertex 17.3434 80.8103 1.19
    endloop
  endfacet
  facet normal 0.150066 0.754102 -0.639383
    outer loop
      vertex 17.3434 80.8103 1.19
      vertex 17.2139 79.8271 0
      vertex 16.934 79.8828 0
    endloop
  endfacet
  facet normal 0.340344 0.689502 -0.639339
    outer loop
      vertex 16.6613 79.9752 0
      vertex 16.9 80.9608 1.19
      vertex 17.0408 80.8913 1.19
    endloop
  endfacet
  facet normal 0.294259 0.706222 -0.643943
    outer loop
      vertex 16.9 80.9608 1.19
      vertex 16.6613 79.9752 0
      vertex 16.6601 79.9757 0
    endloop
  endfacet
  facet normal -0.412601 0.648372 -0.639823
    outer loop
      vertex 18.1 80.9608 1.19
      vertex 18.5969 80.1027 0
      vertex 18.5958 80.102 0
    endloop
  endfacet
  facet normal -0.427184 0.639307 -0.639375
    outer loop
      vertex 18.5969 80.1027 0
      vertex 18.1 80.9608 1.19
      vertex 18.2305 81.048 1.19
    endloop
  endfacet
  facet normal -0.639375 0.427058 -0.639391
    outer loop
      vertex 19.3973 80.9031 0
      vertex 19.2388 80.6658 0
      vertex 18.452 81.2695 1.19
    endloop
  endfacet
  facet normal -0.648372 0.412601 -0.639823
    outer loop
      vertex 19.3973 80.9031 0
      vertex 18.5392 81.4 1.19
      vertex 19.398 80.9042 0
    endloop
  endfacet
  facet normal -0.639307 0.427184 -0.639375
    outer loop
      vertex 18.5392 81.4 1.19
      vertex 19.3973 80.9031 0
      vertex 18.452 81.2695 1.19
    endloop
  endfacet
  facet normal -0.689502 0.340344 -0.639339
    outer loop
      vertex 19.5248 81.1613 0
      vertex 18.5392 81.4 1.19
      vertex 18.6087 81.5408 1.19
    endloop
  endfacet
  facet normal -0.706222 0.294259 -0.643943
    outer loop
      vertex 18.5392 81.4 1.19
      vertex 19.5248 81.1613 0
      vertex 19.5243 81.1601 0
    endloop
  endfacet
  facet normal -0.767234 0.0503767 -0.639385
    outer loop
      vertex 19.6916 81.9987 0
      vertex 19.6729 81.7139 0
      vertex 18.6897 81.8434 1.19
    endloop
  endfacet
  facet normal -0.766873 0.0589902 -0.639082
    outer loop
      vertex 19.6916 81.9987 0
      vertex 18.7 82 1.19
      vertex 19.6917 82 0
    endloop
  endfacet
  facet normal -0.767237 0.0504632 -0.639376
    outer loop
      vertex 18.7 82 1.19
      vertex 19.6916 81.9987 0
      vertex 18.6897 81.8434 1.19
    endloop
  endfacet
  facet normal -0.733095 -0.225568 -0.641631
    outer loop
      vertex 19.617 82.5672 0
      vertex 18.6087 82.4592 1.19
      vertex 19.6166 82.5685 0
    endloop
  endfacet
  facet normal -0.728149 -0.246963 -0.639382
    outer loop
      vertex 18.6087 82.4592 1.19
      vertex 19.617 82.5672 0
      vertex 18.6591 82.3106 1.19
    endloop
  endfacet
  facet normal -0.728042 -0.247351 -0.639352
    outer loop
      vertex 19.5248 82.8387 0
      vertex 19.6166 82.5685 0
      vertex 18.6087 82.4592 1.19
    endloop
  endfacet
  facet normal -0.506959 -0.578073 -0.639394
    outer loop
      vertex 18.8342 83.7388 0
      vertex 19.0488 83.5506 0
      vertex 18.2305 82.952 1.19
    endloop
  endfacet
  facet normal -0.578073 -0.506959 -0.639394
    outer loop
      vertex 19.0506 83.5488 0
      vertex 19.2388 83.3342 0
      vertex 18.452 82.7305 1.19
    endloop
  endfacet
  facet normal -0.340344 -0.689502 -0.639339
    outer loop
      vertex 18.3387 84.0248 0
      vertex 18.1 83.0392 1.19
      vertex 17.9592 83.1087 1.19
    endloop
  endfacet
  facet normal -0.294259 -0.706222 -0.643943
    outer loop
      vertex 18.1 83.0392 1.19
      vertex 18.3387 84.0248 0
      vertex 18.3399 84.0243 0
    endloop
  endfacet
  facet normal -0.3403 -0.689491 -0.639374
    outer loop
      vertex 18.3399 84.0243 0
      vertex 18.5958 83.898 0
      vertex 18.1 83.0392 1.19
    endloop
  endfacet
  facet normal 0.150066 -0.754102 -0.639383
    outer loop
      vertex 17.2139 84.1729 0
      vertex 17.3434 83.1897 1.19
      vertex 16.934 84.1172 0
    endloop
  endfacet
  facet normal -0.150066 -0.754102 -0.639383
    outer loop
      vertex 17.7861 84.1729 0
      vertex 18.066 84.1172 0
      vertex 17.6566 83.1897 1.19
    endloop
  endfacet
  facet normal -0.247351 -0.728042 -0.639352
    outer loop
      vertex 18.0685 84.1166 0
      vertex 18.3387 84.0248 0
      vertex 17.9592 83.1087 1.19
    endloop
  endfacet
  facet normal 0.754102 -0.150066 -0.639383
    outer loop
      vertex 15.3828 82.566 0
      vertex 16.3103 82.1566 1.19
      vertex 15.3271 82.2861 0
    endloop
  endfacet
  facet normal 0.506959 -0.578073 -0.639394
    outer loop
      vertex 16.1658 83.7388 0
      vertex 16.7695 82.952 1.19
      vertex 15.9512 83.5506 0
    endloop
  endfacet
  facet normal 0.427058 -0.639375 -0.639391
    outer loop
      vertex 16.4031 83.8973 0
      vertex 16.7695 82.952 1.19
      vertex 16.1658 83.7388 0
    endloop
  endfacet
  facet normal 0.639307 -0.427184 -0.639375
    outer loop
      vertex 16.4608 82.6 1.19
      vertex 15.6027 83.0969 0
      vertex 16.548 82.7305 1.19
    endloop
  endfacet
  facet normal 0.648372 -0.412601 -0.639823
    outer loop
      vertex 15.6027 83.0969 0
      vertex 16.4608 82.6 1.19
      vertex 15.602 83.0958 0
    endloop
  endfacet
  facet normal 0.706222 -0.294259 -0.643943
    outer loop
      vertex 16.4608 82.6 1.19
      vertex 15.4752 82.8387 0
      vertex 15.4757 82.8399 0
    endloop
  endfacet
  facet normal 0.689502 -0.340344 -0.639339
    outer loop
      vertex 15.4752 82.8387 0
      vertex 16.4608 82.6 1.19
      vertex 16.3913 82.4592 1.19
    endloop
  endfacet
  facet normal 0.689491 -0.3403 -0.639374
    outer loop
      vertex 15.602 83.0958 0
      vertex 16.4608 82.6 1.19
      vertex 15.4757 82.8399 0
    endloop
  endfacet
  facet normal 0.759215 -0.126536 -0.638421
    outer loop
      vertex 16.3409 82.3106 1.19
      vertex 15.3828 82.566 0
      vertex 15.383 82.5672 0
    endloop
  endfacet
  facet normal 0.754164 -0.149853 -0.639359
    outer loop
      vertex 15.3828 82.566 0
      vertex 16.3409 82.3106 1.19
      vertex 16.3103 82.1566 1.19
    endloop
  endfacet
  facet normal 0.412601 0.648372 -0.639823
    outer loop
      vertex 16.4031 80.1027 0
      vertex 16.9 80.9608 1.19
      vertex 16.4042 80.102 0
    endloop
  endfacet
  facet normal 0.427184 0.639307 -0.639375
    outer loop
      vertex 16.9 80.9608 1.19
      vertex 16.4031 80.1027 0
      vertex 16.7695 81.048 1.19
    endloop
  endfacet
  facet normal 0.578073 0.506959 -0.639394
    outer loop
      vertex 16.548 81.2695 1.19
      vertex 15.9494 80.4512 0
      vertex 15.7612 80.6658 0
    endloop
  endfacet
  facet normal 0.543219 0.543219 -0.640177
    outer loop
      vertex 15.9494 80.4512 0
      vertex 16.6515 81.1515 1.19
      vertex 15.9503 80.4503 0
    endloop
  endfacet
  facet normal 0.578029 0.507 -0.6394
    outer loop
      vertex 16.6515 81.1515 1.19
      vertex 15.9494 80.4512 0
      vertex 16.548 81.2695 1.19
    endloop
  endfacet
  facet normal 0.766873 0.0589902 -0.639082
    outer loop
      vertex 16.3 82 1.19
      vertex 15.3084 81.9987 0
      vertex 15.3083 82 0
    endloop
  endfacet
  facet normal 0.767237 0.0504632 -0.639376
    outer loop
      vertex 15.3084 81.9987 0
      vertex 16.3 82 1.19
      vertex 16.3103 81.8434 1.19
    endloop
  endfacet
  facet normal 0.767234 0.0503767 -0.639385
    outer loop
      vertex 16.3103 81.8434 1.19
      vertex 15.3271 81.7139 0
      vertex 15.3084 81.9987 0
    endloop
  endfacet
  facet normal -0.126536 0.759215 -0.638421
    outer loop
      vertex 18.066 79.8828 0
      vertex 17.8106 80.8409 1.19
      vertex 18.0672 79.883 0
    endloop
  endfacet
  facet normal -0.149853 0.754164 -0.639359
    outer loop
      vertex 17.8106 80.8409 1.19
      vertex 18.066 79.8828 0
      vertex 17.6566 80.8103 1.19
    endloop
  endfacet
  facet normal -0.225568 0.733095 -0.641631
    outer loop
      vertex 18.0672 79.883 0
      vertex 17.9592 80.8913 1.19
      vertex 18.0685 79.8834 0
    endloop
  endfacet
  facet normal -0.246963 0.728149 -0.639382
    outer loop
      vertex 17.9592 80.8913 1.19
      vertex 18.0672 79.883 0
      vertex 17.8106 80.8409 1.19
    endloop
  endfacet
  facet normal -0.150066 0.754102 -0.639383
    outer loop
      vertex 18.066 79.8828 0
      vertex 17.7861 79.8271 0
      vertex 17.6566 80.8103 1.19
    endloop
  endfacet
  facet normal -0.0503767 0.767234 -0.639385
    outer loop
      vertex 17.6566 80.8103 1.19
      vertex 17.7861 79.8271 0
      vertex 17.5013 79.8084 0
    endloop
  endfacet
  facet normal 0.149853 0.754164 -0.639359
    outer loop
      vertex 16.934 79.8828 0
      vertex 17.1894 80.8409 1.19
      vertex 17.3434 80.8103 1.19
    endloop
  endfacet
  facet normal 0.126536 0.759215 -0.638421
    outer loop
      vertex 17.1894 80.8409 1.19
      vertex 16.934 79.8828 0
      vertex 16.9328 79.883 0
    endloop
  endfacet
  facet normal -0.427058 0.639375 -0.639391
    outer loop
      vertex 18.8342 80.2612 0
      vertex 18.5969 80.1027 0
      vertex 18.2305 81.048 1.19
    endloop
  endfacet
  facet normal -0.506959 0.578073 -0.639394
    outer loop
      vertex 19.0488 80.4494 0
      vertex 18.8342 80.2612 0
      vertex 18.2305 81.048 1.19
    endloop
  endfacet
  facet normal -0.543219 0.543219 -0.640177
    outer loop
      vertex 18.3485 81.1515 1.19
      vertex 19.0506 80.4512 0
      vertex 19.0497 80.4503 0
    endloop
  endfacet
  facet normal -0.578029 0.507 -0.6394
    outer loop
      vertex 19.0506 80.4512 0
      vertex 18.3485 81.1515 1.19
      vertex 18.452 81.2695 1.19
    endloop
  endfacet
  facet normal -0.578029 -0.507 -0.6394
    outer loop
      vertex 18.3485 82.8485 1.19
      vertex 19.0506 83.5488 0
      vertex 18.452 82.7305 1.19
    endloop
  endfacet
  facet normal -0.543219 -0.543219 -0.640177
    outer loop
      vertex 19.0506 83.5488 0
      vertex 18.3485 82.8485 1.19
      vertex 19.0497 83.5497 0
    endloop
  endfacet
  facet normal -0.543219 -0.543219 -0.640177
    outer loop
      vertex 18.3485 82.8485 1.19
      vertex 19.0488 83.5506 0
      vertex 19.0497 83.5497 0
    endloop
  endfacet
  facet normal -0.507 -0.578029 -0.6394
    outer loop
      vertex 19.0488 83.5506 0
      vertex 18.3485 82.8485 1.19
      vertex 18.2305 82.952 1.19
    endloop
  endfacet
  facet normal 0.3403 -0.689491 -0.639374
    outer loop
      vertex 16.6601 84.0243 0
      vertex 16.9 83.0392 1.19
      vertex 16.4042 83.898 0
    endloop
  endfacet
  facet normal 0.126536 -0.759215 -0.638421
    outer loop
      vertex 16.934 84.1172 0
      vertex 17.1894 83.1591 1.19
      vertex 16.9328 84.117 0
    endloop
  endfacet
  facet normal 0.149853 -0.754164 -0.639359
    outer loop
      vertex 17.1894 83.1591 1.19
      vertex 16.934 84.1172 0
      vertex 17.3434 83.1897 1.19
    endloop
  endfacet
  facet normal 0.225568 -0.733095 -0.641631
    outer loop
      vertex 16.9328 84.117 0
      vertex 17.0408 83.1087 1.19
      vertex 16.9315 84.1166 0
    endloop
  endfacet
  facet normal 0.246963 -0.728149 -0.639382
    outer loop
      vertex 17.0408 83.1087 1.19
      vertex 16.9328 84.117 0
      vertex 17.1894 83.1591 1.19
    endloop
  endfacet
  facet normal 0.0504632 -0.767237 -0.639376
    outer loop
      vertex 17.4987 84.1916 0
      vertex 17.5 83.2 1.19
      vertex 17.3434 83.1897 1.19
    endloop
  endfacet
  facet normal 0.0589902 -0.766873 -0.639082
    outer loop
      vertex 17.5 83.2 1.19
      vertex 17.4987 84.1916 0
      vertex 17.5 84.1917 0
    endloop
  endfacet
  facet normal -0.0503767 -0.767234 -0.639385
    outer loop
      vertex 17.7861 84.1729 0
      vertex 17.6566 83.1897 1.19
      vertex 17.5013 84.1916 0
    endloop
  endfacet
  facet normal -0.246963 -0.728149 -0.639382
    outer loop
      vertex 18.0672 84.117 0
      vertex 17.9592 83.1087 1.19
      vertex 17.8106 83.1591 1.19
    endloop
  endfacet
  facet normal -0.225568 -0.733095 -0.641631
    outer loop
      vertex 17.9592 83.1087 1.19
      vertex 18.0672 84.117 0
      vertex 18.0685 84.1166 0
    endloop
  endfacet
  facet normal -0.149853 -0.754164 -0.639359
    outer loop
      vertex 18.066 84.1172 0
      vertex 17.8106 83.1591 1.19
      vertex 17.6566 83.1897 1.19
    endloop
  endfacet
  facet normal -0.126536 -0.759215 -0.638421
    outer loop
      vertex 17.8106 83.1591 1.19
      vertex 18.066 84.1172 0
      vertex 18.0672 84.117 0
    endloop
  endfacet
  facet normal 0.578029 -0.507 -0.6394
    outer loop
      vertex 15.9494 83.5488 0
      vertex 16.6515 82.8485 1.19
      vertex 16.548 82.7305 1.19
    endloop
  endfacet
  facet normal 0.543219 -0.543219 -0.640177
    outer loop
      vertex 16.6515 82.8485 1.19
      vertex 15.9494 83.5488 0
      vertex 15.9503 83.5497 0
    endloop
  endfacet
  facet normal 0.507 -0.578029 -0.6394
    outer loop
      vertex 16.6515 82.8485 1.19
      vertex 15.9512 83.5506 0
      vertex 16.7695 82.952 1.19
    endloop
  endfacet
  facet normal 0.543219 -0.543219 -0.640177
    outer loop
      vertex 15.9512 83.5506 0
      vertex 16.6515 82.8485 1.19
      vertex 15.9503 83.5497 0
    endloop
  endfacet
  facet normal 0.754164 0.149853 -0.639359
    outer loop
      vertex 16.3409 81.6894 1.19
      vertex 15.3828 81.434 0
      vertex 16.3103 81.8434 1.19
    endloop
  endfacet
  facet normal 0.759215 0.126536 -0.638421
    outer loop
      vertex 15.3828 81.434 0
      vertex 16.3409 81.6894 1.19
      vertex 15.383 81.4328 0
    endloop
  endfacet
  facet normal -0.648372 -0.412601 -0.639823
    outer loop
      vertex 18.5392 82.6 1.19
      vertex 19.3973 83.0969 0
      vertex 19.398 83.0958 0
    endloop
  endfacet
  facet normal -0.639307 -0.427184 -0.639375
    outer loop
      vertex 19.3973 83.0969 0
      vertex 18.5392 82.6 1.19
      vertex 18.452 82.7305 1.19
    endloop
  endfacet
  facet normal -0.639375 -0.427058 -0.639391
    outer loop
      vertex 19.2388 83.3342 0
      vertex 19.3973 83.0969 0
      vertex 18.452 82.7305 1.19
    endloop
  endfacet
  facet normal -0.997841 -0.0656829 0
    outer loop
      vertex -10.15 20.5 6
      vertex -10.1573 20.6109 12
      vertex -10.1573 20.6109 6
    endloop
  endfacet
  facet normal -0.997841 -0.0656829 0
    outer loop
      vertex -10.1573 20.6109 12
      vertex -10.15 20.5 6
      vertex -10.15 20.5 12
    endloop
  endfacet
  facet normal 0.0656829 -0.997841 0
    outer loop
      vertex -11.1109 21.3427 6
      vertex -11 21.35 12
      vertex -11.1109 21.3427 12
    endloop
  endfacet
  facet normal 0.0656829 -0.997841 0
    outer loop
      vertex -11 21.35 12
      vertex -11.1109 21.3427 6
      vertex -11 21.35 6
    endloop
  endfacet
  facet normal -0.659776 -0.751462 0
    outer loop
      vertex -10.4826 21.1744 6
      vertex -10.399 21.101 12
      vertex -10.4826 21.1744 12
    endloop
  endfacet
  facet normal -0.659776 -0.751462 -0
    outer loop
      vertex -10.399 21.101 12
      vertex -10.4826 21.1744 6
      vertex -10.399 21.101 6
    endloop
  endfacet
  facet normal 0.751908 -0.659268 0
    outer loop
      vertex -11.6743 21.0174 12
      vertex -11.601 21.101 6
      vertex -11.601 21.101 12
    endloop
  endfacet
  facet normal 0.751908 -0.659268 0
    outer loop
      vertex -11.601 21.101 6
      vertex -11.6743 21.0174 12
      vertex -11.6743 21.0174 6
    endloop
  endfacet
  facet normal 0.44253 -0.896754 0
    outer loop
      vertex -11.425 21.2361 6
      vertex -11.3253 21.2853 12
      vertex -11.425 21.2361 12
    endloop
  endfacet
  facet normal 0.44253 -0.896754 0
    outer loop
      vertex -11.3253 21.2853 12
      vertex -11.425 21.2361 6
      vertex -11.3253 21.2853 6
    endloop
  endfacet
  facet normal -0.896754 -0.44253 0
    outer loop
      vertex -10.2147 20.8253 6
      vertex -10.2639 20.925 12
      vertex -10.2639 20.925 6
    endloop
  endfacet
  facet normal -0.896754 -0.44253 0
    outer loop
      vertex -10.2639 20.925 12
      vertex -10.2147 20.8253 6
      vertex -10.2147 20.8253 12
    endloop
  endfacet
  facet normal -0.831635 -0.555323 0
    outer loop
      vertex -10.2639 20.925 6
      vertex -10.3256 21.0174 12
      vertex -10.3256 21.0174 6
    endloop
  endfacet
  facet normal -0.831635 -0.555323 0
    outer loop
      vertex -10.3256 21.0174 12
      vertex -10.2639 20.925 6
      vertex -10.2639 20.925 12
    endloop
  endfacet
  facet normal -0.32108 -0.947052 0
    outer loop
      vertex -10.78 21.321 6
      vertex -10.6747 21.2853 12
      vertex -10.78 21.321 12
    endloop
  endfacet
  facet normal -0.32108 -0.947052 -0
    outer loop
      vertex -10.6747 21.2853 12
      vertex -10.78 21.321 6
      vertex -10.6747 21.2853 6
    endloop
  endfacet
  facet normal -0.195079 -0.980788 0
    outer loop
      vertex -10.8891 21.3427 6
      vertex -10.78 21.321 12
      vertex -10.8891 21.3427 12
    endloop
  endfacet
  facet normal -0.195079 -0.980788 -0
    outer loop
      vertex -10.78 21.321 12
      vertex -10.8891 21.3427 6
      vertex -10.78 21.321 6
    endloop
  endfacet
  facet normal -0.44253 -0.896754 0
    outer loop
      vertex -10.6747 21.2853 6
      vertex -10.575 21.2361 12
      vertex -10.6747 21.2853 12
    endloop
  endfacet
  facet normal -0.44253 -0.896754 -0
    outer loop
      vertex -10.575 21.2361 12
      vertex -10.6747 21.2853 6
      vertex -10.575 21.2361 6
    endloop
  endfacet
  facet normal 0.947052 -0.32108 0
    outer loop
      vertex -11.821 20.72 12
      vertex -11.7853 20.8253 6
      vertex -11.7853 20.8253 12
    endloop
  endfacet
  facet normal 0.947052 -0.32108 0
    outer loop
      vertex -11.7853 20.8253 6
      vertex -11.821 20.72 12
      vertex -11.821 20.72 6
    endloop
  endfacet
  facet normal 0.980788 -0.195079 0
    outer loop
      vertex -11.8427 20.6109 12
      vertex -11.821 20.72 6
      vertex -11.821 20.72 12
    endloop
  endfacet
  facet normal 0.980788 -0.195079 0
    outer loop
      vertex -11.821 20.72 6
      vertex -11.8427 20.6109 12
      vertex -11.8427 20.6109 6
    endloop
  endfacet
  facet normal 0.555323 -0.831635 0
    outer loop
      vertex -11.5174 21.1744 6
      vertex -11.425 21.2361 12
      vertex -11.5174 21.1744 12
    endloop
  endfacet
  facet normal 0.555323 -0.831635 0
    outer loop
      vertex -11.425 21.2361 12
      vertex -11.5174 21.1744 6
      vertex -11.425 21.2361 6
    endloop
  endfacet
  facet normal 0.32108 -0.947052 0
    outer loop
      vertex -11.3253 21.2853 6
      vertex -11.22 21.321 12
      vertex -11.3253 21.2853 12
    endloop
  endfacet
  facet normal 0.32108 -0.947052 0
    outer loop
      vertex -11.22 21.321 12
      vertex -11.3253 21.2853 6
      vertex -11.22 21.321 6
    endloop
  endfacet
  facet normal -0.555323 0.831635 0
    outer loop
      vertex -10.4826 19.8256 6
      vertex -10.575 19.7639 12
      vertex -10.4826 19.8256 12
    endloop
  endfacet
  facet normal -0.555323 0.831635 0
    outer loop
      vertex -10.575 19.7639 12
      vertex -10.4826 19.8256 6
      vertex -10.575 19.7639 6
    endloop
  endfacet
  facet normal -0.980788 0.195079 0
    outer loop
      vertex -10.179 20.28 6
      vertex -10.1573 20.3891 12
      vertex -10.1573 20.3891 6
    endloop
  endfacet
  facet normal -0.980788 0.195079 0
    outer loop
      vertex -10.1573 20.3891 12
      vertex -10.179 20.28 6
      vertex -10.179 20.28 12
    endloop
  endfacet
  facet normal 0.195079 0.980788 -0
    outer loop
      vertex -11.1109 19.6573 6
      vertex -11.22 19.679 12
      vertex -11.1109 19.6573 12
    endloop
  endfacet
  facet normal 0.195079 0.980788 0
    outer loop
      vertex -11.22 19.679 12
      vertex -11.1109 19.6573 6
      vertex -11.22 19.679 6
    endloop
  endfacet
  facet normal 0.831219 0.555945 0
    outer loop
      vertex -11.6743 19.9826 12
      vertex -11.7361 20.075 6
      vertex -11.7361 20.075 12
    endloop
  endfacet
  facet normal 0.831219 0.555945 0
    outer loop
      vertex -11.7361 20.075 6
      vertex -11.6743 19.9826 12
      vertex -11.6743 19.9826 6
    endloop
  endfacet
  facet normal -0.947052 -0.32108 0
    outer loop
      vertex -10.179 20.72 6
      vertex -10.2147 20.8253 12
      vertex -10.2147 20.8253 6
    endloop
  endfacet
  facet normal -0.947052 -0.32108 0
    outer loop
      vertex -10.2147 20.8253 12
      vertex -10.179 20.72 6
      vertex -10.179 20.72 12
    endloop
  endfacet
  facet normal -0.980788 -0.195079 0
    outer loop
      vertex -10.1573 20.6109 6
      vertex -10.179 20.72 12
      vertex -10.179 20.72 6
    endloop
  endfacet
  facet normal -0.980788 -0.195079 0
    outer loop
      vertex -10.179 20.72 12
      vertex -10.1573 20.6109 6
      vertex -10.1573 20.6109 12
    endloop
  endfacet
  facet normal -0.751462 -0.659776 0
    outer loop
      vertex -10.3256 21.0174 6
      vertex -10.399 21.101 12
      vertex -10.399 21.101 6
    endloop
  endfacet
  facet normal -0.751462 -0.659776 0
    outer loop
      vertex -10.399 21.101 12
      vertex -10.3256 21.0174 6
      vertex -10.3256 21.0174 12
    endloop
  endfacet
  facet normal -0.0656829 -0.997841 0
    outer loop
      vertex -11 21.35 6
      vertex -10.8891 21.3427 12
      vertex -11 21.35 12
    endloop
  endfacet
  facet normal -0.0656829 -0.997841 -0
    outer loop
      vertex -10.8891 21.3427 12
      vertex -11 21.35 6
      vertex -10.8891 21.3427 6
    endloop
  endfacet
  facet normal -0.555323 -0.831635 0
    outer loop
      vertex -10.575 21.2361 6
      vertex -10.4826 21.1744 12
      vertex -10.575 21.2361 12
    endloop
  endfacet
  facet normal -0.555323 -0.831635 -0
    outer loop
      vertex -10.4826 21.1744 12
      vertex -10.575 21.2361 6
      vertex -10.4826 21.1744 6
    endloop
  endfacet
  facet normal 0 0 1
    outer loop
      vertex -10.1573 20.6109 6
      vertex -10.1573 20.3891 6
      vertex -10.15 20.5 6
    endloop
  endfacet
  facet normal 0 0 1
    outer loop
      vertex -10.179 20.72 6
      vertex -10.1573 20.3891 6
      vertex -10.1573 20.6109 6
    endloop
  endfacet
  facet normal 0 0 1
    outer loop
      vertex -10.179 20.72 6
      vertex -10.179 20.28 6
      vertex -10.1573 20.3891 6
    endloop
  endfacet
  facet normal 0 0 1
    outer loop
      vertex -10.2147 20.8253 6
      vertex -10.179 20.28 6
      vertex -10.179 20.72 6
    endloop
  endfacet
  facet normal 0 0 1
    outer loop
      vertex -10.2147 20.8253 6
      vertex -10.2147 20.1747 6
      vertex -10.179 20.28 6
    endloop
  endfacet
  facet normal 0 0 1
    outer loop
      vertex -10.2639 20.925 6
      vertex -10.2147 20.1747 6
      vertex -10.2147 20.8253 6
    endloop
  endfacet
  facet normal 0 0 1
    outer loop
      vertex -10.2639 20.925 6
      vertex -10.2639 20.075 6
      vertex -10.2147 20.1747 6
    endloop
  endfacet
  facet normal 0 0 1
    outer loop
      vertex -10.3256 21.0174 6
      vertex -10.2639 20.075 6
      vertex -10.2639 20.925 6
    endloop
  endfacet
  facet normal 0 0 1
    outer loop
      vertex -10.3256 21.0174 6
      vertex -10.3256 19.9826 6
      vertex -10.2639 20.075 6
    endloop
  endfacet
  facet normal 0 0 1
    outer loop
      vertex -10.399 21.101 6
      vertex -10.3256 19.9826 6
      vertex -10.3256 21.0174 6
    endloop
  endfacet
  facet normal 0 0 1
    outer loop
      vertex -10.399 21.101 6
      vertex -10.399 19.899 6
      vertex -10.3256 19.9826 6
    endloop
  endfacet
  facet normal 0 0 1
    outer loop
      vertex -10.4826 21.1744 6
      vertex -10.399 19.899 6
      vertex -10.399 21.101 6
    endloop
  endfacet
  facet normal 0 0 1
    outer loop
      vertex -10.4826 21.1744 6
      vertex -10.4826 19.8256 6
      vertex -10.399 19.899 6
    endloop
  endfacet
  facet normal 0 0 1
    outer loop
      vertex -10.575 21.2361 6
      vertex -10.4826 19.8256 6
      vertex -10.4826 21.1744 6
    endloop
  endfacet
  facet normal 0 0 1
    outer loop
      vertex -10.575 21.2361 6
      vertex -10.575 19.7639 6
      vertex -10.4826 19.8256 6
    endloop
  endfacet
  facet normal 0 0 1
    outer loop
      vertex -10.6747 21.2853 6
      vertex -10.575 19.7639 6
      vertex -10.575 21.2361 6
    endloop
  endfacet
  facet normal 0 0 1
    outer loop
      vertex -10.6747 21.2853 6
      vertex -10.6747 19.7147 6
      vertex -10.575 19.7639 6
    endloop
  endfacet
  facet normal 0 0 1
    outer loop
      vertex -10.78 21.321 6
      vertex -10.6747 19.7147 6
      vertex -10.6747 21.2853 6
    endloop
  endfacet
  facet normal 0 0 1
    outer loop
      vertex -10.78 21.321 6
      vertex -10.78 19.679 6
      vertex -10.6747 19.7147 6
    endloop
  endfacet
  facet normal 0 0 1
    outer loop
      vertex -10.8891 21.3427 6
      vertex -10.78 19.679 6
      vertex -10.78 21.321 6
    endloop
  endfacet
  facet normal 0 0 1
    outer loop
      vertex -10.8891 21.3427 6
      vertex -10.8891 19.6573 6
      vertex -10.78 19.679 6
    endloop
  endfacet
  facet normal 0 0 1
    outer loop
      vertex -11 21.35 6
      vertex -10.8891 19.6573 6
      vertex -10.8891 21.3427 6
    endloop
  endfacet
  facet normal 0 0 1
    outer loop
      vertex -11 21.35 6
      vertex -11 19.65 6
      vertex -10.8891 19.6573 6
    endloop
  endfacet
  facet normal -0 0 1
    outer loop
      vertex -11.1109 21.3427 6
      vertex -11 19.65 6
      vertex -11 21.35 6
    endloop
  endfacet
  facet normal 0 0 1
    outer loop
      vertex -11.1109 21.3427 6
      vertex -11.1109 19.6573 6
      vertex -11 19.65 6
    endloop
  endfacet
  facet normal -0 0 1
    outer loop
      vertex -11.22 21.321 6
      vertex -11.1109 19.6573 6
      vertex -11.1109 21.3427 6
    endloop
  endfacet
  facet normal 0 0 1
    outer loop
      vertex -11.22 21.321 6
      vertex -11.22 19.679 6
      vertex -11.1109 19.6573 6
    endloop
  endfacet
  facet normal -0 0 1
    outer loop
      vertex -11.3253 21.2853 6
      vertex -11.22 19.679 6
      vertex -11.22 21.321 6
    endloop
  endfacet
  facet normal 0 0 1
    outer loop
      vertex -11.3253 21.2853 6
      vertex -11.3253 19.7147 6
      vertex -11.22 19.679 6
    endloop
  endfacet
  facet normal -0 0 1
    outer loop
      vertex -11.425 21.2361 6
      vertex -11.3253 19.7147 6
      vertex -11.3253 21.2853 6
    endloop
  endfacet
  facet normal 0 0 1
    outer loop
      vertex -11.425 21.2361 6
      vertex -11.425 19.7639 6
      vertex -11.3253 19.7147 6
    endloop
  endfacet
  facet normal -0 0 1
    outer loop
      vertex -11.5174 21.1744 6
      vertex -11.425 19.7639 6
      vertex -11.425 21.2361 6
    endloop
  endfacet
  facet normal 0 0 1
    outer loop
      vertex -11.5174 21.1744 6
      vertex -11.5174 19.8256 6
      vertex -11.425 19.7639 6
    endloop
  endfacet
  facet normal -0 0 1
    outer loop
      vertex -11.601 21.101 6
      vertex -11.5174 19.8256 6
      vertex -11.5174 21.1744 6
    endloop
  endfacet
  facet normal 0 0 1
    outer loop
      vertex -11.601 21.101 6
      vertex -11.601 19.899 6
      vertex -11.5174 19.8256 6
    endloop
  endfacet
  facet normal -0 0 1
    outer loop
      vertex -11.6743 21.0174 6
      vertex -11.601 19.899 6
      vertex -11.601 21.101 6
    endloop
  endfacet
  facet normal 0 0 1
    outer loop
      vertex -11.6743 21.0174 6
      vertex -11.6743 19.9826 6
      vertex -11.601 19.899 6
    endloop
  endfacet
  facet normal -0 0 1
    outer loop
      vertex -11.7361 20.925 6
      vertex -11.6743 19.9826 6
      vertex -11.6743 21.0174 6
    endloop
  endfacet
  facet normal 0 0 1
    outer loop
      vertex -11.7361 20.925 6
      vertex -11.7361 20.075 6
      vertex -11.6743 19.9826 6
    endloop
  endfacet
  facet normal -0 0 1
    outer loop
      vertex -11.7853 20.8253 6
      vertex -11.7361 20.075 6
      vertex -11.7361 20.925 6
    endloop
  endfacet
  facet normal 0 0 1
    outer loop
      vertex -11.7853 20.8253 6
      vertex -11.7853 20.1747 6
      vertex -11.7361 20.075 6
    endloop
  endfacet
  facet normal -0 0 1
    outer loop
      vertex -11.821 20.72 6
      vertex -11.7853 20.1747 6
      vertex -11.7853 20.8253 6
    endloop
  endfacet
  facet normal 0 0 1
    outer loop
      vertex -11.821 20.72 6
      vertex -11.821 20.28 6
      vertex -11.7853 20.1747 6
    endloop
  endfacet
  facet normal -0 0 1
    outer loop
      vertex -11.8427 20.6109 6
      vertex -11.821 20.28 6
      vertex -11.821 20.72 6
    endloop
  endfacet
  facet normal 0 0 1
    outer loop
      vertex -11.8427 20.6109 6
      vertex -11.8427 20.3891 6
      vertex -11.821 20.28 6
    endloop
  endfacet
  facet normal 0 -0 1
    outer loop
      vertex -11.8427 20.3891 6
      vertex -11.8427 20.6109 6
      vertex -11.85 20.5 6
    endloop
  endfacet
  facet normal 0.896754 -0.44253 0
    outer loop
      vertex -11.7853 20.8253 12
      vertex -11.7361 20.925 6
      vertex -11.7361 20.925 12
    endloop
  endfacet
  facet normal 0.896754 -0.44253 0
    outer loop
      vertex -11.7361 20.925 6
      vertex -11.7853 20.8253 12
      vertex -11.7853 20.8253 6
    endloop
  endfacet
  facet normal 0.831219 -0.555945 0
    outer loop
      vertex -11.7361 20.925 12
      vertex -11.6743 21.0174 6
      vertex -11.6743 21.0174 12
    endloop
  endfacet
  facet normal 0.831219 -0.555945 0
    outer loop
      vertex -11.6743 21.0174 6
      vertex -11.7361 20.925 12
      vertex -11.7361 20.925 6
    endloop
  endfacet
  facet normal 0.997841 -0.0656829 0
    outer loop
      vertex -11.85 20.5 12
      vertex -11.8427 20.6109 6
      vertex -11.8427 20.6109 12
    endloop
  endfacet
  facet normal 0.997841 -0.0656829 0
    outer loop
      vertex -11.8427 20.6109 6
      vertex -11.85 20.5 12
      vertex -11.85 20.5 6
    endloop
  endfacet
  facet normal 0.659776 -0.751462 0
    outer loop
      vertex -11.601 21.101 6
      vertex -11.5174 21.1744 12
      vertex -11.601 21.101 12
    endloop
  endfacet
  facet normal 0.659776 -0.751462 0
    outer loop
      vertex -11.5174 21.1744 12
      vertex -11.601 21.101 6
      vertex -11.5174 21.1744 6
    endloop
  endfacet
  facet normal 0.195079 -0.980788 0
    outer loop
      vertex -11.22 21.321 6
      vertex -11.1109 21.3427 12
      vertex -11.22 21.321 12
    endloop
  endfacet
  facet normal 0.195079 -0.980788 0
    outer loop
      vertex -11.1109 21.3427 12
      vertex -11.22 21.321 6
      vertex -11.1109 21.3427 6
    endloop
  endfacet
  facet normal -0.997841 0.0656829 0
    outer loop
      vertex -10.1573 20.3891 6
      vertex -10.15 20.5 12
      vertex -10.15 20.5 6
    endloop
  endfacet
  facet normal -0.997841 0.0656829 0
    outer loop
      vertex -10.15 20.5 12
      vertex -10.1573 20.3891 6
      vertex -10.1573 20.3891 12
    endloop
  endfacet
  facet normal -0.195079 0.980788 0
    outer loop
      vertex -10.78 19.679 6
      vertex -10.8891 19.6573 12
      vertex -10.78 19.679 12
    endloop
  endfacet
  facet normal -0.195079 0.980788 0
    outer loop
      vertex -10.8891 19.6573 12
      vertex -10.78 19.679 6
      vertex -10.8891 19.6573 6
    endloop
  endfacet
  facet normal -0.44253 0.896754 0
    outer loop
      vertex -10.575 19.7639 6
      vertex -10.6747 19.7147 12
      vertex -10.575 19.7639 12
    endloop
  endfacet
  facet normal -0.44253 0.896754 0
    outer loop
      vertex -10.6747 19.7147 12
      vertex -10.575 19.7639 6
      vertex -10.6747 19.7147 6
    endloop
  endfacet
  facet normal -0.659776 0.751462 0
    outer loop
      vertex -10.399 19.899 6
      vertex -10.4826 19.8256 12
      vertex -10.399 19.899 12
    endloop
  endfacet
  facet normal -0.659776 0.751462 0
    outer loop
      vertex -10.4826 19.8256 12
      vertex -10.399 19.899 6
      vertex -10.4826 19.8256 6
    endloop
  endfacet
  facet normal -0.831635 0.555323 0
    outer loop
      vertex -10.3256 19.9826 6
      vertex -10.2639 20.075 12
      vertex -10.2639 20.075 6
    endloop
  endfacet
  facet normal -0.831635 0.555323 0
    outer loop
      vertex -10.2639 20.075 12
      vertex -10.3256 19.9826 6
      vertex -10.3256 19.9826 12
    endloop
  endfacet
  facet normal 0.555323 0.831635 -0
    outer loop
      vertex -11.425 19.7639 6
      vertex -11.5174 19.8256 12
      vertex -11.425 19.7639 12
    endloop
  endfacet
  facet normal 0.555323 0.831635 0
    outer loop
      vertex -11.5174 19.8256 12
      vertex -11.425 19.7639 6
      vertex -11.5174 19.8256 6
    endloop
  endfacet
  facet normal 0.32108 0.947052 -0
    outer loop
      vertex -11.22 19.679 6
      vertex -11.3253 19.7147 12
      vertex -11.22 19.679 12
    endloop
  endfacet
  facet normal 0.32108 0.947052 0
    outer loop
      vertex -11.3253 19.7147 12
      vertex -11.22 19.679 6
      vertex -11.3253 19.7147 6
    endloop
  endfacet
  facet normal 0.0656829 0.997841 -0
    outer loop
      vertex -11 19.65 6
      vertex -11.1109 19.6573 12
      vertex -11 19.65 12
    endloop
  endfacet
  facet normal 0.0656829 0.997841 0
    outer loop
      vertex -11.1109 19.6573 12
      vertex -11 19.65 6
      vertex -11.1109 19.6573 6
    endloop
  endfacet
  facet normal 0.751908 0.659268 0
    outer loop
      vertex -11.601 19.899 12
      vertex -11.6743 19.9826 6
      vertex -11.6743 19.9826 12
    endloop
  endfacet
  facet normal 0.751908 0.659268 0
    outer loop
      vertex -11.6743 19.9826 6
      vertex -11.601 19.899 12
      vertex -11.601 19.899 6
    endloop
  endfacet
  facet normal 0.896754 0.44253 0
    outer loop
      vertex -11.7361 20.075 12
      vertex -11.7853 20.1747 6
      vertex -11.7853 20.1747 12
    endloop
  endfacet
  facet normal 0.896754 0.44253 0
    outer loop
      vertex -11.7853 20.1747 6
      vertex -11.7361 20.075 12
      vertex -11.7361 20.075 6
    endloop
  endfacet
  facet normal 0.980788 0.195079 0
    outer loop
      vertex -11.821 20.28 12
      vertex -11.8427 20.3891 6
      vertex -11.8427 20.3891 12
    endloop
  endfacet
  facet normal 0.980788 0.195079 0
    outer loop
      vertex -11.8427 20.3891 6
      vertex -11.821 20.28 12
      vertex -11.821 20.28 6
    endloop
  endfacet
  facet normal 0.997841 0.0656829 0
    outer loop
      vertex -11.8427 20.3891 12
      vertex -11.85 20.5 6
      vertex -11.85 20.5 12
    endloop
  endfacet
  facet normal 0.997841 0.0656829 0
    outer loop
      vertex -11.85 20.5 6
      vertex -11.8427 20.3891 12
      vertex -11.8427 20.3891 6
    endloop
  endfacet
  facet normal -0.947052 0.32108 0
    outer loop
      vertex -10.2147 20.1747 6
      vertex -10.179 20.28 12
      vertex -10.179 20.28 6
    endloop
  endfacet
  facet normal -0.947052 0.32108 0
    outer loop
      vertex -10.179 20.28 12
      vertex -10.2147 20.1747 6
      vertex -10.2147 20.1747 12
    endloop
  endfacet
  facet normal -0.32108 0.947052 0
    outer loop
      vertex -10.6747 19.7147 6
      vertex -10.78 19.679 12
      vertex -10.6747 19.7147 12
    endloop
  endfacet
  facet normal -0.32108 0.947052 0
    outer loop
      vertex -10.78 19.679 12
      vertex -10.6747 19.7147 6
      vertex -10.78 19.679 6
    endloop
  endfacet
  facet normal -0.751462 0.659776 0
    outer loop
      vertex -10.399 19.899 6
      vertex -10.3256 19.9826 12
      vertex -10.3256 19.9826 6
    endloop
  endfacet
  facet normal -0.751462 0.659776 0
    outer loop
      vertex -10.3256 19.9826 12
      vertex -10.399 19.899 6
      vertex -10.399 19.899 12
    endloop
  endfacet
  facet normal 0.44253 0.896754 -0
    outer loop
      vertex -11.3253 19.7147 6
      vertex -11.425 19.7639 12
      vertex -11.3253 19.7147 12
    endloop
  endfacet
  facet normal 0.44253 0.896754 0
    outer loop
      vertex -11.425 19.7639 12
      vertex -11.3253 19.7147 6
      vertex -11.425 19.7639 6
    endloop
  endfacet
  facet normal -0.0656829 0.997841 0
    outer loop
      vertex -10.8891 19.6573 6
      vertex -11 19.65 12
      vertex -10.8891 19.6573 12
    endloop
  endfacet
  facet normal -0.0656829 0.997841 0
    outer loop
      vertex -11 19.65 12
      vertex -10.8891 19.6573 6
      vertex -11 19.65 6
    endloop
  endfacet
  facet normal 0.659776 0.751462 -0
    outer loop
      vertex -11.5174 19.8256 6
      vertex -11.601 19.899 12
      vertex -11.5174 19.8256 12
    endloop
  endfacet
  facet normal 0.659776 0.751462 0
    outer loop
      vertex -11.601 19.899 12
      vertex -11.5174 19.8256 6
      vertex -11.601 19.899 6
    endloop
  endfacet
  facet normal 0.947052 0.32108 0
    outer loop
      vertex -11.7853 20.1747 12
      vertex -11.821 20.28 6
      vertex -11.821 20.28 12
    endloop
  endfacet
  facet normal 0.947052 0.32108 0
    outer loop
      vertex -11.821 20.28 6
      vertex -11.7853 20.1747 12
      vertex -11.7853 20.1747 6
    endloop
  endfacet
  facet normal -0.896754 0.44253 0
    outer loop
      vertex -10.2639 20.075 6
      vertex -10.2147 20.1747 12
      vertex -10.2147 20.1747 6
    endloop
  endfacet
  facet normal -0.896754 0.44253 0
    outer loop
      vertex -10.2147 20.1747 12
      vertex -10.2639 20.075 6
      vertex -10.2639 20.075 12
    endloop
  endfacet
  facet normal -0.997858 -0.0654141 0
    outer loop
      vertex 8.85 20.5 6
      vertex 8.84273 20.6109 12
      vertex 8.84273 20.6109 6
    endloop
  endfacet
  facet normal -0.997858 -0.0654141 0
    outer loop
      vertex 8.84273 20.6109 12
      vertex 8.85 20.5 6
      vertex 8.85 20.5 12
    endloop
  endfacet
  facet normal 0.0656534 -0.997842 0
    outer loop
      vertex 7.88905 21.3427 6
      vertex 8 21.35 12
      vertex 7.88905 21.3427 12
    endloop
  endfacet
  facet normal 0.0656534 -0.997842 0
    outer loop
      vertex 8 21.35 12
      vertex 7.88905 21.3427 6
      vertex 8 21.35 6
    endloop
  endfacet
  facet normal -0.659821 -0.751423 0
    outer loop
      vertex 8.51745 21.1744 6
      vertex 8.60104 21.101 12
      vertex 8.51745 21.1744 12
    endloop
  endfacet
  facet normal -0.659821 -0.751423 -0
    outer loop
      vertex 8.60104 21.101 12
      vertex 8.51745 21.1744 6
      vertex 8.60104 21.101 6
    endloop
  endfacet
  facet normal 0.751863 -0.659319 0
    outer loop
      vertex 7.32565 21.0174 12
      vertex 7.39896 21.101 6
      vertex 7.39896 21.101 12
    endloop
  endfacet
  facet normal 0.751863 -0.659319 0
    outer loop
      vertex 7.39896 21.101 6
      vertex 7.32565 21.0174 12
      vertex 7.32565 21.0174 6
    endloop
  endfacet
  facet normal 0.442459 -0.896789 0
    outer loop
      vertex 7.575 21.2361 6
      vertex 7.67472 21.2853 12
      vertex 7.575 21.2361 12
    endloop
  endfacet
  facet normal 0.442459 -0.896789 0
    outer loop
      vertex 7.67472 21.2853 12
      vertex 7.575 21.2361 6
      vertex 7.67472 21.2853 6
    endloop
  endfacet
  facet normal -0.896825 -0.442386 0
    outer loop
      vertex 8.7853 20.8253 6
      vertex 8.73612 20.925 12
      vertex 8.73612 20.925 6
    endloop
  endfacet
  facet normal -0.896825 -0.442386 0
    outer loop
      vertex 8.73612 20.925 12
      vertex 8.7853 20.8253 6
      vertex 8.7853 20.8253 12
    endloop
  endfacet
  facet normal -0.831344 -0.555759 0
    outer loop
      vertex 8.73612 20.925 6
      vertex 8.67435 21.0174 12
      vertex 8.67435 21.0174 6
    endloop
  endfacet
  facet normal -0.831344 -0.555759 0
    outer loop
      vertex 8.67435 21.0174 12
      vertex 8.73612 20.925 6
      vertex 8.73612 20.925 12
    endloop
  endfacet
  facet normal -0.321135 -0.947033 0
    outer loop
      vertex 8.22 21.321 6
      vertex 8.32528 21.2853 12
      vertex 8.22 21.321 12
    endloop
  endfacet
  facet normal -0.321135 -0.947033 -0
    outer loop
      vertex 8.32528 21.2853 12
      vertex 8.22 21.321 6
      vertex 8.32528 21.2853 6
    endloop
  endfacet
  facet normal -0.195165 -0.98077 0
    outer loop
      vertex 8.11095 21.3427 6
      vertex 8.22 21.321 12
      vertex 8.11095 21.3427 12
    endloop
  endfacet
  facet normal -0.195165 -0.98077 -0
    outer loop
      vertex 8.22 21.321 12
      vertex 8.11095 21.3427 6
      vertex 8.22 21.321 6
    endloop
  endfacet
  facet normal -0.442459 -0.896789 0
    outer loop
      vertex 8.32528 21.2853 6
      vertex 8.425 21.2361 12
      vertex 8.32528 21.2853 12
    endloop
  endfacet
  facet normal -0.442459 -0.896789 -0
    outer loop
      vertex 8.425 21.2361 12
      vertex 8.32528 21.2853 6
      vertex 8.425 21.2361 6
    endloop
  endfacet
  facet normal 0.946943 -0.321403 0
    outer loop
      vertex 7.17896 20.72 12
      vertex 7.2147 20.8253 6
      vertex 7.2147 20.8253 12
    endloop
  endfacet
  facet normal 0.946943 -0.321403 0
    outer loop
      vertex 7.2147 20.8253 6
      vertex 7.17896 20.72 12
      vertex 7.17896 20.72 6
    endloop
  endfacet
  facet normal 0.980805 -0.194992 0
    outer loop
      vertex 7.15727 20.6109 12
      vertex 7.17896 20.72 6
      vertex 7.17896 20.72 12
    endloop
  endfacet
  facet normal 0.980805 -0.194992 0
    outer loop
      vertex 7.17896 20.72 6
      vertex 7.15727 20.6109 12
      vertex 7.15727 20.6109 6
    endloop
  endfacet
  facet normal 0.555115 -0.831773 0
    outer loop
      vertex 7.48255 21.1744 6
      vertex 7.575 21.2361 12
      vertex 7.48255 21.1744 12
    endloop
  endfacet
  facet normal 0.555115 -0.831773 0
    outer loop
      vertex 7.575 21.2361 12
      vertex 7.48255 21.1744 6
      vertex 7.575 21.2361 6
    endloop
  endfacet
  facet normal 0.321135 -0.947033 0
    outer loop
      vertex 7.67472 21.2853 6
      vertex 7.78 21.321 12
      vertex 7.67472 21.2853 12
    endloop
  endfacet
  facet normal 0.321135 -0.947033 0
    outer loop
      vertex 7.78 21.321 12
      vertex 7.67472 21.2853 6
      vertex 7.78 21.321 6
    endloop
  endfacet
  facet normal -0.555115 0.831773 0
    outer loop
      vertex 8.51745 19.8256 6
      vertex 8.425 19.7639 12
      vertex 8.51745 19.8256 12
    endloop
  endfacet
  facet normal -0.555115 0.831773 0
    outer loop
      vertex 8.425 19.7639 12
      vertex 8.51745 19.8256 6
      vertex 8.425 19.7639 6
    endloop
  endfacet
  facet normal -0.980805 0.194992 0
    outer loop
      vertex 8.82104 20.28 6
      vertex 8.84273 20.3891 12
      vertex 8.84273 20.3891 6
    endloop
  endfacet
  facet normal -0.980805 0.194992 0
    outer loop
      vertex 8.84273 20.3891 12
      vertex 8.82104 20.28 6
      vertex 8.82104 20.28 12
    endloop
  endfacet
  facet normal 0.195165 0.98077 -0
    outer loop
      vertex 7.88905 19.6573 6
      vertex 7.78 19.679 12
      vertex 7.88905 19.6573 12
    endloop
  endfacet
  facet normal 0.195165 0.98077 0
    outer loop
      vertex 7.78 19.679 12
      vertex 7.88905 19.6573 6
      vertex 7.78 19.679 6
    endloop
  endfacet
  facet normal 0.831344 0.555759 0
    outer loop
      vertex 7.32565 19.9826 12
      vertex 7.26388 20.075 6
      vertex 7.26388 20.075 12
    endloop
  endfacet
  facet normal 0.831344 0.555759 0
    outer loop
      vertex 7.26388 20.075 6
      vertex 7.32565 19.9826 12
      vertex 7.32565 19.9826 6
    endloop
  endfacet
  facet normal -0.946943 -0.321403 0
    outer loop
      vertex 8.82104 20.72 6
      vertex 8.7853 20.8253 12
      vertex 8.7853 20.8253 6
    endloop
  endfacet
  facet normal -0.946943 -0.321403 0
    outer loop
      vertex 8.7853 20.8253 12
      vertex 8.82104 20.72 6
      vertex 8.82104 20.72 12
    endloop
  endfacet
  facet normal -0.980805 -0.194992 0
    outer loop
      vertex 8.84273 20.6109 6
      vertex 8.82104 20.72 12
      vertex 8.82104 20.72 6
    endloop
  endfacet
  facet normal -0.980805 -0.194992 0
    outer loop
      vertex 8.82104 20.72 12
      vertex 8.84273 20.6109 6
      vertex 8.84273 20.6109 12
    endloop
  endfacet
  facet normal -0.751863 -0.659319 0
    outer loop
      vertex 8.67435 21.0174 6
      vertex 8.60104 21.101 12
      vertex 8.60104 21.101 6
    endloop
  endfacet
  facet normal -0.751863 -0.659319 0
    outer loop
      vertex 8.60104 21.101 12
      vertex 8.67435 21.0174 6
      vertex 8.67435 21.0174 12
    endloop
  endfacet
  facet normal -0.0656534 -0.997842 0
    outer loop
      vertex 8 21.35 6
      vertex 8.11095 21.3427 12
      vertex 8 21.35 12
    endloop
  endfacet
  facet normal -0.0656534 -0.997842 -0
    outer loop
      vertex 8.11095 21.3427 12
      vertex 8 21.35 6
      vertex 8.11095 21.3427 6
    endloop
  endfacet
  facet normal -0.555115 -0.831773 0
    outer loop
      vertex 8.425 21.2361 6
      vertex 8.51745 21.1744 12
      vertex 8.425 21.2361 12
    endloop
  endfacet
  facet normal -0.555115 -0.831773 -0
    outer loop
      vertex 8.51745 21.1744 12
      vertex 8.425 21.2361 6
      vertex 8.51745 21.1744 6
    endloop
  endfacet
  facet normal 0 0 1
    outer loop
      vertex 8.84273 20.6109 6
      vertex 8.84273 20.3891 6
      vertex 8.85 20.5 6
    endloop
  endfacet
  facet normal 0 0 1
    outer loop
      vertex 8.82104 20.72 6
      vertex 8.84273 20.3891 6
      vertex 8.84273 20.6109 6
    endloop
  endfacet
  facet normal 0 0 1
    outer loop
      vertex 8.82104 20.72 6
      vertex 8.82104 20.28 6
      vertex 8.84273 20.3891 6
    endloop
  endfacet
  facet normal 0 0 1
    outer loop
      vertex 8.7853 20.8253 6
      vertex 8.82104 20.28 6
      vertex 8.82104 20.72 6
    endloop
  endfacet
  facet normal 0 0 1
    outer loop
      vertex 8.7853 20.8253 6
      vertex 8.7853 20.1747 6
      vertex 8.82104 20.28 6
    endloop
  endfacet
  facet normal 0 0 1
    outer loop
      vertex 8.73612 20.925 6
      vertex 8.7853 20.1747 6
      vertex 8.7853 20.8253 6
    endloop
  endfacet
  facet normal 0 0 1
    outer loop
      vertex 8.73612 20.925 6
      vertex 8.73612 20.075 6
      vertex 8.7853 20.1747 6
    endloop
  endfacet
  facet normal 0 0 1
    outer loop
      vertex 8.67435 21.0174 6
      vertex 8.73612 20.075 6
      vertex 8.73612 20.925 6
    endloop
  endfacet
  facet normal 0 0 1
    outer loop
      vertex 8.67435 21.0174 6
      vertex 8.67435 19.9826 6
      vertex 8.73612 20.075 6
    endloop
  endfacet
  facet normal 0 0 1
    outer loop
      vertex 8.60104 21.101 6
      vertex 8.67435 19.9826 6
      vertex 8.67435 21.0174 6
    endloop
  endfacet
  facet normal 0 0 1
    outer loop
      vertex 8.60104 21.101 6
      vertex 8.60104 19.899 6
      vertex 8.67435 19.9826 6
    endloop
  endfacet
  facet normal 0 0 1
    outer loop
      vertex 8.51745 21.1744 6
      vertex 8.60104 19.899 6
      vertex 8.60104 21.101 6
    endloop
  endfacet
  facet normal 0 0 1
    outer loop
      vertex 8.51745 21.1744 6
      vertex 8.51745 19.8256 6
      vertex 8.60104 19.899 6
    endloop
  endfacet
  facet normal 0 0 1
    outer loop
      vertex 8.425 21.2361 6
      vertex 8.51745 19.8256 6
      vertex 8.51745 21.1744 6
    endloop
  endfacet
  facet normal 0 0 1
    outer loop
      vertex 8.425 21.2361 6
      vertex 8.425 19.7639 6
      vertex 8.51745 19.8256 6
    endloop
  endfacet
  facet normal 0 0 1
    outer loop
      vertex 8.32528 21.2853 6
      vertex 8.425 19.7639 6
      vertex 8.425 21.2361 6
    endloop
  endfacet
  facet normal 0 0 1
    outer loop
      vertex 8.32528 21.2853 6
      vertex 8.32528 19.7147 6
      vertex 8.425 19.7639 6
    endloop
  endfacet
  facet normal 0 0 1
    outer loop
      vertex 8.22 21.321 6
      vertex 8.32528 19.7147 6
      vertex 8.32528 21.2853 6
    endloop
  endfacet
  facet normal 0 0 1
    outer loop
      vertex 8.22 21.321 6
      vertex 8.22 19.679 6
      vertex 8.32528 19.7147 6
    endloop
  endfacet
  facet normal 0 0 1
    outer loop
      vertex 8.11095 21.3427 6
      vertex 8.22 19.679 6
      vertex 8.22 21.321 6
    endloop
  endfacet
  facet normal 0 0 1
    outer loop
      vertex 8.11095 21.3427 6
      vertex 8.11095 19.6573 6
      vertex 8.22 19.679 6
    endloop
  endfacet
  facet normal 0 0 1
    outer loop
      vertex 8 21.35 6
      vertex 8.11095 19.6573 6
      vertex 8.11095 21.3427 6
    endloop
  endfacet
  facet normal 0 0 1
    outer loop
      vertex 8 21.35 6
      vertex 8 19.65 6
      vertex 8.11095 19.6573 6
    endloop
  endfacet
  facet normal -0 0 1
    outer loop
      vertex 7.88905 21.3427 6
      vertex 8 19.65 6
      vertex 8 21.35 6
    endloop
  endfacet
  facet normal 0 0 1
    outer loop
      vertex 7.88905 21.3427 6
      vertex 7.88905 19.6573 6
      vertex 8 19.65 6
    endloop
  endfacet
  facet normal -0 0 1
    outer loop
      vertex 7.78 21.321 6
      vertex 7.88905 19.6573 6
      vertex 7.88905 21.3427 6
    endloop
  endfacet
  facet normal 0 0 1
    outer loop
      vertex 7.78 21.321 6
      vertex 7.78 19.679 6
      vertex 7.88905 19.6573 6
    endloop
  endfacet
  facet normal -0 0 1
    outer loop
      vertex 7.67472 21.2853 6
      vertex 7.78 19.679 6
      vertex 7.78 21.321 6
    endloop
  endfacet
  facet normal 0 0 1
    outer loop
      vertex 7.67472 21.2853 6
      vertex 7.67472 19.7147 6
      vertex 7.78 19.679 6
    endloop
  endfacet
  facet normal -0 0 1
    outer loop
      vertex 7.575 21.2361 6
      vertex 7.67472 19.7147 6
      vertex 7.67472 21.2853 6
    endloop
  endfacet
  facet normal 0 0 1
    outer loop
      vertex 7.575 21.2361 6
      vertex 7.575 19.7639 6
      vertex 7.67472 19.7147 6
    endloop
  endfacet
  facet normal -0 0 1
    outer loop
      vertex 7.48255 21.1744 6
      vertex 7.575 19.7639 6
      vertex 7.575 21.2361 6
    endloop
  endfacet
  facet normal 0 0 1
    outer loop
      vertex 7.48255 21.1744 6
      vertex 7.48255 19.8256 6
      vertex 7.575 19.7639 6
    endloop
  endfacet
  facet normal -0 0 1
    outer loop
      vertex 7.39896 21.101 6
      vertex 7.48255 19.8256 6
      vertex 7.48255 21.1744 6
    endloop
  endfacet
  facet normal 0 0 1
    outer loop
      vertex 7.39896 21.101 6
      vertex 7.39896 19.899 6
      vertex 7.48255 19.8256 6
    endloop
  endfacet
  facet normal -0 0 1
    outer loop
      vertex 7.32565 21.0174 6
      vertex 7.39896 19.899 6
      vertex 7.39896 21.101 6
    endloop
  endfacet
  facet normal 0 0 1
    outer loop
      vertex 7.32565 21.0174 6
      vertex 7.32565 19.9826 6
      vertex 7.39896 19.899 6
    endloop
  endfacet
  facet normal -0 0 1
    outer loop
      vertex 7.26388 20.925 6
      vertex 7.32565 19.9826 6
      vertex 7.32565 21.0174 6
    endloop
  endfacet
  facet normal 0 0 1
    outer loop
      vertex 7.26388 20.925 6
      vertex 7.26388 20.075 6
      vertex 7.32565 19.9826 6
    endloop
  endfacet
  facet normal -0 0 1
    outer loop
      vertex 7.2147 20.8253 6
      vertex 7.26388 20.075 6
      vertex 7.26388 20.925 6
    endloop
  endfacet
  facet normal 0 0 1
    outer loop
      vertex 7.2147 20.8253 6
      vertex 7.2147 20.1747 6
      vertex 7.26388 20.075 6
    endloop
  endfacet
  facet normal -0 0 1
    outer loop
      vertex 7.17896 20.72 6
      vertex 7.2147 20.1747 6
      vertex 7.2147 20.8253 6
    endloop
  endfacet
  facet normal 0 0 1
    outer loop
      vertex 7.17896 20.72 6
      vertex 7.17896 20.28 6
      vertex 7.2147 20.1747 6
    endloop
  endfacet
  facet normal -0 0 1
    outer loop
      vertex 7.15727 20.6109 6
      vertex 7.17896 20.28 6
      vertex 7.17896 20.72 6
    endloop
  endfacet
  facet normal 0 0 1
    outer loop
      vertex 7.15727 20.6109 6
      vertex 7.15727 20.3891 6
      vertex 7.17896 20.28 6
    endloop
  endfacet
  facet normal 0 -0 1
    outer loop
      vertex 7.15727 20.3891 6
      vertex 7.15727 20.6109 6
      vertex 7.15 20.5 6
    endloop
  endfacet
  facet normal 0.896825 -0.442386 0
    outer loop
      vertex 7.2147 20.8253 12
      vertex 7.26388 20.925 6
      vertex 7.26388 20.925 12
    endloop
  endfacet
  facet normal 0.896825 -0.442386 0
    outer loop
      vertex 7.26388 20.925 6
      vertex 7.2147 20.8253 12
      vertex 7.2147 20.8253 6
    endloop
  endfacet
  facet normal 0.831344 -0.555759 0
    outer loop
      vertex 7.26388 20.925 12
      vertex 7.32565 21.0174 6
      vertex 7.32565 21.0174 12
    endloop
  endfacet
  facet normal 0.831344 -0.555759 0
    outer loop
      vertex 7.32565 21.0174 6
      vertex 7.26388 20.925 12
      vertex 7.26388 20.925 6
    endloop
  endfacet
  facet normal 0.997858 -0.0654141 0
    outer loop
      vertex 7.15 20.5 12
      vertex 7.15727 20.6109 6
      vertex 7.15727 20.6109 12
    endloop
  endfacet
  facet normal 0.997858 -0.0654141 0
    outer loop
      vertex 7.15727 20.6109 6
      vertex 7.15 20.5 12
      vertex 7.15 20.5 6
    endloop
  endfacet
  facet normal 0.659821 -0.751423 0
    outer loop
      vertex 7.39896 21.101 6
      vertex 7.48255 21.1744 12
      vertex 7.39896 21.101 12
    endloop
  endfacet
  facet normal 0.659821 -0.751423 0
    outer loop
      vertex 7.48255 21.1744 12
      vertex 7.39896 21.101 6
      vertex 7.48255 21.1744 6
    endloop
  endfacet
  facet normal 0.195165 -0.98077 0
    outer loop
      vertex 7.78 21.321 6
      vertex 7.88905 21.3427 12
      vertex 7.78 21.321 12
    endloop
  endfacet
  facet normal 0.195165 -0.98077 0
    outer loop
      vertex 7.88905 21.3427 12
      vertex 7.78 21.321 6
      vertex 7.88905 21.3427 6
    endloop
  endfacet
  facet normal -0.997858 0.0654141 0
    outer loop
      vertex 8.84273 20.3891 6
      vertex 8.85 20.5 12
      vertex 8.85 20.5 6
    endloop
  endfacet
  facet normal -0.997858 0.0654141 0
    outer loop
      vertex 8.85 20.5 12
      vertex 8.84273 20.3891 6
      vertex 8.84273 20.3891 12
    endloop
  endfacet
  facet normal -0.195165 0.98077 0
    outer loop
      vertex 8.22 19.679 6
      vertex 8.11095 19.6573 12
      vertex 8.22 19.679 12
    endloop
  endfacet
  facet normal -0.195165 0.98077 0
    outer loop
      vertex 8.11095 19.6573 12
      vertex 8.22 19.679 6
      vertex 8.11095 19.6573 6
    endloop
  endfacet
  facet normal -0.442459 0.896789 0
    outer loop
      vertex 8.425 19.7639 6
      vertex 8.32528 19.7147 12
      vertex 8.425 19.7639 12
    endloop
  endfacet
  facet normal -0.442459 0.896789 0
    outer loop
      vertex 8.32528 19.7147 12
      vertex 8.425 19.7639 6
      vertex 8.32528 19.7147 6
    endloop
  endfacet
  facet normal -0.659821 0.751423 0
    outer loop
      vertex 8.60104 19.899 6
      vertex 8.51745 19.8256 12
      vertex 8.60104 19.899 12
    endloop
  endfacet
  facet normal -0.659821 0.751423 0
    outer loop
      vertex 8.51745 19.8256 12
      vertex 8.60104 19.899 6
      vertex 8.51745 19.8256 6
    endloop
  endfacet
  facet normal -0.831344 0.555759 0
    outer loop
      vertex 8.67435 19.9826 6
      vertex 8.73612 20.075 12
      vertex 8.73612 20.075 6
    endloop
  endfacet
  facet normal -0.831344 0.555759 0
    outer loop
      vertex 8.73612 20.075 12
      vertex 8.67435 19.9826 6
      vertex 8.67435 19.9826 12
    endloop
  endfacet
  facet normal 0.555115 0.831773 -0
    outer loop
      vertex 7.575 19.7639 6
      vertex 7.48255 19.8256 12
      vertex 7.575 19.7639 12
    endloop
  endfacet
  facet normal 0.555115 0.831773 0
    outer loop
      vertex 7.48255 19.8256 12
      vertex 7.575 19.7639 6
      vertex 7.48255 19.8256 6
    endloop
  endfacet
  facet normal 0.321135 0.947033 -0
    outer loop
      vertex 7.78 19.679 6
      vertex 7.67472 19.7147 12
      vertex 7.78 19.679 12
    endloop
  endfacet
  facet normal 0.321135 0.947033 0
    outer loop
      vertex 7.67472 19.7147 12
      vertex 7.78 19.679 6
      vertex 7.67472 19.7147 6
    endloop
  endfacet
  facet normal 0.0656534 0.997842 -0
    outer loop
      vertex 8 19.65 6
      vertex 7.88905 19.6573 12
      vertex 8 19.65 12
    endloop
  endfacet
  facet normal 0.0656534 0.997842 0
    outer loop
      vertex 7.88905 19.6573 12
      vertex 8 19.65 6
      vertex 7.88905 19.6573 6
    endloop
  endfacet
  facet normal 0.751863 0.659319 0
    outer loop
      vertex 7.39896 19.899 12
      vertex 7.32565 19.9826 6
      vertex 7.32565 19.9826 12
    endloop
  endfacet
  facet normal 0.751863 0.659319 0
    outer loop
      vertex 7.32565 19.9826 6
      vertex 7.39896 19.899 12
      vertex 7.39896 19.899 6
    endloop
  endfacet
  facet normal 0.896825 0.442386 0
    outer loop
      vertex 7.26388 20.075 12
      vertex 7.2147 20.1747 6
      vertex 7.2147 20.1747 12
    endloop
  endfacet
  facet normal 0.896825 0.442386 0
    outer loop
      vertex 7.2147 20.1747 6
      vertex 7.26388 20.075 12
      vertex 7.26388 20.075 6
    endloop
  endfacet
  facet normal 0.980805 0.194992 0
    outer loop
      vertex 7.17896 20.28 12
      vertex 7.15727 20.3891 6
      vertex 7.15727 20.3891 12
    endloop
  endfacet
  facet normal 0.980805 0.194992 0
    outer loop
      vertex 7.15727 20.3891 6
      vertex 7.17896 20.28 12
      vertex 7.17896 20.28 6
    endloop
  endfacet
  facet normal 0.997858 0.0654141 0
    outer loop
      vertex 7.15727 20.3891 12
      vertex 7.15 20.5 6
      vertex 7.15 20.5 12
    endloop
  endfacet
  facet normal 0.997858 0.0654141 0
    outer loop
      vertex 7.15 20.5 6
      vertex 7.15727 20.3891 12
      vertex 7.15727 20.3891 6
    endloop
  endfacet
  facet normal -0.946943 0.321403 0
    outer loop
      vertex 8.7853 20.1747 6
      vertex 8.82104 20.28 12
      vertex 8.82104 20.28 6
    endloop
  endfacet
  facet normal -0.946943 0.321403 0
    outer loop
      vertex 8.82104 20.28 12
      vertex 8.7853 20.1747 6
      vertex 8.7853 20.1747 12
    endloop
  endfacet
  facet normal -0.321135 0.947033 0
    outer loop
      vertex 8.32528 19.7147 6
      vertex 8.22 19.679 12
      vertex 8.32528 19.7147 12
    endloop
  endfacet
  facet normal -0.321135 0.947033 0
    outer loop
      vertex 8.22 19.679 12
      vertex 8.32528 19.7147 6
      vertex 8.22 19.679 6
    endloop
  endfacet
  facet normal -0.751863 0.659319 0
    outer loop
      vertex 8.60104 19.899 6
      vertex 8.67435 19.9826 12
      vertex 8.67435 19.9826 6
    endloop
  endfacet
  facet normal -0.751863 0.659319 0
    outer loop
      vertex 8.67435 19.9826 12
      vertex 8.60104 19.899 6
      vertex 8.60104 19.899 12
    endloop
  endfacet
  facet normal 0.442459 0.896789 -0
    outer loop
      vertex 7.67472 19.7147 6
      vertex 7.575 19.7639 12
      vertex 7.67472 19.7147 12
    endloop
  endfacet
  facet normal 0.442459 0.896789 0
    outer loop
      vertex 7.575 19.7639 12
      vertex 7.67472 19.7147 6
      vertex 7.575 19.7639 6
    endloop
  endfacet
  facet normal -0.0656534 0.997842 0
    outer loop
      vertex 8.11095 19.6573 6
      vertex 8 19.65 12
      vertex 8.11095 19.6573 12
    endloop
  endfacet
  facet normal -0.0656534 0.997842 0
    outer loop
      vertex 8 19.65 12
      vertex 8.11095 19.6573 6
      vertex 8 19.65 6
    endloop
  endfacet
  facet normal 0.659821 0.751423 -0
    outer loop
      vertex 7.48255 19.8256 6
      vertex 7.39896 19.899 12
      vertex 7.48255 19.8256 12
    endloop
  endfacet
  facet normal 0.659821 0.751423 0
    outer loop
      vertex 7.39896 19.899 12
      vertex 7.48255 19.8256 6
      vertex 7.39896 19.899 6
    endloop
  endfacet
  facet normal 0.946943 0.321403 0
    outer loop
      vertex 7.2147 20.1747 12
      vertex 7.17896 20.28 6
      vertex 7.17896 20.28 12
    endloop
  endfacet
  facet normal 0.946943 0.321403 0
    outer loop
      vertex 7.17896 20.28 6
      vertex 7.2147 20.1747 12
      vertex 7.2147 20.1747 6
    endloop
  endfacet
  facet normal -0.896825 0.442386 0
    outer loop
      vertex 8.73612 20.075 6
      vertex 8.7853 20.1747 12
      vertex 8.7853 20.1747 6
    endloop
  endfacet
  facet normal -0.896825 0.442386 0
    outer loop
      vertex 8.7853 20.1747 12
      vertex 8.73612 20.075 6
      vertex 8.73612 20.075 12
    endloop
  endfacet
  facet normal -0.997858 -0.0654141 0
    outer loop
      vertex -9.15 78.5 6
      vertex -9.15727 78.6109 12
      vertex -9.15727 78.6109 6
    endloop
  endfacet
  facet normal -0.997858 -0.0654141 0
    outer loop
      vertex -9.15727 78.6109 12
      vertex -9.15 78.5 6
      vertex -9.15 78.5 12
    endloop
  endfacet
  facet normal 0.0656829 -0.997841 0
    outer loop
      vertex -10.1109 79.3427 6
      vertex -10 79.35 12
      vertex -10.1109 79.3427 12
    endloop
  endfacet
  facet normal 0.0656829 -0.997841 0
    outer loop
      vertex -10 79.35 12
      vertex -10.1109 79.3427 6
      vertex -10 79.35 6
    endloop
  endfacet
  facet normal -0.659313 -0.751869 0
    outer loop
      vertex -9.48255 79.1743 6
      vertex -9.39896 79.101 12
      vertex -9.48255 79.1743 12
    endloop
  endfacet
  facet normal -0.659313 -0.751869 -0
    outer loop
      vertex -9.39896 79.101 12
      vertex -9.48255 79.1743 6
      vertex -9.39896 79.101 6
    endloop
  endfacet
  facet normal 0.751908 -0.659268 0
    outer loop
      vertex -10.6743 79.0174 12
      vertex -10.601 79.101 6
      vertex -10.601 79.101 12
    endloop
  endfacet
  facet normal 0.751908 -0.659268 0
    outer loop
      vertex -10.601 79.101 6
      vertex -10.6743 79.0174 12
      vertex -10.6743 79.0174 6
    endloop
  endfacet
  facet normal 0.44253 -0.896754 0
    outer loop
      vertex -10.425 79.2361 6
      vertex -10.3253 79.2853 12
      vertex -10.425 79.2361 12
    endloop
  endfacet
  facet normal 0.44253 -0.896754 0
    outer loop
      vertex -10.3253 79.2853 12
      vertex -10.425 79.2361 6
      vertex -10.3253 79.2853 6
    endloop
  endfacet
  facet normal -0.896825 -0.442386 0
    outer loop
      vertex -9.2147 78.8253 6
      vertex -9.26388 78.925 12
      vertex -9.26388 78.925 6
    endloop
  endfacet
  facet normal -0.896825 -0.442386 0
    outer loop
      vertex -9.26388 78.925 12
      vertex -9.2147 78.8253 6
      vertex -9.2147 78.8253 12
    endloop
  endfacet
  facet normal -0.831344 -0.555759 0
    outer loop
      vertex -9.26388 78.925 6
      vertex -9.32565 79.0174 12
      vertex -9.32565 79.0174 6
    endloop
  endfacet
  facet normal -0.831344 -0.555759 0
    outer loop
      vertex -9.32565 79.0174 12
      vertex -9.26388 78.925 6
      vertex -9.26388 78.925 12
    endloop
  endfacet
  facet normal -0.321135 -0.947033 0
    outer loop
      vertex -9.78 79.321 6
      vertex -9.67472 79.2853 12
      vertex -9.78 79.321 12
    endloop
  endfacet
  facet normal -0.321135 -0.947033 -0
    outer loop
      vertex -9.67472 79.2853 12
      vertex -9.78 79.321 6
      vertex -9.67472 79.2853 6
    endloop
  endfacet
  facet normal -0.195165 -0.98077 0
    outer loop
      vertex -9.88905 79.3427 6
      vertex -9.78 79.321 12
      vertex -9.88905 79.3427 12
    endloop
  endfacet
  facet normal -0.195165 -0.98077 -0
    outer loop
      vertex -9.78 79.321 12
      vertex -9.88905 79.3427 6
      vertex -9.78 79.321 6
    endloop
  endfacet
  facet normal -0.442459 -0.896789 0
    outer loop
      vertex -9.67472 79.2853 6
      vertex -9.575 79.2361 12
      vertex -9.67472 79.2853 12
    endloop
  endfacet
  facet normal -0.442459 -0.896789 -0
    outer loop
      vertex -9.575 79.2361 12
      vertex -9.67472 79.2853 6
      vertex -9.575 79.2361 6
    endloop
  endfacet
  facet normal 0.947052 -0.32108 0
    outer loop
      vertex -10.821 78.72 12
      vertex -10.7853 78.8253 6
      vertex -10.7853 78.8253 12
    endloop
  endfacet
  facet normal 0.947052 -0.32108 0
    outer loop
      vertex -10.7853 78.8253 6
      vertex -10.821 78.72 12
      vertex -10.821 78.72 6
    endloop
  endfacet
  facet normal 0.980788 -0.195079 0
    outer loop
      vertex -10.8427 78.6109 12
      vertex -10.821 78.72 6
      vertex -10.821 78.72 12
    endloop
  endfacet
  facet normal 0.980788 -0.195079 0
    outer loop
      vertex -10.821 78.72 6
      vertex -10.8427 78.6109 12
      vertex -10.8427 78.6109 6
    endloop
  endfacet
  facet normal 0.555945 -0.831219 0
    outer loop
      vertex -10.5174 79.1743 6
      vertex -10.425 79.2361 12
      vertex -10.5174 79.1743 12
    endloop
  endfacet
  facet normal 0.555945 -0.831219 0
    outer loop
      vertex -10.425 79.2361 12
      vertex -10.5174 79.1743 6
      vertex -10.425 79.2361 6
    endloop
  endfacet
  facet normal 0.32108 -0.947052 0
    outer loop
      vertex -10.3253 79.2853 6
      vertex -10.22 79.321 12
      vertex -10.3253 79.2853 12
    endloop
  endfacet
  facet normal 0.32108 -0.947052 0
    outer loop
      vertex -10.22 79.321 12
      vertex -10.3253 79.2853 6
      vertex -10.22 79.321 6
    endloop
  endfacet
  facet normal -0.555737 0.831358 0
    outer loop
      vertex -9.48255 77.8257 6
      vertex -9.575 77.7639 12
      vertex -9.48255 77.8257 12
    endloop
  endfacet
  facet normal -0.555737 0.831358 0
    outer loop
      vertex -9.575 77.7639 12
      vertex -9.48255 77.8257 6
      vertex -9.575 77.7639 6
    endloop
  endfacet
  facet normal -0.980805 0.194992 0
    outer loop
      vertex -9.17896 78.28 6
      vertex -9.15727 78.3891 12
      vertex -9.15727 78.3891 6
    endloop
  endfacet
  facet normal -0.980805 0.194992 0
    outer loop
      vertex -9.15727 78.3891 12
      vertex -9.17896 78.28 6
      vertex -9.17896 78.28 12
    endloop
  endfacet
  facet normal 0.195079 0.980788 -0
    outer loop
      vertex -10.1109 77.6573 6
      vertex -10.22 77.679 12
      vertex -10.1109 77.6573 12
    endloop
  endfacet
  facet normal 0.195079 0.980788 0
    outer loop
      vertex -10.22 77.679 12
      vertex -10.1109 77.6573 6
      vertex -10.22 77.679 6
    endloop
  endfacet
  facet normal 0.831219 0.555945 0
    outer loop
      vertex -10.6743 77.9826 12
      vertex -10.7361 78.075 6
      vertex -10.7361 78.075 12
    endloop
  endfacet
  facet normal 0.831219 0.555945 0
    outer loop
      vertex -10.7361 78.075 6
      vertex -10.6743 77.9826 12
      vertex -10.6743 77.9826 6
    endloop
  endfacet
  facet normal -0.946943 -0.321403 0
    outer loop
      vertex -9.17896 78.72 6
      vertex -9.2147 78.8253 12
      vertex -9.2147 78.8253 6
    endloop
  endfacet
  facet normal -0.946943 -0.321403 0
    outer loop
      vertex -9.2147 78.8253 12
      vertex -9.17896 78.72 6
      vertex -9.17896 78.72 12
    endloop
  endfacet
  facet normal -0.980805 -0.194992 0
    outer loop
      vertex -9.15727 78.6109 6
      vertex -9.17896 78.72 12
      vertex -9.17896 78.72 6
    endloop
  endfacet
  facet normal -0.980805 -0.194992 0
    outer loop
      vertex -9.17896 78.72 12
      vertex -9.15727 78.6109 6
      vertex -9.15727 78.6109 12
    endloop
  endfacet
  facet normal -0.751863 -0.659319 0
    outer loop
      vertex -9.32565 79.0174 6
      vertex -9.39896 79.101 12
      vertex -9.39896 79.101 6
    endloop
  endfacet
  facet normal -0.751863 -0.659319 0
    outer loop
      vertex -9.39896 79.101 12
      vertex -9.32565 79.0174 6
      vertex -9.32565 79.0174 12
    endloop
  endfacet
  facet normal -0.0656534 -0.997842 0
    outer loop
      vertex -10 79.35 6
      vertex -9.88905 79.3427 12
      vertex -10 79.35 12
    endloop
  endfacet
  facet normal -0.0656534 -0.997842 -0
    outer loop
      vertex -9.88905 79.3427 12
      vertex -10 79.35 6
      vertex -9.88905 79.3427 6
    endloop
  endfacet
  facet normal -0.555737 -0.831358 0
    outer loop
      vertex -9.575 79.2361 6
      vertex -9.48255 79.1743 12
      vertex -9.575 79.2361 12
    endloop
  endfacet
  facet normal -0.555737 -0.831358 -0
    outer loop
      vertex -9.48255 79.1743 12
      vertex -9.575 79.2361 6
      vertex -9.48255 79.1743 6
    endloop
  endfacet
  facet normal 0 0 1
    outer loop
      vertex -9.15727 78.6109 6
      vertex -9.15727 78.3891 6
      vertex -9.15 78.5 6
    endloop
  endfacet
  facet normal 0 0 1
    outer loop
      vertex -9.17896 78.72 6
      vertex -9.15727 78.3891 6
      vertex -9.15727 78.6109 6
    endloop
  endfacet
  facet normal 0 0 1
    outer loop
      vertex -9.17896 78.72 6
      vertex -9.17896 78.28 6
      vertex -9.15727 78.3891 6
    endloop
  endfacet
  facet normal 0 0 1
    outer loop
      vertex -9.2147 78.8253 6
      vertex -9.17896 78.28 6
      vertex -9.17896 78.72 6
    endloop
  endfacet
  facet normal 0 0 1
    outer loop
      vertex -9.2147 78.8253 6
      vertex -9.2147 78.1747 6
      vertex -9.17896 78.28 6
    endloop
  endfacet
  facet normal 0 0 1
    outer loop
      vertex -9.26388 78.925 6
      vertex -9.2147 78.1747 6
      vertex -9.2147 78.8253 6
    endloop
  endfacet
  facet normal 0 0 1
    outer loop
      vertex -9.26388 78.925 6
      vertex -9.26388 78.075 6
      vertex -9.2147 78.1747 6
    endloop
  endfacet
  facet normal 0 0 1
    outer loop
      vertex -9.32565 79.0174 6
      vertex -9.26388 78.075 6
      vertex -9.26388 78.925 6
    endloop
  endfacet
  facet normal 0 0 1
    outer loop
      vertex -9.32565 79.0174 6
      vertex -9.32565 77.9826 6
      vertex -9.26388 78.075 6
    endloop
  endfacet
  facet normal 0 0 1
    outer loop
      vertex -9.39896 79.101 6
      vertex -9.32565 77.9826 6
      vertex -9.32565 79.0174 6
    endloop
  endfacet
  facet normal 0 0 1
    outer loop
      vertex -9.39896 79.101 6
      vertex -9.39896 77.899 6
      vertex -9.32565 77.9826 6
    endloop
  endfacet
  facet normal 0 0 1
    outer loop
      vertex -9.48255 79.1743 6
      vertex -9.39896 77.899 6
      vertex -9.39896 79.101 6
    endloop
  endfacet
  facet normal 0 0 1
    outer loop
      vertex -9.48255 79.1743 6
      vertex -9.48255 77.8257 6
      vertex -9.39896 77.899 6
    endloop
  endfacet
  facet normal 0 0 1
    outer loop
      vertex -9.575 79.2361 6
      vertex -9.48255 77.8257 6
      vertex -9.48255 79.1743 6
    endloop
  endfacet
  facet normal 0 0 1
    outer loop
      vertex -9.575 79.2361 6
      vertex -9.575 77.7639 6
      vertex -9.48255 77.8257 6
    endloop
  endfacet
  facet normal 0 0 1
    outer loop
      vertex -9.67472 79.2853 6
      vertex -9.575 77.7639 6
      vertex -9.575 79.2361 6
    endloop
  endfacet
  facet normal 0 0 1
    outer loop
      vertex -9.67472 79.2853 6
      vertex -9.67472 77.7147 6
      vertex -9.575 77.7639 6
    endloop
  endfacet
  facet normal 0 0 1
    outer loop
      vertex -9.78 79.321 6
      vertex -9.67472 77.7147 6
      vertex -9.67472 79.2853 6
    endloop
  endfacet
  facet normal 0 0 1
    outer loop
      vertex -9.78 79.321 6
      vertex -9.78 77.679 6
      vertex -9.67472 77.7147 6
    endloop
  endfacet
  facet normal 0 0 1
    outer loop
      vertex -9.88905 79.3427 6
      vertex -9.78 77.679 6
      vertex -9.78 79.321 6
    endloop
  endfacet
  facet normal 0 0 1
    outer loop
      vertex -9.88905 79.3427 6
      vertex -9.88905 77.6573 6
      vertex -9.78 77.679 6
    endloop
  endfacet
  facet normal 0 0 1
    outer loop
      vertex -10 79.35 6
      vertex -9.88905 77.6573 6
      vertex -9.88905 79.3427 6
    endloop
  endfacet
  facet normal 0 0 1
    outer loop
      vertex -10 79.35 6
      vertex -10 77.65 6
      vertex -9.88905 77.6573 6
    endloop
  endfacet
  facet normal -0 0 1
    outer loop
      vertex -10.1109 79.3427 6
      vertex -10 77.65 6
      vertex -10 79.35 6
    endloop
  endfacet
  facet normal 0 0 1
    outer loop
      vertex -10.1109 79.3427 6
      vertex -10.1109 77.6573 6
      vertex -10 77.65 6
    endloop
  endfacet
  facet normal -0 0 1
    outer loop
      vertex -10.22 79.321 6
      vertex -10.1109 77.6573 6
      vertex -10.1109 79.3427 6
    endloop
  endfacet
  facet normal 0 0 1
    outer loop
      vertex -10.22 79.321 6
      vertex -10.22 77.679 6
      vertex -10.1109 77.6573 6
    endloop
  endfacet
  facet normal -0 0 1
    outer loop
      vertex -10.3253 79.2853 6
      vertex -10.22 77.679 6
      vertex -10.22 79.321 6
    endloop
  endfacet
  facet normal 0 0 1
    outer loop
      vertex -10.3253 79.2853 6
      vertex -10.3253 77.7147 6
      vertex -10.22 77.679 6
    endloop
  endfacet
  facet normal -0 0 1
    outer loop
      vertex -10.425 79.2361 6
      vertex -10.3253 77.7147 6
      vertex -10.3253 79.2853 6
    endloop
  endfacet
  facet normal 0 0 1
    outer loop
      vertex -10.425 79.2361 6
      vertex -10.425 77.7639 6
      vertex -10.3253 77.7147 6
    endloop
  endfacet
  facet normal -0 0 1
    outer loop
      vertex -10.5174 79.1743 6
      vertex -10.425 77.7639 6
      vertex -10.425 79.2361 6
    endloop
  endfacet
  facet normal 0 0 1
    outer loop
      vertex -10.5174 79.1743 6
      vertex -10.5174 77.8257 6
      vertex -10.425 77.7639 6
    endloop
  endfacet
  facet normal -0 0 1
    outer loop
      vertex -10.601 79.101 6
      vertex -10.5174 77.8257 6
      vertex -10.5174 79.1743 6
    endloop
  endfacet
  facet normal 0 0 1
    outer loop
      vertex -10.601 79.101 6
      vertex -10.601 77.899 6
      vertex -10.5174 77.8257 6
    endloop
  endfacet
  facet normal -0 0 1
    outer loop
      vertex -10.6743 79.0174 6
      vertex -10.601 77.899 6
      vertex -10.601 79.101 6
    endloop
  endfacet
  facet normal 0 0 1
    outer loop
      vertex -10.6743 79.0174 6
      vertex -10.6743 77.9826 6
      vertex -10.601 77.899 6
    endloop
  endfacet
  facet normal -0 0 1
    outer loop
      vertex -10.7361 78.925 6
      vertex -10.6743 77.9826 6
      vertex -10.6743 79.0174 6
    endloop
  endfacet
  facet normal 0 0 1
    outer loop
      vertex -10.7361 78.925 6
      vertex -10.7361 78.075 6
      vertex -10.6743 77.9826 6
    endloop
  endfacet
  facet normal -0 0 1
    outer loop
      vertex -10.7853 78.8253 6
      vertex -10.7361 78.075 6
      vertex -10.7361 78.925 6
    endloop
  endfacet
  facet normal 0 0 1
    outer loop
      vertex -10.7853 78.8253 6
      vertex -10.7853 78.1747 6
      vertex -10.7361 78.075 6
    endloop
  endfacet
  facet normal -0 0 1
    outer loop
      vertex -10.821 78.72 6
      vertex -10.7853 78.1747 6
      vertex -10.7853 78.8253 6
    endloop
  endfacet
  facet normal 0 0 1
    outer loop
      vertex -10.821 78.72 6
      vertex -10.821 78.28 6
      vertex -10.7853 78.1747 6
    endloop
  endfacet
  facet normal -0 0 1
    outer loop
      vertex -10.8427 78.6109 6
      vertex -10.821 78.28 6
      vertex -10.821 78.72 6
    endloop
  endfacet
  facet normal 0 0 1
    outer loop
      vertex -10.8427 78.6109 6
      vertex -10.8427 78.3891 6
      vertex -10.821 78.28 6
    endloop
  endfacet
  facet normal 0 -0 1
    outer loop
      vertex -10.8427 78.3891 6
      vertex -10.8427 78.6109 6
      vertex -10.85 78.5 6
    endloop
  endfacet
  facet normal 0.896754 -0.44253 0
    outer loop
      vertex -10.7853 78.8253 12
      vertex -10.7361 78.925 6
      vertex -10.7361 78.925 12
    endloop
  endfacet
  facet normal 0.896754 -0.44253 0
    outer loop
      vertex -10.7361 78.925 6
      vertex -10.7853 78.8253 12
      vertex -10.7853 78.8253 6
    endloop
  endfacet
  facet normal 0.831219 -0.555945 0
    outer loop
      vertex -10.7361 78.925 12
      vertex -10.6743 79.0174 6
      vertex -10.6743 79.0174 12
    endloop
  endfacet
  facet normal 0.831219 -0.555945 0
    outer loop
      vertex -10.6743 79.0174 6
      vertex -10.7361 78.925 12
      vertex -10.7361 78.925 6
    endloop
  endfacet
  facet normal 0.997841 -0.0656829 0
    outer loop
      vertex -10.85 78.5 12
      vertex -10.8427 78.6109 6
      vertex -10.8427 78.6109 12
    endloop
  endfacet
  facet normal 0.997841 -0.0656829 0
    outer loop
      vertex -10.8427 78.6109 6
      vertex -10.85 78.5 12
      vertex -10.85 78.5 6
    endloop
  endfacet
  facet normal 0.659268 -0.751908 0
    outer loop
      vertex -10.601 79.101 6
      vertex -10.5174 79.1743 12
      vertex -10.601 79.101 12
    endloop
  endfacet
  facet normal 0.659268 -0.751908 0
    outer loop
      vertex -10.5174 79.1743 12
      vertex -10.601 79.101 6
      vertex -10.5174 79.1743 6
    endloop
  endfacet
  facet normal 0.195079 -0.980788 0
    outer loop
      vertex -10.22 79.321 6
      vertex -10.1109 79.3427 12
      vertex -10.22 79.321 12
    endloop
  endfacet
  facet normal 0.195079 -0.980788 0
    outer loop
      vertex -10.1109 79.3427 12
      vertex -10.22 79.321 6
      vertex -10.1109 79.3427 6
    endloop
  endfacet
  facet normal -0.997858 0.0654141 0
    outer loop
      vertex -9.15727 78.3891 6
      vertex -9.15 78.5 12
      vertex -9.15 78.5 6
    endloop
  endfacet
  facet normal -0.997858 0.0654141 0
    outer loop
      vertex -9.15 78.5 12
      vertex -9.15727 78.3891 6
      vertex -9.15727 78.3891 12
    endloop
  endfacet
  facet normal -0.195165 0.98077 0
    outer loop
      vertex -9.78 77.679 6
      vertex -9.88905 77.6573 12
      vertex -9.78 77.679 12
    endloop
  endfacet
  facet normal -0.195165 0.98077 0
    outer loop
      vertex -9.88905 77.6573 12
      vertex -9.78 77.679 6
      vertex -9.88905 77.6573 6
    endloop
  endfacet
  facet normal -0.442459 0.896789 0
    outer loop
      vertex -9.575 77.7639 6
      vertex -9.67472 77.7147 12
      vertex -9.575 77.7639 12
    endloop
  endfacet
  facet normal -0.442459 0.896789 0
    outer loop
      vertex -9.67472 77.7147 12
      vertex -9.575 77.7639 6
      vertex -9.67472 77.7147 6
    endloop
  endfacet
  facet normal -0.659313 0.751869 0
    outer loop
      vertex -9.39896 77.899 6
      vertex -9.48255 77.8257 12
      vertex -9.39896 77.899 12
    endloop
  endfacet
  facet normal -0.659313 0.751869 0
    outer loop
      vertex -9.48255 77.8257 12
      vertex -9.39896 77.899 6
      vertex -9.48255 77.8257 6
    endloop
  endfacet
  facet normal -0.831344 0.555759 0
    outer loop
      vertex -9.32565 77.9826 6
      vertex -9.26388 78.075 12
      vertex -9.26388 78.075 6
    endloop
  endfacet
  facet normal -0.831344 0.555759 0
    outer loop
      vertex -9.26388 78.075 12
      vertex -9.32565 77.9826 6
      vertex -9.32565 77.9826 12
    endloop
  endfacet
  facet normal 0.555945 0.831219 -0
    outer loop
      vertex -10.425 77.7639 6
      vertex -10.5174 77.8257 12
      vertex -10.425 77.7639 12
    endloop
  endfacet
  facet normal 0.555945 0.831219 0
    outer loop
      vertex -10.5174 77.8257 12
      vertex -10.425 77.7639 6
      vertex -10.5174 77.8257 6
    endloop
  endfacet
  facet normal 0.32108 0.947052 -0
    outer loop
      vertex -10.22 77.679 6
      vertex -10.3253 77.7147 12
      vertex -10.22 77.679 12
    endloop
  endfacet
  facet normal 0.32108 0.947052 0
    outer loop
      vertex -10.3253 77.7147 12
      vertex -10.22 77.679 6
      vertex -10.3253 77.7147 6
    endloop
  endfacet
  facet normal 0.0656829 0.997841 -0
    outer loop
      vertex -10 77.65 6
      vertex -10.1109 77.6573 12
      vertex -10 77.65 12
    endloop
  endfacet
  facet normal 0.0656829 0.997841 0
    outer loop
      vertex -10.1109 77.6573 12
      vertex -10 77.65 6
      vertex -10.1109 77.6573 6
    endloop
  endfacet
  facet normal 0.751908 0.659268 0
    outer loop
      vertex -10.601 77.899 12
      vertex -10.6743 77.9826 6
      vertex -10.6743 77.9826 12
    endloop
  endfacet
  facet normal 0.751908 0.659268 0
    outer loop
      vertex -10.6743 77.9826 6
      vertex -10.601 77.899 12
      vertex -10.601 77.899 6
    endloop
  endfacet
  facet normal 0.896754 0.44253 0
    outer loop
      vertex -10.7361 78.075 12
      vertex -10.7853 78.1747 6
      vertex -10.7853 78.1747 12
    endloop
  endfacet
  facet normal 0.896754 0.44253 0
    outer loop
      vertex -10.7853 78.1747 6
      vertex -10.7361 78.075 12
      vertex -10.7361 78.075 6
    endloop
  endfacet
  facet normal 0.980788 0.195079 0
    outer loop
      vertex -10.821 78.28 12
      vertex -10.8427 78.3891 6
      vertex -10.8427 78.3891 12
    endloop
  endfacet
  facet normal 0.980788 0.195079 0
    outer loop
      vertex -10.8427 78.3891 6
      vertex -10.821 78.28 12
      vertex -10.821 78.28 6
    endloop
  endfacet
  facet normal 0.997841 0.0656829 0
    outer loop
      vertex -10.8427 78.3891 12
      vertex -10.85 78.5 6
      vertex -10.85 78.5 12
    endloop
  endfacet
  facet normal 0.997841 0.0656829 0
    outer loop
      vertex -10.85 78.5 6
      vertex -10.8427 78.3891 12
      vertex -10.8427 78.3891 6
    endloop
  endfacet
  facet normal -0.946943 0.321403 0
    outer loop
      vertex -9.2147 78.1747 6
      vertex -9.17896 78.28 12
      vertex -9.17896 78.28 6
    endloop
  endfacet
  facet normal -0.946943 0.321403 0
    outer loop
      vertex -9.17896 78.28 12
      vertex -9.2147 78.1747 6
      vertex -9.2147 78.1747 12
    endloop
  endfacet
  facet normal -0.321135 0.947033 0
    outer loop
      vertex -9.67472 77.7147 6
      vertex -9.78 77.679 12
      vertex -9.67472 77.7147 12
    endloop
  endfacet
  facet normal -0.321135 0.947033 0
    outer loop
      vertex -9.78 77.679 12
      vertex -9.67472 77.7147 6
      vertex -9.78 77.679 6
    endloop
  endfacet
  facet normal -0.751863 0.659319 0
    outer loop
      vertex -9.39896 77.899 6
      vertex -9.32565 77.9826 12
      vertex -9.32565 77.9826 6
    endloop
  endfacet
  facet normal -0.751863 0.659319 0
    outer loop
      vertex -9.32565 77.9826 12
      vertex -9.39896 77.899 6
      vertex -9.39896 77.899 12
    endloop
  endfacet
  facet normal 0.44253 0.896754 -0
    outer loop
      vertex -10.3253 77.7147 6
      vertex -10.425 77.7639 12
      vertex -10.3253 77.7147 12
    endloop
  endfacet
  facet normal 0.44253 0.896754 0
    outer loop
      vertex -10.425 77.7639 12
      vertex -10.3253 77.7147 6
      vertex -10.425 77.7639 6
    endloop
  endfacet
  facet normal -0.0656534 0.997842 0
    outer loop
      vertex -9.88905 77.6573 6
      vertex -10 77.65 12
      vertex -9.88905 77.6573 12
    endloop
  endfacet
  facet normal -0.0656534 0.997842 0
    outer loop
      vertex -10 77.65 12
      vertex -9.88905 77.6573 6
      vertex -10 77.65 6
    endloop
  endfacet
  facet normal 0.659268 0.751908 -0
    outer loop
      vertex -10.5174 77.8257 6
      vertex -10.601 77.899 12
      vertex -10.5174 77.8257 12
    endloop
  endfacet
  facet normal 0.659268 0.751908 0
    outer loop
      vertex -10.601 77.899 12
      vertex -10.5174 77.8257 6
      vertex -10.601 77.899 6
    endloop
  endfacet
  facet normal 0.947052 0.32108 0
    outer loop
      vertex -10.7853 78.1747 12
      vertex -10.821 78.28 6
      vertex -10.821 78.28 12
    endloop
  endfacet
  facet normal 0.947052 0.32108 0
    outer loop
      vertex -10.821 78.28 6
      vertex -10.7853 78.1747 12
      vertex -10.7853 78.1747 6
    endloop
  endfacet
  facet normal -0.896825 0.442386 0
    outer loop
      vertex -9.26388 78.075 6
      vertex -9.2147 78.1747 12
      vertex -9.2147 78.1747 6
    endloop
  endfacet
  facet normal -0.896825 0.442386 0
    outer loop
      vertex -9.2147 78.1747 12
      vertex -9.26388 78.075 6
      vertex -9.26388 78.075 12
    endloop
  endfacet
  facet normal -0.997858 -0.0654141 0
    outer loop
      vertex 6.85 78.5 6
      vertex 6.84273 78.6109 12
      vertex 6.84273 78.6109 6
    endloop
  endfacet
  facet normal -0.997858 -0.0654141 0
    outer loop
      vertex 6.84273 78.6109 12
      vertex 6.85 78.5 6
      vertex 6.85 78.5 12
    endloop
  endfacet
  facet normal 0.0656534 -0.997842 0
    outer loop
      vertex 5.88905 79.3427 6
      vertex 6 79.35 12
      vertex 5.88905 79.3427 12
    endloop
  endfacet
  facet normal 0.0656534 -0.997842 0
    outer loop
      vertex 6 79.35 12
      vertex 5.88905 79.3427 6
      vertex 6 79.35 6
    endloop
  endfacet
  facet normal -0.659313 -0.751869 0
    outer loop
      vertex 6.51745 79.1743 6
      vertex 6.60104 79.101 12
      vertex 6.51745 79.1743 12
    endloop
  endfacet
  facet normal -0.659313 -0.751869 -0
    outer loop
      vertex 6.60104 79.101 12
      vertex 6.51745 79.1743 6
      vertex 6.60104 79.101 6
    endloop
  endfacet
  facet normal 0.751863 -0.659319 0
    outer loop
      vertex 5.32565 79.0174 12
      vertex 5.39896 79.101 6
      vertex 5.39896 79.101 12
    endloop
  endfacet
  facet normal 0.751863 -0.659319 0
    outer loop
      vertex 5.39896 79.101 6
      vertex 5.32565 79.0174 12
      vertex 5.32565 79.0174 6
    endloop
  endfacet
  facet normal 0.442459 -0.896789 0
    outer loop
      vertex 5.575 79.2361 6
      vertex 5.67472 79.2853 12
      vertex 5.575 79.2361 12
    endloop
  endfacet
  facet normal 0.442459 -0.896789 0
    outer loop
      vertex 5.67472 79.2853 12
      vertex 5.575 79.2361 6
      vertex 5.67472 79.2853 6
    endloop
  endfacet
  facet normal -0.896825 -0.442386 0
    outer loop
      vertex 6.7853 78.8253 6
      vertex 6.73612 78.925 12
      vertex 6.73612 78.925 6
    endloop
  endfacet
  facet normal -0.896825 -0.442386 0
    outer loop
      vertex 6.73612 78.925 12
      vertex 6.7853 78.8253 6
      vertex 6.7853 78.8253 12
    endloop
  endfacet
  facet normal -0.831344 -0.555759 0
    outer loop
      vertex 6.73612 78.925 6
      vertex 6.67435 79.0174 12
      vertex 6.67435 79.0174 6
    endloop
  endfacet
  facet normal -0.831344 -0.555759 0
    outer loop
      vertex 6.67435 79.0174 12
      vertex 6.73612 78.925 6
      vertex 6.73612 78.925 12
    endloop
  endfacet
  facet normal -0.321135 -0.947033 0
    outer loop
      vertex 6.22 79.321 6
      vertex 6.32528 79.2853 12
      vertex 6.22 79.321 12
    endloop
  endfacet
  facet normal -0.321135 -0.947033 -0
    outer loop
      vertex 6.32528 79.2853 12
      vertex 6.22 79.321 6
      vertex 6.32528 79.2853 6
    endloop
  endfacet
  facet normal -0.195165 -0.98077 0
    outer loop
      vertex 6.11095 79.3427 6
      vertex 6.22 79.321 12
      vertex 6.11095 79.3427 12
    endloop
  endfacet
  facet normal -0.195165 -0.98077 -0
    outer loop
      vertex 6.22 79.321 12
      vertex 6.11095 79.3427 6
      vertex 6.22 79.321 6
    endloop
  endfacet
  facet normal -0.442459 -0.896789 0
    outer loop
      vertex 6.32528 79.2853 6
      vertex 6.425 79.2361 12
      vertex 6.32528 79.2853 12
    endloop
  endfacet
  facet normal -0.442459 -0.896789 -0
    outer loop
      vertex 6.425 79.2361 12
      vertex 6.32528 79.2853 6
      vertex 6.425 79.2361 6
    endloop
  endfacet
  facet normal 0.946943 -0.321403 0
    outer loop
      vertex 5.17896 78.72 12
      vertex 5.2147 78.8253 6
      vertex 5.2147 78.8253 12
    endloop
  endfacet
  facet normal 0.946943 -0.321403 0
    outer loop
      vertex 5.2147 78.8253 6
      vertex 5.17896 78.72 12
      vertex 5.17896 78.72 6
    endloop
  endfacet
  facet normal 0.980805 -0.194992 0
    outer loop
      vertex 5.15727 78.6109 12
      vertex 5.17896 78.72 6
      vertex 5.17896 78.72 12
    endloop
  endfacet
  facet normal 0.980805 -0.194992 0
    outer loop
      vertex 5.17896 78.72 6
      vertex 5.15727 78.6109 12
      vertex 5.15727 78.6109 6
    endloop
  endfacet
  facet normal 0.555737 -0.831358 0
    outer loop
      vertex 5.48255 79.1743 6
      vertex 5.575 79.2361 12
      vertex 5.48255 79.1743 12
    endloop
  endfacet
  facet normal 0.555737 -0.831358 0
    outer loop
      vertex 5.575 79.2361 12
      vertex 5.48255 79.1743 6
      vertex 5.575 79.2361 6
    endloop
  endfacet
  facet normal 0.321135 -0.947033 0
    outer loop
      vertex 5.67472 79.2853 6
      vertex 5.78 79.321 12
      vertex 5.67472 79.2853 12
    endloop
  endfacet
  facet normal 0.321135 -0.947033 0
    outer loop
      vertex 5.78 79.321 12
      vertex 5.67472 79.2853 6
      vertex 5.78 79.321 6
    endloop
  endfacet
  facet normal -0.555737 0.831358 0
    outer loop
      vertex 6.51745 77.8257 6
      vertex 6.425 77.7639 12
      vertex 6.51745 77.8257 12
    endloop
  endfacet
  facet normal -0.555737 0.831358 0
    outer loop
      vertex 6.425 77.7639 12
      vertex 6.51745 77.8257 6
      vertex 6.425 77.7639 6
    endloop
  endfacet
  facet normal -0.980805 0.194992 0
    outer loop
      vertex 6.82104 78.28 6
      vertex 6.84273 78.3891 12
      vertex 6.84273 78.3891 6
    endloop
  endfacet
  facet normal -0.980805 0.194992 0
    outer loop
      vertex 6.84273 78.3891 12
      vertex 6.82104 78.28 6
      vertex 6.82104 78.28 12
    endloop
  endfacet
  facet normal 0.195165 0.98077 -0
    outer loop
      vertex 5.88905 77.6573 6
      vertex 5.78 77.679 12
      vertex 5.88905 77.6573 12
    endloop
  endfacet
  facet normal 0.195165 0.98077 0
    outer loop
      vertex 5.78 77.679 12
      vertex 5.88905 77.6573 6
      vertex 5.78 77.679 6
    endloop
  endfacet
  facet normal 0.831344 0.555759 0
    outer loop
      vertex 5.32565 77.9826 12
      vertex 5.26388 78.075 6
      vertex 5.26388 78.075 12
    endloop
  endfacet
  facet normal 0.831344 0.555759 0
    outer loop
      vertex 5.26388 78.075 6
      vertex 5.32565 77.9826 12
      vertex 5.32565 77.9826 6
    endloop
  endfacet
  facet normal -0.946943 -0.321403 0
    outer loop
      vertex 6.82104 78.72 6
      vertex 6.7853 78.8253 12
      vertex 6.7853 78.8253 6
    endloop
  endfacet
  facet normal -0.946943 -0.321403 0
    outer loop
      vertex 6.7853 78.8253 12
      vertex 6.82104 78.72 6
      vertex 6.82104 78.72 12
    endloop
  endfacet
  facet normal -0.980805 -0.194992 0
    outer loop
      vertex 6.84273 78.6109 6
      vertex 6.82104 78.72 12
      vertex 6.82104 78.72 6
    endloop
  endfacet
  facet normal -0.980805 -0.194992 0
    outer loop
      vertex 6.82104 78.72 12
      vertex 6.84273 78.6109 6
      vertex 6.84273 78.6109 12
    endloop
  endfacet
  facet normal -0.751863 -0.659319 0
    outer loop
      vertex 6.67435 79.0174 6
      vertex 6.60104 79.101 12
      vertex 6.60104 79.101 6
    endloop
  endfacet
  facet normal -0.751863 -0.659319 0
    outer loop
      vertex 6.60104 79.101 12
      vertex 6.67435 79.0174 6
      vertex 6.67435 79.0174 12
    endloop
  endfacet
  facet normal -0.0656534 -0.997842 0
    outer loop
      vertex 6 79.35 6
      vertex 6.11095 79.3427 12
      vertex 6 79.35 12
    endloop
  endfacet
  facet normal -0.0656534 -0.997842 -0
    outer loop
      vertex 6.11095 79.3427 12
      vertex 6 79.35 6
      vertex 6.11095 79.3427 6
    endloop
  endfacet
  facet normal -0.555737 -0.831358 0
    outer loop
      vertex 6.425 79.2361 6
      vertex 6.51745 79.1743 12
      vertex 6.425 79.2361 12
    endloop
  endfacet
  facet normal -0.555737 -0.831358 -0
    outer loop
      vertex 6.51745 79.1743 12
      vertex 6.425 79.2361 6
      vertex 6.51745 79.1743 6
    endloop
  endfacet
  facet normal 0 0 1
    outer loop
      vertex 6.84273 78.6109 6
      vertex 6.84273 78.3891 6
      vertex 6.85 78.5 6
    endloop
  endfacet
  facet normal 0 0 1
    outer loop
      vertex 6.82104 78.72 6
      vertex 6.84273 78.3891 6
      vertex 6.84273 78.6109 6
    endloop
  endfacet
  facet normal 0 0 1
    outer loop
      vertex 6.82104 78.72 6
      vertex 6.82104 78.28 6
      vertex 6.84273 78.3891 6
    endloop
  endfacet
  facet normal 0 0 1
    outer loop
      vertex 6.7853 78.8253 6
      vertex 6.82104 78.28 6
      vertex 6.82104 78.72 6
    endloop
  endfacet
  facet normal 0 0 1
    outer loop
      vertex 6.7853 78.8253 6
      vertex 6.7853 78.1747 6
      vertex 6.82104 78.28 6
    endloop
  endfacet
  facet normal 0 0 1
    outer loop
      vertex 6.73612 78.925 6
      vertex 6.7853 78.1747 6
      vertex 6.7853 78.8253 6
    endloop
  endfacet
  facet normal 0 0 1
    outer loop
      vertex 6.73612 78.925 6
      vertex 6.73612 78.075 6
      vertex 6.7853 78.1747 6
    endloop
  endfacet
  facet normal 0 0 1
    outer loop
      vertex 6.67435 79.0174 6
      vertex 6.73612 78.075 6
      vertex 6.73612 78.925 6
    endloop
  endfacet
  facet normal 0 0 1
    outer loop
      vertex 6.67435 79.0174 6
      vertex 6.67435 77.9826 6
      vertex 6.73612 78.075 6
    endloop
  endfacet
  facet normal 0 0 1
    outer loop
      vertex 6.60104 79.101 6
      vertex 6.67435 77.9826 6
      vertex 6.67435 79.0174 6
    endloop
  endfacet
  facet normal 0 0 1
    outer loop
      vertex 6.60104 79.101 6
      vertex 6.60104 77.899 6
      vertex 6.67435 77.9826 6
    endloop
  endfacet
  facet normal 0 0 1
    outer loop
      vertex 6.51745 79.1743 6
      vertex 6.60104 77.899 6
      vertex 6.60104 79.101 6
    endloop
  endfacet
  facet normal 0 0 1
    outer loop
      vertex 6.51745 79.1743 6
      vertex 6.51745 77.8257 6
      vertex 6.60104 77.899 6
    endloop
  endfacet
  facet normal 0 0 1
    outer loop
      vertex 6.425 79.2361 6
      vertex 6.51745 77.8257 6
      vertex 6.51745 79.1743 6
    endloop
  endfacet
  facet normal 0 0 1
    outer loop
      vertex 6.425 79.2361 6
      vertex 6.425 77.7639 6
      vertex 6.51745 77.8257 6
    endloop
  endfacet
  facet normal 0 0 1
    outer loop
      vertex 6.32528 79.2853 6
      vertex 6.425 77.7639 6
      vertex 6.425 79.2361 6
    endloop
  endfacet
  facet normal 0 0 1
    outer loop
      vertex 6.32528 79.2853 6
      vertex 6.32528 77.7147 6
      vertex 6.425 77.7639 6
    endloop
  endfacet
  facet normal 0 0 1
    outer loop
      vertex 6.22 79.321 6
      vertex 6.32528 77.7147 6
      vertex 6.32528 79.2853 6
    endloop
  endfacet
  facet normal 0 0 1
    outer loop
      vertex 6.22 79.321 6
      vertex 6.22 77.679 6
      vertex 6.32528 77.7147 6
    endloop
  endfacet
  facet normal 0 0 1
    outer loop
      vertex 6.11095 79.3427 6
      vertex 6.22 77.679 6
      vertex 6.22 79.321 6
    endloop
  endfacet
  facet normal 0 0 1
    outer loop
      vertex 6.11095 79.3427 6
      vertex 6.11095 77.6573 6
      vertex 6.22 77.679 6
    endloop
  endfacet
  facet normal 0 0 1
    outer loop
      vertex 6 79.35 6
      vertex 6.11095 77.6573 6
      vertex 6.11095 79.3427 6
    endloop
  endfacet
  facet normal 0 0 1
    outer loop
      vertex 6 79.35 6
      vertex 6 77.65 6
      vertex 6.11095 77.6573 6
    endloop
  endfacet
  facet normal -0 0 1
    outer loop
      vertex 5.88905 79.3427 6
      vertex 6 77.65 6
      vertex 6 79.35 6
    endloop
  endfacet
  facet normal 0 0 1
    outer loop
      vertex 5.88905 79.3427 6
      vertex 5.88905 77.6573 6
      vertex 6 77.65 6
    endloop
  endfacet
  facet normal -0 0 1
    outer loop
      vertex 5.78 79.321 6
      vertex 5.88905 77.6573 6
      vertex 5.88905 79.3427 6
    endloop
  endfacet
  facet normal 0 0 1
    outer loop
      vertex 5.78 79.321 6
      vertex 5.78 77.679 6
      vertex 5.88905 77.6573 6
    endloop
  endfacet
  facet normal -0 0 1
    outer loop
      vertex 5.67472 79.2853 6
      vertex 5.78 77.679 6
      vertex 5.78 79.321 6
    endloop
  endfacet
  facet normal 0 0 1
    outer loop
      vertex 5.67472 79.2853 6
      vertex 5.67472 77.7147 6
      vertex 5.78 77.679 6
    endloop
  endfacet
  facet normal -0 0 1
    outer loop
      vertex 5.575 79.2361 6
      vertex 5.67472 77.7147 6
      vertex 5.67472 79.2853 6
    endloop
  endfacet
  facet normal 0 0 1
    outer loop
      vertex 5.575 79.2361 6
      vertex 5.575 77.7639 6
      vertex 5.67472 77.7147 6
    endloop
  endfacet
  facet normal -0 0 1
    outer loop
      vertex 5.48255 79.1743 6
      vertex 5.575 77.7639 6
      vertex 5.575 79.2361 6
    endloop
  endfacet
  facet normal 0 0 1
    outer loop
      vertex 5.48255 79.1743 6
      vertex 5.48255 77.8257 6
      vertex 5.575 77.7639 6
    endloop
  endfacet
  facet normal -0 0 1
    outer loop
      vertex 5.39896 79.101 6
      vertex 5.48255 77.8257 6
      vertex 5.48255 79.1743 6
    endloop
  endfacet
  facet normal 0 0 1
    outer loop
      vertex 5.39896 79.101 6
      vertex 5.39896 77.899 6
      vertex 5.48255 77.8257 6
    endloop
  endfacet
  facet normal -0 0 1
    outer loop
      vertex 5.32565 79.0174 6
      vertex 5.39896 77.899 6
      vertex 5.39896 79.101 6
    endloop
  endfacet
  facet normal 0 0 1
    outer loop
      vertex 5.32565 79.0174 6
      vertex 5.32565 77.9826 6
      vertex 5.39896 77.899 6
    endloop
  endfacet
  facet normal -0 0 1
    outer loop
      vertex 5.26388 78.925 6
      vertex 5.32565 77.9826 6
      vertex 5.32565 79.0174 6
    endloop
  endfacet
  facet normal 0 0 1
    outer loop
      vertex 5.26388 78.925 6
      vertex 5.26388 78.075 6
      vertex 5.32565 77.9826 6
    endloop
  endfacet
  facet normal -0 0 1
    outer loop
      vertex 5.2147 78.8253 6
      vertex 5.26388 78.075 6
      vertex 5.26388 78.925 6
    endloop
  endfacet
  facet normal 0 0 1
    outer loop
      vertex 5.2147 78.8253 6
      vertex 5.2147 78.1747 6
      vertex 5.26388 78.075 6
    endloop
  endfacet
  facet normal -0 0 1
    outer loop
      vertex 5.17896 78.72 6
      vertex 5.2147 78.1747 6
      vertex 5.2147 78.8253 6
    endloop
  endfacet
  facet normal 0 0 1
    outer loop
      vertex 5.17896 78.72 6
      vertex 5.17896 78.28 6
      vertex 5.2147 78.1747 6
    endloop
  endfacet
  facet normal -0 0 1
    outer loop
      vertex 5.15727 78.6109 6
      vertex 5.17896 78.28 6
      vertex 5.17896 78.72 6
    endloop
  endfacet
  facet normal 0 0 1
    outer loop
      vertex 5.15727 78.6109 6
      vertex 5.15727 78.3891 6
      vertex 5.17896 78.28 6
    endloop
  endfacet
  facet normal 0 -0 1
    outer loop
      vertex 5.15727 78.3891 6
      vertex 5.15727 78.6109 6
      vertex 5.15 78.5 6
    endloop
  endfacet
  facet normal 0.896825 -0.442386 0
    outer loop
      vertex 5.2147 78.8253 12
      vertex 5.26388 78.925 6
      vertex 5.26388 78.925 12
    endloop
  endfacet
  facet normal 0.896825 -0.442386 0
    outer loop
      vertex 5.26388 78.925 6
      vertex 5.2147 78.8253 12
      vertex 5.2147 78.8253 6
    endloop
  endfacet
  facet normal 0.831344 -0.555759 0
    outer loop
      vertex 5.26388 78.925 12
      vertex 5.32565 79.0174 6
      vertex 5.32565 79.0174 12
    endloop
  endfacet
  facet normal 0.831344 -0.555759 0
    outer loop
      vertex 5.32565 79.0174 6
      vertex 5.26388 78.925 12
      vertex 5.26388 78.925 6
    endloop
  endfacet
  facet normal 0.997858 -0.0654141 0
    outer loop
      vertex 5.15 78.5 12
      vertex 5.15727 78.6109 6
      vertex 5.15727 78.6109 12
    endloop
  endfacet
  facet normal 0.997858 -0.0654141 0
    outer loop
      vertex 5.15727 78.6109 6
      vertex 5.15 78.5 12
      vertex 5.15 78.5 6
    endloop
  endfacet
  facet normal 0.659313 -0.751869 0
    outer loop
      vertex 5.39896 79.101 6
      vertex 5.48255 79.1743 12
      vertex 5.39896 79.101 12
    endloop
  endfacet
  facet normal 0.659313 -0.751869 0
    outer loop
      vertex 5.48255 79.1743 12
      vertex 5.39896 79.101 6
      vertex 5.48255 79.1743 6
    endloop
  endfacet
  facet normal 0.195165 -0.98077 0
    outer loop
      vertex 5.78 79.321 6
      vertex 5.88905 79.3427 12
      vertex 5.78 79.321 12
    endloop
  endfacet
  facet normal 0.195165 -0.98077 0
    outer loop
      vertex 5.88905 79.3427 12
      vertex 5.78 79.321 6
      vertex 5.88905 79.3427 6
    endloop
  endfacet
  facet normal -0.997858 0.0654141 0
    outer loop
      vertex 6.84273 78.3891 6
      vertex 6.85 78.5 12
      vertex 6.85 78.5 6
    endloop
  endfacet
  facet normal -0.997858 0.0654141 0
    outer loop
      vertex 6.85 78.5 12
      vertex 6.84273 78.3891 6
      vertex 6.84273 78.3891 12
    endloop
  endfacet
  facet normal -0.195165 0.98077 0
    outer loop
      vertex 6.22 77.679 6
      vertex 6.11095 77.6573 12
      vertex 6.22 77.679 12
    endloop
  endfacet
  facet normal -0.195165 0.98077 0
    outer loop
      vertex 6.11095 77.6573 12
      vertex 6.22 77.679 6
      vertex 6.11095 77.6573 6
    endloop
  endfacet
  facet normal -0.442459 0.896789 0
    outer loop
      vertex 6.425 77.7639 6
      vertex 6.32528 77.7147 12
      vertex 6.425 77.7639 12
    endloop
  endfacet
  facet normal -0.442459 0.896789 0
    outer loop
      vertex 6.32528 77.7147 12
      vertex 6.425 77.7639 6
      vertex 6.32528 77.7147 6
    endloop
  endfacet
  facet normal -0.659313 0.751869 0
    outer loop
      vertex 6.60104 77.899 6
      vertex 6.51745 77.8257 12
      vertex 6.60104 77.899 12
    endloop
  endfacet
  facet normal -0.659313 0.751869 0
    outer loop
      vertex 6.51745 77.8257 12
      vertex 6.60104 77.899 6
      vertex 6.51745 77.8257 6
    endloop
  endfacet
  facet normal -0.831344 0.555759 0
    outer loop
      vertex 6.67435 77.9826 6
      vertex 6.73612 78.075 12
      vertex 6.73612 78.075 6
    endloop
  endfacet
  facet normal -0.831344 0.555759 0
    outer loop
      vertex 6.73612 78.075 12
      vertex 6.67435 77.9826 6
      vertex 6.67435 77.9826 12
    endloop
  endfacet
  facet normal 0.555737 0.831358 -0
    outer loop
      vertex 5.575 77.7639 6
      vertex 5.48255 77.8257 12
      vertex 5.575 77.7639 12
    endloop
  endfacet
  facet normal 0.555737 0.831358 0
    outer loop
      vertex 5.48255 77.8257 12
      vertex 5.575 77.7639 6
      vertex 5.48255 77.8257 6
    endloop
  endfacet
  facet normal 0.321135 0.947033 -0
    outer loop
      vertex 5.78 77.679 6
      vertex 5.67472 77.7147 12
      vertex 5.78 77.679 12
    endloop
  endfacet
  facet normal 0.321135 0.947033 0
    outer loop
      vertex 5.67472 77.7147 12
      vertex 5.78 77.679 6
      vertex 5.67472 77.7147 6
    endloop
  endfacet
  facet normal 0.0656534 0.997842 -0
    outer loop
      vertex 6 77.65 6
      vertex 5.88905 77.6573 12
      vertex 6 77.65 12
    endloop
  endfacet
  facet normal 0.0656534 0.997842 0
    outer loop
      vertex 5.88905 77.6573 12
      vertex 6 77.65 6
      vertex 5.88905 77.6573 6
    endloop
  endfacet
  facet normal 0.751863 0.659319 0
    outer loop
      vertex 5.39896 77.899 12
      vertex 5.32565 77.9826 6
      vertex 5.32565 77.9826 12
    endloop
  endfacet
  facet normal 0.751863 0.659319 0
    outer loop
      vertex 5.32565 77.9826 6
      vertex 5.39896 77.899 12
      vertex 5.39896 77.899 6
    endloop
  endfacet
  facet normal 0.896825 0.442386 0
    outer loop
      vertex 5.26388 78.075 12
      vertex 5.2147 78.1747 6
      vertex 5.2147 78.1747 12
    endloop
  endfacet
  facet normal 0.896825 0.442386 0
    outer loop
      vertex 5.2147 78.1747 6
      vertex 5.26388 78.075 12
      vertex 5.26388 78.075 6
    endloop
  endfacet
  facet normal 0.980805 0.194992 0
    outer loop
      vertex 5.17896 78.28 12
      vertex 5.15727 78.3891 6
      vertex 5.15727 78.3891 12
    endloop
  endfacet
  facet normal 0.980805 0.194992 0
    outer loop
      vertex 5.15727 78.3891 6
      vertex 5.17896 78.28 12
      vertex 5.17896 78.28 6
    endloop
  endfacet
  facet normal 0.997858 0.0654141 0
    outer loop
      vertex 5.15727 78.3891 12
      vertex 5.15 78.5 6
      vertex 5.15 78.5 12
    endloop
  endfacet
  facet normal 0.997858 0.0654141 0
    outer loop
      vertex 5.15 78.5 6
      vertex 5.15727 78.3891 12
      vertex 5.15727 78.3891 6
    endloop
  endfacet
  facet normal -0.946943 0.321403 0
    outer loop
      vertex 6.7853 78.1747 6
      vertex 6.82104 78.28 12
      vertex 6.82104 78.28 6
    endloop
  endfacet
  facet normal -0.946943 0.321403 0
    outer loop
      vertex 6.82104 78.28 12
      vertex 6.7853 78.1747 6
      vertex 6.7853 78.1747 12
    endloop
  endfacet
  facet normal -0.321135 0.947033 0
    outer loop
      vertex 6.32528 77.7147 6
      vertex 6.22 77.679 12
      vertex 6.32528 77.7147 12
    endloop
  endfacet
  facet normal -0.321135 0.947033 0
    outer loop
      vertex 6.22 77.679 12
      vertex 6.32528 77.7147 6
      vertex 6.22 77.679 6
    endloop
  endfacet
  facet normal -0.751863 0.659319 0
    outer loop
      vertex 6.60104 77.899 6
      vertex 6.67435 77.9826 12
      vertex 6.67435 77.9826 6
    endloop
  endfacet
  facet normal -0.751863 0.659319 0
    outer loop
      vertex 6.67435 77.9826 12
      vertex 6.60104 77.899 6
      vertex 6.60104 77.899 12
    endloop
  endfacet
  facet normal 0.442459 0.896789 -0
    outer loop
      vertex 5.67472 77.7147 6
      vertex 5.575 77.7639 12
      vertex 5.67472 77.7147 12
    endloop
  endfacet
  facet normal 0.442459 0.896789 0
    outer loop
      vertex 5.575 77.7639 12
      vertex 5.67472 77.7147 6
      vertex 5.575 77.7639 6
    endloop
  endfacet
  facet normal -0.0656534 0.997842 0
    outer loop
      vertex 6.11095 77.6573 6
      vertex 6 77.65 12
      vertex 6.11095 77.6573 12
    endloop
  endfacet
  facet normal -0.0656534 0.997842 0
    outer loop
      vertex 6 77.65 12
      vertex 6.11095 77.6573 6
      vertex 6 77.65 6
    endloop
  endfacet
  facet normal 0.659313 0.751869 -0
    outer loop
      vertex 5.48255 77.8257 6
      vertex 5.39896 77.899 12
      vertex 5.48255 77.8257 12
    endloop
  endfacet
  facet normal 0.659313 0.751869 0
    outer loop
      vertex 5.39896 77.899 12
      vertex 5.48255 77.8257 6
      vertex 5.39896 77.899 6
    endloop
  endfacet
  facet normal 0.946943 0.321403 0
    outer loop
      vertex 5.2147 78.1747 12
      vertex 5.17896 78.28 6
      vertex 5.17896 78.28 12
    endloop
  endfacet
  facet normal 0.946943 0.321403 0
    outer loop
      vertex 5.17896 78.28 6
      vertex 5.2147 78.1747 12
      vertex 5.2147 78.1747 6
    endloop
  endfacet
  facet normal -0.896825 0.442386 0
    outer loop
      vertex 6.73612 78.075 6
      vertex 6.7853 78.1747 12
      vertex 6.7853 78.1747 6
    endloop
  endfacet
  facet normal -0.896825 0.442386 0
    outer loop
      vertex 6.7853 78.1747 12
      vertex 6.73612 78.075 6
      vertex 6.73612 78.075 12
    endloop
  endfacet
endsolid OpenSCAD_Model
