solid OpenSCAD_Model
  facet normal -0.827625 0.553072 0.0956455
    outer loop
      vertex -19 83.7025 13.7786
      vertex -18.244 84 18.6
      vertex -19 84 12.0583
    endloop
  endfacet
  facet normal -0.827664 0.553012 0.0956554
    outer loop
      vertex -18.244 84 18.6
      vertex -19 83.7025 13.7786
      vertex -18.5124 83.5983 18.6
    endloop
  endfacet
  facet normal -0.827641 0.553046 0.0956538
    outer loop
      vertex -19 83.7025 13.7786
      vertex -19 82.8686 18.6
      vertex -18.5124 83.5983 18.6
    endloop
  endfacet
  facet normal 0.827638 -0.553004 -0.0959257
    outer loop
      vertex -17.521 81.4804 18.6
      vertex -18.0968 81.7635 12
      vertex -17.6675 82.406 12
    endloop
  endfacet
  facet normal 0.827636 -0.553007 -0.0959256
    outer loop
      vertex -18.0968 81.7635 12
      vertex -17.521 81.4804 18.6
      vertex -17.7866 81.0829 18.6
    endloop
  endfacet
  facet normal 0.748464 -0.656031 -0.0970848
    outer loop
      vertex -15.599 84 18.6
      vertex -16.5644 83.8753 12
      vertex -16.4551 84 12
    endloop
  endfacet
  facet normal 0.748283 -0.656241 -0.0970545
    outer loop
      vertex -16.5644 83.8753 12
      vertex -15.599 84 18.6
      vertex -16.2856 83.2171 18.6
    endloop
  endfacet
  facet normal 0.827611 -0.553045 -0.0959179
    outer loop
      vertex -16.6008 82.8576 18.6
      vertex -17.6675 82.406 12
      vertex -17.0739 83.2943 12
    endloop
  endfacet
  facet normal 0.82764 -0.553002 -0.0959254
    outer loop
      vertex -17.6675 82.406 12
      vertex -16.6008 82.8576 18.6
      vertex -17.521 81.4804 18.6
    endloop
  endfacet
  facet normal 0.748305 -0.656216 -0.0970529
    outer loop
      vertex -16.2856 83.2171 18.6
      vertex -17.0739 83.2943 12
      vertex -16.5644 83.8753 12
    endloop
  endfacet
  facet normal 0.748365 -0.656147 -0.0970592
    outer loop
      vertex -17.0739 83.2943 12
      vertex -16.2856 83.2171 18.6
      vertex -16.6008 82.8576 18.6
    endloop
  endfacet
  facet normal 0.893438 -0.440596 -0.0874264
    outer loop
      vertex -17.7866 81.0829 18.6
      vertex -18.4386 81.0704 12
      vertex -18.0968 81.7635 12
    endloop
  endfacet
  facet normal 0.893406 -0.440661 -0.0874231
    outer loop
      vertex -18.4386 81.0704 12
      vertex -17.7866 81.0829 18.6
      vertex -17.9981 80.6541 18.6
    endloop
  endfacet
  facet normal 0.893433 -0.440608 -0.0874216
    outer loop
      vertex -17.9981 80.6541 18.6
      vertex -18.9111 80.1123 12
      vertex -18.4386 81.0704 12
    endloop
  endfacet
  facet normal 0.893443 -0.440587 -0.0874247
    outer loop
      vertex -18.9111 80.1123 12
      vertex -17.9981 80.6541 18.6
      vertex -18.7307 79.1685 18.6
    endloop
  endfacet
  facet normal -0.991441 0 -0.130559
    outer loop
      vertex 19.9572 34 29.3081
      vertex 19.7344 64 31
      vertex 19.9572 64 29.3081
    endloop
  endfacet
  facet normal -0.991441 -0 -0.130559
    outer loop
      vertex 19.7344 64 31
      vertex 19.9572 34 29.3081
      vertex 19.7344 34 31
    endloop
  endfacet
  facet normal 0.944499 -0.320603 -0.0716625
    outer loop
      vertex -18.7307 79.1685 18.6
      vertex -19 79.8504 12
      vertex -18.9111 80.1123 12
    endloop
  endfacet
  facet normal 0.944491 -0.320625 -0.0716645
    outer loop
      vertex -19 79.8504 12
      vertex -18.7307 79.1685 18.6
      vertex -19 78.3752 18.6
    endloop
  endfacet
  facet normal -0.999999 -2.61308e-05 -0.00145837
    outer loop
      vertex 19.9839 64 11
      vertex 19.9784 62.4 14.8
      vertex 19.9572 64 29.3081
    endloop
  endfacet
  facet normal -0.999999 0.00100684 -0.00102343
    outer loop
      vertex 19.9839 64 11
      vertex 19.9785 62.3932 14.6956
      vertex 19.9784 62.4 14.8
    endloop
  endfacet
  facet normal -0.999998 -0.00076643 -0.00179443
    outer loop
      vertex 19.9839 64 11
      vertex 19.9787 62.3727 14.5929
      vertex 19.9785 62.3932 14.6956
    endloop
  endfacet
  facet normal -0.999999 0.000551798 -0.00119738
    outer loop
      vertex 19.9839 64 11
      vertex 19.9788 62.3391 14.4939
      vertex 19.9787 62.3727 14.5929
    endloop
  endfacet
  facet normal -0.999998 -0.000692073 -0.00178868
    outer loop
      vertex 19.9839 64 11
      vertex 19.979 62.2928 14.4
      vertex 19.9788 62.3391 14.4939
    endloop
  endfacet
  facet normal -0.999999 0.000249374 -0.00131596
    outer loop
      vertex 19.9839 64 11
      vertex 19.9791 62.2347 14.313
      vertex 19.979 62.2928 14.4
    endloop
  endfacet
  facet normal -0.999999 0.000126413 -0.00138148
    outer loop
      vertex 19.9839 64 11
      vertex 19.9792 62.1657 14.2343
      vertex 19.9791 62.2347 14.313
    endloop
  endfacet
  facet normal -0.999999 2.28283e-06 -0.00145188
    outer loop
      vertex 19.9839 64 11
      vertex 19.9793 62.087 14.1653
      vertex 19.9792 62.1657 14.2343
    endloop
  endfacet
  facet normal -0.999999 -0.000127469 -0.00153029
    outer loop
      vertex 19.9839 64 11
      vertex 19.9794 62 14.1072
      vertex 19.9793 62.087 14.1653
    endloop
  endfacet
  facet normal -0.999999 -0.000266334 -0.00161968
    outer loop
      vertex 19.9839 64 11
      vertex 19.9795 61.9061 14.0609
      vertex 19.9794 62 14.1072
    endloop
  endfacet
  facet normal -0.999999 0.000395946 -0.00116663
    outer loop
      vertex 19.9839 64 11
      vertex 19.9795 61.8071 14.0273
      vertex 19.9795 61.9061 14.0609
    endloop
  endfacet
  facet normal -0.999999 0.000253472 -0.00126983
    outer loop
      vertex 19.9839 64 11
      vertex 19.9795 61.7044 14.0068
      vertex 19.9795 61.8071 14.0273
    endloop
  endfacet
  facet normal -0.999997 -0.000821678 -0.00209067
    outer loop
      vertex 19.9839 64 11
      vertex 19.9796 61.6 14
      vertex 19.9795 61.7044 14.0068
    endloop
  endfacet
  facet normal -0.999999 0.000912018 -0.000703718
    outer loop
      vertex 19.9839 64 11
      vertex 19.9795 61.4956 14.0068
      vertex 19.9796 61.6 14
    endloop
  endfacet
  facet normal -0.999998 -0.000350348 -0.00175516
    outer loop
      vertex 19.9839 64 11
      vertex 19.9795 61.3929 14.0273
      vertex 19.9795 61.4956 14.0068
    endloop
  endfacet
  facet normal -0.999998 -0.000697014 -0.0020537
    outer loop
      vertex 19.9839 64 11
      vertex 19.9795 61.2939 14.0609
      vertex 19.9795 61.3929 14.0273
    endloop
  endfacet
  facet normal -0.999999 0 -0.00143748
    outer loop
      vertex 19.9795 58.5061 14.0609
      vertex 19.9795 61.2939 14.0609
      vertex 19.9839 64 11
    endloop
  endfacet
  facet normal -0.999998 -0 -0.00215982
    outer loop
      vertex 19.9795 61.2939 14.0609
      vertex 19.9795 58.5061 14.0609
      vertex 19.9794 61.2 14.1072
    endloop
  endfacet
  facet normal -0.999998 0 -0.00215982
    outer loop
      vertex 19.9794 58.6 14.1072
      vertex 19.9794 61.2 14.1072
      vertex 19.9795 58.5061 14.0609
    endloop
  endfacet
  facet normal -0.999999 -0 -0.00145968
    outer loop
      vertex 19.9784 60.8 14.8
      vertex 19.9784 59 14.8
      vertex 19.9603 60.8 27.2
    endloop
  endfacet
  facet normal -1 0 -0.000957854
    outer loop
      vertex 19.9785 60.8068 14.6956
      vertex 19.9784 59 14.8
      vertex 19.9784 60.8 14.8
    endloop
  endfacet
  facet normal -0.999998 0 -0.00194742
    outer loop
      vertex 19.9785 58.9932 14.6956
      vertex 19.9785 60.8068 14.6956
      vertex 19.9787 60.8273 14.5929
    endloop
  endfacet
  facet normal -0.999999 0 -0.0010101
    outer loop
      vertex 19.9787 58.9727 14.5929
      vertex 19.9787 60.8273 14.5929
      vertex 19.9788 60.8609 14.4939
    endloop
  endfacet
  facet normal -0.999998 0 -0.00212992
    outer loop
      vertex 19.9788 58.9391 14.4939
      vertex 19.9788 60.8609 14.4939
      vertex 19.979 60.9072 14.4
    endloop
  endfacet
  facet normal -0.999999 0 -0.00114942
    outer loop
      vertex 19.979 58.8928 14.4
      vertex 19.979 60.9072 14.4
      vertex 19.9791 60.9653 14.313
    endloop
  endfacet
  facet normal -0.999999 0 -0.00127065
    outer loop
      vertex 19.9791 58.8347 14.313
      vertex 19.9791 60.9653 14.313
      vertex 19.9792 61.0343 14.2343
    endloop
  endfacet
  facet normal -0.999999 -0 -0.00172117
    outer loop
      vertex 19.9794 61.2 14.1072
      vertex 19.9794 58.6 14.1072
      vertex 19.9793 61.113 14.1653
    endloop
  endfacet
  facet normal -1 -0 -0.000957854
    outer loop
      vertex 19.9785 60.8068 14.6956
      vertex 19.9785 58.9932 14.6956
      vertex 19.9784 59 14.8
    endloop
  endfacet
  facet normal -0.999998 -0 -0.00194742
    outer loop
      vertex 19.9787 60.8273 14.5929
      vertex 19.9787 58.9727 14.5929
      vertex 19.9785 58.9932 14.6956
    endloop
  endfacet
  facet normal -0.999999 -0 -0.0010101
    outer loop
      vertex 19.9788 60.8609 14.4939
      vertex 19.9788 58.9391 14.4939
      vertex 19.9787 58.9727 14.5929
    endloop
  endfacet
  facet normal -0.999998 -0 -0.00212992
    outer loop
      vertex 19.979 60.9072 14.4
      vertex 19.979 58.8928 14.4
      vertex 19.9788 58.9391 14.4939
    endloop
  endfacet
  facet normal -0.999999 -0 -0.00114942
    outer loop
      vertex 19.9791 60.9653 14.313
      vertex 19.9791 58.8347 14.313
      vertex 19.979 58.8928 14.4
    endloop
  endfacet
  facet normal -0.999999 -0 -0.00127065
    outer loop
      vertex 19.9792 61.0343 14.2343
      vertex 19.9792 58.7657 14.2343
      vertex 19.9791 58.8347 14.313
    endloop
  endfacet
  facet normal -0.999999 -0 -0.00144927
    outer loop
      vertex 19.9792 61.0343 14.2343
      vertex 19.9793 58.687 14.1653
      vertex 19.9792 58.7657 14.2343
    endloop
  endfacet
  facet normal -0.999999 -0 -0.00144927
    outer loop
      vertex 19.9793 61.113 14.1653
      vertex 19.9793 58.687 14.1653
      vertex 19.9792 61.0343 14.2343
    endloop
  endfacet
  facet normal -0.999999 0 -0.00172117
    outer loop
      vertex 19.9793 58.687 14.1653
      vertex 19.9793 61.113 14.1653
      vertex 19.9794 58.6 14.1072
    endloop
  endfacet
  facet normal -1 0.000303184 -0.000893311
    outer loop
      vertex 19.9839 64 11
      vertex 19.9795 58.4071 14.0273
      vertex 19.9795 58.5061 14.0609
    endloop
  endfacet
  facet normal -0.999999 0.000211957 -0.00106185
    outer loop
      vertex 19.9839 64 11
      vertex 19.9795 58.3044 14.0068
      vertex 19.9795 58.4071 14.0273
    endloop
  endfacet
  facet normal -0.999995 -0.000767805 -0.00291775
    outer loop
      vertex 19.9839 64 11
      vertex 19.9796 58.2 14
      vertex 19.9795 58.3044 14.0068
    endloop
  endfacet
  facet normal -0.999999 0.000989041 0.000478813
    outer loop
      vertex 19.9839 64 11
      vertex 19.9795 58.0956 14.0068
      vertex 19.9796 58.2 14
    endloop
  endfacet
  facet normal -0.999999 0 -0.00146335
    outer loop
      vertex 19.9795 54.9044 14.0068
      vertex 19.9795 58.0956 14.0068
      vertex 19.9839 64 11
    endloop
  endfacet
  facet normal -1 0 0
    outer loop
      vertex 19.9795 58.0956 14.0068
      vertex 19.9795 54.9044 14.0068
      vertex 19.9795 57.9929 14.0273
    endloop
  endfacet
  facet normal -1 0 -0
    outer loop
      vertex 19.9795 55.0071 14.0273
      vertex 19.9795 57.9929 14.0273
      vertex 19.9795 54.9044 14.0068
    endloop
  endfacet
  facet normal -0.999999 -0 -0.00145968
    outer loop
      vertex 19.9784 57.4 14.8
      vertex 19.9784 55.6 14.8
      vertex 19.9603 57.4 27.2
    endloop
  endfacet
  facet normal -1 0 -0.000957854
    outer loop
      vertex 19.9785 57.4068 14.6956
      vertex 19.9784 55.6 14.8
      vertex 19.9784 57.4 14.8
    endloop
  endfacet
  facet normal -0.999998 0 -0.00194742
    outer loop
      vertex 19.9785 55.5932 14.6956
      vertex 19.9785 57.4068 14.6956
      vertex 19.9787 57.4273 14.5929
    endloop
  endfacet
  facet normal -0.999999 0 -0.0010101
    outer loop
      vertex 19.9787 55.5727 14.5929
      vertex 19.9787 57.4273 14.5929
      vertex 19.9788 57.4609 14.4939
    endloop
  endfacet
  facet normal -0.999998 0 -0.00212992
    outer loop
      vertex 19.9788 55.5391 14.4939
      vertex 19.9788 57.4609 14.4939
      vertex 19.979 57.5072 14.4
    endloop
  endfacet
  facet normal -0.999999 0 -0.00114942
    outer loop
      vertex 19.979 55.4928 14.4
      vertex 19.979 57.5072 14.4
      vertex 19.9791 57.5653 14.313
    endloop
  endfacet
  facet normal -0.999999 0 -0.00127065
    outer loop
      vertex 19.9791 55.4347 14.313
      vertex 19.9791 57.5653 14.313
      vertex 19.9792 57.6343 14.2343
    endloop
  endfacet
  facet normal -0.999999 0 -0.00144927
    outer loop
      vertex 19.9792 55.3657 14.2343
      vertex 19.9792 57.6343 14.2343
      vertex 19.9793 57.713 14.1653
    endloop
  endfacet
  facet normal -0.999999 0 -0.00172117
    outer loop
      vertex 19.9793 55.287 14.1653
      vertex 19.9793 57.713 14.1653
      vertex 19.9794 57.8 14.1072
    endloop
  endfacet
  facet normal -1 0 0
    outer loop
      vertex 19.9795 57.9929 14.0273
      vertex 19.9795 55.0071 14.0273
      vertex 19.9795 57.8939 14.0609
    endloop
  endfacet
  facet normal -1 -0 -0.000957854
    outer loop
      vertex 19.9785 57.4068 14.6956
      vertex 19.9785 55.5932 14.6956
      vertex 19.9784 55.6 14.8
    endloop
  endfacet
  facet normal -0.999998 -0 -0.00194742
    outer loop
      vertex 19.9787 57.4273 14.5929
      vertex 19.9787 55.5727 14.5929
      vertex 19.9785 55.5932 14.6956
    endloop
  endfacet
  facet normal -0.999999 -0 -0.0010101
    outer loop
      vertex 19.9788 57.4609 14.4939
      vertex 19.9788 55.5391 14.4939
      vertex 19.9787 55.5727 14.5929
    endloop
  endfacet
  facet normal -0.999998 -0 -0.00212992
    outer loop
      vertex 19.979 57.5072 14.4
      vertex 19.979 55.4928 14.4
      vertex 19.9788 55.5391 14.4939
    endloop
  endfacet
  facet normal -0.999999 -0 -0.00114942
    outer loop
      vertex 19.9791 57.5653 14.313
      vertex 19.9791 55.4347 14.313
      vertex 19.979 55.4928 14.4
    endloop
  endfacet
  facet normal -0.999999 -0 -0.00127065
    outer loop
      vertex 19.9792 57.6343 14.2343
      vertex 19.9792 55.3657 14.2343
      vertex 19.9791 55.4347 14.313
    endloop
  endfacet
  facet normal -0.999999 -0 -0.00144927
    outer loop
      vertex 19.9793 57.713 14.1653
      vertex 19.9793 55.287 14.1653
      vertex 19.9792 55.3657 14.2343
    endloop
  endfacet
  facet normal -0.999999 -0 -0.00172117
    outer loop
      vertex 19.9794 57.8 14.1072
      vertex 19.9794 55.2 14.1072
      vertex 19.9793 55.287 14.1653
    endloop
  endfacet
  facet normal -0.999998 -0 -0.00215982
    outer loop
      vertex 19.9794 57.8 14.1072
      vertex 19.9795 55.1061 14.0609
      vertex 19.9794 55.2 14.1072
    endloop
  endfacet
  facet normal -0.999998 -0 -0.00215982
    outer loop
      vertex 19.9795 57.8939 14.0609
      vertex 19.9795 55.1061 14.0609
      vertex 19.9794 57.8 14.1072
    endloop
  endfacet
  facet normal -1 0 -0
    outer loop
      vertex 19.9795 55.1061 14.0609
      vertex 19.9795 57.8939 14.0609
      vertex 19.9795 55.0071 14.0273
    endloop
  endfacet
  facet normal -0.999993 -0.000720561 -0.00364304
    outer loop
      vertex 19.9839 64 11
      vertex 19.9796 54.8 14
      vertex 19.9795 54.9044 14.0068
    endloop
  endfacet
  facet normal -0.999998 0.00108027 0.0018795
    outer loop
      vertex 19.9839 64 11
      vertex 19.9795 54.6956 14.0068
      vertex 19.9796 54.8 14
    endloop
  endfacet
  facet normal -0.999999 0 -0.00146335
    outer loop
      vertex 19.9795 51.5044 14.0068
      vertex 19.9795 54.6956 14.0068
      vertex 19.9839 64 11
    endloop
  endfacet
  facet normal -0.999999 -0 -0.00145968
    outer loop
      vertex 19.9784 54 14.8
      vertex 19.9784 52.2 14.8
      vertex 19.9603 54 27.2
    endloop
  endfacet
  facet normal -1 0 -0.000957854
    outer loop
      vertex 19.9785 54.0068 14.6956
      vertex 19.9784 52.2 14.8
      vertex 19.9784 54 14.8
    endloop
  endfacet
  facet normal -0.999998 0 -0.00194742
    outer loop
      vertex 19.9785 52.1932 14.6956
      vertex 19.9785 54.0068 14.6956
      vertex 19.9787 54.0273 14.5929
    endloop
  endfacet
  facet normal -0.999999 0 -0.0010101
    outer loop
      vertex 19.9787 52.1727 14.5929
      vertex 19.9787 54.0273 14.5929
      vertex 19.9788 54.0609 14.4939
    endloop
  endfacet
  facet normal -0.999998 0 -0.00212992
    outer loop
      vertex 19.9788 52.1391 14.4939
      vertex 19.9788 54.0609 14.4939
      vertex 19.979 54.1072 14.4
    endloop
  endfacet
  facet normal -0.999999 0 -0.00114942
    outer loop
      vertex 19.979 52.0928 14.4
      vertex 19.979 54.1072 14.4
      vertex 19.9791 54.1653 14.313
    endloop
  endfacet
  facet normal -0.999999 0 -0.00127065
    outer loop
      vertex 19.9791 52.0347 14.313
      vertex 19.9791 54.1653 14.313
      vertex 19.9792 54.2343 14.2343
    endloop
  endfacet
  facet normal -0.999999 0 -0.00144927
    outer loop
      vertex 19.9792 51.9657 14.2343
      vertex 19.9792 54.2343 14.2343
      vertex 19.9793 54.313 14.1653
    endloop
  endfacet
  facet normal -0.999999 0 -0.00172117
    outer loop
      vertex 19.9793 51.887 14.1653
      vertex 19.9793 54.313 14.1653
      vertex 19.9794 54.4 14.1072
    endloop
  endfacet
  facet normal -0.999998 0 -0.00215982
    outer loop
      vertex 19.9794 51.8 14.1072
      vertex 19.9794 54.4 14.1072
      vertex 19.9795 54.4939 14.0609
    endloop
  endfacet
  facet normal -1 0 0
    outer loop
      vertex 19.9795 51.7061 14.0609
      vertex 19.9795 54.4939 14.0609
      vertex 19.9795 54.5929 14.0273
    endloop
  endfacet
  facet normal -1 -0 -0.000957854
    outer loop
      vertex 19.9785 54.0068 14.6956
      vertex 19.9785 52.1932 14.6956
      vertex 19.9784 52.2 14.8
    endloop
  endfacet
  facet normal -1 0 0
    outer loop
      vertex 19.9795 54.6956 14.0068
      vertex 19.9795 51.5044 14.0068
      vertex 19.9795 54.5929 14.0273
    endloop
  endfacet
  facet normal -0.999998 -0 -0.00194742
    outer loop
      vertex 19.9787 54.0273 14.5929
      vertex 19.9787 52.1727 14.5929
      vertex 19.9785 52.1932 14.6956
    endloop
  endfacet
  facet normal -0.999999 -0 -0.0010101
    outer loop
      vertex 19.9788 54.0609 14.4939
      vertex 19.9788 52.1391 14.4939
      vertex 19.9787 52.1727 14.5929
    endloop
  endfacet
  facet normal -0.999998 -0 -0.00212992
    outer loop
      vertex 19.979 54.1072 14.4
      vertex 19.979 52.0928 14.4
      vertex 19.9788 52.1391 14.4939
    endloop
  endfacet
  facet normal -0.999999 -0 -0.00114942
    outer loop
      vertex 19.9791 54.1653 14.313
      vertex 19.9791 52.0347 14.313
      vertex 19.979 52.0928 14.4
    endloop
  endfacet
  facet normal -0.999999 -0 -0.00127065
    outer loop
      vertex 19.9792 54.2343 14.2343
      vertex 19.9792 51.9657 14.2343
      vertex 19.9791 52.0347 14.313
    endloop
  endfacet
  facet normal -0.999999 -0 -0.00144927
    outer loop
      vertex 19.9793 54.313 14.1653
      vertex 19.9793 51.887 14.1653
      vertex 19.9792 51.9657 14.2343
    endloop
  endfacet
  facet normal -0.999999 -0 -0.00172117
    outer loop
      vertex 19.9794 54.4 14.1072
      vertex 19.9794 51.8 14.1072
      vertex 19.9793 51.887 14.1653
    endloop
  endfacet
  facet normal -0.999998 -0 -0.00215982
    outer loop
      vertex 19.9795 54.4939 14.0609
      vertex 19.9795 51.7061 14.0609
      vertex 19.9794 51.8 14.1072
    endloop
  endfacet
  facet normal -1 0 0
    outer loop
      vertex 19.9795 54.5929 14.0273
      vertex 19.9795 51.6071 14.0273
      vertex 19.9795 51.7061 14.0609
    endloop
  endfacet
  facet normal -1 -0 0
    outer loop
      vertex 19.9795 54.5929 14.0273
      vertex 19.9795 51.5044 14.0068
      vertex 19.9795 51.6071 14.0273
    endloop
  endfacet
  facet normal -0.999991 -0.000678794 -0.00428426
    outer loop
      vertex 19.9839 64 11
      vertex 19.9796 51.4 14
      vertex 19.9795 51.5044 14.0068
    endloop
  endfacet
  facet normal -0.999999 0 -0.00143333
    outer loop
      vertex 19.9796 48 14
      vertex 19.9796 51.4 14
      vertex 19.9839 64 11
    endloop
  endfacet
  facet normal -0.999892 -0 -0.0147043
    outer loop
      vertex 19.9796 51.4 14
      vertex 19.9796 48 14
      vertex 19.9795 51.2956 14.0068
    endloop
  endfacet
  facet normal -0.999999 -0 -0.00145968
    outer loop
      vertex 19.9784 50.6 14.8
      vertex 19.9784 48.8 14.8
      vertex 19.9603 50.6 27.2
    endloop
  endfacet
  facet normal -1 0 -0.000957854
    outer loop
      vertex 19.9785 50.6068 14.6956
      vertex 19.9784 48.8 14.8
      vertex 19.9784 50.6 14.8
    endloop
  endfacet
  facet normal -0.999998 0 -0.00194742
    outer loop
      vertex 19.9785 48.7932 14.6956
      vertex 19.9785 50.6068 14.6956
      vertex 19.9787 50.6273 14.5929
    endloop
  endfacet
  facet normal -0.999999 0 -0.0010101
    outer loop
      vertex 19.9787 48.7727 14.5929
      vertex 19.9787 50.6273 14.5929
      vertex 19.9788 50.6609 14.4939
    endloop
  endfacet
  facet normal -0.999998 0 -0.00212992
    outer loop
      vertex 19.9788 48.7391 14.4939
      vertex 19.9788 50.6609 14.4939
      vertex 19.979 50.7072 14.4
    endloop
  endfacet
  facet normal -0.999999 0 -0.00114942
    outer loop
      vertex 19.979 48.6928 14.4
      vertex 19.979 50.7072 14.4
      vertex 19.9791 50.7653 14.313
    endloop
  endfacet
  facet normal -0.999999 0 -0.00127065
    outer loop
      vertex 19.9791 48.6347 14.313
      vertex 19.9791 50.7653 14.313
      vertex 19.9792 50.8343 14.2343
    endloop
  endfacet
  facet normal -0.999999 0 -0.00144927
    outer loop
      vertex 19.9792 48.5657 14.2343
      vertex 19.9792 50.8343 14.2343
      vertex 19.9793 50.913 14.1653
    endloop
  endfacet
  facet normal -0.999999 0 -0.00172117
    outer loop
      vertex 19.9793 48.487 14.1653
      vertex 19.9793 50.913 14.1653
      vertex 19.9794 51 14.1072
    endloop
  endfacet
  facet normal -0.999998 0 -0.00215982
    outer loop
      vertex 19.9794 48.4 14.1072
      vertex 19.9794 51 14.1072
      vertex 19.9795 51.0939 14.0609
    endloop
  endfacet
  facet normal -1 0 0
    outer loop
      vertex 19.9795 48.3061 14.0609
      vertex 19.9795 51.0939 14.0609
      vertex 19.9795 51.1929 14.0273
    endloop
  endfacet
  facet normal -1 -0 -0.000957854
    outer loop
      vertex 19.9785 50.6068 14.6956
      vertex 19.9785 48.7932 14.6956
      vertex 19.9784 48.8 14.8
    endloop
  endfacet
  facet normal -0.999998 -0 -0.00194742
    outer loop
      vertex 19.9787 50.6273 14.5929
      vertex 19.9787 48.7727 14.5929
      vertex 19.9785 48.7932 14.6956
    endloop
  endfacet
  facet normal -0.999892 0 -0.0147043
    outer loop
      vertex 19.9795 48.1044 14.0068
      vertex 19.9795 51.2956 14.0068
      vertex 19.9796 48 14
    endloop
  endfacet
  facet normal -0.999999 -0 -0.0010101
    outer loop
      vertex 19.9788 50.6609 14.4939
      vertex 19.9788 48.7391 14.4939
      vertex 19.9787 48.7727 14.5929
    endloop
  endfacet
  facet normal -0.999998 -0 -0.00212992
    outer loop
      vertex 19.979 50.7072 14.4
      vertex 19.979 48.6928 14.4
      vertex 19.9788 48.7391 14.4939
    endloop
  endfacet
  facet normal -0.999999 -0 -0.00114942
    outer loop
      vertex 19.9791 50.7653 14.313
      vertex 19.9791 48.6347 14.313
      vertex 19.979 48.6928 14.4
    endloop
  endfacet
  facet normal -0.999999 -0 -0.00127065
    outer loop
      vertex 19.9792 50.8343 14.2343
      vertex 19.9792 48.5657 14.2343
      vertex 19.9791 48.6347 14.313
    endloop
  endfacet
  facet normal -0.999999 -0 -0.00144927
    outer loop
      vertex 19.9793 50.913 14.1653
      vertex 19.9793 48.487 14.1653
      vertex 19.9792 48.5657 14.2343
    endloop
  endfacet
  facet normal -0.999999 -0 -0.00172117
    outer loop
      vertex 19.9794 51 14.1072
      vertex 19.9794 48.4 14.1072
      vertex 19.9793 48.487 14.1653
    endloop
  endfacet
  facet normal -0.999998 -0 -0.00215982
    outer loop
      vertex 19.9795 51.0939 14.0609
      vertex 19.9795 48.3061 14.0609
      vertex 19.9794 48.4 14.1072
    endloop
  endfacet
  facet normal -1 0 0
    outer loop
      vertex 19.9795 51.1929 14.0273
      vertex 19.9795 48.2071 14.0273
      vertex 19.9795 48.3061 14.0609
    endloop
  endfacet
  facet normal -1 -0 0
    outer loop
      vertex 19.9795 51.1929 14.0273
      vertex 19.9795 48.1044 14.0068
      vertex 19.9795 48.2071 14.0273
    endloop
  endfacet
  facet normal -1 0 0
    outer loop
      vertex 19.9795 51.2956 14.0068
      vertex 19.9795 48.1044 14.0068
      vertex 19.9795 51.1929 14.0273
    endloop
  endfacet
  facet normal -0.999999 0 -0.00143333
    outer loop
      vertex 19.9839 34 11
      vertex 19.9796 48 14
      vertex 19.9839 64 11
    endloop
  endfacet
  facet normal -0.999999 -0 -0.00145968
    outer loop
      vertex 19.9784 47.2 14.8
      vertex 19.9784 45.4 14.8
      vertex 19.9603 47.2 27.2
    endloop
  endfacet
  facet normal -1 0 -0.000957854
    outer loop
      vertex 19.9785 47.2068 14.6956
      vertex 19.9784 45.4 14.8
      vertex 19.9784 47.2 14.8
    endloop
  endfacet
  facet normal -0.999998 0 -0.00194742
    outer loop
      vertex 19.9785 45.3932 14.6956
      vertex 19.9785 47.2068 14.6956
      vertex 19.9787 47.2273 14.5929
    endloop
  endfacet
  facet normal -0.999999 0 -0.0010101
    outer loop
      vertex 19.9787 45.3727 14.5929
      vertex 19.9787 47.2273 14.5929
      vertex 19.9788 47.2609 14.4939
    endloop
  endfacet
  facet normal -0.999998 0 -0.00212992
    outer loop
      vertex 19.9788 45.3391 14.4939
      vertex 19.9788 47.2609 14.4939
      vertex 19.979 47.3072 14.4
    endloop
  endfacet
  facet normal -0.999999 0 -0.00114942
    outer loop
      vertex 19.979 45.2928 14.4
      vertex 19.979 47.3072 14.4
      vertex 19.9791 47.3653 14.313
    endloop
  endfacet
  facet normal -0.999999 0 -0.00127065
    outer loop
      vertex 19.9791 45.2347 14.313
      vertex 19.9791 47.3653 14.313
      vertex 19.9792 47.4343 14.2343
    endloop
  endfacet
  facet normal -0.999999 0 -0.00144927
    outer loop
      vertex 19.9792 45.1657 14.2343
      vertex 19.9792 47.4343 14.2343
      vertex 19.9793 47.513 14.1653
    endloop
  endfacet
  facet normal -0.999999 0 -0.00172117
    outer loop
      vertex 19.9793 45.087 14.1653
      vertex 19.9793 47.513 14.1653
      vertex 19.9794 47.6 14.1072
    endloop
  endfacet
  facet normal -0.999998 0 -0.00215982
    outer loop
      vertex 19.9794 45 14.1072
      vertex 19.9794 47.6 14.1072
      vertex 19.9795 47.6939 14.0609
    endloop
  endfacet
  facet normal -1 0 0
    outer loop
      vertex 19.9795 44.9061 14.0609
      vertex 19.9795 47.6939 14.0609
      vertex 19.9795 47.7929 14.0273
    endloop
  endfacet
  facet normal -1 -0 -0.000957854
    outer loop
      vertex 19.9785 47.2068 14.6956
      vertex 19.9785 45.3932 14.6956
      vertex 19.9784 45.4 14.8
    endloop
  endfacet
  facet normal -0.999998 -0 -0.00194742
    outer loop
      vertex 19.9787 47.2273 14.5929
      vertex 19.9787 45.3727 14.5929
      vertex 19.9785 45.3932 14.6956
    endloop
  endfacet
  facet normal -0.999999 -0 -0.0010101
    outer loop
      vertex 19.9788 47.2609 14.4939
      vertex 19.9788 45.3391 14.4939
      vertex 19.9787 45.3727 14.5929
    endloop
  endfacet
  facet normal -1 0 0
    outer loop
      vertex 19.9795 44.8071 14.0273
      vertex 19.9795 47.7929 14.0273
      vertex 19.9795 47.8956 14.0068
    endloop
  endfacet
  facet normal -0.999998 -0 -0.00212992
    outer loop
      vertex 19.979 47.3072 14.4
      vertex 19.979 45.2928 14.4
      vertex 19.9788 45.3391 14.4939
    endloop
  endfacet
  facet normal -0.99999 0.000662971 -0.00452718
    outer loop
      vertex 19.9796 48 14
      vertex 19.9839 34 11
      vertex 19.9795 47.8956 14.0068
    endloop
  endfacet
  facet normal -0.999999 -0 -0.00114942
    outer loop
      vertex 19.9791 47.3653 14.313
      vertex 19.9791 45.2347 14.313
      vertex 19.979 45.2928 14.4
    endloop
  endfacet
  facet normal -0.999999 -0 -0.00127065
    outer loop
      vertex 19.9792 47.4343 14.2343
      vertex 19.9792 45.1657 14.2343
      vertex 19.9791 45.2347 14.313
    endloop
  endfacet
  facet normal -0.999999 -0 -0.00144927
    outer loop
      vertex 19.9793 47.513 14.1653
      vertex 19.9793 45.087 14.1653
      vertex 19.9792 45.1657 14.2343
    endloop
  endfacet
  facet normal -0.999999 -0 -0.00172117
    outer loop
      vertex 19.9794 47.6 14.1072
      vertex 19.9794 45 14.1072
      vertex 19.9793 45.087 14.1653
    endloop
  endfacet
  facet normal -0.999998 -0 -0.00215982
    outer loop
      vertex 19.9795 47.6939 14.0609
      vertex 19.9795 44.9061 14.0609
      vertex 19.9794 45 14.1072
    endloop
  endfacet
  facet normal -1 0 0
    outer loop
      vertex 19.9795 47.7929 14.0273
      vertex 19.9795 44.8071 14.0273
      vertex 19.9795 44.9061 14.0609
    endloop
  endfacet
  facet normal -1 0 0
    outer loop
      vertex 19.9795 47.8956 14.0068
      vertex 19.9795 44.7044 14.0068
      vertex 19.9795 44.8071 14.0273
    endloop
  endfacet
  facet normal -0.999999 -0 -0.00146335
    outer loop
      vertex 19.9795 47.8956 14.0068
      vertex 19.9839 34 11
      vertex 19.9795 44.7044 14.0068
    endloop
  endfacet
  facet normal -0.999996 -0.00112292 0.00253433
    outer loop
      vertex 19.9795 44.7044 14.0068
      vertex 19.9839 34 11
      vertex 19.9796 44.6 14
    endloop
  endfacet
  facet normal -0.999999 -0 -0.00145968
    outer loop
      vertex 19.9784 43.8 14.8
      vertex 19.9784 42 14.8
      vertex 19.9603 43.8 27.2
    endloop
  endfacet
  facet normal -1 0 -0.000957854
    outer loop
      vertex 19.9785 43.8068 14.6956
      vertex 19.9784 42 14.8
      vertex 19.9784 43.8 14.8
    endloop
  endfacet
  facet normal -0.999998 0 -0.00194742
    outer loop
      vertex 19.9785 41.9932 14.6956
      vertex 19.9785 43.8068 14.6956
      vertex 19.9787 43.8273 14.5929
    endloop
  endfacet
  facet normal -0.999999 0 -0.0010101
    outer loop
      vertex 19.9787 41.9727 14.5929
      vertex 19.9787 43.8273 14.5929
      vertex 19.9788 43.8609 14.4939
    endloop
  endfacet
  facet normal -0.999998 0 -0.00212992
    outer loop
      vertex 19.9788 41.9391 14.4939
      vertex 19.9788 43.8609 14.4939
      vertex 19.979 43.9072 14.4
    endloop
  endfacet
  facet normal -0.999999 0 -0.00114942
    outer loop
      vertex 19.979 41.8928 14.4
      vertex 19.979 43.9072 14.4
      vertex 19.9791 43.9653 14.313
    endloop
  endfacet
  facet normal -0.999999 0 -0.00127065
    outer loop
      vertex 19.9791 41.8347 14.313
      vertex 19.9791 43.9653 14.313
      vertex 19.9792 44.0343 14.2343
    endloop
  endfacet
  facet normal -0.999999 0 -0.00144927
    outer loop
      vertex 19.9792 41.7657 14.2343
      vertex 19.9792 44.0343 14.2343
      vertex 19.9793 44.113 14.1653
    endloop
  endfacet
  facet normal -0.999999 0 -0.00172117
    outer loop
      vertex 19.9793 41.687 14.1653
      vertex 19.9793 44.113 14.1653
      vertex 19.9794 44.2 14.1072
    endloop
  endfacet
  facet normal -0.999998 0 -0.00215982
    outer loop
      vertex 19.9794 41.6 14.1072
      vertex 19.9794 44.2 14.1072
      vertex 19.9795 44.2939 14.0609
    endloop
  endfacet
  facet normal -1 0 0
    outer loop
      vertex 19.9795 41.5061 14.0609
      vertex 19.9795 44.2939 14.0609
      vertex 19.9795 44.3929 14.0273
    endloop
  endfacet
  facet normal -1 -0 -0.000957854
    outer loop
      vertex 19.9785 43.8068 14.6956
      vertex 19.9785 41.9932 14.6956
      vertex 19.9784 42 14.8
    endloop
  endfacet
  facet normal -0.999998 -0 -0.00194742
    outer loop
      vertex 19.9787 43.8273 14.5929
      vertex 19.9787 41.9727 14.5929
      vertex 19.9785 41.9932 14.6956
    endloop
  endfacet
  facet normal -0.999999 -0 -0.0010101
    outer loop
      vertex 19.9788 43.8609 14.4939
      vertex 19.9788 41.9391 14.4939
      vertex 19.9787 41.9727 14.5929
    endloop
  endfacet
  facet normal -1 0 0
    outer loop
      vertex 19.9795 41.4071 14.0273
      vertex 19.9795 44.3929 14.0273
      vertex 19.9795 44.4956 14.0068
    endloop
  endfacet
  facet normal -0.999998 -0 -0.00212992
    outer loop
      vertex 19.979 43.9072 14.4
      vertex 19.979 41.8928 14.4
      vertex 19.9788 41.9391 14.4939
    endloop
  endfacet
  facet normal -0.999992 0.000702756 -0.00391639
    outer loop
      vertex 19.9796 44.6 14
      vertex 19.9839 34 11
      vertex 19.9795 44.4956 14.0068
    endloop
  endfacet
  facet normal -0.999999 -0 -0.00114942
    outer loop
      vertex 19.9791 43.9653 14.313
      vertex 19.9791 41.8347 14.313
      vertex 19.979 41.8928 14.4
    endloop
  endfacet
  facet normal -0.999999 -0 -0.00127065
    outer loop
      vertex 19.9792 44.0343 14.2343
      vertex 19.9792 41.7657 14.2343
      vertex 19.9791 41.8347 14.313
    endloop
  endfacet
  facet normal -0.999999 -0 -0.00144927
    outer loop
      vertex 19.9793 44.113 14.1653
      vertex 19.9793 41.687 14.1653
      vertex 19.9792 41.7657 14.2343
    endloop
  endfacet
  facet normal -0.999999 -0 -0.00172117
    outer loop
      vertex 19.9794 44.2 14.1072
      vertex 19.9794 41.6 14.1072
      vertex 19.9793 41.687 14.1653
    endloop
  endfacet
  facet normal -0.999998 -0 -0.00215982
    outer loop
      vertex 19.9795 44.2939 14.0609
      vertex 19.9795 41.5061 14.0609
      vertex 19.9794 41.6 14.1072
    endloop
  endfacet
  facet normal -1 0 0
    outer loop
      vertex 19.9795 44.3929 14.0273
      vertex 19.9795 41.4071 14.0273
      vertex 19.9795 41.5061 14.0609
    endloop
  endfacet
  facet normal -0.999999 0 -0.00146335
    outer loop
      vertex 19.9795 41.3044 14.0068
      vertex 19.9795 44.4956 14.0068
      vertex 19.9839 34 11
    endloop
  endfacet
  facet normal -1 0 0
    outer loop
      vertex 19.9795 44.4956 14.0068
      vertex 19.9795 41.3044 14.0068
      vertex 19.9795 41.4071 14.0273
    endloop
  endfacet
  facet normal -0.999999 -0.00102467 0.00102588
    outer loop
      vertex 19.9795 41.3044 14.0068
      vertex 19.9839 34 11
      vertex 19.9796 41.2 14
    endloop
  endfacet
  facet normal -0.999999 -0 -0.00145968
    outer loop
      vertex 19.9784 40.4 14.8
      vertex 19.9784 38.6 14.8
      vertex 19.9603 40.4 27.2
    endloop
  endfacet
  facet normal -1 0 -0.000957854
    outer loop
      vertex 19.9785 40.4068 14.6956
      vertex 19.9784 38.6 14.8
      vertex 19.9784 40.4 14.8
    endloop
  endfacet
  facet normal -0.999998 0 -0.00194742
    outer loop
      vertex 19.9785 38.5932 14.6956
      vertex 19.9785 40.4068 14.6956
      vertex 19.9787 40.4273 14.5929
    endloop
  endfacet
  facet normal -0.999999 0 -0.0010101
    outer loop
      vertex 19.9787 38.5727 14.5929
      vertex 19.9787 40.4273 14.5929
      vertex 19.9788 40.4609 14.4939
    endloop
  endfacet
  facet normal -0.999998 0 -0.00212992
    outer loop
      vertex 19.9788 38.5391 14.4939
      vertex 19.9788 40.4609 14.4939
      vertex 19.979 40.5072 14.4
    endloop
  endfacet
  facet normal -0.999999 0 -0.00114942
    outer loop
      vertex 19.979 38.4928 14.4
      vertex 19.979 40.5072 14.4
      vertex 19.9791 40.5653 14.313
    endloop
  endfacet
  facet normal -0.999999 0 -0.00127065
    outer loop
      vertex 19.9791 38.4347 14.313
      vertex 19.9791 40.5653 14.313
      vertex 19.9792 40.6343 14.2343
    endloop
  endfacet
  facet normal -0.999999 0 -0.00144927
    outer loop
      vertex 19.9792 38.3657 14.2343
      vertex 19.9792 40.6343 14.2343
      vertex 19.9793 40.713 14.1653
    endloop
  endfacet
  facet normal -0.999999 0 -0.00172117
    outer loop
      vertex 19.9793 38.287 14.1653
      vertex 19.9793 40.713 14.1653
      vertex 19.9794 40.8 14.1072
    endloop
  endfacet
  facet normal -0.999998 0 -0.00215982
    outer loop
      vertex 19.9794 38.2 14.1072
      vertex 19.9794 40.8 14.1072
      vertex 19.9795 40.8939 14.0609
    endloop
  endfacet
  facet normal -1 0 0
    outer loop
      vertex 19.9795 38.1061 14.0609
      vertex 19.9795 40.8939 14.0609
      vertex 19.9795 40.9929 14.0273
    endloop
  endfacet
  facet normal -1 -0 -0.000957854
    outer loop
      vertex 19.9785 40.4068 14.6956
      vertex 19.9785 38.5932 14.6956
      vertex 19.9784 38.6 14.8
    endloop
  endfacet
  facet normal -0.999998 -0 -0.00194742
    outer loop
      vertex 19.9787 40.4273 14.5929
      vertex 19.9787 38.5727 14.5929
      vertex 19.9785 38.5932 14.6956
    endloop
  endfacet
  facet normal -0.999999 -0 -0.0010101
    outer loop
      vertex 19.9788 40.4609 14.4939
      vertex 19.9788 38.5391 14.4939
      vertex 19.9787 38.5727 14.5929
    endloop
  endfacet
  facet normal -0.999999 -0.000198565 -0.000994764
    outer loop
      vertex 19.9839 34 11
      vertex 19.9795 40.9929 14.0273
      vertex 19.9795 41.0956 14.0068
    endloop
  endfacet
  facet normal -0.999998 -0 -0.00212992
    outer loop
      vertex 19.979 40.5072 14.4
      vertex 19.979 38.4928 14.4
      vertex 19.9788 38.5391 14.4939
    endloop
  endfacet
  facet normal -0.999999 -0 -0.00114942
    outer loop
      vertex 19.9791 40.5653 14.313
      vertex 19.9791 38.4347 14.313
      vertex 19.979 38.4928 14.4
    endloop
  endfacet
  facet normal -0.999995 0.000747621 -0.00322762
    outer loop
      vertex 19.9796 41.2 14
      vertex 19.9839 34 11
      vertex 19.9795 41.0956 14.0068
    endloop
  endfacet
  facet normal -0.999999 -0 -0.00127065
    outer loop
      vertex 19.9792 40.6343 14.2343
      vertex 19.9792 38.3657 14.2343
      vertex 19.9791 38.4347 14.313
    endloop
  endfacet
  facet normal -0.999999 -0 -0.00144927
    outer loop
      vertex 19.9793 40.713 14.1653
      vertex 19.9793 38.287 14.1653
      vertex 19.9792 38.3657 14.2343
    endloop
  endfacet
  facet normal -0.999999 -0 -0.00172117
    outer loop
      vertex 19.9794 40.8 14.1072
      vertex 19.9794 38.2 14.1072
      vertex 19.9793 38.287 14.1653
    endloop
  endfacet
  facet normal -0.999999 -0 -0.00145344
    outer loop
      vertex 19.9795 40.9929 14.0273
      vertex 19.9839 34 11
      vertex 19.9795 38.0071 14.0273
    endloop
  endfacet
  facet normal -0.999998 -0 -0.00215982
    outer loop
      vertex 19.9795 40.8939 14.0609
      vertex 19.9795 38.1061 14.0609
      vertex 19.9794 38.2 14.1072
    endloop
  endfacet
  facet normal -1 0 0
    outer loop
      vertex 19.9795 40.9929 14.0273
      vertex 19.9795 38.0071 14.0273
      vertex 19.9795 38.1061 14.0609
    endloop
  endfacet
  facet normal -0.999998 0.000394302 -0.00197536
    outer loop
      vertex 19.9795 38.0071 14.0273
      vertex 19.9839 34 11
      vertex 19.9795 37.9044 14.0068
    endloop
  endfacet
  facet normal -1 -0.000942232 -0.000239838
    outer loop
      vertex 19.9795 37.9044 14.0068
      vertex 19.9839 34 11
      vertex 19.9796 37.8 14
    endloop
  endfacet
  facet normal -0.999999 1.39364e-05 -0.00145837
    outer loop
      vertex 19.9572 34 29.3081
      vertex 19.9784 37 14.8
      vertex 19.9839 34 11
    endloop
  endfacet
  facet normal -0.999999 -0.000572793 -0.000995162
    outer loop
      vertex 19.9785 37.0068 14.6956
      vertex 19.9839 34 11
      vertex 19.9784 37 14.8
    endloop
  endfacet
  facet normal -0.999998 0.000479875 -0.00185163
    outer loop
      vertex 19.9787 37.0273 14.5929
      vertex 19.9839 34 11
      vertex 19.9785 37.0068 14.6956
    endloop
  endfacet
  facet normal -0.999999 -0.000369888 -0.00113564
    outer loop
      vertex 19.9788 37.0609 14.4939
      vertex 19.9839 34 11
      vertex 19.9787 37.0273 14.5929
    endloop
  endfacet
  facet normal -0.999998 0.000489529 -0.00188855
    outer loop
      vertex 19.979 37.1072 14.4
      vertex 19.9839 34 11
      vertex 19.9788 37.0609 14.4939
    endloop
  endfacet
  facet normal -0.999999 -0.000184454 -0.00127261
    outer loop
      vertex 19.9791 37.1653 14.313
      vertex 19.9839 34 11
      vertex 19.979 37.1072 14.4
    endloop
  endfacet
  facet normal -0.999999 -9.72564e-05 -0.00135592
    outer loop
      vertex 19.9792 37.2343 14.2343
      vertex 19.9839 34 11
      vertex 19.9791 37.1653 14.313
    endloop
  endfacet
  facet normal -0.999999 -1.8212e-06 -0.00145135
    outer loop
      vertex 19.9793 37.313 14.1653
      vertex 19.9839 34 11
      vertex 19.9792 37.2343 14.2343
    endloop
  endfacet
  facet normal -0.999999 0.000105308 -0.00156348
    outer loop
      vertex 19.9794 37.4 14.1072
      vertex 19.9839 34 11
      vertex 19.9793 37.313 14.1653
    endloop
  endfacet
  facet normal -0.999999 0.000227901 -0.00169762
    outer loop
      vertex 19.9795 37.4939 14.0609
      vertex 19.9839 34 11
      vertex 19.9794 37.4 14.1072
    endloop
  endfacet
  facet normal -0.999999 -0.000351645 -0.0010361
    outer loop
      vertex 19.9795 37.5929 14.0273
      vertex 19.9839 34 11
      vertex 19.9795 37.4939 14.0609
    endloop
  endfacet
  facet normal -0.999999 -0.000234555 -0.00117506
    outer loop
      vertex 19.9795 37.6956 14.0068
      vertex 19.9839 34 11
      vertex 19.9795 37.5929 14.0273
    endloop
  endfacet
  facet normal -0.999997 0.000798605 -0.0024449
    outer loop
      vertex 19.9796 37.8 14
      vertex 19.9839 34 11
      vertex 19.9795 37.6956 14.0068
    endloop
  endfacet
  facet normal -0.999999 -1.42838e-05 -0.00145968
    outer loop
      vertex 19.9603 62.4 27.2
      vertex 19.9572 64 29.3081
      vertex 19.9784 62.4 14.8
    endloop
  endfacet
  facet normal -0.999998 0.000540205 -0.00188052
    outer loop
      vertex 19.9601 62.3932 27.3044
      vertex 19.9572 64 29.3081
      vertex 19.9603 62.4 27.2
    endloop
  endfacet
  facet normal -0.999999 -0.00047289 -0.0010681
    outer loop
      vertex 19.96 62.3727 27.4071
      vertex 19.9572 64 29.3081
      vertex 19.9601 62.3932 27.3044
    endloop
  endfacet
  facet normal -0.999998 0.000457825 -0.00186482
    outer loop
      vertex 19.9598 62.3391 27.5061
      vertex 19.9572 64 29.3081
      vertex 19.96 62.3727 27.4071
    endloop
  endfacet
  facet normal -0.999999 -0.000267094 -0.00119666
    outer loop
      vertex 19.9597 62.2928 27.6
      vertex 19.9572 64 29.3081
      vertex 19.9598 62.3391 27.5061
    endloop
  endfacet
  facet normal -0.999998 0.000500953 -0.0019643
    outer loop
      vertex 19.9595 62.2347 27.687
      vertex 19.9572 64 29.3081
      vertex 19.9597 62.2928 27.6
    endloop
  endfacet
  facet normal -0.999999 -7.53633e-05 -0.00133672
    outer loop
      vertex 19.9594 62.1657 27.7657
      vertex 19.9572 64 29.3081
      vertex 19.9595 62.2347 27.687
    endloop
  endfacet
  facet normal -0.999999 9.84054e-06 -0.00143805
    outer loop
      vertex 19.9593 62.087 27.8347
      vertex 19.9572 64 29.3081
      vertex 19.9594 62.1657 27.7657
    endloop
  endfacet
  facet normal -0.999999 0.000105837 -0.00156269
    outer loop
      vertex 19.9592 62 27.8928
      vertex 19.9572 64 29.3081
      vertex 19.9593 62.087 27.8347
    endloop
  endfacet
  facet normal -1 -0.000410649 -0.000832828
    outer loop
      vertex 19.9592 61.9061 27.9391
      vertex 19.9572 64 29.3081
      vertex 19.9592 62 27.8928
    endloop
  endfacet
  facet normal -0.999998 0.000338536 -0.00197871
    outer loop
      vertex 19.9591 61.8071 27.9727
      vertex 19.9572 64 29.3081
      vertex 19.9592 61.9061 27.9391
    endloop
  endfacet
  facet normal -0.999999 -0.000213893 -0.00107155
    outer loop
      vertex 19.9591 61.7044 27.9932
      vertex 19.9572 64 29.3081
      vertex 19.9591 61.8071 27.9727
    endloop
  endfacet
  facet normal -0.999999 -8.45075e-05 -0.00129744
    outer loop
      vertex 19.9591 61.6 28
      vertex 19.9572 64 29.3081
      vertex 19.9591 61.7044 27.9932
    endloop
  endfacet
  facet normal -0.999999 0.000107447 -0.00164962
    outer loop
      vertex 19.9591 61.4956 27.9932
      vertex 19.9572 64 29.3081
      vertex 19.9591 61.6 28
    endloop
  endfacet
  facet normal -0.999997 0.000465351 -0.00233129
    outer loop
      vertex 19.9591 61.3929 27.9727
      vertex 19.9572 64 29.3081
      vertex 19.9591 61.4956 27.9932
    endloop
  endfacet
  facet normal -0.999996 0 -0.00297618
    outer loop
      vertex 19.9591 58.4071 27.9727
      vertex 19.9591 61.3929 27.9727
      vertex 19.9592 61.2939 27.9391
    endloop
  endfacet
  facet normal -1 0 0
    outer loop
      vertex 19.9592 58.5061 27.9391
      vertex 19.9592 61.2939 27.9391
      vertex 19.9592 61.2 27.8928
    endloop
  endfacet
  facet normal -0.999999 0 -0.00145968
    outer loop
      vertex 19.9603 59 27.2
      vertex 19.9603 60.8 27.2
      vertex 19.9784 59 14.8
    endloop
  endfacet
  facet normal -0.999998 -0 -0.00191571
    outer loop
      vertex 19.9603 60.8 27.2
      vertex 19.9603 59 27.2
      vertex 19.9601 60.8068 27.3044
    endloop
  endfacet
  facet normal -0.999998 0 -0.00191571
    outer loop
      vertex 19.9601 58.9932 27.3044
      vertex 19.9601 60.8068 27.3044
      vertex 19.9603 59 27.2
    endloop
  endfacet
  facet normal -1 -0 -0.000973709
    outer loop
      vertex 19.9601 60.8068 27.3044
      vertex 19.9601 58.9932 27.3044
      vertex 19.96 60.8273 27.4071
    endloop
  endfacet
  facet normal -1 0 -0.000973709
    outer loop
      vertex 19.96 58.9727 27.4071
      vertex 19.96 60.8273 27.4071
      vertex 19.9601 58.9932 27.3044
    endloop
  endfacet
  facet normal -0.999998 -0 -0.0020202
    outer loop
      vertex 19.96 60.8273 27.4071
      vertex 19.96 58.9727 27.4071
      vertex 19.9598 60.8609 27.5061
    endloop
  endfacet
  facet normal -0.999998 0 -0.0020202
    outer loop
      vertex 19.9598 58.9391 27.5061
      vertex 19.9598 60.8609 27.5061
      vertex 19.96 58.9727 27.4071
    endloop
  endfacet
  facet normal -0.999999 -0 -0.00106496
    outer loop
      vertex 19.9598 60.8609 27.5061
      vertex 19.9598 58.9391 27.5061
      vertex 19.9597 60.9072 27.6
    endloop
  endfacet
  facet normal -0.999999 0 -0.00106496
    outer loop
      vertex 19.9597 58.8928 27.6
      vertex 19.9597 60.9072 27.6
      vertex 19.9598 58.9391 27.5061
    endloop
  endfacet
  facet normal -0.999997 -0 -0.00229884
    outer loop
      vertex 19.9597 60.9072 27.6
      vertex 19.9597 58.8928 27.6
      vertex 19.9595 60.9653 27.687
    endloop
  endfacet
  facet normal -0.999997 0 -0.00229884
    outer loop
      vertex 19.9595 58.8347 27.687
      vertex 19.9595 60.9653 27.687
      vertex 19.9597 58.8928 27.6
    endloop
  endfacet
  facet normal -0.999999 -0 -0.00127065
    outer loop
      vertex 19.9595 60.9653 27.687
      vertex 19.9595 58.8347 27.687
      vertex 19.9594 61.0343 27.7657
    endloop
  endfacet
  facet normal -0.999999 0 -0.00127065
    outer loop
      vertex 19.9594 58.7657 27.7657
      vertex 19.9594 61.0343 27.7657
      vertex 19.9595 58.8347 27.687
    endloop
  endfacet
  facet normal -0.999999 -0 -0.00144927
    outer loop
      vertex 19.9594 61.0343 27.7657
      vertex 19.9594 58.7657 27.7657
      vertex 19.9593 61.113 27.8347
    endloop
  endfacet
  facet normal -0.999999 0 -0.00144927
    outer loop
      vertex 19.9593 58.687 27.8347
      vertex 19.9593 61.113 27.8347
      vertex 19.9594 58.7657 27.7657
    endloop
  endfacet
  facet normal -0.999999 -0 -0.00172117
    outer loop
      vertex 19.9593 61.113 27.8347
      vertex 19.9593 58.687 27.8347
      vertex 19.9592 61.2 27.8928
    endloop
  endfacet
  facet normal -0.999999 0 -0.00172117
    outer loop
      vertex 19.9592 58.6 27.8928
      vertex 19.9592 61.2 27.8928
      vertex 19.9593 58.687 27.8347
    endloop
  endfacet
  facet normal -1 0 0
    outer loop
      vertex 19.9592 58.5061 27.9391
      vertex 19.9592 61.2 27.8928
      vertex 19.9592 58.6 27.8928
    endloop
  endfacet
  facet normal -0.999996 -0 -0.00297618
    outer loop
      vertex 19.9592 61.2939 27.9391
      vertex 19.9592 58.5061 27.9391
      vertex 19.9591 58.4071 27.9727
    endloop
  endfacet
  facet normal -0.999999 -0 -0.00142279
    outer loop
      vertex 19.9591 61.3929 27.9727
      vertex 19.9591 58.4071 27.9727
      vertex 19.9572 64 29.3081
    endloop
  endfacet
  facet normal -1 -0.000154686 -0.00077494
    outer loop
      vertex 19.9591 58.3044 27.9932
      vertex 19.9572 64 29.3081
      vertex 19.9591 58.4071 27.9727
    endloop
  endfacet
  facet normal -0.999999 -7.34067e-05 -0.00112701
    outer loop
      vertex 19.9591 58.2 28
      vertex 19.9572 64 29.3081
      vertex 19.9591 58.3044 27.9932
    endloop
  endfacet
  facet normal -0.999998 0.000133023 -0.0020423
    outer loop
      vertex 19.9591 58.0956 27.9932
      vertex 19.9572 64 29.3081
      vertex 19.9591 58.2 28
    endloop
  endfacet
  facet normal -1 0 0
    outer loop
      vertex 19.9591 54.9044 27.9932
      vertex 19.9591 58.0956 27.9932
      vertex 19.9591 57.9929 27.9727
    endloop
  endfacet
  facet normal -0.999999 0 -0.00145968
    outer loop
      vertex 19.9603 55.6 27.2
      vertex 19.9603 57.4 27.2
      vertex 19.9784 55.6 14.8
    endloop
  endfacet
  facet normal -0.999998 -0 -0.00191571
    outer loop
      vertex 19.9603 57.4 27.2
      vertex 19.9603 55.6 27.2
      vertex 19.9601 57.4068 27.3044
    endloop
  endfacet
  facet normal -0.999998 0 -0.00191571
    outer loop
      vertex 19.9601 55.5932 27.3044
      vertex 19.9601 57.4068 27.3044
      vertex 19.9603 55.6 27.2
    endloop
  endfacet
  facet normal -1 -0 -0.000973709
    outer loop
      vertex 19.9601 57.4068 27.3044
      vertex 19.9601 55.5932 27.3044
      vertex 19.96 57.4273 27.4071
    endloop
  endfacet
  facet normal -1 0 -0.000973709
    outer loop
      vertex 19.96 55.5727 27.4071
      vertex 19.96 57.4273 27.4071
      vertex 19.9601 55.5932 27.3044
    endloop
  endfacet
  facet normal -0.999998 -0 -0.0020202
    outer loop
      vertex 19.96 57.4273 27.4071
      vertex 19.96 55.5727 27.4071
      vertex 19.9598 57.4609 27.5061
    endloop
  endfacet
  facet normal -0.999998 0 -0.0020202
    outer loop
      vertex 19.9598 55.5391 27.5061
      vertex 19.9598 57.4609 27.5061
      vertex 19.96 55.5727 27.4071
    endloop
  endfacet
  facet normal -0.999999 -0 -0.00106496
    outer loop
      vertex 19.9598 57.4609 27.5061
      vertex 19.9598 55.5391 27.5061
      vertex 19.9597 57.5072 27.6
    endloop
  endfacet
  facet normal -0.999999 0 -0.00106496
    outer loop
      vertex 19.9597 55.4928 27.6
      vertex 19.9597 57.5072 27.6
      vertex 19.9598 55.5391 27.5061
    endloop
  endfacet
  facet normal -0.999997 -0 -0.00229884
    outer loop
      vertex 19.9597 57.5072 27.6
      vertex 19.9597 55.4928 27.6
      vertex 19.9595 57.5653 27.687
    endloop
  endfacet
  facet normal -0.999997 0 -0.00229884
    outer loop
      vertex 19.9595 55.4347 27.687
      vertex 19.9595 57.5653 27.687
      vertex 19.9597 55.4928 27.6
    endloop
  endfacet
  facet normal -0.999999 -0 -0.00127065
    outer loop
      vertex 19.9595 57.5653 27.687
      vertex 19.9595 55.4347 27.687
      vertex 19.9594 57.6343 27.7657
    endloop
  endfacet
  facet normal -0.999999 0 -0.00127065
    outer loop
      vertex 19.9594 55.3657 27.7657
      vertex 19.9594 57.6343 27.7657
      vertex 19.9595 55.4347 27.687
    endloop
  endfacet
  facet normal -0.999999 -0 -0.00144927
    outer loop
      vertex 19.9594 57.6343 27.7657
      vertex 19.9594 55.3657 27.7657
      vertex 19.9593 57.713 27.8347
    endloop
  endfacet
  facet normal -0.999999 0 -0.00144927
    outer loop
      vertex 19.9593 55.287 27.8347
      vertex 19.9593 57.713 27.8347
      vertex 19.9594 55.3657 27.7657
    endloop
  endfacet
  facet normal -0.999999 -0 -0.00172117
    outer loop
      vertex 19.9593 57.713 27.8347
      vertex 19.9593 55.287 27.8347
      vertex 19.9592 57.8 27.8928
    endloop
  endfacet
  facet normal -0.999999 0 -0.00172117
    outer loop
      vertex 19.9592 55.2 27.8928
      vertex 19.9592 57.8 27.8928
      vertex 19.9593 55.287 27.8347
    endloop
  endfacet
  facet normal -1 0 0
    outer loop
      vertex 19.9592 57.8 27.8928
      vertex 19.9592 55.2 27.8928
      vertex 19.9592 57.8939 27.9391
    endloop
  endfacet
  facet normal -1 0 0
    outer loop
      vertex 19.9592 55.1061 27.9391
      vertex 19.9592 57.8939 27.9391
      vertex 19.9592 55.2 27.8928
    endloop
  endfacet
  facet normal -0.999996 -0 -0.00297618
    outer loop
      vertex 19.9592 57.8939 27.9391
      vertex 19.9592 55.1061 27.9391
      vertex 19.9591 57.9929 27.9727
    endloop
  endfacet
  facet normal -0.999996 0 -0.00297618
    outer loop
      vertex 19.9591 55.0071 27.9727
      vertex 19.9591 57.9929 27.9727
      vertex 19.9592 55.1061 27.9391
    endloop
  endfacet
  facet normal -1 0 0
    outer loop
      vertex 19.9591 54.9044 27.9932
      vertex 19.9591 57.9929 27.9727
      vertex 19.9591 55.0071 27.9727
    endloop
  endfacet
  facet normal -0.999999 -0 -0.00144498
    outer loop
      vertex 19.9591 58.0956 27.9932
      vertex 19.9591 54.9044 27.9932
      vertex 19.9572 64 29.3081
    endloop
  endfacet
  facet normal -1 -6.48836e-05 -0.000996154
    outer loop
      vertex 19.9591 54.8 28
      vertex 19.9572 64 29.3081
      vertex 19.9591 54.9044 27.9932
    endloop
  endfacet
  facet normal -1 0 0
    outer loop
      vertex 19.9591 51.4 28
      vertex 19.9591 54.8 28
      vertex 19.9591 54.6956 27.9932
    endloop
  endfacet
  facet normal -0.999999 0 -0.00145968
    outer loop
      vertex 19.9603 52.2 27.2
      vertex 19.9603 54 27.2
      vertex 19.9784 52.2 14.8
    endloop
  endfacet
  facet normal -0.999998 -0 -0.00191571
    outer loop
      vertex 19.9603 54 27.2
      vertex 19.9603 52.2 27.2
      vertex 19.9601 54.0068 27.3044
    endloop
  endfacet
  facet normal -0.999998 0 -0.00191571
    outer loop
      vertex 19.9601 52.1932 27.3044
      vertex 19.9601 54.0068 27.3044
      vertex 19.9603 52.2 27.2
    endloop
  endfacet
  facet normal -1 -0 -0.000973709
    outer loop
      vertex 19.9601 54.0068 27.3044
      vertex 19.9601 52.1932 27.3044
      vertex 19.96 54.0273 27.4071
    endloop
  endfacet
  facet normal -1 0 -0.000973709
    outer loop
      vertex 19.96 52.1727 27.4071
      vertex 19.96 54.0273 27.4071
      vertex 19.9601 52.1932 27.3044
    endloop
  endfacet
  facet normal -0.999998 -0 -0.0020202
    outer loop
      vertex 19.96 54.0273 27.4071
      vertex 19.96 52.1727 27.4071
      vertex 19.9598 54.0609 27.5061
    endloop
  endfacet
  facet normal -0.999998 0 -0.0020202
    outer loop
      vertex 19.9598 52.1391 27.5061
      vertex 19.9598 54.0609 27.5061
      vertex 19.96 52.1727 27.4071
    endloop
  endfacet
  facet normal -0.999999 -0 -0.00106496
    outer loop
      vertex 19.9598 54.0609 27.5061
      vertex 19.9598 52.1391 27.5061
      vertex 19.9597 54.1072 27.6
    endloop
  endfacet
  facet normal -0.999999 0 -0.00106496
    outer loop
      vertex 19.9597 52.0928 27.6
      vertex 19.9597 54.1072 27.6
      vertex 19.9598 52.1391 27.5061
    endloop
  endfacet
  facet normal -0.999997 -0 -0.00229884
    outer loop
      vertex 19.9597 54.1072 27.6
      vertex 19.9597 52.0928 27.6
      vertex 19.9595 54.1653 27.687
    endloop
  endfacet
  facet normal -0.999997 0 -0.00229884
    outer loop
      vertex 19.9595 52.0347 27.687
      vertex 19.9595 54.1653 27.687
      vertex 19.9597 52.0928 27.6
    endloop
  endfacet
  facet normal -0.999999 -0 -0.00127065
    outer loop
      vertex 19.9595 54.1653 27.687
      vertex 19.9595 52.0347 27.687
      vertex 19.9594 54.2343 27.7657
    endloop
  endfacet
  facet normal -0.999999 0 -0.00127065
    outer loop
      vertex 19.9594 51.9657 27.7657
      vertex 19.9594 54.2343 27.7657
      vertex 19.9595 52.0347 27.687
    endloop
  endfacet
  facet normal -0.999999 -0 -0.00144927
    outer loop
      vertex 19.9594 54.2343 27.7657
      vertex 19.9594 51.9657 27.7657
      vertex 19.9593 54.313 27.8347
    endloop
  endfacet
  facet normal -0.999999 0 -0.00144927
    outer loop
      vertex 19.9593 51.887 27.8347
      vertex 19.9593 54.313 27.8347
      vertex 19.9594 51.9657 27.7657
    endloop
  endfacet
  facet normal -0.999999 -0 -0.00172117
    outer loop
      vertex 19.9593 54.313 27.8347
      vertex 19.9593 51.887 27.8347
      vertex 19.9592 54.4 27.8928
    endloop
  endfacet
  facet normal -0.999999 0 -0.00172117
    outer loop
      vertex 19.9592 51.8 27.8928
      vertex 19.9592 54.4 27.8928
      vertex 19.9593 51.887 27.8347
    endloop
  endfacet
  facet normal -1 0 0
    outer loop
      vertex 19.9592 54.4 27.8928
      vertex 19.9592 51.8 27.8928
      vertex 19.9592 54.4939 27.9391
    endloop
  endfacet
  facet normal -1 0 0
    outer loop
      vertex 19.9592 51.7061 27.9391
      vertex 19.9592 54.4939 27.9391
      vertex 19.9592 51.8 27.8928
    endloop
  endfacet
  facet normal -0.999996 -0 -0.00297618
    outer loop
      vertex 19.9592 54.4939 27.9391
      vertex 19.9592 51.7061 27.9391
      vertex 19.9591 54.5929 27.9727
    endloop
  endfacet
  facet normal -0.999996 0 -0.00297618
    outer loop
      vertex 19.9591 51.6071 27.9727
      vertex 19.9591 54.5929 27.9727
      vertex 19.9592 51.7061 27.9391
    endloop
  endfacet
  facet normal -1 0 0
    outer loop
      vertex 19.9591 54.5929 27.9727
      vertex 19.9591 51.6071 27.9727
      vertex 19.9591 54.6956 27.9932
    endloop
  endfacet
  facet normal -1 0 0
    outer loop
      vertex 19.9591 51.5044 27.9932
      vertex 19.9591 54.6956 27.9932
      vertex 19.9591 51.6071 27.9727
    endloop
  endfacet
  facet normal -1 0 0
    outer loop
      vertex 19.9591 51.4 28
      vertex 19.9591 54.6956 27.9932
      vertex 19.9591 51.5044 27.9932
    endloop
  endfacet
  facet normal -0.999999 -0 -0.00145249
    outer loop
      vertex 19.9591 54.8 28
      vertex 19.9591 51.4 28
      vertex 19.9572 64 29.3081
    endloop
  endfacet
  facet normal -1 0 0
    outer loop
      vertex 19.9591 48 28
      vertex 19.9591 51.4 28
      vertex 19.9591 51.2956 27.9932
    endloop
  endfacet
  facet normal -0.999999 0 -0.00145968
    outer loop
      vertex 19.9603 48.8 27.2
      vertex 19.9603 50.6 27.2
      vertex 19.9784 48.8 14.8
    endloop
  endfacet
  facet normal -0.999998 -0 -0.00191571
    outer loop
      vertex 19.9603 50.6 27.2
      vertex 19.9603 48.8 27.2
      vertex 19.9601 50.6068 27.3044
    endloop
  endfacet
  facet normal -0.999998 0 -0.00191571
    outer loop
      vertex 19.9601 48.7932 27.3044
      vertex 19.9601 50.6068 27.3044
      vertex 19.9603 48.8 27.2
    endloop
  endfacet
  facet normal -1 -0 -0.000973709
    outer loop
      vertex 19.9601 50.6068 27.3044
      vertex 19.9601 48.7932 27.3044
      vertex 19.96 50.6273 27.4071
    endloop
  endfacet
  facet normal -1 0 -0.000973709
    outer loop
      vertex 19.96 48.7727 27.4071
      vertex 19.96 50.6273 27.4071
      vertex 19.9601 48.7932 27.3044
    endloop
  endfacet
  facet normal -0.999998 -0 -0.0020202
    outer loop
      vertex 19.96 50.6273 27.4071
      vertex 19.96 48.7727 27.4071
      vertex 19.9598 50.6609 27.5061
    endloop
  endfacet
  facet normal -0.999998 0 -0.0020202
    outer loop
      vertex 19.9598 48.7391 27.5061
      vertex 19.9598 50.6609 27.5061
      vertex 19.96 48.7727 27.4071
    endloop
  endfacet
  facet normal -0.999999 -0 -0.00106496
    outer loop
      vertex 19.9598 50.6609 27.5061
      vertex 19.9598 48.7391 27.5061
      vertex 19.9597 50.7072 27.6
    endloop
  endfacet
  facet normal -0.999999 0 -0.00106496
    outer loop
      vertex 19.9597 48.6928 27.6
      vertex 19.9597 50.7072 27.6
      vertex 19.9598 48.7391 27.5061
    endloop
  endfacet
  facet normal -0.999997 -0 -0.00229884
    outer loop
      vertex 19.9597 50.7072 27.6
      vertex 19.9597 48.6928 27.6
      vertex 19.9595 50.7653 27.687
    endloop
  endfacet
  facet normal -0.999997 0 -0.00229884
    outer loop
      vertex 19.9595 48.6347 27.687
      vertex 19.9595 50.7653 27.687
      vertex 19.9597 48.6928 27.6
    endloop
  endfacet
  facet normal -0.999999 -0 -0.00127065
    outer loop
      vertex 19.9595 50.7653 27.687
      vertex 19.9595 48.6347 27.687
      vertex 19.9594 50.8343 27.7657
    endloop
  endfacet
  facet normal -0.999999 0 -0.00127065
    outer loop
      vertex 19.9594 48.5657 27.7657
      vertex 19.9594 50.8343 27.7657
      vertex 19.9595 48.6347 27.687
    endloop
  endfacet
  facet normal -0.999999 -0 -0.00144927
    outer loop
      vertex 19.9594 50.8343 27.7657
      vertex 19.9594 48.5657 27.7657
      vertex 19.9593 50.913 27.8347
    endloop
  endfacet
  facet normal -0.999999 0 -0.00144927
    outer loop
      vertex 19.9593 48.487 27.8347
      vertex 19.9593 50.913 27.8347
      vertex 19.9594 48.5657 27.7657
    endloop
  endfacet
  facet normal -0.999999 -0 -0.00172117
    outer loop
      vertex 19.9593 50.913 27.8347
      vertex 19.9593 48.487 27.8347
      vertex 19.9592 51 27.8928
    endloop
  endfacet
  facet normal -0.999999 0 -0.00172117
    outer loop
      vertex 19.9592 48.4 27.8928
      vertex 19.9592 51 27.8928
      vertex 19.9593 48.487 27.8347
    endloop
  endfacet
  facet normal -1 0 0
    outer loop
      vertex 19.9592 51 27.8928
      vertex 19.9592 48.4 27.8928
      vertex 19.9592 51.0939 27.9391
    endloop
  endfacet
  facet normal -1 0 0
    outer loop
      vertex 19.9592 48.3061 27.9391
      vertex 19.9592 51.0939 27.9391
      vertex 19.9592 48.4 27.8928
    endloop
  endfacet
  facet normal -0.999996 -0 -0.00297618
    outer loop
      vertex 19.9592 51.0939 27.9391
      vertex 19.9592 48.3061 27.9391
      vertex 19.9591 51.1929 27.9727
    endloop
  endfacet
  facet normal -0.999996 0 -0.00297618
    outer loop
      vertex 19.9591 48.2071 27.9727
      vertex 19.9591 51.1929 27.9727
      vertex 19.9592 48.3061 27.9391
    endloop
  endfacet
  facet normal -1 0 0
    outer loop
      vertex 19.9591 51.1929 27.9727
      vertex 19.9591 48.2071 27.9727
      vertex 19.9591 51.2956 27.9932
    endloop
  endfacet
  facet normal -1 0 0
    outer loop
      vertex 19.9591 48.1044 27.9932
      vertex 19.9591 51.2956 27.9932
      vertex 19.9591 48.2071 27.9727
    endloop
  endfacet
  facet normal -1 0 0
    outer loop
      vertex 19.9591 48 28
      vertex 19.9591 51.2956 27.9932
      vertex 19.9591 48.1044 27.9932
    endloop
  endfacet
  facet normal -0.999999 -0 -0.00145249
    outer loop
      vertex 19.9591 51.4 28
      vertex 19.9591 48 28
      vertex 19.9572 64 29.3081
    endloop
  endfacet
  facet normal -1 0 0
    outer loop
      vertex 19.9591 44.6 28
      vertex 19.9591 48 28
      vertex 19.9591 47.8956 27.9932
    endloop
  endfacet
  facet normal -0.999999 0 -0.00145968
    outer loop
      vertex 19.9603 45.4 27.2
      vertex 19.9603 47.2 27.2
      vertex 19.9784 45.4 14.8
    endloop
  endfacet
  facet normal -0.999998 -0 -0.00191571
    outer loop
      vertex 19.9603 47.2 27.2
      vertex 19.9603 45.4 27.2
      vertex 19.9601 47.2068 27.3044
    endloop
  endfacet
  facet normal -0.999998 0 -0.00191571
    outer loop
      vertex 19.9601 45.3932 27.3044
      vertex 19.9601 47.2068 27.3044
      vertex 19.9603 45.4 27.2
    endloop
  endfacet
  facet normal -1 -0 -0.000973709
    outer loop
      vertex 19.9601 47.2068 27.3044
      vertex 19.9601 45.3932 27.3044
      vertex 19.96 47.2273 27.4071
    endloop
  endfacet
  facet normal -1 0 -0.000973709
    outer loop
      vertex 19.96 45.3727 27.4071
      vertex 19.96 47.2273 27.4071
      vertex 19.9601 45.3932 27.3044
    endloop
  endfacet
  facet normal -0.999998 -0 -0.0020202
    outer loop
      vertex 19.96 47.2273 27.4071
      vertex 19.96 45.3727 27.4071
      vertex 19.9598 47.2609 27.5061
    endloop
  endfacet
  facet normal -0.999998 0 -0.0020202
    outer loop
      vertex 19.9598 45.3391 27.5061
      vertex 19.9598 47.2609 27.5061
      vertex 19.96 45.3727 27.4071
    endloop
  endfacet
  facet normal -0.999999 -0 -0.00106496
    outer loop
      vertex 19.9598 47.2609 27.5061
      vertex 19.9598 45.3391 27.5061
      vertex 19.9597 47.3072 27.6
    endloop
  endfacet
  facet normal -0.999999 0 -0.00106496
    outer loop
      vertex 19.9597 45.2928 27.6
      vertex 19.9597 47.3072 27.6
      vertex 19.9598 45.3391 27.5061
    endloop
  endfacet
  facet normal -0.999997 -0 -0.00229884
    outer loop
      vertex 19.9597 47.3072 27.6
      vertex 19.9597 45.2928 27.6
      vertex 19.9595 47.3653 27.687
    endloop
  endfacet
  facet normal -0.999997 0 -0.00229884
    outer loop
      vertex 19.9595 45.2347 27.687
      vertex 19.9595 47.3653 27.687
      vertex 19.9597 45.2928 27.6
    endloop
  endfacet
  facet normal -0.999999 -0 -0.00127065
    outer loop
      vertex 19.9595 47.3653 27.687
      vertex 19.9595 45.2347 27.687
      vertex 19.9594 47.4343 27.7657
    endloop
  endfacet
  facet normal -0.999999 0 -0.00127065
    outer loop
      vertex 19.9594 45.1657 27.7657
      vertex 19.9594 47.4343 27.7657
      vertex 19.9595 45.2347 27.687
    endloop
  endfacet
  facet normal -0.999999 -0 -0.00144927
    outer loop
      vertex 19.9594 47.4343 27.7657
      vertex 19.9594 45.1657 27.7657
      vertex 19.9593 47.513 27.8347
    endloop
  endfacet
  facet normal -0.999999 0 -0.00144927
    outer loop
      vertex 19.9593 45.087 27.8347
      vertex 19.9593 47.513 27.8347
      vertex 19.9594 45.1657 27.7657
    endloop
  endfacet
  facet normal -0.999999 -0 -0.00172117
    outer loop
      vertex 19.9593 47.513 27.8347
      vertex 19.9593 45.087 27.8347
      vertex 19.9592 47.6 27.8928
    endloop
  endfacet
  facet normal -0.999999 0 -0.00172117
    outer loop
      vertex 19.9592 45 27.8928
      vertex 19.9592 47.6 27.8928
      vertex 19.9593 45.087 27.8347
    endloop
  endfacet
  facet normal -1 0 0
    outer loop
      vertex 19.9592 47.6 27.8928
      vertex 19.9592 45 27.8928
      vertex 19.9592 47.6939 27.9391
    endloop
  endfacet
  facet normal -1 0 0
    outer loop
      vertex 19.9592 44.9061 27.9391
      vertex 19.9592 47.6939 27.9391
      vertex 19.9592 45 27.8928
    endloop
  endfacet
  facet normal -0.999996 -0 -0.00297618
    outer loop
      vertex 19.9592 47.6939 27.9391
      vertex 19.9592 44.9061 27.9391
      vertex 19.9591 47.7929 27.9727
    endloop
  endfacet
  facet normal -0.999996 0 -0.00297618
    outer loop
      vertex 19.9591 44.8071 27.9727
      vertex 19.9591 47.7929 27.9727
      vertex 19.9592 44.9061 27.9391
    endloop
  endfacet
  facet normal -1 0 0
    outer loop
      vertex 19.9591 47.7929 27.9727
      vertex 19.9591 44.8071 27.9727
      vertex 19.9591 47.8956 27.9932
    endloop
  endfacet
  facet normal -1 0 0
    outer loop
      vertex 19.9591 44.7044 27.9932
      vertex 19.9591 47.8956 27.9932
      vertex 19.9591 44.8071 27.9727
    endloop
  endfacet
  facet normal -1 0 0
    outer loop
      vertex 19.9591 44.6 28
      vertex 19.9591 47.8956 27.9932
      vertex 19.9591 44.7044 27.9932
    endloop
  endfacet
  facet normal -0.999999 -0 -0.00145249
    outer loop
      vertex 19.9591 48 28
      vertex 19.9591 44.6 28
      vertex 19.9572 34 29.3081
    endloop
  endfacet
  facet normal -1 0 0
    outer loop
      vertex 19.9591 41.2 28
      vertex 19.9591 44.6 28
      vertex 19.9591 44.4956 27.9932
    endloop
  endfacet
  facet normal -0.999999 0 -0.00145968
    outer loop
      vertex 19.9603 42 27.2
      vertex 19.9603 43.8 27.2
      vertex 19.9784 42 14.8
    endloop
  endfacet
  facet normal -0.999998 -0 -0.00191571
    outer loop
      vertex 19.9603 43.8 27.2
      vertex 19.9603 42 27.2
      vertex 19.9601 43.8068 27.3044
    endloop
  endfacet
  facet normal -0.999998 0 -0.00191571
    outer loop
      vertex 19.9601 41.9932 27.3044
      vertex 19.9601 43.8068 27.3044
      vertex 19.9603 42 27.2
    endloop
  endfacet
  facet normal -1 -0 -0.000973709
    outer loop
      vertex 19.9601 43.8068 27.3044
      vertex 19.9601 41.9932 27.3044
      vertex 19.96 43.8273 27.4071
    endloop
  endfacet
  facet normal -1 0 -0.000973709
    outer loop
      vertex 19.96 41.9727 27.4071
      vertex 19.96 43.8273 27.4071
      vertex 19.9601 41.9932 27.3044
    endloop
  endfacet
  facet normal -0.999998 -0 -0.0020202
    outer loop
      vertex 19.96 43.8273 27.4071
      vertex 19.96 41.9727 27.4071
      vertex 19.9598 43.8609 27.5061
    endloop
  endfacet
  facet normal -0.999998 0 -0.0020202
    outer loop
      vertex 19.9598 41.9391 27.5061
      vertex 19.9598 43.8609 27.5061
      vertex 19.96 41.9727 27.4071
    endloop
  endfacet
  facet normal -0.999999 -0 -0.00106496
    outer loop
      vertex 19.9598 43.8609 27.5061
      vertex 19.9598 41.9391 27.5061
      vertex 19.9597 43.9072 27.6
    endloop
  endfacet
  facet normal -0.999999 0 -0.00106496
    outer loop
      vertex 19.9597 41.8928 27.6
      vertex 19.9597 43.9072 27.6
      vertex 19.9598 41.9391 27.5061
    endloop
  endfacet
  facet normal -0.999997 -0 -0.00229884
    outer loop
      vertex 19.9597 43.9072 27.6
      vertex 19.9597 41.8928 27.6
      vertex 19.9595 43.9653 27.687
    endloop
  endfacet
  facet normal -0.999997 0 -0.00229884
    outer loop
      vertex 19.9595 41.8347 27.687
      vertex 19.9595 43.9653 27.687
      vertex 19.9597 41.8928 27.6
    endloop
  endfacet
  facet normal -0.999999 -0 -0.00127065
    outer loop
      vertex 19.9595 43.9653 27.687
      vertex 19.9595 41.8347 27.687
      vertex 19.9594 44.0343 27.7657
    endloop
  endfacet
  facet normal -0.999999 0 -0.00127065
    outer loop
      vertex 19.9594 41.7657 27.7657
      vertex 19.9594 44.0343 27.7657
      vertex 19.9595 41.8347 27.687
    endloop
  endfacet
  facet normal -0.999999 -0 -0.00144927
    outer loop
      vertex 19.9594 44.0343 27.7657
      vertex 19.9594 41.7657 27.7657
      vertex 19.9593 44.113 27.8347
    endloop
  endfacet
  facet normal -0.999999 0 -0.00144927
    outer loop
      vertex 19.9593 41.687 27.8347
      vertex 19.9593 44.113 27.8347
      vertex 19.9594 41.7657 27.7657
    endloop
  endfacet
  facet normal -0.999999 -0 -0.00172117
    outer loop
      vertex 19.9593 44.113 27.8347
      vertex 19.9593 41.687 27.8347
      vertex 19.9592 44.2 27.8928
    endloop
  endfacet
  facet normal -0.999999 0 -0.00172117
    outer loop
      vertex 19.9592 41.6 27.8928
      vertex 19.9592 44.2 27.8928
      vertex 19.9593 41.687 27.8347
    endloop
  endfacet
  facet normal -1 0 0
    outer loop
      vertex 19.9592 44.2 27.8928
      vertex 19.9592 41.6 27.8928
      vertex 19.9592 44.2939 27.9391
    endloop
  endfacet
  facet normal -1 0 0
    outer loop
      vertex 19.9592 41.5061 27.9391
      vertex 19.9592 44.2939 27.9391
      vertex 19.9592 41.6 27.8928
    endloop
  endfacet
  facet normal -0.999996 -0 -0.00297618
    outer loop
      vertex 19.9592 44.2939 27.9391
      vertex 19.9592 41.5061 27.9391
      vertex 19.9591 44.3929 27.9727
    endloop
  endfacet
  facet normal -0.999996 0 -0.00297618
    outer loop
      vertex 19.9591 41.4071 27.9727
      vertex 19.9591 44.3929 27.9727
      vertex 19.9592 41.5061 27.9391
    endloop
  endfacet
  facet normal -1 0 0
    outer loop
      vertex 19.9591 44.3929 27.9727
      vertex 19.9591 41.4071 27.9727
      vertex 19.9591 44.4956 27.9932
    endloop
  endfacet
  facet normal -1 0 0
    outer loop
      vertex 19.9591 41.3044 27.9932
      vertex 19.9591 44.4956 27.9932
      vertex 19.9591 41.4071 27.9727
    endloop
  endfacet
  facet normal -1 0 0
    outer loop
      vertex 19.9591 41.2 28
      vertex 19.9591 44.4956 27.9932
      vertex 19.9591 41.3044 27.9932
    endloop
  endfacet
  facet normal -0.999999 -0 -0.00145249
    outer loop
      vertex 19.9591 44.6 28
      vertex 19.9591 41.2 28
      vertex 19.9572 34 29.3081
    endloop
  endfacet
  facet normal -0.999999 0 -0.00145968
    outer loop
      vertex 19.9603 38.6 27.2
      vertex 19.9603 40.4 27.2
      vertex 19.9784 38.6 14.8
    endloop
  endfacet
  facet normal -0.999998 -0 -0.00191571
    outer loop
      vertex 19.9603 40.4 27.2
      vertex 19.9603 38.6 27.2
      vertex 19.9601 40.4068 27.3044
    endloop
  endfacet
  facet normal -0.999998 0 -0.00191571
    outer loop
      vertex 19.9601 38.5932 27.3044
      vertex 19.9601 40.4068 27.3044
      vertex 19.9603 38.6 27.2
    endloop
  endfacet
  facet normal -1 -0 -0.000973709
    outer loop
      vertex 19.9601 40.4068 27.3044
      vertex 19.9601 38.5932 27.3044
      vertex 19.96 40.4273 27.4071
    endloop
  endfacet
  facet normal -1 0 -0.000973709
    outer loop
      vertex 19.96 38.5727 27.4071
      vertex 19.96 40.4273 27.4071
      vertex 19.9601 38.5932 27.3044
    endloop
  endfacet
  facet normal -0.999998 -0 -0.0020202
    outer loop
      vertex 19.96 40.4273 27.4071
      vertex 19.96 38.5727 27.4071
      vertex 19.9598 40.4609 27.5061
    endloop
  endfacet
  facet normal -0.999998 0 -0.0020202
    outer loop
      vertex 19.9598 38.5391 27.5061
      vertex 19.9598 40.4609 27.5061
      vertex 19.96 38.5727 27.4071
    endloop
  endfacet
  facet normal -0.999999 -0 -0.00106496
    outer loop
      vertex 19.9598 40.4609 27.5061
      vertex 19.9598 38.5391 27.5061
      vertex 19.9597 40.5072 27.6
    endloop
  endfacet
  facet normal -0.999999 0 -0.00106496
    outer loop
      vertex 19.9597 38.4928 27.6
      vertex 19.9597 40.5072 27.6
      vertex 19.9598 38.5391 27.5061
    endloop
  endfacet
  facet normal -0.999997 -0 -0.00229884
    outer loop
      vertex 19.9597 40.5072 27.6
      vertex 19.9597 38.4928 27.6
      vertex 19.9595 40.5653 27.687
    endloop
  endfacet
  facet normal -0.999997 0 -0.00229884
    outer loop
      vertex 19.9595 38.4347 27.687
      vertex 19.9595 40.5653 27.687
      vertex 19.9597 38.4928 27.6
    endloop
  endfacet
  facet normal -0.999999 -0 -0.00127065
    outer loop
      vertex 19.9595 40.5653 27.687
      vertex 19.9595 38.4347 27.687
      vertex 19.9594 40.6343 27.7657
    endloop
  endfacet
  facet normal -0.999999 0 -0.00127065
    outer loop
      vertex 19.9594 38.3657 27.7657
      vertex 19.9594 40.6343 27.7657
      vertex 19.9595 38.4347 27.687
    endloop
  endfacet
  facet normal -0.999999 -0 -0.00144927
    outer loop
      vertex 19.9594 40.6343 27.7657
      vertex 19.9594 38.3657 27.7657
      vertex 19.9593 40.713 27.8347
    endloop
  endfacet
  facet normal -0.999999 0 -0.00144927
    outer loop
      vertex 19.9593 38.287 27.8347
      vertex 19.9593 40.713 27.8347
      vertex 19.9594 38.3657 27.7657
    endloop
  endfacet
  facet normal -0.999999 -0 -0.00172117
    outer loop
      vertex 19.9593 40.713 27.8347
      vertex 19.9593 38.287 27.8347
      vertex 19.9592 40.8 27.8928
    endloop
  endfacet
  facet normal -0.999999 0 -0.00172117
    outer loop
      vertex 19.9592 38.2 27.8928
      vertex 19.9592 40.8 27.8928
      vertex 19.9593 38.287 27.8347
    endloop
  endfacet
  facet normal -1 0 0
    outer loop
      vertex 19.9592 40.8 27.8928
      vertex 19.9592 38.2 27.8928
      vertex 19.9592 40.8939 27.9391
    endloop
  endfacet
  facet normal -1 0 0
    outer loop
      vertex 19.9592 38.1061 27.9391
      vertex 19.9592 40.8939 27.9391
      vertex 19.9592 38.2 27.8928
    endloop
  endfacet
  facet normal -0.999996 -0 -0.00297618
    outer loop
      vertex 19.9592 40.8939 27.9391
      vertex 19.9592 38.1061 27.9391
      vertex 19.9591 40.9929 27.9727
    endloop
  endfacet
  facet normal -0.999996 0 -0.00297618
    outer loop
      vertex 19.9591 38.0071 27.9727
      vertex 19.9591 40.9929 27.9727
      vertex 19.9592 38.1061 27.9391
    endloop
  endfacet
  facet normal -1 0 0
    outer loop
      vertex 19.9591 40.9929 27.9727
      vertex 19.9591 38.0071 27.9727
      vertex 19.9591 41.0956 27.9932
    endloop
  endfacet
  facet normal -1 0 0
    outer loop
      vertex 19.9591 37.9044 27.9932
      vertex 19.9591 41.0956 27.9932
      vertex 19.9591 38.0071 27.9727
    endloop
  endfacet
  facet normal -0.999999 0 -0.00144498
    outer loop
      vertex 19.9572 34 29.3081
      vertex 19.9591 41.0956 27.9932
      vertex 19.9591 37.9044 27.9932
    endloop
  endfacet
  facet normal -0.999999 6.96399e-05 -0.00106918
    outer loop
      vertex 19.9591 41.0956 27.9932
      vertex 19.9572 34 29.3081
      vertex 19.9591 41.2 28
    endloop
  endfacet
  facet normal -0.999998 -0.000116685 -0.00179145
    outer loop
      vertex 19.9572 34 29.3081
      vertex 19.9591 37.9044 27.9932
      vertex 19.9591 37.8 28
    endloop
  endfacet
  facet normal -0.999999 7.618e-06 -0.00145968
    outer loop
      vertex 19.9784 37 14.8
      vertex 19.9572 34 29.3081
      vertex 19.9603 37 27.2
    endloop
  endfacet
  facet normal -0.999999 0 -0.00145249
    outer loop
      vertex 19.9591 48 28
      vertex 19.9572 34 29.3081
      vertex 19.9572 64 29.3081
    endloop
  endfacet
  facet normal -0.999999 7.95538e-05 -0.00122139
    outer loop
      vertex 19.9591 37.6956 27.9932
      vertex 19.9572 34 29.3081
      vertex 19.9591 37.8 28
    endloop
  endfacet
  facet normal -1 0.000184772 -0.000925664
    outer loop
      vertex 19.9591 37.5929 27.9727
      vertex 19.9572 34 29.3081
      vertex 19.9591 37.6956 27.9932
    endloop
  endfacet
  facet normal -0.999998 -0.000275574 -0.00216422
    outer loop
      vertex 19.9592 37.4939 27.9391
      vertex 19.9572 34 29.3081
      vertex 19.9591 37.5929 27.9727
    endloop
  endfacet
  facet normal -1 0.000318962 -0.00064688
    outer loop
      vertex 19.9592 37.4 27.8928
      vertex 19.9572 34 29.3081
      vertex 19.9592 37.4939 27.9391
    endloop
  endfacet
  facet normal -0.999999 -7.89905e-05 -0.00160289
    outer loop
      vertex 19.9593 37.313 27.8347
      vertex 19.9572 34 29.3081
      vertex 19.9592 37.4 27.8928
    endloop
  endfacet
  facet normal -0.999999 -7.08162e-06 -0.0014412
    outer loop
      vertex 19.9594 37.2343 27.7657
      vertex 19.9572 34 29.3081
      vertex 19.9593 37.313 27.8347
    endloop
  endfacet
  facet normal -0.999999 5.23596e-05 -0.00131655
    outer loop
      vertex 19.9595 37.1653 27.687
      vertex 19.9572 34 29.3081
      vertex 19.9594 37.2343 27.7657
    endloop
  endfacet
  facet normal -0.999998 -0.000335852 -0.00207456
    outer loop
      vertex 19.9597 37.1072 27.6
      vertex 19.9572 34 29.3081
      vertex 19.9595 37.1653 27.687
    endloop
  endfacet
  facet normal -0.999999 0.000172414 -0.00114998
    outer loop
      vertex 19.9598 37.0609 27.5061
      vertex 19.9572 34 29.3081
      vertex 19.9597 37.1072 27.6
    endloop
  endfacet
  facet normal -0.999998 -0.000283296 -0.00192405
    outer loop
      vertex 19.96 37.0273 27.4071
      vertex 19.9572 34 29.3081
      vertex 19.9598 37.0609 27.5061
    endloop
  endfacet
  facet normal -0.999999 0.000278557 -0.00102931
    outer loop
      vertex 19.9601 37.0068 27.3044
      vertex 19.9572 34 29.3081
      vertex 19.96 37.0273 27.4071
    endloop
  endfacet
  facet normal -0.999998 -0.000299143 -0.00189622
    outer loop
      vertex 19.9603 37 27.2
      vertex 19.9572 34 29.3081
      vertex 19.9601 37.0068 27.3044
    endloop
  endfacet
  facet normal 0 1 -0
    outer loop
      vertex -16.4551 84 12
      vertex -18.244 84 18.6
      vertex -15.599 84 18.6
    endloop
  endfacet
  facet normal 0 1 0
    outer loop
      vertex -18.244 84 18.6
      vertex -16.4551 84 12
      vertex -19 84 12.0583
    endloop
  endfacet
  facet normal 0 1 0
    outer loop
      vertex -19 84 12.0583
      vertex -16.4551 84 12
      vertex -19 84 12
    endloop
  endfacet
  facet normal 0.997859 -0.0375163 -0.0535783
    outer loop
      vertex -9.85 8.54714 7.91993
      vertex -9.86711 10.1586 6.4729
      vertex -9.85 10.3083 6.68674
    endloop
  endfacet
  facet normal 0.997859 -0.0375134 -0.053575
    outer loop
      vertex -9.86711 10.1586 6.4729
      vertex -9.85 8.54714 7.91993
      vertex -9.86711 8.39741 7.70609
    endloop
  endfacet
  facet normal -0.0653951 -0.572345 -0.817401
    outer loop
      vertex -12.1111 7.4098 6.29564
      vertex -11.85 9.16117 5.04844
      vertex -11.85 7.39999 6.28162
    endloop
  endfacet
  facet normal -0.065364 -0.572349 -0.817401
    outer loop
      vertex -11.85 9.16117 5.04844
      vertex -12.1111 7.4098 6.29564
      vertex -12.1111 9.17098 5.06245
    endloop
  endfacet
  facet normal 0.659334 -0.431243 -0.61588
    outer loop
      vertex -10.4358 7.73598 6.76147
      vertex -10.6325 9.39822 5.38698
      vertex -10.4358 9.49716 5.52828
    endloop
  endfacet
  facet normal 0.659322 -0.431251 -0.615888
    outer loop
      vertex -10.6325 9.39822 5.38698
      vertex -10.4358 7.73598 6.76147
      vertex -10.6325 7.63705 6.62017
    endloop
  endfacet
  facet normal -0.75183 -0.378191 -0.540114
    outer loop
      vertex -13.2642 9.49716 5.52828
      vertex -13.4367 7.8488 6.92259
      vertex -13.4367 9.60998 5.6894
    endloop
  endfacet
  facet normal -0.75183 -0.378191 -0.540114
    outer loop
      vertex -13.4367 7.8488 6.92259
      vertex -13.2642 9.49716 5.52828
      vertex -13.2642 7.73598 6.76147
    endloop
  endfacet
  facet normal -0.442362 -0.514404 -0.734646
    outer loop
      vertex -12.85 7.55368 6.50112
      vertex -12.6154 9.24849 5.17314
      vertex -12.6154 7.48731 6.40633
    endloop
  endfacet
  facet normal -0.442362 -0.514404 -0.734646
    outer loop
      vertex -12.6154 9.24849 5.17314
      vertex -12.85 7.55368 6.50112
      vertex -12.85 9.31486 5.26793
    endloop
  endfacet
  facet normal 0.896885 -0.253673 -0.362281
    outer loop
      vertex -10.0022 8.10815 7.29298
      vertex -10.1179 9.73474 5.86759
      vertex -10.0022 9.86932 6.05979
    endloop
  endfacet
  facet normal 0.896885 -0.253673 -0.362281
    outer loop
      vertex -10.1179 9.73474 5.86759
      vertex -10.0022 8.10815 7.29298
      vertex -10.1179 7.97357 7.10078
    endloop
  endfacet
  facet normal 0.831372 -0.318746 -0.455215
    outer loop
      vertex -10.1179 7.97357 7.10078
      vertex -10.2633 9.60998 5.6894
      vertex -10.1179 9.73474 5.86759
    endloop
  endfacet
  facet normal 0.831379 -0.318739 -0.455208
    outer loop
      vertex -10.2633 9.60998 5.6894
      vertex -10.1179 7.97357 7.10078
      vertex -10.2633 7.8488 6.92259
    endloop
  endfacet
  facet normal 0.321337 -0.543156 -0.775709
    outer loop
      vertex -11.3324 9.20026 5.10426
      vertex -11.0846 7.48731 6.40633
      vertex -11.3324 7.43908 6.33745
    endloop
  endfacet
  facet normal 0.321337 -0.543156 -0.775709
    outer loop
      vertex -11.0846 7.48731 6.40633
      vertex -11.3324 9.20026 5.10426
      vertex -11.0846 9.24849 5.17314
    endloop
  endfacet
  facet normal 0.195171 -0.562546 -0.803399
    outer loop
      vertex -11.5889 9.17098 5.06245
      vertex -11.3324 7.43908 6.33745
      vertex -11.5889 7.4098 6.29564
    endloop
  endfacet
  facet normal 0.195171 -0.562546 -0.803399
    outer loop
      vertex -11.3324 7.43908 6.33745
      vertex -11.5889 9.17098 5.06245
      vertex -11.3324 9.20026 5.10426
    endloop
  endfacet
  facet normal 0.555597 -0.476901 -0.681085
    outer loop
      vertex -10.85 9.31486 5.26793
      vertex -10.6325 7.63705 6.62017
      vertex -10.85 7.55368 6.50112
    endloop
  endfacet
  facet normal 0.555582 -0.476908 -0.681092
    outer loop
      vertex -10.6325 7.63705 6.62017
      vertex -10.85 9.31486 5.26793
      vertex -10.6325 9.39822 5.38698
    endloop
  endfacet
  facet normal -0.946916 -0.184394 -0.26334
    outer loop
      vertex -13.6978 9.86932 6.05979
      vertex -13.7819 8.25024 7.4959
      vertex -13.7819 10.0114 6.26271
    endloop
  endfacet
  facet normal -0.946919 -0.18439 -0.263335
    outer loop
      vertex -13.7819 8.25024 7.4959
      vertex -13.6978 9.86932 6.05979
      vertex -13.6978 8.10815 7.29298
    endloop
  endfacet
  facet normal -0.980816 -0.111809 -0.159681
    outer loop
      vertex -13.7819 10.0114 6.26271
      vertex -13.8329 8.39741 7.70609
      vertex -13.8329 10.1586 6.4729
    endloop
  endfacet
  facet normal -0.980814 -0.111818 -0.15969
    outer loop
      vertex -13.8329 8.39741 7.70609
      vertex -13.7819 10.0114 6.26271
      vertex -13.7819 8.25024 7.4959
    endloop
  endfacet
  facet normal -0.195171 -0.562546 -0.803399
    outer loop
      vertex -12.3676 7.43908 6.33745
      vertex -12.1111 9.17098 5.06245
      vertex -12.1111 7.4098 6.29564
    endloop
  endfacet
  facet normal -0.195171 -0.562546 -0.803399
    outer loop
      vertex -12.1111 9.17098 5.06245
      vertex -12.3676 7.43908 6.33745
      vertex -12.3676 9.20026 5.10426
    endloop
  endfacet
  facet normal 0.946975 -0.184296 -0.263199
    outer loop
      vertex -9.91815 8.25024 7.4959
      vertex -10.0022 9.86932 6.05979
      vertex -9.91815 10.0114 6.26271
    endloop
  endfacet
  facet normal 0.946977 -0.184292 -0.263194
    outer loop
      vertex -10.0022 9.86932 6.05979
      vertex -9.91815 8.25024 7.4959
      vertex -10.0022 8.10815 7.29298
    endloop
  endfacet
  facet normal 0.980787 -0.111893 -0.159801
    outer loop
      vertex -9.86711 8.39741 7.70609
      vertex -9.91815 10.0114 6.26271
      vertex -9.86711 10.1586 6.4729
    endloop
  endfacet
  facet normal 0.980785 -0.111902 -0.159811
    outer loop
      vertex -9.91815 10.0114 6.26271
      vertex -9.86711 8.39741 7.70609
      vertex -9.91815 8.25024 7.4959
    endloop
  endfacet
  facet normal 0.75183 -0.378191 -0.540114
    outer loop
      vertex -10.2633 7.8488 6.92259
      vertex -10.4358 9.49716 5.52828
      vertex -10.2633 9.60998 5.6894
    endloop
  endfacet
  facet normal 0.75183 -0.378191 -0.540114
    outer loop
      vertex -10.4358 9.49716 5.52828
      vertex -10.2633 7.8488 6.92259
      vertex -10.4358 7.73598 6.76147
    endloop
  endfacet
  facet normal 0.0653951 -0.572345 -0.817401
    outer loop
      vertex -11.85 9.16117 5.04844
      vertex -11.5889 7.4098 6.29564
      vertex -11.85 7.39999 6.28162
    endloop
  endfacet
  facet normal 0.065364 -0.572349 -0.817401
    outer loop
      vertex -11.5889 7.4098 6.29564
      vertex -11.85 9.16117 5.04844
      vertex -11.5889 9.17098 5.06245
    endloop
  endfacet
  facet normal 0.442362 -0.514404 -0.734646
    outer loop
      vertex -11.0846 9.24849 5.17314
      vertex -10.85 7.55368 6.50112
      vertex -11.0846 7.48731 6.40633
    endloop
  endfacet
  facet normal 0.442362 -0.514404 -0.734646
    outer loop
      vertex -10.85 7.55368 6.50112
      vertex -11.0846 9.24849 5.17314
      vertex -10.85 9.31486 5.26793
    endloop
  endfacet
  facet normal -0.896885 -0.253673 -0.362281
    outer loop
      vertex -13.5821 9.73474 5.86759
      vertex -13.6978 8.10815 7.29298
      vertex -13.6978 9.86932 6.05979
    endloop
  endfacet
  facet normal -0.896885 -0.253673 -0.362281
    outer loop
      vertex -13.6978 8.10815 7.29298
      vertex -13.5821 9.73474 5.86759
      vertex -13.5821 7.97357 7.10078
    endloop
  endfacet
  facet normal -0.831372 -0.318746 -0.455215
    outer loop
      vertex -13.4367 9.60998 5.6894
      vertex -13.5821 7.97357 7.10078
      vertex -13.5821 9.73474 5.86759
    endloop
  endfacet
  facet normal -0.831379 -0.318739 -0.455208
    outer loop
      vertex -13.5821 7.97357 7.10078
      vertex -13.4367 9.60998 5.6894
      vertex -13.4367 7.8488 6.92259
    endloop
  endfacet
  facet normal -0.997861 -0.0374944 -0.0535471
    outer loop
      vertex -13.8329 10.1586 6.4729
      vertex -13.85 8.54714 7.91993
      vertex -13.85 10.3083 6.68674
    endloop
  endfacet
  facet normal -0.997861 -0.0374916 -0.0535439
    outer loop
      vertex -13.85 8.54714 7.91993
      vertex -13.8329 10.1586 6.4729
      vertex -13.8329 8.39741 7.70609
    endloop
  endfacet
  facet normal 0 0.81872 -0.574193
    outer loop
      vertex -9.91464 10.5951 7.09632
      vertex -11.3904 10.5719 7.06324
      vertex -11.4364 10.5951 7.09632
    endloop
  endfacet
  facet normal -4.40781e-05 0.819643 -0.572874
    outer loop
      vertex -9.91464 10.5951 7.09632
      vertex -11.3343 10.5353 7.01087
      vertex -11.3904 10.5719 7.06324
    endloop
  endfacet
  facet normal 5.93579e-05 0.818836 -0.574028
    outer loop
      vertex -9.91464 10.5951 7.09632
      vertex -11.2871 10.4947 6.95296
      vertex -11.3343 10.5353 7.01087
    endloop
  endfacet
  facet normal -4.48976e-05 0.819262 -0.573419
    outer loop
      vertex -11.2056 10.357 6.75624
      vertex -9.91464 10.5951 7.09632
      vertex -9.86711 10.4581 6.90058
    endloop
  endfacet
  facet normal -5.53224e-05 0.819352 -0.573291
    outer loop
      vertex -9.91464 10.5951 7.09632
      vertex -11.2495 10.451 6.8905
      vertex -11.2871 10.4947 6.95296
    endloop
  endfacet
  facet normal 4.79932e-05 0.819037 -0.573741
    outer loop
      vertex -9.91464 10.5951 7.09632
      vertex -11.2221 10.4048 6.82455
      vertex -11.2495 10.451 6.8905
    endloop
  endfacet
  facet normal -7.67548e-05 0.819319 -0.573338
    outer loop
      vertex -9.91464 10.5951 7.09632
      vertex -11.2056 10.357 6.75624
      vertex -11.2221 10.4048 6.82455
    endloop
  endfacet
  facet normal 0 0.81903 -0.57375
    outer loop
      vertex -11.2 10.3083 6.68674
      vertex -9.86711 10.4581 6.90058
      vertex -9.85 10.3083 6.68674
    endloop
  endfacet
  facet normal 2.53804e-05 0.818956 -0.573856
    outer loop
      vertex -9.86711 10.4581 6.90058
      vertex -11.2 10.3083 6.68674
      vertex -11.2056 10.357 6.75624
    endloop
  endfacet
  facet normal 0 0.81921 -0.573493
    outer loop
      vertex -9.86711 10.1586 6.4729
      vertex -11.2 10.3083 6.68674
      vertex -9.85 10.3083 6.68674
    endloop
  endfacet
  facet normal 0.000100664 0.819505 -0.573072
    outer loop
      vertex -11.2 10.3083 6.68674
      vertex -9.86711 10.1586 6.4729
      vertex -11.2056 10.2597 6.61724
    endloop
  endfacet
  facet normal 9.53579e-06 0.819108 -0.573639
    outer loop
      vertex -9.91815 10.0114 6.26271
      vertex -11.2056 10.2597 6.61724
      vertex -9.86711 10.1586 6.4729
    endloop
  endfacet
  facet normal -0.000179949 0.818785 -0.574101
    outer loop
      vertex -11.2056 10.2597 6.61724
      vertex -9.91815 10.0114 6.26271
      vertex -11.2221 10.2118 6.54893
    endloop
  endfacet
  facet normal -2.7516e-06 0.819164 -0.573559
    outer loop
      vertex -10.0022 9.86932 6.05979
      vertex -11.2221 10.2118 6.54893
      vertex -9.91815 10.0114 6.26271
    endloop
  endfacet
  facet normal -1.07094e-05 0.819155 -0.573572
    outer loop
      vertex -10.1179 9.73474 5.86759
      vertex -11.2221 10.2118 6.54893
      vertex -10.0022 9.86932 6.05979
    endloop
  endfacet
  facet normal -0.000141456 0.819055 -0.573715
    outer loop
      vertex -11.2221 10.2118 6.54893
      vertex -10.1179 9.73474 5.86759
      vertex -11.2495 10.1656 6.48298
    endloop
  endfacet
  facet normal -3.13187e-06 0.819175 -0.573544
    outer loop
      vertex -10.2633 9.60998 5.6894
      vertex -11.2495 10.1656 6.48298
      vertex -10.1179 9.73474 5.86759
    endloop
  endfacet
  facet normal 0.000270004 0.819334 -0.573316
    outer loop
      vertex -11.2495 10.1656 6.48298
      vertex -10.2633 9.60998 5.6894
      vertex -11.2871 10.1219 6.42051
    endloop
  endfacet
  facet normal -9.23022e-06 0.819151 -0.573579
    outer loop
      vertex -10.4358 9.49716 5.52828
      vertex -11.2871 10.1219 6.42051
      vertex -10.2633 9.60998 5.6894
    endloop
  endfacet
  facet normal 0.000388802 0.819329 -0.573324
    outer loop
      vertex -11.2871 10.1219 6.42051
      vertex -10.4358 9.49716 5.52828
      vertex -11.3343 10.0814 6.3626
    endloop
  endfacet
  facet normal 1.54536e-05 0.81914 -0.573593
    outer loop
      vertex -10.6325 9.39822 5.38698
      vertex -11.3343 10.0814 6.3626
      vertex -10.4358 9.49716 5.52828
    endloop
  endfacet
  facet normal -0.000303956 0.819032 -0.573748
    outer loop
      vertex -11.3343 10.0814 6.3626
      vertex -10.6325 9.39822 5.38698
      vertex -11.3904 10.0447 6.31024
    endloop
  endfacet
  facet normal -0.000431202 0.819044 -0.57373
    outer loop
      vertex -11.3904 10.0447 6.31024
      vertex -10.85 9.31486 5.26793
      vertex -11.4543 10.0125 6.26432
    endloop
  endfacet
  facet normal 1.38027e-06 0.81915 -0.573579
    outer loop
      vertex -10.85 9.31486 5.26793
      vertex -11.3904 10.0447 6.31024
      vertex -10.6325 9.39822 5.38698
    endloop
  endfacet
  facet normal 0 0.81872 -0.574193
    outer loop
      vertex -12.3096 10.5719 7.06324
      vertex -13.7854 10.5951 7.09632
      vertex -12.2636 10.5951 7.09632
    endloop
  endfacet
  facet normal 4.4077e-05 0.819643 -0.572874
    outer loop
      vertex -12.3657 10.5353 7.01087
      vertex -13.7854 10.5951 7.09632
      vertex -12.3096 10.5719 7.06324
    endloop
  endfacet
  facet normal -5.93563e-05 0.818836 -0.574028
    outer loop
      vertex -12.4129 10.4947 6.95296
      vertex -13.7854 10.5951 7.09632
      vertex -12.3657 10.5353 7.01087
    endloop
  endfacet
  facet normal 5.53208e-05 0.819352 -0.573291
    outer loop
      vertex -12.4505 10.451 6.8905
      vertex -13.7854 10.5951 7.09632
      vertex -12.4129 10.4947 6.95296
    endloop
  endfacet
  facet normal -4.79919e-05 0.819037 -0.573741
    outer loop
      vertex -12.4779 10.4048 6.82455
      vertex -13.7854 10.5951 7.09632
      vertex -12.4505 10.451 6.8905
    endloop
  endfacet
  facet normal 7.67526e-05 0.819319 -0.573338
    outer loop
      vertex -12.4944 10.357 6.75624
      vertex -13.7854 10.5951 7.09632
      vertex -12.4779 10.4048 6.82455
    endloop
  endfacet
  facet normal 4.4898e-05 0.819262 -0.573419
    outer loop
      vertex -13.7854 10.5951 7.09632
      vertex -12.4944 10.357 6.75624
      vertex -13.8329 10.4581 6.90058
    endloop
  endfacet
  facet normal -2.53802e-05 0.818956 -0.573856
    outer loop
      vertex -12.5 10.3083 6.68674
      vertex -13.8329 10.4581 6.90058
      vertex -12.4944 10.357 6.75624
    endloop
  endfacet
  facet normal 0 0.81903 -0.57375
    outer loop
      vertex -12.5 10.3083 6.68674
      vertex -13.85 10.3083 6.68674
      vertex -13.8329 10.4581 6.90058
    endloop
  endfacet
  facet normal -0.000100663 0.819505 -0.573072
    outer loop
      vertex -13.8329 10.1586 6.4729
      vertex -12.5 10.3083 6.68674
      vertex -12.4944 10.2597 6.61724
    endloop
  endfacet
  facet normal 0.000179943 0.818785 -0.574101
    outer loop
      vertex -13.7819 10.0114 6.26271
      vertex -12.4944 10.2597 6.61724
      vertex -12.4779 10.2118 6.54893
    endloop
  endfacet
  facet normal 0.000141456 0.819055 -0.573715
    outer loop
      vertex -13.5821 9.73474 5.86759
      vertex -12.4779 10.2118 6.54893
      vertex -12.4505 10.1656 6.48298
    endloop
  endfacet
  facet normal 0 0.81921 -0.573493
    outer loop
      vertex -12.5 10.3083 6.68674
      vertex -13.8329 10.1586 6.4729
      vertex -13.85 10.3083 6.68674
    endloop
  endfacet
  facet normal -0.000270004 0.819334 -0.573316
    outer loop
      vertex -13.4367 9.60998 5.6894
      vertex -12.4505 10.1656 6.48298
      vertex -12.4129 10.1219 6.42051
    endloop
  endfacet
  facet normal -0.000388802 0.819329 -0.573324
    outer loop
      vertex -13.2642 9.49716 5.52828
      vertex -12.4129 10.1219 6.42051
      vertex -12.3657 10.0814 6.3626
    endloop
  endfacet
  facet normal 0.000303956 0.819032 -0.573748
    outer loop
      vertex -13.0675 9.39822 5.38698
      vertex -12.3657 10.0814 6.3626
      vertex -12.3096 10.0447 6.31024
    endloop
  endfacet
  facet normal 0.000431202 0.819044 -0.57373
    outer loop
      vertex -12.85 9.31486 5.26793
      vertex -12.3096 10.0447 6.31024
      vertex -12.2457 10.0125 6.26432
    endloop
  endfacet
  facet normal -9.53591e-06 0.819108 -0.573639
    outer loop
      vertex -12.4944 10.2597 6.61724
      vertex -13.7819 10.0114 6.26271
      vertex -13.8329 10.1586 6.4729
    endloop
  endfacet
  facet normal -0.000386348 0.819228 -0.573467
    outer loop
      vertex -12.6154 9.24849 5.17314
      vertex -12.2457 10.0125 6.26432
      vertex -12.175 9.98545 6.22563
    endloop
  endfacet
  facet normal -3.07886e-05 0.819159 -0.573567
    outer loop
      vertex -12.6154 9.24849 5.17314
      vertex -12.175 9.98545 6.22563
      vertex -12.0987 9.96388 6.19482
    endloop
  endfacet
  facet normal 2.20831e-05 0.819149 -0.573581
    outer loop
      vertex -12.3676 9.20026 5.10426
      vertex -12.0987 9.96388 6.19482
      vertex -12.0182 9.9482 6.17243
    endloop
  endfacet
  facet normal 1.10187e-05 0.81915 -0.573579
    outer loop
      vertex -12.1111 9.17098 5.06245
      vertex -12.0182 9.9482 6.17243
      vertex -11.9348 9.93869 6.15885
    endloop
  endfacet
  facet normal 2.75137e-06 0.819164 -0.573559
    outer loop
      vertex -12.4779 10.2118 6.54893
      vertex -13.6978 9.86932 6.05979
      vertex -13.7819 10.0114 6.26271
    endloop
  endfacet
  facet normal -2.86802e-05 0.81915 -0.573579
    outer loop
      vertex -11.85 9.16117 5.04844
      vertex -11.9348 9.93869 6.15885
      vertex -11.85 9.9355 6.15429
    endloop
  endfacet
  facet normal -3.12062e-06 0.819167 -0.573556
    outer loop
      vertex -11.0846 9.24849 5.17314
      vertex -11.4543 10.0125 6.26432
      vertex -10.85 9.31486 5.26793
    endloop
  endfacet
  facet normal 0.000386348 0.819228 -0.573467
    outer loop
      vertex -11.4543 10.0125 6.26432
      vertex -11.0846 9.24849 5.17314
      vertex -11.525 9.98545 6.22563
    endloop
  endfacet
  facet normal 2.86802e-05 0.81915 -0.573579
    outer loop
      vertex -11.7652 9.93869 6.15885
      vertex -11.85 9.16117 5.04844
      vertex -11.85 9.9355 6.15429
    endloop
  endfacet
  facet normal 3.07886e-05 0.819159 -0.573567
    outer loop
      vertex -11.525 9.98545 6.22563
      vertex -11.0846 9.24849 5.17314
      vertex -11.6013 9.96388 6.19482
    endloop
  endfacet
  facet normal 1.89794e-07 0.819151 -0.573578
    outer loop
      vertex -11.9348 9.93869 6.15885
      vertex -11.85 9.16117 5.04844
      vertex -12.1111 9.17098 5.06245
    endloop
  endfacet
  facet normal 1.2391e-06 0.819152 -0.573577
    outer loop
      vertex -11.3324 9.20026 5.10426
      vertex -11.6013 9.96388 6.19482
      vertex -11.0846 9.24849 5.17314
    endloop
  endfacet
  facet normal -1.89794e-07 0.819151 -0.573578
    outer loop
      vertex -11.85 9.16117 5.04844
      vertex -11.7652 9.93869 6.15885
      vertex -11.5889 9.17098 5.06245
    endloop
  endfacet
  facet normal -2.20831e-05 0.819149 -0.573581
    outer loop
      vertex -11.6013 9.96388 6.19482
      vertex -11.3324 9.20026 5.10426
      vertex -11.6818 9.9482 6.17243
    endloop
  endfacet
  facet normal -1.31879e-05 0.81915 -0.573579
    outer loop
      vertex -11.5889 9.17098 5.06245
      vertex -11.6818 9.9482 6.17243
      vertex -11.3324 9.20026 5.10426
    endloop
  endfacet
  facet normal -1.10187e-05 0.81915 -0.573579
    outer loop
      vertex -11.6818 9.9482 6.17243
      vertex -11.5889 9.17098 5.06245
      vertex -11.7652 9.93869 6.15885
    endloop
  endfacet
  facet normal 9.23022e-06 0.819151 -0.573579
    outer loop
      vertex -12.4129 10.1219 6.42051
      vertex -13.2642 9.49716 5.52828
      vertex -13.4367 9.60998 5.6894
    endloop
  endfacet
  facet normal -1.2391e-06 0.819152 -0.573577
    outer loop
      vertex -12.0987 9.96388 6.19482
      vertex -12.3676 9.20026 5.10426
      vertex -12.6154 9.24849 5.17314
    endloop
  endfacet
  facet normal 3.13187e-06 0.819175 -0.573544
    outer loop
      vertex -12.4505 10.1656 6.48298
      vertex -13.4367 9.60998 5.6894
      vertex -13.5821 9.73474 5.86759
    endloop
  endfacet
  facet normal 3.12062e-06 0.819167 -0.573556
    outer loop
      vertex -12.2457 10.0125 6.26432
      vertex -12.6154 9.24849 5.17314
      vertex -12.85 9.31486 5.26793
    endloop
  endfacet
  facet normal 1.07094e-05 0.819155 -0.573572
    outer loop
      vertex -12.4779 10.2118 6.54893
      vertex -13.5821 9.73474 5.86759
      vertex -13.6978 9.86932 6.05979
    endloop
  endfacet
  facet normal -1.54536e-05 0.81914 -0.573593
    outer loop
      vertex -12.3657 10.0814 6.3626
      vertex -13.0675 9.39822 5.38698
      vertex -13.2642 9.49716 5.52828
    endloop
  endfacet
  facet normal -1.38027e-06 0.81915 -0.573579
    outer loop
      vertex -12.3096 10.0447 6.31024
      vertex -12.85 9.31486 5.26793
      vertex -13.0675 9.39822 5.38698
    endloop
  endfacet
  facet normal 1.31879e-05 0.81915 -0.573579
    outer loop
      vertex -12.0182 9.9482 6.17243
      vertex -12.1111 9.17098 5.06245
      vertex -12.3676 9.20026 5.10426
    endloop
  endfacet
  facet normal -0.555597 -0.476901 -0.681085
    outer loop
      vertex -13.0675 7.63705 6.62017
      vertex -12.85 9.31486 5.26793
      vertex -12.85 7.55368 6.50112
    endloop
  endfacet
  facet normal -0.555582 -0.476908 -0.681092
    outer loop
      vertex -12.85 9.31486 5.26793
      vertex -13.0675 7.63705 6.62017
      vertex -13.0675 9.39822 5.38698
    endloop
  endfacet
  facet normal -0.659334 -0.431243 -0.61588
    outer loop
      vertex -13.0675 9.39822 5.38698
      vertex -13.2642 7.73598 6.76147
      vertex -13.2642 9.49716 5.52828
    endloop
  endfacet
  facet normal -0.659322 -0.431251 -0.615888
    outer loop
      vertex -13.2642 7.73598 6.76147
      vertex -13.0675 9.39822 5.38698
      vertex -13.0675 7.63705 6.62017
    endloop
  endfacet
  facet normal -0.321337 -0.543156 -0.775709
    outer loop
      vertex -12.6154 7.48731 6.40633
      vertex -12.3676 9.20026 5.10426
      vertex -12.3676 7.43908 6.33745
    endloop
  endfacet
  facet normal -0.321337 -0.543156 -0.775709
    outer loop
      vertex -12.3676 9.20026 5.10426
      vertex -12.6154 7.48731 6.40633
      vertex -12.6154 9.24849 5.17314
    endloop
  endfacet
  facet normal 0.99786 0.0375072 0.0535671
    outer loop
      vertex -9.86711 8.69688 8.13377
      vertex -9.85 10.3083 6.68674
      vertex -9.86711 10.4581 6.90058
    endloop
  endfacet
  facet normal 0.997859 0.037513 0.0535736
    outer loop
      vertex -9.85 10.3083 6.68674
      vertex -9.86711 8.69688 8.13377
      vertex -9.85 8.54714 7.91993
    endloop
  endfacet
  facet normal 0.980781 0.111912 0.159827
    outer loop
      vertex -9.91464 8.83393 8.3295
      vertex -9.86711 10.4581 6.90058
      vertex -9.91464 10.5951 7.09632
    endloop
  endfacet
  facet normal 0.980784 0.111901 0.159815
    outer loop
      vertex -9.86711 10.4581 6.90058
      vertex -9.91464 8.83393 8.3295
      vertex -9.86711 8.69688 8.13377
    endloop
  endfacet
  facet normal -0.997862 0.0374854 0.053536
    outer loop
      vertex -13.85 10.3083 6.68674
      vertex -13.8329 8.69688 8.13377
      vertex -13.8329 10.4581 6.90058
    endloop
  endfacet
  facet normal -0.997862 0.0374912 0.0535424
    outer loop
      vertex -13.8329 8.69688 8.13377
      vertex -13.85 10.3083 6.68674
      vertex -13.85 8.54714 7.91993
    endloop
  endfacet
  facet normal -0.980804 0.111844 0.15973
    outer loop
      vertex -13.8329 10.4581 6.90058
      vertex -13.7854 8.83393 8.3295
      vertex -13.7854 10.5951 7.09632
    endloop
  endfacet
  facet normal -0.980808 0.111833 0.159718
    outer loop
      vertex -13.7854 8.83393 8.3295
      vertex -13.8329 10.4581 6.90058
      vertex -13.8329 8.69688 8.13377
    endloop
  endfacet
  facet normal 0.99786 -0.0375007 -0.0535568
    outer loop
      vertex -9.85 28.6797 36.6722
      vertex -9.86711 30.2911 35.2251
      vertex -9.85 30.4409 35.439
    endloop
  endfacet
  facet normal 0.99786 -0.0375007 -0.0535568
    outer loop
      vertex -9.86711 30.2911 35.2251
      vertex -9.85 28.6797 36.6722
      vertex -9.86711 28.5299 36.4583
    endloop
  endfacet
  facet normal -0.065311 -0.57235 -0.817404
    outer loop
      vertex -12.1111 27.5423 35.0479
      vertex -11.85 29.2937 33.8007
      vertex -11.85 27.5325 35.0339
    endloop
  endfacet
  facet normal -0.065311 -0.57235 -0.817404
    outer loop
      vertex -11.85 29.2937 33.8007
      vertex -12.1111 27.5423 35.0479
      vertex -12.1111 29.3035 33.8147
    endloop
  endfacet
  facet normal 0.065311 0.57235 0.817404
    outer loop
      vertex -11.5889 31.5782 37.0633
      vertex -11.85 29.8268 38.3105
      vertex -11.5889 29.817 38.2965
    endloop
  endfacet
  facet normal 0.065311 0.57235 0.817404
    outer loop
      vertex -11.85 29.8268 38.3105
      vertex -11.5889 31.5782 37.0633
      vertex -11.85 31.588 37.0773
    endloop
  endfacet
  facet normal 0.659284 -0.431267 -0.615916
    outer loop
      vertex -10.4358 27.8685 35.5137
      vertex -10.6325 29.5308 34.1392
      vertex -10.4358 29.6297 34.2805
    endloop
  endfacet
  facet normal 0.659284 -0.431267 -0.615916
    outer loop
      vertex -10.6325 29.5308 34.1392
      vertex -10.4358 27.8685 35.5137
      vertex -10.6325 27.7696 35.3724
    endloop
  endfacet
  facet normal -0.751784 -0.378221 -0.540158
    outer loop
      vertex -13.2642 29.6297 34.2805
      vertex -13.4367 27.9813 35.6748
      vertex -13.4367 29.7425 34.4416
    endloop
  endfacet
  facet normal -0.751784 -0.378221 -0.540158
    outer loop
      vertex -13.4367 27.9813 35.6748
      vertex -13.2642 29.6297 34.2805
      vertex -13.2642 27.8685 35.5137
    endloop
  endfacet
  facet normal -0.44244 -0.514381 -0.734615
    outer loop
      vertex -12.85 27.6862 35.2534
      vertex -12.6154 29.381 33.9254
      vertex -12.6154 27.6198 35.1586
    endloop
  endfacet
  facet normal -0.44244 -0.514381 -0.734615
    outer loop
      vertex -12.6154 29.381 33.9254
      vertex -12.85 27.6862 35.2534
      vertex -12.85 29.4474 34.0202
    endloop
  endfacet
  facet normal 0.896894 -0.253661 -0.362267
    outer loop
      vertex -10.0022 28.2407 36.0452
      vertex -10.1179 29.8673 34.6198
      vertex -10.0022 30.0019 34.812
    endloop
  endfacet
  facet normal 0.896894 -0.253661 -0.362267
    outer loop
      vertex -10.1179 29.8673 34.6198
      vertex -10.0022 28.2407 36.0452
      vertex -10.1179 28.1061 35.853
    endloop
  endfacet
  facet normal 0.321334 -0.543156 -0.77571
    outer loop
      vertex -11.3324 29.3328 33.8565
      vertex -11.0846 27.6198 35.1586
      vertex -11.3324 27.5716 35.0897
    endloop
  endfacet
  facet normal 0.321334 -0.543156 -0.77571
    outer loop
      vertex -11.0846 27.6198 35.1586
      vertex -11.3324 29.3328 33.8565
      vertex -11.0846 29.381 33.9254
    endloop
  endfacet
  facet normal 0.555535 -0.476924 -0.681121
    outer loop
      vertex -10.85 29.4474 34.0202
      vertex -10.6325 27.7696 35.3724
      vertex -10.85 27.6862 35.2534
    endloop
  endfacet
  facet normal 0.555535 -0.476924 -0.681121
    outer loop
      vertex -10.6325 27.7696 35.3724
      vertex -10.85 29.4474 34.0202
      vertex -10.6325 29.5308 34.1392
    endloop
  endfacet
  facet normal -0.946892 -0.184441 -0.263396
    outer loop
      vertex -13.6978 30.0019 34.812
      vertex -13.7819 28.3828 36.2481
      vertex -13.7819 30.1439 35.0149
    endloop
  endfacet
  facet normal -0.946915 -0.184396 -0.263346
    outer loop
      vertex -13.7819 28.3828 36.2481
      vertex -13.6978 30.0019 34.812
      vertex -13.6978 28.2407 36.0452
    endloop
  endfacet
  facet normal -0.980818 -0.111806 -0.159676
    outer loop
      vertex -13.7819 30.1439 35.0149
      vertex -13.8329 28.5299 36.4583
      vertex -13.8329 30.2911 35.2251
    endloop
  endfacet
  facet normal -0.980809 -0.111834 -0.159707
    outer loop
      vertex -13.8329 28.5299 36.4583
      vertex -13.7819 30.1439 35.0149
      vertex -13.7819 28.3828 36.2481
    endloop
  endfacet
  facet normal -0.321334 -0.543156 -0.77571
    outer loop
      vertex -12.6154 27.6198 35.1586
      vertex -12.3676 29.3328 33.8565
      vertex -12.3676 27.5716 35.0897
    endloop
  endfacet
  facet normal -0.321334 -0.543156 -0.77571
    outer loop
      vertex -12.3676 29.3328 33.8565
      vertex -12.6154 27.6198 35.1586
      vertex -12.6154 29.381 33.9254
    endloop
  endfacet
  facet normal 0.831409 0.318713 0.455171
    outer loop
      vertex -10.2633 29.378 37.6695
      vertex -10.1179 31.0144 36.2581
      vertex -10.2633 31.1392 36.4363
    endloop
  endfacet
  facet normal 0.831341 0.318783 0.455246
    outer loop
      vertex -10.1179 31.0144 36.2581
      vertex -10.2633 29.378 37.6695
      vertex -10.1179 29.2533 37.4913
    endloop
  endfacet
  facet normal 0.980788 0.11189 0.159796
    outer loop
      vertex -9.91815 28.9766 37.0962
      vertex -9.86711 30.5906 35.6528
      vertex -9.91815 30.7378 35.863
    endloop
  endfacet
  facet normal 0.980788 0.11189 0.159796
    outer loop
      vertex -9.86711 30.5906 35.6528
      vertex -9.91815 28.9766 37.0962
      vertex -9.86711 28.8294 36.886
    endloop
  endfacet
  facet normal -0.195183 0.562543 0.803398
    outer loop
      vertex -12.3676 31.5489 37.0215
      vertex -12.1111 29.817 38.2965
      vertex -12.1111 31.5782 37.0633
    endloop
  endfacet
  facet normal -0.195485 0.562478 0.803371
    outer loop
      vertex -12.1111 29.817 38.2965
      vertex -12.3676 31.5489 37.0215
      vertex -12.3676 29.7877 38.2546
    endloop
  endfacet
  facet normal 0.94695 -0.184343 -0.263255
    outer loop
      vertex -9.91815 28.3828 36.2481
      vertex -10.0022 30.0019 34.812
      vertex -9.91815 30.1439 35.0149
    endloop
  endfacet
  facet normal 0.946973 -0.184298 -0.263205
    outer loop
      vertex -10.0022 30.0019 34.812
      vertex -9.91815 28.3828 36.2481
      vertex -10.0022 28.2407 36.0452
    endloop
  endfacet
  facet normal 0.980788 -0.11189 -0.159796
    outer loop
      vertex -9.86711 28.5299 36.4583
      vertex -9.91815 30.1439 35.0149
      vertex -9.86711 30.2911 35.2251
    endloop
  endfacet
  facet normal 0.98078 -0.111918 -0.159828
    outer loop
      vertex -9.91815 30.1439 35.0149
      vertex -9.86711 28.5299 36.4583
      vertex -9.91815 28.3828 36.2481
    endloop
  endfacet
  facet normal 0.751784 -0.378221 -0.540158
    outer loop
      vertex -10.2633 27.9813 35.6748
      vertex -10.4358 29.6297 34.2805
      vertex -10.2633 29.7425 34.4416
    endloop
  endfacet
  facet normal 0.751784 -0.378221 -0.540158
    outer loop
      vertex -10.4358 29.6297 34.2805
      vertex -10.2633 27.9813 35.6748
      vertex -10.4358 27.8685 35.5137
    endloop
  endfacet
  facet normal 0.831409 -0.318713 -0.455171
    outer loop
      vertex -10.1179 28.1061 35.853
      vertex -10.2633 29.7425 34.4416
      vertex -10.1179 29.8673 34.6198
    endloop
  endfacet
  facet normal 0.831409 -0.318713 -0.455171
    outer loop
      vertex -10.2633 29.7425 34.4416
      vertex -10.1179 28.1061 35.853
      vertex -10.2633 27.9813 35.6748
    endloop
  endfacet
  facet normal 0.195183 -0.562543 -0.803398
    outer loop
      vertex -11.5889 29.3035 33.8147
      vertex -11.3324 27.5716 35.0897
      vertex -11.5889 27.5423 35.0479
    endloop
  endfacet
  facet normal 0.195183 -0.562543 -0.803398
    outer loop
      vertex -11.3324 27.5716 35.0897
      vertex -11.5889 29.3035 33.8147
      vertex -11.3324 29.3328 33.8565
    endloop
  endfacet
  facet normal 0.065311 -0.57235 -0.817404
    outer loop
      vertex -11.85 29.2937 33.8007
      vertex -11.5889 27.5423 35.0479
      vertex -11.85 27.5325 35.0339
    endloop
  endfacet
  facet normal 0.065311 -0.57235 -0.817404
    outer loop
      vertex -11.5889 27.5423 35.0479
      vertex -11.85 29.2937 33.8007
      vertex -11.5889 29.3035 33.8147
    endloop
  endfacet
  facet normal 0.44244 -0.514381 -0.734615
    outer loop
      vertex -11.0846 29.381 33.9254
      vertex -10.85 27.6862 35.2534
      vertex -11.0846 27.6198 35.1586
    endloop
  endfacet
  facet normal 0.44244 -0.514381 -0.734615
    outer loop
      vertex -10.85 27.6862 35.2534
      vertex -11.0846 29.381 33.9254
      vertex -10.85 29.4474 34.0202
    endloop
  endfacet
  facet normal -0.896894 -0.253661 -0.362267
    outer loop
      vertex -13.5821 29.8673 34.6198
      vertex -13.6978 28.2407 36.0452
      vertex -13.6978 30.0019 34.812
    endloop
  endfacet
  facet normal -0.896894 -0.253661 -0.362267
    outer loop
      vertex -13.6978 28.2407 36.0452
      vertex -13.5821 29.8673 34.6198
      vertex -13.5821 28.1061 35.853
    endloop
  endfacet
  facet normal -0.831409 -0.318713 -0.455171
    outer loop
      vertex -13.4367 29.7425 34.4416
      vertex -13.5821 28.1061 35.853
      vertex -13.5821 29.8673 34.6198
    endloop
  endfacet
  facet normal -0.831409 -0.318713 -0.455171
    outer loop
      vertex -13.5821 28.1061 35.853
      vertex -13.4367 29.7425 34.4416
      vertex -13.4367 27.9813 35.6748
    endloop
  endfacet
  facet normal -0.997863 -0.0374789 -0.0535256
    outer loop
      vertex -13.8329 30.2911 35.2251
      vertex -13.85 28.6797 36.6722
      vertex -13.85 30.4409 35.439
    endloop
  endfacet
  facet normal -0.997863 -0.0374789 -0.0535256
    outer loop
      vertex -13.85 28.6797 36.6722
      vertex -13.8329 30.2911 35.2251
      vertex -13.8329 28.5299 36.4583
    endloop
  endfacet
  facet normal -8.73801e-06 0.819155 -0.573572
    outer loop
      vertex -11.7652 30.8105 35.9669
      vertex -11.85 31.588 37.0773
      vertex -11.5889 31.5782 37.0633
    endloop
  endfacet
  facet normal 0.00047632 0.819173 -0.573547
    outer loop
      vertex -11.85 30.8137 35.9714
      vertex -11.85 31.588 37.0773
      vertex -11.7652 30.8105 35.9669
    endloop
  endfacet
  facet normal 0.000102296 0.819159 -0.573567
    outer loop
      vertex -11.6818 30.801 35.9533
      vertex -11.5889 31.5782 37.0633
      vertex -11.3324 31.5489 37.0215
    endloop
  endfacet
  facet normal -0.000127993 0.819183 -0.573532
    outer loop
      vertex -11.6013 30.7853 35.9309
      vertex -11.3324 31.5489 37.0215
      vertex -11.0846 31.5007 36.9526
    endloop
  endfacet
  facet normal -0.00047632 0.819173 -0.573547
    outer loop
      vertex -11.9348 30.8105 35.9669
      vertex -11.85 31.588 37.0773
      vertex -11.85 30.8137 35.9714
    endloop
  endfacet
  facet normal 5.34749e-05 0.819132 -0.573605
    outer loop
      vertex -11.4543 30.7366 35.8614
      vertex -11.0846 31.5007 36.9526
      vertex -10.85 31.4343 36.8578
    endloop
  endfacet
  facet normal 8.73801e-06 0.819155 -0.573572
    outer loop
      vertex -11.85 31.588 37.0773
      vertex -11.9348 30.8105 35.9669
      vertex -12.1111 31.5782 37.0633
    endloop
  endfacet
  facet normal -0.000269049 0.819227 -0.573469
    outer loop
      vertex -11.3904 30.7045 35.8155
      vertex -10.85 31.4343 36.8578
      vertex -10.6325 31.351 36.7387
    endloop
  endfacet
  facet normal 0.000217544 0.819171 -0.573549
    outer loop
      vertex -12.0182 30.801 35.9533
      vertex -12.1111 31.5782 37.0633
      vertex -11.9348 30.8105 35.9669
    endloop
  endfacet
  facet normal 0.000135751 0.819076 -0.573686
    outer loop
      vertex -11.3343 30.6678 35.7631
      vertex -10.6325 31.351 36.7387
      vertex -10.4358 31.252 36.5974
    endloop
  endfacet
  facet normal -0.000102296 0.819159 -0.573567
    outer loop
      vertex -12.1111 31.5782 37.0633
      vertex -12.0182 30.801 35.9533
      vertex -12.3676 31.5489 37.0215
    endloop
  endfacet
  facet normal 2.78637e-06 0.819162 -0.573563
    outer loop
      vertex -11.2871 30.6273 35.7052
      vertex -10.4358 31.252 36.5974
      vertex -10.2633 31.1392 36.4363
    endloop
  endfacet
  facet normal 0.000127993 0.819183 -0.573532
    outer loop
      vertex -12.3676 31.5489 37.0215
      vertex -12.0987 30.7853 35.9309
      vertex -12.6154 31.5007 36.9526
    endloop
  endfacet
  facet normal 4.37231e-05 0.819119 -0.573623
    outer loop
      vertex -11.2495 30.5835 35.6427
      vertex -10.2633 31.1392 36.4363
      vertex -10.1179 31.0144 36.2581
    endloop
  endfacet
  facet normal -0.000300164 0.819081 -0.573677
    outer loop
      vertex -12.175 30.7637 35.9001
      vertex -12.6154 31.5007 36.9526
      vertex -12.0987 30.7853 35.9309
    endloop
  endfacet
  facet normal 1.22704e-05 0.819115 -0.573629
    outer loop
      vertex -11.2221 30.5373 35.5768
      vertex -10.1179 31.0144 36.2581
      vertex -10.0022 30.8798 36.0659
    endloop
  endfacet
  facet normal -7.61321e-06 0.819139 -0.573595
    outer loop
      vertex -12.2457 30.7366 35.8614
      vertex -12.6154 31.5007 36.9526
      vertex -12.175 30.7637 35.9001
    endloop
  endfacet
  facet normal -5.34749e-05 0.819132 -0.573605
    outer loop
      vertex -12.6154 31.5007 36.9526
      vertex -12.2457 30.7366 35.8614
      vertex -12.85 31.4343 36.8578
    endloop
  endfacet
  facet normal -0.000155244 0.81915 -0.573579
    outer loop
      vertex -12.0987 30.7853 35.9309
      vertex -12.3676 31.5489 37.0215
      vertex -12.0182 30.801 35.9533
    endloop
  endfacet
  facet normal -0.000217544 0.819171 -0.573549
    outer loop
      vertex -11.5889 31.5782 37.0633
      vertex -11.6818 30.801 35.9533
      vertex -11.7652 30.8105 35.9669
    endloop
  endfacet
  facet normal 0.000155244 0.81915 -0.573579
    outer loop
      vertex -11.3324 31.5489 37.0215
      vertex -11.6013 30.7853 35.9309
      vertex -11.6818 30.801 35.9533
    endloop
  endfacet
  facet normal 0.000300164 0.819081 -0.573677
    outer loop
      vertex -11.0846 31.5007 36.9526
      vertex -11.525 30.7637 35.9001
      vertex -11.6013 30.7853 35.9309
    endloop
  endfacet
  facet normal -0.00011652 0.819266 -0.573413
    outer loop
      vertex -11.2221 30.5373 35.5768
      vertex -10.0022 30.8798 36.0659
      vertex -9.91815 30.7378 35.863
    endloop
  endfacet
  facet normal 7.61321e-06 0.819139 -0.573595
    outer loop
      vertex -11.0846 31.5007 36.9526
      vertex -11.4543 30.7366 35.8614
      vertex -11.525 30.7637 35.9001
    endloop
  endfacet
  facet normal -0.000358415 0.819249 -0.573438
    outer loop
      vertex -10.85 31.4343 36.8578
      vertex -11.3904 30.7045 35.8155
      vertex -11.4543 30.7366 35.8614
    endloop
  endfacet
  facet normal 4.3325e-05 0.819107 -0.573641
    outer loop
      vertex -10.6325 31.351 36.7387
      vertex -11.3343 30.6678 35.7631
      vertex -11.3904 30.7045 35.8155
    endloop
  endfacet
  facet normal -0.000322965 0.819308 -0.573354
    outer loop
      vertex -10.4358 31.252 36.5974
      vertex -11.2871 30.6273 35.7052
      vertex -11.3343 30.6678 35.7631
    endloop
  endfacet
  facet normal -2.91088e-05 0.819119 -0.573624
    outer loop
      vertex -11.2056 30.4895 35.5085
      vertex -9.91815 30.7378 35.863
      vertex -9.86711 30.5906 35.6528
    endloop
  endfacet
  facet normal 0.000254535 0.818996 -0.573799
    outer loop
      vertex -10.2633 31.1392 36.4363
      vertex -11.2495 30.5835 35.6427
      vertex -11.2871 30.6273 35.7052
    endloop
  endfacet
  facet normal 0.000314982 0.818885 -0.573958
    outer loop
      vertex -10.1179 31.0144 36.2581
      vertex -11.2221 30.5373 35.5768
      vertex -11.2495 30.5835 35.6427
    endloop
  endfacet
  facet normal -0.000120469 0.819275 -0.573401
    outer loop
      vertex -9.91815 30.7378 35.863
      vertex -11.2056 30.4895 35.5085
      vertex -11.2221 30.5373 35.5768
    endloop
  endfacet
  facet normal 0 0.81916 -0.573565
    outer loop
      vertex -11.2 30.4409 35.439
      vertex -9.86711 30.5906 35.6528
      vertex -9.85 30.4409 35.439
    endloop
  endfacet
  facet normal -0.000117642 0.819504 -0.573073
    outer loop
      vertex -9.86711 30.5906 35.6528
      vertex -11.2 30.4409 35.439
      vertex -11.2056 30.4895 35.5085
    endloop
  endfacet
  facet normal 0 0.819106 -0.573642
    outer loop
      vertex -9.86711 30.2911 35.2251
      vertex -11.2 30.4409 35.439
      vertex -9.85 30.4409 35.439
    endloop
  endfacet
  facet normal -5.08828e-05 0.818957 -0.573855
    outer loop
      vertex -11.2 30.4409 35.439
      vertex -9.86711 30.2911 35.2251
      vertex -11.2056 30.3922 35.3695
    endloop
  endfacet
  facet normal -1.26534e-05 0.819124 -0.573617
    outer loop
      vertex -9.91815 30.1439 35.0149
      vertex -11.2056 30.3922 35.3695
      vertex -9.86711 30.2911 35.2251
    endloop
  endfacet
  facet normal 7.87099e-05 0.819279 -0.573395
    outer loop
      vertex -11.2056 30.3922 35.3695
      vertex -9.91815 30.1439 35.0149
      vertex -11.2221 30.3444 35.3012
    endloop
  endfacet
  facet normal 7.62122e-05 0.819274 -0.573402
    outer loop
      vertex -10.0022 30.0019 34.812
      vertex -11.2221 30.3444 35.3012
      vertex -9.91815 30.1439 35.0149
    endloop
  endfacet
  facet normal -5.01497e-05 0.819126 -0.573614
    outer loop
      vertex -10.1179 29.8673 34.6198
      vertex -11.2221 30.3444 35.3012
      vertex -10.0022 30.0019 34.812
    endloop
  endfacet
  facet normal 7.08725e-05 0.819218 -0.573482
    outer loop
      vertex -11.2221 30.3444 35.3012
      vertex -10.1179 29.8673 34.6198
      vertex -11.2495 30.2982 35.2352
    endloop
  endfacet
  facet normal -4.37231e-05 0.819119 -0.573623
    outer loop
      vertex -10.2633 29.7425 34.4416
      vertex -11.2495 30.2982 35.2352
      vertex -10.1179 29.8673 34.6198
    endloop
  endfacet
  facet normal -0.000752599 0.818705 -0.574214
    outer loop
      vertex -11.2495 30.2982 35.2352
      vertex -10.2633 29.7425 34.4416
      vertex -11.2871 30.2544 35.1728
    endloop
  endfacet
  facet normal -3.45327e-05 0.819178 -0.57354
    outer loop
      vertex -10.4358 29.6297 34.2805
      vertex -11.2871 30.2544 35.1728
      vertex -10.2633 29.7425 34.4416
    endloop
  endfacet
  facet normal 0.00084607 0.819572 -0.572976
    outer loop
      vertex -11.2871 30.2544 35.1728
      vertex -10.4358 29.6297 34.2805
      vertex -11.3343 30.2139 35.1148
    endloop
  endfacet
  facet normal 9.90413e-05 0.819194 -0.573516
    outer loop
      vertex -10.6325 29.5308 34.1392
      vertex -11.3343 30.2139 35.1148
      vertex -10.4358 29.6297 34.2805
    endloop
  endfacet
  facet normal -0.000702086 0.818923 -0.573902
    outer loop
      vertex -11.3343 30.2139 35.1148
      vertex -10.6325 29.5308 34.1392
      vertex -11.3904 30.1772 35.0625
    endloop
  endfacet
  facet normal 0.000358415 0.819249 -0.573438
    outer loop
      vertex -11.3904 30.1772 35.0625
      vertex -10.85 29.4474 34.0202
      vertex -11.4543 30.1451 35.0166
    endloop
  endfacet
  facet normal -0.000229737 0.819106 -0.573642
    outer loop
      vertex -10.85 29.4474 34.0202
      vertex -11.3904 30.1772 35.0625
      vertex -10.6325 29.5308 34.1392
    endloop
  endfacet
  facet normal 0.000358415 0.819249 -0.573438
    outer loop
      vertex -12.3096 30.7045 35.8155
      vertex -12.85 31.4343 36.8578
      vertex -12.2457 30.7366 35.8614
    endloop
  endfacet
  facet normal 0.000269049 0.819227 -0.573469
    outer loop
      vertex -12.85 31.4343 36.8578
      vertex -12.3096 30.7045 35.8155
      vertex -13.0675 31.351 36.7387
    endloop
  endfacet
  facet normal -4.3325e-05 0.819107 -0.573641
    outer loop
      vertex -12.3657 30.6678 35.7631
      vertex -13.0675 31.351 36.7387
      vertex -12.3096 30.7045 35.8155
    endloop
  endfacet
  facet normal -0.000135751 0.819076 -0.573686
    outer loop
      vertex -13.0675 31.351 36.7387
      vertex -12.3657 30.6678 35.7631
      vertex -13.2642 31.252 36.5974
    endloop
  endfacet
  facet normal 0.000322965 0.819308 -0.573354
    outer loop
      vertex -12.4129 30.6273 35.7052
      vertex -13.2642 31.252 36.5974
      vertex -12.3657 30.6678 35.7631
    endloop
  endfacet
  facet normal -2.78637e-06 0.819162 -0.573563
    outer loop
      vertex -13.2642 31.252 36.5974
      vertex -12.4129 30.6273 35.7052
      vertex -13.4367 31.1392 36.4363
    endloop
  endfacet
  facet normal -0.000254535 0.818996 -0.573799
    outer loop
      vertex -12.4505 30.5835 35.6427
      vertex -13.4367 31.1392 36.4363
      vertex -12.4129 30.6273 35.7052
    endloop
  endfacet
  facet normal -4.37231e-05 0.819119 -0.573623
    outer loop
      vertex -13.4367 31.1392 36.4363
      vertex -12.4505 30.5835 35.6427
      vertex -13.5821 31.0144 36.2581
    endloop
  endfacet
  facet normal -0.000314982 0.818885 -0.573958
    outer loop
      vertex -12.4779 30.5373 35.5768
      vertex -13.5821 31.0144 36.2581
      vertex -12.4505 30.5835 35.6427
    endloop
  endfacet
  facet normal -1.22704e-05 0.819115 -0.573629
    outer loop
      vertex -13.5821 31.0144 36.2581
      vertex -12.4779 30.5373 35.5768
      vertex -13.6978 30.8798 36.0659
    endloop
  endfacet
  facet normal 0.000116511 0.819266 -0.573413
    outer loop
      vertex -13.6978 30.8798 36.0659
      vertex -12.4779 30.5373 35.5768
      vertex -13.7819 30.7378 35.863
    endloop
  endfacet
  facet normal 0.000120464 0.819275 -0.573401
    outer loop
      vertex -12.4944 30.4895 35.5085
      vertex -13.7819 30.7378 35.863
      vertex -12.4779 30.5373 35.5768
    endloop
  endfacet
  facet normal 2.91091e-05 0.819119 -0.573624
    outer loop
      vertex -13.7819 30.7378 35.863
      vertex -12.4944 30.4895 35.5085
      vertex -13.8329 30.5906 35.6528
    endloop
  endfacet
  facet normal 0.000117641 0.819504 -0.573073
    outer loop
      vertex -12.5 30.4409 35.439
      vertex -13.8329 30.5906 35.6528
      vertex -12.4944 30.4895 35.5085
    endloop
  endfacet
  facet normal 0 0.81916 -0.573565
    outer loop
      vertex -12.5 30.4409 35.439
      vertex -13.85 30.4409 35.439
      vertex -13.8329 30.5906 35.6528
    endloop
  endfacet
  facet normal 5.08824e-05 0.818957 -0.573855
    outer loop
      vertex -13.8329 30.2911 35.2251
      vertex -12.5 30.4409 35.439
      vertex -12.4944 30.3922 35.3695
    endloop
  endfacet
  facet normal -7.8707e-05 0.819279 -0.573395
    outer loop
      vertex -13.7819 30.1439 35.0149
      vertex -12.4944 30.3922 35.3695
      vertex -12.4779 30.3444 35.3012
    endloop
  endfacet
  facet normal -7.08725e-05 0.819218 -0.573482
    outer loop
      vertex -13.5821 29.8673 34.6198
      vertex -12.4779 30.3444 35.3012
      vertex -12.4505 30.2982 35.2352
    endloop
  endfacet
  facet normal 0 0.819106 -0.573642
    outer loop
      vertex -12.5 30.4409 35.439
      vertex -13.8329 30.2911 35.2251
      vertex -13.85 30.4409 35.439
    endloop
  endfacet
  facet normal 0.000752599 0.818705 -0.574214
    outer loop
      vertex -13.4367 29.7425 34.4416
      vertex -12.4505 30.2982 35.2352
      vertex -12.4129 30.2544 35.1728
    endloop
  endfacet
  facet normal -0.00084607 0.819572 -0.572976
    outer loop
      vertex -13.2642 29.6297 34.2805
      vertex -12.4129 30.2544 35.1728
      vertex -12.3657 30.2139 35.1148
    endloop
  endfacet
  facet normal 0.000702086 0.818923 -0.573902
    outer loop
      vertex -13.0675 29.5308 34.1392
      vertex -12.3657 30.2139 35.1148
      vertex -12.3096 30.1772 35.0625
    endloop
  endfacet
  facet normal -0.000358415 0.819249 -0.573438
    outer loop
      vertex -12.85 29.4474 34.0202
      vertex -12.3096 30.1772 35.0625
      vertex -12.2457 30.1451 35.0166
    endloop
  endfacet
  facet normal 1.26535e-05 0.819124 -0.573617
    outer loop
      vertex -12.4944 30.3922 35.3695
      vertex -13.7819 30.1439 35.0149
      vertex -13.8329 30.2911 35.2251
    endloop
  endfacet
  facet normal 7.61321e-06 0.819139 -0.573595
    outer loop
      vertex -12.6154 29.381 33.9254
      vertex -12.2457 30.1451 35.0166
      vertex -12.175 30.118 34.9779
    endloop
  endfacet
  facet normal 0.000300164 0.819081 -0.573677
    outer loop
      vertex -12.6154 29.381 33.9254
      vertex -12.175 30.118 34.9779
      vertex -12.0987 30.0964 34.9471
    endloop
  endfacet
  facet normal 0.000155244 0.81915 -0.573579
    outer loop
      vertex -12.3676 29.3328 33.8565
      vertex -12.0987 30.0964 34.9471
      vertex -12.0182 30.0807 34.9247
    endloop
  endfacet
  facet normal -0.000217544 0.819171 -0.573549
    outer loop
      vertex -12.1111 29.3035 33.8147
      vertex -12.0182 30.0807 34.9247
      vertex -11.9348 30.0712 34.9111
    endloop
  endfacet
  facet normal -7.62057e-05 0.819274 -0.573402
    outer loop
      vertex -12.4779 30.3444 35.3012
      vertex -13.6978 30.0019 34.812
      vertex -13.7819 30.1439 35.0149
    endloop
  endfacet
  facet normal -0.000202839 0.819148 -0.573582
    outer loop
      vertex -11.85 29.2937 33.8007
      vertex -11.9348 30.0712 34.9111
      vertex -11.85 30.068 34.9065
    endloop
  endfacet
  facet normal -5.34749e-05 0.819132 -0.573605
    outer loop
      vertex -11.0846 29.381 33.9254
      vertex -11.4543 30.1451 35.0166
      vertex -10.85 29.4474 34.0202
    endloop
  endfacet
  facet normal -7.61321e-06 0.819139 -0.573595
    outer loop
      vertex -11.4543 30.1451 35.0166
      vertex -11.0846 29.381 33.9254
      vertex -11.525 30.118 34.9779
    endloop
  endfacet
  facet normal 0.000202839 0.819148 -0.573582
    outer loop
      vertex -11.7652 30.0712 34.9111
      vertex -11.85 29.2937 33.8007
      vertex -11.85 30.068 34.9065
    endloop
  endfacet
  facet normal -0.000300164 0.819081 -0.573677
    outer loop
      vertex -11.525 30.118 34.9779
      vertex -11.0846 29.381 33.9254
      vertex -11.6013 30.0964 34.9471
    endloop
  endfacet
  facet normal -8.73801e-06 0.819155 -0.573572
    outer loop
      vertex -11.9348 30.0712 34.9111
      vertex -11.85 29.2937 33.8007
      vertex -12.1111 29.3035 33.8147
    endloop
  endfacet
  facet normal 0.000127993 0.819183 -0.573532
    outer loop
      vertex -11.3324 29.3328 33.8565
      vertex -11.6013 30.0964 34.9471
      vertex -11.0846 29.381 33.9254
    endloop
  endfacet
  facet normal 8.73801e-06 0.819155 -0.573572
    outer loop
      vertex -11.85 29.2937 33.8007
      vertex -11.7652 30.0712 34.9111
      vertex -11.5889 29.3035 33.8147
    endloop
  endfacet
  facet normal -0.000155244 0.81915 -0.573579
    outer loop
      vertex -11.6013 30.0964 34.9471
      vertex -11.3324 29.3328 33.8565
      vertex -11.6818 30.0807 34.9247
    endloop
  endfacet
  facet normal -0.000102296 0.819159 -0.573567
    outer loop
      vertex -11.5889 29.3035 33.8147
      vertex -11.6818 30.0807 34.9247
      vertex -11.3324 29.3328 33.8565
    endloop
  endfacet
  facet normal 0.000217544 0.819171 -0.573549
    outer loop
      vertex -11.6818 30.0807 34.9247
      vertex -11.5889 29.3035 33.8147
      vertex -11.7652 30.0712 34.9111
    endloop
  endfacet
  facet normal 3.45327e-05 0.819178 -0.57354
    outer loop
      vertex -12.4129 30.2544 35.1728
      vertex -13.2642 29.6297 34.2805
      vertex -13.4367 29.7425 34.4416
    endloop
  endfacet
  facet normal -0.000127993 0.819183 -0.573532
    outer loop
      vertex -12.0987 30.0964 34.9471
      vertex -12.3676 29.3328 33.8565
      vertex -12.6154 29.381 33.9254
    endloop
  endfacet
  facet normal 4.37231e-05 0.819119 -0.573623
    outer loop
      vertex -12.4505 30.2982 35.2352
      vertex -13.4367 29.7425 34.4416
      vertex -13.5821 29.8673 34.6198
    endloop
  endfacet
  facet normal 5.34749e-05 0.819132 -0.573605
    outer loop
      vertex -12.2457 30.1451 35.0166
      vertex -12.6154 29.381 33.9254
      vertex -12.85 29.4474 34.0202
    endloop
  endfacet
  facet normal 5.01497e-05 0.819126 -0.573614
    outer loop
      vertex -12.4779 30.3444 35.3012
      vertex -13.5821 29.8673 34.6198
      vertex -13.6978 30.0019 34.812
    endloop
  endfacet
  facet normal -9.90413e-05 0.819194 -0.573516
    outer loop
      vertex -12.3657 30.2139 35.1148
      vertex -13.0675 29.5308 34.1392
      vertex -13.2642 29.6297 34.2805
    endloop
  endfacet
  facet normal 0.000229737 0.819106 -0.573642
    outer loop
      vertex -12.3096 30.1772 35.0625
      vertex -12.85 29.4474 34.0202
      vertex -13.0675 29.5308 34.1392
    endloop
  endfacet
  facet normal 0.000102296 0.819159 -0.573567
    outer loop
      vertex -12.0182 30.0807 34.9247
      vertex -12.1111 29.3035 33.8147
      vertex -12.3676 29.3328 33.8565
    endloop
  endfacet
  facet normal -0.555535 -0.476924 -0.681121
    outer loop
      vertex -13.0675 27.7696 35.3724
      vertex -12.85 29.4474 34.0202
      vertex -12.85 27.6862 35.2534
    endloop
  endfacet
  facet normal -0.555535 -0.476924 -0.681121
    outer loop
      vertex -12.85 29.4474 34.0202
      vertex -13.0675 27.7696 35.3724
      vertex -13.0675 29.5308 34.1392
    endloop
  endfacet
  facet normal -0.659284 -0.431267 -0.615916
    outer loop
      vertex -13.0675 29.5308 34.1392
      vertex -13.2642 27.8685 35.5137
      vertex -13.2642 29.6297 34.2805
    endloop
  endfacet
  facet normal -0.659284 -0.431267 -0.615916
    outer loop
      vertex -13.2642 27.8685 35.5137
      vertex -13.0675 29.5308 34.1392
      vertex -13.0675 27.7696 35.3724
    endloop
  endfacet
  facet normal -0.195183 -0.562543 -0.803398
    outer loop
      vertex -12.3676 27.5716 35.0897
      vertex -12.1111 29.3035 33.8147
      vertex -12.1111 27.5423 35.0479
    endloop
  endfacet
  facet normal -0.195183 -0.562543 -0.803398
    outer loop
      vertex -12.1111 29.3035 33.8147
      vertex -12.3676 27.5716 35.0897
      vertex -12.3676 29.3328 33.8565
    endloop
  endfacet
  facet normal 0.195183 0.562543 0.803398
    outer loop
      vertex -11.5889 29.817 38.2965
      vertex -11.3324 31.5489 37.0215
      vertex -11.5889 31.5782 37.0633
    endloop
  endfacet
  facet normal 0.195485 0.562478 0.803371
    outer loop
      vertex -11.3324 31.5489 37.0215
      vertex -11.5889 29.817 38.2965
      vertex -11.3324 29.7877 38.2546
    endloop
  endfacet
  facet normal 0.44244 0.514381 0.734615
    outer loop
      vertex -11.0846 29.7395 38.1858
      vertex -10.85 31.4343 36.8578
      vertex -11.0846 31.5007 36.9526
    endloop
  endfacet
  facet normal 0.44244 0.514381 0.734615
    outer loop
      vertex -10.85 31.4343 36.8578
      vertex -11.0846 29.7395 38.1858
      vertex -10.85 29.6731 38.091
    endloop
  endfacet
  facet normal 0.751784 0.378221 0.540158
    outer loop
      vertex -10.4358 29.4908 37.8306
      vertex -10.2633 31.1392 36.4363
      vertex -10.4358 31.252 36.5974
    endloop
  endfacet
  facet normal 0.751784 0.378221 0.540158
    outer loop
      vertex -10.2633 31.1392 36.4363
      vertex -10.4358 29.4908 37.8306
      vertex -10.2633 29.378 37.6695
    endloop
  endfacet
  facet normal 0.555599 0.476899 0.681085
    outer loop
      vertex -10.85 29.6731 38.091
      vertex -10.6325 31.351 36.7387
      vertex -10.85 31.4343 36.8578
    endloop
  endfacet
  facet normal 0.555599 0.476899 0.681085
    outer loop
      vertex -10.6325 31.351 36.7387
      vertex -10.85 29.6731 38.091
      vertex -10.6325 29.5898 37.9719
    endloop
  endfacet
  facet normal 0.896894 0.253671 0.362261
    outer loop
      vertex -10.1179 29.2533 37.4913
      vertex -10.0022 30.8798 36.0659
      vertex -10.1179 31.0144 36.2581
    endloop
  endfacet
  facet normal 0.896894 0.253671 0.362261
    outer loop
      vertex -10.0022 30.8798 36.0659
      vertex -10.1179 29.2533 37.4913
      vertex -10.0022 29.1187 37.2991
    endloop
  endfacet
  facet normal -0.555599 0.476899 0.681085
    outer loop
      vertex -13.0675 31.351 36.7387
      vertex -12.85 29.6731 38.091
      vertex -12.85 31.4343 36.8578
    endloop
  endfacet
  facet normal -0.555599 0.476899 0.681085
    outer loop
      vertex -12.85 29.6731 38.091
      vertex -13.0675 31.351 36.7387
      vertex -13.0675 29.5898 37.9719
    endloop
  endfacet
  facet normal -0.321334 0.543126 0.775731
    outer loop
      vertex -12.6154 31.5007 36.9526
      vertex -12.3676 29.7877 38.2546
      vertex -12.3676 31.5489 37.0215
    endloop
  endfacet
  facet normal -0.321053 0.54321 0.775788
    outer loop
      vertex -12.3676 29.7877 38.2546
      vertex -12.6154 31.5007 36.9526
      vertex -12.6154 29.7395 38.1858
    endloop
  endfacet
  facet normal -0.065311 0.57235 0.817404
    outer loop
      vertex -12.1111 31.5782 37.0633
      vertex -11.85 29.8268 38.3105
      vertex -11.85 31.588 37.0773
    endloop
  endfacet
  facet normal -0.065311 0.57235 0.817404
    outer loop
      vertex -11.85 29.8268 38.3105
      vertex -12.1111 31.5782 37.0633
      vertex -12.1111 29.817 38.2965
    endloop
  endfacet
  facet normal -0.831409 0.318713 0.455171
    outer loop
      vertex -13.5821 31.0144 36.2581
      vertex -13.4367 29.378 37.6695
      vertex -13.4367 31.1392 36.4363
    endloop
  endfacet
  facet normal -0.831341 0.318783 0.455246
    outer loop
      vertex -13.4367 29.378 37.6695
      vertex -13.5821 31.0144 36.2581
      vertex -13.5821 29.2533 37.4913
    endloop
  endfacet
  facet normal -0.659408 0.431205 0.615827
    outer loop
      vertex -13.2642 31.252 36.5974
      vertex -13.0675 29.5898 37.9719
      vertex -13.0675 31.351 36.7387
    endloop
  endfacet
  facet normal -0.659408 0.431205 0.615827
    outer loop
      vertex -13.0675 29.5898 37.9719
      vertex -13.2642 31.252 36.5974
      vertex -13.2642 29.4908 37.8306
    endloop
  endfacet
  facet normal -0.896894 0.253671 0.362261
    outer loop
      vertex -13.6978 30.8798 36.0659
      vertex -13.5821 29.2533 37.4913
      vertex -13.5821 31.0144 36.2581
    endloop
  endfacet
  facet normal -0.896894 0.253671 0.362261
    outer loop
      vertex -13.5821 29.2533 37.4913
      vertex -13.6978 30.8798 36.0659
      vertex -13.6978 29.1187 37.2991
    endloop
  endfacet
  facet normal -0.980818 0.111806 0.159676
    outer loop
      vertex -13.8329 30.5906 35.6528
      vertex -13.7819 28.9766 37.0962
      vertex -13.7819 30.7378 35.863
    endloop
  endfacet
  facet normal -0.980818 0.111806 0.159676
    outer loop
      vertex -13.7819 28.9766 37.0962
      vertex -13.8329 30.5906 35.6528
      vertex -13.8329 28.8294 36.886
    endloop
  endfacet
  facet normal -0.997861 0.0374988 0.053554
    outer loop
      vertex -13.85 30.4409 35.439
      vertex -13.8329 28.8294 36.886
      vertex -13.8329 30.5906 35.6528
    endloop
  endfacet
  facet normal -0.997861 0.0374988 0.053554
    outer loop
      vertex -13.8329 28.8294 36.886
      vertex -13.85 30.4409 35.439
      vertex -13.85 28.6797 36.6722
    endloop
  endfacet
  facet normal 0.997858 0.0375206 0.0535852
    outer loop
      vertex -9.86711 28.8294 36.886
      vertex -9.85 30.4409 35.439
      vertex -9.86711 30.5906 35.6528
    endloop
  endfacet
  facet normal 0.997858 0.0375206 0.0535852
    outer loop
      vertex -9.85 30.4409 35.439
      vertex -9.86711 28.8294 36.886
      vertex -9.85 28.6797 36.6722
    endloop
  endfacet
  facet normal 0.321334 0.543126 0.775731
    outer loop
      vertex -11.3324 29.7877 38.2546
      vertex -11.0846 31.5007 36.9526
      vertex -11.3324 31.5489 37.0215
    endloop
  endfacet
  facet normal 0.321053 0.54321 0.775788
    outer loop
      vertex -11.0846 31.5007 36.9526
      vertex -11.3324 29.7877 38.2546
      vertex -11.0846 29.7395 38.1858
    endloop
  endfacet
  facet normal 0.659408 0.431205 0.615827
    outer loop
      vertex -10.6325 29.5898 37.9719
      vertex -10.4358 31.252 36.5974
      vertex -10.6325 31.351 36.7387
    endloop
  endfacet
  facet normal 0.659408 0.431205 0.615827
    outer loop
      vertex -10.4358 31.252 36.5974
      vertex -10.6325 29.5898 37.9719
      vertex -10.4358 29.4908 37.8306
    endloop
  endfacet
  facet normal 0.94695 0.184343 0.263255
    outer loop
      vertex -10.0022 29.1187 37.2991
      vertex -9.91815 30.7378 35.863
      vertex -10.0022 30.8798 36.0659
    endloop
  endfacet
  facet normal 0.946973 0.184298 0.263205
    outer loop
      vertex -9.91815 30.7378 35.863
      vertex -10.0022 29.1187 37.2991
      vertex -9.91815 28.9766 37.0962
    endloop
  endfacet
  facet normal -0.44244 0.514381 0.734615
    outer loop
      vertex -12.85 31.4343 36.8578
      vertex -12.6154 29.7395 38.1858
      vertex -12.6154 31.5007 36.9526
    endloop
  endfacet
  facet normal -0.44244 0.514381 0.734615
    outer loop
      vertex -12.6154 29.7395 38.1858
      vertex -12.85 31.4343 36.8578
      vertex -12.85 29.6731 38.091
    endloop
  endfacet
  facet normal -0.751784 0.378221 0.540158
    outer loop
      vertex -13.4367 31.1392 36.4363
      vertex -13.2642 29.4908 37.8306
      vertex -13.2642 31.252 36.5974
    endloop
  endfacet
  facet normal -0.751784 0.378221 0.540158
    outer loop
      vertex -13.2642 29.4908 37.8306
      vertex -13.4367 31.1392 36.4363
      vertex -13.4367 29.378 37.6695
    endloop
  endfacet
  facet normal -0.946892 0.184441 0.263396
    outer loop
      vertex -13.7819 30.7378 35.863
      vertex -13.6978 29.1187 37.2991
      vertex -13.6978 30.8798 36.0659
    endloop
  endfacet
  facet normal -0.946915 0.184396 0.263346
    outer loop
      vertex -13.6978 29.1187 37.2991
      vertex -13.7819 30.7378 35.863
      vertex -13.7819 28.9766 37.0962
    endloop
  endfacet
  facet normal 0.997861 -0.0374944 -0.0535471
    outer loop
      vertex 13.85 8.54714 7.91993
      vertex 13.8329 10.1586 6.4729
      vertex 13.85 10.3083 6.68674
    endloop
  endfacet
  facet normal 0.997861 -0.0374916 -0.0535439
    outer loop
      vertex 13.8329 10.1586 6.4729
      vertex 13.85 8.54714 7.91993
      vertex 13.8329 8.39741 7.70609
    endloop
  endfacet
  facet normal -0.997859 -0.0375163 -0.0535783
    outer loop
      vertex 9.86711 10.1586 6.4729
      vertex 9.85 8.54714 7.91993
      vertex 9.85 10.3083 6.68674
    endloop
  endfacet
  facet normal -0.997859 -0.0375134 -0.053575
    outer loop
      vertex 9.85 8.54714 7.91993
      vertex 9.86711 10.1586 6.4729
      vertex 9.86711 8.39741 7.70609
    endloop
  endfacet
  facet normal -0.0653951 -0.572345 -0.817401
    outer loop
      vertex 11.5889 7.4098 6.29564
      vertex 11.85 9.16117 5.04844
      vertex 11.85 7.39999 6.28162
    endloop
  endfacet
  facet normal -0.065364 -0.572349 -0.817401
    outer loop
      vertex 11.85 9.16117 5.04844
      vertex 11.5889 7.4098 6.29564
      vertex 11.5889 9.17098 5.06245
    endloop
  endfacet
  facet normal 0.659334 -0.431243 -0.61588
    outer loop
      vertex 13.2642 7.73598 6.76147
      vertex 13.0675 9.39822 5.38698
      vertex 13.2642 9.49716 5.52828
    endloop
  endfacet
  facet normal 0.659322 -0.431251 -0.615888
    outer loop
      vertex 13.0675 9.39822 5.38698
      vertex 13.2642 7.73598 6.76147
      vertex 13.0675 7.63705 6.62017
    endloop
  endfacet
  facet normal -0.75183 -0.378191 -0.540114
    outer loop
      vertex 10.4358 9.49716 5.52828
      vertex 10.2633 7.8488 6.92259
      vertex 10.2633 9.60998 5.6894
    endloop
  endfacet
  facet normal -0.75183 -0.378191 -0.540114
    outer loop
      vertex 10.2633 7.8488 6.92259
      vertex 10.4358 9.49716 5.52828
      vertex 10.4358 7.73598 6.76147
    endloop
  endfacet
  facet normal -0.442362 -0.514404 -0.734646
    outer loop
      vertex 10.85 7.55368 6.50112
      vertex 11.0846 9.24849 5.17314
      vertex 11.0846 7.48731 6.40633
    endloop
  endfacet
  facet normal -0.442362 -0.514404 -0.734646
    outer loop
      vertex 11.0846 9.24849 5.17314
      vertex 10.85 7.55368 6.50112
      vertex 10.85 9.31486 5.26793
    endloop
  endfacet
  facet normal 0.896885 -0.253673 -0.362281
    outer loop
      vertex 13.6978 8.10815 7.29298
      vertex 13.5821 9.73474 5.86759
      vertex 13.6978 9.86932 6.05979
    endloop
  endfacet
  facet normal 0.896885 -0.253673 -0.362281
    outer loop
      vertex 13.5821 9.73474 5.86759
      vertex 13.6978 8.10815 7.29298
      vertex 13.5821 7.97357 7.10078
    endloop
  endfacet
  facet normal 0.831372 -0.318746 -0.455215
    outer loop
      vertex 13.5821 7.97357 7.10078
      vertex 13.4367 9.60998 5.6894
      vertex 13.5821 9.73474 5.86759
    endloop
  endfacet
  facet normal 0.831379 -0.318739 -0.455208
    outer loop
      vertex 13.4367 9.60998 5.6894
      vertex 13.5821 7.97357 7.10078
      vertex 13.4367 7.8488 6.92259
    endloop
  endfacet
  facet normal 0.321337 -0.543156 -0.775709
    outer loop
      vertex 12.3676 9.20026 5.10426
      vertex 12.6154 7.48731 6.40633
      vertex 12.3676 7.43908 6.33745
    endloop
  endfacet
  facet normal 0.321337 -0.543156 -0.775709
    outer loop
      vertex 12.6154 7.48731 6.40633
      vertex 12.3676 9.20026 5.10426
      vertex 12.6154 9.24849 5.17314
    endloop
  endfacet
  facet normal 0.195171 -0.562546 -0.803399
    outer loop
      vertex 12.1111 9.17098 5.06245
      vertex 12.3676 7.43908 6.33745
      vertex 12.1111 7.4098 6.29564
    endloop
  endfacet
  facet normal 0.195171 -0.562546 -0.803399
    outer loop
      vertex 12.3676 7.43908 6.33745
      vertex 12.1111 9.17098 5.06245
      vertex 12.3676 9.20026 5.10426
    endloop
  endfacet
  facet normal 0.555597 -0.476901 -0.681085
    outer loop
      vertex 12.85 9.31486 5.26793
      vertex 13.0675 7.63705 6.62017
      vertex 12.85 7.55368 6.50112
    endloop
  endfacet
  facet normal 0.555582 -0.476908 -0.681092
    outer loop
      vertex 13.0675 7.63705 6.62017
      vertex 12.85 9.31486 5.26793
      vertex 13.0675 9.39822 5.38698
    endloop
  endfacet
  facet normal -0.896885 -0.253673 -0.362281
    outer loop
      vertex 10.1179 9.73474 5.86759
      vertex 10.0022 8.10815 7.29298
      vertex 10.0022 9.86932 6.05979
    endloop
  endfacet
  facet normal -0.896885 -0.253673 -0.362281
    outer loop
      vertex 10.0022 8.10815 7.29298
      vertex 10.1179 9.73474 5.86759
      vertex 10.1179 7.97357 7.10078
    endloop
  endfacet
  facet normal -0.831372 -0.318746 -0.455215
    outer loop
      vertex 10.2633 9.60998 5.6894
      vertex 10.1179 7.97357 7.10078
      vertex 10.1179 9.73474 5.86759
    endloop
  endfacet
  facet normal -0.831379 -0.318739 -0.455208
    outer loop
      vertex 10.1179 7.97357 7.10078
      vertex 10.2633 9.60998 5.6894
      vertex 10.2633 7.8488 6.92259
    endloop
  endfacet
  facet normal -0.946975 -0.184296 -0.263199
    outer loop
      vertex 10.0022 9.86932 6.05979
      vertex 9.91815 8.25024 7.4959
      vertex 9.91815 10.0114 6.26271
    endloop
  endfacet
  facet normal -0.946977 -0.184292 -0.263194
    outer loop
      vertex 9.91815 8.25024 7.4959
      vertex 10.0022 9.86932 6.05979
      vertex 10.0022 8.10815 7.29298
    endloop
  endfacet
  facet normal -0.555597 -0.476901 -0.681085
    outer loop
      vertex 10.6325 7.63705 6.62017
      vertex 10.85 9.31486 5.26793
      vertex 10.85 7.55368 6.50112
    endloop
  endfacet
  facet normal -0.555582 -0.476908 -0.681092
    outer loop
      vertex 10.85 9.31486 5.26793
      vertex 10.6325 7.63705 6.62017
      vertex 10.6325 9.39822 5.38698
    endloop
  endfacet
  facet normal -0.195171 -0.562546 -0.803399
    outer loop
      vertex 11.3324 7.43908 6.33745
      vertex 11.5889 9.17098 5.06245
      vertex 11.5889 7.4098 6.29564
    endloop
  endfacet
  facet normal -0.195171 -0.562546 -0.803399
    outer loop
      vertex 11.5889 9.17098 5.06245
      vertex 11.3324 7.43908 6.33745
      vertex 11.3324 9.20026 5.10426
    endloop
  endfacet
  facet normal 0.980804 0.111844 0.15973
    outer loop
      vertex 13.7854 8.83393 8.3295
      vertex 13.8329 10.4581 6.90058
      vertex 13.7854 10.5951 7.09632
    endloop
  endfacet
  facet normal 0.980808 0.111833 0.159718
    outer loop
      vertex 13.8329 10.4581 6.90058
      vertex 13.7854 8.83393 8.3295
      vertex 13.8329 8.69688 8.13377
    endloop
  endfacet
  facet normal 0.946916 -0.184394 -0.26334
    outer loop
      vertex 13.7819 8.25024 7.4959
      vertex 13.6978 9.86932 6.05979
      vertex 13.7819 10.0114 6.26271
    endloop
  endfacet
  facet normal 0.946919 -0.18439 -0.263335
    outer loop
      vertex 13.6978 9.86932 6.05979
      vertex 13.7819 8.25024 7.4959
      vertex 13.6978 8.10815 7.29298
    endloop
  endfacet
  facet normal 0.980816 -0.111809 -0.159681
    outer loop
      vertex 13.8329 8.39741 7.70609
      vertex 13.7819 10.0114 6.26271
      vertex 13.8329 10.1586 6.4729
    endloop
  endfacet
  facet normal 0.980814 -0.111818 -0.15969
    outer loop
      vertex 13.7819 10.0114 6.26271
      vertex 13.8329 8.39741 7.70609
      vertex 13.7819 8.25024 7.4959
    endloop
  endfacet
  facet normal 0.75183 -0.378191 -0.540114
    outer loop
      vertex 13.4367 7.8488 6.92259
      vertex 13.2642 9.49716 5.52828
      vertex 13.4367 9.60998 5.6894
    endloop
  endfacet
  facet normal 0.75183 -0.378191 -0.540114
    outer loop
      vertex 13.2642 9.49716 5.52828
      vertex 13.4367 7.8488 6.92259
      vertex 13.2642 7.73598 6.76147
    endloop
  endfacet
  facet normal 0.0653951 -0.572345 -0.817401
    outer loop
      vertex 11.85 9.16117 5.04844
      vertex 12.1111 7.4098 6.29564
      vertex 11.85 7.39999 6.28162
    endloop
  endfacet
  facet normal 0.065364 -0.572349 -0.817401
    outer loop
      vertex 12.1111 7.4098 6.29564
      vertex 11.85 9.16117 5.04844
      vertex 12.1111 9.17098 5.06245
    endloop
  endfacet
  facet normal 0.442362 -0.514404 -0.734646
    outer loop
      vertex 12.6154 9.24849 5.17314
      vertex 12.85 7.55368 6.50112
      vertex 12.6154 7.48731 6.40633
    endloop
  endfacet
  facet normal 0.442362 -0.514404 -0.734646
    outer loop
      vertex 12.85 7.55368 6.50112
      vertex 12.6154 9.24849 5.17314
      vertex 12.85 9.31486 5.26793
    endloop
  endfacet
  facet normal -0.980787 -0.111893 -0.159801
    outer loop
      vertex 9.91815 10.0114 6.26271
      vertex 9.86711 8.39741 7.70609
      vertex 9.86711 10.1586 6.4729
    endloop
  endfacet
  facet normal -0.980785 -0.111902 -0.159811
    outer loop
      vertex 9.86711 8.39741 7.70609
      vertex 9.91815 10.0114 6.26271
      vertex 9.91815 8.25024 7.4959
    endloop
  endfacet
  facet normal 0 0.81872 -0.574193
    outer loop
      vertex 13.7854 10.5951 7.09632
      vertex 12.3096 10.5719 7.06324
      vertex 12.2636 10.5951 7.09632
    endloop
  endfacet
  facet normal -4.4077e-05 0.819643 -0.572874
    outer loop
      vertex 13.7854 10.5951 7.09632
      vertex 12.3657 10.5353 7.01087
      vertex 12.3096 10.5719 7.06324
    endloop
  endfacet
  facet normal 5.93563e-05 0.818836 -0.574028
    outer loop
      vertex 13.7854 10.5951 7.09632
      vertex 12.4129 10.4947 6.95296
      vertex 12.3657 10.5353 7.01087
    endloop
  endfacet
  facet normal -4.4898e-05 0.819262 -0.573419
    outer loop
      vertex 12.4944 10.357 6.75624
      vertex 13.7854 10.5951 7.09632
      vertex 13.8329 10.4581 6.90058
    endloop
  endfacet
  facet normal -5.53208e-05 0.819352 -0.573291
    outer loop
      vertex 13.7854 10.5951 7.09632
      vertex 12.4505 10.451 6.8905
      vertex 12.4129 10.4947 6.95296
    endloop
  endfacet
  facet normal 4.79919e-05 0.819037 -0.573741
    outer loop
      vertex 13.7854 10.5951 7.09632
      vertex 12.4779 10.4048 6.82455
      vertex 12.4505 10.451 6.8905
    endloop
  endfacet
  facet normal -7.67526e-05 0.819319 -0.573338
    outer loop
      vertex 13.7854 10.5951 7.09632
      vertex 12.4944 10.357 6.75624
      vertex 12.4779 10.4048 6.82455
    endloop
  endfacet
  facet normal 0 0.81903 -0.57375
    outer loop
      vertex 12.5 10.3083 6.68674
      vertex 13.8329 10.4581 6.90058
      vertex 13.85 10.3083 6.68674
    endloop
  endfacet
  facet normal 2.53802e-05 0.818956 -0.573856
    outer loop
      vertex 13.8329 10.4581 6.90058
      vertex 12.5 10.3083 6.68674
      vertex 12.4944 10.357 6.75624
    endloop
  endfacet
  facet normal 0 0.81921 -0.573493
    outer loop
      vertex 13.8329 10.1586 6.4729
      vertex 12.5 10.3083 6.68674
      vertex 13.85 10.3083 6.68674
    endloop
  endfacet
  facet normal 0.000100663 0.819505 -0.573072
    outer loop
      vertex 12.5 10.3083 6.68674
      vertex 13.8329 10.1586 6.4729
      vertex 12.4944 10.2597 6.61724
    endloop
  endfacet
  facet normal 9.53591e-06 0.819108 -0.573639
    outer loop
      vertex 13.7819 10.0114 6.26271
      vertex 12.4944 10.2597 6.61724
      vertex 13.8329 10.1586 6.4729
    endloop
  endfacet
  facet normal -0.000179943 0.818785 -0.574101
    outer loop
      vertex 12.4944 10.2597 6.61724
      vertex 13.7819 10.0114 6.26271
      vertex 12.4779 10.2118 6.54893
    endloop
  endfacet
  facet normal -2.75137e-06 0.819164 -0.573559
    outer loop
      vertex 13.6978 9.86932 6.05979
      vertex 12.4779 10.2118 6.54893
      vertex 13.7819 10.0114 6.26271
    endloop
  endfacet
  facet normal -1.07094e-05 0.819155 -0.573572
    outer loop
      vertex 13.5821 9.73474 5.86759
      vertex 12.4779 10.2118 6.54893
      vertex 13.6978 9.86932 6.05979
    endloop
  endfacet
  facet normal -0.000141456 0.819055 -0.573715
    outer loop
      vertex 12.4779 10.2118 6.54893
      vertex 13.5821 9.73474 5.86759
      vertex 12.4505 10.1656 6.48298
    endloop
  endfacet
  facet normal -3.13187e-06 0.819175 -0.573544
    outer loop
      vertex 13.4367 9.60998 5.6894
      vertex 12.4505 10.1656 6.48298
      vertex 13.5821 9.73474 5.86759
    endloop
  endfacet
  facet normal 0.000270004 0.819334 -0.573316
    outer loop
      vertex 12.4505 10.1656 6.48298
      vertex 13.4367 9.60998 5.6894
      vertex 12.4129 10.1219 6.42051
    endloop
  endfacet
  facet normal -9.23022e-06 0.819151 -0.573579
    outer loop
      vertex 13.2642 9.49716 5.52828
      vertex 12.4129 10.1219 6.42051
      vertex 13.4367 9.60998 5.6894
    endloop
  endfacet
  facet normal 0.000388802 0.819329 -0.573324
    outer loop
      vertex 12.4129 10.1219 6.42051
      vertex 13.2642 9.49716 5.52828
      vertex 12.3657 10.0814 6.3626
    endloop
  endfacet
  facet normal 1.54536e-05 0.81914 -0.573593
    outer loop
      vertex 13.0675 9.39822 5.38698
      vertex 12.3657 10.0814 6.3626
      vertex 13.2642 9.49716 5.52828
    endloop
  endfacet
  facet normal -0.000303956 0.819032 -0.573748
    outer loop
      vertex 12.3657 10.0814 6.3626
      vertex 13.0675 9.39822 5.38698
      vertex 12.3096 10.0447 6.31024
    endloop
  endfacet
  facet normal -0.000431202 0.819044 -0.57373
    outer loop
      vertex 12.3096 10.0447 6.31024
      vertex 12.85 9.31486 5.26793
      vertex 12.2457 10.0125 6.26432
    endloop
  endfacet
  facet normal 1.38027e-06 0.81915 -0.573579
    outer loop
      vertex 12.85 9.31486 5.26793
      vertex 12.3096 10.0447 6.31024
      vertex 13.0675 9.39822 5.38698
    endloop
  endfacet
  facet normal 0 0.81872 -0.574193
    outer loop
      vertex 11.3904 10.5719 7.06324
      vertex 9.91464 10.5951 7.09632
      vertex 11.4364 10.5951 7.09632
    endloop
  endfacet
  facet normal 4.40781e-05 0.819643 -0.572874
    outer loop
      vertex 11.3343 10.5353 7.01087
      vertex 9.91464 10.5951 7.09632
      vertex 11.3904 10.5719 7.06324
    endloop
  endfacet
  facet normal -5.93579e-05 0.818836 -0.574028
    outer loop
      vertex 11.2871 10.4947 6.95296
      vertex 9.91464 10.5951 7.09632
      vertex 11.3343 10.5353 7.01087
    endloop
  endfacet
  facet normal 5.53224e-05 0.819352 -0.573291
    outer loop
      vertex 11.2495 10.451 6.8905
      vertex 9.91464 10.5951 7.09632
      vertex 11.2871 10.4947 6.95296
    endloop
  endfacet
  facet normal -4.79932e-05 0.819037 -0.573741
    outer loop
      vertex 11.2221 10.4048 6.82455
      vertex 9.91464 10.5951 7.09632
      vertex 11.2495 10.451 6.8905
    endloop
  endfacet
  facet normal 7.67548e-05 0.819319 -0.573338
    outer loop
      vertex 11.2056 10.357 6.75624
      vertex 9.91464 10.5951 7.09632
      vertex 11.2221 10.4048 6.82455
    endloop
  endfacet
  facet normal 4.48976e-05 0.819262 -0.573419
    outer loop
      vertex 9.91464 10.5951 7.09632
      vertex 11.2056 10.357 6.75624
      vertex 9.86711 10.4581 6.90058
    endloop
  endfacet
  facet normal -2.53804e-05 0.818956 -0.573856
    outer loop
      vertex 11.2 10.3083 6.68674
      vertex 9.86711 10.4581 6.90058
      vertex 11.2056 10.357 6.75624
    endloop
  endfacet
  facet normal 0 0.81903 -0.57375
    outer loop
      vertex 11.2 10.3083 6.68674
      vertex 9.85 10.3083 6.68674
      vertex 9.86711 10.4581 6.90058
    endloop
  endfacet
  facet normal -0.000100664 0.819505 -0.573072
    outer loop
      vertex 9.86711 10.1586 6.4729
      vertex 11.2 10.3083 6.68674
      vertex 11.2056 10.2597 6.61724
    endloop
  endfacet
  facet normal 0.000179949 0.818785 -0.574101
    outer loop
      vertex 9.91815 10.0114 6.26271
      vertex 11.2056 10.2597 6.61724
      vertex 11.2221 10.2118 6.54893
    endloop
  endfacet
  facet normal 0.000141456 0.819055 -0.573715
    outer loop
      vertex 10.1179 9.73474 5.86759
      vertex 11.2221 10.2118 6.54893
      vertex 11.2495 10.1656 6.48298
    endloop
  endfacet
  facet normal 0 0.81921 -0.573493
    outer loop
      vertex 11.2 10.3083 6.68674
      vertex 9.86711 10.1586 6.4729
      vertex 9.85 10.3083 6.68674
    endloop
  endfacet
  facet normal -0.000270004 0.819334 -0.573316
    outer loop
      vertex 10.2633 9.60998 5.6894
      vertex 11.2495 10.1656 6.48298
      vertex 11.2871 10.1219 6.42051
    endloop
  endfacet
  facet normal -0.000388802 0.819329 -0.573324
    outer loop
      vertex 10.4358 9.49716 5.52828
      vertex 11.2871 10.1219 6.42051
      vertex 11.3343 10.0814 6.3626
    endloop
  endfacet
  facet normal 0.000303956 0.819032 -0.573748
    outer loop
      vertex 10.6325 9.39822 5.38698
      vertex 11.3343 10.0814 6.3626
      vertex 11.3904 10.0447 6.31024
    endloop
  endfacet
  facet normal 0.000431202 0.819044 -0.57373
    outer loop
      vertex 10.85 9.31486 5.26793
      vertex 11.3904 10.0447 6.31024
      vertex 11.4543 10.0125 6.26432
    endloop
  endfacet
  facet normal -9.53579e-06 0.819108 -0.573639
    outer loop
      vertex 11.2056 10.2597 6.61724
      vertex 9.91815 10.0114 6.26271
      vertex 9.86711 10.1586 6.4729
    endloop
  endfacet
  facet normal -0.000386348 0.819228 -0.573467
    outer loop
      vertex 11.0846 9.24849 5.17314
      vertex 11.4543 10.0125 6.26432
      vertex 11.525 9.98545 6.22563
    endloop
  endfacet
  facet normal -3.07886e-05 0.819159 -0.573567
    outer loop
      vertex 11.0846 9.24849 5.17314
      vertex 11.525 9.98545 6.22563
      vertex 11.6013 9.96388 6.19482
    endloop
  endfacet
  facet normal 2.20831e-05 0.819149 -0.573581
    outer loop
      vertex 11.3324 9.20026 5.10426
      vertex 11.6013 9.96388 6.19482
      vertex 11.6818 9.9482 6.17243
    endloop
  endfacet
  facet normal 1.10187e-05 0.81915 -0.573579
    outer loop
      vertex 11.5889 9.17098 5.06245
      vertex 11.6818 9.9482 6.17243
      vertex 11.7652 9.93869 6.15885
    endloop
  endfacet
  facet normal 2.7516e-06 0.819164 -0.573559
    outer loop
      vertex 11.2221 10.2118 6.54893
      vertex 10.0022 9.86932 6.05979
      vertex 9.91815 10.0114 6.26271
    endloop
  endfacet
  facet normal -2.86802e-05 0.81915 -0.573579
    outer loop
      vertex 11.85 9.16117 5.04844
      vertex 11.7652 9.93869 6.15885
      vertex 11.85 9.9355 6.15429
    endloop
  endfacet
  facet normal -3.12062e-06 0.819167 -0.573556
    outer loop
      vertex 12.6154 9.24849 5.17314
      vertex 12.2457 10.0125 6.26432
      vertex 12.85 9.31486 5.26793
    endloop
  endfacet
  facet normal 0.000386348 0.819228 -0.573467
    outer loop
      vertex 12.2457 10.0125 6.26432
      vertex 12.6154 9.24849 5.17314
      vertex 12.175 9.98545 6.22563
    endloop
  endfacet
  facet normal 2.86802e-05 0.81915 -0.573579
    outer loop
      vertex 11.9348 9.93869 6.15885
      vertex 11.85 9.16117 5.04844
      vertex 11.85 9.9355 6.15429
    endloop
  endfacet
  facet normal 3.07886e-05 0.819159 -0.573567
    outer loop
      vertex 12.175 9.98545 6.22563
      vertex 12.6154 9.24849 5.17314
      vertex 12.0987 9.96388 6.19482
    endloop
  endfacet
  facet normal 1.89794e-07 0.819151 -0.573578
    outer loop
      vertex 11.7652 9.93869 6.15885
      vertex 11.85 9.16117 5.04844
      vertex 11.5889 9.17098 5.06245
    endloop
  endfacet
  facet normal 1.2391e-06 0.819152 -0.573577
    outer loop
      vertex 12.3676 9.20026 5.10426
      vertex 12.0987 9.96388 6.19482
      vertex 12.6154 9.24849 5.17314
    endloop
  endfacet
  facet normal -1.89794e-07 0.819151 -0.573578
    outer loop
      vertex 11.85 9.16117 5.04844
      vertex 11.9348 9.93869 6.15885
      vertex 12.1111 9.17098 5.06245
    endloop
  endfacet
  facet normal -2.20831e-05 0.819149 -0.573581
    outer loop
      vertex 12.0987 9.96388 6.19482
      vertex 12.3676 9.20026 5.10426
      vertex 12.0182 9.9482 6.17243
    endloop
  endfacet
  facet normal -1.31879e-05 0.81915 -0.573579
    outer loop
      vertex 12.1111 9.17098 5.06245
      vertex 12.0182 9.9482 6.17243
      vertex 12.3676 9.20026 5.10426
    endloop
  endfacet
  facet normal -1.10187e-05 0.81915 -0.573579
    outer loop
      vertex 12.0182 9.9482 6.17243
      vertex 12.1111 9.17098 5.06245
      vertex 11.9348 9.93869 6.15885
    endloop
  endfacet
  facet normal 9.23022e-06 0.819151 -0.573579
    outer loop
      vertex 11.2871 10.1219 6.42051
      vertex 10.4358 9.49716 5.52828
      vertex 10.2633 9.60998 5.6894
    endloop
  endfacet
  facet normal -1.2391e-06 0.819152 -0.573577
    outer loop
      vertex 11.6013 9.96388 6.19482
      vertex 11.3324 9.20026 5.10426
      vertex 11.0846 9.24849 5.17314
    endloop
  endfacet
  facet normal 3.13187e-06 0.819175 -0.573544
    outer loop
      vertex 11.2495 10.1656 6.48298
      vertex 10.2633 9.60998 5.6894
      vertex 10.1179 9.73474 5.86759
    endloop
  endfacet
  facet normal 3.12062e-06 0.819167 -0.573556
    outer loop
      vertex 11.4543 10.0125 6.26432
      vertex 11.0846 9.24849 5.17314
      vertex 10.85 9.31486 5.26793
    endloop
  endfacet
  facet normal 1.07094e-05 0.819155 -0.573572
    outer loop
      vertex 11.2221 10.2118 6.54893
      vertex 10.1179 9.73474 5.86759
      vertex 10.0022 9.86932 6.05979
    endloop
  endfacet
  facet normal -1.54536e-05 0.81914 -0.573593
    outer loop
      vertex 11.3343 10.0814 6.3626
      vertex 10.6325 9.39822 5.38698
      vertex 10.4358 9.49716 5.52828
    endloop
  endfacet
  facet normal -1.38027e-06 0.81915 -0.573579
    outer loop
      vertex 11.3904 10.0447 6.31024
      vertex 10.85 9.31486 5.26793
      vertex 10.6325 9.39822 5.38698
    endloop
  endfacet
  facet normal 1.31879e-05 0.81915 -0.573579
    outer loop
      vertex 11.6818 9.9482 6.17243
      vertex 11.5889 9.17098 5.06245
      vertex 11.3324 9.20026 5.10426
    endloop
  endfacet
  facet normal -0.659334 -0.431243 -0.61588
    outer loop
      vertex 10.6325 9.39822 5.38698
      vertex 10.4358 7.73598 6.76147
      vertex 10.4358 9.49716 5.52828
    endloop
  endfacet
  facet normal -0.659322 -0.431251 -0.615888
    outer loop
      vertex 10.4358 7.73598 6.76147
      vertex 10.6325 9.39822 5.38698
      vertex 10.6325 7.63705 6.62017
    endloop
  endfacet
  facet normal -0.321337 -0.543156 -0.775709
    outer loop
      vertex 11.0846 7.48731 6.40633
      vertex 11.3324 9.20026 5.10426
      vertex 11.3324 7.43908 6.33745
    endloop
  endfacet
  facet normal -0.321337 -0.543156 -0.775709
    outer loop
      vertex 11.3324 9.20026 5.10426
      vertex 11.0846 7.48731 6.40633
      vertex 11.0846 9.24849 5.17314
    endloop
  endfacet
  facet normal 0.997862 0.0374854 0.053536
    outer loop
      vertex 13.8329 8.69688 8.13377
      vertex 13.85 10.3083 6.68674
      vertex 13.8329 10.4581 6.90058
    endloop
  endfacet
  facet normal 0.997862 0.0374912 0.0535424
    outer loop
      vertex 13.85 10.3083 6.68674
      vertex 13.8329 8.69688 8.13377
      vertex 13.85 8.54714 7.91993
    endloop
  endfacet
  facet normal -0.99786 0.0375072 0.0535671
    outer loop
      vertex 9.85 10.3083 6.68674
      vertex 9.86711 8.69688 8.13377
      vertex 9.86711 10.4581 6.90058
    endloop
  endfacet
  facet normal -0.997859 0.037513 0.0535736
    outer loop
      vertex 9.86711 8.69688 8.13377
      vertex 9.85 10.3083 6.68674
      vertex 9.85 8.54714 7.91993
    endloop
  endfacet
  facet normal -0.980781 0.111912 0.159827
    outer loop
      vertex 9.86711 10.4581 6.90058
      vertex 9.91464 8.83393 8.3295
      vertex 9.91464 10.5951 7.09632
    endloop
  endfacet
  facet normal -0.980784 0.111901 0.159815
    outer loop
      vertex 9.91464 8.83393 8.3295
      vertex 9.86711 10.4581 6.90058
      vertex 9.86711 8.69688 8.13377
    endloop
  endfacet
  facet normal 0.997863 -0.0374789 -0.0535256
    outer loop
      vertex 13.85 28.6797 36.6722
      vertex 13.8329 30.2911 35.2251
      vertex 13.85 30.4409 35.439
    endloop
  endfacet
  facet normal 0.997863 -0.0374789 -0.0535256
    outer loop
      vertex 13.8329 30.2911 35.2251
      vertex 13.85 28.6797 36.6722
      vertex 13.8329 28.5299 36.4583
    endloop
  endfacet
  facet normal -0.99786 -0.0375007 -0.0535568
    outer loop
      vertex 9.86711 30.2911 35.2251
      vertex 9.85 28.6797 36.6722
      vertex 9.85 30.4409 35.439
    endloop
  endfacet
  facet normal -0.99786 -0.0375007 -0.0535568
    outer loop
      vertex 9.85 28.6797 36.6722
      vertex 9.86711 30.2911 35.2251
      vertex 9.86711 28.5299 36.4583
    endloop
  endfacet
  facet normal 0.065311 -0.57235 -0.817404
    outer loop
      vertex 11.85 29.2937 33.8007
      vertex 12.1111 27.5423 35.0479
      vertex 11.85 27.5325 35.0339
    endloop
  endfacet
  facet normal 0.065311 -0.57235 -0.817404
    outer loop
      vertex 12.1111 27.5423 35.0479
      vertex 11.85 29.2937 33.8007
      vertex 12.1111 29.3035 33.8147
    endloop
  endfacet
  facet normal 0.065311 0.57235 0.817404
    outer loop
      vertex 12.1111 31.5782 37.0633
      vertex 11.85 29.8268 38.3105
      vertex 12.1111 29.817 38.2965
    endloop
  endfacet
  facet normal 0.065311 0.57235 0.817404
    outer loop
      vertex 11.85 29.8268 38.3105
      vertex 12.1111 31.5782 37.0633
      vertex 11.85 31.588 37.0773
    endloop
  endfacet
  facet normal 0.751784 -0.378221 -0.540158
    outer loop
      vertex 13.4367 27.9813 35.6748
      vertex 13.2642 29.6297 34.2805
      vertex 13.4367 29.7425 34.4416
    endloop
  endfacet
  facet normal 0.751784 -0.378221 -0.540158
    outer loop
      vertex 13.2642 29.6297 34.2805
      vertex 13.4367 27.9813 35.6748
      vertex 13.2642 27.8685 35.5137
    endloop
  endfacet
  facet normal -0.659284 -0.431267 -0.615916
    outer loop
      vertex 10.6325 29.5308 34.1392
      vertex 10.4358 27.8685 35.5137
      vertex 10.4358 29.6297 34.2805
    endloop
  endfacet
  facet normal -0.659284 -0.431267 -0.615916
    outer loop
      vertex 10.4358 27.8685 35.5137
      vertex 10.6325 29.5308 34.1392
      vertex 10.6325 27.7696 35.3724
    endloop
  endfacet
  facet normal -0.321334 -0.543156 -0.77571
    outer loop
      vertex 11.0846 27.6198 35.1586
      vertex 11.3324 29.3328 33.8565
      vertex 11.3324 27.5716 35.0897
    endloop
  endfacet
  facet normal -0.321334 -0.543156 -0.77571
    outer loop
      vertex 11.3324 29.3328 33.8565
      vertex 11.0846 27.6198 35.1586
      vertex 11.0846 29.381 33.9254
    endloop
  endfacet
  facet normal 0.896894 -0.253661 -0.362267
    outer loop
      vertex 13.6978 28.2407 36.0452
      vertex 13.5821 29.8673 34.6198
      vertex 13.6978 30.0019 34.812
    endloop
  endfacet
  facet normal 0.896894 -0.253661 -0.362267
    outer loop
      vertex 13.5821 29.8673 34.6198
      vertex 13.6978 28.2407 36.0452
      vertex 13.5821 28.1061 35.853
    endloop
  endfacet
  facet normal 0.831409 -0.318713 -0.455171
    outer loop
      vertex 13.5821 28.1061 35.853
      vertex 13.4367 29.7425 34.4416
      vertex 13.5821 29.8673 34.6198
    endloop
  endfacet
  facet normal 0.831409 -0.318713 -0.455171
    outer loop
      vertex 13.4367 29.7425 34.4416
      vertex 13.5821 28.1061 35.853
      vertex 13.4367 27.9813 35.6748
    endloop
  endfacet
  facet normal 0.44244 -0.514381 -0.734615
    outer loop
      vertex 12.6154 29.381 33.9254
      vertex 12.85 27.6862 35.2534
      vertex 12.6154 27.6198 35.1586
    endloop
  endfacet
  facet normal 0.44244 -0.514381 -0.734615
    outer loop
      vertex 12.85 27.6862 35.2534
      vertex 12.6154 29.381 33.9254
      vertex 12.85 29.4474 34.0202
    endloop
  endfacet
  facet normal 0.321334 -0.543156 -0.77571
    outer loop
      vertex 12.3676 29.3328 33.8565
      vertex 12.6154 27.6198 35.1586
      vertex 12.3676 27.5716 35.0897
    endloop
  endfacet
  facet normal 0.321334 -0.543156 -0.77571
    outer loop
      vertex 12.6154 27.6198 35.1586
      vertex 12.3676 29.3328 33.8565
      vertex 12.6154 29.381 33.9254
    endloop
  endfacet
  facet normal 0.555535 -0.476924 -0.681121
    outer loop
      vertex 12.85 29.4474 34.0202
      vertex 13.0675 27.7696 35.3724
      vertex 12.85 27.6862 35.2534
    endloop
  endfacet
  facet normal 0.555535 -0.476924 -0.681121
    outer loop
      vertex 13.0675 27.7696 35.3724
      vertex 12.85 29.4474 34.0202
      vertex 13.0675 29.5308 34.1392
    endloop
  endfacet
  facet normal -0.896894 -0.253661 -0.362267
    outer loop
      vertex 10.1179 29.8673 34.6198
      vertex 10.0022 28.2407 36.0452
      vertex 10.0022 30.0019 34.812
    endloop
  endfacet
  facet normal -0.896894 -0.253661 -0.362267
    outer loop
      vertex 10.0022 28.2407 36.0452
      vertex 10.1179 29.8673 34.6198
      vertex 10.1179 28.1061 35.853
    endloop
  endfacet
  facet normal -0.94695 -0.184343 -0.263255
    outer loop
      vertex 10.0022 30.0019 34.812
      vertex 9.91815 28.3828 36.2481
      vertex 9.91815 30.1439 35.0149
    endloop
  endfacet
  facet normal -0.946973 -0.184298 -0.263205
    outer loop
      vertex 9.91815 28.3828 36.2481
      vertex 10.0022 30.0019 34.812
      vertex 10.0022 28.2407 36.0452
    endloop
  endfacet
  facet normal -0.44244 -0.514381 -0.734615
    outer loop
      vertex 10.85 27.6862 35.2534
      vertex 11.0846 29.381 33.9254
      vertex 11.0846 27.6198 35.1586
    endloop
  endfacet
  facet normal -0.44244 -0.514381 -0.734615
    outer loop
      vertex 11.0846 29.381 33.9254
      vertex 10.85 27.6862 35.2534
      vertex 10.85 29.4474 34.0202
    endloop
  endfacet
  facet normal -0.195183 -0.562543 -0.803398
    outer loop
      vertex 11.3324 27.5716 35.0897
      vertex 11.5889 29.3035 33.8147
      vertex 11.5889 27.5423 35.0479
    endloop
  endfacet
  facet normal -0.195183 -0.562543 -0.803398
    outer loop
      vertex 11.5889 29.3035 33.8147
      vertex 11.3324 27.5716 35.0897
      vertex 11.3324 29.3328 33.8565
    endloop
  endfacet
  facet normal 0.195183 0.562543 0.803398
    outer loop
      vertex 12.1111 29.817 38.2965
      vertex 12.3676 31.5489 37.0215
      vertex 12.1111 31.5782 37.0633
    endloop
  endfacet
  facet normal 0.195485 0.562478 0.803371
    outer loop
      vertex 12.3676 31.5489 37.0215
      vertex 12.1111 29.817 38.2965
      vertex 12.3676 29.7877 38.2546
    endloop
  endfacet
  facet normal 0.44244 0.514381 0.734615
    outer loop
      vertex 12.6154 29.7395 38.1858
      vertex 12.85 31.4343 36.8578
      vertex 12.6154 31.5007 36.9526
    endloop
  endfacet
  facet normal 0.44244 0.514381 0.734615
    outer loop
      vertex 12.85 31.4343 36.8578
      vertex 12.6154 29.7395 38.1858
      vertex 12.85 29.6731 38.091
    endloop
  endfacet
  facet normal 0.946892 -0.184441 -0.263396
    outer loop
      vertex 13.7819 28.3828 36.2481
      vertex 13.6978 30.0019 34.812
      vertex 13.7819 30.1439 35.0149
    endloop
  endfacet
  facet normal 0.946915 -0.184396 -0.263346
    outer loop
      vertex 13.6978 30.0019 34.812
      vertex 13.7819 28.3828 36.2481
      vertex 13.6978 28.2407 36.0452
    endloop
  endfacet
  facet normal 0.980818 -0.111806 -0.159676
    outer loop
      vertex 13.8329 28.5299 36.4583
      vertex 13.7819 30.1439 35.0149
      vertex 13.8329 30.2911 35.2251
    endloop
  endfacet
  facet normal 0.980809 -0.111834 -0.159707
    outer loop
      vertex 13.7819 30.1439 35.0149
      vertex 13.8329 28.5299 36.4583
      vertex 13.7819 28.3828 36.2481
    endloop
  endfacet
  facet normal 0.195183 -0.562543 -0.803398
    outer loop
      vertex 12.1111 29.3035 33.8147
      vertex 12.3676 27.5716 35.0897
      vertex 12.1111 27.5423 35.0479
    endloop
  endfacet
  facet normal 0.195183 -0.562543 -0.803398
    outer loop
      vertex 12.3676 27.5716 35.0897
      vertex 12.1111 29.3035 33.8147
      vertex 12.3676 29.3328 33.8565
    endloop
  endfacet
  facet normal 0.659284 -0.431267 -0.615916
    outer loop
      vertex 13.2642 27.8685 35.5137
      vertex 13.0675 29.5308 34.1392
      vertex 13.2642 29.6297 34.2805
    endloop
  endfacet
  facet normal 0.659284 -0.431267 -0.615916
    outer loop
      vertex 13.0675 29.5308 34.1392
      vertex 13.2642 27.8685 35.5137
      vertex 13.0675 27.7696 35.3724
    endloop
  endfacet
  facet normal -0.831409 -0.318713 -0.455171
    outer loop
      vertex 10.2633 29.7425 34.4416
      vertex 10.1179 28.1061 35.853
      vertex 10.1179 29.8673 34.6198
    endloop
  endfacet
  facet normal -0.831409 -0.318713 -0.455171
    outer loop
      vertex 10.1179 28.1061 35.853
      vertex 10.2633 29.7425 34.4416
      vertex 10.2633 27.9813 35.6748
    endloop
  endfacet
  facet normal -0.751784 -0.378221 -0.540158
    outer loop
      vertex 10.4358 29.6297 34.2805
      vertex 10.2633 27.9813 35.6748
      vertex 10.2633 29.7425 34.4416
    endloop
  endfacet
  facet normal -0.751784 -0.378221 -0.540158
    outer loop
      vertex 10.2633 27.9813 35.6748
      vertex 10.4358 29.6297 34.2805
      vertex 10.4358 27.8685 35.5137
    endloop
  endfacet
  facet normal -0.980788 -0.11189 -0.159796
    outer loop
      vertex 9.91815 30.1439 35.0149
      vertex 9.86711 28.5299 36.4583
      vertex 9.86711 30.2911 35.2251
    endloop
  endfacet
  facet normal -0.98078 -0.111918 -0.159828
    outer loop
      vertex 9.86711 28.5299 36.4583
      vertex 9.91815 30.1439 35.0149
      vertex 9.91815 28.3828 36.2481
    endloop
  endfacet
  facet normal -8.73801e-06 0.819155 -0.573572
    outer loop
      vertex 11.9348 30.8105 35.9669
      vertex 11.85 31.588 37.0773
      vertex 12.1111 31.5782 37.0633
    endloop
  endfacet
  facet normal 0.00047632 0.819173 -0.573547
    outer loop
      vertex 11.85 30.8137 35.9714
      vertex 11.85 31.588 37.0773
      vertex 11.9348 30.8105 35.9669
    endloop
  endfacet
  facet normal 0.000102296 0.819159 -0.573567
    outer loop
      vertex 12.0182 30.801 35.9533
      vertex 12.1111 31.5782 37.0633
      vertex 12.3676 31.5489 37.0215
    endloop
  endfacet
  facet normal -0.000127993 0.819183 -0.573532
    outer loop
      vertex 12.0987 30.7853 35.9309
      vertex 12.3676 31.5489 37.0215
      vertex 12.6154 31.5007 36.9526
    endloop
  endfacet
  facet normal -0.00047632 0.819173 -0.573547
    outer loop
      vertex 11.7652 30.8105 35.9669
      vertex 11.85 31.588 37.0773
      vertex 11.85 30.8137 35.9714
    endloop
  endfacet
  facet normal 5.34749e-05 0.819132 -0.573605
    outer loop
      vertex 12.2457 30.7366 35.8614
      vertex 12.6154 31.5007 36.9526
      vertex 12.85 31.4343 36.8578
    endloop
  endfacet
  facet normal 8.73801e-06 0.819155 -0.573572
    outer loop
      vertex 11.85 31.588 37.0773
      vertex 11.7652 30.8105 35.9669
      vertex 11.5889 31.5782 37.0633
    endloop
  endfacet
  facet normal -0.000269049 0.819227 -0.573469
    outer loop
      vertex 12.3096 30.7045 35.8155
      vertex 12.85 31.4343 36.8578
      vertex 13.0675 31.351 36.7387
    endloop
  endfacet
  facet normal 0.000217544 0.819171 -0.573549
    outer loop
      vertex 11.6818 30.801 35.9533
      vertex 11.5889 31.5782 37.0633
      vertex 11.7652 30.8105 35.9669
    endloop
  endfacet
  facet normal 0.000135751 0.819076 -0.573686
    outer loop
      vertex 12.3657 30.6678 35.7631
      vertex 13.0675 31.351 36.7387
      vertex 13.2642 31.252 36.5974
    endloop
  endfacet
  facet normal -0.000102296 0.819159 -0.573567
    outer loop
      vertex 11.5889 31.5782 37.0633
      vertex 11.6818 30.801 35.9533
      vertex 11.3324 31.5489 37.0215
    endloop
  endfacet
  facet normal 2.78637e-06 0.819162 -0.573563
    outer loop
      vertex 12.4129 30.6273 35.7052
      vertex 13.2642 31.252 36.5974
      vertex 13.4367 31.1392 36.4363
    endloop
  endfacet
  facet normal 0.000127993 0.819183 -0.573532
    outer loop
      vertex 11.3324 31.5489 37.0215
      vertex 11.6013 30.7853 35.9309
      vertex 11.0846 31.5007 36.9526
    endloop
  endfacet
  facet normal 4.37231e-05 0.819119 -0.573623
    outer loop
      vertex 12.4505 30.5835 35.6427
      vertex 13.4367 31.1392 36.4363
      vertex 13.5821 31.0144 36.2581
    endloop
  endfacet
  facet normal -0.000300164 0.819081 -0.573677
    outer loop
      vertex 11.525 30.7637 35.9001
      vertex 11.0846 31.5007 36.9526
      vertex 11.6013 30.7853 35.9309
    endloop
  endfacet
  facet normal 1.22704e-05 0.819115 -0.573629
    outer loop
      vertex 12.4779 30.5373 35.5768
      vertex 13.5821 31.0144 36.2581
      vertex 13.6978 30.8798 36.0659
    endloop
  endfacet
  facet normal -7.61321e-06 0.819139 -0.573595
    outer loop
      vertex 11.4543 30.7366 35.8614
      vertex 11.0846 31.5007 36.9526
      vertex 11.525 30.7637 35.9001
    endloop
  endfacet
  facet normal -5.34749e-05 0.819132 -0.573605
    outer loop
      vertex 11.0846 31.5007 36.9526
      vertex 11.4543 30.7366 35.8614
      vertex 10.85 31.4343 36.8578
    endloop
  endfacet
  facet normal -0.000155244 0.81915 -0.573579
    outer loop
      vertex 11.6013 30.7853 35.9309
      vertex 11.3324 31.5489 37.0215
      vertex 11.6818 30.801 35.9533
    endloop
  endfacet
  facet normal -0.000217544 0.819171 -0.573549
    outer loop
      vertex 12.1111 31.5782 37.0633
      vertex 12.0182 30.801 35.9533
      vertex 11.9348 30.8105 35.9669
    endloop
  endfacet
  facet normal 0.000155244 0.81915 -0.573579
    outer loop
      vertex 12.3676 31.5489 37.0215
      vertex 12.0987 30.7853 35.9309
      vertex 12.0182 30.801 35.9533
    endloop
  endfacet
  facet normal 0.000300164 0.819081 -0.573677
    outer loop
      vertex 12.6154 31.5007 36.9526
      vertex 12.175 30.7637 35.9001
      vertex 12.0987 30.7853 35.9309
    endloop
  endfacet
  facet normal -0.000116511 0.819266 -0.573413
    outer loop
      vertex 12.4779 30.5373 35.5768
      vertex 13.6978 30.8798 36.0659
      vertex 13.7819 30.7378 35.863
    endloop
  endfacet
  facet normal 7.61321e-06 0.819139 -0.573595
    outer loop
      vertex 12.6154 31.5007 36.9526
      vertex 12.2457 30.7366 35.8614
      vertex 12.175 30.7637 35.9001
    endloop
  endfacet
  facet normal -0.000358415 0.819249 -0.573438
    outer loop
      vertex 12.85 31.4343 36.8578
      vertex 12.3096 30.7045 35.8155
      vertex 12.2457 30.7366 35.8614
    endloop
  endfacet
  facet normal 4.3325e-05 0.819107 -0.573641
    outer loop
      vertex 13.0675 31.351 36.7387
      vertex 12.3657 30.6678 35.7631
      vertex 12.3096 30.7045 35.8155
    endloop
  endfacet
  facet normal -0.000322965 0.819308 -0.573354
    outer loop
      vertex 13.2642 31.252 36.5974
      vertex 12.4129 30.6273 35.7052
      vertex 12.3657 30.6678 35.7631
    endloop
  endfacet
  facet normal -2.91091e-05 0.819119 -0.573624
    outer loop
      vertex 12.4944 30.4895 35.5085
      vertex 13.7819 30.7378 35.863
      vertex 13.8329 30.5906 35.6528
    endloop
  endfacet
  facet normal 0.000254535 0.818996 -0.573799
    outer loop
      vertex 13.4367 31.1392 36.4363
      vertex 12.4505 30.5835 35.6427
      vertex 12.4129 30.6273 35.7052
    endloop
  endfacet
  facet normal 0.000314982 0.818885 -0.573958
    outer loop
      vertex 13.5821 31.0144 36.2581
      vertex 12.4779 30.5373 35.5768
      vertex 12.4505 30.5835 35.6427
    endloop
  endfacet
  facet normal -0.000120464 0.819275 -0.573401
    outer loop
      vertex 13.7819 30.7378 35.863
      vertex 12.4944 30.4895 35.5085
      vertex 12.4779 30.5373 35.5768
    endloop
  endfacet
  facet normal 0 0.81916 -0.573565
    outer loop
      vertex 12.5 30.4409 35.439
      vertex 13.8329 30.5906 35.6528
      vertex 13.85 30.4409 35.439
    endloop
  endfacet
  facet normal -0.000117641 0.819504 -0.573073
    outer loop
      vertex 13.8329 30.5906 35.6528
      vertex 12.5 30.4409 35.439
      vertex 12.4944 30.4895 35.5085
    endloop
  endfacet
  facet normal 0 0.819106 -0.573642
    outer loop
      vertex 13.8329 30.2911 35.2251
      vertex 12.5 30.4409 35.439
      vertex 13.85 30.4409 35.439
    endloop
  endfacet
  facet normal -5.08824e-05 0.818957 -0.573855
    outer loop
      vertex 12.5 30.4409 35.439
      vertex 13.8329 30.2911 35.2251
      vertex 12.4944 30.3922 35.3695
    endloop
  endfacet
  facet normal -1.26535e-05 0.819124 -0.573617
    outer loop
      vertex 13.7819 30.1439 35.0149
      vertex 12.4944 30.3922 35.3695
      vertex 13.8329 30.2911 35.2251
    endloop
  endfacet
  facet normal 7.8707e-05 0.819279 -0.573395
    outer loop
      vertex 12.4944 30.3922 35.3695
      vertex 13.7819 30.1439 35.0149
      vertex 12.4779 30.3444 35.3012
    endloop
  endfacet
  facet normal 7.62057e-05 0.819274 -0.573402
    outer loop
      vertex 13.6978 30.0019 34.812
      vertex 12.4779 30.3444 35.3012
      vertex 13.7819 30.1439 35.0149
    endloop
  endfacet
  facet normal -5.01497e-05 0.819126 -0.573614
    outer loop
      vertex 13.5821 29.8673 34.6198
      vertex 12.4779 30.3444 35.3012
      vertex 13.6978 30.0019 34.812
    endloop
  endfacet
  facet normal 7.08725e-05 0.819218 -0.573482
    outer loop
      vertex 12.4779 30.3444 35.3012
      vertex 13.5821 29.8673 34.6198
      vertex 12.4505 30.2982 35.2352
    endloop
  endfacet
  facet normal -4.37231e-05 0.819119 -0.573623
    outer loop
      vertex 13.4367 29.7425 34.4416
      vertex 12.4505 30.2982 35.2352
      vertex 13.5821 29.8673 34.6198
    endloop
  endfacet
  facet normal -0.000752599 0.818705 -0.574214
    outer loop
      vertex 12.4505 30.2982 35.2352
      vertex 13.4367 29.7425 34.4416
      vertex 12.4129 30.2544 35.1728
    endloop
  endfacet
  facet normal -3.45327e-05 0.819178 -0.57354
    outer loop
      vertex 13.2642 29.6297 34.2805
      vertex 12.4129 30.2544 35.1728
      vertex 13.4367 29.7425 34.4416
    endloop
  endfacet
  facet normal 0.00084607 0.819572 -0.572976
    outer loop
      vertex 12.4129 30.2544 35.1728
      vertex 13.2642 29.6297 34.2805
      vertex 12.3657 30.2139 35.1148
    endloop
  endfacet
  facet normal 9.90413e-05 0.819194 -0.573516
    outer loop
      vertex 13.0675 29.5308 34.1392
      vertex 12.3657 30.2139 35.1148
      vertex 13.2642 29.6297 34.2805
    endloop
  endfacet
  facet normal -0.000702086 0.818923 -0.573902
    outer loop
      vertex 12.3657 30.2139 35.1148
      vertex 13.0675 29.5308 34.1392
      vertex 12.3096 30.1772 35.0625
    endloop
  endfacet
  facet normal 0.000358415 0.819249 -0.573438
    outer loop
      vertex 12.3096 30.1772 35.0625
      vertex 12.85 29.4474 34.0202
      vertex 12.2457 30.1451 35.0166
    endloop
  endfacet
  facet normal -0.000229737 0.819106 -0.573642
    outer loop
      vertex 12.85 29.4474 34.0202
      vertex 12.3096 30.1772 35.0625
      vertex 13.0675 29.5308 34.1392
    endloop
  endfacet
  facet normal 0.000358415 0.819249 -0.573438
    outer loop
      vertex 11.3904 30.7045 35.8155
      vertex 10.85 31.4343 36.8578
      vertex 11.4543 30.7366 35.8614
    endloop
  endfacet
  facet normal 0.000269049 0.819227 -0.573469
    outer loop
      vertex 10.85 31.4343 36.8578
      vertex 11.3904 30.7045 35.8155
      vertex 10.6325 31.351 36.7387
    endloop
  endfacet
  facet normal -4.3325e-05 0.819107 -0.573641
    outer loop
      vertex 11.3343 30.6678 35.7631
      vertex 10.6325 31.351 36.7387
      vertex 11.3904 30.7045 35.8155
    endloop
  endfacet
  facet normal -0.000135751 0.819076 -0.573686
    outer loop
      vertex 10.6325 31.351 36.7387
      vertex 11.3343 30.6678 35.7631
      vertex 10.4358 31.252 36.5974
    endloop
  endfacet
  facet normal 0.000322965 0.819308 -0.573354
    outer loop
      vertex 11.2871 30.6273 35.7052
      vertex 10.4358 31.252 36.5974
      vertex 11.3343 30.6678 35.7631
    endloop
  endfacet
  facet normal -2.78637e-06 0.819162 -0.573563
    outer loop
      vertex 10.4358 31.252 36.5974
      vertex 11.2871 30.6273 35.7052
      vertex 10.2633 31.1392 36.4363
    endloop
  endfacet
  facet normal -0.000254535 0.818996 -0.573799
    outer loop
      vertex 11.2495 30.5835 35.6427
      vertex 10.2633 31.1392 36.4363
      vertex 11.2871 30.6273 35.7052
    endloop
  endfacet
  facet normal -4.37231e-05 0.819119 -0.573623
    outer loop
      vertex 10.2633 31.1392 36.4363
      vertex 11.2495 30.5835 35.6427
      vertex 10.1179 31.0144 36.2581
    endloop
  endfacet
  facet normal -0.000314982 0.818885 -0.573958
    outer loop
      vertex 11.2221 30.5373 35.5768
      vertex 10.1179 31.0144 36.2581
      vertex 11.2495 30.5835 35.6427
    endloop
  endfacet
  facet normal -1.22704e-05 0.819115 -0.573629
    outer loop
      vertex 10.1179 31.0144 36.2581
      vertex 11.2221 30.5373 35.5768
      vertex 10.0022 30.8798 36.0659
    endloop
  endfacet
  facet normal 0.00011652 0.819266 -0.573413
    outer loop
      vertex 10.0022 30.8798 36.0659
      vertex 11.2221 30.5373 35.5768
      vertex 9.91815 30.7378 35.863
    endloop
  endfacet
  facet normal 0.000120469 0.819275 -0.573401
    outer loop
      vertex 11.2056 30.4895 35.5085
      vertex 9.91815 30.7378 35.863
      vertex 11.2221 30.5373 35.5768
    endloop
  endfacet
  facet normal 2.91088e-05 0.819119 -0.573624
    outer loop
      vertex 9.91815 30.7378 35.863
      vertex 11.2056 30.4895 35.5085
      vertex 9.86711 30.5906 35.6528
    endloop
  endfacet
  facet normal 0.000117642 0.819504 -0.573073
    outer loop
      vertex 11.2 30.4409 35.439
      vertex 9.86711 30.5906 35.6528
      vertex 11.2056 30.4895 35.5085
    endloop
  endfacet
  facet normal 0 0.81916 -0.573565
    outer loop
      vertex 11.2 30.4409 35.439
      vertex 9.85 30.4409 35.439
      vertex 9.86711 30.5906 35.6528
    endloop
  endfacet
  facet normal 5.08828e-05 0.818957 -0.573855
    outer loop
      vertex 9.86711 30.2911 35.2251
      vertex 11.2 30.4409 35.439
      vertex 11.2056 30.3922 35.3695
    endloop
  endfacet
  facet normal -7.87099e-05 0.819279 -0.573395
    outer loop
      vertex 9.91815 30.1439 35.0149
      vertex 11.2056 30.3922 35.3695
      vertex 11.2221 30.3444 35.3012
    endloop
  endfacet
  facet normal -7.08725e-05 0.819218 -0.573482
    outer loop
      vertex 10.1179 29.8673 34.6198
      vertex 11.2221 30.3444 35.3012
      vertex 11.2495 30.2982 35.2352
    endloop
  endfacet
  facet normal 0 0.819106 -0.573642
    outer loop
      vertex 11.2 30.4409 35.439
      vertex 9.86711 30.2911 35.2251
      vertex 9.85 30.4409 35.439
    endloop
  endfacet
  facet normal 0.000752599 0.818705 -0.574214
    outer loop
      vertex 10.2633 29.7425 34.4416
      vertex 11.2495 30.2982 35.2352
      vertex 11.2871 30.2544 35.1728
    endloop
  endfacet
  facet normal -0.00084607 0.819572 -0.572976
    outer loop
      vertex 10.4358 29.6297 34.2805
      vertex 11.2871 30.2544 35.1728
      vertex 11.3343 30.2139 35.1148
    endloop
  endfacet
  facet normal 0.000702086 0.818923 -0.573902
    outer loop
      vertex 10.6325 29.5308 34.1392
      vertex 11.3343 30.2139 35.1148
      vertex 11.3904 30.1772 35.0625
    endloop
  endfacet
  facet normal -0.000358415 0.819249 -0.573438
    outer loop
      vertex 10.85 29.4474 34.0202
      vertex 11.3904 30.1772 35.0625
      vertex 11.4543 30.1451 35.0166
    endloop
  endfacet
  facet normal 1.26534e-05 0.819124 -0.573617
    outer loop
      vertex 11.2056 30.3922 35.3695
      vertex 9.91815 30.1439 35.0149
      vertex 9.86711 30.2911 35.2251
    endloop
  endfacet
  facet normal 7.61321e-06 0.819139 -0.573595
    outer loop
      vertex 11.0846 29.381 33.9254
      vertex 11.4543 30.1451 35.0166
      vertex 11.525 30.118 34.9779
    endloop
  endfacet
  facet normal 0.000300164 0.819081 -0.573677
    outer loop
      vertex 11.0846 29.381 33.9254
      vertex 11.525 30.118 34.9779
      vertex 11.6013 30.0964 34.9471
    endloop
  endfacet
  facet normal 0.000155244 0.81915 -0.573579
    outer loop
      vertex 11.3324 29.3328 33.8565
      vertex 11.6013 30.0964 34.9471
      vertex 11.6818 30.0807 34.9247
    endloop
  endfacet
  facet normal -0.000217544 0.819171 -0.573549
    outer loop
      vertex 11.5889 29.3035 33.8147
      vertex 11.6818 30.0807 34.9247
      vertex 11.7652 30.0712 34.9111
    endloop
  endfacet
  facet normal -7.62122e-05 0.819274 -0.573402
    outer loop
      vertex 11.2221 30.3444 35.3012
      vertex 10.0022 30.0019 34.812
      vertex 9.91815 30.1439 35.0149
    endloop
  endfacet
  facet normal -0.000202839 0.819148 -0.573582
    outer loop
      vertex 11.85 29.2937 33.8007
      vertex 11.7652 30.0712 34.9111
      vertex 11.85 30.068 34.9065
    endloop
  endfacet
  facet normal -5.34749e-05 0.819132 -0.573605
    outer loop
      vertex 12.6154 29.381 33.9254
      vertex 12.2457 30.1451 35.0166
      vertex 12.85 29.4474 34.0202
    endloop
  endfacet
  facet normal -7.61321e-06 0.819139 -0.573595
    outer loop
      vertex 12.2457 30.1451 35.0166
      vertex 12.6154 29.381 33.9254
      vertex 12.175 30.118 34.9779
    endloop
  endfacet
  facet normal 0.000202839 0.819148 -0.573582
    outer loop
      vertex 11.9348 30.0712 34.9111
      vertex 11.85 29.2937 33.8007
      vertex 11.85 30.068 34.9065
    endloop
  endfacet
  facet normal -0.000300164 0.819081 -0.573677
    outer loop
      vertex 12.175 30.118 34.9779
      vertex 12.6154 29.381 33.9254
      vertex 12.0987 30.0964 34.9471
    endloop
  endfacet
  facet normal -8.73801e-06 0.819155 -0.573572
    outer loop
      vertex 11.7652 30.0712 34.9111
      vertex 11.85 29.2937 33.8007
      vertex 11.5889 29.3035 33.8147
    endloop
  endfacet
  facet normal 0.000127993 0.819183 -0.573532
    outer loop
      vertex 12.3676 29.3328 33.8565
      vertex 12.0987 30.0964 34.9471
      vertex 12.6154 29.381 33.9254
    endloop
  endfacet
  facet normal 8.73801e-06 0.819155 -0.573572
    outer loop
      vertex 11.85 29.2937 33.8007
      vertex 11.9348 30.0712 34.9111
      vertex 12.1111 29.3035 33.8147
    endloop
  endfacet
  facet normal -0.000155244 0.81915 -0.573579
    outer loop
      vertex 12.0987 30.0964 34.9471
      vertex 12.3676 29.3328 33.8565
      vertex 12.0182 30.0807 34.9247
    endloop
  endfacet
  facet normal -0.000102296 0.819159 -0.573567
    outer loop
      vertex 12.1111 29.3035 33.8147
      vertex 12.0182 30.0807 34.9247
      vertex 12.3676 29.3328 33.8565
    endloop
  endfacet
  facet normal 0.000217544 0.819171 -0.573549
    outer loop
      vertex 12.0182 30.0807 34.9247
      vertex 12.1111 29.3035 33.8147
      vertex 11.9348 30.0712 34.9111
    endloop
  endfacet
  facet normal 3.45327e-05 0.819178 -0.57354
    outer loop
      vertex 11.2871 30.2544 35.1728
      vertex 10.4358 29.6297 34.2805
      vertex 10.2633 29.7425 34.4416
    endloop
  endfacet
  facet normal -0.000127993 0.819183 -0.573532
    outer loop
      vertex 11.6013 30.0964 34.9471
      vertex 11.3324 29.3328 33.8565
      vertex 11.0846 29.381 33.9254
    endloop
  endfacet
  facet normal 4.37231e-05 0.819119 -0.573623
    outer loop
      vertex 11.2495 30.2982 35.2352
      vertex 10.2633 29.7425 34.4416
      vertex 10.1179 29.8673 34.6198
    endloop
  endfacet
  facet normal 5.34749e-05 0.819132 -0.573605
    outer loop
      vertex 11.4543 30.1451 35.0166
      vertex 11.0846 29.381 33.9254
      vertex 10.85 29.4474 34.0202
    endloop
  endfacet
  facet normal 5.01497e-05 0.819126 -0.573614
    outer loop
      vertex 11.2221 30.3444 35.3012
      vertex 10.1179 29.8673 34.6198
      vertex 10.0022 30.0019 34.812
    endloop
  endfacet
  facet normal -9.90413e-05 0.819194 -0.573516
    outer loop
      vertex 11.3343 30.2139 35.1148
      vertex 10.6325 29.5308 34.1392
      vertex 10.4358 29.6297 34.2805
    endloop
  endfacet
  facet normal 0.000229737 0.819106 -0.573642
    outer loop
      vertex 11.3904 30.1772 35.0625
      vertex 10.85 29.4474 34.0202
      vertex 10.6325 29.5308 34.1392
    endloop
  endfacet
  facet normal 0.000102296 0.819159 -0.573567
    outer loop
      vertex 11.6818 30.0807 34.9247
      vertex 11.5889 29.3035 33.8147
      vertex 11.3324 29.3328 33.8565
    endloop
  endfacet
  facet normal -0.555535 -0.476924 -0.681121
    outer loop
      vertex 10.6325 27.7696 35.3724
      vertex 10.85 29.4474 34.0202
      vertex 10.85 27.6862 35.2534
    endloop
  endfacet
  facet normal -0.555535 -0.476924 -0.681121
    outer loop
      vertex 10.85 29.4474 34.0202
      vertex 10.6325 27.7696 35.3724
      vertex 10.6325 29.5308 34.1392
    endloop
  endfacet
  facet normal -0.065311 -0.57235 -0.817404
    outer loop
      vertex 11.5889 27.5423 35.0479
      vertex 11.85 29.2937 33.8007
      vertex 11.85 27.5325 35.0339
    endloop
  endfacet
  facet normal -0.065311 -0.57235 -0.817404
    outer loop
      vertex 11.85 29.2937 33.8007
      vertex 11.5889 27.5423 35.0479
      vertex 11.5889 29.3035 33.8147
    endloop
  endfacet
  facet normal 0.997861 0.0374988 0.053554
    outer loop
      vertex 13.8329 28.8294 36.886
      vertex 13.85 30.4409 35.439
      vertex 13.8329 30.5906 35.6528
    endloop
  endfacet
  facet normal 0.997861 0.0374988 0.053554
    outer loop
      vertex 13.85 30.4409 35.439
      vertex 13.8329 28.8294 36.886
      vertex 13.85 28.6797 36.6722
    endloop
  endfacet
  facet normal 0.555599 0.476899 0.681085
    outer loop
      vertex 12.85 29.6731 38.091
      vertex 13.0675 31.351 36.7387
      vertex 12.85 31.4343 36.8578
    endloop
  endfacet
  facet normal 0.555599 0.476899 0.681085
    outer loop
      vertex 13.0675 31.351 36.7387
      vertex 12.85 29.6731 38.091
      vertex 13.0675 29.5898 37.9719
    endloop
  endfacet
  facet normal 0.751784 0.378221 0.540158
    outer loop
      vertex 13.2642 29.4908 37.8306
      vertex 13.4367 31.1392 36.4363
      vertex 13.2642 31.252 36.5974
    endloop
  endfacet
  facet normal 0.751784 0.378221 0.540158
    outer loop
      vertex 13.4367 31.1392 36.4363
      vertex 13.2642 29.4908 37.8306
      vertex 13.4367 29.378 37.6695
    endloop
  endfacet
  facet normal 0.946892 0.184441 0.263396
    outer loop
      vertex 13.6978 29.1187 37.2991
      vertex 13.7819 30.7378 35.863
      vertex 13.6978 30.8798 36.0659
    endloop
  endfacet
  facet normal 0.946915 0.184396 0.263346
    outer loop
      vertex 13.7819 30.7378 35.863
      vertex 13.6978 29.1187 37.2991
      vertex 13.7819 28.9766 37.0962
    endloop
  endfacet
  facet normal 0.980818 0.111806 0.159676
    outer loop
      vertex 13.7819 28.9766 37.0962
      vertex 13.8329 30.5906 35.6528
      vertex 13.7819 30.7378 35.863
    endloop
  endfacet
  facet normal 0.980818 0.111806 0.159676
    outer loop
      vertex 13.8329 30.5906 35.6528
      vertex 13.7819 28.9766 37.0962
      vertex 13.8329 28.8294 36.886
    endloop
  endfacet
  facet normal -0.659408 0.431205 0.615827
    outer loop
      vertex 10.4358 31.252 36.5974
      vertex 10.6325 29.5898 37.9719
      vertex 10.6325 31.351 36.7387
    endloop
  endfacet
  facet normal -0.659408 0.431205 0.615827
    outer loop
      vertex 10.6325 29.5898 37.9719
      vertex 10.4358 31.252 36.5974
      vertex 10.4358 29.4908 37.8306
    endloop
  endfacet
  facet normal -0.896894 0.253671 0.362261
    outer loop
      vertex 10.0022 30.8798 36.0659
      vertex 10.1179 29.2533 37.4913
      vertex 10.1179 31.0144 36.2581
    endloop
  endfacet
  facet normal -0.896894 0.253671 0.362261
    outer loop
      vertex 10.1179 29.2533 37.4913
      vertex 10.0022 30.8798 36.0659
      vertex 10.0022 29.1187 37.2991
    endloop
  endfacet
  facet normal -0.831409 0.318713 0.455171
    outer loop
      vertex 10.1179 31.0144 36.2581
      vertex 10.2633 29.378 37.6695
      vertex 10.2633 31.1392 36.4363
    endloop
  endfacet
  facet normal -0.831341 0.318783 0.455246
    outer loop
      vertex 10.2633 29.378 37.6695
      vertex 10.1179 31.0144 36.2581
      vertex 10.1179 29.2533 37.4913
    endloop
  endfacet
  facet normal 0.831409 0.318713 0.455171
    outer loop
      vertex 13.4367 29.378 37.6695
      vertex 13.5821 31.0144 36.2581
      vertex 13.4367 31.1392 36.4363
    endloop
  endfacet
  facet normal 0.831341 0.318783 0.455246
    outer loop
      vertex 13.5821 31.0144 36.2581
      vertex 13.4367 29.378 37.6695
      vertex 13.5821 29.2533 37.4913
    endloop
  endfacet
  facet normal -0.751784 0.378221 0.540158
    outer loop
      vertex 10.2633 31.1392 36.4363
      vertex 10.4358 29.4908 37.8306
      vertex 10.4358 31.252 36.5974
    endloop
  endfacet
  facet normal -0.751784 0.378221 0.540158
    outer loop
      vertex 10.4358 29.4908 37.8306
      vertex 10.2633 31.1392 36.4363
      vertex 10.2633 29.378 37.6695
    endloop
  endfacet
  facet normal -0.94695 0.184343 0.263255
    outer loop
      vertex 9.91815 30.7378 35.863
      vertex 10.0022 29.1187 37.2991
      vertex 10.0022 30.8798 36.0659
    endloop
  endfacet
  facet normal -0.946973 0.184298 0.263205
    outer loop
      vertex 10.0022 29.1187 37.2991
      vertex 9.91815 30.7378 35.863
      vertex 9.91815 28.9766 37.0962
    endloop
  endfacet
  facet normal 0.321334 0.543126 0.775731
    outer loop
      vertex 12.3676 29.7877 38.2546
      vertex 12.6154 31.5007 36.9526
      vertex 12.3676 31.5489 37.0215
    endloop
  endfacet
  facet normal 0.321053 0.54321 0.775788
    outer loop
      vertex 12.6154 31.5007 36.9526
      vertex 12.3676 29.7877 38.2546
      vertex 12.6154 29.7395 38.1858
    endloop
  endfacet
  facet normal 0.896894 0.253671 0.362261
    outer loop
      vertex 13.5821 29.2533 37.4913
      vertex 13.6978 30.8798 36.0659
      vertex 13.5821 31.0144 36.2581
    endloop
  endfacet
  facet normal 0.896894 0.253671 0.362261
    outer loop
      vertex 13.6978 30.8798 36.0659
      vertex 13.5821 29.2533 37.4913
      vertex 13.6978 29.1187 37.2991
    endloop
  endfacet
  facet normal 0.659408 0.431205 0.615827
    outer loop
      vertex 13.0675 29.5898 37.9719
      vertex 13.2642 31.252 36.5974
      vertex 13.0675 31.351 36.7387
    endloop
  endfacet
  facet normal 0.659408 0.431205 0.615827
    outer loop
      vertex 13.2642 31.252 36.5974
      vertex 13.0675 29.5898 37.9719
      vertex 13.2642 29.4908 37.8306
    endloop
  endfacet
  facet normal -0.065311 0.57235 0.817404
    outer loop
      vertex 11.5889 31.5782 37.0633
      vertex 11.85 29.8268 38.3105
      vertex 11.85 31.588 37.0773
    endloop
  endfacet
  facet normal -0.065311 0.57235 0.817404
    outer loop
      vertex 11.85 29.8268 38.3105
      vertex 11.5889 31.5782 37.0633
      vertex 11.5889 29.817 38.2965
    endloop
  endfacet
  facet normal -0.555599 0.476899 0.681085
    outer loop
      vertex 10.6325 31.351 36.7387
      vertex 10.85 29.6731 38.091
      vertex 10.85 31.4343 36.8578
    endloop
  endfacet
  facet normal -0.555599 0.476899 0.681085
    outer loop
      vertex 10.85 29.6731 38.091
      vertex 10.6325 31.351 36.7387
      vertex 10.6325 29.5898 37.9719
    endloop
  endfacet
  facet normal -0.980788 0.11189 0.159796
    outer loop
      vertex 9.86711 30.5906 35.6528
      vertex 9.91815 28.9766 37.0962
      vertex 9.91815 30.7378 35.863
    endloop
  endfacet
  facet normal -0.980788 0.11189 0.159796
    outer loop
      vertex 9.91815 28.9766 37.0962
      vertex 9.86711 30.5906 35.6528
      vertex 9.86711 28.8294 36.886
    endloop
  endfacet
  facet normal -0.997858 0.0375206 0.0535852
    outer loop
      vertex 9.85 30.4409 35.439
      vertex 9.86711 28.8294 36.886
      vertex 9.86711 30.5906 35.6528
    endloop
  endfacet
  facet normal -0.997858 0.0375206 0.0535852
    outer loop
      vertex 9.86711 28.8294 36.886
      vertex 9.85 30.4409 35.439
      vertex 9.85 28.6797 36.6722
    endloop
  endfacet
  facet normal -0.195183 0.562543 0.803398
    outer loop
      vertex 11.3324 31.5489 37.0215
      vertex 11.5889 29.817 38.2965
      vertex 11.5889 31.5782 37.0633
    endloop
  endfacet
  facet normal -0.195485 0.562478 0.803371
    outer loop
      vertex 11.5889 29.817 38.2965
      vertex 11.3324 31.5489 37.0215
      vertex 11.3324 29.7877 38.2546
    endloop
  endfacet
  facet normal -0.321334 0.543126 0.775731
    outer loop
      vertex 11.0846 31.5007 36.9526
      vertex 11.3324 29.7877 38.2546
      vertex 11.3324 31.5489 37.0215
    endloop
  endfacet
  facet normal -0.321053 0.54321 0.775788
    outer loop
      vertex 11.3324 29.7877 38.2546
      vertex 11.0846 31.5007 36.9526
      vertex 11.0846 29.7395 38.1858
    endloop
  endfacet
  facet normal -0.44244 0.514381 0.734615
    outer loop
      vertex 10.85 31.4343 36.8578
      vertex 11.0846 29.7395 38.1858
      vertex 11.0846 31.5007 36.9526
    endloop
  endfacet
  facet normal -0.44244 0.514381 0.734615
    outer loop
      vertex 11.0846 29.7395 38.1858
      vertex 10.85 31.4343 36.8578
      vertex 10.85 29.6731 38.091
    endloop
  endfacet
  facet normal 0 0.573576 0.819152
    outer loop
      vertex -12.2636 10.5951 7.09632
      vertex -13.7854 10.5951 7.09632
      vertex -12.2636 9.28446 8.01404
    endloop
  endfacet
  facet normal 0 0.573576 0.819152
    outer loop
      vertex -11.4364 9.28446 8.01404
      vertex -9.91464 10.5951 7.09632
      vertex -11.4364 10.5951 7.09632
    endloop
  endfacet
  facet normal 1.80245e-06 0.573575 0.819153
    outer loop
      vertex -9.91464 10.5951 7.09632
      vertex -11.4364 9.28446 8.01404
      vertex -9.91464 8.83393 8.3295
    endloop
  endfacet
  facet normal -0 0.573571 0.819156
    outer loop
      vertex -12.2636 9.28446 8.01404
      vertex -9.91464 8.83393 8.3295
      vertex -11.4364 9.28446 8.01404
    endloop
  endfacet
  facet normal 0 0.573571 0.819156
    outer loop
      vertex -12.2636 9.28446 8.01404
      vertex -13.7854 8.83393 8.3295
      vertex -9.91464 8.83393 8.3295
    endloop
  endfacet
  facet normal -1.8024e-06 0.573575 0.819153
    outer loop
      vertex -13.7854 8.83393 8.3295
      vertex -12.2636 9.28446 8.01404
      vertex -13.7854 10.5951 7.09632
    endloop
  endfacet
  facet normal 0 0.573576 0.819152
    outer loop
      vertex 11.4364 10.5951 7.09632
      vertex 9.91464 10.5951 7.09632
      vertex 11.4364 9.28446 8.01404
    endloop
  endfacet
  facet normal 0 0.573576 0.819152
    outer loop
      vertex 12.2636 9.28446 8.01404
      vertex 13.7854 10.5951 7.09632
      vertex 12.2636 10.5951 7.09632
    endloop
  endfacet
  facet normal 1.8024e-06 0.573575 0.819153
    outer loop
      vertex 13.7854 10.5951 7.09632
      vertex 12.2636 9.28446 8.01404
      vertex 13.7854 8.83393 8.3295
    endloop
  endfacet
  facet normal -0 0.573571 0.819156
    outer loop
      vertex 11.4364 9.28446 8.01404
      vertex 13.7854 8.83393 8.3295
      vertex 12.2636 9.28446 8.01404
    endloop
  endfacet
  facet normal 0 0.573571 0.819156
    outer loop
      vertex 11.4364 9.28446 8.01404
      vertex 9.91464 8.83393 8.3295
      vertex 13.7854 8.83393 8.3295
    endloop
  endfacet
  facet normal -1.80245e-06 0.573575 0.819153
    outer loop
      vertex 9.91464 8.83393 8.3295
      vertex 11.4364 9.28446 8.01404
      vertex 9.91464 10.5951 7.09632
    endloop
  endfacet
  facet normal -0.55531 0.477018 0.681237
    outer loop
      vertex -11.525 9.98545 6.22563
      vertex -11.4543 8.70189 7.18204
      vertex -11.4543 10.0125 6.26432
    endloop
  endfacet
  facet normal -0.555497 0.476937 0.681142
    outer loop
      vertex -11.4543 8.70189 7.18204
      vertex -11.525 9.98545 6.22563
      vertex -11.525 8.6748 7.14335
    endloop
  endfacet
  facet normal 0.321528 0.543117 0.775657
    outer loop
      vertex -12.0987 8.65323 7.11254
      vertex -12.0182 9.9482 6.17243
      vertex -12.0987 9.96388 6.19482
    endloop
  endfacet
  facet normal 0.321381 0.543152 0.775693
    outer loop
      vertex -12.0182 9.9482 6.17243
      vertex -12.0987 8.65323 7.11254
      vertex -12.0182 8.63756 7.09016
    endloop
  endfacet
  facet normal 0.896855 0.253712 0.362327
    outer loop
      vertex -12.4505 8.855 7.4007
      vertex -12.4129 10.1219 6.42051
      vertex -12.4505 10.1656 6.48298
    endloop
  endfacet
  facet normal 0.896889 0.253669 0.362273
    outer loop
      vertex -12.4129 10.1219 6.42051
      vertex -12.4505 8.855 7.4007
      vertex -12.4129 8.81126 7.33824
    endloop
  endfacet
  facet normal 0.946692 -0.18477 -0.263881
    outer loop
      vertex -12.4505 9.14035 7.80822
      vertex -12.4779 10.4048 6.82455
      vertex -12.4505 10.451 6.8905
    endloop
  endfacet
  facet normal 0.946678 -0.184796 -0.263914
    outer loop
      vertex -12.4779 10.4048 6.82455
      vertex -12.4505 9.14035 7.80822
      vertex -12.4779 9.09417 7.74227
    endloop
  endfacet
  facet normal -0.896855 0.253712 0.362327
    outer loop
      vertex -11.2871 10.1219 6.42051
      vertex -11.2495 8.855 7.4007
      vertex -11.2495 10.1656 6.48298
    endloop
  endfacet
  facet normal -0.896889 0.253669 0.362273
    outer loop
      vertex -11.2495 8.855 7.4007
      vertex -11.2871 10.1219 6.42051
      vertex -11.2871 8.81126 7.33824
    endloop
  endfacet
  facet normal -0.831568 0.31858 0.454974
    outer loop
      vertex -11.3343 10.0814 6.3626
      vertex -11.2871 8.81126 7.33824
      vertex -11.2871 10.1219 6.42051
    endloop
  endfacet
  facet normal -0.831651 0.318502 0.454876
    outer loop
      vertex -11.2871 8.81126 7.33824
      vertex -11.3343 10.0814 6.3626
      vertex -11.3343 8.77072 7.28033
    endloop
  endfacet
  facet normal -0.65965 0.431082 0.615654
    outer loop
      vertex -11.4543 10.0125 6.26432
      vertex -11.3904 8.73405 7.22796
      vertex -11.3904 10.0447 6.31024
    endloop
  endfacet
  facet normal -0.659498 0.431168 0.615757
    outer loop
      vertex -11.3904 8.73405 7.22796
      vertex -11.4543 10.0125 6.26432
      vertex -11.4543 8.70189 7.18204
    endloop
  endfacet
  facet normal -0.321528 0.543117 0.775657
    outer loop
      vertex -11.6818 9.9482 6.17243
      vertex -11.6013 8.65323 7.11254
      vertex -11.6013 9.96388 6.19482
    endloop
  endfacet
  facet normal -0.321381 0.543152 0.775693
    outer loop
      vertex -11.6013 8.65323 7.11254
      vertex -11.6818 9.9482 6.17243
      vertex -11.6818 8.63756 7.09016
    endloop
  endfacet
  facet normal -0.0654846 0.572342 0.817396
    outer loop
      vertex -11.85 9.9355 6.15429
      vertex -11.7652 8.62804 7.07657
      vertex -11.7652 9.93869 6.15885
    endloop
  endfacet
  facet normal -0.0654846 0.572342 0.817396
    outer loop
      vertex -11.7652 8.62804 7.07657
      vertex -11.85 9.9355 6.15429
      vertex -11.85 8.62485 7.07201
    endloop
  endfacet
  facet normal 0.997827 0.0377927 0.0539727
    outer loop
      vertex -12.5 8.99768 7.60446
      vertex -12.4944 10.2597 6.61724
      vertex -12.5 10.3083 6.68674
    endloop
  endfacet
  facet normal 0.997829 0.0377735 0.0539483
    outer loop
      vertex -12.4944 10.2597 6.61724
      vertex -12.5 8.99768 7.60446
      vertex -12.4944 8.94901 7.53496
    endloop
  endfacet
  facet normal 0.751693 0.378276 0.540245
    outer loop
      vertex -12.3657 8.77072 7.28033
      vertex -12.3096 10.0447 6.31024
      vertex -12.3657 10.0814 6.3626
    endloop
  endfacet
  facet normal 0.751647 0.378309 0.540286
    outer loop
      vertex -12.3096 10.0447 6.31024
      vertex -12.3657 8.77072 7.28033
      vertex -12.3096 8.73405 7.22796
    endloop
  endfacet
  facet normal 0.194972 0.562573 0.803429
    outer loop
      vertex -12.0182 8.63756 7.09016
      vertex -11.9348 9.93869 6.15885
      vertex -12.0182 9.9482 6.17243
    endloop
  endfacet
  facet normal 0.195129 0.562548 0.803408
    outer loop
      vertex -11.9348 9.93869 6.15885
      vertex -12.0182 8.63756 7.09016
      vertex -11.9348 8.62804 7.07657
    endloop
  endfacet
  facet normal 0.65965 0.431082 0.615654
    outer loop
      vertex -12.3096 8.73405 7.22796
      vertex -12.2457 10.0125 6.26432
      vertex -12.3096 10.0447 6.31024
    endloop
  endfacet
  facet normal 0.659498 0.431168 0.615757
    outer loop
      vertex -12.2457 10.0125 6.26432
      vertex -12.3096 8.73405 7.22796
      vertex -12.2457 8.70189 7.18204
    endloop
  endfacet
  facet normal -0.997827 0.0377927 0.0539727
    outer loop
      vertex -11.2056 10.2597 6.61724
      vertex -11.2 8.99768 7.60446
      vertex -11.2 10.3083 6.68674
    endloop
  endfacet
  facet normal -0.997829 0.0377735 0.0539483
    outer loop
      vertex -11.2 8.99768 7.60446
      vertex -11.2056 10.2597 6.61724
      vertex -11.2056 8.94901 7.53496
    endloop
  endfacet
  facet normal -0.946692 -0.18477 -0.263881
    outer loop
      vertex -11.2221 10.4048 6.82455
      vertex -11.2495 9.14035 7.80822
      vertex -11.2495 10.451 6.8905
    endloop
  endfacet
  facet normal -0.946678 -0.184796 -0.263914
    outer loop
      vertex -11.2495 9.14035 7.80822
      vertex -11.2221 10.4048 6.82455
      vertex -11.2221 9.09417 7.74227
    endloop
  endfacet
  facet normal 0.659933 -0.430942 -0.615449
    outer loop
      vertex -12.2636 9.28446 8.01404
      vertex -12.3096 10.5719 7.06324
      vertex -12.2636 10.5951 7.09632
    endloop
  endfacet
  facet normal 0.659721 -0.431057 -0.615595
    outer loop
      vertex -12.3096 10.5719 7.06324
      vertex -12.2636 9.28446 8.01404
      vertex -12.3096 9.2613 7.98096
    endloop
  endfacet
  facet normal 0.896837 -0.253734 -0.362358
    outer loop
      vertex -12.4129 9.18409 7.87069
      vertex -12.4505 10.451 6.8905
      vertex -12.4129 10.4947 6.95296
    endloop
  endfacet
  facet normal 0.896908 -0.253644 -0.362244
    outer loop
      vertex -12.4505 10.451 6.8905
      vertex -12.4129 9.18409 7.87069
      vertex -12.4505 9.14035 7.80822
    endloop
  endfacet
  facet normal 0.99783 -0.0377665 -0.053937
    outer loop
      vertex -12.4944 9.04634 7.67396
      vertex -12.5 10.3083 6.68674
      vertex -12.4944 10.357 6.75624
    endloop
  endfacet
  facet normal 0.997829 -0.0377774 -0.0539509
    outer loop
      vertex -12.5 10.3083 6.68674
      vertex -12.4944 9.04634 7.67396
      vertex -12.5 8.99768 7.60446
    endloop
  endfacet
  facet normal -4.61156e-05 0.819155 -0.573572
    outer loop
      vertex -11.3904 8.73405 7.22796
      vertex -11.4364 9.28446 8.01404
      vertex -11.3904 9.2613 7.98096
    endloop
  endfacet
  facet normal 0 0.819155 -0.573573
    outer loop
      vertex -11.4364 9.28446 8.01404
      vertex -11.85 8.62485 7.07201
      vertex -12.2636 9.28446 8.01404
    endloop
  endfacet
  facet normal -3.54862e-05 0.819155 -0.573572
    outer loop
      vertex -11.3904 8.73405 7.22796
      vertex -11.3904 9.2613 7.98096
      vertex -11.3343 9.22464 7.9286
    endloop
  endfacet
  facet normal -2.88379e-05 0.819149 -0.573581
    outer loop
      vertex -11.9348 8.62804 7.07657
      vertex -12.2636 9.28446 8.01404
      vertex -11.85 8.62485 7.07201
    endloop
  endfacet
  facet normal 2.25226e-05 0.819154 -0.573573
    outer loop
      vertex -11.3343 8.77072 7.28033
      vertex -11.3343 9.22464 7.9286
      vertex -11.2871 9.18409 7.87069
    endloop
  endfacet
  facet normal 4.4078e-05 0.819161 -0.573564
    outer loop
      vertex -12.0182 8.63756 7.09016
      vertex -12.2636 9.28446 8.01404
      vertex -11.9348 8.62804 7.07657
    endloop
  endfacet
  facet normal -5.43e-05 0.819149 -0.573581
    outer loop
      vertex -11.2871 8.81126 7.33824
      vertex -11.2871 9.18409 7.87069
      vertex -11.2495 9.14035 7.80822
    endloop
  endfacet
  facet normal -5.02337e-06 0.819155 -0.573573
    outer loop
      vertex -12.0987 8.65323 7.11254
      vertex -12.2636 9.28446 8.01404
      vertex -12.0182 8.63756 7.09016
    endloop
  endfacet
  facet normal 1.01825e-05 0.819146 -0.573585
    outer loop
      vertex -11.2871 8.81126 7.33824
      vertex -11.2495 9.14035 7.80822
      vertex -11.2221 9.09417 7.74227
    endloop
  endfacet
  facet normal -3.65356e-05 0.819152 -0.573577
    outer loop
      vertex -12.175 8.6748 7.14335
      vertex -12.2636 9.28446 8.01404
      vertex -12.0987 8.65323 7.11254
    endloop
  endfacet
  facet normal -6.10087e-05 0.819152 -0.573577
    outer loop
      vertex -11.2871 8.81126 7.33824
      vertex -11.2221 9.09417 7.74227
      vertex -11.2056 9.04634 7.67396
    endloop
  endfacet
  facet normal -1.06153e-05 0.819153 -0.573575
    outer loop
      vertex -12.2457 8.70189 7.18204
      vertex -12.2636 9.28446 8.01404
      vertex -12.175 8.6748 7.14335
    endloop
  endfacet
  facet normal -0.000208997 0.819169 -0.573553
    outer loop
      vertex -11.2871 8.81126 7.33824
      vertex -11.2056 9.04634 7.67396
      vertex -11.2 8.99768 7.60446
    endloop
  endfacet
  facet normal 8.61615e-05 0.819154 -0.573573
    outer loop
      vertex -12.3096 8.73405 7.22796
      vertex -12.2636 9.28446 8.01404
      vertex -12.2457 8.70189 7.18204
    endloop
  endfacet
  facet normal 0.000132384 0.819116 -0.573628
    outer loop
      vertex -11.2871 8.81126 7.33824
      vertex -11.2 8.99768 7.60446
      vertex -11.2056 8.94901 7.53496
    endloop
  endfacet
  facet normal 2.88379e-05 0.819149 -0.573581
    outer loop
      vertex -11.4364 9.28446 8.01404
      vertex -11.7652 8.62804 7.07657
      vertex -11.85 8.62485 7.07201
    endloop
  endfacet
  facet normal -0.000206402 0.819182 -0.573533
    outer loop
      vertex -11.2871 8.81126 7.33824
      vertex -11.2056 8.94901 7.53496
      vertex -11.2221 8.90118 7.46665
    endloop
  endfacet
  facet normal 4.61156e-05 0.819155 -0.573572
    outer loop
      vertex -12.2636 9.28446 8.01404
      vertex -12.3096 8.73405 7.22796
      vertex -12.3096 9.2613 7.98096
    endloop
  endfacet
  facet normal -0.000266769 0.819196 -0.573513
    outer loop
      vertex -11.2871 8.81126 7.33824
      vertex -11.2221 8.90118 7.46665
      vertex -11.2495 8.855 7.4007
    endloop
  endfacet
  facet normal 3.54862e-05 0.819155 -0.573572
    outer loop
      vertex -12.3096 9.2613 7.98096
      vertex -12.3096 8.73405 7.22796
      vertex -12.3657 9.22464 7.9286
    endloop
  endfacet
  facet normal 0.000165002 0.819149 -0.573581
    outer loop
      vertex -11.2871 9.18409 7.87069
      vertex -11.2871 8.81126 7.33824
      vertex -11.3343 8.77072 7.28033
    endloop
  endfacet
  facet normal 6.09276e-06 0.819154 -0.573573
    outer loop
      vertex -12.3657 8.77072 7.28033
      vertex -12.3657 9.22464 7.9286
      vertex -12.3096 8.73405 7.22796
    endloop
  endfacet
  facet normal -6.09276e-06 0.819154 -0.573573
    outer loop
      vertex -11.3343 9.22464 7.9286
      vertex -11.3343 8.77072 7.28033
      vertex -11.3904 8.73405 7.22796
    endloop
  endfacet
  facet normal -2.25226e-05 0.819154 -0.573573
    outer loop
      vertex -12.3657 9.22464 7.9286
      vertex -12.3657 8.77072 7.28033
      vertex -12.4129 9.18409 7.87069
    endloop
  endfacet
  facet normal -8.61615e-05 0.819154 -0.573573
    outer loop
      vertex -11.4364 9.28446 8.01404
      vertex -11.3904 8.73405 7.22796
      vertex -11.4543 8.70189 7.18204
    endloop
  endfacet
  facet normal -4.4078e-05 0.819161 -0.573564
    outer loop
      vertex -11.4364 9.28446 8.01404
      vertex -11.6818 8.63756 7.09016
      vertex -11.7652 8.62804 7.07657
    endloop
  endfacet
  facet normal 1.06153e-05 0.819153 -0.573575
    outer loop
      vertex -11.4364 9.28446 8.01404
      vertex -11.4543 8.70189 7.18204
      vertex -11.525 8.6748 7.14335
    endloop
  endfacet
  facet normal 3.65356e-05 0.819152 -0.573577
    outer loop
      vertex -11.4364 9.28446 8.01404
      vertex -11.525 8.6748 7.14335
      vertex -11.6013 8.65323 7.11254
    endloop
  endfacet
  facet normal 5.02337e-06 0.819155 -0.573573
    outer loop
      vertex -11.4364 9.28446 8.01404
      vertex -11.6013 8.65323 7.11254
      vertex -11.6818 8.63756 7.09016
    endloop
  endfacet
  facet normal -0.000132384 0.819116 -0.573628
    outer loop
      vertex -12.5 8.99768 7.60446
      vertex -12.4129 8.81126 7.33824
      vertex -12.4944 8.94901 7.53496
    endloop
  endfacet
  facet normal 5.43e-05 0.819149 -0.573581
    outer loop
      vertex -12.4129 9.18409 7.87069
      vertex -12.4129 8.81126 7.33824
      vertex -12.4505 9.14035 7.80822
    endloop
  endfacet
  facet normal 0.000206402 0.819182 -0.573533
    outer loop
      vertex -12.4944 8.94901 7.53496
      vertex -12.4129 8.81126 7.33824
      vertex -12.4779 8.90118 7.46665
    endloop
  endfacet
  facet normal -1.01825e-05 0.819146 -0.573585
    outer loop
      vertex -12.4505 9.14035 7.80822
      vertex -12.4129 8.81126 7.33824
      vertex -12.4779 9.09417 7.74227
    endloop
  endfacet
  facet normal 0.000266769 0.819196 -0.573513
    outer loop
      vertex -12.4779 8.90118 7.46665
      vertex -12.4129 8.81126 7.33824
      vertex -12.4505 8.855 7.4007
    endloop
  endfacet
  facet normal 0.000208997 0.819169 -0.573553
    outer loop
      vertex -12.4944 9.04634 7.67396
      vertex -12.4129 8.81126 7.33824
      vertex -12.5 8.99768 7.60446
    endloop
  endfacet
  facet normal 6.10087e-05 0.819152 -0.573577
    outer loop
      vertex -12.4779 9.09417 7.74227
      vertex -12.4129 8.81126 7.33824
      vertex -12.4944 9.04634 7.67396
    endloop
  endfacet
  facet normal -0.000165002 0.819149 -0.573581
    outer loop
      vertex -12.4129 8.81126 7.33824
      vertex -12.4129 9.18409 7.87069
      vertex -12.3657 8.77072 7.28033
    endloop
  endfacet
  facet normal -0.980999 0.111278 0.158927
    outer loop
      vertex -11.2221 10.2118 6.54893
      vertex -11.2056 8.94901 7.53496
      vertex -11.2056 10.2597 6.61724
    endloop
  endfacet
  facet normal -0.980981 0.111333 0.158998
    outer loop
      vertex -11.2056 8.94901 7.53496
      vertex -11.2221 10.2118 6.54893
      vertex -11.2221 8.90118 7.46665
    endloop
  endfacet
  facet normal -0.946692 0.184773 0.263879
    outer loop
      vertex -11.2495 10.1656 6.48298
      vertex -11.2221 8.90118 7.46665
      vertex -11.2221 10.2118 6.54893
    endloop
  endfacet
  facet normal -0.946678 0.184799 0.263912
    outer loop
      vertex -11.2221 8.90118 7.46665
      vertex -11.2495 10.1656 6.48298
      vertex -11.2495 8.855 7.4007
    endloop
  endfacet
  facet normal -0.751693 0.378276 0.540245
    outer loop
      vertex -11.3904 10.0447 6.31024
      vertex -11.3343 8.77072 7.28033
      vertex -11.3343 10.0814 6.3626
    endloop
  endfacet
  facet normal -0.751647 0.378309 0.540286
    outer loop
      vertex -11.3343 8.77072 7.28033
      vertex -11.3904 10.0447 6.31024
      vertex -11.3904 8.73405 7.22796
    endloop
  endfacet
  facet normal -0.442129 0.514468 0.734741
    outer loop
      vertex -11.6013 9.96388 6.19482
      vertex -11.525 8.6748 7.14335
      vertex -11.525 9.98545 6.22563
    endloop
  endfacet
  facet normal -0.442129 0.514468 0.734741
    outer loop
      vertex -11.525 8.6748 7.14335
      vertex -11.6013 9.96388 6.19482
      vertex -11.6013 8.65323 7.11254
    endloop
  endfacet
  facet normal -0.194972 0.562573 0.803429
    outer loop
      vertex -11.7652 9.93869 6.15885
      vertex -11.6818 8.63756 7.09016
      vertex -11.6818 9.9482 6.17243
    endloop
  endfacet
  facet normal -0.195129 0.562548 0.803408
    outer loop
      vertex -11.6818 8.63756 7.09016
      vertex -11.7652 9.93869 6.15885
      vertex -11.7652 8.62804 7.07657
    endloop
  endfacet
  facet normal 0.946692 0.184773 0.263879
    outer loop
      vertex -12.4779 8.90118 7.46665
      vertex -12.4505 10.1656 6.48298
      vertex -12.4779 10.2118 6.54893
    endloop
  endfacet
  facet normal 0.946678 0.184799 0.263912
    outer loop
      vertex -12.4505 10.1656 6.48298
      vertex -12.4779 8.90118 7.46665
      vertex -12.4505 8.855 7.4007
    endloop
  endfacet
  facet normal 0.980999 0.111278 0.158927
    outer loop
      vertex -12.4944 8.94901 7.53496
      vertex -12.4779 10.2118 6.54893
      vertex -12.4944 10.2597 6.61724
    endloop
  endfacet
  facet normal 0.980981 0.111333 0.158998
    outer loop
      vertex -12.4779 10.2118 6.54893
      vertex -12.4944 8.94901 7.53496
      vertex -12.4779 8.90118 7.46665
    endloop
  endfacet
  facet normal 0.831568 0.31858 0.454974
    outer loop
      vertex -12.4129 8.81126 7.33824
      vertex -12.3657 10.0814 6.3626
      vertex -12.4129 10.1219 6.42051
    endloop
  endfacet
  facet normal 0.831651 0.318502 0.454876
    outer loop
      vertex -12.3657 10.0814 6.3626
      vertex -12.4129 8.81126 7.33824
      vertex -12.3657 8.77072 7.28033
    endloop
  endfacet
  facet normal 0.0654846 0.572342 0.817396
    outer loop
      vertex -11.9348 8.62804 7.07657
      vertex -11.85 9.9355 6.15429
      vertex -11.9348 9.93869 6.15885
    endloop
  endfacet
  facet normal 0.0654846 0.572342 0.817396
    outer loop
      vertex -11.85 9.9355 6.15429
      vertex -11.9348 8.62804 7.07657
      vertex -11.85 8.62485 7.07201
    endloop
  endfacet
  facet normal 0.55531 0.477018 0.681237
    outer loop
      vertex -12.2457 8.70189 7.18204
      vertex -12.175 9.98545 6.22563
      vertex -12.2457 10.0125 6.26432
    endloop
  endfacet
  facet normal 0.555497 0.476937 0.681142
    outer loop
      vertex -12.175 9.98545 6.22563
      vertex -12.2457 8.70189 7.18204
      vertex -12.175 8.6748 7.14335
    endloop
  endfacet
  facet normal 0.442129 0.514468 0.734741
    outer loop
      vertex -12.175 8.6748 7.14335
      vertex -12.0987 9.96388 6.19482
      vertex -12.175 9.98545 6.22563
    endloop
  endfacet
  facet normal 0.442129 0.514468 0.734741
    outer loop
      vertex -12.0987 9.96388 6.19482
      vertex -12.175 8.6748 7.14335
      vertex -12.0987 8.65323 7.11254
    endloop
  endfacet
  facet normal -0.99783 -0.0377665 -0.053937
    outer loop
      vertex -11.2 10.3083 6.68674
      vertex -11.2056 9.04634 7.67396
      vertex -11.2056 10.357 6.75624
    endloop
  endfacet
  facet normal -0.997829 -0.0377774 -0.0539509
    outer loop
      vertex -11.2056 9.04634 7.67396
      vertex -11.2 10.3083 6.68674
      vertex -11.2 8.99768 7.60446
    endloop
  endfacet
  facet normal -0.659933 -0.430942 -0.615449
    outer loop
      vertex -11.3904 10.5719 7.06324
      vertex -11.4364 9.28446 8.01404
      vertex -11.4364 10.5951 7.09632
    endloop
  endfacet
  facet normal -0.659721 -0.431057 -0.615595
    outer loop
      vertex -11.4364 9.28446 8.01404
      vertex -11.3904 10.5719 7.06324
      vertex -11.3904 9.2613 7.98096
    endloop
  endfacet
  facet normal 0.980974 -0.111355 -0.15903
    outer loop
      vertex -12.4779 9.09417 7.74227
      vertex -12.4944 10.357 6.75624
      vertex -12.4779 10.4048 6.82455
    endloop
  endfacet
  facet normal 0.980981 -0.111331 -0.158999
    outer loop
      vertex -12.4944 10.357 6.75624
      vertex -12.4779 9.09417 7.74227
      vertex -12.4944 9.04634 7.67396
    endloop
  endfacet
  facet normal 0.831776 -0.318398 -0.454721
    outer loop
      vertex -12.3657 9.22464 7.9286
      vertex -12.4129 10.4947 6.95296
      vertex -12.3657 10.5353 7.01087
    endloop
  endfacet
  facet normal 0.831672 -0.318495 -0.454843
    outer loop
      vertex -12.4129 10.4947 6.95296
      vertex -12.3657 9.22464 7.9286
      vertex -12.4129 9.18409 7.87069
    endloop
  endfacet
  facet normal -0.980974 -0.111355 -0.15903
    outer loop
      vertex -11.2056 10.357 6.75624
      vertex -11.2221 9.09417 7.74227
      vertex -11.2221 10.4048 6.82455
    endloop
  endfacet
  facet normal -0.980981 -0.111331 -0.158999
    outer loop
      vertex -11.2221 9.09417 7.74227
      vertex -11.2056 10.357 6.75624
      vertex -11.2056 9.04634 7.67396
    endloop
  endfacet
  facet normal -0.896837 -0.253734 -0.362358
    outer loop
      vertex -11.2495 10.451 6.8905
      vertex -11.2871 9.18409 7.87069
      vertex -11.2871 10.4947 6.95296
    endloop
  endfacet
  facet normal -0.896908 -0.253644 -0.362244
    outer loop
      vertex -11.2871 9.18409 7.87069
      vertex -11.2495 10.451 6.8905
      vertex -11.2495 9.14035 7.80822
    endloop
  endfacet
  facet normal -0.831776 -0.318398 -0.454721
    outer loop
      vertex -11.2871 10.4947 6.95296
      vertex -11.3343 9.22464 7.9286
      vertex -11.3343 10.5353 7.01087
    endloop
  endfacet
  facet normal -0.831672 -0.318495 -0.454843
    outer loop
      vertex -11.3343 9.22464 7.9286
      vertex -11.2871 10.4947 6.95296
      vertex -11.2871 9.18409 7.87069
    endloop
  endfacet
  facet normal -0.751441 -0.378453 -0.540471
    outer loop
      vertex -11.3343 10.5353 7.01087
      vertex -11.3904 9.2613 7.98096
      vertex -11.3904 10.5719 7.06324
    endloop
  endfacet
  facet normal -0.751576 -0.378357 -0.540352
    outer loop
      vertex -11.3904 9.2613 7.98096
      vertex -11.3343 10.5353 7.01087
      vertex -11.3343 9.22464 7.9286
    endloop
  endfacet
  facet normal 0.751441 -0.378453 -0.540471
    outer loop
      vertex -12.3096 9.2613 7.98096
      vertex -12.3657 10.5353 7.01087
      vertex -12.3096 10.5719 7.06324
    endloop
  endfacet
  facet normal 0.751576 -0.378357 -0.540352
    outer loop
      vertex -12.3657 10.5353 7.01087
      vertex -12.3096 9.2613 7.98096
      vertex -12.3657 9.22464 7.9286
    endloop
  endfacet
  facet normal -0.65916 0.431334 0.616003
    outer loop
      vertex -11.4543 30.1451 35.0166
      vertex -11.3904 28.8666 35.9802
      vertex -11.3904 30.1772 35.0625
    endloop
  endfacet
  facet normal -0.659542 0.43112 0.615744
    outer loop
      vertex -11.3904 28.8666 35.9802
      vertex -11.4543 30.1451 35.0166
      vertex -11.4543 28.8344 35.9343
    endloop
  endfacet
  facet normal 0.321736 0.543082 0.775595
    outer loop
      vertex -12.0987 28.7858 35.8648
      vertex -12.0182 30.0807 34.9247
      vertex -12.0987 30.0964 34.9471
    endloop
  endfacet
  facet normal 0.321736 0.543082 0.775595
    outer loop
      vertex -12.0182 30.0807 34.9247
      vertex -12.0987 28.7858 35.8648
      vertex -12.0182 28.7701 35.8424
    endloop
  endfacet
  facet normal 0.896855 0.253695 0.362339
    outer loop
      vertex -12.4505 28.9875 36.1529
      vertex -12.4129 30.2544 35.1728
      vertex -12.4505 30.2982 35.2352
    endloop
  endfacet
  facet normal 0.896723 0.253862 0.362549
    outer loop
      vertex -12.4129 30.2544 35.1728
      vertex -12.4505 28.9875 36.1529
      vertex -12.4129 28.9438 36.0905
    endloop
  endfacet
  facet normal -0.946742 0.184679 0.263766
    outer loop
      vertex -11.2495 30.2982 35.2352
      vertex -11.2221 29.0337 36.2189
      vertex -11.2221 30.3444 35.3012
    endloop
  endfacet
  facet normal -0.946742 0.184679 0.263766
    outer loop
      vertex -11.2221 29.0337 36.2189
      vertex -11.2495 30.2982 35.2352
      vertex -11.2495 28.9875 36.1529
    endloop
  endfacet
  facet normal -0.896855 0.253695 0.362339
    outer loop
      vertex -11.2871 30.2544 35.1728
      vertex -11.2495 28.9875 36.1529
      vertex -11.2495 30.2982 35.2352
    endloop
  endfacet
  facet normal -0.896723 0.253862 0.362549
    outer loop
      vertex -11.2495 28.9875 36.1529
      vertex -11.2871 30.2544 35.1728
      vertex -11.2871 28.9438 36.0905
    endloop
  endfacet
  facet normal -0.442214 0.514423 0.734722
    outer loop
      vertex -11.6013 30.0964 34.9471
      vertex -11.525 28.8073 35.8956
      vertex -11.525 30.118 34.9779
    endloop
  endfacet
  facet normal -0.441672 0.514602 0.734922
    outer loop
      vertex -11.525 28.8073 35.8956
      vertex -11.6013 30.0964 34.9471
      vertex -11.6013 28.7858 35.8648
    endloop
  endfacet
  facet normal -0.0659357 0.572332 0.817367
    outer loop
      vertex -11.85 30.068 34.9065
      vertex -11.7652 28.7606 35.8288
      vertex -11.7652 30.0712 34.9111
    endloop
  endfacet
  facet normal -0.0659357 0.572332 0.817367
    outer loop
      vertex -11.7652 28.7606 35.8288
      vertex -11.85 30.068 34.9065
      vertex -11.85 28.7574 35.8242
    endloop
  endfacet
  facet normal 0.99783 0.0377652 0.0539379
    outer loop
      vertex -12.5 29.1302 36.3567
      vertex -12.4944 30.3922 35.3695
      vertex -12.5 30.4409 35.439
    endloop
  endfacet
  facet normal 0.99783 0.0377652 0.0539379
    outer loop
      vertex -12.4944 30.3922 35.3695
      vertex -12.5 29.1302 36.3567
      vertex -12.4944 29.0815 36.2872
    endloop
  endfacet
  facet normal 0.751441 0.378456 0.540469
    outer loop
      vertex -12.3657 28.9032 36.0326
      vertex -12.3096 30.1772 35.0625
      vertex -12.3657 30.2139 35.1148
    endloop
  endfacet
  facet normal 0.751567 0.378366 0.540357
    outer loop
      vertex -12.3096 30.1772 35.0625
      vertex -12.3657 28.9032 36.0326
      vertex -12.3096 28.8666 35.9802
    endloop
  endfacet
  facet normal 0.442214 0.514423 0.734722
    outer loop
      vertex -12.175 28.8073 35.8956
      vertex -12.0987 30.0964 34.9471
      vertex -12.175 30.118 34.9779
    endloop
  endfacet
  facet normal 0.441672 0.514602 0.734922
    outer loop
      vertex -12.0987 30.0964 34.9471
      vertex -12.175 28.8073 35.8956
      vertex -12.0987 28.7858 35.8648
    endloop
  endfacet
  facet normal 0.195092 0.562558 0.80341
    outer loop
      vertex -12.0182 28.7701 35.8424
      vertex -11.9348 30.0712 34.9111
      vertex -12.0182 30.0807 34.9247
    endloop
  endfacet
  facet normal 0.195092 0.562558 0.80341
    outer loop
      vertex -11.9348 30.0712 34.9111
      vertex -12.0182 28.7701 35.8424
      vertex -11.9348 28.7606 35.8288
    endloop
  endfacet
  facet normal -0.997827 -0.0377925 -0.0539729
    outer loop
      vertex -11.2 30.4409 35.439
      vertex -11.2056 29.1789 36.4262
      vertex -11.2056 30.4895 35.5085
    endloop
  endfacet
  facet normal -0.99783 -0.0377652 -0.0539379
    outer loop
      vertex -11.2056 29.1789 36.4262
      vertex -11.2 30.4409 35.439
      vertex -11.2 29.1302 36.3567
    endloop
  endfacet
  facet normal -0.0649759 -0.572338 -0.817439
    outer loop
      vertex -11.85 29.503 36.8891
      vertex -11.7652 30.8105 35.9669
      vertex -11.7652 29.4998 36.8846
    endloop
  endfacet
  facet normal -0.0649759 -0.572338 -0.817439
    outer loop
      vertex -11.7652 30.8105 35.9669
      vertex -11.85 29.503 36.8891
      vertex -11.85 30.8137 35.9714
    endloop
  endfacet
  facet normal -0.321131 -0.5432 -0.775763
    outer loop
      vertex -11.6818 29.4903 36.871
      vertex -11.6013 30.7853 35.9309
      vertex -11.6013 29.4747 36.8486
    endloop
  endfacet
  facet normal -0.321736 -0.543054 -0.775615
    outer loop
      vertex -11.6013 30.7853 35.9309
      vertex -11.6818 29.4903 36.871
      vertex -11.6818 30.801 35.9533
    endloop
  endfacet
  facet normal -0.442214 -0.514449 -0.734703
    outer loop
      vertex -11.6013 29.4747 36.8486
      vertex -11.525 30.7637 35.9001
      vertex -11.525 29.4531 36.8178
    endloop
  endfacet
  facet normal -0.442214 -0.514449 -0.734703
    outer loop
      vertex -11.525 30.7637 35.9001
      vertex -11.6013 29.4747 36.8486
      vertex -11.6013 30.7853 35.9309
    endloop
  endfacet
  facet normal -0.75186 -0.378155 -0.540097
    outer loop
      vertex -11.3343 30.6678 35.7631
      vertex -11.3904 29.3938 36.7332
      vertex -11.3904 30.7045 35.8155
    endloop
  endfacet
  facet normal -0.751567 -0.378366 -0.540357
    outer loop
      vertex -11.3904 29.3938 36.7332
      vertex -11.3343 30.6678 35.7631
      vertex -11.3343 29.3572 36.6808
    endloop
  endfacet
  facet normal 0.0649759 -0.572338 -0.817439
    outer loop
      vertex -11.9348 30.8105 35.9669
      vertex -11.85 29.503 36.8891
      vertex -11.9348 29.4998 36.8846
    endloop
  endfacet
  facet normal 0.0649759 -0.572338 -0.817439
    outer loop
      vertex -11.85 29.503 36.8891
      vertex -11.9348 30.8105 35.9669
      vertex -11.85 30.8137 35.9714
    endloop
  endfacet
  facet normal 0.65916 -0.431334 -0.616003
    outer loop
      vertex -12.2457 29.426 36.7791
      vertex -12.3096 30.7045 35.8155
      vertex -12.2457 30.7366 35.8614
    endloop
  endfacet
  facet normal 0.659542 -0.43112 -0.615744
    outer loop
      vertex -12.3096 30.7045 35.8155
      vertex -12.2457 29.426 36.7791
      vertex -12.3096 29.3938 36.7332
    endloop
  endfacet
  facet normal 0.897044 -0.253476 -0.362026
    outer loop
      vertex -12.4129 29.3166 36.6229
      vertex -12.4505 30.5835 35.6427
      vertex -12.4129 30.6273 35.7052
    endloop
  endfacet
  facet normal 0.896723 -0.25388 -0.362536
    outer loop
      vertex -12.4505 30.5835 35.6427
      vertex -12.4129 29.3166 36.6229
      vertex -12.4505 29.2729 36.5605
    endloop
  endfacet
  facet normal 0.997827 -0.0377925 -0.0539729
    outer loop
      vertex -12.4944 29.1789 36.4262
      vertex -12.5 30.4409 35.439
      vertex -12.4944 30.4895 35.5085
    endloop
  endfacet
  facet normal 0.99783 -0.0377652 -0.0539379
    outer loop
      vertex -12.5 30.4409 35.439
      vertex -12.4944 29.1789 36.4262
      vertex -12.5 29.1302 36.3567
    endloop
  endfacet
  facet normal 0.000476062 0.81917 -0.57355
    outer loop
      vertex -11.85 28.7574 35.8242
      vertex -11.85 29.503 36.8891
      vertex -11.7652 29.4998 36.8846
    endloop
  endfacet
  facet normal -0.00021416 0.819181 -0.573535
    outer loop
      vertex -11.7652 28.7606 35.8288
      vertex -11.7652 29.4998 36.8846
      vertex -11.6818 29.4903 36.871
    endloop
  endfacet
  facet normal -0.000476062 0.81917 -0.57355
    outer loop
      vertex -11.85 29.503 36.8891
      vertex -11.85 28.7574 35.8242
      vertex -11.9348 29.4998 36.8846
    endloop
  endfacet
  facet normal -0.000853965 0.819164 -0.573558
    outer loop
      vertex -11.6818 28.7701 35.8424
      vertex -11.6818 29.4903 36.871
      vertex -11.6013 29.4747 36.8486
    endloop
  endfacet
  facet normal -0.000199095 0.819181 -0.573535
    outer loop
      vertex -11.9348 28.7606 35.8288
      vertex -11.9348 29.4998 36.8846
      vertex -11.85 28.7574 35.8242
    endloop
  endfacet
  facet normal 0.000348765 0.819138 -0.573596
    outer loop
      vertex -11.6013 28.7858 35.8648
      vertex -11.6013 29.4747 36.8486
      vertex -11.525 29.4531 36.8178
    endloop
  endfacet
  facet normal 0.00021416 0.819181 -0.573535
    outer loop
      vertex -11.9348 29.4998 36.8846
      vertex -11.9348 28.7606 35.8288
      vertex -12.0182 29.4903 36.871
    endloop
  endfacet
  facet normal -1.05532e-05 0.819123 -0.573617
    outer loop
      vertex -11.525 28.8073 35.8956
      vertex -11.525 29.4531 36.8178
      vertex -11.4543 29.426 36.7791
    endloop
  endfacet
  facet normal -0.000219818 0.819165 -0.573559
    outer loop
      vertex -12.0182 28.7701 35.8424
      vertex -12.0182 29.4903 36.871
      vertex -11.9348 28.7606 35.8288
    endloop
  endfacet
  facet normal 0.000730163 0.819122 -0.573618
    outer loop
      vertex -11.4543 28.8344 35.9343
      vertex -11.4543 29.426 36.7791
      vertex -11.3904 29.3938 36.7332
    endloop
  endfacet
  facet normal 0.000853965 0.819164 -0.573558
    outer loop
      vertex -12.0182 29.4903 36.871
      vertex -12.0182 28.7701 35.8424
      vertex -12.0987 29.4747 36.8486
    endloop
  endfacet
  facet normal -0.00126979 0.81918 -0.573535
    outer loop
      vertex -11.3904 28.8666 35.9802
      vertex -11.3904 29.3938 36.7332
      vertex -11.3343 29.3572 36.6808
    endloop
  endfacet
  facet normal 0.000147908 0.819138 -0.573596
    outer loop
      vertex -12.0987 28.7858 35.8648
      vertex -12.0987 29.4747 36.8486
      vertex -12.0182 28.7701 35.8424
    endloop
  endfacet
  facet normal 0.000811714 0.819077 -0.573683
    outer loop
      vertex -11.3343 28.9032 36.0326
      vertex -11.3343 29.3572 36.6808
      vertex -11.2871 29.3166 36.6229
    endloop
  endfacet
  facet normal -0.000348765 0.819138 -0.573596
    outer loop
      vertex -12.0987 29.4747 36.8486
      vertex -12.0987 28.7858 35.8648
      vertex -12.175 29.4531 36.8178
    endloop
  endfacet
  facet normal 0.000129307 0.819145 -0.573586
    outer loop
      vertex -11.2871 28.9438 36.0905
      vertex -11.2871 29.3166 36.6229
      vertex -11.2495 29.2729 36.5605
    endloop
  endfacet
  facet normal -0.000737357 0.819123 -0.573617
    outer loop
      vertex -12.175 28.8073 35.8956
      vertex -12.175 29.4531 36.8178
      vertex -12.0987 28.7858 35.8648
    endloop
  endfacet
  facet normal -0.000351993 0.819163 -0.57356
    outer loop
      vertex -11.2871 28.9438 36.0905
      vertex -11.2495 29.2729 36.5605
      vertex -11.2221 29.2267 36.4945
    endloop
  endfacet
  facet normal 1.05532e-05 0.819123 -0.573617
    outer loop
      vertex -12.175 29.4531 36.8178
      vertex -12.175 28.8073 35.8956
      vertex -12.2457 29.426 36.7791
    endloop
  endfacet
  facet normal -0.000801825 0.819197 -0.573512
    outer loop
      vertex -11.2871 28.9438 36.0905
      vertex -11.2221 29.2267 36.4945
      vertex -11.2056 29.1789 36.4262
    endloop
  endfacet
  facet normal -1.15201e-05 0.819123 -0.573619
    outer loop
      vertex -12.2457 28.8344 35.9343
      vertex -12.2457 29.426 36.7791
      vertex -12.175 28.8073 35.8956
    endloop
  endfacet
  facet normal 0.000992235 0.818992 -0.573804
    outer loop
      vertex -11.2871 28.9438 36.0905
      vertex -11.2056 29.1789 36.4262
      vertex -11.2 29.1302 36.3567
    endloop
  endfacet
  facet normal -0.000730163 0.819122 -0.573618
    outer loop
      vertex -12.2457 29.426 36.7791
      vertex -12.2457 28.8344 35.9343
      vertex -12.3096 29.3938 36.7332
    endloop
  endfacet
  facet normal 0.00164039 0.818892 -0.573946
    outer loop
      vertex -11.2871 28.9438 36.0905
      vertex -11.2 29.1302 36.3567
      vertex -11.2056 29.0815 36.2872
    endloop
  endfacet
  facet normal 0.000199095 0.819181 -0.573535
    outer loop
      vertex -11.7652 29.4998 36.8846
      vertex -11.7652 28.7606 35.8288
      vertex -11.85 28.7574 35.8242
    endloop
  endfacet
  facet normal -0.000935583 0.819394 -0.57323
    outer loop
      vertex -11.2871 28.9438 36.0905
      vertex -11.2056 29.0815 36.2872
      vertex -11.2221 29.0337 36.2189
    endloop
  endfacet
  facet normal 0.000819237 0.819181 -0.573535
    outer loop
      vertex -12.3096 28.8666 35.9802
      vertex -12.3096 29.3938 36.7332
      vertex -12.2457 28.8344 35.9343
    endloop
  endfacet
  facet normal -0.00140152 0.819504 -0.573071
    outer loop
      vertex -11.2871 28.9438 36.0905
      vertex -11.2221 29.0337 36.2189
      vertex -11.2495 28.9875 36.1529
    endloop
  endfacet
  facet normal 0.00126979 0.81918 -0.573535
    outer loop
      vertex -12.3096 29.3938 36.7332
      vertex -12.3096 28.8666 35.9802
      vertex -12.3657 29.3572 36.6808
    endloop
  endfacet
  facet normal -0.000988348 0.819145 -0.573586
    outer loop
      vertex -11.2871 29.3166 36.6229
      vertex -11.2871 28.9438 36.0905
      vertex -11.3343 28.9032 36.0326
    endloop
  endfacet
  facet normal -0.0014749 0.819077 -0.573682
    outer loop
      vertex -12.3657 28.9032 36.0326
      vertex -12.3657 29.3572 36.6808
      vertex -12.3096 28.8666 35.9802
    endloop
  endfacet
  facet normal 0.0014749 0.819077 -0.573682
    outer loop
      vertex -11.3343 29.3572 36.6808
      vertex -11.3343 28.9032 36.0326
      vertex -11.3904 28.8666 35.9802
    endloop
  endfacet
  facet normal -0.000811714 0.819077 -0.573683
    outer loop
      vertex -12.3657 29.3572 36.6808
      vertex -12.3657 28.9032 36.0326
      vertex -12.4129 29.3166 36.6229
    endloop
  endfacet
  facet normal -0.000819237 0.819181 -0.573535
    outer loop
      vertex -11.3904 29.3938 36.7332
      vertex -11.3904 28.8666 35.9802
      vertex -11.4543 28.8344 35.9343
    endloop
  endfacet
  facet normal 0.000219818 0.819165 -0.573559
    outer loop
      vertex -11.6818 29.4903 36.871
      vertex -11.6818 28.7701 35.8424
      vertex -11.7652 28.7606 35.8288
    endloop
  endfacet
  facet normal 1.15201e-05 0.819123 -0.573619
    outer loop
      vertex -11.4543 29.426 36.7791
      vertex -11.4543 28.8344 35.9343
      vertex -11.525 28.8073 35.8956
    endloop
  endfacet
  facet normal 0.000737357 0.819123 -0.573617
    outer loop
      vertex -11.525 29.4531 36.8178
      vertex -11.525 28.8073 35.8956
      vertex -11.6013 28.7858 35.8648
    endloop
  endfacet
  facet normal -0.000147908 0.819138 -0.573596
    outer loop
      vertex -11.6013 29.4747 36.8486
      vertex -11.6013 28.7858 35.8648
      vertex -11.6818 28.7701 35.8424
    endloop
  endfacet
  facet normal -0.00164039 0.818892 -0.573946
    outer loop
      vertex -12.5 29.1302 36.3567
      vertex -12.4129 28.9438 36.0905
      vertex -12.4944 29.0815 36.2872
    endloop
  endfacet
  facet normal -0.000129307 0.819145 -0.573586
    outer loop
      vertex -12.4129 29.3166 36.6229
      vertex -12.4129 28.9438 36.0905
      vertex -12.4505 29.2729 36.5605
    endloop
  endfacet
  facet normal 0.000935583 0.819394 -0.57323
    outer loop
      vertex -12.4944 29.0815 36.2872
      vertex -12.4129 28.9438 36.0905
      vertex -12.4779 29.0337 36.2189
    endloop
  endfacet
  facet normal 0.000351993 0.819163 -0.57356
    outer loop
      vertex -12.4505 29.2729 36.5605
      vertex -12.4129 28.9438 36.0905
      vertex -12.4779 29.2267 36.4945
    endloop
  endfacet
  facet normal 0.00140152 0.819504 -0.573071
    outer loop
      vertex -12.4779 29.0337 36.2189
      vertex -12.4129 28.9438 36.0905
      vertex -12.4505 28.9875 36.1529
    endloop
  endfacet
  facet normal -0.000992235 0.818992 -0.573804
    outer loop
      vertex -12.4944 29.1789 36.4262
      vertex -12.4129 28.9438 36.0905
      vertex -12.5 29.1302 36.3567
    endloop
  endfacet
  facet normal 0.000801825 0.819197 -0.573512
    outer loop
      vertex -12.4779 29.2267 36.4945
      vertex -12.4129 28.9438 36.0905
      vertex -12.4944 29.1789 36.4262
    endloop
  endfacet
  facet normal 0.000988348 0.819145 -0.573586
    outer loop
      vertex -12.4129 28.9438 36.0905
      vertex -12.4129 29.3166 36.6229
      vertex -12.3657 28.9032 36.0326
    endloop
  endfacet
  facet normal -0.98097 0.11136 0.159049
    outer loop
      vertex -11.2221 30.3444 35.3012
      vertex -11.2056 29.0815 36.2872
      vertex -11.2056 30.3922 35.3695
    endloop
  endfacet
  facet normal -0.98097 0.11136 0.159049
    outer loop
      vertex -11.2056 29.0815 36.2872
      vertex -11.2221 30.3444 35.3012
      vertex -11.2221 29.0337 36.2189
    endloop
  endfacet
  facet normal -0.831836 0.31835 0.454646
    outer loop
      vertex -11.3343 30.2139 35.1148
      vertex -11.2871 28.9438 36.0905
      vertex -11.2871 30.2544 35.1728
    endloop
  endfacet
  facet normal -0.831747 0.318433 0.454751
    outer loop
      vertex -11.2871 28.9438 36.0905
      vertex -11.3343 30.2139 35.1148
      vertex -11.3343 28.9032 36.0326
    endloop
  endfacet
  facet normal -0.751441 0.378456 0.540469
    outer loop
      vertex -11.3904 30.1772 35.0625
      vertex -11.3343 28.9032 36.0326
      vertex -11.3343 30.2139 35.1148
    endloop
  endfacet
  facet normal -0.751567 0.378366 0.540357
    outer loop
      vertex -11.3343 28.9032 36.0326
      vertex -11.3904 30.1772 35.0625
      vertex -11.3904 28.8666 35.9802
    endloop
  endfacet
  facet normal -0.55561 0.476875 0.681093
    outer loop
      vertex -11.525 30.118 34.9779
      vertex -11.4543 28.8344 35.9343
      vertex -11.4543 30.1451 35.0166
    endloop
  endfacet
  facet normal -0.55561 0.476875 0.681093
    outer loop
      vertex -11.4543 28.8344 35.9343
      vertex -11.525 30.118 34.9779
      vertex -11.525 28.8073 35.8956
    endloop
  endfacet
  facet normal -0.321736 0.543082 0.775595
    outer loop
      vertex -11.6818 30.0807 34.9247
      vertex -11.6013 28.7858 35.8648
      vertex -11.6013 30.0964 34.9471
    endloop
  endfacet
  facet normal -0.321736 0.543082 0.775595
    outer loop
      vertex -11.6013 28.7858 35.8648
      vertex -11.6818 30.0807 34.9247
      vertex -11.6818 28.7701 35.8424
    endloop
  endfacet
  facet normal -0.195092 0.562558 0.80341
    outer loop
      vertex -11.7652 30.0712 34.9111
      vertex -11.6818 28.7701 35.8424
      vertex -11.6818 30.0807 34.9247
    endloop
  endfacet
  facet normal -0.195092 0.562558 0.80341
    outer loop
      vertex -11.6818 28.7701 35.8424
      vertex -11.7652 30.0712 34.9111
      vertex -11.7652 28.7606 35.8288
    endloop
  endfacet
  facet normal 0.946742 0.184679 0.263766
    outer loop
      vertex -12.4779 29.0337 36.2189
      vertex -12.4505 30.2982 35.2352
      vertex -12.4779 30.3444 35.3012
    endloop
  endfacet
  facet normal 0.946742 0.184679 0.263766
    outer loop
      vertex -12.4505 30.2982 35.2352
      vertex -12.4779 29.0337 36.2189
      vertex -12.4505 28.9875 36.1529
    endloop
  endfacet
  facet normal 0.98097 0.11136 0.159049
    outer loop
      vertex -12.4944 29.0815 36.2872
      vertex -12.4779 30.3444 35.3012
      vertex -12.4944 30.3922 35.3695
    endloop
  endfacet
  facet normal 0.98097 0.11136 0.159049
    outer loop
      vertex -12.4779 30.3444 35.3012
      vertex -12.4944 29.0815 36.2872
      vertex -12.4779 29.0337 36.2189
    endloop
  endfacet
  facet normal 0.831836 0.31835 0.454646
    outer loop
      vertex -12.4129 28.9438 36.0905
      vertex -12.3657 30.2139 35.1148
      vertex -12.4129 30.2544 35.1728
    endloop
  endfacet
  facet normal 0.831747 0.318433 0.454751
    outer loop
      vertex -12.3657 30.2139 35.1148
      vertex -12.4129 28.9438 36.0905
      vertex -12.3657 28.9032 36.0326
    endloop
  endfacet
  facet normal 0.0659357 0.572332 0.817367
    outer loop
      vertex -11.9348 28.7606 35.8288
      vertex -11.85 30.068 34.9065
      vertex -11.9348 30.0712 34.9111
    endloop
  endfacet
  facet normal 0.0659357 0.572332 0.817367
    outer loop
      vertex -11.85 30.068 34.9065
      vertex -11.9348 28.7606 35.8288
      vertex -11.85 28.7574 35.8242
    endloop
  endfacet
  facet normal 0.55561 0.476875 0.681093
    outer loop
      vertex -12.2457 28.8344 35.9343
      vertex -12.175 30.118 34.9779
      vertex -12.2457 30.1451 35.0166
    endloop
  endfacet
  facet normal 0.55561 0.476875 0.681093
    outer loop
      vertex -12.175 30.118 34.9779
      vertex -12.2457 28.8344 35.9343
      vertex -12.175 28.8073 35.8956
    endloop
  endfacet
  facet normal 0.65916 0.431334 0.616003
    outer loop
      vertex -12.3096 28.8666 35.9802
      vertex -12.2457 30.1451 35.0166
      vertex -12.3096 30.1772 35.0625
    endloop
  endfacet
  facet normal 0.659542 0.43112 0.615744
    outer loop
      vertex -12.2457 30.1451 35.0166
      vertex -12.3096 28.8666 35.9802
      vertex -12.2457 28.8344 35.9343
    endloop
  endfacet
  facet normal -0.99783 0.0377652 0.0539379
    outer loop
      vertex -11.2056 30.3922 35.3695
      vertex -11.2 29.1302 36.3567
      vertex -11.2 30.4409 35.439
    endloop
  endfacet
  facet normal -0.99783 0.0377652 0.0539379
    outer loop
      vertex -11.2 29.1302 36.3567
      vertex -11.2056 30.3922 35.3695
      vertex -11.2056 29.0815 36.2872
    endloop
  endfacet
  facet normal -0.946642 -0.18487 -0.263991
    outer loop
      vertex -11.2221 30.5373 35.5768
      vertex -11.2495 29.2729 36.5605
      vertex -11.2495 30.5835 35.6427
    endloop
  endfacet
  facet normal -0.946742 -0.184688 -0.26376
    outer loop
      vertex -11.2495 29.2729 36.5605
      vertex -11.2221 30.5373 35.5768
      vertex -11.2221 29.2267 36.4945
    endloop
  endfacet
  facet normal -0.195092 -0.56253 -0.80343
    outer loop
      vertex -11.7652 29.4998 36.8846
      vertex -11.6818 30.801 35.9533
      vertex -11.6818 29.4903 36.871
    endloop
  endfacet
  facet normal -0.195092 -0.56253 -0.80343
    outer loop
      vertex -11.6818 30.801 35.9533
      vertex -11.7652 29.4998 36.8846
      vertex -11.7652 30.8105 35.9669
    endloop
  endfacet
  facet normal -0.55561 -0.476899 -0.681076
    outer loop
      vertex -11.525 29.4531 36.8178
      vertex -11.4543 30.7366 35.8614
      vertex -11.4543 29.426 36.7791
    endloop
  endfacet
  facet normal -0.55561 -0.476899 -0.681076
    outer loop
      vertex -11.4543 30.7366 35.8614
      vertex -11.525 29.4531 36.8178
      vertex -11.525 30.7637 35.9001
    endloop
  endfacet
  facet normal -0.897044 -0.253476 -0.362026
    outer loop
      vertex -11.2495 30.5835 35.6427
      vertex -11.2871 29.3166 36.6229
      vertex -11.2871 30.6273 35.7052
    endloop
  endfacet
  facet normal -0.896723 -0.25388 -0.362536
    outer loop
      vertex -11.2871 29.3166 36.6229
      vertex -11.2495 30.5835 35.6427
      vertex -11.2495 29.2729 36.5605
    endloop
  endfacet
  facet normal 0.321131 -0.5432 -0.775763
    outer loop
      vertex -12.0987 30.7853 35.9309
      vertex -12.0182 29.4903 36.871
      vertex -12.0987 29.4747 36.8486
    endloop
  endfacet
  facet normal 0.321736 -0.543054 -0.775615
    outer loop
      vertex -12.0182 29.4903 36.871
      vertex -12.0987 30.7853 35.9309
      vertex -12.0182 30.801 35.9533
    endloop
  endfacet
  facet normal 0.442214 -0.514449 -0.734703
    outer loop
      vertex -12.175 30.7637 35.9001
      vertex -12.0987 29.4747 36.8486
      vertex -12.175 29.4531 36.8178
    endloop
  endfacet
  facet normal 0.442214 -0.514449 -0.734703
    outer loop
      vertex -12.0987 29.4747 36.8486
      vertex -12.175 30.7637 35.9001
      vertex -12.0987 30.7853 35.9309
    endloop
  endfacet
  facet normal 0.98097 -0.111365 -0.159045
    outer loop
      vertex -12.4779 29.2267 36.4945
      vertex -12.4944 30.4895 35.5085
      vertex -12.4779 30.5373 35.5768
    endloop
  endfacet
  facet normal 0.98097 -0.111365 -0.159045
    outer loop
      vertex -12.4944 30.4895 35.5085
      vertex -12.4779 29.2267 36.4945
      vertex -12.4944 29.1789 36.4262
    endloop
  endfacet
  facet normal 0.831538 -0.318605 -0.455011
    outer loop
      vertex -12.3657 29.3572 36.6808
      vertex -12.4129 30.6273 35.7052
      vertex -12.3657 30.6678 35.7631
    endloop
  endfacet
  facet normal 0.831747 -0.31841 -0.454767
    outer loop
      vertex -12.4129 30.6273 35.7052
      vertex -12.3657 29.3572 36.6808
      vertex -12.4129 29.3166 36.6229
    endloop
  endfacet
  facet normal -0.98097 -0.111365 -0.159045
    outer loop
      vertex -11.2056 30.4895 35.5085
      vertex -11.2221 29.2267 36.4945
      vertex -11.2221 30.5373 35.5768
    endloop
  endfacet
  facet normal -0.98097 -0.111365 -0.159045
    outer loop
      vertex -11.2221 29.2267 36.4945
      vertex -11.2056 30.4895 35.5085
      vertex -11.2056 29.1789 36.4262
    endloop
  endfacet
  facet normal -0.65916 -0.431334 -0.616003
    outer loop
      vertex -11.3904 30.7045 35.8155
      vertex -11.4543 29.426 36.7791
      vertex -11.4543 30.7366 35.8614
    endloop
  endfacet
  facet normal -0.659542 -0.43112 -0.615744
    outer loop
      vertex -11.4543 29.426 36.7791
      vertex -11.3904 30.7045 35.8155
      vertex -11.3904 29.3938 36.7332
    endloop
  endfacet
  facet normal -0.831538 -0.318605 -0.455011
    outer loop
      vertex -11.2871 30.6273 35.7052
      vertex -11.3343 29.3572 36.6808
      vertex -11.3343 30.6678 35.7631
    endloop
  endfacet
  facet normal -0.831747 -0.31841 -0.454767
    outer loop
      vertex -11.3343 29.3572 36.6808
      vertex -11.2871 30.6273 35.7052
      vertex -11.2871 29.3166 36.6229
    endloop
  endfacet
  facet normal 0.195092 -0.56253 -0.80343
    outer loop
      vertex -12.0182 30.801 35.9533
      vertex -11.9348 29.4998 36.8846
      vertex -12.0182 29.4903 36.871
    endloop
  endfacet
  facet normal 0.195092 -0.56253 -0.80343
    outer loop
      vertex -11.9348 29.4998 36.8846
      vertex -12.0182 30.801 35.9533
      vertex -11.9348 30.8105 35.9669
    endloop
  endfacet
  facet normal 0.55561 -0.476899 -0.681076
    outer loop
      vertex -12.2457 30.7366 35.8614
      vertex -12.175 29.4531 36.8178
      vertex -12.2457 29.426 36.7791
    endloop
  endfacet
  facet normal 0.55561 -0.476899 -0.681076
    outer loop
      vertex -12.175 29.4531 36.8178
      vertex -12.2457 30.7366 35.8614
      vertex -12.175 30.7637 35.9001
    endloop
  endfacet
  facet normal 0.946642 -0.18487 -0.263991
    outer loop
      vertex -12.4505 29.2729 36.5605
      vertex -12.4779 30.5373 35.5768
      vertex -12.4505 30.5835 35.6427
    endloop
  endfacet
  facet normal 0.946742 -0.184688 -0.26376
    outer loop
      vertex -12.4779 30.5373 35.5768
      vertex -12.4505 29.2729 36.5605
      vertex -12.4779 29.2267 36.4945
    endloop
  endfacet
  facet normal 0.75186 -0.378155 -0.540097
    outer loop
      vertex -12.3096 29.3938 36.7332
      vertex -12.3657 30.6678 35.7631
      vertex -12.3096 30.7045 35.8155
    endloop
  endfacet
  facet normal 0.751567 -0.378366 -0.540357
    outer loop
      vertex -12.3657 30.6678 35.7631
      vertex -12.3096 29.3938 36.7332
      vertex -12.3657 29.3572 36.6808
    endloop
  endfacet
  facet normal -0.55531 0.477018 0.681237
    outer loop
      vertex 12.175 9.98545 6.22563
      vertex 12.2457 8.70189 7.18204
      vertex 12.2457 10.0125 6.26432
    endloop
  endfacet
  facet normal -0.555497 0.476937 0.681142
    outer loop
      vertex 12.2457 8.70189 7.18204
      vertex 12.175 9.98545 6.22563
      vertex 12.175 8.6748 7.14335
    endloop
  endfacet
  facet normal -0.980974 -0.111355 -0.15903
    outer loop
      vertex 12.4944 10.357 6.75624
      vertex 12.4779 9.09417 7.74227
      vertex 12.4779 10.4048 6.82455
    endloop
  endfacet
  facet normal -0.980981 -0.111331 -0.158999
    outer loop
      vertex 12.4779 9.09417 7.74227
      vertex 12.4944 10.357 6.75624
      vertex 12.4944 9.04634 7.67396
    endloop
  endfacet
  facet normal 0.321528 0.543117 0.775657
    outer loop
      vertex 11.6013 8.65323 7.11254
      vertex 11.6818 9.9482 6.17243
      vertex 11.6013 9.96388 6.19482
    endloop
  endfacet
  facet normal 0.321381 0.543152 0.775693
    outer loop
      vertex 11.6818 9.9482 6.17243
      vertex 11.6013 8.65323 7.11254
      vertex 11.6818 8.63756 7.09016
    endloop
  endfacet
  facet normal 0.896855 0.253712 0.362327
    outer loop
      vertex 11.2495 8.855 7.4007
      vertex 11.2871 10.1219 6.42051
      vertex 11.2495 10.1656 6.48298
    endloop
  endfacet
  facet normal 0.896889 0.253669 0.362273
    outer loop
      vertex 11.2871 10.1219 6.42051
      vertex 11.2495 8.855 7.4007
      vertex 11.2871 8.81126 7.33824
    endloop
  endfacet
  facet normal -0.99783 -0.0377665 -0.053937
    outer loop
      vertex 12.5 10.3083 6.68674
      vertex 12.4944 9.04634 7.67396
      vertex 12.4944 10.357 6.75624
    endloop
  endfacet
  facet normal -0.997829 -0.0377774 -0.0539509
    outer loop
      vertex 12.4944 9.04634 7.67396
      vertex 12.5 10.3083 6.68674
      vertex 12.5 8.99768 7.60446
    endloop
  endfacet
  facet normal -0.896855 0.253712 0.362327
    outer loop
      vertex 12.4129 10.1219 6.42051
      vertex 12.4505 8.855 7.4007
      vertex 12.4505 10.1656 6.48298
    endloop
  endfacet
  facet normal -0.896889 0.253669 0.362273
    outer loop
      vertex 12.4505 8.855 7.4007
      vertex 12.4129 10.1219 6.42051
      vertex 12.4129 8.81126 7.33824
    endloop
  endfacet
  facet normal -0.831568 0.31858 0.454974
    outer loop
      vertex 12.3657 10.0814 6.3626
      vertex 12.4129 8.81126 7.33824
      vertex 12.4129 10.1219 6.42051
    endloop
  endfacet
  facet normal -0.831651 0.318502 0.454876
    outer loop
      vertex 12.4129 8.81126 7.33824
      vertex 12.3657 10.0814 6.3626
      vertex 12.3657 8.77072 7.28033
    endloop
  endfacet
  facet normal -0.65965 0.431082 0.615654
    outer loop
      vertex 12.2457 10.0125 6.26432
      vertex 12.3096 8.73405 7.22796
      vertex 12.3096 10.0447 6.31024
    endloop
  endfacet
  facet normal -0.659498 0.431168 0.615757
    outer loop
      vertex 12.3096 8.73405 7.22796
      vertex 12.2457 10.0125 6.26432
      vertex 12.2457 8.70189 7.18204
    endloop
  endfacet
  facet normal -0.321528 0.543117 0.775657
    outer loop
      vertex 12.0182 9.9482 6.17243
      vertex 12.0987 8.65323 7.11254
      vertex 12.0987 9.96388 6.19482
    endloop
  endfacet
  facet normal -0.321381 0.543152 0.775693
    outer loop
      vertex 12.0987 8.65323 7.11254
      vertex 12.0182 9.9482 6.17243
      vertex 12.0182 8.63756 7.09016
    endloop
  endfacet
  facet normal -0.0654846 0.572342 0.817396
    outer loop
      vertex 11.85 9.9355 6.15429
      vertex 11.9348 8.62804 7.07657
      vertex 11.9348 9.93869 6.15885
    endloop
  endfacet
  facet normal -0.0654846 0.572342 0.817396
    outer loop
      vertex 11.9348 8.62804 7.07657
      vertex 11.85 9.9355 6.15429
      vertex 11.85 8.62485 7.07201
    endloop
  endfacet
  facet normal -0.194972 0.562573 0.803429
    outer loop
      vertex 11.9348 9.93869 6.15885
      vertex 12.0182 8.63756 7.09016
      vertex 12.0182 9.9482 6.17243
    endloop
  endfacet
  facet normal -0.195129 0.562548 0.803408
    outer loop
      vertex 12.0182 8.63756 7.09016
      vertex 11.9348 9.93869 6.15885
      vertex 11.9348 8.62804 7.07657
    endloop
  endfacet
  facet normal 0.997827 0.0377927 0.0539727
    outer loop
      vertex 11.2 8.99768 7.60446
      vertex 11.2056 10.2597 6.61724
      vertex 11.2 10.3083 6.68674
    endloop
  endfacet
  facet normal 0.997829 0.0377735 0.0539483
    outer loop
      vertex 11.2056 10.2597 6.61724
      vertex 11.2 8.99768 7.60446
      vertex 11.2056 8.94901 7.53496
    endloop
  endfacet
  facet normal 0.751693 0.378276 0.540245
    outer loop
      vertex 11.3343 8.77072 7.28033
      vertex 11.3904 10.0447 6.31024
      vertex 11.3343 10.0814 6.3626
    endloop
  endfacet
  facet normal 0.751647 0.378309 0.540286
    outer loop
      vertex 11.3904 10.0447 6.31024
      vertex 11.3343 8.77072 7.28033
      vertex 11.3904 8.73405 7.22796
    endloop
  endfacet
  facet normal 0.194972 0.562573 0.803429
    outer loop
      vertex 11.6818 8.63756 7.09016
      vertex 11.7652 9.93869 6.15885
      vertex 11.6818 9.9482 6.17243
    endloop
  endfacet
  facet normal 0.195129 0.562548 0.803408
    outer loop
      vertex 11.7652 9.93869 6.15885
      vertex 11.6818 8.63756 7.09016
      vertex 11.7652 8.62804 7.07657
    endloop
  endfacet
  facet normal 0.65965 0.431082 0.615654
    outer loop
      vertex 11.3904 8.73405 7.22796
      vertex 11.4543 10.0125 6.26432
      vertex 11.3904 10.0447 6.31024
    endloop
  endfacet
  facet normal 0.659498 0.431168 0.615757
    outer loop
      vertex 11.4543 10.0125 6.26432
      vertex 11.3904 8.73405 7.22796
      vertex 11.4543 8.70189 7.18204
    endloop
  endfacet
  facet normal -0.946692 -0.18477 -0.263881
    outer loop
      vertex 12.4779 10.4048 6.82455
      vertex 12.4505 9.14035 7.80822
      vertex 12.4505 10.451 6.8905
    endloop
  endfacet
  facet normal -0.946678 -0.184796 -0.263914
    outer loop
      vertex 12.4505 9.14035 7.80822
      vertex 12.4779 10.4048 6.82455
      vertex 12.4779 9.09417 7.74227
    endloop
  endfacet
  facet normal 0.659933 -0.430942 -0.615449
    outer loop
      vertex 11.4364 9.28446 8.01404
      vertex 11.3904 10.5719 7.06324
      vertex 11.4364 10.5951 7.09632
    endloop
  endfacet
  facet normal 0.659721 -0.431057 -0.615595
    outer loop
      vertex 11.3904 10.5719 7.06324
      vertex 11.4364 9.28446 8.01404
      vertex 11.3904 9.2613 7.98096
    endloop
  endfacet
  facet normal 0.896837 -0.253734 -0.362358
    outer loop
      vertex 11.2871 9.18409 7.87069
      vertex 11.2495 10.451 6.8905
      vertex 11.2871 10.4947 6.95296
    endloop
  endfacet
  facet normal 0.896908 -0.253644 -0.362244
    outer loop
      vertex 11.2495 10.451 6.8905
      vertex 11.2871 9.18409 7.87069
      vertex 11.2495 9.14035 7.80822
    endloop
  endfacet
  facet normal 0.99783 -0.0377665 -0.053937
    outer loop
      vertex 11.2056 9.04634 7.67396
      vertex 11.2 10.3083 6.68674
      vertex 11.2056 10.357 6.75624
    endloop
  endfacet
  facet normal 0.997829 -0.0377774 -0.0539509
    outer loop
      vertex 11.2 10.3083 6.68674
      vertex 11.2056 9.04634 7.67396
      vertex 11.2 8.99768 7.60446
    endloop
  endfacet
  facet normal -4.61156e-05 0.819155 -0.573572
    outer loop
      vertex 12.3096 8.73405 7.22796
      vertex 12.2636 9.28446 8.01404
      vertex 12.3096 9.2613 7.98096
    endloop
  endfacet
  facet normal 0 0.819155 -0.573573
    outer loop
      vertex 12.2636 9.28446 8.01404
      vertex 11.85 8.62485 7.07201
      vertex 11.4364 9.28446 8.01404
    endloop
  endfacet
  facet normal -3.54862e-05 0.819155 -0.573572
    outer loop
      vertex 12.3096 8.73405 7.22796
      vertex 12.3096 9.2613 7.98096
      vertex 12.3657 9.22464 7.9286
    endloop
  endfacet
  facet normal -2.88379e-05 0.819149 -0.573581
    outer loop
      vertex 11.7652 8.62804 7.07657
      vertex 11.4364 9.28446 8.01404
      vertex 11.85 8.62485 7.07201
    endloop
  endfacet
  facet normal 2.25226e-05 0.819154 -0.573573
    outer loop
      vertex 12.3657 8.77072 7.28033
      vertex 12.3657 9.22464 7.9286
      vertex 12.4129 9.18409 7.87069
    endloop
  endfacet
  facet normal 4.4078e-05 0.819161 -0.573564
    outer loop
      vertex 11.6818 8.63756 7.09016
      vertex 11.4364 9.28446 8.01404
      vertex 11.7652 8.62804 7.07657
    endloop
  endfacet
  facet normal -5.43e-05 0.819149 -0.573581
    outer loop
      vertex 12.4129 8.81126 7.33824
      vertex 12.4129 9.18409 7.87069
      vertex 12.4505 9.14035 7.80822
    endloop
  endfacet
  facet normal -5.02337e-06 0.819155 -0.573573
    outer loop
      vertex 11.6013 8.65323 7.11254
      vertex 11.4364 9.28446 8.01404
      vertex 11.6818 8.63756 7.09016
    endloop
  endfacet
  facet normal 1.01825e-05 0.819146 -0.573585
    outer loop
      vertex 12.4129 8.81126 7.33824
      vertex 12.4505 9.14035 7.80822
      vertex 12.4779 9.09417 7.74227
    endloop
  endfacet
  facet normal -3.65356e-05 0.819152 -0.573577
    outer loop
      vertex 11.525 8.6748 7.14335
      vertex 11.4364 9.28446 8.01404
      vertex 11.6013 8.65323 7.11254
    endloop
  endfacet
  facet normal -6.10087e-05 0.819152 -0.573577
    outer loop
      vertex 12.4129 8.81126 7.33824
      vertex 12.4779 9.09417 7.74227
      vertex 12.4944 9.04634 7.67396
    endloop
  endfacet
  facet normal -1.06153e-05 0.819153 -0.573575
    outer loop
      vertex 11.4543 8.70189 7.18204
      vertex 11.4364 9.28446 8.01404
      vertex 11.525 8.6748 7.14335
    endloop
  endfacet
  facet normal -0.000208997 0.819169 -0.573553
    outer loop
      vertex 12.4129 8.81126 7.33824
      vertex 12.4944 9.04634 7.67396
      vertex 12.5 8.99768 7.60446
    endloop
  endfacet
  facet normal 8.61615e-05 0.819154 -0.573573
    outer loop
      vertex 11.3904 8.73405 7.22796
      vertex 11.4364 9.28446 8.01404
      vertex 11.4543 8.70189 7.18204
    endloop
  endfacet
  facet normal 0.000132384 0.819116 -0.573628
    outer loop
      vertex 12.4129 8.81126 7.33824
      vertex 12.5 8.99768 7.60446
      vertex 12.4944 8.94901 7.53496
    endloop
  endfacet
  facet normal 2.88379e-05 0.819149 -0.573581
    outer loop
      vertex 12.2636 9.28446 8.01404
      vertex 11.9348 8.62804 7.07657
      vertex 11.85 8.62485 7.07201
    endloop
  endfacet
  facet normal -0.000206402 0.819182 -0.573533
    outer loop
      vertex 12.4129 8.81126 7.33824
      vertex 12.4944 8.94901 7.53496
      vertex 12.4779 8.90118 7.46665
    endloop
  endfacet
  facet normal 4.61156e-05 0.819155 -0.573572
    outer loop
      vertex 11.4364 9.28446 8.01404
      vertex 11.3904 8.73405 7.22796
      vertex 11.3904 9.2613 7.98096
    endloop
  endfacet
  facet normal -0.000266769 0.819196 -0.573513
    outer loop
      vertex 12.4129 8.81126 7.33824
      vertex 12.4779 8.90118 7.46665
      vertex 12.4505 8.855 7.4007
    endloop
  endfacet
  facet normal 3.54862e-05 0.819155 -0.573572
    outer loop
      vertex 11.3904 9.2613 7.98096
      vertex 11.3904 8.73405 7.22796
      vertex 11.3343 9.22464 7.9286
    endloop
  endfacet
  facet normal 0.000165002 0.819149 -0.573581
    outer loop
      vertex 12.4129 9.18409 7.87069
      vertex 12.4129 8.81126 7.33824
      vertex 12.3657 8.77072 7.28033
    endloop
  endfacet
  facet normal 6.09276e-06 0.819154 -0.573573
    outer loop
      vertex 11.3343 8.77072 7.28033
      vertex 11.3343 9.22464 7.9286
      vertex 11.3904 8.73405 7.22796
    endloop
  endfacet
  facet normal -6.09276e-06 0.819154 -0.573573
    outer loop
      vertex 12.3657 9.22464 7.9286
      vertex 12.3657 8.77072 7.28033
      vertex 12.3096 8.73405 7.22796
    endloop
  endfacet
  facet normal -2.25226e-05 0.819154 -0.573573
    outer loop
      vertex 11.3343 9.22464 7.9286
      vertex 11.3343 8.77072 7.28033
      vertex 11.2871 9.18409 7.87069
    endloop
  endfacet
  facet normal -8.61615e-05 0.819154 -0.573573
    outer loop
      vertex 12.2636 9.28446 8.01404
      vertex 12.3096 8.73405 7.22796
      vertex 12.2457 8.70189 7.18204
    endloop
  endfacet
  facet normal -4.4078e-05 0.819161 -0.573564
    outer loop
      vertex 12.2636 9.28446 8.01404
      vertex 12.0182 8.63756 7.09016
      vertex 11.9348 8.62804 7.07657
    endloop
  endfacet
  facet normal 1.06153e-05 0.819153 -0.573575
    outer loop
      vertex 12.2636 9.28446 8.01404
      vertex 12.2457 8.70189 7.18204
      vertex 12.175 8.6748 7.14335
    endloop
  endfacet
  facet normal 3.65356e-05 0.819152 -0.573577
    outer loop
      vertex 12.2636 9.28446 8.01404
      vertex 12.175 8.6748 7.14335
      vertex 12.0987 8.65323 7.11254
    endloop
  endfacet
  facet normal 5.02337e-06 0.819155 -0.573573
    outer loop
      vertex 12.2636 9.28446 8.01404
      vertex 12.0987 8.65323 7.11254
      vertex 12.0182 8.63756 7.09016
    endloop
  endfacet
  facet normal -0.000132384 0.819116 -0.573628
    outer loop
      vertex 11.2 8.99768 7.60446
      vertex 11.2871 8.81126 7.33824
      vertex 11.2056 8.94901 7.53496
    endloop
  endfacet
  facet normal 5.43e-05 0.819149 -0.573581
    outer loop
      vertex 11.2871 9.18409 7.87069
      vertex 11.2871 8.81126 7.33824
      vertex 11.2495 9.14035 7.80822
    endloop
  endfacet
  facet normal 0.000206402 0.819182 -0.573533
    outer loop
      vertex 11.2056 8.94901 7.53496
      vertex 11.2871 8.81126 7.33824
      vertex 11.2221 8.90118 7.46665
    endloop
  endfacet
  facet normal -1.01825e-05 0.819146 -0.573585
    outer loop
      vertex 11.2495 9.14035 7.80822
      vertex 11.2871 8.81126 7.33824
      vertex 11.2221 9.09417 7.74227
    endloop
  endfacet
  facet normal 0.000266769 0.819196 -0.573513
    outer loop
      vertex 11.2221 8.90118 7.46665
      vertex 11.2871 8.81126 7.33824
      vertex 11.2495 8.855 7.4007
    endloop
  endfacet
  facet normal 0.000208997 0.819169 -0.573553
    outer loop
      vertex 11.2056 9.04634 7.67396
      vertex 11.2871 8.81126 7.33824
      vertex 11.2 8.99768 7.60446
    endloop
  endfacet
  facet normal 6.10087e-05 0.819152 -0.573577
    outer loop
      vertex 11.2221 9.09417 7.74227
      vertex 11.2871 8.81126 7.33824
      vertex 11.2056 9.04634 7.67396
    endloop
  endfacet
  facet normal -0.000165002 0.819149 -0.573581
    outer loop
      vertex 11.2871 8.81126 7.33824
      vertex 11.2871 9.18409 7.87069
      vertex 11.3343 8.77072 7.28033
    endloop
  endfacet
  facet normal -0.980999 0.111278 0.158927
    outer loop
      vertex 12.4779 10.2118 6.54893
      vertex 12.4944 8.94901 7.53496
      vertex 12.4944 10.2597 6.61724
    endloop
  endfacet
  facet normal -0.980981 0.111333 0.158998
    outer loop
      vertex 12.4944 8.94901 7.53496
      vertex 12.4779 10.2118 6.54893
      vertex 12.4779 8.90118 7.46665
    endloop
  endfacet
  facet normal -0.946692 0.184773 0.263879
    outer loop
      vertex 12.4505 10.1656 6.48298
      vertex 12.4779 8.90118 7.46665
      vertex 12.4779 10.2118 6.54893
    endloop
  endfacet
  facet normal -0.946678 0.184799 0.263912
    outer loop
      vertex 12.4779 8.90118 7.46665
      vertex 12.4505 10.1656 6.48298
      vertex 12.4505 8.855 7.4007
    endloop
  endfacet
  facet normal -0.751693 0.378276 0.540245
    outer loop
      vertex 12.3096 10.0447 6.31024
      vertex 12.3657 8.77072 7.28033
      vertex 12.3657 10.0814 6.3626
    endloop
  endfacet
  facet normal -0.751647 0.378309 0.540286
    outer loop
      vertex 12.3657 8.77072 7.28033
      vertex 12.3096 10.0447 6.31024
      vertex 12.3096 8.73405 7.22796
    endloop
  endfacet
  facet normal -0.442129 0.514468 0.734741
    outer loop
      vertex 12.0987 9.96388 6.19482
      vertex 12.175 8.6748 7.14335
      vertex 12.175 9.98545 6.22563
    endloop
  endfacet
  facet normal -0.442129 0.514468 0.734741
    outer loop
      vertex 12.175 8.6748 7.14335
      vertex 12.0987 9.96388 6.19482
      vertex 12.0987 8.65323 7.11254
    endloop
  endfacet
  facet normal 0.946692 0.184773 0.263879
    outer loop
      vertex 11.2221 8.90118 7.46665
      vertex 11.2495 10.1656 6.48298
      vertex 11.2221 10.2118 6.54893
    endloop
  endfacet
  facet normal 0.946678 0.184799 0.263912
    outer loop
      vertex 11.2495 10.1656 6.48298
      vertex 11.2221 8.90118 7.46665
      vertex 11.2495 8.855 7.4007
    endloop
  endfacet
  facet normal 0.980999 0.111278 0.158927
    outer loop
      vertex 11.2056 8.94901 7.53496
      vertex 11.2221 10.2118 6.54893
      vertex 11.2056 10.2597 6.61724
    endloop
  endfacet
  facet normal 0.980981 0.111333 0.158998
    outer loop
      vertex 11.2221 10.2118 6.54893
      vertex 11.2056 8.94901 7.53496
      vertex 11.2221 8.90118 7.46665
    endloop
  endfacet
  facet normal 0.831568 0.31858 0.454974
    outer loop
      vertex 11.2871 8.81126 7.33824
      vertex 11.3343 10.0814 6.3626
      vertex 11.2871 10.1219 6.42051
    endloop
  endfacet
  facet normal 0.831651 0.318502 0.454876
    outer loop
      vertex 11.3343 10.0814 6.3626
      vertex 11.2871 8.81126 7.33824
      vertex 11.3343 8.77072 7.28033
    endloop
  endfacet
  facet normal 0.0654846 0.572342 0.817396
    outer loop
      vertex 11.7652 8.62804 7.07657
      vertex 11.85 9.9355 6.15429
      vertex 11.7652 9.93869 6.15885
    endloop
  endfacet
  facet normal 0.0654846 0.572342 0.817396
    outer loop
      vertex 11.85 9.9355 6.15429
      vertex 11.7652 8.62804 7.07657
      vertex 11.85 8.62485 7.07201
    endloop
  endfacet
  facet normal 0.55531 0.477018 0.681237
    outer loop
      vertex 11.4543 8.70189 7.18204
      vertex 11.525 9.98545 6.22563
      vertex 11.4543 10.0125 6.26432
    endloop
  endfacet
  facet normal 0.555497 0.476937 0.681142
    outer loop
      vertex 11.525 9.98545 6.22563
      vertex 11.4543 8.70189 7.18204
      vertex 11.525 8.6748 7.14335
    endloop
  endfacet
  facet normal 0.442129 0.514468 0.734741
    outer loop
      vertex 11.525 8.6748 7.14335
      vertex 11.6013 9.96388 6.19482
      vertex 11.525 9.98545 6.22563
    endloop
  endfacet
  facet normal 0.442129 0.514468 0.734741
    outer loop
      vertex 11.6013 9.96388 6.19482
      vertex 11.525 8.6748 7.14335
      vertex 11.6013 8.65323 7.11254
    endloop
  endfacet
  facet normal -0.997827 0.0377927 0.0539727
    outer loop
      vertex 12.4944 10.2597 6.61724
      vertex 12.5 8.99768 7.60446
      vertex 12.5 10.3083 6.68674
    endloop
  endfacet
  facet normal -0.997829 0.0377735 0.0539483
    outer loop
      vertex 12.5 8.99768 7.60446
      vertex 12.4944 10.2597 6.61724
      vertex 12.4944 8.94901 7.53496
    endloop
  endfacet
  facet normal -0.659933 -0.430942 -0.615449
    outer loop
      vertex 12.3096 10.5719 7.06324
      vertex 12.2636 9.28446 8.01404
      vertex 12.2636 10.5951 7.09632
    endloop
  endfacet
  facet normal -0.659721 -0.431057 -0.615595
    outer loop
      vertex 12.2636 9.28446 8.01404
      vertex 12.3096 10.5719 7.06324
      vertex 12.3096 9.2613 7.98096
    endloop
  endfacet
  facet normal 0.980974 -0.111355 -0.15903
    outer loop
      vertex 11.2221 9.09417 7.74227
      vertex 11.2056 10.357 6.75624
      vertex 11.2221 10.4048 6.82455
    endloop
  endfacet
  facet normal 0.980981 -0.111331 -0.158999
    outer loop
      vertex 11.2056 10.357 6.75624
      vertex 11.2221 9.09417 7.74227
      vertex 11.2056 9.04634 7.67396
    endloop
  endfacet
  facet normal 0.831776 -0.318398 -0.454721
    outer loop
      vertex 11.3343 9.22464 7.9286
      vertex 11.2871 10.4947 6.95296
      vertex 11.3343 10.5353 7.01087
    endloop
  endfacet
  facet normal 0.831672 -0.318495 -0.454843
    outer loop
      vertex 11.2871 10.4947 6.95296
      vertex 11.3343 9.22464 7.9286
      vertex 11.2871 9.18409 7.87069
    endloop
  endfacet
  facet normal -0.896837 -0.253734 -0.362358
    outer loop
      vertex 12.4505 10.451 6.8905
      vertex 12.4129 9.18409 7.87069
      vertex 12.4129 10.4947 6.95296
    endloop
  endfacet
  facet normal -0.896908 -0.253644 -0.362244
    outer loop
      vertex 12.4129 9.18409 7.87069
      vertex 12.4505 10.451 6.8905
      vertex 12.4505 9.14035 7.80822
    endloop
  endfacet
  facet normal -0.831776 -0.318398 -0.454721
    outer loop
      vertex 12.4129 10.4947 6.95296
      vertex 12.3657 9.22464 7.9286
      vertex 12.3657 10.5353 7.01087
    endloop
  endfacet
  facet normal -0.831672 -0.318495 -0.454843
    outer loop
      vertex 12.3657 9.22464 7.9286
      vertex 12.4129 10.4947 6.95296
      vertex 12.4129 9.18409 7.87069
    endloop
  endfacet
  facet normal -0.751441 -0.378453 -0.540471
    outer loop
      vertex 12.3657 10.5353 7.01087
      vertex 12.3096 9.2613 7.98096
      vertex 12.3096 10.5719 7.06324
    endloop
  endfacet
  facet normal -0.751576 -0.378357 -0.540352
    outer loop
      vertex 12.3096 9.2613 7.98096
      vertex 12.3657 10.5353 7.01087
      vertex 12.3657 9.22464 7.9286
    endloop
  endfacet
  facet normal 0.946692 -0.18477 -0.263881
    outer loop
      vertex 11.2495 9.14035 7.80822
      vertex 11.2221 10.4048 6.82455
      vertex 11.2495 10.451 6.8905
    endloop
  endfacet
  facet normal 0.946678 -0.184796 -0.263914
    outer loop
      vertex 11.2221 10.4048 6.82455
      vertex 11.2495 9.14035 7.80822
      vertex 11.2221 9.09417 7.74227
    endloop
  endfacet
  facet normal 0.751441 -0.378453 -0.540471
    outer loop
      vertex 11.3904 9.2613 7.98096
      vertex 11.3343 10.5353 7.01087
      vertex 11.3904 10.5719 7.06324
    endloop
  endfacet
  facet normal 0.751576 -0.378357 -0.540352
    outer loop
      vertex 11.3343 10.5353 7.01087
      vertex 11.3904 9.2613 7.98096
      vertex 11.3343 9.22464 7.9286
    endloop
  endfacet
  facet normal -0.65916 0.431334 0.616003
    outer loop
      vertex 12.2457 30.1451 35.0166
      vertex 12.3096 28.8666 35.9802
      vertex 12.3096 30.1772 35.0625
    endloop
  endfacet
  facet normal -0.659542 0.43112 0.615744
    outer loop
      vertex 12.3096 28.8666 35.9802
      vertex 12.2457 30.1451 35.0166
      vertex 12.2457 28.8344 35.9343
    endloop
  endfacet
  facet normal 0.321736 0.543082 0.775595
    outer loop
      vertex 11.6013 28.7858 35.8648
      vertex 11.6818 30.0807 34.9247
      vertex 11.6013 30.0964 34.9471
    endloop
  endfacet
  facet normal 0.321736 0.543082 0.775595
    outer loop
      vertex 11.6818 30.0807 34.9247
      vertex 11.6013 28.7858 35.8648
      vertex 11.6818 28.7701 35.8424
    endloop
  endfacet
  facet normal 0.896855 0.253695 0.362339
    outer loop
      vertex 11.2495 28.9875 36.1529
      vertex 11.2871 30.2544 35.1728
      vertex 11.2495 30.2982 35.2352
    endloop
  endfacet
  facet normal 0.896723 0.253862 0.362549
    outer loop
      vertex 11.2871 30.2544 35.1728
      vertex 11.2495 28.9875 36.1529
      vertex 11.2871 28.9438 36.0905
    endloop
  endfacet
  facet normal -0.946742 0.184679 0.263766
    outer loop
      vertex 12.4505 30.2982 35.2352
      vertex 12.4779 29.0337 36.2189
      vertex 12.4779 30.3444 35.3012
    endloop
  endfacet
  facet normal -0.946742 0.184679 0.263766
    outer loop
      vertex 12.4779 29.0337 36.2189
      vertex 12.4505 30.2982 35.2352
      vertex 12.4505 28.9875 36.1529
    endloop
  endfacet
  facet normal -0.896855 0.253695 0.362339
    outer loop
      vertex 12.4129 30.2544 35.1728
      vertex 12.4505 28.9875 36.1529
      vertex 12.4505 30.2982 35.2352
    endloop
  endfacet
  facet normal -0.896723 0.253862 0.362549
    outer loop
      vertex 12.4505 28.9875 36.1529
      vertex 12.4129 30.2544 35.1728
      vertex 12.4129 28.9438 36.0905
    endloop
  endfacet
  facet normal -0.442214 0.514423 0.734722
    outer loop
      vertex 12.0987 30.0964 34.9471
      vertex 12.175 28.8073 35.8956
      vertex 12.175 30.118 34.9779
    endloop
  endfacet
  facet normal -0.441672 0.514602 0.734922
    outer loop
      vertex 12.175 28.8073 35.8956
      vertex 12.0987 30.0964 34.9471
      vertex 12.0987 28.7858 35.8648
    endloop
  endfacet
  facet normal -0.321736 0.543082 0.775595
    outer loop
      vertex 12.0182 30.0807 34.9247
      vertex 12.0987 28.7858 35.8648
      vertex 12.0987 30.0964 34.9471
    endloop
  endfacet
  facet normal -0.321736 0.543082 0.775595
    outer loop
      vertex 12.0987 28.7858 35.8648
      vertex 12.0182 30.0807 34.9247
      vertex 12.0182 28.7701 35.8424
    endloop
  endfacet
  facet normal -0.195092 0.562558 0.80341
    outer loop
      vertex 11.9348 30.0712 34.9111
      vertex 12.0182 28.7701 35.8424
      vertex 12.0182 30.0807 34.9247
    endloop
  endfacet
  facet normal -0.195092 0.562558 0.80341
    outer loop
      vertex 12.0182 28.7701 35.8424
      vertex 11.9348 30.0712 34.9111
      vertex 11.9348 28.7606 35.8288
    endloop
  endfacet
  facet normal 0.99783 0.0377652 0.0539379
    outer loop
      vertex 11.2 29.1302 36.3567
      vertex 11.2056 30.3922 35.3695
      vertex 11.2 30.4409 35.439
    endloop
  endfacet
  facet normal 0.99783 0.0377652 0.0539379
    outer loop
      vertex 11.2056 30.3922 35.3695
      vertex 11.2 29.1302 36.3567
      vertex 11.2056 29.0815 36.2872
    endloop
  endfacet
  facet normal 0.751441 0.378456 0.540469
    outer loop
      vertex 11.3343 28.9032 36.0326
      vertex 11.3904 30.1772 35.0625
      vertex 11.3343 30.2139 35.1148
    endloop
  endfacet
  facet normal 0.751567 0.378366 0.540357
    outer loop
      vertex 11.3904 30.1772 35.0625
      vertex 11.3343 28.9032 36.0326
      vertex 11.3904 28.8666 35.9802
    endloop
  endfacet
  facet normal 0.442214 0.514423 0.734722
    outer loop
      vertex 11.525 28.8073 35.8956
      vertex 11.6013 30.0964 34.9471
      vertex 11.525 30.118 34.9779
    endloop
  endfacet
  facet normal 0.441672 0.514602 0.734922
    outer loop
      vertex 11.6013 30.0964 34.9471
      vertex 11.525 28.8073 35.8956
      vertex 11.6013 28.7858 35.8648
    endloop
  endfacet
  facet normal 0.0659357 0.572332 0.817367
    outer loop
      vertex 11.7652 28.7606 35.8288
      vertex 11.85 30.068 34.9065
      vertex 11.7652 30.0712 34.9111
    endloop
  endfacet
  facet normal 0.0659357 0.572332 0.817367
    outer loop
      vertex 11.85 30.068 34.9065
      vertex 11.7652 28.7606 35.8288
      vertex 11.85 28.7574 35.8242
    endloop
  endfacet
  facet normal -0.997827 -0.0377925 -0.0539729
    outer loop
      vertex 12.5 30.4409 35.439
      vertex 12.4944 29.1789 36.4262
      vertex 12.4944 30.4895 35.5085
    endloop
  endfacet
  facet normal -0.99783 -0.0377652 -0.0539379
    outer loop
      vertex 12.4944 29.1789 36.4262
      vertex 12.5 30.4409 35.439
      vertex 12.5 29.1302 36.3567
    endloop
  endfacet
  facet normal -0.0649759 -0.572338 -0.817439
    outer loop
      vertex 11.85 29.503 36.8891
      vertex 11.9348 30.8105 35.9669
      vertex 11.9348 29.4998 36.8846
    endloop
  endfacet
  facet normal -0.0649759 -0.572338 -0.817439
    outer loop
      vertex 11.9348 30.8105 35.9669
      vertex 11.85 29.503 36.8891
      vertex 11.85 30.8137 35.9714
    endloop
  endfacet
  facet normal -0.321131 -0.5432 -0.775763
    outer loop
      vertex 12.0182 29.4903 36.871
      vertex 12.0987 30.7853 35.9309
      vertex 12.0987 29.4747 36.8486
    endloop
  endfacet
  facet normal -0.321736 -0.543054 -0.775615
    outer loop
      vertex 12.0987 30.7853 35.9309
      vertex 12.0182 29.4903 36.871
      vertex 12.0182 30.801 35.9533
    endloop
  endfacet
  facet normal -0.442214 -0.514449 -0.734703
    outer loop
      vertex 12.0987 29.4747 36.8486
      vertex 12.175 30.7637 35.9001
      vertex 12.175 29.4531 36.8178
    endloop
  endfacet
  facet normal -0.442214 -0.514449 -0.734703
    outer loop
      vertex 12.175 30.7637 35.9001
      vertex 12.0987 29.4747 36.8486
      vertex 12.0987 30.7853 35.9309
    endloop
  endfacet
  facet normal -0.75186 -0.378155 -0.540097
    outer loop
      vertex 12.3657 30.6678 35.7631
      vertex 12.3096 29.3938 36.7332
      vertex 12.3096 30.7045 35.8155
    endloop
  endfacet
  facet normal -0.751567 -0.378366 -0.540357
    outer loop
      vertex 12.3096 29.3938 36.7332
      vertex 12.3657 30.6678 35.7631
      vertex 12.3657 29.3572 36.6808
    endloop
  endfacet
  facet normal 0.0649759 -0.572338 -0.817439
    outer loop
      vertex 11.7652 30.8105 35.9669
      vertex 11.85 29.503 36.8891
      vertex 11.7652 29.4998 36.8846
    endloop
  endfacet
  facet normal 0.0649759 -0.572338 -0.817439
    outer loop
      vertex 11.85 29.503 36.8891
      vertex 11.7652 30.8105 35.9669
      vertex 11.85 30.8137 35.9714
    endloop
  endfacet
  facet normal 0.65916 -0.431334 -0.616003
    outer loop
      vertex 11.4543 29.426 36.7791
      vertex 11.3904 30.7045 35.8155
      vertex 11.4543 30.7366 35.8614
    endloop
  endfacet
  facet normal 0.659542 -0.43112 -0.615744
    outer loop
      vertex 11.3904 30.7045 35.8155
      vertex 11.4543 29.426 36.7791
      vertex 11.3904 29.3938 36.7332
    endloop
  endfacet
  facet normal 0.897044 -0.253476 -0.362026
    outer loop
      vertex 11.2871 29.3166 36.6229
      vertex 11.2495 30.5835 35.6427
      vertex 11.2871 30.6273 35.7052
    endloop
  endfacet
  facet normal 0.896723 -0.25388 -0.362536
    outer loop
      vertex 11.2495 30.5835 35.6427
      vertex 11.2871 29.3166 36.6229
      vertex 11.2495 29.2729 36.5605
    endloop
  endfacet
  facet normal 0.000476062 0.81917 -0.57355
    outer loop
      vertex 11.85 28.7574 35.8242
      vertex 11.85 29.503 36.8891
      vertex 11.9348 29.4998 36.8846
    endloop
  endfacet
  facet normal -0.00021416 0.819181 -0.573535
    outer loop
      vertex 11.9348 28.7606 35.8288
      vertex 11.9348 29.4998 36.8846
      vertex 12.0182 29.4903 36.871
    endloop
  endfacet
  facet normal -0.000476062 0.81917 -0.57355
    outer loop
      vertex 11.85 29.503 36.8891
      vertex 11.85 28.7574 35.8242
      vertex 11.7652 29.4998 36.8846
    endloop
  endfacet
  facet normal -0.000853965 0.819164 -0.573558
    outer loop
      vertex 12.0182 28.7701 35.8424
      vertex 12.0182 29.4903 36.871
      vertex 12.0987 29.4747 36.8486
    endloop
  endfacet
  facet normal -0.000199095 0.819181 -0.573535
    outer loop
      vertex 11.7652 28.7606 35.8288
      vertex 11.7652 29.4998 36.8846
      vertex 11.85 28.7574 35.8242
    endloop
  endfacet
  facet normal 0.000348765 0.819138 -0.573596
    outer loop
      vertex 12.0987 28.7858 35.8648
      vertex 12.0987 29.4747 36.8486
      vertex 12.175 29.4531 36.8178
    endloop
  endfacet
  facet normal 0.00021416 0.819181 -0.573535
    outer loop
      vertex 11.7652 29.4998 36.8846
      vertex 11.7652 28.7606 35.8288
      vertex 11.6818 29.4903 36.871
    endloop
  endfacet
  facet normal -1.05532e-05 0.819123 -0.573617
    outer loop
      vertex 12.175 28.8073 35.8956
      vertex 12.175 29.4531 36.8178
      vertex 12.2457 29.426 36.7791
    endloop
  endfacet
  facet normal -0.000219818 0.819165 -0.573559
    outer loop
      vertex 11.6818 28.7701 35.8424
      vertex 11.6818 29.4903 36.871
      vertex 11.7652 28.7606 35.8288
    endloop
  endfacet
  facet normal 0.000730163 0.819122 -0.573618
    outer loop
      vertex 12.2457 28.8344 35.9343
      vertex 12.2457 29.426 36.7791
      vertex 12.3096 29.3938 36.7332
    endloop
  endfacet
  facet normal 0.000853965 0.819164 -0.573558
    outer loop
      vertex 11.6818 29.4903 36.871
      vertex 11.6818 28.7701 35.8424
      vertex 11.6013 29.4747 36.8486
    endloop
  endfacet
  facet normal -0.00126979 0.81918 -0.573535
    outer loop
      vertex 12.3096 28.8666 35.9802
      vertex 12.3096 29.3938 36.7332
      vertex 12.3657 29.3572 36.6808
    endloop
  endfacet
  facet normal 0.000147908 0.819138 -0.573596
    outer loop
      vertex 11.6013 28.7858 35.8648
      vertex 11.6013 29.4747 36.8486
      vertex 11.6818 28.7701 35.8424
    endloop
  endfacet
  facet normal 0.000811714 0.819077 -0.573683
    outer loop
      vertex 12.3657 28.9032 36.0326
      vertex 12.3657 29.3572 36.6808
      vertex 12.4129 29.3166 36.6229
    endloop
  endfacet
  facet normal -0.000348765 0.819138 -0.573596
    outer loop
      vertex 11.6013 29.4747 36.8486
      vertex 11.6013 28.7858 35.8648
      vertex 11.525 29.4531 36.8178
    endloop
  endfacet
  facet normal 0.000129307 0.819145 -0.573586
    outer loop
      vertex 12.4129 28.9438 36.0905
      vertex 12.4129 29.3166 36.6229
      vertex 12.4505 29.2729 36.5605
    endloop
  endfacet
  facet normal -0.000737357 0.819123 -0.573617
    outer loop
      vertex 11.525 28.8073 35.8956
      vertex 11.525 29.4531 36.8178
      vertex 11.6013 28.7858 35.8648
    endloop
  endfacet
  facet normal -0.000351993 0.819163 -0.57356
    outer loop
      vertex 12.4129 28.9438 36.0905
      vertex 12.4505 29.2729 36.5605
      vertex 12.4779 29.2267 36.4945
    endloop
  endfacet
  facet normal 1.05532e-05 0.819123 -0.573617
    outer loop
      vertex 11.525 29.4531 36.8178
      vertex 11.525 28.8073 35.8956
      vertex 11.4543 29.426 36.7791
    endloop
  endfacet
  facet normal -0.000801825 0.819197 -0.573512
    outer loop
      vertex 12.4129 28.9438 36.0905
      vertex 12.4779 29.2267 36.4945
      vertex 12.4944 29.1789 36.4262
    endloop
  endfacet
  facet normal -1.15201e-05 0.819123 -0.573619
    outer loop
      vertex 11.4543 28.8344 35.9343
      vertex 11.4543 29.426 36.7791
      vertex 11.525 28.8073 35.8956
    endloop
  endfacet
  facet normal 0.000992235 0.818992 -0.573804
    outer loop
      vertex 12.4129 28.9438 36.0905
      vertex 12.4944 29.1789 36.4262
      vertex 12.5 29.1302 36.3567
    endloop
  endfacet
  facet normal -0.000730163 0.819122 -0.573618
    outer loop
      vertex 11.4543 29.426 36.7791
      vertex 11.4543 28.8344 35.9343
      vertex 11.3904 29.3938 36.7332
    endloop
  endfacet
  facet normal 0.00164039 0.818892 -0.573946
    outer loop
      vertex 12.4129 28.9438 36.0905
      vertex 12.5 29.1302 36.3567
      vertex 12.4944 29.0815 36.2872
    endloop
  endfacet
  facet normal 0.000199095 0.819181 -0.573535
    outer loop
      vertex 11.9348 29.4998 36.8846
      vertex 11.9348 28.7606 35.8288
      vertex 11.85 28.7574 35.8242
    endloop
  endfacet
  facet normal -0.000935583 0.819394 -0.57323
    outer loop
      vertex 12.4129 28.9438 36.0905
      vertex 12.4944 29.0815 36.2872
      vertex 12.4779 29.0337 36.2189
    endloop
  endfacet
  facet normal 0.000819237 0.819181 -0.573535
    outer loop
      vertex 11.3904 28.8666 35.9802
      vertex 11.3904 29.3938 36.7332
      vertex 11.4543 28.8344 35.9343
    endloop
  endfacet
  facet normal -0.00140152 0.819504 -0.573071
    outer loop
      vertex 12.4129 28.9438 36.0905
      vertex 12.4779 29.0337 36.2189
      vertex 12.4505 28.9875 36.1529
    endloop
  endfacet
  facet normal 0.00126979 0.81918 -0.573535
    outer loop
      vertex 11.3904 29.3938 36.7332
      vertex 11.3904 28.8666 35.9802
      vertex 11.3343 29.3572 36.6808
    endloop
  endfacet
  facet normal -0.000988348 0.819145 -0.573586
    outer loop
      vertex 12.4129 29.3166 36.6229
      vertex 12.4129 28.9438 36.0905
      vertex 12.3657 28.9032 36.0326
    endloop
  endfacet
  facet normal -0.0014749 0.819077 -0.573682
    outer loop
      vertex 11.3343 28.9032 36.0326
      vertex 11.3343 29.3572 36.6808
      vertex 11.3904 28.8666 35.9802
    endloop
  endfacet
  facet normal 0.0014749 0.819077 -0.573682
    outer loop
      vertex 12.3657 29.3572 36.6808
      vertex 12.3657 28.9032 36.0326
      vertex 12.3096 28.8666 35.9802
    endloop
  endfacet
  facet normal -0.000811714 0.819077 -0.573683
    outer loop
      vertex 11.3343 29.3572 36.6808
      vertex 11.3343 28.9032 36.0326
      vertex 11.2871 29.3166 36.6229
    endloop
  endfacet
  facet normal -0.000819237 0.819181 -0.573535
    outer loop
      vertex 12.3096 29.3938 36.7332
      vertex 12.3096 28.8666 35.9802
      vertex 12.2457 28.8344 35.9343
    endloop
  endfacet
  facet normal 0.000219818 0.819165 -0.573559
    outer loop
      vertex 12.0182 29.4903 36.871
      vertex 12.0182 28.7701 35.8424
      vertex 11.9348 28.7606 35.8288
    endloop
  endfacet
  facet normal 1.15201e-05 0.819123 -0.573619
    outer loop
      vertex 12.2457 29.426 36.7791
      vertex 12.2457 28.8344 35.9343
      vertex 12.175 28.8073 35.8956
    endloop
  endfacet
  facet normal 0.000737357 0.819123 -0.573617
    outer loop
      vertex 12.175 29.4531 36.8178
      vertex 12.175 28.8073 35.8956
      vertex 12.0987 28.7858 35.8648
    endloop
  endfacet
  facet normal -0.000147908 0.819138 -0.573596
    outer loop
      vertex 12.0987 29.4747 36.8486
      vertex 12.0987 28.7858 35.8648
      vertex 12.0182 28.7701 35.8424
    endloop
  endfacet
  facet normal -0.00164039 0.818892 -0.573946
    outer loop
      vertex 11.2 29.1302 36.3567
      vertex 11.2871 28.9438 36.0905
      vertex 11.2056 29.0815 36.2872
    endloop
  endfacet
  facet normal -0.000129307 0.819145 -0.573586
    outer loop
      vertex 11.2871 29.3166 36.6229
      vertex 11.2871 28.9438 36.0905
      vertex 11.2495 29.2729 36.5605
    endloop
  endfacet
  facet normal 0.000935583 0.819394 -0.57323
    outer loop
      vertex 11.2056 29.0815 36.2872
      vertex 11.2871 28.9438 36.0905
      vertex 11.2221 29.0337 36.2189
    endloop
  endfacet
  facet normal 0.000351993 0.819163 -0.57356
    outer loop
      vertex 11.2495 29.2729 36.5605
      vertex 11.2871 28.9438 36.0905
      vertex 11.2221 29.2267 36.4945
    endloop
  endfacet
  facet normal 0.00140152 0.819504 -0.573071
    outer loop
      vertex 11.2221 29.0337 36.2189
      vertex 11.2871 28.9438 36.0905
      vertex 11.2495 28.9875 36.1529
    endloop
  endfacet
  facet normal -0.000992235 0.818992 -0.573804
    outer loop
      vertex 11.2056 29.1789 36.4262
      vertex 11.2871 28.9438 36.0905
      vertex 11.2 29.1302 36.3567
    endloop
  endfacet
  facet normal 0.000801825 0.819197 -0.573512
    outer loop
      vertex 11.2221 29.2267 36.4945
      vertex 11.2871 28.9438 36.0905
      vertex 11.2056 29.1789 36.4262
    endloop
  endfacet
  facet normal 0.000988348 0.819145 -0.573586
    outer loop
      vertex 11.2871 28.9438 36.0905
      vertex 11.2871 29.3166 36.6229
      vertex 11.3343 28.9032 36.0326
    endloop
  endfacet
  facet normal -0.98097 0.11136 0.159049
    outer loop
      vertex 12.4779 30.3444 35.3012
      vertex 12.4944 29.0815 36.2872
      vertex 12.4944 30.3922 35.3695
    endloop
  endfacet
  facet normal -0.98097 0.11136 0.159049
    outer loop
      vertex 12.4944 29.0815 36.2872
      vertex 12.4779 30.3444 35.3012
      vertex 12.4779 29.0337 36.2189
    endloop
  endfacet
  facet normal -0.831836 0.31835 0.454646
    outer loop
      vertex 12.3657 30.2139 35.1148
      vertex 12.4129 28.9438 36.0905
      vertex 12.4129 30.2544 35.1728
    endloop
  endfacet
  facet normal -0.831747 0.318433 0.454751
    outer loop
      vertex 12.4129 28.9438 36.0905
      vertex 12.3657 30.2139 35.1148
      vertex 12.3657 28.9032 36.0326
    endloop
  endfacet
  facet normal -0.751441 0.378456 0.540469
    outer loop
      vertex 12.3096 30.1772 35.0625
      vertex 12.3657 28.9032 36.0326
      vertex 12.3657 30.2139 35.1148
    endloop
  endfacet
  facet normal -0.751567 0.378366 0.540357
    outer loop
      vertex 12.3657 28.9032 36.0326
      vertex 12.3096 30.1772 35.0625
      vertex 12.3096 28.8666 35.9802
    endloop
  endfacet
  facet normal -0.55561 0.476875 0.681093
    outer loop
      vertex 12.175 30.118 34.9779
      vertex 12.2457 28.8344 35.9343
      vertex 12.2457 30.1451 35.0166
    endloop
  endfacet
  facet normal -0.55561 0.476875 0.681093
    outer loop
      vertex 12.2457 28.8344 35.9343
      vertex 12.175 30.118 34.9779
      vertex 12.175 28.8073 35.8956
    endloop
  endfacet
  facet normal -0.0659357 0.572332 0.817367
    outer loop
      vertex 11.85 30.068 34.9065
      vertex 11.9348 28.7606 35.8288
      vertex 11.9348 30.0712 34.9111
    endloop
  endfacet
  facet normal -0.0659357 0.572332 0.817367
    outer loop
      vertex 11.9348 28.7606 35.8288
      vertex 11.85 30.068 34.9065
      vertex 11.85 28.7574 35.8242
    endloop
  endfacet
  facet normal 0.946742 0.184679 0.263766
    outer loop
      vertex 11.2221 29.0337 36.2189
      vertex 11.2495 30.2982 35.2352
      vertex 11.2221 30.3444 35.3012
    endloop
  endfacet
  facet normal 0.946742 0.184679 0.263766
    outer loop
      vertex 11.2495 30.2982 35.2352
      vertex 11.2221 29.0337 36.2189
      vertex 11.2495 28.9875 36.1529
    endloop
  endfacet
  facet normal 0.98097 0.11136 0.159049
    outer loop
      vertex 11.2056 29.0815 36.2872
      vertex 11.2221 30.3444 35.3012
      vertex 11.2056 30.3922 35.3695
    endloop
  endfacet
  facet normal 0.98097 0.11136 0.159049
    outer loop
      vertex 11.2221 30.3444 35.3012
      vertex 11.2056 29.0815 36.2872
      vertex 11.2221 29.0337 36.2189
    endloop
  endfacet
  facet normal 0.831836 0.31835 0.454646
    outer loop
      vertex 11.2871 28.9438 36.0905
      vertex 11.3343 30.2139 35.1148
      vertex 11.2871 30.2544 35.1728
    endloop
  endfacet
  facet normal 0.831747 0.318433 0.454751
    outer loop
      vertex 11.3343 30.2139 35.1148
      vertex 11.2871 28.9438 36.0905
      vertex 11.3343 28.9032 36.0326
    endloop
  endfacet
  facet normal 0.195092 0.562558 0.80341
    outer loop
      vertex 11.6818 28.7701 35.8424
      vertex 11.7652 30.0712 34.9111
      vertex 11.6818 30.0807 34.9247
    endloop
  endfacet
  facet normal 0.195092 0.562558 0.80341
    outer loop
      vertex 11.7652 30.0712 34.9111
      vertex 11.6818 28.7701 35.8424
      vertex 11.7652 28.7606 35.8288
    endloop
  endfacet
  facet normal 0.55561 0.476875 0.681093
    outer loop
      vertex 11.4543 28.8344 35.9343
      vertex 11.525 30.118 34.9779
      vertex 11.4543 30.1451 35.0166
    endloop
  endfacet
  facet normal 0.55561 0.476875 0.681093
    outer loop
      vertex 11.525 30.118 34.9779
      vertex 11.4543 28.8344 35.9343
      vertex 11.525 28.8073 35.8956
    endloop
  endfacet
  facet normal 0.65916 0.431334 0.616003
    outer loop
      vertex 11.3904 28.8666 35.9802
      vertex 11.4543 30.1451 35.0166
      vertex 11.3904 30.1772 35.0625
    endloop
  endfacet
  facet normal 0.659542 0.43112 0.615744
    outer loop
      vertex 11.4543 30.1451 35.0166
      vertex 11.3904 28.8666 35.9802
      vertex 11.4543 28.8344 35.9343
    endloop
  endfacet
  facet normal -0.99783 0.0377652 0.0539379
    outer loop
      vertex 12.4944 30.3922 35.3695
      vertex 12.5 29.1302 36.3567
      vertex 12.5 30.4409 35.439
    endloop
  endfacet
  facet normal -0.99783 0.0377652 0.0539379
    outer loop
      vertex 12.5 29.1302 36.3567
      vertex 12.4944 30.3922 35.3695
      vertex 12.4944 29.0815 36.2872
    endloop
  endfacet
  facet normal -0.195092 -0.56253 -0.80343
    outer loop
      vertex 11.9348 29.4998 36.8846
      vertex 12.0182 30.801 35.9533
      vertex 12.0182 29.4903 36.871
    endloop
  endfacet
  facet normal -0.195092 -0.56253 -0.80343
    outer loop
      vertex 12.0182 30.801 35.9533
      vertex 11.9348 29.4998 36.8846
      vertex 11.9348 30.8105 35.9669
    endloop
  endfacet
  facet normal -0.55561 -0.476899 -0.681076
    outer loop
      vertex 12.175 29.4531 36.8178
      vertex 12.2457 30.7366 35.8614
      vertex 12.2457 29.426 36.7791
    endloop
  endfacet
  facet normal -0.55561 -0.476899 -0.681076
    outer loop
      vertex 12.2457 30.7366 35.8614
      vertex 12.175 29.4531 36.8178
      vertex 12.175 30.7637 35.9001
    endloop
  endfacet
  facet normal -0.897044 -0.253476 -0.362026
    outer loop
      vertex 12.4505 30.5835 35.6427
      vertex 12.4129 29.3166 36.6229
      vertex 12.4129 30.6273 35.7052
    endloop
  endfacet
  facet normal -0.896723 -0.25388 -0.362536
    outer loop
      vertex 12.4129 29.3166 36.6229
      vertex 12.4505 30.5835 35.6427
      vertex 12.4505 29.2729 36.5605
    endloop
  endfacet
  facet normal 0.321131 -0.5432 -0.775763
    outer loop
      vertex 11.6013 30.7853 35.9309
      vertex 11.6818 29.4903 36.871
      vertex 11.6013 29.4747 36.8486
    endloop
  endfacet
  facet normal 0.321736 -0.543054 -0.775615
    outer loop
      vertex 11.6818 29.4903 36.871
      vertex 11.6013 30.7853 35.9309
      vertex 11.6818 30.801 35.9533
    endloop
  endfacet
  facet normal 0.442214 -0.514449 -0.734703
    outer loop
      vertex 11.525 30.7637 35.9001
      vertex 11.6013 29.4747 36.8486
      vertex 11.525 29.4531 36.8178
    endloop
  endfacet
  facet normal 0.442214 -0.514449 -0.734703
    outer loop
      vertex 11.6013 29.4747 36.8486
      vertex 11.525 30.7637 35.9001
      vertex 11.6013 30.7853 35.9309
    endloop
  endfacet
  facet normal 0.946642 -0.18487 -0.263991
    outer loop
      vertex 11.2495 29.2729 36.5605
      vertex 11.2221 30.5373 35.5768
      vertex 11.2495 30.5835 35.6427
    endloop
  endfacet
  facet normal 0.946742 -0.184688 -0.26376
    outer loop
      vertex 11.2221 30.5373 35.5768
      vertex 11.2495 29.2729 36.5605
      vertex 11.2221 29.2267 36.4945
    endloop
  endfacet
  facet normal 0.997827 -0.0377925 -0.0539729
    outer loop
      vertex 11.2056 29.1789 36.4262
      vertex 11.2 30.4409 35.439
      vertex 11.2056 30.4895 35.5085
    endloop
  endfacet
  facet normal 0.99783 -0.0377652 -0.0539379
    outer loop
      vertex 11.2 30.4409 35.439
      vertex 11.2056 29.1789 36.4262
      vertex 11.2 29.1302 36.3567
    endloop
  endfacet
  facet normal 0.831538 -0.318605 -0.455011
    outer loop
      vertex 11.3343 29.3572 36.6808
      vertex 11.2871 30.6273 35.7052
      vertex 11.3343 30.6678 35.7631
    endloop
  endfacet
  facet normal 0.831747 -0.31841 -0.454767
    outer loop
      vertex 11.2871 30.6273 35.7052
      vertex 11.3343 29.3572 36.6808
      vertex 11.2871 29.3166 36.6229
    endloop
  endfacet
  facet normal 0.75186 -0.378155 -0.540097
    outer loop
      vertex 11.3904 29.3938 36.7332
      vertex 11.3343 30.6678 35.7631
      vertex 11.3904 30.7045 35.8155
    endloop
  endfacet
  facet normal 0.751567 -0.378366 -0.540357
    outer loop
      vertex 11.3343 30.6678 35.7631
      vertex 11.3904 29.3938 36.7332
      vertex 11.3343 29.3572 36.6808
    endloop
  endfacet
  facet normal -0.98097 -0.111365 -0.159045
    outer loop
      vertex 12.4944 30.4895 35.5085
      vertex 12.4779 29.2267 36.4945
      vertex 12.4779 30.5373 35.5768
    endloop
  endfacet
  facet normal -0.98097 -0.111365 -0.159045
    outer loop
      vertex 12.4779 29.2267 36.4945
      vertex 12.4944 30.4895 35.5085
      vertex 12.4944 29.1789 36.4262
    endloop
  endfacet
  facet normal -0.946642 -0.18487 -0.263991
    outer loop
      vertex 12.4779 30.5373 35.5768
      vertex 12.4505 29.2729 36.5605
      vertex 12.4505 30.5835 35.6427
    endloop
  endfacet
  facet normal -0.946742 -0.184688 -0.26376
    outer loop
      vertex 12.4505 29.2729 36.5605
      vertex 12.4779 30.5373 35.5768
      vertex 12.4779 29.2267 36.4945
    endloop
  endfacet
  facet normal -0.65916 -0.431334 -0.616003
    outer loop
      vertex 12.3096 30.7045 35.8155
      vertex 12.2457 29.426 36.7791
      vertex 12.2457 30.7366 35.8614
    endloop
  endfacet
  facet normal -0.659542 -0.43112 -0.615744
    outer loop
      vertex 12.2457 29.426 36.7791
      vertex 12.3096 30.7045 35.8155
      vertex 12.3096 29.3938 36.7332
    endloop
  endfacet
  facet normal -0.831538 -0.318605 -0.455011
    outer loop
      vertex 12.4129 30.6273 35.7052
      vertex 12.3657 29.3572 36.6808
      vertex 12.3657 30.6678 35.7631
    endloop
  endfacet
  facet normal -0.831747 -0.31841 -0.454767
    outer loop
      vertex 12.3657 29.3572 36.6808
      vertex 12.4129 30.6273 35.7052
      vertex 12.4129 29.3166 36.6229
    endloop
  endfacet
  facet normal 0.195092 -0.56253 -0.80343
    outer loop
      vertex 11.6818 30.801 35.9533
      vertex 11.7652 29.4998 36.8846
      vertex 11.6818 29.4903 36.871
    endloop
  endfacet
  facet normal 0.195092 -0.56253 -0.80343
    outer loop
      vertex 11.7652 29.4998 36.8846
      vertex 11.6818 30.801 35.9533
      vertex 11.7652 30.8105 35.9669
    endloop
  endfacet
  facet normal 0.55561 -0.476899 -0.681076
    outer loop
      vertex 11.4543 30.7366 35.8614
      vertex 11.525 29.4531 36.8178
      vertex 11.4543 29.426 36.7791
    endloop
  endfacet
  facet normal 0.55561 -0.476899 -0.681076
    outer loop
      vertex 11.525 29.4531 36.8178
      vertex 11.4543 30.7366 35.8614
      vertex 11.525 30.7637 35.9001
    endloop
  endfacet
  facet normal 0.98097 -0.111365 -0.159045
    outer loop
      vertex 11.2221 29.2267 36.4945
      vertex 11.2056 30.4895 35.5085
      vertex 11.2221 30.5373 35.5768
    endloop
  endfacet
  facet normal 0.98097 -0.111365 -0.159045
    outer loop
      vertex 11.2056 30.4895 35.5085
      vertex 11.2221 29.2267 36.4945
      vertex 11.2056 29.1789 36.4262
    endloop
  endfacet
  facet normal 0 1 -0
    outer loop
      vertex 20 37 14.8
      vertex 19.9603 37 27.2
      vertex 20 37 27.2
    endloop
  endfacet
  facet normal 0 1 0
    outer loop
      vertex 19.9603 37 27.2
      vertex 20 37 14.8
      vertex 19.9784 37 14.8
    endloop
  endfacet
  facet normal 0 0.659248 -0.751925
    outer loop
      vertex 19.9594 37.2343 27.7657
      vertex 20 37.313 27.8347
      vertex 20 37.2343 27.7657
    endloop
  endfacet
  facet normal 0 0.659248 -0.751925
    outer loop
      vertex 20 37.313 27.8347
      vertex 19.9594 37.2343 27.7657
      vertex 19.9593 37.313 27.8347
    endloop
  endfacet
  facet normal -0 0.321388 0.946948
    outer loop
      vertex 19.9795 37.5929 14.0273
      vertex 20 37.4939 14.0609
      vertex 20 37.5929 14.0273
    endloop
  endfacet
  facet normal 0 0.321388 0.946948
    outer loop
      vertex 20 37.4939 14.0609
      vertex 19.9795 37.5929 14.0273
      vertex 19.9795 37.4939 14.0609
    endloop
  endfacet
  facet normal 0 -1 0
    outer loop
      vertex 19.9784 38.6 14.8
      vertex 20 38.6 27.2
      vertex 19.9603 38.6 27.2
    endloop
  endfacet
  facet normal 0 -1 -0
    outer loop
      vertex 20 38.6 27.2
      vertex 19.9784 38.6 14.8
      vertex 20 38.6 14.8
    endloop
  endfacet
  facet normal 0 -0.751925 -0.659248
    outer loop
      vertex 19.9595 38.4347 27.687
      vertex 20 38.3657 27.7657
      vertex 19.9594 38.3657 27.7657
    endloop
  endfacet
  facet normal 0 -0.751925 -0.659248
    outer loop
      vertex 20 38.3657 27.7657
      vertex 19.9595 38.4347 27.687
      vertex 20 38.4347 27.687
    endloop
  endfacet
  facet normal 0 -0.44224 -0.896897
    outer loop
      vertex 20 38.1061 27.9391
      vertex 19.9592 38.2 27.8928
      vertex 20 38.2 27.8928
    endloop
  endfacet
  facet normal 0 -0.44224 -0.896897
    outer loop
      vertex 19.9592 38.2 27.8928
      vertex 20 38.1061 27.9391
      vertex 19.9592 38.1061 27.9391
    endloop
  endfacet
  facet normal 0 0.321388 -0.946948
    outer loop
      vertex 19.9592 37.4939 27.9391
      vertex 20 37.5929 27.9727
      vertex 20 37.4939 27.9391
    endloop
  endfacet
  facet normal 0 0.321388 -0.946948
    outer loop
      vertex 20 37.5929 27.9727
      vertex 19.9592 37.4939 27.9391
      vertex 19.9591 37.5929 27.9727
    endloop
  endfacet
  facet normal -0 0.0649964 0.997886
    outer loop
      vertex 19.9796 37.8 14
      vertex 20 37.6956 14.0068
      vertex 20 37.8 14
    endloop
  endfacet
  facet normal 0 0.0649964 0.997886
    outer loop
      vertex 20 37.6956 14.0068
      vertex 19.9796 37.8 14
      vertex 19.9795 37.6956 14.0068
    endloop
  endfacet
  facet normal 0 -0.0649964 -0.997886
    outer loop
      vertex 20 37.8 28
      vertex 19.9591 37.9044 27.9932
      vertex 20 37.9044 27.9932
    endloop
  endfacet
  facet normal 0 -0.0649964 -0.997886
    outer loop
      vertex 19.9591 37.9044 27.9932
      vertex 20 37.8 28
      vertex 19.9591 37.8 28
    endloop
  endfacet
  facet normal 0 -0.751925 0.659248
    outer loop
      vertex 19.9792 38.3657 14.2343
      vertex 20 38.4347 14.313
      vertex 19.9791 38.4347 14.313
    endloop
  endfacet
  facet normal 0 -0.751925 0.659248
    outer loop
      vertex 20 38.4347 14.313
      vertex 19.9792 38.3657 14.2343
      vertex 20 38.3657 14.2343
    endloop
  endfacet
  facet normal 0 -0.997886 -0.0649964
    outer loop
      vertex 19.9603 38.6 27.2
      vertex 20 38.5932 27.3044
      vertex 19.9601 38.5932 27.3044
    endloop
  endfacet
  facet normal 0 -0.997886 -0.0649964
    outer loop
      vertex 20 38.5932 27.3044
      vertex 19.9603 38.6 27.2
      vertex 20 38.6 27.2
    endloop
  endfacet
  facet normal 0 -0.946948 -0.321388
    outer loop
      vertex 19.96 38.5727 27.4071
      vertex 20 38.5391 27.5061
      vertex 19.9598 38.5391 27.5061
    endloop
  endfacet
  facet normal 0 -0.946948 -0.321388
    outer loop
      vertex 20 38.5391 27.5061
      vertex 19.96 38.5727 27.4071
      vertex 20 38.5727 27.4071
    endloop
  endfacet
  facet normal 0 -0.659248 -0.751925
    outer loop
      vertex 20 38.287 27.8347
      vertex 19.9594 38.3657 27.7657
      vertex 20 38.3657 27.7657
    endloop
  endfacet
  facet normal 0 -0.659248 -0.751925
    outer loop
      vertex 19.9594 38.3657 27.7657
      vertex 20 38.287 27.8347
      vertex 19.9593 38.287 27.8347
    endloop
  endfacet
  facet normal 0 0.997886 -0.0649964
    outer loop
      vertex 20 37 27.2
      vertex 19.9601 37.0068 27.3044
      vertex 20 37.0068 27.3044
    endloop
  endfacet
  facet normal 0 0.997886 -0.0649964
    outer loop
      vertex 19.9601 37.0068 27.3044
      vertex 20 37 27.2
      vertex 19.9603 37 27.2
    endloop
  endfacet
  facet normal 0 0.751925 -0.659248
    outer loop
      vertex 20 37.1653 27.687
      vertex 19.9594 37.2343 27.7657
      vertex 20 37.2343 27.7657
    endloop
  endfacet
  facet normal 0 0.751925 -0.659248
    outer loop
      vertex 19.9594 37.2343 27.7657
      vertex 20 37.1653 27.687
      vertex 19.9595 37.1653 27.687
    endloop
  endfacet
  facet normal 0 0.896897 -0.44224
    outer loop
      vertex 20 37.0609 27.5061
      vertex 19.9597 37.1072 27.6
      vertex 20 37.1072 27.6
    endloop
  endfacet
  facet normal 0 0.896897 -0.44224
    outer loop
      vertex 19.9597 37.1072 27.6
      vertex 20 37.0609 27.5061
      vertex 19.9598 37.0609 27.5061
    endloop
  endfacet
  facet normal 0 0.195749 -0.980654
    outer loop
      vertex 19.9591 37.5929 27.9727
      vertex 20 37.6956 27.9932
      vertex 20 37.5929 27.9727
    endloop
  endfacet
  facet normal 0 0.195749 -0.980654
    outer loop
      vertex 20 37.6956 27.9932
      vertex 19.9591 37.5929 27.9727
      vertex 19.9591 37.6956 27.9932
    endloop
  endfacet
  facet normal 0 0.997886 0.0649964
    outer loop
      vertex 20 37.0068 14.6956
      vertex 19.9784 37 14.8
      vertex 20 37 14.8
    endloop
  endfacet
  facet normal 0 0.997886 0.0649964
    outer loop
      vertex 19.9784 37 14.8
      vertex 20 37.0068 14.6956
      vertex 19.9785 37.0068 14.6956
    endloop
  endfacet
  facet normal 0 0.896897 0.44224
    outer loop
      vertex 20 37.1072 14.4
      vertex 19.9788 37.0609 14.4939
      vertex 20 37.0609 14.4939
    endloop
  endfacet
  facet normal 0 0.896897 0.44224
    outer loop
      vertex 19.9788 37.0609 14.4939
      vertex 20 37.1072 14.4
      vertex 19.979 37.1072 14.4
    endloop
  endfacet
  facet normal -0 0.555362 0.831609
    outer loop
      vertex 19.9794 37.4 14.1072
      vertex 20 37.313 14.1653
      vertex 20 37.4 14.1072
    endloop
  endfacet
  facet normal 0 0.555362 0.831609
    outer loop
      vertex 20 37.313 14.1653
      vertex 19.9794 37.4 14.1072
      vertex 19.9793 37.313 14.1653
    endloop
  endfacet
  facet normal 0 -0.0649964 0.997886
    outer loop
      vertex 20 37.9044 14.0068
      vertex 19.9796 37.8 14
      vertex 20 37.8 14
    endloop
  endfacet
  facet normal 0 -0.0649964 0.997886
    outer loop
      vertex 19.9796 37.8 14
      vertex 20 37.9044 14.0068
      vertex 19.9795 37.9044 14.0068
    endloop
  endfacet
  facet normal -0 0.195749 0.980654
    outer loop
      vertex 19.9795 37.6956 14.0068
      vertex 20 37.5929 14.0273
      vertex 20 37.6956 14.0068
    endloop
  endfacet
  facet normal 0 0.195749 0.980654
    outer loop
      vertex 20 37.5929 14.0273
      vertex 19.9795 37.6956 14.0068
      vertex 19.9795 37.5929 14.0273
    endloop
  endfacet
  facet normal 0 -0.195749 0.980654
    outer loop
      vertex 20 38.0071 14.0273
      vertex 19.9795 37.9044 14.0068
      vertex 20 37.9044 14.0068
    endloop
  endfacet
  facet normal 0 -0.195749 0.980654
    outer loop
      vertex 19.9795 37.9044 14.0068
      vertex 20 38.0071 14.0273
      vertex 19.9795 38.0071 14.0273
    endloop
  endfacet
  facet normal 0 -0.997886 0.0649964
    outer loop
      vertex 19.9785 38.5932 14.6956
      vertex 20 38.6 14.8
      vertex 19.9784 38.6 14.8
    endloop
  endfacet
  facet normal 0 -0.997886 0.0649964
    outer loop
      vertex 20 38.6 14.8
      vertex 19.9785 38.5932 14.6956
      vertex 20 38.5932 14.6956
    endloop
  endfacet
  facet normal 0 -0.831609 0.555362
    outer loop
      vertex 19.9791 38.4347 14.313
      vertex 20 38.4928 14.4
      vertex 19.979 38.4928 14.4
    endloop
  endfacet
  facet normal 0 -0.831609 0.555362
    outer loop
      vertex 20 38.4928 14.4
      vertex 19.9791 38.4347 14.313
      vertex 20 38.4347 14.313
    endloop
  endfacet
  facet normal 0 -0.555362 0.831609
    outer loop
      vertex 20 38.287 14.1653
      vertex 19.9794 38.2 14.1072
      vertex 20 38.2 14.1072
    endloop
  endfacet
  facet normal 0 -0.555362 0.831609
    outer loop
      vertex 19.9794 38.2 14.1072
      vertex 20 38.287 14.1653
      vertex 19.9793 38.287 14.1653
    endloop
  endfacet
  facet normal 0 -0.321388 -0.946948
    outer loop
      vertex 20 38.0071 27.9727
      vertex 19.9592 38.1061 27.9391
      vertex 20 38.1061 27.9391
    endloop
  endfacet
  facet normal 0 -0.321388 -0.946948
    outer loop
      vertex 19.9592 38.1061 27.9391
      vertex 20 38.0071 27.9727
      vertex 19.9591 38.0071 27.9727
    endloop
  endfacet
  facet normal 0 -0.195749 -0.980654
    outer loop
      vertex 20 37.9044 27.9932
      vertex 19.9591 38.0071 27.9727
      vertex 20 38.0071 27.9727
    endloop
  endfacet
  facet normal 0 -0.195749 -0.980654
    outer loop
      vertex 19.9591 38.0071 27.9727
      vertex 20 37.9044 27.9932
      vertex 19.9591 37.9044 27.9932
    endloop
  endfacet
  facet normal 0 -0.980654 -0.195749
    outer loop
      vertex 19.9601 38.5932 27.3044
      vertex 20 38.5727 27.4071
      vertex 19.96 38.5727 27.4071
    endloop
  endfacet
  facet normal 0 -0.980654 -0.195749
    outer loop
      vertex 20 38.5727 27.4071
      vertex 19.9601 38.5932 27.3044
      vertex 20 38.5932 27.3044
    endloop
  endfacet
  facet normal 0 -0.831609 -0.555362
    outer loop
      vertex 19.9597 38.4928 27.6
      vertex 20 38.4347 27.687
      vertex 19.9595 38.4347 27.687
    endloop
  endfacet
  facet normal 0 -0.831609 -0.555362
    outer loop
      vertex 20 38.4347 27.687
      vertex 19.9597 38.4928 27.6
      vertex 20 38.4928 27.6
    endloop
  endfacet
  facet normal 0 -0.896897 -0.44224
    outer loop
      vertex 19.9598 38.5391 27.5061
      vertex 20 38.4928 27.6
      vertex 19.9597 38.4928 27.6
    endloop
  endfacet
  facet normal 0 -0.896897 -0.44224
    outer loop
      vertex 20 38.4928 27.6
      vertex 19.9598 38.5391 27.5061
      vertex 20 38.5391 27.5061
    endloop
  endfacet
  facet normal 0 -0.555362 -0.831609
    outer loop
      vertex 20 38.2 27.8928
      vertex 19.9593 38.287 27.8347
      vertex 20 38.287 27.8347
    endloop
  endfacet
  facet normal 0 -0.555362 -0.831609
    outer loop
      vertex 19.9593 38.287 27.8347
      vertex 20 38.2 27.8928
      vertex 19.9592 38.2 27.8928
    endloop
  endfacet
  facet normal 0 0.946948 -0.321388
    outer loop
      vertex 20 37.0273 27.4071
      vertex 19.9598 37.0609 27.5061
      vertex 20 37.0609 27.5061
    endloop
  endfacet
  facet normal 0 0.946948 -0.321388
    outer loop
      vertex 19.9598 37.0609 27.5061
      vertex 20 37.0273 27.4071
      vertex 19.96 37.0273 27.4071
    endloop
  endfacet
  facet normal 0 0.980654 -0.195749
    outer loop
      vertex 20 37.0068 27.3044
      vertex 19.96 37.0273 27.4071
      vertex 20 37.0273 27.4071
    endloop
  endfacet
  facet normal 0 0.980654 -0.195749
    outer loop
      vertex 19.96 37.0273 27.4071
      vertex 20 37.0068 27.3044
      vertex 19.9601 37.0068 27.3044
    endloop
  endfacet
  facet normal 0 0.831609 -0.555362
    outer loop
      vertex 20 37.1072 27.6
      vertex 19.9595 37.1653 27.687
      vertex 20 37.1653 27.687
    endloop
  endfacet
  facet normal 0 0.831609 -0.555362
    outer loop
      vertex 19.9595 37.1653 27.687
      vertex 20 37.1072 27.6
      vertex 19.9597 37.1072 27.6
    endloop
  endfacet
  facet normal 0 0.44224 -0.896897
    outer loop
      vertex 19.9592 37.4 27.8928
      vertex 20 37.4939 27.9391
      vertex 20 37.4 27.8928
    endloop
  endfacet
  facet normal 0 0.44224 -0.896897
    outer loop
      vertex 20 37.4939 27.9391
      vertex 19.9592 37.4 27.8928
      vertex 19.9592 37.4939 27.9391
    endloop
  endfacet
  facet normal 0 0.555362 -0.831609
    outer loop
      vertex 19.9593 37.313 27.8347
      vertex 20 37.4 27.8928
      vertex 20 37.313 27.8347
    endloop
  endfacet
  facet normal 0 0.555362 -0.831609
    outer loop
      vertex 20 37.4 27.8928
      vertex 19.9593 37.313 27.8347
      vertex 19.9592 37.4 27.8928
    endloop
  endfacet
  facet normal 0 0.0649964 -0.997886
    outer loop
      vertex 19.9591 37.6956 27.9932
      vertex 20 37.8 28
      vertex 20 37.6956 27.9932
    endloop
  endfacet
  facet normal 0 0.0649964 -0.997886
    outer loop
      vertex 20 37.8 28
      vertex 19.9591 37.6956 27.9932
      vertex 19.9591 37.8 28
    endloop
  endfacet
  facet normal 0 0.946948 0.321388
    outer loop
      vertex 20 37.0609 14.4939
      vertex 19.9787 37.0273 14.5929
      vertex 20 37.0273 14.5929
    endloop
  endfacet
  facet normal 0 0.946948 0.321388
    outer loop
      vertex 19.9787 37.0273 14.5929
      vertex 20 37.0609 14.4939
      vertex 19.9788 37.0609 14.4939
    endloop
  endfacet
  facet normal 0 0.980654 0.195749
    outer loop
      vertex 20 37.0273 14.5929
      vertex 19.9785 37.0068 14.6956
      vertex 20 37.0068 14.6956
    endloop
  endfacet
  facet normal 0 0.980654 0.195749
    outer loop
      vertex 19.9785 37.0068 14.6956
      vertex 20 37.0273 14.5929
      vertex 19.9787 37.0273 14.5929
    endloop
  endfacet
  facet normal 0 -0.896897 0.44224
    outer loop
      vertex 19.979 38.4928 14.4
      vertex 20 38.5391 14.4939
      vertex 19.9788 38.5391 14.4939
    endloop
  endfacet
  facet normal 0 -0.896897 0.44224
    outer loop
      vertex 20 38.5391 14.4939
      vertex 19.979 38.4928 14.4
      vertex 20 38.4928 14.4
    endloop
  endfacet
  facet normal 0 -0.946948 0.321388
    outer loop
      vertex 19.9788 38.5391 14.4939
      vertex 20 38.5727 14.5929
      vertex 19.9787 38.5727 14.5929
    endloop
  endfacet
  facet normal 0 -0.946948 0.321388
    outer loop
      vertex 20 38.5727 14.5929
      vertex 19.9788 38.5391 14.4939
      vertex 20 38.5391 14.4939
    endloop
  endfacet
  facet normal 0 -0.44224 0.896897
    outer loop
      vertex 20 38.2 14.1072
      vertex 19.9795 38.1061 14.0609
      vertex 20 38.1061 14.0609
    endloop
  endfacet
  facet normal 0 -0.44224 0.896897
    outer loop
      vertex 19.9795 38.1061 14.0609
      vertex 20 38.2 14.1072
      vertex 19.9794 38.2 14.1072
    endloop
  endfacet
  facet normal 0 -0.659248 0.751925
    outer loop
      vertex 20 38.3657 14.2343
      vertex 19.9793 38.287 14.1653
      vertex 20 38.287 14.1653
    endloop
  endfacet
  facet normal 0 -0.659248 0.751925
    outer loop
      vertex 19.9793 38.287 14.1653
      vertex 20 38.3657 14.2343
      vertex 19.9792 38.3657 14.2343
    endloop
  endfacet
  facet normal 0 0.751925 0.659248
    outer loop
      vertex 20 37.2343 14.2343
      vertex 19.9791 37.1653 14.313
      vertex 20 37.1653 14.313
    endloop
  endfacet
  facet normal 0 0.751925 0.659248
    outer loop
      vertex 19.9791 37.1653 14.313
      vertex 20 37.2343 14.2343
      vertex 19.9792 37.2343 14.2343
    endloop
  endfacet
  facet normal -0 0.659248 0.751925
    outer loop
      vertex 19.9793 37.313 14.1653
      vertex 20 37.2343 14.2343
      vertex 20 37.313 14.1653
    endloop
  endfacet
  facet normal 0 0.659248 0.751925
    outer loop
      vertex 20 37.2343 14.2343
      vertex 19.9793 37.313 14.1653
      vertex 19.9792 37.2343 14.2343
    endloop
  endfacet
  facet normal -0 0.44224 0.896897
    outer loop
      vertex 19.9795 37.4939 14.0609
      vertex 20 37.4 14.1072
      vertex 20 37.4939 14.0609
    endloop
  endfacet
  facet normal 0 0.44224 0.896897
    outer loop
      vertex 20 37.4 14.1072
      vertex 19.9795 37.4939 14.0609
      vertex 19.9794 37.4 14.1072
    endloop
  endfacet
  facet normal 0 -0.980654 0.195749
    outer loop
      vertex 19.9787 38.5727 14.5929
      vertex 20 38.5932 14.6956
      vertex 19.9785 38.5932 14.6956
    endloop
  endfacet
  facet normal 0 -0.980654 0.195749
    outer loop
      vertex 20 38.5932 14.6956
      vertex 19.9787 38.5727 14.5929
      vertex 20 38.5727 14.5929
    endloop
  endfacet
  facet normal 0 -0.321388 0.946948
    outer loop
      vertex 20 38.1061 14.0609
      vertex 19.9795 38.0071 14.0273
      vertex 20 38.0071 14.0273
    endloop
  endfacet
  facet normal 0 -0.321388 0.946948
    outer loop
      vertex 19.9795 38.0071 14.0273
      vertex 20 38.1061 14.0609
      vertex 19.9795 38.1061 14.0609
    endloop
  endfacet
  facet normal 0 0.831609 0.555362
    outer loop
      vertex 20 37.1653 14.313
      vertex 19.979 37.1072 14.4
      vertex 20 37.1072 14.4
    endloop
  endfacet
  facet normal 0 0.831609 0.555362
    outer loop
      vertex 19.979 37.1072 14.4
      vertex 20 37.1653 14.313
      vertex 19.9791 37.1653 14.313
    endloop
  endfacet
  facet normal 0 -0.195749 0.980654
    outer loop
      vertex 20 41.4071 14.0273
      vertex 19.9795 41.3044 14.0068
      vertex 20 41.3044 14.0068
    endloop
  endfacet
  facet normal 0 -0.195749 0.980654
    outer loop
      vertex 19.9795 41.3044 14.0068
      vertex 20 41.4071 14.0273
      vertex 19.9795 41.4071 14.0273
    endloop
  endfacet
  facet normal 0 -0.0649964 -0.997886
    outer loop
      vertex 20 41.2 28
      vertex 19.9591 41.3044 27.9932
      vertex 20 41.3044 27.9932
    endloop
  endfacet
  facet normal 0 -0.0649964 -0.997886
    outer loop
      vertex 19.9591 41.3044 27.9932
      vertex 20 41.2 28
      vertex 19.9591 41.2 28
    endloop
  endfacet
  facet normal 0 1 -0
    outer loop
      vertex 20 40.4 14.8
      vertex 19.9603 40.4 27.2
      vertex 20 40.4 27.2
    endloop
  endfacet
  facet normal 0 1 0
    outer loop
      vertex 19.9603 40.4 27.2
      vertex 20 40.4 14.8
      vertex 19.9784 40.4 14.8
    endloop
  endfacet
  facet normal 0 0.997886 -0.0649964
    outer loop
      vertex 20 40.4 27.2
      vertex 19.9601 40.4068 27.3044
      vertex 20 40.4068 27.3044
    endloop
  endfacet
  facet normal 0 0.997886 -0.0649964
    outer loop
      vertex 19.9601 40.4068 27.3044
      vertex 20 40.4 27.2
      vertex 19.9603 40.4 27.2
    endloop
  endfacet
  facet normal 0 0.659248 -0.751925
    outer loop
      vertex 19.9594 40.6343 27.7657
      vertex 20 40.713 27.8347
      vertex 20 40.6343 27.7657
    endloop
  endfacet
  facet normal 0 0.659248 -0.751925
    outer loop
      vertex 20 40.713 27.8347
      vertex 19.9594 40.6343 27.7657
      vertex 19.9593 40.713 27.8347
    endloop
  endfacet
  facet normal -0 0.659248 0.751925
    outer loop
      vertex 19.9793 40.713 14.1653
      vertex 20 40.6343 14.2343
      vertex 20 40.713 14.1653
    endloop
  endfacet
  facet normal 0 0.659248 0.751925
    outer loop
      vertex 20 40.6343 14.2343
      vertex 19.9793 40.713 14.1653
      vertex 19.9792 40.6343 14.2343
    endloop
  endfacet
  facet normal 0 -0.751925 -0.659248
    outer loop
      vertex 19.9595 41.8347 27.687
      vertex 20 41.7657 27.7657
      vertex 19.9594 41.7657 27.7657
    endloop
  endfacet
  facet normal 0 -0.751925 -0.659248
    outer loop
      vertex 20 41.7657 27.7657
      vertex 19.9595 41.8347 27.687
      vertex 20 41.8347 27.687
    endloop
  endfacet
  facet normal 0 -1 0
    outer loop
      vertex 19.9784 42 14.8
      vertex 20 42 27.2
      vertex 19.9603 42 27.2
    endloop
  endfacet
  facet normal 0 -1 -0
    outer loop
      vertex 20 42 27.2
      vertex 19.9784 42 14.8
      vertex 20 42 14.8
    endloop
  endfacet
  facet normal 0 0.321388 -0.946948
    outer loop
      vertex 19.9592 40.8939 27.9391
      vertex 20 40.9929 27.9727
      vertex 20 40.8939 27.9391
    endloop
  endfacet
  facet normal 0 0.321388 -0.946948
    outer loop
      vertex 20 40.9929 27.9727
      vertex 19.9592 40.8939 27.9391
      vertex 19.9591 40.9929 27.9727
    endloop
  endfacet
  facet normal 0 -0.555362 0.831609
    outer loop
      vertex 20 41.687 14.1653
      vertex 19.9794 41.6 14.1072
      vertex 20 41.6 14.1072
    endloop
  endfacet
  facet normal 0 -0.555362 0.831609
    outer loop
      vertex 19.9794 41.6 14.1072
      vertex 20 41.687 14.1653
      vertex 19.9793 41.687 14.1653
    endloop
  endfacet
  facet normal 0 -0.555362 -0.831609
    outer loop
      vertex 20 41.6 27.8928
      vertex 19.9593 41.687 27.8347
      vertex 20 41.687 27.8347
    endloop
  endfacet
  facet normal 0 -0.555362 -0.831609
    outer loop
      vertex 19.9593 41.687 27.8347
      vertex 20 41.6 27.8928
      vertex 19.9592 41.6 27.8928
    endloop
  endfacet
  facet normal 0 -0.980654 0.195749
    outer loop
      vertex 19.9787 41.9727 14.5929
      vertex 20 41.9932 14.6956
      vertex 19.9785 41.9932 14.6956
    endloop
  endfacet
  facet normal 0 -0.980654 0.195749
    outer loop
      vertex 20 41.9932 14.6956
      vertex 19.9787 41.9727 14.5929
      vertex 20 41.9727 14.5929
    endloop
  endfacet
  facet normal 0 -0.946948 -0.321388
    outer loop
      vertex 19.96 41.9727 27.4071
      vertex 20 41.9391 27.5061
      vertex 19.9598 41.9391 27.5061
    endloop
  endfacet
  facet normal 0 -0.946948 -0.321388
    outer loop
      vertex 20 41.9391 27.5061
      vertex 19.96 41.9727 27.4071
      vertex 20 41.9727 27.4071
    endloop
  endfacet
  facet normal 0 -0.659248 -0.751925
    outer loop
      vertex 20 41.687 27.8347
      vertex 19.9594 41.7657 27.7657
      vertex 20 41.7657 27.7657
    endloop
  endfacet
  facet normal 0 -0.659248 -0.751925
    outer loop
      vertex 19.9594 41.7657 27.7657
      vertex 20 41.687 27.8347
      vertex 19.9593 41.687 27.8347
    endloop
  endfacet
  facet normal 0 -0.321388 -0.946948
    outer loop
      vertex 20 41.4071 27.9727
      vertex 19.9592 41.5061 27.9391
      vertex 20 41.5061 27.9391
    endloop
  endfacet
  facet normal 0 -0.321388 -0.946948
    outer loop
      vertex 19.9592 41.5061 27.9391
      vertex 20 41.4071 27.9727
      vertex 19.9591 41.4071 27.9727
    endloop
  endfacet
  facet normal 0 0.831609 -0.555362
    outer loop
      vertex 20 40.5072 27.6
      vertex 19.9595 40.5653 27.687
      vertex 20 40.5653 27.687
    endloop
  endfacet
  facet normal 0 0.831609 -0.555362
    outer loop
      vertex 19.9595 40.5653 27.687
      vertex 20 40.5072 27.6
      vertex 19.9597 40.5072 27.6
    endloop
  endfacet
  facet normal 0 0.751925 -0.659248
    outer loop
      vertex 20 40.5653 27.687
      vertex 19.9594 40.6343 27.7657
      vertex 20 40.6343 27.7657
    endloop
  endfacet
  facet normal 0 0.751925 -0.659248
    outer loop
      vertex 19.9594 40.6343 27.7657
      vertex 20 40.5653 27.687
      vertex 19.9595 40.5653 27.687
    endloop
  endfacet
  facet normal 0 0.555362 -0.831609
    outer loop
      vertex 19.9593 40.713 27.8347
      vertex 20 40.8 27.8928
      vertex 20 40.713 27.8347
    endloop
  endfacet
  facet normal 0 0.555362 -0.831609
    outer loop
      vertex 20 40.8 27.8928
      vertex 19.9593 40.713 27.8347
      vertex 19.9592 40.8 27.8928
    endloop
  endfacet
  facet normal 0 0.0649964 -0.997886
    outer loop
      vertex 19.9591 41.0956 27.9932
      vertex 20 41.2 28
      vertex 20 41.0956 27.9932
    endloop
  endfacet
  facet normal 0 0.0649964 -0.997886
    outer loop
      vertex 20 41.2 28
      vertex 19.9591 41.0956 27.9932
      vertex 19.9591 41.2 28
    endloop
  endfacet
  facet normal 0 0.751925 0.659248
    outer loop
      vertex 20 40.6343 14.2343
      vertex 19.9791 40.5653 14.313
      vertex 20 40.5653 14.313
    endloop
  endfacet
  facet normal 0 0.751925 0.659248
    outer loop
      vertex 19.9791 40.5653 14.313
      vertex 20 40.6343 14.2343
      vertex 19.9792 40.6343 14.2343
    endloop
  endfacet
  facet normal -0 0.321388 0.946948
    outer loop
      vertex 19.9795 40.9929 14.0273
      vertex 20 40.8939 14.0609
      vertex 20 40.9929 14.0273
    endloop
  endfacet
  facet normal 0 0.321388 0.946948
    outer loop
      vertex 20 40.8939 14.0609
      vertex 19.9795 40.9929 14.0273
      vertex 19.9795 40.8939 14.0609
    endloop
  endfacet
  facet normal -0 0.195749 0.980654
    outer loop
      vertex 19.9795 41.0956 14.0068
      vertex 20 40.9929 14.0273
      vertex 20 41.0956 14.0068
    endloop
  endfacet
  facet normal 0 0.195749 0.980654
    outer loop
      vertex 20 40.9929 14.0273
      vertex 19.9795 41.0956 14.0068
      vertex 19.9795 40.9929 14.0273
    endloop
  endfacet
  facet normal -0 0.0649964 0.997886
    outer loop
      vertex 19.9796 41.2 14
      vertex 20 41.0956 14.0068
      vertex 20 41.2 14
    endloop
  endfacet
  facet normal 0 0.0649964 0.997886
    outer loop
      vertex 20 41.0956 14.0068
      vertex 19.9796 41.2 14
      vertex 19.9795 41.0956 14.0068
    endloop
  endfacet
  facet normal 0 -0.0649964 0.997886
    outer loop
      vertex 20 41.3044 14.0068
      vertex 19.9796 41.2 14
      vertex 20 41.2 14
    endloop
  endfacet
  facet normal 0 -0.0649964 0.997886
    outer loop
      vertex 19.9796 41.2 14
      vertex 20 41.3044 14.0068
      vertex 19.9795 41.3044 14.0068
    endloop
  endfacet
  facet normal 0 -0.831609 0.555362
    outer loop
      vertex 19.9791 41.8347 14.313
      vertex 20 41.8928 14.4
      vertex 19.979 41.8928 14.4
    endloop
  endfacet
  facet normal 0 -0.831609 0.555362
    outer loop
      vertex 20 41.8928 14.4
      vertex 19.9791 41.8347 14.313
      vertex 20 41.8347 14.313
    endloop
  endfacet
  facet normal 0 -0.946948 0.321388
    outer loop
      vertex 19.9788 41.9391 14.4939
      vertex 20 41.9727 14.5929
      vertex 19.9787 41.9727 14.5929
    endloop
  endfacet
  facet normal 0 -0.946948 0.321388
    outer loop
      vertex 20 41.9727 14.5929
      vertex 19.9788 41.9391 14.4939
      vertex 20 41.9391 14.4939
    endloop
  endfacet
  facet normal 0 -0.896897 0.44224
    outer loop
      vertex 19.979 41.8928 14.4
      vertex 20 41.9391 14.4939
      vertex 19.9788 41.9391 14.4939
    endloop
  endfacet
  facet normal 0 -0.896897 0.44224
    outer loop
      vertex 20 41.9391 14.4939
      vertex 19.979 41.8928 14.4
      vertex 20 41.8928 14.4
    endloop
  endfacet
  facet normal 0 -0.980654 -0.195749
    outer loop
      vertex 19.9601 41.9932 27.3044
      vertex 20 41.9727 27.4071
      vertex 19.96 41.9727 27.4071
    endloop
  endfacet
  facet normal 0 -0.980654 -0.195749
    outer loop
      vertex 20 41.9727 27.4071
      vertex 19.9601 41.9932 27.3044
      vertex 20 41.9932 27.3044
    endloop
  endfacet
  facet normal 0 -0.997886 -0.0649964
    outer loop
      vertex 19.9603 42 27.2
      vertex 20 41.9932 27.3044
      vertex 19.9601 41.9932 27.3044
    endloop
  endfacet
  facet normal 0 -0.997886 -0.0649964
    outer loop
      vertex 20 41.9932 27.3044
      vertex 19.9603 42 27.2
      vertex 20 42 27.2
    endloop
  endfacet
  facet normal 0 -0.896897 -0.44224
    outer loop
      vertex 19.9598 41.9391 27.5061
      vertex 20 41.8928 27.6
      vertex 19.9597 41.8928 27.6
    endloop
  endfacet
  facet normal 0 -0.896897 -0.44224
    outer loop
      vertex 20 41.8928 27.6
      vertex 19.9598 41.9391 27.5061
      vertex 20 41.9391 27.5061
    endloop
  endfacet
  facet normal 0 -0.831609 -0.555362
    outer loop
      vertex 19.9597 41.8928 27.6
      vertex 20 41.8347 27.687
      vertex 19.9595 41.8347 27.687
    endloop
  endfacet
  facet normal 0 -0.831609 -0.555362
    outer loop
      vertex 20 41.8347 27.687
      vertex 19.9597 41.8928 27.6
      vertex 20 41.8928 27.6
    endloop
  endfacet
  facet normal 0 -0.44224 -0.896897
    outer loop
      vertex 20 41.5061 27.9391
      vertex 19.9592 41.6 27.8928
      vertex 20 41.6 27.8928
    endloop
  endfacet
  facet normal 0 -0.44224 -0.896897
    outer loop
      vertex 19.9592 41.6 27.8928
      vertex 20 41.5061 27.9391
      vertex 19.9592 41.5061 27.9391
    endloop
  endfacet
  facet normal 0 -0.195749 -0.980654
    outer loop
      vertex 20 41.3044 27.9932
      vertex 19.9591 41.4071 27.9727
      vertex 20 41.4071 27.9727
    endloop
  endfacet
  facet normal 0 -0.195749 -0.980654
    outer loop
      vertex 19.9591 41.4071 27.9727
      vertex 20 41.3044 27.9932
      vertex 19.9591 41.3044 27.9932
    endloop
  endfacet
  facet normal 0 0.896897 -0.44224
    outer loop
      vertex 20 40.4609 27.5061
      vertex 19.9597 40.5072 27.6
      vertex 20 40.5072 27.6
    endloop
  endfacet
  facet normal 0 0.896897 -0.44224
    outer loop
      vertex 19.9597 40.5072 27.6
      vertex 20 40.4609 27.5061
      vertex 19.9598 40.4609 27.5061
    endloop
  endfacet
  facet normal 0 0.946948 -0.321388
    outer loop
      vertex 20 40.4273 27.4071
      vertex 19.9598 40.4609 27.5061
      vertex 20 40.4609 27.5061
    endloop
  endfacet
  facet normal 0 0.946948 -0.321388
    outer loop
      vertex 19.9598 40.4609 27.5061
      vertex 20 40.4273 27.4071
      vertex 19.96 40.4273 27.4071
    endloop
  endfacet
  facet normal 0 0.980654 -0.195749
    outer loop
      vertex 20 40.4068 27.3044
      vertex 19.96 40.4273 27.4071
      vertex 20 40.4273 27.4071
    endloop
  endfacet
  facet normal 0 0.980654 -0.195749
    outer loop
      vertex 19.96 40.4273 27.4071
      vertex 20 40.4068 27.3044
      vertex 19.9601 40.4068 27.3044
    endloop
  endfacet
  facet normal 0 0.997886 0.0649964
    outer loop
      vertex 20 40.4068 14.6956
      vertex 19.9784 40.4 14.8
      vertex 20 40.4 14.8
    endloop
  endfacet
  facet normal 0 0.997886 0.0649964
    outer loop
      vertex 19.9784 40.4 14.8
      vertex 20 40.4068 14.6956
      vertex 19.9785 40.4068 14.6956
    endloop
  endfacet
  facet normal 0 -0.44224 0.896897
    outer loop
      vertex 20 41.6 14.1072
      vertex 19.9795 41.5061 14.0609
      vertex 20 41.5061 14.0609
    endloop
  endfacet
  facet normal 0 -0.44224 0.896897
    outer loop
      vertex 19.9795 41.5061 14.0609
      vertex 20 41.6 14.1072
      vertex 19.9794 41.6 14.1072
    endloop
  endfacet
  facet normal 0 -0.659248 0.751925
    outer loop
      vertex 20 41.7657 14.2343
      vertex 19.9793 41.687 14.1653
      vertex 20 41.687 14.1653
    endloop
  endfacet
  facet normal 0 -0.659248 0.751925
    outer loop
      vertex 19.9793 41.687 14.1653
      vertex 20 41.7657 14.2343
      vertex 19.9792 41.7657 14.2343
    endloop
  endfacet
  facet normal 0 -0.751925 0.659248
    outer loop
      vertex 19.9792 41.7657 14.2343
      vertex 20 41.8347 14.313
      vertex 19.9791 41.8347 14.313
    endloop
  endfacet
  facet normal 0 -0.751925 0.659248
    outer loop
      vertex 20 41.8347 14.313
      vertex 19.9792 41.7657 14.2343
      vertex 20 41.7657 14.2343
    endloop
  endfacet
  facet normal 0 -0.997886 0.0649964
    outer loop
      vertex 19.9785 41.9932 14.6956
      vertex 20 42 14.8
      vertex 19.9784 42 14.8
    endloop
  endfacet
  facet normal 0 -0.997886 0.0649964
    outer loop
      vertex 20 42 14.8
      vertex 19.9785 41.9932 14.6956
      vertex 20 41.9932 14.6956
    endloop
  endfacet
  facet normal 0 0.44224 -0.896897
    outer loop
      vertex 19.9592 40.8 27.8928
      vertex 20 40.8939 27.9391
      vertex 20 40.8 27.8928
    endloop
  endfacet
  facet normal 0 0.44224 -0.896897
    outer loop
      vertex 20 40.8939 27.9391
      vertex 19.9592 40.8 27.8928
      vertex 19.9592 40.8939 27.9391
    endloop
  endfacet
  facet normal 0 0.195749 -0.980654
    outer loop
      vertex 19.9591 40.9929 27.9727
      vertex 20 41.0956 27.9932
      vertex 20 40.9929 27.9727
    endloop
  endfacet
  facet normal 0 0.195749 -0.980654
    outer loop
      vertex 20 41.0956 27.9932
      vertex 19.9591 40.9929 27.9727
      vertex 19.9591 41.0956 27.9932
    endloop
  endfacet
  facet normal 0 0.896897 0.44224
    outer loop
      vertex 20 40.5072 14.4
      vertex 19.9788 40.4609 14.4939
      vertex 20 40.4609 14.4939
    endloop
  endfacet
  facet normal 0 0.896897 0.44224
    outer loop
      vertex 19.9788 40.4609 14.4939
      vertex 20 40.5072 14.4
      vertex 19.979 40.5072 14.4
    endloop
  endfacet
  facet normal 0 0.831609 0.555362
    outer loop
      vertex 20 40.5653 14.313
      vertex 19.979 40.5072 14.4
      vertex 20 40.5072 14.4
    endloop
  endfacet
  facet normal 0 0.831609 0.555362
    outer loop
      vertex 19.979 40.5072 14.4
      vertex 20 40.5653 14.313
      vertex 19.9791 40.5653 14.313
    endloop
  endfacet
  facet normal 0 0.946948 0.321388
    outer loop
      vertex 20 40.4609 14.4939
      vertex 19.9787 40.4273 14.5929
      vertex 20 40.4273 14.5929
    endloop
  endfacet
  facet normal 0 0.946948 0.321388
    outer loop
      vertex 19.9787 40.4273 14.5929
      vertex 20 40.4609 14.4939
      vertex 19.9788 40.4609 14.4939
    endloop
  endfacet
  facet normal 0 0.980654 0.195749
    outer loop
      vertex 20 40.4273 14.5929
      vertex 19.9785 40.4068 14.6956
      vertex 20 40.4068 14.6956
    endloop
  endfacet
  facet normal 0 0.980654 0.195749
    outer loop
      vertex 19.9785 40.4068 14.6956
      vertex 20 40.4273 14.5929
      vertex 19.9787 40.4273 14.5929
    endloop
  endfacet
  facet normal -0 0.44224 0.896897
    outer loop
      vertex 19.9795 40.8939 14.0609
      vertex 20 40.8 14.1072
      vertex 20 40.8939 14.0609
    endloop
  endfacet
  facet normal 0 0.44224 0.896897
    outer loop
      vertex 20 40.8 14.1072
      vertex 19.9795 40.8939 14.0609
      vertex 19.9794 40.8 14.1072
    endloop
  endfacet
  facet normal -0 0.555362 0.831609
    outer loop
      vertex 19.9794 40.8 14.1072
      vertex 20 40.713 14.1653
      vertex 20 40.8 14.1072
    endloop
  endfacet
  facet normal 0 0.555362 0.831609
    outer loop
      vertex 20 40.713 14.1653
      vertex 19.9794 40.8 14.1072
      vertex 19.9793 40.713 14.1653
    endloop
  endfacet
  facet normal 0 -0.321388 0.946948
    outer loop
      vertex 20 41.5061 14.0609
      vertex 19.9795 41.4071 14.0273
      vertex 20 41.4071 14.0273
    endloop
  endfacet
  facet normal 0 -0.321388 0.946948
    outer loop
      vertex 19.9795 41.4071 14.0273
      vertex 20 41.5061 14.0609
      vertex 19.9795 41.5061 14.0609
    endloop
  endfacet
  facet normal 0 1 -0
    outer loop
      vertex 20 43.8 14.8
      vertex 19.9603 43.8 27.2
      vertex 20 43.8 27.2
    endloop
  endfacet
  facet normal 0 1 0
    outer loop
      vertex 19.9603 43.8 27.2
      vertex 20 43.8 14.8
      vertex 19.9784 43.8 14.8
    endloop
  endfacet
  facet normal 0 0.659248 -0.751925
    outer loop
      vertex 19.9594 44.0343 27.7657
      vertex 20 44.113 27.8347
      vertex 20 44.0343 27.7657
    endloop
  endfacet
  facet normal 0 0.659248 -0.751925
    outer loop
      vertex 20 44.113 27.8347
      vertex 19.9594 44.0343 27.7657
      vertex 19.9593 44.113 27.8347
    endloop
  endfacet
  facet normal -0 0.321388 0.946948
    outer loop
      vertex 19.9795 44.3929 14.0273
      vertex 20 44.2939 14.0609
      vertex 20 44.3929 14.0273
    endloop
  endfacet
  facet normal 0 0.321388 0.946948
    outer loop
      vertex 20 44.2939 14.0609
      vertex 19.9795 44.3929 14.0273
      vertex 19.9795 44.2939 14.0609
    endloop
  endfacet
  facet normal 0 -1 0
    outer loop
      vertex 19.9784 45.4 14.8
      vertex 20 45.4 27.2
      vertex 19.9603 45.4 27.2
    endloop
  endfacet
  facet normal 0 -1 -0
    outer loop
      vertex 20 45.4 27.2
      vertex 19.9784 45.4 14.8
      vertex 20 45.4 14.8
    endloop
  endfacet
  facet normal 0 -0.896897 -0.44224
    outer loop
      vertex 19.9598 45.3391 27.5061
      vertex 20 45.2928 27.6
      vertex 19.9597 45.2928 27.6
    endloop
  endfacet
  facet normal 0 -0.896897 -0.44224
    outer loop
      vertex 20 45.2928 27.6
      vertex 19.9598 45.3391 27.5061
      vertex 20 45.3391 27.5061
    endloop
  endfacet
  facet normal 0 -0.44224 -0.896897
    outer loop
      vertex 20 44.9061 27.9391
      vertex 19.9592 45 27.8928
      vertex 20 45 27.8928
    endloop
  endfacet
  facet normal 0 -0.44224 -0.896897
    outer loop
      vertex 19.9592 45 27.8928
      vertex 20 44.9061 27.9391
      vertex 19.9592 44.9061 27.9391
    endloop
  endfacet
  facet normal 0 0.946948 -0.321388
    outer loop
      vertex 20 43.8273 27.4071
      vertex 19.9598 43.8609 27.5061
      vertex 20 43.8609 27.5061
    endloop
  endfacet
  facet normal 0 0.946948 -0.321388
    outer loop
      vertex 19.9598 43.8609 27.5061
      vertex 20 43.8273 27.4071
      vertex 19.96 43.8273 27.4071
    endloop
  endfacet
  facet normal 0 0.321388 -0.946948
    outer loop
      vertex 19.9592 44.2939 27.9391
      vertex 20 44.3929 27.9727
      vertex 20 44.2939 27.9391
    endloop
  endfacet
  facet normal 0 0.321388 -0.946948
    outer loop
      vertex 20 44.3929 27.9727
      vertex 19.9592 44.2939 27.9391
      vertex 19.9591 44.3929 27.9727
    endloop
  endfacet
  facet normal -0 0.0649964 0.997886
    outer loop
      vertex 19.9796 44.6 14
      vertex 20 44.4956 14.0068
      vertex 20 44.6 14
    endloop
  endfacet
  facet normal 0 0.0649964 0.997886
    outer loop
      vertex 20 44.4956 14.0068
      vertex 19.9796 44.6 14
      vertex 19.9795 44.4956 14.0068
    endloop
  endfacet
  facet normal 0 -0.195749 -0.980654
    outer loop
      vertex 20 44.7044 27.9932
      vertex 19.9591 44.8071 27.9727
      vertex 20 44.8071 27.9727
    endloop
  endfacet
  facet normal 0 -0.195749 -0.980654
    outer loop
      vertex 19.9591 44.8071 27.9727
      vertex 20 44.7044 27.9932
      vertex 19.9591 44.7044 27.9932
    endloop
  endfacet
  facet normal 0 -0.751925 0.659248
    outer loop
      vertex 19.9792 45.1657 14.2343
      vertex 20 45.2347 14.313
      vertex 19.9791 45.2347 14.313
    endloop
  endfacet
  facet normal 0 -0.751925 0.659248
    outer loop
      vertex 20 45.2347 14.313
      vertex 19.9792 45.1657 14.2343
      vertex 20 45.1657 14.2343
    endloop
  endfacet
  facet normal 0 -0.946948 -0.321388
    outer loop
      vertex 19.96 45.3727 27.4071
      vertex 20 45.3391 27.5061
      vertex 19.9598 45.3391 27.5061
    endloop
  endfacet
  facet normal 0 -0.946948 -0.321388
    outer loop
      vertex 20 45.3391 27.5061
      vertex 19.96 45.3727 27.4071
      vertex 20 45.3727 27.4071
    endloop
  endfacet
  facet normal 0 -0.659248 -0.751925
    outer loop
      vertex 20 45.087 27.8347
      vertex 19.9594 45.1657 27.7657
      vertex 20 45.1657 27.7657
    endloop
  endfacet
  facet normal 0 -0.659248 -0.751925
    outer loop
      vertex 19.9594 45.1657 27.7657
      vertex 20 45.087 27.8347
      vertex 19.9593 45.087 27.8347
    endloop
  endfacet
  facet normal 0 0.980654 -0.195749
    outer loop
      vertex 20 43.8068 27.3044
      vertex 19.96 43.8273 27.4071
      vertex 20 43.8273 27.4071
    endloop
  endfacet
  facet normal 0 0.980654 -0.195749
    outer loop
      vertex 19.96 43.8273 27.4071
      vertex 20 43.8068 27.3044
      vertex 19.9601 43.8068 27.3044
    endloop
  endfacet
  facet normal 0 0.896897 -0.44224
    outer loop
      vertex 20 43.8609 27.5061
      vertex 19.9597 43.9072 27.6
      vertex 20 43.9072 27.6
    endloop
  endfacet
  facet normal 0 0.896897 -0.44224
    outer loop
      vertex 19.9597 43.9072 27.6
      vertex 20 43.8609 27.5061
      vertex 19.9598 43.8609 27.5061
    endloop
  endfacet
  facet normal 0 0.195749 -0.980654
    outer loop
      vertex 19.9591 44.3929 27.9727
      vertex 20 44.4956 27.9932
      vertex 20 44.3929 27.9727
    endloop
  endfacet
  facet normal 0 0.195749 -0.980654
    outer loop
      vertex 20 44.4956 27.9932
      vertex 19.9591 44.3929 27.9727
      vertex 19.9591 44.4956 27.9932
    endloop
  endfacet
  facet normal -0 0.555362 0.831609
    outer loop
      vertex 19.9794 44.2 14.1072
      vertex 20 44.113 14.1653
      vertex 20 44.2 14.1072
    endloop
  endfacet
  facet normal 0 0.555362 0.831609
    outer loop
      vertex 20 44.113 14.1653
      vertex 19.9794 44.2 14.1072
      vertex 19.9793 44.113 14.1653
    endloop
  endfacet
  facet normal 0 -0.0649964 0.997886
    outer loop
      vertex 20 44.7044 14.0068
      vertex 19.9796 44.6 14
      vertex 20 44.6 14
    endloop
  endfacet
  facet normal 0 -0.0649964 0.997886
    outer loop
      vertex 19.9796 44.6 14
      vertex 20 44.7044 14.0068
      vertex 19.9795 44.7044 14.0068
    endloop
  endfacet
  facet normal -0 0.195749 0.980654
    outer loop
      vertex 19.9795 44.4956 14.0068
      vertex 20 44.3929 14.0273
      vertex 20 44.4956 14.0068
    endloop
  endfacet
  facet normal 0 0.195749 0.980654
    outer loop
      vertex 20 44.3929 14.0273
      vertex 19.9795 44.4956 14.0068
      vertex 19.9795 44.3929 14.0273
    endloop
  endfacet
  facet normal 0 -0.195749 0.980654
    outer loop
      vertex 20 44.8071 14.0273
      vertex 19.9795 44.7044 14.0068
      vertex 20 44.7044 14.0068
    endloop
  endfacet
  facet normal 0 -0.195749 0.980654
    outer loop
      vertex 19.9795 44.7044 14.0068
      vertex 20 44.8071 14.0273
      vertex 19.9795 44.8071 14.0273
    endloop
  endfacet
  facet normal 0 -0.0649964 -0.997886
    outer loop
      vertex 20 44.6 28
      vertex 19.9591 44.7044 27.9932
      vertex 20 44.7044 27.9932
    endloop
  endfacet
  facet normal 0 -0.0649964 -0.997886
    outer loop
      vertex 19.9591 44.7044 27.9932
      vertex 20 44.6 28
      vertex 19.9591 44.6 28
    endloop
  endfacet
  facet normal 0 -0.831609 0.555362
    outer loop
      vertex 19.9791 45.2347 14.313
      vertex 20 45.2928 14.4
      vertex 19.979 45.2928 14.4
    endloop
  endfacet
  facet normal 0 -0.831609 0.555362
    outer loop
      vertex 20 45.2928 14.4
      vertex 19.9791 45.2347 14.313
      vertex 20 45.2347 14.313
    endloop
  endfacet
  facet normal 0 -0.946948 0.321388
    outer loop
      vertex 19.9788 45.3391 14.4939
      vertex 20 45.3727 14.5929
      vertex 19.9787 45.3727 14.5929
    endloop
  endfacet
  facet normal 0 -0.946948 0.321388
    outer loop
      vertex 20 45.3727 14.5929
      vertex 19.9788 45.3391 14.4939
      vertex 20 45.3391 14.4939
    endloop
  endfacet
  facet normal 0 -0.555362 0.831609
    outer loop
      vertex 20 45.087 14.1653
      vertex 19.9794 45 14.1072
      vertex 20 45 14.1072
    endloop
  endfacet
  facet normal 0 -0.555362 0.831609
    outer loop
      vertex 19.9794 45 14.1072
      vertex 20 45.087 14.1653
      vertex 19.9793 45.087 14.1653
    endloop
  endfacet
  facet normal 0 -0.997886 -0.0649964
    outer loop
      vertex 19.9603 45.4 27.2
      vertex 20 45.3932 27.3044
      vertex 19.9601 45.3932 27.3044
    endloop
  endfacet
  facet normal 0 -0.997886 -0.0649964
    outer loop
      vertex 20 45.3932 27.3044
      vertex 19.9603 45.4 27.2
      vertex 20 45.4 27.2
    endloop
  endfacet
  facet normal 0 -0.321388 -0.946948
    outer loop
      vertex 20 44.8071 27.9727
      vertex 19.9592 44.9061 27.9391
      vertex 20 44.9061 27.9391
    endloop
  endfacet
  facet normal 0 -0.321388 -0.946948
    outer loop
      vertex 19.9592 44.9061 27.9391
      vertex 20 44.8071 27.9727
      vertex 19.9591 44.8071 27.9727
    endloop
  endfacet
  facet normal 0 -0.980654 -0.195749
    outer loop
      vertex 19.9601 45.3932 27.3044
      vertex 20 45.3727 27.4071
      vertex 19.96 45.3727 27.4071
    endloop
  endfacet
  facet normal 0 -0.980654 -0.195749
    outer loop
      vertex 20 45.3727 27.4071
      vertex 19.9601 45.3932 27.3044
      vertex 20 45.3932 27.3044
    endloop
  endfacet
  facet normal 0 -0.751925 -0.659248
    outer loop
      vertex 19.9595 45.2347 27.687
      vertex 20 45.1657 27.7657
      vertex 19.9594 45.1657 27.7657
    endloop
  endfacet
  facet normal 0 -0.751925 -0.659248
    outer loop
      vertex 20 45.1657 27.7657
      vertex 19.9595 45.2347 27.687
      vertex 20 45.2347 27.687
    endloop
  endfacet
  facet normal 0 -0.831609 -0.555362
    outer loop
      vertex 19.9597 45.2928 27.6
      vertex 20 45.2347 27.687
      vertex 19.9595 45.2347 27.687
    endloop
  endfacet
  facet normal 0 -0.831609 -0.555362
    outer loop
      vertex 20 45.2347 27.687
      vertex 19.9597 45.2928 27.6
      vertex 20 45.2928 27.6
    endloop
  endfacet
  facet normal 0 -0.555362 -0.831609
    outer loop
      vertex 20 45 27.8928
      vertex 19.9593 45.087 27.8347
      vertex 20 45.087 27.8347
    endloop
  endfacet
  facet normal 0 -0.555362 -0.831609
    outer loop
      vertex 19.9593 45.087 27.8347
      vertex 20 45 27.8928
      vertex 19.9592 45 27.8928
    endloop
  endfacet
  facet normal 0 0.997886 -0.0649964
    outer loop
      vertex 20 43.8 27.2
      vertex 19.9601 43.8068 27.3044
      vertex 20 43.8068 27.3044
    endloop
  endfacet
  facet normal 0 0.997886 -0.0649964
    outer loop
      vertex 19.9601 43.8068 27.3044
      vertex 20 43.8 27.2
      vertex 19.9603 43.8 27.2
    endloop
  endfacet
  facet normal 0 0.831609 -0.555362
    outer loop
      vertex 20 43.9072 27.6
      vertex 19.9595 43.9653 27.687
      vertex 20 43.9653 27.687
    endloop
  endfacet
  facet normal 0 0.831609 -0.555362
    outer loop
      vertex 19.9595 43.9653 27.687
      vertex 20 43.9072 27.6
      vertex 19.9597 43.9072 27.6
    endloop
  endfacet
  facet normal 0 0.751925 -0.659248
    outer loop
      vertex 20 43.9653 27.687
      vertex 19.9594 44.0343 27.7657
      vertex 20 44.0343 27.7657
    endloop
  endfacet
  facet normal 0 0.751925 -0.659248
    outer loop
      vertex 19.9594 44.0343 27.7657
      vertex 20 43.9653 27.687
      vertex 19.9595 43.9653 27.687
    endloop
  endfacet
  facet normal 0 0.44224 -0.896897
    outer loop
      vertex 19.9592 44.2 27.8928
      vertex 20 44.2939 27.9391
      vertex 20 44.2 27.8928
    endloop
  endfacet
  facet normal 0 0.44224 -0.896897
    outer loop
      vertex 20 44.2939 27.9391
      vertex 19.9592 44.2 27.8928
      vertex 19.9592 44.2939 27.9391
    endloop
  endfacet
  facet normal 0 0.555362 -0.831609
    outer loop
      vertex 19.9593 44.113 27.8347
      vertex 20 44.2 27.8928
      vertex 20 44.113 27.8347
    endloop
  endfacet
  facet normal 0 0.555362 -0.831609
    outer loop
      vertex 20 44.2 27.8928
      vertex 19.9593 44.113 27.8347
      vertex 19.9592 44.2 27.8928
    endloop
  endfacet
  facet normal 0 0.0649964 -0.997886
    outer loop
      vertex 19.9591 44.4956 27.9932
      vertex 20 44.6 28
      vertex 20 44.4956 27.9932
    endloop
  endfacet
  facet normal 0 0.0649964 -0.997886
    outer loop
      vertex 20 44.6 28
      vertex 19.9591 44.4956 27.9932
      vertex 19.9591 44.6 28
    endloop
  endfacet
  facet normal 0 0.997886 0.0649964
    outer loop
      vertex 20 43.8068 14.6956
      vertex 19.9784 43.8 14.8
      vertex 20 43.8 14.8
    endloop
  endfacet
  facet normal 0 0.997886 0.0649964
    outer loop
      vertex 19.9784 43.8 14.8
      vertex 20 43.8068 14.6956
      vertex 19.9785 43.8068 14.6956
    endloop
  endfacet
  facet normal 0 0.980654 0.195749
    outer loop
      vertex 20 43.8273 14.5929
      vertex 19.9785 43.8068 14.6956
      vertex 20 43.8068 14.6956
    endloop
  endfacet
  facet normal 0 0.980654 0.195749
    outer loop
      vertex 19.9785 43.8068 14.6956
      vertex 20 43.8273 14.5929
      vertex 19.9787 43.8273 14.5929
    endloop
  endfacet
  facet normal 0 0.831609 0.555362
    outer loop
      vertex 20 43.9653 14.313
      vertex 19.979 43.9072 14.4
      vertex 20 43.9072 14.4
    endloop
  endfacet
  facet normal 0 0.831609 0.555362
    outer loop
      vertex 19.979 43.9072 14.4
      vertex 20 43.9653 14.313
      vertex 19.9791 43.9653 14.313
    endloop
  endfacet
  facet normal 0 0.896897 0.44224
    outer loop
      vertex 20 43.9072 14.4
      vertex 19.9788 43.8609 14.4939
      vertex 20 43.8609 14.4939
    endloop
  endfacet
  facet normal 0 0.896897 0.44224
    outer loop
      vertex 19.9788 43.8609 14.4939
      vertex 20 43.9072 14.4
      vertex 19.979 43.9072 14.4
    endloop
  endfacet
  facet normal 0 -0.997886 0.0649964
    outer loop
      vertex 19.9785 45.3932 14.6956
      vertex 20 45.4 14.8
      vertex 19.9784 45.4 14.8
    endloop
  endfacet
  facet normal 0 -0.997886 0.0649964
    outer loop
      vertex 20 45.4 14.8
      vertex 19.9785 45.3932 14.6956
      vertex 20 45.3932 14.6956
    endloop
  endfacet
  facet normal 0 -0.896897 0.44224
    outer loop
      vertex 19.979 45.2928 14.4
      vertex 20 45.3391 14.4939
      vertex 19.9788 45.3391 14.4939
    endloop
  endfacet
  facet normal 0 -0.896897 0.44224
    outer loop
      vertex 20 45.3391 14.4939
      vertex 19.979 45.2928 14.4
      vertex 20 45.2928 14.4
    endloop
  endfacet
  facet normal 0 -0.980654 0.195749
    outer loop
      vertex 19.9787 45.3727 14.5929
      vertex 20 45.3932 14.6956
      vertex 19.9785 45.3932 14.6956
    endloop
  endfacet
  facet normal 0 -0.980654 0.195749
    outer loop
      vertex 20 45.3932 14.6956
      vertex 19.9787 45.3727 14.5929
      vertex 20 45.3727 14.5929
    endloop
  endfacet
  facet normal 0 -0.44224 0.896897
    outer loop
      vertex 20 45 14.1072
      vertex 19.9795 44.9061 14.0609
      vertex 20 44.9061 14.0609
    endloop
  endfacet
  facet normal 0 -0.44224 0.896897
    outer loop
      vertex 19.9795 44.9061 14.0609
      vertex 20 45 14.1072
      vertex 19.9794 45 14.1072
    endloop
  endfacet
  facet normal 0 -0.659248 0.751925
    outer loop
      vertex 20 45.1657 14.2343
      vertex 19.9793 45.087 14.1653
      vertex 20 45.087 14.1653
    endloop
  endfacet
  facet normal 0 -0.659248 0.751925
    outer loop
      vertex 19.9793 45.087 14.1653
      vertex 20 45.1657 14.2343
      vertex 19.9792 45.1657 14.2343
    endloop
  endfacet
  facet normal 0 0.751925 0.659248
    outer loop
      vertex 20 44.0343 14.2343
      vertex 19.9791 43.9653 14.313
      vertex 20 43.9653 14.313
    endloop
  endfacet
  facet normal 0 0.751925 0.659248
    outer loop
      vertex 19.9791 43.9653 14.313
      vertex 20 44.0343 14.2343
      vertex 19.9792 44.0343 14.2343
    endloop
  endfacet
  facet normal -0 0.659248 0.751925
    outer loop
      vertex 19.9793 44.113 14.1653
      vertex 20 44.0343 14.2343
      vertex 20 44.113 14.1653
    endloop
  endfacet
  facet normal 0 0.659248 0.751925
    outer loop
      vertex 20 44.0343 14.2343
      vertex 19.9793 44.113 14.1653
      vertex 19.9792 44.0343 14.2343
    endloop
  endfacet
  facet normal -0 0.44224 0.896897
    outer loop
      vertex 19.9795 44.2939 14.0609
      vertex 20 44.2 14.1072
      vertex 20 44.2939 14.0609
    endloop
  endfacet
  facet normal 0 0.44224 0.896897
    outer loop
      vertex 20 44.2 14.1072
      vertex 19.9795 44.2939 14.0609
      vertex 19.9794 44.2 14.1072
    endloop
  endfacet
  facet normal 0 -0.321388 0.946948
    outer loop
      vertex 20 44.9061 14.0609
      vertex 19.9795 44.8071 14.0273
      vertex 20 44.8071 14.0273
    endloop
  endfacet
  facet normal 0 -0.321388 0.946948
    outer loop
      vertex 19.9795 44.8071 14.0273
      vertex 20 44.9061 14.0609
      vertex 19.9795 44.9061 14.0609
    endloop
  endfacet
  facet normal 0 0.946948 0.321388
    outer loop
      vertex 20 43.8609 14.4939
      vertex 19.9787 43.8273 14.5929
      vertex 20 43.8273 14.5929
    endloop
  endfacet
  facet normal 0 0.946948 0.321388
    outer loop
      vertex 19.9787 43.8273 14.5929
      vertex 20 43.8609 14.4939
      vertex 19.9788 43.8609 14.4939
    endloop
  endfacet
  facet normal 0 1 -0
    outer loop
      vertex 20 47.2 14.8
      vertex 19.9603 47.2 27.2
      vertex 20 47.2 27.2
    endloop
  endfacet
  facet normal 0 1 0
    outer loop
      vertex 19.9603 47.2 27.2
      vertex 20 47.2 14.8
      vertex 19.9784 47.2 14.8
    endloop
  endfacet
  facet normal 0 0.659248 -0.751925
    outer loop
      vertex 19.9594 47.4343 27.7657
      vertex 20 47.513 27.8347
      vertex 20 47.4343 27.7657
    endloop
  endfacet
  facet normal 0 0.659248 -0.751925
    outer loop
      vertex 20 47.513 27.8347
      vertex 19.9594 47.4343 27.7657
      vertex 19.9593 47.513 27.8347
    endloop
  endfacet
  facet normal -0 0.321388 0.946948
    outer loop
      vertex 19.9795 47.7929 14.0273
      vertex 20 47.6939 14.0609
      vertex 20 47.7929 14.0273
    endloop
  endfacet
  facet normal 0 0.321388 0.946948
    outer loop
      vertex 20 47.6939 14.0609
      vertex 19.9795 47.7929 14.0273
      vertex 19.9795 47.6939 14.0609
    endloop
  endfacet
  facet normal 0 -1 0
    outer loop
      vertex 19.9784 48.8 14.8
      vertex 20 48.8 27.2
      vertex 19.9603 48.8 27.2
    endloop
  endfacet
  facet normal 0 -1 -0
    outer loop
      vertex 20 48.8 27.2
      vertex 19.9784 48.8 14.8
      vertex 20 48.8 14.8
    endloop
  endfacet
  facet normal 0 -0.751925 -0.659248
    outer loop
      vertex 19.9595 48.6347 27.687
      vertex 20 48.5657 27.7657
      vertex 19.9594 48.5657 27.7657
    endloop
  endfacet
  facet normal 0 -0.751925 -0.659248
    outer loop
      vertex 20 48.5657 27.7657
      vertex 19.9595 48.6347 27.687
      vertex 20 48.6347 27.687
    endloop
  endfacet
  facet normal 0 -0.44224 -0.896897
    outer loop
      vertex 20 48.3061 27.9391
      vertex 19.9592 48.4 27.8928
      vertex 20 48.4 27.8928
    endloop
  endfacet
  facet normal 0 -0.44224 -0.896897
    outer loop
      vertex 19.9592 48.4 27.8928
      vertex 20 48.3061 27.9391
      vertex 19.9592 48.3061 27.9391
    endloop
  endfacet
  facet normal 0 0.321388 -0.946948
    outer loop
      vertex 19.9592 47.6939 27.9391
      vertex 20 47.7929 27.9727
      vertex 20 47.6939 27.9391
    endloop
  endfacet
  facet normal 0 0.321388 -0.946948
    outer loop
      vertex 20 47.7929 27.9727
      vertex 19.9592 47.6939 27.9391
      vertex 19.9591 47.7929 27.9727
    endloop
  endfacet
  facet normal -0 0.0649964 0.997886
    outer loop
      vertex 19.9796 48 14
      vertex 20 47.8956 14.0068
      vertex 20 48 14
    endloop
  endfacet
  facet normal 0 0.0649964 0.997886
    outer loop
      vertex 20 47.8956 14.0068
      vertex 19.9796 48 14
      vertex 19.9795 47.8956 14.0068
    endloop
  endfacet
  facet normal 0 -0.195749 -0.980654
    outer loop
      vertex 20 48.1044 27.9932
      vertex 19.9591 48.2071 27.9727
      vertex 20 48.2071 27.9727
    endloop
  endfacet
  facet normal 0 -0.195749 -0.980654
    outer loop
      vertex 19.9591 48.2071 27.9727
      vertex 20 48.1044 27.9932
      vertex 19.9591 48.1044 27.9932
    endloop
  endfacet
  facet normal 0 -0.751925 0.659248
    outer loop
      vertex 19.9792 48.5657 14.2343
      vertex 20 48.6347 14.313
      vertex 19.9791 48.6347 14.313
    endloop
  endfacet
  facet normal 0 -0.751925 0.659248
    outer loop
      vertex 20 48.6347 14.313
      vertex 19.9792 48.5657 14.2343
      vertex 20 48.5657 14.2343
    endloop
  endfacet
  facet normal 0 -0.997886 -0.0649964
    outer loop
      vertex 19.9603 48.8 27.2
      vertex 20 48.7932 27.3044
      vertex 19.9601 48.7932 27.3044
    endloop
  endfacet
  facet normal 0 -0.997886 -0.0649964
    outer loop
      vertex 20 48.7932 27.3044
      vertex 19.9603 48.8 27.2
      vertex 20 48.8 27.2
    endloop
  endfacet
  facet normal 0 -0.946948 -0.321388
    outer loop
      vertex 19.96 48.7727 27.4071
      vertex 20 48.7391 27.5061
      vertex 19.9598 48.7391 27.5061
    endloop
  endfacet
  facet normal 0 -0.946948 -0.321388
    outer loop
      vertex 20 48.7391 27.5061
      vertex 19.96 48.7727 27.4071
      vertex 20 48.7727 27.4071
    endloop
  endfacet
  facet normal 0 -0.659248 -0.751925
    outer loop
      vertex 20 48.487 27.8347
      vertex 19.9594 48.5657 27.7657
      vertex 20 48.5657 27.7657
    endloop
  endfacet
  facet normal 0 -0.659248 -0.751925
    outer loop
      vertex 19.9594 48.5657 27.7657
      vertex 20 48.487 27.8347
      vertex 19.9593 48.487 27.8347
    endloop
  endfacet
  facet normal 0 0.997886 -0.0649964
    outer loop
      vertex 20 47.2 27.2
      vertex 19.9601 47.2068 27.3044
      vertex 20 47.2068 27.3044
    endloop
  endfacet
  facet normal 0 0.997886 -0.0649964
    outer loop
      vertex 19.9601 47.2068 27.3044
      vertex 20 47.2 27.2
      vertex 19.9603 47.2 27.2
    endloop
  endfacet
  facet normal 0 0.751925 -0.659248
    outer loop
      vertex 20 47.3653 27.687
      vertex 19.9594 47.4343 27.7657
      vertex 20 47.4343 27.7657
    endloop
  endfacet
  facet normal 0 0.751925 -0.659248
    outer loop
      vertex 19.9594 47.4343 27.7657
      vertex 20 47.3653 27.687
      vertex 19.9595 47.3653 27.687
    endloop
  endfacet
  facet normal 0 0.896897 -0.44224
    outer loop
      vertex 20 47.2609 27.5061
      vertex 19.9597 47.3072 27.6
      vertex 20 47.3072 27.6
    endloop
  endfacet
  facet normal 0 0.896897 -0.44224
    outer loop
      vertex 19.9597 47.3072 27.6
      vertex 20 47.2609 27.5061
      vertex 19.9598 47.2609 27.5061
    endloop
  endfacet
  facet normal 0 0.195749 -0.980654
    outer loop
      vertex 19.9591 47.7929 27.9727
      vertex 20 47.8956 27.9932
      vertex 20 47.7929 27.9727
    endloop
  endfacet
  facet normal 0 0.195749 -0.980654
    outer loop
      vertex 20 47.8956 27.9932
      vertex 19.9591 47.7929 27.9727
      vertex 19.9591 47.8956 27.9932
    endloop
  endfacet
  facet normal 0 0.997886 0.0649964
    outer loop
      vertex 20 47.2068 14.6956
      vertex 19.9784 47.2 14.8
      vertex 20 47.2 14.8
    endloop
  endfacet
  facet normal 0 0.997886 0.0649964
    outer loop
      vertex 19.9784 47.2 14.8
      vertex 20 47.2068 14.6956
      vertex 19.9785 47.2068 14.6956
    endloop
  endfacet
  facet normal 0 0.896897 0.44224
    outer loop
      vertex 20 47.3072 14.4
      vertex 19.9788 47.2609 14.4939
      vertex 20 47.2609 14.4939
    endloop
  endfacet
  facet normal 0 0.896897 0.44224
    outer loop
      vertex 19.9788 47.2609 14.4939
      vertex 20 47.3072 14.4
      vertex 19.979 47.3072 14.4
    endloop
  endfacet
  facet normal 0 -0.0649964 0.997886
    outer loop
      vertex 20 48.1044 14.0068
      vertex 19.9796 48 14
      vertex 20 48 14
    endloop
  endfacet
  facet normal 0 -0.0649964 0.997886
    outer loop
      vertex 19.9796 48 14
      vertex 20 48.1044 14.0068
      vertex 19.9795 48.1044 14.0068
    endloop
  endfacet
  facet normal -0 0.195749 0.980654
    outer loop
      vertex 19.9795 47.8956 14.0068
      vertex 20 47.7929 14.0273
      vertex 20 47.8956 14.0068
    endloop
  endfacet
  facet normal 0 0.195749 0.980654
    outer loop
      vertex 20 47.7929 14.0273
      vertex 19.9795 47.8956 14.0068
      vertex 19.9795 47.7929 14.0273
    endloop
  endfacet
  facet normal 0 -0.195749 0.980654
    outer loop
      vertex 20 48.2071 14.0273
      vertex 19.9795 48.1044 14.0068
      vertex 20 48.1044 14.0068
    endloop
  endfacet
  facet normal 0 -0.195749 0.980654
    outer loop
      vertex 19.9795 48.1044 14.0068
      vertex 20 48.2071 14.0273
      vertex 19.9795 48.2071 14.0273
    endloop
  endfacet
  facet normal 0 -0.0649964 -0.997886
    outer loop
      vertex 20 48 28
      vertex 19.9591 48.1044 27.9932
      vertex 20 48.1044 27.9932
    endloop
  endfacet
  facet normal 0 -0.0649964 -0.997886
    outer loop
      vertex 19.9591 48.1044 27.9932
      vertex 20 48 28
      vertex 19.9591 48 28
    endloop
  endfacet
  facet normal 0 -0.997886 0.0649964
    outer loop
      vertex 19.9785 48.7932 14.6956
      vertex 20 48.8 14.8
      vertex 19.9784 48.8 14.8
    endloop
  endfacet
  facet normal 0 -0.997886 0.0649964
    outer loop
      vertex 20 48.8 14.8
      vertex 19.9785 48.7932 14.6956
      vertex 20 48.7932 14.6956
    endloop
  endfacet
  facet normal 0 -0.980654 0.195749
    outer loop
      vertex 19.9787 48.7727 14.5929
      vertex 20 48.7932 14.6956
      vertex 19.9785 48.7932 14.6956
    endloop
  endfacet
  facet normal 0 -0.980654 0.195749
    outer loop
      vertex 20 48.7932 14.6956
      vertex 19.9787 48.7727 14.5929
      vertex 20 48.7727 14.5929
    endloop
  endfacet
  facet normal 0 -0.555362 0.831609
    outer loop
      vertex 20 48.487 14.1653
      vertex 19.9794 48.4 14.1072
      vertex 20 48.4 14.1072
    endloop
  endfacet
  facet normal 0 -0.555362 0.831609
    outer loop
      vertex 19.9794 48.4 14.1072
      vertex 20 48.487 14.1653
      vertex 19.9793 48.487 14.1653
    endloop
  endfacet
  facet normal 0 -0.321388 -0.946948
    outer loop
      vertex 20 48.2071 27.9727
      vertex 19.9592 48.3061 27.9391
      vertex 20 48.3061 27.9391
    endloop
  endfacet
  facet normal 0 -0.321388 -0.946948
    outer loop
      vertex 19.9592 48.3061 27.9391
      vertex 20 48.2071 27.9727
      vertex 19.9591 48.2071 27.9727
    endloop
  endfacet
  facet normal 0 -0.980654 -0.195749
    outer loop
      vertex 19.9601 48.7932 27.3044
      vertex 20 48.7727 27.4071
      vertex 19.96 48.7727 27.4071
    endloop
  endfacet
  facet normal 0 -0.980654 -0.195749
    outer loop
      vertex 20 48.7727 27.4071
      vertex 19.9601 48.7932 27.3044
      vertex 20 48.7932 27.3044
    endloop
  endfacet
  facet normal 0 -0.831609 -0.555362
    outer loop
      vertex 19.9597 48.6928 27.6
      vertex 20 48.6347 27.687
      vertex 19.9595 48.6347 27.687
    endloop
  endfacet
  facet normal 0 -0.831609 -0.555362
    outer loop
      vertex 20 48.6347 27.687
      vertex 19.9597 48.6928 27.6
      vertex 20 48.6928 27.6
    endloop
  endfacet
  facet normal 0 -0.896897 -0.44224
    outer loop
      vertex 19.9598 48.7391 27.5061
      vertex 20 48.6928 27.6
      vertex 19.9597 48.6928 27.6
    endloop
  endfacet
  facet normal 0 -0.896897 -0.44224
    outer loop
      vertex 20 48.6928 27.6
      vertex 19.9598 48.7391 27.5061
      vertex 20 48.7391 27.5061
    endloop
  endfacet
  facet normal 0 -0.555362 -0.831609
    outer loop
      vertex 20 48.4 27.8928
      vertex 19.9593 48.487 27.8347
      vertex 20 48.487 27.8347
    endloop
  endfacet
  facet normal 0 -0.555362 -0.831609
    outer loop
      vertex 19.9593 48.487 27.8347
      vertex 20 48.4 27.8928
      vertex 19.9592 48.4 27.8928
    endloop
  endfacet
  facet normal 0 0.946948 -0.321388
    outer loop
      vertex 20 47.2273 27.4071
      vertex 19.9598 47.2609 27.5061
      vertex 20 47.2609 27.5061
    endloop
  endfacet
  facet normal 0 0.946948 -0.321388
    outer loop
      vertex 19.9598 47.2609 27.5061
      vertex 20 47.2273 27.4071
      vertex 19.96 47.2273 27.4071
    endloop
  endfacet
  facet normal 0 0.980654 -0.195749
    outer loop
      vertex 20 47.2068 27.3044
      vertex 19.96 47.2273 27.4071
      vertex 20 47.2273 27.4071
    endloop
  endfacet
  facet normal 0 0.980654 -0.195749
    outer loop
      vertex 19.96 47.2273 27.4071
      vertex 20 47.2068 27.3044
      vertex 19.9601 47.2068 27.3044
    endloop
  endfacet
  facet normal 0 0.831609 -0.555362
    outer loop
      vertex 20 47.3072 27.6
      vertex 19.9595 47.3653 27.687
      vertex 20 47.3653 27.687
    endloop
  endfacet
  facet normal 0 0.831609 -0.555362
    outer loop
      vertex 19.9595 47.3653 27.687
      vertex 20 47.3072 27.6
      vertex 19.9597 47.3072 27.6
    endloop
  endfacet
  facet normal 0 0.44224 -0.896897
    outer loop
      vertex 19.9592 47.6 27.8928
      vertex 20 47.6939 27.9391
      vertex 20 47.6 27.8928
    endloop
  endfacet
  facet normal 0 0.44224 -0.896897
    outer loop
      vertex 20 47.6939 27.9391
      vertex 19.9592 47.6 27.8928
      vertex 19.9592 47.6939 27.9391
    endloop
  endfacet
  facet normal 0 0.555362 -0.831609
    outer loop
      vertex 19.9593 47.513 27.8347
      vertex 20 47.6 27.8928
      vertex 20 47.513 27.8347
    endloop
  endfacet
  facet normal 0 0.555362 -0.831609
    outer loop
      vertex 20 47.6 27.8928
      vertex 19.9593 47.513 27.8347
      vertex 19.9592 47.6 27.8928
    endloop
  endfacet
  facet normal 0 0.0649964 -0.997886
    outer loop
      vertex 19.9591 47.8956 27.9932
      vertex 20 48 28
      vertex 20 47.8956 27.9932
    endloop
  endfacet
  facet normal 0 0.0649964 -0.997886
    outer loop
      vertex 20 48 28
      vertex 19.9591 47.8956 27.9932
      vertex 19.9591 48 28
    endloop
  endfacet
  facet normal 0 0.946948 0.321388
    outer loop
      vertex 20 47.2609 14.4939
      vertex 19.9787 47.2273 14.5929
      vertex 20 47.2273 14.5929
    endloop
  endfacet
  facet normal 0 0.946948 0.321388
    outer loop
      vertex 19.9787 47.2273 14.5929
      vertex 20 47.2609 14.4939
      vertex 19.9788 47.2609 14.4939
    endloop
  endfacet
  facet normal 0 0.980654 0.195749
    outer loop
      vertex 20 47.2273 14.5929
      vertex 19.9785 47.2068 14.6956
      vertex 20 47.2068 14.6956
    endloop
  endfacet
  facet normal 0 0.980654 0.195749
    outer loop
      vertex 19.9785 47.2068 14.6956
      vertex 20 47.2273 14.5929
      vertex 19.9787 47.2273 14.5929
    endloop
  endfacet
  facet normal 0 -0.831609 0.555362
    outer loop
      vertex 19.9791 48.6347 14.313
      vertex 20 48.6928 14.4
      vertex 19.979 48.6928 14.4
    endloop
  endfacet
  facet normal 0 -0.831609 0.555362
    outer loop
      vertex 20 48.6928 14.4
      vertex 19.9791 48.6347 14.313
      vertex 20 48.6347 14.313
    endloop
  endfacet
  facet normal 0 -0.946948 0.321388
    outer loop
      vertex 19.9788 48.7391 14.4939
      vertex 20 48.7727 14.5929
      vertex 19.9787 48.7727 14.5929
    endloop
  endfacet
  facet normal 0 -0.946948 0.321388
    outer loop
      vertex 20 48.7727 14.5929
      vertex 19.9788 48.7391 14.4939
      vertex 20 48.7391 14.4939
    endloop
  endfacet
  facet normal 0 -0.44224 0.896897
    outer loop
      vertex 20 48.4 14.1072
      vertex 19.9795 48.3061 14.0609
      vertex 20 48.3061 14.0609
    endloop
  endfacet
  facet normal 0 -0.44224 0.896897
    outer loop
      vertex 19.9795 48.3061 14.0609
      vertex 20 48.4 14.1072
      vertex 19.9794 48.4 14.1072
    endloop
  endfacet
  facet normal 0 -0.659248 0.751925
    outer loop
      vertex 20 48.5657 14.2343
      vertex 19.9793 48.487 14.1653
      vertex 20 48.487 14.1653
    endloop
  endfacet
  facet normal 0 -0.659248 0.751925
    outer loop
      vertex 19.9793 48.487 14.1653
      vertex 20 48.5657 14.2343
      vertex 19.9792 48.5657 14.2343
    endloop
  endfacet
  facet normal 0 0.751925 0.659248
    outer loop
      vertex 20 47.4343 14.2343
      vertex 19.9791 47.3653 14.313
      vertex 20 47.3653 14.313
    endloop
  endfacet
  facet normal 0 0.751925 0.659248
    outer loop
      vertex 19.9791 47.3653 14.313
      vertex 20 47.4343 14.2343
      vertex 19.9792 47.4343 14.2343
    endloop
  endfacet
  facet normal -0 0.659248 0.751925
    outer loop
      vertex 19.9793 47.513 14.1653
      vertex 20 47.4343 14.2343
      vertex 20 47.513 14.1653
    endloop
  endfacet
  facet normal 0 0.659248 0.751925
    outer loop
      vertex 20 47.4343 14.2343
      vertex 19.9793 47.513 14.1653
      vertex 19.9792 47.4343 14.2343
    endloop
  endfacet
  facet normal -0 0.44224 0.896897
    outer loop
      vertex 19.9795 47.6939 14.0609
      vertex 20 47.6 14.1072
      vertex 20 47.6939 14.0609
    endloop
  endfacet
  facet normal 0 0.44224 0.896897
    outer loop
      vertex 20 47.6 14.1072
      vertex 19.9795 47.6939 14.0609
      vertex 19.9794 47.6 14.1072
    endloop
  endfacet
  facet normal -0 0.555362 0.831609
    outer loop
      vertex 19.9794 47.6 14.1072
      vertex 20 47.513 14.1653
      vertex 20 47.6 14.1072
    endloop
  endfacet
  facet normal 0 0.555362 0.831609
    outer loop
      vertex 20 47.513 14.1653
      vertex 19.9794 47.6 14.1072
      vertex 19.9793 47.513 14.1653
    endloop
  endfacet
  facet normal 0 -0.896897 0.44224
    outer loop
      vertex 19.979 48.6928 14.4
      vertex 20 48.7391 14.4939
      vertex 19.9788 48.7391 14.4939
    endloop
  endfacet
  facet normal 0 -0.896897 0.44224
    outer loop
      vertex 20 48.7391 14.4939
      vertex 19.979 48.6928 14.4
      vertex 20 48.6928 14.4
    endloop
  endfacet
  facet normal 0 -0.321388 0.946948
    outer loop
      vertex 20 48.3061 14.0609
      vertex 19.9795 48.2071 14.0273
      vertex 20 48.2071 14.0273
    endloop
  endfacet
  facet normal 0 -0.321388 0.946948
    outer loop
      vertex 19.9795 48.2071 14.0273
      vertex 20 48.3061 14.0609
      vertex 19.9795 48.3061 14.0609
    endloop
  endfacet
  facet normal 0 0.831609 0.555362
    outer loop
      vertex 20 47.3653 14.313
      vertex 19.979 47.3072 14.4
      vertex 20 47.3072 14.4
    endloop
  endfacet
  facet normal 0 0.831609 0.555362
    outer loop
      vertex 19.979 47.3072 14.4
      vertex 20 47.3653 14.313
      vertex 19.9791 47.3653 14.313
    endloop
  endfacet
  facet normal 0 1 -0
    outer loop
      vertex 20 50.6 14.8
      vertex 19.9603 50.6 27.2
      vertex 20 50.6 27.2
    endloop
  endfacet
  facet normal 0 1 0
    outer loop
      vertex 19.9603 50.6 27.2
      vertex 20 50.6 14.8
      vertex 19.9784 50.6 14.8
    endloop
  endfacet
  facet normal 0 0.659248 -0.751925
    outer loop
      vertex 19.9594 50.8343 27.7657
      vertex 20 50.913 27.8347
      vertex 20 50.8343 27.7657
    endloop
  endfacet
  facet normal 0 0.659248 -0.751925
    outer loop
      vertex 20 50.913 27.8347
      vertex 19.9594 50.8343 27.7657
      vertex 19.9593 50.913 27.8347
    endloop
  endfacet
  facet normal -0 0.321388 0.946948
    outer loop
      vertex 19.9795 51.1929 14.0273
      vertex 20 51.0939 14.0609
      vertex 20 51.1929 14.0273
    endloop
  endfacet
  facet normal 0 0.321388 0.946948
    outer loop
      vertex 20 51.0939 14.0609
      vertex 19.9795 51.1929 14.0273
      vertex 19.9795 51.0939 14.0609
    endloop
  endfacet
  facet normal 0 -1 0
    outer loop
      vertex 19.9784 52.2 14.8
      vertex 20 52.2 27.2
      vertex 19.9603 52.2 27.2
    endloop
  endfacet
  facet normal 0 -1 -0
    outer loop
      vertex 20 52.2 27.2
      vertex 19.9784 52.2 14.8
      vertex 20 52.2 14.8
    endloop
  endfacet
  facet normal 0 -0.896897 -0.44224
    outer loop
      vertex 19.9598 52.1391 27.5061
      vertex 20 52.0928 27.6
      vertex 19.9597 52.0928 27.6
    endloop
  endfacet
  facet normal 0 -0.896897 -0.44224
    outer loop
      vertex 20 52.0928 27.6
      vertex 19.9598 52.1391 27.5061
      vertex 20 52.1391 27.5061
    endloop
  endfacet
  facet normal 0 -0.44224 -0.896897
    outer loop
      vertex 20 51.7061 27.9391
      vertex 19.9592 51.8 27.8928
      vertex 20 51.8 27.8928
    endloop
  endfacet
  facet normal 0 -0.44224 -0.896897
    outer loop
      vertex 19.9592 51.8 27.8928
      vertex 20 51.7061 27.9391
      vertex 19.9592 51.7061 27.9391
    endloop
  endfacet
  facet normal 0 0.321388 -0.946948
    outer loop
      vertex 19.9592 51.0939 27.9391
      vertex 20 51.1929 27.9727
      vertex 20 51.0939 27.9391
    endloop
  endfacet
  facet normal 0 0.321388 -0.946948
    outer loop
      vertex 20 51.1929 27.9727
      vertex 19.9592 51.0939 27.9391
      vertex 19.9591 51.1929 27.9727
    endloop
  endfacet
  facet normal -0 0.0649964 0.997886
    outer loop
      vertex 19.9796 51.4 14
      vertex 20 51.2956 14.0068
      vertex 20 51.4 14
    endloop
  endfacet
  facet normal 0 0.0649964 0.997886
    outer loop
      vertex 20 51.2956 14.0068
      vertex 19.9796 51.4 14
      vertex 19.9795 51.2956 14.0068
    endloop
  endfacet
  facet normal 0 -0.195749 -0.980654
    outer loop
      vertex 20 51.5044 27.9932
      vertex 19.9591 51.6071 27.9727
      vertex 20 51.6071 27.9727
    endloop
  endfacet
  facet normal 0 -0.195749 -0.980654
    outer loop
      vertex 19.9591 51.6071 27.9727
      vertex 20 51.5044 27.9932
      vertex 19.9591 51.5044 27.9932
    endloop
  endfacet
  facet normal 0 -0.751925 0.659248
    outer loop
      vertex 19.9792 51.9657 14.2343
      vertex 20 52.0347 14.313
      vertex 19.9791 52.0347 14.313
    endloop
  endfacet
  facet normal 0 -0.751925 0.659248
    outer loop
      vertex 20 52.0347 14.313
      vertex 19.9792 51.9657 14.2343
      vertex 20 51.9657 14.2343
    endloop
  endfacet
  facet normal 0 -0.946948 -0.321388
    outer loop
      vertex 19.96 52.1727 27.4071
      vertex 20 52.1391 27.5061
      vertex 19.9598 52.1391 27.5061
    endloop
  endfacet
  facet normal 0 -0.946948 -0.321388
    outer loop
      vertex 20 52.1391 27.5061
      vertex 19.96 52.1727 27.4071
      vertex 20 52.1727 27.4071
    endloop
  endfacet
  facet normal 0 -0.659248 -0.751925
    outer loop
      vertex 20 51.887 27.8347
      vertex 19.9594 51.9657 27.7657
      vertex 20 51.9657 27.7657
    endloop
  endfacet
  facet normal 0 -0.659248 -0.751925
    outer loop
      vertex 19.9594 51.9657 27.7657
      vertex 20 51.887 27.8347
      vertex 19.9593 51.887 27.8347
    endloop
  endfacet
  facet normal 0 0.980654 -0.195749
    outer loop
      vertex 20 50.6068 27.3044
      vertex 19.96 50.6273 27.4071
      vertex 20 50.6273 27.4071
    endloop
  endfacet
  facet normal 0 0.980654 -0.195749
    outer loop
      vertex 19.96 50.6273 27.4071
      vertex 20 50.6068 27.3044
      vertex 19.9601 50.6068 27.3044
    endloop
  endfacet
  facet normal 0 0.896897 -0.44224
    outer loop
      vertex 20 50.6609 27.5061
      vertex 19.9597 50.7072 27.6
      vertex 20 50.7072 27.6
    endloop
  endfacet
  facet normal 0 0.896897 -0.44224
    outer loop
      vertex 19.9597 50.7072 27.6
      vertex 20 50.6609 27.5061
      vertex 19.9598 50.6609 27.5061
    endloop
  endfacet
  facet normal 0 0.195749 -0.980654
    outer loop
      vertex 19.9591 51.1929 27.9727
      vertex 20 51.2956 27.9932
      vertex 20 51.1929 27.9727
    endloop
  endfacet
  facet normal 0 0.195749 -0.980654
    outer loop
      vertex 20 51.2956 27.9932
      vertex 19.9591 51.1929 27.9727
      vertex 19.9591 51.2956 27.9932
    endloop
  endfacet
  facet normal -0 0.555362 0.831609
    outer loop
      vertex 19.9794 51 14.1072
      vertex 20 50.913 14.1653
      vertex 20 51 14.1072
    endloop
  endfacet
  facet normal 0 0.555362 0.831609
    outer loop
      vertex 20 50.913 14.1653
      vertex 19.9794 51 14.1072
      vertex 19.9793 50.913 14.1653
    endloop
  endfacet
  facet normal 0 -0.0649964 0.997886
    outer loop
      vertex 20 51.5044 14.0068
      vertex 19.9796 51.4 14
      vertex 20 51.4 14
    endloop
  endfacet
  facet normal 0 -0.0649964 0.997886
    outer loop
      vertex 19.9796 51.4 14
      vertex 20 51.5044 14.0068
      vertex 19.9795 51.5044 14.0068
    endloop
  endfacet
  facet normal -0 0.195749 0.980654
    outer loop
      vertex 19.9795 51.2956 14.0068
      vertex 20 51.1929 14.0273
      vertex 20 51.2956 14.0068
    endloop
  endfacet
  facet normal 0 0.195749 0.980654
    outer loop
      vertex 20 51.1929 14.0273
      vertex 19.9795 51.2956 14.0068
      vertex 19.9795 51.1929 14.0273
    endloop
  endfacet
  facet normal 0 -0.195749 0.980654
    outer loop
      vertex 20 51.6071 14.0273
      vertex 19.9795 51.5044 14.0068
      vertex 20 51.5044 14.0068
    endloop
  endfacet
  facet normal 0 -0.195749 0.980654
    outer loop
      vertex 19.9795 51.5044 14.0068
      vertex 20 51.6071 14.0273
      vertex 19.9795 51.6071 14.0273
    endloop
  endfacet
  facet normal 0 -0.0649964 -0.997886
    outer loop
      vertex 20 51.4 28
      vertex 19.9591 51.5044 27.9932
      vertex 20 51.5044 27.9932
    endloop
  endfacet
  facet normal 0 -0.0649964 -0.997886
    outer loop
      vertex 19.9591 51.5044 27.9932
      vertex 20 51.4 28
      vertex 19.9591 51.4 28
    endloop
  endfacet
  facet normal 0 -0.831609 0.555362
    outer loop
      vertex 19.9791 52.0347 14.313
      vertex 20 52.0928 14.4
      vertex 19.979 52.0928 14.4
    endloop
  endfacet
  facet normal 0 -0.831609 0.555362
    outer loop
      vertex 20 52.0928 14.4
      vertex 19.9791 52.0347 14.313
      vertex 20 52.0347 14.313
    endloop
  endfacet
  facet normal 0 -0.946948 0.321388
    outer loop
      vertex 19.9788 52.1391 14.4939
      vertex 20 52.1727 14.5929
      vertex 19.9787 52.1727 14.5929
    endloop
  endfacet
  facet normal 0 -0.946948 0.321388
    outer loop
      vertex 20 52.1727 14.5929
      vertex 19.9788 52.1391 14.4939
      vertex 20 52.1391 14.4939
    endloop
  endfacet
  facet normal 0 -0.555362 0.831609
    outer loop
      vertex 20 51.887 14.1653
      vertex 19.9794 51.8 14.1072
      vertex 20 51.8 14.1072
    endloop
  endfacet
  facet normal 0 -0.555362 0.831609
    outer loop
      vertex 19.9794 51.8 14.1072
      vertex 20 51.887 14.1653
      vertex 19.9793 51.887 14.1653
    endloop
  endfacet
  facet normal 0 -0.997886 -0.0649964
    outer loop
      vertex 19.9603 52.2 27.2
      vertex 20 52.1932 27.3044
      vertex 19.9601 52.1932 27.3044
    endloop
  endfacet
  facet normal 0 -0.997886 -0.0649964
    outer loop
      vertex 20 52.1932 27.3044
      vertex 19.9603 52.2 27.2
      vertex 20 52.2 27.2
    endloop
  endfacet
  facet normal 0 -0.321388 -0.946948
    outer loop
      vertex 20 51.6071 27.9727
      vertex 19.9592 51.7061 27.9391
      vertex 20 51.7061 27.9391
    endloop
  endfacet
  facet normal 0 -0.321388 -0.946948
    outer loop
      vertex 19.9592 51.7061 27.9391
      vertex 20 51.6071 27.9727
      vertex 19.9591 51.6071 27.9727
    endloop
  endfacet
  facet normal 0 -0.980654 -0.195749
    outer loop
      vertex 19.9601 52.1932 27.3044
      vertex 20 52.1727 27.4071
      vertex 19.96 52.1727 27.4071
    endloop
  endfacet
  facet normal 0 -0.980654 -0.195749
    outer loop
      vertex 20 52.1727 27.4071
      vertex 19.9601 52.1932 27.3044
      vertex 20 52.1932 27.3044
    endloop
  endfacet
  facet normal 0 -0.751925 -0.659248
    outer loop
      vertex 19.9595 52.0347 27.687
      vertex 20 51.9657 27.7657
      vertex 19.9594 51.9657 27.7657
    endloop
  endfacet
  facet normal 0 -0.751925 -0.659248
    outer loop
      vertex 20 51.9657 27.7657
      vertex 19.9595 52.0347 27.687
      vertex 20 52.0347 27.687
    endloop
  endfacet
  facet normal 0 -0.831609 -0.555362
    outer loop
      vertex 19.9597 52.0928 27.6
      vertex 20 52.0347 27.687
      vertex 19.9595 52.0347 27.687
    endloop
  endfacet
  facet normal 0 -0.831609 -0.555362
    outer loop
      vertex 20 52.0347 27.687
      vertex 19.9597 52.0928 27.6
      vertex 20 52.0928 27.6
    endloop
  endfacet
  facet normal 0 -0.555362 -0.831609
    outer loop
      vertex 20 51.8 27.8928
      vertex 19.9593 51.887 27.8347
      vertex 20 51.887 27.8347
    endloop
  endfacet
  facet normal 0 -0.555362 -0.831609
    outer loop
      vertex 19.9593 51.887 27.8347
      vertex 20 51.8 27.8928
      vertex 19.9592 51.8 27.8928
    endloop
  endfacet
  facet normal 0 0.997886 -0.0649964
    outer loop
      vertex 20 50.6 27.2
      vertex 19.9601 50.6068 27.3044
      vertex 20 50.6068 27.3044
    endloop
  endfacet
  facet normal 0 0.997886 -0.0649964
    outer loop
      vertex 19.9601 50.6068 27.3044
      vertex 20 50.6 27.2
      vertex 19.9603 50.6 27.2
    endloop
  endfacet
  facet normal 0 0.831609 -0.555362
    outer loop
      vertex 20 50.7072 27.6
      vertex 19.9595 50.7653 27.687
      vertex 20 50.7653 27.687
    endloop
  endfacet
  facet normal 0 0.831609 -0.555362
    outer loop
      vertex 19.9595 50.7653 27.687
      vertex 20 50.7072 27.6
      vertex 19.9597 50.7072 27.6
    endloop
  endfacet
  facet normal 0 0.751925 -0.659248
    outer loop
      vertex 20 50.7653 27.687
      vertex 19.9594 50.8343 27.7657
      vertex 20 50.8343 27.7657
    endloop
  endfacet
  facet normal 0 0.751925 -0.659248
    outer loop
      vertex 19.9594 50.8343 27.7657
      vertex 20 50.7653 27.687
      vertex 19.9595 50.7653 27.687
    endloop
  endfacet
  facet normal 0 0.946948 -0.321388
    outer loop
      vertex 20 50.6273 27.4071
      vertex 19.9598 50.6609 27.5061
      vertex 20 50.6609 27.5061
    endloop
  endfacet
  facet normal 0 0.946948 -0.321388
    outer loop
      vertex 19.9598 50.6609 27.5061
      vertex 20 50.6273 27.4071
      vertex 19.96 50.6273 27.4071
    endloop
  endfacet
  facet normal 0 0.44224 -0.896897
    outer loop
      vertex 19.9592 51 27.8928
      vertex 20 51.0939 27.9391
      vertex 20 51 27.8928
    endloop
  endfacet
  facet normal 0 0.44224 -0.896897
    outer loop
      vertex 20 51.0939 27.9391
      vertex 19.9592 51 27.8928
      vertex 19.9592 51.0939 27.9391
    endloop
  endfacet
  facet normal 0 0.555362 -0.831609
    outer loop
      vertex 19.9593 50.913 27.8347
      vertex 20 51 27.8928
      vertex 20 50.913 27.8347
    endloop
  endfacet
  facet normal 0 0.555362 -0.831609
    outer loop
      vertex 20 51 27.8928
      vertex 19.9593 50.913 27.8347
      vertex 19.9592 51 27.8928
    endloop
  endfacet
  facet normal 0 0.0649964 -0.997886
    outer loop
      vertex 19.9591 51.2956 27.9932
      vertex 20 51.4 28
      vertex 20 51.2956 27.9932
    endloop
  endfacet
  facet normal 0 0.0649964 -0.997886
    outer loop
      vertex 20 51.4 28
      vertex 19.9591 51.2956 27.9932
      vertex 19.9591 51.4 28
    endloop
  endfacet
  facet normal 0 0.997886 0.0649964
    outer loop
      vertex 20 50.6068 14.6956
      vertex 19.9784 50.6 14.8
      vertex 20 50.6 14.8
    endloop
  endfacet
  facet normal 0 0.997886 0.0649964
    outer loop
      vertex 19.9784 50.6 14.8
      vertex 20 50.6068 14.6956
      vertex 19.9785 50.6068 14.6956
    endloop
  endfacet
  facet normal 0 0.980654 0.195749
    outer loop
      vertex 20 50.6273 14.5929
      vertex 19.9785 50.6068 14.6956
      vertex 20 50.6068 14.6956
    endloop
  endfacet
  facet normal 0 0.980654 0.195749
    outer loop
      vertex 19.9785 50.6068 14.6956
      vertex 20 50.6273 14.5929
      vertex 19.9787 50.6273 14.5929
    endloop
  endfacet
  facet normal 0 0.831609 0.555362
    outer loop
      vertex 20 50.7653 14.313
      vertex 19.979 50.7072 14.4
      vertex 20 50.7072 14.4
    endloop
  endfacet
  facet normal 0 0.831609 0.555362
    outer loop
      vertex 19.979 50.7072 14.4
      vertex 20 50.7653 14.313
      vertex 19.9791 50.7653 14.313
    endloop
  endfacet
  facet normal 0 0.896897 0.44224
    outer loop
      vertex 20 50.7072 14.4
      vertex 19.9788 50.6609 14.4939
      vertex 20 50.6609 14.4939
    endloop
  endfacet
  facet normal 0 0.896897 0.44224
    outer loop
      vertex 19.9788 50.6609 14.4939
      vertex 20 50.7072 14.4
      vertex 19.979 50.7072 14.4
    endloop
  endfacet
  facet normal 0 -0.997886 0.0649964
    outer loop
      vertex 19.9785 52.1932 14.6956
      vertex 20 52.2 14.8
      vertex 19.9784 52.2 14.8
    endloop
  endfacet
  facet normal 0 -0.997886 0.0649964
    outer loop
      vertex 20 52.2 14.8
      vertex 19.9785 52.1932 14.6956
      vertex 20 52.1932 14.6956
    endloop
  endfacet
  facet normal 0 -0.896897 0.44224
    outer loop
      vertex 19.979 52.0928 14.4
      vertex 20 52.1391 14.4939
      vertex 19.9788 52.1391 14.4939
    endloop
  endfacet
  facet normal 0 -0.896897 0.44224
    outer loop
      vertex 20 52.1391 14.4939
      vertex 19.979 52.0928 14.4
      vertex 20 52.0928 14.4
    endloop
  endfacet
  facet normal 0 -0.980654 0.195749
    outer loop
      vertex 19.9787 52.1727 14.5929
      vertex 20 52.1932 14.6956
      vertex 19.9785 52.1932 14.6956
    endloop
  endfacet
  facet normal 0 -0.980654 0.195749
    outer loop
      vertex 20 52.1932 14.6956
      vertex 19.9787 52.1727 14.5929
      vertex 20 52.1727 14.5929
    endloop
  endfacet
  facet normal 0 -0.44224 0.896897
    outer loop
      vertex 20 51.8 14.1072
      vertex 19.9795 51.7061 14.0609
      vertex 20 51.7061 14.0609
    endloop
  endfacet
  facet normal 0 -0.44224 0.896897
    outer loop
      vertex 19.9795 51.7061 14.0609
      vertex 20 51.8 14.1072
      vertex 19.9794 51.8 14.1072
    endloop
  endfacet
  facet normal 0 -0.659248 0.751925
    outer loop
      vertex 20 51.9657 14.2343
      vertex 19.9793 51.887 14.1653
      vertex 20 51.887 14.1653
    endloop
  endfacet
  facet normal 0 -0.659248 0.751925
    outer loop
      vertex 19.9793 51.887 14.1653
      vertex 20 51.9657 14.2343
      vertex 19.9792 51.9657 14.2343
    endloop
  endfacet
  facet normal 0 0.751925 0.659248
    outer loop
      vertex 20 50.8343 14.2343
      vertex 19.9791 50.7653 14.313
      vertex 20 50.7653 14.313
    endloop
  endfacet
  facet normal 0 0.751925 0.659248
    outer loop
      vertex 19.9791 50.7653 14.313
      vertex 20 50.8343 14.2343
      vertex 19.9792 50.8343 14.2343
    endloop
  endfacet
  facet normal -0 0.659248 0.751925
    outer loop
      vertex 19.9793 50.913 14.1653
      vertex 20 50.8343 14.2343
      vertex 20 50.913 14.1653
    endloop
  endfacet
  facet normal 0 0.659248 0.751925
    outer loop
      vertex 20 50.8343 14.2343
      vertex 19.9793 50.913 14.1653
      vertex 19.9792 50.8343 14.2343
    endloop
  endfacet
  facet normal -0 0.44224 0.896897
    outer loop
      vertex 19.9795 51.0939 14.0609
      vertex 20 51 14.1072
      vertex 20 51.0939 14.0609
    endloop
  endfacet
  facet normal 0 0.44224 0.896897
    outer loop
      vertex 20 51 14.1072
      vertex 19.9795 51.0939 14.0609
      vertex 19.9794 51 14.1072
    endloop
  endfacet
  facet normal 0 -0.321388 0.946948
    outer loop
      vertex 20 51.7061 14.0609
      vertex 19.9795 51.6071 14.0273
      vertex 20 51.6071 14.0273
    endloop
  endfacet
  facet normal 0 -0.321388 0.946948
    outer loop
      vertex 19.9795 51.6071 14.0273
      vertex 20 51.7061 14.0609
      vertex 19.9795 51.7061 14.0609
    endloop
  endfacet
  facet normal 0 0.946948 0.321388
    outer loop
      vertex 20 50.6609 14.4939
      vertex 19.9787 50.6273 14.5929
      vertex 20 50.6273 14.5929
    endloop
  endfacet
  facet normal 0 0.946948 0.321388
    outer loop
      vertex 19.9787 50.6273 14.5929
      vertex 20 50.6609 14.4939
      vertex 19.9788 50.6609 14.4939
    endloop
  endfacet
  facet normal 0 -0.195749 0.980654
    outer loop
      vertex 20 55.0071 14.0273
      vertex 19.9795 54.9044 14.0068
      vertex 20 54.9044 14.0068
    endloop
  endfacet
  facet normal 0 -0.195749 0.980654
    outer loop
      vertex 19.9795 54.9044 14.0068
      vertex 20 55.0071 14.0273
      vertex 19.9795 55.0071 14.0273
    endloop
  endfacet
  facet normal 0 -0.0649964 -0.997886
    outer loop
      vertex 20 54.8 28
      vertex 19.9591 54.9044 27.9932
      vertex 20 54.9044 27.9932
    endloop
  endfacet
  facet normal 0 -0.0649964 -0.997886
    outer loop
      vertex 19.9591 54.9044 27.9932
      vertex 20 54.8 28
      vertex 19.9591 54.8 28
    endloop
  endfacet
  facet normal 0 1 -0
    outer loop
      vertex 20 54 14.8
      vertex 19.9603 54 27.2
      vertex 20 54 27.2
    endloop
  endfacet
  facet normal 0 1 0
    outer loop
      vertex 19.9603 54 27.2
      vertex 20 54 14.8
      vertex 19.9784 54 14.8
    endloop
  endfacet
  facet normal 0 0.997886 -0.0649964
    outer loop
      vertex 20 54 27.2
      vertex 19.9601 54.0068 27.3044
      vertex 20 54.0068 27.3044
    endloop
  endfacet
  facet normal 0 0.997886 -0.0649964
    outer loop
      vertex 19.9601 54.0068 27.3044
      vertex 20 54 27.2
      vertex 19.9603 54 27.2
    endloop
  endfacet
  facet normal 0 0.659248 -0.751925
    outer loop
      vertex 19.9594 54.2343 27.7657
      vertex 20 54.313 27.8347
      vertex 20 54.2343 27.7657
    endloop
  endfacet
  facet normal 0 0.659248 -0.751925
    outer loop
      vertex 20 54.313 27.8347
      vertex 19.9594 54.2343 27.7657
      vertex 19.9593 54.313 27.8347
    endloop
  endfacet
  facet normal -0 0.659248 0.751925
    outer loop
      vertex 19.9793 54.313 14.1653
      vertex 20 54.2343 14.2343
      vertex 20 54.313 14.1653
    endloop
  endfacet
  facet normal 0 0.659248 0.751925
    outer loop
      vertex 20 54.2343 14.2343
      vertex 19.9793 54.313 14.1653
      vertex 19.9792 54.2343 14.2343
    endloop
  endfacet
  facet normal 0 -0.751925 -0.659248
    outer loop
      vertex 19.9595 55.4347 27.687
      vertex 20 55.3657 27.7657
      vertex 19.9594 55.3657 27.7657
    endloop
  endfacet
  facet normal 0 -0.751925 -0.659248
    outer loop
      vertex 20 55.3657 27.7657
      vertex 19.9595 55.4347 27.687
      vertex 20 55.4347 27.687
    endloop
  endfacet
  facet normal 0 -1 0
    outer loop
      vertex 19.9784 55.6 14.8
      vertex 20 55.6 27.2
      vertex 19.9603 55.6 27.2
    endloop
  endfacet
  facet normal 0 -1 -0
    outer loop
      vertex 20 55.6 27.2
      vertex 19.9784 55.6 14.8
      vertex 20 55.6 14.8
    endloop
  endfacet
  facet normal 0 0.321388 -0.946948
    outer loop
      vertex 19.9592 54.4939 27.9391
      vertex 20 54.5929 27.9727
      vertex 20 54.4939 27.9391
    endloop
  endfacet
  facet normal 0 0.321388 -0.946948
    outer loop
      vertex 20 54.5929 27.9727
      vertex 19.9592 54.4939 27.9391
      vertex 19.9591 54.5929 27.9727
    endloop
  endfacet
  facet normal 0 -0.555362 0.831609
    outer loop
      vertex 20 55.287 14.1653
      vertex 19.9794 55.2 14.1072
      vertex 20 55.2 14.1072
    endloop
  endfacet
  facet normal 0 -0.555362 0.831609
    outer loop
      vertex 19.9794 55.2 14.1072
      vertex 20 55.287 14.1653
      vertex 19.9793 55.287 14.1653
    endloop
  endfacet
  facet normal 0 -0.555362 -0.831609
    outer loop
      vertex 20 55.2 27.8928
      vertex 19.9593 55.287 27.8347
      vertex 20 55.287 27.8347
    endloop
  endfacet
  facet normal 0 -0.555362 -0.831609
    outer loop
      vertex 19.9593 55.287 27.8347
      vertex 20 55.2 27.8928
      vertex 19.9592 55.2 27.8928
    endloop
  endfacet
  facet normal 0 -0.997886 0.0649964
    outer loop
      vertex 19.9785 55.5932 14.6956
      vertex 20 55.6 14.8
      vertex 19.9784 55.6 14.8
    endloop
  endfacet
  facet normal 0 -0.997886 0.0649964
    outer loop
      vertex 20 55.6 14.8
      vertex 19.9785 55.5932 14.6956
      vertex 20 55.5932 14.6956
    endloop
  endfacet
  facet normal 0 -0.980654 -0.195749
    outer loop
      vertex 19.9601 55.5932 27.3044
      vertex 20 55.5727 27.4071
      vertex 19.96 55.5727 27.4071
    endloop
  endfacet
  facet normal 0 -0.980654 -0.195749
    outer loop
      vertex 20 55.5727 27.4071
      vertex 19.9601 55.5932 27.3044
      vertex 20 55.5932 27.3044
    endloop
  endfacet
  facet normal 0 -0.997886 -0.0649964
    outer loop
      vertex 19.9603 55.6 27.2
      vertex 20 55.5932 27.3044
      vertex 19.9601 55.5932 27.3044
    endloop
  endfacet
  facet normal 0 -0.997886 -0.0649964
    outer loop
      vertex 20 55.5932 27.3044
      vertex 19.9603 55.6 27.2
      vertex 20 55.6 27.2
    endloop
  endfacet
  facet normal 0 -0.659248 -0.751925
    outer loop
      vertex 20 55.287 27.8347
      vertex 19.9594 55.3657 27.7657
      vertex 20 55.3657 27.7657
    endloop
  endfacet
  facet normal 0 -0.659248 -0.751925
    outer loop
      vertex 19.9594 55.3657 27.7657
      vertex 20 55.287 27.8347
      vertex 19.9593 55.287 27.8347
    endloop
  endfacet
  facet normal 0 0.831609 -0.555362
    outer loop
      vertex 20 54.1072 27.6
      vertex 19.9595 54.1653 27.687
      vertex 20 54.1653 27.687
    endloop
  endfacet
  facet normal 0 0.831609 -0.555362
    outer loop
      vertex 19.9595 54.1653 27.687
      vertex 20 54.1072 27.6
      vertex 19.9597 54.1072 27.6
    endloop
  endfacet
  facet normal 0 0.751925 -0.659248
    outer loop
      vertex 20 54.1653 27.687
      vertex 19.9594 54.2343 27.7657
      vertex 20 54.2343 27.7657
    endloop
  endfacet
  facet normal 0 0.751925 -0.659248
    outer loop
      vertex 19.9594 54.2343 27.7657
      vertex 20 54.1653 27.687
      vertex 19.9595 54.1653 27.687
    endloop
  endfacet
  facet normal 0 0.555362 -0.831609
    outer loop
      vertex 19.9593 54.313 27.8347
      vertex 20 54.4 27.8928
      vertex 20 54.313 27.8347
    endloop
  endfacet
  facet normal 0 0.555362 -0.831609
    outer loop
      vertex 20 54.4 27.8928
      vertex 19.9593 54.313 27.8347
      vertex 19.9592 54.4 27.8928
    endloop
  endfacet
  facet normal 0 0.195749 -0.980654
    outer loop
      vertex 19.9591 54.5929 27.9727
      vertex 20 54.6956 27.9932
      vertex 20 54.5929 27.9727
    endloop
  endfacet
  facet normal 0 0.195749 -0.980654
    outer loop
      vertex 20 54.6956 27.9932
      vertex 19.9591 54.5929 27.9727
      vertex 19.9591 54.6956 27.9932
    endloop
  endfacet
  facet normal 0 0.751925 0.659248
    outer loop
      vertex 20 54.2343 14.2343
      vertex 19.9791 54.1653 14.313
      vertex 20 54.1653 14.313
    endloop
  endfacet
  facet normal 0 0.751925 0.659248
    outer loop
      vertex 19.9791 54.1653 14.313
      vertex 20 54.2343 14.2343
      vertex 19.9792 54.2343 14.2343
    endloop
  endfacet
  facet normal -0 0.321388 0.946948
    outer loop
      vertex 19.9795 54.5929 14.0273
      vertex 20 54.4939 14.0609
      vertex 20 54.5929 14.0273
    endloop
  endfacet
  facet normal 0 0.321388 0.946948
    outer loop
      vertex 20 54.4939 14.0609
      vertex 19.9795 54.5929 14.0273
      vertex 19.9795 54.4939 14.0609
    endloop
  endfacet
  facet normal -0 0.195749 0.980654
    outer loop
      vertex 19.9795 54.6956 14.0068
      vertex 20 54.5929 14.0273
      vertex 20 54.6956 14.0068
    endloop
  endfacet
  facet normal 0 0.195749 0.980654
    outer loop
      vertex 20 54.5929 14.0273
      vertex 19.9795 54.6956 14.0068
      vertex 19.9795 54.5929 14.0273
    endloop
  endfacet
  facet normal -0 0.0649964 0.997886
    outer loop
      vertex 19.9796 54.8 14
      vertex 20 54.6956 14.0068
      vertex 20 54.8 14
    endloop
  endfacet
  facet normal 0 0.0649964 0.997886
    outer loop
      vertex 20 54.6956 14.0068
      vertex 19.9796 54.8 14
      vertex 19.9795 54.6956 14.0068
    endloop
  endfacet
  facet normal 0 -0.0649964 0.997886
    outer loop
      vertex 20 54.9044 14.0068
      vertex 19.9796 54.8 14
      vertex 20 54.8 14
    endloop
  endfacet
  facet normal 0 -0.0649964 0.997886
    outer loop
      vertex 19.9796 54.8 14
      vertex 20 54.9044 14.0068
      vertex 19.9795 54.9044 14.0068
    endloop
  endfacet
  facet normal 0 -0.831609 0.555362
    outer loop
      vertex 19.9791 55.4347 14.313
      vertex 20 55.4928 14.4
      vertex 19.979 55.4928 14.4
    endloop
  endfacet
  facet normal 0 -0.831609 0.555362
    outer loop
      vertex 20 55.4928 14.4
      vertex 19.9791 55.4347 14.313
      vertex 20 55.4347 14.313
    endloop
  endfacet
  facet normal 0 -0.946948 -0.321388
    outer loop
      vertex 19.96 55.5727 27.4071
      vertex 20 55.5391 27.5061
      vertex 19.9598 55.5391 27.5061
    endloop
  endfacet
  facet normal 0 -0.946948 -0.321388
    outer loop
      vertex 20 55.5391 27.5061
      vertex 19.96 55.5727 27.4071
      vertex 20 55.5727 27.4071
    endloop
  endfacet
  facet normal 0 -0.896897 -0.44224
    outer loop
      vertex 19.9598 55.5391 27.5061
      vertex 20 55.4928 27.6
      vertex 19.9597 55.4928 27.6
    endloop
  endfacet
  facet normal 0 -0.896897 -0.44224
    outer loop
      vertex 20 55.4928 27.6
      vertex 19.9598 55.5391 27.5061
      vertex 20 55.5391 27.5061
    endloop
  endfacet
  facet normal 0 -0.831609 -0.555362
    outer loop
      vertex 19.9597 55.4928 27.6
      vertex 20 55.4347 27.687
      vertex 19.9595 55.4347 27.687
    endloop
  endfacet
  facet normal 0 -0.831609 -0.555362
    outer loop
      vertex 20 55.4347 27.687
      vertex 19.9597 55.4928 27.6
      vertex 20 55.4928 27.6
    endloop
  endfacet
  facet normal 0 -0.44224 -0.896897
    outer loop
      vertex 20 55.1061 27.9391
      vertex 19.9592 55.2 27.8928
      vertex 20 55.2 27.8928
    endloop
  endfacet
  facet normal 0 -0.44224 -0.896897
    outer loop
      vertex 19.9592 55.2 27.8928
      vertex 20 55.1061 27.9391
      vertex 19.9592 55.1061 27.9391
    endloop
  endfacet
  facet normal 0 -0.321388 -0.946948
    outer loop
      vertex 20 55.0071 27.9727
      vertex 19.9592 55.1061 27.9391
      vertex 20 55.1061 27.9391
    endloop
  endfacet
  facet normal 0 -0.321388 -0.946948
    outer loop
      vertex 19.9592 55.1061 27.9391
      vertex 20 55.0071 27.9727
      vertex 19.9591 55.0071 27.9727
    endloop
  endfacet
  facet normal 0 -0.195749 -0.980654
    outer loop
      vertex 20 54.9044 27.9932
      vertex 19.9591 55.0071 27.9727
      vertex 20 55.0071 27.9727
    endloop
  endfacet
  facet normal 0 -0.195749 -0.980654
    outer loop
      vertex 19.9591 55.0071 27.9727
      vertex 20 54.9044 27.9932
      vertex 19.9591 54.9044 27.9932
    endloop
  endfacet
  facet normal 0 0.896897 -0.44224
    outer loop
      vertex 20 54.0609 27.5061
      vertex 19.9597 54.1072 27.6
      vertex 20 54.1072 27.6
    endloop
  endfacet
  facet normal 0 0.896897 -0.44224
    outer loop
      vertex 19.9597 54.1072 27.6
      vertex 20 54.0609 27.5061
      vertex 19.9598 54.0609 27.5061
    endloop
  endfacet
  facet normal 0 0.946948 -0.321388
    outer loop
      vertex 20 54.0273 27.4071
      vertex 19.9598 54.0609 27.5061
      vertex 20 54.0609 27.5061
    endloop
  endfacet
  facet normal 0 0.946948 -0.321388
    outer loop
      vertex 19.9598 54.0609 27.5061
      vertex 20 54.0273 27.4071
      vertex 19.96 54.0273 27.4071
    endloop
  endfacet
  facet normal 0 0.980654 -0.195749
    outer loop
      vertex 20 54.0068 27.3044
      vertex 19.96 54.0273 27.4071
      vertex 20 54.0273 27.4071
    endloop
  endfacet
  facet normal 0 0.980654 -0.195749
    outer loop
      vertex 19.96 54.0273 27.4071
      vertex 20 54.0068 27.3044
      vertex 19.9601 54.0068 27.3044
    endloop
  endfacet
  facet normal 0 0.0649964 -0.997886
    outer loop
      vertex 19.9591 54.6956 27.9932
      vertex 20 54.8 28
      vertex 20 54.6956 27.9932
    endloop
  endfacet
  facet normal 0 0.0649964 -0.997886
    outer loop
      vertex 20 54.8 28
      vertex 19.9591 54.6956 27.9932
      vertex 19.9591 54.8 28
    endloop
  endfacet
  facet normal 0 0.997886 0.0649964
    outer loop
      vertex 20 54.0068 14.6956
      vertex 19.9784 54 14.8
      vertex 20 54 14.8
    endloop
  endfacet
  facet normal 0 0.997886 0.0649964
    outer loop
      vertex 19.9784 54 14.8
      vertex 20 54.0068 14.6956
      vertex 19.9785 54.0068 14.6956
    endloop
  endfacet
  facet normal 0 -0.44224 0.896897
    outer loop
      vertex 20 55.2 14.1072
      vertex 19.9795 55.1061 14.0609
      vertex 20 55.1061 14.0609
    endloop
  endfacet
  facet normal 0 -0.44224 0.896897
    outer loop
      vertex 19.9795 55.1061 14.0609
      vertex 20 55.2 14.1072
      vertex 19.9794 55.2 14.1072
    endloop
  endfacet
  facet normal 0 -0.659248 0.751925
    outer loop
      vertex 20 55.3657 14.2343
      vertex 19.9793 55.287 14.1653
      vertex 20 55.287 14.1653
    endloop
  endfacet
  facet normal 0 -0.659248 0.751925
    outer loop
      vertex 19.9793 55.287 14.1653
      vertex 20 55.3657 14.2343
      vertex 19.9792 55.3657 14.2343
    endloop
  endfacet
  facet normal 0 -0.751925 0.659248
    outer loop
      vertex 19.9792 55.3657 14.2343
      vertex 20 55.4347 14.313
      vertex 19.9791 55.4347 14.313
    endloop
  endfacet
  facet normal 0 -0.751925 0.659248
    outer loop
      vertex 20 55.4347 14.313
      vertex 19.9792 55.3657 14.2343
      vertex 20 55.3657 14.2343
    endloop
  endfacet
  facet normal 0 -0.946948 0.321388
    outer loop
      vertex 19.9788 55.5391 14.4939
      vertex 20 55.5727 14.5929
      vertex 19.9787 55.5727 14.5929
    endloop
  endfacet
  facet normal 0 -0.946948 0.321388
    outer loop
      vertex 20 55.5727 14.5929
      vertex 19.9788 55.5391 14.4939
      vertex 20 55.5391 14.4939
    endloop
  endfacet
  facet normal 0 -0.896897 0.44224
    outer loop
      vertex 19.979 55.4928 14.4
      vertex 20 55.5391 14.4939
      vertex 19.9788 55.5391 14.4939
    endloop
  endfacet
  facet normal 0 -0.896897 0.44224
    outer loop
      vertex 20 55.5391 14.4939
      vertex 19.979 55.4928 14.4
      vertex 20 55.4928 14.4
    endloop
  endfacet
  facet normal 0 0.44224 -0.896897
    outer loop
      vertex 19.9592 54.4 27.8928
      vertex 20 54.4939 27.9391
      vertex 20 54.4 27.8928
    endloop
  endfacet
  facet normal 0 0.44224 -0.896897
    outer loop
      vertex 20 54.4939 27.9391
      vertex 19.9592 54.4 27.8928
      vertex 19.9592 54.4939 27.9391
    endloop
  endfacet
  facet normal 0 0.896897 0.44224
    outer loop
      vertex 20 54.1072 14.4
      vertex 19.9788 54.0609 14.4939
      vertex 20 54.0609 14.4939
    endloop
  endfacet
  facet normal 0 0.896897 0.44224
    outer loop
      vertex 19.9788 54.0609 14.4939
      vertex 20 54.1072 14.4
      vertex 19.979 54.1072 14.4
    endloop
  endfacet
  facet normal 0 0.946948 0.321388
    outer loop
      vertex 20 54.0609 14.4939
      vertex 19.9787 54.0273 14.5929
      vertex 20 54.0273 14.5929
    endloop
  endfacet
  facet normal 0 0.946948 0.321388
    outer loop
      vertex 19.9787 54.0273 14.5929
      vertex 20 54.0609 14.4939
      vertex 19.9788 54.0609 14.4939
    endloop
  endfacet
  facet normal 0 0.980654 0.195749
    outer loop
      vertex 20 54.0273 14.5929
      vertex 19.9785 54.0068 14.6956
      vertex 20 54.0068 14.6956
    endloop
  endfacet
  facet normal 0 0.980654 0.195749
    outer loop
      vertex 19.9785 54.0068 14.6956
      vertex 20 54.0273 14.5929
      vertex 19.9787 54.0273 14.5929
    endloop
  endfacet
  facet normal -0 0.44224 0.896897
    outer loop
      vertex 19.9795 54.4939 14.0609
      vertex 20 54.4 14.1072
      vertex 20 54.4939 14.0609
    endloop
  endfacet
  facet normal 0 0.44224 0.896897
    outer loop
      vertex 20 54.4 14.1072
      vertex 19.9795 54.4939 14.0609
      vertex 19.9794 54.4 14.1072
    endloop
  endfacet
  facet normal -0 0.555362 0.831609
    outer loop
      vertex 19.9794 54.4 14.1072
      vertex 20 54.313 14.1653
      vertex 20 54.4 14.1072
    endloop
  endfacet
  facet normal 0 0.555362 0.831609
    outer loop
      vertex 20 54.313 14.1653
      vertex 19.9794 54.4 14.1072
      vertex 19.9793 54.313 14.1653
    endloop
  endfacet
  facet normal 0 -0.321388 0.946948
    outer loop
      vertex 20 55.1061 14.0609
      vertex 19.9795 55.0071 14.0273
      vertex 20 55.0071 14.0273
    endloop
  endfacet
  facet normal 0 -0.321388 0.946948
    outer loop
      vertex 19.9795 55.0071 14.0273
      vertex 20 55.1061 14.0609
      vertex 19.9795 55.1061 14.0609
    endloop
  endfacet
  facet normal 0 -0.980654 0.195749
    outer loop
      vertex 19.9787 55.5727 14.5929
      vertex 20 55.5932 14.6956
      vertex 19.9785 55.5932 14.6956
    endloop
  endfacet
  facet normal 0 -0.980654 0.195749
    outer loop
      vertex 20 55.5932 14.6956
      vertex 19.9787 55.5727 14.5929
      vertex 20 55.5727 14.5929
    endloop
  endfacet
  facet normal 0 0.831609 0.555362
    outer loop
      vertex 20 54.1653 14.313
      vertex 19.979 54.1072 14.4
      vertex 20 54.1072 14.4
    endloop
  endfacet
  facet normal 0 0.831609 0.555362
    outer loop
      vertex 19.979 54.1072 14.4
      vertex 20 54.1653 14.313
      vertex 19.9791 54.1653 14.313
    endloop
  endfacet
  facet normal 0 -0.195749 0.980654
    outer loop
      vertex 20 58.4071 14.0273
      vertex 19.9795 58.3044 14.0068
      vertex 20 58.3044 14.0068
    endloop
  endfacet
  facet normal 0 -0.195749 0.980654
    outer loop
      vertex 19.9795 58.3044 14.0068
      vertex 20 58.4071 14.0273
      vertex 19.9795 58.4071 14.0273
    endloop
  endfacet
  facet normal 0 -0.0649964 -0.997886
    outer loop
      vertex 20 58.2 28
      vertex 19.9591 58.3044 27.9932
      vertex 20 58.3044 27.9932
    endloop
  endfacet
  facet normal 0 -0.0649964 -0.997886
    outer loop
      vertex 19.9591 58.3044 27.9932
      vertex 20 58.2 28
      vertex 19.9591 58.2 28
    endloop
  endfacet
  facet normal 0 1 -0
    outer loop
      vertex 20 57.4 14.8
      vertex 19.9603 57.4 27.2
      vertex 20 57.4 27.2
    endloop
  endfacet
  facet normal 0 1 0
    outer loop
      vertex 19.9603 57.4 27.2
      vertex 20 57.4 14.8
      vertex 19.9784 57.4 14.8
    endloop
  endfacet
  facet normal 0 0.997886 -0.0649964
    outer loop
      vertex 20 57.4 27.2
      vertex 19.9601 57.4068 27.3044
      vertex 20 57.4068 27.3044
    endloop
  endfacet
  facet normal 0 0.997886 -0.0649964
    outer loop
      vertex 19.9601 57.4068 27.3044
      vertex 20 57.4 27.2
      vertex 19.9603 57.4 27.2
    endloop
  endfacet
  facet normal 0 0.659248 -0.751925
    outer loop
      vertex 19.9594 57.6343 27.7657
      vertex 20 57.713 27.8347
      vertex 20 57.6343 27.7657
    endloop
  endfacet
  facet normal 0 0.659248 -0.751925
    outer loop
      vertex 20 57.713 27.8347
      vertex 19.9594 57.6343 27.7657
      vertex 19.9593 57.713 27.8347
    endloop
  endfacet
  facet normal -0 0.659248 0.751925
    outer loop
      vertex 19.9793 57.713 14.1653
      vertex 20 57.6343 14.2343
      vertex 20 57.713 14.1653
    endloop
  endfacet
  facet normal 0 0.659248 0.751925
    outer loop
      vertex 20 57.6343 14.2343
      vertex 19.9793 57.713 14.1653
      vertex 19.9792 57.6343 14.2343
    endloop
  endfacet
  facet normal 0 -0.997886 0.0649964
    outer loop
      vertex 19.9785 58.9932 14.6956
      vertex 20 59 14.8
      vertex 19.9784 59 14.8
    endloop
  endfacet
  facet normal 0 -0.997886 0.0649964
    outer loop
      vertex 20 59 14.8
      vertex 19.9785 58.9932 14.6956
      vertex 20 58.9932 14.6956
    endloop
  endfacet
  facet normal 0 -0.751925 -0.659248
    outer loop
      vertex 19.9595 58.8347 27.687
      vertex 20 58.7657 27.7657
      vertex 19.9594 58.7657 27.7657
    endloop
  endfacet
  facet normal 0 -0.751925 -0.659248
    outer loop
      vertex 20 58.7657 27.7657
      vertex 19.9595 58.8347 27.687
      vertex 20 58.8347 27.687
    endloop
  endfacet
  facet normal 0 -1 0
    outer loop
      vertex 19.9784 59 14.8
      vertex 20 59 27.2
      vertex 19.9603 59 27.2
    endloop
  endfacet
  facet normal 0 -1 -0
    outer loop
      vertex 20 59 27.2
      vertex 19.9784 59 14.8
      vertex 20 59 14.8
    endloop
  endfacet
  facet normal 0 0.321388 -0.946948
    outer loop
      vertex 19.9592 57.8939 27.9391
      vertex 20 57.9929 27.9727
      vertex 20 57.8939 27.9391
    endloop
  endfacet
  facet normal 0 0.321388 -0.946948
    outer loop
      vertex 20 57.9929 27.9727
      vertex 19.9592 57.8939 27.9391
      vertex 19.9591 57.9929 27.9727
    endloop
  endfacet
  facet normal -0 0.195749 0.980654
    outer loop
      vertex 19.9795 58.0956 14.0068
      vertex 20 57.9929 14.0273
      vertex 20 58.0956 14.0068
    endloop
  endfacet
  facet normal 0 0.195749 0.980654
    outer loop
      vertex 20 57.9929 14.0273
      vertex 19.9795 58.0956 14.0068
      vertex 19.9795 57.9929 14.0273
    endloop
  endfacet
  facet normal 0 -0.44224 -0.896897
    outer loop
      vertex 20 58.5061 27.9391
      vertex 19.9592 58.6 27.8928
      vertex 20 58.6 27.8928
    endloop
  endfacet
  facet normal 0 -0.44224 -0.896897
    outer loop
      vertex 19.9592 58.6 27.8928
      vertex 20 58.5061 27.9391
      vertex 19.9592 58.5061 27.9391
    endloop
  endfacet
  facet normal 0 -0.946948 -0.321388
    outer loop
      vertex 19.96 58.9727 27.4071
      vertex 20 58.9391 27.5061
      vertex 19.9598 58.9391 27.5061
    endloop
  endfacet
  facet normal 0 -0.946948 -0.321388
    outer loop
      vertex 20 58.9391 27.5061
      vertex 19.96 58.9727 27.4071
      vertex 20 58.9727 27.4071
    endloop
  endfacet
  facet normal 0 -0.659248 -0.751925
    outer loop
      vertex 20 58.687 27.8347
      vertex 19.9594 58.7657 27.7657
      vertex 20 58.7657 27.7657
    endloop
  endfacet
  facet normal 0 -0.659248 -0.751925
    outer loop
      vertex 19.9594 58.7657 27.7657
      vertex 20 58.687 27.8347
      vertex 19.9593 58.687 27.8347
    endloop
  endfacet
  facet normal 0 -0.321388 -0.946948
    outer loop
      vertex 20 58.4071 27.9727
      vertex 19.9592 58.5061 27.9391
      vertex 20 58.5061 27.9391
    endloop
  endfacet
  facet normal 0 -0.321388 -0.946948
    outer loop
      vertex 19.9592 58.5061 27.9391
      vertex 20 58.4071 27.9727
      vertex 19.9591 58.4071 27.9727
    endloop
  endfacet
  facet normal 0 0.896897 -0.44224
    outer loop
      vertex 20 57.4609 27.5061
      vertex 19.9597 57.5072 27.6
      vertex 20 57.5072 27.6
    endloop
  endfacet
  facet normal 0 0.896897 -0.44224
    outer loop
      vertex 19.9597 57.5072 27.6
      vertex 20 57.4609 27.5061
      vertex 19.9598 57.4609 27.5061
    endloop
  endfacet
  facet normal 0 0.751925 -0.659248
    outer loop
      vertex 20 57.5653 27.687
      vertex 19.9594 57.6343 27.7657
      vertex 20 57.6343 27.7657
    endloop
  endfacet
  facet normal 0 0.751925 -0.659248
    outer loop
      vertex 19.9594 57.6343 27.7657
      vertex 20 57.5653 27.687
      vertex 19.9595 57.5653 27.687
    endloop
  endfacet
  facet normal 0 0.0649964 -0.997886
    outer loop
      vertex 19.9591 58.0956 27.9932
      vertex 20 58.2 28
      vertex 20 58.0956 27.9932
    endloop
  endfacet
  facet normal 0 0.0649964 -0.997886
    outer loop
      vertex 20 58.2 28
      vertex 19.9591 58.0956 27.9932
      vertex 19.9591 58.2 28
    endloop
  endfacet
  facet normal -0 0.321388 0.946948
    outer loop
      vertex 19.9795 57.9929 14.0273
      vertex 20 57.8939 14.0609
      vertex 20 57.9929 14.0273
    endloop
  endfacet
  facet normal 0 0.321388 0.946948
    outer loop
      vertex 20 57.8939 14.0609
      vertex 19.9795 57.9929 14.0273
      vertex 19.9795 57.8939 14.0609
    endloop
  endfacet
  facet normal -0 0.0649964 0.997886
    outer loop
      vertex 19.9796 58.2 14
      vertex 20 58.0956 14.0068
      vertex 20 58.2 14
    endloop
  endfacet
  facet normal 0 0.0649964 0.997886
    outer loop
      vertex 20 58.0956 14.0068
      vertex 19.9796 58.2 14
      vertex 19.9795 58.0956 14.0068
    endloop
  endfacet
  facet normal 0 -0.0649964 0.997886
    outer loop
      vertex 20 58.3044 14.0068
      vertex 19.9796 58.2 14
      vertex 20 58.2 14
    endloop
  endfacet
  facet normal 0 -0.0649964 0.997886
    outer loop
      vertex 19.9796 58.2 14
      vertex 20 58.3044 14.0068
      vertex 19.9795 58.3044 14.0068
    endloop
  endfacet
  facet normal 0 -0.555362 0.831609
    outer loop
      vertex 20 58.687 14.1653
      vertex 19.9794 58.6 14.1072
      vertex 20 58.6 14.1072
    endloop
  endfacet
  facet normal 0 -0.555362 0.831609
    outer loop
      vertex 19.9794 58.6 14.1072
      vertex 20 58.687 14.1653
      vertex 19.9793 58.687 14.1653
    endloop
  endfacet
  facet normal 0 -0.946948 0.321388
    outer loop
      vertex 19.9788 58.9391 14.4939
      vertex 20 58.9727 14.5929
      vertex 19.9787 58.9727 14.5929
    endloop
  endfacet
  facet normal 0 -0.946948 0.321388
    outer loop
      vertex 20 58.9727 14.5929
      vertex 19.9788 58.9391 14.4939
      vertex 20 58.9391 14.4939
    endloop
  endfacet
  facet normal 0 -0.831609 0.555362
    outer loop
      vertex 19.9791 58.8347 14.313
      vertex 20 58.8928 14.4
      vertex 19.979 58.8928 14.4
    endloop
  endfacet
  facet normal 0 -0.831609 0.555362
    outer loop
      vertex 20 58.8928 14.4
      vertex 19.9791 58.8347 14.313
      vertex 20 58.8347 14.313
    endloop
  endfacet
  facet normal 0 -0.980654 -0.195749
    outer loop
      vertex 19.9601 58.9932 27.3044
      vertex 20 58.9727 27.4071
      vertex 19.96 58.9727 27.4071
    endloop
  endfacet
  facet normal 0 -0.980654 -0.195749
    outer loop
      vertex 20 58.9727 27.4071
      vertex 19.9601 58.9932 27.3044
      vertex 20 58.9932 27.3044
    endloop
  endfacet
  facet normal 0 -0.997886 -0.0649964
    outer loop
      vertex 19.9603 59 27.2
      vertex 20 58.9932 27.3044
      vertex 19.9601 58.9932 27.3044
    endloop
  endfacet
  facet normal 0 -0.997886 -0.0649964
    outer loop
      vertex 20 58.9932 27.3044
      vertex 19.9603 59 27.2
      vertex 20 59 27.2
    endloop
  endfacet
  facet normal 0 -0.831609 -0.555362
    outer loop
      vertex 19.9597 58.8928 27.6
      vertex 20 58.8347 27.687
      vertex 19.9595 58.8347 27.687
    endloop
  endfacet
  facet normal 0 -0.831609 -0.555362
    outer loop
      vertex 20 58.8347 27.687
      vertex 19.9597 58.8928 27.6
      vertex 20 58.8928 27.6
    endloop
  endfacet
  facet normal 0 -0.896897 -0.44224
    outer loop
      vertex 19.9598 58.9391 27.5061
      vertex 20 58.8928 27.6
      vertex 19.9597 58.8928 27.6
    endloop
  endfacet
  facet normal 0 -0.896897 -0.44224
    outer loop
      vertex 20 58.8928 27.6
      vertex 19.9598 58.9391 27.5061
      vertex 20 58.9391 27.5061
    endloop
  endfacet
  facet normal 0 -0.555362 -0.831609
    outer loop
      vertex 20 58.6 27.8928
      vertex 19.9593 58.687 27.8347
      vertex 20 58.687 27.8347
    endloop
  endfacet
  facet normal 0 -0.555362 -0.831609
    outer loop
      vertex 19.9593 58.687 27.8347
      vertex 20 58.6 27.8928
      vertex 19.9592 58.6 27.8928
    endloop
  endfacet
  facet normal 0 -0.195749 -0.980654
    outer loop
      vertex 20 58.3044 27.9932
      vertex 19.9591 58.4071 27.9727
      vertex 20 58.4071 27.9727
    endloop
  endfacet
  facet normal 0 -0.195749 -0.980654
    outer loop
      vertex 19.9591 58.4071 27.9727
      vertex 20 58.3044 27.9932
      vertex 19.9591 58.3044 27.9932
    endloop
  endfacet
  facet normal 0 0.831609 -0.555362
    outer loop
      vertex 20 57.5072 27.6
      vertex 19.9595 57.5653 27.687
      vertex 20 57.5653 27.687
    endloop
  endfacet
  facet normal 0 0.831609 -0.555362
    outer loop
      vertex 19.9595 57.5653 27.687
      vertex 20 57.5072 27.6
      vertex 19.9597 57.5072 27.6
    endloop
  endfacet
  facet normal 0 0.946948 -0.321388
    outer loop
      vertex 20 57.4273 27.4071
      vertex 19.9598 57.4609 27.5061
      vertex 20 57.4609 27.5061
    endloop
  endfacet
  facet normal 0 0.946948 -0.321388
    outer loop
      vertex 19.9598 57.4609 27.5061
      vertex 20 57.4273 27.4071
      vertex 19.96 57.4273 27.4071
    endloop
  endfacet
  facet normal 0 0.980654 -0.195749
    outer loop
      vertex 20 57.4068 27.3044
      vertex 19.96 57.4273 27.4071
      vertex 20 57.4273 27.4071
    endloop
  endfacet
  facet normal 0 0.980654 -0.195749
    outer loop
      vertex 19.96 57.4273 27.4071
      vertex 20 57.4068 27.3044
      vertex 19.9601 57.4068 27.3044
    endloop
  endfacet
  facet normal 0 0.44224 -0.896897
    outer loop
      vertex 19.9592 57.8 27.8928
      vertex 20 57.8939 27.9391
      vertex 20 57.8 27.8928
    endloop
  endfacet
  facet normal 0 0.44224 -0.896897
    outer loop
      vertex 20 57.8939 27.9391
      vertex 19.9592 57.8 27.8928
      vertex 19.9592 57.8939 27.9391
    endloop
  endfacet
  facet normal 0 0.555362 -0.831609
    outer loop
      vertex 19.9593 57.713 27.8347
      vertex 20 57.8 27.8928
      vertex 20 57.713 27.8347
    endloop
  endfacet
  facet normal 0 0.555362 -0.831609
    outer loop
      vertex 20 57.8 27.8928
      vertex 19.9593 57.713 27.8347
      vertex 19.9592 57.8 27.8928
    endloop
  endfacet
  facet normal 0 0.195749 -0.980654
    outer loop
      vertex 19.9591 57.9929 27.9727
      vertex 20 58.0956 27.9932
      vertex 20 57.9929 27.9727
    endloop
  endfacet
  facet normal 0 0.195749 -0.980654
    outer loop
      vertex 20 58.0956 27.9932
      vertex 19.9591 57.9929 27.9727
      vertex 19.9591 58.0956 27.9932
    endloop
  endfacet
  facet normal 0 0.896897 0.44224
    outer loop
      vertex 20 57.5072 14.4
      vertex 19.9788 57.4609 14.4939
      vertex 20 57.4609 14.4939
    endloop
  endfacet
  facet normal 0 0.896897 0.44224
    outer loop
      vertex 19.9788 57.4609 14.4939
      vertex 20 57.5072 14.4
      vertex 19.979 57.5072 14.4
    endloop
  endfacet
  facet normal 0 0.980654 0.195749
    outer loop
      vertex 20 57.4273 14.5929
      vertex 19.9785 57.4068 14.6956
      vertex 20 57.4068 14.6956
    endloop
  endfacet
  facet normal 0 0.980654 0.195749
    outer loop
      vertex 19.9785 57.4068 14.6956
      vertex 20 57.4273 14.5929
      vertex 19.9787 57.4273 14.5929
    endloop
  endfacet
  facet normal 0 0.997886 0.0649964
    outer loop
      vertex 20 57.4068 14.6956
      vertex 19.9784 57.4 14.8
      vertex 20 57.4 14.8
    endloop
  endfacet
  facet normal 0 0.997886 0.0649964
    outer loop
      vertex 19.9784 57.4 14.8
      vertex 20 57.4068 14.6956
      vertex 19.9785 57.4068 14.6956
    endloop
  endfacet
  facet normal 0 0.946948 0.321388
    outer loop
      vertex 20 57.4609 14.4939
      vertex 19.9787 57.4273 14.5929
      vertex 20 57.4273 14.5929
    endloop
  endfacet
  facet normal 0 0.946948 0.321388
    outer loop
      vertex 19.9787 57.4273 14.5929
      vertex 20 57.4609 14.4939
      vertex 19.9788 57.4609 14.4939
    endloop
  endfacet
  facet normal 0 -0.44224 0.896897
    outer loop
      vertex 20 58.6 14.1072
      vertex 19.9795 58.5061 14.0609
      vertex 20 58.5061 14.0609
    endloop
  endfacet
  facet normal 0 -0.44224 0.896897
    outer loop
      vertex 19.9795 58.5061 14.0609
      vertex 20 58.6 14.1072
      vertex 19.9794 58.6 14.1072
    endloop
  endfacet
  facet normal 0 -0.659248 0.751925
    outer loop
      vertex 20 58.7657 14.2343
      vertex 19.9793 58.687 14.1653
      vertex 20 58.687 14.1653
    endloop
  endfacet
  facet normal 0 -0.659248 0.751925
    outer loop
      vertex 19.9793 58.687 14.1653
      vertex 20 58.7657 14.2343
      vertex 19.9792 58.7657 14.2343
    endloop
  endfacet
  facet normal 0 -0.980654 0.195749
    outer loop
      vertex 19.9787 58.9727 14.5929
      vertex 20 58.9932 14.6956
      vertex 19.9785 58.9932 14.6956
    endloop
  endfacet
  facet normal 0 -0.980654 0.195749
    outer loop
      vertex 20 58.9932 14.6956
      vertex 19.9787 58.9727 14.5929
      vertex 20 58.9727 14.5929
    endloop
  endfacet
  facet normal 0 -0.896897 0.44224
    outer loop
      vertex 19.979 58.8928 14.4
      vertex 20 58.9391 14.4939
      vertex 19.9788 58.9391 14.4939
    endloop
  endfacet
  facet normal 0 -0.896897 0.44224
    outer loop
      vertex 20 58.9391 14.4939
      vertex 19.979 58.8928 14.4
      vertex 20 58.8928 14.4
    endloop
  endfacet
  facet normal 0 0.751925 0.659248
    outer loop
      vertex 20 57.6343 14.2343
      vertex 19.9791 57.5653 14.313
      vertex 20 57.5653 14.313
    endloop
  endfacet
  facet normal 0 0.751925 0.659248
    outer loop
      vertex 19.9791 57.5653 14.313
      vertex 20 57.6343 14.2343
      vertex 19.9792 57.6343 14.2343
    endloop
  endfacet
  facet normal -0 0.44224 0.896897
    outer loop
      vertex 19.9795 57.8939 14.0609
      vertex 20 57.8 14.1072
      vertex 20 57.8939 14.0609
    endloop
  endfacet
  facet normal 0 0.44224 0.896897
    outer loop
      vertex 20 57.8 14.1072
      vertex 19.9795 57.8939 14.0609
      vertex 19.9794 57.8 14.1072
    endloop
  endfacet
  facet normal -0 0.555362 0.831609
    outer loop
      vertex 19.9794 57.8 14.1072
      vertex 20 57.713 14.1653
      vertex 20 57.8 14.1072
    endloop
  endfacet
  facet normal 0 0.555362 0.831609
    outer loop
      vertex 20 57.713 14.1653
      vertex 19.9794 57.8 14.1072
      vertex 19.9793 57.713 14.1653
    endloop
  endfacet
  facet normal 0 -0.321388 0.946948
    outer loop
      vertex 20 58.5061 14.0609
      vertex 19.9795 58.4071 14.0273
      vertex 20 58.4071 14.0273
    endloop
  endfacet
  facet normal 0 -0.321388 0.946948
    outer loop
      vertex 19.9795 58.4071 14.0273
      vertex 20 58.5061 14.0609
      vertex 19.9795 58.5061 14.0609
    endloop
  endfacet
  facet normal 0 -0.751925 0.659248
    outer loop
      vertex 19.9792 58.7657 14.2343
      vertex 20 58.8347 14.313
      vertex 19.9791 58.8347 14.313
    endloop
  endfacet
  facet normal 0 -0.751925 0.659248
    outer loop
      vertex 20 58.8347 14.313
      vertex 19.9792 58.7657 14.2343
      vertex 20 58.7657 14.2343
    endloop
  endfacet
  facet normal 0 0.831609 0.555362
    outer loop
      vertex 20 57.5653 14.313
      vertex 19.979 57.5072 14.4
      vertex 20 57.5072 14.4
    endloop
  endfacet
  facet normal 0 0.831609 0.555362
    outer loop
      vertex 19.979 57.5072 14.4
      vertex 20 57.5653 14.313
      vertex 19.9791 57.5653 14.313
    endloop
  endfacet
  facet normal 0 -0.0649964 -0.997886
    outer loop
      vertex 20 61.6 28
      vertex 19.9591 61.7044 27.9932
      vertex 20 61.7044 27.9932
    endloop
  endfacet
  facet normal 0 -0.0649964 -0.997886
    outer loop
      vertex 19.9591 61.7044 27.9932
      vertex 20 61.6 28
      vertex 19.9591 61.6 28
    endloop
  endfacet
  facet normal 0 1 -0
    outer loop
      vertex 20 60.8 14.8
      vertex 19.9603 60.8 27.2
      vertex 20 60.8 27.2
    endloop
  endfacet
  facet normal 0 1 0
    outer loop
      vertex 19.9603 60.8 27.2
      vertex 20 60.8 14.8
      vertex 19.9784 60.8 14.8
    endloop
  endfacet
  facet normal 0 0.997886 -0.0649964
    outer loop
      vertex 20 60.8 27.2
      vertex 19.9601 60.8068 27.3044
      vertex 20 60.8068 27.3044
    endloop
  endfacet
  facet normal 0 0.997886 -0.0649964
    outer loop
      vertex 19.9601 60.8068 27.3044
      vertex 20 60.8 27.2
      vertex 19.9603 60.8 27.2
    endloop
  endfacet
  facet normal 0 0.659248 -0.751925
    outer loop
      vertex 19.9594 61.0343 27.7657
      vertex 20 61.113 27.8347
      vertex 20 61.0343 27.7657
    endloop
  endfacet
  facet normal 0 0.659248 -0.751925
    outer loop
      vertex 20 61.113 27.8347
      vertex 19.9594 61.0343 27.7657
      vertex 19.9593 61.113 27.8347
    endloop
  endfacet
  facet normal -0 0.555362 0.831609
    outer loop
      vertex 19.9794 61.2 14.1072
      vertex 20 61.113 14.1653
      vertex 20 61.2 14.1072
    endloop
  endfacet
  facet normal 0 0.555362 0.831609
    outer loop
      vertex 20 61.113 14.1653
      vertex 19.9794 61.2 14.1072
      vertex 19.9793 61.113 14.1653
    endloop
  endfacet
  facet normal 0 -0.751925 -0.659248
    outer loop
      vertex 19.9595 62.2347 27.687
      vertex 20 62.1657 27.7657
      vertex 19.9594 62.1657 27.7657
    endloop
  endfacet
  facet normal 0 -0.751925 -0.659248
    outer loop
      vertex 20 62.1657 27.7657
      vertex 19.9595 62.2347 27.687
      vertex 20 62.2347 27.687
    endloop
  endfacet
  facet normal 0 -1 0
    outer loop
      vertex 19.9784 62.4 14.8
      vertex 20 62.4 27.2
      vertex 19.9603 62.4 27.2
    endloop
  endfacet
  facet normal 0 -1 -0
    outer loop
      vertex 20 62.4 27.2
      vertex 19.9784 62.4 14.8
      vertex 20 62.4 14.8
    endloop
  endfacet
  facet normal 0 -0.980654 -0.195749
    outer loop
      vertex 19.9601 62.3932 27.3044
      vertex 20 62.3727 27.4071
      vertex 19.96 62.3727 27.4071
    endloop
  endfacet
  facet normal 0 -0.980654 -0.195749
    outer loop
      vertex 20 62.3727 27.4071
      vertex 19.9601 62.3932 27.3044
      vertex 20 62.3932 27.3044
    endloop
  endfacet
  facet normal 0 0.321388 -0.946948
    outer loop
      vertex 19.9592 61.2939 27.9391
      vertex 20 61.3929 27.9727
      vertex 20 61.2939 27.9391
    endloop
  endfacet
  facet normal 0 0.321388 -0.946948
    outer loop
      vertex 20 61.3929 27.9727
      vertex 19.9592 61.2939 27.9391
      vertex 19.9591 61.3929 27.9727
    endloop
  endfacet
  facet normal 0 0.997886 0.0649964
    outer loop
      vertex 20 60.8068 14.6956
      vertex 19.9784 60.8 14.8
      vertex 20 60.8 14.8
    endloop
  endfacet
  facet normal 0 0.997886 0.0649964
    outer loop
      vertex 19.9784 60.8 14.8
      vertex 20 60.8068 14.6956
      vertex 19.9785 60.8068 14.6956
    endloop
  endfacet
  facet normal 0 -0.555362 0.831609
    outer loop
      vertex 20 62.087 14.1653
      vertex 19.9794 62 14.1072
      vertex 20 62 14.1072
    endloop
  endfacet
  facet normal 0 -0.555362 0.831609
    outer loop
      vertex 19.9794 62 14.1072
      vertex 20 62.087 14.1653
      vertex 19.9793 62.087 14.1653
    endloop
  endfacet
  facet normal 0 -0.555362 -0.831609
    outer loop
      vertex 20 62 27.8928
      vertex 19.9593 62.087 27.8347
      vertex 20 62.087 27.8347
    endloop
  endfacet
  facet normal 0 -0.555362 -0.831609
    outer loop
      vertex 19.9593 62.087 27.8347
      vertex 20 62 27.8928
      vertex 19.9592 62 27.8928
    endloop
  endfacet
  facet normal 0 -0.980654 0.195749
    outer loop
      vertex 19.9787 62.3727 14.5929
      vertex 20 62.3932 14.6956
      vertex 19.9785 62.3932 14.6956
    endloop
  endfacet
  facet normal 0 -0.980654 0.195749
    outer loop
      vertex 20 62.3932 14.6956
      vertex 19.9787 62.3727 14.5929
      vertex 20 62.3727 14.5929
    endloop
  endfacet
  facet normal 0 -0.946948 -0.321388
    outer loop
      vertex 19.96 62.3727 27.4071
      vertex 20 62.3391 27.5061
      vertex 19.9598 62.3391 27.5061
    endloop
  endfacet
  facet normal 0 -0.946948 -0.321388
    outer loop
      vertex 20 62.3391 27.5061
      vertex 19.96 62.3727 27.4071
      vertex 20 62.3727 27.4071
    endloop
  endfacet
  facet normal 0 -0.896897 -0.44224
    outer loop
      vertex 19.9598 62.3391 27.5061
      vertex 20 62.2928 27.6
      vertex 19.9597 62.2928 27.6
    endloop
  endfacet
  facet normal 0 -0.896897 -0.44224
    outer loop
      vertex 20 62.2928 27.6
      vertex 19.9598 62.3391 27.5061
      vertex 20 62.3391 27.5061
    endloop
  endfacet
  facet normal 0 -0.659248 -0.751925
    outer loop
      vertex 20 62.087 27.8347
      vertex 19.9594 62.1657 27.7657
      vertex 20 62.1657 27.7657
    endloop
  endfacet
  facet normal 0 -0.659248 -0.751925
    outer loop
      vertex 19.9594 62.1657 27.7657
      vertex 20 62.087 27.8347
      vertex 19.9593 62.087 27.8347
    endloop
  endfacet
  facet normal 0 -0.321388 -0.946948
    outer loop
      vertex 20 61.8071 27.9727
      vertex 19.9592 61.9061 27.9391
      vertex 20 61.9061 27.9391
    endloop
  endfacet
  facet normal 0 -0.321388 -0.946948
    outer loop
      vertex 19.9592 61.9061 27.9391
      vertex 20 61.8071 27.9727
      vertex 19.9591 61.8071 27.9727
    endloop
  endfacet
  facet normal 0 0.896897 -0.44224
    outer loop
      vertex 20 60.8609 27.5061
      vertex 19.9597 60.9072 27.6
      vertex 20 60.9072 27.6
    endloop
  endfacet
  facet normal 0 0.896897 -0.44224
    outer loop
      vertex 19.9597 60.9072 27.6
      vertex 20 60.8609 27.5061
      vertex 19.9598 60.8609 27.5061
    endloop
  endfacet
  facet normal 0 0.831609 -0.555362
    outer loop
      vertex 20 60.9072 27.6
      vertex 19.9595 60.9653 27.687
      vertex 20 60.9653 27.687
    endloop
  endfacet
  facet normal 0 0.831609 -0.555362
    outer loop
      vertex 19.9595 60.9653 27.687
      vertex 20 60.9072 27.6
      vertex 19.9597 60.9072 27.6
    endloop
  endfacet
  facet normal 0 0.946948 -0.321388
    outer loop
      vertex 20 60.8273 27.4071
      vertex 19.9598 60.8609 27.5061
      vertex 20 60.8609 27.5061
    endloop
  endfacet
  facet normal 0 0.946948 -0.321388
    outer loop
      vertex 19.9598 60.8609 27.5061
      vertex 20 60.8273 27.4071
      vertex 19.96 60.8273 27.4071
    endloop
  endfacet
  facet normal 0 0.555362 -0.831609
    outer loop
      vertex 19.9593 61.113 27.8347
      vertex 20 61.2 27.8928
      vertex 20 61.113 27.8347
    endloop
  endfacet
  facet normal 0 0.555362 -0.831609
    outer loop
      vertex 20 61.2 27.8928
      vertex 19.9593 61.113 27.8347
      vertex 19.9592 61.2 27.8928
    endloop
  endfacet
  facet normal 0 0.0649964 -0.997886
    outer loop
      vertex 19.9591 61.4956 27.9932
      vertex 20 61.6 28
      vertex 20 61.4956 27.9932
    endloop
  endfacet
  facet normal 0 0.0649964 -0.997886
    outer loop
      vertex 20 61.6 28
      vertex 19.9591 61.4956 27.9932
      vertex 19.9591 61.6 28
    endloop
  endfacet
  facet normal 0 0.751925 0.659248
    outer loop
      vertex 20 61.0343 14.2343
      vertex 19.9791 60.9653 14.313
      vertex 20 60.9653 14.313
    endloop
  endfacet
  facet normal 0 0.751925 0.659248
    outer loop
      vertex 19.9791 60.9653 14.313
      vertex 20 61.0343 14.2343
      vertex 19.9792 61.0343 14.2343
    endloop
  endfacet
  facet normal -0 0.321388 0.946948
    outer loop
      vertex 19.9795 61.3929 14.0273
      vertex 20 61.2939 14.0609
      vertex 20 61.3929 14.0273
    endloop
  endfacet
  facet normal 0 0.321388 0.946948
    outer loop
      vertex 20 61.2939 14.0609
      vertex 19.9795 61.3929 14.0273
      vertex 19.9795 61.2939 14.0609
    endloop
  endfacet
  facet normal -0 0.44224 0.896897
    outer loop
      vertex 19.9795 61.2939 14.0609
      vertex 20 61.2 14.1072
      vertex 20 61.2939 14.0609
    endloop
  endfacet
  facet normal 0 0.44224 0.896897
    outer loop
      vertex 20 61.2 14.1072
      vertex 19.9795 61.2939 14.0609
      vertex 19.9794 61.2 14.1072
    endloop
  endfacet
  facet normal -0 0.195749 0.980654
    outer loop
      vertex 19.9795 61.4956 14.0068
      vertex 20 61.3929 14.0273
      vertex 20 61.4956 14.0068
    endloop
  endfacet
  facet normal 0 0.195749 0.980654
    outer loop
      vertex 20 61.3929 14.0273
      vertex 19.9795 61.4956 14.0068
      vertex 19.9795 61.3929 14.0273
    endloop
  endfacet
  facet normal -0 0.0649964 0.997886
    outer loop
      vertex 19.9796 61.6 14
      vertex 20 61.4956 14.0068
      vertex 20 61.6 14
    endloop
  endfacet
  facet normal 0 0.0649964 0.997886
    outer loop
      vertex 20 61.4956 14.0068
      vertex 19.9796 61.6 14
      vertex 19.9795 61.4956 14.0068
    endloop
  endfacet
  facet normal 0 -0.0649964 0.997886
    outer loop
      vertex 20 61.7044 14.0068
      vertex 19.9796 61.6 14
      vertex 20 61.6 14
    endloop
  endfacet
  facet normal 0 -0.0649964 0.997886
    outer loop
      vertex 19.9796 61.6 14
      vertex 20 61.7044 14.0068
      vertex 19.9795 61.7044 14.0068
    endloop
  endfacet
  facet normal 0 -0.44224 0.896897
    outer loop
      vertex 20 62 14.1072
      vertex 19.9795 61.9061 14.0609
      vertex 20 61.9061 14.0609
    endloop
  endfacet
  facet normal 0 -0.44224 0.896897
    outer loop
      vertex 19.9795 61.9061 14.0609
      vertex 20 62 14.1072
      vertex 19.9794 62 14.1072
    endloop
  endfacet
  facet normal 0 -0.831609 0.555362
    outer loop
      vertex 19.9791 62.2347 14.313
      vertex 20 62.2928 14.4
      vertex 19.979 62.2928 14.4
    endloop
  endfacet
  facet normal 0 -0.831609 0.555362
    outer loop
      vertex 20 62.2928 14.4
      vertex 19.9791 62.2347 14.313
      vertex 20 62.2347 14.313
    endloop
  endfacet
  facet normal 0 -0.946948 0.321388
    outer loop
      vertex 19.9788 62.3391 14.4939
      vertex 20 62.3727 14.5929
      vertex 19.9787 62.3727 14.5929
    endloop
  endfacet
  facet normal 0 -0.946948 0.321388
    outer loop
      vertex 20 62.3727 14.5929
      vertex 19.9788 62.3391 14.4939
      vertex 20 62.3391 14.4939
    endloop
  endfacet
  facet normal 0 -0.896897 0.44224
    outer loop
      vertex 19.979 62.2928 14.4
      vertex 20 62.3391 14.4939
      vertex 19.9788 62.3391 14.4939
    endloop
  endfacet
  facet normal 0 -0.896897 0.44224
    outer loop
      vertex 20 62.3391 14.4939
      vertex 19.979 62.2928 14.4
      vertex 20 62.2928 14.4
    endloop
  endfacet
  facet normal 0 -0.997886 -0.0649964
    outer loop
      vertex 19.9603 62.4 27.2
      vertex 20 62.3932 27.3044
      vertex 19.9601 62.3932 27.3044
    endloop
  endfacet
  facet normal 0 -0.997886 -0.0649964
    outer loop
      vertex 20 62.3932 27.3044
      vertex 19.9603 62.4 27.2
      vertex 20 62.4 27.2
    endloop
  endfacet
  facet normal 0 -0.44224 -0.896897
    outer loop
      vertex 20 61.9061 27.9391
      vertex 19.9592 62 27.8928
      vertex 20 62 27.8928
    endloop
  endfacet
  facet normal 0 -0.44224 -0.896897
    outer loop
      vertex 19.9592 62 27.8928
      vertex 20 61.9061 27.9391
      vertex 19.9592 61.9061 27.9391
    endloop
  endfacet
  facet normal 0 0.751925 -0.659248
    outer loop
      vertex 20 60.9653 27.687
      vertex 19.9594 61.0343 27.7657
      vertex 20 61.0343 27.7657
    endloop
  endfacet
  facet normal 0 0.751925 -0.659248
    outer loop
      vertex 19.9594 61.0343 27.7657
      vertex 20 60.9653 27.687
      vertex 19.9595 60.9653 27.687
    endloop
  endfacet
  facet normal 0 0.980654 -0.195749
    outer loop
      vertex 20 60.8068 27.3044
      vertex 19.96 60.8273 27.4071
      vertex 20 60.8273 27.4071
    endloop
  endfacet
  facet normal 0 0.980654 -0.195749
    outer loop
      vertex 19.96 60.8273 27.4071
      vertex 20 60.8068 27.3044
      vertex 19.9601 60.8068 27.3044
    endloop
  endfacet
  facet normal 0 0.44224 -0.896897
    outer loop
      vertex 19.9592 61.2 27.8928
      vertex 20 61.2939 27.9391
      vertex 20 61.2 27.8928
    endloop
  endfacet
  facet normal 0 0.44224 -0.896897
    outer loop
      vertex 20 61.2939 27.9391
      vertex 19.9592 61.2 27.8928
      vertex 19.9592 61.2939 27.9391
    endloop
  endfacet
  facet normal 0 0.195749 -0.980654
    outer loop
      vertex 19.9591 61.3929 27.9727
      vertex 20 61.4956 27.9932
      vertex 20 61.3929 27.9727
    endloop
  endfacet
  facet normal 0 0.195749 -0.980654
    outer loop
      vertex 20 61.4956 27.9932
      vertex 19.9591 61.3929 27.9727
      vertex 19.9591 61.4956 27.9932
    endloop
  endfacet
  facet normal 0 0.831609 0.555362
    outer loop
      vertex 20 60.9653 14.313
      vertex 19.979 60.9072 14.4
      vertex 20 60.9072 14.4
    endloop
  endfacet
  facet normal 0 0.831609 0.555362
    outer loop
      vertex 19.979 60.9072 14.4
      vertex 20 60.9653 14.313
      vertex 19.9791 60.9653 14.313
    endloop
  endfacet
  facet normal 0 0.946948 0.321388
    outer loop
      vertex 20 60.8609 14.4939
      vertex 19.9787 60.8273 14.5929
      vertex 20 60.8273 14.5929
    endloop
  endfacet
  facet normal 0 0.946948 0.321388
    outer loop
      vertex 19.9787 60.8273 14.5929
      vertex 20 60.8609 14.4939
      vertex 19.9788 60.8609 14.4939
    endloop
  endfacet
  facet normal 0 0.980654 0.195749
    outer loop
      vertex 20 60.8273 14.5929
      vertex 19.9785 60.8068 14.6956
      vertex 20 60.8068 14.6956
    endloop
  endfacet
  facet normal 0 0.980654 0.195749
    outer loop
      vertex 19.9785 60.8068 14.6956
      vertex 20 60.8273 14.5929
      vertex 19.9787 60.8273 14.5929
    endloop
  endfacet
  facet normal 0 -0.195749 0.980654
    outer loop
      vertex 20 61.8071 14.0273
      vertex 19.9795 61.7044 14.0068
      vertex 20 61.7044 14.0068
    endloop
  endfacet
  facet normal 0 -0.195749 0.980654
    outer loop
      vertex 19.9795 61.7044 14.0068
      vertex 20 61.8071 14.0273
      vertex 19.9795 61.8071 14.0273
    endloop
  endfacet
  facet normal 0 -0.321388 0.946948
    outer loop
      vertex 20 61.9061 14.0609
      vertex 19.9795 61.8071 14.0273
      vertex 20 61.8071 14.0273
    endloop
  endfacet
  facet normal 0 -0.321388 0.946948
    outer loop
      vertex 19.9795 61.8071 14.0273
      vertex 20 61.9061 14.0609
      vertex 19.9795 61.9061 14.0609
    endloop
  endfacet
  facet normal 0 -0.659248 0.751925
    outer loop
      vertex 20 62.1657 14.2343
      vertex 19.9793 62.087 14.1653
      vertex 20 62.087 14.1653
    endloop
  endfacet
  facet normal 0 -0.659248 0.751925
    outer loop
      vertex 19.9793 62.087 14.1653
      vertex 20 62.1657 14.2343
      vertex 19.9792 62.1657 14.2343
    endloop
  endfacet
  facet normal 0 -0.751925 0.659248
    outer loop
      vertex 19.9792 62.1657 14.2343
      vertex 20 62.2347 14.313
      vertex 19.9791 62.2347 14.313
    endloop
  endfacet
  facet normal 0 -0.751925 0.659248
    outer loop
      vertex 20 62.2347 14.313
      vertex 19.9792 62.1657 14.2343
      vertex 20 62.1657 14.2343
    endloop
  endfacet
  facet normal 0 -0.997886 0.0649964
    outer loop
      vertex 19.9785 62.3932 14.6956
      vertex 20 62.4 14.8
      vertex 19.9784 62.4 14.8
    endloop
  endfacet
  facet normal 0 -0.997886 0.0649964
    outer loop
      vertex 20 62.4 14.8
      vertex 19.9785 62.3932 14.6956
      vertex 20 62.3932 14.6956
    endloop
  endfacet
  facet normal 0 -0.831609 -0.555362
    outer loop
      vertex 19.9597 62.2928 27.6
      vertex 20 62.2347 27.687
      vertex 19.9595 62.2347 27.687
    endloop
  endfacet
  facet normal 0 -0.831609 -0.555362
    outer loop
      vertex 20 62.2347 27.687
      vertex 19.9597 62.2928 27.6
      vertex 20 62.2928 27.6
    endloop
  endfacet
  facet normal 0 -0.195749 -0.980654
    outer loop
      vertex 20 61.7044 27.9932
      vertex 19.9591 61.8071 27.9727
      vertex 20 61.8071 27.9727
    endloop
  endfacet
  facet normal 0 -0.195749 -0.980654
    outer loop
      vertex 19.9591 61.8071 27.9727
      vertex 20 61.7044 27.9932
      vertex 19.9591 61.7044 27.9932
    endloop
  endfacet
  facet normal -0 0.659248 0.751925
    outer loop
      vertex 19.9793 61.113 14.1653
      vertex 20 61.0343 14.2343
      vertex 20 61.113 14.1653
    endloop
  endfacet
  facet normal 0 0.659248 0.751925
    outer loop
      vertex 20 61.0343 14.2343
      vertex 19.9793 61.113 14.1653
      vertex 19.9792 61.0343 14.2343
    endloop
  endfacet
  facet normal 0 0.896897 0.44224
    outer loop
      vertex 20 60.9072 14.4
      vertex 19.9788 60.8609 14.4939
      vertex 20 60.8609 14.4939
    endloop
  endfacet
  facet normal 0 0.896897 0.44224
    outer loop
      vertex 19.9788 60.8609 14.4939
      vertex 20 60.9072 14.4
      vertex 19.979 60.9072 14.4
    endloop
  endfacet
  facet normal 0 0 1
    outer loop
      vertex 6.85 78 12
      vertex 8.25 78 12
      vertex 8.23075 78.2937 12
    endloop
  endfacet
  facet normal 0 0 1
    outer loop
      vertex 6.84273 78.1109 12
      vertex 8.23075 78.2937 12
      vertex 8.17333 78.5823 12
    endloop
  endfacet
  facet normal 0 0 1
    outer loop
      vertex 8.25 78 12
      vertex 6.85 78 12
      vertex 8.23075 77.7063 12
    endloop
  endfacet
  facet normal 0 0 1
    outer loop
      vertex 6.82104 78.22 12
      vertex 8.17333 78.5823 12
      vertex 8.07873 78.861 12
    endloop
  endfacet
  facet normal -0 0 1
    outer loop
      vertex 6.84273 77.8891 12
      vertex 8.23075 77.7063 12
      vertex 6.85 78 12
    endloop
  endfacet
  facet normal 0 0 1
    outer loop
      vertex 6.7853 78.3253 12
      vertex 8.07873 78.861 12
      vertex 7.94856 79.125 12
    endloop
  endfacet
  facet normal 0 0 1
    outer loop
      vertex 8.23075 77.7063 12
      vertex 6.84273 77.8891 12
      vertex 8.17333 77.4177 12
    endloop
  endfacet
  facet normal 0 0 1
    outer loop
      vertex 6.73612 78.425 12
      vertex 7.94856 79.125 12
      vertex 7.78504 79.3697 12
    endloop
  endfacet
  facet normal -0 0 1
    outer loop
      vertex 6.82104 77.78 12
      vertex 8.17333 77.4177 12
      vertex 6.84273 77.8891 12
    endloop
  endfacet
  facet normal 0 0 1
    outer loop
      vertex 6.67435 78.5174 12
      vertex 7.78504 79.3697 12
      vertex 7.59099 79.591 12
    endloop
  endfacet
  facet normal 0 0 1
    outer loop
      vertex 8.17333 77.4177 12
      vertex 6.82104 77.78 12
      vertex 8.07873 77.139 12
    endloop
  endfacet
  facet normal 0 0 1
    outer loop
      vertex 6.60104 78.601 12
      vertex 7.59099 79.591 12
      vertex 7.36971 79.785 12
    endloop
  endfacet
  facet normal -0 0 1
    outer loop
      vertex 6.7853 77.6747 12
      vertex 8.07873 77.139 12
      vertex 6.82104 77.78 12
    endloop
  endfacet
  facet normal 0 0 1
    outer loop
      vertex 6.51745 78.6743 12
      vertex 7.36971 79.785 12
      vertex 7.125 79.9486 12
    endloop
  endfacet
  facet normal 0 0 1
    outer loop
      vertex 8.07873 77.139 12
      vertex 6.7853 77.6747 12
      vertex 7.94856 76.875 12
    endloop
  endfacet
  facet normal 0 0 1
    outer loop
      vertex 6.425 78.7361 12
      vertex 7.125 79.9486 12
      vertex 6.86104 80.0787 12
    endloop
  endfacet
  facet normal -0 0 1
    outer loop
      vertex 6.73612 77.575 12
      vertex 7.94856 76.875 12
      vertex 6.7853 77.6747 12
    endloop
  endfacet
  facet normal 0 0 1
    outer loop
      vertex 7.94856 76.875 12
      vertex 6.73612 77.575 12
      vertex 7.78504 76.6303 12
    endloop
  endfacet
  facet normal 0 0 1
    outer loop
      vertex 8.23075 78.2937 12
      vertex 6.84273 78.1109 12
      vertex 6.85 78 12
    endloop
  endfacet
  facet normal 0 0 1
    outer loop
      vertex 8.17333 78.5823 12
      vertex 6.82104 78.22 12
      vertex 6.84273 78.1109 12
    endloop
  endfacet
  facet normal 0 0 1
    outer loop
      vertex 8.07873 78.861 12
      vertex 6.7853 78.3253 12
      vertex 6.82104 78.22 12
    endloop
  endfacet
  facet normal 0 0 1
    outer loop
      vertex 7.94856 79.125 12
      vertex 6.73612 78.425 12
      vertex 6.7853 78.3253 12
    endloop
  endfacet
  facet normal 0 0 1
    outer loop
      vertex 7.78504 79.3697 12
      vertex 6.67435 78.5174 12
      vertex 6.73612 78.425 12
    endloop
  endfacet
  facet normal 0 0 1
    outer loop
      vertex 7.59099 79.591 12
      vertex 6.60104 78.601 12
      vertex 6.67435 78.5174 12
    endloop
  endfacet
  facet normal 0 0 1
    outer loop
      vertex 6.32528 78.7853 12
      vertex 6.86104 80.0787 12
      vertex 6.58234 80.1733 12
    endloop
  endfacet
  facet normal 0 0 1
    outer loop
      vertex 7.36971 79.785 12
      vertex 6.51745 78.6743 12
      vertex 6.60104 78.601 12
    endloop
  endfacet
  facet normal 0 0 1
    outer loop
      vertex 7.125 79.9486 12
      vertex 6.425 78.7361 12
      vertex 6.51745 78.6743 12
    endloop
  endfacet
  facet normal 0 0 1
    outer loop
      vertex 6.86104 80.0787 12
      vertex 6.32528 78.7853 12
      vertex 6.425 78.7361 12
    endloop
  endfacet
  facet normal 0 0 1
    outer loop
      vertex 6.22 78.821 12
      vertex 6.58234 80.1733 12
      vertex 6.29368 80.2308 12
    endloop
  endfacet
  facet normal 0 0 1
    outer loop
      vertex 6.58234 80.1733 12
      vertex 6.22 78.821 12
      vertex 6.32528 78.7853 12
    endloop
  endfacet
  facet normal 0 0 1
    outer loop
      vertex 6.29368 80.2308 12
      vertex 6.11095 78.8427 12
      vertex 6.22 78.821 12
    endloop
  endfacet
  facet normal 0 0 1
    outer loop
      vertex 6 80.25 12
      vertex 6.11095 78.8427 12
      vertex 6.29368 80.2308 12
    endloop
  endfacet
  facet normal 0 0 1
    outer loop
      vertex 6 80.25 12
      vertex 6 78.85 12
      vertex 6.11095 78.8427 12
    endloop
  endfacet
  facet normal 0 0 1
    outer loop
      vertex 6 80.25 12
      vertex 5.88905 78.8427 12
      vertex 6 78.85 12
    endloop
  endfacet
  facet normal -0 0 1
    outer loop
      vertex 5.70632 80.2308 12
      vertex 5.88905 78.8427 12
      vertex 6 80.25 12
    endloop
  endfacet
  facet normal 0 0 1
    outer loop
      vertex 5.88905 78.8427 12
      vertex 5.70632 80.2308 12
      vertex 5.78 78.821 12
    endloop
  endfacet
  facet normal -0 0 1
    outer loop
      vertex 5.41766 80.1733 12
      vertex 5.78 78.821 12
      vertex 5.70632 80.2308 12
    endloop
  endfacet
  facet normal 0 0 1
    outer loop
      vertex 5.78 78.821 12
      vertex 5.41766 80.1733 12
      vertex 5.67472 78.7853 12
    endloop
  endfacet
  facet normal -0 0 1
    outer loop
      vertex 5.13896 80.0787 12
      vertex 5.67472 78.7853 12
      vertex 5.41766 80.1733 12
    endloop
  endfacet
  facet normal 0 0 1
    outer loop
      vertex 5.67472 78.7853 12
      vertex 5.13896 80.0787 12
      vertex 5.575 78.7361 12
    endloop
  endfacet
  facet normal -0 0 1
    outer loop
      vertex 4.875 79.9486 12
      vertex 5.575 78.7361 12
      vertex 5.13896 80.0787 12
    endloop
  endfacet
  facet normal 0 0 1
    outer loop
      vertex 5.575 78.7361 12
      vertex 4.875 79.9486 12
      vertex 5.48255 78.6743 12
    endloop
  endfacet
  facet normal -0 0 1
    outer loop
      vertex 4.63029 79.785 12
      vertex 5.48255 78.6743 12
      vertex 4.875 79.9486 12
    endloop
  endfacet
  facet normal 0 0 1
    outer loop
      vertex 5.48255 78.6743 12
      vertex 4.63029 79.785 12
      vertex 5.39896 78.601 12
    endloop
  endfacet
  facet normal -0 0 1
    outer loop
      vertex 4.40901 79.591 12
      vertex 5.39896 78.601 12
      vertex 4.63029 79.785 12
    endloop
  endfacet
  facet normal 0 0 1
    outer loop
      vertex 5.39896 78.601 12
      vertex 4.40901 79.591 12
      vertex 5.32565 78.5174 12
    endloop
  endfacet
  facet normal 0 0 1
    outer loop
      vertex 5.32565 78.5174 12
      vertex 4.21495 79.3697 12
      vertex 5.26388 78.425 12
    endloop
  endfacet
  facet normal -0 0 1
    outer loop
      vertex 4.21495 79.3697 12
      vertex 5.32565 78.5174 12
      vertex 4.40901 79.591 12
    endloop
  endfacet
  facet normal -0 0 1
    outer loop
      vertex 6.67435 77.4826 12
      vertex 7.78504 76.6303 12
      vertex 6.73612 77.575 12
    endloop
  endfacet
  facet normal 0 0 1
    outer loop
      vertex 7.78504 76.6303 12
      vertex 6.67435 77.4826 12
      vertex 7.59099 76.409 12
    endloop
  endfacet
  facet normal -0 0 1
    outer loop
      vertex 6.60104 77.399 12
      vertex 7.59099 76.409 12
      vertex 6.67435 77.4826 12
    endloop
  endfacet
  facet normal 0 0 1
    outer loop
      vertex 7.59099 76.409 12
      vertex 6.60104 77.399 12
      vertex 7.36971 76.215 12
    endloop
  endfacet
  facet normal -0 0 1
    outer loop
      vertex 6.51745 77.3257 12
      vertex 7.36971 76.215 12
      vertex 6.60104 77.399 12
    endloop
  endfacet
  facet normal 0 0 1
    outer loop
      vertex 7.36971 76.215 12
      vertex 6.51745 77.3257 12
      vertex 7.125 76.0514 12
    endloop
  endfacet
  facet normal -0 0 1
    outer loop
      vertex 6.425 77.2639 12
      vertex 7.125 76.0514 12
      vertex 6.51745 77.3257 12
    endloop
  endfacet
  facet normal 0 0 1
    outer loop
      vertex 7.125 76.0514 12
      vertex 6.425 77.2639 12
      vertex 6.86104 75.9213 12
    endloop
  endfacet
  facet normal -0 0 1
    outer loop
      vertex 6.32528 77.2147 12
      vertex 6.86104 75.9213 12
      vertex 6.425 77.2639 12
    endloop
  endfacet
  facet normal 0 0 1
    outer loop
      vertex 6.86104 75.9213 12
      vertex 6.32528 77.2147 12
      vertex 6.58234 75.8267 12
    endloop
  endfacet
  facet normal -0 0 1
    outer loop
      vertex 6.22 77.179 12
      vertex 6.58234 75.8267 12
      vertex 6.32528 77.2147 12
    endloop
  endfacet
  facet normal 0 0 1
    outer loop
      vertex 6.58234 75.8267 12
      vertex 6.22 77.179 12
      vertex 6.29368 75.7692 12
    endloop
  endfacet
  facet normal -0 0 1
    outer loop
      vertex 6.11095 77.1573 12
      vertex 6.29368 75.7692 12
      vertex 6.22 77.179 12
    endloop
  endfacet
  facet normal -0 0 1
    outer loop
      vertex 6 77.15 12
      vertex 6.29368 75.7692 12
      vertex 6.11095 77.1573 12
    endloop
  endfacet
  facet normal 0 0 1
    outer loop
      vertex 6 77.15 12
      vertex 6 75.75 12
      vertex 6.29368 75.7692 12
    endloop
  endfacet
  facet normal 0 0 1
    outer loop
      vertex 5.88905 77.1573 12
      vertex 6 75.75 12
      vertex 6 77.15 12
    endloop
  endfacet
  facet normal 0 0 1
    outer loop
      vertex 5.70632 75.7692 12
      vertex 5.88905 77.1573 12
      vertex 5.78 77.179 12
    endloop
  endfacet
  facet normal 0 0 1
    outer loop
      vertex 5.88905 77.1573 12
      vertex 5.70632 75.7692 12
      vertex 6 75.75 12
    endloop
  endfacet
  facet normal 0 0 1
    outer loop
      vertex 5.41766 75.8267 12
      vertex 5.78 77.179 12
      vertex 5.67472 77.2147 12
    endloop
  endfacet
  facet normal 0 0 1
    outer loop
      vertex 5.13896 75.9213 12
      vertex 5.67472 77.2147 12
      vertex 5.575 77.2639 12
    endloop
  endfacet
  facet normal 0 0 1
    outer loop
      vertex 4.875 76.0514 12
      vertex 5.575 77.2639 12
      vertex 5.48255 77.3257 12
    endloop
  endfacet
  facet normal 0 0 1
    outer loop
      vertex 5.78 77.179 12
      vertex 5.41766 75.8267 12
      vertex 5.70632 75.7692 12
    endloop
  endfacet
  facet normal 0 0 1
    outer loop
      vertex 4.63029 76.215 12
      vertex 5.48255 77.3257 12
      vertex 5.39896 77.399 12
    endloop
  endfacet
  facet normal 0 0 1
    outer loop
      vertex 4.40901 76.409 12
      vertex 5.39896 77.399 12
      vertex 5.32565 77.4826 12
    endloop
  endfacet
  facet normal 0 0 1
    outer loop
      vertex 4.21495 76.6303 12
      vertex 5.32565 77.4826 12
      vertex 5.26388 77.575 12
    endloop
  endfacet
  facet normal 0 0 1
    outer loop
      vertex 4.05144 76.875 12
      vertex 5.26388 77.575 12
      vertex 5.2147 77.6747 12
    endloop
  endfacet
  facet normal 0 0 1
    outer loop
      vertex 3.92127 77.139 12
      vertex 5.2147 77.6747 12
      vertex 5.17896 77.78 12
    endloop
  endfacet
  facet normal 0 0 1
    outer loop
      vertex 3.82667 77.4177 12
      vertex 5.17896 77.78 12
      vertex 5.15727 77.8891 12
    endloop
  endfacet
  facet normal 0 0 1
    outer loop
      vertex 5.67472 77.2147 12
      vertex 5.13896 75.9213 12
      vertex 5.41766 75.8267 12
    endloop
  endfacet
  facet normal 0 0 1
    outer loop
      vertex 3.76925 77.7063 12
      vertex 5.15727 77.8891 12
      vertex 5.15 78 12
    endloop
  endfacet
  facet normal -0 0 1
    outer loop
      vertex 4.05144 79.125 12
      vertex 5.26388 78.425 12
      vertex 4.21495 79.3697 12
    endloop
  endfacet
  facet normal 0 0 1
    outer loop
      vertex 5.26388 78.425 12
      vertex 4.05144 79.125 12
      vertex 5.2147 78.3253 12
    endloop
  endfacet
  facet normal 0 0 1
    outer loop
      vertex 5.575 77.2639 12
      vertex 4.875 76.0514 12
      vertex 5.13896 75.9213 12
    endloop
  endfacet
  facet normal -0 0 1
    outer loop
      vertex 3.92127 78.861 12
      vertex 5.2147 78.3253 12
      vertex 4.05144 79.125 12
    endloop
  endfacet
  facet normal 0 0 1
    outer loop
      vertex 5.48255 77.3257 12
      vertex 4.63029 76.215 12
      vertex 4.875 76.0514 12
    endloop
  endfacet
  facet normal 0 0 1
    outer loop
      vertex 5.2147 78.3253 12
      vertex 3.92127 78.861 12
      vertex 5.17896 78.22 12
    endloop
  endfacet
  facet normal 0 0 1
    outer loop
      vertex 5.39896 77.399 12
      vertex 4.40901 76.409 12
      vertex 4.63029 76.215 12
    endloop
  endfacet
  facet normal -0 0 1
    outer loop
      vertex 3.82667 78.5823 12
      vertex 5.17896 78.22 12
      vertex 3.92127 78.861 12
    endloop
  endfacet
  facet normal 0 0 1
    outer loop
      vertex 5.32565 77.4826 12
      vertex 4.21495 76.6303 12
      vertex 4.40901 76.409 12
    endloop
  endfacet
  facet normal 0 0 1
    outer loop
      vertex 5.17896 78.22 12
      vertex 3.82667 78.5823 12
      vertex 5.15727 78.1109 12
    endloop
  endfacet
  facet normal 0 0 1
    outer loop
      vertex 5.26388 77.575 12
      vertex 4.05144 76.875 12
      vertex 4.21495 76.6303 12
    endloop
  endfacet
  facet normal -0 0 1
    outer loop
      vertex 3.76925 78.2937 12
      vertex 5.15727 78.1109 12
      vertex 3.82667 78.5823 12
    endloop
  endfacet
  facet normal 0 0 1
    outer loop
      vertex 5.2147 77.6747 12
      vertex 3.92127 77.139 12
      vertex 4.05144 76.875 12
    endloop
  endfacet
  facet normal 0 0 1
    outer loop
      vertex 5.15727 78.1109 12
      vertex 3.76925 78.2937 12
      vertex 5.15 78 12
    endloop
  endfacet
  facet normal 0 0 1
    outer loop
      vertex 5.17896 77.78 12
      vertex 3.82667 77.4177 12
      vertex 3.92127 77.139 12
    endloop
  endfacet
  facet normal 0 0 1
    outer loop
      vertex 3.75 78 12
      vertex 5.15 78 12
      vertex 3.76925 78.2937 12
    endloop
  endfacet
  facet normal 0 0 1
    outer loop
      vertex 5.15727 77.8891 12
      vertex 3.76925 77.7063 12
      vertex 3.82667 77.4177 12
    endloop
  endfacet
  facet normal 0 0 1
    outer loop
      vertex 5.15 78 12
      vertex 3.75 78 12
      vertex 3.76925 77.7063 12
    endloop
  endfacet
  facet normal 0 0 -1
    outer loop
      vertex 6.85 78 12
      vertex 8.25 78 12
      vertex 8.23075 77.7063 12
    endloop
  endfacet
  facet normal 0 0 -1
    outer loop
      vertex 6.84273 77.8891 12
      vertex 8.23075 77.7063 12
      vertex 8.17333 77.4177 12
    endloop
  endfacet
  facet normal 0 0 -1
    outer loop
      vertex 8.25 78 12
      vertex 6.85 78 12
      vertex 8.23075 78.2937 12
    endloop
  endfacet
  facet normal 0 0 -1
    outer loop
      vertex 6.82104 77.78 12
      vertex 8.17333 77.4177 12
      vertex 8.07873 77.139 12
    endloop
  endfacet
  facet normal 0 0 -1
    outer loop
      vertex 6.84273 78.1109 12
      vertex 8.23075 78.2937 12
      vertex 6.85 78 12
    endloop
  endfacet
  facet normal 0 0 -1
    outer loop
      vertex 6.7853 77.6747 12
      vertex 8.07873 77.139 12
      vertex 7.94856 76.875 12
    endloop
  endfacet
  facet normal -0 0 -1
    outer loop
      vertex 8.23075 78.2937 12
      vertex 6.84273 78.1109 12
      vertex 8.17333 78.5823 12
    endloop
  endfacet
  facet normal 0 0 -1
    outer loop
      vertex 6.73612 77.575 12
      vertex 7.94856 76.875 12
      vertex 7.78504 76.6303 12
    endloop
  endfacet
  facet normal 0 0 -1
    outer loop
      vertex 6.82104 78.22 12
      vertex 8.17333 78.5823 12
      vertex 6.84273 78.1109 12
    endloop
  endfacet
  facet normal 0 0 -1
    outer loop
      vertex 6.67435 77.4826 12
      vertex 7.78504 76.6303 12
      vertex 7.59099 76.409 12
    endloop
  endfacet
  facet normal -0 0 -1
    outer loop
      vertex 8.17333 78.5823 12
      vertex 6.82104 78.22 12
      vertex 8.07873 78.861 12
    endloop
  endfacet
  facet normal 0 0 -1
    outer loop
      vertex 6.60104 77.399 12
      vertex 7.59099 76.409 12
      vertex 7.36971 76.215 12
    endloop
  endfacet
  facet normal 0 0 -1
    outer loop
      vertex 6.7853 78.3253 12
      vertex 8.07873 78.861 12
      vertex 6.82104 78.22 12
    endloop
  endfacet
  facet normal 0 0 -1
    outer loop
      vertex 6.51745 77.3257 12
      vertex 7.36971 76.215 12
      vertex 7.125 76.0514 12
    endloop
  endfacet
  facet normal -0 0 -1
    outer loop
      vertex 8.07873 78.861 12
      vertex 6.7853 78.3253 12
      vertex 7.94856 79.125 12
    endloop
  endfacet
  facet normal 0 0 -1
    outer loop
      vertex 6.425 77.2639 12
      vertex 7.125 76.0514 12
      vertex 6.86104 75.9213 12
    endloop
  endfacet
  facet normal 0 0 -1
    outer loop
      vertex 6.73612 78.425 12
      vertex 7.94856 79.125 12
      vertex 6.7853 78.3253 12
    endloop
  endfacet
  facet normal -0 0 -1
    outer loop
      vertex 7.94856 79.125 12
      vertex 6.73612 78.425 12
      vertex 7.78504 79.3697 12
    endloop
  endfacet
  facet normal 0 0 -1
    outer loop
      vertex 8.23075 77.7063 12
      vertex 6.84273 77.8891 12
      vertex 6.85 78 12
    endloop
  endfacet
  facet normal 0 0 -1
    outer loop
      vertex 8.17333 77.4177 12
      vertex 6.82104 77.78 12
      vertex 6.84273 77.8891 12
    endloop
  endfacet
  facet normal 0 0 -1
    outer loop
      vertex 8.07873 77.139 12
      vertex 6.7853 77.6747 12
      vertex 6.82104 77.78 12
    endloop
  endfacet
  facet normal 0 0 -1
    outer loop
      vertex 7.94856 76.875 12
      vertex 6.73612 77.575 12
      vertex 6.7853 77.6747 12
    endloop
  endfacet
  facet normal 0 0 -1
    outer loop
      vertex 7.78504 76.6303 12
      vertex 6.67435 77.4826 12
      vertex 6.73612 77.575 12
    endloop
  endfacet
  facet normal 0 0 -1
    outer loop
      vertex 7.59099 76.409 12
      vertex 6.60104 77.399 12
      vertex 6.67435 77.4826 12
    endloop
  endfacet
  facet normal 0 0 -1
    outer loop
      vertex 6.32528 77.2147 12
      vertex 6.86104 75.9213 12
      vertex 6.58234 75.8267 12
    endloop
  endfacet
  facet normal 0 0 -1
    outer loop
      vertex 7.36971 76.215 12
      vertex 6.51745 77.3257 12
      vertex 6.60104 77.399 12
    endloop
  endfacet
  facet normal 0 0 -1
    outer loop
      vertex 7.125 76.0514 12
      vertex 6.425 77.2639 12
      vertex 6.51745 77.3257 12
    endloop
  endfacet
  facet normal 0 0 -1
    outer loop
      vertex 6.86104 75.9213 12
      vertex 6.32528 77.2147 12
      vertex 6.425 77.2639 12
    endloop
  endfacet
  facet normal 0 0 -1
    outer loop
      vertex 6.22 77.179 12
      vertex 6.58234 75.8267 12
      vertex 6.29368 75.7692 12
    endloop
  endfacet
  facet normal 0 0 -1
    outer loop
      vertex 6.58234 75.8267 12
      vertex 6.22 77.179 12
      vertex 6.32528 77.2147 12
    endloop
  endfacet
  facet normal 0 0 -1
    outer loop
      vertex 6.29368 75.7692 12
      vertex 6.11095 77.1573 12
      vertex 6.22 77.179 12
    endloop
  endfacet
  facet normal 0 0 -1
    outer loop
      vertex 6 75.75 12
      vertex 6.11095 77.1573 12
      vertex 6.29368 75.7692 12
    endloop
  endfacet
  facet normal 0 0 -1
    outer loop
      vertex 6 75.75 12
      vertex 6 77.15 12
      vertex 6.11095 77.1573 12
    endloop
  endfacet
  facet normal 0 0 -1
    outer loop
      vertex 6 75.75 12
      vertex 5.88905 77.1573 12
      vertex 6 77.15 12
    endloop
  endfacet
  facet normal 0 0 -1
    outer loop
      vertex 5.70632 75.7692 12
      vertex 5.88905 77.1573 12
      vertex 6 75.75 12
    endloop
  endfacet
  facet normal -0 0 -1
    outer loop
      vertex 5.88905 77.1573 12
      vertex 5.70632 75.7692 12
      vertex 5.78 77.179 12
    endloop
  endfacet
  facet normal 0 0 -1
    outer loop
      vertex 5.41766 75.8267 12
      vertex 5.78 77.179 12
      vertex 5.70632 75.7692 12
    endloop
  endfacet
  facet normal -0 0 -1
    outer loop
      vertex 5.78 77.179 12
      vertex 5.41766 75.8267 12
      vertex 5.67472 77.2147 12
    endloop
  endfacet
  facet normal 0 0 -1
    outer loop
      vertex 5.13896 75.9213 12
      vertex 5.67472 77.2147 12
      vertex 5.41766 75.8267 12
    endloop
  endfacet
  facet normal -0 0 -1
    outer loop
      vertex 5.67472 77.2147 12
      vertex 5.13896 75.9213 12
      vertex 5.575 77.2639 12
    endloop
  endfacet
  facet normal 0 0 -1
    outer loop
      vertex 4.875 76.0514 12
      vertex 5.575 77.2639 12
      vertex 5.13896 75.9213 12
    endloop
  endfacet
  facet normal -0 0 -1
    outer loop
      vertex 5.575 77.2639 12
      vertex 4.875 76.0514 12
      vertex 5.48255 77.3257 12
    endloop
  endfacet
  facet normal 0 0 -1
    outer loop
      vertex 4.63029 76.215 12
      vertex 5.48255 77.3257 12
      vertex 4.875 76.0514 12
    endloop
  endfacet
  facet normal -0 0 -1
    outer loop
      vertex 5.48255 77.3257 12
      vertex 4.63029 76.215 12
      vertex 5.39896 77.399 12
    endloop
  endfacet
  facet normal 0 0 -1
    outer loop
      vertex 4.40901 76.409 12
      vertex 5.39896 77.399 12
      vertex 4.63029 76.215 12
    endloop
  endfacet
  facet normal -0 0 -1
    outer loop
      vertex 5.39896 77.399 12
      vertex 4.40901 76.409 12
      vertex 5.32565 77.4826 12
    endloop
  endfacet
  facet normal -0 0 -1
    outer loop
      vertex 5.32565 77.4826 12
      vertex 4.21495 76.6303 12
      vertex 5.26388 77.575 12
    endloop
  endfacet
  facet normal 0 0 -1
    outer loop
      vertex 4.21495 76.6303 12
      vertex 5.32565 77.4826 12
      vertex 4.40901 76.409 12
    endloop
  endfacet
  facet normal 0 0 -1
    outer loop
      vertex 6.67435 78.5174 12
      vertex 7.78504 79.3697 12
      vertex 6.73612 78.425 12
    endloop
  endfacet
  facet normal -0 0 -1
    outer loop
      vertex 7.78504 79.3697 12
      vertex 6.67435 78.5174 12
      vertex 7.59099 79.591 12
    endloop
  endfacet
  facet normal 0 0 -1
    outer loop
      vertex 6.60104 78.601 12
      vertex 7.59099 79.591 12
      vertex 6.67435 78.5174 12
    endloop
  endfacet
  facet normal -0 0 -1
    outer loop
      vertex 7.59099 79.591 12
      vertex 6.60104 78.601 12
      vertex 7.36971 79.785 12
    endloop
  endfacet
  facet normal 0 0 -1
    outer loop
      vertex 6.51745 78.6743 12
      vertex 7.36971 79.785 12
      vertex 6.60104 78.601 12
    endloop
  endfacet
  facet normal -0 0 -1
    outer loop
      vertex 7.36971 79.785 12
      vertex 6.51745 78.6743 12
      vertex 7.125 79.9486 12
    endloop
  endfacet
  facet normal 0 0 -1
    outer loop
      vertex 6.425 78.7361 12
      vertex 7.125 79.9486 12
      vertex 6.51745 78.6743 12
    endloop
  endfacet
  facet normal -0 0 -1
    outer loop
      vertex 7.125 79.9486 12
      vertex 6.425 78.7361 12
      vertex 6.86104 80.0787 12
    endloop
  endfacet
  facet normal 0 0 -1
    outer loop
      vertex 6.32528 78.7853 12
      vertex 6.86104 80.0787 12
      vertex 6.425 78.7361 12
    endloop
  endfacet
  facet normal -0 0 -1
    outer loop
      vertex 6.86104 80.0787 12
      vertex 6.32528 78.7853 12
      vertex 6.58234 80.1733 12
    endloop
  endfacet
  facet normal 0 0 -1
    outer loop
      vertex 6.22 78.821 12
      vertex 6.58234 80.1733 12
      vertex 6.32528 78.7853 12
    endloop
  endfacet
  facet normal -0 0 -1
    outer loop
      vertex 6.58234 80.1733 12
      vertex 6.22 78.821 12
      vertex 6.29368 80.2308 12
    endloop
  endfacet
  facet normal 0 0 -1
    outer loop
      vertex 6.11095 78.8427 12
      vertex 6.29368 80.2308 12
      vertex 6.22 78.821 12
    endloop
  endfacet
  facet normal 0 0 -1
    outer loop
      vertex 6 78.85 12
      vertex 6.29368 80.2308 12
      vertex 6.11095 78.8427 12
    endloop
  endfacet
  facet normal 0 0 -1
    outer loop
      vertex 6 78.85 12
      vertex 6 80.25 12
      vertex 6.29368 80.2308 12
    endloop
  endfacet
  facet normal 0 0 -1
    outer loop
      vertex 5.88905 78.8427 12
      vertex 6 80.25 12
      vertex 6 78.85 12
    endloop
  endfacet
  facet normal 0 0 -1
    outer loop
      vertex 5.70632 80.2308 12
      vertex 5.88905 78.8427 12
      vertex 5.78 78.821 12
    endloop
  endfacet
  facet normal 0 0 -1
    outer loop
      vertex 5.88905 78.8427 12
      vertex 5.70632 80.2308 12
      vertex 6 80.25 12
    endloop
  endfacet
  facet normal 0 0 -1
    outer loop
      vertex 5.41766 80.1733 12
      vertex 5.78 78.821 12
      vertex 5.67472 78.7853 12
    endloop
  endfacet
  facet normal 0 0 -1
    outer loop
      vertex 5.13896 80.0787 12
      vertex 5.67472 78.7853 12
      vertex 5.575 78.7361 12
    endloop
  endfacet
  facet normal 0 0 -1
    outer loop
      vertex 4.875 79.9486 12
      vertex 5.575 78.7361 12
      vertex 5.48255 78.6743 12
    endloop
  endfacet
  facet normal 0 0 -1
    outer loop
      vertex 5.78 78.821 12
      vertex 5.41766 80.1733 12
      vertex 5.70632 80.2308 12
    endloop
  endfacet
  facet normal 0 0 -1
    outer loop
      vertex 4.63029 79.785 12
      vertex 5.48255 78.6743 12
      vertex 5.39896 78.601 12
    endloop
  endfacet
  facet normal 0 0 -1
    outer loop
      vertex 4.40901 79.591 12
      vertex 5.39896 78.601 12
      vertex 5.32565 78.5174 12
    endloop
  endfacet
  facet normal 0 0 -1
    outer loop
      vertex 4.21495 79.3697 12
      vertex 5.32565 78.5174 12
      vertex 5.26388 78.425 12
    endloop
  endfacet
  facet normal 0 0 -1
    outer loop
      vertex 4.05144 79.125 12
      vertex 5.26388 78.425 12
      vertex 5.2147 78.3253 12
    endloop
  endfacet
  facet normal 0 0 -1
    outer loop
      vertex 3.92127 78.861 12
      vertex 5.2147 78.3253 12
      vertex 5.17896 78.22 12
    endloop
  endfacet
  facet normal 0 0 -1
    outer loop
      vertex 3.82667 78.5823 12
      vertex 5.17896 78.22 12
      vertex 5.15727 78.1109 12
    endloop
  endfacet
  facet normal 0 0 -1
    outer loop
      vertex 5.67472 78.7853 12
      vertex 5.13896 80.0787 12
      vertex 5.41766 80.1733 12
    endloop
  endfacet
  facet normal 0 0 -1
    outer loop
      vertex 3.76925 78.2937 12
      vertex 5.15727 78.1109 12
      vertex 5.15 78 12
    endloop
  endfacet
  facet normal 0 0 -1
    outer loop
      vertex 4.05144 76.875 12
      vertex 5.26388 77.575 12
      vertex 4.21495 76.6303 12
    endloop
  endfacet
  facet normal -0 0 -1
    outer loop
      vertex 5.26388 77.575 12
      vertex 4.05144 76.875 12
      vertex 5.2147 77.6747 12
    endloop
  endfacet
  facet normal 0 0 -1
    outer loop
      vertex 5.575 78.7361 12
      vertex 4.875 79.9486 12
      vertex 5.13896 80.0787 12
    endloop
  endfacet
  facet normal 0 0 -1
    outer loop
      vertex 3.92127 77.139 12
      vertex 5.2147 77.6747 12
      vertex 4.05144 76.875 12
    endloop
  endfacet
  facet normal 0 0 -1
    outer loop
      vertex 5.48255 78.6743 12
      vertex 4.63029 79.785 12
      vertex 4.875 79.9486 12
    endloop
  endfacet
  facet normal -0 0 -1
    outer loop
      vertex 5.2147 77.6747 12
      vertex 3.92127 77.139 12
      vertex 5.17896 77.78 12
    endloop
  endfacet
  facet normal 0 0 -1
    outer loop
      vertex 5.39896 78.601 12
      vertex 4.40901 79.591 12
      vertex 4.63029 79.785 12
    endloop
  endfacet
  facet normal 0 0 -1
    outer loop
      vertex 3.82667 77.4177 12
      vertex 5.17896 77.78 12
      vertex 3.92127 77.139 12
    endloop
  endfacet
  facet normal 0 0 -1
    outer loop
      vertex 5.32565 78.5174 12
      vertex 4.21495 79.3697 12
      vertex 4.40901 79.591 12
    endloop
  endfacet
  facet normal -0 0 -1
    outer loop
      vertex 5.17896 77.78 12
      vertex 3.82667 77.4177 12
      vertex 5.15727 77.8891 12
    endloop
  endfacet
  facet normal 0 0 -1
    outer loop
      vertex 5.26388 78.425 12
      vertex 4.05144 79.125 12
      vertex 4.21495 79.3697 12
    endloop
  endfacet
  facet normal 0 0 -1
    outer loop
      vertex 3.76925 77.7063 12
      vertex 5.15727 77.8891 12
      vertex 3.82667 77.4177 12
    endloop
  endfacet
  facet normal 0 0 -1
    outer loop
      vertex 5.2147 78.3253 12
      vertex 3.92127 78.861 12
      vertex 4.05144 79.125 12
    endloop
  endfacet
  facet normal -0 0 -1
    outer loop
      vertex 5.15727 77.8891 12
      vertex 3.76925 77.7063 12
      vertex 5.15 78 12
    endloop
  endfacet
  facet normal 0 0 -1
    outer loop
      vertex 5.17896 78.22 12
      vertex 3.82667 78.5823 12
      vertex 3.92127 78.861 12
    endloop
  endfacet
  facet normal 0 0 -1
    outer loop
      vertex 3.75 78 12
      vertex 5.15 78 12
      vertex 3.76925 77.7063 12
    endloop
  endfacet
  facet normal 0 0 -1
    outer loop
      vertex 5.15727 78.1109 12
      vertex 3.76925 78.2937 12
      vertex 3.82667 78.5823 12
    endloop
  endfacet
  facet normal 0 0 -1
    outer loop
      vertex 5.15 78 12
      vertex 3.75 78 12
      vertex 3.76925 78.2937 12
    endloop
  endfacet
  facet normal 0 0 1
    outer loop
      vertex -16.65 33 12
      vertex -15.25 33 12
      vertex -15.2692 33.2937 12
    endloop
  endfacet
  facet normal 0 0 1
    outer loop
      vertex -16.6573 33.1109 12
      vertex -15.2692 33.2937 12
      vertex -15.3267 33.5823 12
    endloop
  endfacet
  facet normal 0 0 1
    outer loop
      vertex -15.25 33 12
      vertex -16.65 33 12
      vertex -15.2692 32.7063 12
    endloop
  endfacet
  facet normal 0 0 1
    outer loop
      vertex -16.679 33.22 12
      vertex -15.3267 33.5823 12
      vertex -15.4213 33.861 12
    endloop
  endfacet
  facet normal -0 0 1
    outer loop
      vertex -16.6573 32.8891 12
      vertex -15.2692 32.7063 12
      vertex -16.65 33 12
    endloop
  endfacet
  facet normal 0 0 1
    outer loop
      vertex -16.7147 33.3253 12
      vertex -15.4213 33.861 12
      vertex -15.5514 34.125 12
    endloop
  endfacet
  facet normal 0 0 1
    outer loop
      vertex -15.2692 32.7063 12
      vertex -16.6573 32.8891 12
      vertex -15.3267 32.4177 12
    endloop
  endfacet
  facet normal 0 0 1
    outer loop
      vertex -16.7639 33.425 12
      vertex -15.5514 34.125 12
      vertex -15.715 34.3697 12
    endloop
  endfacet
  facet normal -0 0 1
    outer loop
      vertex -16.679 32.78 12
      vertex -15.3267 32.4177 12
      vertex -16.6573 32.8891 12
    endloop
  endfacet
  facet normal 0 0 1
    outer loop
      vertex -16.8256 33.5174 12
      vertex -15.715 34.3697 12
      vertex -15.909 34.591 12
    endloop
  endfacet
  facet normal 0 0 1
    outer loop
      vertex -15.3267 32.4177 12
      vertex -16.679 32.78 12
      vertex -15.4213 32.139 12
    endloop
  endfacet
  facet normal 0 0 1
    outer loop
      vertex -16.899 33.601 12
      vertex -15.909 34.591 12
      vertex -16.1303 34.785 12
    endloop
  endfacet
  facet normal -0 0 1
    outer loop
      vertex -16.7147 32.6747 12
      vertex -15.4213 32.139 12
      vertex -16.679 32.78 12
    endloop
  endfacet
  facet normal 0 0 1
    outer loop
      vertex -16.9826 33.6744 12
      vertex -16.1303 34.785 12
      vertex -16.375 34.9486 12
    endloop
  endfacet
  facet normal 0 0 1
    outer loop
      vertex -15.4213 32.139 12
      vertex -16.7147 32.6747 12
      vertex -15.5514 31.875 12
    endloop
  endfacet
  facet normal 0 0 1
    outer loop
      vertex -17.075 33.7361 12
      vertex -16.375 34.9486 12
      vertex -16.639 35.0787 12
    endloop
  endfacet
  facet normal -0 0 1
    outer loop
      vertex -16.7639 32.575 12
      vertex -15.5514 31.875 12
      vertex -16.7147 32.6747 12
    endloop
  endfacet
  facet normal 0 0 1
    outer loop
      vertex -15.5514 31.875 12
      vertex -16.7639 32.575 12
      vertex -15.715 31.6303 12
    endloop
  endfacet
  facet normal 0 0 1
    outer loop
      vertex -15.2692 33.2937 12
      vertex -16.6573 33.1109 12
      vertex -16.65 33 12
    endloop
  endfacet
  facet normal 0 0 1
    outer loop
      vertex -15.3267 33.5823 12
      vertex -16.679 33.22 12
      vertex -16.6573 33.1109 12
    endloop
  endfacet
  facet normal 0 0 1
    outer loop
      vertex -15.4213 33.861 12
      vertex -16.7147 33.3253 12
      vertex -16.679 33.22 12
    endloop
  endfacet
  facet normal 0 0 1
    outer loop
      vertex -15.5514 34.125 12
      vertex -16.7639 33.425 12
      vertex -16.7147 33.3253 12
    endloop
  endfacet
  facet normal 0 0 1
    outer loop
      vertex -15.715 34.3697 12
      vertex -16.8256 33.5174 12
      vertex -16.7639 33.425 12
    endloop
  endfacet
  facet normal 0 0 1
    outer loop
      vertex -15.909 34.591 12
      vertex -16.899 33.601 12
      vertex -16.8256 33.5174 12
    endloop
  endfacet
  facet normal 0 0 1
    outer loop
      vertex -17.1747 33.7853 12
      vertex -16.639 35.0787 12
      vertex -16.9177 35.1733 12
    endloop
  endfacet
  facet normal 0 0 1
    outer loop
      vertex -16.1303 34.785 12
      vertex -16.9826 33.6744 12
      vertex -16.899 33.601 12
    endloop
  endfacet
  facet normal 0 0 1
    outer loop
      vertex -16.375 34.9486 12
      vertex -17.075 33.7361 12
      vertex -16.9826 33.6744 12
    endloop
  endfacet
  facet normal 0 0 1
    outer loop
      vertex -16.639 35.0787 12
      vertex -17.1747 33.7853 12
      vertex -17.075 33.7361 12
    endloop
  endfacet
  facet normal 0 0 1
    outer loop
      vertex -17.28 33.821 12
      vertex -16.9177 35.1733 12
      vertex -17.2063 35.2308 12
    endloop
  endfacet
  facet normal 0 0 1
    outer loop
      vertex -16.9177 35.1733 12
      vertex -17.28 33.821 12
      vertex -17.1747 33.7853 12
    endloop
  endfacet
  facet normal 0 0 1
    outer loop
      vertex -17.2063 35.2308 12
      vertex -17.3891 33.8427 12
      vertex -17.28 33.821 12
    endloop
  endfacet
  facet normal 0 0 1
    outer loop
      vertex -17.5 35.25 12
      vertex -17.3891 33.8427 12
      vertex -17.2063 35.2308 12
    endloop
  endfacet
  facet normal 0 0 1
    outer loop
      vertex -17.5 35.25 12
      vertex -17.5 33.85 12
      vertex -17.3891 33.8427 12
    endloop
  endfacet
  facet normal 0 0 1
    outer loop
      vertex -17.5 35.25 12
      vertex -17.6109 33.8427 12
      vertex -17.5 33.85 12
    endloop
  endfacet
  facet normal -0 0 1
    outer loop
      vertex -17.7937 35.2308 12
      vertex -17.6109 33.8427 12
      vertex -17.5 35.25 12
    endloop
  endfacet
  facet normal 0 0 1
    outer loop
      vertex -17.6109 33.8427 12
      vertex -17.7937 35.2308 12
      vertex -17.72 33.821 12
    endloop
  endfacet
  facet normal -0 0 1
    outer loop
      vertex -18.0823 35.1733 12
      vertex -17.72 33.821 12
      vertex -17.7937 35.2308 12
    endloop
  endfacet
  facet normal 0 0 1
    outer loop
      vertex -17.72 33.821 12
      vertex -18.0823 35.1733 12
      vertex -17.8253 33.7853 12
    endloop
  endfacet
  facet normal -0 0 1
    outer loop
      vertex -18.361 35.0787 12
      vertex -17.8253 33.7853 12
      vertex -18.0823 35.1733 12
    endloop
  endfacet
  facet normal 0 0 1
    outer loop
      vertex -17.8253 33.7853 12
      vertex -18.361 35.0787 12
      vertex -17.925 33.7361 12
    endloop
  endfacet
  facet normal -0 0 1
    outer loop
      vertex -18.625 34.9486 12
      vertex -17.925 33.7361 12
      vertex -18.361 35.0787 12
    endloop
  endfacet
  facet normal 0 0 1
    outer loop
      vertex -17.925 33.7361 12
      vertex -18.625 34.9486 12
      vertex -18.0174 33.6744 12
    endloop
  endfacet
  facet normal -0 0 1
    outer loop
      vertex -18.8697 34.785 12
      vertex -18.0174 33.6744 12
      vertex -18.625 34.9486 12
    endloop
  endfacet
  facet normal -0 0 1
    outer loop
      vertex -19 34.6708 12
      vertex -18.0174 33.6744 12
      vertex -18.8697 34.785 12
    endloop
  endfacet
  facet normal 0 0 1
    outer loop
      vertex -18.0174 33.6744 12
      vertex -19 34.6708 12
      vertex -18.101 33.601 12
    endloop
  endfacet
  facet normal 0 0 1
    outer loop
      vertex -18.101 33.601 12
      vertex -19 34.6708 12
      vertex -18.1744 33.5174 12
    endloop
  endfacet
  facet normal 0 0 1
    outer loop
      vertex -18.2361 33.425 12
      vertex -19 34.6708 12
      vertex -18.2853 33.3253 12
    endloop
  endfacet
  facet normal 0 0 1
    outer loop
      vertex -18.1744 33.5174 12
      vertex -19 34.6708 12
      vertex -18.2361 33.425 12
    endloop
  endfacet
  facet normal -0 0 1
    outer loop
      vertex -16.8256 32.4826 12
      vertex -15.715 31.6303 12
      vertex -16.7639 32.575 12
    endloop
  endfacet
  facet normal 0 0 1
    outer loop
      vertex -15.715 31.6303 12
      vertex -16.8256 32.4826 12
      vertex -15.909 31.409 12
    endloop
  endfacet
  facet normal -0 0 1
    outer loop
      vertex -16.899 32.399 12
      vertex -15.909 31.409 12
      vertex -16.8256 32.4826 12
    endloop
  endfacet
  facet normal 0 0 1
    outer loop
      vertex -15.909 31.409 12
      vertex -16.899 32.399 12
      vertex -16.1303 31.215 12
    endloop
  endfacet
  facet normal -0 0 1
    outer loop
      vertex -16.9826 32.3256 12
      vertex -16.1303 31.215 12
      vertex -16.899 32.399 12
    endloop
  endfacet
  facet normal 0 0 1
    outer loop
      vertex -16.1303 31.215 12
      vertex -16.9826 32.3256 12
      vertex -16.375 31.0514 12
    endloop
  endfacet
  facet normal -0 0 1
    outer loop
      vertex -17.075 32.2639 12
      vertex -16.375 31.0514 12
      vertex -16.9826 32.3256 12
    endloop
  endfacet
  facet normal 0 0 1
    outer loop
      vertex -16.375 31.0514 12
      vertex -17.075 32.2639 12
      vertex -16.639 30.9213 12
    endloop
  endfacet
  facet normal -0 0 1
    outer loop
      vertex -17.1747 32.2147 12
      vertex -16.639 30.9213 12
      vertex -17.075 32.2639 12
    endloop
  endfacet
  facet normal 0 0 1
    outer loop
      vertex -16.639 30.9213 12
      vertex -17.1747 32.2147 12
      vertex -16.9177 30.8267 12
    endloop
  endfacet
  facet normal -0 0 1
    outer loop
      vertex -17.28 32.179 12
      vertex -16.9177 30.8267 12
      vertex -17.1747 32.2147 12
    endloop
  endfacet
  facet normal 0 0 1
    outer loop
      vertex -16.9177 30.8267 12
      vertex -17.28 32.179 12
      vertex -17.2063 30.7692 12
    endloop
  endfacet
  facet normal -0 0 1
    outer loop
      vertex -17.3891 32.1573 12
      vertex -17.2063 30.7692 12
      vertex -17.28 32.179 12
    endloop
  endfacet
  facet normal -0 0 1
    outer loop
      vertex -17.5 32.15 12
      vertex -17.2063 30.7692 12
      vertex -17.3891 32.1573 12
    endloop
  endfacet
  facet normal 0 0 1
    outer loop
      vertex -17.5 32.15 12
      vertex -17.5 30.75 12
      vertex -17.2063 30.7692 12
    endloop
  endfacet
  facet normal 0 0 1
    outer loop
      vertex -17.6109 32.1573 12
      vertex -17.5 30.75 12
      vertex -17.5 32.15 12
    endloop
  endfacet
  facet normal 0 0 1
    outer loop
      vertex -17.7937 30.7692 12
      vertex -17.6109 32.1573 12
      vertex -17.72 32.179 12
    endloop
  endfacet
  facet normal 0 0 1
    outer loop
      vertex -17.6109 32.1573 12
      vertex -17.7937 30.7692 12
      vertex -17.5 30.75 12
    endloop
  endfacet
  facet normal 0 0 1
    outer loop
      vertex -18.0823 30.8267 12
      vertex -17.72 32.179 12
      vertex -17.8253 32.2147 12
    endloop
  endfacet
  facet normal 0 0 1
    outer loop
      vertex -18.361 30.9213 12
      vertex -17.8253 32.2147 12
      vertex -17.925 32.2639 12
    endloop
  endfacet
  facet normal 0 0 1
    outer loop
      vertex -18.625 31.0514 12
      vertex -17.925 32.2639 12
      vertex -18.0174 32.3256 12
    endloop
  endfacet
  facet normal 0 0 1
    outer loop
      vertex -17.72 32.179 12
      vertex -18.0823 30.8267 12
      vertex -17.7937 30.7692 12
    endloop
  endfacet
  facet normal 0 0 1
    outer loop
      vertex -19 31.3292 12
      vertex -18.0174 32.3256 12
      vertex -18.101 32.399 12
    endloop
  endfacet
  facet normal 0 0 1
    outer loop
      vertex -19 31.3292 12
      vertex -18.101 32.399 12
      vertex -18.1744 32.4826 12
    endloop
  endfacet
  facet normal 0 0 1
    outer loop
      vertex -19 31.3292 12
      vertex -18.1744 32.4826 12
      vertex -18.2361 32.575 12
    endloop
  endfacet
  facet normal 0 0 1
    outer loop
      vertex -19 31.3292 12
      vertex -18.2361 32.575 12
      vertex -18.2853 32.6747 12
    endloop
  endfacet
  facet normal 0 0 1
    outer loop
      vertex -19 31.3292 12
      vertex -18.2853 32.6747 12
      vertex -18.321 32.78 12
    endloop
  endfacet
  facet normal 0 0 1
    outer loop
      vertex -19 31.3292 12
      vertex -18.321 32.78 12
      vertex -18.3427 32.8891 12
    endloop
  endfacet
  facet normal 0 0 1
    outer loop
      vertex -17.8253 32.2147 12
      vertex -18.361 30.9213 12
      vertex -18.0823 30.8267 12
    endloop
  endfacet
  facet normal 0 0 1
    outer loop
      vertex -19 31.3292 12
      vertex -18.3427 32.8891 12
      vertex -18.35 33 12
    endloop
  endfacet
  facet normal 0 0 1
    outer loop
      vertex -18.2853 33.3253 12
      vertex -19 34.6708 12
      vertex -18.321 33.22 12
    endloop
  endfacet
  facet normal 0 0 1
    outer loop
      vertex -18.321 33.22 12
      vertex -19 34.6708 12
      vertex -18.3427 33.1109 12
    endloop
  endfacet
  facet normal 0 0 1
    outer loop
      vertex -19 31.3292 12
      vertex -18.35 33 12
      vertex -19 34.6708 12
    endloop
  endfacet
  facet normal 0 0 1
    outer loop
      vertex -18.3427 33.1109 12
      vertex -19 34.6708 12
      vertex -18.35 33 12
    endloop
  endfacet
  facet normal 0 0 1
    outer loop
      vertex -18.0174 32.3256 12
      vertex -19 31.3292 12
      vertex -18.8697 31.215 12
    endloop
  endfacet
  facet normal 0 0 1
    outer loop
      vertex -17.925 32.2639 12
      vertex -18.625 31.0514 12
      vertex -18.361 30.9213 12
    endloop
  endfacet
  facet normal 0 0 1
    outer loop
      vertex -18.0174 32.3256 12
      vertex -18.8697 31.215 12
      vertex -18.625 31.0514 12
    endloop
  endfacet
  facet normal 0 0 -1
    outer loop
      vertex -16.65 33 12
      vertex -15.25 33 12
      vertex -15.2692 32.7063 12
    endloop
  endfacet
  facet normal 0 0 -1
    outer loop
      vertex -16.6573 32.8891 12
      vertex -15.2692 32.7063 12
      vertex -15.3267 32.4177 12
    endloop
  endfacet
  facet normal 0 0 -1
    outer loop
      vertex -15.25 33 12
      vertex -16.65 33 12
      vertex -15.2692 33.2937 12
    endloop
  endfacet
  facet normal 0 0 -1
    outer loop
      vertex -16.679 32.78 12
      vertex -15.3267 32.4177 12
      vertex -15.4213 32.139 12
    endloop
  endfacet
  facet normal 0 0 -1
    outer loop
      vertex -16.6573 33.1109 12
      vertex -15.2692 33.2937 12
      vertex -16.65 33 12
    endloop
  endfacet
  facet normal 0 0 -1
    outer loop
      vertex -16.7147 32.6747 12
      vertex -15.4213 32.139 12
      vertex -15.5514 31.875 12
    endloop
  endfacet
  facet normal -0 0 -1
    outer loop
      vertex -15.2692 33.2937 12
      vertex -16.6573 33.1109 12
      vertex -15.3267 33.5823 12
    endloop
  endfacet
  facet normal 0 0 -1
    outer loop
      vertex -16.7639 32.575 12
      vertex -15.5514 31.875 12
      vertex -15.715 31.6303 12
    endloop
  endfacet
  facet normal 0 0 -1
    outer loop
      vertex -16.679 33.22 12
      vertex -15.3267 33.5823 12
      vertex -16.6573 33.1109 12
    endloop
  endfacet
  facet normal 0 0 -1
    outer loop
      vertex -16.8256 32.4826 12
      vertex -15.715 31.6303 12
      vertex -15.909 31.409 12
    endloop
  endfacet
  facet normal -0 0 -1
    outer loop
      vertex -15.3267 33.5823 12
      vertex -16.679 33.22 12
      vertex -15.4213 33.861 12
    endloop
  endfacet
  facet normal 0 0 -1
    outer loop
      vertex -16.899 32.399 12
      vertex -15.909 31.409 12
      vertex -16.1303 31.215 12
    endloop
  endfacet
  facet normal 0 0 -1
    outer loop
      vertex -16.7147 33.3253 12
      vertex -15.4213 33.861 12
      vertex -16.679 33.22 12
    endloop
  endfacet
  facet normal 0 0 -1
    outer loop
      vertex -16.9826 32.3256 12
      vertex -16.1303 31.215 12
      vertex -16.375 31.0514 12
    endloop
  endfacet
  facet normal -0 0 -1
    outer loop
      vertex -15.4213 33.861 12
      vertex -16.7147 33.3253 12
      vertex -15.5514 34.125 12
    endloop
  endfacet
  facet normal 0 0 -1
    outer loop
      vertex -17.075 32.2639 12
      vertex -16.375 31.0514 12
      vertex -16.639 30.9213 12
    endloop
  endfacet
  facet normal 0 0 -1
    outer loop
      vertex -16.7639 33.425 12
      vertex -15.5514 34.125 12
      vertex -16.7147 33.3253 12
    endloop
  endfacet
  facet normal -0 0 -1
    outer loop
      vertex -15.5514 34.125 12
      vertex -16.7639 33.425 12
      vertex -15.715 34.3697 12
    endloop
  endfacet
  facet normal 0 0 -1
    outer loop
      vertex -15.2692 32.7063 12
      vertex -16.6573 32.8891 12
      vertex -16.65 33 12
    endloop
  endfacet
  facet normal 0 0 -1
    outer loop
      vertex -15.3267 32.4177 12
      vertex -16.679 32.78 12
      vertex -16.6573 32.8891 12
    endloop
  endfacet
  facet normal 0 0 -1
    outer loop
      vertex -15.4213 32.139 12
      vertex -16.7147 32.6747 12
      vertex -16.679 32.78 12
    endloop
  endfacet
  facet normal 0 0 -1
    outer loop
      vertex -15.5514 31.875 12
      vertex -16.7639 32.575 12
      vertex -16.7147 32.6747 12
    endloop
  endfacet
  facet normal 0 0 -1
    outer loop
      vertex -15.715 31.6303 12
      vertex -16.8256 32.4826 12
      vertex -16.7639 32.575 12
    endloop
  endfacet
  facet normal 0 0 -1
    outer loop
      vertex -15.909 31.409 12
      vertex -16.899 32.399 12
      vertex -16.8256 32.4826 12
    endloop
  endfacet
  facet normal 0 0 -1
    outer loop
      vertex -17.1747 32.2147 12
      vertex -16.639 30.9213 12
      vertex -16.9177 30.8267 12
    endloop
  endfacet
  facet normal 0 0 -1
    outer loop
      vertex -16.1303 31.215 12
      vertex -16.9826 32.3256 12
      vertex -16.899 32.399 12
    endloop
  endfacet
  facet normal 0 0 -1
    outer loop
      vertex -16.375 31.0514 12
      vertex -17.075 32.2639 12
      vertex -16.9826 32.3256 12
    endloop
  endfacet
  facet normal 0 0 -1
    outer loop
      vertex -16.639 30.9213 12
      vertex -17.1747 32.2147 12
      vertex -17.075 32.2639 12
    endloop
  endfacet
  facet normal 0 0 -1
    outer loop
      vertex -17.28 32.179 12
      vertex -16.9177 30.8267 12
      vertex -17.2063 30.7692 12
    endloop
  endfacet
  facet normal 0 0 -1
    outer loop
      vertex -16.9177 30.8267 12
      vertex -17.28 32.179 12
      vertex -17.1747 32.2147 12
    endloop
  endfacet
  facet normal 0 0 -1
    outer loop
      vertex -17.2063 30.7692 12
      vertex -17.3891 32.1573 12
      vertex -17.28 32.179 12
    endloop
  endfacet
  facet normal 0 0 -1
    outer loop
      vertex -17.5 30.75 12
      vertex -17.3891 32.1573 12
      vertex -17.2063 30.7692 12
    endloop
  endfacet
  facet normal 0 0 -1
    outer loop
      vertex -17.5 30.75 12
      vertex -17.5 32.15 12
      vertex -17.3891 32.1573 12
    endloop
  endfacet
  facet normal 0 0 -1
    outer loop
      vertex -17.5 30.75 12
      vertex -17.6109 32.1573 12
      vertex -17.5 32.15 12
    endloop
  endfacet
  facet normal 0 0 -1
    outer loop
      vertex -17.7937 30.7692 12
      vertex -17.6109 32.1573 12
      vertex -17.5 30.75 12
    endloop
  endfacet
  facet normal -0 0 -1
    outer loop
      vertex -17.6109 32.1573 12
      vertex -17.7937 30.7692 12
      vertex -17.72 32.179 12
    endloop
  endfacet
  facet normal 0 0 -1
    outer loop
      vertex -18.0823 30.8267 12
      vertex -17.72 32.179 12
      vertex -17.7937 30.7692 12
    endloop
  endfacet
  facet normal -0 0 -1
    outer loop
      vertex -17.72 32.179 12
      vertex -18.0823 30.8267 12
      vertex -17.8253 32.2147 12
    endloop
  endfacet
  facet normal 0 0 -1
    outer loop
      vertex -18.361 30.9213 12
      vertex -17.8253 32.2147 12
      vertex -18.0823 30.8267 12
    endloop
  endfacet
  facet normal -0 0 -1
    outer loop
      vertex -17.8253 32.2147 12
      vertex -18.361 30.9213 12
      vertex -17.925 32.2639 12
    endloop
  endfacet
  facet normal 0 0 -1
    outer loop
      vertex -18.625 31.0514 12
      vertex -17.925 32.2639 12
      vertex -18.361 30.9213 12
    endloop
  endfacet
  facet normal -0 0 -1
    outer loop
      vertex -17.925 32.2639 12
      vertex -18.625 31.0514 12
      vertex -18.0174 32.3256 12
    endloop
  endfacet
  facet normal 0 0 -1
    outer loop
      vertex -18.8697 31.215 12
      vertex -18.0174 32.3256 12
      vertex -18.625 31.0514 12
    endloop
  endfacet
  facet normal 0 0 -1
    outer loop
      vertex -19 31.3292 12
      vertex -18.0174 32.3256 12
      vertex -18.8697 31.215 12
    endloop
  endfacet
  facet normal -0 0 -1
    outer loop
      vertex -18.0174 32.3256 12
      vertex -19 31.3292 12
      vertex -18.101 32.399 12
    endloop
  endfacet
  facet normal -0 0 -1
    outer loop
      vertex -18.101 32.399 12
      vertex -19 31.3292 12
      vertex -18.1744 32.4826 12
    endloop
  endfacet
  facet normal -0 0 -1
    outer loop
      vertex -18.2361 32.575 12
      vertex -19 31.3292 12
      vertex -18.2853 32.6747 12
    endloop
  endfacet
  facet normal -0 0 -1
    outer loop
      vertex -18.1744 32.4826 12
      vertex -19 31.3292 12
      vertex -18.2361 32.575 12
    endloop
  endfacet
  facet normal 0 0 -1
    outer loop
      vertex -16.8256 33.5174 12
      vertex -15.715 34.3697 12
      vertex -16.7639 33.425 12
    endloop
  endfacet
  facet normal -0 0 -1
    outer loop
      vertex -15.715 34.3697 12
      vertex -16.8256 33.5174 12
      vertex -15.909 34.591 12
    endloop
  endfacet
  facet normal 0 0 -1
    outer loop
      vertex -16.899 33.601 12
      vertex -15.909 34.591 12
      vertex -16.8256 33.5174 12
    endloop
  endfacet
  facet normal -0 0 -1
    outer loop
      vertex -15.909 34.591 12
      vertex -16.899 33.601 12
      vertex -16.1303 34.785 12
    endloop
  endfacet
  facet normal 0 0 -1
    outer loop
      vertex -16.9826 33.6744 12
      vertex -16.1303 34.785 12
      vertex -16.899 33.601 12
    endloop
  endfacet
  facet normal -0 0 -1
    outer loop
      vertex -16.1303 34.785 12
      vertex -16.9826 33.6744 12
      vertex -16.375 34.9486 12
    endloop
  endfacet
  facet normal 0 0 -1
    outer loop
      vertex -17.075 33.7361 12
      vertex -16.375 34.9486 12
      vertex -16.9826 33.6744 12
    endloop
  endfacet
  facet normal -0 0 -1
    outer loop
      vertex -16.375 34.9486 12
      vertex -17.075 33.7361 12
      vertex -16.639 35.0787 12
    endloop
  endfacet
  facet normal 0 0 -1
    outer loop
      vertex -17.1747 33.7853 12
      vertex -16.639 35.0787 12
      vertex -17.075 33.7361 12
    endloop
  endfacet
  facet normal -0 0 -1
    outer loop
      vertex -16.639 35.0787 12
      vertex -17.1747 33.7853 12
      vertex -16.9177 35.1733 12
    endloop
  endfacet
  facet normal 0 0 -1
    outer loop
      vertex -17.28 33.821 12
      vertex -16.9177 35.1733 12
      vertex -17.1747 33.7853 12
    endloop
  endfacet
  facet normal -0 0 -1
    outer loop
      vertex -16.9177 35.1733 12
      vertex -17.28 33.821 12
      vertex -17.2063 35.2308 12
    endloop
  endfacet
  facet normal 0 0 -1
    outer loop
      vertex -17.3891 33.8427 12
      vertex -17.2063 35.2308 12
      vertex -17.28 33.821 12
    endloop
  endfacet
  facet normal 0 0 -1
    outer loop
      vertex -17.5 33.85 12
      vertex -17.2063 35.2308 12
      vertex -17.3891 33.8427 12
    endloop
  endfacet
  facet normal 0 0 -1
    outer loop
      vertex -17.5 33.85 12
      vertex -17.5 35.25 12
      vertex -17.2063 35.2308 12
    endloop
  endfacet
  facet normal 0 0 -1
    outer loop
      vertex -17.6109 33.8427 12
      vertex -17.5 35.25 12
      vertex -17.5 33.85 12
    endloop
  endfacet
  facet normal 0 0 -1
    outer loop
      vertex -17.7937 35.2308 12
      vertex -17.6109 33.8427 12
      vertex -17.72 33.821 12
    endloop
  endfacet
  facet normal 0 0 -1
    outer loop
      vertex -17.6109 33.8427 12
      vertex -17.7937 35.2308 12
      vertex -17.5 35.25 12
    endloop
  endfacet
  facet normal 0 0 -1
    outer loop
      vertex -18.0823 35.1733 12
      vertex -17.72 33.821 12
      vertex -17.8253 33.7853 12
    endloop
  endfacet
  facet normal 0 0 -1
    outer loop
      vertex -18.361 35.0787 12
      vertex -17.8253 33.7853 12
      vertex -17.925 33.7361 12
    endloop
  endfacet
  facet normal 0 0 -1
    outer loop
      vertex -18.625 34.9486 12
      vertex -17.925 33.7361 12
      vertex -18.0174 33.6744 12
    endloop
  endfacet
  facet normal 0 0 -1
    outer loop
      vertex -17.72 33.821 12
      vertex -18.0823 35.1733 12
      vertex -17.7937 35.2308 12
    endloop
  endfacet
  facet normal 0 0 -1
    outer loop
      vertex -19 34.6708 12
      vertex -18.0174 33.6744 12
      vertex -18.101 33.601 12
    endloop
  endfacet
  facet normal 0 0 -1
    outer loop
      vertex -19 34.6708 12
      vertex -18.101 33.601 12
      vertex -18.1744 33.5174 12
    endloop
  endfacet
  facet normal 0 0 -1
    outer loop
      vertex -19 34.6708 12
      vertex -18.1744 33.5174 12
      vertex -18.2361 33.425 12
    endloop
  endfacet
  facet normal 0 0 -1
    outer loop
      vertex -19 34.6708 12
      vertex -18.2361 33.425 12
      vertex -18.2853 33.3253 12
    endloop
  endfacet
  facet normal 0 0 -1
    outer loop
      vertex -19 34.6708 12
      vertex -18.2853 33.3253 12
      vertex -18.321 33.22 12
    endloop
  endfacet
  facet normal 0 0 -1
    outer loop
      vertex -19 34.6708 12
      vertex -18.321 33.22 12
      vertex -18.3427 33.1109 12
    endloop
  endfacet
  facet normal 0 0 -1
    outer loop
      vertex -17.8253 33.7853 12
      vertex -18.361 35.0787 12
      vertex -18.0823 35.1733 12
    endloop
  endfacet
  facet normal 0 0 -1
    outer loop
      vertex -19 34.6708 12
      vertex -18.3427 33.1109 12
      vertex -18.35 33 12
    endloop
  endfacet
  facet normal -0 0 -1
    outer loop
      vertex -18.2853 32.6747 12
      vertex -19 31.3292 12
      vertex -18.321 32.78 12
    endloop
  endfacet
  facet normal -0 0 -1
    outer loop
      vertex -18.321 32.78 12
      vertex -19 31.3292 12
      vertex -18.3427 32.8891 12
    endloop
  endfacet
  facet normal 0 0 -1
    outer loop
      vertex -19 34.6708 12
      vertex -18.35 33 12
      vertex -19 31.3292 12
    endloop
  endfacet
  facet normal -0 0 -1
    outer loop
      vertex -18.3427 32.8891 12
      vertex -19 31.3292 12
      vertex -18.35 33 12
    endloop
  endfacet
  facet normal 0 0 -1
    outer loop
      vertex -18.0174 33.6744 12
      vertex -19 34.6708 12
      vertex -18.8697 34.785 12
    endloop
  endfacet
  facet normal 0 0 -1
    outer loop
      vertex -17.925 33.7361 12
      vertex -18.625 34.9486 12
      vertex -18.361 35.0787 12
    endloop
  endfacet
  facet normal 0 0 -1
    outer loop
      vertex -18.0174 33.6744 12
      vertex -18.8697 34.785 12
      vertex -18.625 34.9486 12
    endloop
  endfacet
  facet normal 0 0 1
    outer loop
      vertex -9.15 78 12
      vertex -7.75 78 12
      vertex -7.76925 78.2937 12
    endloop
  endfacet
  facet normal 0 0 1
    outer loop
      vertex -9.15727 78.1109 12
      vertex -7.76925 78.2937 12
      vertex -7.82667 78.5823 12
    endloop
  endfacet
  facet normal 0 0 1
    outer loop
      vertex -7.75 78 12
      vertex -9.15 78 12
      vertex -7.76925 77.7063 12
    endloop
  endfacet
  facet normal 0 0 1
    outer loop
      vertex -9.17896 78.22 12
      vertex -7.82667 78.5823 12
      vertex -7.92127 78.861 12
    endloop
  endfacet
  facet normal -0 0 1
    outer loop
      vertex -9.15727 77.8891 12
      vertex -7.76925 77.7063 12
      vertex -9.15 78 12
    endloop
  endfacet
  facet normal 0 0 1
    outer loop
      vertex -9.2147 78.3253 12
      vertex -7.92127 78.861 12
      vertex -8.05144 79.125 12
    endloop
  endfacet
  facet normal 0 0 1
    outer loop
      vertex -7.76925 77.7063 12
      vertex -9.15727 77.8891 12
      vertex -7.82667 77.4177 12
    endloop
  endfacet
  facet normal 0 0 1
    outer loop
      vertex -9.26388 78.425 12
      vertex -8.05144 79.125 12
      vertex -8.21495 79.3697 12
    endloop
  endfacet
  facet normal -0 0 1
    outer loop
      vertex -9.17896 77.78 12
      vertex -7.82667 77.4177 12
      vertex -9.15727 77.8891 12
    endloop
  endfacet
  facet normal 0 0 1
    outer loop
      vertex -9.32565 78.5174 12
      vertex -8.21495 79.3697 12
      vertex -8.40901 79.591 12
    endloop
  endfacet
  facet normal 0 0 1
    outer loop
      vertex -7.82667 77.4177 12
      vertex -9.17896 77.78 12
      vertex -7.92127 77.139 12
    endloop
  endfacet
  facet normal 0 0 1
    outer loop
      vertex -9.39896 78.601 12
      vertex -8.40901 79.591 12
      vertex -8.63029 79.785 12
    endloop
  endfacet
  facet normal -0 0 1
    outer loop
      vertex -9.2147 77.6747 12
      vertex -7.92127 77.139 12
      vertex -9.17896 77.78 12
    endloop
  endfacet
  facet normal 0 0 1
    outer loop
      vertex -9.48255 78.6743 12
      vertex -8.63029 79.785 12
      vertex -8.875 79.9486 12
    endloop
  endfacet
  facet normal 0 0 1
    outer loop
      vertex -7.92127 77.139 12
      vertex -9.2147 77.6747 12
      vertex -8.05144 76.875 12
    endloop
  endfacet
  facet normal 0 0 1
    outer loop
      vertex -9.575 78.7361 12
      vertex -8.875 79.9486 12
      vertex -9.13896 80.0787 12
    endloop
  endfacet
  facet normal -0 0 1
    outer loop
      vertex -9.26388 77.575 12
      vertex -8.05144 76.875 12
      vertex -9.2147 77.6747 12
    endloop
  endfacet
  facet normal 0 0 1
    outer loop
      vertex -8.05144 76.875 12
      vertex -9.26388 77.575 12
      vertex -8.21495 76.6303 12
    endloop
  endfacet
  facet normal 0 0 1
    outer loop
      vertex -7.76925 78.2937 12
      vertex -9.15727 78.1109 12
      vertex -9.15 78 12
    endloop
  endfacet
  facet normal 0 0 1
    outer loop
      vertex -7.82667 78.5823 12
      vertex -9.17896 78.22 12
      vertex -9.15727 78.1109 12
    endloop
  endfacet
  facet normal 0 0 1
    outer loop
      vertex -7.92127 78.861 12
      vertex -9.2147 78.3253 12
      vertex -9.17896 78.22 12
    endloop
  endfacet
  facet normal 0 0 1
    outer loop
      vertex -8.05144 79.125 12
      vertex -9.26388 78.425 12
      vertex -9.2147 78.3253 12
    endloop
  endfacet
  facet normal 0 0 1
    outer loop
      vertex -8.21495 79.3697 12
      vertex -9.32565 78.5174 12
      vertex -9.26388 78.425 12
    endloop
  endfacet
  facet normal 0 0 1
    outer loop
      vertex -8.40901 79.591 12
      vertex -9.39896 78.601 12
      vertex -9.32565 78.5174 12
    endloop
  endfacet
  facet normal 0 0 1
    outer loop
      vertex -9.67472 78.7853 12
      vertex -9.13896 80.0787 12
      vertex -9.41766 80.1733 12
    endloop
  endfacet
  facet normal 0 0 1
    outer loop
      vertex -8.63029 79.785 12
      vertex -9.48255 78.6743 12
      vertex -9.39896 78.601 12
    endloop
  endfacet
  facet normal 0 0 1
    outer loop
      vertex -8.875 79.9486 12
      vertex -9.575 78.7361 12
      vertex -9.48255 78.6743 12
    endloop
  endfacet
  facet normal 0 0 1
    outer loop
      vertex -9.13896 80.0787 12
      vertex -9.67472 78.7853 12
      vertex -9.575 78.7361 12
    endloop
  endfacet
  facet normal 0 0 1
    outer loop
      vertex -9.78 78.821 12
      vertex -9.41766 80.1733 12
      vertex -9.70632 80.2308 12
    endloop
  endfacet
  facet normal 0 0 1
    outer loop
      vertex -9.41766 80.1733 12
      vertex -9.78 78.821 12
      vertex -9.67472 78.7853 12
    endloop
  endfacet
  facet normal 0 0 1
    outer loop
      vertex -9.70632 80.2308 12
      vertex -9.88905 78.8427 12
      vertex -9.78 78.821 12
    endloop
  endfacet
  facet normal 0 0 1
    outer loop
      vertex -10 80.25 12
      vertex -9.88905 78.8427 12
      vertex -9.70632 80.2308 12
    endloop
  endfacet
  facet normal 0 0 1
    outer loop
      vertex -10 80.25 12
      vertex -10 78.85 12
      vertex -9.88905 78.8427 12
    endloop
  endfacet
  facet normal 0 0 1
    outer loop
      vertex -10 80.25 12
      vertex -10.1109 78.8427 12
      vertex -10 78.85 12
    endloop
  endfacet
  facet normal -0 0 1
    outer loop
      vertex -10.2937 80.2308 12
      vertex -10.1109 78.8427 12
      vertex -10 80.25 12
    endloop
  endfacet
  facet normal 0 0 1
    outer loop
      vertex -10.1109 78.8427 12
      vertex -10.2937 80.2308 12
      vertex -10.22 78.821 12
    endloop
  endfacet
  facet normal -0 0 1
    outer loop
      vertex -10.5823 80.1733 12
      vertex -10.22 78.821 12
      vertex -10.2937 80.2308 12
    endloop
  endfacet
  facet normal 0 0 1
    outer loop
      vertex -10.22 78.821 12
      vertex -10.5823 80.1733 12
      vertex -10.3253 78.7853 12
    endloop
  endfacet
  facet normal -0 0 1
    outer loop
      vertex -10.861 80.0787 12
      vertex -10.3253 78.7853 12
      vertex -10.5823 80.1733 12
    endloop
  endfacet
  facet normal 0 0 1
    outer loop
      vertex -10.3253 78.7853 12
      vertex -10.861 80.0787 12
      vertex -10.425 78.7361 12
    endloop
  endfacet
  facet normal -0 0 1
    outer loop
      vertex -11.125 79.9486 12
      vertex -10.425 78.7361 12
      vertex -10.861 80.0787 12
    endloop
  endfacet
  facet normal 0 0 1
    outer loop
      vertex -10.425 78.7361 12
      vertex -11.125 79.9486 12
      vertex -10.5174 78.6743 12
    endloop
  endfacet
  facet normal -0 0 1
    outer loop
      vertex -11.3697 79.785 12
      vertex -10.5174 78.6743 12
      vertex -11.125 79.9486 12
    endloop
  endfacet
  facet normal 0 0 1
    outer loop
      vertex -10.5174 78.6743 12
      vertex -11.3697 79.785 12
      vertex -10.601 78.601 12
    endloop
  endfacet
  facet normal -0 0 1
    outer loop
      vertex -11.591 79.591 12
      vertex -10.601 78.601 12
      vertex -11.3697 79.785 12
    endloop
  endfacet
  facet normal 0 0 1
    outer loop
      vertex -10.601 78.601 12
      vertex -11.591 79.591 12
      vertex -10.6743 78.5174 12
    endloop
  endfacet
  facet normal 0 0 1
    outer loop
      vertex -10.6743 78.5174 12
      vertex -11.785 79.3697 12
      vertex -10.7361 78.425 12
    endloop
  endfacet
  facet normal -0 0 1
    outer loop
      vertex -11.785 79.3697 12
      vertex -10.6743 78.5174 12
      vertex -11.591 79.591 12
    endloop
  endfacet
  facet normal -0 0 1
    outer loop
      vertex -9.32565 77.4826 12
      vertex -8.21495 76.6303 12
      vertex -9.26388 77.575 12
    endloop
  endfacet
  facet normal 0 0 1
    outer loop
      vertex -8.21495 76.6303 12
      vertex -9.32565 77.4826 12
      vertex -8.40901 76.409 12
    endloop
  endfacet
  facet normal -0 0 1
    outer loop
      vertex -9.39896 77.399 12
      vertex -8.40901 76.409 12
      vertex -9.32565 77.4826 12
    endloop
  endfacet
  facet normal 0 0 1
    outer loop
      vertex -8.40901 76.409 12
      vertex -9.39896 77.399 12
      vertex -8.63029 76.215 12
    endloop
  endfacet
  facet normal -0 0 1
    outer loop
      vertex -9.48255 77.3257 12
      vertex -8.63029 76.215 12
      vertex -9.39896 77.399 12
    endloop
  endfacet
  facet normal 0 0 1
    outer loop
      vertex -8.63029 76.215 12
      vertex -9.48255 77.3257 12
      vertex -8.875 76.0514 12
    endloop
  endfacet
  facet normal -0 0 1
    outer loop
      vertex -9.575 77.2639 12
      vertex -8.875 76.0514 12
      vertex -9.48255 77.3257 12
    endloop
  endfacet
  facet normal 0 0 1
    outer loop
      vertex -8.875 76.0514 12
      vertex -9.575 77.2639 12
      vertex -9.13896 75.9213 12
    endloop
  endfacet
  facet normal -0 0 1
    outer loop
      vertex -9.67472 77.2147 12
      vertex -9.13896 75.9213 12
      vertex -9.575 77.2639 12
    endloop
  endfacet
  facet normal 0 0 1
    outer loop
      vertex -9.13896 75.9213 12
      vertex -9.67472 77.2147 12
      vertex -9.41766 75.8267 12
    endloop
  endfacet
  facet normal -0 0 1
    outer loop
      vertex -9.78 77.179 12
      vertex -9.41766 75.8267 12
      vertex -9.67472 77.2147 12
    endloop
  endfacet
  facet normal 0 0 1
    outer loop
      vertex -9.41766 75.8267 12
      vertex -9.78 77.179 12
      vertex -9.70632 75.7692 12
    endloop
  endfacet
  facet normal -0 0 1
    outer loop
      vertex -9.88905 77.1573 12
      vertex -9.70632 75.7692 12
      vertex -9.78 77.179 12
    endloop
  endfacet
  facet normal -0 0 1
    outer loop
      vertex -10 77.15 12
      vertex -9.70632 75.7692 12
      vertex -9.88905 77.1573 12
    endloop
  endfacet
  facet normal 0 0 1
    outer loop
      vertex -10 77.15 12
      vertex -10 75.75 12
      vertex -9.70632 75.7692 12
    endloop
  endfacet
  facet normal 0 0 1
    outer loop
      vertex -10.1109 77.1573 12
      vertex -10 75.75 12
      vertex -10 77.15 12
    endloop
  endfacet
  facet normal 0 0 1
    outer loop
      vertex -10.2937 75.7692 12
      vertex -10.1109 77.1573 12
      vertex -10.22 77.179 12
    endloop
  endfacet
  facet normal 0 0 1
    outer loop
      vertex -10.1109 77.1573 12
      vertex -10.2937 75.7692 12
      vertex -10 75.75 12
    endloop
  endfacet
  facet normal 0 0 1
    outer loop
      vertex -10.5823 75.8267 12
      vertex -10.22 77.179 12
      vertex -10.3253 77.2147 12
    endloop
  endfacet
  facet normal 0 0 1
    outer loop
      vertex -10.861 75.9213 12
      vertex -10.3253 77.2147 12
      vertex -10.425 77.2639 12
    endloop
  endfacet
  facet normal 0 0 1
    outer loop
      vertex -11.125 76.0514 12
      vertex -10.425 77.2639 12
      vertex -10.5174 77.3257 12
    endloop
  endfacet
  facet normal 0 0 1
    outer loop
      vertex -10.22 77.179 12
      vertex -10.5823 75.8267 12
      vertex -10.2937 75.7692 12
    endloop
  endfacet
  facet normal 0 0 1
    outer loop
      vertex -11.3697 76.215 12
      vertex -10.5174 77.3257 12
      vertex -10.601 77.399 12
    endloop
  endfacet
  facet normal 0 0 1
    outer loop
      vertex -11.591 76.409 12
      vertex -10.601 77.399 12
      vertex -10.6743 77.4826 12
    endloop
  endfacet
  facet normal 0 0 1
    outer loop
      vertex -11.785 76.6303 12
      vertex -10.6743 77.4826 12
      vertex -10.7361 77.575 12
    endloop
  endfacet
  facet normal 0 0 1
    outer loop
      vertex -11.9486 76.875 12
      vertex -10.7361 77.575 12
      vertex -10.7853 77.6747 12
    endloop
  endfacet
  facet normal 0 0 1
    outer loop
      vertex -12.0787 77.139 12
      vertex -10.7853 77.6747 12
      vertex -10.821 77.78 12
    endloop
  endfacet
  facet normal 0 0 1
    outer loop
      vertex -12.1733 77.4177 12
      vertex -10.821 77.78 12
      vertex -10.8427 77.8891 12
    endloop
  endfacet
  facet normal 0 0 1
    outer loop
      vertex -10.3253 77.2147 12
      vertex -10.861 75.9213 12
      vertex -10.5823 75.8267 12
    endloop
  endfacet
  facet normal 0 0 1
    outer loop
      vertex -12.2308 77.7063 12
      vertex -10.8427 77.8891 12
      vertex -10.85 78 12
    endloop
  endfacet
  facet normal -0 0 1
    outer loop
      vertex -11.9486 79.125 12
      vertex -10.7361 78.425 12
      vertex -11.785 79.3697 12
    endloop
  endfacet
  facet normal 0 0 1
    outer loop
      vertex -10.7361 78.425 12
      vertex -11.9486 79.125 12
      vertex -10.7853 78.3253 12
    endloop
  endfacet
  facet normal 0 0 1
    outer loop
      vertex -10.425 77.2639 12
      vertex -11.125 76.0514 12
      vertex -10.861 75.9213 12
    endloop
  endfacet
  facet normal -0 0 1
    outer loop
      vertex -12.0787 78.861 12
      vertex -10.7853 78.3253 12
      vertex -11.9486 79.125 12
    endloop
  endfacet
  facet normal 0 0 1
    outer loop
      vertex -10.5174 77.3257 12
      vertex -11.3697 76.215 12
      vertex -11.125 76.0514 12
    endloop
  endfacet
  facet normal 0 0 1
    outer loop
      vertex -10.7853 78.3253 12
      vertex -12.0787 78.861 12
      vertex -10.821 78.22 12
    endloop
  endfacet
  facet normal 0 0 1
    outer loop
      vertex -10.601 77.399 12
      vertex -11.591 76.409 12
      vertex -11.3697 76.215 12
    endloop
  endfacet
  facet normal -0 0 1
    outer loop
      vertex -12.1733 78.5823 12
      vertex -10.821 78.22 12
      vertex -12.0787 78.861 12
    endloop
  endfacet
  facet normal 0 0 1
    outer loop
      vertex -10.6743 77.4826 12
      vertex -11.785 76.6303 12
      vertex -11.591 76.409 12
    endloop
  endfacet
  facet normal 0 0 1
    outer loop
      vertex -10.821 78.22 12
      vertex -12.1733 78.5823 12
      vertex -10.8427 78.1109 12
    endloop
  endfacet
  facet normal 0 0 1
    outer loop
      vertex -10.7361 77.575 12
      vertex -11.9486 76.875 12
      vertex -11.785 76.6303 12
    endloop
  endfacet
  facet normal -0 0 1
    outer loop
      vertex -12.2308 78.2937 12
      vertex -10.8427 78.1109 12
      vertex -12.1733 78.5823 12
    endloop
  endfacet
  facet normal 0 0 1
    outer loop
      vertex -10.7853 77.6747 12
      vertex -12.0787 77.139 12
      vertex -11.9486 76.875 12
    endloop
  endfacet
  facet normal 0 0 1
    outer loop
      vertex -10.8427 78.1109 12
      vertex -12.2308 78.2937 12
      vertex -10.85 78 12
    endloop
  endfacet
  facet normal 0 0 1
    outer loop
      vertex -10.821 77.78 12
      vertex -12.1733 77.4177 12
      vertex -12.0787 77.139 12
    endloop
  endfacet
  facet normal 0 0 1
    outer loop
      vertex -12.25 78 12
      vertex -10.85 78 12
      vertex -12.2308 78.2937 12
    endloop
  endfacet
  facet normal 0 0 1
    outer loop
      vertex -10.8427 77.8891 12
      vertex -12.2308 77.7063 12
      vertex -12.1733 77.4177 12
    endloop
  endfacet
  facet normal 0 0 1
    outer loop
      vertex -10.85 78 12
      vertex -12.25 78 12
      vertex -12.2308 77.7063 12
    endloop
  endfacet
  facet normal 0 0 -1
    outer loop
      vertex -9.15 78 12
      vertex -7.75 78 12
      vertex -7.76925 77.7063 12
    endloop
  endfacet
  facet normal 0 0 -1
    outer loop
      vertex -9.15727 77.8891 12
      vertex -7.76925 77.7063 12
      vertex -7.82667 77.4177 12
    endloop
  endfacet
  facet normal 0 0 -1
    outer loop
      vertex -7.75 78 12
      vertex -9.15 78 12
      vertex -7.76925 78.2937 12
    endloop
  endfacet
  facet normal 0 0 -1
    outer loop
      vertex -9.17896 77.78 12
      vertex -7.82667 77.4177 12
      vertex -7.92127 77.139 12
    endloop
  endfacet
  facet normal 0 0 -1
    outer loop
      vertex -9.15727 78.1109 12
      vertex -7.76925 78.2937 12
      vertex -9.15 78 12
    endloop
  endfacet
  facet normal 0 0 -1
    outer loop
      vertex -9.2147 77.6747 12
      vertex -7.92127 77.139 12
      vertex -8.05144 76.875 12
    endloop
  endfacet
  facet normal -0 0 -1
    outer loop
      vertex -7.76925 78.2937 12
      vertex -9.15727 78.1109 12
      vertex -7.82667 78.5823 12
    endloop
  endfacet
  facet normal 0 0 -1
    outer loop
      vertex -9.26388 77.575 12
      vertex -8.05144 76.875 12
      vertex -8.21495 76.6303 12
    endloop
  endfacet
  facet normal 0 0 -1
    outer loop
      vertex -9.17896 78.22 12
      vertex -7.82667 78.5823 12
      vertex -9.15727 78.1109 12
    endloop
  endfacet
  facet normal 0 0 -1
    outer loop
      vertex -9.32565 77.4826 12
      vertex -8.21495 76.6303 12
      vertex -8.40901 76.409 12
    endloop
  endfacet
  facet normal -0 0 -1
    outer loop
      vertex -7.82667 78.5823 12
      vertex -9.17896 78.22 12
      vertex -7.92127 78.861 12
    endloop
  endfacet
  facet normal 0 0 -1
    outer loop
      vertex -9.39896 77.399 12
      vertex -8.40901 76.409 12
      vertex -8.63029 76.215 12
    endloop
  endfacet
  facet normal 0 0 -1
    outer loop
      vertex -9.2147 78.3253 12
      vertex -7.92127 78.861 12
      vertex -9.17896 78.22 12
    endloop
  endfacet
  facet normal 0 0 -1
    outer loop
      vertex -9.48255 77.3257 12
      vertex -8.63029 76.215 12
      vertex -8.875 76.0514 12
    endloop
  endfacet
  facet normal -0 0 -1
    outer loop
      vertex -7.92127 78.861 12
      vertex -9.2147 78.3253 12
      vertex -8.05144 79.125 12
    endloop
  endfacet
  facet normal 0 0 -1
    outer loop
      vertex -9.575 77.2639 12
      vertex -8.875 76.0514 12
      vertex -9.13896 75.9213 12
    endloop
  endfacet
  facet normal 0 0 -1
    outer loop
      vertex -9.26388 78.425 12
      vertex -8.05144 79.125 12
      vertex -9.2147 78.3253 12
    endloop
  endfacet
  facet normal -0 0 -1
    outer loop
      vertex -8.05144 79.125 12
      vertex -9.26388 78.425 12
      vertex -8.21495 79.3697 12
    endloop
  endfacet
  facet normal 0 0 -1
    outer loop
      vertex -7.76925 77.7063 12
      vertex -9.15727 77.8891 12
      vertex -9.15 78 12
    endloop
  endfacet
  facet normal 0 0 -1
    outer loop
      vertex -7.82667 77.4177 12
      vertex -9.17896 77.78 12
      vertex -9.15727 77.8891 12
    endloop
  endfacet
  facet normal 0 0 -1
    outer loop
      vertex -7.92127 77.139 12
      vertex -9.2147 77.6747 12
      vertex -9.17896 77.78 12
    endloop
  endfacet
  facet normal 0 0 -1
    outer loop
      vertex -8.05144 76.875 12
      vertex -9.26388 77.575 12
      vertex -9.2147 77.6747 12
    endloop
  endfacet
  facet normal 0 0 -1
    outer loop
      vertex -8.21495 76.6303 12
      vertex -9.32565 77.4826 12
      vertex -9.26388 77.575 12
    endloop
  endfacet
  facet normal 0 0 -1
    outer loop
      vertex -8.40901 76.409 12
      vertex -9.39896 77.399 12
      vertex -9.32565 77.4826 12
    endloop
  endfacet
  facet normal 0 0 -1
    outer loop
      vertex -9.67472 77.2147 12
      vertex -9.13896 75.9213 12
      vertex -9.41766 75.8267 12
    endloop
  endfacet
  facet normal 0 0 -1
    outer loop
      vertex -8.63029 76.215 12
      vertex -9.48255 77.3257 12
      vertex -9.39896 77.399 12
    endloop
  endfacet
  facet normal 0 0 -1
    outer loop
      vertex -8.875 76.0514 12
      vertex -9.575 77.2639 12
      vertex -9.48255 77.3257 12
    endloop
  endfacet
  facet normal 0 0 -1
    outer loop
      vertex -9.13896 75.9213 12
      vertex -9.67472 77.2147 12
      vertex -9.575 77.2639 12
    endloop
  endfacet
  facet normal 0 0 -1
    outer loop
      vertex -9.78 77.179 12
      vertex -9.41766 75.8267 12
      vertex -9.70632 75.7692 12
    endloop
  endfacet
  facet normal 0 0 -1
    outer loop
      vertex -9.41766 75.8267 12
      vertex -9.78 77.179 12
      vertex -9.67472 77.2147 12
    endloop
  endfacet
  facet normal 0 0 -1
    outer loop
      vertex -9.70632 75.7692 12
      vertex -9.88905 77.1573 12
      vertex -9.78 77.179 12
    endloop
  endfacet
  facet normal 0 0 -1
    outer loop
      vertex -10 75.75 12
      vertex -9.88905 77.1573 12
      vertex -9.70632 75.7692 12
    endloop
  endfacet
  facet normal 0 0 -1
    outer loop
      vertex -10 75.75 12
      vertex -10 77.15 12
      vertex -9.88905 77.1573 12
    endloop
  endfacet
  facet normal 0 0 -1
    outer loop
      vertex -10 75.75 12
      vertex -10.1109 77.1573 12
      vertex -10 77.15 12
    endloop
  endfacet
  facet normal 0 0 -1
    outer loop
      vertex -10.2937 75.7692 12
      vertex -10.1109 77.1573 12
      vertex -10 75.75 12
    endloop
  endfacet
  facet normal -0 0 -1
    outer loop
      vertex -10.1109 77.1573 12
      vertex -10.2937 75.7692 12
      vertex -10.22 77.179 12
    endloop
  endfacet
  facet normal 0 0 -1
    outer loop
      vertex -10.5823 75.8267 12
      vertex -10.22 77.179 12
      vertex -10.2937 75.7692 12
    endloop
  endfacet
  facet normal -0 0 -1
    outer loop
      vertex -10.22 77.179 12
      vertex -10.5823 75.8267 12
      vertex -10.3253 77.2147 12
    endloop
  endfacet
  facet normal 0 0 -1
    outer loop
      vertex -10.861 75.9213 12
      vertex -10.3253 77.2147 12
      vertex -10.5823 75.8267 12
    endloop
  endfacet
  facet normal -0 0 -1
    outer loop
      vertex -10.3253 77.2147 12
      vertex -10.861 75.9213 12
      vertex -10.425 77.2639 12
    endloop
  endfacet
  facet normal 0 0 -1
    outer loop
      vertex -11.125 76.0514 12
      vertex -10.425 77.2639 12
      vertex -10.861 75.9213 12
    endloop
  endfacet
  facet normal -0 0 -1
    outer loop
      vertex -10.425 77.2639 12
      vertex -11.125 76.0514 12
      vertex -10.5174 77.3257 12
    endloop
  endfacet
  facet normal 0 0 -1
    outer loop
      vertex -11.3697 76.215 12
      vertex -10.5174 77.3257 12
      vertex -11.125 76.0514 12
    endloop
  endfacet
  facet normal -0 0 -1
    outer loop
      vertex -10.5174 77.3257 12
      vertex -11.3697 76.215 12
      vertex -10.601 77.399 12
    endloop
  endfacet
  facet normal 0 0 -1
    outer loop
      vertex -11.591 76.409 12
      vertex -10.601 77.399 12
      vertex -11.3697 76.215 12
    endloop
  endfacet
  facet normal -0 0 -1
    outer loop
      vertex -10.601 77.399 12
      vertex -11.591 76.409 12
      vertex -10.6743 77.4826 12
    endloop
  endfacet
  facet normal -0 0 -1
    outer loop
      vertex -10.6743 77.4826 12
      vertex -11.785 76.6303 12
      vertex -10.7361 77.575 12
    endloop
  endfacet
  facet normal 0 0 -1
    outer loop
      vertex -11.785 76.6303 12
      vertex -10.6743 77.4826 12
      vertex -11.591 76.409 12
    endloop
  endfacet
  facet normal 0 0 -1
    outer loop
      vertex -9.32565 78.5174 12
      vertex -8.21495 79.3697 12
      vertex -9.26388 78.425 12
    endloop
  endfacet
  facet normal -0 0 -1
    outer loop
      vertex -8.21495 79.3697 12
      vertex -9.32565 78.5174 12
      vertex -8.40901 79.591 12
    endloop
  endfacet
  facet normal 0 0 -1
    outer loop
      vertex -9.39896 78.601 12
      vertex -8.40901 79.591 12
      vertex -9.32565 78.5174 12
    endloop
  endfacet
  facet normal -0 0 -1
    outer loop
      vertex -8.40901 79.591 12
      vertex -9.39896 78.601 12
      vertex -8.63029 79.785 12
    endloop
  endfacet
  facet normal 0 0 -1
    outer loop
      vertex -9.48255 78.6743 12
      vertex -8.63029 79.785 12
      vertex -9.39896 78.601 12
    endloop
  endfacet
  facet normal -0 0 -1
    outer loop
      vertex -8.63029 79.785 12
      vertex -9.48255 78.6743 12
      vertex -8.875 79.9486 12
    endloop
  endfacet
  facet normal 0 0 -1
    outer loop
      vertex -9.575 78.7361 12
      vertex -8.875 79.9486 12
      vertex -9.48255 78.6743 12
    endloop
  endfacet
  facet normal -0 0 -1
    outer loop
      vertex -8.875 79.9486 12
      vertex -9.575 78.7361 12
      vertex -9.13896 80.0787 12
    endloop
  endfacet
  facet normal 0 0 -1
    outer loop
      vertex -9.67472 78.7853 12
      vertex -9.13896 80.0787 12
      vertex -9.575 78.7361 12
    endloop
  endfacet
  facet normal -0 0 -1
    outer loop
      vertex -9.13896 80.0787 12
      vertex -9.67472 78.7853 12
      vertex -9.41766 80.1733 12
    endloop
  endfacet
  facet normal 0 0 -1
    outer loop
      vertex -9.78 78.821 12
      vertex -9.41766 80.1733 12
      vertex -9.67472 78.7853 12
    endloop
  endfacet
  facet normal -0 0 -1
    outer loop
      vertex -9.41766 80.1733 12
      vertex -9.78 78.821 12
      vertex -9.70632 80.2308 12
    endloop
  endfacet
  facet normal 0 0 -1
    outer loop
      vertex -9.88905 78.8427 12
      vertex -9.70632 80.2308 12
      vertex -9.78 78.821 12
    endloop
  endfacet
  facet normal 0 0 -1
    outer loop
      vertex -10 78.85 12
      vertex -9.70632 80.2308 12
      vertex -9.88905 78.8427 12
    endloop
  endfacet
  facet normal 0 0 -1
    outer loop
      vertex -10 78.85 12
      vertex -10 80.25 12
      vertex -9.70632 80.2308 12
    endloop
  endfacet
  facet normal 0 0 -1
    outer loop
      vertex -10.1109 78.8427 12
      vertex -10 80.25 12
      vertex -10 78.85 12
    endloop
  endfacet
  facet normal 0 0 -1
    outer loop
      vertex -10.2937 80.2308 12
      vertex -10.1109 78.8427 12
      vertex -10.22 78.821 12
    endloop
  endfacet
  facet normal 0 0 -1
    outer loop
      vertex -10.1109 78.8427 12
      vertex -10.2937 80.2308 12
      vertex -10 80.25 12
    endloop
  endfacet
  facet normal 0 0 -1
    outer loop
      vertex -10.5823 80.1733 12
      vertex -10.22 78.821 12
      vertex -10.3253 78.7853 12
    endloop
  endfacet
  facet normal 0 0 -1
    outer loop
      vertex -10.861 80.0787 12
      vertex -10.3253 78.7853 12
      vertex -10.425 78.7361 12
    endloop
  endfacet
  facet normal 0 0 -1
    outer loop
      vertex -11.125 79.9486 12
      vertex -10.425 78.7361 12
      vertex -10.5174 78.6743 12
    endloop
  endfacet
  facet normal 0 0 -1
    outer loop
      vertex -10.22 78.821 12
      vertex -10.5823 80.1733 12
      vertex -10.2937 80.2308 12
    endloop
  endfacet
  facet normal 0 0 -1
    outer loop
      vertex -11.3697 79.785 12
      vertex -10.5174 78.6743 12
      vertex -10.601 78.601 12
    endloop
  endfacet
  facet normal 0 0 -1
    outer loop
      vertex -11.591 79.591 12
      vertex -10.601 78.601 12
      vertex -10.6743 78.5174 12
    endloop
  endfacet
  facet normal 0 0 -1
    outer loop
      vertex -11.785 79.3697 12
      vertex -10.6743 78.5174 12
      vertex -10.7361 78.425 12
    endloop
  endfacet
  facet normal 0 0 -1
    outer loop
      vertex -11.9486 79.125 12
      vertex -10.7361 78.425 12
      vertex -10.7853 78.3253 12
    endloop
  endfacet
  facet normal 0 0 -1
    outer loop
      vertex -12.0787 78.861 12
      vertex -10.7853 78.3253 12
      vertex -10.821 78.22 12
    endloop
  endfacet
  facet normal 0 0 -1
    outer loop
      vertex -12.1733 78.5823 12
      vertex -10.821 78.22 12
      vertex -10.8427 78.1109 12
    endloop
  endfacet
  facet normal 0 0 -1
    outer loop
      vertex -10.3253 78.7853 12
      vertex -10.861 80.0787 12
      vertex -10.5823 80.1733 12
    endloop
  endfacet
  facet normal 0 0 -1
    outer loop
      vertex -12.2308 78.2937 12
      vertex -10.8427 78.1109 12
      vertex -10.85 78 12
    endloop
  endfacet
  facet normal 0 0 -1
    outer loop
      vertex -11.9486 76.875 12
      vertex -10.7361 77.575 12
      vertex -11.785 76.6303 12
    endloop
  endfacet
  facet normal -0 0 -1
    outer loop
      vertex -10.7361 77.575 12
      vertex -11.9486 76.875 12
      vertex -10.7853 77.6747 12
    endloop
  endfacet
  facet normal 0 0 -1
    outer loop
      vertex -10.425 78.7361 12
      vertex -11.125 79.9486 12
      vertex -10.861 80.0787 12
    endloop
  endfacet
  facet normal 0 0 -1
    outer loop
      vertex -12.0787 77.139 12
      vertex -10.7853 77.6747 12
      vertex -11.9486 76.875 12
    endloop
  endfacet
  facet normal 0 0 -1
    outer loop
      vertex -10.5174 78.6743 12
      vertex -11.3697 79.785 12
      vertex -11.125 79.9486 12
    endloop
  endfacet
  facet normal -0 0 -1
    outer loop
      vertex -10.7853 77.6747 12
      vertex -12.0787 77.139 12
      vertex -10.821 77.78 12
    endloop
  endfacet
  facet normal 0 0 -1
    outer loop
      vertex -10.601 78.601 12
      vertex -11.591 79.591 12
      vertex -11.3697 79.785 12
    endloop
  endfacet
  facet normal 0 0 -1
    outer loop
      vertex -12.1733 77.4177 12
      vertex -10.821 77.78 12
      vertex -12.0787 77.139 12
    endloop
  endfacet
  facet normal 0 0 -1
    outer loop
      vertex -10.6743 78.5174 12
      vertex -11.785 79.3697 12
      vertex -11.591 79.591 12
    endloop
  endfacet
  facet normal -0 0 -1
    outer loop
      vertex -10.821 77.78 12
      vertex -12.1733 77.4177 12
      vertex -10.8427 77.8891 12
    endloop
  endfacet
  facet normal 0 0 -1
    outer loop
      vertex -10.7361 78.425 12
      vertex -11.9486 79.125 12
      vertex -11.785 79.3697 12
    endloop
  endfacet
  facet normal 0 0 -1
    outer loop
      vertex -12.2308 77.7063 12
      vertex -10.8427 77.8891 12
      vertex -12.1733 77.4177 12
    endloop
  endfacet
  facet normal 0 0 -1
    outer loop
      vertex -10.7853 78.3253 12
      vertex -12.0787 78.861 12
      vertex -11.9486 79.125 12
    endloop
  endfacet
  facet normal -0 0 -1
    outer loop
      vertex -10.8427 77.8891 12
      vertex -12.2308 77.7063 12
      vertex -10.85 78 12
    endloop
  endfacet
  facet normal 0 0 -1
    outer loop
      vertex -10.821 78.22 12
      vertex -12.1733 78.5823 12
      vertex -12.0787 78.861 12
    endloop
  endfacet
  facet normal 0 0 -1
    outer loop
      vertex -12.25 78 12
      vertex -10.85 78 12
      vertex -12.2308 77.7063 12
    endloop
  endfacet
  facet normal 0 0 -1
    outer loop
      vertex -10.8427 78.1109 12
      vertex -12.2308 78.2937 12
      vertex -12.1733 78.5823 12
    endloop
  endfacet
  facet normal 0 0 -1
    outer loop
      vertex -10.85 78 12
      vertex -12.25 78 12
      vertex -12.2308 78.2937 12
    endloop
  endfacet
  facet normal 0 0 -1
    outer loop
      vertex -16.5644 83.8753 12
      vertex -19 84 12
      vertex -16.4551 84 12
    endloop
  endfacet
  facet normal 0 0 -1
    outer loop
      vertex -17.0739 83.2943 12
      vertex -19 84 12
      vertex -16.5644 83.8753 12
    endloop
  endfacet
  facet normal 0 0 -1
    outer loop
      vertex -17.6675 82.406 12
      vertex -19 84 12
      vertex -17.0739 83.2943 12
    endloop
  endfacet
  facet normal 0 0 -1
    outer loop
      vertex -18.0968 81.7635 12
      vertex -19 84 12
      vertex -17.6675 82.406 12
    endloop
  endfacet
  facet normal 0 0 -1
    outer loop
      vertex -18.4386 81.0704 12
      vertex -19 84 12
      vertex -18.0968 81.7635 12
    endloop
  endfacet
  facet normal 0 0 -1
    outer loop
      vertex -18.9111 80.1123 12
      vertex -19 84 12
      vertex -18.4386 81.0704 12
    endloop
  endfacet
  facet normal 0 0 -1
    outer loop
      vertex -19 84 12
      vertex -18.9111 80.1123 12
      vertex -19 79.8504 12
    endloop
  endfacet
  facet normal -1.82497e-05 -0.819153 0.573575
    outer loop
      vertex -13.5821 7.97357 7.10078
      vertex -13.7854 8.83393 8.3295
      vertex -13.8329 8.69688 8.13377
    endloop
  endfacet
  facet normal 0 -0.819152 0.573576
    outer loop
      vertex -13.7854 8.83393 8.3295
      vertex -11.85 7.39999 6.28162
      vertex -9.91464 8.83393 8.3295
    endloop
  endfacet
  facet normal 8.4013e-05 -0.819141 0.573592
    outer loop
      vertex -13.5821 7.97357 7.10078
      vertex -13.8329 8.69688 8.13377
      vertex -13.85 8.54714 7.91993
    endloop
  endfacet
  facet normal -2.28135e-05 -0.819142 0.573591
    outer loop
      vertex -11.5889 7.4098 6.29564
      vertex -9.91464 8.83393 8.3295
      vertex -11.85 7.39999 6.28162
    endloop
  endfacet
  facet normal -1.66423e-05 -0.819157 0.573569
    outer loop
      vertex -13.5821 7.97357 7.10078
      vertex -13.85 8.54714 7.91993
      vertex -13.8329 8.39741 7.70609
    endloop
  endfacet
  facet normal 2.28135e-05 -0.819142 0.573591
    outer loop
      vertex -13.7854 8.83393 8.3295
      vertex -12.1111 7.4098 6.29564
      vertex -11.85 7.39999 6.28162
    endloop
  endfacet
  facet normal -0.000129633 -0.819179 0.573538
    outer loop
      vertex -13.5821 7.97357 7.10078
      vertex -13.8329 8.39741 7.70609
      vertex -13.7819 8.25024 7.4959
    endloop
  endfacet
  facet normal 1.54978e-05 -0.819157 0.573569
    outer loop
      vertex -11.3324 7.43908 6.33745
      vertex -9.91464 8.83393 8.3295
      vertex -11.5889 7.4098 6.29564
    endloop
  endfacet
  facet normal 8.11309e-05 -0.819129 0.57361
    outer loop
      vertex -13.5821 7.97357 7.10078
      vertex -13.7819 8.25024 7.4959
      vertex -13.6978 8.10815 7.29298
    endloop
  endfacet
  facet normal -1.44085e-06 -0.819151 0.573578
    outer loop
      vertex -11.0846 7.48731 6.40633
      vertex -9.91464 8.83393 8.3295
      vertex -11.3324 7.43908 6.33745
    endloop
  endfacet
  facet normal 8.85695e-07 -0.819152 0.573577
    outer loop
      vertex -13.7854 8.83393 8.3295
      vertex -13.5821 7.97357 7.10078
      vertex -13.4367 7.8488 6.92259
    endloop
  endfacet
  facet normal -1.27994e-05 -0.819148 0.573582
    outer loop
      vertex -10.85 7.55368 6.50112
      vertex -9.91464 8.83393 8.3295
      vertex -11.0846 7.48731 6.40633
    endloop
  endfacet
  facet normal -1.51112e-05 -0.819154 0.573574
    outer loop
      vertex -13.7854 8.83393 8.3295
      vertex -13.4367 7.8488 6.92259
      vertex -13.2642 7.73598 6.76147
    endloop
  endfacet
  facet normal 5.22941e-05 -0.819164 0.57356
    outer loop
      vertex -10.6325 7.63705 6.62017
      vertex -9.91464 8.83393 8.3295
      vertex -10.85 7.55368 6.50112
    endloop
  endfacet
  facet normal 5.27768e-05 -0.819143 0.573589
    outer loop
      vertex -13.7854 8.83393 8.3295
      vertex -13.2642 7.73598 6.76147
      vertex -13.0675 7.63705 6.62017
    endloop
  endfacet
  facet normal -1.54978e-05 -0.819157 0.573569
    outer loop
      vertex -13.7854 8.83393 8.3295
      vertex -12.3676 7.43908 6.33745
      vertex -12.1111 7.4098 6.29564
    endloop
  endfacet
  facet normal -5.2295e-05 -0.819164 0.57356
    outer loop
      vertex -13.7854 8.83393 8.3295
      vertex -13.0675 7.63705 6.62017
      vertex -12.85 7.55368 6.50112
    endloop
  endfacet
  facet normal 1.27996e-05 -0.819148 0.573582
    outer loop
      vertex -13.7854 8.83393 8.3295
      vertex -12.85 7.55368 6.50112
      vertex -12.6154 7.48731 6.40633
    endloop
  endfacet
  facet normal 1.44086e-06 -0.819151 0.573578
    outer loop
      vertex -13.7854 8.83393 8.3295
      vertex -12.6154 7.48731 6.40633
      vertex -12.3676 7.43908 6.33745
    endloop
  endfacet
  facet normal 1.66455e-05 -0.819157 0.573569
    outer loop
      vertex -9.85 8.54714 7.91993
      vertex -10.1179 7.97357 7.10078
      vertex -9.86711 8.39741 7.70609
    endloop
  endfacet
  facet normal 1.51107e-05 -0.819154 0.573574
    outer loop
      vertex -10.2633 7.8488 6.92259
      vertex -9.91464 8.83393 8.3295
      vertex -10.4358 7.73598 6.76147
    endloop
  endfacet
  facet normal 0.00012979 -0.819179 0.573538
    outer loop
      vertex -9.86711 8.39741 7.70609
      vertex -10.1179 7.97357 7.10078
      vertex -9.91815 8.25024 7.4959
    endloop
  endfacet
  facet normal -8.8565e-07 -0.819152 0.573577
    outer loop
      vertex -10.1179 7.97357 7.10078
      vertex -9.91464 8.83393 8.3295
      vertex -10.2633 7.8488 6.92259
    endloop
  endfacet
  facet normal -8.10244e-05 -0.819129 0.573609
    outer loop
      vertex -9.91815 8.25024 7.4959
      vertex -10.1179 7.97357 7.10078
      vertex -10.0022 8.10815 7.29298
    endloop
  endfacet
  facet normal -8.40034e-05 -0.819141 0.573592
    outer loop
      vertex -9.86711 8.69688 8.13377
      vertex -10.1179 7.97357 7.10078
      vertex -9.85 8.54714 7.91993
    endloop
  endfacet
  facet normal 1.82444e-05 -0.819153 0.573575
    outer loop
      vertex -9.91464 8.83393 8.3295
      vertex -10.1179 7.97357 7.10078
      vertex -9.86711 8.69688 8.13377
    endloop
  endfacet
  facet normal -5.27756e-05 -0.819143 0.573589
    outer loop
      vertex -10.4358 7.73598 6.76147
      vertex -9.91464 8.83393 8.3295
      vertex -10.6325 7.63705 6.62017
    endloop
  endfacet
  facet normal -1.82444e-05 -0.819153 0.573575
    outer loop
      vertex 10.1179 7.97357 7.10078
      vertex 9.91464 8.83393 8.3295
      vertex 9.86711 8.69688 8.13377
    endloop
  endfacet
  facet normal 0 -0.819152 0.573576
    outer loop
      vertex 9.91464 8.83393 8.3295
      vertex 11.85 7.39999 6.28162
      vertex 13.7854 8.83393 8.3295
    endloop
  endfacet
  facet normal 8.40034e-05 -0.819141 0.573592
    outer loop
      vertex 10.1179 7.97357 7.10078
      vertex 9.86711 8.69688 8.13377
      vertex 9.85 8.54714 7.91993
    endloop
  endfacet
  facet normal -2.28135e-05 -0.819142 0.573591
    outer loop
      vertex 12.1111 7.4098 6.29564
      vertex 13.7854 8.83393 8.3295
      vertex 11.85 7.39999 6.28162
    endloop
  endfacet
  facet normal -1.66455e-05 -0.819157 0.573569
    outer loop
      vertex 10.1179 7.97357 7.10078
      vertex 9.85 8.54714 7.91993
      vertex 9.86711 8.39741 7.70609
    endloop
  endfacet
  facet normal 2.28135e-05 -0.819142 0.573591
    outer loop
      vertex 9.91464 8.83393 8.3295
      vertex 11.5889 7.4098 6.29564
      vertex 11.85 7.39999 6.28162
    endloop
  endfacet
  facet normal -0.00012979 -0.819179 0.573538
    outer loop
      vertex 10.1179 7.97357 7.10078
      vertex 9.86711 8.39741 7.70609
      vertex 9.91815 8.25024 7.4959
    endloop
  endfacet
  facet normal 1.54978e-05 -0.819157 0.573569
    outer loop
      vertex 12.3676 7.43908 6.33745
      vertex 13.7854 8.83393 8.3295
      vertex 12.1111 7.4098 6.29564
    endloop
  endfacet
  facet normal 8.10244e-05 -0.819129 0.573609
    outer loop
      vertex 10.1179 7.97357 7.10078
      vertex 9.91815 8.25024 7.4959
      vertex 10.0022 8.10815 7.29298
    endloop
  endfacet
  facet normal -1.44086e-06 -0.819151 0.573578
    outer loop
      vertex 12.6154 7.48731 6.40633
      vertex 13.7854 8.83393 8.3295
      vertex 12.3676 7.43908 6.33745
    endloop
  endfacet
  facet normal 8.8565e-07 -0.819152 0.573577
    outer loop
      vertex 9.91464 8.83393 8.3295
      vertex 10.1179 7.97357 7.10078
      vertex 10.2633 7.8488 6.92259
    endloop
  endfacet
  facet normal -1.27996e-05 -0.819148 0.573582
    outer loop
      vertex 12.85 7.55368 6.50112
      vertex 13.7854 8.83393 8.3295
      vertex 12.6154 7.48731 6.40633
    endloop
  endfacet
  facet normal -1.51107e-05 -0.819154 0.573574
    outer loop
      vertex 9.91464 8.83393 8.3295
      vertex 10.2633 7.8488 6.92259
      vertex 10.4358 7.73598 6.76147
    endloop
  endfacet
  facet normal 5.2295e-05 -0.819164 0.57356
    outer loop
      vertex 13.0675 7.63705 6.62017
      vertex 13.7854 8.83393 8.3295
      vertex 12.85 7.55368 6.50112
    endloop
  endfacet
  facet normal 5.27756e-05 -0.819143 0.573589
    outer loop
      vertex 9.91464 8.83393 8.3295
      vertex 10.4358 7.73598 6.76147
      vertex 10.6325 7.63705 6.62017
    endloop
  endfacet
  facet normal -1.54978e-05 -0.819157 0.573569
    outer loop
      vertex 9.91464 8.83393 8.3295
      vertex 11.3324 7.43908 6.33745
      vertex 11.5889 7.4098 6.29564
    endloop
  endfacet
  facet normal -5.22941e-05 -0.819164 0.57356
    outer loop
      vertex 9.91464 8.83393 8.3295
      vertex 10.6325 7.63705 6.62017
      vertex 10.85 7.55368 6.50112
    endloop
  endfacet
  facet normal 1.27994e-05 -0.819148 0.573582
    outer loop
      vertex 9.91464 8.83393 8.3295
      vertex 10.85 7.55368 6.50112
      vertex 11.0846 7.48731 6.40633
    endloop
  endfacet
  facet normal 1.44085e-06 -0.819151 0.573578
    outer loop
      vertex 9.91464 8.83393 8.3295
      vertex 11.0846 7.48731 6.40633
      vertex 11.3324 7.43908 6.33745
    endloop
  endfacet
  facet normal 1.66423e-05 -0.819157 0.573569
    outer loop
      vertex 13.85 8.54714 7.91993
      vertex 13.5821 7.97357 7.10078
      vertex 13.8329 8.39741 7.70609
    endloop
  endfacet
  facet normal 1.51112e-05 -0.819154 0.573574
    outer loop
      vertex 13.4367 7.8488 6.92259
      vertex 13.7854 8.83393 8.3295
      vertex 13.2642 7.73598 6.76147
    endloop
  endfacet
  facet normal 0.000129633 -0.819179 0.573538
    outer loop
      vertex 13.8329 8.39741 7.70609
      vertex 13.5821 7.97357 7.10078
      vertex 13.7819 8.25024 7.4959
    endloop
  endfacet
  facet normal -8.85695e-07 -0.819152 0.573577
    outer loop
      vertex 13.5821 7.97357 7.10078
      vertex 13.7854 8.83393 8.3295
      vertex 13.4367 7.8488 6.92259
    endloop
  endfacet
  facet normal -8.11309e-05 -0.819129 0.57361
    outer loop
      vertex 13.7819 8.25024 7.4959
      vertex 13.5821 7.97357 7.10078
      vertex 13.6978 8.10815 7.29298
    endloop
  endfacet
  facet normal -8.4013e-05 -0.819141 0.573592
    outer loop
      vertex 13.8329 8.69688 8.13377
      vertex 13.5821 7.97357 7.10078
      vertex 13.85 8.54714 7.91993
    endloop
  endfacet
  facet normal 1.82497e-05 -0.819153 0.573575
    outer loop
      vertex 13.7854 8.83393 8.3295
      vertex 13.5821 7.97357 7.10078
      vertex 13.8329 8.69688 8.13377
    endloop
  endfacet
  facet normal -5.27768e-05 -0.819143 0.573589
    outer loop
      vertex 13.2642 7.73598 6.76147
      vertex 13.7854 8.83393 8.3295
      vertex 13.0675 7.63705 6.62017
    endloop
  endfacet
  facet normal -9.1153e-06 -0.819152 0.573576
    outer loop
      vertex -11.85 27.5325 35.0339
      vertex -11.85 29.8268 38.3105
      vertex -12.1111 29.817 38.2965
    endloop
  endfacet
  facet normal -0.000123817 -0.819151 0.573577
    outer loop
      vertex -12.1111 27.5423 35.0479
      vertex -12.1111 29.817 38.2965
      vertex -12.3676 29.7877 38.2546
    endloop
  endfacet
  facet normal 9.1153e-06 -0.819152 0.573576
    outer loop
      vertex -11.85 29.8268 38.3105
      vertex -11.85 27.5325 35.0339
      vertex -11.5889 29.817 38.2965
    endloop
  endfacet
  facet normal 8.40811e-05 -0.81915 0.573579
    outer loop
      vertex -12.3676 27.5716 35.0897
      vertex -12.3676 29.7877 38.2546
      vertex -12.6154 29.7395 38.1858
    endloop
  endfacet
  facet normal -9.19386e-06 -0.819151 0.573577
    outer loop
      vertex -11.5889 27.5423 35.0479
      vertex -11.5889 29.817 38.2965
      vertex -11.85 27.5325 35.0339
    endloop
  endfacet
  facet normal 6.7499e-05 -0.819148 0.573582
    outer loop
      vertex -12.6154 27.6198 35.1586
      vertex -12.6154 29.7395 38.1858
      vertex -12.85 29.6731 38.091
    endloop
  endfacet
  facet normal 0.000123817 -0.819151 0.573577
    outer loop
      vertex -11.5889 29.817 38.2965
      vertex -11.5889 27.5423 35.0479
      vertex -11.3324 29.7877 38.2546
    endloop
  endfacet
  facet normal -0.00035532 -0.819153 0.573575
    outer loop
      vertex -12.85 27.6862 35.2534
      vertex -12.85 29.6731 38.091
      vertex -13.0675 29.5898 37.9719
    endloop
  endfacet
  facet normal 9.94831e-05 -0.81915 0.573579
    outer loop
      vertex -11.3324 27.5716 35.0897
      vertex -11.3324 29.7877 38.2546
      vertex -11.5889 27.5423 35.0479
    endloop
  endfacet
  facet normal 0.000250301 -0.81915 0.573579
    outer loop
      vertex -13.0675 27.7696 35.3724
      vertex -13.0675 29.5898 37.9719
      vertex -13.2642 29.4908 37.8306
    endloop
  endfacet
  facet normal -8.40811e-05 -0.81915 0.573579
    outer loop
      vertex -11.3324 29.7877 38.2546
      vertex -11.3324 27.5716 35.0897
      vertex -11.0846 29.7395 38.1858
    endloop
  endfacet
  facet normal -1.2728e-05 -0.819154 0.573574
    outer loop
      vertex -13.2642 27.8685 35.5137
      vertex -13.2642 29.4908 37.8306
      vertex -13.4367 29.378 37.6695
    endloop
  endfacet
  facet normal -0.000148828 -0.819148 0.573582
    outer loop
      vertex -11.0846 27.6198 35.1586
      vertex -11.0846 29.7395 38.1858
      vertex -11.3324 27.5716 35.0897
    endloop
  endfacet
  facet normal -0.000431706 -0.819153 0.573575
    outer loop
      vertex -13.4367 27.9813 35.6748
      vertex -13.4367 29.378 37.6695
      vertex -13.5821 29.2533 37.4913
    endloop
  endfacet
  facet normal -6.7499e-05 -0.819148 0.573582
    outer loop
      vertex -11.0846 29.7395 38.1858
      vertex -11.0846 27.6198 35.1586
      vertex -10.85 29.6731 38.091
    endloop
  endfacet
  facet normal 0.000100863 -0.81914 0.573593
    outer loop
      vertex -13.5821 28.1061 35.853
      vertex -13.5821 29.2533 37.4913
      vertex -13.6978 29.1187 37.2991
    endloop
  endfacet
  facet normal 7.20096e-05 -0.819153 0.573575
    outer loop
      vertex -10.85 27.6862 35.2534
      vertex -10.85 29.6731 38.091
      vertex -11.0846 27.6198 35.1586
    endloop
  endfacet
  facet normal 0.000193475 -0.819137 0.573598
    outer loop
      vertex -13.5821 28.1061 35.853
      vertex -13.6978 29.1187 37.2991
      vertex -13.7819 28.9766 37.0962
    endloop
  endfacet
  facet normal 0.00035532 -0.819153 0.573575
    outer loop
      vertex -10.85 29.6731 38.091
      vertex -10.85 27.6862 35.2534
      vertex -10.6325 29.5898 37.9719
    endloop
  endfacet
  facet normal 0.000154966 -0.81914 0.573594
    outer loop
      vertex -13.5821 28.1061 35.853
      vertex -13.7819 28.9766 37.0962
      vertex -13.8329 28.8294 36.886
    endloop
  endfacet
  facet normal 0.000281796 -0.81915 0.573579
    outer loop
      vertex -10.6325 27.7696 35.3724
      vertex -10.6325 29.5898 37.9719
      vertex -10.85 27.6862 35.2534
    endloop
  endfacet
  facet normal -1.65474e-05 -0.819159 0.573566
    outer loop
      vertex -13.5821 28.1061 35.853
      vertex -13.8329 28.8294 36.886
      vertex -13.85 28.6797 36.6722
    endloop
  endfacet
  facet normal -0.000250301 -0.81915 0.573579
    outer loop
      vertex -10.6325 29.5898 37.9719
      vertex -10.6325 27.7696 35.3724
      vertex -10.4358 29.4908 37.8306
    endloop
  endfacet
  facet normal 0.000437398 -0.819089 0.573666
    outer loop
      vertex -13.5821 28.1061 35.853
      vertex -13.85 28.6797 36.6722
      vertex -13.8329 28.5299 36.4583
    endloop
  endfacet
  facet normal 9.19386e-06 -0.819151 0.573577
    outer loop
      vertex -12.1111 29.817 38.2965
      vertex -12.1111 27.5423 35.0479
      vertex -11.85 27.5325 35.0339
    endloop
  endfacet
  facet normal -0.00161776 -0.819488 0.573093
    outer loop
      vertex -13.5821 28.1061 35.853
      vertex -13.8329 28.5299 36.4583
      vertex -13.7819 28.3828 36.2481
    endloop
  endfacet
  facet normal -0.000161014 -0.819154 0.573574
    outer loop
      vertex -10.4358 27.8685 35.5137
      vertex -10.4358 29.4908 37.8306
      vertex -10.6325 27.7696 35.3724
    endloop
  endfacet
  facet normal 0.000143392 -0.819071 0.573692
    outer loop
      vertex -13.5821 28.1061 35.853
      vertex -13.7819 28.3828 36.2481
      vertex -13.6978 28.2407 36.0452
    endloop
  endfacet
  facet normal 1.2728e-05 -0.819154 0.573574
    outer loop
      vertex -10.4358 29.4908 37.8306
      vertex -10.4358 27.8685 35.5137
      vertex -10.2633 29.378 37.6695
    endloop
  endfacet
  facet normal -9.9036e-05 -0.81914 0.573593
    outer loop
      vertex -13.5821 29.2533 37.4913
      vertex -13.5821 28.1061 35.853
      vertex -13.4367 27.9813 35.6748
    endloop
  endfacet
  facet normal -1.47839e-05 -0.819153 0.573575
    outer loop
      vertex -10.2633 27.9813 35.6748
      vertex -10.2633 29.378 37.6695
      vertex -10.4358 27.8685 35.5137
    endloop
  endfacet
  facet normal 1.47839e-05 -0.819153 0.573575
    outer loop
      vertex -13.4367 29.378 37.6695
      vertex -13.4367 27.9813 35.6748
      vertex -13.2642 27.8685 35.5137
    endloop
  endfacet
  facet normal 0.000431706 -0.819153 0.573575
    outer loop
      vertex -10.2633 29.378 37.6695
      vertex -10.2633 27.9813 35.6748
      vertex -10.1179 29.2533 37.4913
    endloop
  endfacet
  facet normal 0.000161014 -0.819154 0.573574
    outer loop
      vertex -13.2642 29.4908 37.8306
      vertex -13.2642 27.8685 35.5137
      vertex -13.0675 27.7696 35.3724
    endloop
  endfacet
  facet normal -9.94831e-05 -0.81915 0.573579
    outer loop
      vertex -12.3676 29.7877 38.2546
      vertex -12.3676 27.5716 35.0897
      vertex -12.1111 27.5423 35.0479
    endloop
  endfacet
  facet normal -0.000281796 -0.81915 0.573579
    outer loop
      vertex -13.0675 29.5898 37.9719
      vertex -13.0675 27.7696 35.3724
      vertex -12.85 27.6862 35.2534
    endloop
  endfacet
  facet normal -7.20096e-05 -0.819153 0.573575
    outer loop
      vertex -12.85 29.6731 38.091
      vertex -12.85 27.6862 35.2534
      vertex -12.6154 27.6198 35.1586
    endloop
  endfacet
  facet normal 0.000148828 -0.819148 0.573582
    outer loop
      vertex -12.6154 29.7395 38.1858
      vertex -12.6154 27.6198 35.1586
      vertex -12.3676 27.5716 35.0897
    endloop
  endfacet
  facet normal -0.00043748 -0.819089 0.573666
    outer loop
      vertex -9.85 28.6797 36.6722
      vertex -10.1179 28.1061 35.853
      vertex -9.86711 28.5299 36.4583
    endloop
  endfacet
  facet normal -0.000100863 -0.81914 0.573593
    outer loop
      vertex -10.1179 29.2533 37.4913
      vertex -10.1179 28.1061 35.853
      vertex -10.0022 29.1187 37.2991
    endloop
  endfacet
  facet normal 0.00161971 -0.819489 0.573093
    outer loop
      vertex -9.86711 28.5299 36.4583
      vertex -10.1179 28.1061 35.853
      vertex -9.91815 28.3828 36.2481
    endloop
  endfacet
  facet normal -0.000193572 -0.819137 0.573598
    outer loop
      vertex -10.0022 29.1187 37.2991
      vertex -10.1179 28.1061 35.853
      vertex -9.91815 28.9766 37.0962
    endloop
  endfacet
  facet normal -0.000143204 -0.819071 0.573692
    outer loop
      vertex -9.91815 28.3828 36.2481
      vertex -10.1179 28.1061 35.853
      vertex -10.0022 28.2407 36.0452
    endloop
  endfacet
  facet normal 1.65455e-05 -0.819159 0.573566
    outer loop
      vertex -9.86711 28.8294 36.886
      vertex -10.1179 28.1061 35.853
      vertex -9.85 28.6797 36.6722
    endloop
  endfacet
  facet normal -0.000154909 -0.81914 0.573594
    outer loop
      vertex -9.91815 28.9766 37.0962
      vertex -10.1179 28.1061 35.853
      vertex -9.86711 28.8294 36.886
    endloop
  endfacet
  facet normal 9.9036e-05 -0.81914 0.573593
    outer loop
      vertex -10.1179 28.1061 35.853
      vertex -10.1179 29.2533 37.4913
      vertex -10.2633 27.9813 35.6748
    endloop
  endfacet
  facet normal -9.1153e-06 -0.819152 0.573576
    outer loop
      vertex 11.85 27.5325 35.0339
      vertex 11.85 29.8268 38.3105
      vertex 11.5889 29.817 38.2965
    endloop
  endfacet
  facet normal -0.000123817 -0.819151 0.573577
    outer loop
      vertex 11.5889 27.5423 35.0479
      vertex 11.5889 29.817 38.2965
      vertex 11.3324 29.7877 38.2546
    endloop
  endfacet
  facet normal 9.1153e-06 -0.819152 0.573576
    outer loop
      vertex 11.85 29.8268 38.3105
      vertex 11.85 27.5325 35.0339
      vertex 12.1111 29.817 38.2965
    endloop
  endfacet
  facet normal 8.40811e-05 -0.81915 0.573579
    outer loop
      vertex 11.3324 27.5716 35.0897
      vertex 11.3324 29.7877 38.2546
      vertex 11.0846 29.7395 38.1858
    endloop
  endfacet
  facet normal -9.19386e-06 -0.819151 0.573577
    outer loop
      vertex 12.1111 27.5423 35.0479
      vertex 12.1111 29.817 38.2965
      vertex 11.85 27.5325 35.0339
    endloop
  endfacet
  facet normal 6.7499e-05 -0.819148 0.573582
    outer loop
      vertex 11.0846 27.6198 35.1586
      vertex 11.0846 29.7395 38.1858
      vertex 10.85 29.6731 38.091
    endloop
  endfacet
  facet normal 0.000123817 -0.819151 0.573577
    outer loop
      vertex 12.1111 29.817 38.2965
      vertex 12.1111 27.5423 35.0479
      vertex 12.3676 29.7877 38.2546
    endloop
  endfacet
  facet normal -0.00035532 -0.819153 0.573575
    outer loop
      vertex 10.85 27.6862 35.2534
      vertex 10.85 29.6731 38.091
      vertex 10.6325 29.5898 37.9719
    endloop
  endfacet
  facet normal 9.94831e-05 -0.81915 0.573579
    outer loop
      vertex 12.3676 27.5716 35.0897
      vertex 12.3676 29.7877 38.2546
      vertex 12.1111 27.5423 35.0479
    endloop
  endfacet
  facet normal 0.000250301 -0.81915 0.573579
    outer loop
      vertex 10.6325 27.7696 35.3724
      vertex 10.6325 29.5898 37.9719
      vertex 10.4358 29.4908 37.8306
    endloop
  endfacet
  facet normal -8.40811e-05 -0.81915 0.573579
    outer loop
      vertex 12.3676 29.7877 38.2546
      vertex 12.3676 27.5716 35.0897
      vertex 12.6154 29.7395 38.1858
    endloop
  endfacet
  facet normal -1.2728e-05 -0.819154 0.573574
    outer loop
      vertex 10.4358 27.8685 35.5137
      vertex 10.4358 29.4908 37.8306
      vertex 10.2633 29.378 37.6695
    endloop
  endfacet
  facet normal -0.000148828 -0.819148 0.573582
    outer loop
      vertex 12.6154 27.6198 35.1586
      vertex 12.6154 29.7395 38.1858
      vertex 12.3676 27.5716 35.0897
    endloop
  endfacet
  facet normal -0.000431706 -0.819153 0.573575
    outer loop
      vertex 10.2633 27.9813 35.6748
      vertex 10.2633 29.378 37.6695
      vertex 10.1179 29.2533 37.4913
    endloop
  endfacet
  facet normal -6.7499e-05 -0.819148 0.573582
    outer loop
      vertex 12.6154 29.7395 38.1858
      vertex 12.6154 27.6198 35.1586
      vertex 12.85 29.6731 38.091
    endloop
  endfacet
  facet normal 0.000100863 -0.81914 0.573593
    outer loop
      vertex 10.1179 28.1061 35.853
      vertex 10.1179 29.2533 37.4913
      vertex 10.0022 29.1187 37.2991
    endloop
  endfacet
  facet normal 7.20096e-05 -0.819153 0.573575
    outer loop
      vertex 12.85 27.6862 35.2534
      vertex 12.85 29.6731 38.091
      vertex 12.6154 27.6198 35.1586
    endloop
  endfacet
  facet normal 0.000193572 -0.819137 0.573598
    outer loop
      vertex 10.1179 28.1061 35.853
      vertex 10.0022 29.1187 37.2991
      vertex 9.91815 28.9766 37.0962
    endloop
  endfacet
  facet normal 0.00035532 -0.819153 0.573575
    outer loop
      vertex 12.85 29.6731 38.091
      vertex 12.85 27.6862 35.2534
      vertex 13.0675 29.5898 37.9719
    endloop
  endfacet
  facet normal 0.000154909 -0.81914 0.573594
    outer loop
      vertex 10.1179 28.1061 35.853
      vertex 9.91815 28.9766 37.0962
      vertex 9.86711 28.8294 36.886
    endloop
  endfacet
  facet normal 0.000281796 -0.81915 0.573579
    outer loop
      vertex 13.0675 27.7696 35.3724
      vertex 13.0675 29.5898 37.9719
      vertex 12.85 27.6862 35.2534
    endloop
  endfacet
  facet normal -1.65455e-05 -0.819159 0.573566
    outer loop
      vertex 10.1179 28.1061 35.853
      vertex 9.86711 28.8294 36.886
      vertex 9.85 28.6797 36.6722
    endloop
  endfacet
  facet normal -0.000250301 -0.81915 0.573579
    outer loop
      vertex 13.0675 29.5898 37.9719
      vertex 13.0675 27.7696 35.3724
      vertex 13.2642 29.4908 37.8306
    endloop
  endfacet
  facet normal 0.00043748 -0.819089 0.573666
    outer loop
      vertex 10.1179 28.1061 35.853
      vertex 9.85 28.6797 36.6722
      vertex 9.86711 28.5299 36.4583
    endloop
  endfacet
  facet normal 9.19386e-06 -0.819151 0.573577
    outer loop
      vertex 11.5889 29.817 38.2965
      vertex 11.5889 27.5423 35.0479
      vertex 11.85 27.5325 35.0339
    endloop
  endfacet
  facet normal -0.00161971 -0.819489 0.573093
    outer loop
      vertex 10.1179 28.1061 35.853
      vertex 9.86711 28.5299 36.4583
      vertex 9.91815 28.3828 36.2481
    endloop
  endfacet
  facet normal -0.000161014 -0.819154 0.573574
    outer loop
      vertex 13.2642 27.8685 35.5137
      vertex 13.2642 29.4908 37.8306
      vertex 13.0675 27.7696 35.3724
    endloop
  endfacet
  facet normal 0.000143204 -0.819071 0.573692
    outer loop
      vertex 10.1179 28.1061 35.853
      vertex 9.91815 28.3828 36.2481
      vertex 10.0022 28.2407 36.0452
    endloop
  endfacet
  facet normal 1.2728e-05 -0.819154 0.573574
    outer loop
      vertex 13.2642 29.4908 37.8306
      vertex 13.2642 27.8685 35.5137
      vertex 13.4367 29.378 37.6695
    endloop
  endfacet
  facet normal -9.9036e-05 -0.81914 0.573593
    outer loop
      vertex 10.1179 29.2533 37.4913
      vertex 10.1179 28.1061 35.853
      vertex 10.2633 27.9813 35.6748
    endloop
  endfacet
  facet normal -1.47839e-05 -0.819153 0.573575
    outer loop
      vertex 13.4367 27.9813 35.6748
      vertex 13.4367 29.378 37.6695
      vertex 13.2642 27.8685 35.5137
    endloop
  endfacet
  facet normal 1.47839e-05 -0.819153 0.573575
    outer loop
      vertex 10.2633 29.378 37.6695
      vertex 10.2633 27.9813 35.6748
      vertex 10.4358 27.8685 35.5137
    endloop
  endfacet
  facet normal 0.000431706 -0.819153 0.573575
    outer loop
      vertex 13.4367 29.378 37.6695
      vertex 13.4367 27.9813 35.6748
      vertex 13.5821 29.2533 37.4913
    endloop
  endfacet
  facet normal 0.000161014 -0.819154 0.573574
    outer loop
      vertex 10.4358 29.4908 37.8306
      vertex 10.4358 27.8685 35.5137
      vertex 10.6325 27.7696 35.3724
    endloop
  endfacet
  facet normal -9.94831e-05 -0.81915 0.573579
    outer loop
      vertex 11.3324 29.7877 38.2546
      vertex 11.3324 27.5716 35.0897
      vertex 11.5889 27.5423 35.0479
    endloop
  endfacet
  facet normal -0.000281796 -0.81915 0.573579
    outer loop
      vertex 10.6325 29.5898 37.9719
      vertex 10.6325 27.7696 35.3724
      vertex 10.85 27.6862 35.2534
    endloop
  endfacet
  facet normal -7.20096e-05 -0.819153 0.573575
    outer loop
      vertex 10.85 29.6731 38.091
      vertex 10.85 27.6862 35.2534
      vertex 11.0846 27.6198 35.1586
    endloop
  endfacet
  facet normal 0.000148828 -0.819148 0.573582
    outer loop
      vertex 11.0846 29.7395 38.1858
      vertex 11.0846 27.6198 35.1586
      vertex 11.3324 27.5716 35.0897
    endloop
  endfacet
  facet normal -0.000437398 -0.819089 0.573666
    outer loop
      vertex 13.85 28.6797 36.6722
      vertex 13.5821 28.1061 35.853
      vertex 13.8329 28.5299 36.4583
    endloop
  endfacet
  facet normal -0.000100863 -0.81914 0.573593
    outer loop
      vertex 13.5821 29.2533 37.4913
      vertex 13.5821 28.1061 35.853
      vertex 13.6978 29.1187 37.2991
    endloop
  endfacet
  facet normal 0.00161776 -0.819488 0.573093
    outer loop
      vertex 13.8329 28.5299 36.4583
      vertex 13.5821 28.1061 35.853
      vertex 13.7819 28.3828 36.2481
    endloop
  endfacet
  facet normal -0.000193475 -0.819137 0.573598
    outer loop
      vertex 13.6978 29.1187 37.2991
      vertex 13.5821 28.1061 35.853
      vertex 13.7819 28.9766 37.0962
    endloop
  endfacet
  facet normal -0.000143392 -0.819071 0.573692
    outer loop
      vertex 13.7819 28.3828 36.2481
      vertex 13.5821 28.1061 35.853
      vertex 13.6978 28.2407 36.0452
    endloop
  endfacet
  facet normal 1.65474e-05 -0.819159 0.573566
    outer loop
      vertex 13.8329 28.8294 36.886
      vertex 13.5821 28.1061 35.853
      vertex 13.85 28.6797 36.6722
    endloop
  endfacet
  facet normal -0.000154966 -0.81914 0.573594
    outer loop
      vertex 13.7819 28.9766 37.0962
      vertex 13.5821 28.1061 35.853
      vertex 13.8329 28.8294 36.886
    endloop
  endfacet
  facet normal 9.9036e-05 -0.81914 0.573593
    outer loop
      vertex 13.5821 28.1061 35.853
      vertex 13.5821 29.2533 37.4913
      vertex 13.4367 27.9813 35.6748
    endloop
  endfacet
  facet normal -0 0 1
    outer loop
      vertex 19.7344 64 31
      vertex 20 34 31
      vertex 20 64 31
    endloop
  endfacet
  facet normal 0 0 1
    outer loop
      vertex 20 34 31
      vertex 19.7344 64 31
      vertex 19.7344 34 31
    endloop
  endfacet
  facet normal 1 0 0
    outer loop
      vertex 20 64 31
      vertex 20 62.4 27.2
      vertex 20 64 11
    endloop
  endfacet
  facet normal 1 0 0
    outer loop
      vertex 20 64 31
      vertex 20 62.3932 27.3044
      vertex 20 62.4 27.2
    endloop
  endfacet
  facet normal 1 0 0
    outer loop
      vertex 20 64 31
      vertex 20 62.3727 27.4071
      vertex 20 62.3932 27.3044
    endloop
  endfacet
  facet normal 1 0 0
    outer loop
      vertex 20 64 31
      vertex 20 62.3391 27.5061
      vertex 20 62.3727 27.4071
    endloop
  endfacet
  facet normal 1 0 0
    outer loop
      vertex 20 64 31
      vertex 20 62.2928 27.6
      vertex 20 62.3391 27.5061
    endloop
  endfacet
  facet normal 1 0 0
    outer loop
      vertex 20 64 31
      vertex 20 62.2347 27.687
      vertex 20 62.2928 27.6
    endloop
  endfacet
  facet normal 1 0 0
    outer loop
      vertex 20 64 31
      vertex 20 62.1657 27.7657
      vertex 20 62.2347 27.687
    endloop
  endfacet
  facet normal 1 0 0
    outer loop
      vertex 20 64 31
      vertex 20 62.087 27.8347
      vertex 20 62.1657 27.7657
    endloop
  endfacet
  facet normal 1 0 0
    outer loop
      vertex 20 64 31
      vertex 20 62 27.8928
      vertex 20 62.087 27.8347
    endloop
  endfacet
  facet normal 1 0 0
    outer loop
      vertex 20 64 31
      vertex 20 61.9061 27.9391
      vertex 20 62 27.8928
    endloop
  endfacet
  facet normal 1 0 0
    outer loop
      vertex 20 64 31
      vertex 20 61.8071 27.9727
      vertex 20 61.9061 27.9391
    endloop
  endfacet
  facet normal 1 0 0
    outer loop
      vertex 20 64 31
      vertex 20 61.7044 27.9932
      vertex 20 61.8071 27.9727
    endloop
  endfacet
  facet normal 1 0 0
    outer loop
      vertex 20 64 31
      vertex 20 61.6 28
      vertex 20 61.7044 27.9932
    endloop
  endfacet
  facet normal 1 0 0
    outer loop
      vertex 20 64 31
      vertex 20 61.4956 27.9932
      vertex 20 61.6 28
    endloop
  endfacet
  facet normal 1 0 0
    outer loop
      vertex 20 64 31
      vertex 20 61.3929 27.9727
      vertex 20 61.4956 27.9932
    endloop
  endfacet
  facet normal 1 0 0
    outer loop
      vertex 20 64 31
      vertex 20 61.2939 27.9391
      vertex 20 61.3929 27.9727
    endloop
  endfacet
  facet normal 1 0 0
    outer loop
      vertex 20 58.5061 27.9391
      vertex 20 61.2939 27.9391
      vertex 20 64 31
    endloop
  endfacet
  facet normal 1 0 0
    outer loop
      vertex 20 61.2939 27.9391
      vertex 20 58.5061 27.9391
      vertex 20 61.2 27.8928
    endloop
  endfacet
  facet normal 1 0 -0
    outer loop
      vertex 20 58.6 27.8928
      vertex 20 61.2 27.8928
      vertex 20 58.5061 27.9391
    endloop
  endfacet
  facet normal 1 0 0
    outer loop
      vertex 20 60.8 27.2
      vertex 20 59 27.2
      vertex 20 60.8 14.8
    endloop
  endfacet
  facet normal 1 0 0
    outer loop
      vertex 20 60.8068 27.3044
      vertex 20 59 27.2
      vertex 20 60.8 27.2
    endloop
  endfacet
  facet normal 1 0 0
    outer loop
      vertex 20 58.9932 27.3044
      vertex 20 60.8068 27.3044
      vertex 20 60.8273 27.4071
    endloop
  endfacet
  facet normal 1 0 0
    outer loop
      vertex 20 58.9727 27.4071
      vertex 20 60.8273 27.4071
      vertex 20 60.8609 27.5061
    endloop
  endfacet
  facet normal 1 0 0
    outer loop
      vertex 20 58.9391 27.5061
      vertex 20 60.8609 27.5061
      vertex 20 60.9072 27.6
    endloop
  endfacet
  facet normal 1 0 0
    outer loop
      vertex 20 58.8928 27.6
      vertex 20 60.9072 27.6
      vertex 20 60.9653 27.687
    endloop
  endfacet
  facet normal 1 0 0
    outer loop
      vertex 20 58.8347 27.687
      vertex 20 60.9653 27.687
      vertex 20 61.0343 27.7657
    endloop
  endfacet
  facet normal 1 0 0
    outer loop
      vertex 20 61.2 27.8928
      vertex 20 58.6 27.8928
      vertex 20 61.113 27.8347
    endloop
  endfacet
  facet normal 1 0 0
    outer loop
      vertex 20 60.8068 27.3044
      vertex 20 58.9932 27.3044
      vertex 20 59 27.2
    endloop
  endfacet
  facet normal 1 0 0
    outer loop
      vertex 20 60.8273 27.4071
      vertex 20 58.9727 27.4071
      vertex 20 58.9932 27.3044
    endloop
  endfacet
  facet normal 1 0 0
    outer loop
      vertex 20 60.8609 27.5061
      vertex 20 58.9391 27.5061
      vertex 20 58.9727 27.4071
    endloop
  endfacet
  facet normal 1 0 0
    outer loop
      vertex 20 60.9072 27.6
      vertex 20 58.8928 27.6
      vertex 20 58.9391 27.5061
    endloop
  endfacet
  facet normal 1 0 0
    outer loop
      vertex 20 60.9653 27.687
      vertex 20 58.8347 27.687
      vertex 20 58.8928 27.6
    endloop
  endfacet
  facet normal 1 0 0
    outer loop
      vertex 20 61.0343 27.7657
      vertex 20 58.7657 27.7657
      vertex 20 58.8347 27.687
    endloop
  endfacet
  facet normal 1 0 0
    outer loop
      vertex 20 61.0343 27.7657
      vertex 20 58.687 27.8347
      vertex 20 58.7657 27.7657
    endloop
  endfacet
  facet normal 1 0 0
    outer loop
      vertex 20 61.113 27.8347
      vertex 20 58.687 27.8347
      vertex 20 61.0343 27.7657
    endloop
  endfacet
  facet normal 1 0 -0
    outer loop
      vertex 20 58.687 27.8347
      vertex 20 61.113 27.8347
      vertex 20 58.6 27.8928
    endloop
  endfacet
  facet normal 1 0 0
    outer loop
      vertex 20 64 31
      vertex 20 58.4071 27.9727
      vertex 20 58.5061 27.9391
    endloop
  endfacet
  facet normal 1 0 0
    outer loop
      vertex 20 64 31
      vertex 20 58.3044 27.9932
      vertex 20 58.4071 27.9727
    endloop
  endfacet
  facet normal 1 0 0
    outer loop
      vertex 20 64 31
      vertex 20 58.2 28
      vertex 20 58.3044 27.9932
    endloop
  endfacet
  facet normal 1 0 0
    outer loop
      vertex 20 64 31
      vertex 20 58.0956 27.9932
      vertex 20 58.2 28
    endloop
  endfacet
  facet normal 1 0 0
    outer loop
      vertex 20 54.9044 27.9932
      vertex 20 58.0956 27.9932
      vertex 20 64 31
    endloop
  endfacet
  facet normal 1 0 0
    outer loop
      vertex 20 58.0956 27.9932
      vertex 20 54.9044 27.9932
      vertex 20 57.9929 27.9727
    endloop
  endfacet
  facet normal 1 0 -0
    outer loop
      vertex 20 55.0071 27.9727
      vertex 20 57.9929 27.9727
      vertex 20 54.9044 27.9932
    endloop
  endfacet
  facet normal 1 0 0
    outer loop
      vertex 20 57.4 27.2
      vertex 20 55.6 27.2
      vertex 20 57.4 14.8
    endloop
  endfacet
  facet normal 1 0 0
    outer loop
      vertex 20 57.4068 27.3044
      vertex 20 55.6 27.2
      vertex 20 57.4 27.2
    endloop
  endfacet
  facet normal 1 0 0
    outer loop
      vertex 20 55.5932 27.3044
      vertex 20 57.4068 27.3044
      vertex 20 57.4273 27.4071
    endloop
  endfacet
  facet normal 1 0 0
    outer loop
      vertex 20 55.5727 27.4071
      vertex 20 57.4273 27.4071
      vertex 20 57.4609 27.5061
    endloop
  endfacet
  facet normal 1 0 0
    outer loop
      vertex 20 55.5391 27.5061
      vertex 20 57.4609 27.5061
      vertex 20 57.5072 27.6
    endloop
  endfacet
  facet normal 1 0 0
    outer loop
      vertex 20 55.4928 27.6
      vertex 20 57.5072 27.6
      vertex 20 57.5653 27.687
    endloop
  endfacet
  facet normal 1 0 0
    outer loop
      vertex 20 55.4347 27.687
      vertex 20 57.5653 27.687
      vertex 20 57.6343 27.7657
    endloop
  endfacet
  facet normal 1 0 0
    outer loop
      vertex 20 55.3657 27.7657
      vertex 20 57.6343 27.7657
      vertex 20 57.713 27.8347
    endloop
  endfacet
  facet normal 1 0 0
    outer loop
      vertex 20 55.287 27.8347
      vertex 20 57.713 27.8347
      vertex 20 57.8 27.8928
    endloop
  endfacet
  facet normal 1 0 0
    outer loop
      vertex 20 57.9929 27.9727
      vertex 20 55.0071 27.9727
      vertex 20 57.8939 27.9391
    endloop
  endfacet
  facet normal 1 0 0
    outer loop
      vertex 20 57.4068 27.3044
      vertex 20 55.5932 27.3044
      vertex 20 55.6 27.2
    endloop
  endfacet
  facet normal 1 0 0
    outer loop
      vertex 20 57.4273 27.4071
      vertex 20 55.5727 27.4071
      vertex 20 55.5932 27.3044
    endloop
  endfacet
  facet normal 1 0 0
    outer loop
      vertex 20 57.4609 27.5061
      vertex 20 55.5391 27.5061
      vertex 20 55.5727 27.4071
    endloop
  endfacet
  facet normal 1 0 0
    outer loop
      vertex 20 57.5072 27.6
      vertex 20 55.4928 27.6
      vertex 20 55.5391 27.5061
    endloop
  endfacet
  facet normal 1 0 0
    outer loop
      vertex 20 57.5653 27.687
      vertex 20 55.4347 27.687
      vertex 20 55.4928 27.6
    endloop
  endfacet
  facet normal 1 0 0
    outer loop
      vertex 20 57.6343 27.7657
      vertex 20 55.3657 27.7657
      vertex 20 55.4347 27.687
    endloop
  endfacet
  facet normal 1 0 0
    outer loop
      vertex 20 57.713 27.8347
      vertex 20 55.287 27.8347
      vertex 20 55.3657 27.7657
    endloop
  endfacet
  facet normal 1 0 0
    outer loop
      vertex 20 57.8 27.8928
      vertex 20 55.2 27.8928
      vertex 20 55.287 27.8347
    endloop
  endfacet
  facet normal 1 0 0
    outer loop
      vertex 20 57.8 27.8928
      vertex 20 55.1061 27.9391
      vertex 20 55.2 27.8928
    endloop
  endfacet
  facet normal 1 0 0
    outer loop
      vertex 20 57.8939 27.9391
      vertex 20 55.1061 27.9391
      vertex 20 57.8 27.8928
    endloop
  endfacet
  facet normal 1 0 -0
    outer loop
      vertex 20 55.1061 27.9391
      vertex 20 57.8939 27.9391
      vertex 20 55.0071 27.9727
    endloop
  endfacet
  facet normal 1 0 0
    outer loop
      vertex 20 64 31
      vertex 20 54.8 28
      vertex 20 54.9044 27.9932
    endloop
  endfacet
  facet normal 1 0 0
    outer loop
      vertex 20 64 31
      vertex 20 54.6956 27.9932
      vertex 20 54.8 28
    endloop
  endfacet
  facet normal 1 0 0
    outer loop
      vertex 20 51.5044 27.9932
      vertex 20 54.6956 27.9932
      vertex 20 64 31
    endloop
  endfacet
  facet normal 1 0 0
    outer loop
      vertex 20 54 27.2
      vertex 20 52.2 27.2
      vertex 20 54 14.8
    endloop
  endfacet
  facet normal 1 0 0
    outer loop
      vertex 20 54.0068 27.3044
      vertex 20 52.2 27.2
      vertex 20 54 27.2
    endloop
  endfacet
  facet normal 1 0 0
    outer loop
      vertex 20 52.1932 27.3044
      vertex 20 54.0068 27.3044
      vertex 20 54.0273 27.4071
    endloop
  endfacet
  facet normal 1 0 0
    outer loop
      vertex 20 52.1727 27.4071
      vertex 20 54.0273 27.4071
      vertex 20 54.0609 27.5061
    endloop
  endfacet
  facet normal 1 0 0
    outer loop
      vertex 20 52.1391 27.5061
      vertex 20 54.0609 27.5061
      vertex 20 54.1072 27.6
    endloop
  endfacet
  facet normal 1 0 0
    outer loop
      vertex 20 52.0928 27.6
      vertex 20 54.1072 27.6
      vertex 20 54.1653 27.687
    endloop
  endfacet
  facet normal 1 0 0
    outer loop
      vertex 20 52.0347 27.687
      vertex 20 54.1653 27.687
      vertex 20 54.2343 27.7657
    endloop
  endfacet
  facet normal 1 0 0
    outer loop
      vertex 20 51.9657 27.7657
      vertex 20 54.2343 27.7657
      vertex 20 54.313 27.8347
    endloop
  endfacet
  facet normal 1 0 0
    outer loop
      vertex 20 51.887 27.8347
      vertex 20 54.313 27.8347
      vertex 20 54.4 27.8928
    endloop
  endfacet
  facet normal 1 0 0
    outer loop
      vertex 20 51.8 27.8928
      vertex 20 54.4 27.8928
      vertex 20 54.4939 27.9391
    endloop
  endfacet
  facet normal 1 0 0
    outer loop
      vertex 20 51.7061 27.9391
      vertex 20 54.4939 27.9391
      vertex 20 54.5929 27.9727
    endloop
  endfacet
  facet normal 1 0 0
    outer loop
      vertex 20 54.0068 27.3044
      vertex 20 52.1932 27.3044
      vertex 20 52.2 27.2
    endloop
  endfacet
  facet normal 1 0 0
    outer loop
      vertex 20 54.6956 27.9932
      vertex 20 51.5044 27.9932
      vertex 20 54.5929 27.9727
    endloop
  endfacet
  facet normal 1 0 0
    outer loop
      vertex 20 54.0273 27.4071
      vertex 20 52.1727 27.4071
      vertex 20 52.1932 27.3044
    endloop
  endfacet
  facet normal 1 0 0
    outer loop
      vertex 20 54.0609 27.5061
      vertex 20 52.1391 27.5061
      vertex 20 52.1727 27.4071
    endloop
  endfacet
  facet normal 1 0 0
    outer loop
      vertex 20 54.1072 27.6
      vertex 20 52.0928 27.6
      vertex 20 52.1391 27.5061
    endloop
  endfacet
  facet normal 1 0 0
    outer loop
      vertex 20 54.1653 27.687
      vertex 20 52.0347 27.687
      vertex 20 52.0928 27.6
    endloop
  endfacet
  facet normal 1 0 0
    outer loop
      vertex 20 54.2343 27.7657
      vertex 20 51.9657 27.7657
      vertex 20 52.0347 27.687
    endloop
  endfacet
  facet normal 1 0 0
    outer loop
      vertex 20 54.313 27.8347
      vertex 20 51.887 27.8347
      vertex 20 51.9657 27.7657
    endloop
  endfacet
  facet normal 1 0 0
    outer loop
      vertex 20 54.4 27.8928
      vertex 20 51.8 27.8928
      vertex 20 51.887 27.8347
    endloop
  endfacet
  facet normal 1 0 0
    outer loop
      vertex 20 54.4939 27.9391
      vertex 20 51.7061 27.9391
      vertex 20 51.8 27.8928
    endloop
  endfacet
  facet normal 1 0 0
    outer loop
      vertex 20 54.5929 27.9727
      vertex 20 51.6071 27.9727
      vertex 20 51.7061 27.9391
    endloop
  endfacet
  facet normal 1 0 0
    outer loop
      vertex 20 54.5929 27.9727
      vertex 20 51.5044 27.9932
      vertex 20 51.6071 27.9727
    endloop
  endfacet
  facet normal 1 0 0
    outer loop
      vertex 20 64 31
      vertex 20 51.4 28
      vertex 20 51.5044 27.9932
    endloop
  endfacet
  facet normal 1 0 0
    outer loop
      vertex 20 48 28
      vertex 20 51.4 28
      vertex 20 64 31
    endloop
  endfacet
  facet normal 1 0 0
    outer loop
      vertex 20 51.4 28
      vertex 20 48 28
      vertex 20 51.2956 27.9932
    endloop
  endfacet
  facet normal 1 0 0
    outer loop
      vertex 20 50.6 27.2
      vertex 20 48.8 27.2
      vertex 20 50.6 14.8
    endloop
  endfacet
  facet normal 1 0 0
    outer loop
      vertex 20 50.6068 27.3044
      vertex 20 48.8 27.2
      vertex 20 50.6 27.2
    endloop
  endfacet
  facet normal 1 0 0
    outer loop
      vertex 20 48.7932 27.3044
      vertex 20 50.6068 27.3044
      vertex 20 50.6273 27.4071
    endloop
  endfacet
  facet normal 1 0 0
    outer loop
      vertex 20 48.7727 27.4071
      vertex 20 50.6273 27.4071
      vertex 20 50.6609 27.5061
    endloop
  endfacet
  facet normal 1 0 0
    outer loop
      vertex 20 48.7391 27.5061
      vertex 20 50.6609 27.5061
      vertex 20 50.7072 27.6
    endloop
  endfacet
  facet normal 1 0 0
    outer loop
      vertex 20 48.6928 27.6
      vertex 20 50.7072 27.6
      vertex 20 50.7653 27.687
    endloop
  endfacet
  facet normal 1 0 0
    outer loop
      vertex 20 48.6347 27.687
      vertex 20 50.7653 27.687
      vertex 20 50.8343 27.7657
    endloop
  endfacet
  facet normal 1 0 0
    outer loop
      vertex 20 48.5657 27.7657
      vertex 20 50.8343 27.7657
      vertex 20 50.913 27.8347
    endloop
  endfacet
  facet normal 1 0 0
    outer loop
      vertex 20 48.487 27.8347
      vertex 20 50.913 27.8347
      vertex 20 51 27.8928
    endloop
  endfacet
  facet normal 1 0 0
    outer loop
      vertex 20 48.4 27.8928
      vertex 20 51 27.8928
      vertex 20 51.0939 27.9391
    endloop
  endfacet
  facet normal 1 0 0
    outer loop
      vertex 20 48.3061 27.9391
      vertex 20 51.0939 27.9391
      vertex 20 51.1929 27.9727
    endloop
  endfacet
  facet normal 1 0 0
    outer loop
      vertex 20 50.6068 27.3044
      vertex 20 48.7932 27.3044
      vertex 20 48.8 27.2
    endloop
  endfacet
  facet normal 1 0 0
    outer loop
      vertex 20 50.6273 27.4071
      vertex 20 48.7727 27.4071
      vertex 20 48.7932 27.3044
    endloop
  endfacet
  facet normal 1 0 -0
    outer loop
      vertex 20 48.1044 27.9932
      vertex 20 51.2956 27.9932
      vertex 20 48 28
    endloop
  endfacet
  facet normal 1 0 0
    outer loop
      vertex 20 50.6609 27.5061
      vertex 20 48.7391 27.5061
      vertex 20 48.7727 27.4071
    endloop
  endfacet
  facet normal 1 0 0
    outer loop
      vertex 20 50.7072 27.6
      vertex 20 48.6928 27.6
      vertex 20 48.7391 27.5061
    endloop
  endfacet
  facet normal 1 0 0
    outer loop
      vertex 20 50.7653 27.687
      vertex 20 48.6347 27.687
      vertex 20 48.6928 27.6
    endloop
  endfacet
  facet normal 1 0 0
    outer loop
      vertex 20 50.8343 27.7657
      vertex 20 48.5657 27.7657
      vertex 20 48.6347 27.687
    endloop
  endfacet
  facet normal 1 0 0
    outer loop
      vertex 20 50.913 27.8347
      vertex 20 48.487 27.8347
      vertex 20 48.5657 27.7657
    endloop
  endfacet
  facet normal 1 0 0
    outer loop
      vertex 20 51 27.8928
      vertex 20 48.4 27.8928
      vertex 20 48.487 27.8347
    endloop
  endfacet
  facet normal 1 0 0
    outer loop
      vertex 20 51.0939 27.9391
      vertex 20 48.3061 27.9391
      vertex 20 48.4 27.8928
    endloop
  endfacet
  facet normal 1 0 0
    outer loop
      vertex 20 51.1929 27.9727
      vertex 20 48.2071 27.9727
      vertex 20 48.3061 27.9391
    endloop
  endfacet
  facet normal 1 0 0
    outer loop
      vertex 20 51.1929 27.9727
      vertex 20 48.1044 27.9932
      vertex 20 48.2071 27.9727
    endloop
  endfacet
  facet normal 1 0 0
    outer loop
      vertex 20 51.2956 27.9932
      vertex 20 48.1044 27.9932
      vertex 20 51.1929 27.9727
    endloop
  endfacet
  facet normal 1 -0 0
    outer loop
      vertex 20 34 31
      vertex 20 48 28
      vertex 20 64 31
    endloop
  endfacet
  facet normal 1 0 0
    outer loop
      vertex 20 47.2 27.2
      vertex 20 45.4 27.2
      vertex 20 47.2 14.8
    endloop
  endfacet
  facet normal 1 0 0
    outer loop
      vertex 20 47.2068 27.3044
      vertex 20 45.4 27.2
      vertex 20 47.2 27.2
    endloop
  endfacet
  facet normal 1 0 0
    outer loop
      vertex 20 45.3932 27.3044
      vertex 20 47.2068 27.3044
      vertex 20 47.2273 27.4071
    endloop
  endfacet
  facet normal 1 0 0
    outer loop
      vertex 20 45.3727 27.4071
      vertex 20 47.2273 27.4071
      vertex 20 47.2609 27.5061
    endloop
  endfacet
  facet normal 1 0 0
    outer loop
      vertex 20 45.3391 27.5061
      vertex 20 47.2609 27.5061
      vertex 20 47.3072 27.6
    endloop
  endfacet
  facet normal 1 0 0
    outer loop
      vertex 20 45.2928 27.6
      vertex 20 47.3072 27.6
      vertex 20 47.3653 27.687
    endloop
  endfacet
  facet normal 1 0 0
    outer loop
      vertex 20 45.2347 27.687
      vertex 20 47.3653 27.687
      vertex 20 47.4343 27.7657
    endloop
  endfacet
  facet normal 1 0 0
    outer loop
      vertex 20 45.1657 27.7657
      vertex 20 47.4343 27.7657
      vertex 20 47.513 27.8347
    endloop
  endfacet
  facet normal 1 0 0
    outer loop
      vertex 20 45.087 27.8347
      vertex 20 47.513 27.8347
      vertex 20 47.6 27.8928
    endloop
  endfacet
  facet normal 1 0 0
    outer loop
      vertex 20 45 27.8928
      vertex 20 47.6 27.8928
      vertex 20 47.6939 27.9391
    endloop
  endfacet
  facet normal 1 0 0
    outer loop
      vertex 20 44.9061 27.9391
      vertex 20 47.6939 27.9391
      vertex 20 47.7929 27.9727
    endloop
  endfacet
  facet normal 1 0 0
    outer loop
      vertex 20 47.2068 27.3044
      vertex 20 45.3932 27.3044
      vertex 20 45.4 27.2
    endloop
  endfacet
  facet normal 1 0 0
    outer loop
      vertex 20 47.2273 27.4071
      vertex 20 45.3727 27.4071
      vertex 20 45.3932 27.3044
    endloop
  endfacet
  facet normal 1 0 0
    outer loop
      vertex 20 47.2609 27.5061
      vertex 20 45.3391 27.5061
      vertex 20 45.3727 27.4071
    endloop
  endfacet
  facet normal 1 0 0
    outer loop
      vertex 20 44.8071 27.9727
      vertex 20 47.7929 27.9727
      vertex 20 47.8956 27.9932
    endloop
  endfacet
  facet normal 1 0 0
    outer loop
      vertex 20 47.3072 27.6
      vertex 20 45.2928 27.6
      vertex 20 45.3391 27.5061
    endloop
  endfacet
  facet normal 1 0 0
    outer loop
      vertex 20 48 28
      vertex 20 34 31
      vertex 20 47.8956 27.9932
    endloop
  endfacet
  facet normal 1 0 0
    outer loop
      vertex 20 47.3653 27.687
      vertex 20 45.2347 27.687
      vertex 20 45.2928 27.6
    endloop
  endfacet
  facet normal 1 0 0
    outer loop
      vertex 20 47.4343 27.7657
      vertex 20 45.1657 27.7657
      vertex 20 45.2347 27.687
    endloop
  endfacet
  facet normal 1 0 0
    outer loop
      vertex 20 47.513 27.8347
      vertex 20 45.087 27.8347
      vertex 20 45.1657 27.7657
    endloop
  endfacet
  facet normal 1 0 0
    outer loop
      vertex 20 47.6 27.8928
      vertex 20 45 27.8928
      vertex 20 45.087 27.8347
    endloop
  endfacet
  facet normal 1 0 0
    outer loop
      vertex 20 47.6939 27.9391
      vertex 20 44.9061 27.9391
      vertex 20 45 27.8928
    endloop
  endfacet
  facet normal 1 0 0
    outer loop
      vertex 20 47.7929 27.9727
      vertex 20 44.8071 27.9727
      vertex 20 44.9061 27.9391
    endloop
  endfacet
  facet normal 1 0 0
    outer loop
      vertex 20 47.8956 27.9932
      vertex 20 44.7044 27.9932
      vertex 20 44.8071 27.9727
    endloop
  endfacet
  facet normal 1 0 0
    outer loop
      vertex 20 47.8956 27.9932
      vertex 20 34 31
      vertex 20 44.7044 27.9932
    endloop
  endfacet
  facet normal 1 0 0
    outer loop
      vertex 20 44.7044 27.9932
      vertex 20 34 31
      vertex 20 44.6 28
    endloop
  endfacet
  facet normal 1 0 0
    outer loop
      vertex 20 43.8 27.2
      vertex 20 42 27.2
      vertex 20 43.8 14.8
    endloop
  endfacet
  facet normal 1 0 0
    outer loop
      vertex 20 43.8068 27.3044
      vertex 20 42 27.2
      vertex 20 43.8 27.2
    endloop
  endfacet
  facet normal 1 0 0
    outer loop
      vertex 20 41.9932 27.3044
      vertex 20 43.8068 27.3044
      vertex 20 43.8273 27.4071
    endloop
  endfacet
  facet normal 1 0 0
    outer loop
      vertex 20 41.9727 27.4071
      vertex 20 43.8273 27.4071
      vertex 20 43.8609 27.5061
    endloop
  endfacet
  facet normal 1 0 0
    outer loop
      vertex 20 41.9391 27.5061
      vertex 20 43.8609 27.5061
      vertex 20 43.9072 27.6
    endloop
  endfacet
  facet normal 1 0 0
    outer loop
      vertex 20 41.8928 27.6
      vertex 20 43.9072 27.6
      vertex 20 43.9653 27.687
    endloop
  endfacet
  facet normal 1 0 0
    outer loop
      vertex 20 41.8347 27.687
      vertex 20 43.9653 27.687
      vertex 20 44.0343 27.7657
    endloop
  endfacet
  facet normal 1 0 0
    outer loop
      vertex 20 41.7657 27.7657
      vertex 20 44.0343 27.7657
      vertex 20 44.113 27.8347
    endloop
  endfacet
  facet normal 1 0 0
    outer loop
      vertex 20 41.687 27.8347
      vertex 20 44.113 27.8347
      vertex 20 44.2 27.8928
    endloop
  endfacet
  facet normal 1 0 0
    outer loop
      vertex 20 41.6 27.8928
      vertex 20 44.2 27.8928
      vertex 20 44.2939 27.9391
    endloop
  endfacet
  facet normal 1 0 0
    outer loop
      vertex 20 41.5061 27.9391
      vertex 20 44.2939 27.9391
      vertex 20 44.3929 27.9727
    endloop
  endfacet
  facet normal 1 0 0
    outer loop
      vertex 20 43.8068 27.3044
      vertex 20 41.9932 27.3044
      vertex 20 42 27.2
    endloop
  endfacet
  facet normal 1 0 0
    outer loop
      vertex 20 43.8273 27.4071
      vertex 20 41.9727 27.4071
      vertex 20 41.9932 27.3044
    endloop
  endfacet
  facet normal 1 0 0
    outer loop
      vertex 20 43.8609 27.5061
      vertex 20 41.9391 27.5061
      vertex 20 41.9727 27.4071
    endloop
  endfacet
  facet normal 1 0 0
    outer loop
      vertex 20 41.4071 27.9727
      vertex 20 44.3929 27.9727
      vertex 20 44.4956 27.9932
    endloop
  endfacet
  facet normal 1 0 0
    outer loop
      vertex 20 43.9072 27.6
      vertex 20 41.8928 27.6
      vertex 20 41.9391 27.5061
    endloop
  endfacet
  facet normal 1 0 0
    outer loop
      vertex 20 44.6 28
      vertex 20 34 31
      vertex 20 44.4956 27.9932
    endloop
  endfacet
  facet normal 1 0 0
    outer loop
      vertex 20 43.9653 27.687
      vertex 20 41.8347 27.687
      vertex 20 41.8928 27.6
    endloop
  endfacet
  facet normal 1 0 0
    outer loop
      vertex 20 44.0343 27.7657
      vertex 20 41.7657 27.7657
      vertex 20 41.8347 27.687
    endloop
  endfacet
  facet normal 1 0 0
    outer loop
      vertex 20 44.113 27.8347
      vertex 20 41.687 27.8347
      vertex 20 41.7657 27.7657
    endloop
  endfacet
  facet normal 1 0 0
    outer loop
      vertex 20 44.2 27.8928
      vertex 20 41.6 27.8928
      vertex 20 41.687 27.8347
    endloop
  endfacet
  facet normal 1 0 0
    outer loop
      vertex 20 44.2939 27.9391
      vertex 20 41.5061 27.9391
      vertex 20 41.6 27.8928
    endloop
  endfacet
  facet normal 1 0 0
    outer loop
      vertex 20 44.3929 27.9727
      vertex 20 41.4071 27.9727
      vertex 20 41.5061 27.9391
    endloop
  endfacet
  facet normal 1 0 -0
    outer loop
      vertex 20 41.3044 27.9932
      vertex 20 44.4956 27.9932
      vertex 20 34 31
    endloop
  endfacet
  facet normal 1 0 0
    outer loop
      vertex 20 44.4956 27.9932
      vertex 20 41.3044 27.9932
      vertex 20 41.4071 27.9727
    endloop
  endfacet
  facet normal 1 0 0
    outer loop
      vertex 20 41.3044 27.9932
      vertex 20 34 31
      vertex 20 41.2 28
    endloop
  endfacet
  facet normal 1 0 0
    outer loop
      vertex 20 40.4 27.2
      vertex 20 38.6 27.2
      vertex 20 40.4 14.8
    endloop
  endfacet
  facet normal 1 0 0
    outer loop
      vertex 20 40.4068 27.3044
      vertex 20 38.6 27.2
      vertex 20 40.4 27.2
    endloop
  endfacet
  facet normal 1 0 0
    outer loop
      vertex 20 38.5932 27.3044
      vertex 20 40.4068 27.3044
      vertex 20 40.4273 27.4071
    endloop
  endfacet
  facet normal 1 0 0
    outer loop
      vertex 20 38.5727 27.4071
      vertex 20 40.4273 27.4071
      vertex 20 40.4609 27.5061
    endloop
  endfacet
  facet normal 1 0 0
    outer loop
      vertex 20 38.5391 27.5061
      vertex 20 40.4609 27.5061
      vertex 20 40.5072 27.6
    endloop
  endfacet
  facet normal 1 0 0
    outer loop
      vertex 20 38.4928 27.6
      vertex 20 40.5072 27.6
      vertex 20 40.5653 27.687
    endloop
  endfacet
  facet normal 1 0 0
    outer loop
      vertex 20 38.4347 27.687
      vertex 20 40.5653 27.687
      vertex 20 40.6343 27.7657
    endloop
  endfacet
  facet normal 1 0 0
    outer loop
      vertex 20 38.3657 27.7657
      vertex 20 40.6343 27.7657
      vertex 20 40.713 27.8347
    endloop
  endfacet
  facet normal 1 0 0
    outer loop
      vertex 20 38.287 27.8347
      vertex 20 40.713 27.8347
      vertex 20 40.8 27.8928
    endloop
  endfacet
  facet normal 1 0 0
    outer loop
      vertex 20 38.2 27.8928
      vertex 20 40.8 27.8928
      vertex 20 40.8939 27.9391
    endloop
  endfacet
  facet normal 1 0 0
    outer loop
      vertex 20 38.1061 27.9391
      vertex 20 40.8939 27.9391
      vertex 20 40.9929 27.9727
    endloop
  endfacet
  facet normal 1 0 0
    outer loop
      vertex 20 40.4068 27.3044
      vertex 20 38.5932 27.3044
      vertex 20 38.6 27.2
    endloop
  endfacet
  facet normal 1 0 0
    outer loop
      vertex 20 40.4273 27.4071
      vertex 20 38.5727 27.4071
      vertex 20 38.5932 27.3044
    endloop
  endfacet
  facet normal 1 0 0
    outer loop
      vertex 20 40.4609 27.5061
      vertex 20 38.5391 27.5061
      vertex 20 38.5727 27.4071
    endloop
  endfacet
  facet normal 1 0 0
    outer loop
      vertex 20 34 31
      vertex 20 40.9929 27.9727
      vertex 20 41.0956 27.9932
    endloop
  endfacet
  facet normal 1 0 0
    outer loop
      vertex 20 40.5072 27.6
      vertex 20 38.4928 27.6
      vertex 20 38.5391 27.5061
    endloop
  endfacet
  facet normal 1 0 0
    outer loop
      vertex 20 40.5653 27.687
      vertex 20 38.4347 27.687
      vertex 20 38.4928 27.6
    endloop
  endfacet
  facet normal 1 0 0
    outer loop
      vertex 20 41.2 28
      vertex 20 34 31
      vertex 20 41.0956 27.9932
    endloop
  endfacet
  facet normal 1 0 0
    outer loop
      vertex 20 40.6343 27.7657
      vertex 20 38.3657 27.7657
      vertex 20 38.4347 27.687
    endloop
  endfacet
  facet normal 1 0 0
    outer loop
      vertex 20 40.713 27.8347
      vertex 20 38.287 27.8347
      vertex 20 38.3657 27.7657
    endloop
  endfacet
  facet normal 1 0 0
    outer loop
      vertex 20 40.8 27.8928
      vertex 20 38.2 27.8928
      vertex 20 38.287 27.8347
    endloop
  endfacet
  facet normal 1 0 0
    outer loop
      vertex 20 40.9929 27.9727
      vertex 20 34 31
      vertex 20 38.0071 27.9727
    endloop
  endfacet
  facet normal 1 0 0
    outer loop
      vertex 20 40.8939 27.9391
      vertex 20 38.1061 27.9391
      vertex 20 38.2 27.8928
    endloop
  endfacet
  facet normal 1 0 0
    outer loop
      vertex 20 40.9929 27.9727
      vertex 20 38.0071 27.9727
      vertex 20 38.1061 27.9391
    endloop
  endfacet
  facet normal 1 0 0
    outer loop
      vertex 20 38.0071 27.9727
      vertex 20 34 31
      vertex 20 37.9044 27.9932
    endloop
  endfacet
  facet normal 1 0 0
    outer loop
      vertex 20 37.9044 27.9932
      vertex 20 34 31
      vertex 20 37.8 28
    endloop
  endfacet
  facet normal 1 0 0
    outer loop
      vertex 20 37 27.2
      vertex 20 34 31
      vertex 20 37 14.8
    endloop
  endfacet
  facet normal 1 0 0
    outer loop
      vertex 20 37.0068 27.3044
      vertex 20 34 31
      vertex 20 37 27.2
    endloop
  endfacet
  facet normal 1 0 0
    outer loop
      vertex 20 37.0273 27.4071
      vertex 20 34 31
      vertex 20 37.0068 27.3044
    endloop
  endfacet
  facet normal 1 0 0
    outer loop
      vertex 20 37.0609 27.5061
      vertex 20 34 31
      vertex 20 37.0273 27.4071
    endloop
  endfacet
  facet normal 1 0 0
    outer loop
      vertex 20 37.1072 27.6
      vertex 20 34 31
      vertex 20 37.0609 27.5061
    endloop
  endfacet
  facet normal 1 0 0
    outer loop
      vertex 20 37.1653 27.687
      vertex 20 34 31
      vertex 20 37.1072 27.6
    endloop
  endfacet
  facet normal 1 0 0
    outer loop
      vertex 20 37.2343 27.7657
      vertex 20 34 31
      vertex 20 37.1653 27.687
    endloop
  endfacet
  facet normal 1 0 0
    outer loop
      vertex 20 37.313 27.8347
      vertex 20 34 31
      vertex 20 37.2343 27.7657
    endloop
  endfacet
  facet normal 1 0 0
    outer loop
      vertex 20 37.4 27.8928
      vertex 20 34 31
      vertex 20 37.313 27.8347
    endloop
  endfacet
  facet normal 1 0 0
    outer loop
      vertex 20 37.4939 27.9391
      vertex 20 34 31
      vertex 20 37.4 27.8928
    endloop
  endfacet
  facet normal 1 0 0
    outer loop
      vertex 20 37.5929 27.9727
      vertex 20 34 31
      vertex 20 37.4939 27.9391
    endloop
  endfacet
  facet normal 1 0 0
    outer loop
      vertex 20 37.6956 27.9932
      vertex 20 34 31
      vertex 20 37.5929 27.9727
    endloop
  endfacet
  facet normal 1 0 0
    outer loop
      vertex 20 37.8 28
      vertex 20 34 31
      vertex 20 37.6956 27.9932
    endloop
  endfacet
  facet normal 1 -0 0
    outer loop
      vertex 20 62.4 14.8
      vertex 20 64 11
      vertex 20 62.4 27.2
    endloop
  endfacet
  facet normal 1 -0 0
    outer loop
      vertex 20 62.3932 14.6956
      vertex 20 64 11
      vertex 20 62.4 14.8
    endloop
  endfacet
  facet normal 1 -0 0
    outer loop
      vertex 20 62.3727 14.5929
      vertex 20 64 11
      vertex 20 62.3932 14.6956
    endloop
  endfacet
  facet normal 1 -0 0
    outer loop
      vertex 20 62.3391 14.4939
      vertex 20 64 11
      vertex 20 62.3727 14.5929
    endloop
  endfacet
  facet normal 1 -0 0
    outer loop
      vertex 20 62.2928 14.4
      vertex 20 64 11
      vertex 20 62.3391 14.4939
    endloop
  endfacet
  facet normal 1 -0 0
    outer loop
      vertex 20 62.2347 14.313
      vertex 20 64 11
      vertex 20 62.2928 14.4
    endloop
  endfacet
  facet normal 1 -0 0
    outer loop
      vertex 20 62.1657 14.2343
      vertex 20 64 11
      vertex 20 62.2347 14.313
    endloop
  endfacet
  facet normal 1 -0 0
    outer loop
      vertex 20 62.087 14.1653
      vertex 20 64 11
      vertex 20 62.1657 14.2343
    endloop
  endfacet
  facet normal 1 -0 0
    outer loop
      vertex 20 62 14.1072
      vertex 20 64 11
      vertex 20 62.087 14.1653
    endloop
  endfacet
  facet normal 1 -0 0
    outer loop
      vertex 20 61.9061 14.0609
      vertex 20 64 11
      vertex 20 62 14.1072
    endloop
  endfacet
  facet normal 1 -0 0
    outer loop
      vertex 20 61.8071 14.0273
      vertex 20 64 11
      vertex 20 61.9061 14.0609
    endloop
  endfacet
  facet normal 1 -0 0
    outer loop
      vertex 20 61.7044 14.0068
      vertex 20 64 11
      vertex 20 61.8071 14.0273
    endloop
  endfacet
  facet normal 1 -0 0
    outer loop
      vertex 20 61.6 14
      vertex 20 64 11
      vertex 20 61.7044 14.0068
    endloop
  endfacet
  facet normal 1 0 0
    outer loop
      vertex 20 61.4956 14.0068
      vertex 20 64 11
      vertex 20 61.6 14
    endloop
  endfacet
  facet normal 1 0 0
    outer loop
      vertex 20 61.3929 14.0273
      vertex 20 64 11
      vertex 20 61.4956 14.0068
    endloop
  endfacet
  facet normal 1 0 0
    outer loop
      vertex 20 61.2939 14.0609
      vertex 20 64 11
      vertex 20 61.3929 14.0273
    endloop
  endfacet
  facet normal 1 0 0
    outer loop
      vertex 20 58.5061 14.0609
      vertex 20 61.2939 14.0609
      vertex 20 61.2 14.1072
    endloop
  endfacet
  facet normal 1 0 0
    outer loop
      vertex 20 58.6 14.1072
      vertex 20 61.2 14.1072
      vertex 20 61.113 14.1653
    endloop
  endfacet
  facet normal 1 0 0
    outer loop
      vertex 20 58.687 14.1653
      vertex 20 61.113 14.1653
      vertex 20 61.0343 14.2343
    endloop
  endfacet
  facet normal 1 0 0
    outer loop
      vertex 20 59 14.8
      vertex 20 60.8 14.8
      vertex 20 59 27.2
    endloop
  endfacet
  facet normal 1 0 0
    outer loop
      vertex 20 60.8 14.8
      vertex 20 59 14.8
      vertex 20 60.8068 14.6956
    endloop
  endfacet
  facet normal 1 0 0
    outer loop
      vertex 20 58.9932 14.6956
      vertex 20 60.8068 14.6956
      vertex 20 59 14.8
    endloop
  endfacet
  facet normal 1 0 0
    outer loop
      vertex 20 60.8068 14.6956
      vertex 20 58.9932 14.6956
      vertex 20 60.8273 14.5929
    endloop
  endfacet
  facet normal 1 0 0
    outer loop
      vertex 20 58.9727 14.5929
      vertex 20 60.8273 14.5929
      vertex 20 58.9932 14.6956
    endloop
  endfacet
  facet normal 1 0 0
    outer loop
      vertex 20 60.8273 14.5929
      vertex 20 58.9727 14.5929
      vertex 20 60.8609 14.4939
    endloop
  endfacet
  facet normal 1 0 0
    outer loop
      vertex 20 58.9391 14.4939
      vertex 20 60.8609 14.4939
      vertex 20 58.9727 14.5929
    endloop
  endfacet
  facet normal 1 0 0
    outer loop
      vertex 20 60.8609 14.4939
      vertex 20 58.9391 14.4939
      vertex 20 60.9072 14.4
    endloop
  endfacet
  facet normal 1 0 0
    outer loop
      vertex 20 58.8928 14.4
      vertex 20 60.9072 14.4
      vertex 20 58.9391 14.4939
    endloop
  endfacet
  facet normal 1 0 0
    outer loop
      vertex 20 60.9072 14.4
      vertex 20 58.8928 14.4
      vertex 20 60.9653 14.313
    endloop
  endfacet
  facet normal 1 0 0
    outer loop
      vertex 20 58.8347 14.313
      vertex 20 60.9653 14.313
      vertex 20 58.8928 14.4
    endloop
  endfacet
  facet normal 1 0 0
    outer loop
      vertex 20 60.9653 14.313
      vertex 20 58.8347 14.313
      vertex 20 61.0343 14.2343
    endloop
  endfacet
  facet normal 1 0 0
    outer loop
      vertex 20 58.7657 14.2343
      vertex 20 61.0343 14.2343
      vertex 20 58.8347 14.313
    endloop
  endfacet
  facet normal 1 0 0
    outer loop
      vertex 20 58.687 14.1653
      vertex 20 61.0343 14.2343
      vertex 20 58.7657 14.2343
    endloop
  endfacet
  facet normal 1 0 0
    outer loop
      vertex 20 61.113 14.1653
      vertex 20 58.687 14.1653
      vertex 20 58.6 14.1072
    endloop
  endfacet
  facet normal 1 0 0
    outer loop
      vertex 20 61.2 14.1072
      vertex 20 58.6 14.1072
      vertex 20 58.5061 14.0609
    endloop
  endfacet
  facet normal 1 0 0
    outer loop
      vertex 20 61.2939 14.0609
      vertex 20 58.5061 14.0609
      vertex 20 64 11
    endloop
  endfacet
  facet normal 1 -0 0
    outer loop
      vertex 20 58.4071 14.0273
      vertex 20 64 11
      vertex 20 58.5061 14.0609
    endloop
  endfacet
  facet normal 1 -0 0
    outer loop
      vertex 20 58.3044 14.0068
      vertex 20 64 11
      vertex 20 58.4071 14.0273
    endloop
  endfacet
  facet normal 1 -0 0
    outer loop
      vertex 20 58.2 14
      vertex 20 64 11
      vertex 20 58.3044 14.0068
    endloop
  endfacet
  facet normal 1 0 0
    outer loop
      vertex 20 58.0956 14.0068
      vertex 20 64 11
      vertex 20 58.2 14
    endloop
  endfacet
  facet normal 1 0 0
    outer loop
      vertex 20 54.9044 14.0068
      vertex 20 58.0956 14.0068
      vertex 20 57.9929 14.0273
    endloop
  endfacet
  facet normal 1 0 0
    outer loop
      vertex 20 55.0071 14.0273
      vertex 20 57.9929 14.0273
      vertex 20 57.8939 14.0609
    endloop
  endfacet
  facet normal 1 0 0
    outer loop
      vertex 20 55.1061 14.0609
      vertex 20 57.8939 14.0609
      vertex 20 57.8 14.1072
    endloop
  endfacet
  facet normal 1 0 0
    outer loop
      vertex 20 55.6 14.8
      vertex 20 57.4 14.8
      vertex 20 55.6 27.2
    endloop
  endfacet
  facet normal 1 0 0
    outer loop
      vertex 20 57.4 14.8
      vertex 20 55.6 14.8
      vertex 20 57.4068 14.6956
    endloop
  endfacet
  facet normal 1 0 0
    outer loop
      vertex 20 55.5932 14.6956
      vertex 20 57.4068 14.6956
      vertex 20 55.6 14.8
    endloop
  endfacet
  facet normal 1 0 0
    outer loop
      vertex 20 57.4068 14.6956
      vertex 20 55.5932 14.6956
      vertex 20 57.4273 14.5929
    endloop
  endfacet
  facet normal 1 0 0
    outer loop
      vertex 20 55.5727 14.5929
      vertex 20 57.4273 14.5929
      vertex 20 55.5932 14.6956
    endloop
  endfacet
  facet normal 1 0 0
    outer loop
      vertex 20 57.4273 14.5929
      vertex 20 55.5727 14.5929
      vertex 20 57.4609 14.4939
    endloop
  endfacet
  facet normal 1 0 0
    outer loop
      vertex 20 55.5391 14.4939
      vertex 20 57.4609 14.4939
      vertex 20 55.5727 14.5929
    endloop
  endfacet
  facet normal 1 0 0
    outer loop
      vertex 20 57.4609 14.4939
      vertex 20 55.5391 14.4939
      vertex 20 57.5072 14.4
    endloop
  endfacet
  facet normal 1 0 0
    outer loop
      vertex 20 55.4928 14.4
      vertex 20 57.5072 14.4
      vertex 20 55.5391 14.4939
    endloop
  endfacet
  facet normal 1 0 0
    outer loop
      vertex 20 57.5072 14.4
      vertex 20 55.4928 14.4
      vertex 20 57.5653 14.313
    endloop
  endfacet
  facet normal 1 0 0
    outer loop
      vertex 20 55.4347 14.313
      vertex 20 57.5653 14.313
      vertex 20 55.4928 14.4
    endloop
  endfacet
  facet normal 1 0 0
    outer loop
      vertex 20 57.5653 14.313
      vertex 20 55.4347 14.313
      vertex 20 57.6343 14.2343
    endloop
  endfacet
  facet normal 1 0 0
    outer loop
      vertex 20 55.3657 14.2343
      vertex 20 57.6343 14.2343
      vertex 20 55.4347 14.313
    endloop
  endfacet
  facet normal 1 0 0
    outer loop
      vertex 20 57.6343 14.2343
      vertex 20 55.3657 14.2343
      vertex 20 57.713 14.1653
    endloop
  endfacet
  facet normal 1 0 0
    outer loop
      vertex 20 55.287 14.1653
      vertex 20 57.713 14.1653
      vertex 20 55.3657 14.2343
    endloop
  endfacet
  facet normal 1 0 0
    outer loop
      vertex 20 57.713 14.1653
      vertex 20 55.287 14.1653
      vertex 20 57.8 14.1072
    endloop
  endfacet
  facet normal 1 0 0
    outer loop
      vertex 20 55.2 14.1072
      vertex 20 57.8 14.1072
      vertex 20 55.287 14.1653
    endloop
  endfacet
  facet normal 1 0 0
    outer loop
      vertex 20 55.1061 14.0609
      vertex 20 57.8 14.1072
      vertex 20 55.2 14.1072
    endloop
  endfacet
  facet normal 1 0 0
    outer loop
      vertex 20 57.8939 14.0609
      vertex 20 55.1061 14.0609
      vertex 20 55.0071 14.0273
    endloop
  endfacet
  facet normal 1 0 0
    outer loop
      vertex 20 57.9929 14.0273
      vertex 20 55.0071 14.0273
      vertex 20 54.9044 14.0068
    endloop
  endfacet
  facet normal 1 0 0
    outer loop
      vertex 20 58.0956 14.0068
      vertex 20 54.9044 14.0068
      vertex 20 64 11
    endloop
  endfacet
  facet normal 1 -0 0
    outer loop
      vertex 20 54.8 14
      vertex 20 64 11
      vertex 20 54.9044 14.0068
    endloop
  endfacet
  facet normal 1 0 0
    outer loop
      vertex 20 54.6956 14.0068
      vertex 20 64 11
      vertex 20 54.8 14
    endloop
  endfacet
  facet normal 1 0 0
    outer loop
      vertex 20 51.5044 14.0068
      vertex 20 54.6956 14.0068
      vertex 20 54.5929 14.0273
    endloop
  endfacet
  facet normal 1 0 0
    outer loop
      vertex 20 52.2 14.8
      vertex 20 54 14.8
      vertex 20 52.2 27.2
    endloop
  endfacet
  facet normal 1 0 0
    outer loop
      vertex 20 54 14.8
      vertex 20 52.2 14.8
      vertex 20 54.0068 14.6956
    endloop
  endfacet
  facet normal 1 0 0
    outer loop
      vertex 20 52.1932 14.6956
      vertex 20 54.0068 14.6956
      vertex 20 52.2 14.8
    endloop
  endfacet
  facet normal 1 0 0
    outer loop
      vertex 20 54.0068 14.6956
      vertex 20 52.1932 14.6956
      vertex 20 54.0273 14.5929
    endloop
  endfacet
  facet normal 1 0 0
    outer loop
      vertex 20 52.1727 14.5929
      vertex 20 54.0273 14.5929
      vertex 20 52.1932 14.6956
    endloop
  endfacet
  facet normal 1 0 0
    outer loop
      vertex 20 54.0273 14.5929
      vertex 20 52.1727 14.5929
      vertex 20 54.0609 14.4939
    endloop
  endfacet
  facet normal 1 0 0
    outer loop
      vertex 20 52.1391 14.4939
      vertex 20 54.0609 14.4939
      vertex 20 52.1727 14.5929
    endloop
  endfacet
  facet normal 1 0 0
    outer loop
      vertex 20 54.0609 14.4939
      vertex 20 52.1391 14.4939
      vertex 20 54.1072 14.4
    endloop
  endfacet
  facet normal 1 0 0
    outer loop
      vertex 20 52.0928 14.4
      vertex 20 54.1072 14.4
      vertex 20 52.1391 14.4939
    endloop
  endfacet
  facet normal 1 0 0
    outer loop
      vertex 20 54.1072 14.4
      vertex 20 52.0928 14.4
      vertex 20 54.1653 14.313
    endloop
  endfacet
  facet normal 1 0 0
    outer loop
      vertex 20 52.0347 14.313
      vertex 20 54.1653 14.313
      vertex 20 52.0928 14.4
    endloop
  endfacet
  facet normal 1 0 0
    outer loop
      vertex 20 54.1653 14.313
      vertex 20 52.0347 14.313
      vertex 20 54.2343 14.2343
    endloop
  endfacet
  facet normal 1 0 0
    outer loop
      vertex 20 51.9657 14.2343
      vertex 20 54.2343 14.2343
      vertex 20 52.0347 14.313
    endloop
  endfacet
  facet normal 1 0 0
    outer loop
      vertex 20 54.2343 14.2343
      vertex 20 51.9657 14.2343
      vertex 20 54.313 14.1653
    endloop
  endfacet
  facet normal 1 0 0
    outer loop
      vertex 20 51.887 14.1653
      vertex 20 54.313 14.1653
      vertex 20 51.9657 14.2343
    endloop
  endfacet
  facet normal 1 0 0
    outer loop
      vertex 20 54.313 14.1653
      vertex 20 51.887 14.1653
      vertex 20 54.4 14.1072
    endloop
  endfacet
  facet normal 1 0 0
    outer loop
      vertex 20 51.8 14.1072
      vertex 20 54.4 14.1072
      vertex 20 51.887 14.1653
    endloop
  endfacet
  facet normal 1 0 0
    outer loop
      vertex 20 54.4 14.1072
      vertex 20 51.8 14.1072
      vertex 20 54.4939 14.0609
    endloop
  endfacet
  facet normal 1 0 0
    outer loop
      vertex 20 51.7061 14.0609
      vertex 20 54.4939 14.0609
      vertex 20 51.8 14.1072
    endloop
  endfacet
  facet normal 1 0 0
    outer loop
      vertex 20 54.4939 14.0609
      vertex 20 51.7061 14.0609
      vertex 20 54.5929 14.0273
    endloop
  endfacet
  facet normal 1 0 0
    outer loop
      vertex 20 51.6071 14.0273
      vertex 20 54.5929 14.0273
      vertex 20 51.7061 14.0609
    endloop
  endfacet
  facet normal 1 0 0
    outer loop
      vertex 20 51.5044 14.0068
      vertex 20 54.5929 14.0273
      vertex 20 51.6071 14.0273
    endloop
  endfacet
  facet normal 1 0 0
    outer loop
      vertex 20 54.6956 14.0068
      vertex 20 51.5044 14.0068
      vertex 20 64 11
    endloop
  endfacet
  facet normal 1 -0 0
    outer loop
      vertex 20 51.4 14
      vertex 20 64 11
      vertex 20 51.5044 14.0068
    endloop
  endfacet
  facet normal 1 0 0
    outer loop
      vertex 20 48 14
      vertex 20 51.4 14
      vertex 20 51.2956 14.0068
    endloop
  endfacet
  facet normal 1 0 0
    outer loop
      vertex 20 48.1044 14.0068
      vertex 20 51.2956 14.0068
      vertex 20 51.1929 14.0273
    endloop
  endfacet
  facet normal 1 0 0
    outer loop
      vertex 20 48.8 14.8
      vertex 20 50.6 14.8
      vertex 20 48.8 27.2
    endloop
  endfacet
  facet normal 1 0 0
    outer loop
      vertex 20 50.6 14.8
      vertex 20 48.8 14.8
      vertex 20 50.6068 14.6956
    endloop
  endfacet
  facet normal 1 0 0
    outer loop
      vertex 20 48.7932 14.6956
      vertex 20 50.6068 14.6956
      vertex 20 48.8 14.8
    endloop
  endfacet
  facet normal 1 0 0
    outer loop
      vertex 20 50.6068 14.6956
      vertex 20 48.7932 14.6956
      vertex 20 50.6273 14.5929
    endloop
  endfacet
  facet normal 1 0 0
    outer loop
      vertex 20 48.7727 14.5929
      vertex 20 50.6273 14.5929
      vertex 20 48.7932 14.6956
    endloop
  endfacet
  facet normal 1 0 0
    outer loop
      vertex 20 50.6273 14.5929
      vertex 20 48.7727 14.5929
      vertex 20 50.6609 14.4939
    endloop
  endfacet
  facet normal 1 0 0
    outer loop
      vertex 20 48.7391 14.4939
      vertex 20 50.6609 14.4939
      vertex 20 48.7727 14.5929
    endloop
  endfacet
  facet normal 1 0 0
    outer loop
      vertex 20 50.6609 14.4939
      vertex 20 48.7391 14.4939
      vertex 20 50.7072 14.4
    endloop
  endfacet
  facet normal 1 0 0
    outer loop
      vertex 20 48.6928 14.4
      vertex 20 50.7072 14.4
      vertex 20 48.7391 14.4939
    endloop
  endfacet
  facet normal 1 0 0
    outer loop
      vertex 20 50.7072 14.4
      vertex 20 48.6928 14.4
      vertex 20 50.7653 14.313
    endloop
  endfacet
  facet normal 1 0 0
    outer loop
      vertex 20 48.6347 14.313
      vertex 20 50.7653 14.313
      vertex 20 48.6928 14.4
    endloop
  endfacet
  facet normal 1 0 0
    outer loop
      vertex 20 50.7653 14.313
      vertex 20 48.6347 14.313
      vertex 20 50.8343 14.2343
    endloop
  endfacet
  facet normal 1 0 0
    outer loop
      vertex 20 48.5657 14.2343
      vertex 20 50.8343 14.2343
      vertex 20 48.6347 14.313
    endloop
  endfacet
  facet normal 1 0 0
    outer loop
      vertex 20 50.8343 14.2343
      vertex 20 48.5657 14.2343
      vertex 20 50.913 14.1653
    endloop
  endfacet
  facet normal 1 0 0
    outer loop
      vertex 20 48.487 14.1653
      vertex 20 50.913 14.1653
      vertex 20 48.5657 14.2343
    endloop
  endfacet
  facet normal 1 0 0
    outer loop
      vertex 20 50.913 14.1653
      vertex 20 48.487 14.1653
      vertex 20 51 14.1072
    endloop
  endfacet
  facet normal 1 0 0
    outer loop
      vertex 20 48.4 14.1072
      vertex 20 51 14.1072
      vertex 20 48.487 14.1653
    endloop
  endfacet
  facet normal 1 0 0
    outer loop
      vertex 20 51 14.1072
      vertex 20 48.4 14.1072
      vertex 20 51.0939 14.0609
    endloop
  endfacet
  facet normal 1 0 0
    outer loop
      vertex 20 48.3061 14.0609
      vertex 20 51.0939 14.0609
      vertex 20 48.4 14.1072
    endloop
  endfacet
  facet normal 1 0 0
    outer loop
      vertex 20 51.0939 14.0609
      vertex 20 48.3061 14.0609
      vertex 20 51.1929 14.0273
    endloop
  endfacet
  facet normal 1 0 0
    outer loop
      vertex 20 48.2071 14.0273
      vertex 20 51.1929 14.0273
      vertex 20 48.3061 14.0609
    endloop
  endfacet
  facet normal 1 0 0
    outer loop
      vertex 20 48.1044 14.0068
      vertex 20 51.1929 14.0273
      vertex 20 48.2071 14.0273
    endloop
  endfacet
  facet normal 1 0 0
    outer loop
      vertex 20 51.2956 14.0068
      vertex 20 48.1044 14.0068
      vertex 20 48 14
    endloop
  endfacet
  facet normal 1 0 0
    outer loop
      vertex 20 51.4 14
      vertex 20 48 14
      vertex 20 64 11
    endloop
  endfacet
  facet normal 1 0 0
    outer loop
      vertex 20 34 11
      vertex 20 48 14
      vertex 20 47.8956 14.0068
    endloop
  endfacet
  facet normal 1 0 0
    outer loop
      vertex 20 45.4 14.8
      vertex 20 47.2 14.8
      vertex 20 45.4 27.2
    endloop
  endfacet
  facet normal 1 0 0
    outer loop
      vertex 20 47.2 14.8
      vertex 20 45.4 14.8
      vertex 20 47.2068 14.6956
    endloop
  endfacet
  facet normal 1 0 0
    outer loop
      vertex 20 45.3932 14.6956
      vertex 20 47.2068 14.6956
      vertex 20 45.4 14.8
    endloop
  endfacet
  facet normal 1 0 0
    outer loop
      vertex 20 47.2068 14.6956
      vertex 20 45.3932 14.6956
      vertex 20 47.2273 14.5929
    endloop
  endfacet
  facet normal 1 0 0
    outer loop
      vertex 20 45.3727 14.5929
      vertex 20 47.2273 14.5929
      vertex 20 45.3932 14.6956
    endloop
  endfacet
  facet normal 1 0 0
    outer loop
      vertex 20 47.2273 14.5929
      vertex 20 45.3727 14.5929
      vertex 20 47.2609 14.4939
    endloop
  endfacet
  facet normal 1 0 0
    outer loop
      vertex 20 45.3391 14.4939
      vertex 20 47.2609 14.4939
      vertex 20 45.3727 14.5929
    endloop
  endfacet
  facet normal 1 0 0
    outer loop
      vertex 20 47.2609 14.4939
      vertex 20 45.3391 14.4939
      vertex 20 47.3072 14.4
    endloop
  endfacet
  facet normal 1 0 0
    outer loop
      vertex 20 45.2928 14.4
      vertex 20 47.3072 14.4
      vertex 20 45.3391 14.4939
    endloop
  endfacet
  facet normal 1 0 0
    outer loop
      vertex 20 47.3072 14.4
      vertex 20 45.2928 14.4
      vertex 20 47.3653 14.313
    endloop
  endfacet
  facet normal 1 0 0
    outer loop
      vertex 20 45.2347 14.313
      vertex 20 47.3653 14.313
      vertex 20 45.2928 14.4
    endloop
  endfacet
  facet normal 1 0 0
    outer loop
      vertex 20 47.3653 14.313
      vertex 20 45.2347 14.313
      vertex 20 47.4343 14.2343
    endloop
  endfacet
  facet normal 1 0 0
    outer loop
      vertex 20 45.1657 14.2343
      vertex 20 47.4343 14.2343
      vertex 20 45.2347 14.313
    endloop
  endfacet
  facet normal 1 0 0
    outer loop
      vertex 20 47.4343 14.2343
      vertex 20 45.1657 14.2343
      vertex 20 47.513 14.1653
    endloop
  endfacet
  facet normal 1 0 0
    outer loop
      vertex 20 45.087 14.1653
      vertex 20 47.513 14.1653
      vertex 20 45.1657 14.2343
    endloop
  endfacet
  facet normal 1 0 0
    outer loop
      vertex 20 47.513 14.1653
      vertex 20 45.087 14.1653
      vertex 20 47.6 14.1072
    endloop
  endfacet
  facet normal 1 0 0
    outer loop
      vertex 20 45 14.1072
      vertex 20 47.6 14.1072
      vertex 20 45.087 14.1653
    endloop
  endfacet
  facet normal 1 0 0
    outer loop
      vertex 20 47.6 14.1072
      vertex 20 45 14.1072
      vertex 20 47.6939 14.0609
    endloop
  endfacet
  facet normal 1 0 0
    outer loop
      vertex 20 44.9061 14.0609
      vertex 20 47.6939 14.0609
      vertex 20 45 14.1072
    endloop
  endfacet
  facet normal 1 0 0
    outer loop
      vertex 20 47.6939 14.0609
      vertex 20 44.9061 14.0609
      vertex 20 47.7929 14.0273
    endloop
  endfacet
  facet normal 1 0 0
    outer loop
      vertex 20 44.8071 14.0273
      vertex 20 47.7929 14.0273
      vertex 20 44.9061 14.0609
    endloop
  endfacet
  facet normal 1 0 0
    outer loop
      vertex 20 47.7929 14.0273
      vertex 20 44.8071 14.0273
      vertex 20 47.8956 14.0068
    endloop
  endfacet
  facet normal 1 0 0
    outer loop
      vertex 20 44.7044 14.0068
      vertex 20 47.8956 14.0068
      vertex 20 44.8071 14.0273
    endloop
  endfacet
  facet normal 1 0 0
    outer loop
      vertex 20 34 11
      vertex 20 47.8956 14.0068
      vertex 20 44.7044 14.0068
    endloop
  endfacet
  facet normal 1 0 0
    outer loop
      vertex 20 34 11
      vertex 20 44.7044 14.0068
      vertex 20 44.6 14
    endloop
  endfacet
  facet normal 1 0 0
    outer loop
      vertex 20 34 11
      vertex 20 44.6 14
      vertex 20 44.4956 14.0068
    endloop
  endfacet
  facet normal 1 0 0
    outer loop
      vertex 20 42 14.8
      vertex 20 43.8 14.8
      vertex 20 42 27.2
    endloop
  endfacet
  facet normal 1 0 0
    outer loop
      vertex 20 43.8 14.8
      vertex 20 42 14.8
      vertex 20 43.8068 14.6956
    endloop
  endfacet
  facet normal 1 0 0
    outer loop
      vertex 20 41.9932 14.6956
      vertex 20 43.8068 14.6956
      vertex 20 42 14.8
    endloop
  endfacet
  facet normal 1 0 0
    outer loop
      vertex 20 43.8068 14.6956
      vertex 20 41.9932 14.6956
      vertex 20 43.8273 14.5929
    endloop
  endfacet
  facet normal 1 0 0
    outer loop
      vertex 20 41.9727 14.5929
      vertex 20 43.8273 14.5929
      vertex 20 41.9932 14.6956
    endloop
  endfacet
  facet normal 1 0 0
    outer loop
      vertex 20 43.8273 14.5929
      vertex 20 41.9727 14.5929
      vertex 20 43.8609 14.4939
    endloop
  endfacet
  facet normal 1 0 0
    outer loop
      vertex 20 41.9391 14.4939
      vertex 20 43.8609 14.4939
      vertex 20 41.9727 14.5929
    endloop
  endfacet
  facet normal 1 0 0
    outer loop
      vertex 20 43.8609 14.4939
      vertex 20 41.9391 14.4939
      vertex 20 43.9072 14.4
    endloop
  endfacet
  facet normal 1 0 0
    outer loop
      vertex 20 41.8928 14.4
      vertex 20 43.9072 14.4
      vertex 20 41.9391 14.4939
    endloop
  endfacet
  facet normal 1 0 0
    outer loop
      vertex 20 43.9072 14.4
      vertex 20 41.8928 14.4
      vertex 20 43.9653 14.313
    endloop
  endfacet
  facet normal 1 0 0
    outer loop
      vertex 20 41.8347 14.313
      vertex 20 43.9653 14.313
      vertex 20 41.8928 14.4
    endloop
  endfacet
  facet normal 1 0 0
    outer loop
      vertex 20 43.9653 14.313
      vertex 20 41.8347 14.313
      vertex 20 44.0343 14.2343
    endloop
  endfacet
  facet normal 1 0 0
    outer loop
      vertex 20 41.7657 14.2343
      vertex 20 44.0343 14.2343
      vertex 20 41.8347 14.313
    endloop
  endfacet
  facet normal 1 0 0
    outer loop
      vertex 20 44.0343 14.2343
      vertex 20 41.7657 14.2343
      vertex 20 44.113 14.1653
    endloop
  endfacet
  facet normal 1 0 0
    outer loop
      vertex 20 41.687 14.1653
      vertex 20 44.113 14.1653
      vertex 20 41.7657 14.2343
    endloop
  endfacet
  facet normal 1 0 0
    outer loop
      vertex 20 44.113 14.1653
      vertex 20 41.687 14.1653
      vertex 20 44.2 14.1072
    endloop
  endfacet
  facet normal 1 0 0
    outer loop
      vertex 20 41.6 14.1072
      vertex 20 44.2 14.1072
      vertex 20 41.687 14.1653
    endloop
  endfacet
  facet normal 1 0 0
    outer loop
      vertex 20 44.2 14.1072
      vertex 20 41.6 14.1072
      vertex 20 44.2939 14.0609
    endloop
  endfacet
  facet normal 1 0 0
    outer loop
      vertex 20 41.5061 14.0609
      vertex 20 44.2939 14.0609
      vertex 20 41.6 14.1072
    endloop
  endfacet
  facet normal 1 0 0
    outer loop
      vertex 20 44.2939 14.0609
      vertex 20 41.5061 14.0609
      vertex 20 44.3929 14.0273
    endloop
  endfacet
  facet normal 1 0 0
    outer loop
      vertex 20 41.4071 14.0273
      vertex 20 44.3929 14.0273
      vertex 20 41.5061 14.0609
    endloop
  endfacet
  facet normal 1 0 0
    outer loop
      vertex 20 44.3929 14.0273
      vertex 20 41.4071 14.0273
      vertex 20 44.4956 14.0068
    endloop
  endfacet
  facet normal 1 0 0
    outer loop
      vertex 20 41.3044 14.0068
      vertex 20 44.4956 14.0068
      vertex 20 41.4071 14.0273
    endloop
  endfacet
  facet normal 1 0 0
    outer loop
      vertex 20 44.4956 14.0068
      vertex 20 41.3044 14.0068
      vertex 20 34 11
    endloop
  endfacet
  facet normal 1 0 0
    outer loop
      vertex 20 34 11
      vertex 20 41.3044 14.0068
      vertex 20 41.2 14
    endloop
  endfacet
  facet normal 1 0 0
    outer loop
      vertex 20 34 11
      vertex 20 41.2 14
      vertex 20 41.0956 14.0068
    endloop
  endfacet
  facet normal 1 0 0
    outer loop
      vertex 20 38.6 14.8
      vertex 20 40.4 14.8
      vertex 20 38.6 27.2
    endloop
  endfacet
  facet normal 1 0 0
    outer loop
      vertex 20 40.4 14.8
      vertex 20 38.6 14.8
      vertex 20 40.4068 14.6956
    endloop
  endfacet
  facet normal 1 0 0
    outer loop
      vertex 20 38.5932 14.6956
      vertex 20 40.4068 14.6956
      vertex 20 38.6 14.8
    endloop
  endfacet
  facet normal 1 0 0
    outer loop
      vertex 20 40.4068 14.6956
      vertex 20 38.5932 14.6956
      vertex 20 40.4273 14.5929
    endloop
  endfacet
  facet normal 1 0 0
    outer loop
      vertex 20 38.5727 14.5929
      vertex 20 40.4273 14.5929
      vertex 20 38.5932 14.6956
    endloop
  endfacet
  facet normal 1 0 0
    outer loop
      vertex 20 40.4273 14.5929
      vertex 20 38.5727 14.5929
      vertex 20 40.4609 14.4939
    endloop
  endfacet
  facet normal 1 0 0
    outer loop
      vertex 20 38.5391 14.4939
      vertex 20 40.4609 14.4939
      vertex 20 38.5727 14.5929
    endloop
  endfacet
  facet normal 1 0 0
    outer loop
      vertex 20 40.4609 14.4939
      vertex 20 38.5391 14.4939
      vertex 20 40.5072 14.4
    endloop
  endfacet
  facet normal 1 0 0
    outer loop
      vertex 20 38.4928 14.4
      vertex 20 40.5072 14.4
      vertex 20 38.5391 14.4939
    endloop
  endfacet
  facet normal 1 0 0
    outer loop
      vertex 20 40.5072 14.4
      vertex 20 38.4928 14.4
      vertex 20 40.5653 14.313
    endloop
  endfacet
  facet normal 1 0 0
    outer loop
      vertex 20 38.4347 14.313
      vertex 20 40.5653 14.313
      vertex 20 38.4928 14.4
    endloop
  endfacet
  facet normal 1 0 0
    outer loop
      vertex 20 40.5653 14.313
      vertex 20 38.4347 14.313
      vertex 20 40.6343 14.2343
    endloop
  endfacet
  facet normal 1 0 0
    outer loop
      vertex 20 38.3657 14.2343
      vertex 20 40.6343 14.2343
      vertex 20 38.4347 14.313
    endloop
  endfacet
  facet normal 1 0 0
    outer loop
      vertex 20 40.6343 14.2343
      vertex 20 38.3657 14.2343
      vertex 20 40.713 14.1653
    endloop
  endfacet
  facet normal 1 0 0
    outer loop
      vertex 20 38.287 14.1653
      vertex 20 40.713 14.1653
      vertex 20 38.3657 14.2343
    endloop
  endfacet
  facet normal 1 0 0
    outer loop
      vertex 20 40.713 14.1653
      vertex 20 38.287 14.1653
      vertex 20 40.8 14.1072
    endloop
  endfacet
  facet normal 1 0 0
    outer loop
      vertex 20 38.2 14.1072
      vertex 20 40.8 14.1072
      vertex 20 38.287 14.1653
    endloop
  endfacet
  facet normal 1 0 0
    outer loop
      vertex 20 40.8 14.1072
      vertex 20 38.2 14.1072
      vertex 20 40.8939 14.0609
    endloop
  endfacet
  facet normal 1 0 0
    outer loop
      vertex 20 38.1061 14.0609
      vertex 20 40.8939 14.0609
      vertex 20 38.2 14.1072
    endloop
  endfacet
  facet normal 1 0 0
    outer loop
      vertex 20 40.8939 14.0609
      vertex 20 38.1061 14.0609
      vertex 20 40.9929 14.0273
    endloop
  endfacet
  facet normal 1 0 0
    outer loop
      vertex 20 38.0071 14.0273
      vertex 20 40.9929 14.0273
      vertex 20 38.1061 14.0609
    endloop
  endfacet
  facet normal 1 0 0
    outer loop
      vertex 20 34 11
      vertex 20 40.9929 14.0273
      vertex 20 38.0071 14.0273
    endloop
  endfacet
  facet normal 1 0 0
    outer loop
      vertex 20 40.9929 14.0273
      vertex 20 34 11
      vertex 20 41.0956 14.0068
    endloop
  endfacet
  facet normal 1 0 0
    outer loop
      vertex 20 34 11
      vertex 20 38.0071 14.0273
      vertex 20 37.9044 14.0068
    endloop
  endfacet
  facet normal 1 0 0
    outer loop
      vertex 20 34 11
      vertex 20 37.9044 14.0068
      vertex 20 37.8 14
    endloop
  endfacet
  facet normal 1 0 0
    outer loop
      vertex 20 34 11
      vertex 20 37.8 14
      vertex 20 37.6956 14.0068
    endloop
  endfacet
  facet normal 1 0 0
    outer loop
      vertex 20 34 11
      vertex 20 37 14.8
      vertex 20 34 31
    endloop
  endfacet
  facet normal 1 0 0
    outer loop
      vertex 20 48 14
      vertex 20 34 11
      vertex 20 64 11
    endloop
  endfacet
  facet normal 1 0 0
    outer loop
      vertex 20 37.5929 14.0273
      vertex 20 34 11
      vertex 20 37.6956 14.0068
    endloop
  endfacet
  facet normal 1 0 0
    outer loop
      vertex 20 37.4939 14.0609
      vertex 20 34 11
      vertex 20 37.5929 14.0273
    endloop
  endfacet
  facet normal 1 0 0
    outer loop
      vertex 20 37.4 14.1072
      vertex 20 34 11
      vertex 20 37.4939 14.0609
    endloop
  endfacet
  facet normal 1 0 0
    outer loop
      vertex 20 37.313 14.1653
      vertex 20 34 11
      vertex 20 37.4 14.1072
    endloop
  endfacet
  facet normal 1 0 0
    outer loop
      vertex 20 37.2343 14.2343
      vertex 20 34 11
      vertex 20 37.313 14.1653
    endloop
  endfacet
  facet normal 1 0 0
    outer loop
      vertex 20 37.1653 14.313
      vertex 20 34 11
      vertex 20 37.2343 14.2343
    endloop
  endfacet
  facet normal 1 0 0
    outer loop
      vertex 20 37.1072 14.4
      vertex 20 34 11
      vertex 20 37.1653 14.313
    endloop
  endfacet
  facet normal 1 0 0
    outer loop
      vertex 20 37.0609 14.4939
      vertex 20 34 11
      vertex 20 37.1072 14.4
    endloop
  endfacet
  facet normal 1 0 0
    outer loop
      vertex 20 37.0273 14.5929
      vertex 20 34 11
      vertex 20 37.0609 14.4939
    endloop
  endfacet
  facet normal 1 0 0
    outer loop
      vertex 20 37.0068 14.6956
      vertex 20 34 11
      vertex 20 37.0273 14.5929
    endloop
  endfacet
  facet normal 1 0 0
    outer loop
      vertex 20 37 14.8
      vertex 20 34 11
      vertex 20 37.0068 14.6956
    endloop
  endfacet
  facet normal 0 1 0
    outer loop
      vertex 20 64 31
      vertex 19.9572 64 29.3081
      vertex 19.7344 64 31
    endloop
  endfacet
  facet normal 0 1 -0
    outer loop
      vertex 20 64 11
      vertex 19.9572 64 29.3081
      vertex 20 64 31
    endloop
  endfacet
  facet normal 0 1 0
    outer loop
      vertex 19.9572 64 29.3081
      vertex 20 64 11
      vertex 19.9839 64 11
    endloop
  endfacet
  facet normal 0 0 -1
    outer loop
      vertex 19.9839 34 11
      vertex 20 64 11
      vertex 20 34 11
    endloop
  endfacet
  facet normal -0 0 -1
    outer loop
      vertex 20 64 11
      vertex 19.9839 34 11
      vertex 19.9839 64 11
    endloop
  endfacet
  facet normal 0 -1 0
    outer loop
      vertex 19.9572 34 29.3081
      vertex 20 34 31
      vertex 19.7344 34 31
    endloop
  endfacet
  facet normal 0 -1 0
    outer loop
      vertex 20 34 11
      vertex 19.9572 34 29.3081
      vertex 19.9839 34 11
    endloop
  endfacet
  facet normal 0 -1 0
    outer loop
      vertex 19.9572 34 29.3081
      vertex 20 34 11
      vertex 20 34 31
    endloop
  endfacet
  facet normal -1 0 0
    outer loop
      vertex -19 79.8504 12
      vertex -19 84 12.0583
      vertex -19 84 12
    endloop
  endfacet
  facet normal -1 -0 0
    outer loop
      vertex -19 84 12.0583
      vertex -19 79.8504 12
      vertex -19 83.7025 13.7786
    endloop
  endfacet
  facet normal -1 0 0
    outer loop
      vertex -19 78.3752 18.6
      vertex -19 83.7025 13.7786
      vertex -19 79.8504 12
    endloop
  endfacet
  facet normal -1 0 0
    outer loop
      vertex -19 83.7025 13.7786
      vertex -19 78.3752 18.6
      vertex -19 82.8686 18.6
    endloop
  endfacet
  facet normal -0 0 1
    outer loop
      vertex -18.244 84 18.6
      vertex -16.2856 83.2171 18.6
      vertex -15.599 84 18.6
    endloop
  endfacet
  facet normal 0 0 1
    outer loop
      vertex -16.2856 83.2171 18.6
      vertex -18.244 84 18.6
      vertex -16.6008 82.8576 18.6
    endloop
  endfacet
  facet normal -0 0 1
    outer loop
      vertex -18.5124 83.5983 18.6
      vertex -16.6008 82.8576 18.6
      vertex -18.244 84 18.6
    endloop
  endfacet
  facet normal 0 0 1
    outer loop
      vertex -16.6008 82.8576 18.6
      vertex -18.5124 83.5983 18.6
      vertex -17.521 81.4804 18.6
    endloop
  endfacet
  facet normal -0 0 1
    outer loop
      vertex -19 82.8686 18.6
      vertex -17.521 81.4804 18.6
      vertex -18.5124 83.5983 18.6
    endloop
  endfacet
  facet normal 0 0 1
    outer loop
      vertex -17.521 81.4804 18.6
      vertex -19 82.8686 18.6
      vertex -17.7866 81.0829 18.6
    endloop
  endfacet
  facet normal 0 0 1
    outer loop
      vertex -17.7866 81.0829 18.6
      vertex -19 82.8686 18.6
      vertex -17.9981 80.6541 18.6
    endloop
  endfacet
  facet normal 0 0 1
    outer loop
      vertex -17.9981 80.6541 18.6
      vertex -19 82.8686 18.6
      vertex -18.7307 79.1685 18.6
    endloop
  endfacet
  facet normal 0 0 1
    outer loop
      vertex -18.7307 79.1685 18.6
      vertex -19 82.8686 18.6
      vertex -19 78.3752 18.6
    endloop
  endfacet
endsolid OpenSCAD_Model
