solid OpenSCAD_Model
  facet normal -1 0 0
    outer loop
      vertex 2.3 28 6.6219
      vertex 2.3 30 69.3781
      vertex 2.3 30 6.6219
    endloop
  endfacet
  facet normal -1 -0 0
    outer loop
      vertex 2.3 30 69.3781
      vertex 2.3 28 6.6219
      vertex 2.3 28 69.3781
    endloop
  endfacet
  facet normal -0 0 1
    outer loop
      vertex 6.6219 30 73.7
      vertex 43.3781 28 73.7
      vertex 43.3781 30 73.7
    endloop
  endfacet
  facet normal 0 0 1
    outer loop
      vertex 43.3781 28 73.7
      vertex 6.6219 30 73.7
      vertex 6.6219 28 73.7
    endloop
  endfacet
  facet normal 1 -0 0
    outer loop
      vertex 47.7 28 69.3781
      vertex 47.7 30 6.6219
      vertex 47.7 30 69.3781
    endloop
  endfacet
  facet normal 1 0 0
    outer loop
      vertex 47.7 30 6.6219
      vertex 47.7 28 69.3781
      vertex 47.7 28 6.6219
    endloop
  endfacet
  facet normal 0 -1 0
    outer loop
      vertex 5.38007 30 74.8567
      vertex 3 30 76
      vertex 4.9234 30 75.0458
    endloop
  endfacet
  facet normal 0 -1 0
    outer loop
      vertex 47 30 76
      vertex 45.5572 30 75.1612
      vertex 46.05 30 75.2
    endloop
  endfacet
  facet normal 0 -1 0
    outer loop
      vertex 3 30 76
      vertex 5.38007 30 74.8567
      vertex 47 30 76
    endloop
  endfacet
  facet normal 0 -1 0
    outer loop
      vertex 47 30 76
      vertex 45.0766 30 75.0458
      vertex 45.5572 30 75.1612
    endloop
  endfacet
  facet normal 0 -1 0
    outer loop
      vertex 44.6199 30 74.8567
      vertex 47 30 76
      vertex 5.38007 30 74.8567
    endloop
  endfacet
  facet normal 0 -1 0
    outer loop
      vertex 47 30 76
      vertex 44.6199 30 74.8567
      vertex 45.0766 30 75.0458
    endloop
  endfacet
  facet normal 0 -1 0
    outer loop
      vertex 5.80152 30 74.5984
      vertex 44.6199 30 74.8567
      vertex 5.38007 30 74.8567
    endloop
  endfacet
  facet normal 0 -1 0
    outer loop
      vertex 5.80152 30 74.5984
      vertex 44.1985 30 74.5984
      vertex 44.6199 30 74.8567
    endloop
  endfacet
  facet normal 0 -1 0
    outer loop
      vertex 6.17739 30 74.2774
      vertex 44.1985 30 74.5984
      vertex 5.80152 30 74.5984
    endloop
  endfacet
  facet normal 0 -1 0
    outer loop
      vertex 6.17739 30 74.2774
      vertex 43.8226 30 74.2774
      vertex 44.1985 30 74.5984
    endloop
  endfacet
  facet normal 0 -1 0
    outer loop
      vertex 6.4984 30 73.9015
      vertex 43.8226 30 74.2774
      vertex 6.17739 30 74.2774
    endloop
  endfacet
  facet normal 0 -1 0
    outer loop
      vertex 6.4984 30 73.9015
      vertex 43.5016 30 73.9015
      vertex 43.8226 30 74.2774
    endloop
  endfacet
  facet normal 0 -1 0
    outer loop
      vertex 6.6219 30 73.7
      vertex 43.5016 30 73.9015
      vertex 6.4984 30 73.9015
    endloop
  endfacet
  facet normal 0 -1 0
    outer loop
      vertex 43.5016 30 73.9015
      vertex 6.6219 30 73.7
      vertex 43.3781 30 73.7
    endloop
  endfacet
  facet normal 0 -1 0
    outer loop
      vertex 2.9766 30 75.0458
      vertex 3 30 76
      vertex 2.5307 30 75.9631
    endloop
  endfacet
  facet normal 0 -1 0
    outer loop
      vertex 4.44277 30 75.1612
      vertex 3 30 76
      vertex 3.95 30 75.2
    endloop
  endfacet
  facet normal 0 -1 0
    outer loop
      vertex 2.51993 30 74.8567
      vertex 2.5307 30 75.9631
      vertex 2.07295 30 75.8532
    endloop
  endfacet
  facet normal 0 -1 0
    outer loop
      vertex 4.9234 30 75.0458
      vertex 3 30 76
      vertex 4.44277 30 75.1612
    endloop
  endfacet
  facet normal 0 -1 0
    outer loop
      vertex 2.51993 30 74.8567
      vertex 2.07295 30 75.8532
      vertex 1.63803 30 75.673
    endloop
  endfacet
  facet normal 0 -1 0
    outer loop
      vertex 46.5428 30 75.1612
      vertex 47 30 76
      vertex 46.05 30 75.2
    endloop
  endfacet
  facet normal 0 -1 0
    outer loop
      vertex 2.09848 30 74.5984
      vertex 1.63803 30 75.673
      vertex 1.23664 30 75.427
    endloop
  endfacet
  facet normal 0 -1 0
    outer loop
      vertex 47.0234 30 75.0458
      vertex 47 30 76
      vertex 46.5428 30 75.1612
    endloop
  endfacet
  facet normal 0 -1 0
    outer loop
      vertex 47 30 76
      vertex 47.0234 30 75.0458
      vertex 47.4693 30 75.9631
    endloop
  endfacet
  facet normal 0 -1 0
    outer loop
      vertex 3 30 76
      vertex 3.45723 30 75.1612
      vertex 3.95 30 75.2
    endloop
  endfacet
  facet normal 0 -1 0
    outer loop
      vertex 1.72261 30 74.2774
      vertex 1.23664 30 75.427
      vertex 0.878679 30 75.1213
    endloop
  endfacet
  facet normal 0 -1 -0
    outer loop
      vertex 3 30 76
      vertex 2.9766 30 75.0458
      vertex 3.45723 30 75.1612
    endloop
  endfacet
  facet normal 0 -1 -0
    outer loop
      vertex 2.5307 30 75.9631
      vertex 2.51993 30 74.8567
      vertex 2.9766 30 75.0458
    endloop
  endfacet
  facet normal 0 -1 0
    outer loop
      vertex 1.72261 30 74.2774
      vertex 0.878679 30 75.1213
      vertex 0.572948 30 74.7634
    endloop
  endfacet
  facet normal 0 -1 0
    outer loop
      vertex 1.63803 30 75.673
      vertex 2.09848 30 74.5984
      vertex 2.51993 30 74.8567
    endloop
  endfacet
  facet normal 0 -1 0
    outer loop
      vertex 1.4016 30 73.9015
      vertex 0.572948 30 74.7634
      vertex 0.32698 30 74.362
    endloop
  endfacet
  facet normal 0 -1 0
    outer loop
      vertex 1.23664 30 75.427
      vertex 1.72261 30 74.2774
      vertex 2.09848 30 74.5984
    endloop
  endfacet
  facet normal 0 -1 0
    outer loop
      vertex 1.14333 30 73.4801
      vertex 0.32698 30 74.362
      vertex 0.14683 30 73.927
    endloop
  endfacet
  facet normal 0 -1 0
    outer loop
      vertex 0.572948 30 74.7634
      vertex 1.4016 30 73.9015
      vertex 1.72261 30 74.2774
    endloop
  endfacet
  facet normal 0 -1 0
    outer loop
      vertex 0.32698 30 74.362
      vertex 1.14333 30 73.4801
      vertex 1.4016 30 73.9015
    endloop
  endfacet
  facet normal 0 -1 0
    outer loop
      vertex 0.0369349 30 73.4693
      vertex 1.14333 30 73.4801
      vertex 0.14683 30 73.927
    endloop
  endfacet
  facet normal 0 -1 0
    outer loop
      vertex 0.0369349 30 73.4693
      vertex 0.954171 30 73.0234
      vertex 1.14333 30 73.4801
    endloop
  endfacet
  facet normal 0 -1 0
    outer loop
      vertex 0 30 73
      vertex 0.954171 30 73.0234
      vertex 0.0369349 30 73.4693
    endloop
  endfacet
  facet normal 0 -1 0
    outer loop
      vertex 0 30 73
      vertex 0.838781 30 72.5428
      vertex 0.954171 30 73.0234
    endloop
  endfacet
  facet normal 0 -1 0
    outer loop
      vertex 0 30 73
      vertex 0.799999 30 72.05
      vertex 0.838781 30 72.5428
    endloop
  endfacet
  facet normal 0 -1 0
    outer loop
      vertex 0 30 73
      vertex 0.838781 30 71.5572
      vertex 0.799999 30 72.05
    endloop
  endfacet
  facet normal 0 -1 0
    outer loop
      vertex 0 30 73
      vertex 0.954171 30 71.0766
      vertex 0.838781 30 71.5572
    endloop
  endfacet
  facet normal 0 -1 0
    outer loop
      vertex 0 30 73
      vertex 1.14333 30 70.6199
      vertex 0.954171 30 71.0766
    endloop
  endfacet
  facet normal 0 -1 0
    outer loop
      vertex 2.09848 30 69.5016
      vertex 2.3 30 6.6219
      vertex 2.3 30 69.3781
    endloop
  endfacet
  facet normal 0 -1 0
    outer loop
      vertex 2.09848 30 6.4984
      vertex 2.09848 30 69.5016
      vertex 1.72261 30 69.8226
    endloop
  endfacet
  facet normal 0 -1 0
    outer loop
      vertex 1.72261 30 6.17739
      vertex 1.72261 30 69.8226
      vertex 1.4016 30 70.1985
    endloop
  endfacet
  facet normal 0 -1 0
    outer loop
      vertex 1.4016 30 5.80152
      vertex 1.4016 30 70.1985
      vertex 1.14333 30 70.6199
    endloop
  endfacet
  facet normal 0 -1 0
    outer loop
      vertex 1.14333 30 5.38007
      vertex 1.14333 30 70.6199
      vertex 0 30 73
    endloop
  endfacet
  facet normal 0 -1 0
    outer loop
      vertex 2.09848 30 69.5016
      vertex 2.09848 30 6.4984
      vertex 2.3 30 6.6219
    endloop
  endfacet
  facet normal 0 -1 0
    outer loop
      vertex 1.72261 30 69.8226
      vertex 1.72261 30 6.17739
      vertex 2.09848 30 6.4984
    endloop
  endfacet
  facet normal 0 -1 0
    outer loop
      vertex 1.4016 30 70.1985
      vertex 1.4016 30 5.80152
      vertex 1.72261 30 6.17739
    endloop
  endfacet
  facet normal 0 -1 0
    outer loop
      vertex 1.14333 30 70.6199
      vertex 1.14333 30 5.38007
      vertex 1.4016 30 5.80152
    endloop
  endfacet
  facet normal 0 -1 0
    outer loop
      vertex 0 30 3
      vertex 1.14333 30 5.38007
      vertex 0 30 73
    endloop
  endfacet
  facet normal 0 -1 0
    outer loop
      vertex 1.14333 30 5.38007
      vertex 0 30 3
      vertex 0.954171 30 4.9234
    endloop
  endfacet
  facet normal 0 -1 0
    outer loop
      vertex 0.954171 30 4.9234
      vertex 0 30 3
      vertex 0.838781 30 4.44277
    endloop
  endfacet
  facet normal 0 -1 0
    outer loop
      vertex 0.838781 30 4.44277
      vertex 0 30 3
      vertex 0.799999 30 3.95
    endloop
  endfacet
  facet normal 0 -1 0
    outer loop
      vertex 0 30 3
      vertex 0.838781 30 3.45723
      vertex 0.799999 30 3.95
    endloop
  endfacet
  facet normal 0 -1 0
    outer loop
      vertex 0 30 3
      vertex 0.954171 30 2.9766
      vertex 0.838781 30 3.45723
    endloop
  endfacet
  facet normal 0 -1 0
    outer loop
      vertex 0.0369349 30 2.5307
      vertex 0.954171 30 2.9766
      vertex 0 30 3
    endloop
  endfacet
  facet normal 0 -1 0
    outer loop
      vertex 0.0369349 30 2.5307
      vertex 1.14333 30 2.51993
      vertex 0.954171 30 2.9766
    endloop
  endfacet
  facet normal 0 -1 0
    outer loop
      vertex 0.14683 30 2.07295
      vertex 1.14333 30 2.51993
      vertex 0.0369349 30 2.5307
    endloop
  endfacet
  facet normal 0 -1 0
    outer loop
      vertex 0.32698 30 1.63803
      vertex 1.14333 30 2.51993
      vertex 0.14683 30 2.07295
    endloop
  endfacet
  facet normal 0 -1 -0
    outer loop
      vertex 1.14333 30 2.51993
      vertex 0.32698 30 1.63803
      vertex 1.4016 30 2.09848
    endloop
  endfacet
  facet normal 0 -1 0
    outer loop
      vertex 0.572948 30 1.23664
      vertex 1.4016 30 2.09848
      vertex 0.32698 30 1.63803
    endloop
  endfacet
  facet normal 0 -1 -0
    outer loop
      vertex 1.4016 30 2.09848
      vertex 0.572948 30 1.23664
      vertex 1.72261 30 1.72261
    endloop
  endfacet
  facet normal 0 -1 0
    outer loop
      vertex 0.878679 30 0.878679
      vertex 1.72261 30 1.72261
      vertex 0.572948 30 1.23664
    endloop
  endfacet
  facet normal 0 -1 0
    outer loop
      vertex 1.23664 30 0.572948
      vertex 1.72261 30 1.72261
      vertex 0.878679 30 0.878679
    endloop
  endfacet
  facet normal 0 -1 -0
    outer loop
      vertex 1.72261 30 1.72261
      vertex 1.23664 30 0.572948
      vertex 2.09848 30 1.4016
    endloop
  endfacet
  facet normal 0 -1 0
    outer loop
      vertex 1.63803 30 0.32698
      vertex 2.09848 30 1.4016
      vertex 1.23664 30 0.572948
    endloop
  endfacet
  facet normal 0 -1 -0
    outer loop
      vertex 2.09848 30 1.4016
      vertex 1.63803 30 0.32698
      vertex 2.51993 30 1.14333
    endloop
  endfacet
  facet normal 0 -1 0
    outer loop
      vertex 2.07295 30 0.14683
      vertex 2.51993 30 1.14333
      vertex 1.63803 30 0.32698
    endloop
  endfacet
  facet normal 0 -1 0
    outer loop
      vertex 2.51993 30 1.14333
      vertex 2.5307 30 0.0369349
      vertex 2.9766 30 0.954171
    endloop
  endfacet
  facet normal 0 -1 0
    outer loop
      vertex 2.5307 30 0.0369349
      vertex 2.51993 30 1.14333
      vertex 2.07295 30 0.14683
    endloop
  endfacet
  facet normal 0 -1 0
    outer loop
      vertex 47.4801 30 74.8567
      vertex 47.4693 30 75.9631
      vertex 47.0234 30 75.0458
    endloop
  endfacet
  facet normal 0 -1 0
    outer loop
      vertex 47.4693 30 75.9631
      vertex 47.4801 30 74.8567
      vertex 47.9271 30 75.8532
    endloop
  endfacet
  facet normal 0 -1 -0
    outer loop
      vertex 47.9271 30 75.8532
      vertex 47.4801 30 74.8567
      vertex 48.362 30 75.673
    endloop
  endfacet
  facet normal 0 -1 0
    outer loop
      vertex 47.9015 30 74.5984
      vertex 48.362 30 75.673
      vertex 47.4801 30 74.8567
    endloop
  endfacet
  facet normal 0 -1 -0
    outer loop
      vertex 48.362 30 75.673
      vertex 47.9015 30 74.5984
      vertex 48.7634 30 75.427
    endloop
  endfacet
  facet normal 0 -1 0
    outer loop
      vertex 48.2774 30 74.2774
      vertex 48.7634 30 75.427
      vertex 47.9015 30 74.5984
    endloop
  endfacet
  facet normal 0 -1 -0
    outer loop
      vertex 48.7634 30 75.427
      vertex 48.2774 30 74.2774
      vertex 49.1213 30 75.1213
    endloop
  endfacet
  facet normal 0 -1 -0
    outer loop
      vertex 49.1213 30 75.1213
      vertex 48.2774 30 74.2774
      vertex 49.4271 30 74.7634
    endloop
  endfacet
  facet normal 0 -1 0
    outer loop
      vertex 48.5984 30 73.9015
      vertex 49.4271 30 74.7634
      vertex 48.2774 30 74.2774
    endloop
  endfacet
  facet normal 0 -1 -0
    outer loop
      vertex 49.4271 30 74.7634
      vertex 48.5984 30 73.9015
      vertex 49.673 30 74.362
    endloop
  endfacet
  facet normal 0 -1 0
    outer loop
      vertex 48.8567 30 73.4801
      vertex 49.673 30 74.362
      vertex 48.5984 30 73.9015
    endloop
  endfacet
  facet normal 0 -1 -0
    outer loop
      vertex 49.673 30 74.362
      vertex 48.8567 30 73.4801
      vertex 49.8532 30 73.927
    endloop
  endfacet
  facet normal 0 -1 0
    outer loop
      vertex 48.8567 30 73.4801
      vertex 49.9631 30 73.4693
      vertex 49.8532 30 73.927
    endloop
  endfacet
  facet normal 0 -1 0
    outer loop
      vertex 49.0458 30 73.0234
      vertex 49.9631 30 73.4693
      vertex 48.8567 30 73.4801
    endloop
  endfacet
  facet normal 0 -1 0
    outer loop
      vertex 49.0458 30 73.0234
      vertex 50 30 73
      vertex 49.9631 30 73.4693
    endloop
  endfacet
  facet normal 0 -1 0
    outer loop
      vertex 49.1612 30 72.5428
      vertex 50 30 73
      vertex 49.0458 30 73.0234
    endloop
  endfacet
  facet normal 0 -1 0
    outer loop
      vertex 49.2 30 72.05
      vertex 50 30 73
      vertex 49.1612 30 72.5428
    endloop
  endfacet
  facet normal 0 -1 0
    outer loop
      vertex 49.1612 30 71.5572
      vertex 50 30 73
      vertex 49.2 30 72.05
    endloop
  endfacet
  facet normal 0 -1 0
    outer loop
      vertex 49.0458 30 71.0766
      vertex 50 30 73
      vertex 49.1612 30 71.5572
    endloop
  endfacet
  facet normal 0 -1 0
    outer loop
      vertex 48.8567 30 70.6199
      vertex 50 30 73
      vertex 49.0458 30 71.0766
    endloop
  endfacet
  facet normal 0 -1 0
    outer loop
      vertex 47.7 30 6.6219
      vertex 47.9015 30 69.5016
      vertex 47.7 30 69.3781
    endloop
  endfacet
  facet normal 0 -1 0
    outer loop
      vertex 47.9015 30 6.4984
      vertex 47.9015 30 69.5016
      vertex 47.7 30 6.6219
    endloop
  endfacet
  facet normal 0 -1 0
    outer loop
      vertex 47.9015 30 69.5016
      vertex 47.9015 30 6.4984
      vertex 48.2774 30 69.8226
    endloop
  endfacet
  facet normal 0 -1 0
    outer loop
      vertex 48.2774 30 6.17739
      vertex 48.2774 30 69.8226
      vertex 47.9015 30 6.4984
    endloop
  endfacet
  facet normal 0 -1 0
    outer loop
      vertex 48.2774 30 69.8226
      vertex 48.2774 30 6.17739
      vertex 48.5984 30 70.1985
    endloop
  endfacet
  facet normal 0 -1 0
    outer loop
      vertex 48.5984 30 5.80152
      vertex 48.5984 30 70.1985
      vertex 48.2774 30 6.17739
    endloop
  endfacet
  facet normal 0 -1 0
    outer loop
      vertex 48.5984 30 70.1985
      vertex 48.5984 30 5.80152
      vertex 48.8567 30 70.6199
    endloop
  endfacet
  facet normal 0 -1 0
    outer loop
      vertex 48.8567 30 5.38007
      vertex 48.8567 30 70.6199
      vertex 48.5984 30 5.80152
    endloop
  endfacet
  facet normal 0 -1 0
    outer loop
      vertex 48.8567 30 70.6199
      vertex 48.8567 30 5.38007
      vertex 50 30 73
    endloop
  endfacet
  facet normal 0 -1 0
    outer loop
      vertex 50 30 3
      vertex 48.8567 30 5.38007
      vertex 49.0458 30 4.9234
    endloop
  endfacet
  facet normal 0 -1 0
    outer loop
      vertex 50 30 3
      vertex 49.0458 30 4.9234
      vertex 49.1612 30 4.44277
    endloop
  endfacet
  facet normal 0 -1 0
    outer loop
      vertex 50 30 3
      vertex 49.1612 30 4.44277
      vertex 49.2 30 3.95
    endloop
  endfacet
  facet normal 0 -1 0
    outer loop
      vertex 48.8567 30 5.38007
      vertex 50 30 3
      vertex 50 30 73
    endloop
  endfacet
  facet normal 0 -1 0
    outer loop
      vertex 49.1612 30 3.45723
      vertex 50 30 3
      vertex 49.2 30 3.95
    endloop
  endfacet
  facet normal 0 -1 0
    outer loop
      vertex 49.0458 30 2.9766
      vertex 50 30 3
      vertex 49.1612 30 3.45723
    endloop
  endfacet
  facet normal 0 -1 0
    outer loop
      vertex 49.0458 30 2.9766
      vertex 49.9631 30 2.5307
      vertex 50 30 3
    endloop
  endfacet
  facet normal 0 -1 0
    outer loop
      vertex 48.8567 30 2.51993
      vertex 49.9631 30 2.5307
      vertex 49.0458 30 2.9766
    endloop
  endfacet
  facet normal 0 -1 0
    outer loop
      vertex 49.673 30 1.63803
      vertex 48.8567 30 2.51993
      vertex 48.5984 30 2.09848
    endloop
  endfacet
  facet normal 0 -1 0
    outer loop
      vertex 48.8567 30 2.51993
      vertex 49.8532 30 2.07295
      vertex 49.9631 30 2.5307
    endloop
  endfacet
  facet normal 0 -1 0
    outer loop
      vertex 49.4271 30 1.23664
      vertex 48.5984 30 2.09848
      vertex 48.2774 30 1.72261
    endloop
  endfacet
  facet normal 0 -1 0
    outer loop
      vertex 48.8567 30 2.51993
      vertex 49.673 30 1.63803
      vertex 49.8532 30 2.07295
    endloop
  endfacet
  facet normal 0 -1 0
    outer loop
      vertex 48.7634 30 0.572948
      vertex 48.2774 30 1.72261
      vertex 47.9015 30 1.4016
    endloop
  endfacet
  facet normal 0 -1 0
    outer loop
      vertex 48.5984 30 2.09848
      vertex 49.4271 30 1.23664
      vertex 49.673 30 1.63803
    endloop
  endfacet
  facet normal 0 -1 0
    outer loop
      vertex 48.362 30 0.32698
      vertex 47.9015 30 1.4016
      vertex 47.4801 30 1.14333
    endloop
  endfacet
  facet normal 0 -1 0
    outer loop
      vertex 47.4693 30 0.0369349
      vertex 47.4801 30 1.14333
      vertex 47.0234 30 0.954171
    endloop
  endfacet
  facet normal 0 -1 0
    outer loop
      vertex 48.2774 30 1.72261
      vertex 49.1213 30 0.878679
      vertex 49.4271 30 1.23664
    endloop
  endfacet
  facet normal 0 -1 0
    outer loop
      vertex 47 30 0
      vertex 47.0234 30 0.954171
      vertex 46.5428 30 0.838781
    endloop
  endfacet
  facet normal 0 -1 0
    outer loop
      vertex 47 30 0
      vertex 46.5428 30 0.838781
      vertex 46.05 30 0.799999
    endloop
  endfacet
  facet normal 0 -1 0
    outer loop
      vertex 48.2774 30 1.72261
      vertex 48.7634 30 0.572948
      vertex 49.1213 30 0.878679
    endloop
  endfacet
  facet normal 0 -1 -0
    outer loop
      vertex 3.95 30 0.799999
      vertex 3 30 0
      vertex 46.05 30 0.799999
    endloop
  endfacet
  facet normal 0 -1 0
    outer loop
      vertex 3 30 0
      vertex 2.9766 30 0.954171
      vertex 2.5307 30 0.0369349
    endloop
  endfacet
  facet normal 0 -1 0
    outer loop
      vertex 47 30 0
      vertex 46.05 30 0.799999
      vertex 3 30 0
    endloop
  endfacet
  facet normal 0 -1 0
    outer loop
      vertex 2.9766 30 0.954171
      vertex 3 30 0
      vertex 3.45723 30 0.838781
    endloop
  endfacet
  facet normal 0 -1 -0
    outer loop
      vertex 47.0234 30 0.954171
      vertex 47 30 0
      vertex 47.4693 30 0.0369349
    endloop
  endfacet
  facet normal 0 -1 -0
    outer loop
      vertex 3.45723 30 0.838781
      vertex 3 30 0
      vertex 3.95 30 0.799999
    endloop
  endfacet
  facet normal 0 -1 0
    outer loop
      vertex 47.9015 30 1.4016
      vertex 48.362 30 0.32698
      vertex 48.7634 30 0.572948
    endloop
  endfacet
  facet normal 0 -1 0
    outer loop
      vertex 47.4801 30 1.14333
      vertex 47.9271 30 0.14683
      vertex 48.362 30 0.32698
    endloop
  endfacet
  facet normal 0 -1 -0
    outer loop
      vertex 47.4801 30 1.14333
      vertex 47.4693 30 0.0369349
      vertex 47.9271 30 0.14683
    endloop
  endfacet
  facet normal 0 -1 0
    outer loop
      vertex 6.4984 30 2.09848
      vertex 43.3781 30 2.3
      vertex 6.6219 30 2.3
    endloop
  endfacet
  facet normal 0 -1 0
    outer loop
      vertex 6.4984 30 2.09848
      vertex 43.5016 30 2.09848
      vertex 43.3781 30 2.3
    endloop
  endfacet
  facet normal 0 -1 0
    outer loop
      vertex 6.17739 30 1.72261
      vertex 43.5016 30 2.09848
      vertex 6.4984 30 2.09848
    endloop
  endfacet
  facet normal 0 -1 0
    outer loop
      vertex 6.17739 30 1.72261
      vertex 43.8226 30 1.72261
      vertex 43.5016 30 2.09848
    endloop
  endfacet
  facet normal 0 -1 0
    outer loop
      vertex 5.80152 30 1.4016
      vertex 43.8226 30 1.72261
      vertex 6.17739 30 1.72261
    endloop
  endfacet
  facet normal 0 -1 0
    outer loop
      vertex 5.80152 30 1.4016
      vertex 44.1985 30 1.4016
      vertex 43.8226 30 1.72261
    endloop
  endfacet
  facet normal 0 -1 0
    outer loop
      vertex 5.38007 30 1.14333
      vertex 44.1985 30 1.4016
      vertex 5.80152 30 1.4016
    endloop
  endfacet
  facet normal 0 -1 0
    outer loop
      vertex 5.38007 30 1.14333
      vertex 44.6199 30 1.14333
      vertex 44.1985 30 1.4016
    endloop
  endfacet
  facet normal 0 -1 0
    outer loop
      vertex 4.9234 30 0.954171
      vertex 44.6199 30 1.14333
      vertex 5.38007 30 1.14333
    endloop
  endfacet
  facet normal 0 -1 0
    outer loop
      vertex 4.9234 30 0.954171
      vertex 45.0766 30 0.954171
      vertex 44.6199 30 1.14333
    endloop
  endfacet
  facet normal 0 -1 0
    outer loop
      vertex 4.44277 30 0.838781
      vertex 45.0766 30 0.954171
      vertex 4.9234 30 0.954171
    endloop
  endfacet
  facet normal 0 -1 0
    outer loop
      vertex 4.44277 30 0.838781
      vertex 45.5572 30 0.838781
      vertex 45.0766 30 0.954171
    endloop
  endfacet
  facet normal 0 -1 0
    outer loop
      vertex 3.95 30 0.799999
      vertex 45.5572 30 0.838781
      vertex 4.44277 30 0.838781
    endloop
  endfacet
  facet normal 0 -1 -0
    outer loop
      vertex 45.5572 30 0.838781
      vertex 3.95 30 0.799999
      vertex 46.05 30 0.799999
    endloop
  endfacet
  facet normal 0 -1 0
    outer loop
      vertex 3.76228 30 5.13523
      vertex 3.5 30 7.06458
      vertex 3.45723 30 7.06122
    endloop
  endfacet
  facet normal 0 -1 0
    outer loop
      vertex 3.5 30 7.06458
      vertex 3.95 30 5.15
      vertex 3.95 30 7.1
    endloop
  endfacet
  facet normal 0 -1 0
    outer loop
      vertex 3.76228 30 5.13523
      vertex 3.45723 30 7.06122
      vertex 2.9766 30 6.94583
    endloop
  endfacet
  facet normal 0 -1 0
    outer loop
      vertex 3.95 30 7.1
      vertex 3.95 30 5.15
      vertex 4.44277 30 7.06122
    endloop
  endfacet
  facet normal 0 -1 0
    outer loop
      vertex 3.57918 30 5.09127
      vertex 2.9766 30 6.94583
      vertex 2.51993 30 6.75667
    endloop
  endfacet
  facet normal 0 -1 0
    outer loop
      vertex 4.13772 30 5.13523
      vertex 4.44277 30 7.06122
      vertex 3.95 30 5.15
    endloop
  endfacet
  facet normal 0 -1 0
    outer loop
      vertex 3.40521 30 5.01921
      vertex 2.51993 30 6.75667
      vertex 2.3 30 6.6219
    endloop
  endfacet
  facet normal 0 -1 0
    outer loop
      vertex 3.24466 30 4.92082
      vertex 2.3 30 6.6219
      vertex 2.09848 30 6.4984
    endloop
  endfacet
  facet normal 0 -1 -0
    outer loop
      vertex 4.44277 30 7.06122
      vertex 4.13772 30 5.13523
      vertex 4.9234 30 6.94583
    endloop
  endfacet
  facet normal 0 -1 0
    outer loop
      vertex 3.24466 30 4.92082
      vertex 2.09848 30 6.4984
      vertex 1.72261 30 6.17739
    endloop
  endfacet
  facet normal 0 -1 0
    outer loop
      vertex 4.32082 30 5.09127
      vertex 4.9234 30 6.94583
      vertex 4.13772 30 5.13523
    endloop
  endfacet
  facet normal 0 -1 0
    outer loop
      vertex 3.10147 30 4.79853
      vertex 1.72261 30 6.17739
      vertex 1.4016 30 5.80152
    endloop
  endfacet
  facet normal 0 -1 -0
    outer loop
      vertex 4.9234 30 6.94583
      vertex 4.32082 30 5.09127
      vertex 5.38007 30 6.75667
    endloop
  endfacet
  facet normal 0 -1 0
    outer loop
      vertex 2.97918 30 4.65534
      vertex 1.4016 30 5.80152
      vertex 1.14333 30 5.38007
    endloop
  endfacet
  facet normal 0 -1 0
    outer loop
      vertex 4.49479 30 5.01921
      vertex 5.38007 30 6.75667
      vertex 4.32082 30 5.09127
    endloop
  endfacet
  facet normal 0 -1 -0
    outer loop
      vertex 5.38007 30 6.75667
      vertex 4.49479 30 5.01921
      vertex 5.80152 30 6.4984
    endloop
  endfacet
  facet normal 0 -1 0
    outer loop
      vertex 3.5 30 7.06458
      vertex 3.76228 30 5.13523
      vertex 3.95 30 5.15
    endloop
  endfacet
  facet normal 0 -1 0
    outer loop
      vertex 2.9766 30 6.94583
      vertex 3.57918 30 5.09127
      vertex 3.76228 30 5.13523
    endloop
  endfacet
  facet normal 0 -1 0
    outer loop
      vertex 2.51993 30 6.75667
      vertex 3.40521 30 5.01921
      vertex 3.57918 30 5.09127
    endloop
  endfacet
  facet normal 0 -1 0
    outer loop
      vertex 2.88079 30 4.49479
      vertex 1.14333 30 5.38007
      vertex 0.954171 30 4.9234
    endloop
  endfacet
  facet normal 0 -1 0
    outer loop
      vertex 2.3 30 6.6219
      vertex 3.24466 30 4.92082
      vertex 3.40521 30 5.01921
    endloop
  endfacet
  facet normal 0 -1 0
    outer loop
      vertex 1.72261 30 6.17739
      vertex 3.10147 30 4.79853
      vertex 3.24466 30 4.92082
    endloop
  endfacet
  facet normal 0 -1 0
    outer loop
      vertex 1.4016 30 5.80152
      vertex 2.97918 30 4.65534
      vertex 3.10147 30 4.79853
    endloop
  endfacet
  facet normal 0 -1 0
    outer loop
      vertex 1.14333 30 5.38007
      vertex 2.88079 30 4.49479
      vertex 2.97918 30 4.65534
    endloop
  endfacet
  facet normal 0 -1 0
    outer loop
      vertex 2.80873 30 4.32082
      vertex 0.954171 30 4.9234
      vertex 0.838781 30 4.44277
    endloop
  endfacet
  facet normal 0 -1 0
    outer loop
      vertex 0.954171 30 4.9234
      vertex 2.80873 30 4.32082
      vertex 2.88079 30 4.49479
    endloop
  endfacet
  facet normal 0 -1 0
    outer loop
      vertex 0.838781 30 4.44277
      vertex 2.76477 30 4.13772
      vertex 2.80873 30 4.32082
    endloop
  endfacet
  facet normal 0 -1 0
    outer loop
      vertex 0.799999 30 3.95
      vertex 2.76477 30 4.13772
      vertex 0.838781 30 4.44277
    endloop
  endfacet
  facet normal 0 -1 0
    outer loop
      vertex 0.799999 30 3.95
      vertex 2.75 30 3.95
      vertex 2.76477 30 4.13772
    endloop
  endfacet
  facet normal 0 -1 0
    outer loop
      vertex 0.799999 30 3.95
      vertex 2.76477 30 3.76228
      vertex 2.75 30 3.95
    endloop
  endfacet
  facet normal 0 -1 0
    outer loop
      vertex 0.838781 30 3.45723
      vertex 2.76477 30 3.76228
      vertex 0.799999 30 3.95
    endloop
  endfacet
  facet normal 0 -1 -0
    outer loop
      vertex 2.76477 30 3.76228
      vertex 0.838781 30 3.45723
      vertex 2.80873 30 3.57918
    endloop
  endfacet
  facet normal 0 -1 0
    outer loop
      vertex 0.954171 30 2.9766
      vertex 2.80873 30 3.57918
      vertex 0.838781 30 3.45723
    endloop
  endfacet
  facet normal 0 -1 -0
    outer loop
      vertex 2.80873 30 3.57918
      vertex 0.954171 30 2.9766
      vertex 2.88079 30 3.40521
    endloop
  endfacet
  facet normal 0 -1 0
    outer loop
      vertex 1.14333 30 2.51993
      vertex 2.88079 30 3.40521
      vertex 0.954171 30 2.9766
    endloop
  endfacet
  facet normal 0 -1 -0
    outer loop
      vertex 2.88079 30 3.40521
      vertex 1.14333 30 2.51993
      vertex 2.97918 30 3.24466
    endloop
  endfacet
  facet normal 0 -1 0
    outer loop
      vertex 1.4016 30 2.09848
      vertex 2.97918 30 3.24466
      vertex 1.14333 30 2.51993
    endloop
  endfacet
  facet normal 0 -1 -0
    outer loop
      vertex 2.97918 30 3.24466
      vertex 1.4016 30 2.09848
      vertex 3.10147 30 3.10147
    endloop
  endfacet
  facet normal 0 -1 0
    outer loop
      vertex 1.72261 30 1.72261
      vertex 3.10147 30 3.10147
      vertex 1.4016 30 2.09848
    endloop
  endfacet
  facet normal 0 -1 -0
    outer loop
      vertex 3.10147 30 3.10147
      vertex 1.72261 30 1.72261
      vertex 3.24466 30 2.97918
    endloop
  endfacet
  facet normal 0 -1 0
    outer loop
      vertex 2.09848 30 1.4016
      vertex 3.24466 30 2.97918
      vertex 1.72261 30 1.72261
    endloop
  endfacet
  facet normal 0 -1 -0
    outer loop
      vertex 3.24466 30 2.97918
      vertex 2.09848 30 1.4016
      vertex 3.40521 30 2.88079
    endloop
  endfacet
  facet normal 0 -1 0
    outer loop
      vertex 4.65534 30 4.92082
      vertex 5.80152 30 6.4984
      vertex 4.49479 30 5.01921
    endloop
  endfacet
  facet normal 0 -1 -0
    outer loop
      vertex 5.80152 30 6.4984
      vertex 4.65534 30 4.92082
      vertex 6.17739 30 6.17739
    endloop
  endfacet
  facet normal 0 -1 0
    outer loop
      vertex 4.79853 30 4.79853
      vertex 6.17739 30 6.17739
      vertex 4.65534 30 4.92082
    endloop
  endfacet
  facet normal 0 -1 -0
    outer loop
      vertex 6.17739 30 6.17739
      vertex 4.79853 30 4.79853
      vertex 6.4984 30 5.80152
    endloop
  endfacet
  facet normal 0 -1 0
    outer loop
      vertex 4.92082 30 4.65534
      vertex 6.4984 30 5.80152
      vertex 4.79853 30 4.79853
    endloop
  endfacet
  facet normal 0 -1 -0
    outer loop
      vertex 6.4984 30 5.80152
      vertex 4.92082 30 4.65534
      vertex 6.75667 30 5.38007
    endloop
  endfacet
  facet normal 0 -1 0
    outer loop
      vertex 5.01921 30 4.49479
      vertex 6.75667 30 5.38007
      vertex 4.92082 30 4.65534
    endloop
  endfacet
  facet normal 0 -1 -0
    outer loop
      vertex 6.75667 30 5.38007
      vertex 5.01921 30 4.49479
      vertex 6.94583 30 4.9234
    endloop
  endfacet
  facet normal 0 -1 0
    outer loop
      vertex 5.09127 30 4.32082
      vertex 6.94583 30 4.9234
      vertex 5.01921 30 4.49479
    endloop
  endfacet
  facet normal 0 -1 -0
    outer loop
      vertex 6.94583 30 4.9234
      vertex 5.09127 30 4.32082
      vertex 7.06122 30 4.44277
    endloop
  endfacet
  facet normal 0 -1 0
    outer loop
      vertex 5.13523 30 4.13772
      vertex 7.06122 30 4.44277
      vertex 5.09127 30 4.32082
    endloop
  endfacet
  facet normal 0 -1 0
    outer loop
      vertex 5.15 30 3.95
      vertex 7.06122 30 4.44277
      vertex 5.13523 30 4.13772
    endloop
  endfacet
  facet normal 0 -1 0
    outer loop
      vertex 5.15 30 3.95
      vertex 7.1 30 3.95
      vertex 7.06122 30 4.44277
    endloop
  endfacet
  facet normal 0 -1 0
    outer loop
      vertex 7.06458 30 3.5
      vertex 5.15 30 3.95
      vertex 5.13523 30 3.76228
    endloop
  endfacet
  facet normal 0 -1 0
    outer loop
      vertex 7.06122 30 3.45723
      vertex 5.13523 30 3.76228
      vertex 5.09127 30 3.57918
    endloop
  endfacet
  facet normal 0 -1 0
    outer loop
      vertex 5.15 30 3.95
      vertex 7.06458 30 3.5
      vertex 7.1 30 3.95
    endloop
  endfacet
  facet normal 0 -1 0
    outer loop
      vertex 5.13523 30 3.76228
      vertex 7.06122 30 3.45723
      vertex 7.06458 30 3.5
    endloop
  endfacet
  facet normal 0 -1 0
    outer loop
      vertex 6.94583 30 2.9766
      vertex 5.09127 30 3.57918
      vertex 5.01921 30 3.40521
    endloop
  endfacet
  facet normal 0 -1 0
    outer loop
      vertex 6.6219 30 2.3
      vertex 5.01921 30 3.40521
      vertex 4.92082 30 3.24466
    endloop
  endfacet
  facet normal 0 -1 0
    outer loop
      vertex 6.4984 30 2.09848
      vertex 4.92082 30 3.24466
      vertex 4.79853 30 3.10147
    endloop
  endfacet
  facet normal 0 -1 0
    outer loop
      vertex 6.17739 30 1.72261
      vertex 4.79853 30 3.10147
      vertex 4.65534 30 2.97918
    endloop
  endfacet
  facet normal 0 -1 0
    outer loop
      vertex 5.09127 30 3.57918
      vertex 6.94583 30 2.9766
      vertex 7.06122 30 3.45723
    endloop
  endfacet
  facet normal 0 -1 0
    outer loop
      vertex 5.80152 30 1.4016
      vertex 4.65534 30 2.97918
      vertex 4.49479 30 2.88079
    endloop
  endfacet
  facet normal 0 -1 0
    outer loop
      vertex 5.38007 30 1.14333
      vertex 4.49479 30 2.88079
      vertex 4.32082 30 2.80873
    endloop
  endfacet
  facet normal 0 -1 0
    outer loop
      vertex 4.9234 30 0.954171
      vertex 4.32082 30 2.80873
      vertex 4.13772 30 2.76477
    endloop
  endfacet
  facet normal 0 -1 0
    outer loop
      vertex 4.44277 30 0.838781
      vertex 4.13772 30 2.76477
      vertex 3.95 30 2.75
    endloop
  endfacet
  facet normal 0 -1 0
    outer loop
      vertex 2.51993 30 1.14333
      vertex 3.40521 30 2.88079
      vertex 2.09848 30 1.4016
    endloop
  endfacet
  facet normal 0 -1 0
    outer loop
      vertex 5.01921 30 3.40521
      vertex 6.6219 30 2.3
      vertex 6.75667 30 2.51993
    endloop
  endfacet
  facet normal 0 -1 0
    outer loop
      vertex 5.01921 30 3.40521
      vertex 6.75667 30 2.51993
      vertex 6.94583 30 2.9766
    endloop
  endfacet
  facet normal 0 -1 -0
    outer loop
      vertex 3.40521 30 2.88079
      vertex 2.51993 30 1.14333
      vertex 3.57918 30 2.80873
    endloop
  endfacet
  facet normal 0 -1 0
    outer loop
      vertex 2.9766 30 0.954171
      vertex 3.57918 30 2.80873
      vertex 2.51993 30 1.14333
    endloop
  endfacet
  facet normal 0 -1 -0
    outer loop
      vertex 3.57918 30 2.80873
      vertex 2.9766 30 0.954171
      vertex 3.76228 30 2.76477
    endloop
  endfacet
  facet normal 0 -1 0
    outer loop
      vertex 4.92082 30 3.24466
      vertex 6.4984 30 2.09848
      vertex 6.6219 30 2.3
    endloop
  endfacet
  facet normal 0 -1 0
    outer loop
      vertex 4.65534 30 2.97918
      vertex 5.80152 30 1.4016
      vertex 6.17739 30 1.72261
    endloop
  endfacet
  facet normal 0 -1 0
    outer loop
      vertex 4.79853 30 3.10147
      vertex 6.17739 30 1.72261
      vertex 6.4984 30 2.09848
    endloop
  endfacet
  facet normal 0 -1 0
    outer loop
      vertex 3.45723 30 0.838781
      vertex 3.76228 30 2.76477
      vertex 2.9766 30 0.954171
    endloop
  endfacet
  facet normal 0 -1 0
    outer loop
      vertex 4.49479 30 2.88079
      vertex 5.38007 30 1.14333
      vertex 5.80152 30 1.4016
    endloop
  endfacet
  facet normal 0 -1 -0
    outer loop
      vertex 3.76228 30 2.76477
      vertex 3.45723 30 0.838781
      vertex 3.95 30 2.75
    endloop
  endfacet
  facet normal 0 -1 0
    outer loop
      vertex 4.32082 30 2.80873
      vertex 4.9234 30 0.954171
      vertex 5.38007 30 1.14333
    endloop
  endfacet
  facet normal 0 -1 0
    outer loop
      vertex 3.95 30 0.799999
      vertex 3.95 30 2.75
      vertex 3.45723 30 0.838781
    endloop
  endfacet
  facet normal 0 -1 0
    outer loop
      vertex 4.13772 30 2.76477
      vertex 4.44277 30 0.838781
      vertex 4.9234 30 0.954171
    endloop
  endfacet
  facet normal 0 -1 0
    outer loop
      vertex 3.95 30 2.75
      vertex 3.95 30 0.799999
      vertex 4.44277 30 0.838781
    endloop
  endfacet
  facet normal 0 -1 0
    outer loop
      vertex 5.38007 30 6.75667
      vertex 5.38007 30 69.2433
      vertex 4.9234 30 6.94583
    endloop
  endfacet
  facet normal 0 -1 0
    outer loop
      vertex 44.6199 30 69.2433
      vertex 45.5572 30 7.06122
      vertex 46.05 30 7.1
    endloop
  endfacet
  facet normal 0 -1 0
    outer loop
      vertex 5.38007 30 69.2433
      vertex 5.38007 30 6.75667
      vertex 44.6199 30 69.2433
    endloop
  endfacet
  facet normal 0 -1 0
    outer loop
      vertex 44.6199 30 69.2433
      vertex 45.0766 30 6.94583
      vertex 45.5572 30 7.06122
    endloop
  endfacet
  facet normal 0 -1 0
    outer loop
      vertex 44.6199 30 6.75667
      vertex 44.6199 30 69.2433
      vertex 5.38007 30 6.75667
    endloop
  endfacet
  facet normal 0 -1 0
    outer loop
      vertex 44.6199 30 69.2433
      vertex 44.6199 30 6.75667
      vertex 45.0766 30 6.94583
    endloop
  endfacet
  facet normal 0 -1 0
    outer loop
      vertex 5.80152 30 6.4984
      vertex 44.6199 30 6.75667
      vertex 5.38007 30 6.75667
    endloop
  endfacet
  facet normal 0 -1 0
    outer loop
      vertex 5.80152 30 6.4984
      vertex 44.1985 30 6.4984
      vertex 44.6199 30 6.75667
    endloop
  endfacet
  facet normal 0 -1 0
    outer loop
      vertex 6.17739 30 6.17739
      vertex 44.1985 30 6.4984
      vertex 5.80152 30 6.4984
    endloop
  endfacet
  facet normal 0 -1 0
    outer loop
      vertex 6.17739 30 6.17739
      vertex 43.8226 30 6.17739
      vertex 44.1985 30 6.4984
    endloop
  endfacet
  facet normal 0 -1 0
    outer loop
      vertex 6.4984 30 5.80152
      vertex 43.8226 30 6.17739
      vertex 6.17739 30 6.17739
    endloop
  endfacet
  facet normal 0 -1 0
    outer loop
      vertex 6.4984 30 5.80152
      vertex 43.5016 30 5.80152
      vertex 43.8226 30 6.17739
    endloop
  endfacet
  facet normal 0 -1 0
    outer loop
      vertex 6.75667 30 5.38007
      vertex 43.5016 30 5.80152
      vertex 6.4984 30 5.80152
    endloop
  endfacet
  facet normal 0 -1 0
    outer loop
      vertex 6.75667 30 5.38007
      vertex 43.2433 30 5.38007
      vertex 43.5016 30 5.80152
    endloop
  endfacet
  facet normal 0 -1 0
    outer loop
      vertex 6.94583 30 4.9234
      vertex 43.2433 30 5.38007
      vertex 6.75667 30 5.38007
    endloop
  endfacet
  facet normal 0 -1 0
    outer loop
      vertex 6.94583 30 4.9234
      vertex 43.0542 30 4.9234
      vertex 43.2433 30 5.38007
    endloop
  endfacet
  facet normal 0 -1 0
    outer loop
      vertex 7.06122 30 4.44277
      vertex 43.0542 30 4.9234
      vertex 6.94583 30 4.9234
    endloop
  endfacet
  facet normal 0 -1 0
    outer loop
      vertex 7.06122 30 4.44277
      vertex 42.9388 30 4.44277
      vertex 43.0542 30 4.9234
    endloop
  endfacet
  facet normal 0 -1 0
    outer loop
      vertex 7.1 30 3.95
      vertex 42.9388 30 4.44277
      vertex 7.06122 30 4.44277
    endloop
  endfacet
  facet normal 0 -1 0
    outer loop
      vertex 7.1 30 3.95
      vertex 42.9 30 3.95
      vertex 42.9388 30 4.44277
    endloop
  endfacet
  facet normal 0 -1 0
    outer loop
      vertex 7.06458 30 3.5
      vertex 42.9 30 3.95
      vertex 7.1 30 3.95
    endloop
  endfacet
  facet normal 0 -1 -0
    outer loop
      vertex 42.9 30 3.95
      vertex 7.06458 30 3.5
      vertex 42.9354 30 3.5
    endloop
  endfacet
  facet normal 0 -1 0
    outer loop
      vertex 45.0766 30 69.0542
      vertex 46.05 30 7.1
      vertex 45.5572 30 68.9388
    endloop
  endfacet
  facet normal 0 -1 0
    outer loop
      vertex 3.5 30 68.9354
      vertex 3.95 30 7.1
      vertex 3.95 30 68.9
    endloop
  endfacet
  facet normal -0 -1 0
    outer loop
      vertex 3.95 30 7.1
      vertex 3.5 30 68.9354
      vertex 3.5 30 7.06458
    endloop
  endfacet
  facet normal 0 -1 0
    outer loop
      vertex 7.1 30 72.05
      vertex 42.9354 30 72.5
      vertex 7.06458 30 72.5
    endloop
  endfacet
  facet normal 0 -1 0
    outer loop
      vertex 7.1 30 72.05
      vertex 42.9 30 72.05
      vertex 42.9354 30 72.5
    endloop
  endfacet
  facet normal 0 -1 0
    outer loop
      vertex 7.06122 30 71.5572
      vertex 42.9 30 72.05
      vertex 7.1 30 72.05
    endloop
  endfacet
  facet normal 0 -1 0
    outer loop
      vertex 7.06122 30 71.5572
      vertex 42.9388 30 71.5572
      vertex 42.9 30 72.05
    endloop
  endfacet
  facet normal 0 -1 0
    outer loop
      vertex 6.94583 30 71.0766
      vertex 42.9388 30 71.5572
      vertex 7.06122 30 71.5572
    endloop
  endfacet
  facet normal 0 -1 0
    outer loop
      vertex 6.94583 30 71.0766
      vertex 43.0542 30 71.0766
      vertex 42.9388 30 71.5572
    endloop
  endfacet
  facet normal 0 -1 0
    outer loop
      vertex 6.75667 30 70.6199
      vertex 43.0542 30 71.0766
      vertex 6.94583 30 71.0766
    endloop
  endfacet
  facet normal 0 -1 0
    outer loop
      vertex 6.75667 30 70.6199
      vertex 43.2433 30 70.6199
      vertex 43.0542 30 71.0766
    endloop
  endfacet
  facet normal 0 -1 0
    outer loop
      vertex 6.4984 30 70.1985
      vertex 43.2433 30 70.6199
      vertex 6.75667 30 70.6199
    endloop
  endfacet
  facet normal 0 -1 0
    outer loop
      vertex 6.4984 30 70.1985
      vertex 43.5016 30 70.1985
      vertex 43.2433 30 70.6199
    endloop
  endfacet
  facet normal 0 -1 0
    outer loop
      vertex 6.17739 30 69.8226
      vertex 43.5016 30 70.1985
      vertex 6.4984 30 70.1985
    endloop
  endfacet
  facet normal 0 -1 0
    outer loop
      vertex 6.17739 30 69.8226
      vertex 43.8226 30 69.8226
      vertex 43.5016 30 70.1985
    endloop
  endfacet
  facet normal 0 -1 0
    outer loop
      vertex 5.80152 30 69.5016
      vertex 43.8226 30 69.8226
      vertex 6.17739 30 69.8226
    endloop
  endfacet
  facet normal 0 -1 0
    outer loop
      vertex 5.80152 30 69.5016
      vertex 44.1985 30 69.5016
      vertex 43.8226 30 69.8226
    endloop
  endfacet
  facet normal 0 -1 0
    outer loop
      vertex 5.38007 30 69.2433
      vertex 44.1985 30 69.5016
      vertex 5.80152 30 69.5016
    endloop
  endfacet
  facet normal 0 -1 0
    outer loop
      vertex 5.38007 30 69.2433
      vertex 44.6199 30 69.2433
      vertex 44.1985 30 69.5016
    endloop
  endfacet
  facet normal 0 -1 0
    outer loop
      vertex 4.44277 30 68.9388
      vertex 4.44277 30 7.06122
      vertex 4.9234 30 69.0542
    endloop
  endfacet
  facet normal 0 -1 0
    outer loop
      vertex 4.9234 30 6.94583
      vertex 4.9234 30 69.0542
      vertex 4.44277 30 7.06122
    endloop
  endfacet
  facet normal 0 -1 0
    outer loop
      vertex 4.44277 30 7.06122
      vertex 4.44277 30 68.9388
      vertex 3.95 30 7.1
    endloop
  endfacet
  facet normal 0 -1 0
    outer loop
      vertex 4.9234 30 69.0542
      vertex 4.9234 30 6.94583
      vertex 5.38007 30 69.2433
    endloop
  endfacet
  facet normal 0 -1 0
    outer loop
      vertex 3.95 30 7.1
      vertex 4.44277 30 68.9388
      vertex 3.95 30 68.9
    endloop
  endfacet
  facet normal 0 -1 0
    outer loop
      vertex 44.6199 30 69.2433
      vertex 46.05 30 7.1
      vertex 45.0766 30 69.0542
    endloop
  endfacet
  facet normal 0 -1 0
    outer loop
      vertex 45.5572 30 68.9388
      vertex 46.05 30 7.1
      vertex 46.05 30 68.9
    endloop
  endfacet
  facet normal 0 -1 0
    outer loop
      vertex 46.05 30 68.9
      vertex 46.05 30 7.1
      vertex 46.5 30 68.9354
    endloop
  endfacet
  facet normal 0 -1 -0
    outer loop
      vertex 46.5 30 68.9354
      vertex 46.05 30 7.1
      vertex 46.5 30 7.06458
    endloop
  endfacet
  facet normal 0 -1 0
    outer loop
      vertex 46.05 30 5.15
      vertex 46.05 30 7.1
      vertex 45.5572 30 7.06122
    endloop
  endfacet
  facet normal 0 -1 0
    outer loop
      vertex 46.05 30 7.1
      vertex 46.05 30 5.15
      vertex 46.5 30 7.06458
    endloop
  endfacet
  facet normal 0 -1 0
    outer loop
      vertex 45.8623 30 5.13523
      vertex 45.5572 30 7.06122
      vertex 45.0766 30 6.94583
    endloop
  endfacet
  facet normal 0 -1 0
    outer loop
      vertex 46.2377 30 5.13523
      vertex 46.5 30 7.06458
      vertex 46.05 30 5.15
    endloop
  endfacet
  facet normal 0 -1 0
    outer loop
      vertex 45.6792 30 5.09127
      vertex 45.0766 30 6.94583
      vertex 44.6199 30 6.75667
    endloop
  endfacet
  facet normal 0 -1 -0
    outer loop
      vertex 46.5 30 7.06458
      vertex 46.2377 30 5.13523
      vertex 46.5428 30 7.06122
    endloop
  endfacet
  facet normal 0 -1 -0
    outer loop
      vertex 46.5428 30 7.06122
      vertex 46.2377 30 5.13523
      vertex 47.0234 30 6.94583
    endloop
  endfacet
  facet normal 0 -1 0
    outer loop
      vertex 45.5052 30 5.01921
      vertex 44.6199 30 6.75667
      vertex 44.1985 30 6.4984
    endloop
  endfacet
  facet normal 0 -1 0
    outer loop
      vertex 46.4208 30 5.09127
      vertex 47.0234 30 6.94583
      vertex 46.2377 30 5.13523
    endloop
  endfacet
  facet normal 0 -1 0
    outer loop
      vertex 45.3447 30 4.92082
      vertex 44.1985 30 6.4984
      vertex 43.8226 30 6.17739
    endloop
  endfacet
  facet normal 0 -1 -0
    outer loop
      vertex 47.0234 30 6.94583
      vertex 46.4208 30 5.09127
      vertex 47.4801 30 6.75667
    endloop
  endfacet
  facet normal 0 -1 0
    outer loop
      vertex 45.2015 30 4.79853
      vertex 43.8226 30 6.17739
      vertex 43.5016 30 5.80152
    endloop
  endfacet
  facet normal 0 -1 0
    outer loop
      vertex 46.5948 30 5.01921
      vertex 47.4801 30 6.75667
      vertex 46.4208 30 5.09127
    endloop
  endfacet
  facet normal 0 -1 0
    outer loop
      vertex 45.0792 30 4.65534
      vertex 43.5016 30 5.80152
      vertex 43.2433 30 5.38007
    endloop
  endfacet
  facet normal 0 -1 -0
    outer loop
      vertex 47.4801 30 6.75667
      vertex 46.5948 30 5.01921
      vertex 47.7 30 6.6219
    endloop
  endfacet
  facet normal 0 -1 0
    outer loop
      vertex 46.7553 30 4.92082
      vertex 47.7 30 6.6219
      vertex 46.5948 30 5.01921
    endloop
  endfacet
  facet normal 0 -1 0
    outer loop
      vertex 45.5572 30 7.06122
      vertex 45.8623 30 5.13523
      vertex 46.05 30 5.15
    endloop
  endfacet
  facet normal 0 -1 0
    outer loop
      vertex 45.0766 30 6.94583
      vertex 45.6792 30 5.09127
      vertex 45.8623 30 5.13523
    endloop
  endfacet
  facet normal 0 -1 0
    outer loop
      vertex 44.6199 30 6.75667
      vertex 45.5052 30 5.01921
      vertex 45.6792 30 5.09127
    endloop
  endfacet
  facet normal 0 -1 0
    outer loop
      vertex 44.9808 30 4.49479
      vertex 43.2433 30 5.38007
      vertex 43.0542 30 4.9234
    endloop
  endfacet
  facet normal 0 -1 0
    outer loop
      vertex 44.1985 30 6.4984
      vertex 45.3447 30 4.92082
      vertex 45.5052 30 5.01921
    endloop
  endfacet
  facet normal 0 -1 0
    outer loop
      vertex 43.8226 30 6.17739
      vertex 45.2015 30 4.79853
      vertex 45.3447 30 4.92082
    endloop
  endfacet
  facet normal 0 -1 0
    outer loop
      vertex 43.5016 30 5.80152
      vertex 45.0792 30 4.65534
      vertex 45.2015 30 4.79853
    endloop
  endfacet
  facet normal 0 -1 0
    outer loop
      vertex 43.2433 30 5.38007
      vertex 44.9808 30 4.49479
      vertex 45.0792 30 4.65534
    endloop
  endfacet
  facet normal 0 -1 0
    outer loop
      vertex 44.9087 30 4.32082
      vertex 43.0542 30 4.9234
      vertex 42.9388 30 4.44277
    endloop
  endfacet
  facet normal 0 -1 0
    outer loop
      vertex 43.0542 30 4.9234
      vertex 44.9087 30 4.32082
      vertex 44.9808 30 4.49479
    endloop
  endfacet
  facet normal 0 -1 0
    outer loop
      vertex 42.9388 30 4.44277
      vertex 44.8648 30 4.13772
      vertex 44.9087 30 4.32082
    endloop
  endfacet
  facet normal 0 -1 0
    outer loop
      vertex 42.9 30 3.95
      vertex 44.8648 30 4.13772
      vertex 42.9388 30 4.44277
    endloop
  endfacet
  facet normal 0 -1 0
    outer loop
      vertex 42.9 30 3.95
      vertex 44.85 30 3.95
      vertex 44.8648 30 4.13772
    endloop
  endfacet
  facet normal 0 -1 0
    outer loop
      vertex 42.9354 30 3.5
      vertex 44.85 30 3.95
      vertex 42.9 30 3.95
    endloop
  endfacet
  facet normal 0 -1 -0
    outer loop
      vertex 44.85 30 3.95
      vertex 42.9354 30 3.5
      vertex 44.8648 30 3.76228
    endloop
  endfacet
  facet normal 0 -1 0
    outer loop
      vertex 42.9388 30 3.45723
      vertex 44.8648 30 3.76228
      vertex 42.9354 30 3.5
    endloop
  endfacet
  facet normal 0 -1 -0
    outer loop
      vertex 44.8648 30 3.76228
      vertex 42.9388 30 3.45723
      vertex 44.9087 30 3.57918
    endloop
  endfacet
  facet normal 0 -1 0
    outer loop
      vertex 43.0542 30 2.9766
      vertex 44.9087 30 3.57918
      vertex 42.9388 30 3.45723
    endloop
  endfacet
  facet normal 0 -1 -0
    outer loop
      vertex 44.9087 30 3.57918
      vertex 43.0542 30 2.9766
      vertex 44.9808 30 3.40521
    endloop
  endfacet
  facet normal 0 -1 0
    outer loop
      vertex 43.2433 30 2.51993
      vertex 44.9808 30 3.40521
      vertex 43.0542 30 2.9766
    endloop
  endfacet
  facet normal 0 -1 0
    outer loop
      vertex 43.3781 30 2.3
      vertex 44.9808 30 3.40521
      vertex 43.2433 30 2.51993
    endloop
  endfacet
  facet normal 0 -1 -0
    outer loop
      vertex 44.9808 30 3.40521
      vertex 43.3781 30 2.3
      vertex 45.0792 30 3.24466
    endloop
  endfacet
  facet normal 0 -1 0
    outer loop
      vertex 43.5016 30 2.09848
      vertex 45.0792 30 3.24466
      vertex 43.3781 30 2.3
    endloop
  endfacet
  facet normal 0 -1 -0
    outer loop
      vertex 45.0792 30 3.24466
      vertex 43.5016 30 2.09848
      vertex 45.2015 30 3.10147
    endloop
  endfacet
  facet normal 0 -1 0
    outer loop
      vertex 43.8226 30 1.72261
      vertex 45.2015 30 3.10147
      vertex 43.5016 30 2.09848
    endloop
  endfacet
  facet normal 0 -1 -0
    outer loop
      vertex 45.2015 30 3.10147
      vertex 43.8226 30 1.72261
      vertex 45.3447 30 2.97918
    endloop
  endfacet
  facet normal 0 -1 0
    outer loop
      vertex 44.1985 30 1.4016
      vertex 45.3447 30 2.97918
      vertex 43.8226 30 1.72261
    endloop
  endfacet
  facet normal 0 -1 -0
    outer loop
      vertex 47.7 30 6.6219
      vertex 46.7553 30 4.92082
      vertex 47.9015 30 6.4984
    endloop
  endfacet
  facet normal 0 -1 -0
    outer loop
      vertex 47.9015 30 6.4984
      vertex 46.7553 30 4.92082
      vertex 48.2774 30 6.17739
    endloop
  endfacet
  facet normal 0 -1 0
    outer loop
      vertex 46.8985 30 4.79853
      vertex 48.2774 30 6.17739
      vertex 46.7553 30 4.92082
    endloop
  endfacet
  facet normal 0 -1 -0
    outer loop
      vertex 48.2774 30 6.17739
      vertex 46.8985 30 4.79853
      vertex 48.5984 30 5.80152
    endloop
  endfacet
  facet normal 0 -1 0
    outer loop
      vertex 47.0208 30 4.65534
      vertex 48.5984 30 5.80152
      vertex 46.8985 30 4.79853
    endloop
  endfacet
  facet normal 0 -1 -0
    outer loop
      vertex 48.5984 30 5.80152
      vertex 47.0208 30 4.65534
      vertex 48.8567 30 5.38007
    endloop
  endfacet
  facet normal 0 -1 0
    outer loop
      vertex 47.1192 30 4.49479
      vertex 48.8567 30 5.38007
      vertex 47.0208 30 4.65534
    endloop
  endfacet
  facet normal 0 -1 -0
    outer loop
      vertex 48.8567 30 5.38007
      vertex 47.1192 30 4.49479
      vertex 49.0458 30 4.9234
    endloop
  endfacet
  facet normal 0 -1 0
    outer loop
      vertex 47.1913 30 4.32082
      vertex 49.0458 30 4.9234
      vertex 47.1192 30 4.49479
    endloop
  endfacet
  facet normal 0 -1 -0
    outer loop
      vertex 49.0458 30 4.9234
      vertex 47.1913 30 4.32082
      vertex 49.1612 30 4.44277
    endloop
  endfacet
  facet normal 0 -1 0
    outer loop
      vertex 47.2352 30 4.13772
      vertex 49.1612 30 4.44277
      vertex 47.1913 30 4.32082
    endloop
  endfacet
  facet normal 0 -1 0
    outer loop
      vertex 47.25 30 3.95
      vertex 49.1612 30 4.44277
      vertex 47.2352 30 4.13772
    endloop
  endfacet
  facet normal 0 -1 0
    outer loop
      vertex 47.25 30 3.95
      vertex 49.2 30 3.95
      vertex 49.1612 30 4.44277
    endloop
  endfacet
  facet normal 0 -1 0
    outer loop
      vertex 47.2352 30 3.76228
      vertex 49.2 30 3.95
      vertex 47.25 30 3.95
    endloop
  endfacet
  facet normal 0 -1 0
    outer loop
      vertex 49.1612 30 3.45723
      vertex 47.2352 30 3.76228
      vertex 47.1913 30 3.57918
    endloop
  endfacet
  facet normal 0 -1 0
    outer loop
      vertex 47.2352 30 3.76228
      vertex 49.1612 30 3.45723
      vertex 49.2 30 3.95
    endloop
  endfacet
  facet normal 0 -1 0
    outer loop
      vertex 49.0458 30 2.9766
      vertex 47.1913 30 3.57918
      vertex 47.1192 30 3.40521
    endloop
  endfacet
  facet normal 0 -1 0
    outer loop
      vertex 48.8567 30 2.51993
      vertex 47.1192 30 3.40521
      vertex 47.0208 30 3.24466
    endloop
  endfacet
  facet normal 0 -1 0
    outer loop
      vertex 48.5984 30 2.09848
      vertex 47.0208 30 3.24466
      vertex 46.8985 30 3.10147
    endloop
  endfacet
  facet normal 0 -1 0
    outer loop
      vertex 48.2774 30 1.72261
      vertex 46.8985 30 3.10147
      vertex 46.7553 30 2.97918
    endloop
  endfacet
  facet normal 0 -1 0
    outer loop
      vertex 47.1913 30 3.57918
      vertex 49.0458 30 2.9766
      vertex 49.1612 30 3.45723
    endloop
  endfacet
  facet normal 0 -1 0
    outer loop
      vertex 47.9015 30 1.4016
      vertex 46.7553 30 2.97918
      vertex 46.5948 30 2.88079
    endloop
  endfacet
  facet normal 0 -1 0
    outer loop
      vertex 47.4801 30 1.14333
      vertex 46.5948 30 2.88079
      vertex 46.4208 30 2.80873
    endloop
  endfacet
  facet normal 0 -1 0
    outer loop
      vertex 47.0234 30 0.954171
      vertex 46.4208 30 2.80873
      vertex 46.2377 30 2.76477
    endloop
  endfacet
  facet normal 0 -1 0
    outer loop
      vertex 46.5428 30 0.838781
      vertex 46.2377 30 2.76477
      vertex 46.05 30 2.75
    endloop
  endfacet
  facet normal 0 -1 -0
    outer loop
      vertex 45.3447 30 2.97918
      vertex 44.1985 30 1.4016
      vertex 45.5052 30 2.88079
    endloop
  endfacet
  facet normal 0 -1 0
    outer loop
      vertex 44.6199 30 1.14333
      vertex 45.5052 30 2.88079
      vertex 44.1985 30 1.4016
    endloop
  endfacet
  facet normal 0 -1 0
    outer loop
      vertex 47.1192 30 3.40521
      vertex 48.8567 30 2.51993
      vertex 49.0458 30 2.9766
    endloop
  endfacet
  facet normal 0 -1 -0
    outer loop
      vertex 45.5052 30 2.88079
      vertex 44.6199 30 1.14333
      vertex 45.6792 30 2.80873
    endloop
  endfacet
  facet normal 0 -1 0
    outer loop
      vertex 47.0208 30 3.24466
      vertex 48.5984 30 2.09848
      vertex 48.8567 30 2.51993
    endloop
  endfacet
  facet normal 0 -1 0
    outer loop
      vertex 45.0766 30 0.954171
      vertex 45.6792 30 2.80873
      vertex 44.6199 30 1.14333
    endloop
  endfacet
  facet normal 0 -1 0
    outer loop
      vertex 46.8985 30 3.10147
      vertex 48.2774 30 1.72261
      vertex 48.5984 30 2.09848
    endloop
  endfacet
  facet normal 0 -1 -0
    outer loop
      vertex 45.6792 30 2.80873
      vertex 45.0766 30 0.954171
      vertex 45.8623 30 2.76477
    endloop
  endfacet
  facet normal 0 -1 0
    outer loop
      vertex 46.7553 30 2.97918
      vertex 47.9015 30 1.4016
      vertex 48.2774 30 1.72261
    endloop
  endfacet
  facet normal 0 -1 0
    outer loop
      vertex 45.5572 30 0.838781
      vertex 45.8623 30 2.76477
      vertex 45.0766 30 0.954171
    endloop
  endfacet
  facet normal 0 -1 0
    outer loop
      vertex 46.5948 30 2.88079
      vertex 47.4801 30 1.14333
      vertex 47.9015 30 1.4016
    endloop
  endfacet
  facet normal 0 -1 -0
    outer loop
      vertex 45.8623 30 2.76477
      vertex 45.5572 30 0.838781
      vertex 46.05 30 2.75
    endloop
  endfacet
  facet normal 0 -1 0
    outer loop
      vertex 46.4208 30 2.80873
      vertex 47.0234 30 0.954171
      vertex 47.4801 30 1.14333
    endloop
  endfacet
  facet normal 0 -1 0
    outer loop
      vertex 46.05 30 0.799999
      vertex 46.05 30 2.75
      vertex 45.5572 30 0.838781
    endloop
  endfacet
  facet normal 0 -1 0
    outer loop
      vertex 46.2377 30 2.76477
      vertex 46.5428 30 0.838781
      vertex 47.0234 30 0.954171
    endloop
  endfacet
  facet normal 0 -1 0
    outer loop
      vertex 46.05 30 2.75
      vertex 46.05 30 0.799999
      vertex 46.5428 30 0.838781
    endloop
  endfacet
  facet normal 0 -1 0
    outer loop
      vertex 3.95 30 73.25
      vertex 3.95 30 75.2
      vertex 3.45723 30 75.1612
    endloop
  endfacet
  facet normal 0 -1 0
    outer loop
      vertex 3.76228 30 73.2352
      vertex 3.45723 30 75.1612
      vertex 2.9766 30 75.0458
    endloop
  endfacet
  facet normal 0 -1 0
    outer loop
      vertex 3.95 30 75.2
      vertex 3.95 30 73.25
      vertex 4.44277 30 75.1612
    endloop
  endfacet
  facet normal 0 -1 0
    outer loop
      vertex 3.57918 30 73.1913
      vertex 2.9766 30 75.0458
      vertex 2.51993 30 74.8567
    endloop
  endfacet
  facet normal 0 -1 0
    outer loop
      vertex 4.13772 30 73.2352
      vertex 4.44277 30 75.1612
      vertex 3.95 30 73.25
    endloop
  endfacet
  facet normal 0 -1 0
    outer loop
      vertex 3.40521 30 73.1192
      vertex 2.51993 30 74.8567
      vertex 2.09848 30 74.5984
    endloop
  endfacet
  facet normal 0 -1 -0
    outer loop
      vertex 4.44277 30 75.1612
      vertex 4.13772 30 73.2352
      vertex 4.9234 30 75.0458
    endloop
  endfacet
  facet normal 0 -1 0
    outer loop
      vertex 3.24466 30 73.0208
      vertex 2.09848 30 74.5984
      vertex 1.72261 30 74.2774
    endloop
  endfacet
  facet normal 0 -1 0
    outer loop
      vertex 4.32082 30 73.1913
      vertex 4.9234 30 75.0458
      vertex 4.13772 30 73.2352
    endloop
  endfacet
  facet normal 0 -1 0
    outer loop
      vertex 3.10147 30 72.8985
      vertex 1.72261 30 74.2774
      vertex 1.4016 30 73.9015
    endloop
  endfacet
  facet normal 0 -1 -0
    outer loop
      vertex 4.9234 30 75.0458
      vertex 4.32082 30 73.1913
      vertex 5.38007 30 74.8567
    endloop
  endfacet
  facet normal 0 -1 0
    outer loop
      vertex 4.49479 30 73.1192
      vertex 5.38007 30 74.8567
      vertex 4.32082 30 73.1913
    endloop
  endfacet
  facet normal 0 -1 0
    outer loop
      vertex 2.97918 30 72.7553
      vertex 1.4016 30 73.9015
      vertex 1.14333 30 73.4801
    endloop
  endfacet
  facet normal 0 -1 -0
    outer loop
      vertex 5.38007 30 74.8567
      vertex 4.49479 30 73.1192
      vertex 5.80152 30 74.5984
    endloop
  endfacet
  facet normal 0 -1 0
    outer loop
      vertex 4.65534 30 73.0208
      vertex 5.80152 30 74.5984
      vertex 4.49479 30 73.1192
    endloop
  endfacet
  facet normal 0 -1 0
    outer loop
      vertex 3.45723 30 75.1612
      vertex 3.76228 30 73.2352
      vertex 3.95 30 73.25
    endloop
  endfacet
  facet normal 0 -1 0
    outer loop
      vertex 2.9766 30 75.0458
      vertex 3.57918 30 73.1913
      vertex 3.76228 30 73.2352
    endloop
  endfacet
  facet normal 0 -1 0
    outer loop
      vertex 2.51993 30 74.8567
      vertex 3.40521 30 73.1192
      vertex 3.57918 30 73.1913
    endloop
  endfacet
  facet normal 0 -1 0
    outer loop
      vertex 2.88079 30 72.5948
      vertex 1.14333 30 73.4801
      vertex 0.954171 30 73.0234
    endloop
  endfacet
  facet normal 0 -1 0
    outer loop
      vertex 2.09848 30 74.5984
      vertex 3.24466 30 73.0208
      vertex 3.40521 30 73.1192
    endloop
  endfacet
  facet normal 0 -1 0
    outer loop
      vertex 1.72261 30 74.2774
      vertex 3.10147 30 72.8985
      vertex 3.24466 30 73.0208
    endloop
  endfacet
  facet normal 0 -1 0
    outer loop
      vertex 1.4016 30 73.9015
      vertex 2.97918 30 72.7553
      vertex 3.10147 30 72.8985
    endloop
  endfacet
  facet normal 0 -1 0
    outer loop
      vertex 1.14333 30 73.4801
      vertex 2.88079 30 72.5948
      vertex 2.97918 30 72.7553
    endloop
  endfacet
  facet normal 0 -1 0
    outer loop
      vertex 2.80873 30 72.4208
      vertex 0.954171 30 73.0234
      vertex 0.838781 30 72.5428
    endloop
  endfacet
  facet normal 0 -1 0
    outer loop
      vertex 0.954171 30 73.0234
      vertex 2.80873 30 72.4208
      vertex 2.88079 30 72.5948
    endloop
  endfacet
  facet normal 0 -1 0
    outer loop
      vertex 0.838781 30 72.5428
      vertex 2.76477 30 72.2377
      vertex 2.80873 30 72.4208
    endloop
  endfacet
  facet normal 0 -1 0
    outer loop
      vertex 0.799999 30 72.05
      vertex 2.76477 30 72.2377
      vertex 0.838781 30 72.5428
    endloop
  endfacet
  facet normal 0 -1 0
    outer loop
      vertex 0.799999 30 72.05
      vertex 2.75 30 72.05
      vertex 2.76477 30 72.2377
    endloop
  endfacet
  facet normal 0 -1 0
    outer loop
      vertex 0.799999 30 72.05
      vertex 2.76477 30 71.8623
      vertex 2.75 30 72.05
    endloop
  endfacet
  facet normal 0 -1 0
    outer loop
      vertex 0.838781 30 71.5572
      vertex 2.76477 30 71.8623
      vertex 0.799999 30 72.05
    endloop
  endfacet
  facet normal 0 -1 -0
    outer loop
      vertex 2.76477 30 71.8623
      vertex 0.838781 30 71.5572
      vertex 2.80873 30 71.6792
    endloop
  endfacet
  facet normal 0 -1 0
    outer loop
      vertex 0.954171 30 71.0766
      vertex 2.80873 30 71.6792
      vertex 0.838781 30 71.5572
    endloop
  endfacet
  facet normal 0 -1 -0
    outer loop
      vertex 2.80873 30 71.6792
      vertex 0.954171 30 71.0766
      vertex 2.88079 30 71.5052
    endloop
  endfacet
  facet normal 0 -1 0
    outer loop
      vertex 1.14333 30 70.6199
      vertex 2.88079 30 71.5052
      vertex 0.954171 30 71.0766
    endloop
  endfacet
  facet normal 0 -1 -0
    outer loop
      vertex 2.88079 30 71.5052
      vertex 1.14333 30 70.6199
      vertex 2.97918 30 71.3447
    endloop
  endfacet
  facet normal 0 -1 0
    outer loop
      vertex 1.4016 30 70.1985
      vertex 2.97918 30 71.3447
      vertex 1.14333 30 70.6199
    endloop
  endfacet
  facet normal 0 -1 -0
    outer loop
      vertex 2.97918 30 71.3447
      vertex 1.4016 30 70.1985
      vertex 3.10147 30 71.2015
    endloop
  endfacet
  facet normal 0 -1 0
    outer loop
      vertex 1.72261 30 69.8226
      vertex 3.10147 30 71.2015
      vertex 1.4016 30 70.1985
    endloop
  endfacet
  facet normal 0 -1 -0
    outer loop
      vertex 3.10147 30 71.2015
      vertex 1.72261 30 69.8226
      vertex 3.24466 30 71.0792
    endloop
  endfacet
  facet normal 0 -1 0
    outer loop
      vertex 2.09848 30 69.5016
      vertex 3.24466 30 71.0792
      vertex 1.72261 30 69.8226
    endloop
  endfacet
  facet normal 0 -1 0
    outer loop
      vertex 2.3 30 69.3781
      vertex 3.24466 30 71.0792
      vertex 2.09848 30 69.5016
    endloop
  endfacet
  facet normal 0 -1 -0
    outer loop
      vertex 5.80152 30 74.5984
      vertex 4.65534 30 73.0208
      vertex 6.17739 30 74.2774
    endloop
  endfacet
  facet normal 0 -1 0
    outer loop
      vertex 4.79853 30 72.8985
      vertex 6.17739 30 74.2774
      vertex 4.65534 30 73.0208
    endloop
  endfacet
  facet normal 0 -1 -0
    outer loop
      vertex 6.17739 30 74.2774
      vertex 4.79853 30 72.8985
      vertex 6.4984 30 73.9015
    endloop
  endfacet
  facet normal 0 -1 0
    outer loop
      vertex 4.92082 30 72.7553
      vertex 6.4984 30 73.9015
      vertex 4.79853 30 72.8985
    endloop
  endfacet
  facet normal 0 -1 -0
    outer loop
      vertex 6.4984 30 73.9015
      vertex 4.92082 30 72.7553
      vertex 6.6219 30 73.7
    endloop
  endfacet
  facet normal 0 -1 0
    outer loop
      vertex 5.01921 30 72.5948
      vertex 6.6219 30 73.7
      vertex 4.92082 30 72.7553
    endloop
  endfacet
  facet normal 0 -1 -0
    outer loop
      vertex 6.6219 30 73.7
      vertex 5.01921 30 72.5948
      vertex 6.75667 30 73.4801
    endloop
  endfacet
  facet normal 0 -1 -0
    outer loop
      vertex 6.75667 30 73.4801
      vertex 5.01921 30 72.5948
      vertex 6.94583 30 73.0234
    endloop
  endfacet
  facet normal 0 -1 0
    outer loop
      vertex 5.09127 30 72.4208
      vertex 6.94583 30 73.0234
      vertex 5.01921 30 72.5948
    endloop
  endfacet
  facet normal 0 -1 -0
    outer loop
      vertex 6.94583 30 73.0234
      vertex 5.09127 30 72.4208
      vertex 7.06122 30 72.5428
    endloop
  endfacet
  facet normal 0 -1 0
    outer loop
      vertex 5.13523 30 72.2377
      vertex 7.06122 30 72.5428
      vertex 5.09127 30 72.4208
    endloop
  endfacet
  facet normal 0 -1 -0
    outer loop
      vertex 7.06122 30 72.5428
      vertex 5.13523 30 72.2377
      vertex 7.06458 30 72.5
    endloop
  endfacet
  facet normal 0 -1 0
    outer loop
      vertex 5.15 30 72.05
      vertex 7.06458 30 72.5
      vertex 5.13523 30 72.2377
    endloop
  endfacet
  facet normal 0 -1 0
    outer loop
      vertex 5.15 30 72.05
      vertex 7.1 30 72.05
      vertex 7.06458 30 72.5
    endloop
  endfacet
  facet normal 0 -1 0
    outer loop
      vertex 5.13523 30 71.8623
      vertex 7.1 30 72.05
      vertex 5.15 30 72.05
    endloop
  endfacet
  facet normal 0 -1 0
    outer loop
      vertex 7.06122 30 71.5572
      vertex 5.13523 30 71.8623
      vertex 5.09127 30 71.6792
    endloop
  endfacet
  facet normal 0 -1 0
    outer loop
      vertex 5.13523 30 71.8623
      vertex 7.06122 30 71.5572
      vertex 7.1 30 72.05
    endloop
  endfacet
  facet normal 0 -1 0
    outer loop
      vertex 6.94583 30 71.0766
      vertex 5.09127 30 71.6792
      vertex 5.01921 30 71.5052
    endloop
  endfacet
  facet normal 0 -1 0
    outer loop
      vertex 6.75667 30 70.6199
      vertex 5.01921 30 71.5052
      vertex 4.92082 30 71.3447
    endloop
  endfacet
  facet normal 0 -1 0
    outer loop
      vertex 6.4984 30 70.1985
      vertex 4.92082 30 71.3447
      vertex 4.79853 30 71.2015
    endloop
  endfacet
  facet normal 0 -1 0
    outer loop
      vertex 6.17739 30 69.8226
      vertex 4.79853 30 71.2015
      vertex 4.65534 30 71.0792
    endloop
  endfacet
  facet normal 0 -1 0
    outer loop
      vertex 5.09127 30 71.6792
      vertex 6.94583 30 71.0766
      vertex 7.06122 30 71.5572
    endloop
  endfacet
  facet normal 0 -1 0
    outer loop
      vertex 5.80152 30 69.5016
      vertex 4.65534 30 71.0792
      vertex 4.49479 30 70.9808
    endloop
  endfacet
  facet normal 0 -1 0
    outer loop
      vertex 5.38007 30 69.2433
      vertex 4.49479 30 70.9808
      vertex 4.32082 30 70.9087
    endloop
  endfacet
  facet normal 0 -1 0
    outer loop
      vertex 4.9234 30 69.0542
      vertex 4.32082 30 70.9087
      vertex 4.13772 30 70.8648
    endloop
  endfacet
  facet normal 0 -1 0
    outer loop
      vertex 4.44277 30 68.9388
      vertex 4.13772 30 70.8648
      vertex 3.95 30 70.85
    endloop
  endfacet
  facet normal 0 -1 -0
    outer loop
      vertex 3.24466 30 71.0792
      vertex 2.3 30 69.3781
      vertex 3.40521 30 70.9808
    endloop
  endfacet
  facet normal 0 -1 0
    outer loop
      vertex 5.01921 30 71.5052
      vertex 6.75667 30 70.6199
      vertex 6.94583 30 71.0766
    endloop
  endfacet
  facet normal 0 -1 0
    outer loop
      vertex 2.51993 30 69.2433
      vertex 3.40521 30 70.9808
      vertex 2.3 30 69.3781
    endloop
  endfacet
  facet normal 0 -1 0
    outer loop
      vertex 4.92082 30 71.3447
      vertex 6.4984 30 70.1985
      vertex 6.75667 30 70.6199
    endloop
  endfacet
  facet normal 0 -1 -0
    outer loop
      vertex 3.40521 30 70.9808
      vertex 2.51993 30 69.2433
      vertex 3.57918 30 70.9087
    endloop
  endfacet
  facet normal 0 -1 -0
    outer loop
      vertex 3.57918 30 70.9087
      vertex 2.9766 30 69.0542
      vertex 3.76228 30 70.8648
    endloop
  endfacet
  facet normal 0 -1 0
    outer loop
      vertex 2.9766 30 69.0542
      vertex 3.57918 30 70.9087
      vertex 2.51993 30 69.2433
    endloop
  endfacet
  facet normal 0 -1 0
    outer loop
      vertex 4.79853 30 71.2015
      vertex 6.17739 30 69.8226
      vertex 6.4984 30 70.1985
    endloop
  endfacet
  facet normal 0 -1 0
    outer loop
      vertex 4.65534 30 71.0792
      vertex 5.80152 30 69.5016
      vertex 6.17739 30 69.8226
    endloop
  endfacet
  facet normal 0 -1 0
    outer loop
      vertex 3.45723 30 68.9388
      vertex 3.76228 30 70.8648
      vertex 2.9766 30 69.0542
    endloop
  endfacet
  facet normal 0 -1 0
    outer loop
      vertex 4.49479 30 70.9808
      vertex 5.38007 30 69.2433
      vertex 5.80152 30 69.5016
    endloop
  endfacet
  facet normal 0 -1 0
    outer loop
      vertex 3.5 30 68.9354
      vertex 3.76228 30 70.8648
      vertex 3.45723 30 68.9388
    endloop
  endfacet
  facet normal 0 -1 0
    outer loop
      vertex 4.32082 30 70.9087
      vertex 4.9234 30 69.0542
      vertex 5.38007 30 69.2433
    endloop
  endfacet
  facet normal 0 -1 -0
    outer loop
      vertex 3.76228 30 70.8648
      vertex 3.5 30 68.9354
      vertex 3.95 30 70.85
    endloop
  endfacet
  facet normal 0 -1 0
    outer loop
      vertex 3.95 30 68.9
      vertex 3.95 30 70.85
      vertex 3.5 30 68.9354
    endloop
  endfacet
  facet normal 0 -1 0
    outer loop
      vertex 4.13772 30 70.8648
      vertex 4.44277 30 68.9388
      vertex 4.9234 30 69.0542
    endloop
  endfacet
  facet normal 0 -1 0
    outer loop
      vertex 3.95 30 70.85
      vertex 3.95 30 68.9
      vertex 4.44277 30 68.9388
    endloop
  endfacet
  facet normal 0 -1 0
    outer loop
      vertex 46.05 30 73.25
      vertex 46.05 30 75.2
      vertex 45.5572 30 75.1612
    endloop
  endfacet
  facet normal 0 -1 0
    outer loop
      vertex 45.8623 30 73.2352
      vertex 45.5572 30 75.1612
      vertex 45.0766 30 75.0458
    endloop
  endfacet
  facet normal 0 -1 0
    outer loop
      vertex 46.05 30 75.2
      vertex 46.05 30 73.25
      vertex 46.5428 30 75.1612
    endloop
  endfacet
  facet normal 0 -1 0
    outer loop
      vertex 45.6792 30 73.1913
      vertex 45.0766 30 75.0458
      vertex 44.6199 30 74.8567
    endloop
  endfacet
  facet normal 0 -1 0
    outer loop
      vertex 46.2377 30 73.2352
      vertex 46.5428 30 75.1612
      vertex 46.05 30 73.25
    endloop
  endfacet
  facet normal 0 -1 0
    outer loop
      vertex 45.5052 30 73.1192
      vertex 44.6199 30 74.8567
      vertex 44.1985 30 74.5984
    endloop
  endfacet
  facet normal 0 -1 -0
    outer loop
      vertex 46.5428 30 75.1612
      vertex 46.2377 30 73.2352
      vertex 47.0234 30 75.0458
    endloop
  endfacet
  facet normal 0 -1 0
    outer loop
      vertex 45.3447 30 73.0208
      vertex 44.1985 30 74.5984
      vertex 43.8226 30 74.2774
    endloop
  endfacet
  facet normal 0 -1 0
    outer loop
      vertex 46.4208 30 73.1913
      vertex 47.0234 30 75.0458
      vertex 46.2377 30 73.2352
    endloop
  endfacet
  facet normal 0 -1 0
    outer loop
      vertex 45.2015 30 72.8985
      vertex 43.8226 30 74.2774
      vertex 43.5016 30 73.9015
    endloop
  endfacet
  facet normal 0 -1 -0
    outer loop
      vertex 47.0234 30 75.0458
      vertex 46.4208 30 73.1913
      vertex 47.4801 30 74.8567
    endloop
  endfacet
  facet normal 0 -1 0
    outer loop
      vertex 45.0792 30 72.7553
      vertex 43.5016 30 73.9015
      vertex 43.3781 30 73.7
    endloop
  endfacet
  facet normal 0 -1 0
    outer loop
      vertex 44.9808 30 72.5948
      vertex 43.3781 30 73.7
      vertex 43.2433 30 73.4801
    endloop
  endfacet
  facet normal 0 -1 0
    outer loop
      vertex 46.5948 30 73.1192
      vertex 47.4801 30 74.8567
      vertex 46.4208 30 73.1913
    endloop
  endfacet
  facet normal 0 -1 -0
    outer loop
      vertex 47.4801 30 74.8567
      vertex 46.5948 30 73.1192
      vertex 47.9015 30 74.5984
    endloop
  endfacet
  facet normal 0 -1 0
    outer loop
      vertex 45.5572 30 75.1612
      vertex 45.8623 30 73.2352
      vertex 46.05 30 73.25
    endloop
  endfacet
  facet normal 0 -1 0
    outer loop
      vertex 45.0766 30 75.0458
      vertex 45.6792 30 73.1913
      vertex 45.8623 30 73.2352
    endloop
  endfacet
  facet normal 0 -1 0
    outer loop
      vertex 44.6199 30 74.8567
      vertex 45.5052 30 73.1192
      vertex 45.6792 30 73.1913
    endloop
  endfacet
  facet normal 0 -1 0
    outer loop
      vertex 44.9808 30 72.5948
      vertex 43.2433 30 73.4801
      vertex 43.0542 30 73.0234
    endloop
  endfacet
  facet normal 0 -1 0
    outer loop
      vertex 44.1985 30 74.5984
      vertex 45.3447 30 73.0208
      vertex 45.5052 30 73.1192
    endloop
  endfacet
  facet normal 0 -1 0
    outer loop
      vertex 43.8226 30 74.2774
      vertex 45.2015 30 72.8985
      vertex 45.3447 30 73.0208
    endloop
  endfacet
  facet normal 0 -1 0
    outer loop
      vertex 43.5016 30 73.9015
      vertex 45.0792 30 72.7553
      vertex 45.2015 30 72.8985
    endloop
  endfacet
  facet normal 0 -1 0
    outer loop
      vertex 43.3781 30 73.7
      vertex 44.9808 30 72.5948
      vertex 45.0792 30 72.7553
    endloop
  endfacet
  facet normal 0 -1 0
    outer loop
      vertex 44.9087 30 72.4208
      vertex 43.0542 30 73.0234
      vertex 42.9388 30 72.5428
    endloop
  endfacet
  facet normal 0 -1 0
    outer loop
      vertex 44.8648 30 72.2377
      vertex 42.9388 30 72.5428
      vertex 42.9354 30 72.5
    endloop
  endfacet
  facet normal 0 -1 0
    outer loop
      vertex 43.0542 30 73.0234
      vertex 44.9087 30 72.4208
      vertex 44.9808 30 72.5948
    endloop
  endfacet
  facet normal 0 -1 0
    outer loop
      vertex 42.9388 30 72.5428
      vertex 44.8648 30 72.2377
      vertex 44.9087 30 72.4208
    endloop
  endfacet
  facet normal 0 -1 0
    outer loop
      vertex 44.85 30 72.05
      vertex 42.9354 30 72.5
      vertex 42.9 30 72.05
    endloop
  endfacet
  facet normal 0 -1 0
    outer loop
      vertex 42.9354 30 72.5
      vertex 44.85 30 72.05
      vertex 44.8648 30 72.2377
    endloop
  endfacet
  facet normal 0 -1 0
    outer loop
      vertex 42.9 30 72.05
      vertex 44.8648 30 71.8623
      vertex 44.85 30 72.05
    endloop
  endfacet
  facet normal 0 -1 0
    outer loop
      vertex 42.9388 30 71.5572
      vertex 44.8648 30 71.8623
      vertex 42.9 30 72.05
    endloop
  endfacet
  facet normal 0 -1 -0
    outer loop
      vertex 44.8648 30 71.8623
      vertex 42.9388 30 71.5572
      vertex 44.9087 30 71.6792
    endloop
  endfacet
  facet normal 0 -1 0
    outer loop
      vertex 43.0542 30 71.0766
      vertex 44.9087 30 71.6792
      vertex 42.9388 30 71.5572
    endloop
  endfacet
  facet normal 0 -1 -0
    outer loop
      vertex 44.9087 30 71.6792
      vertex 43.0542 30 71.0766
      vertex 44.9808 30 71.5052
    endloop
  endfacet
  facet normal 0 -1 0
    outer loop
      vertex 43.2433 30 70.6199
      vertex 44.9808 30 71.5052
      vertex 43.0542 30 71.0766
    endloop
  endfacet
  facet normal 0 -1 -0
    outer loop
      vertex 44.9808 30 71.5052
      vertex 43.2433 30 70.6199
      vertex 45.0792 30 71.3447
    endloop
  endfacet
  facet normal 0 -1 0
    outer loop
      vertex 43.5016 30 70.1985
      vertex 45.0792 30 71.3447
      vertex 43.2433 30 70.6199
    endloop
  endfacet
  facet normal 0 -1 -0
    outer loop
      vertex 45.0792 30 71.3447
      vertex 43.5016 30 70.1985
      vertex 45.2015 30 71.2015
    endloop
  endfacet
  facet normal 0 -1 0
    outer loop
      vertex 43.8226 30 69.8226
      vertex 45.2015 30 71.2015
      vertex 43.5016 30 70.1985
    endloop
  endfacet
  facet normal 0 -1 -0
    outer loop
      vertex 45.2015 30 71.2015
      vertex 43.8226 30 69.8226
      vertex 45.3447 30 71.0792
    endloop
  endfacet
  facet normal 0 -1 0
    outer loop
      vertex 44.1985 30 69.5016
      vertex 45.3447 30 71.0792
      vertex 43.8226 30 69.8226
    endloop
  endfacet
  facet normal 0 -1 -0
    outer loop
      vertex 45.3447 30 71.0792
      vertex 44.1985 30 69.5016
      vertex 45.5052 30 70.9808
    endloop
  endfacet
  facet normal 0 -1 0
    outer loop
      vertex 46.7553 30 73.0208
      vertex 47.9015 30 74.5984
      vertex 46.5948 30 73.1192
    endloop
  endfacet
  facet normal 0 -1 -0
    outer loop
      vertex 47.9015 30 74.5984
      vertex 46.7553 30 73.0208
      vertex 48.2774 30 74.2774
    endloop
  endfacet
  facet normal 0 -1 0
    outer loop
      vertex 46.8985 30 72.8985
      vertex 48.2774 30 74.2774
      vertex 46.7553 30 73.0208
    endloop
  endfacet
  facet normal 0 -1 -0
    outer loop
      vertex 48.2774 30 74.2774
      vertex 46.8985 30 72.8985
      vertex 48.5984 30 73.9015
    endloop
  endfacet
  facet normal 0 -1 0
    outer loop
      vertex 47.0208 30 72.7553
      vertex 48.5984 30 73.9015
      vertex 46.8985 30 72.8985
    endloop
  endfacet
  facet normal 0 -1 -0
    outer loop
      vertex 48.5984 30 73.9015
      vertex 47.0208 30 72.7553
      vertex 48.8567 30 73.4801
    endloop
  endfacet
  facet normal 0 -1 0
    outer loop
      vertex 47.1192 30 72.5948
      vertex 48.8567 30 73.4801
      vertex 47.0208 30 72.7553
    endloop
  endfacet
  facet normal 0 -1 -0
    outer loop
      vertex 48.8567 30 73.4801
      vertex 47.1192 30 72.5948
      vertex 49.0458 30 73.0234
    endloop
  endfacet
  facet normal 0 -1 0
    outer loop
      vertex 47.1913 30 72.4208
      vertex 49.0458 30 73.0234
      vertex 47.1192 30 72.5948
    endloop
  endfacet
  facet normal 0 -1 -0
    outer loop
      vertex 49.0458 30 73.0234
      vertex 47.1913 30 72.4208
      vertex 49.1612 30 72.5428
    endloop
  endfacet
  facet normal 0 -1 0
    outer loop
      vertex 47.2352 30 72.2377
      vertex 49.1612 30 72.5428
      vertex 47.1913 30 72.4208
    endloop
  endfacet
  facet normal 0 -1 0
    outer loop
      vertex 47.25 30 72.05
      vertex 49.1612 30 72.5428
      vertex 47.2352 30 72.2377
    endloop
  endfacet
  facet normal 0 -1 0
    outer loop
      vertex 47.25 30 72.05
      vertex 49.2 30 72.05
      vertex 49.1612 30 72.5428
    endloop
  endfacet
  facet normal 0 -1 0
    outer loop
      vertex 47.2352 30 71.8623
      vertex 49.2 30 72.05
      vertex 47.25 30 72.05
    endloop
  endfacet
  facet normal 0 -1 0
    outer loop
      vertex 49.1612 30 71.5572
      vertex 47.2352 30 71.8623
      vertex 47.1913 30 71.6792
    endloop
  endfacet
  facet normal 0 -1 0
    outer loop
      vertex 47.2352 30 71.8623
      vertex 49.1612 30 71.5572
      vertex 49.2 30 72.05
    endloop
  endfacet
  facet normal 0 -1 0
    outer loop
      vertex 49.0458 30 71.0766
      vertex 47.1913 30 71.6792
      vertex 47.1192 30 71.5052
    endloop
  endfacet
  facet normal 0 -1 0
    outer loop
      vertex 48.8567 30 70.6199
      vertex 47.1192 30 71.5052
      vertex 47.0208 30 71.3447
    endloop
  endfacet
  facet normal 0 -1 0
    outer loop
      vertex 48.5984 30 70.1985
      vertex 47.0208 30 71.3447
      vertex 46.8985 30 71.2015
    endloop
  endfacet
  facet normal 0 -1 0
    outer loop
      vertex 48.2774 30 69.8226
      vertex 46.8985 30 71.2015
      vertex 46.7553 30 71.0792
    endloop
  endfacet
  facet normal 0 -1 0
    outer loop
      vertex 47.1913 30 71.6792
      vertex 49.0458 30 71.0766
      vertex 49.1612 30 71.5572
    endloop
  endfacet
  facet normal 0 -1 0
    outer loop
      vertex 47.7 30 69.3781
      vertex 46.7553 30 71.0792
      vertex 46.5948 30 70.9808
    endloop
  endfacet
  facet normal 0 -1 0
    outer loop
      vertex 47.4801 30 69.2433
      vertex 46.5948 30 70.9808
      vertex 46.4208 30 70.9087
    endloop
  endfacet
  facet normal 0 -1 0
    outer loop
      vertex 47.0234 30 69.0542
      vertex 46.4208 30 70.9087
      vertex 46.2377 30 70.8648
    endloop
  endfacet
  facet normal 0 -1 0
    outer loop
      vertex 46.5 30 68.9354
      vertex 46.2377 30 70.8648
      vertex 46.05 30 70.85
    endloop
  endfacet
  facet normal 0 -1 0
    outer loop
      vertex 44.6199 30 69.2433
      vertex 45.5052 30 70.9808
      vertex 44.1985 30 69.5016
    endloop
  endfacet
  facet normal 0 -1 0
    outer loop
      vertex 47.1192 30 71.5052
      vertex 48.8567 30 70.6199
      vertex 49.0458 30 71.0766
    endloop
  endfacet
  facet normal 0 -1 -0
    outer loop
      vertex 45.5052 30 70.9808
      vertex 44.6199 30 69.2433
      vertex 45.6792 30 70.9087
    endloop
  endfacet
  facet normal 0 -1 0
    outer loop
      vertex 47.0208 30 71.3447
      vertex 48.5984 30 70.1985
      vertex 48.8567 30 70.6199
    endloop
  endfacet
  facet normal 0 -1 0
    outer loop
      vertex 45.0766 30 69.0542
      vertex 45.6792 30 70.9087
      vertex 44.6199 30 69.2433
    endloop
  endfacet
  facet normal 0 -1 0
    outer loop
      vertex 46.7553 30 71.0792
      vertex 47.7 30 69.3781
      vertex 47.9015 30 69.5016
    endloop
  endfacet
  facet normal 0 -1 -0
    outer loop
      vertex 45.6792 30 70.9087
      vertex 45.0766 30 69.0542
      vertex 45.8623 30 70.8648
    endloop
  endfacet
  facet normal 0 -1 0
    outer loop
      vertex 46.8985 30 71.2015
      vertex 48.2774 30 69.8226
      vertex 48.5984 30 70.1985
    endloop
  endfacet
  facet normal 0 -1 0
    outer loop
      vertex 46.7553 30 71.0792
      vertex 47.9015 30 69.5016
      vertex 48.2774 30 69.8226
    endloop
  endfacet
  facet normal 0 -1 0
    outer loop
      vertex 45.5572 30 68.9388
      vertex 45.8623 30 70.8648
      vertex 45.0766 30 69.0542
    endloop
  endfacet
  facet normal 0 -1 -0
    outer loop
      vertex 45.8623 30 70.8648
      vertex 45.5572 30 68.9388
      vertex 46.05 30 70.85
    endloop
  endfacet
  facet normal 0 -1 0
    outer loop
      vertex 46.4208 30 70.9087
      vertex 47.0234 30 69.0542
      vertex 47.4801 30 69.2433
    endloop
  endfacet
  facet normal 0 -1 0
    outer loop
      vertex 46.5948 30 70.9808
      vertex 47.4801 30 69.2433
      vertex 47.7 30 69.3781
    endloop
  endfacet
  facet normal 0 -1 0
    outer loop
      vertex 46.05 30 68.9
      vertex 46.05 30 70.85
      vertex 45.5572 30 68.9388
    endloop
  endfacet
  facet normal 0 -1 0
    outer loop
      vertex 46.2377 30 70.8648
      vertex 46.5 30 68.9354
      vertex 46.5428 30 68.9388
    endloop
  endfacet
  facet normal 0 -1 0
    outer loop
      vertex 46.2377 30 70.8648
      vertex 46.5428 30 68.9388
      vertex 47.0234 30 69.0542
    endloop
  endfacet
  facet normal 0 -1 0
    outer loop
      vertex 46.05 30 70.85
      vertex 46.05 30 68.9
      vertex 46.5 30 68.9354
    endloop
  endfacet
  facet normal 0 0 -1
    outer loop
      vertex 6.6219 28 2.3
      vertex 43.3781 30 2.3
      vertex 43.3781 28 2.3
    endloop
  endfacet
  facet normal -0 0 -1
    outer loop
      vertex 43.3781 30 2.3
      vertex 6.6219 28 2.3
      vertex 6.6219 30 2.3
    endloop
  endfacet
  facet normal 0 -1 0
    outer loop
      vertex 7.06122 28 3.45723
      vertex 42.9354 28 3.5
      vertex 7.06458 28 3.5
    endloop
  endfacet
  facet normal 0 -1 0
    outer loop
      vertex 7.06122 28 3.45723
      vertex 42.9388 28 3.45723
      vertex 42.9354 28 3.5
    endloop
  endfacet
  facet normal 0 -1 0
    outer loop
      vertex 6.94583 28 2.9766
      vertex 42.9388 28 3.45723
      vertex 7.06122 28 3.45723
    endloop
  endfacet
  facet normal 0 -1 0
    outer loop
      vertex 6.94583 28 2.9766
      vertex 43.0542 28 2.9766
      vertex 42.9388 28 3.45723
    endloop
  endfacet
  facet normal 0 -1 0
    outer loop
      vertex 6.75667 28 2.51993
      vertex 43.0542 28 2.9766
      vertex 6.94583 28 2.9766
    endloop
  endfacet
  facet normal 0 -1 0
    outer loop
      vertex 6.75667 28 2.51993
      vertex 43.2433 28 2.51993
      vertex 43.0542 28 2.9766
    endloop
  endfacet
  facet normal 0 -1 0
    outer loop
      vertex 6.6219 28 2.3
      vertex 43.2433 28 2.51993
      vertex 6.75667 28 2.51993
    endloop
  endfacet
  facet normal 0 -1 -0
    outer loop
      vertex 43.2433 28 2.51993
      vertex 6.6219 28 2.3
      vertex 43.3781 28 2.3
    endloop
  endfacet
  facet normal 0 -1 0
    outer loop
      vertex 6.75667 28 73.4801
      vertex 43.3781 28 73.7
      vertex 6.6219 28 73.7
    endloop
  endfacet
  facet normal 0 -1 0
    outer loop
      vertex 6.75667 28 73.4801
      vertex 43.2433 28 73.4801
      vertex 43.3781 28 73.7
    endloop
  endfacet
  facet normal 0 -1 0
    outer loop
      vertex 6.94583 28 73.0234
      vertex 43.2433 28 73.4801
      vertex 6.75667 28 73.4801
    endloop
  endfacet
  facet normal 0 -1 0
    outer loop
      vertex 6.94583 28 73.0234
      vertex 43.0542 28 73.0234
      vertex 43.2433 28 73.4801
    endloop
  endfacet
  facet normal 0 -1 0
    outer loop
      vertex 7.06122 28 72.5428
      vertex 43.0542 28 73.0234
      vertex 6.94583 28 73.0234
    endloop
  endfacet
  facet normal 0 -1 0
    outer loop
      vertex 7.06122 28 72.5428
      vertex 42.9388 28 72.5428
      vertex 43.0542 28 73.0234
    endloop
  endfacet
  facet normal 0 -1 0
    outer loop
      vertex 7.06458 28 72.5
      vertex 42.9388 28 72.5428
      vertex 7.06122 28 72.5428
    endloop
  endfacet
  facet normal 0 -1 0
    outer loop
      vertex 42.9388 28 72.5428
      vertex 7.06458 28 72.5
      vertex 42.9354 28 72.5
    endloop
  endfacet
  facet normal 0 -1 0
    outer loop
      vertex 3.45723 28 68.9388
      vertex 3.5 28 7.06458
      vertex 3.5 28 68.9354
    endloop
  endfacet
  facet normal 0 -1 0
    outer loop
      vertex 3.45723 28 7.06122
      vertex 3.45723 28 68.9388
      vertex 2.9766 28 69.0542
    endloop
  endfacet
  facet normal 0 -1 0
    outer loop
      vertex 2.9766 28 6.94583
      vertex 2.9766 28 69.0542
      vertex 2.51993 28 69.2433
    endloop
  endfacet
  facet normal 0 -1 0
    outer loop
      vertex 2.51993 28 6.75667
      vertex 2.51993 28 69.2433
      vertex 2.3 28 69.3781
    endloop
  endfacet
  facet normal 0 -1 0
    outer loop
      vertex 3.45723 28 68.9388
      vertex 3.45723 28 7.06122
      vertex 3.5 28 7.06458
    endloop
  endfacet
  facet normal 0 -1 0
    outer loop
      vertex 2.9766 28 69.0542
      vertex 2.9766 28 6.94583
      vertex 3.45723 28 7.06122
    endloop
  endfacet
  facet normal 0 -1 0
    outer loop
      vertex 2.51993 28 69.2433
      vertex 2.51993 28 6.75667
      vertex 2.9766 28 6.94583
    endloop
  endfacet
  facet normal -0 -1 0
    outer loop
      vertex 2.51993 28 6.75667
      vertex 2.3 28 69.3781
      vertex 2.3 28 6.6219
    endloop
  endfacet
  facet normal 0 -1 0
    outer loop
      vertex 46.5 28 7.06458
      vertex 46.5428 28 68.9388
      vertex 46.5 28 68.9354
    endloop
  endfacet
  facet normal 0 -1 0
    outer loop
      vertex 46.5428 28 7.06122
      vertex 46.5428 28 68.9388
      vertex 46.5 28 7.06458
    endloop
  endfacet
  facet normal 0 -1 0
    outer loop
      vertex 46.5428 28 68.9388
      vertex 46.5428 28 7.06122
      vertex 47.0234 28 69.0542
    endloop
  endfacet
  facet normal 0 -1 0
    outer loop
      vertex 47.0234 28 6.94583
      vertex 47.0234 28 69.0542
      vertex 46.5428 28 7.06122
    endloop
  endfacet
  facet normal 0 -1 0
    outer loop
      vertex 47.0234 28 69.0542
      vertex 47.0234 28 6.94583
      vertex 47.4801 28 69.2433
    endloop
  endfacet
  facet normal 0 -1 0
    outer loop
      vertex 47.4801 28 6.75667
      vertex 47.4801 28 69.2433
      vertex 47.0234 28 6.94583
    endloop
  endfacet
  facet normal 0 -1 0
    outer loop
      vertex 47.4801 28 69.2433
      vertex 47.4801 28 6.75667
      vertex 47.7 28 69.3781
    endloop
  endfacet
  facet normal 0 -1 -0
    outer loop
      vertex 47.7 28 69.3781
      vertex 47.4801 28 6.75667
      vertex 47.7 28 6.6219
    endloop
  endfacet
  facet normal 1 -0 0
    outer loop
      vertex 3.5 28 68.9354
      vertex 3.5 30 7.06458
      vertex 3.5 30 68.9354
    endloop
  endfacet
  facet normal 1 0 0
    outer loop
      vertex 3.5 30 7.06458
      vertex 3.5 28 68.9354
      vertex 3.5 28 7.06458
    endloop
  endfacet
  facet normal 0 0 -1
    outer loop
      vertex 7.06458 28 72.5
      vertex 42.9354 30 72.5
      vertex 42.9354 28 72.5
    endloop
  endfacet
  facet normal -0 0 -1
    outer loop
      vertex 42.9354 30 72.5
      vertex 7.06458 28 72.5
      vertex 7.06458 30 72.5
    endloop
  endfacet
  facet normal -1 0 0
    outer loop
      vertex 46.5 28 7.06458
      vertex 46.5 30 68.9354
      vertex 46.5 30 7.06458
    endloop
  endfacet
  facet normal -1 -0 0
    outer loop
      vertex 46.5 30 68.9354
      vertex 46.5 28 7.06458
      vertex 46.5 28 68.9354
    endloop
  endfacet
  facet normal -0 0 1
    outer loop
      vertex 7.06458 30 3.5
      vertex 42.9354 28 3.5
      vertex 42.9354 30 3.5
    endloop
  endfacet
  facet normal 0 0 1
    outer loop
      vertex 42.9354 28 3.5
      vertex 7.06458 30 3.5
      vertex 7.06458 28 3.5
    endloop
  endfacet
  facet normal 0.852714 -0 0.522378
    outer loop
      vertex 49.4271 30 74.7634
      vertex 49.673 32 74.362
      vertex 49.4271 32 74.7634
    endloop
  endfacet
  facet normal 0.852714 0 0.522378
    outer loop
      vertex 49.673 32 74.362
      vertex 49.4271 30 74.7634
      vertex 49.673 30 74.362
    endloop
  endfacet
  facet normal -1 0 0
    outer loop
      vertex 0 30 3
      vertex 0 32 73
      vertex 0 32 3
    endloop
  endfacet
  facet normal -1 -0 0
    outer loop
      vertex 0 32 73
      vertex 0 30 3
      vertex 0 30 73
    endloop
  endfacet
  facet normal 0 1 0
    outer loop
      vertex 45.3727 32 69.9655
      vertex 45.3727 32 6.03446
      vertex 45.0564 32 70.0965
    endloop
  endfacet
  facet normal 0 1 0
    outer loop
      vertex 4.94503 32 70.0971
      vertex 4.29131 32 6.11487
      vertex 3.95 32 6.14174
    endloop
  endfacet
  facet normal 0 1 0
    outer loop
      vertex 45.0564 32 70.0965
      vertex 45.3727 32 6.03446
      vertex 45.055 32 70.0971
    endloop
  endfacet
  facet normal 0 1 0
    outer loop
      vertex 4.94503 32 70.0971
      vertex 4.29286 32 6.11475
      vertex 4.29131 32 6.11487
    endloop
  endfacet
  facet normal 0 1 -0
    outer loop
      vertex 45.0564 32 5.90345
      vertex 45.055 32 70.0971
      vertex 45.3727 32 6.03446
    endloop
  endfacet
  facet normal 0 1 0
    outer loop
      vertex 4.94503 32 70.0971
      vertex 4.29438 32 6.11439
      vertex 4.29286 32 6.11475
    endloop
  endfacet
  facet normal 0 1 0
    outer loop
      vertex 45.055 32 5.90285
      vertex 45.055 32 70.0971
      vertex 45.0564 32 5.90345
    endloop
  endfacet
  facet normal 0 1 0
    outer loop
      vertex 4.94503 32 70.0971
      vertex 4.62728 32 6.03446
      vertex 4.29438 32 6.11439
    endloop
  endfacet
  facet normal 0 1 0
    outer loop
      vertex 45.055 32 70.0971
      vertex 45.055 32 5.90285
      vertex 4.94503 32 70.0971
    endloop
  endfacet
  facet normal 0 1 0
    outer loop
      vertex 4.94503 32 70.0971
      vertex 4.94359 32 5.90345
      vertex 4.62728 32 6.03446
    endloop
  endfacet
  facet normal 0 1 0
    outer loop
      vertex 4.94503 32 5.90285
      vertex 4.94503 32 70.0971
      vertex 45.055 32 5.90285
    endloop
  endfacet
  facet normal 0 1 0
    outer loop
      vertex 4.94503 32 70.0971
      vertex 4.94503 32 5.90285
      vertex 4.94359 32 5.90345
    endloop
  endfacet
  facet normal 0 1 -0
    outer loop
      vertex 45.0536 32 5.90204
      vertex 4.94503 32 5.90285
      vertex 45.055 32 5.90285
    endloop
  endfacet
  facet normal 0 1 0
    outer loop
      vertex 45.0536 32 5.90204
      vertex 4.94635 32 5.90204
      vertex 4.94503 32 5.90285
    endloop
  endfacet
  facet normal 0 1 -0
    outer loop
      vertex 44.7617 32 5.72315
      vertex 4.94635 32 5.90204
      vertex 45.0536 32 5.90204
    endloop
  endfacet
  facet normal 0 1 0
    outer loop
      vertex 44.7617 32 5.72315
      vertex 5.23827 32 5.72315
      vertex 4.94635 32 5.90204
    endloop
  endfacet
  facet normal 0 1 -0
    outer loop
      vertex 44.5014 32 5.5008
      vertex 5.23827 32 5.72315
      vertex 44.7617 32 5.72315
    endloop
  endfacet
  facet normal 0 1 0
    outer loop
      vertex 44.5014 32 5.5008
      vertex 5.49861 32 5.5008
      vertex 5.23827 32 5.72315
    endloop
  endfacet
  facet normal 0 1 -0
    outer loop
      vertex 44.5002 32 5.49979
      vertex 5.49861 32 5.5008
      vertex 44.5014 32 5.5008
    endloop
  endfacet
  facet normal 0 1 0
    outer loop
      vertex 44.5002 32 5.49979
      vertex 5.49979 32 5.49979
      vertex 5.49861 32 5.5008
    endloop
  endfacet
  facet normal 0 1 -0
    outer loop
      vertex 44.4992 32 5.49861
      vertex 5.49979 32 5.49979
      vertex 44.5002 32 5.49979
    endloop
  endfacet
  facet normal 0 1 0
    outer loop
      vertex 44.4992 32 5.49861
      vertex 5.5008 32 5.49861
      vertex 5.49979 32 5.49979
    endloop
  endfacet
  facet normal 0 1 -0
    outer loop
      vertex 44.2768 32 5.23827
      vertex 5.5008 32 5.49861
      vertex 44.4992 32 5.49861
    endloop
  endfacet
  facet normal 0 1 0
    outer loop
      vertex 44.2768 32 5.23827
      vertex 5.72315 32 5.23827
      vertex 5.5008 32 5.49861
    endloop
  endfacet
  facet normal 0 1 -0
    outer loop
      vertex 44.098 32 4.94635
      vertex 5.72315 32 5.23827
      vertex 44.2768 32 5.23827
    endloop
  endfacet
  facet normal 0 1 0
    outer loop
      vertex 44.098 32 4.94635
      vertex 5.90204 32 4.94635
      vertex 5.72315 32 5.23827
    endloop
  endfacet
  facet normal 0 1 -0
    outer loop
      vertex 44.0971 32 4.94503
      vertex 5.90204 32 4.94635
      vertex 44.098 32 4.94635
    endloop
  endfacet
  facet normal 0 1 0
    outer loop
      vertex 44.0971 32 4.94503
      vertex 5.90285 32 4.94503
      vertex 5.90204 32 4.94635
    endloop
  endfacet
  facet normal 0 1 -0
    outer loop
      vertex 44.0966 32 4.94359
      vertex 5.90285 32 4.94503
      vertex 44.0971 32 4.94503
    endloop
  endfacet
  facet normal 0 1 0
    outer loop
      vertex 44.0966 32 4.94359
      vertex 5.90345 32 4.94359
      vertex 5.90285 32 4.94503
    endloop
  endfacet
  facet normal 0 1 -0
    outer loop
      vertex 43.9655 32 4.62728
      vertex 5.90345 32 4.94359
      vertex 44.0966 32 4.94359
    endloop
  endfacet
  facet normal 0 1 0
    outer loop
      vertex 43.9655 32 4.62728
      vertex 6.03446 32 4.62728
      vertex 5.90345 32 4.94359
    endloop
  endfacet
  facet normal 0 1 -0
    outer loop
      vertex 43.8856 32 4.29438
      vertex 6.03446 32 4.62728
      vertex 43.9655 32 4.62728
    endloop
  endfacet
  facet normal 0 1 0
    outer loop
      vertex 43.8856 32 4.29438
      vertex 6.11439 32 4.29438
      vertex 6.03446 32 4.62728
    endloop
  endfacet
  facet normal 0 1 -0
    outer loop
      vertex 43.8852 32 4.29286
      vertex 6.11439 32 4.29438
      vertex 43.8856 32 4.29438
    endloop
  endfacet
  facet normal 0 1 0
    outer loop
      vertex 43.8852 32 4.29286
      vertex 6.11475 32 4.29286
      vertex 6.11439 32 4.29438
    endloop
  endfacet
  facet normal 0 1 -0
    outer loop
      vertex 43.8851 32 4.29131
      vertex 6.11475 32 4.29286
      vertex 43.8852 32 4.29286
    endloop
  endfacet
  facet normal 0 1 0
    outer loop
      vertex 43.8851 32 4.29131
      vertex 6.11487 32 4.29131
      vertex 6.11475 32 4.29286
    endloop
  endfacet
  facet normal 0 1 -0
    outer loop
      vertex 43.8583 32 3.95
      vertex 6.11487 32 4.29131
      vertex 43.8851 32 4.29131
    endloop
  endfacet
  facet normal 0 1 0
    outer loop
      vertex 43.8583 32 3.95
      vertex 6.14174 32 3.95
      vertex 6.11487 32 4.29131
    endloop
  endfacet
  facet normal 0 1 0
    outer loop
      vertex 43.8851 32 3.60869
      vertex 6.14174 32 3.95
      vertex 43.8583 32 3.95
    endloop
  endfacet
  facet normal 0 1 0
    outer loop
      vertex 43.8851 32 3.60869
      vertex 6.11487 32 3.60869
      vertex 6.14174 32 3.95
    endloop
  endfacet
  facet normal 0 1 0
    outer loop
      vertex 43.8852 32 3.60714
      vertex 6.11487 32 3.60869
      vertex 43.8851 32 3.60869
    endloop
  endfacet
  facet normal 0 1 0
    outer loop
      vertex 43.8852 32 3.60714
      vertex 6.11475 32 3.60714
      vertex 6.11487 32 3.60869
    endloop
  endfacet
  facet normal 0 1 0
    outer loop
      vertex 43.8856 32 3.60562
      vertex 6.11475 32 3.60714
      vertex 43.8852 32 3.60714
    endloop
  endfacet
  facet normal 0 1 0
    outer loop
      vertex 43.8856 32 3.60562
      vertex 6.11439 32 3.60562
      vertex 6.11475 32 3.60714
    endloop
  endfacet
  facet normal 0 1 0
    outer loop
      vertex 43.9655 32 3.27272
      vertex 6.11439 32 3.60562
      vertex 43.8856 32 3.60562
    endloop
  endfacet
  facet normal 0 1 0
    outer loop
      vertex 43.9655 32 3.27272
      vertex 6.03446 32 3.27272
      vertex 6.11439 32 3.60562
    endloop
  endfacet
  facet normal 0 1 0
    outer loop
      vertex 44.0966 32 2.95641
      vertex 6.03446 32 3.27272
      vertex 43.9655 32 3.27272
    endloop
  endfacet
  facet normal 0 1 0
    outer loop
      vertex 44.0966 32 2.95641
      vertex 5.90345 32 2.95641
      vertex 6.03446 32 3.27272
    endloop
  endfacet
  facet normal 0 1 0
    outer loop
      vertex 44.0971 32 2.95497
      vertex 5.90345 32 2.95641
      vertex 44.0966 32 2.95641
    endloop
  endfacet
  facet normal 0 1 0
    outer loop
      vertex 44.0971 32 2.95497
      vertex 5.90285 32 2.95497
      vertex 5.90345 32 2.95641
    endloop
  endfacet
  facet normal 0 1 0
    outer loop
      vertex 44.098 32 2.95365
      vertex 5.90285 32 2.95497
      vertex 44.0971 32 2.95497
    endloop
  endfacet
  facet normal 0 1 0
    outer loop
      vertex 44.098 32 2.95365
      vertex 5.90204 32 2.95365
      vertex 5.90285 32 2.95497
    endloop
  endfacet
  facet normal 0 1 0
    outer loop
      vertex 44.2768 32 2.66173
      vertex 5.90204 32 2.95365
      vertex 44.098 32 2.95365
    endloop
  endfacet
  facet normal 0 1 0
    outer loop
      vertex 44.2768 32 2.66173
      vertex 5.72315 32 2.66173
      vertex 5.90204 32 2.95365
    endloop
  endfacet
  facet normal 0 1 0
    outer loop
      vertex 44.2779 32 2.66055
      vertex 5.72315 32 2.66173
      vertex 44.2768 32 2.66173
    endloop
  endfacet
  facet normal 0 1 0
    outer loop
      vertex 44.2779 32 2.66055
      vertex 5.72214 32 2.66055
      vertex 5.72315 32 2.66173
    endloop
  endfacet
  facet normal 0 1 0
    outer loop
      vertex 44.5002 32 2.40021
      vertex 5.72214 32 2.66055
      vertex 44.2779 32 2.66055
    endloop
  endfacet
  facet normal 0 1 0
    outer loop
      vertex 44.5002 32 2.40021
      vertex 5.49979 32 2.40021
      vertex 5.72214 32 2.66055
    endloop
  endfacet
  facet normal 0 1 0
    outer loop
      vertex 44.7605 32 2.17786
      vertex 5.49979 32 2.40021
      vertex 44.5002 32 2.40021
    endloop
  endfacet
  facet normal 0 1 0
    outer loop
      vertex 44.7605 32 2.17786
      vertex 5.23945 32 2.17786
      vertex 5.49979 32 2.40021
    endloop
  endfacet
  facet normal 0 1 0
    outer loop
      vertex 47 32 0
      vertex 44.7605 32 2.17786
      vertex 44.7617 32 2.17685
    endloop
  endfacet
  facet normal 0 1 0
    outer loop
      vertex 44.7605 32 2.17786
      vertex 47 32 0
      vertex 5.23945 32 2.17786
    endloop
  endfacet
  facet normal 0 1 0
    outer loop
      vertex 47 32 0
      vertex 44.7617 32 2.17685
      vertex 44.7631 32 2.17603
    endloop
  endfacet
  facet normal 0 1 0
    outer loop
      vertex 3 32 0
      vertex 5.23945 32 2.17786
      vertex 47 32 0
    endloop
  endfacet
  facet normal 0 1 0
    outer loop
      vertex 47 32 0
      vertex 44.7631 32 2.17603
      vertex 45.055 32 1.99715
    endloop
  endfacet
  facet normal 0 1 0
    outer loop
      vertex 5.23945 32 2.17786
      vertex 3 32 0
      vertex 5.23827 32 2.17685
    endloop
  endfacet
  facet normal 0 1 0
    outer loop
      vertex 47 32 0
      vertex 45.055 32 1.99715
      vertex 45.3713 32 1.86613
    endloop
  endfacet
  facet normal 0 1 0
    outer loop
      vertex 5.23827 32 2.17685
      vertex 3 32 0
      vertex 5.23694 32 2.17603
    endloop
  endfacet
  facet normal 0 1 0
    outer loop
      vertex 47 32 0
      vertex 45.3713 32 1.86613
      vertex 45.3727 32 1.86553
    endloop
  endfacet
  facet normal 0 1 0
    outer loop
      vertex 5.23694 32 2.17603
      vertex 3 32 0
      vertex 4.94503 32 1.99715
    endloop
  endfacet
  facet normal 0 1 0
    outer loop
      vertex 47 32 0
      vertex 45.3727 32 1.86553
      vertex 45.3742 32 1.86517
    endloop
  endfacet
  facet normal 0 1 0
    outer loop
      vertex 4.94503 32 1.99715
      vertex 3 32 0
      vertex 4.62872 32 1.86613
    endloop
  endfacet
  facet normal 0 1 0
    outer loop
      vertex 47 32 0
      vertex 45.3742 32 1.86517
      vertex 45.7071 32 1.78525
    endloop
  endfacet
  facet normal 0 1 0
    outer loop
      vertex 4.62872 32 1.86613
      vertex 3 32 0
      vertex 4.62728 32 1.86553
    endloop
  endfacet
  facet normal 0 1 0
    outer loop
      vertex 47 32 0
      vertex 45.7071 32 1.78525
      vertex 46.0484 32 1.75839
    endloop
  endfacet
  facet normal 0 1 0
    outer loop
      vertex 4.62728 32 1.86553
      vertex 3 32 0
      vertex 4.62577 32 1.86517
    endloop
  endfacet
  facet normal 0 1 0
    outer loop
      vertex 47 32 0
      vertex 46.0484 32 1.75839
      vertex 46.05 32 1.75826
    endloop
  endfacet
  facet normal 0 1 0
    outer loop
      vertex 4.62577 32 1.86517
      vertex 3 32 0
      vertex 4.29286 32 1.78525
    endloop
  endfacet
  facet normal 0 1 0
    outer loop
      vertex 45.3742 32 74.1348
      vertex 47 32 76
      vertex 45.7071 32 74.2148
    endloop
  endfacet
  facet normal 0 1 0
    outer loop
      vertex 3 32 76
      vertex 3.95155 32 74.2416
      vertex 3.95 32 74.2417
    endloop
  endfacet
  facet normal 0 1 0
    outer loop
      vertex 45.3727 32 74.1345
      vertex 47 32 76
      vertex 45.3742 32 74.1348
    endloop
  endfacet
  facet normal 0 1 0
    outer loop
      vertex 3 32 76
      vertex 4.29286 32 74.2148
      vertex 3.95155 32 74.2416
    endloop
  endfacet
  facet normal 0 1 0
    outer loop
      vertex 45.3713 32 74.1339
      vertex 47 32 76
      vertex 45.3727 32 74.1345
    endloop
  endfacet
  facet normal 0 1 0
    outer loop
      vertex 3 32 76
      vertex 4.62577 32 74.1348
      vertex 4.29286 32 74.2148
    endloop
  endfacet
  facet normal 0 1 0
    outer loop
      vertex 45.055 32 74.0029
      vertex 47 32 76
      vertex 45.3713 32 74.1339
    endloop
  endfacet
  facet normal 0 1 0
    outer loop
      vertex 3 32 76
      vertex 4.62728 32 74.1345
      vertex 4.62577 32 74.1348
    endloop
  endfacet
  facet normal 0 1 0
    outer loop
      vertex 44.7631 32 73.824
      vertex 47 32 76
      vertex 45.055 32 74.0029
    endloop
  endfacet
  facet normal 0 1 0
    outer loop
      vertex 3 32 76
      vertex 4.62872 32 74.1339
      vertex 4.62728 32 74.1345
    endloop
  endfacet
  facet normal 0 1 0
    outer loop
      vertex 44.7617 32 73.8232
      vertex 47 32 76
      vertex 44.7631 32 73.824
    endloop
  endfacet
  facet normal 0 1 0
    outer loop
      vertex 3 32 76
      vertex 4.94503 32 74.0029
      vertex 4.62872 32 74.1339
    endloop
  endfacet
  facet normal 0 1 0
    outer loop
      vertex 44.7605 32 73.8221
      vertex 47 32 76
      vertex 44.7617 32 73.8232
    endloop
  endfacet
  facet normal 0 1 0
    outer loop
      vertex 3 32 76
      vertex 5.23694 32 73.824
      vertex 4.94503 32 74.0029
    endloop
  endfacet
  facet normal 0 1 0
    outer loop
      vertex 47 32 76
      vertex 44.7605 32 73.8221
      vertex 3 32 76
    endloop
  endfacet
  facet normal 0 1 0
    outer loop
      vertex 3 32 76
      vertex 5.23827 32 73.8232
      vertex 5.23694 32 73.824
    endloop
  endfacet
  facet normal 0 1 -0
    outer loop
      vertex 5.23945 32 73.8221
      vertex 3 32 76
      vertex 44.7605 32 73.8221
    endloop
  endfacet
  facet normal 0 1 0
    outer loop
      vertex 3 32 76
      vertex 5.23945 32 73.8221
      vertex 5.23827 32 73.8232
    endloop
  endfacet
  facet normal 0 1 -0
    outer loop
      vertex 44.5002 32 73.5998
      vertex 5.23945 32 73.8221
      vertex 44.7605 32 73.8221
    endloop
  endfacet
  facet normal 0 1 0
    outer loop
      vertex 44.5002 32 73.5998
      vertex 5.49979 32 73.5998
      vertex 5.23945 32 73.8221
    endloop
  endfacet
  facet normal 0 1 -0
    outer loop
      vertex 44.2779 32 73.3395
      vertex 5.49979 32 73.5998
      vertex 44.5002 32 73.5998
    endloop
  endfacet
  facet normal 0 1 0
    outer loop
      vertex 44.2779 32 73.3395
      vertex 5.72214 32 73.3395
      vertex 5.49979 32 73.5998
    endloop
  endfacet
  facet normal 0 1 -0
    outer loop
      vertex 44.2768 32 73.3383
      vertex 5.72214 32 73.3395
      vertex 44.2779 32 73.3395
    endloop
  endfacet
  facet normal 0 1 0
    outer loop
      vertex 44.2768 32 73.3383
      vertex 5.72315 32 73.3383
      vertex 5.72214 32 73.3395
    endloop
  endfacet
  facet normal 0 1 -0
    outer loop
      vertex 44.098 32 73.0464
      vertex 5.72315 32 73.3383
      vertex 44.2768 32 73.3383
    endloop
  endfacet
  facet normal 0 1 0
    outer loop
      vertex 44.098 32 73.0464
      vertex 5.90204 32 73.0464
      vertex 5.72315 32 73.3383
    endloop
  endfacet
  facet normal 0 1 -0
    outer loop
      vertex 44.0971 32 73.045
      vertex 5.90204 32 73.0464
      vertex 44.098 32 73.0464
    endloop
  endfacet
  facet normal 0 1 0
    outer loop
      vertex 44.0971 32 73.045
      vertex 5.90285 32 73.045
      vertex 5.90204 32 73.0464
    endloop
  endfacet
  facet normal 0 1 -0
    outer loop
      vertex 44.0966 32 73.0436
      vertex 5.90285 32 73.045
      vertex 44.0971 32 73.045
    endloop
  endfacet
  facet normal 0 1 0
    outer loop
      vertex 44.0966 32 73.0436
      vertex 5.90345 32 73.0436
      vertex 5.90285 32 73.045
    endloop
  endfacet
  facet normal 0 1 -0
    outer loop
      vertex 43.9655 32 72.7273
      vertex 5.90345 32 73.0436
      vertex 44.0966 32 73.0436
    endloop
  endfacet
  facet normal 0 1 0
    outer loop
      vertex 43.9655 32 72.7273
      vertex 6.03446 32 72.7273
      vertex 5.90345 32 73.0436
    endloop
  endfacet
  facet normal 0 1 -0
    outer loop
      vertex 43.8856 32 72.3944
      vertex 6.03446 32 72.7273
      vertex 43.9655 32 72.7273
    endloop
  endfacet
  facet normal 0 1 0
    outer loop
      vertex 43.8856 32 72.3944
      vertex 6.11439 32 72.3944
      vertex 6.03446 32 72.7273
    endloop
  endfacet
  facet normal 0 1 -0
    outer loop
      vertex 43.8852 32 72.3929
      vertex 6.11439 32 72.3944
      vertex 43.8856 32 72.3944
    endloop
  endfacet
  facet normal 0 1 0
    outer loop
      vertex 43.8852 32 72.3929
      vertex 6.11475 32 72.3929
      vertex 6.11439 32 72.3944
    endloop
  endfacet
  facet normal 0 1 -0
    outer loop
      vertex 43.8851 32 72.3913
      vertex 6.11475 32 72.3929
      vertex 43.8852 32 72.3929
    endloop
  endfacet
  facet normal 0 1 0
    outer loop
      vertex 43.8851 32 72.3913
      vertex 6.11487 32 72.3913
      vertex 6.11475 32 72.3929
    endloop
  endfacet
  facet normal 0 1 -0
    outer loop
      vertex 43.8583 32 72.05
      vertex 6.11487 32 72.3913
      vertex 43.8851 32 72.3913
    endloop
  endfacet
  facet normal 0 1 0
    outer loop
      vertex 43.8583 32 72.05
      vertex 6.14174 32 72.05
      vertex 6.11487 32 72.3913
    endloop
  endfacet
  facet normal 0 1 0
    outer loop
      vertex 43.8851 32 71.7087
      vertex 6.14174 32 72.05
      vertex 43.8583 32 72.05
    endloop
  endfacet
  facet normal 0 1 0
    outer loop
      vertex 43.8851 32 71.7087
      vertex 6.11487 32 71.7087
      vertex 6.14174 32 72.05
    endloop
  endfacet
  facet normal 0 1 0
    outer loop
      vertex 43.8852 32 71.7071
      vertex 6.11487 32 71.7087
      vertex 43.8851 32 71.7087
    endloop
  endfacet
  facet normal 0 1 0
    outer loop
      vertex 43.8852 32 71.7071
      vertex 6.11475 32 71.7071
      vertex 6.11487 32 71.7087
    endloop
  endfacet
  facet normal 0 1 0
    outer loop
      vertex 43.8856 32 71.7056
      vertex 6.11475 32 71.7071
      vertex 43.8852 32 71.7071
    endloop
  endfacet
  facet normal 0 1 0
    outer loop
      vertex 43.8856 32 71.7056
      vertex 6.11439 32 71.7056
      vertex 6.11475 32 71.7071
    endloop
  endfacet
  facet normal 0 1 0
    outer loop
      vertex 43.9655 32 71.3727
      vertex 6.11439 32 71.7056
      vertex 43.8856 32 71.7056
    endloop
  endfacet
  facet normal 0 1 0
    outer loop
      vertex 43.9655 32 71.3727
      vertex 6.03446 32 71.3727
      vertex 6.11439 32 71.7056
    endloop
  endfacet
  facet normal 0 1 0
    outer loop
      vertex 44.0966 32 71.0564
      vertex 6.03446 32 71.3727
      vertex 43.9655 32 71.3727
    endloop
  endfacet
  facet normal 0 1 0
    outer loop
      vertex 44.0966 32 71.0564
      vertex 5.90345 32 71.0564
      vertex 6.03446 32 71.3727
    endloop
  endfacet
  facet normal 0 1 0
    outer loop
      vertex 44.0971 32 71.055
      vertex 5.90345 32 71.0564
      vertex 44.0966 32 71.0564
    endloop
  endfacet
  facet normal 0 1 0
    outer loop
      vertex 44.0971 32 71.055
      vertex 5.90285 32 71.055
      vertex 5.90345 32 71.0564
    endloop
  endfacet
  facet normal 0 1 0
    outer loop
      vertex 44.098 32 71.0536
      vertex 5.90285 32 71.055
      vertex 44.0971 32 71.055
    endloop
  endfacet
  facet normal 0 1 0
    outer loop
      vertex 44.098 32 71.0536
      vertex 5.90204 32 71.0536
      vertex 5.90285 32 71.055
    endloop
  endfacet
  facet normal 0 1 0
    outer loop
      vertex 44.2768 32 70.7617
      vertex 5.90204 32 71.0536
      vertex 44.098 32 71.0536
    endloop
  endfacet
  facet normal 0 1 0
    outer loop
      vertex 44.2768 32 70.7617
      vertex 5.72315 32 70.7617
      vertex 5.90204 32 71.0536
    endloop
  endfacet
  facet normal 0 1 0
    outer loop
      vertex 44.4992 32 70.5014
      vertex 5.72315 32 70.7617
      vertex 44.2768 32 70.7617
    endloop
  endfacet
  facet normal 0 1 0
    outer loop
      vertex 44.4992 32 70.5014
      vertex 5.5008 32 70.5014
      vertex 5.72315 32 70.7617
    endloop
  endfacet
  facet normal 0 1 0
    outer loop
      vertex 44.5002 32 70.5002
      vertex 5.5008 32 70.5014
      vertex 44.4992 32 70.5014
    endloop
  endfacet
  facet normal 0 1 0
    outer loop
      vertex 44.5002 32 70.5002
      vertex 5.49979 32 70.5002
      vertex 5.5008 32 70.5014
    endloop
  endfacet
  facet normal 0 1 0
    outer loop
      vertex 44.5014 32 70.4992
      vertex 5.49979 32 70.5002
      vertex 44.5002 32 70.5002
    endloop
  endfacet
  facet normal 0 1 0
    outer loop
      vertex 44.5014 32 70.4992
      vertex 5.49861 32 70.4992
      vertex 5.49979 32 70.5002
    endloop
  endfacet
  facet normal 0 1 0
    outer loop
      vertex 44.7617 32 70.2768
      vertex 5.49861 32 70.4992
      vertex 44.5014 32 70.4992
    endloop
  endfacet
  facet normal 0 1 0
    outer loop
      vertex 44.7617 32 70.2768
      vertex 5.23827 32 70.2768
      vertex 5.49861 32 70.4992
    endloop
  endfacet
  facet normal 0 1 0
    outer loop
      vertex 45.0536 32 70.098
      vertex 5.23827 32 70.2768
      vertex 44.7617 32 70.2768
    endloop
  endfacet
  facet normal 0 1 0
    outer loop
      vertex 45.0536 32 70.098
      vertex 4.94635 32 70.098
      vertex 5.23827 32 70.2768
    endloop
  endfacet
  facet normal 0 1 0
    outer loop
      vertex 45.055 32 70.0971
      vertex 4.94635 32 70.098
      vertex 45.0536 32 70.098
    endloop
  endfacet
  facet normal 0 1 0
    outer loop
      vertex 45.055 32 70.0971
      vertex 4.94503 32 70.0971
      vertex 4.94635 32 70.098
    endloop
  endfacet
  facet normal 0 1 0
    outer loop
      vertex 45.7056 32 69.8856
      vertex 45.7071 32 6.11475
      vertex 45.3727 32 69.9655
    endloop
  endfacet
  facet normal 0 1 -0
    outer loop
      vertex 45.7056 32 6.11439
      vertex 45.3727 32 69.9655
      vertex 45.7071 32 6.11475
    endloop
  endfacet
  facet normal 0 1 0
    outer loop
      vertex 45.7071 32 69.8852
      vertex 45.7071 32 6.11475
      vertex 45.7056 32 69.8856
    endloop
  endfacet
  facet normal 0 1 0
    outer loop
      vertex 45.3727 32 6.03446
      vertex 45.3727 32 69.9655
      vertex 45.7056 32 6.11439
    endloop
  endfacet
  facet normal 0 1 0
    outer loop
      vertex 45.7071 32 6.11475
      vertex 45.7071 32 69.8852
      vertex 45.7087 32 6.11487
    endloop
  endfacet
  facet normal 0 1 0
    outer loop
      vertex 4.94503 32 70.0971
      vertex 3.95 32 6.14174
      vertex 4.94359 32 70.0965
    endloop
  endfacet
  facet normal 0 1 -0
    outer loop
      vertex 45.7087 32 6.11487
      vertex 45.7071 32 69.8852
      vertex 46.05 32 6.14174
    endloop
  endfacet
  facet normal 0 1 0
    outer loop
      vertex 4.94359 32 70.0965
      vertex 3.95 32 6.14174
      vertex 4.62728 32 69.9655
    endloop
  endfacet
  facet normal 0 1 0
    outer loop
      vertex 46.05 32 6.14174
      vertex 45.7071 32 69.8852
      vertex 45.7087 32 69.8851
    endloop
  endfacet
  facet normal 0 1 0
    outer loop
      vertex 4.62728 32 69.9655
      vertex 3.95 32 6.14174
      vertex 4.29438 32 69.8856
    endloop
  endfacet
  facet normal 0 1 -0
    outer loop
      vertex 46.05 32 6.14174
      vertex 45.7087 32 69.8851
      vertex 46.05 32 69.8583
    endloop
  endfacet
  facet normal 0 1 0
    outer loop
      vertex 4.29438 32 69.8856
      vertex 3.95 32 6.14174
      vertex 4.29286 32 69.8852
    endloop
  endfacet
  facet normal 0 1 0
    outer loop
      vertex 46.7287 32 74.1339
      vertex 47 32 76
      vertex 47.4693 32 75.9631
    endloop
  endfacet
  facet normal 0 1 0
    outer loop
      vertex 46.0484 32 74.2416
      vertex 47 32 76
      vertex 46.05 32 74.2417
    endloop
  endfacet
  facet normal 0 1 0
    outer loop
      vertex 47.045 32 74.0029
      vertex 47.4693 32 75.9631
      vertex 47.9271 32 75.8532
    endloop
  endfacet
  facet normal 0 1 0
    outer loop
      vertex 45.7071 32 74.2148
      vertex 47 32 76
      vertex 46.0484 32 74.2416
    endloop
  endfacet
  facet normal 0 1 0
    outer loop
      vertex 47.045 32 74.0029
      vertex 47.9271 32 75.8532
      vertex 48.362 32 75.673
    endloop
  endfacet
  facet normal 0 1 -0
    outer loop
      vertex 3.60869 32 74.2149
      vertex 3 32 76
      vertex 3.95 32 74.2417
    endloop
  endfacet
  facet normal 0 1 0
    outer loop
      vertex 47.3383 32 73.8232
      vertex 48.362 32 75.673
      vertex 48.7634 32 75.427
    endloop
  endfacet
  facet normal 0 1 -0
    outer loop
      vertex 3.60714 32 74.2148
      vertex 3 32 76
      vertex 3.60869 32 74.2149
    endloop
  endfacet
  facet normal 0 1 0
    outer loop
      vertex 47.5998 32 73.5998
      vertex 48.7634 32 75.427
      vertex 49.1213 32 75.1213
    endloop
  endfacet
  facet normal 0 1 -0
    outer loop
      vertex 3.27423 32 74.1348
      vertex 3 32 76
      vertex 3.60714 32 74.2148
    endloop
  endfacet
  facet normal 0 1 0
    outer loop
      vertex 47.5998 32 73.5998
      vertex 49.1213 32 75.1213
      vertex 49.4271 32 74.7634
    endloop
  endfacet
  facet normal 0 1 -0
    outer loop
      vertex 3.27272 32 74.1345
      vertex 3 32 76
      vertex 3.27423 32 74.1348
    endloop
  endfacet
  facet normal 0 1 0
    outer loop
      vertex 47.8232 32 73.3383
      vertex 49.4271 32 74.7634
      vertex 49.673 32 74.362
    endloop
  endfacet
  facet normal 0 1 -0
    outer loop
      vertex 3.27128 32 74.1339
      vertex 3 32 76
      vertex 3.27272 32 74.1345
    endloop
  endfacet
  facet normal 0 1 0
    outer loop
      vertex 3 32 76
      vertex 3.27128 32 74.1339
      vertex 2.5307 32 75.9631
    endloop
  endfacet
  facet normal 0 1 0
    outer loop
      vertex 47 32 76
      vertex 46.3913 32 74.2149
      vertex 46.05 32 74.2417
    endloop
  endfacet
  facet normal 0 1 0
    outer loop
      vertex 47 32 76
      vertex 46.3929 32 74.2148
      vertex 46.3913 32 74.2149
    endloop
  endfacet
  facet normal 0 1 0
    outer loop
      vertex 47 32 76
      vertex 46.7258 32 74.1348
      vertex 46.3929 32 74.2148
    endloop
  endfacet
  facet normal 0 1 0
    outer loop
      vertex 47 32 76
      vertex 46.7273 32 74.1345
      vertex 46.7258 32 74.1348
    endloop
  endfacet
  facet normal 0 1 0
    outer loop
      vertex 47 32 76
      vertex 46.7287 32 74.1339
      vertex 46.7273 32 74.1345
    endloop
  endfacet
  facet normal 0 1 0
    outer loop
      vertex 47.4693 32 75.9631
      vertex 47.045 32 74.0029
      vertex 46.7287 32 74.1339
    endloop
  endfacet
  facet normal 0 1 0
    outer loop
      vertex 47.824 32 73.3369
      vertex 49.673 32 74.362
      vertex 49.8532 32 73.927
    endloop
  endfacet
  facet normal 0 1 0
    outer loop
      vertex 48.362 32 75.673
      vertex 47.3369 32 73.824
      vertex 47.045 32 74.0029
    endloop
  endfacet
  facet normal 0 1 0
    outer loop
      vertex 48.362 32 75.673
      vertex 47.3383 32 73.8232
      vertex 47.3369 32 73.824
    endloop
  endfacet
  facet normal 0 1 0
    outer loop
      vertex 48.7634 32 75.427
      vertex 47.3395 32 73.8221
      vertex 47.3383 32 73.8232
    endloop
  endfacet
  facet normal 0 1 0
    outer loop
      vertex 48.7634 32 75.427
      vertex 47.5998 32 73.5998
      vertex 47.3395 32 73.8221
    endloop
  endfacet
  facet normal 0 1 0
    outer loop
      vertex 48.0028 32 73.045
      vertex 49.8532 32 73.927
      vertex 49.9631 32 73.4693
    endloop
  endfacet
  facet normal 0 1 0
    outer loop
      vertex 49.4271 32 74.7634
      vertex 47.8221 32 73.3395
      vertex 47.5998 32 73.5998
    endloop
  endfacet
  facet normal 0 1 0
    outer loop
      vertex 49.4271 32 74.7634
      vertex 47.8232 32 73.3383
      vertex 47.8221 32 73.3395
    endloop
  endfacet
  facet normal 0 1 0
    outer loop
      vertex 49.673 32 74.362
      vertex 47.824 32 73.3369
      vertex 47.8232 32 73.3383
    endloop
  endfacet
  facet normal 0 1 0
    outer loop
      vertex 49.8532 32 73.927
      vertex 48.0028 32 73.045
      vertex 47.824 32 73.3369
    endloop
  endfacet
  facet normal 0 1 0
    outer loop
      vertex 48.1339 32 72.7287
      vertex 49.9631 32 73.4693
      vertex 50 32 73
    endloop
  endfacet
  facet normal 0 1 0
    outer loop
      vertex 49.9631 32 73.4693
      vertex 48.1339 32 72.7287
      vertex 48.0028 32 73.045
    endloop
  endfacet
  facet normal 0 1 0
    outer loop
      vertex 50 32 73
      vertex 48.1345 32 72.7273
      vertex 48.1339 32 72.7287
    endloop
  endfacet
  facet normal 0 1 0
    outer loop
      vertex 50 32 73
      vertex 48.1348 32 72.7258
      vertex 48.1345 32 72.7273
    endloop
  endfacet
  facet normal 0 1 0
    outer loop
      vertex 50 32 73
      vertex 48.2148 32 72.3929
      vertex 48.1348 32 72.7258
    endloop
  endfacet
  facet normal 0 1 0
    outer loop
      vertex 50 32 73
      vertex 48.2149 32 72.3913
      vertex 48.2148 32 72.3929
    endloop
  endfacet
  facet normal 0 1 0
    outer loop
      vertex 50 32 73
      vertex 48.2417 32 72.05
      vertex 48.2149 32 72.3913
    endloop
  endfacet
  facet normal 0 1 0
    outer loop
      vertex 50 32 73
      vertex 48.2416 32 72.0484
      vertex 48.2417 32 72.05
    endloop
  endfacet
  facet normal 0 1 0
    outer loop
      vertex 50 32 73
      vertex 48.2148 32 71.7071
      vertex 48.2416 32 72.0484
    endloop
  endfacet
  facet normal 0 1 0
    outer loop
      vertex 50 32 73
      vertex 48.1348 32 71.3742
      vertex 48.2148 32 71.7071
    endloop
  endfacet
  facet normal 0 1 0
    outer loop
      vertex 50 32 73
      vertex 48.1345 32 71.3727
      vertex 48.1348 32 71.3742
    endloop
  endfacet
  facet normal 0 1 0
    outer loop
      vertex 50 32 73
      vertex 48.1339 32 71.3713
      vertex 48.1345 32 71.3727
    endloop
  endfacet
  facet normal 0 1 0
    outer loop
      vertex 50 32 73
      vertex 48.0028 32 71.055
      vertex 48.1339 32 71.3713
    endloop
  endfacet
  facet normal 0 1 0
    outer loop
      vertex 50 32 73
      vertex 47.824 32 70.7631
      vertex 48.0028 32 71.055
    endloop
  endfacet
  facet normal 0 1 0
    outer loop
      vertex 50 32 73
      vertex 47.8232 32 70.7617
      vertex 47.824 32 70.7631
    endloop
  endfacet
  facet normal 0 1 0
    outer loop
      vertex 50 32 73
      vertex 47.8221 32 70.7605
      vertex 47.8232 32 70.7617
    endloop
  endfacet
  facet normal 0 1 0
    outer loop
      vertex 50 32 73
      vertex 47.5998 32 70.5002
      vertex 47.8221 32 70.7605
    endloop
  endfacet
  facet normal 0 1 0
    outer loop
      vertex 47.5998 32 70.5002
      vertex 47.3383 32 70.2768
      vertex 47.3395 32 70.2779
    endloop
  endfacet
  facet normal 0 1 0
    outer loop
      vertex 47.3383 32 70.2768
      vertex 47.045 32 70.0971
      vertex 47.0464 32 70.098
    endloop
  endfacet
  facet normal 0 -1 0
    outer loop
      vertex 47.045 32 70.0971
      vertex 46.7273 32 69.9655
      vertex 47.0436 32 70.0965
    endloop
  endfacet
  facet normal 0 1 0
    outer loop
      vertex 46.7273 32 69.9655
      vertex 46.3929 32 69.8852
      vertex 46.3944 32 69.8856
    endloop
  endfacet
  facet normal 0 1 0
    outer loop
      vertex 46.3929 32 69.8852
      vertex 46.05 32 69.8583
      vertex 46.3913 32 69.8851
    endloop
  endfacet
  facet normal 0 1 0
    outer loop
      vertex 4.29286 32 69.8852
      vertex 3.95 32 6.14174
      vertex 4.29131 32 69.8851
    endloop
  endfacet
  facet normal 0 1 0
    outer loop
      vertex 46.3929 32 69.8852
      vertex 46.05 32 6.14174
      vertex 46.05 32 69.8583
    endloop
  endfacet
  facet normal 0 1 0
    outer loop
      vertex 46.3929 32 6.11475
      vertex 46.3929 32 69.8852
      vertex 46.7273 32 69.9655
    endloop
  endfacet
  facet normal 0 1 0
    outer loop
      vertex 46.7273 32 6.03446
      vertex 46.7273 32 69.9655
      vertex 47.045 32 70.0971
    endloop
  endfacet
  facet normal 0 1 0
    outer loop
      vertex 47.045 32 5.90285
      vertex 47.045 32 70.0971
      vertex 47.3383 32 70.2768
    endloop
  endfacet
  facet normal 0 1 0
    outer loop
      vertex 47.3383 32 5.72315
      vertex 47.3383 32 70.2768
      vertex 47.5998 32 70.5002
    endloop
  endfacet
  facet normal 0 1 0
    outer loop
      vertex 47.5998 32 5.49979
      vertex 47.5998 32 70.5002
      vertex 50 32 73
    endloop
  endfacet
  facet normal 0 1 0
    outer loop
      vertex 46.3929 32 69.8852
      vertex 46.3913 32 6.11487
      vertex 46.05 32 6.14174
    endloop
  endfacet
  facet normal 0 1 0
    outer loop
      vertex 46.3929 32 69.8852
      vertex 46.3929 32 6.11475
      vertex 46.3913 32 6.11487
    endloop
  endfacet
  facet normal 0 1 0
    outer loop
      vertex 46.7273 32 69.9655
      vertex 46.3944 32 6.11439
      vertex 46.3929 32 6.11475
    endloop
  endfacet
  facet normal 0 1 0
    outer loop
      vertex 46.7273 32 69.9655
      vertex 46.7273 32 6.03446
      vertex 46.3944 32 6.11439
    endloop
  endfacet
  facet normal 0 1 0
    outer loop
      vertex 47.045 32 70.0971
      vertex 47.0436 32 5.90345
      vertex 46.7273 32 6.03446
    endloop
  endfacet
  facet normal 0 1 0
    outer loop
      vertex 47.045 32 70.0971
      vertex 47.045 32 5.90285
      vertex 47.0436 32 5.90345
    endloop
  endfacet
  facet normal 0 1 0
    outer loop
      vertex 47.3383 32 70.2768
      vertex 47.0464 32 5.90204
      vertex 47.045 32 5.90285
    endloop
  endfacet
  facet normal 0 1 0
    outer loop
      vertex 47.3383 32 70.2768
      vertex 47.3383 32 5.72315
      vertex 47.0464 32 5.90204
    endloop
  endfacet
  facet normal 0 1 0
    outer loop
      vertex 47.5998 32 70.5002
      vertex 47.3395 32 5.72214
      vertex 47.3383 32 5.72315
    endloop
  endfacet
  facet normal 0 1 0
    outer loop
      vertex 47.5998 32 70.5002
      vertex 47.5998 32 5.49979
      vertex 47.3395 32 5.72214
    endloop
  endfacet
  facet normal 0 1 -0
    outer loop
      vertex 50 32 3
      vertex 47.5998 32 5.49979
      vertex 50 32 73
    endloop
  endfacet
  facet normal 0 1 0
    outer loop
      vertex 47.5998 32 5.49979
      vertex 50 32 3
      vertex 47.8221 32 5.23945
    endloop
  endfacet
  facet normal 0 1 0
    outer loop
      vertex 47.8221 32 5.23945
      vertex 50 32 3
      vertex 47.8232 32 5.23827
    endloop
  endfacet
  facet normal 0 1 0
    outer loop
      vertex 47.8232 32 5.23827
      vertex 50 32 3
      vertex 47.824 32 5.23694
    endloop
  endfacet
  facet normal 0 1 0
    outer loop
      vertex 47.824 32 5.23694
      vertex 50 32 3
      vertex 48.0028 32 4.94503
    endloop
  endfacet
  facet normal 0 1 0
    outer loop
      vertex 48.0028 32 4.94503
      vertex 50 32 3
      vertex 48.1339 32 4.62872
    endloop
  endfacet
  facet normal 0 1 0
    outer loop
      vertex 48.1339 32 4.62872
      vertex 50 32 3
      vertex 48.1345 32 4.62728
    endloop
  endfacet
  facet normal 0 1 0
    outer loop
      vertex 48.1345 32 4.62728
      vertex 50 32 3
      vertex 48.1348 32 4.62577
    endloop
  endfacet
  facet normal 0 1 0
    outer loop
      vertex 48.1348 32 4.62577
      vertex 50 32 3
      vertex 48.2148 32 4.29286
    endloop
  endfacet
  facet normal 0 1 0
    outer loop
      vertex 48.2148 32 4.29286
      vertex 50 32 3
      vertex 48.2416 32 3.95155
    endloop
  endfacet
  facet normal 0 1 0
    outer loop
      vertex 50 32 3
      vertex 48.2149 32 3.60869
      vertex 48.2417 32 3.95
    endloop
  endfacet
  facet normal 0 1 0
    outer loop
      vertex 50 32 3
      vertex 48.1348 32 3.27423
      vertex 48.2148 32 3.60714
    endloop
  endfacet
  facet normal 0 1 0
    outer loop
      vertex 48.2416 32 3.95155
      vertex 50 32 3
      vertex 48.2417 32 3.95
    endloop
  endfacet
  facet normal 0 1 0
    outer loop
      vertex 48.2149 32 3.60869
      vertex 50 32 3
      vertex 48.2148 32 3.60714
    endloop
  endfacet
  facet normal 0 1 0
    outer loop
      vertex 48.1348 32 3.27423
      vertex 50 32 3
      vertex 48.1345 32 3.27272
    endloop
  endfacet
  facet normal 0 1 0
    outer loop
      vertex 50 32 3
      vertex 48.1339 32 3.27128
      vertex 48.1345 32 3.27272
    endloop
  endfacet
  facet normal 0 1 -0
    outer loop
      vertex 49.9631 32 2.5307
      vertex 48.1339 32 3.27128
      vertex 50 32 3
    endloop
  endfacet
  facet normal 0 1 0
    outer loop
      vertex 48.1339 32 3.27128
      vertex 49.9631 32 2.5307
      vertex 48.0028 32 2.95497
    endloop
  endfacet
  facet normal 0 1 -0
    outer loop
      vertex 49.8532 32 2.07295
      vertex 48.0028 32 2.95497
      vertex 49.9631 32 2.5307
    endloop
  endfacet
  facet normal 0 1 0
    outer loop
      vertex 48.0028 32 2.95497
      vertex 49.8532 32 2.07295
      vertex 47.824 32 2.66306
    endloop
  endfacet
  facet normal 0 1 -0
    outer loop
      vertex 49.673 32 1.63803
      vertex 47.824 32 2.66306
      vertex 49.8532 32 2.07295
    endloop
  endfacet
  facet normal 0 1 0
    outer loop
      vertex 47.824 32 2.66306
      vertex 49.673 32 1.63803
      vertex 47.8232 32 2.66173
    endloop
  endfacet
  facet normal 0 1 -0
    outer loop
      vertex 49.4271 32 1.23664
      vertex 47.8232 32 2.66173
      vertex 49.673 32 1.63803
    endloop
  endfacet
  facet normal 0 1 0
    outer loop
      vertex 47.8232 32 2.66173
      vertex 49.4271 32 1.23664
      vertex 47.8221 32 2.66055
    endloop
  endfacet
  facet normal 0 1 0
    outer loop
      vertex 47.8221 32 2.66055
      vertex 49.4271 32 1.23664
      vertex 47.5998 32 2.40021
    endloop
  endfacet
  facet normal 0 1 -0
    outer loop
      vertex 49.1213 32 0.878679
      vertex 47.5998 32 2.40021
      vertex 49.4271 32 1.23664
    endloop
  endfacet
  facet normal 0 1 -0
    outer loop
      vertex 48.7634 32 0.572948
      vertex 47.5998 32 2.40021
      vertex 49.1213 32 0.878679
    endloop
  endfacet
  facet normal 0 1 0
    outer loop
      vertex 47.5998 32 2.40021
      vertex 48.7634 32 0.572948
      vertex 47.3395 32 2.17786
    endloop
  endfacet
  facet normal 0 1 0
    outer loop
      vertex 47.3395 32 2.17786
      vertex 48.7634 32 0.572948
      vertex 47.3383 32 2.17685
    endloop
  endfacet
  facet normal 0 1 -0
    outer loop
      vertex 48.362 32 0.32698
      vertex 47.3383 32 2.17685
      vertex 48.7634 32 0.572948
    endloop
  endfacet
  facet normal 0 1 0
    outer loop
      vertex 47.3383 32 2.17685
      vertex 48.362 32 0.32698
      vertex 47.3369 32 2.17603
    endloop
  endfacet
  facet normal 0 1 0
    outer loop
      vertex 47.045 32 1.99715
      vertex 47.4693 32 0.0369349
      vertex 46.7287 32 1.86613
    endloop
  endfacet
  facet normal 0 1 -0
    outer loop
      vertex 47.4693 32 0.0369349
      vertex 47.045 32 1.99715
      vertex 47.9271 32 0.14683
    endloop
  endfacet
  facet normal 0 1 -0
    outer loop
      vertex 47.9271 32 0.14683
      vertex 47.045 32 1.99715
      vertex 48.362 32 0.32698
    endloop
  endfacet
  facet normal 0 1 0
    outer loop
      vertex 47.3369 32 2.17603
      vertex 48.362 32 0.32698
      vertex 47.045 32 1.99715
    endloop
  endfacet
  facet normal 0 1 -0
    outer loop
      vertex 2.95497 32 74.0029
      vertex 2.5307 32 75.9631
      vertex 3.27128 32 74.1339
    endloop
  endfacet
  facet normal 0 1 0
    outer loop
      vertex 2.5307 32 75.9631
      vertex 2.95497 32 74.0029
      vertex 2.07295 32 75.8532
    endloop
  endfacet
  facet normal 0 1 0
    outer loop
      vertex 2.07295 32 75.8532
      vertex 2.95497 32 74.0029
      vertex 1.63803 32 75.673
    endloop
  endfacet
  facet normal 0 1 -0
    outer loop
      vertex 2.66306 32 73.824
      vertex 1.63803 32 75.673
      vertex 2.95497 32 74.0029
    endloop
  endfacet
  facet normal 0 1 -0
    outer loop
      vertex 2.66173 32 73.8232
      vertex 1.63803 32 75.673
      vertex 2.66306 32 73.824
    endloop
  endfacet
  facet normal 0 1 0
    outer loop
      vertex 1.63803 32 75.673
      vertex 2.66173 32 73.8232
      vertex 1.23664 32 75.427
    endloop
  endfacet
  facet normal 0 1 -0
    outer loop
      vertex 2.66055 32 73.8221
      vertex 1.23664 32 75.427
      vertex 2.66173 32 73.8232
    endloop
  endfacet
  facet normal 0 1 -0
    outer loop
      vertex 2.40021 32 73.5998
      vertex 1.23664 32 75.427
      vertex 2.66055 32 73.8221
    endloop
  endfacet
  facet normal 0 1 0
    outer loop
      vertex 1.23664 32 75.427
      vertex 2.40021 32 73.5998
      vertex 0.878679 32 75.1213
    endloop
  endfacet
  facet normal 0 1 0
    outer loop
      vertex 0.878679 32 75.1213
      vertex 2.40021 32 73.5998
      vertex 0.572948 32 74.7634
    endloop
  endfacet
  facet normal 0 1 -0
    outer loop
      vertex 2.17786 32 73.3395
      vertex 0.572948 32 74.7634
      vertex 2.40021 32 73.5998
    endloop
  endfacet
  facet normal 0 1 -0
    outer loop
      vertex 2.17685 32 73.3383
      vertex 0.572948 32 74.7634
      vertex 2.17786 32 73.3395
    endloop
  endfacet
  facet normal 0 1 0
    outer loop
      vertex 0.572948 32 74.7634
      vertex 2.17685 32 73.3383
      vertex 0.32698 32 74.362
    endloop
  endfacet
  facet normal 0 1 -0
    outer loop
      vertex 2.17603 32 73.3369
      vertex 0.32698 32 74.362
      vertex 2.17685 32 73.3383
    endloop
  endfacet
  facet normal 0 1 0
    outer loop
      vertex 0.32698 32 74.362
      vertex 2.17603 32 73.3369
      vertex 0.14683 32 73.927
    endloop
  endfacet
  facet normal 0 1 -0
    outer loop
      vertex 1.99715 32 73.045
      vertex 0.14683 32 73.927
      vertex 2.17603 32 73.3369
    endloop
  endfacet
  facet normal 0 1 0
    outer loop
      vertex 0.14683 32 73.927
      vertex 1.99715 32 73.045
      vertex 0.0369349 32 73.4693
    endloop
  endfacet
  facet normal 0 1 -0
    outer loop
      vertex 1.86613 32 72.7287
      vertex 0.0369349 32 73.4693
      vertex 1.99715 32 73.045
    endloop
  endfacet
  facet normal 0 1 0
    outer loop
      vertex 0.0369349 32 73.4693
      vertex 1.86613 32 72.7287
      vertex 0 32 73
    endloop
  endfacet
  facet normal 0 1 -0
    outer loop
      vertex 1.86553 32 72.7273
      vertex 0 32 73
      vertex 1.86613 32 72.7287
    endloop
  endfacet
  facet normal 0 1 -0
    outer loop
      vertex 1.86517 32 72.7258
      vertex 0 32 73
      vertex 1.86553 32 72.7273
    endloop
  endfacet
  facet normal 0 1 -0
    outer loop
      vertex 1.78525 32 72.3929
      vertex 0 32 73
      vertex 1.86517 32 72.7258
    endloop
  endfacet
  facet normal 0 1 -0
    outer loop
      vertex 1.75839 32 72.0516
      vertex 0 32 73
      vertex 1.78525 32 72.3929
    endloop
  endfacet
  facet normal 0 1 -0
    outer loop
      vertex 1.75826 32 72.05
      vertex 0 32 73
      vertex 1.75839 32 72.0516
    endloop
  endfacet
  facet normal 0 1 0
    outer loop
      vertex 1.75839 32 72.0484
      vertex 0 32 73
      vertex 1.75826 32 72.05
    endloop
  endfacet
  facet normal 0 1 0
    outer loop
      vertex 1.78525 32 71.7071
      vertex 0 32 73
      vertex 1.75839 32 72.0484
    endloop
  endfacet
  facet normal 0 1 0
    outer loop
      vertex 1.86517 32 71.3742
      vertex 0 32 73
      vertex 1.78525 32 71.7071
    endloop
  endfacet
  facet normal 0 1 0
    outer loop
      vertex 1.86553 32 71.3727
      vertex 0 32 73
      vertex 1.86517 32 71.3742
    endloop
  endfacet
  facet normal 0 1 0
    outer loop
      vertex 1.86613 32 71.3713
      vertex 0 32 73
      vertex 1.86553 32 71.3727
    endloop
  endfacet
  facet normal 0 1 0
    outer loop
      vertex 1.99715 32 71.055
      vertex 0 32 73
      vertex 1.86613 32 71.3713
    endloop
  endfacet
  facet normal 0 1 0
    outer loop
      vertex 2.17603 32 70.7631
      vertex 0 32 73
      vertex 1.99715 32 71.055
    endloop
  endfacet
  facet normal 0 1 0
    outer loop
      vertex 2.17685 32 70.7617
      vertex 0 32 73
      vertex 2.17603 32 70.7631
    endloop
  endfacet
  facet normal 0 1 0
    outer loop
      vertex 2.17786 32 70.7605
      vertex 0 32 73
      vertex 2.17685 32 70.7617
    endloop
  endfacet
  facet normal 0 1 0
    outer loop
      vertex 2.40021 32 70.5002
      vertex 0 32 73
      vertex 2.17786 32 70.7605
    endloop
  endfacet
  facet normal 0 1 0
    outer loop
      vertex 2.66173 32 70.2768
      vertex 2.40021 32 70.5002
      vertex 2.66055 32 70.2779
    endloop
  endfacet
  facet normal 0 1 0
    outer loop
      vertex 2.95497 32 70.0971
      vertex 2.66173 32 70.2768
      vertex 2.95365 32 70.098
    endloop
  endfacet
  facet normal 0 -1 0
    outer loop
      vertex 3.27272 32 69.9655
      vertex 2.95497 32 70.0971
      vertex 2.95641 32 70.0965
    endloop
  endfacet
  facet normal 0 1 0
    outer loop
      vertex 3.60714 32 69.8852
      vertex 3.27272 32 69.9655
      vertex 3.60562 32 69.8856
    endloop
  endfacet
  facet normal 0 1 0
    outer loop
      vertex 3.95 32 69.8583
      vertex 3.60714 32 69.8852
      vertex 3.60869 32 69.8851
    endloop
  endfacet
  facet normal 0 1 0
    outer loop
      vertex 4.29131 32 69.8851
      vertex 3.95 32 6.14174
      vertex 3.95 32 69.8583
    endloop
  endfacet
  facet normal 0 1 0
    outer loop
      vertex 3.95 32 69.8583
      vertex 3.95 32 6.14174
      vertex 3.60714 32 69.8852
    endloop
  endfacet
  facet normal 0 1 -0
    outer loop
      vertex 3.60869 32 6.11487
      vertex 3.60714 32 69.8852
      vertex 3.95 32 6.14174
    endloop
  endfacet
  facet normal 0 1 0
    outer loop
      vertex 3.60714 32 6.11475
      vertex 3.60714 32 69.8852
      vertex 3.60869 32 6.11487
    endloop
  endfacet
  facet normal 0 1 0
    outer loop
      vertex 3.60714 32 69.8852
      vertex 3.60714 32 6.11475
      vertex 3.27272 32 69.9655
    endloop
  endfacet
  facet normal 0 1 -0
    outer loop
      vertex 3.60562 32 6.11439
      vertex 3.27272 32 69.9655
      vertex 3.60714 32 6.11475
    endloop
  endfacet
  facet normal 0 1 0
    outer loop
      vertex 3.27272 32 6.03446
      vertex 3.27272 32 69.9655
      vertex 3.60562 32 6.11439
    endloop
  endfacet
  facet normal 0 1 0
    outer loop
      vertex 3.27272 32 69.9655
      vertex 3.27272 32 6.03446
      vertex 2.95497 32 70.0971
    endloop
  endfacet
  facet normal 0 1 -0
    outer loop
      vertex 2.95641 32 5.90345
      vertex 2.95497 32 70.0971
      vertex 3.27272 32 6.03446
    endloop
  endfacet
  facet normal 0 1 0
    outer loop
      vertex 2.95497 32 5.90285
      vertex 2.95497 32 70.0971
      vertex 2.95641 32 5.90345
    endloop
  endfacet
  facet normal 0 1 0
    outer loop
      vertex 2.95497 32 70.0971
      vertex 2.95497 32 5.90285
      vertex 2.66173 32 70.2768
    endloop
  endfacet
  facet normal 0 1 -0
    outer loop
      vertex 2.95365 32 5.90204
      vertex 2.66173 32 70.2768
      vertex 2.95497 32 5.90285
    endloop
  endfacet
  facet normal 0 1 0
    outer loop
      vertex 2.66173 32 5.72315
      vertex 2.66173 32 70.2768
      vertex 2.95365 32 5.90204
    endloop
  endfacet
  facet normal 0 1 0
    outer loop
      vertex 2.66173 32 70.2768
      vertex 2.66173 32 5.72315
      vertex 2.40021 32 70.5002
    endloop
  endfacet
  facet normal 0 1 -0
    outer loop
      vertex 2.66055 32 5.72214
      vertex 2.40021 32 70.5002
      vertex 2.66173 32 5.72315
    endloop
  endfacet
  facet normal 0 1 0
    outer loop
      vertex 2.40021 32 5.49979
      vertex 2.40021 32 70.5002
      vertex 2.66055 32 5.72214
    endloop
  endfacet
  facet normal 0 1 0
    outer loop
      vertex 2.40021 32 70.5002
      vertex 2.40021 32 5.49979
      vertex 0 32 73
    endloop
  endfacet
  facet normal 0 1 0
    outer loop
      vertex 0 32 3
      vertex 2.40021 32 5.49979
      vertex 2.17786 32 5.23945
    endloop
  endfacet
  facet normal 0 1 0
    outer loop
      vertex 0 32 3
      vertex 2.17786 32 5.23945
      vertex 2.17685 32 5.23827
    endloop
  endfacet
  facet normal 0 1 0
    outer loop
      vertex 0 32 3
      vertex 2.17685 32 5.23827
      vertex 2.17603 32 5.23694
    endloop
  endfacet
  facet normal 0 1 0
    outer loop
      vertex 0 32 3
      vertex 2.17603 32 5.23694
      vertex 1.99715 32 4.94503
    endloop
  endfacet
  facet normal 0 1 0
    outer loop
      vertex 0 32 3
      vertex 1.99715 32 4.94503
      vertex 1.86613 32 4.62872
    endloop
  endfacet
  facet normal 0 1 0
    outer loop
      vertex 0 32 3
      vertex 1.86613 32 4.62872
      vertex 1.86553 32 4.62728
    endloop
  endfacet
  facet normal 0 1 0
    outer loop
      vertex 0 32 3
      vertex 1.86553 32 4.62728
      vertex 1.86517 32 4.62577
    endloop
  endfacet
  facet normal 0 1 0
    outer loop
      vertex 0 32 3
      vertex 1.86517 32 4.62577
      vertex 1.78525 32 4.29286
    endloop
  endfacet
  facet normal 0 1 0
    outer loop
      vertex 0 32 3
      vertex 1.78525 32 4.29286
      vertex 1.75839 32 3.95155
    endloop
  endfacet
  facet normal 0 1 0
    outer loop
      vertex 0 32 3
      vertex 1.75839 32 3.95155
      vertex 1.75826 32 3.95
    endloop
  endfacet
  facet normal 0 1 0
    outer loop
      vertex 0 32 3
      vertex 1.86517 32 3.27423
      vertex 1.86553 32 3.27272
    endloop
  endfacet
  facet normal 0 1 0
    outer loop
      vertex 2.40021 32 5.49979
      vertex 0 32 3
      vertex 0 32 73
    endloop
  endfacet
  facet normal 0 1 0
    outer loop
      vertex 1.75839 32 3.94845
      vertex 0 32 3
      vertex 1.75826 32 3.95
    endloop
  endfacet
  facet normal 0 1 0
    outer loop
      vertex 1.78525 32 3.60714
      vertex 0 32 3
      vertex 1.75839 32 3.94845
    endloop
  endfacet
  facet normal 0 1 0
    outer loop
      vertex 1.86517 32 3.27423
      vertex 0 32 3
      vertex 1.78525 32 3.60714
    endloop
  endfacet
  facet normal 0 1 0
    outer loop
      vertex 1.86613 32 3.27128
      vertex 0 32 3
      vertex 1.86553 32 3.27272
    endloop
  endfacet
  facet normal 0 1 0
    outer loop
      vertex 0.0369349 32 2.5307
      vertex 1.86613 32 3.27128
      vertex 1.99715 32 2.95497
    endloop
  endfacet
  facet normal 0 1 0
    outer loop
      vertex 0.14683 32 2.07295
      vertex 1.99715 32 2.95497
      vertex 2.17603 32 2.66306
    endloop
  endfacet
  facet normal 0 1 0
    outer loop
      vertex 0.32698 32 1.63803
      vertex 2.17603 32 2.66306
      vertex 2.17685 32 2.66173
    endloop
  endfacet
  facet normal 0 1 0
    outer loop
      vertex 0.572948 32 1.23664
      vertex 2.17685 32 2.66173
      vertex 2.17786 32 2.66055
    endloop
  endfacet
  facet normal 0 1 0
    outer loop
      vertex 1.86613 32 3.27128
      vertex 0.0369349 32 2.5307
      vertex 0 32 3
    endloop
  endfacet
  facet normal 0 1 0
    outer loop
      vertex 0.572948 32 1.23664
      vertex 2.17786 32 2.66055
      vertex 2.40021 32 2.40021
    endloop
  endfacet
  facet normal 0 1 0
    outer loop
      vertex 1.23664 32 0.572948
      vertex 2.40021 32 2.40021
      vertex 2.66055 32 2.17786
    endloop
  endfacet
  facet normal 0 1 0
    outer loop
      vertex 1.23664 32 0.572948
      vertex 2.66055 32 2.17786
      vertex 2.66173 32 2.17685
    endloop
  endfacet
  facet normal 0 1 0
    outer loop
      vertex 1.63803 32 0.32698
      vertex 2.66173 32 2.17685
      vertex 2.66306 32 2.17603
    endloop
  endfacet
  facet normal 0 1 0
    outer loop
      vertex 1.99715 32 2.95497
      vertex 0.14683 32 2.07295
      vertex 0.0369349 32 2.5307
    endloop
  endfacet
  facet normal 0 1 0
    outer loop
      vertex 1.63803 32 0.32698
      vertex 2.66306 32 2.17603
      vertex 2.95497 32 1.99715
    endloop
  endfacet
  facet normal 0 1 0
    outer loop
      vertex 2.5307 32 0.0369349
      vertex 2.95497 32 1.99715
      vertex 3.27128 32 1.86613
    endloop
  endfacet
  facet normal 0 1 0
    outer loop
      vertex 3 32 0
      vertex 3.27128 32 1.86613
      vertex 3.27272 32 1.86553
    endloop
  endfacet
  facet normal 0 1 0
    outer loop
      vertex 3 32 0
      vertex 3.27272 32 1.86553
      vertex 3.27423 32 1.86517
    endloop
  endfacet
  facet normal 0 1 0
    outer loop
      vertex 3 32 0
      vertex 3.27423 32 1.86517
      vertex 3.60714 32 1.78525
    endloop
  endfacet
  facet normal 0 1 0
    outer loop
      vertex 2.17603 32 2.66306
      vertex 0.32698 32 1.63803
      vertex 0.14683 32 2.07295
    endloop
  endfacet
  facet normal 0 1 0
    outer loop
      vertex 3 32 0
      vertex 3.60714 32 1.78525
      vertex 3.94845 32 1.75839
    endloop
  endfacet
  facet normal 0 1 0
    outer loop
      vertex 3 32 0
      vertex 3.94845 32 1.75839
      vertex 3.95 32 1.75826
    endloop
  endfacet
  facet normal 0 1 0
    outer loop
      vertex 4.29286 32 1.78525
      vertex 3 32 0
      vertex 3.95155 32 1.75839
    endloop
  endfacet
  facet normal 0 1 -0
    outer loop
      vertex 47 32 0
      vertex 46.7287 32 1.86613
      vertex 47.4693 32 0.0369349
    endloop
  endfacet
  facet normal 0 1 0
    outer loop
      vertex 3.95155 32 1.75839
      vertex 3 32 0
      vertex 3.95 32 1.75826
    endloop
  endfacet
  facet normal 0 1 0
    outer loop
      vertex 46.7287 32 1.86613
      vertex 47 32 0
      vertex 46.7273 32 1.86553
    endloop
  endfacet
  facet normal 0 1 0
    outer loop
      vertex 3.27128 32 1.86613
      vertex 3 32 0
      vertex 2.5307 32 0.0369349
    endloop
  endfacet
  facet normal 0 1 0
    outer loop
      vertex 46.7273 32 1.86553
      vertex 47 32 0
      vertex 46.7258 32 1.86517
    endloop
  endfacet
  facet normal 0 1 0
    outer loop
      vertex 2.17685 32 2.66173
      vertex 0.572948 32 1.23664
      vertex 0.32698 32 1.63803
    endloop
  endfacet
  facet normal 0 1 0
    outer loop
      vertex 46.7258 32 1.86517
      vertex 47 32 0
      vertex 46.3929 32 1.78525
    endloop
  endfacet
  facet normal 0 1 0
    outer loop
      vertex 2.40021 32 2.40021
      vertex 0.878679 32 0.878679
      vertex 0.572948 32 1.23664
    endloop
  endfacet
  facet normal 0 1 0
    outer loop
      vertex 46.3929 32 1.78525
      vertex 47 32 0
      vertex 46.0516 32 1.75839
    endloop
  endfacet
  facet normal 0 1 0
    outer loop
      vertex 2.40021 32 2.40021
      vertex 1.23664 32 0.572948
      vertex 0.878679 32 0.878679
    endloop
  endfacet
  facet normal 0 1 0
    outer loop
      vertex 46.0516 32 1.75839
      vertex 47 32 0
      vertex 46.05 32 1.75826
    endloop
  endfacet
  facet normal 0 1 0
    outer loop
      vertex 2.66173 32 2.17685
      vertex 1.63803 32 0.32698
      vertex 1.23664 32 0.572948
    endloop
  endfacet
  facet normal 0 1 0
    outer loop
      vertex 2.95497 32 1.99715
      vertex 2.07295 32 0.14683
      vertex 1.63803 32 0.32698
    endloop
  endfacet
  facet normal 0 1 0
    outer loop
      vertex 2.95497 32 1.99715
      vertex 2.5307 32 0.0369349
      vertex 2.07295 32 0.14683
    endloop
  endfacet
  facet normal -0.996917 0 0.0784595
    outer loop
      vertex 0 30 73
      vertex 0.0369349 32 73.4693
      vertex 0 32 73
    endloop
  endfacet
  facet normal -0.996917 0 0.0784595
    outer loop
      vertex 0.0369349 32 73.4693
      vertex 0 30 73
      vertex 0.0369349 30 73.4693
    endloop
  endfacet
  facet normal -0.85265 0 0.522483
    outer loop
      vertex 0.32698 30 74.362
      vertex 0.572948 32 74.7634
      vertex 0.32698 32 74.362
    endloop
  endfacet
  facet normal -0.85265 0 0.522483
    outer loop
      vertex 0.572948 32 74.7634
      vertex 0.32698 30 74.362
      vertex 0.572948 30 74.7634
    endloop
  endfacet
  facet normal 0 0 -1
    outer loop
      vertex 3 30 0
      vertex 47 32 0
      vertex 47 30 0
    endloop
  endfacet
  facet normal -0 0 -1
    outer loop
      vertex 47 32 0
      vertex 3 30 0
      vertex 3 32 0
    endloop
  endfacet
  facet normal 0.0783858 0 0.996923
    outer loop
      vertex 47 32 76
      vertex 47.4693 30 75.9631
      vertex 47.4693 32 75.9631
    endloop
  endfacet
  facet normal 0.0783858 0 0.996923
    outer loop
      vertex 47.4693 30 75.9631
      vertex 47 32 76
      vertex 47 30 76
    endloop
  endfacet
  facet normal -0.923904 0 0.382624
    outer loop
      vertex 0.14683 30 73.927
      vertex 0.32698 32 74.362
      vertex 0.14683 32 73.927
    endloop
  endfacet
  facet normal -0.923904 0 0.382624
    outer loop
      vertex 0.32698 32 74.362
      vertex 0.14683 30 73.927
      vertex 0.32698 30 74.362
    endloop
  endfacet
  facet normal 0.972362 -0 0.233477
    outer loop
      vertex 49.8532 30 73.927
      vertex 49.9631 32 73.4693
      vertex 49.8532 32 73.927
    endloop
  endfacet
  facet normal 0.972362 0 0.233477
    outer loop
      vertex 49.9631 32 73.4693
      vertex 49.8532 30 73.927
      vertex 49.9631 30 73.4693
    endloop
  endfacet
  facet normal 1 -0 0
    outer loop
      vertex 50 30 73
      vertex 50 32 3
      vertex 50 32 73
    endloop
  endfacet
  facet normal 1 0 0
    outer loop
      vertex 50 32 3
      vertex 50 30 73
      vertex 50 30 3
    endloop
  endfacet
  facet normal 0.852708 0 -0.522387
    outer loop
      vertex 49.673 30 1.63803
      vertex 49.4271 32 1.23664
      vertex 49.673 32 1.63803
    endloop
  endfacet
  facet normal 0.852708 0 -0.522387
    outer loop
      vertex 49.4271 32 1.23664
      vertex 49.673 30 1.63803
      vertex 49.4271 30 1.23664
    endloop
  endfacet
  facet normal -0.97237 0 -0.233443
    outer loop
      vertex 0.14683 30 2.07295
      vertex 0.0369349 32 2.5307
      vertex 0.14683 32 2.07295
    endloop
  endfacet
  facet normal -0.97237 -0 -0.233443
    outer loop
      vertex 0.0369349 32 2.5307
      vertex 0.14683 30 2.07295
      vertex 0.0369349 30 2.5307
    endloop
  endfacet
  facet normal -0 0 1
    outer loop
      vertex 3 32 76
      vertex 47 30 76
      vertex 47 32 76
    endloop
  endfacet
  facet normal 0 0 1
    outer loop
      vertex 47 30 76
      vertex 3 32 76
      vertex 3 30 76
    endloop
  endfacet
  facet normal -0.972365 0 0.233468
    outer loop
      vertex 0.0369349 30 73.4693
      vertex 0.14683 32 73.927
      vertex 0.0369349 32 73.4693
    endloop
  endfacet
  facet normal -0.972365 0 0.233468
    outer loop
      vertex 0.14683 32 73.927
      vertex 0.0369349 30 73.4693
      vertex 0.14683 30 73.927
    endloop
  endfacet
  facet normal 0.996923 -0 0.0783858
    outer loop
      vertex 49.9631 30 73.4693
      vertex 50 32 73
      vertex 49.9631 32 73.4693
    endloop
  endfacet
  facet normal 0.996923 0 0.0783858
    outer loop
      vertex 50 32 73
      vertex 49.9631 30 73.4693
      vertex 50 30 73
    endloop
  endfacet
  facet normal 0.382699 0 -0.923873
    outer loop
      vertex 47.9271 30 0.14683
      vertex 48.362 32 0.32698
      vertex 48.362 30 0.32698
    endloop
  endfacet
  facet normal 0.382699 0 -0.923873
    outer loop
      vertex 48.362 32 0.32698
      vertex 47.9271 30 0.14683
      vertex 47.9271 32 0.14683
    endloop
  endfacet
  facet normal 0.972368 0 -0.233453
    outer loop
      vertex 49.9631 30 2.5307
      vertex 49.8532 32 2.07295
      vertex 49.9631 32 2.5307
    endloop
  endfacet
  facet normal 0.972368 0 -0.233453
    outer loop
      vertex 49.8532 32 2.07295
      vertex 49.9631 30 2.5307
      vertex 49.8532 30 2.07295
    endloop
  endfacet
  facet normal 0.996923 0 -0.0783858
    outer loop
      vertex 50 30 3
      vertex 49.9631 32 2.5307
      vertex 50 32 3
    endloop
  endfacet
  facet normal 0.996923 0 -0.0783858
    outer loop
      vertex 49.9631 32 2.5307
      vertex 50 30 3
      vertex 49.9631 30 2.5307
    endloop
  endfacet
  facet normal -0.996917 0 -0.0784595
    outer loop
      vertex 0.0369349 30 2.5307
      vertex 0 32 3
      vertex 0.0369349 32 2.5307
    endloop
  endfacet
  facet normal -0.996917 -0 -0.0784595
    outer loop
      vertex 0 32 3
      vertex 0.0369349 30 2.5307
      vertex 0 30 3
    endloop
  endfacet
  facet normal 0.38279 0 0.923836
    outer loop
      vertex 47.9271 32 75.8532
      vertex 48.362 30 75.673
      vertex 48.362 32 75.673
    endloop
  endfacet
  facet normal 0.38279 0 0.923836
    outer loop
      vertex 48.362 30 75.673
      vertex 47.9271 32 75.8532
      vertex 47.9271 30 75.8532
    endloop
  endfacet
  facet normal -0.382775 0 0.923842
    outer loop
      vertex 1.63803 32 75.673
      vertex 2.07295 30 75.8532
      vertex 2.07295 32 75.8532
    endloop
  endfacet
  facet normal -0.382775 0 0.923842
    outer loop
      vertex 2.07295 30 75.8532
      vertex 1.63803 32 75.673
      vertex 1.63803 30 75.673
    endloop
  endfacet
  facet normal -0.233453 0 0.972368
    outer loop
      vertex 2.07295 32 75.8532
      vertex 2.5307 30 75.9631
      vertex 2.5307 32 75.9631
    endloop
  endfacet
  facet normal -0.233453 0 0.972368
    outer loop
      vertex 2.5307 30 75.9631
      vertex 2.07295 32 75.8532
      vertex 2.07295 30 75.8532
    endloop
  endfacet
  facet normal 0.923867 -0 0.382714
    outer loop
      vertex 49.673 30 74.362
      vertex 49.8532 32 73.927
      vertex 49.673 32 74.362
    endloop
  endfacet
  facet normal 0.923867 0 0.382714
    outer loop
      vertex 49.8532 32 73.927
      vertex 49.673 30 74.362
      vertex 49.8532 30 73.927
    endloop
  endfacet
  facet normal 0.233419 0 -0.972376
    outer loop
      vertex 47.4693 30 0.0369349
      vertex 47.9271 32 0.14683
      vertex 47.9271 30 0.14683
    endloop
  endfacet
  facet normal 0.233419 0 -0.972376
    outer loop
      vertex 47.9271 32 0.14683
      vertex 47.4693 30 0.0369349
      vertex 47.4693 32 0.0369349
    endloop
  endfacet
  facet normal 0.522483 0 -0.85265
    outer loop
      vertex 48.362 30 0.32698
      vertex 48.7634 32 0.572948
      vertex 48.7634 30 0.572948
    endloop
  endfacet
  facet normal 0.522483 0 -0.85265
    outer loop
      vertex 48.7634 32 0.572948
      vertex 48.362 30 0.32698
      vertex 48.362 32 0.32698
    endloop
  endfacet
  facet normal 0.923842 0 -0.382775
    outer loop
      vertex 49.8532 30 2.07295
      vertex 49.673 32 1.63803
      vertex 49.8532 32 2.07295
    endloop
  endfacet
  facet normal 0.923842 0 -0.382775
    outer loop
      vertex 49.673 32 1.63803
      vertex 49.8532 30 2.07295
      vertex 49.673 30 1.63803
    endloop
  endfacet
  facet normal -0.760402 0 -0.649452
    outer loop
      vertex 0.878679 30 0.878679
      vertex 0.572948 32 1.23664
      vertex 0.878679 32 0.878679
    endloop
  endfacet
  facet normal -0.760402 -0 -0.649452
    outer loop
      vertex 0.572948 32 1.23664
      vertex 0.878679 30 0.878679
      vertex 0.572948 30 1.23664
    endloop
  endfacet
  facet normal 0.522532 0 0.85262
    outer loop
      vertex 48.362 32 75.673
      vertex 48.7634 30 75.427
      vertex 48.7634 32 75.427
    endloop
  endfacet
  facet normal 0.522532 0 0.85262
    outer loop
      vertex 48.7634 30 75.427
      vertex 48.362 32 75.673
      vertex 48.362 30 75.673
    endloop
  endfacet
  facet normal -0.0783858 0 0.996923
    outer loop
      vertex 2.5307 32 75.9631
      vertex 3 30 76
      vertex 3 32 76
    endloop
  endfacet
  facet normal -0.0783858 0 0.996923
    outer loop
      vertex 3 30 76
      vertex 2.5307 32 75.9631
      vertex 2.5307 30 75.9631
    endloop
  endfacet
  facet normal -0.522542 0 0.852614
    outer loop
      vertex 1.23664 32 75.427
      vertex 1.63803 30 75.673
      vertex 1.63803 32 75.673
    endloop
  endfacet
  facet normal -0.522542 0 0.852614
    outer loop
      vertex 1.63803 30 75.673
      vertex 1.23664 32 75.427
      vertex 1.23664 30 75.427
    endloop
  endfacet
  facet normal -0.760348 0 0.649516
    outer loop
      vertex 0.572948 30 74.7634
      vertex 0.878679 32 75.1213
      vertex 0.572948 32 74.7634
    endloop
  endfacet
  facet normal -0.760348 0 0.649516
    outer loop
      vertex 0.878679 32 75.1213
      vertex 0.572948 30 74.7634
      vertex 0.878679 30 75.1213
    endloop
  endfacet
  facet normal 0.649478 0 0.76038
    outer loop
      vertex 48.7634 32 75.427
      vertex 49.1213 30 75.1213
      vertex 49.1213 32 75.1213
    endloop
  endfacet
  facet normal 0.649478 0 0.76038
    outer loop
      vertex 49.1213 30 75.1213
      vertex 48.7634 32 75.427
      vertex 48.7634 30 75.427
    endloop
  endfacet
  facet normal 0.760275 -0 0.649601
    outer loop
      vertex 49.1213 30 75.1213
      vertex 49.4271 32 74.7634
      vertex 49.1213 32 75.1213
    endloop
  endfacet
  facet normal 0.760275 0 0.649601
    outer loop
      vertex 49.4271 32 74.7634
      vertex 49.1213 30 75.1213
      vertex 49.4271 30 74.7634
    endloop
  endfacet
  facet normal 0.0784595 0 -0.996917
    outer loop
      vertex 47 30 0
      vertex 47.4693 32 0.0369349
      vertex 47.4693 30 0.0369349
    endloop
  endfacet
  facet normal 0.0784595 0 -0.996917
    outer loop
      vertex 47.4693 32 0.0369349
      vertex 47 30 0
      vertex 47 32 0
    endloop
  endfacet
  facet normal 0.649516 0 -0.760348
    outer loop
      vertex 48.7634 30 0.572948
      vertex 49.1213 32 0.878679
      vertex 49.1213 30 0.878679
    endloop
  endfacet
  facet normal 0.649516 0 -0.760348
    outer loop
      vertex 49.1213 32 0.878679
      vertex 48.7634 30 0.572948
      vertex 48.7634 32 0.572948
    endloop
  endfacet
  facet normal 0.76033 0 -0.649537
    outer loop
      vertex 49.4271 30 1.23664
      vertex 49.1213 32 0.878679
      vertex 49.4271 32 1.23664
    endloop
  endfacet
  facet normal 0.76033 0 -0.649537
    outer loop
      vertex 49.1213 32 0.878679
      vertex 49.4271 30 1.23664
      vertex 49.1213 30 0.878679
    endloop
  endfacet
  facet normal -0.649452 0 -0.760402
    outer loop
      vertex 0.878679 30 0.878679
      vertex 1.23664 32 0.572948
      vertex 1.23664 30 0.572948
    endloop
  endfacet
  facet normal -0.649452 0 -0.760402
    outer loop
      vertex 1.23664 32 0.572948
      vertex 0.878679 30 0.878679
      vertex 0.878679 32 0.878679
    endloop
  endfacet
  facet normal -0.233443 0 -0.97237
    outer loop
      vertex 2.07295 30 0.14683
      vertex 2.5307 32 0.0369349
      vertex 2.5307 30 0.0369349
    endloop
  endfacet
  facet normal -0.233443 0 -0.97237
    outer loop
      vertex 2.5307 32 0.0369349
      vertex 2.07295 30 0.14683
      vertex 2.07295 32 0.14683
    endloop
  endfacet
  facet normal -0.0784595 0 -0.996917
    outer loop
      vertex 2.5307 30 0.0369349
      vertex 3 32 0
      vertex 3 30 0
    endloop
  endfacet
  facet normal -0.0784595 0 -0.996917
    outer loop
      vertex 3 32 0
      vertex 2.5307 30 0.0369349
      vertex 2.5307 32 0.0369349
    endloop
  endfacet
  facet normal -0.852644 0 -0.522492
    outer loop
      vertex 0.572948 30 1.23664
      vertex 0.32698 32 1.63803
      vertex 0.572948 32 1.23664
    endloop
  endfacet
  facet normal -0.852644 -0 -0.522492
    outer loop
      vertex 0.32698 32 1.63803
      vertex 0.572948 30 1.23664
      vertex 0.32698 30 1.63803
    endloop
  endfacet
  facet normal -0.649414 0 0.760435
    outer loop
      vertex 0.878679 32 75.1213
      vertex 1.23664 30 75.427
      vertex 1.23664 32 75.427
    endloop
  endfacet
  facet normal -0.649414 0 0.760435
    outer loop
      vertex 1.23664 30 75.427
      vertex 0.878679 32 75.1213
      vertex 0.878679 30 75.1213
    endloop
  endfacet
  facet normal -0.522492 0 -0.852644
    outer loop
      vertex 1.23664 30 0.572948
      vertex 1.63803 32 0.32698
      vertex 1.63803 30 0.32698
    endloop
  endfacet
  facet normal -0.522492 0 -0.852644
    outer loop
      vertex 1.63803 32 0.32698
      vertex 1.23664 30 0.572948
      vertex 1.23664 32 0.572948
    endloop
  endfacet
  facet normal -0.382684 0 -0.923879
    outer loop
      vertex 1.63803 30 0.32698
      vertex 2.07295 32 0.14683
      vertex 2.07295 30 0.14683
    endloop
  endfacet
  facet normal -0.382684 0 -0.923879
    outer loop
      vertex 2.07295 32 0.14683
      vertex 1.63803 30 0.32698
      vertex 1.63803 32 0.32698
    endloop
  endfacet
  facet normal -0.923879 0 -0.382684
    outer loop
      vertex 0.32698 30 1.63803
      vertex 0.14683 32 2.07295
      vertex 0.32698 32 1.63803
    endloop
  endfacet
  facet normal -0.923879 -0 -0.382684
    outer loop
      vertex 0.14683 32 2.07295
      vertex 0.32698 30 1.63803
      vertex 0.14683 30 2.07295
    endloop
  endfacet
  facet normal 0.233429 0 0.972374
    outer loop
      vertex 47.4693 32 75.9631
      vertex 47.9271 30 75.8532
      vertex 47.9271 32 75.8532
    endloop
  endfacet
  facet normal 0.233429 0 0.972374
    outer loop
      vertex 47.9271 30 75.8532
      vertex 47.4693 32 75.9631
      vertex 47.4693 30 75.9631
    endloop
  endfacet
  facet normal -0.996919 0 0.0784386
    outer loop
      vertex 5.13523 30 3.76228
      vertex 5.15 30.8 3.95
      vertex 5.13523 30.8 3.76228
    endloop
  endfacet
  facet normal -0.996919 0 0.0784386
    outer loop
      vertex 5.15 30.8 3.95
      vertex 5.13523 30 3.76228
      vertex 5.15 30 3.95
    endloop
  endfacet
  facet normal 0.0784386 0 0.996919
    outer loop
      vertex 3.76228 30.8 2.76477
      vertex 3.95 30 2.75
      vertex 3.95 30.8 2.75
    endloop
  endfacet
  facet normal 0.0784386 0 0.996919
    outer loop
      vertex 3.95 30 2.75
      vertex 3.76228 30.8 2.76477
      vertex 3.76228 30 2.76477
    endloop
  endfacet
  facet normal -0.0784386 0 -0.996919
    outer loop
      vertex 3.95 30 5.15
      vertex 4.13772 30.8 5.13523
      vertex 4.13772 30 5.13523
    endloop
  endfacet
  facet normal -0.0784386 0 -0.996919
    outer loop
      vertex 4.13772 30.8 5.13523
      vertex 3.95 30 5.15
      vertex 3.95 30.8 5.15
    endloop
  endfacet
  facet normal -0.64943 0 0.760421
    outer loop
      vertex 4.65534 30.8 2.97918
      vertex 4.79853 30 3.10147
      vertex 4.79853 30.8 3.10147
    endloop
  endfacet
  facet normal -0.64943 0 0.760421
    outer loop
      vertex 4.79853 30 3.10147
      vertex 4.65534 30.8 2.97918
      vertex 4.65534 30 2.97918
    endloop
  endfacet
  facet normal 0.760421 -0 0.64943
    outer loop
      vertex 2.97918 30 3.24466
      vertex 3.10147 30.8 3.10147
      vertex 2.97918 30.8 3.24466
    endloop
  endfacet
  facet normal 0.760421 0 0.64943
    outer loop
      vertex 3.10147 30.8 3.10147
      vertex 2.97918 30 3.24466
      vertex 3.10147 30 3.10147
    endloop
  endfacet
  facet normal 0.38268 0 0.923881
    outer loop
      vertex 3.40521 30.8 2.88079
      vertex 3.57918 30 2.80873
      vertex 3.57918 30.8 2.80873
    endloop
  endfacet
  facet normal 0.38268 0 0.923881
    outer loop
      vertex 3.57918 30 2.80873
      vertex 3.40521 30.8 2.88079
      vertex 3.40521 30 2.88079
    endloop
  endfacet
  facet normal -0.852629 0 0.522517
    outer loop
      vertex 4.92082 30 3.24466
      vertex 5.01921 30.8 3.40521
      vertex 4.92082 30.8 3.24466
    endloop
  endfacet
  facet normal -0.852629 0 0.522517
    outer loop
      vertex 5.01921 30.8 3.40521
      vertex 4.92082 30 3.24466
      vertex 5.01921 30 3.40521
    endloop
  endfacet
  facet normal -0.972368 0 0.233453
    outer loop
      vertex 5.09127 30 3.57918
      vertex 5.13523 30.8 3.76228
      vertex 5.09127 30.8 3.57918
    endloop
  endfacet
  facet normal -0.972368 0 0.233453
    outer loop
      vertex 5.13523 30.8 3.76228
      vertex 5.09127 30 3.57918
      vertex 5.13523 30 3.76228
    endloop
  endfacet
  facet normal -0.760421 0 0.64943
    outer loop
      vertex 4.79853 30 3.10147
      vertex 4.92082 30.8 3.24466
      vertex 4.79853 30.8 3.10147
    endloop
  endfacet
  facet normal -0.760421 0 0.64943
    outer loop
      vertex 4.92082 30.8 3.24466
      vertex 4.79853 30 3.10147
      vertex 4.92082 30 3.24466
    endloop
  endfacet
  facet normal -0.233453 0 0.972368
    outer loop
      vertex 4.13772 30.8 2.76477
      vertex 4.32082 30 2.80873
      vertex 4.32082 30.8 2.80873
    endloop
  endfacet
  facet normal -0.233453 0 0.972368
    outer loop
      vertex 4.32082 30 2.80873
      vertex 4.13772 30.8 2.76477
      vertex 4.13772 30 2.76477
    endloop
  endfacet
  facet normal -0.0784386 0 0.996919
    outer loop
      vertex 3.95 30.8 2.75
      vertex 4.13772 30 2.76477
      vertex 4.13772 30.8 2.76477
    endloop
  endfacet
  facet normal -0.0784386 0 0.996919
    outer loop
      vertex 4.13772 30 2.76477
      vertex 3.95 30.8 2.75
      vertex 3.95 30 2.75
    endloop
  endfacet
  facet normal -0.522517 0 0.852629
    outer loop
      vertex 4.49479 30.8 2.88079
      vertex 4.65534 30 2.97918
      vertex 4.65534 30.8 2.97918
    endloop
  endfacet
  facet normal -0.522517 0 0.852629
    outer loop
      vertex 4.65534 30 2.97918
      vertex 4.49479 30.8 2.88079
      vertex 4.49479 30 2.88079
    endloop
  endfacet
  facet normal 0.923881 -0 0.38268
    outer loop
      vertex 2.80873 30 3.57918
      vertex 2.88079 30.8 3.40521
      vertex 2.80873 30.8 3.57918
    endloop
  endfacet
  facet normal 0.923881 0 0.38268
    outer loop
      vertex 2.88079 30.8 3.40521
      vertex 2.80873 30 3.57918
      vertex 2.88079 30 3.40521
    endloop
  endfacet
  facet normal 0.852629 -0 0.522517
    outer loop
      vertex 2.88079 30 3.40521
      vertex 2.97918 30.8 3.24466
      vertex 2.88079 30.8 3.40521
    endloop
  endfacet
  facet normal 0.852629 0 0.522517
    outer loop
      vertex 2.97918 30.8 3.24466
      vertex 2.88079 30 3.40521
      vertex 2.97918 30 3.24466
    endloop
  endfacet
  facet normal 0.996919 -0 0.0784386
    outer loop
      vertex 2.75 30 3.95
      vertex 2.76477 30.8 3.76228
      vertex 2.75 30.8 3.95
    endloop
  endfacet
  facet normal 0.996919 0 0.0784386
    outer loop
      vertex 2.76477 30.8 3.76228
      vertex 2.75 30 3.95
      vertex 2.76477 30 3.76228
    endloop
  endfacet
  facet normal 0.64943 0 0.760421
    outer loop
      vertex 3.10147 30.8 3.10147
      vertex 3.24466 30 2.97918
      vertex 3.24466 30.8 2.97918
    endloop
  endfacet
  facet normal 0.64943 0 0.760421
    outer loop
      vertex 3.24466 30 2.97918
      vertex 3.10147 30.8 3.10147
      vertex 3.10147 30 3.10147
    endloop
  endfacet
  facet normal 0.233453 0 0.972368
    outer loop
      vertex 3.57918 30.8 2.80873
      vertex 3.76228 30 2.76477
      vertex 3.76228 30.8 2.76477
    endloop
  endfacet
  facet normal 0.233453 0 0.972368
    outer loop
      vertex 3.76228 30 2.76477
      vertex 3.57918 30.8 2.80873
      vertex 3.57918 30 2.80873
    endloop
  endfacet
  facet normal -0.972368 0 -0.233453
    outer loop
      vertex 5.13523 30 4.13772
      vertex 5.09127 30.8 4.32082
      vertex 5.13523 30.8 4.13772
    endloop
  endfacet
  facet normal -0.972368 -0 -0.233453
    outer loop
      vertex 5.09127 30.8 4.32082
      vertex 5.13523 30 4.13772
      vertex 5.09127 30 4.32082
    endloop
  endfacet
  facet normal -0.923881 0 0.38268
    outer loop
      vertex 5.01921 30 3.40521
      vertex 5.09127 30.8 3.57918
      vertex 5.01921 30.8 3.40521
    endloop
  endfacet
  facet normal -0.923881 0 0.38268
    outer loop
      vertex 5.09127 30.8 3.57918
      vertex 5.01921 30 3.40521
      vertex 5.09127 30 3.57918
    endloop
  endfacet
  facet normal -0.38268 0 0.923881
    outer loop
      vertex 4.32082 30.8 2.80873
      vertex 4.49479 30 2.88079
      vertex 4.49479 30.8 2.88079
    endloop
  endfacet
  facet normal -0.38268 0 0.923881
    outer loop
      vertex 4.49479 30 2.88079
      vertex 4.32082 30.8 2.80873
      vertex 4.32082 30 2.80873
    endloop
  endfacet
  facet normal 0.972368 -0 0.233453
    outer loop
      vertex 2.76477 30 3.76228
      vertex 2.80873 30.8 3.57918
      vertex 2.76477 30.8 3.76228
    endloop
  endfacet
  facet normal 0.972368 0 0.233453
    outer loop
      vertex 2.80873 30.8 3.57918
      vertex 2.76477 30 3.76228
      vertex 2.80873 30 3.57918
    endloop
  endfacet
  facet normal 0.996919 0 -0.0784386
    outer loop
      vertex 2.76477 30 4.13772
      vertex 2.75 30.8 3.95
      vertex 2.76477 30.8 4.13772
    endloop
  endfacet
  facet normal 0.996919 0 -0.0784386
    outer loop
      vertex 2.75 30.8 3.95
      vertex 2.76477 30 4.13772
      vertex 2.75 30 3.95
    endloop
  endfacet
  facet normal -0.996919 0 -0.0784386
    outer loop
      vertex 5.15 30 3.95
      vertex 5.13523 30.8 4.13772
      vertex 5.15 30.8 3.95
    endloop
  endfacet
  facet normal -0.996919 -0 -0.0784386
    outer loop
      vertex 5.13523 30.8 4.13772
      vertex 5.15 30 3.95
      vertex 5.13523 30 4.13772
    endloop
  endfacet
  facet normal -0.852629 0 -0.522517
    outer loop
      vertex 5.01921 30 4.49479
      vertex 4.92082 30.8 4.65534
      vertex 5.01921 30.8 4.49479
    endloop
  endfacet
  facet normal -0.852629 -0 -0.522517
    outer loop
      vertex 4.92082 30.8 4.65534
      vertex 5.01921 30 4.49479
      vertex 4.92082 30 4.65534
    endloop
  endfacet
  facet normal 0.972368 0 -0.233453
    outer loop
      vertex 2.80873 30 4.32082
      vertex 2.76477 30.8 4.13772
      vertex 2.80873 30.8 4.32082
    endloop
  endfacet
  facet normal 0.972368 0 -0.233453
    outer loop
      vertex 2.76477 30.8 4.13772
      vertex 2.80873 30 4.32082
      vertex 2.76477 30 4.13772
    endloop
  endfacet
  facet normal -0.64943 0 -0.760421
    outer loop
      vertex 4.65534 30 4.92082
      vertex 4.79853 30.8 4.79853
      vertex 4.79853 30 4.79853
    endloop
  endfacet
  facet normal -0.64943 0 -0.760421
    outer loop
      vertex 4.79853 30.8 4.79853
      vertex 4.65534 30 4.92082
      vertex 4.65534 30.8 4.92082
    endloop
  endfacet
  facet normal -0.522517 0 -0.852629
    outer loop
      vertex 4.49479 30 5.01921
      vertex 4.65534 30.8 4.92082
      vertex 4.65534 30 4.92082
    endloop
  endfacet
  facet normal -0.522517 0 -0.852629
    outer loop
      vertex 4.65534 30.8 4.92082
      vertex 4.49479 30 5.01921
      vertex 4.49479 30.8 5.01921
    endloop
  endfacet
  facet normal 0.522517 0 0.852629
    outer loop
      vertex 3.24466 30.8 2.97918
      vertex 3.40521 30 2.88079
      vertex 3.40521 30.8 2.88079
    endloop
  endfacet
  facet normal 0.522517 0 0.852629
    outer loop
      vertex 3.40521 30 2.88079
      vertex 3.24466 30.8 2.97918
      vertex 3.24466 30 2.97918
    endloop
  endfacet
  facet normal -0.923881 0 -0.38268
    outer loop
      vertex 5.09127 30 4.32082
      vertex 5.01921 30.8 4.49479
      vertex 5.09127 30.8 4.32082
    endloop
  endfacet
  facet normal -0.923881 -0 -0.38268
    outer loop
      vertex 5.01921 30.8 4.49479
      vertex 5.09127 30 4.32082
      vertex 5.01921 30 4.49479
    endloop
  endfacet
  facet normal 0.233453 0 -0.972368
    outer loop
      vertex 3.57918 30 5.09127
      vertex 3.76228 30.8 5.13523
      vertex 3.76228 30 5.13523
    endloop
  endfacet
  facet normal 0.233453 0 -0.972368
    outer loop
      vertex 3.76228 30.8 5.13523
      vertex 3.57918 30 5.09127
      vertex 3.57918 30.8 5.09127
    endloop
  endfacet
  facet normal 0.64943 0 -0.760421
    outer loop
      vertex 3.10147 30 4.79853
      vertex 3.24466 30.8 4.92082
      vertex 3.24466 30 4.92082
    endloop
  endfacet
  facet normal 0.64943 0 -0.760421
    outer loop
      vertex 3.24466 30.8 4.92082
      vertex 3.10147 30 4.79853
      vertex 3.10147 30.8 4.79853
    endloop
  endfacet
  facet normal 0.852629 0 -0.522517
    outer loop
      vertex 2.97918 30 4.65534
      vertex 2.88079 30.8 4.49479
      vertex 2.97918 30.8 4.65534
    endloop
  endfacet
  facet normal 0.852629 0 -0.522517
    outer loop
      vertex 2.88079 30.8 4.49479
      vertex 2.97918 30 4.65534
      vertex 2.88079 30 4.49479
    endloop
  endfacet
  facet normal 0.923881 0 -0.38268
    outer loop
      vertex 2.88079 30 4.49479
      vertex 2.80873 30.8 4.32082
      vertex 2.88079 30.8 4.49479
    endloop
  endfacet
  facet normal 0.923881 0 -0.38268
    outer loop
      vertex 2.80873 30.8 4.32082
      vertex 2.88079 30 4.49479
      vertex 2.80873 30 4.32082
    endloop
  endfacet
  facet normal -0.760421 0 -0.64943
    outer loop
      vertex 4.92082 30 4.65534
      vertex 4.79853 30.8 4.79853
      vertex 4.92082 30.8 4.65534
    endloop
  endfacet
  facet normal -0.760421 -0 -0.64943
    outer loop
      vertex 4.79853 30.8 4.79853
      vertex 4.92082 30 4.65534
      vertex 4.79853 30 4.79853
    endloop
  endfacet
  facet normal -0.38268 0 -0.923881
    outer loop
      vertex 4.32082 30 5.09127
      vertex 4.49479 30.8 5.01921
      vertex 4.49479 30 5.01921
    endloop
  endfacet
  facet normal -0.38268 0 -0.923881
    outer loop
      vertex 4.49479 30.8 5.01921
      vertex 4.32082 30 5.09127
      vertex 4.32082 30.8 5.09127
    endloop
  endfacet
  facet normal -0.233453 0 -0.972368
    outer loop
      vertex 4.13772 30 5.13523
      vertex 4.32082 30.8 5.09127
      vertex 4.32082 30 5.09127
    endloop
  endfacet
  facet normal -0.233453 0 -0.972368
    outer loop
      vertex 4.32082 30.8 5.09127
      vertex 4.13772 30 5.13523
      vertex 4.13772 30.8 5.13523
    endloop
  endfacet
  facet normal 0.522517 0 -0.852629
    outer loop
      vertex 3.24466 30 4.92082
      vertex 3.40521 30.8 5.01921
      vertex 3.40521 30 5.01921
    endloop
  endfacet
  facet normal 0.522517 0 -0.852629
    outer loop
      vertex 3.40521 30.8 5.01921
      vertex 3.24466 30 4.92082
      vertex 3.24466 30.8 4.92082
    endloop
  endfacet
  facet normal 0.760421 0 -0.64943
    outer loop
      vertex 3.10147 30 4.79853
      vertex 2.97918 30.8 4.65534
      vertex 3.10147 30.8 4.79853
    endloop
  endfacet
  facet normal 0.760421 0 -0.64943
    outer loop
      vertex 2.97918 30.8 4.65534
      vertex 3.10147 30 4.79853
      vertex 2.97918 30 4.65534
    endloop
  endfacet
  facet normal 0.0784386 0 -0.996919
    outer loop
      vertex 3.76228 30 5.13523
      vertex 3.95 30.8 5.15
      vertex 3.95 30 5.15
    endloop
  endfacet
  facet normal 0.0784386 0 -0.996919
    outer loop
      vertex 3.95 30.8 5.15
      vertex 3.76228 30 5.13523
      vertex 3.76228 30.8 5.13523
    endloop
  endfacet
  facet normal 0.38268 0 -0.923881
    outer loop
      vertex 3.40521 30 5.01921
      vertex 3.57918 30.8 5.09127
      vertex 3.57918 30 5.09127
    endloop
  endfacet
  facet normal 0.38268 0 -0.923881
    outer loop
      vertex 3.57918 30.8 5.09127
      vertex 3.40521 30 5.01921
      vertex 3.40521 30.8 5.01921
    endloop
  endfacet
  facet normal -0.586319 0.635907 -0.501849
    outer loop
      vertex 5.5008 32 5.49861
      vertex 4.79853 30.8 4.79853
      vertex 5.49979 32 5.49979
    endloop
  endfacet
  facet normal -0.586887 0.635875 -0.501225
    outer loop
      vertex 4.79853 30.8 4.79853
      vertex 5.5008 32 5.49861
      vertex 4.92082 30.8 4.65534
    endloop
  endfacet
  facet normal -0.769409 0.635878 0.0605726
    outer loop
      vertex 6.14174 32 3.95
      vertex 6.11487 32 3.60869
      vertex 5.15 30.8 3.95
    endloop
  endfacet
  facet normal -0.769521 0.635837 0.0595758
    outer loop
      vertex 5.13523 30.8 3.76228
      vertex 6.11487 32 3.60869
      vertex 6.11475 32 3.60714
    endloop
  endfacet
  facet normal -0.769415 0.635873 0.0605384
    outer loop
      vertex 6.11487 32 3.60869
      vertex 5.13523 30.8 3.76228
      vertex 5.15 30.8 3.95
    endloop
  endfacet
  facet normal -0.769415 0.635873 -0.0605384
    outer loop
      vertex 5.13523 30.8 4.13772
      vertex 6.11487 32 4.29131
      vertex 5.15 30.8 3.95
    endloop
  endfacet
  facet normal -0.769521 0.635837 -0.0595758
    outer loop
      vertex 6.11487 32 4.29131
      vertex 5.13523 30.8 4.13772
      vertex 6.11475 32 4.29286
    endloop
  endfacet
  facet normal 0.769413 0.635875 0.0605504
    outer loop
      vertex 2.76477 30.8 3.76228
      vertex 1.78525 32 3.60714
      vertex 1.75839 32 3.94845
    endloop
  endfacet
  facet normal 0.180161 0.635875 0.75047
    outer loop
      vertex 3.76228 30.8 2.76477
      vertex 3.60714 32 1.78525
      vertex 3.27423 32 1.86517
    endloop
  endfacet
  facet normal -0.0595758 0.635837 -0.769521
    outer loop
      vertex 4.13772 30.8 5.13523
      vertex 4.29131 32 6.11487
      vertex 4.29286 32 6.11475
    endloop
  endfacet
  facet normal -0.0605384 0.635873 -0.769415
    outer loop
      vertex 4.29131 32 6.11487
      vertex 4.13772 30.8 5.13523
      vertex 3.95 30.8 5.15
    endloop
  endfacet
  facet normal 0.769218 0.635721 0.0645151
    outer loop
      vertex 2.75 30.8 3.95
      vertex 1.75839 32 3.94845
      vertex 1.75826 32 3.95
    endloop
  endfacet
  facet normal 0.769413 0.635876 0.0605382
    outer loop
      vertex 1.75839 32 3.94845
      vertex 2.75 30.8 3.95
      vertex 2.76477 30.8 3.76228
    endloop
  endfacet
  facet normal -0.750463 0.635875 -0.180188
    outer loop
      vertex 6.03446 32 4.62728
      vertex 6.11439 32 4.29438
      vertex 5.09127 30.8 4.32082
    endloop
  endfacet
  facet normal -0.769409 0.635878 -0.0605726
    outer loop
      vertex 6.11487 32 4.29131
      vertex 6.14174 32 3.95
      vertex 5.15 30.8 3.95
    endloop
  endfacet
  facet normal 0.0605384 0.635873 -0.769415
    outer loop
      vertex 3.76228 30.8 5.13523
      vertex 3.60869 32 6.11487
      vertex 3.95 30.8 5.15
    endloop
  endfacet
  facet normal 0.0595758 0.635837 -0.769521
    outer loop
      vertex 3.60869 32 6.11487
      vertex 3.76228 30.8 5.13523
      vertex 3.60714 32 6.11475
    endloop
  endfacet
  facet normal 0.75047 0.635875 -0.180161
    outer loop
      vertex 1.86517 32 4.62577
      vertex 2.76477 30.8 4.13772
      vertex 1.78525 32 4.29286
    endloop
  endfacet
  facet normal -0.403255 0.635877 0.658062
    outer loop
      vertex 5.23694 32 2.17603
      vertex 4.94503 32 1.99715
      vertex 4.49479 30.8 2.88079
    endloop
  endfacet
  facet normal 0.658062 0.635877 0.403255
    outer loop
      vertex 2.88079 30.8 3.40521
      vertex 2.17603 32 2.66306
      vertex 1.99715 32 2.95497
    endloop
  endfacet
  facet normal -0.750466 0.635875 -0.180177
    outer loop
      vertex 5.09127 30.8 4.32082
      vertex 6.11475 32 4.29286
      vertex 5.13523 30.8 4.13772
    endloop
  endfacet
  facet normal -0.750766 0.636186 -0.177813
    outer loop
      vertex 6.11475 32 4.29286
      vertex 5.09127 30.8 4.32082
      vertex 6.11439 32 4.29438
    endloop
  endfacet
  facet normal -0.658058 0.635877 -0.403261
    outer loop
      vertex 5.72315 32 5.23827
      vertex 5.90204 32 4.94635
      vertex 4.92082 30.8 4.65534
    endloop
  endfacet
  facet normal -0.586875 0.635877 -0.501236
    outer loop
      vertex 5.5008 32 5.49861
      vertex 5.72315 32 5.23827
      vertex 4.92082 30.8 4.65534
    endloop
  endfacet
  facet normal -0.501236 0.635877 -0.586875
    outer loop
      vertex 5.23827 32 5.72315
      vertex 5.49861 32 5.5008
      vertex 4.65534 30.8 4.92082
    endloop
  endfacet
  facet normal -0.180188 0.635875 -0.750463
    outer loop
      vertex 4.62728 32 6.03446
      vertex 4.32082 30.8 5.09127
      vertex 4.29438 32 6.11439
    endloop
  endfacet
  facet normal -0.403261 0.635877 -0.658058
    outer loop
      vertex 4.94635 32 5.90204
      vertex 5.23827 32 5.72315
      vertex 4.65534 30.8 4.92082
    endloop
  endfacet
  facet normal -0.296823 0.635938 -0.712376
    outer loop
      vertex 4.49479 30.8 5.01921
      vertex 4.94359 32 5.90345
      vertex 4.94503 32 5.90285
    endloop
  endfacet
  facet normal -0.295349 0.635877 -0.713042
    outer loop
      vertex 4.94359 32 5.90345
      vertex 4.49479 30.8 5.01921
      vertex 4.32082 30.8 5.09127
    endloop
  endfacet
  facet normal 0.712584 0.635663 -0.29691
    outer loop
      vertex 2.88079 30.8 4.49479
      vertex 1.86553 32 4.62728
      vertex 1.86613 32 4.62872
    endloop
  endfacet
  facet normal 0.713042 0.635878 -0.295349
    outer loop
      vertex 1.86553 32 4.62728
      vertex 2.88079 30.8 4.49479
      vertex 2.80873 30.8 4.32082
    endloop
  endfacet
  facet normal 0.586886 0.635877 -0.501224
    outer loop
      vertex 2.97918 30.8 4.65534
      vertex 2.17786 32 5.23945
      vertex 3.10147 30.8 4.79853
    endloop
  endfacet
  facet normal 0.586357 0.635845 -0.501882
    outer loop
      vertex 2.17786 32 5.23945
      vertex 2.97918 30.8 4.65534
      vertex 2.17685 32 5.23827
    endloop
  endfacet
  facet normal 0.0605726 0.635878 -0.769409
    outer loop
      vertex 3.95 32 6.14174
      vertex 3.95 30.8 5.15
      vertex 3.60869 32 6.11487
    endloop
  endfacet
  facet normal -0.0605726 0.635878 -0.769409
    outer loop
      vertex 3.95 32 6.14174
      vertex 4.29131 32 6.11487
      vertex 3.95 30.8 5.15
    endloop
  endfacet
  facet normal -0.586357 0.635845 0.501882
    outer loop
      vertex 5.72214 32 2.66055
      vertex 4.92082 30.8 3.24466
      vertex 5.72315 32 2.66173
    endloop
  endfacet
  facet normal -0.586886 0.635877 0.501224
    outer loop
      vertex 4.92082 30.8 3.24466
      vertex 5.72214 32 2.66055
      vertex 4.79853 30.8 3.10147
    endloop
  endfacet
  facet normal 0.501237 0.635875 0.586877
    outer loop
      vertex 3.10147 30.8 3.10147
      vertex 2.66055 32 2.17786
      vertex 2.40021 32 2.40021
    endloop
  endfacet
  facet normal 0.586877 0.635875 0.501237
    outer loop
      vertex 3.10147 30.8 3.10147
      vertex 2.40021 32 2.40021
      vertex 2.17786 32 2.66055
    endloop
  endfacet
  facet normal 0.501224 0.635877 0.586886
    outer loop
      vertex 3.24466 30.8 2.97918
      vertex 2.66055 32 2.17786
      vertex 3.10147 30.8 3.10147
    endloop
  endfacet
  facet normal 0.501882 0.635845 0.586357
    outer loop
      vertex 2.66055 32 2.17786
      vertex 3.24466 30.8 2.97918
      vertex 2.66173 32 2.17685
    endloop
  endfacet
  facet normal 0.403255 0.635877 0.658062
    outer loop
      vertex 3.40521 30.8 2.88079
      vertex 2.95497 32 1.99715
      vertex 2.66306 32 2.17603
    endloop
  endfacet
  facet normal 0.403273 0.635879 0.658049
    outer loop
      vertex 2.66306 32 2.17603
      vertex 3.24466 30.8 2.97918
      vertex 3.40521 30.8 2.88079
    endloop
  endfacet
  facet normal 0.40501 0.635957 0.656906
    outer loop
      vertex 3.24466 30.8 2.97918
      vertex 2.66306 32 2.17603
      vertex 2.66173 32 2.17685
    endloop
  endfacet
  facet normal 0.769413 0.635876 -0.0605382
    outer loop
      vertex 2.75 30.8 3.95
      vertex 1.75839 32 3.95155
      vertex 2.76477 30.8 4.13772
    endloop
  endfacet
  facet normal 0.769218 0.635721 -0.0645151
    outer loop
      vertex 1.75839 32 3.95155
      vertex 2.75 30.8 3.95
      vertex 1.75826 32 3.95
    endloop
  endfacet
  facet normal 0.769413 0.635875 -0.0605504
    outer loop
      vertex 1.78525 32 4.29286
      vertex 2.76477 30.8 4.13772
      vertex 1.75839 32 3.95155
    endloop
  endfacet
  facet normal -0.713042 0.635877 -0.295349
    outer loop
      vertex 5.01921 30.8 4.49479
      vertex 5.90345 32 4.94359
      vertex 5.09127 30.8 4.32082
    endloop
  endfacet
  facet normal -0.712376 0.635938 -0.296823
    outer loop
      vertex 5.90345 32 4.94359
      vertex 5.01921 30.8 4.49479
      vertex 5.90285 32 4.94503
    endloop
  endfacet
  facet normal -0.713051 0.635875 -0.295333
    outer loop
      vertex 5.90345 32 4.94359
      vertex 6.03446 32 4.62728
      vertex 5.09127 30.8 4.32082
    endloop
  endfacet
  facet normal -0.177813 0.636186 -0.750766
    outer loop
      vertex 4.32082 30.8 5.09127
      vertex 4.29286 32 6.11475
      vertex 4.29438 32 6.11439
    endloop
  endfacet
  facet normal -0.180177 0.635875 -0.750466
    outer loop
      vertex 4.29286 32 6.11475
      vertex 4.32082 30.8 5.09127
      vertex 4.13772 30.8 5.13523
    endloop
  endfacet
  facet normal -0.295333 0.635875 -0.713051
    outer loop
      vertex 4.62728 32 6.03446
      vertex 4.94359 32 5.90345
      vertex 4.32082 30.8 5.09127
    endloop
  endfacet
  facet normal -0.501849 0.635907 -0.586319
    outer loop
      vertex 4.79853 30.8 4.79853
      vertex 5.49861 32 5.5008
      vertex 5.49979 32 5.49979
    endloop
  endfacet
  facet normal -0.501225 0.635875 -0.586887
    outer loop
      vertex 5.49861 32 5.5008
      vertex 4.79853 30.8 4.79853
      vertex 4.65534 30.8 4.92082
    endloop
  endfacet
  facet normal 0.750786 0.635831 -0.178995
    outer loop
      vertex 2.80873 30.8 4.32082
      vertex 1.86517 32 4.62577
      vertex 1.86553 32 4.62728
    endloop
  endfacet
  facet normal 0.750464 0.635877 -0.180177
    outer loop
      vertex 1.86517 32 4.62577
      vertex 2.80873 30.8 4.32082
      vertex 2.76477 30.8 4.13772
    endloop
  endfacet
  facet normal 0.403261 0.635877 -0.658058
    outer loop
      vertex 2.95365 32 5.90204
      vertex 3.24466 30.8 4.92082
      vertex 2.66173 32 5.72315
    endloop
  endfacet
  facet normal 0.658062 0.635877 -0.403255
    outer loop
      vertex 2.17603 32 5.23694
      vertex 2.88079 30.8 4.49479
      vertex 1.99715 32 4.94503
    endloop
  endfacet
  facet normal 0.501882 0.635845 -0.586357
    outer loop
      vertex 3.24466 30.8 4.92082
      vertex 2.66055 32 5.72214
      vertex 2.66173 32 5.72315
    endloop
  endfacet
  facet normal 0.501224 0.635877 -0.586886
    outer loop
      vertex 2.66055 32 5.72214
      vertex 3.24466 30.8 4.92082
      vertex 3.10147 30.8 4.79853
    endloop
  endfacet
  facet normal -0.40501 0.635957 0.656906
    outer loop
      vertex 5.23694 32 2.17603
      vertex 4.65534 30.8 2.97918
      vertex 5.23827 32 2.17685
    endloop
  endfacet
  facet normal -0.403273 0.635879 0.658049
    outer loop
      vertex 4.65534 30.8 2.97918
      vertex 5.23694 32 2.17603
      vertex 4.49479 30.8 2.88079
    endloop
  endfacet
  facet normal -0.0645151 0.635721 0.769218
    outer loop
      vertex 3.95 30.8 2.75
      vertex 3.95155 32 1.75839
      vertex 3.95 32 1.75826
    endloop
  endfacet
  facet normal -0.0605382 0.635876 0.769413
    outer loop
      vertex 3.95155 32 1.75839
      vertex 3.95 30.8 2.75
      vertex 4.13772 30.8 2.76477
    endloop
  endfacet
  facet normal 0.586886 0.635877 0.501224
    outer loop
      vertex 2.17786 32 2.66055
      vertex 2.97918 30.8 3.24466
      vertex 3.10147 30.8 3.10147
    endloop
  endfacet
  facet normal 0.586357 0.635845 0.501882
    outer loop
      vertex 2.97918 30.8 3.24466
      vertex 2.17786 32 2.66055
      vertex 2.17685 32 2.66173
    endloop
  endfacet
  facet normal 0.658049 0.635879 0.403273
    outer loop
      vertex 2.97918 30.8 3.24466
      vertex 2.17603 32 2.66306
      vertex 2.88079 30.8 3.40521
    endloop
  endfacet
  facet normal 0.656906 0.635957 0.40501
    outer loop
      vertex 2.17603 32 2.66306
      vertex 2.97918 30.8 3.24466
      vertex 2.17685 32 2.66173
    endloop
  endfacet
  facet normal -0.658052 0.635876 -0.403274
    outer loop
      vertex 4.92082 30.8 4.65534
      vertex 5.90285 32 4.94503
      vertex 5.01921 30.8 4.49479
    endloop
  endfacet
  facet normal -0.657857 0.635816 -0.403685
    outer loop
      vertex 5.90285 32 4.94503
      vertex 4.92082 30.8 4.65534
      vertex 5.90204 32 4.94635
    endloop
  endfacet
  facet normal -0.403685 0.635816 -0.657857
    outer loop
      vertex 4.65534 30.8 4.92082
      vertex 4.94503 32 5.90285
      vertex 4.94635 32 5.90204
    endloop
  endfacet
  facet normal -0.403274 0.635876 -0.658052
    outer loop
      vertex 4.94503 32 5.90285
      vertex 4.65534 30.8 4.92082
      vertex 4.49479 30.8 5.01921
    endloop
  endfacet
  facet normal 0.180177 0.635875 -0.750466
    outer loop
      vertex 3.57918 30.8 5.09127
      vertex 3.60714 32 6.11475
      vertex 3.76228 30.8 5.13523
    endloop
  endfacet
  facet normal 0.177813 0.636186 -0.750766
    outer loop
      vertex 3.60714 32 6.11475
      vertex 3.57918 30.8 5.09127
      vertex 3.60562 32 6.11439
    endloop
  endfacet
  facet normal 0.180188 0.635875 -0.750463
    outer loop
      vertex 3.60562 32 6.11439
      vertex 3.57918 30.8 5.09127
      vertex 3.27272 32 6.03446
    endloop
  endfacet
  facet normal 0.295349 0.635877 -0.713042
    outer loop
      vertex 3.40521 30.8 5.01921
      vertex 2.95641 32 5.90345
      vertex 3.57918 30.8 5.09127
    endloop
  endfacet
  facet normal 0.296823 0.635938 -0.712376
    outer loop
      vertex 2.95641 32 5.90345
      vertex 3.40521 30.8 5.01921
      vertex 2.95497 32 5.90285
    endloop
  endfacet
  facet normal 0.403274 0.635876 -0.658052
    outer loop
      vertex 3.24466 30.8 4.92082
      vertex 2.95497 32 5.90285
      vertex 3.40521 30.8 5.01921
    endloop
  endfacet
  facet normal 0.403685 0.635816 -0.657857
    outer loop
      vertex 2.95497 32 5.90285
      vertex 3.24466 30.8 4.92082
      vertex 2.95365 32 5.90204
    endloop
  endfacet
  facet normal 0.713042 0.635876 -0.295352
    outer loop
      vertex 1.99715 32 4.94503
      vertex 2.88079 30.8 4.49479
      vertex 1.86613 32 4.62872
    endloop
  endfacet
  facet normal 0.586877 0.635875 -0.501237
    outer loop
      vertex 2.40021 32 5.49979
      vertex 3.10147 30.8 4.79853
      vertex 2.17786 32 5.23945
    endloop
  endfacet
  facet normal 0.501237 0.635875 -0.586877
    outer loop
      vertex 2.66055 32 5.72214
      vertex 3.10147 30.8 4.79853
      vertex 2.40021 32 5.49979
    endloop
  endfacet
  facet normal 0.656906 0.635957 -0.40501
    outer loop
      vertex 2.97918 30.8 4.65534
      vertex 2.17603 32 5.23694
      vertex 2.17685 32 5.23827
    endloop
  endfacet
  facet normal 0.658049 0.635879 -0.403273
    outer loop
      vertex 2.17603 32 5.23694
      vertex 2.97918 30.8 4.65534
      vertex 2.88079 30.8 4.49479
    endloop
  endfacet
  facet normal -0.501224 0.635877 0.586886
    outer loop
      vertex 5.23945 32 2.17786
      vertex 4.65534 30.8 2.97918
      vertex 4.79853 30.8 3.10147
    endloop
  endfacet
  facet normal -0.501882 0.635845 0.586357
    outer loop
      vertex 4.65534 30.8 2.97918
      vertex 5.23945 32 2.17786
      vertex 5.23827 32 2.17685
    endloop
  endfacet
  facet normal -0.295352 0.635876 0.713042
    outer loop
      vertex 4.94503 32 1.99715
      vertex 4.62872 32 1.86613
      vertex 4.49479 30.8 2.88079
    endloop
  endfacet
  facet normal 0.0645151 0.635721 0.769218
    outer loop
      vertex 3.94845 32 1.75839
      vertex 3.95 30.8 2.75
      vertex 3.95 32 1.75826
    endloop
  endfacet
  facet normal 0.0605382 0.635876 0.769413
    outer loop
      vertex 3.95 30.8 2.75
      vertex 3.94845 32 1.75839
      vertex 3.76228 30.8 2.76477
    endloop
  endfacet
  facet normal 0.0605504 0.635875 0.769413
    outer loop
      vertex 3.76228 30.8 2.76477
      vertex 3.94845 32 1.75839
      vertex 3.60714 32 1.78525
    endloop
  endfacet
  facet normal 0.295352 0.635876 0.713042
    outer loop
      vertex 3.40521 30.8 2.88079
      vertex 3.27128 32 1.86613
      vertex 2.95497 32 1.99715
    endloop
  endfacet
  facet normal 0.75047 0.635875 0.180161
    outer loop
      vertex 2.76477 30.8 3.76228
      vertex 1.86517 32 3.27423
      vertex 1.78525 32 3.60714
    endloop
  endfacet
  facet normal 0.713042 0.635876 0.295352
    outer loop
      vertex 2.88079 30.8 3.40521
      vertex 1.99715 32 2.95497
      vertex 1.86613 32 3.27128
    endloop
  endfacet
  facet normal 0.295333 0.635875 -0.713051
    outer loop
      vertex 3.27272 32 6.03446
      vertex 3.57918 30.8 5.09127
      vertex 2.95641 32 5.90345
    endloop
  endfacet
  facet normal -0.713051 0.635875 0.295333
    outer loop
      vertex 6.03446 32 3.27272
      vertex 5.90345 32 2.95641
      vertex 5.09127 30.8 3.57918
    endloop
  endfacet
  facet normal -0.501237 0.635875 0.586877
    outer loop
      vertex 5.49979 32 2.40021
      vertex 5.23945 32 2.17786
      vertex 4.79853 30.8 3.10147
    endloop
  endfacet
  facet normal -0.586877 0.635875 0.501237
    outer loop
      vertex 5.72214 32 2.66055
      vertex 5.49979 32 2.40021
      vertex 4.79853 30.8 3.10147
    endloop
  endfacet
  facet normal -0.0605504 0.635875 0.769413
    outer loop
      vertex 4.13772 30.8 2.76477
      vertex 4.29286 32 1.78525
      vertex 3.95155 32 1.75839
    endloop
  endfacet
  facet normal 0.295349 0.635878 0.713042
    outer loop
      vertex 3.27272 32 1.86553
      vertex 3.40521 30.8 2.88079
      vertex 3.57918 30.8 2.80873
    endloop
  endfacet
  facet normal 0.29691 0.635663 0.712584
    outer loop
      vertex 3.40521 30.8 2.88079
      vertex 3.27272 32 1.86553
      vertex 3.27128 32 1.86613
    endloop
  endfacet
  facet normal 0.180177 0.635877 0.750464
    outer loop
      vertex 3.27423 32 1.86517
      vertex 3.57918 30.8 2.80873
      vertex 3.76228 30.8 2.76477
    endloop
  endfacet
  facet normal 0.178995 0.635831 0.750786
    outer loop
      vertex 3.57918 30.8 2.80873
      vertex 3.27423 32 1.86517
      vertex 3.27272 32 1.86553
    endloop
  endfacet
  facet normal 0.750464 0.635877 0.180177
    outer loop
      vertex 2.80873 30.8 3.57918
      vertex 1.86517 32 3.27423
      vertex 2.76477 30.8 3.76228
    endloop
  endfacet
  facet normal 0.750786 0.635831 0.178995
    outer loop
      vertex 1.86517 32 3.27423
      vertex 2.80873 30.8 3.57918
      vertex 1.86553 32 3.27272
    endloop
  endfacet
  facet normal 0.713042 0.635878 0.295349
    outer loop
      vertex 2.88079 30.8 3.40521
      vertex 1.86553 32 3.27272
      vertex 2.80873 30.8 3.57918
    endloop
  endfacet
  facet normal 0.712584 0.635663 0.29691
    outer loop
      vertex 1.86553 32 3.27272
      vertex 2.88079 30.8 3.40521
      vertex 1.86613 32 3.27128
    endloop
  endfacet
  facet normal -0.750463 0.635875 0.180188
    outer loop
      vertex 6.11439 32 3.60562
      vertex 6.03446 32 3.27272
      vertex 5.09127 30.8 3.57918
    endloop
  endfacet
  facet normal -0.750766 0.636186 0.177813
    outer loop
      vertex 5.09127 30.8 3.57918
      vertex 6.11475 32 3.60714
      vertex 6.11439 32 3.60562
    endloop
  endfacet
  facet normal -0.750466 0.635875 0.180177
    outer loop
      vertex 6.11475 32 3.60714
      vertex 5.09127 30.8 3.57918
      vertex 5.13523 30.8 3.76228
    endloop
  endfacet
  facet normal -0.180161 0.635875 0.75047
    outer loop
      vertex 4.62577 32 1.86517
      vertex 4.29286 32 1.78525
      vertex 4.13772 30.8 2.76477
    endloop
  endfacet
  facet normal -0.657857 0.635816 0.403685
    outer loop
      vertex 4.92082 30.8 3.24466
      vertex 5.90285 32 2.95497
      vertex 5.90204 32 2.95365
    endloop
  endfacet
  facet normal -0.658052 0.635876 0.403274
    outer loop
      vertex 5.90285 32 2.95497
      vertex 4.92082 30.8 3.24466
      vertex 5.01921 30.8 3.40521
    endloop
  endfacet
  facet normal -0.658058 0.635877 0.403261
    outer loop
      vertex 5.90204 32 2.95365
      vertex 5.72315 32 2.66173
      vertex 4.92082 30.8 3.24466
    endloop
  endfacet
  facet normal -0.178995 0.635831 0.750786
    outer loop
      vertex 4.62577 32 1.86517
      vertex 4.32082 30.8 2.80873
      vertex 4.62728 32 1.86553
    endloop
  endfacet
  facet normal -0.180177 0.635877 0.750464
    outer loop
      vertex 4.32082 30.8 2.80873
      vertex 4.62577 32 1.86517
      vertex 4.13772 30.8 2.76477
    endloop
  endfacet
  facet normal -0.29691 0.635663 0.712584
    outer loop
      vertex 4.62728 32 1.86553
      vertex 4.49479 30.8 2.88079
      vertex 4.62872 32 1.86613
    endloop
  endfacet
  facet normal -0.295349 0.635878 0.713042
    outer loop
      vertex 4.49479 30.8 2.88079
      vertex 4.62728 32 1.86553
      vertex 4.32082 30.8 2.80873
    endloop
  endfacet
  facet normal -0.712376 0.635938 0.296823
    outer loop
      vertex 5.01921 30.8 3.40521
      vertex 5.90345 32 2.95641
      vertex 5.90285 32 2.95497
    endloop
  endfacet
  facet normal -0.713042 0.635877 0.295349
    outer loop
      vertex 5.90345 32 2.95641
      vertex 5.01921 30.8 3.40521
      vertex 5.09127 30.8 3.57918
    endloop
  endfacet
  facet normal -0.996928 0 0.0783184
    outer loop
      vertex 7.06122 28 3.45723
      vertex 7.06458 30 3.5
      vertex 7.06122 30 3.45723
    endloop
  endfacet
  facet normal -0.996928 0 0.0783184
    outer loop
      vertex 7.06458 30 3.5
      vertex 7.06122 28 3.45723
      vertex 7.06458 28 3.5
    endloop
  endfacet
  facet normal -0.923879 0 0.382685
    outer loop
      vertex 6.75667 28 2.51993
      vertex 6.94583 30 2.9766
      vertex 6.75667 30 2.51993
    endloop
  endfacet
  facet normal -0.923879 0 0.382685
    outer loop
      vertex 6.94583 30 2.9766
      vertex 6.75667 28 2.51993
      vertex 6.94583 28 2.9766
    endloop
  endfacet
  facet normal -0.972369 0 0.233447
    outer loop
      vertex 6.94583 28 2.9766
      vertex 7.06122 30 3.45723
      vertex 6.94583 30 2.9766
    endloop
  endfacet
  facet normal -0.972369 0 0.233447
    outer loop
      vertex 7.06122 30 3.45723
      vertex 6.94583 28 2.9766
      vertex 7.06122 28 3.45723
    endloop
  endfacet
  facet normal -0.852646 0 0.522489
    outer loop
      vertex 6.6219 28 2.3
      vertex 6.75667 30 2.51993
      vertex 6.6219 30 2.3
    endloop
  endfacet
  facet normal -0.852646 0 0.522489
    outer loop
      vertex 6.75667 30 2.51993
      vertex 6.6219 28 2.3
      vertex 6.75667 28 2.51993
    endloop
  endfacet
  facet normal 0.382685 0 -0.923879
    outer loop
      vertex 2.51993 28 6.75667
      vertex 2.9766 30 6.94583
      vertex 2.9766 28 6.94583
    endloop
  endfacet
  facet normal 0.382685 0 -0.923879
    outer loop
      vertex 2.9766 30 6.94583
      vertex 2.51993 28 6.75667
      vertex 2.51993 30 6.75667
    endloop
  endfacet
  facet normal 0.233447 0 -0.972369
    outer loop
      vertex 2.9766 28 6.94583
      vertex 3.45723 30 7.06122
      vertex 3.45723 28 7.06122
    endloop
  endfacet
  facet normal 0.233447 0 -0.972369
    outer loop
      vertex 3.45723 30 7.06122
      vertex 2.9766 28 6.94583
      vertex 2.9766 30 6.94583
    endloop
  endfacet
  facet normal 0.522489 0 -0.852646
    outer loop
      vertex 2.3 28 6.6219
      vertex 2.51993 30 6.75667
      vertex 2.51993 28 6.75667
    endloop
  endfacet
  facet normal 0.522489 0 -0.852646
    outer loop
      vertex 2.51993 30 6.75667
      vertex 2.3 28 6.6219
      vertex 2.3 30 6.6219
    endloop
  endfacet
  facet normal 0.0783184 0 -0.996928
    outer loop
      vertex 3.45723 28 7.06122
      vertex 3.5 30 7.06458
      vertex 3.5 28 7.06458
    endloop
  endfacet
  facet normal 0.0783184 0 -0.996928
    outer loop
      vertex 3.5 30 7.06458
      vertex 3.45723 28 7.06122
      vertex 3.45723 30 7.06122
    endloop
  endfacet
  facet normal -0.996906 0 0.0785969
    outer loop
      vertex 47.2352 30 3.76228
      vertex 47.25 30.8 3.95
      vertex 47.2352 30.8 3.76228
    endloop
  endfacet
  facet normal -0.996906 0 0.0785969
    outer loop
      vertex 47.25 30.8 3.95
      vertex 47.2352 30 3.76228
      vertex 47.25 30 3.95
    endloop
  endfacet
  facet normal 0.996906 -0 0.0785969
    outer loop
      vertex 44.85 30 3.95
      vertex 44.8648 30.8 3.76228
      vertex 44.85 30.8 3.95
    endloop
  endfacet
  facet normal 0.996906 0 0.0785969
    outer loop
      vertex 44.8648 30.8 3.76228
      vertex 44.85 30 3.95
      vertex 44.8648 30 3.76228
    endloop
  endfacet
  facet normal 0.0784469 0 0.996918
    outer loop
      vertex 45.8623 30.8 2.76477
      vertex 46.05 30 2.75
      vertex 46.05 30.8 2.75
    endloop
  endfacet
  facet normal 0.0784469 0 0.996918
    outer loop
      vertex 46.05 30 2.75
      vertex 45.8623 30.8 2.76477
      vertex 45.8623 30 2.76477
    endloop
  endfacet
  facet normal -0.649404 0 0.760444
    outer loop
      vertex 46.7553 30.8 2.97918
      vertex 46.8985 30 3.10147
      vertex 46.8985 30.8 3.10147
    endloop
  endfacet
  facet normal -0.649404 0 0.760444
    outer loop
      vertex 46.8985 30 3.10147
      vertex 46.7553 30.8 2.97918
      vertex 46.7553 30 2.97918
    endloop
  endfacet
  facet normal 0.649404 0 0.760444
    outer loop
      vertex 45.2015 30.8 3.10147
      vertex 45.3447 30 2.97918
      vertex 45.3447 30.8 2.97918
    endloop
  endfacet
  facet normal 0.649404 0 0.760444
    outer loop
      vertex 45.3447 30 2.97918
      vertex 45.2015 30.8 3.10147
      vertex 45.2015 30 3.10147
    endloop
  endfacet
  facet normal 0.382624 0 0.923904
    outer loop
      vertex 45.5052 30.8 2.88079
      vertex 45.6792 30 2.80873
      vertex 45.6792 30.8 2.80873
    endloop
  endfacet
  facet normal 0.382624 0 0.923904
    outer loop
      vertex 45.6792 30 2.80873
      vertex 45.5052 30.8 2.88079
      vertex 45.5052 30 2.88079
    endloop
  endfacet
  facet normal -0.923806 0 0.382861
    outer loop
      vertex 47.1192 30 3.40521
      vertex 47.1913 30.8 3.57918
      vertex 47.1192 30.8 3.40521
    endloop
  endfacet
  facet normal -0.923806 0 0.382861
    outer loop
      vertex 47.1913 30.8 3.57918
      vertex 47.1192 30 3.40521
      vertex 47.1913 30 3.57918
    endloop
  endfacet
  facet normal -0.97244 0 0.233152
    outer loop
      vertex 47.1913 30 3.57918
      vertex 47.2352 30.8 3.76228
      vertex 47.1913 30.8 3.57918
    endloop
  endfacet
  facet normal -0.97244 0 0.233152
    outer loop
      vertex 47.2352 30.8 3.76228
      vertex 47.1913 30 3.57918
      vertex 47.2352 30 3.76228
    endloop
  endfacet
  facet normal -0.233453 0 0.972368
    outer loop
      vertex 46.2377 30.8 2.76477
      vertex 46.4208 30 2.80873
      vertex 46.4208 30.8 2.80873
    endloop
  endfacet
  facet normal -0.233453 0 0.972368
    outer loop
      vertex 46.4208 30 2.80873
      vertex 46.2377 30.8 2.76477
      vertex 46.2377 30 2.76477
    endloop
  endfacet
  facet normal -0.0784469 0 0.996918
    outer loop
      vertex 46.05 30.8 2.75
      vertex 46.2377 30 2.76477
      vertex 46.2377 30.8 2.76477
    endloop
  endfacet
  facet normal -0.0784469 0 0.996918
    outer loop
      vertex 46.2377 30 2.76477
      vertex 46.05 30.8 2.75
      vertex 46.05 30 2.75
    endloop
  endfacet
  facet normal -0.522636 0 0.852556
    outer loop
      vertex 46.5948 30.8 2.88079
      vertex 46.7553 30 2.97918
      vertex 46.7553 30.8 2.97918
    endloop
  endfacet
  facet normal -0.522636 0 0.852556
    outer loop
      vertex 46.7553 30 2.97918
      vertex 46.5948 30.8 2.88079
      vertex 46.5948 30 2.88079
    endloop
  endfacet
  facet normal 0.852605 -0 0.522556
    outer loop
      vertex 44.9808 30 3.40521
      vertex 45.0792 30.8 3.24466
      vertex 44.9808 30.8 3.40521
    endloop
  endfacet
  facet normal 0.852605 0 0.522556
    outer loop
      vertex 45.0792 30.8 3.24466
      vertex 44.9808 30 3.40521
      vertex 45.0792 30 3.24466
    endloop
  endfacet
  facet normal 0.760395 -0 0.649461
    outer loop
      vertex 45.0792 30 3.24466
      vertex 45.2015 30.8 3.10147
      vertex 45.0792 30.8 3.24466
    endloop
  endfacet
  facet normal 0.760395 0 0.649461
    outer loop
      vertex 45.2015 30.8 3.10147
      vertex 45.0792 30 3.24466
      vertex 45.2015 30 3.10147
    endloop
  endfacet
  facet normal 0.97244 -0 0.233152
    outer loop
      vertex 44.8648 30 3.76228
      vertex 44.9087 30.8 3.57918
      vertex 44.8648 30.8 3.76228
    endloop
  endfacet
  facet normal 0.97244 0 0.233152
    outer loop
      vertex 44.9087 30.8 3.57918
      vertex 44.8648 30 3.76228
      vertex 44.9087 30 3.57918
    endloop
  endfacet
  facet normal 0.522636 0 0.852556
    outer loop
      vertex 45.3447 30.8 2.97918
      vertex 45.5052 30 2.88079
      vertex 45.5052 30.8 2.88079
    endloop
  endfacet
  facet normal 0.522636 0 0.852556
    outer loop
      vertex 45.5052 30 2.88079
      vertex 45.3447 30.8 2.97918
      vertex 45.3447 30 2.97918
    endloop
  endfacet
  facet normal 0.233453 0 0.972368
    outer loop
      vertex 45.6792 30.8 2.80873
      vertex 45.8623 30 2.76477
      vertex 45.8623 30.8 2.76477
    endloop
  endfacet
  facet normal 0.233453 0 0.972368
    outer loop
      vertex 45.8623 30 2.76477
      vertex 45.6792 30.8 2.80873
      vertex 45.6792 30 2.80873
    endloop
  endfacet
  facet normal -0.923806 0 -0.382861
    outer loop
      vertex 47.1913 30 4.32082
      vertex 47.1192 30.8 4.49479
      vertex 47.1913 30.8 4.32082
    endloop
  endfacet
  facet normal -0.923806 -0 -0.382861
    outer loop
      vertex 47.1192 30.8 4.49479
      vertex 47.1913 30 4.32082
      vertex 47.1192 30 4.49479
    endloop
  endfacet
  facet normal -0.0784469 0 -0.996918
    outer loop
      vertex 46.05 30 5.15
      vertex 46.2377 30.8 5.13523
      vertex 46.2377 30 5.13523
    endloop
  endfacet
  facet normal -0.0784469 0 -0.996918
    outer loop
      vertex 46.2377 30.8 5.13523
      vertex 46.05 30 5.15
      vertex 46.05 30.8 5.15
    endloop
  endfacet
  facet normal 0.649404 0 -0.760444
    outer loop
      vertex 45.2015 30 4.79853
      vertex 45.3447 30.8 4.92082
      vertex 45.3447 30 4.92082
    endloop
  endfacet
  facet normal 0.649404 0 -0.760444
    outer loop
      vertex 45.3447 30.8 4.92082
      vertex 45.2015 30 4.79853
      vertex 45.2015 30.8 4.79853
    endloop
  endfacet
  facet normal 0.233453 0 -0.972368
    outer loop
      vertex 45.6792 30 5.09127
      vertex 45.8623 30.8 5.13523
      vertex 45.8623 30 5.13523
    endloop
  endfacet
  facet normal 0.233453 0 -0.972368
    outer loop
      vertex 45.8623 30.8 5.13523
      vertex 45.6792 30 5.09127
      vertex 45.6792 30.8 5.09127
    endloop
  endfacet
  facet normal 0.760395 0 -0.649461
    outer loop
      vertex 45.2015 30 4.79853
      vertex 45.0792 30.8 4.65534
      vertex 45.2015 30.8 4.79853
    endloop
  endfacet
  facet normal 0.760395 0 -0.649461
    outer loop
      vertex 45.0792 30.8 4.65534
      vertex 45.2015 30 4.79853
      vertex 45.0792 30 4.65534
    endloop
  endfacet
  facet normal 0.996906 0 -0.0785969
    outer loop
      vertex 44.8648 30 4.13772
      vertex 44.85 30.8 3.95
      vertex 44.8648 30.8 4.13772
    endloop
  endfacet
  facet normal 0.996906 0 -0.0785969
    outer loop
      vertex 44.85 30.8 3.95
      vertex 44.8648 30 4.13772
      vertex 44.85 30 3.95
    endloop
  endfacet
  facet normal -0.760395 0 0.649461
    outer loop
      vertex 46.8985 30 3.10147
      vertex 47.0208 30.8 3.24466
      vertex 46.8985 30.8 3.10147
    endloop
  endfacet
  facet normal -0.760395 0 0.649461
    outer loop
      vertex 47.0208 30.8 3.24466
      vertex 46.8985 30 3.10147
      vertex 47.0208 30 3.24466
    endloop
  endfacet
  facet normal -0.852605 0 0.522556
    outer loop
      vertex 47.0208 30 3.24466
      vertex 47.1192 30.8 3.40521
      vertex 47.0208 30.8 3.24466
    endloop
  endfacet
  facet normal -0.852605 0 0.522556
    outer loop
      vertex 47.1192 30.8 3.40521
      vertex 47.0208 30 3.24466
      vertex 47.1192 30 3.40521
    endloop
  endfacet
  facet normal -0.382624 0 0.923904
    outer loop
      vertex 46.4208 30.8 2.80873
      vertex 46.5948 30 2.88079
      vertex 46.5948 30.8 2.88079
    endloop
  endfacet
  facet normal -0.382624 0 0.923904
    outer loop
      vertex 46.5948 30 2.88079
      vertex 46.4208 30.8 2.80873
      vertex 46.4208 30 2.80873
    endloop
  endfacet
  facet normal 0.923806 -0 0.382861
    outer loop
      vertex 44.9087 30 3.57918
      vertex 44.9808 30.8 3.40521
      vertex 44.9087 30.8 3.57918
    endloop
  endfacet
  facet normal 0.923806 0 0.382861
    outer loop
      vertex 44.9808 30.8 3.40521
      vertex 44.9087 30 3.57918
      vertex 44.9808 30 3.40521
    endloop
  endfacet
  facet normal -0.233453 0 -0.972368
    outer loop
      vertex 46.2377 30 5.13523
      vertex 46.4208 30.8 5.09127
      vertex 46.4208 30 5.09127
    endloop
  endfacet
  facet normal -0.233453 0 -0.972368
    outer loop
      vertex 46.4208 30.8 5.09127
      vertex 46.2377 30 5.13523
      vertex 46.2377 30.8 5.13523
    endloop
  endfacet
  facet normal -0.382624 0 -0.923904
    outer loop
      vertex 46.4208 30 5.09127
      vertex 46.5948 30.8 5.01921
      vertex 46.5948 30 5.01921
    endloop
  endfacet
  facet normal -0.382624 0 -0.923904
    outer loop
      vertex 46.5948 30.8 5.01921
      vertex 46.4208 30 5.09127
      vertex 46.4208 30.8 5.09127
    endloop
  endfacet
  facet normal -0.649404 0 -0.760444
    outer loop
      vertex 46.7553 30 4.92082
      vertex 46.8985 30.8 4.79853
      vertex 46.8985 30 4.79853
    endloop
  endfacet
  facet normal -0.649404 0 -0.760444
    outer loop
      vertex 46.8985 30.8 4.79853
      vertex 46.7553 30 4.92082
      vertex 46.7553 30.8 4.92082
    endloop
  endfacet
  facet normal -0.522636 0 -0.852556
    outer loop
      vertex 46.5948 30 5.01921
      vertex 46.7553 30.8 4.92082
      vertex 46.7553 30 4.92082
    endloop
  endfacet
  facet normal -0.522636 0 -0.852556
    outer loop
      vertex 46.7553 30.8 4.92082
      vertex 46.5948 30 5.01921
      vertex 46.5948 30.8 5.01921
    endloop
  endfacet
  facet normal -0.760395 0 -0.649461
    outer loop
      vertex 47.0208 30 4.65534
      vertex 46.8985 30.8 4.79853
      vertex 47.0208 30.8 4.65534
    endloop
  endfacet
  facet normal -0.760395 -0 -0.649461
    outer loop
      vertex 46.8985 30.8 4.79853
      vertex 47.0208 30 4.65534
      vertex 46.8985 30 4.79853
    endloop
  endfacet
  facet normal 0.522636 0 -0.852556
    outer loop
      vertex 45.3447 30 4.92082
      vertex 45.5052 30.8 5.01921
      vertex 45.5052 30 5.01921
    endloop
  endfacet
  facet normal 0.522636 0 -0.852556
    outer loop
      vertex 45.5052 30.8 5.01921
      vertex 45.3447 30 4.92082
      vertex 45.3447 30.8 4.92082
    endloop
  endfacet
  facet normal 0.382624 0 -0.923904
    outer loop
      vertex 45.5052 30 5.01921
      vertex 45.6792 30.8 5.09127
      vertex 45.6792 30 5.09127
    endloop
  endfacet
  facet normal 0.382624 0 -0.923904
    outer loop
      vertex 45.6792 30.8 5.09127
      vertex 45.5052 30 5.01921
      vertex 45.5052 30.8 5.01921
    endloop
  endfacet
  facet normal 0.0784469 0 -0.996918
    outer loop
      vertex 45.8623 30 5.13523
      vertex 46.05 30.8 5.15
      vertex 46.05 30 5.15
    endloop
  endfacet
  facet normal 0.0784469 0 -0.996918
    outer loop
      vertex 46.05 30.8 5.15
      vertex 45.8623 30 5.13523
      vertex 45.8623 30.8 5.13523
    endloop
  endfacet
  facet normal 0.923806 0 -0.382861
    outer loop
      vertex 44.9808 30 4.49479
      vertex 44.9087 30.8 4.32082
      vertex 44.9808 30.8 4.49479
    endloop
  endfacet
  facet normal 0.923806 0 -0.382861
    outer loop
      vertex 44.9087 30.8 4.32082
      vertex 44.9808 30 4.49479
      vertex 44.9087 30 4.32082
    endloop
  endfacet
  facet normal 0.97244 0 -0.233152
    outer loop
      vertex 44.9087 30 4.32082
      vertex 44.8648 30.8 4.13772
      vertex 44.9087 30.8 4.32082
    endloop
  endfacet
  facet normal 0.97244 0 -0.233152
    outer loop
      vertex 44.8648 30.8 4.13772
      vertex 44.9087 30 4.32082
      vertex 44.8648 30 4.13772
    endloop
  endfacet
  facet normal -0.97244 0 -0.233152
    outer loop
      vertex 47.2352 30 4.13772
      vertex 47.1913 30.8 4.32082
      vertex 47.2352 30.8 4.13772
    endloop
  endfacet
  facet normal -0.97244 -0 -0.233152
    outer loop
      vertex 47.1913 30.8 4.32082
      vertex 47.2352 30 4.13772
      vertex 47.1913 30 4.32082
    endloop
  endfacet
  facet normal -0.852605 0 -0.522556
    outer loop
      vertex 47.1192 30 4.49479
      vertex 47.0208 30.8 4.65534
      vertex 47.1192 30.8 4.49479
    endloop
  endfacet
  facet normal -0.852605 -0 -0.522556
    outer loop
      vertex 47.0208 30.8 4.65534
      vertex 47.1192 30 4.49479
      vertex 47.0208 30 4.65534
    endloop
  endfacet
  facet normal 0.852605 0 -0.522556
    outer loop
      vertex 45.0792 30 4.65534
      vertex 44.9808 30.8 4.49479
      vertex 45.0792 30.8 4.65534
    endloop
  endfacet
  facet normal 0.852605 0 -0.522556
    outer loop
      vertex 44.9808 30.8 4.49479
      vertex 45.0792 30 4.65534
      vertex 44.9808 30 4.49479
    endloop
  endfacet
  facet normal -0.996906 0 -0.0785969
    outer loop
      vertex 47.25 30 3.95
      vertex 47.2352 30.8 4.13772
      vertex 47.25 30.8 3.95
    endloop
  endfacet
  facet normal -0.996906 -0 -0.0785969
    outer loop
      vertex 47.2352 30.8 4.13772
      vertex 47.25 30 3.95
      vertex 47.2352 30 4.13772
    endloop
  endfacet
  facet normal -0.586927 0.635884 -0.501167
    outer loop
      vertex 47.5998 32 5.49979
      vertex 47.8221 32 5.23945
      vertex 46.8985 30.8 4.79853
    endloop
  endfacet
  facet normal -0.769429 0.635869 0.0604163
    outer loop
      vertex 48.2417 32 3.95
      vertex 48.2149 32 3.60869
      vertex 47.25 30.8 3.95
    endloop
  endfacet
  facet normal -0.770543 0.635447 0.0497124
    outer loop
      vertex 47.2352 30.8 3.76228
      vertex 48.2149 32 3.60869
      vertex 48.2148 32 3.60714
    endloop
  endfacet
  facet normal -0.769383 0.635901 0.0606588
    outer loop
      vertex 48.2149 32 3.60869
      vertex 47.2352 30.8 3.76228
      vertex 47.25 30.8 3.95
    endloop
  endfacet
  facet normal -0.769403 0.6359 -0.0604143
    outer loop
      vertex 48.2148 32 4.29286
      vertex 48.2416 32 3.95155
      vertex 47.2352 30.8 4.13772
    endloop
  endfacet
  facet normal 0.770543 0.635447 -0.0497124
    outer loop
      vertex 44.8648 30.8 4.13772
      vertex 43.8851 32 4.29131
      vertex 43.8852 32 4.29286
    endloop
  endfacet
  facet normal 0.769383 0.635901 -0.0606588
    outer loop
      vertex 43.8851 32 4.29131
      vertex 44.8648 30.8 4.13772
      vertex 44.85 30.8 3.95
    endloop
  endfacet
  facet normal 0.180166 0.63588 0.750464
    outer loop
      vertex 45.8623 30.8 2.76477
      vertex 45.7071 32 1.78525
      vertex 45.3742 32 1.86517
    endloop
  endfacet
  facet normal -0.0577291 0.635764 -0.769721
    outer loop
      vertex 46.2377 30.8 5.13523
      vertex 46.3913 32 6.11487
      vertex 46.3929 32 6.11475
    endloop
  endfacet
  facet normal -0.0605448 0.635874 -0.769414
    outer loop
      vertex 46.3913 32 6.11487
      vertex 46.2377 30.8 5.13523
      vertex 46.05 30.8 5.15
    endloop
  endfacet
  facet normal 0.769383 0.635901 0.0606588
    outer loop
      vertex 44.8648 30.8 3.76228
      vertex 43.8851 32 3.60869
      vertex 44.85 30.8 3.95
    endloop
  endfacet
  facet normal 0.770543 0.635447 0.0497124
    outer loop
      vertex 43.8851 32 3.60869
      vertex 44.8648 30.8 3.76228
      vertex 43.8852 32 3.60714
    endloop
  endfacet
  facet normal -0.712984 0.635869 -0.295508
    outer loop
      vertex 48.0028 32 4.94503
      vertex 48.1339 32 4.62872
      vertex 47.1192 30.8 4.49479
    endloop
  endfacet
  facet normal -0.658148 0.635869 -0.403127
    outer loop
      vertex 47.824 32 5.23694
      vertex 48.0028 32 4.94503
      vertex 47.1192 30.8 4.49479
    endloop
  endfacet
  facet normal 0.0605448 0.635874 -0.769414
    outer loop
      vertex 45.8623 30.8 5.13523
      vertex 45.7087 32 6.11487
      vertex 46.05 30.8 5.15
    endloop
  endfacet
  facet normal 0.0577291 0.635764 -0.769721
    outer loop
      vertex 45.7087 32 6.11487
      vertex 45.8623 30.8 5.13523
      vertex 45.7071 32 6.11475
    endloop
  endfacet
  facet normal 0.750478 0.635876 -0.180124
    outer loop
      vertex 43.9655 32 4.62728
      vertex 44.9087 30.8 4.32082
      vertex 43.8856 32 4.29438
    endloop
  endfacet
  facet normal -0.75041 0.635898 -0.180327
    outer loop
      vertex 48.1348 32 4.62577
      vertex 48.2148 32 4.29286
      vertex 47.2352 30.8 4.13772
    endloop
  endfacet
  facet normal -0.712988 0.635872 -0.29549
    outer loop
      vertex 47.1192 30.8 4.49479
      vertex 48.1345 32 4.62728
      vertex 47.1913 30.8 4.32082
    endloop
  endfacet
  facet normal -0.712574 0.635678 -0.296906
    outer loop
      vertex 48.1345 32 4.62728
      vertex 47.1192 30.8 4.49479
      vertex 48.1339 32 4.62872
    endloop
  endfacet
  facet normal -0.769885 0.636246 -0.04967
    outer loop
      vertex 47.25 30.8 3.95
      vertex 48.2416 32 3.95155
      vertex 48.2417 32 3.95
    endloop
  endfacet
  facet normal -0.76941 0.635868 -0.060661
    outer loop
      vertex 48.2416 32 3.95155
      vertex 47.25 30.8 3.95
      vertex 47.2352 30.8 4.13772
    endloop
  endfacet
  facet normal -0.658018 0.635897 -0.403295
    outer loop
      vertex 47.0208 30.8 4.65534
      vertex 47.824 32 5.23694
      vertex 47.1192 30.8 4.49479
    endloop
  endfacet
  facet normal -0.661532 0.635641 -0.397914
    outer loop
      vertex 47.824 32 5.23694
      vertex 47.0208 30.8 4.65534
      vertex 47.8232 32 5.23827
    endloop
  endfacet
  facet normal -0.565524 0.63424 -0.527184
    outer loop
      vertex 47.0208 30.8 4.65534
      vertex 47.8221 32 5.23945
      vertex 47.8232 32 5.23827
    endloop
  endfacet
  facet normal -0.58687 0.63587 -0.501251
    outer loop
      vertex 47.8221 32 5.23945
      vertex 47.0208 30.8 4.65534
      vertex 46.8985 30.8 4.79853
    endloop
  endfacet
  facet normal -0.496868 0.6361 -0.590338
    outer loop
      vertex 47.3395 32 5.72214
      vertex 46.7553 30.8 4.92082
      vertex 47.3383 32 5.72315
    endloop
  endfacet
  facet normal -0.501191 0.635901 -0.586888
    outer loop
      vertex 46.7553 30.8 4.92082
      vertex 47.3395 32 5.72214
      vertex 46.8985 30.8 4.79853
    endloop
  endfacet
  facet normal -0.180187 0.635879 -0.750461
    outer loop
      vertex 46.7273 32 6.03446
      vertex 46.4208 30.8 5.09127
      vertex 46.3944 32 6.11439
    endloop
  endfacet
  facet normal -0.403275 0.635892 -0.658035
    outer loop
      vertex 47.0464 32 5.90204
      vertex 47.3383 32 5.72315
      vertex 46.7553 30.8 4.92082
    endloop
  endfacet
  facet normal -0.501275 0.635888 -0.586831
    outer loop
      vertex 47.3395 32 5.72214
      vertex 47.5998 32 5.49979
      vertex 46.8985 30.8 4.79853
    endloop
  endfacet
  facet normal 0.658137 0.635894 -0.403107
    outer loop
      vertex 44.2768 32 5.23827
      vertex 45.0792 30.8 4.65534
      vertex 44.098 32 4.94635
    endloop
  endfacet
  facet normal 0.501272 0.635893 -0.586828
    outer loop
      vertex 44.7617 32 5.72315
      vertex 45.3447 30.8 4.92082
      vertex 44.5014 32 5.5008
    endloop
  endfacet
  facet normal 0.180187 0.635879 -0.750461
    outer loop
      vertex 45.7056 32 6.11439
      vertex 45.6792 30.8 5.09127
      vertex 45.3727 32 6.03446
    endloop
  endfacet
  facet normal -0.390338 0.635221 0.666431
    outer loop
      vertex 47.3369 32 2.17603
      vertex 46.7553 30.8 2.97918
      vertex 47.3383 32 2.17685
    endloop
  endfacet
  facet normal -0.403362 0.635884 0.65799
    outer loop
      vertex 46.7553 30.8 2.97918
      vertex 47.3369 32 2.17603
      vertex 46.5948 30.8 2.88079
    endloop
  endfacet
  facet normal -0.295362 0.635871 0.713043
    outer loop
      vertex 47.045 32 1.99715
      vertex 46.7287 32 1.86613
      vertex 46.5948 30.8 2.88079
    endloop
  endfacet
  facet normal -0.501275 0.635888 0.586831
    outer loop
      vertex 47.5998 32 2.40021
      vertex 47.3395 32 2.17786
      vertex 46.8985 30.8 3.10147
    endloop
  endfacet
  facet normal 0.501275 0.635888 0.586831
    outer loop
      vertex 45.2015 30.8 3.10147
      vertex 44.7605 32 2.17786
      vertex 44.5002 32 2.40021
    endloop
  endfacet
  facet normal 0.586927 0.635884 0.501167
    outer loop
      vertex 45.2015 30.8 3.10147
      vertex 44.5002 32 2.40021
      vertex 44.2779 32 2.66055
    endloop
  endfacet
  facet normal 0.501191 0.635901 0.586888
    outer loop
      vertex 45.3447 30.8 2.97918
      vertex 44.7605 32 2.17786
      vertex 45.2015 30.8 3.10147
    endloop
  endfacet
  facet normal 0.496868 0.6361 0.590338
    outer loop
      vertex 44.7605 32 2.17786
      vertex 45.3447 30.8 2.97918
      vertex 44.7617 32 2.17685
    endloop
  endfacet
  facet normal 0.403362 0.635884 0.65799
    outer loop
      vertex 44.7631 32 2.17603
      vertex 45.3447 30.8 2.97918
      vertex 45.5052 30.8 2.88079
    endloop
  endfacet
  facet normal 0.390338 0.635221 0.666431
    outer loop
      vertex 45.3447 30.8 2.97918
      vertex 44.7631 32 2.17603
      vertex 44.7617 32 2.17685
    endloop
  endfacet
  facet normal 0.658137 0.635894 0.403107
    outer loop
      vertex 45.0792 30.8 3.24466
      vertex 44.2768 32 2.66173
      vertex 44.098 32 2.95365
    endloop
  endfacet
  facet normal 0.750478 0.635876 0.180124
    outer loop
      vertex 44.9087 30.8 3.57918
      vertex 43.9655 32 3.27272
      vertex 43.8856 32 3.60562
    endloop
  endfacet
  facet normal 0.769429 0.635869 0.0604163
    outer loop
      vertex 44.85 30.8 3.95
      vertex 43.8851 32 3.60869
      vertex 43.8583 32 3.95
    endloop
  endfacet
  facet normal 0.769429 0.635869 -0.0604163
    outer loop
      vertex 43.8851 32 4.29131
      vertex 44.85 30.8 3.95
      vertex 43.8583 32 3.95
    endloop
  endfacet
  facet normal -0.750545 0.635846 -0.17995
    outer loop
      vertex 47.1913 30.8 4.32082
      vertex 48.1348 32 4.62577
      vertex 47.2352 30.8 4.13772
    endloop
  endfacet
  facet normal -0.758185 0.634402 -0.150633
    outer loop
      vertex 48.1348 32 4.62577
      vertex 47.1913 30.8 4.32082
      vertex 48.1345 32 4.62728
    endloop
  endfacet
  facet normal -0.180113 0.635888 -0.75047
    outer loop
      vertex 46.4208 30.8 5.09127
      vertex 46.3929 32 6.11475
      vertex 46.3944 32 6.11439
    endloop
  endfacet
  facet normal -0.180176 0.63588 -0.750462
    outer loop
      vertex 46.3929 32 6.11475
      vertex 46.4208 30.8 5.09127
      vertex 46.2377 30.8 5.13523
    endloop
  endfacet
  facet normal -0.295339 0.635881 -0.713043
    outer loop
      vertex 46.7273 32 6.03446
      vertex 47.0436 32 5.90345
      vertex 46.4208 30.8 5.09127
    endloop
  endfacet
  facet normal -0.303917 0.636205 -0.709139
    outer loop
      vertex 46.5948 30.8 5.01921
      vertex 47.0436 32 5.90345
      vertex 47.045 32 5.90285
    endloop
  endfacet
  facet normal -0.295306 0.635876 -0.713061
    outer loop
      vertex 47.0436 32 5.90345
      vertex 46.5948 30.8 5.01921
      vertex 46.4208 30.8 5.09127
    endloop
  endfacet
  facet normal 0.748209 0.633573 -0.196897
    outer loop
      vertex 44.9087 30.8 4.32082
      vertex 43.8852 32 4.29286
      vertex 43.8856 32 4.29438
    endloop
  endfacet
  facet normal 0.750491 0.635914 -0.179937
    outer loop
      vertex 43.8852 32 4.29286
      vertex 44.9087 30.8 4.32082
      vertex 44.8648 30.8 4.13772
    endloop
  endfacet
  facet normal 0.586809 0.635895 -0.501292
    outer loop
      vertex 44.4992 32 5.49861
      vertex 45.0792 30.8 4.65534
      vertex 44.2768 32 5.23827
    endloop
  endfacet
  facet normal 0.295306 0.635876 -0.713061
    outer loop
      vertex 45.5052 30.8 5.01921
      vertex 45.0564 32 5.90345
      vertex 45.6792 30.8 5.09127
    endloop
  endfacet
  facet normal 0.303917 0.636205 -0.709139
    outer loop
      vertex 45.0564 32 5.90345
      vertex 45.5052 30.8 5.01921
      vertex 45.055 32 5.90285
    endloop
  endfacet
  facet normal 0.295339 0.635881 -0.713043
    outer loop
      vertex 45.3727 32 6.03446
      vertex 45.6792 30.8 5.09127
      vertex 45.0564 32 5.90345
    endloop
  endfacet
  facet normal 0.403371 0.635864 -0.658004
    outer loop
      vertex 45.3447 30.8 4.92082
      vertex 45.055 32 5.90285
      vertex 45.5052 30.8 5.01921
    endloop
  endfacet
  facet normal 0.385494 0.638325 -0.666285
    outer loop
      vertex 45.055 32 5.90285
      vertex 45.3447 30.8 4.92082
      vertex 45.0536 32 5.90204
    endloop
  endfacet
  facet normal 0.403275 0.635892 -0.658035
    outer loop
      vertex 45.0536 32 5.90204
      vertex 45.3447 30.8 4.92082
      vertex 44.7617 32 5.72315
    endloop
  endfacet
  facet normal 0.0605743 0.635878 -0.769409
    outer loop
      vertex 46.05 32 6.14174
      vertex 46.05 30.8 5.15
      vertex 45.7087 32 6.11487
    endloop
  endfacet
  facet normal -0.0605743 0.635878 -0.769409
    outer loop
      vertex 46.05 32 6.14174
      vertex 46.3913 32 6.11487
      vertex 46.05 30.8 5.15
    endloop
  endfacet
  facet normal -0.758185 0.634402 0.150633
    outer loop
      vertex 47.1913 30.8 3.57918
      vertex 48.1348 32 3.27423
      vertex 48.1345 32 3.27272
    endloop
  endfacet
  facet normal -0.750545 0.635846 0.17995
    outer loop
      vertex 48.1348 32 3.27423
      vertex 47.1913 30.8 3.57918
      vertex 47.2352 30.8 3.76228
    endloop
  endfacet
  facet normal -0.586927 0.635884 0.501167
    outer loop
      vertex 47.8221 32 2.66055
      vertex 47.5998 32 2.40021
      vertex 46.8985 30.8 3.10147
    endloop
  endfacet
  facet normal -0.661532 0.635641 0.397914
    outer loop
      vertex 47.0208 30.8 3.24466
      vertex 47.824 32 2.66306
      vertex 47.8232 32 2.66173
    endloop
  endfacet
  facet normal -0.658018 0.635897 0.403295
    outer loop
      vertex 47.824 32 2.66306
      vertex 47.0208 30.8 3.24466
      vertex 47.1192 30.8 3.40521
    endloop
  endfacet
  facet normal 0.403269 0.635868 0.658062
    outer loop
      vertex 45.5052 30.8 2.88079
      vertex 45.055 32 1.99715
      vertex 44.7631 32 2.17603
    endloop
  endfacet
  facet normal 0.58687 0.63587 0.501251
    outer loop
      vertex 44.2779 32 2.66055
      vertex 45.0792 30.8 3.24466
      vertex 45.2015 30.8 3.10147
    endloop
  endfacet
  facet normal 0.565524 0.63424 0.527184
    outer loop
      vertex 45.0792 30.8 3.24466
      vertex 44.2779 32 2.66055
      vertex 44.2768 32 2.66173
    endloop
  endfacet
  facet normal 0.295362 0.635871 0.713043
    outer loop
      vertex 45.5052 30.8 2.88079
      vertex 45.3713 32 1.86613
      vertex 45.055 32 1.99715
    endloop
  endfacet
  facet normal -0.385494 0.638325 -0.666285
    outer loop
      vertex 46.7553 30.8 4.92082
      vertex 47.045 32 5.90285
      vertex 47.0464 32 5.90204
    endloop
  endfacet
  facet normal -0.403371 0.635864 -0.658004
    outer loop
      vertex 47.045 32 5.90285
      vertex 46.7553 30.8 4.92082
      vertex 46.5948 30.8 5.01921
    endloop
  endfacet
  facet normal 0.712982 0.635871 -0.295507
    outer loop
      vertex 44.0966 32 4.94359
      vertex 44.9087 30.8 4.32082
      vertex 43.9655 32 4.62728
    endloop
  endfacet
  facet normal 0.641343 0.630449 -0.437279
    outer loop
      vertex 45.0792 30.8 4.65534
      vertex 44.0971 32 4.94503
      vertex 44.098 32 4.94635
    endloop
  endfacet
  facet normal 0.65802 0.635894 -0.403296
    outer loop
      vertex 44.0971 32 4.94503
      vertex 45.0792 30.8 4.65534
      vertex 44.9808 30.8 4.49479
    endloop
  endfacet
  facet normal 0.180176 0.63588 -0.750462
    outer loop
      vertex 45.6792 30.8 5.09127
      vertex 45.7071 32 6.11475
      vertex 45.8623 30.8 5.13523
    endloop
  endfacet
  facet normal 0.180113 0.635888 -0.75047
    outer loop
      vertex 45.7071 32 6.11475
      vertex 45.6792 30.8 5.09127
      vertex 45.7056 32 6.11439
    endloop
  endfacet
  facet normal 0.501202 0.635879 -0.586902
    outer loop
      vertex 45.2015 30.8 4.79853
      vertex 44.5014 32 5.5008
      vertex 45.3447 30.8 4.92082
    endloop
  endfacet
  facet normal 0.497101 0.63566 -0.590615
    outer loop
      vertex 44.5014 32 5.5008
      vertex 45.2015 30.8 4.79853
      vertex 44.5002 32 5.49979
    endloop
  endfacet
  facet normal 0.588863 0.63577 -0.499036
    outer loop
      vertex 45.2015 30.8 4.79853
      vertex 44.4992 32 5.49861
      vertex 44.5002 32 5.49979
    endloop
  endfacet
  facet normal 0.58686 0.635885 -0.501243
    outer loop
      vertex 44.4992 32 5.49861
      vertex 45.2015 30.8 4.79853
      vertex 45.0792 30.8 4.65534
    endloop
  endfacet
  facet normal -0.403269 0.635868 0.658062
    outer loop
      vertex 47.3369 32 2.17603
      vertex 47.045 32 1.99715
      vertex 46.5948 30.8 2.88079
    endloop
  endfacet
  facet normal 0.062507 0.635802 0.769317
    outer loop
      vertex 46.0484 32 1.75839
      vertex 46.05 30.8 2.75
      vertex 46.05 32 1.75826
    endloop
  endfacet
  facet normal 0.0605445 0.635878 0.769412
    outer loop
      vertex 46.05 30.8 2.75
      vertex 46.0484 32 1.75839
      vertex 45.8623 30.8 2.76477
    endloop
  endfacet
  facet normal 0.060552 0.635877 0.769412
    outer loop
      vertex 45.8623 30.8 2.76477
      vertex 46.0484 32 1.75839
      vertex 45.7071 32 1.78525
    endloop
  endfacet
  facet normal -0.658148 0.635869 0.403127
    outer loop
      vertex 48.0028 32 2.95497
      vertex 47.824 32 2.66306
      vertex 47.1192 30.8 3.40521
    endloop
  endfacet
  facet normal -0.712574 0.635678 0.296906
    outer loop
      vertex 47.1192 30.8 3.40521
      vertex 48.1345 32 3.27272
      vertex 48.1339 32 3.27128
    endloop
  endfacet
  facet normal -0.712988 0.635872 0.29549
    outer loop
      vertex 48.1345 32 3.27272
      vertex 47.1192 30.8 3.40521
      vertex 47.1913 30.8 3.57918
    endloop
  endfacet
  facet normal -0.712984 0.635869 0.295508
    outer loop
      vertex 48.1339 32 3.27128
      vertex 48.0028 32 2.95497
      vertex 47.1192 30.8 3.40521
    endloop
  endfacet
  facet normal -0.501191 0.635901 0.586888
    outer loop
      vertex 47.3395 32 2.17786
      vertex 46.7553 30.8 2.97918
      vertex 46.8985 30.8 3.10147
    endloop
  endfacet
  facet normal -0.496868 0.6361 0.590338
    outer loop
      vertex 46.7553 30.8 2.97918
      vertex 47.3395 32 2.17786
      vertex 47.3383 32 2.17685
    endloop
  endfacet
  facet normal 0.295303 0.635886 0.713054
    outer loop
      vertex 45.3727 32 1.86553
      vertex 45.5052 30.8 2.88079
      vertex 45.6792 30.8 2.80873
    endloop
  endfacet
  facet normal 0.304435 0.634605 0.710349
    outer loop
      vertex 45.5052 30.8 2.88079
      vertex 45.3727 32 1.86553
      vertex 45.3713 32 1.86613
    endloop
  endfacet
  facet normal 0.180176 0.635882 0.75046
    outer loop
      vertex 45.3742 32 1.86517
      vertex 45.6792 30.8 2.80873
      vertex 45.8623 30.8 2.76477
    endloop
  endfacet
  facet normal 0.180115 0.635879 0.750477
    outer loop
      vertex 45.6792 30.8 2.80873
      vertex 45.3742 32 1.86517
      vertex 45.3727 32 1.86553
    endloop
  endfacet
  facet normal 0.750491 0.635914 0.179937
    outer loop
      vertex 44.9087 30.8 3.57918
      vertex 43.8852 32 3.60714
      vertex 44.8648 30.8 3.76228
    endloop
  endfacet
  facet normal 0.748209 0.633573 0.196897
    outer loop
      vertex 43.8852 32 3.60714
      vertex 44.9087 30.8 3.57918
      vertex 43.8856 32 3.60562
    endloop
  endfacet
  facet normal 0.712982 0.635871 0.295507
    outer loop
      vertex 44.9087 30.8 3.57918
      vertex 44.0966 32 2.95641
      vertex 43.9655 32 3.27272
    endloop
  endfacet
  facet normal 0.730936 0.633498 -0.253797
    outer loop
      vertex 44.9808 30.8 4.49479
      vertex 44.0966 32 4.94359
      vertex 44.0971 32 4.94503
    endloop
  endfacet
  facet normal 0.712991 0.635869 -0.295491
    outer loop
      vertex 44.0966 32 4.94359
      vertex 44.9808 30.8 4.49479
      vertex 44.9087 30.8 4.32082
    endloop
  endfacet
  facet normal -0.062507 0.635802 0.769317
    outer loop
      vertex 46.05 30.8 2.75
      vertex 46.0516 32 1.75839
      vertex 46.05 32 1.75826
    endloop
  endfacet
  facet normal -0.0605445 0.635878 0.769412
    outer loop
      vertex 46.0516 32 1.75839
      vertex 46.05 30.8 2.75
      vertex 46.2377 30.8 2.76477
    endloop
  endfacet
  facet normal -0.060552 0.635877 0.769412
    outer loop
      vertex 46.2377 30.8 2.76477
      vertex 46.3929 32 1.78525
      vertex 46.0516 32 1.75839
    endloop
  endfacet
  facet normal -0.180166 0.63588 0.750464
    outer loop
      vertex 46.7258 32 1.86517
      vertex 46.3929 32 1.78525
      vertex 46.2377 30.8 2.76477
    endloop
  endfacet
  facet normal -0.75041 0.635898 0.180327
    outer loop
      vertex 48.2148 32 3.60714
      vertex 48.1348 32 3.27423
      vertex 47.2352 30.8 3.76228
    endloop
  endfacet
  facet normal -0.565524 0.63424 0.527184
    outer loop
      vertex 47.8221 32 2.66055
      vertex 47.0208 30.8 3.24466
      vertex 47.8232 32 2.66173
    endloop
  endfacet
  facet normal -0.58687 0.63587 0.501251
    outer loop
      vertex 47.0208 30.8 3.24466
      vertex 47.8221 32 2.66055
      vertex 46.8985 30.8 3.10147
    endloop
  endfacet
  facet normal 0.712991 0.635869 0.295491
    outer loop
      vertex 44.9808 30.8 3.40521
      vertex 44.0966 32 2.95641
      vertex 44.9087 30.8 3.57918
    endloop
  endfacet
  facet normal 0.730936 0.633498 0.253797
    outer loop
      vertex 44.0966 32 2.95641
      vertex 44.9808 30.8 3.40521
      vertex 44.0971 32 2.95497
    endloop
  endfacet
  facet normal 0.65802 0.635894 0.403296
    outer loop
      vertex 45.0792 30.8 3.24466
      vertex 44.0971 32 2.95497
      vertex 44.9808 30.8 3.40521
    endloop
  endfacet
  facet normal 0.641343 0.630449 0.437279
    outer loop
      vertex 44.0971 32 2.95497
      vertex 45.0792 30.8 3.24466
      vertex 44.098 32 2.95365
    endloop
  endfacet
  facet normal -0.180115 0.635879 0.750477
    outer loop
      vertex 46.7258 32 1.86517
      vertex 46.4208 30.8 2.80873
      vertex 46.7273 32 1.86553
    endloop
  endfacet
  facet normal -0.180176 0.635882 0.75046
    outer loop
      vertex 46.4208 30.8 2.80873
      vertex 46.7258 32 1.86517
      vertex 46.2377 30.8 2.76477
    endloop
  endfacet
  facet normal -0.304435 0.634605 0.710349
    outer loop
      vertex 46.7273 32 1.86553
      vertex 46.5948 30.8 2.88079
      vertex 46.7287 32 1.86613
    endloop
  endfacet
  facet normal -0.295303 0.635886 0.713054
    outer loop
      vertex 46.5948 30.8 2.88079
      vertex 46.7273 32 1.86553
      vertex 46.4208 30.8 2.80873
    endloop
  endfacet
  facet normal 0.972365 -0 0.233466
    outer loop
      vertex 42.9388 28 3.45723
      vertex 43.0542 30 2.9766
      vertex 42.9388 30 3.45723
    endloop
  endfacet
  facet normal 0.972365 0 0.233466
    outer loop
      vertex 43.0542 30 2.9766
      vertex 42.9388 28 3.45723
      vertex 43.0542 28 2.9766
    endloop
  endfacet
  facet normal 0.852594 -0 0.522574
    outer loop
      vertex 43.2433 28 2.51993
      vertex 43.3781 30 2.3
      vertex 43.2433 30 2.51993
    endloop
  endfacet
  facet normal 0.852594 0 0.522574
    outer loop
      vertex 43.3781 30 2.3
      vertex 43.2433 28 2.51993
      vertex 43.3781 28 2.3
    endloop
  endfacet
  facet normal 0.996855 -0 0.079245
    outer loop
      vertex 42.9354 28 3.5
      vertex 42.9388 30 3.45723
      vertex 42.9354 30 3.5
    endloop
  endfacet
  facet normal 0.996855 0 0.079245
    outer loop
      vertex 42.9388 30 3.45723
      vertex 42.9354 28 3.5
      vertex 42.9388 28 3.45723
    endloop
  endfacet
  facet normal -0.233461 0 -0.972366
    outer loop
      vertex 46.5428 28 7.06122
      vertex 47.0234 30 6.94583
      vertex 47.0234 28 6.94583
    endloop
  endfacet
  facet normal -0.233461 0 -0.972366
    outer loop
      vertex 47.0234 30 6.94583
      vertex 46.5428 28 7.06122
      vertex 46.5428 30 7.06122
    endloop
  endfacet
  facet normal 0.923922 -0 0.382582
    outer loop
      vertex 43.0542 28 2.9766
      vertex 43.2433 30 2.51993
      vertex 43.0542 30 2.9766
    endloop
  endfacet
  facet normal 0.923922 0 0.382582
    outer loop
      vertex 43.2433 30 2.51993
      vertex 43.0542 28 2.9766
      vertex 43.2433 28 2.51993
    endloop
  endfacet
  facet normal -0.382664 0 -0.923888
    outer loop
      vertex 47.0234 28 6.94583
      vertex 47.4801 30 6.75667
      vertex 47.4801 28 6.75667
    endloop
  endfacet
  facet normal -0.382664 0 -0.923888
    outer loop
      vertex 47.4801 30 6.75667
      vertex 47.0234 28 6.94583
      vertex 47.0234 30 6.94583
    endloop
  endfacet
  facet normal -0.522541 0 -0.852614
    outer loop
      vertex 47.4801 28 6.75667
      vertex 47.7 30 6.6219
      vertex 47.7 28 6.6219
    endloop
  endfacet
  facet normal -0.522541 0 -0.852614
    outer loop
      vertex 47.7 30 6.6219
      vertex 47.4801 28 6.75667
      vertex 47.4801 30 6.75667
    endloop
  endfacet
  facet normal -0.0782639 0 -0.996933
    outer loop
      vertex 46.5 28 7.06458
      vertex 46.5428 30 7.06122
      vertex 46.5428 28 7.06122
    endloop
  endfacet
  facet normal -0.0782639 0 -0.996933
    outer loop
      vertex 46.5428 30 7.06122
      vertex 46.5 28 7.06458
      vertex 46.5 30 7.06458
    endloop
  endfacet
  facet normal -0.996918 0 0.0784469
    outer loop
      vertex 5.13523 30 71.8623
      vertex 5.15 30.8 72.05
      vertex 5.13523 30.8 71.8623
    endloop
  endfacet
  facet normal -0.996918 0 0.0784469
    outer loop
      vertex 5.15 30.8 72.05
      vertex 5.13523 30 71.8623
      vertex 5.15 30 72.05
    endloop
  endfacet
  facet normal 0.0785969 0 0.996906
    outer loop
      vertex 3.76228 30.8 70.8648
      vertex 3.95 30 70.85
      vertex 3.95 30.8 70.85
    endloop
  endfacet
  facet normal 0.0785969 0 0.996906
    outer loop
      vertex 3.95 30 70.85
      vertex 3.76228 30.8 70.8648
      vertex 3.76228 30 70.8648
    endloop
  endfacet
  facet normal -0.0785969 0 -0.996906
    outer loop
      vertex 3.95 30 73.25
      vertex 4.13772 30.8 73.2352
      vertex 4.13772 30 73.2352
    endloop
  endfacet
  facet normal -0.0785969 0 -0.996906
    outer loop
      vertex 4.13772 30.8 73.2352
      vertex 3.95 30 73.25
      vertex 3.95 30.8 73.25
    endloop
  endfacet
  facet normal -0.649461 0 0.760395
    outer loop
      vertex 4.65534 30.8 71.0792
      vertex 4.79853 30 71.2015
      vertex 4.79853 30.8 71.2015
    endloop
  endfacet
  facet normal -0.649461 0 0.760395
    outer loop
      vertex 4.79853 30 71.2015
      vertex 4.65534 30.8 71.0792
      vertex 4.65534 30 71.0792
    endloop
  endfacet
  facet normal 0.760444 -0 0.649404
    outer loop
      vertex 2.97918 30 71.3447
      vertex 3.10147 30.8 71.2015
      vertex 2.97918 30.8 71.3447
    endloop
  endfacet
  facet normal 0.760444 0 0.649404
    outer loop
      vertex 3.10147 30.8 71.2015
      vertex 2.97918 30 71.3447
      vertex 3.10147 30 71.2015
    endloop
  endfacet
  facet normal 0.522556 0 0.852605
    outer loop
      vertex 3.24466 30.8 71.0792
      vertex 3.40521 30 70.9808
      vertex 3.40521 30.8 70.9808
    endloop
  endfacet
  facet normal 0.522556 0 0.852605
    outer loop
      vertex 3.40521 30 70.9808
      vertex 3.24466 30.8 71.0792
      vertex 3.24466 30 71.0792
    endloop
  endfacet
  facet normal -0.852556 0 -0.522636
    outer loop
      vertex 5.01921 30 72.5948
      vertex 4.92082 30.8 72.7553
      vertex 5.01921 30.8 72.5948
    endloop
  endfacet
  facet normal -0.852556 -0 -0.522636
    outer loop
      vertex 4.92082 30.8 72.7553
      vertex 5.01921 30 72.5948
      vertex 4.92082 30 72.7553
    endloop
  endfacet
  facet normal -0.852556 0 0.522636
    outer loop
      vertex 4.92082 30 71.3447
      vertex 5.01921 30.8 71.5052
      vertex 4.92082 30.8 71.3447
    endloop
  endfacet
  facet normal -0.852556 0 0.522636
    outer loop
      vertex 5.01921 30.8 71.5052
      vertex 4.92082 30 71.3447
      vertex 5.01921 30 71.5052
    endloop
  endfacet
  facet normal -0.972368 0 0.233453
    outer loop
      vertex 5.09127 30 71.6792
      vertex 5.13523 30.8 71.8623
      vertex 5.09127 30.8 71.6792
    endloop
  endfacet
  facet normal -0.972368 0 0.233453
    outer loop
      vertex 5.13523 30.8 71.8623
      vertex 5.09127 30 71.6792
      vertex 5.13523 30 71.8623
    endloop
  endfacet
  facet normal -0.760444 0 0.649404
    outer loop
      vertex 4.79853 30 71.2015
      vertex 4.92082 30.8 71.3447
      vertex 4.79853 30.8 71.2015
    endloop
  endfacet
  facet normal -0.760444 0 0.649404
    outer loop
      vertex 4.92082 30.8 71.3447
      vertex 4.79853 30 71.2015
      vertex 4.92082 30 71.3447
    endloop
  endfacet
  facet normal -0.382861 0 0.923806
    outer loop
      vertex 4.32082 30.8 70.9087
      vertex 4.49479 30 70.9808
      vertex 4.49479 30.8 70.9808
    endloop
  endfacet
  facet normal -0.382861 0 0.923806
    outer loop
      vertex 4.49479 30 70.9808
      vertex 4.32082 30.8 70.9087
      vertex 4.32082 30 70.9087
    endloop
  endfacet
  facet normal -0.522556 0 0.852605
    outer loop
      vertex 4.49479 30.8 70.9808
      vertex 4.65534 30 71.0792
      vertex 4.65534 30.8 71.0792
    endloop
  endfacet
  facet normal -0.522556 0 0.852605
    outer loop
      vertex 4.65534 30 71.0792
      vertex 4.49479 30.8 70.9808
      vertex 4.49479 30 70.9808
    endloop
  endfacet
  facet normal 0.972368 -0 0.233453
    outer loop
      vertex 2.76477 30 71.8623
      vertex 2.80873 30.8 71.6792
      vertex 2.76477 30.8 71.8623
    endloop
  endfacet
  facet normal 0.972368 0 0.233453
    outer loop
      vertex 2.80873 30.8 71.6792
      vertex 2.76477 30 71.8623
      vertex 2.80873 30 71.6792
    endloop
  endfacet
  facet normal 0.852556 -0 0.522636
    outer loop
      vertex 2.88079 30 71.5052
      vertex 2.97918 30.8 71.3447
      vertex 2.88079 30.8 71.5052
    endloop
  endfacet
  facet normal 0.852556 0 0.522636
    outer loop
      vertex 2.97918 30.8 71.3447
      vertex 2.88079 30 71.5052
      vertex 2.97918 30 71.3447
    endloop
  endfacet
  facet normal 0.996918 -0 0.0784469
    outer loop
      vertex 2.75 30 72.05
      vertex 2.76477 30.8 71.8623
      vertex 2.75 30.8 72.05
    endloop
  endfacet
  facet normal 0.996918 0 0.0784469
    outer loop
      vertex 2.76477 30.8 71.8623
      vertex 2.75 30 72.05
      vertex 2.76477 30 71.8623
    endloop
  endfacet
  facet normal 0.649461 0 0.760395
    outer loop
      vertex 3.10147 30.8 71.2015
      vertex 3.24466 30 71.0792
      vertex 3.24466 30.8 71.0792
    endloop
  endfacet
  facet normal 0.649461 0 0.760395
    outer loop
      vertex 3.24466 30 71.0792
      vertex 3.10147 30.8 71.2015
      vertex 3.10147 30 71.2015
    endloop
  endfacet
  facet normal 0.233152 0 0.97244
    outer loop
      vertex 3.57918 30.8 70.9087
      vertex 3.76228 30 70.8648
      vertex 3.76228 30.8 70.8648
    endloop
  endfacet
  facet normal 0.233152 0 0.97244
    outer loop
      vertex 3.76228 30 70.8648
      vertex 3.57918 30.8 70.9087
      vertex 3.57918 30 70.9087
    endloop
  endfacet
  facet normal -0.972368 0 -0.233453
    outer loop
      vertex 5.13523 30 72.2377
      vertex 5.09127 30.8 72.4208
      vertex 5.13523 30.8 72.2377
    endloop
  endfacet
  facet normal -0.972368 -0 -0.233453
    outer loop
      vertex 5.09127 30.8 72.4208
      vertex 5.13523 30 72.2377
      vertex 5.09127 30 72.4208
    endloop
  endfacet
  facet normal 0.852556 0 -0.522636
    outer loop
      vertex 2.97918 30 72.7553
      vertex 2.88079 30.8 72.5948
      vertex 2.97918 30.8 72.7553
    endloop
  endfacet
  facet normal 0.852556 0 -0.522636
    outer loop
      vertex 2.88079 30.8 72.5948
      vertex 2.97918 30 72.7553
      vertex 2.88079 30 72.5948
    endloop
  endfacet
  facet normal -0.923904 0 0.382624
    outer loop
      vertex 5.01921 30 71.5052
      vertex 5.09127 30.8 71.6792
      vertex 5.01921 30.8 71.5052
    endloop
  endfacet
  facet normal -0.923904 0 0.382624
    outer loop
      vertex 5.09127 30.8 71.6792
      vertex 5.01921 30 71.5052
      vertex 5.09127 30 71.6792
    endloop
  endfacet
  facet normal -0.233152 0 0.97244
    outer loop
      vertex 4.13772 30.8 70.8648
      vertex 4.32082 30 70.9087
      vertex 4.32082 30.8 70.9087
    endloop
  endfacet
  facet normal -0.233152 0 0.97244
    outer loop
      vertex 4.32082 30 70.9087
      vertex 4.13772 30.8 70.8648
      vertex 4.13772 30 70.8648
    endloop
  endfacet
  facet normal -0.0785969 0 0.996906
    outer loop
      vertex 3.95 30.8 70.85
      vertex 4.13772 30 70.8648
      vertex 4.13772 30.8 70.8648
    endloop
  endfacet
  facet normal -0.0785969 0 0.996906
    outer loop
      vertex 4.13772 30 70.8648
      vertex 3.95 30.8 70.85
      vertex 3.95 30 70.85
    endloop
  endfacet
  facet normal 0.923904 -0 0.382624
    outer loop
      vertex 2.80873 30 71.6792
      vertex 2.88079 30.8 71.5052
      vertex 2.80873 30.8 71.6792
    endloop
  endfacet
  facet normal 0.923904 0 0.382624
    outer loop
      vertex 2.88079 30.8 71.5052
      vertex 2.80873 30 71.6792
      vertex 2.88079 30 71.5052
    endloop
  endfacet
  facet normal 0.996918 0 -0.0784469
    outer loop
      vertex 2.76477 30 72.2377
      vertex 2.75 30.8 72.05
      vertex 2.76477 30.8 72.2377
    endloop
  endfacet
  facet normal 0.996918 0 -0.0784469
    outer loop
      vertex 2.75 30.8 72.05
      vertex 2.76477 30 72.2377
      vertex 2.75 30 72.05
    endloop
  endfacet
  facet normal 0.382861 0 0.923806
    outer loop
      vertex 3.40521 30.8 70.9808
      vertex 3.57918 30 70.9087
      vertex 3.57918 30.8 70.9087
    endloop
  endfacet
  facet normal 0.382861 0 0.923806
    outer loop
      vertex 3.57918 30 70.9087
      vertex 3.40521 30.8 70.9808
      vertex 3.40521 30 70.9808
    endloop
  endfacet
  facet normal -0.996918 0 -0.0784469
    outer loop
      vertex 5.15 30 72.05
      vertex 5.13523 30.8 72.2377
      vertex 5.15 30.8 72.05
    endloop
  endfacet
  facet normal -0.996918 -0 -0.0784469
    outer loop
      vertex 5.13523 30.8 72.2377
      vertex 5.15 30 72.05
      vertex 5.13523 30 72.2377
    endloop
  endfacet
  facet normal -0.522556 0 -0.852605
    outer loop
      vertex 4.49479 30 73.1192
      vertex 4.65534 30.8 73.0208
      vertex 4.65534 30 73.0208
    endloop
  endfacet
  facet normal -0.522556 0 -0.852605
    outer loop
      vertex 4.65534 30.8 73.0208
      vertex 4.49479 30 73.1192
      vertex 4.49479 30.8 73.1192
    endloop
  endfacet
  facet normal -0.760444 0 -0.649404
    outer loop
      vertex 4.92082 30 72.7553
      vertex 4.79853 30.8 72.8985
      vertex 4.92082 30.8 72.7553
    endloop
  endfacet
  facet normal -0.760444 -0 -0.649404
    outer loop
      vertex 4.79853 30.8 72.8985
      vertex 4.92082 30 72.7553
      vertex 4.79853 30 72.8985
    endloop
  endfacet
  facet normal 0.972368 0 -0.233453
    outer loop
      vertex 2.80873 30 72.4208
      vertex 2.76477 30.8 72.2377
      vertex 2.80873 30.8 72.4208
    endloop
  endfacet
  facet normal 0.972368 0 -0.233453
    outer loop
      vertex 2.76477 30.8 72.2377
      vertex 2.80873 30 72.4208
      vertex 2.76477 30 72.2377
    endloop
  endfacet
  facet normal -0.233152 0 -0.97244
    outer loop
      vertex 4.13772 30 73.2352
      vertex 4.32082 30.8 73.1913
      vertex 4.32082 30 73.1913
    endloop
  endfacet
  facet normal -0.233152 0 -0.97244
    outer loop
      vertex 4.32082 30.8 73.1913
      vertex 4.13772 30 73.2352
      vertex 4.13772 30.8 73.2352
    endloop
  endfacet
  facet normal 0.0785969 0 -0.996906
    outer loop
      vertex 3.76228 30 73.2352
      vertex 3.95 30.8 73.25
      vertex 3.95 30 73.25
    endloop
  endfacet
  facet normal 0.0785969 0 -0.996906
    outer loop
      vertex 3.95 30.8 73.25
      vertex 3.76228 30 73.2352
      vertex 3.76228 30.8 73.2352
    endloop
  endfacet
  facet normal 0.649461 0 -0.760395
    outer loop
      vertex 3.10147 30 72.8985
      vertex 3.24466 30.8 73.0208
      vertex 3.24466 30 73.0208
    endloop
  endfacet
  facet normal 0.649461 0 -0.760395
    outer loop
      vertex 3.24466 30.8 73.0208
      vertex 3.10147 30 72.8985
      vertex 3.10147 30.8 72.8985
    endloop
  endfacet
  facet normal 0.923904 0 -0.382624
    outer loop
      vertex 2.88079 30 72.5948
      vertex 2.80873 30.8 72.4208
      vertex 2.88079 30.8 72.5948
    endloop
  endfacet
  facet normal 0.923904 0 -0.382624
    outer loop
      vertex 2.80873 30.8 72.4208
      vertex 2.88079 30 72.5948
      vertex 2.80873 30 72.4208
    endloop
  endfacet
  facet normal -0.382861 0 -0.923806
    outer loop
      vertex 4.32082 30 73.1913
      vertex 4.49479 30.8 73.1192
      vertex 4.49479 30 73.1192
    endloop
  endfacet
  facet normal -0.382861 0 -0.923806
    outer loop
      vertex 4.49479 30.8 73.1192
      vertex 4.32082 30 73.1913
      vertex 4.32082 30.8 73.1913
    endloop
  endfacet
  facet normal -0.923904 0 -0.382624
    outer loop
      vertex 5.09127 30 72.4208
      vertex 5.01921 30.8 72.5948
      vertex 5.09127 30.8 72.4208
    endloop
  endfacet
  facet normal -0.923904 -0 -0.382624
    outer loop
      vertex 5.01921 30.8 72.5948
      vertex 5.09127 30 72.4208
      vertex 5.01921 30 72.5948
    endloop
  endfacet
  facet normal -0.649461 0 -0.760395
    outer loop
      vertex 4.65534 30 73.0208
      vertex 4.79853 30.8 72.8985
      vertex 4.79853 30 72.8985
    endloop
  endfacet
  facet normal -0.649461 0 -0.760395
    outer loop
      vertex 4.79853 30.8 72.8985
      vertex 4.65534 30 73.0208
      vertex 4.65534 30.8 73.0208
    endloop
  endfacet
  facet normal 0.522556 0 -0.852605
    outer loop
      vertex 3.24466 30 73.0208
      vertex 3.40521 30.8 73.1192
      vertex 3.40521 30 73.1192
    endloop
  endfacet
  facet normal 0.522556 0 -0.852605
    outer loop
      vertex 3.40521 30.8 73.1192
      vertex 3.24466 30 73.0208
      vertex 3.24466 30.8 73.0208
    endloop
  endfacet
  facet normal 0.760444 0 -0.649404
    outer loop
      vertex 3.10147 30 72.8985
      vertex 2.97918 30.8 72.7553
      vertex 3.10147 30.8 72.8985
    endloop
  endfacet
  facet normal 0.760444 0 -0.649404
    outer loop
      vertex 2.97918 30.8 72.7553
      vertex 3.10147 30 72.8985
      vertex 2.97918 30 72.7553
    endloop
  endfacet
  facet normal 0.382861 0 -0.923806
    outer loop
      vertex 3.40521 30 73.1192
      vertex 3.57918 30.8 73.1913
      vertex 3.57918 30 73.1913
    endloop
  endfacet
  facet normal 0.382861 0 -0.923806
    outer loop
      vertex 3.57918 30.8 73.1913
      vertex 3.40521 30 73.1192
      vertex 3.40521 30.8 73.1192
    endloop
  endfacet
  facet normal 0.233152 0 -0.97244
    outer loop
      vertex 3.57918 30 73.1913
      vertex 3.76228 30.8 73.2352
      vertex 3.76228 30 73.2352
    endloop
  endfacet
  facet normal 0.233152 0 -0.97244
    outer loop
      vertex 3.76228 30.8 73.2352
      vertex 3.57918 30 73.1913
      vertex 3.57918 30.8 73.1913
    endloop
  endfacet
  facet normal -0.750461 0.635879 -0.180187
    outer loop
      vertex 6.03446 32 72.7273
      vertex 6.11439 32 72.3944
      vertex 5.09127 30.8 72.4208
    endloop
  endfacet
  facet normal -0.769409 0.635878 0.0605743
    outer loop
      vertex 6.14174 32 72.05
      vertex 6.11487 32 71.7087
      vertex 5.15 30.8 72.05
    endloop
  endfacet
  facet normal -0.769721 0.635764 0.0577291
    outer loop
      vertex 5.13523 30.8 71.8623
      vertex 6.11487 32 71.7087
      vertex 6.11475 32 71.7071
    endloop
  endfacet
  facet normal -0.769414 0.635874 0.0605448
    outer loop
      vertex 6.11487 32 71.7087
      vertex 5.13523 30.8 71.8623
      vertex 5.15 30.8 72.05
    endloop
  endfacet
  facet normal -0.769414 0.635874 -0.0605448
    outer loop
      vertex 5.13523 30.8 72.2377
      vertex 6.11487 32 72.3913
      vertex 5.15 30.8 72.05
    endloop
  endfacet
  facet normal -0.769721 0.635764 -0.0577291
    outer loop
      vertex 6.11487 32 72.3913
      vertex 5.13523 30.8 72.2377
      vertex 6.11475 32 72.3929
    endloop
  endfacet
  facet normal 0.750464 0.63588 -0.180166
    outer loop
      vertex 1.86517 32 72.7258
      vertex 2.76477 30.8 72.2377
      vertex 1.78525 32 72.3929
    endloop
  endfacet
  facet normal -0.060661 0.635868 -0.76941
    outer loop
      vertex 3.95 30.8 73.25
      vertex 3.95155 32 74.2416
      vertex 4.13772 30.8 73.2352
    endloop
  endfacet
  facet normal -0.04967 0.636246 -0.769885
    outer loop
      vertex 3.95155 32 74.2416
      vertex 3.95 30.8 73.25
      vertex 3.95 32 74.2417
    endloop
  endfacet
  facet normal 0.196897 0.633573 0.748209
    outer loop
      vertex 3.57918 30.8 70.9087
      vertex 3.60714 32 69.8852
      vertex 3.60562 32 69.8856
    endloop
  endfacet
  facet normal 0.179937 0.635914 0.750491
    outer loop
      vertex 3.60714 32 69.8852
      vertex 3.57918 30.8 70.9087
      vertex 3.76228 30.8 70.8648
    endloop
  endfacet
  facet normal -0.586831 0.635888 -0.501275
    outer loop
      vertex 5.49979 32 73.5998
      vertex 5.72214 32 73.3395
      vertex 4.79853 30.8 72.8985
    endloop
  endfacet
  facet normal -0.769409 0.635878 -0.0605743
    outer loop
      vertex 6.11487 32 72.3913
      vertex 6.14174 32 72.05
      vertex 5.15 30.8 72.05
    endloop
  endfacet
  facet normal 0.666431 0.635221 -0.390338
    outer loop
      vertex 2.97918 30.8 72.7553
      vertex 2.17603 32 73.3369
      vertex 2.17685 32 73.3383
    endloop
  endfacet
  facet normal 0.65799 0.635884 -0.403362
    outer loop
      vertex 2.17603 32 73.3369
      vertex 2.97918 30.8 72.7553
      vertex 2.88079 30.8 72.5948
    endloop
  endfacet
  facet normal 0.586888 0.635901 0.501191
    outer loop
      vertex 2.17786 32 70.7605
      vertex 2.97918 30.8 71.3447
      vertex 3.10147 30.8 71.2015
    endloop
  endfacet
  facet normal 0.590338 0.6361 0.496868
    outer loop
      vertex 2.97918 30.8 71.3447
      vertex 2.17786 32 70.7605
      vertex 2.17685 32 70.7617
    endloop
  endfacet
  facet normal 0.658062 0.635868 0.403269
    outer loop
      vertex 2.88079 30.8 71.5052
      vertex 2.17603 32 70.7631
      vertex 1.99715 32 71.055
    endloop
  endfacet
  facet normal -0.750462 0.63588 -0.180176
    outer loop
      vertex 5.09127 30.8 72.4208
      vertex 6.11475 32 72.3929
      vertex 5.13523 30.8 72.2377
    endloop
  endfacet
  facet normal -0.75047 0.635888 -0.180113
    outer loop
      vertex 6.11475 32 72.3929
      vertex 5.09127 30.8 72.4208
      vertex 6.11439 32 72.3944
    endloop
  endfacet
  facet normal -0.40328 0.635895 -0.65803
    outer loop
      vertex 4.94503 32 74.0029
      vertex 5.23694 32 73.824
      vertex 4.49479 30.8 73.1192
    endloop
  endfacet
  facet normal -0.295307 0.635896 -0.713043
    outer loop
      vertex 4.62872 32 74.1339
      vertex 4.94503 32 74.0029
      vertex 4.49479 30.8 73.1192
    endloop
  endfacet
  facet normal -0.527184 0.63424 -0.565524
    outer loop
      vertex 5.23945 32 73.8221
      vertex 4.65534 30.8 73.0208
      vertex 5.23827 32 73.8232
    endloop
  endfacet
  facet normal -0.501251 0.63587 -0.58687
    outer loop
      vertex 4.65534 30.8 73.0208
      vertex 5.23945 32 73.8221
      vertex 4.79853 30.8 72.8985
    endloop
  endfacet
  facet normal -0.501167 0.635884 -0.586927
    outer loop
      vertex 5.23945 32 73.8221
      vertex 5.49979 32 73.5998
      vertex 4.79853 30.8 72.8985
    endloop
  endfacet
  facet normal 0.658062 0.635868 -0.403269
    outer loop
      vertex 2.17603 32 73.3369
      vertex 2.88079 30.8 72.5948
      vertex 1.99715 32 73.045
    endloop
  endfacet
  facet normal 0.769412 0.635877 0.060552
    outer loop
      vertex 2.76477 30.8 71.8623
      vertex 1.78525 32 71.7071
      vertex 1.75839 32 72.0484
    endloop
  endfacet
  facet normal 0.0604163 0.635869 0.769429
    outer loop
      vertex 3.95 30.8 70.85
      vertex 3.95 32 69.8583
      vertex 3.60869 32 69.8851
    endloop
  endfacet
  facet normal -0.501292 0.635895 0.586809
    outer loop
      vertex 5.49861 32 70.4992
      vertex 5.23827 32 70.2768
      vertex 4.65534 30.8 71.0792
    endloop
  endfacet
  facet normal -0.658035 0.635892 -0.403275
    outer loop
      vertex 5.72315 32 73.3383
      vertex 5.90204 32 73.0464
      vertex 4.92082 30.8 72.7553
    endloop
  endfacet
  facet normal -0.590338 0.6361 -0.496868
    outer loop
      vertex 4.92082 30.8 72.7553
      vertex 5.72214 32 73.3395
      vertex 5.72315 32 73.3383
    endloop
  endfacet
  facet normal -0.586888 0.635901 -0.501191
    outer loop
      vertex 5.72214 32 73.3395
      vertex 4.92082 30.8 72.7553
      vertex 4.79853 30.8 72.8985
    endloop
  endfacet
  facet normal -0.713061 0.635876 -0.295306
    outer loop
      vertex 5.01921 30.8 72.5948
      vertex 5.90345 32 73.0436
      vertex 5.09127 30.8 72.4208
    endloop
  endfacet
  facet normal -0.709139 0.636205 -0.303917
    outer loop
      vertex 5.90345 32 73.0436
      vertex 5.01921 30.8 72.5948
      vertex 5.90285 32 73.045
    endloop
  endfacet
  facet normal -0.713043 0.635881 -0.295339
    outer loop
      vertex 5.90345 32 73.0436
      vertex 6.03446 32 72.7273
      vertex 5.09127 30.8 72.4208
    endloop
  endfacet
  facet normal -0.296906 0.635678 -0.712574
    outer loop
      vertex 4.49479 30.8 73.1192
      vertex 4.62728 32 74.1345
      vertex 4.62872 32 74.1339
    endloop
  endfacet
  facet normal -0.29549 0.635872 -0.712988
    outer loop
      vertex 4.62728 32 74.1345
      vertex 4.49479 30.8 73.1192
      vertex 4.32082 30.8 73.1913
    endloop
  endfacet
  facet normal -0.150633 0.634402 -0.758185
    outer loop
      vertex 4.32082 30.8 73.1913
      vertex 4.62577 32 74.1348
      vertex 4.62728 32 74.1345
    endloop
  endfacet
  facet normal -0.17995 0.635846 -0.750545
    outer loop
      vertex 4.62577 32 74.1348
      vertex 4.32082 30.8 73.1913
      vertex 4.13772 30.8 73.2352
    endloop
  endfacet
  facet normal -0.397914 0.635641 -0.661532
    outer loop
      vertex 4.65534 30.8 73.0208
      vertex 5.23694 32 73.824
      vertex 5.23827 32 73.8232
    endloop
  endfacet
  facet normal -0.403295 0.635897 -0.658018
    outer loop
      vertex 5.23694 32 73.824
      vertex 4.65534 30.8 73.0208
      vertex 4.49479 30.8 73.1192
    endloop
  endfacet
  facet normal 0.713043 0.635871 -0.295362
    outer loop
      vertex 1.99715 32 73.045
      vertex 2.88079 30.8 72.5948
      vertex 1.86613 32 72.7287
    endloop
  endfacet
  facet normal 0.40328 0.635895 -0.65803
    outer loop
      vertex 2.95497 32 74.0029
      vertex 3.40521 30.8 73.1192
      vertex 2.66306 32 73.824
    endloop
  endfacet
  facet normal 0.180327 0.635898 -0.75041
    outer loop
      vertex 3.60714 32 74.2148
      vertex 3.76228 30.8 73.2352
      vertex 3.27423 32 74.1348
    endloop
  endfacet
  facet normal 0.527184 0.63424 -0.565524
    outer loop
      vertex 3.24466 30.8 73.0208
      vertex 2.66055 32 73.8221
      vertex 2.66173 32 73.8232
    endloop
  endfacet
  facet normal 0.501251 0.63587 -0.58687
    outer loop
      vertex 2.66055 32 73.8221
      vertex 3.24466 30.8 73.0208
      vertex 3.10147 30.8 72.8985
    endloop
  endfacet
  facet normal 0.501167 0.635884 -0.586927
    outer loop
      vertex 2.66055 32 73.8221
      vertex 3.10147 30.8 72.8985
      vertex 2.40021 32 73.5998
    endloop
  endfacet
  facet normal 0.586888 0.635901 -0.501191
    outer loop
      vertex 2.97918 30.8 72.7553
      vertex 2.17786 32 73.3395
      vertex 3.10147 30.8 72.8985
    endloop
  endfacet
  facet normal 0.590338 0.6361 -0.496868
    outer loop
      vertex 2.17786 32 73.3395
      vertex 2.97918 30.8 72.7553
      vertex 2.17685 32 73.3383
    endloop
  endfacet
  facet normal 0.586831 0.635888 -0.501275
    outer loop
      vertex 2.40021 32 73.5998
      vertex 3.10147 30.8 72.8985
      vertex 2.17786 32 73.3395
    endloop
  endfacet
  facet normal 0.180124 0.635876 0.750478
    outer loop
      vertex 3.57918 30.8 70.9087
      vertex 3.60562 32 69.8856
      vertex 3.27272 32 69.9655
    endloop
  endfacet
  facet normal 0.713043 0.635871 0.295362
    outer loop
      vertex 2.88079 30.8 71.5052
      vertex 1.99715 32 71.055
      vertex 1.86613 32 71.3713
    endloop
  endfacet
  facet normal 0.75046 0.635882 0.180176
    outer loop
      vertex 2.80873 30.8 71.6792
      vertex 1.86517 32 71.3742
      vertex 2.76477 30.8 71.8623
    endloop
  endfacet
  facet normal 0.750477 0.635879 0.180115
    outer loop
      vertex 1.86517 32 71.3742
      vertex 2.80873 30.8 71.6792
      vertex 1.86553 32 71.3727
    endloop
  endfacet
  facet normal 0.769412 0.635878 -0.0605445
    outer loop
      vertex 2.75 30.8 72.05
      vertex 1.75839 32 72.0516
      vertex 2.76477 30.8 72.2377
    endloop
  endfacet
  facet normal 0.769317 0.635802 -0.062507
    outer loop
      vertex 1.75839 32 72.0516
      vertex 2.75 30.8 72.05
      vertex 1.75826 32 72.05
    endloop
  endfacet
  facet normal 0.769412 0.635877 -0.060552
    outer loop
      vertex 1.78525 32 72.3929
      vertex 2.76477 30.8 72.2377
      vertex 1.75839 32 72.0516
    endloop
  endfacet
  facet normal 0.65799 0.635884 0.403362
    outer loop
      vertex 2.97918 30.8 71.3447
      vertex 2.17603 32 70.7631
      vertex 2.88079 30.8 71.5052
    endloop
  endfacet
  facet normal 0.666431 0.635221 0.390338
    outer loop
      vertex 2.17603 32 70.7631
      vertex 2.97918 30.8 71.3447
      vertex 2.17685 32 70.7617
    endloop
  endfacet
  facet normal 0.501167 0.635884 0.586927
    outer loop
      vertex 3.10147 30.8 71.2015
      vertex 2.66055 32 70.2779
      vertex 2.40021 32 70.5002
    endloop
  endfacet
  facet normal 0.586831 0.635888 0.501275
    outer loop
      vertex 3.10147 30.8 71.2015
      vertex 2.40021 32 70.5002
      vertex 2.17786 32 70.7605
    endloop
  endfacet
  facet normal -0.295312 0.635879 0.713055
    outer loop
      vertex 4.94359 32 70.0965
      vertex 4.62728 32 69.9655
      vertex 4.32082 30.8 70.9087
    endloop
  endfacet
  facet normal -0.437279 0.630449 0.641343
    outer loop
      vertex 4.94503 32 70.0971
      vertex 4.65534 30.8 71.0792
      vertex 4.94635 32 70.098
    endloop
  endfacet
  facet normal -0.403296 0.635894 0.65802
    outer loop
      vertex 4.65534 30.8 71.0792
      vertex 4.94503 32 70.0971
      vertex 4.49479 30.8 70.9808
    endloop
  endfacet
  facet normal -0.0604163 0.635869 0.769429
    outer loop
      vertex 4.29131 32 69.8851
      vertex 3.95 32 69.8583
      vertex 3.95 30.8 70.85
    endloop
  endfacet
  facet normal -0.0497124 0.635447 0.770543
    outer loop
      vertex 4.29131 32 69.8851
      vertex 4.13772 30.8 70.8648
      vertex 4.29286 32 69.8852
    endloop
  endfacet
  facet normal -0.0606588 0.635901 0.769383
    outer loop
      vertex 4.13772 30.8 70.8648
      vertex 4.29131 32 69.8851
      vertex 3.95 30.8 70.85
    endloop
  endfacet
  facet normal -0.658035 0.635892 0.403275
    outer loop
      vertex 5.90204 32 71.0536
      vertex 5.72315 32 70.7617
      vertex 4.92082 30.8 71.3447
    endloop
  endfacet
  facet normal -0.586828 0.635893 0.501272
    outer loop
      vertex 5.72315 32 70.7617
      vertex 5.5008 32 70.5014
      vertex 4.92082 30.8 71.3447
    endloop
  endfacet
  facet normal -0.658004 0.635864 -0.403371
    outer loop
      vertex 4.92082 30.8 72.7553
      vertex 5.90285 32 73.045
      vertex 5.01921 30.8 72.5948
    endloop
  endfacet
  facet normal -0.666285 0.638325 -0.385494
    outer loop
      vertex 5.90285 32 73.045
      vertex 4.92082 30.8 72.7553
      vertex 5.90204 32 73.0464
    endloop
  endfacet
  facet normal -0.180327 0.635898 -0.75041
    outer loop
      vertex 4.29286 32 74.2148
      vertex 4.62577 32 74.1348
      vertex 4.13772 30.8 73.2352
    endloop
  endfacet
  facet normal -0.0604143 0.6359 -0.769403
    outer loop
      vertex 4.29286 32 74.2148
      vertex 4.13772 30.8 73.2352
      vertex 3.95155 32 74.2416
    endloop
  endfacet
  facet normal 0.710349 0.634605 -0.304435
    outer loop
      vertex 2.88079 30.8 72.5948
      vertex 1.86553 32 72.7273
      vertex 1.86613 32 72.7287
    endloop
  endfacet
  facet normal 0.713054 0.635886 -0.295303
    outer loop
      vertex 1.86553 32 72.7273
      vertex 2.88079 30.8 72.5948
      vertex 2.80873 30.8 72.4208
    endloop
  endfacet
  facet normal 0.750477 0.635879 -0.180115
    outer loop
      vertex 2.80873 30.8 72.4208
      vertex 1.86517 32 72.7258
      vertex 1.86553 32 72.7273
    endloop
  endfacet
  facet normal 0.75046 0.635882 -0.180176
    outer loop
      vertex 1.86517 32 72.7258
      vertex 2.80873 30.8 72.4208
      vertex 2.76477 30.8 72.2377
    endloop
  endfacet
  facet normal 0.0606588 0.635901 -0.769383
    outer loop
      vertex 3.76228 30.8 73.2352
      vertex 3.60869 32 74.2149
      vertex 3.95 30.8 73.25
    endloop
  endfacet
  facet normal 0.0497124 0.635447 -0.770543
    outer loop
      vertex 3.60869 32 74.2149
      vertex 3.76228 30.8 73.2352
      vertex 3.60714 32 74.2148
    endloop
  endfacet
  facet normal 0.0604163 0.635869 -0.769429
    outer loop
      vertex 3.95 32 74.2417
      vertex 3.95 30.8 73.25
      vertex 3.60869 32 74.2149
    endloop
  endfacet
  facet normal 0.403295 0.635897 -0.658018
    outer loop
      vertex 3.24466 30.8 73.0208
      vertex 2.66306 32 73.824
      vertex 3.40521 30.8 73.1192
    endloop
  endfacet
  facet normal 0.397914 0.635641 -0.661532
    outer loop
      vertex 2.66306 32 73.824
      vertex 3.24466 30.8 73.0208
      vertex 2.66173 32 73.8232
    endloop
  endfacet
  facet normal 0.501251 0.63587 0.58687
    outer loop
      vertex 3.24466 30.8 71.0792
      vertex 2.66055 32 70.2779
      vertex 3.10147 30.8 71.2015
    endloop
  endfacet
  facet normal 0.527184 0.63424 0.565524
    outer loop
      vertex 2.66055 32 70.2779
      vertex 3.24466 30.8 71.0792
      vertex 2.66173 32 70.2768
    endloop
  endfacet
  facet normal 0.403107 0.635894 0.658137
    outer loop
      vertex 3.24466 30.8 71.0792
      vertex 2.95365 32 70.098
      vertex 2.66173 32 70.2768
    endloop
  endfacet
  facet normal 0.295312 0.635879 0.713055
    outer loop
      vertex 3.57918 30.8 70.9087
      vertex 3.27272 32 69.9655
      vertex 2.95641 32 70.0965
    endloop
  endfacet
  facet normal 0.750464 0.63588 0.180166
    outer loop
      vertex 2.76477 30.8 71.8623
      vertex 1.86517 32 71.3742
      vertex 1.78525 32 71.7071
    endloop
  endfacet
  facet normal 0.769317 0.635802 0.062507
    outer loop
      vertex 2.75 30.8 72.05
      vertex 1.75839 32 72.0484
      vertex 1.75826 32 72.05
    endloop
  endfacet
  facet normal 0.769412 0.635878 0.0605445
    outer loop
      vertex 1.75839 32 72.0484
      vertex 2.75 30.8 72.05
      vertex 2.76477 30.8 71.8623
    endloop
  endfacet
  facet normal -0.403107 0.635894 0.658137
    outer loop
      vertex 5.23827 32 70.2768
      vertex 4.94635 32 70.098
      vertex 4.65534 30.8 71.0792
    endloop
  endfacet
  facet normal -0.196897 0.633573 0.748209
    outer loop
      vertex 4.29286 32 69.8852
      vertex 4.32082 30.8 70.9087
      vertex 4.29438 32 69.8856
    endloop
  endfacet
  facet normal -0.179937 0.635914 0.750491
    outer loop
      vertex 4.32082 30.8 70.9087
      vertex 4.29286 32 69.8852
      vertex 4.13772 30.8 70.8648
    endloop
  endfacet
  facet normal -0.180124 0.635876 0.750478
    outer loop
      vertex 4.32082 30.8 70.9087
      vertex 4.62728 32 69.9655
      vertex 4.29438 32 69.8856
    endloop
  endfacet
  facet normal 0.0606588 0.635901 0.769383
    outer loop
      vertex 3.60869 32 69.8851
      vertex 3.76228 30.8 70.8648
      vertex 3.95 30.8 70.85
    endloop
  endfacet
  facet normal 0.0497124 0.635447 0.770543
    outer loop
      vertex 3.76228 30.8 70.8648
      vertex 3.60869 32 69.8851
      vertex 3.60714 32 69.8852
    endloop
  endfacet
  facet normal -0.499036 0.63577 0.588863
    outer loop
      vertex 5.49861 32 70.4992
      vertex 4.79853 30.8 71.2015
      vertex 5.49979 32 70.5002
    endloop
  endfacet
  facet normal -0.501243 0.635885 0.58686
    outer loop
      vertex 4.79853 30.8 71.2015
      vertex 5.49861 32 70.4992
      vertex 4.65534 30.8 71.0792
    endloop
  endfacet
  facet normal -0.586902 0.635879 0.501202
    outer loop
      vertex 5.5008 32 70.5014
      vertex 4.79853 30.8 71.2015
      vertex 4.92082 30.8 71.3447
    endloop
  endfacet
  facet normal -0.590615 0.63566 0.497101
    outer loop
      vertex 4.79853 30.8 71.2015
      vertex 5.5008 32 70.5014
      vertex 5.49979 32 70.5002
    endloop
  endfacet
  facet normal 0.295307 0.635896 -0.713043
    outer loop
      vertex 3.27128 32 74.1339
      vertex 3.40521 30.8 73.1192
      vertex 2.95497 32 74.0029
    endloop
  endfacet
  facet normal 0.29549 0.635872 -0.712988
    outer loop
      vertex 3.40521 30.8 73.1192
      vertex 3.27272 32 74.1345
      vertex 3.57918 30.8 73.1913
    endloop
  endfacet
  facet normal 0.296906 0.635678 -0.712574
    outer loop
      vertex 3.27272 32 74.1345
      vertex 3.40521 30.8 73.1192
      vertex 3.27128 32 74.1339
    endloop
  endfacet
  facet normal 0.17995 0.635846 -0.750545
    outer loop
      vertex 3.57918 30.8 73.1913
      vertex 3.27423 32 74.1348
      vertex 3.76228 30.8 73.2352
    endloop
  endfacet
  facet normal 0.150633 0.634402 -0.758185
    outer loop
      vertex 3.27423 32 74.1348
      vertex 3.57918 30.8 73.1913
      vertex 3.27272 32 74.1345
    endloop
  endfacet
  facet normal 0.403296 0.635894 0.65802
    outer loop
      vertex 2.95497 32 70.0971
      vertex 3.24466 30.8 71.0792
      vertex 3.40521 30.8 70.9808
    endloop
  endfacet
  facet normal 0.437279 0.630449 0.641343
    outer loop
      vertex 3.24466 30.8 71.0792
      vertex 2.95497 32 70.0971
      vertex 2.95365 32 70.098
    endloop
  endfacet
  facet normal 0.29548 0.635904 0.712964
    outer loop
      vertex 2.95641 32 70.0965
      vertex 3.40521 30.8 70.9808
      vertex 3.57918 30.8 70.9087
    endloop
  endfacet
  facet normal 0.296816 0.635959 0.71236
    outer loop
      vertex 3.40521 30.8 70.9808
      vertex 2.95641 32 70.0965
      vertex 2.95497 32 70.0971
    endloop
  endfacet
  facet normal 0.713054 0.635886 0.295303
    outer loop
      vertex 2.88079 30.8 71.5052
      vertex 1.86553 32 71.3727
      vertex 2.80873 30.8 71.6792
    endloop
  endfacet
  facet normal 0.710349 0.634605 0.304435
    outer loop
      vertex 1.86553 32 71.3727
      vertex 2.88079 30.8 71.5052
      vertex 1.86613 32 71.3713
    endloop
  endfacet
  facet normal -0.296816 0.635959 0.71236
    outer loop
      vertex 4.94359 32 70.0965
      vertex 4.49479 30.8 70.9808
      vertex 4.94503 32 70.0971
    endloop
  endfacet
  facet normal -0.29548 0.635904 0.712964
    outer loop
      vertex 4.49479 30.8 70.9808
      vertex 4.94359 32 70.0965
      vertex 4.32082 30.8 70.9087
    endloop
  endfacet
  facet normal -0.750461 0.635879 0.180187
    outer loop
      vertex 6.11439 32 71.7056
      vertex 6.03446 32 71.3727
      vertex 5.09127 30.8 71.6792
    endloop
  endfacet
  facet normal -0.75047 0.635888 0.180113
    outer loop
      vertex 5.09127 30.8 71.6792
      vertex 6.11475 32 71.7071
      vertex 6.11439 32 71.7056
    endloop
  endfacet
  facet normal -0.750462 0.63588 0.180176
    outer loop
      vertex 6.11475 32 71.7071
      vertex 5.09127 30.8 71.6792
      vertex 5.13523 30.8 71.8623
    endloop
  endfacet
  facet normal -0.713043 0.635881 0.295339
    outer loop
      vertex 6.03446 32 71.3727
      vertex 5.90345 32 71.0564
      vertex 5.09127 30.8 71.6792
    endloop
  endfacet
  facet normal -0.666285 0.638325 0.385494
    outer loop
      vertex 4.92082 30.8 71.3447
      vertex 5.90285 32 71.055
      vertex 5.90204 32 71.0536
    endloop
  endfacet
  facet normal -0.658004 0.635864 0.403371
    outer loop
      vertex 5.90285 32 71.055
      vertex 4.92082 30.8 71.3447
      vertex 5.01921 30.8 71.5052
    endloop
  endfacet
  facet normal -0.709139 0.636205 0.303917
    outer loop
      vertex 5.01921 30.8 71.5052
      vertex 5.90345 32 71.0564
      vertex 5.90285 32 71.055
    endloop
  endfacet
  facet normal -0.713061 0.635876 0.295306
    outer loop
      vertex 5.90345 32 71.0564
      vertex 5.01921 30.8 71.5052
      vertex 5.09127 30.8 71.6792
    endloop
  endfacet
  facet normal 0.079245 0 0.996855
    outer loop
      vertex 3.45723 30 68.9388
      vertex 3.5 28 68.9354
      vertex 3.5 30 68.9354
    endloop
  endfacet
  facet normal 0.079245 0 0.996855
    outer loop
      vertex 3.5 28 68.9354
      vertex 3.45723 30 68.9388
      vertex 3.45723 28 68.9388
    endloop
  endfacet
  facet normal 0.382582 0 0.923922
    outer loop
      vertex 2.51993 30 69.2433
      vertex 2.9766 28 69.0542
      vertex 2.9766 30 69.0542
    endloop
  endfacet
  facet normal 0.382582 0 0.923922
    outer loop
      vertex 2.9766 28 69.0542
      vertex 2.51993 30 69.2433
      vertex 2.51993 28 69.2433
    endloop
  endfacet
  facet normal 0.522574 0 0.852594
    outer loop
      vertex 2.3 30 69.3781
      vertex 2.51993 28 69.2433
      vertex 2.51993 30 69.2433
    endloop
  endfacet
  facet normal 0.522574 0 0.852594
    outer loop
      vertex 2.51993 28 69.2433
      vertex 2.3 30 69.3781
      vertex 2.3 28 69.3781
    endloop
  endfacet
  facet normal 0.233466 0 0.972365
    outer loop
      vertex 2.9766 30 69.0542
      vertex 3.45723 28 68.9388
      vertex 3.45723 30 68.9388
    endloop
  endfacet
  facet normal 0.233466 0 0.972365
    outer loop
      vertex 3.45723 28 68.9388
      vertex 2.9766 30 69.0542
      vertex 2.9766 28 69.0542
    endloop
  endfacet
  facet normal -0.972366 0 -0.233461
    outer loop
      vertex 7.06122 28 72.5428
      vertex 6.94583 30 73.0234
      vertex 7.06122 30 72.5428
    endloop
  endfacet
  facet normal -0.972366 -0 -0.233461
    outer loop
      vertex 6.94583 30 73.0234
      vertex 7.06122 28 72.5428
      vertex 6.94583 28 73.0234
    endloop
  endfacet
  facet normal -0.996933 0 -0.0782639
    outer loop
      vertex 7.06458 28 72.5
      vertex 7.06122 30 72.5428
      vertex 7.06458 30 72.5
    endloop
  endfacet
  facet normal -0.996933 -0 -0.0782639
    outer loop
      vertex 7.06122 30 72.5428
      vertex 7.06458 28 72.5
      vertex 7.06122 28 72.5428
    endloop
  endfacet
  facet normal -0.923888 0 -0.382664
    outer loop
      vertex 6.94583 28 73.0234
      vertex 6.75667 30 73.4801
      vertex 6.94583 30 73.0234
    endloop
  endfacet
  facet normal -0.923888 -0 -0.382664
    outer loop
      vertex 6.75667 30 73.4801
      vertex 6.94583 28 73.0234
      vertex 6.75667 28 73.4801
    endloop
  endfacet
  facet normal -0.852614 0 -0.522541
    outer loop
      vertex 6.75667 28 73.4801
      vertex 6.6219 30 73.7
      vertex 6.75667 30 73.4801
    endloop
  endfacet
  facet normal -0.852614 -0 -0.522541
    outer loop
      vertex 6.6219 30 73.7
      vertex 6.75667 28 73.4801
      vertex 6.6219 28 73.7
    endloop
  endfacet
  facet normal -0.996906 0 0.0786053
    outer loop
      vertex 47.2352 30 71.8623
      vertex 47.25 30.8 72.05
      vertex 47.2352 30.8 71.8623
    endloop
  endfacet
  facet normal -0.996906 0 0.0786053
    outer loop
      vertex 47.25 30.8 72.05
      vertex 47.2352 30 71.8623
      vertex 47.25 30 72.05
    endloop
  endfacet
  facet normal 0.996906 -0 0.0786053
    outer loop
      vertex 44.85 30 72.05
      vertex 44.8648 30.8 71.8623
      vertex 44.85 30.8 72.05
    endloop
  endfacet
  facet normal 0.996906 0 0.0786053
    outer loop
      vertex 44.8648 30.8 71.8623
      vertex 44.85 30 72.05
      vertex 44.8648 30 71.8623
    endloop
  endfacet
  facet normal -0.0786053 0 0.996906
    outer loop
      vertex 46.05 30.8 70.85
      vertex 46.2377 30 70.8648
      vertex 46.2377 30.8 70.8648
    endloop
  endfacet
  facet normal -0.0786053 0 0.996906
    outer loop
      vertex 46.2377 30 70.8648
      vertex 46.05 30.8 70.85
      vertex 46.05 30 70.85
    endloop
  endfacet
  facet normal -0.760417 0 0.649435
    outer loop
      vertex 46.8985 30 71.2015
      vertex 47.0208 30.8 71.3447
      vertex 46.8985 30.8 71.2015
    endloop
  endfacet
  facet normal -0.760417 0 0.649435
    outer loop
      vertex 47.0208 30.8 71.3447
      vertex 46.8985 30 71.2015
      vertex 47.0208 30 71.3447
    endloop
  endfacet
  facet normal 0.649435 0 0.760417
    outer loop
      vertex 45.2015 30.8 71.2015
      vertex 45.3447 30 71.0792
      vertex 45.3447 30.8 71.0792
    endloop
  endfacet
  facet normal 0.649435 0 0.760417
    outer loop
      vertex 45.3447 30 71.0792
      vertex 45.2015 30.8 71.2015
      vertex 45.2015 30 71.2015
    endloop
  endfacet
  facet normal 0.233152 0 0.97244
    outer loop
      vertex 45.6792 30.8 70.9087
      vertex 45.8623 30 70.8648
      vertex 45.8623 30.8 70.8648
    endloop
  endfacet
  facet normal 0.233152 0 0.97244
    outer loop
      vertex 45.8623 30 70.8648
      vertex 45.6792 30.8 70.9087
      vertex 45.6792 30 70.9087
    endloop
  endfacet
  facet normal -0.923829 0 0.382805
    outer loop
      vertex 47.1192 30 71.5052
      vertex 47.1913 30.8 71.6792
      vertex 47.1192 30.8 71.5052
    endloop
  endfacet
  facet normal -0.923829 0 0.382805
    outer loop
      vertex 47.1913 30.8 71.6792
      vertex 47.1192 30 71.5052
      vertex 47.1913 30 71.6792
    endloop
  endfacet
  facet normal -0.97244 0 0.233152
    outer loop
      vertex 47.1913 30 71.6792
      vertex 47.2352 30.8 71.8623
      vertex 47.1913 30.8 71.6792
    endloop
  endfacet
  facet normal -0.97244 0 0.233152
    outer loop
      vertex 47.2352 30.8 71.8623
      vertex 47.1913 30 71.6792
      vertex 47.2352 30 71.8623
    endloop
  endfacet
  facet normal -0.852533 0 0.522674
    outer loop
      vertex 47.0208 30 71.3447
      vertex 47.1192 30.8 71.5052
      vertex 47.0208 30.8 71.3447
    endloop
  endfacet
  facet normal -0.852533 0 0.522674
    outer loop
      vertex 47.1192 30.8 71.5052
      vertex 47.0208 30 71.3447
      vertex 47.1192 30 71.5052
    endloop
  endfacet
  facet normal -0.382805 0 0.923829
    outer loop
      vertex 46.4208 30.8 70.9087
      vertex 46.5948 30 70.9808
      vertex 46.5948 30.8 70.9808
    endloop
  endfacet
  facet normal -0.382805 0 0.923829
    outer loop
      vertex 46.5948 30 70.9808
      vertex 46.4208 30.8 70.9087
      vertex 46.4208 30 70.9087
    endloop
  endfacet
  facet normal -0.233152 0 0.97244
    outer loop
      vertex 46.2377 30.8 70.8648
      vertex 46.4208 30 70.9087
      vertex 46.4208 30.8 70.9087
    endloop
  endfacet
  facet normal -0.233152 0 0.97244
    outer loop
      vertex 46.4208 30 70.9087
      vertex 46.2377 30.8 70.8648
      vertex 46.2377 30 70.8648
    endloop
  endfacet
  facet normal -0.649435 0 0.760417
    outer loop
      vertex 46.7553 30.8 71.0792
      vertex 46.8985 30 71.2015
      vertex 46.8985 30.8 71.2015
    endloop
  endfacet
  facet normal -0.649435 0 0.760417
    outer loop
      vertex 46.8985 30 71.2015
      vertex 46.7553 30.8 71.0792
      vertex 46.7553 30 71.0792
    endloop
  endfacet
  facet normal 0.923829 -0 0.382805
    outer loop
      vertex 44.9087 30 71.6792
      vertex 44.9808 30.8 71.5052
      vertex 44.9087 30.8 71.6792
    endloop
  endfacet
  facet normal 0.923829 0 0.382805
    outer loop
      vertex 44.9808 30.8 71.5052
      vertex 44.9087 30 71.6792
      vertex 44.9808 30 71.5052
    endloop
  endfacet
  facet normal 0.760417 -0 0.649435
    outer loop
      vertex 45.0792 30 71.3447
      vertex 45.2015 30.8 71.2015
      vertex 45.0792 30.8 71.3447
    endloop
  endfacet
  facet normal 0.760417 0 0.649435
    outer loop
      vertex 45.2015 30.8 71.2015
      vertex 45.0792 30 71.3447
      vertex 45.2015 30 71.2015
    endloop
  endfacet
  facet normal 0.97244 -0 0.233152
    outer loop
      vertex 44.8648 30 71.8623
      vertex 44.9087 30.8 71.6792
      vertex 44.8648 30.8 71.8623
    endloop
  endfacet
  facet normal 0.97244 0 0.233152
    outer loop
      vertex 44.9087 30.8 71.6792
      vertex 44.8648 30 71.8623
      vertex 44.9087 30 71.6792
    endloop
  endfacet
  facet normal 0.0786053 0 0.996906
    outer loop
      vertex 45.8623 30.8 70.8648
      vertex 46.05 30 70.85
      vertex 46.05 30.8 70.85
    endloop
  endfacet
  facet normal 0.0786053 0 0.996906
    outer loop
      vertex 46.05 30 70.85
      vertex 45.8623 30.8 70.8648
      vertex 45.8623 30 70.8648
    endloop
  endfacet
  facet normal -0.923829 0 -0.382805
    outer loop
      vertex 47.1913 30 72.4208
      vertex 47.1192 30.8 72.5948
      vertex 47.1913 30.8 72.4208
    endloop
  endfacet
  facet normal -0.923829 -0 -0.382805
    outer loop
      vertex 47.1192 30.8 72.5948
      vertex 47.1913 30 72.4208
      vertex 47.1192 30 72.5948
    endloop
  endfacet
  facet normal -0.0786053 0 -0.996906
    outer loop
      vertex 46.05 30 73.25
      vertex 46.2377 30.8 73.2352
      vertex 46.2377 30 73.2352
    endloop
  endfacet
  facet normal -0.0786053 0 -0.996906
    outer loop
      vertex 46.2377 30.8 73.2352
      vertex 46.05 30 73.25
      vertex 46.05 30.8 73.25
    endloop
  endfacet
  facet normal -0.522674 0 -0.852533
    outer loop
      vertex 46.5948 30 73.1192
      vertex 46.7553 30.8 73.0208
      vertex 46.7553 30 73.0208
    endloop
  endfacet
  facet normal -0.522674 0 -0.852533
    outer loop
      vertex 46.7553 30.8 73.0208
      vertex 46.5948 30 73.1192
      vertex 46.5948 30.8 73.1192
    endloop
  endfacet
  facet normal 0.649435 0 -0.760417
    outer loop
      vertex 45.2015 30 72.8985
      vertex 45.3447 30.8 73.0208
      vertex 45.3447 30 73.0208
    endloop
  endfacet
  facet normal 0.649435 0 -0.760417
    outer loop
      vertex 45.3447 30.8 73.0208
      vertex 45.2015 30 72.8985
      vertex 45.2015 30.8 72.8985
    endloop
  endfacet
  facet normal 0.996906 0 -0.0786053
    outer loop
      vertex 44.8648 30 72.2377
      vertex 44.85 30.8 72.05
      vertex 44.8648 30.8 72.2377
    endloop
  endfacet
  facet normal 0.996906 0 -0.0786053
    outer loop
      vertex 44.85 30.8 72.05
      vertex 44.8648 30 72.2377
      vertex 44.85 30 72.05
    endloop
  endfacet
  facet normal -0.522674 0 0.852533
    outer loop
      vertex 46.5948 30.8 70.9808
      vertex 46.7553 30 71.0792
      vertex 46.7553 30.8 71.0792
    endloop
  endfacet
  facet normal -0.522674 0 0.852533
    outer loop
      vertex 46.7553 30 71.0792
      vertex 46.5948 30.8 70.9808
      vertex 46.5948 30 70.9808
    endloop
  endfacet
  facet normal 0.852533 -0 0.522674
    outer loop
      vertex 44.9808 30 71.5052
      vertex 45.0792 30.8 71.3447
      vertex 44.9808 30.8 71.5052
    endloop
  endfacet
  facet normal 0.852533 0 0.522674
    outer loop
      vertex 45.0792 30.8 71.3447
      vertex 44.9808 30 71.5052
      vertex 45.0792 30 71.3447
    endloop
  endfacet
  facet normal 0.382805 0 0.923829
    outer loop
      vertex 45.5052 30.8 70.9808
      vertex 45.6792 30 70.9087
      vertex 45.6792 30.8 70.9087
    endloop
  endfacet
  facet normal 0.382805 0 0.923829
    outer loop
      vertex 45.6792 30 70.9087
      vertex 45.5052 30.8 70.9808
      vertex 45.5052 30 70.9808
    endloop
  endfacet
  facet normal 0.522674 0 0.852533
    outer loop
      vertex 45.3447 30.8 71.0792
      vertex 45.5052 30 70.9808
      vertex 45.5052 30.8 70.9808
    endloop
  endfacet
  facet normal 0.522674 0 0.852533
    outer loop
      vertex 45.5052 30 70.9808
      vertex 45.3447 30.8 71.0792
      vertex 45.3447 30 71.0792
    endloop
  endfacet
  facet normal -0.233152 0 -0.97244
    outer loop
      vertex 46.2377 30 73.2352
      vertex 46.4208 30.8 73.1913
      vertex 46.4208 30 73.1913
    endloop
  endfacet
  facet normal -0.233152 0 -0.97244
    outer loop
      vertex 46.4208 30.8 73.1913
      vertex 46.2377 30 73.2352
      vertex 46.2377 30.8 73.2352
    endloop
  endfacet
  facet normal -0.649435 0 -0.760417
    outer loop
      vertex 46.7553 30 73.0208
      vertex 46.8985 30.8 72.8985
      vertex 46.8985 30 72.8985
    endloop
  endfacet
  facet normal -0.649435 0 -0.760417
    outer loop
      vertex 46.8985 30.8 72.8985
      vertex 46.7553 30 73.0208
      vertex 46.7553 30.8 73.0208
    endloop
  endfacet
  facet normal -0.760417 0 -0.649435
    outer loop
      vertex 47.0208 30 72.7553
      vertex 46.8985 30.8 72.8985
      vertex 47.0208 30.8 72.7553
    endloop
  endfacet
  facet normal -0.760417 -0 -0.649435
    outer loop
      vertex 46.8985 30.8 72.8985
      vertex 47.0208 30 72.7553
      vertex 46.8985 30 72.8985
    endloop
  endfacet
  facet normal 0.522674 0 -0.852533
    outer loop
      vertex 45.3447 30 73.0208
      vertex 45.5052 30.8 73.1192
      vertex 45.5052 30 73.1192
    endloop
  endfacet
  facet normal 0.522674 0 -0.852533
    outer loop
      vertex 45.5052 30.8 73.1192
      vertex 45.3447 30 73.0208
      vertex 45.3447 30.8 73.0208
    endloop
  endfacet
  facet normal 0.382805 0 -0.923829
    outer loop
      vertex 45.5052 30 73.1192
      vertex 45.6792 30.8 73.1913
      vertex 45.6792 30 73.1913
    endloop
  endfacet
  facet normal 0.382805 0 -0.923829
    outer loop
      vertex 45.6792 30.8 73.1913
      vertex 45.5052 30 73.1192
      vertex 45.5052 30.8 73.1192
    endloop
  endfacet
  facet normal 0.0786053 0 -0.996906
    outer loop
      vertex 45.8623 30 73.2352
      vertex 46.05 30.8 73.25
      vertex 46.05 30 73.25
    endloop
  endfacet
  facet normal 0.0786053 0 -0.996906
    outer loop
      vertex 46.05 30.8 73.25
      vertex 45.8623 30 73.2352
      vertex 45.8623 30.8 73.2352
    endloop
  endfacet
  facet normal 0.923829 0 -0.382805
    outer loop
      vertex 44.9808 30 72.5948
      vertex 44.9087 30.8 72.4208
      vertex 44.9808 30.8 72.5948
    endloop
  endfacet
  facet normal 0.923829 0 -0.382805
    outer loop
      vertex 44.9087 30.8 72.4208
      vertex 44.9808 30 72.5948
      vertex 44.9087 30 72.4208
    endloop
  endfacet
  facet normal 0.760417 0 -0.649435
    outer loop
      vertex 45.2015 30 72.8985
      vertex 45.0792 30.8 72.7553
      vertex 45.2015 30.8 72.8985
    endloop
  endfacet
  facet normal 0.760417 0 -0.649435
    outer loop
      vertex 45.0792 30.8 72.7553
      vertex 45.2015 30 72.8985
      vertex 45.0792 30 72.7553
    endloop
  endfacet
  facet normal 0.97244 0 -0.233152
    outer loop
      vertex 44.9087 30 72.4208
      vertex 44.8648 30.8 72.2377
      vertex 44.9087 30.8 72.4208
    endloop
  endfacet
  facet normal 0.97244 0 -0.233152
    outer loop
      vertex 44.8648 30.8 72.2377
      vertex 44.9087 30 72.4208
      vertex 44.8648 30 72.2377
    endloop
  endfacet
  facet normal -0.382805 0 -0.923829
    outer loop
      vertex 46.4208 30 73.1913
      vertex 46.5948 30.8 73.1192
      vertex 46.5948 30 73.1192
    endloop
  endfacet
  facet normal -0.382805 0 -0.923829
    outer loop
      vertex 46.5948 30.8 73.1192
      vertex 46.4208 30 73.1913
      vertex 46.4208 30.8 73.1913
    endloop
  endfacet
  facet normal -0.97244 0 -0.233152
    outer loop
      vertex 47.2352 30 72.2377
      vertex 47.1913 30.8 72.4208
      vertex 47.2352 30.8 72.2377
    endloop
  endfacet
  facet normal -0.97244 -0 -0.233152
    outer loop
      vertex 47.1913 30.8 72.4208
      vertex 47.2352 30 72.2377
      vertex 47.1913 30 72.4208
    endloop
  endfacet
  facet normal -0.852533 0 -0.522674
    outer loop
      vertex 47.1192 30 72.5948
      vertex 47.0208 30.8 72.7553
      vertex 47.1192 30.8 72.5948
    endloop
  endfacet
  facet normal -0.852533 -0 -0.522674
    outer loop
      vertex 47.0208 30.8 72.7553
      vertex 47.1192 30 72.5948
      vertex 47.0208 30 72.7553
    endloop
  endfacet
  facet normal 0.233152 0 -0.97244
    outer loop
      vertex 45.6792 30 73.1913
      vertex 45.8623 30.8 73.2352
      vertex 45.8623 30 73.2352
    endloop
  endfacet
  facet normal 0.233152 0 -0.97244
    outer loop
      vertex 45.8623 30.8 73.2352
      vertex 45.6792 30 73.1913
      vertex 45.6792 30.8 73.1913
    endloop
  endfacet
  facet normal 0.852533 0 -0.522674
    outer loop
      vertex 45.0792 30 72.7553
      vertex 44.9808 30.8 72.5948
      vertex 45.0792 30.8 72.7553
    endloop
  endfacet
  facet normal 0.852533 0 -0.522674
    outer loop
      vertex 44.9808 30.8 72.5948
      vertex 45.0792 30 72.7553
      vertex 44.9808 30 72.5948
    endloop
  endfacet
  facet normal -0.996906 0 -0.0786053
    outer loop
      vertex 47.25 30 72.05
      vertex 47.2352 30.8 72.2377
      vertex 47.25 30.8 72.05
    endloop
  endfacet
  facet normal -0.996906 -0 -0.0786053
    outer loop
      vertex 47.2352 30.8 72.2377
      vertex 47.25 30 72.05
      vertex 47.2352 30 72.2377
    endloop
  endfacet
  facet normal -0.769409 0.635869 0.0606673
    outer loop
      vertex 47.25 30.8 72.05
      vertex 48.2416 32 72.0484
      vertex 47.2352 30.8 71.8623
    endloop
  endfacet
  facet normal -0.769944 0.636294 0.0481215
    outer loop
      vertex 48.2416 32 72.0484
      vertex 47.25 30.8 72.05
      vertex 48.2417 32 72.05
    endloop
  endfacet
  facet normal -0.586881 0.635896 -0.501205
    outer loop
      vertex 47.5998 32 73.5998
      vertex 47.8221 32 73.3395
      vertex 46.8985 30.8 72.8985
    endloop
  endfacet
  facet normal -0.769382 0.635902 -0.0606652
    outer loop
      vertex 47.2352 30.8 72.2377
      vertex 48.2149 32 72.3913
      vertex 47.25 30.8 72.05
    endloop
  endfacet
  facet normal -0.770699 0.635377 -0.0481687
    outer loop
      vertex 48.2149 32 72.3913
      vertex 47.2352 30.8 72.2377
      vertex 48.2148 32 72.3929
    endloop
  endfacet
  facet normal 0.747845 0.633212 -0.199425
    outer loop
      vertex 44.9087 30.8 72.4208
      vertex 43.8852 32 72.3929
      vertex 43.8856 32 72.3944
    endloop
  endfacet
  facet normal 0.750487 0.635919 -0.179936
    outer loop
      vertex 43.8852 32 72.3929
      vertex 44.9087 30.8 72.4208
      vertex 44.8648 30.8 72.2377
    endloop
  endfacet
  facet normal 0.0606652 0.635902 0.769382
    outer loop
      vertex 45.7087 32 69.8851
      vertex 45.8623 30.8 70.8648
      vertex 46.05 30.8 70.85
    endloop
  endfacet
  facet normal 0.0481687 0.635377 0.770699
    outer loop
      vertex 45.8623 30.8 70.8648
      vertex 45.7087 32 69.8851
      vertex 45.7071 32 69.8852
    endloop
  endfacet
  facet normal -0.658148 0.635861 0.403141
    outer loop
      vertex 48.0028 32 71.055
      vertex 47.824 32 70.7631
      vertex 47.1192 30.8 71.5052
    endloop
  endfacet
  facet normal -0.0604181 0.635869 -0.769429
    outer loop
      vertex 46.05 32 74.2417
      vertex 46.3913 32 74.2149
      vertex 46.05 30.8 73.25
    endloop
  endfacet
  facet normal 0.769429 0.635869 -0.0604181
    outer loop
      vertex 43.8851 32 72.3913
      vertex 44.85 30.8 72.05
      vertex 43.8583 32 72.05
    endloop
  endfacet
  facet normal 0.658114 0.635908 0.40312
    outer loop
      vertex 45.0792 30.8 71.3447
      vertex 44.2768 32 70.7617
      vertex 44.098 32 71.0536
    endloop
  endfacet
  facet normal -0.501205 0.635896 0.586881
    outer loop
      vertex 47.5998 32 70.5002
      vertex 47.3395 32 70.2779
      vertex 46.8985 30.8 71.2015
    endloop
  endfacet
  facet normal -0.750405 0.635903 0.180332
    outer loop
      vertex 48.2148 32 71.7071
      vertex 48.1348 32 71.3742
      vertex 47.2352 30.8 71.8623
    endloop
  endfacet
  facet normal -0.712985 0.635863 -0.295518
    outer loop
      vertex 48.0028 32 73.045
      vertex 48.1339 32 72.7287
      vertex 47.1192 30.8 72.5948
    endloop
  endfacet
  facet normal -0.769429 0.635869 -0.0604181
    outer loop
      vertex 48.2149 32 72.3913
      vertex 48.2417 32 72.05
      vertex 47.25 30.8 72.05
    endloop
  endfacet
  facet normal -0.658148 0.635861 -0.403141
    outer loop
      vertex 47.824 32 73.3369
      vertex 48.0028 32 73.045
      vertex 47.1192 30.8 72.5948
    endloop
  endfacet
  facet normal 0.501205 0.635896 -0.586881
    outer loop
      vertex 44.7605 32 73.8221
      vertex 45.2015 30.8 72.8985
      vertex 44.5002 32 73.5998
    endloop
  endfacet
  facet normal 0.750475 0.63588 0.180123
    outer loop
      vertex 44.9087 30.8 71.6792
      vertex 43.9655 32 71.3727
      vertex 43.8856 32 71.7056
    endloop
  endfacet
  facet normal 0.180123 0.63588 0.750475
    outer loop
      vertex 45.6792 30.8 70.9087
      vertex 45.7056 32 69.8856
      vertex 45.3727 32 69.9655
    endloop
  endfacet
  facet normal 0.295437 0.635903 0.712983
    outer loop
      vertex 45.0564 32 70.0965
      vertex 45.5052 30.8 70.9808
      vertex 45.6792 30.8 70.9087
    endloop
  endfacet
  facet normal 0.30391 0.636226 0.709123
    outer loop
      vertex 45.5052 30.8 70.9808
      vertex 45.0564 32 70.0965
      vertex 45.055 32 70.0971
    endloop
  endfacet
  facet normal 0.712974 0.635877 0.295514
    outer loop
      vertex 44.9087 30.8 71.6792
      vertex 44.0966 32 71.0564
      vertex 43.9655 32 71.3727
    endloop
  endfacet
  facet normal -0.0481687 0.635377 0.770699
    outer loop
      vertex 46.3913 32 69.8851
      vertex 46.2377 30.8 70.8648
      vertex 46.3929 32 69.8852
    endloop
  endfacet
  facet normal -0.0606652 0.635902 0.769382
    outer loop
      vertex 46.2377 30.8 70.8648
      vertex 46.3913 32 69.8851
      vertex 46.05 30.8 70.85
    endloop
  endfacet
  facet normal -0.180123 0.63588 0.750475
    outer loop
      vertex 46.4208 30.8 70.9087
      vertex 46.7273 32 69.9655
      vertex 46.3944 32 69.8856
    endloop
  endfacet
  facet normal -0.501218 0.635894 0.586872
    outer loop
      vertex 47.3395 32 70.2779
      vertex 46.7553 30.8 71.0792
      vertex 46.8985 30.8 71.2015
    endloop
  endfacet
  facet normal -0.522209 0.634634 0.569682
    outer loop
      vertex 46.7553 30.8 71.0792
      vertex 47.3395 32 70.2779
      vertex 47.3383 32 70.2768
    endloop
  endfacet
  facet normal -0.569682 0.634634 0.522209
    outer loop
      vertex 47.8221 32 70.7605
      vertex 47.0208 30.8 71.3447
      vertex 47.8232 32 70.7617
    endloop
  endfacet
  facet normal -0.586872 0.635894 0.501218
    outer loop
      vertex 47.0208 30.8 71.3447
      vertex 47.8221 32 70.7605
      vertex 46.8985 30.8 71.2015
    endloop
  endfacet
  facet normal -0.586881 0.635896 0.501205
    outer loop
      vertex 47.8221 32 70.7605
      vertex 47.5998 32 70.5002
      vertex 46.8985 30.8 71.2015
    endloop
  endfacet
  facet normal -0.712985 0.635863 0.295518
    outer loop
      vertex 48.1339 32 71.3713
      vertex 48.0028 32 71.055
      vertex 47.1192 30.8 71.5052
    endloop
  endfacet
  facet normal -0.769402 0.635902 0.0604159
    outer loop
      vertex 48.2416 32 72.0484
      vertex 48.2148 32 71.7071
      vertex 47.2352 30.8 71.8623
    endloop
  endfacet
  facet normal -0.750405 0.635903 -0.180332
    outer loop
      vertex 48.1348 32 72.7258
      vertex 48.2148 32 72.3929
      vertex 47.2352 30.8 72.2377
    endloop
  endfacet
  facet normal -0.657959 0.635901 -0.403384
    outer loop
      vertex 47.0208 30.8 72.7553
      vertex 47.824 32 73.3369
      vertex 47.1192 30.8 72.5948
    endloop
  endfacet
  facet normal -0.670856 0.634821 -0.383346
    outer loop
      vertex 47.824 32 73.3369
      vertex 47.0208 30.8 72.7553
      vertex 47.8232 32 73.3383
    endloop
  endfacet
  facet normal -0.569682 0.634634 -0.522209
    outer loop
      vertex 47.0208 30.8 72.7553
      vertex 47.8221 32 73.3395
      vertex 47.8232 32 73.3383
    endloop
  endfacet
  facet normal -0.586872 0.635894 -0.501218
    outer loop
      vertex 47.8221 32 73.3395
      vertex 47.0208 30.8 72.7553
      vertex 46.8985 30.8 72.8985
    endloop
  endfacet
  facet normal -0.403294 0.635886 -0.658029
    outer loop
      vertex 47.045 32 74.0029
      vertex 47.3369 32 73.824
      vertex 46.5948 30.8 73.1192
    endloop
  endfacet
  facet normal -0.522209 0.634634 -0.569682
    outer loop
      vertex 47.3395 32 73.8221
      vertex 46.7553 30.8 73.0208
      vertex 47.3383 32 73.8232
    endloop
  endfacet
  facet normal -0.501218 0.635894 -0.586872
    outer loop
      vertex 46.7553 30.8 73.0208
      vertex 47.3395 32 73.8221
      vertex 46.8985 30.8 72.8985
    endloop
  endfacet
  facet normal -0.501205 0.635896 -0.586881
    outer loop
      vertex 47.3395 32 73.8221
      vertex 47.5998 32 73.5998
      vertex 46.8985 30.8 72.8985
    endloop
  endfacet
  facet normal 0.586881 0.635896 -0.501205
    outer loop
      vertex 44.5002 32 73.5998
      vertex 45.2015 30.8 72.8985
      vertex 44.2779 32 73.3395
    endloop
  endfacet
  facet normal 0.403384 0.635901 -0.657959
    outer loop
      vertex 45.3447 30.8 73.0208
      vertex 44.7631 32 73.824
      vertex 45.5052 30.8 73.1192
    endloop
  endfacet
  facet normal 0.383346 0.634821 -0.670856
    outer loop
      vertex 44.7631 32 73.824
      vertex 45.3447 30.8 73.0208
      vertex 44.7617 32 73.8232
    endloop
  endfacet
  facet normal 0.71301 0.635867 0.295448
    outer loop
      vertex 44.9808 30.8 71.5052
      vertex 44.0966 32 71.0564
      vertex 44.9087 30.8 71.6792
    endloop
  endfacet
  facet normal 0.728327 0.633939 0.260117
    outer loop
      vertex 44.0966 32 71.0564
      vertex 44.9808 30.8 71.5052
      vertex 44.0971 32 71.055
    endloop
  endfacet
  facet normal 0.769429 0.635869 0.0604181
    outer loop
      vertex 44.85 30.8 72.05
      vertex 43.8851 32 71.7087
      vertex 43.8583 32 72.05
    endloop
  endfacet
  facet normal 0.40312 0.635908 0.658114
    outer loop
      vertex 45.3447 30.8 71.0792
      vertex 45.0536 32 70.098
      vertex 44.7617 32 70.2768
    endloop
  endfacet
  facet normal -0.0604181 0.635869 0.769429
    outer loop
      vertex 46.3913 32 69.8851
      vertex 46.05 32 69.8583
      vertex 46.05 30.8 70.85
    endloop
  endfacet
  facet normal 0.0604181 0.635869 0.769429
    outer loop
      vertex 46.05 30.8 70.85
      vertex 46.05 32 69.8583
      vertex 45.7087 32 69.8851
    endloop
  endfacet
  facet normal -0.40312 0.635908 0.658114
    outer loop
      vertex 47.3383 32 70.2768
      vertex 47.0464 32 70.098
      vertex 46.7553 30.8 71.0792
    endloop
  endfacet
  facet normal -0.199425 0.633212 0.747845
    outer loop
      vertex 46.3929 32 69.8852
      vertex 46.4208 30.8 70.9087
      vertex 46.3944 32 69.8856
    endloop
  endfacet
  facet normal -0.179936 0.635919 0.750487
    outer loop
      vertex 46.4208 30.8 70.9087
      vertex 46.3929 32 69.8852
      vertex 46.2377 30.8 70.8648
    endloop
  endfacet
  facet normal -0.670856 0.634821 0.383346
    outer loop
      vertex 47.0208 30.8 71.3447
      vertex 47.824 32 70.7631
      vertex 47.8232 32 70.7617
    endloop
  endfacet
  facet normal -0.657959 0.635901 0.403384
    outer loop
      vertex 47.824 32 70.7631
      vertex 47.0208 30.8 71.3447
      vertex 47.1192 30.8 71.5052
    endloop
  endfacet
  facet normal -0.710338 0.634619 0.304431
    outer loop
      vertex 47.1192 30.8 71.5052
      vertex 48.1345 32 71.3727
      vertex 48.1339 32 71.3713
    endloop
  endfacet
  facet normal -0.713 0.63588 0.295444
    outer loop
      vertex 48.1345 32 71.3727
      vertex 47.1192 30.8 71.5052
      vertex 47.1913 30.8 71.6792
    endloop
  endfacet
  facet normal -0.757944 0.634462 0.151589
    outer loop
      vertex 47.1913 30.8 71.6792
      vertex 48.1348 32 71.3742
      vertex 48.1345 32 71.3727
    endloop
  endfacet
  facet normal -0.750541 0.63585 0.17995
    outer loop
      vertex 48.1348 32 71.3742
      vertex 47.1913 30.8 71.6792
      vertex 47.2352 30.8 71.8623
    endloop
  endfacet
  facet normal -0.750541 0.63585 -0.17995
    outer loop
      vertex 47.1913 30.8 72.4208
      vertex 48.1348 32 72.7258
      vertex 47.2352 30.8 72.2377
    endloop
  endfacet
  facet normal -0.757944 0.634462 -0.151589
    outer loop
      vertex 48.1348 32 72.7258
      vertex 47.1913 30.8 72.4208
      vertex 48.1345 32 72.7273
    endloop
  endfacet
  facet normal -0.713 0.63588 -0.295444
    outer loop
      vertex 47.1192 30.8 72.5948
      vertex 48.1345 32 72.7273
      vertex 47.1913 30.8 72.4208
    endloop
  endfacet
  facet normal -0.710338 0.634619 -0.304431
    outer loop
      vertex 48.1345 32 72.7273
      vertex 47.1192 30.8 72.5948
      vertex 48.1339 32 72.7287
    endloop
  endfacet
  facet normal -0.151589 0.634462 -0.757944
    outer loop
      vertex 46.4208 30.8 73.1913
      vertex 46.7258 32 74.1348
      vertex 46.7273 32 74.1345
    endloop
  endfacet
  facet normal -0.17995 0.63585 -0.750541
    outer loop
      vertex 46.7258 32 74.1348
      vertex 46.4208 30.8 73.1913
      vertex 46.2377 30.8 73.2352
    endloop
  endfacet
  facet normal -0.295317 0.63589 -0.713044
    outer loop
      vertex 46.7287 32 74.1339
      vertex 47.045 32 74.0029
      vertex 46.5948 30.8 73.1192
    endloop
  endfacet
  facet normal -0.180332 0.635903 -0.750405
    outer loop
      vertex 46.3929 32 74.2148
      vertex 46.7258 32 74.1348
      vertex 46.2377 30.8 73.2352
    endloop
  endfacet
  facet normal -0.0481687 0.635377 -0.770699
    outer loop
      vertex 46.2377 30.8 73.2352
      vertex 46.3913 32 74.2149
      vertex 46.3929 32 74.2148
    endloop
  endfacet
  facet normal -0.0606652 0.635902 -0.769382
    outer loop
      vertex 46.3913 32 74.2149
      vertex 46.2377 30.8 73.2352
      vertex 46.05 30.8 73.25
    endloop
  endfacet
  facet normal -0.383346 0.634821 -0.670856
    outer loop
      vertex 46.7553 30.8 73.0208
      vertex 47.3369 32 73.824
      vertex 47.3383 32 73.8232
    endloop
  endfacet
  facet normal -0.403384 0.635901 -0.657959
    outer loop
      vertex 47.3369 32 73.824
      vertex 46.7553 30.8 73.0208
      vertex 46.5948 30.8 73.1192
    endloop
  endfacet
  facet normal 0.712974 0.635877 -0.295514
    outer loop
      vertex 44.0966 32 73.0436
      vertex 44.9087 30.8 72.4208
      vertex 43.9655 32 72.7273
    endloop
  endfacet
  facet normal 0.750475 0.63588 -0.180123
    outer loop
      vertex 43.9655 32 72.7273
      vertex 44.9087 30.8 72.4208
      vertex 43.8856 32 72.3944
    endloop
  endfacet
  facet normal 0.295444 0.63588 -0.713
    outer loop
      vertex 45.5052 30.8 73.1192
      vertex 45.3727 32 74.1345
      vertex 45.6792 30.8 73.1913
    endloop
  endfacet
  facet normal 0.304431 0.634619 -0.710338
    outer loop
      vertex 45.3727 32 74.1345
      vertex 45.5052 30.8 73.1192
      vertex 45.3713 32 74.1339
    endloop
  endfacet
  facet normal 0.522209 0.634634 -0.569682
    outer loop
      vertex 45.3447 30.8 73.0208
      vertex 44.7605 32 73.8221
      vertex 44.7617 32 73.8232
    endloop
  endfacet
  facet normal 0.501218 0.635894 -0.586872
    outer loop
      vertex 44.7605 32 73.8221
      vertex 45.3447 30.8 73.0208
      vertex 45.2015 30.8 72.8985
    endloop
  endfacet
  facet normal 0.658114 0.635908 -0.40312
    outer loop
      vertex 44.2768 32 73.3383
      vertex 45.0792 30.8 72.7553
      vertex 44.098 32 73.0464
    endloop
  endfacet
  facet normal 0.586872 0.635894 -0.501218
    outer loop
      vertex 45.0792 30.8 72.7553
      vertex 44.2779 32 73.3395
      vertex 45.2015 30.8 72.8985
    endloop
  endfacet
  facet normal 0.569682 0.634634 -0.522209
    outer loop
      vertex 44.2779 32 73.3395
      vertex 45.0792 30.8 72.7553
      vertex 44.2768 32 73.3383
    endloop
  endfacet
  facet normal 0.770699 0.635377 -0.0481687
    outer loop
      vertex 44.8648 30.8 72.2377
      vertex 43.8851 32 72.3913
      vertex 43.8852 32 72.3929
    endloop
  endfacet
  facet normal 0.769382 0.635902 -0.0606652
    outer loop
      vertex 43.8851 32 72.3913
      vertex 44.8648 30.8 72.2377
      vertex 44.85 30.8 72.05
    endloop
  endfacet
  facet normal 0.657973 0.635882 0.403393
    outer loop
      vertex 45.0792 30.8 71.3447
      vertex 44.0971 32 71.055
      vertex 44.9808 30.8 71.5052
    endloop
  endfacet
  facet normal 0.650781 0.633609 0.418359
    outer loop
      vertex 44.0971 32 71.055
      vertex 45.0792 30.8 71.3447
      vertex 44.098 32 71.0536
    endloop
  endfacet
  facet normal 0.199425 0.633212 0.747845
    outer loop
      vertex 45.6792 30.8 70.9087
      vertex 45.7071 32 69.8852
      vertex 45.7056 32 69.8856
    endloop
  endfacet
  facet normal 0.179936 0.635919 0.750487
    outer loop
      vertex 45.7071 32 69.8852
      vertex 45.6792 30.8 70.9087
      vertex 45.8623 30.8 70.8648
    endloop
  endfacet
  facet normal 0.403393 0.635882 0.657973
    outer loop
      vertex 45.055 32 70.0971
      vertex 45.3447 30.8 71.0792
      vertex 45.5052 30.8 70.9808
    endloop
  endfacet
  facet normal 0.418359 0.633609 0.650781
    outer loop
      vertex 45.3447 30.8 71.0792
      vertex 45.055 32 70.0971
      vertex 45.0536 32 70.098
    endloop
  endfacet
  facet normal 0.501328 0.63591 0.586761
    outer loop
      vertex 45.3447 30.8 71.0792
      vertex 44.7617 32 70.2768
      vertex 44.5014 32 70.4992
    endloop
  endfacet
  facet normal 0.586761 0.63591 0.501328
    outer loop
      vertex 45.0792 30.8 71.3447
      vertex 44.4992 32 70.5014
      vertex 44.2768 32 70.7617
    endloop
  endfacet
  facet normal -0.295319 0.635885 0.713048
    outer loop
      vertex 47.0436 32 70.0965
      vertex 46.7273 32 69.9655
      vertex 46.4208 30.8 70.9087
    endloop
  endfacet
  facet normal -0.304431 0.634619 -0.710338
    outer loop
      vertex 46.5948 30.8 73.1192
      vertex 46.7273 32 74.1345
      vertex 46.7287 32 74.1339
    endloop
  endfacet
  facet normal -0.295444 0.63588 -0.713
    outer loop
      vertex 46.7273 32 74.1345
      vertex 46.5948 30.8 73.1192
      vertex 46.4208 30.8 73.1913
    endloop
  endfacet
  facet normal 0.650781 0.633609 -0.418359
    outer loop
      vertex 45.0792 30.8 72.7553
      vertex 44.0971 32 73.045
      vertex 44.098 32 73.0464
    endloop
  endfacet
  facet normal 0.657973 0.635882 -0.403393
    outer loop
      vertex 44.0971 32 73.045
      vertex 45.0792 30.8 72.7553
      vertex 44.9808 30.8 72.5948
    endloop
  endfacet
  facet normal 0.728327 0.633939 -0.260117
    outer loop
      vertex 44.9808 30.8 72.5948
      vertex 44.0966 32 73.0436
      vertex 44.0971 32 73.045
    endloop
  endfacet
  facet normal 0.71301 0.635867 -0.295448
    outer loop
      vertex 44.0966 32 73.0436
      vertex 44.9808 30.8 72.5948
      vertex 44.9087 30.8 72.4208
    endloop
  endfacet
  facet normal 0.0604159 0.635902 -0.769402
    outer loop
      vertex 46.0484 32 74.2416
      vertex 45.8623 30.8 73.2352
      vertex 45.7071 32 74.2148
    endloop
  endfacet
  facet normal 0.295317 0.63589 -0.713044
    outer loop
      vertex 45.3713 32 74.1339
      vertex 45.5052 30.8 73.1192
      vertex 45.055 32 74.0029
    endloop
  endfacet
  facet normal 0.403294 0.635886 -0.658029
    outer loop
      vertex 45.055 32 74.0029
      vertex 45.5052 30.8 73.1192
      vertex 44.7631 32 73.824
    endloop
  endfacet
  facet normal 0.769382 0.635902 0.0606652
    outer loop
      vertex 44.8648 30.8 71.8623
      vertex 43.8851 32 71.7087
      vertex 44.85 30.8 72.05
    endloop
  endfacet
  facet normal 0.770699 0.635377 0.0481687
    outer loop
      vertex 43.8851 32 71.7087
      vertex 44.8648 30.8 71.8623
      vertex 43.8852 32 71.7071
    endloop
  endfacet
  facet normal 0.750487 0.635919 0.179936
    outer loop
      vertex 44.9087 30.8 71.6792
      vertex 43.8852 32 71.7071
      vertex 44.8648 30.8 71.8623
    endloop
  endfacet
  facet normal 0.747845 0.633212 0.199425
    outer loop
      vertex 43.8852 32 71.7071
      vertex 44.9087 30.8 71.6792
      vertex 43.8856 32 71.7056
    endloop
  endfacet
  facet normal 0.295319 0.635885 0.713048
    outer loop
      vertex 45.6792 30.8 70.9087
      vertex 45.3727 32 69.9655
      vertex 45.0564 32 70.0965
    endloop
  endfacet
  facet normal 0.586875 0.635889 0.501221
    outer loop
      vertex 45.2015 30.8 71.2015
      vertex 44.4992 32 70.5014
      vertex 45.0792 30.8 71.3447
    endloop
  endfacet
  facet normal 0.593139 0.635508 0.494283
    outer loop
      vertex 44.4992 32 70.5014
      vertex 45.2015 30.8 71.2015
      vertex 44.5002 32 70.5002
    endloop
  endfacet
  facet normal 0.501221 0.635889 0.586875
    outer loop
      vertex 44.5014 32 70.4992
      vertex 45.2015 30.8 71.2015
      vertex 45.3447 30.8 71.0792
    endloop
  endfacet
  facet normal 0.494283 0.635508 0.593139
    outer loop
      vertex 45.2015 30.8 71.2015
      vertex 44.5014 32 70.4992
      vertex 44.5002 32 70.5002
    endloop
  endfacet
  facet normal -0.30391 0.636226 0.709123
    outer loop
      vertex 47.0436 32 70.0965
      vertex 46.5948 30.8 70.9808
      vertex 47.045 32 70.0971
    endloop
  endfacet
  facet normal -0.295437 0.635903 0.712983
    outer loop
      vertex 46.5948 30.8 70.9808
      vertex 47.0436 32 70.0965
      vertex 46.4208 30.8 70.9087
    endloop
  endfacet
  facet normal -0.418359 0.633609 0.650781
    outer loop
      vertex 47.045 32 70.0971
      vertex 46.7553 30.8 71.0792
      vertex 47.0464 32 70.098
    endloop
  endfacet
  facet normal -0.403393 0.635882 0.657973
    outer loop
      vertex 46.7553 30.8 71.0792
      vertex 47.045 32 70.0971
      vertex 46.5948 30.8 70.9808
    endloop
  endfacet
  facet normal 0.180332 0.635903 -0.750405
    outer loop
      vertex 45.7071 32 74.2148
      vertex 45.8623 30.8 73.2352
      vertex 45.3742 32 74.1348
    endloop
  endfacet
  facet normal 0.17995 0.63585 -0.750541
    outer loop
      vertex 45.6792 30.8 73.1913
      vertex 45.3742 32 74.1348
      vertex 45.8623 30.8 73.2352
    endloop
  endfacet
  facet normal 0.151589 0.634462 -0.757944
    outer loop
      vertex 45.3742 32 74.1348
      vertex 45.6792 30.8 73.1913
      vertex 45.3727 32 74.1345
    endloop
  endfacet
  facet normal 0.0481215 0.636294 -0.769944
    outer loop
      vertex 46.05 30.8 73.25
      vertex 46.0484 32 74.2416
      vertex 46.05 32 74.2417
    endloop
  endfacet
  facet normal 0.0606673 0.635869 -0.769409
    outer loop
      vertex 46.0484 32 74.2416
      vertex 46.05 30.8 73.25
      vertex 45.8623 30.8 73.2352
    endloop
  endfacet
  facet normal -0.23348 0 0.972362
    outer loop
      vertex 46.5428 30 68.9388
      vertex 47.0234 28 69.0542
      vertex 47.0234 30 69.0542
    endloop
  endfacet
  facet normal -0.23348 0 0.972362
    outer loop
      vertex 47.0234 28 69.0542
      vertex 46.5428 30 68.9388
      vertex 46.5428 28 68.9388
    endloop
  endfacet
  facet normal -0.0791898 0 0.99686
    outer loop
      vertex 46.5 30 68.9354
      vertex 46.5428 28 68.9388
      vertex 46.5428 30 68.9388
    endloop
  endfacet
  facet normal -0.0791898 0 0.99686
    outer loop
      vertex 46.5428 28 68.9388
      vertex 46.5 30 68.9354
      vertex 46.5 28 68.9354
    endloop
  endfacet
  facet normal -0.522626 0 0.852562
    outer loop
      vertex 47.4801 30 69.2433
      vertex 47.7 28 69.3781
      vertex 47.7 30 69.3781
    endloop
  endfacet
  facet normal -0.522626 0 0.852562
    outer loop
      vertex 47.7 28 69.3781
      vertex 47.4801 30 69.2433
      vertex 47.4801 28 69.2433
    endloop
  endfacet
  facet normal -0.38256 0 0.923931
    outer loop
      vertex 47.0234 30 69.0542
      vertex 47.4801 28 69.2433
      vertex 47.4801 30 69.2433
    endloop
  endfacet
  facet normal -0.38256 0 0.923931
    outer loop
      vertex 47.4801 28 69.2433
      vertex 47.0234 30 69.0542
      vertex 47.0234 28 69.0542
    endloop
  endfacet
  facet normal 0.99686 0 -0.0791898
    outer loop
      vertex 42.9388 28 72.5428
      vertex 42.9354 30 72.5
      vertex 42.9388 30 72.5428
    endloop
  endfacet
  facet normal 0.99686 0 -0.0791898
    outer loop
      vertex 42.9354 30 72.5
      vertex 42.9388 28 72.5428
      vertex 42.9354 28 72.5
    endloop
  endfacet
  facet normal 0.972362 0 -0.23348
    outer loop
      vertex 43.0542 28 73.0234
      vertex 42.9388 30 72.5428
      vertex 43.0542 30 73.0234
    endloop
  endfacet
  facet normal 0.972362 0 -0.23348
    outer loop
      vertex 42.9388 30 72.5428
      vertex 43.0542 28 73.0234
      vertex 42.9388 28 72.5428
    endloop
  endfacet
  facet normal 0.852562 0 -0.522626
    outer loop
      vertex 43.3781 28 73.7
      vertex 43.2433 30 73.4801
      vertex 43.3781 30 73.7
    endloop
  endfacet
  facet normal 0.852562 0 -0.522626
    outer loop
      vertex 43.2433 30 73.4801
      vertex 43.3781 28 73.7
      vertex 43.2433 28 73.4801
    endloop
  endfacet
  facet normal 0.923931 0 -0.38256
    outer loop
      vertex 43.2433 28 73.4801
      vertex 43.0542 30 73.0234
      vertex 43.2433 30 73.4801
    endloop
  endfacet
  facet normal 0.923931 0 -0.38256
    outer loop
      vertex 43.0542 30 73.0234
      vertex 43.2433 28 73.4801
      vertex 43.0542 28 73.0234
    endloop
  endfacet
endsolid OpenSCAD_Model
