solid OpenSCAD_Model
  facet normal -1 0 0
    outer loop
      vertex 2.3 59 2.3
      vertex 2.3 61 37.3781
      vertex 2.3 61 2.3
    endloop
  endfacet
  facet normal -1 -0 0
    outer loop
      vertex 2.3 61 37.3781
      vertex 2.3 59 2.3
      vertex 2.3 59 37.3781
    endloop
  endfacet
  facet normal -0 0 1
    outer loop
      vertex 6.6219 61 41.7
      vertex 26.3781 59 41.7
      vertex 26.3781 61 41.7
    endloop
  endfacet
  facet normal 0 0 1
    outer loop
      vertex 26.3781 59 41.7
      vertex 6.6219 61 41.7
      vertex 6.6219 59 41.7
    endloop
  endfacet
  facet normal 1 -0 0
    outer loop
      vertex 30.7 59 37.3781
      vertex 30.7 61 6.6219
      vertex 30.7 61 37.3781
    endloop
  endfacet
  facet normal 1 0 0
    outer loop
      vertex 30.7 61 6.6219
      vertex 30.7 59 37.3781
      vertex 30.7 59 6.6219
    endloop
  endfacet
  facet normal 0 -1 0
    outer loop
      vertex 21.6734 61 6.94583
      vertex 16.8 61 14.9
      vertex 21.1928 61 7.06122
    endloop
  endfacet
  facet normal 0 -1 0
    outer loop
      vertex 16.8 61 14.9
      vertex 28.5572 61 7.06122
      vertex 29.05 61 7.1
    endloop
  endfacet
  facet normal 0 -1 0
    outer loop
      vertex 28.0766 61 6.94583
      vertex 16.8 61 14.9
      vertex 21.6734 61 6.94583
    endloop
  endfacet
  facet normal 0 -1 0
    outer loop
      vertex 16.8 61 14.9
      vertex 28.0766 61 6.94583
      vertex 28.5572 61 7.06122
    endloop
  endfacet
  facet normal 0 -1 0
    outer loop
      vertex 22.1301 61 6.75667
      vertex 28.0766 61 6.94583
      vertex 21.6734 61 6.94583
    endloop
  endfacet
  facet normal 0 -1 0
    outer loop
      vertex 22.1301 61 6.75667
      vertex 27.6199 61 6.75667
      vertex 28.0766 61 6.94583
    endloop
  endfacet
  facet normal 0 -1 0
    outer loop
      vertex 22.5515 61 6.4984
      vertex 27.6199 61 6.75667
      vertex 22.1301 61 6.75667
    endloop
  endfacet
  facet normal 0 -1 0
    outer loop
      vertex 22.5515 61 6.4984
      vertex 27.1985 61 6.4984
      vertex 27.6199 61 6.75667
    endloop
  endfacet
  facet normal 0 -1 0
    outer loop
      vertex 22.9274 61 6.17739
      vertex 27.1985 61 6.4984
      vertex 22.5515 61 6.4984
    endloop
  endfacet
  facet normal 0 -1 0
    outer loop
      vertex 22.9274 61 6.17739
      vertex 26.8226 61 6.17739
      vertex 27.1985 61 6.4984
    endloop
  endfacet
  facet normal 0 -1 0
    outer loop
      vertex 23.2484 61 5.80152
      vertex 26.8226 61 6.17739
      vertex 22.9274 61 6.17739
    endloop
  endfacet
  facet normal 0 -1 0
    outer loop
      vertex 23.2484 61 5.80152
      vertex 26.5016 61 5.80152
      vertex 26.8226 61 6.17739
    endloop
  endfacet
  facet normal 0 -1 0
    outer loop
      vertex 23.5067 61 5.38007
      vertex 26.5016 61 5.80152
      vertex 23.2484 61 5.80152
    endloop
  endfacet
  facet normal 0 -1 0
    outer loop
      vertex 23.5067 61 5.38007
      vertex 26.2433 61 5.38007
      vertex 26.5016 61 5.80152
    endloop
  endfacet
  facet normal 0 -1 0
    outer loop
      vertex 23.6958 61 4.9234
      vertex 26.2433 61 5.38007
      vertex 23.5067 61 5.38007
    endloop
  endfacet
  facet normal 0 -1 0
    outer loop
      vertex 23.6958 61 4.9234
      vertex 26.0542 61 4.9234
      vertex 26.2433 61 5.38007
    endloop
  endfacet
  facet normal 0 -1 0
    outer loop
      vertex 23.8112 61 4.44277
      vertex 26.0542 61 4.9234
      vertex 23.6958 61 4.9234
    endloop
  endfacet
  facet normal 0 -1 0
    outer loop
      vertex 23.8112 61 4.44277
      vertex 25.9388 61 4.44277
      vertex 26.0542 61 4.9234
    endloop
  endfacet
  facet normal 0 -1 0
    outer loop
      vertex 23.85 61 3.95
      vertex 25.9388 61 4.44277
      vertex 23.8112 61 4.44277
    endloop
  endfacet
  facet normal 0 -1 0
    outer loop
      vertex 23.85 61 3.95
      vertex 25.9 61 3.95
      vertex 25.9388 61 4.44277
    endloop
  endfacet
  facet normal 0 -1 0
    outer loop
      vertex 23.8146 61 3.5
      vertex 25.9 61 3.95
      vertex 23.85 61 3.95
    endloop
  endfacet
  facet normal 0 -1 -0
    outer loop
      vertex 25.9 61 3.95
      vertex 23.8146 61 3.5
      vertex 25.9354 61 3.5
    endloop
  endfacet
  facet normal 0 -1 0
    outer loop
      vertex 16.8 61 9.1
      vertex 20.2072 61 7.06122
      vertex 20.7 61 7.1
    endloop
  endfacet
  facet normal 0 -1 0
    outer loop
      vertex 17.5888 61 4.44277
      vertex 15.3489 61 7.10278
      vertex 15.0285 61 7.02586
    endloop
  endfacet
  facet normal 0 -1 0
    outer loop
      vertex 17.5888 61 4.44277
      vertex 15.0285 61 7.02586
      vertex 14.7 61 7
    endloop
  endfacet
  facet normal 0 -1 0
    outer loop
      vertex 15.6534 61 7.22889
      vertex 19.7266 61 6.94583
      vertex 20.2072 61 7.06122
    endloop
  endfacet
  facet normal 0 -1 -0
    outer loop
      vertex 27.6199 61 37.2433
      vertex 17 61 27.4
      vertex 28.0766 61 37.0542
    endloop
  endfacet
  facet normal 0 -1 0
    outer loop
      vertex 4.44277 61 36.9388
      vertex 12.8 61 27.4
      vertex 12.8 61 36.6
    endloop
  endfacet
  facet normal 0 -1 0
    outer loop
      vertex 3.5 61 36.9354
      vertex 12.8 61 27.4
      vertex 3.95 61 36.9
    endloop
  endfacet
  facet normal 0 -1 0
    outer loop
      vertex 12.8 61 27.4
      vertex 14.7 61 21.5
      vertex 17 61 27.4
    endloop
  endfacet
  facet normal 0 -1 0
    outer loop
      vertex 13.7123 61 20.6564
      vertex 12.8 61 27.4
      vertex 3.5 61 36.9354
    endloop
  endfacet
  facet normal 0 -1 0
    outer loop
      vertex 12.8 61 27.4
      vertex 14.5436 61 21.4877
      vertex 14.7 61 21.5
    endloop
  endfacet
  facet normal 0 -1 0
    outer loop
      vertex 12.8 61 27.4
      vertex 14.391 61 21.4511
      vertex 14.5436 61 21.4877
    endloop
  endfacet
  facet normal 0 -1 0
    outer loop
      vertex 12.8 61 27.4
      vertex 14.246 61 21.391
      vertex 14.391 61 21.4511
    endloop
  endfacet
  facet normal 0 -1 0
    outer loop
      vertex 12.8 61 27.4
      vertex 14.1122 61 21.309
      vertex 14.246 61 21.391
    endloop
  endfacet
  facet normal 0 -1 0
    outer loop
      vertex 12.8 61 27.4
      vertex 13.9929 61 21.2071
      vertex 14.1122 61 21.309
    endloop
  endfacet
  facet normal 0 -1 0
    outer loop
      vertex 12.8 61 27.4
      vertex 13.891 61 21.0878
      vertex 13.9929 61 21.2071
    endloop
  endfacet
  facet normal 0 -1 0
    outer loop
      vertex 12.8 61 27.4
      vertex 13.809 61 20.954
      vertex 13.891 61 21.0878
    endloop
  endfacet
  facet normal 0 -1 0
    outer loop
      vertex 12.8 61 27.4
      vertex 13.7489 61 20.809
      vertex 13.809 61 20.954
    endloop
  endfacet
  facet normal 0 -1 0
    outer loop
      vertex 12.8 61 27.4
      vertex 13.7123 61 20.6564
      vertex 13.7489 61 20.809
    endloop
  endfacet
  facet normal 0 -1 0
    outer loop
      vertex 3.5 61 36.9354
      vertex 13.7 61 20.5
      vertex 13.7123 61 20.6564
    endloop
  endfacet
  facet normal 0 -1 0
    outer loop
      vertex 12.7028 61 15.5489
      vertex 13.7 61 20.5
      vertex 3.5 61 36.9354
    endloop
  endfacet
  facet normal -0 -1 0
    outer loop
      vertex 12.8289 61 15.8534
      vertex 13.7 61 20.5
      vertex 12.7028 61 15.5489
    endloop
  endfacet
  facet normal 0 -1 -0
    outer loop
      vertex 13.7 61 20.5
      vertex 12.8289 61 15.8534
      vertex 13.7123 61 20.3436
    endloop
  endfacet
  facet normal 0 -1 0
    outer loop
      vertex 14.5436 61 19.5123
      vertex 14.7 61 17
      vertex 14.7 61 19.5
    endloop
  endfacet
  facet normal 0 -1 0
    outer loop
      vertex 14.3715 61 16.9741
      vertex 14.5436 61 19.5123
      vertex 14.391 61 19.5489
    endloop
  endfacet
  facet normal 0 -1 0
    outer loop
      vertex 14.0511 61 16.8972
      vertex 14.391 61 19.5489
      vertex 14.246 61 19.609
    endloop
  endfacet
  facet normal 0 -1 0
    outer loop
      vertex 14.0511 61 16.8972
      vertex 14.246 61 19.609
      vertex 14.1122 61 19.691
    endloop
  endfacet
  facet normal 0 -1 0
    outer loop
      vertex 13.7466 61 16.7711
      vertex 14.1122 61 19.691
      vertex 13.9929 61 19.7929
    endloop
  endfacet
  facet normal 0 -1 0
    outer loop
      vertex 13.4657 61 16.5989
      vertex 13.9929 61 19.7929
      vertex 13.891 61 19.9122
    endloop
  endfacet
  facet normal 0 -1 0
    outer loop
      vertex 13.2151 61 16.3849
      vertex 13.891 61 19.9122
      vertex 13.809 61 20.046
    endloop
  endfacet
  facet normal -0 -1 0
    outer loop
      vertex 13.0011 61 16.1343
      vertex 13.7123 61 20.3436
      vertex 12.8289 61 15.8534
    endloop
  endfacet
  facet normal 0 -1 -0
    outer loop
      vertex 14.5436 61 19.5123
      vertex 14.3715 61 16.9741
      vertex 14.7 61 17
    endloop
  endfacet
  facet normal 0 -1 0
    outer loop
      vertex 14.391 61 19.5489
      vertex 14.0511 61 16.8972
      vertex 14.3715 61 16.9741
    endloop
  endfacet
  facet normal 0 -1 0
    outer loop
      vertex 14.1122 61 19.691
      vertex 13.7466 61 16.7711
      vertex 14.0511 61 16.8972
    endloop
  endfacet
  facet normal 0 -1 0
    outer loop
      vertex 13.9929 61 19.7929
      vertex 13.4657 61 16.5989
      vertex 13.7466 61 16.7711
    endloop
  endfacet
  facet normal 0 -1 0
    outer loop
      vertex 13.891 61 19.9122
      vertex 13.2151 61 16.3849
      vertex 13.4657 61 16.5989
    endloop
  endfacet
  facet normal 0 -1 -0
    outer loop
      vertex 13.7489 61 20.191
      vertex 13.2151 61 16.3849
      vertex 13.809 61 20.046
    endloop
  endfacet
  facet normal -0 -1 0
    outer loop
      vertex 13.2151 61 16.3849
      vertex 13.7489 61 20.191
      vertex 13.0011 61 16.1343
    endloop
  endfacet
  facet normal 0 -1 -0
    outer loop
      vertex 13.7123 61 20.3436
      vertex 13.0011 61 16.1343
      vertex 13.7489 61 20.191
    endloop
  endfacet
  facet normal 0 -1 0
    outer loop
      vertex 3.5 61 3.5
      vertex 12.7028 61 15.5489
      vertex 3.5 61 36.9354
    endloop
  endfacet
  facet normal 0 -1 0
    outer loop
      vertex 12.7028 61 15.5489
      vertex 3.5 61 3.5
      vertex 12.6259 61 15.2285
    endloop
  endfacet
  facet normal 0 -1 0
    outer loop
      vertex 12.6259 61 15.2285
      vertex 3.5 61 3.5
      vertex 12.6 61 14.9
    endloop
  endfacet
  facet normal 0 -1 -0
    outer loop
      vertex 12.6 61 14.9
      vertex 3.5 61 3.5
      vertex 12.6 61 9.1
    endloop
  endfacet
  facet normal 0 -1 -0
    outer loop
      vertex 12.6 61 9.1
      vertex 3.5 61 3.5
      vertex 12.6259 61 8.77149
    endloop
  endfacet
  facet normal 0 -1 0
    outer loop
      vertex 15.6534 61 7.22889
      vertex 19.2699 61 6.75667
      vertex 19.7266 61 6.94583
    endloop
  endfacet
  facet normal 0 -1 0
    outer loop
      vertex 15.6534 61 7.22889
      vertex 18.8485 61 6.4984
      vertex 19.2699 61 6.75667
    endloop
  endfacet
  facet normal 0 -1 0
    outer loop
      vertex 17.55 61 3.95
      vertex 14.7 61 7
      vertex 14.3715 61 7.02586
    endloop
  endfacet
  facet normal 0 -1 0
    outer loop
      vertex 15.6534 61 7.22889
      vertex 18.4726 61 6.17739
      vertex 18.8485 61 6.4984
    endloop
  endfacet
  facet normal 0 -1 0
    outer loop
      vertex 15.6534 61 7.22889
      vertex 18.1516 61 5.80152
      vertex 18.4726 61 6.17739
    endloop
  endfacet
  facet normal 0 -1 0
    outer loop
      vertex 17.5854 61 3.5
      vertex 14.3715 61 7.02586
      vertex 14.0511 61 7.10278
    endloop
  endfacet
  facet normal 0 -1 0
    outer loop
      vertex 15.6534 61 7.22889
      vertex 17.8933 61 5.38007
      vertex 18.1516 61 5.80152
    endloop
  endfacet
  facet normal 0 -1 0
    outer loop
      vertex 17.5854 61 3.5
      vertex 14.0511 61 7.10278
      vertex 13.7466 61 7.22889
    endloop
  endfacet
  facet normal 0 -1 0
    outer loop
      vertex 15.6534 61 7.22889
      vertex 17.7042 61 4.9234
      vertex 17.8933 61 5.38007
    endloop
  endfacet
  facet normal 0 -1 0
    outer loop
      vertex 15.3489 61 7.10278
      vertex 17.5888 61 4.44277
      vertex 17.7042 61 4.9234
    endloop
  endfacet
  facet normal 0 -1 0
    outer loop
      vertex 3.5 61 3.5
      vertex 13.7466 61 7.22889
      vertex 13.4657 61 7.40106
    endloop
  endfacet
  facet normal 0 -1 0
    outer loop
      vertex 14.7 61 7
      vertex 17.55 61 3.95
      vertex 17.5888 61 4.44277
    endloop
  endfacet
  facet normal 0 -1 -0
    outer loop
      vertex 12.6259 61 8.77149
      vertex 3.5 61 3.5
      vertex 12.7028 61 8.45107
    endloop
  endfacet
  facet normal 0 -1 0
    outer loop
      vertex 3.5 61 3.5
      vertex 12.8289 61 8.14662
      vertex 12.7028 61 8.45107
    endloop
  endfacet
  facet normal 0 -1 0
    outer loop
      vertex 3.5 61 3.5
      vertex 13.0011 61 7.86565
      vertex 12.8289 61 8.14662
    endloop
  endfacet
  facet normal 0 -1 0
    outer loop
      vertex 3.5 61 3.5
      vertex 13.2151 61 7.61508
      vertex 13.0011 61 7.86565
    endloop
  endfacet
  facet normal 0 -1 0
    outer loop
      vertex 3.5 61 3.5
      vertex 13.4657 61 7.40106
      vertex 13.2151 61 7.61508
    endloop
  endfacet
  facet normal 0 -1 -0
    outer loop
      vertex 13.7466 61 7.22889
      vertex 3.5 61 3.5
      vertex 17.5854 61 3.5
    endloop
  endfacet
  facet normal 0 -1 0
    outer loop
      vertex 14.3715 61 7.02586
      vertex 17.5854 61 3.5
      vertex 17.55 61 3.95
    endloop
  endfacet
  facet normal 0 -1 0
    outer loop
      vertex 12.8 61 36.6
      vertex 7.06458 61 40.5
      vertex 7.1 61 40.05
    endloop
  endfacet
  facet normal 0 -1 0
    outer loop
      vertex 17 61 36.6
      vertex 7.06458 61 40.5
      vertex 12.8 61 36.6
    endloop
  endfacet
  facet normal 0 -1 0
    outer loop
      vertex 12.8 61 36.6
      vertex 7.1 61 40.05
      vertex 7.06122 61 39.5572
    endloop
  endfacet
  facet normal 0 -1 0
    outer loop
      vertex 7.06458 61 40.5
      vertex 17 61 36.6
      vertex 25.9354 61 40.5
    endloop
  endfacet
  facet normal 0 -1 0
    outer loop
      vertex 12.8 61 36.6
      vertex 7.06122 61 39.5572
      vertex 6.94583 61 39.0766
    endloop
  endfacet
  facet normal 0 -1 0
    outer loop
      vertex 25.9354 61 40.5
      vertex 17 61 36.6
      vertex 25.9 61 40.05
    endloop
  endfacet
  facet normal 0 -1 0
    outer loop
      vertex 12.8 61 36.6
      vertex 6.94583 61 39.0766
      vertex 6.75667 61 38.6199
    endloop
  endfacet
  facet normal 0 -1 -0
    outer loop
      vertex 25.9 61 40.05
      vertex 17 61 36.6
      vertex 25.9388 61 39.5572
    endloop
  endfacet
  facet normal 0 -1 0
    outer loop
      vertex 12.8 61 36.6
      vertex 6.75667 61 38.6199
      vertex 6.4984 61 38.1985
    endloop
  endfacet
  facet normal 0 -1 -0
    outer loop
      vertex 25.9388 61 39.5572
      vertex 17 61 36.6
      vertex 26.0542 61 39.0766
    endloop
  endfacet
  facet normal 0 -1 0
    outer loop
      vertex 12.8 61 36.6
      vertex 6.4984 61 38.1985
      vertex 6.17739 61 37.8226
    endloop
  endfacet
  facet normal 0 -1 -0
    outer loop
      vertex 26.0542 61 39.0766
      vertex 17 61 36.6
      vertex 26.2433 61 38.6199
    endloop
  endfacet
  facet normal 0 -1 0
    outer loop
      vertex 12.8 61 36.6
      vertex 6.17739 61 37.8226
      vertex 5.80152 61 37.5016
    endloop
  endfacet
  facet normal 0 -1 -0
    outer loop
      vertex 26.2433 61 38.6199
      vertex 17 61 36.6
      vertex 26.5016 61 38.1985
    endloop
  endfacet
  facet normal 0 -1 0
    outer loop
      vertex 12.8 61 36.6
      vertex 5.80152 61 37.5016
      vertex 5.38007 61 37.2433
    endloop
  endfacet
  facet normal 0 -1 -0
    outer loop
      vertex 26.5016 61 38.1985
      vertex 17 61 36.6
      vertex 26.8226 61 37.8226
    endloop
  endfacet
  facet normal 0 -1 0
    outer loop
      vertex 12.8 61 36.6
      vertex 5.38007 61 37.2433
      vertex 4.9234 61 37.0542
    endloop
  endfacet
  facet normal 0 -1 -0
    outer loop
      vertex 26.8226 61 37.8226
      vertex 17 61 36.6
      vertex 27.1985 61 37.5016
    endloop
  endfacet
  facet normal 0 -1 0
    outer loop
      vertex 12.8 61 36.6
      vertex 4.9234 61 37.0542
      vertex 4.44277 61 36.9388
    endloop
  endfacet
  facet normal 0 -1 0
    outer loop
      vertex 17 61 27.4
      vertex 27.1985 61 37.5016
      vertex 17 61 36.6
    endloop
  endfacet
  facet normal 0 -1 0
    outer loop
      vertex 12.8 61 27.4
      vertex 4.44277 61 36.9388
      vertex 3.95 61 36.9
    endloop
  endfacet
  facet normal 0 -1 -0
    outer loop
      vertex 27.1985 61 37.5016
      vertex 17 61 27.4
      vertex 27.6199 61 37.2433
    endloop
  endfacet
  facet normal 0 -1 -0
    outer loop
      vertex 28.0766 61 37.0542
      vertex 17 61 27.4
      vertex 28.5572 61 36.9388
    endloop
  endfacet
  facet normal 0 -1 -0
    outer loop
      vertex 28.5572 61 36.9388
      vertex 17 61 27.4
      vertex 29.05 61 36.9
    endloop
  endfacet
  facet normal 0 -1 0
    outer loop
      vertex 17 61 27.4
      vertex 29.5 61 36.9354
      vertex 29.05 61 36.9
    endloop
  endfacet
  facet normal 0 -1 0
    outer loop
      vertex 14.8564 61 21.4877
      vertex 17 61 27.4
      vertex 14.7 61 21.5
    endloop
  endfacet
  facet normal 0 -1 0
    outer loop
      vertex 15.009 61 21.4511
      vertex 17 61 27.4
      vertex 14.8564 61 21.4877
    endloop
  endfacet
  facet normal 0 -1 0
    outer loop
      vertex 15.154 61 21.391
      vertex 17 61 27.4
      vertex 15.009 61 21.4511
    endloop
  endfacet
  facet normal 0 -1 0
    outer loop
      vertex 15.2878 61 21.309
      vertex 17 61 27.4
      vertex 15.154 61 21.391
    endloop
  endfacet
  facet normal 0 -1 0
    outer loop
      vertex 15.4071 61 21.2071
      vertex 17 61 27.4
      vertex 15.2878 61 21.309
    endloop
  endfacet
  facet normal 0 -1 0
    outer loop
      vertex 15.509 61 21.0878
      vertex 17 61 27.4
      vertex 15.4071 61 21.2071
    endloop
  endfacet
  facet normal 0 -1 0
    outer loop
      vertex 15.591 61 20.954
      vertex 17 61 27.4
      vertex 15.509 61 21.0878
    endloop
  endfacet
  facet normal 0 -1 0
    outer loop
      vertex 15.6511 61 20.809
      vertex 17 61 27.4
      vertex 15.591 61 20.954
    endloop
  endfacet
  facet normal 0 -1 0
    outer loop
      vertex 15.6877 61 20.6564
      vertex 17 61 27.4
      vertex 15.6511 61 20.809
    endloop
  endfacet
  facet normal 0 -1 0
    outer loop
      vertex 15.7 61 20.5
      vertex 17 61 27.4
      vertex 15.6877 61 20.6564
    endloop
  endfacet
  facet normal 0 -1 0
    outer loop
      vertex 29.05 61 7.1
      vertex 17 61 27.4
      vertex 15.7 61 20.5
    endloop
  endfacet
  facet normal 0 -1 0
    outer loop
      vertex 16.5711 61 15.8534
      vertex 15.7 61 20.5
      vertex 15.6877 61 20.3436
    endloop
  endfacet
  facet normal 0 -1 0
    outer loop
      vertex 16.3989 61 16.1343
      vertex 15.6877 61 20.3436
      vertex 15.6511 61 20.191
    endloop
  endfacet
  facet normal 0 -1 0
    outer loop
      vertex 16.1849 61 16.3849
      vertex 15.6511 61 20.191
      vertex 15.591 61 20.046
    endloop
  endfacet
  facet normal 0 -1 0
    outer loop
      vertex 16.1849 61 16.3849
      vertex 15.591 61 20.046
      vertex 15.509 61 19.9122
    endloop
  endfacet
  facet normal 0 -1 0
    outer loop
      vertex 14.7 61 17
      vertex 14.8564 61 19.5123
      vertex 14.7 61 19.5
    endloop
  endfacet
  facet normal 0 -1 0
    outer loop
      vertex 15.0285 61 16.9741
      vertex 14.8564 61 19.5123
      vertex 14.7 61 17
    endloop
  endfacet
  facet normal 0 -1 0
    outer loop
      vertex 14.8564 61 19.5123
      vertex 15.0285 61 16.9741
      vertex 15.009 61 19.5489
    endloop
  endfacet
  facet normal 0 -1 0
    outer loop
      vertex 15.3489 61 16.8972
      vertex 15.009 61 19.5489
      vertex 15.0285 61 16.9741
    endloop
  endfacet
  facet normal 0 -1 0
    outer loop
      vertex 15.009 61 19.5489
      vertex 15.3489 61 16.8972
      vertex 15.154 61 19.609
    endloop
  endfacet
  facet normal 0 -1 0
    outer loop
      vertex 15.154 61 19.609
      vertex 15.3489 61 16.8972
      vertex 15.2878 61 19.691
    endloop
  endfacet
  facet normal 0 -1 0
    outer loop
      vertex 15.6534 61 16.7711
      vertex 15.2878 61 19.691
      vertex 15.3489 61 16.8972
    endloop
  endfacet
  facet normal 0 -1 0
    outer loop
      vertex 15.2878 61 19.691
      vertex 15.6534 61 16.7711
      vertex 15.4071 61 19.7929
    endloop
  endfacet
  facet normal 0 -1 0
    outer loop
      vertex 15.9343 61 16.5989
      vertex 15.4071 61 19.7929
      vertex 15.6534 61 16.7711
    endloop
  endfacet
  facet normal 0 -1 0
    outer loop
      vertex 15.4071 61 19.7929
      vertex 15.9343 61 16.5989
      vertex 15.509 61 19.9122
    endloop
  endfacet
  facet normal 0 -1 0
    outer loop
      vertex 16.1849 61 16.3849
      vertex 15.509 61 19.9122
      vertex 15.9343 61 16.5989
    endloop
  endfacet
  facet normal 0 -1 0
    outer loop
      vertex 15.6511 61 20.191
      vertex 16.1849 61 16.3849
      vertex 16.3989 61 16.1343
    endloop
  endfacet
  facet normal 0 -1 0
    outer loop
      vertex 15.6877 61 20.3436
      vertex 16.3989 61 16.1343
      vertex 16.5711 61 15.8534
    endloop
  endfacet
  facet normal 0 -1 0
    outer loop
      vertex 15.7 61 20.5
      vertex 16.5711 61 15.8534
      vertex 16.6972 61 15.5489
    endloop
  endfacet
  facet normal 0 -1 0
    outer loop
      vertex 15.7 61 20.5
      vertex 16.6972 61 15.5489
      vertex 29.05 61 7.1
    endloop
  endfacet
  facet normal 0 -1 0
    outer loop
      vertex 29.05 61 7.1
      vertex 16.6972 61 15.5489
      vertex 16.7741 61 15.2285
    endloop
  endfacet
  facet normal 0 -1 0
    outer loop
      vertex 29.05 61 7.1
      vertex 16.7741 61 15.2285
      vertex 16.8 61 14.9
    endloop
  endfacet
  facet normal 0 -1 0
    outer loop
      vertex 20.7 61 7.1
      vertex 16.8 61 14.9
      vertex 16.8 61 9.1
    endloop
  endfacet
  facet normal 0 -1 0
    outer loop
      vertex 20.2072 61 7.06122
      vertex 16.8 61 9.1
      vertex 16.7741 61 8.77149
    endloop
  endfacet
  facet normal 0 -1 0
    outer loop
      vertex 20.2072 61 7.06122
      vertex 16.7741 61 8.77149
      vertex 16.6972 61 8.45107
    endloop
  endfacet
  facet normal 0 -1 0
    outer loop
      vertex 20.2072 61 7.06122
      vertex 16.6972 61 8.45107
      vertex 16.5711 61 8.14662
    endloop
  endfacet
  facet normal 0 -1 0
    outer loop
      vertex 17.7042 61 4.9234
      vertex 15.6534 61 7.22889
      vertex 15.3489 61 7.10278
    endloop
  endfacet
  facet normal 0 -1 0
    outer loop
      vertex 20.2072 61 7.06122
      vertex 15.9343 61 7.40106
      vertex 15.6534 61 7.22889
    endloop
  endfacet
  facet normal 0 -1 0
    outer loop
      vertex 20.2072 61 7.06122
      vertex 16.1849 61 7.61508
      vertex 15.9343 61 7.40106
    endloop
  endfacet
  facet normal 0 -1 0
    outer loop
      vertex 20.2072 61 7.06122
      vertex 16.3989 61 7.86565
      vertex 16.1849 61 7.61508
    endloop
  endfacet
  facet normal 0 -1 0
    outer loop
      vertex 20.2072 61 7.06122
      vertex 16.5711 61 8.14662
      vertex 16.3989 61 7.86565
    endloop
  endfacet
  facet normal 0 -1 0
    outer loop
      vertex 21.1928 61 7.06122
      vertex 16.8 61 14.9
      vertex 20.7 61 7.1
    endloop
  endfacet
  facet normal 0 -1 0
    outer loop
      vertex 17 61 27.4
      vertex 29.05 61 7.1
      vertex 29.5 61 7.06458
    endloop
  endfacet
  facet normal 0 -1 0
    outer loop
      vertex 17 61 27.4
      vertex 29.5 61 7.06458
      vertex 29.5 61 36.9354
    endloop
  endfacet
  facet normal 0 -1 0
    outer loop
      vertex 5.38007 61 42.8567
      vertex 3 61 44
      vertex 4.9234 61 43.0458
    endloop
  endfacet
  facet normal 0 -1 0
    outer loop
      vertex 30 61 44
      vertex 28.5572 61 43.1612
      vertex 29.05 61 43.2
    endloop
  endfacet
  facet normal 0 -1 0
    outer loop
      vertex 3 61 44
      vertex 5.38007 61 42.8567
      vertex 30 61 44
    endloop
  endfacet
  facet normal 0 -1 0
    outer loop
      vertex 30 61 44
      vertex 28.0766 61 43.0458
      vertex 28.5572 61 43.1612
    endloop
  endfacet
  facet normal 0 -1 0
    outer loop
      vertex 27.6199 61 42.8567
      vertex 30 61 44
      vertex 5.38007 61 42.8567
    endloop
  endfacet
  facet normal 0 -1 0
    outer loop
      vertex 30 61 44
      vertex 27.6199 61 42.8567
      vertex 28.0766 61 43.0458
    endloop
  endfacet
  facet normal 0 -1 0
    outer loop
      vertex 5.80152 61 42.5984
      vertex 27.6199 61 42.8567
      vertex 5.38007 61 42.8567
    endloop
  endfacet
  facet normal 0 -1 0
    outer loop
      vertex 5.80152 61 42.5984
      vertex 27.1985 61 42.5984
      vertex 27.6199 61 42.8567
    endloop
  endfacet
  facet normal 0 -1 0
    outer loop
      vertex 6.17739 61 42.2774
      vertex 27.1985 61 42.5984
      vertex 5.80152 61 42.5984
    endloop
  endfacet
  facet normal 0 -1 0
    outer loop
      vertex 6.17739 61 42.2774
      vertex 26.8226 61 42.2774
      vertex 27.1985 61 42.5984
    endloop
  endfacet
  facet normal 0 -1 0
    outer loop
      vertex 6.4984 61 41.9015
      vertex 26.8226 61 42.2774
      vertex 6.17739 61 42.2774
    endloop
  endfacet
  facet normal 0 -1 0
    outer loop
      vertex 6.4984 61 41.9015
      vertex 26.5016 61 41.9015
      vertex 26.8226 61 42.2774
    endloop
  endfacet
  facet normal 0 -1 0
    outer loop
      vertex 6.6219 61 41.7
      vertex 26.5016 61 41.9015
      vertex 6.4984 61 41.9015
    endloop
  endfacet
  facet normal 0 -1 0
    outer loop
      vertex 26.5016 61 41.9015
      vertex 6.6219 61 41.7
      vertex 26.3781 61 41.7
    endloop
  endfacet
  facet normal 0 -1 0
    outer loop
      vertex 2.9766 61 43.0458
      vertex 3 61 44
      vertex 2.5307 61 43.9631
    endloop
  endfacet
  facet normal 0 -1 0
    outer loop
      vertex 4.44277 61 43.1612
      vertex 3 61 44
      vertex 3.95 61 43.2
    endloop
  endfacet
  facet normal 0 -1 0
    outer loop
      vertex 2.51993 61 42.8567
      vertex 2.5307 61 43.9631
      vertex 2.07295 61 43.8532
    endloop
  endfacet
  facet normal 0 -1 0
    outer loop
      vertex 4.9234 61 43.0458
      vertex 3 61 44
      vertex 4.44277 61 43.1612
    endloop
  endfacet
  facet normal 0 -1 0
    outer loop
      vertex 2.51993 61 42.8567
      vertex 2.07295 61 43.8532
      vertex 1.63803 61 43.673
    endloop
  endfacet
  facet normal 0 -1 0
    outer loop
      vertex 29.5428 61 43.1612
      vertex 30 61 44
      vertex 29.05 61 43.2
    endloop
  endfacet
  facet normal 0 -1 0
    outer loop
      vertex 2.09848 61 42.5984
      vertex 1.63803 61 43.673
      vertex 1.23664 61 43.4271
    endloop
  endfacet
  facet normal 0 -1 0
    outer loop
      vertex 30.0234 61 43.0458
      vertex 30 61 44
      vertex 29.5428 61 43.1612
    endloop
  endfacet
  facet normal 0 -1 0
    outer loop
      vertex 30 61 44
      vertex 30.0234 61 43.0458
      vertex 30.4693 61 43.9631
    endloop
  endfacet
  facet normal 0 -1 0
    outer loop
      vertex 3 61 44
      vertex 3.45723 61 43.1612
      vertex 3.95 61 43.2
    endloop
  endfacet
  facet normal 0 -1 0
    outer loop
      vertex 1.72261 61 42.2774
      vertex 1.23664 61 43.4271
      vertex 0.878679 61 43.1213
    endloop
  endfacet
  facet normal 0 -1 -0
    outer loop
      vertex 3 61 44
      vertex 2.9766 61 43.0458
      vertex 3.45723 61 43.1612
    endloop
  endfacet
  facet normal 0 -1 -0
    outer loop
      vertex 2.5307 61 43.9631
      vertex 2.51993 61 42.8567
      vertex 2.9766 61 43.0458
    endloop
  endfacet
  facet normal 0 -1 0
    outer loop
      vertex 1.72261 61 42.2774
      vertex 0.878679 61 43.1213
      vertex 0.572948 61 42.7634
    endloop
  endfacet
  facet normal 0 -1 0
    outer loop
      vertex 1.63803 61 43.673
      vertex 2.09848 61 42.5984
      vertex 2.51993 61 42.8567
    endloop
  endfacet
  facet normal 0 -1 0
    outer loop
      vertex 1.4016 61 41.9015
      vertex 0.572948 61 42.7634
      vertex 0.32698 61 42.362
    endloop
  endfacet
  facet normal 0 -1 0
    outer loop
      vertex 1.23664 61 43.4271
      vertex 1.72261 61 42.2774
      vertex 2.09848 61 42.5984
    endloop
  endfacet
  facet normal 0 -1 0
    outer loop
      vertex 1.14333 61 41.4801
      vertex 0.32698 61 42.362
      vertex 0.14683 61 41.9271
    endloop
  endfacet
  facet normal 0 -1 0
    outer loop
      vertex 0.572948 61 42.7634
      vertex 1.4016 61 41.9015
      vertex 1.72261 61 42.2774
    endloop
  endfacet
  facet normal 0 -1 0
    outer loop
      vertex 0.32698 61 42.362
      vertex 1.14333 61 41.4801
      vertex 1.4016 61 41.9015
    endloop
  endfacet
  facet normal 0 -1 0
    outer loop
      vertex 0.0369349 61 41.4693
      vertex 1.14333 61 41.4801
      vertex 0.14683 61 41.9271
    endloop
  endfacet
  facet normal 0 -1 0
    outer loop
      vertex 0.0369349 61 41.4693
      vertex 0.954171 61 41.0234
      vertex 1.14333 61 41.4801
    endloop
  endfacet
  facet normal 0 -1 0
    outer loop
      vertex 0 61 41
      vertex 0.954171 61 41.0234
      vertex 0.0369349 61 41.4693
    endloop
  endfacet
  facet normal 0 -1 0
    outer loop
      vertex 0 61 41
      vertex 0.838781 61 40.5428
      vertex 0.954171 61 41.0234
    endloop
  endfacet
  facet normal 0 -1 0
    outer loop
      vertex 0 61 41
      vertex 0.799999 61 40.05
      vertex 0.838781 61 40.5428
    endloop
  endfacet
  facet normal 0 -1 0
    outer loop
      vertex 0 61 41
      vertex 0.838781 61 39.5572
      vertex 0.799999 61 40.05
    endloop
  endfacet
  facet normal 0 -1 0
    outer loop
      vertex 0 61 41
      vertex 0.954171 61 39.0766
      vertex 0.838781 61 39.5572
    endloop
  endfacet
  facet normal 0 -1 0
    outer loop
      vertex 0 61 41
      vertex 1.14333 61 38.6199
      vertex 0.954171 61 39.0766
    endloop
  endfacet
  facet normal 0 -1 0
    outer loop
      vertex 0 61 3
      vertex 1.14333 61 38.6199
      vertex 0 61 41
    endloop
  endfacet
  facet normal 0 -1 0
    outer loop
      vertex 0 61 3
      vertex 1.4016 61 38.1985
      vertex 1.14333 61 38.6199
    endloop
  endfacet
  facet normal 0 -1 0
    outer loop
      vertex 0 61 3
      vertex 1.72261 61 37.8226
      vertex 1.4016 61 38.1985
    endloop
  endfacet
  facet normal 0 -1 0
    outer loop
      vertex 0 61 3
      vertex 2.09848 61 37.5016
      vertex 1.72261 61 37.8226
    endloop
  endfacet
  facet normal 0 -1 0
    outer loop
      vertex 0 61 3
      vertex 2.3 61 37.3781
      vertex 2.09848 61 37.5016
    endloop
  endfacet
  facet normal 0 -1 0
    outer loop
      vertex 2.3 61 2.3
      vertex 0 61 3
      vertex 0.0369349 61 2.5307
    endloop
  endfacet
  facet normal 0 -1 0
    outer loop
      vertex 0 61 3
      vertex 2.3 61 2.3
      vertex 2.3 61 37.3781
    endloop
  endfacet
  facet normal 0 -1 0
    outer loop
      vertex 3 61 0
      vertex 18.0281 61 2.3
      vertex 2.3 61 2.3
    endloop
  endfacet
  facet normal 0 -1 0
    outer loop
      vertex 0.14683 61 2.07295
      vertex 2.3 61 2.3
      vertex 0.0369349 61 2.5307
    endloop
  endfacet
  facet normal 0 -1 0
    outer loop
      vertex 0.32698 61 1.63803
      vertex 2.3 61 2.3
      vertex 0.14683 61 2.07295
    endloop
  endfacet
  facet normal 0 -1 -0
    outer loop
      vertex 18.0281 61 2.3
      vertex 3 61 0
      vertex 18.1516 61 2.09848
    endloop
  endfacet
  facet normal 0 -1 0
    outer loop
      vertex 0.572948 61 1.23664
      vertex 2.3 61 2.3
      vertex 0.32698 61 1.63803
    endloop
  endfacet
  facet normal 0 -1 -0
    outer loop
      vertex 18.1516 61 2.09848
      vertex 3 61 0
      vertex 18.4726 61 1.72261
    endloop
  endfacet
  facet normal 0 -1 0
    outer loop
      vertex 0.878679 61 0.87868
      vertex 2.3 61 2.3
      vertex 0.572948 61 1.23664
    endloop
  endfacet
  facet normal 0 -1 -0
    outer loop
      vertex 18.4726 61 1.72261
      vertex 3 61 0
      vertex 18.8485 61 1.4016
    endloop
  endfacet
  facet normal 0 -1 -0
    outer loop
      vertex 18.8485 61 1.4016
      vertex 3 61 0
      vertex 19.2699 61 1.14333
    endloop
  endfacet
  facet normal 0 -1 0
    outer loop
      vertex 1.23664 61 0.572949
      vertex 2.3 61 2.3
      vertex 0.878679 61 0.87868
    endloop
  endfacet
  facet normal 0 -1 -0
    outer loop
      vertex 19.2699 61 1.14333
      vertex 3 61 0
      vertex 19.7266 61 0.954171
    endloop
  endfacet
  facet normal 0 -1 -0
    outer loop
      vertex 19.7266 61 0.954171
      vertex 3 61 0
      vertex 20.2072 61 0.838781
    endloop
  endfacet
  facet normal 0 -1 -0
    outer loop
      vertex 20.2072 61 0.838781
      vertex 3 61 0
      vertex 20.7 61 0.799999
    endloop
  endfacet
  facet normal 0 -1 0
    outer loop
      vertex 1.63803 61 0.326981
      vertex 2.3 61 2.3
      vertex 1.23664 61 0.572949
    endloop
  endfacet
  facet normal 0 -1 0
    outer loop
      vertex 30.4801 61 42.8567
      vertex 30.4693 61 43.9631
      vertex 30.0234 61 43.0458
    endloop
  endfacet
  facet normal 0 -1 0
    outer loop
      vertex 30.4693 61 43.9631
      vertex 30.4801 61 42.8567
      vertex 30.9271 61 43.8532
    endloop
  endfacet
  facet normal 0 -1 -0
    outer loop
      vertex 30.9271 61 43.8532
      vertex 30.4801 61 42.8567
      vertex 31.362 61 43.673
    endloop
  endfacet
  facet normal 0 -1 0
    outer loop
      vertex 30.9015 61 42.5984
      vertex 31.362 61 43.673
      vertex 30.4801 61 42.8567
    endloop
  endfacet
  facet normal 0 -1 -0
    outer loop
      vertex 31.362 61 43.673
      vertex 30.9015 61 42.5984
      vertex 31.7634 61 43.4271
    endloop
  endfacet
  facet normal 0 -1 0
    outer loop
      vertex 31.2774 61 42.2774
      vertex 31.7634 61 43.4271
      vertex 30.9015 61 42.5984
    endloop
  endfacet
  facet normal 0 -1 -0
    outer loop
      vertex 31.7634 61 43.4271
      vertex 31.2774 61 42.2774
      vertex 32.1213 61 43.1213
    endloop
  endfacet
  facet normal 0 -1 -0
    outer loop
      vertex 32.1213 61 43.1213
      vertex 31.2774 61 42.2774
      vertex 32.4271 61 42.7634
    endloop
  endfacet
  facet normal 0 -1 0
    outer loop
      vertex 31.5984 61 41.9015
      vertex 32.4271 61 42.7634
      vertex 31.2774 61 42.2774
    endloop
  endfacet
  facet normal 0 -1 -0
    outer loop
      vertex 32.4271 61 42.7634
      vertex 31.5984 61 41.9015
      vertex 32.673 61 42.362
    endloop
  endfacet
  facet normal 0 -1 0
    outer loop
      vertex 31.8567 61 41.4801
      vertex 32.673 61 42.362
      vertex 31.5984 61 41.9015
    endloop
  endfacet
  facet normal 0 -1 -0
    outer loop
      vertex 32.673 61 42.362
      vertex 31.8567 61 41.4801
      vertex 32.8532 61 41.9271
    endloop
  endfacet
  facet normal 0 -1 0
    outer loop
      vertex 31.8567 61 41.4801
      vertex 32.9631 61 41.4693
      vertex 32.8532 61 41.9271
    endloop
  endfacet
  facet normal 0 -1 0
    outer loop
      vertex 32.0458 61 41.0234
      vertex 32.9631 61 41.4693
      vertex 31.8567 61 41.4801
    endloop
  endfacet
  facet normal 0 -1 0
    outer loop
      vertex 32.0458 61 41.0234
      vertex 33 61 41
      vertex 32.9631 61 41.4693
    endloop
  endfacet
  facet normal 0 -1 0
    outer loop
      vertex 32.1612 61 40.5428
      vertex 33 61 41
      vertex 32.0458 61 41.0234
    endloop
  endfacet
  facet normal 0 -1 0
    outer loop
      vertex 32.2 61 40.05
      vertex 33 61 41
      vertex 32.1612 61 40.5428
    endloop
  endfacet
  facet normal 0 -1 0
    outer loop
      vertex 32.1612 61 39.5572
      vertex 33 61 41
      vertex 32.2 61 40.05
    endloop
  endfacet
  facet normal 0 -1 0
    outer loop
      vertex 32.0458 61 39.0766
      vertex 33 61 41
      vertex 32.1612 61 39.5572
    endloop
  endfacet
  facet normal 0 -1 0
    outer loop
      vertex 31.8567 61 38.6199
      vertex 33 61 41
      vertex 32.0458 61 39.0766
    endloop
  endfacet
  facet normal 0 -1 0
    outer loop
      vertex 30.7 61 6.6219
      vertex 30.9015 61 37.5016
      vertex 30.7 61 37.3781
    endloop
  endfacet
  facet normal 0 -1 0
    outer loop
      vertex 30.9015 61 6.4984
      vertex 30.9015 61 37.5016
      vertex 30.7 61 6.6219
    endloop
  endfacet
  facet normal 0 -1 0
    outer loop
      vertex 30.9015 61 37.5016
      vertex 30.9015 61 6.4984
      vertex 31.2774 61 37.8226
    endloop
  endfacet
  facet normal 0 -1 0
    outer loop
      vertex 31.2774 61 6.17739
      vertex 31.2774 61 37.8226
      vertex 30.9015 61 6.4984
    endloop
  endfacet
  facet normal 0 -1 0
    outer loop
      vertex 31.2774 61 37.8226
      vertex 31.2774 61 6.17739
      vertex 31.5984 61 38.1985
    endloop
  endfacet
  facet normal 0 -1 0
    outer loop
      vertex 31.5984 61 5.80152
      vertex 31.5984 61 38.1985
      vertex 31.2774 61 6.17739
    endloop
  endfacet
  facet normal 0 -1 0
    outer loop
      vertex 31.5984 61 38.1985
      vertex 31.5984 61 5.80152
      vertex 31.8567 61 38.6199
    endloop
  endfacet
  facet normal 0 -1 0
    outer loop
      vertex 31.8567 61 5.38007
      vertex 31.8567 61 38.6199
      vertex 31.5984 61 5.80152
    endloop
  endfacet
  facet normal 0 -1 0
    outer loop
      vertex 31.8567 61 38.6199
      vertex 31.8567 61 5.38007
      vertex 33 61 41
    endloop
  endfacet
  facet normal 0 -1 0
    outer loop
      vertex 33 61 3
      vertex 31.8567 61 5.38007
      vertex 32.0458 61 4.9234
    endloop
  endfacet
  facet normal 0 -1 0
    outer loop
      vertex 33 61 3
      vertex 32.0458 61 4.9234
      vertex 32.1612 61 4.44277
    endloop
  endfacet
  facet normal 0 -1 0
    outer loop
      vertex 33 61 3
      vertex 32.1612 61 4.44277
      vertex 32.2 61 3.95
    endloop
  endfacet
  facet normal 0 -1 0
    outer loop
      vertex 31.8567 61 5.38007
      vertex 33 61 3
      vertex 33 61 41
    endloop
  endfacet
  facet normal 0 -1 0
    outer loop
      vertex 32.1612 61 3.45723
      vertex 33 61 3
      vertex 32.2 61 3.95
    endloop
  endfacet
  facet normal 0 -1 0
    outer loop
      vertex 32.0458 61 2.9766
      vertex 33 61 3
      vertex 32.1612 61 3.45723
    endloop
  endfacet
  facet normal 0 -1 0
    outer loop
      vertex 32.0458 61 2.9766
      vertex 32.9631 61 2.5307
      vertex 33 61 3
    endloop
  endfacet
  facet normal 0 -1 0
    outer loop
      vertex 31.8567 61 2.51993
      vertex 32.9631 61 2.5307
      vertex 32.0458 61 2.9766
    endloop
  endfacet
  facet normal 0 -1 0
    outer loop
      vertex 32.673 61 1.63803
      vertex 31.8567 61 2.51993
      vertex 31.5984 61 2.09848
    endloop
  endfacet
  facet normal 0 -1 0
    outer loop
      vertex 31.8567 61 2.51993
      vertex 32.8532 61 2.07295
      vertex 32.9631 61 2.5307
    endloop
  endfacet
  facet normal 0 -1 0
    outer loop
      vertex 32.4271 61 1.23664
      vertex 31.5984 61 2.09848
      vertex 31.2774 61 1.72261
    endloop
  endfacet
  facet normal 0 -1 0
    outer loop
      vertex 31.8567 61 2.51993
      vertex 32.673 61 1.63803
      vertex 32.8532 61 2.07295
    endloop
  endfacet
  facet normal 0 -1 0
    outer loop
      vertex 31.7634 61 0.572949
      vertex 31.2774 61 1.72261
      vertex 30.9015 61 1.4016
    endloop
  endfacet
  facet normal 0 -1 0
    outer loop
      vertex 31.5984 61 2.09848
      vertex 32.4271 61 1.23664
      vertex 32.673 61 1.63803
    endloop
  endfacet
  facet normal 0 -1 0
    outer loop
      vertex 31.362 61 0.326981
      vertex 30.9015 61 1.4016
      vertex 30.4801 61 1.14333
    endloop
  endfacet
  facet normal 0 -1 0
    outer loop
      vertex 30.4693 61 0.0369358
      vertex 30.4801 61 1.14333
      vertex 30.0234 61 0.954171
    endloop
  endfacet
  facet normal 0 -1 0
    outer loop
      vertex 31.2774 61 1.72261
      vertex 32.1213 61 0.87868
      vertex 32.4271 61 1.23664
    endloop
  endfacet
  facet normal 0 -1 0
    outer loop
      vertex 30 61 0
      vertex 30.0234 61 0.954171
      vertex 29.5428 61 0.838781
    endloop
  endfacet
  facet normal 0 -1 0
    outer loop
      vertex 30 61 0
      vertex 29.5428 61 0.838781
      vertex 29.05 61 0.799999
    endloop
  endfacet
  facet normal 0 -1 0
    outer loop
      vertex 31.2774 61 1.72261
      vertex 31.7634 61 0.572949
      vertex 32.1213 61 0.87868
    endloop
  endfacet
  facet normal 0 -1 0
    outer loop
      vertex 30 61 0
      vertex 20.7 61 0.799999
      vertex 3 61 0
    endloop
  endfacet
  facet normal 0 -1 0
    outer loop
      vertex 2.07295 61 0.146831
      vertex 2.3 61 2.3
      vertex 1.63803 61 0.326981
    endloop
  endfacet
  facet normal 0 -1 0
    outer loop
      vertex 20.7 61 0.799999
      vertex 30 61 0
      vertex 29.05 61 0.799999
    endloop
  endfacet
  facet normal 0 -1 0
    outer loop
      vertex 2.5307 61 0.0369358
      vertex 2.3 61 2.3
      vertex 2.07295 61 0.146831
    endloop
  endfacet
  facet normal 0 -1 -0
    outer loop
      vertex 30.0234 61 0.954171
      vertex 30 61 0
      vertex 30.4693 61 0.0369358
    endloop
  endfacet
  facet normal 0 -1 0
    outer loop
      vertex 2.3 61 2.3
      vertex 2.5307 61 0.0369358
      vertex 3 61 0
    endloop
  endfacet
  facet normal 0 -1 0
    outer loop
      vertex 30.9015 61 1.4016
      vertex 31.362 61 0.326981
      vertex 31.7634 61 0.572949
    endloop
  endfacet
  facet normal 0 -1 0
    outer loop
      vertex 30.4801 61 1.14333
      vertex 30.9271 61 0.146831
      vertex 31.362 61 0.326981
    endloop
  endfacet
  facet normal 0 -1 -0
    outer loop
      vertex 30.4801 61 1.14333
      vertex 30.4693 61 0.0369358
      vertex 30.9271 61 0.146831
    endloop
  endfacet
  facet normal 0 -1 0
    outer loop
      vertex 23.2484 61 2.09848
      vertex 26.3781 61 2.3
      vertex 23.3719 61 2.3
    endloop
  endfacet
  facet normal 0 -1 0
    outer loop
      vertex 23.2484 61 2.09848
      vertex 26.5016 61 2.09848
      vertex 26.3781 61 2.3
    endloop
  endfacet
  facet normal 0 -1 0
    outer loop
      vertex 22.9274 61 1.72261
      vertex 26.5016 61 2.09848
      vertex 23.2484 61 2.09848
    endloop
  endfacet
  facet normal 0 -1 0
    outer loop
      vertex 22.9274 61 1.72261
      vertex 26.8226 61 1.72261
      vertex 26.5016 61 2.09848
    endloop
  endfacet
  facet normal 0 -1 0
    outer loop
      vertex 22.5515 61 1.4016
      vertex 26.8226 61 1.72261
      vertex 22.9274 61 1.72261
    endloop
  endfacet
  facet normal 0 -1 0
    outer loop
      vertex 22.5515 61 1.4016
      vertex 27.1985 61 1.4016
      vertex 26.8226 61 1.72261
    endloop
  endfacet
  facet normal 0 -1 0
    outer loop
      vertex 22.1301 61 1.14333
      vertex 27.1985 61 1.4016
      vertex 22.5515 61 1.4016
    endloop
  endfacet
  facet normal 0 -1 0
    outer loop
      vertex 22.1301 61 1.14333
      vertex 27.6199 61 1.14333
      vertex 27.1985 61 1.4016
    endloop
  endfacet
  facet normal 0 -1 0
    outer loop
      vertex 21.6734 61 0.954171
      vertex 27.6199 61 1.14333
      vertex 22.1301 61 1.14333
    endloop
  endfacet
  facet normal 0 -1 0
    outer loop
      vertex 21.6734 61 0.954171
      vertex 28.0766 61 0.954171
      vertex 27.6199 61 1.14333
    endloop
  endfacet
  facet normal 0 -1 0
    outer loop
      vertex 21.1928 61 0.838781
      vertex 28.0766 61 0.954171
      vertex 21.6734 61 0.954171
    endloop
  endfacet
  facet normal 0 -1 0
    outer loop
      vertex 21.1928 61 0.838781
      vertex 28.5572 61 0.838781
      vertex 28.0766 61 0.954171
    endloop
  endfacet
  facet normal 0 -1 0
    outer loop
      vertex 20.7 61 0.799999
      vertex 28.5572 61 0.838781
      vertex 21.1928 61 0.838781
    endloop
  endfacet
  facet normal 0 -1 -0
    outer loop
      vertex 28.5572 61 0.838781
      vertex 20.7 61 0.799999
      vertex 29.05 61 0.799999
    endloop
  endfacet
  facet normal 0 -1 0
    outer loop
      vertex 3.95 61 41.25
      vertex 3.95 61 43.2
      vertex 3.45723 61 43.1612
    endloop
  endfacet
  facet normal 0 -1 0
    outer loop
      vertex 3.76228 61 41.2352
      vertex 3.45723 61 43.1612
      vertex 2.9766 61 43.0458
    endloop
  endfacet
  facet normal 0 -1 0
    outer loop
      vertex 3.95 61 43.2
      vertex 3.95 61 41.25
      vertex 4.44277 61 43.1612
    endloop
  endfacet
  facet normal 0 -1 0
    outer loop
      vertex 3.57918 61 41.1913
      vertex 2.9766 61 43.0458
      vertex 2.51993 61 42.8567
    endloop
  endfacet
  facet normal 0 -1 0
    outer loop
      vertex 4.13772 61 41.2352
      vertex 4.44277 61 43.1612
      vertex 3.95 61 41.25
    endloop
  endfacet
  facet normal 0 -1 0
    outer loop
      vertex 3.40521 61 41.1192
      vertex 2.51993 61 42.8567
      vertex 2.09848 61 42.5984
    endloop
  endfacet
  facet normal 0 -1 -0
    outer loop
      vertex 4.44277 61 43.1612
      vertex 4.13772 61 41.2352
      vertex 4.9234 61 43.0458
    endloop
  endfacet
  facet normal 0 -1 0
    outer loop
      vertex 3.24466 61 41.0208
      vertex 2.09848 61 42.5984
      vertex 1.72261 61 42.2774
    endloop
  endfacet
  facet normal 0 -1 0
    outer loop
      vertex 4.32082 61 41.1913
      vertex 4.9234 61 43.0458
      vertex 4.13772 61 41.2352
    endloop
  endfacet
  facet normal 0 -1 0
    outer loop
      vertex 3.10147 61 40.8985
      vertex 1.72261 61 42.2774
      vertex 1.4016 61 41.9015
    endloop
  endfacet
  facet normal 0 -1 -0
    outer loop
      vertex 4.9234 61 43.0458
      vertex 4.32082 61 41.1913
      vertex 5.38007 61 42.8567
    endloop
  endfacet
  facet normal 0 -1 0
    outer loop
      vertex 4.49479 61 41.1192
      vertex 5.38007 61 42.8567
      vertex 4.32082 61 41.1913
    endloop
  endfacet
  facet normal 0 -1 0
    outer loop
      vertex 2.97918 61 40.7553
      vertex 1.4016 61 41.9015
      vertex 1.14333 61 41.4801
    endloop
  endfacet
  facet normal 0 -1 -0
    outer loop
      vertex 5.38007 61 42.8567
      vertex 4.49479 61 41.1192
      vertex 5.80152 61 42.5984
    endloop
  endfacet
  facet normal 0 -1 0
    outer loop
      vertex 4.65534 61 41.0208
      vertex 5.80152 61 42.5984
      vertex 4.49479 61 41.1192
    endloop
  endfacet
  facet normal 0 -1 0
    outer loop
      vertex 3.45723 61 43.1612
      vertex 3.76228 61 41.2352
      vertex 3.95 61 41.25
    endloop
  endfacet
  facet normal 0 -1 0
    outer loop
      vertex 2.9766 61 43.0458
      vertex 3.57918 61 41.1913
      vertex 3.76228 61 41.2352
    endloop
  endfacet
  facet normal 0 -1 0
    outer loop
      vertex 2.51993 61 42.8567
      vertex 3.40521 61 41.1192
      vertex 3.57918 61 41.1913
    endloop
  endfacet
  facet normal 0 -1 0
    outer loop
      vertex 2.88079 61 40.5948
      vertex 1.14333 61 41.4801
      vertex 0.954171 61 41.0234
    endloop
  endfacet
  facet normal 0 -1 0
    outer loop
      vertex 2.09848 61 42.5984
      vertex 3.24466 61 41.0208
      vertex 3.40521 61 41.1192
    endloop
  endfacet
  facet normal 0 -1 0
    outer loop
      vertex 1.72261 61 42.2774
      vertex 3.10147 61 40.8985
      vertex 3.24466 61 41.0208
    endloop
  endfacet
  facet normal 0 -1 0
    outer loop
      vertex 1.4016 61 41.9015
      vertex 2.97918 61 40.7553
      vertex 3.10147 61 40.8985
    endloop
  endfacet
  facet normal 0 -1 0
    outer loop
      vertex 1.14333 61 41.4801
      vertex 2.88079 61 40.5948
      vertex 2.97918 61 40.7553
    endloop
  endfacet
  facet normal 0 -1 0
    outer loop
      vertex 2.80873 61 40.4208
      vertex 0.954171 61 41.0234
      vertex 0.838781 61 40.5428
    endloop
  endfacet
  facet normal 0 -1 0
    outer loop
      vertex 0.954171 61 41.0234
      vertex 2.80873 61 40.4208
      vertex 2.88079 61 40.5948
    endloop
  endfacet
  facet normal 0 -1 0
    outer loop
      vertex 0.838781 61 40.5428
      vertex 2.76477 61 40.2377
      vertex 2.80873 61 40.4208
    endloop
  endfacet
  facet normal 0 -1 0
    outer loop
      vertex 0.799999 61 40.05
      vertex 2.76477 61 40.2377
      vertex 0.838781 61 40.5428
    endloop
  endfacet
  facet normal 0 -1 0
    outer loop
      vertex 0.799999 61 40.05
      vertex 2.75 61 40.05
      vertex 2.76477 61 40.2377
    endloop
  endfacet
  facet normal 0 -1 0
    outer loop
      vertex 0.799999 61 40.05
      vertex 2.76477 61 39.8623
      vertex 2.75 61 40.05
    endloop
  endfacet
  facet normal 0 -1 0
    outer loop
      vertex 0.838781 61 39.5572
      vertex 2.76477 61 39.8623
      vertex 0.799999 61 40.05
    endloop
  endfacet
  facet normal 0 -1 -0
    outer loop
      vertex 2.76477 61 39.8623
      vertex 0.838781 61 39.5572
      vertex 2.80873 61 39.6792
    endloop
  endfacet
  facet normal 0 -1 0
    outer loop
      vertex 0.954171 61 39.0766
      vertex 2.80873 61 39.6792
      vertex 0.838781 61 39.5572
    endloop
  endfacet
  facet normal 0 -1 -0
    outer loop
      vertex 2.80873 61 39.6792
      vertex 0.954171 61 39.0766
      vertex 2.88079 61 39.5052
    endloop
  endfacet
  facet normal 0 -1 0
    outer loop
      vertex 1.14333 61 38.6199
      vertex 2.88079 61 39.5052
      vertex 0.954171 61 39.0766
    endloop
  endfacet
  facet normal 0 -1 -0
    outer loop
      vertex 2.88079 61 39.5052
      vertex 1.14333 61 38.6199
      vertex 2.97918 61 39.3447
    endloop
  endfacet
  facet normal 0 -1 0
    outer loop
      vertex 1.4016 61 38.1985
      vertex 2.97918 61 39.3447
      vertex 1.14333 61 38.6199
    endloop
  endfacet
  facet normal 0 -1 -0
    outer loop
      vertex 2.97918 61 39.3447
      vertex 1.4016 61 38.1985
      vertex 3.10147 61 39.2015
    endloop
  endfacet
  facet normal 0 -1 0
    outer loop
      vertex 1.72261 61 37.8226
      vertex 3.10147 61 39.2015
      vertex 1.4016 61 38.1985
    endloop
  endfacet
  facet normal 0 -1 -0
    outer loop
      vertex 3.10147 61 39.2015
      vertex 1.72261 61 37.8226
      vertex 3.24466 61 39.0792
    endloop
  endfacet
  facet normal 0 -1 0
    outer loop
      vertex 2.09848 61 37.5016
      vertex 3.24466 61 39.0792
      vertex 1.72261 61 37.8226
    endloop
  endfacet
  facet normal 0 -1 0
    outer loop
      vertex 2.3 61 37.3781
      vertex 3.24466 61 39.0792
      vertex 2.09848 61 37.5016
    endloop
  endfacet
  facet normal 0 -1 -0
    outer loop
      vertex 5.80152 61 42.5984
      vertex 4.65534 61 41.0208
      vertex 6.17739 61 42.2774
    endloop
  endfacet
  facet normal 0 -1 0
    outer loop
      vertex 4.79853 61 40.8985
      vertex 6.17739 61 42.2774
      vertex 4.65534 61 41.0208
    endloop
  endfacet
  facet normal 0 -1 -0
    outer loop
      vertex 6.17739 61 42.2774
      vertex 4.79853 61 40.8985
      vertex 6.4984 61 41.9015
    endloop
  endfacet
  facet normal 0 -1 0
    outer loop
      vertex 4.92082 61 40.7553
      vertex 6.4984 61 41.9015
      vertex 4.79853 61 40.8985
    endloop
  endfacet
  facet normal 0 -1 -0
    outer loop
      vertex 6.4984 61 41.9015
      vertex 4.92082 61 40.7553
      vertex 6.6219 61 41.7
    endloop
  endfacet
  facet normal 0 -1 0
    outer loop
      vertex 5.01921 61 40.5948
      vertex 6.6219 61 41.7
      vertex 4.92082 61 40.7553
    endloop
  endfacet
  facet normal 0 -1 -0
    outer loop
      vertex 6.6219 61 41.7
      vertex 5.01921 61 40.5948
      vertex 6.75667 61 41.4801
    endloop
  endfacet
  facet normal 0 -1 -0
    outer loop
      vertex 6.75667 61 41.4801
      vertex 5.01921 61 40.5948
      vertex 6.94583 61 41.0234
    endloop
  endfacet
  facet normal 0 -1 0
    outer loop
      vertex 5.09127 61 40.4208
      vertex 6.94583 61 41.0234
      vertex 5.01921 61 40.5948
    endloop
  endfacet
  facet normal 0 -1 -0
    outer loop
      vertex 6.94583 61 41.0234
      vertex 5.09127 61 40.4208
      vertex 7.06122 61 40.5428
    endloop
  endfacet
  facet normal 0 -1 0
    outer loop
      vertex 5.13523 61 40.2377
      vertex 7.06122 61 40.5428
      vertex 5.09127 61 40.4208
    endloop
  endfacet
  facet normal 0 -1 -0
    outer loop
      vertex 7.06122 61 40.5428
      vertex 5.13523 61 40.2377
      vertex 7.06458 61 40.5
    endloop
  endfacet
  facet normal 0 -1 0
    outer loop
      vertex 5.15 61 40.05
      vertex 7.06458 61 40.5
      vertex 5.13523 61 40.2377
    endloop
  endfacet
  facet normal 0 -1 0
    outer loop
      vertex 5.15 61 40.05
      vertex 7.1 61 40.05
      vertex 7.06458 61 40.5
    endloop
  endfacet
  facet normal 0 -1 0
    outer loop
      vertex 5.13523 61 39.8623
      vertex 7.1 61 40.05
      vertex 5.15 61 40.05
    endloop
  endfacet
  facet normal 0 -1 0
    outer loop
      vertex 7.06122 61 39.5572
      vertex 5.13523 61 39.8623
      vertex 5.09127 61 39.6792
    endloop
  endfacet
  facet normal 0 -1 0
    outer loop
      vertex 5.13523 61 39.8623
      vertex 7.06122 61 39.5572
      vertex 7.1 61 40.05
    endloop
  endfacet
  facet normal 0 -1 0
    outer loop
      vertex 6.94583 61 39.0766
      vertex 5.09127 61 39.6792
      vertex 5.01921 61 39.5052
    endloop
  endfacet
  facet normal 0 -1 0
    outer loop
      vertex 6.75667 61 38.6199
      vertex 5.01921 61 39.5052
      vertex 4.92082 61 39.3447
    endloop
  endfacet
  facet normal 0 -1 0
    outer loop
      vertex 6.4984 61 38.1985
      vertex 4.92082 61 39.3447
      vertex 4.79853 61 39.2015
    endloop
  endfacet
  facet normal 0 -1 0
    outer loop
      vertex 6.17739 61 37.8226
      vertex 4.79853 61 39.2015
      vertex 4.65534 61 39.0792
    endloop
  endfacet
  facet normal 0 -1 0
    outer loop
      vertex 5.09127 61 39.6792
      vertex 6.94583 61 39.0766
      vertex 7.06122 61 39.5572
    endloop
  endfacet
  facet normal 0 -1 0
    outer loop
      vertex 5.80152 61 37.5016
      vertex 4.65534 61 39.0792
      vertex 4.49479 61 38.9808
    endloop
  endfacet
  facet normal 0 -1 0
    outer loop
      vertex 5.38007 61 37.2433
      vertex 4.49479 61 38.9808
      vertex 4.32082 61 38.9087
    endloop
  endfacet
  facet normal 0 -1 0
    outer loop
      vertex 4.9234 61 37.0542
      vertex 4.32082 61 38.9087
      vertex 4.13772 61 38.8648
    endloop
  endfacet
  facet normal 0 -1 0
    outer loop
      vertex 4.44277 61 36.9388
      vertex 4.13772 61 38.8648
      vertex 3.95 61 38.85
    endloop
  endfacet
  facet normal 0 -1 -0
    outer loop
      vertex 3.24466 61 39.0792
      vertex 2.3 61 37.3781
      vertex 3.40521 61 38.9808
    endloop
  endfacet
  facet normal 0 -1 0
    outer loop
      vertex 5.01921 61 39.5052
      vertex 6.75667 61 38.6199
      vertex 6.94583 61 39.0766
    endloop
  endfacet
  facet normal 0 -1 0
    outer loop
      vertex 2.51993 61 37.2433
      vertex 3.40521 61 38.9808
      vertex 2.3 61 37.3781
    endloop
  endfacet
  facet normal 0 -1 0
    outer loop
      vertex 4.92082 61 39.3447
      vertex 6.4984 61 38.1985
      vertex 6.75667 61 38.6199
    endloop
  endfacet
  facet normal 0 -1 -0
    outer loop
      vertex 3.40521 61 38.9808
      vertex 2.51993 61 37.2433
      vertex 3.57918 61 38.9087
    endloop
  endfacet
  facet normal 0 -1 -0
    outer loop
      vertex 3.57918 61 38.9087
      vertex 2.9766 61 37.0542
      vertex 3.76228 61 38.8648
    endloop
  endfacet
  facet normal 0 -1 0
    outer loop
      vertex 2.9766 61 37.0542
      vertex 3.57918 61 38.9087
      vertex 2.51993 61 37.2433
    endloop
  endfacet
  facet normal 0 -1 0
    outer loop
      vertex 4.79853 61 39.2015
      vertex 6.17739 61 37.8226
      vertex 6.4984 61 38.1985
    endloop
  endfacet
  facet normal 0 -1 0
    outer loop
      vertex 4.65534 61 39.0792
      vertex 5.80152 61 37.5016
      vertex 6.17739 61 37.8226
    endloop
  endfacet
  facet normal 0 -1 0
    outer loop
      vertex 3.45723 61 36.9388
      vertex 3.76228 61 38.8648
      vertex 2.9766 61 37.0542
    endloop
  endfacet
  facet normal 0 -1 0
    outer loop
      vertex 4.49479 61 38.9808
      vertex 5.38007 61 37.2433
      vertex 5.80152 61 37.5016
    endloop
  endfacet
  facet normal 0 -1 0
    outer loop
      vertex 3.5 61 36.9354
      vertex 3.76228 61 38.8648
      vertex 3.45723 61 36.9388
    endloop
  endfacet
  facet normal 0 -1 0
    outer loop
      vertex 4.32082 61 38.9087
      vertex 4.9234 61 37.0542
      vertex 5.38007 61 37.2433
    endloop
  endfacet
  facet normal 0 -1 -0
    outer loop
      vertex 3.76228 61 38.8648
      vertex 3.5 61 36.9354
      vertex 3.95 61 38.85
    endloop
  endfacet
  facet normal 0 -1 0
    outer loop
      vertex 3.95 61 36.9
      vertex 3.95 61 38.85
      vertex 3.5 61 36.9354
    endloop
  endfacet
  facet normal 0 -1 0
    outer loop
      vertex 4.13772 61 38.8648
      vertex 4.44277 61 36.9388
      vertex 4.9234 61 37.0542
    endloop
  endfacet
  facet normal 0 -1 0
    outer loop
      vertex 3.95 61 38.85
      vertex 3.95 61 36.9
      vertex 4.44277 61 36.9388
    endloop
  endfacet
  facet normal 0 -1 0
    outer loop
      vertex 29.05 61 41.25
      vertex 29.05 61 43.2
      vertex 28.5572 61 43.1612
    endloop
  endfacet
  facet normal 0 -1 0
    outer loop
      vertex 28.8623 61 41.2352
      vertex 28.5572 61 43.1612
      vertex 28.0766 61 43.0458
    endloop
  endfacet
  facet normal 0 -1 0
    outer loop
      vertex 29.05 61 43.2
      vertex 29.05 61 41.25
      vertex 29.5428 61 43.1612
    endloop
  endfacet
  facet normal 0 -1 0
    outer loop
      vertex 28.6792 61 41.1913
      vertex 28.0766 61 43.0458
      vertex 27.6199 61 42.8567
    endloop
  endfacet
  facet normal 0 -1 0
    outer loop
      vertex 29.2377 61 41.2352
      vertex 29.5428 61 43.1612
      vertex 29.05 61 41.25
    endloop
  endfacet
  facet normal 0 -1 0
    outer loop
      vertex 28.5052 61 41.1192
      vertex 27.6199 61 42.8567
      vertex 27.1985 61 42.5984
    endloop
  endfacet
  facet normal 0 -1 -0
    outer loop
      vertex 29.5428 61 43.1612
      vertex 29.2377 61 41.2352
      vertex 30.0234 61 43.0458
    endloop
  endfacet
  facet normal 0 -1 0
    outer loop
      vertex 28.3447 61 41.0208
      vertex 27.1985 61 42.5984
      vertex 26.8226 61 42.2774
    endloop
  endfacet
  facet normal 0 -1 0
    outer loop
      vertex 29.4208 61 41.1913
      vertex 30.0234 61 43.0458
      vertex 29.2377 61 41.2352
    endloop
  endfacet
  facet normal 0 -1 0
    outer loop
      vertex 28.2015 61 40.8985
      vertex 26.8226 61 42.2774
      vertex 26.5016 61 41.9015
    endloop
  endfacet
  facet normal 0 -1 -0
    outer loop
      vertex 30.0234 61 43.0458
      vertex 29.4208 61 41.1913
      vertex 30.4801 61 42.8567
    endloop
  endfacet
  facet normal 0 -1 0
    outer loop
      vertex 28.0792 61 40.7553
      vertex 26.5016 61 41.9015
      vertex 26.3781 61 41.7
    endloop
  endfacet
  facet normal 0 -1 0
    outer loop
      vertex 27.9808 61 40.5948
      vertex 26.3781 61 41.7
      vertex 26.2433 61 41.4801
    endloop
  endfacet
  facet normal 0 -1 0
    outer loop
      vertex 29.5948 61 41.1192
      vertex 30.4801 61 42.8567
      vertex 29.4208 61 41.1913
    endloop
  endfacet
  facet normal 0 -1 -0
    outer loop
      vertex 30.4801 61 42.8567
      vertex 29.5948 61 41.1192
      vertex 30.9015 61 42.5984
    endloop
  endfacet
  facet normal 0 -1 0
    outer loop
      vertex 28.5572 61 43.1612
      vertex 28.8623 61 41.2352
      vertex 29.05 61 41.25
    endloop
  endfacet
  facet normal 0 -1 0
    outer loop
      vertex 28.0766 61 43.0458
      vertex 28.6792 61 41.1913
      vertex 28.8623 61 41.2352
    endloop
  endfacet
  facet normal 0 -1 0
    outer loop
      vertex 27.6199 61 42.8567
      vertex 28.5052 61 41.1192
      vertex 28.6792 61 41.1913
    endloop
  endfacet
  facet normal 0 -1 0
    outer loop
      vertex 27.9808 61 40.5948
      vertex 26.2433 61 41.4801
      vertex 26.0542 61 41.0234
    endloop
  endfacet
  facet normal 0 -1 0
    outer loop
      vertex 27.1985 61 42.5984
      vertex 28.3447 61 41.0208
      vertex 28.5052 61 41.1192
    endloop
  endfacet
  facet normal 0 -1 0
    outer loop
      vertex 26.8226 61 42.2774
      vertex 28.2015 61 40.8985
      vertex 28.3447 61 41.0208
    endloop
  endfacet
  facet normal 0 -1 0
    outer loop
      vertex 26.5016 61 41.9015
      vertex 28.0792 61 40.7553
      vertex 28.2015 61 40.8985
    endloop
  endfacet
  facet normal 0 -1 0
    outer loop
      vertex 26.3781 61 41.7
      vertex 27.9808 61 40.5948
      vertex 28.0792 61 40.7553
    endloop
  endfacet
  facet normal 0 -1 0
    outer loop
      vertex 27.9087 61 40.4208
      vertex 26.0542 61 41.0234
      vertex 25.9388 61 40.5428
    endloop
  endfacet
  facet normal 0 -1 0
    outer loop
      vertex 27.8648 61 40.2377
      vertex 25.9388 61 40.5428
      vertex 25.9354 61 40.5
    endloop
  endfacet
  facet normal 0 -1 0
    outer loop
      vertex 26.0542 61 41.0234
      vertex 27.9087 61 40.4208
      vertex 27.9808 61 40.5948
    endloop
  endfacet
  facet normal 0 -1 0
    outer loop
      vertex 25.9388 61 40.5428
      vertex 27.8648 61 40.2377
      vertex 27.9087 61 40.4208
    endloop
  endfacet
  facet normal 0 -1 0
    outer loop
      vertex 27.85 61 40.05
      vertex 25.9354 61 40.5
      vertex 25.9 61 40.05
    endloop
  endfacet
  facet normal 0 -1 0
    outer loop
      vertex 25.9354 61 40.5
      vertex 27.85 61 40.05
      vertex 27.8648 61 40.2377
    endloop
  endfacet
  facet normal 0 -1 0
    outer loop
      vertex 25.9 61 40.05
      vertex 27.8648 61 39.8623
      vertex 27.85 61 40.05
    endloop
  endfacet
  facet normal 0 -1 0
    outer loop
      vertex 25.9388 61 39.5572
      vertex 27.8648 61 39.8623
      vertex 25.9 61 40.05
    endloop
  endfacet
  facet normal 0 -1 -0
    outer loop
      vertex 27.8648 61 39.8623
      vertex 25.9388 61 39.5572
      vertex 27.9087 61 39.6792
    endloop
  endfacet
  facet normal 0 -1 0
    outer loop
      vertex 26.0542 61 39.0766
      vertex 27.9087 61 39.6792
      vertex 25.9388 61 39.5572
    endloop
  endfacet
  facet normal 0 -1 -0
    outer loop
      vertex 27.9087 61 39.6792
      vertex 26.0542 61 39.0766
      vertex 27.9808 61 39.5052
    endloop
  endfacet
  facet normal 0 -1 0
    outer loop
      vertex 26.2433 61 38.6199
      vertex 27.9808 61 39.5052
      vertex 26.0542 61 39.0766
    endloop
  endfacet
  facet normal 0 -1 -0
    outer loop
      vertex 27.9808 61 39.5052
      vertex 26.2433 61 38.6199
      vertex 28.0792 61 39.3447
    endloop
  endfacet
  facet normal 0 -1 0
    outer loop
      vertex 26.5016 61 38.1985
      vertex 28.0792 61 39.3447
      vertex 26.2433 61 38.6199
    endloop
  endfacet
  facet normal 0 -1 -0
    outer loop
      vertex 28.0792 61 39.3447
      vertex 26.5016 61 38.1985
      vertex 28.2015 61 39.2015
    endloop
  endfacet
  facet normal 0 -1 0
    outer loop
      vertex 26.8226 61 37.8226
      vertex 28.2015 61 39.2015
      vertex 26.5016 61 38.1985
    endloop
  endfacet
  facet normal 0 -1 -0
    outer loop
      vertex 28.2015 61 39.2015
      vertex 26.8226 61 37.8226
      vertex 28.3447 61 39.0792
    endloop
  endfacet
  facet normal 0 -1 0
    outer loop
      vertex 27.1985 61 37.5016
      vertex 28.3447 61 39.0792
      vertex 26.8226 61 37.8226
    endloop
  endfacet
  facet normal 0 -1 -0
    outer loop
      vertex 28.3447 61 39.0792
      vertex 27.1985 61 37.5016
      vertex 28.5052 61 38.9808
    endloop
  endfacet
  facet normal 0 -1 0
    outer loop
      vertex 29.7553 61 41.0208
      vertex 30.9015 61 42.5984
      vertex 29.5948 61 41.1192
    endloop
  endfacet
  facet normal 0 -1 -0
    outer loop
      vertex 30.9015 61 42.5984
      vertex 29.7553 61 41.0208
      vertex 31.2774 61 42.2774
    endloop
  endfacet
  facet normal 0 -1 0
    outer loop
      vertex 29.8985 61 40.8985
      vertex 31.2774 61 42.2774
      vertex 29.7553 61 41.0208
    endloop
  endfacet
  facet normal 0 -1 -0
    outer loop
      vertex 31.2774 61 42.2774
      vertex 29.8985 61 40.8985
      vertex 31.5984 61 41.9015
    endloop
  endfacet
  facet normal 0 -1 0
    outer loop
      vertex 30.0208 61 40.7553
      vertex 31.5984 61 41.9015
      vertex 29.8985 61 40.8985
    endloop
  endfacet
  facet normal 0 -1 -0
    outer loop
      vertex 31.5984 61 41.9015
      vertex 30.0208 61 40.7553
      vertex 31.8567 61 41.4801
    endloop
  endfacet
  facet normal 0 -1 0
    outer loop
      vertex 30.1192 61 40.5948
      vertex 31.8567 61 41.4801
      vertex 30.0208 61 40.7553
    endloop
  endfacet
  facet normal 0 -1 -0
    outer loop
      vertex 31.8567 61 41.4801
      vertex 30.1192 61 40.5948
      vertex 32.0458 61 41.0234
    endloop
  endfacet
  facet normal 0 -1 0
    outer loop
      vertex 30.1913 61 40.4208
      vertex 32.0458 61 41.0234
      vertex 30.1192 61 40.5948
    endloop
  endfacet
  facet normal 0 -1 -0
    outer loop
      vertex 32.0458 61 41.0234
      vertex 30.1913 61 40.4208
      vertex 32.1612 61 40.5428
    endloop
  endfacet
  facet normal 0 -1 0
    outer loop
      vertex 30.2352 61 40.2377
      vertex 32.1612 61 40.5428
      vertex 30.1913 61 40.4208
    endloop
  endfacet
  facet normal 0 -1 0
    outer loop
      vertex 30.25 61 40.05
      vertex 32.1612 61 40.5428
      vertex 30.2352 61 40.2377
    endloop
  endfacet
  facet normal 0 -1 0
    outer loop
      vertex 30.25 61 40.05
      vertex 32.2 61 40.05
      vertex 32.1612 61 40.5428
    endloop
  endfacet
  facet normal 0 -1 0
    outer loop
      vertex 30.2352 61 39.8623
      vertex 32.2 61 40.05
      vertex 30.25 61 40.05
    endloop
  endfacet
  facet normal 0 -1 0
    outer loop
      vertex 32.1612 61 39.5572
      vertex 30.2352 61 39.8623
      vertex 30.1913 61 39.6792
    endloop
  endfacet
  facet normal 0 -1 0
    outer loop
      vertex 30.2352 61 39.8623
      vertex 32.1612 61 39.5572
      vertex 32.2 61 40.05
    endloop
  endfacet
  facet normal 0 -1 0
    outer loop
      vertex 32.0458 61 39.0766
      vertex 30.1913 61 39.6792
      vertex 30.1192 61 39.5052
    endloop
  endfacet
  facet normal 0 -1 0
    outer loop
      vertex 31.8567 61 38.6199
      vertex 30.1192 61 39.5052
      vertex 30.0208 61 39.3447
    endloop
  endfacet
  facet normal 0 -1 0
    outer loop
      vertex 31.5984 61 38.1985
      vertex 30.0208 61 39.3447
      vertex 29.8985 61 39.2015
    endloop
  endfacet
  facet normal 0 -1 0
    outer loop
      vertex 31.2774 61 37.8226
      vertex 29.8985 61 39.2015
      vertex 29.7553 61 39.0792
    endloop
  endfacet
  facet normal 0 -1 0
    outer loop
      vertex 30.1913 61 39.6792
      vertex 32.0458 61 39.0766
      vertex 32.1612 61 39.5572
    endloop
  endfacet
  facet normal 0 -1 0
    outer loop
      vertex 30.7 61 37.3781
      vertex 29.7553 61 39.0792
      vertex 29.5948 61 38.9808
    endloop
  endfacet
  facet normal 0 -1 0
    outer loop
      vertex 30.4801 61 37.2433
      vertex 29.5948 61 38.9808
      vertex 29.4208 61 38.9087
    endloop
  endfacet
  facet normal 0 -1 0
    outer loop
      vertex 30.0234 61 37.0542
      vertex 29.4208 61 38.9087
      vertex 29.2377 61 38.8648
    endloop
  endfacet
  facet normal 0 -1 0
    outer loop
      vertex 29.5 61 36.9354
      vertex 29.2377 61 38.8648
      vertex 29.05 61 38.85
    endloop
  endfacet
  facet normal 0 -1 0
    outer loop
      vertex 27.6199 61 37.2433
      vertex 28.5052 61 38.9808
      vertex 27.1985 61 37.5016
    endloop
  endfacet
  facet normal 0 -1 0
    outer loop
      vertex 30.1192 61 39.5052
      vertex 31.8567 61 38.6199
      vertex 32.0458 61 39.0766
    endloop
  endfacet
  facet normal 0 -1 -0
    outer loop
      vertex 28.5052 61 38.9808
      vertex 27.6199 61 37.2433
      vertex 28.6792 61 38.9087
    endloop
  endfacet
  facet normal 0 -1 0
    outer loop
      vertex 30.0208 61 39.3447
      vertex 31.5984 61 38.1985
      vertex 31.8567 61 38.6199
    endloop
  endfacet
  facet normal 0 -1 0
    outer loop
      vertex 28.0766 61 37.0542
      vertex 28.6792 61 38.9087
      vertex 27.6199 61 37.2433
    endloop
  endfacet
  facet normal 0 -1 0
    outer loop
      vertex 29.7553 61 39.0792
      vertex 30.7 61 37.3781
      vertex 30.9015 61 37.5016
    endloop
  endfacet
  facet normal 0 -1 -0
    outer loop
      vertex 28.6792 61 38.9087
      vertex 28.0766 61 37.0542
      vertex 28.8623 61 38.8648
    endloop
  endfacet
  facet normal 0 -1 0
    outer loop
      vertex 29.8985 61 39.2015
      vertex 31.2774 61 37.8226
      vertex 31.5984 61 38.1985
    endloop
  endfacet
  facet normal 0 -1 0
    outer loop
      vertex 29.7553 61 39.0792
      vertex 30.9015 61 37.5016
      vertex 31.2774 61 37.8226
    endloop
  endfacet
  facet normal 0 -1 0
    outer loop
      vertex 28.5572 61 36.9388
      vertex 28.8623 61 38.8648
      vertex 28.0766 61 37.0542
    endloop
  endfacet
  facet normal 0 -1 -0
    outer loop
      vertex 28.8623 61 38.8648
      vertex 28.5572 61 36.9388
      vertex 29.05 61 38.85
    endloop
  endfacet
  facet normal 0 -1 0
    outer loop
      vertex 29.4208 61 38.9087
      vertex 30.0234 61 37.0542
      vertex 30.4801 61 37.2433
    endloop
  endfacet
  facet normal 0 -1 0
    outer loop
      vertex 29.5948 61 38.9808
      vertex 30.4801 61 37.2433
      vertex 30.7 61 37.3781
    endloop
  endfacet
  facet normal 0 -1 0
    outer loop
      vertex 29.05 61 36.9
      vertex 29.05 61 38.85
      vertex 28.5572 61 36.9388
    endloop
  endfacet
  facet normal 0 -1 0
    outer loop
      vertex 29.2377 61 38.8648
      vertex 29.5 61 36.9354
      vertex 29.5428 61 36.9388
    endloop
  endfacet
  facet normal 0 -1 0
    outer loop
      vertex 29.2377 61 38.8648
      vertex 29.5428 61 36.9388
      vertex 30.0234 61 37.0542
    endloop
  endfacet
  facet normal 0 -1 0
    outer loop
      vertex 29.05 61 38.85
      vertex 29.05 61 36.9
      vertex 29.5 61 36.9354
    endloop
  endfacet
  facet normal 0 -1 0
    outer loop
      vertex 29.05 61 5.15
      vertex 29.05 61 7.1
      vertex 28.5572 61 7.06122
    endloop
  endfacet
  facet normal 0 -1 0
    outer loop
      vertex 29.05 61 7.1
      vertex 29.05 61 5.15
      vertex 29.5 61 7.06458
    endloop
  endfacet
  facet normal 0 -1 0
    outer loop
      vertex 28.8623 61 5.13523
      vertex 28.5572 61 7.06122
      vertex 28.0766 61 6.94583
    endloop
  endfacet
  facet normal 0 -1 0
    outer loop
      vertex 29.2377 61 5.13523
      vertex 29.5 61 7.06458
      vertex 29.05 61 5.15
    endloop
  endfacet
  facet normal 0 -1 0
    outer loop
      vertex 28.6792 61 5.09127
      vertex 28.0766 61 6.94583
      vertex 27.6199 61 6.75667
    endloop
  endfacet
  facet normal 0 -1 -0
    outer loop
      vertex 29.5 61 7.06458
      vertex 29.2377 61 5.13523
      vertex 29.5428 61 7.06122
    endloop
  endfacet
  facet normal 0 -1 -0
    outer loop
      vertex 29.5428 61 7.06122
      vertex 29.2377 61 5.13523
      vertex 30.0234 61 6.94583
    endloop
  endfacet
  facet normal 0 -1 0
    outer loop
      vertex 28.5052 61 5.01921
      vertex 27.6199 61 6.75667
      vertex 27.1985 61 6.4984
    endloop
  endfacet
  facet normal 0 -1 0
    outer loop
      vertex 29.4208 61 5.09127
      vertex 30.0234 61 6.94583
      vertex 29.2377 61 5.13523
    endloop
  endfacet
  facet normal 0 -1 0
    outer loop
      vertex 28.3447 61 4.92082
      vertex 27.1985 61 6.4984
      vertex 26.8226 61 6.17739
    endloop
  endfacet
  facet normal 0 -1 -0
    outer loop
      vertex 30.0234 61 6.94583
      vertex 29.4208 61 5.09127
      vertex 30.4801 61 6.75667
    endloop
  endfacet
  facet normal 0 -1 0
    outer loop
      vertex 28.2015 61 4.79853
      vertex 26.8226 61 6.17739
      vertex 26.5016 61 5.80152
    endloop
  endfacet
  facet normal 0 -1 0
    outer loop
      vertex 29.5948 61 5.01921
      vertex 30.4801 61 6.75667
      vertex 29.4208 61 5.09127
    endloop
  endfacet
  facet normal 0 -1 0
    outer loop
      vertex 28.0792 61 4.65534
      vertex 26.5016 61 5.80152
      vertex 26.2433 61 5.38007
    endloop
  endfacet
  facet normal 0 -1 -0
    outer loop
      vertex 30.4801 61 6.75667
      vertex 29.5948 61 5.01921
      vertex 30.7 61 6.6219
    endloop
  endfacet
  facet normal 0 -1 0
    outer loop
      vertex 29.7553 61 4.92082
      vertex 30.7 61 6.6219
      vertex 29.5948 61 5.01921
    endloop
  endfacet
  facet normal 0 -1 0
    outer loop
      vertex 28.5572 61 7.06122
      vertex 28.8623 61 5.13523
      vertex 29.05 61 5.15
    endloop
  endfacet
  facet normal 0 -1 0
    outer loop
      vertex 28.0766 61 6.94583
      vertex 28.6792 61 5.09127
      vertex 28.8623 61 5.13523
    endloop
  endfacet
  facet normal 0 -1 0
    outer loop
      vertex 27.6199 61 6.75667
      vertex 28.5052 61 5.01921
      vertex 28.6792 61 5.09127
    endloop
  endfacet
  facet normal 0 -1 0
    outer loop
      vertex 27.9808 61 4.49479
      vertex 26.2433 61 5.38007
      vertex 26.0542 61 4.9234
    endloop
  endfacet
  facet normal 0 -1 0
    outer loop
      vertex 27.1985 61 6.4984
      vertex 28.3447 61 4.92082
      vertex 28.5052 61 5.01921
    endloop
  endfacet
  facet normal 0 -1 0
    outer loop
      vertex 26.8226 61 6.17739
      vertex 28.2015 61 4.79853
      vertex 28.3447 61 4.92082
    endloop
  endfacet
  facet normal 0 -1 0
    outer loop
      vertex 26.5016 61 5.80152
      vertex 28.0792 61 4.65534
      vertex 28.2015 61 4.79853
    endloop
  endfacet
  facet normal 0 -1 0
    outer loop
      vertex 26.2433 61 5.38007
      vertex 27.9808 61 4.49479
      vertex 28.0792 61 4.65534
    endloop
  endfacet
  facet normal 0 -1 0
    outer loop
      vertex 27.9087 61 4.32082
      vertex 26.0542 61 4.9234
      vertex 25.9388 61 4.44277
    endloop
  endfacet
  facet normal 0 -1 0
    outer loop
      vertex 26.0542 61 4.9234
      vertex 27.9087 61 4.32082
      vertex 27.9808 61 4.49479
    endloop
  endfacet
  facet normal 0 -1 0
    outer loop
      vertex 25.9388 61 4.44277
      vertex 27.8648 61 4.13772
      vertex 27.9087 61 4.32082
    endloop
  endfacet
  facet normal 0 -1 0
    outer loop
      vertex 25.9 61 3.95
      vertex 27.8648 61 4.13772
      vertex 25.9388 61 4.44277
    endloop
  endfacet
  facet normal 0 -1 0
    outer loop
      vertex 25.9 61 3.95
      vertex 27.85 61 3.95
      vertex 27.8648 61 4.13772
    endloop
  endfacet
  facet normal 0 -1 0
    outer loop
      vertex 25.9354 61 3.5
      vertex 27.85 61 3.95
      vertex 25.9 61 3.95
    endloop
  endfacet
  facet normal 0 -1 -0
    outer loop
      vertex 27.85 61 3.95
      vertex 25.9354 61 3.5
      vertex 27.8648 61 3.76228
    endloop
  endfacet
  facet normal 0 -1 0
    outer loop
      vertex 25.9388 61 3.45723
      vertex 27.8648 61 3.76228
      vertex 25.9354 61 3.5
    endloop
  endfacet
  facet normal 0 -1 -0
    outer loop
      vertex 27.8648 61 3.76228
      vertex 25.9388 61 3.45723
      vertex 27.9087 61 3.57918
    endloop
  endfacet
  facet normal 0 -1 0
    outer loop
      vertex 26.0542 61 2.9766
      vertex 27.9087 61 3.57918
      vertex 25.9388 61 3.45723
    endloop
  endfacet
  facet normal 0 -1 -0
    outer loop
      vertex 27.9087 61 3.57918
      vertex 26.0542 61 2.9766
      vertex 27.9808 61 3.40521
    endloop
  endfacet
  facet normal 0 -1 0
    outer loop
      vertex 26.2433 61 2.51993
      vertex 27.9808 61 3.40521
      vertex 26.0542 61 2.9766
    endloop
  endfacet
  facet normal 0 -1 0
    outer loop
      vertex 26.3781 61 2.3
      vertex 27.9808 61 3.40521
      vertex 26.2433 61 2.51993
    endloop
  endfacet
  facet normal 0 -1 -0
    outer loop
      vertex 27.9808 61 3.40521
      vertex 26.3781 61 2.3
      vertex 28.0792 61 3.24466
    endloop
  endfacet
  facet normal 0 -1 0
    outer loop
      vertex 26.5016 61 2.09848
      vertex 28.0792 61 3.24466
      vertex 26.3781 61 2.3
    endloop
  endfacet
  facet normal 0 -1 -0
    outer loop
      vertex 28.0792 61 3.24466
      vertex 26.5016 61 2.09848
      vertex 28.2015 61 3.10147
    endloop
  endfacet
  facet normal 0 -1 0
    outer loop
      vertex 26.8226 61 1.72261
      vertex 28.2015 61 3.10147
      vertex 26.5016 61 2.09848
    endloop
  endfacet
  facet normal 0 -1 -0
    outer loop
      vertex 28.2015 61 3.10147
      vertex 26.8226 61 1.72261
      vertex 28.3447 61 2.97918
    endloop
  endfacet
  facet normal 0 -1 0
    outer loop
      vertex 27.1985 61 1.4016
      vertex 28.3447 61 2.97918
      vertex 26.8226 61 1.72261
    endloop
  endfacet
  facet normal 0 -1 -0
    outer loop
      vertex 30.7 61 6.6219
      vertex 29.7553 61 4.92082
      vertex 30.9015 61 6.4984
    endloop
  endfacet
  facet normal 0 -1 -0
    outer loop
      vertex 30.9015 61 6.4984
      vertex 29.7553 61 4.92082
      vertex 31.2774 61 6.17739
    endloop
  endfacet
  facet normal 0 -1 0
    outer loop
      vertex 29.8985 61 4.79853
      vertex 31.2774 61 6.17739
      vertex 29.7553 61 4.92082
    endloop
  endfacet
  facet normal 0 -1 -0
    outer loop
      vertex 31.2774 61 6.17739
      vertex 29.8985 61 4.79853
      vertex 31.5984 61 5.80152
    endloop
  endfacet
  facet normal 0 -1 0
    outer loop
      vertex 30.0208 61 4.65534
      vertex 31.5984 61 5.80152
      vertex 29.8985 61 4.79853
    endloop
  endfacet
  facet normal 0 -1 -0
    outer loop
      vertex 31.5984 61 5.80152
      vertex 30.0208 61 4.65534
      vertex 31.8567 61 5.38007
    endloop
  endfacet
  facet normal 0 -1 0
    outer loop
      vertex 30.1192 61 4.49479
      vertex 31.8567 61 5.38007
      vertex 30.0208 61 4.65534
    endloop
  endfacet
  facet normal 0 -1 -0
    outer loop
      vertex 31.8567 61 5.38007
      vertex 30.1192 61 4.49479
      vertex 32.0458 61 4.9234
    endloop
  endfacet
  facet normal 0 -1 0
    outer loop
      vertex 30.1913 61 4.32082
      vertex 32.0458 61 4.9234
      vertex 30.1192 61 4.49479
    endloop
  endfacet
  facet normal 0 -1 -0
    outer loop
      vertex 32.0458 61 4.9234
      vertex 30.1913 61 4.32082
      vertex 32.1612 61 4.44277
    endloop
  endfacet
  facet normal 0 -1 0
    outer loop
      vertex 30.2352 61 4.13772
      vertex 32.1612 61 4.44277
      vertex 30.1913 61 4.32082
    endloop
  endfacet
  facet normal 0 -1 0
    outer loop
      vertex 30.25 61 3.95
      vertex 32.1612 61 4.44277
      vertex 30.2352 61 4.13772
    endloop
  endfacet
  facet normal 0 -1 0
    outer loop
      vertex 30.25 61 3.95
      vertex 32.2 61 3.95
      vertex 32.1612 61 4.44277
    endloop
  endfacet
  facet normal 0 -1 0
    outer loop
      vertex 30.2352 61 3.76228
      vertex 32.2 61 3.95
      vertex 30.25 61 3.95
    endloop
  endfacet
  facet normal 0 -1 0
    outer loop
      vertex 32.1612 61 3.45723
      vertex 30.2352 61 3.76228
      vertex 30.1913 61 3.57918
    endloop
  endfacet
  facet normal 0 -1 0
    outer loop
      vertex 30.2352 61 3.76228
      vertex 32.1612 61 3.45723
      vertex 32.2 61 3.95
    endloop
  endfacet
  facet normal 0 -1 0
    outer loop
      vertex 32.0458 61 2.9766
      vertex 30.1913 61 3.57918
      vertex 30.1192 61 3.40521
    endloop
  endfacet
  facet normal 0 -1 0
    outer loop
      vertex 31.8567 61 2.51993
      vertex 30.1192 61 3.40521
      vertex 30.0208 61 3.24466
    endloop
  endfacet
  facet normal 0 -1 0
    outer loop
      vertex 31.5984 61 2.09848
      vertex 30.0208 61 3.24466
      vertex 29.8985 61 3.10147
    endloop
  endfacet
  facet normal 0 -1 0
    outer loop
      vertex 31.2774 61 1.72261
      vertex 29.8985 61 3.10147
      vertex 29.7553 61 2.97918
    endloop
  endfacet
  facet normal 0 -1 0
    outer loop
      vertex 30.1913 61 3.57918
      vertex 32.0458 61 2.9766
      vertex 32.1612 61 3.45723
    endloop
  endfacet
  facet normal 0 -1 0
    outer loop
      vertex 30.9015 61 1.4016
      vertex 29.7553 61 2.97918
      vertex 29.5948 61 2.88079
    endloop
  endfacet
  facet normal 0 -1 0
    outer loop
      vertex 30.4801 61 1.14333
      vertex 29.5948 61 2.88079
      vertex 29.4208 61 2.80873
    endloop
  endfacet
  facet normal 0 -1 0
    outer loop
      vertex 30.0234 61 0.954171
      vertex 29.4208 61 2.80873
      vertex 29.2377 61 2.76477
    endloop
  endfacet
  facet normal 0 -1 0
    outer loop
      vertex 29.5428 61 0.838781
      vertex 29.2377 61 2.76477
      vertex 29.05 61 2.75
    endloop
  endfacet
  facet normal 0 -1 -0
    outer loop
      vertex 28.3447 61 2.97918
      vertex 27.1985 61 1.4016
      vertex 28.5052 61 2.88079
    endloop
  endfacet
  facet normal 0 -1 0
    outer loop
      vertex 27.6199 61 1.14333
      vertex 28.5052 61 2.88079
      vertex 27.1985 61 1.4016
    endloop
  endfacet
  facet normal 0 -1 0
    outer loop
      vertex 30.1192 61 3.40521
      vertex 31.8567 61 2.51993
      vertex 32.0458 61 2.9766
    endloop
  endfacet
  facet normal 0 -1 -0
    outer loop
      vertex 28.5052 61 2.88079
      vertex 27.6199 61 1.14333
      vertex 28.6792 61 2.80873
    endloop
  endfacet
  facet normal 0 -1 0
    outer loop
      vertex 30.0208 61 3.24466
      vertex 31.5984 61 2.09848
      vertex 31.8567 61 2.51993
    endloop
  endfacet
  facet normal 0 -1 0
    outer loop
      vertex 28.0766 61 0.954171
      vertex 28.6792 61 2.80873
      vertex 27.6199 61 1.14333
    endloop
  endfacet
  facet normal 0 -1 0
    outer loop
      vertex 29.8985 61 3.10147
      vertex 31.2774 61 1.72261
      vertex 31.5984 61 2.09848
    endloop
  endfacet
  facet normal 0 -1 -0
    outer loop
      vertex 28.6792 61 2.80873
      vertex 28.0766 61 0.954171
      vertex 28.8623 61 2.76477
    endloop
  endfacet
  facet normal 0 -1 0
    outer loop
      vertex 29.7553 61 2.97918
      vertex 30.9015 61 1.4016
      vertex 31.2774 61 1.72261
    endloop
  endfacet
  facet normal 0 -1 0
    outer loop
      vertex 28.5572 61 0.838781
      vertex 28.8623 61 2.76477
      vertex 28.0766 61 0.954171
    endloop
  endfacet
  facet normal 0 -1 0
    outer loop
      vertex 29.5948 61 2.88079
      vertex 30.4801 61 1.14333
      vertex 30.9015 61 1.4016
    endloop
  endfacet
  facet normal 0 -1 -0
    outer loop
      vertex 28.8623 61 2.76477
      vertex 28.5572 61 0.838781
      vertex 29.05 61 2.75
    endloop
  endfacet
  facet normal 0 -1 0
    outer loop
      vertex 29.4208 61 2.80873
      vertex 30.0234 61 0.954171
      vertex 30.4801 61 1.14333
    endloop
  endfacet
  facet normal 0 -1 0
    outer loop
      vertex 29.05 61 0.799999
      vertex 29.05 61 2.75
      vertex 28.5572 61 0.838781
    endloop
  endfacet
  facet normal 0 -1 0
    outer loop
      vertex 29.2377 61 2.76477
      vertex 29.5428 61 0.838781
      vertex 30.0234 61 0.954171
    endloop
  endfacet
  facet normal 0 -1 0
    outer loop
      vertex 29.05 61 2.75
      vertex 29.05 61 0.799999
      vertex 29.5428 61 0.838781
    endloop
  endfacet
  facet normal 0 -1 0
    outer loop
      vertex 20.7 61 5.15
      vertex 20.7 61 7.1
      vertex 20.2072 61 7.06122
    endloop
  endfacet
  facet normal 0 -1 0
    outer loop
      vertex 20.5123 61 5.13523
      vertex 20.2072 61 7.06122
      vertex 19.7266 61 6.94583
    endloop
  endfacet
  facet normal 0 -1 0
    outer loop
      vertex 20.7 61 7.1
      vertex 20.7 61 5.15
      vertex 21.1928 61 7.06122
    endloop
  endfacet
  facet normal 0 -1 0
    outer loop
      vertex 20.3292 61 5.09127
      vertex 19.7266 61 6.94583
      vertex 19.2699 61 6.75667
    endloop
  endfacet
  facet normal 0 -1 0
    outer loop
      vertex 20.8877 61 5.13523
      vertex 21.1928 61 7.06122
      vertex 20.7 61 5.15
    endloop
  endfacet
  facet normal 0 -1 0
    outer loop
      vertex 20.1552 61 5.01921
      vertex 19.2699 61 6.75667
      vertex 18.8485 61 6.4984
    endloop
  endfacet
  facet normal 0 -1 -0
    outer loop
      vertex 21.1928 61 7.06122
      vertex 20.8877 61 5.13523
      vertex 21.6734 61 6.94583
    endloop
  endfacet
  facet normal 0 -1 0
    outer loop
      vertex 19.9947 61 4.92082
      vertex 18.8485 61 6.4984
      vertex 18.4726 61 6.17739
    endloop
  endfacet
  facet normal 0 -1 0
    outer loop
      vertex 21.0708 61 5.09127
      vertex 21.6734 61 6.94583
      vertex 20.8877 61 5.13523
    endloop
  endfacet
  facet normal 0 -1 0
    outer loop
      vertex 19.8515 61 4.79853
      vertex 18.4726 61 6.17739
      vertex 18.1516 61 5.80152
    endloop
  endfacet
  facet normal 0 -1 -0
    outer loop
      vertex 21.6734 61 6.94583
      vertex 21.0708 61 5.09127
      vertex 22.1301 61 6.75667
    endloop
  endfacet
  facet normal 0 -1 0
    outer loop
      vertex 19.7292 61 4.65534
      vertex 18.1516 61 5.80152
      vertex 17.8933 61 5.38007
    endloop
  endfacet
  facet normal 0 -1 0
    outer loop
      vertex 21.2448 61 5.01921
      vertex 22.1301 61 6.75667
      vertex 21.0708 61 5.09127
    endloop
  endfacet
  facet normal 0 -1 -0
    outer loop
      vertex 22.1301 61 6.75667
      vertex 21.2448 61 5.01921
      vertex 22.5515 61 6.4984
    endloop
  endfacet
  facet normal 0 -1 0
    outer loop
      vertex 20.2072 61 7.06122
      vertex 20.5123 61 5.13523
      vertex 20.7 61 5.15
    endloop
  endfacet
  facet normal 0 -1 0
    outer loop
      vertex 19.7266 61 6.94583
      vertex 20.3292 61 5.09127
      vertex 20.5123 61 5.13523
    endloop
  endfacet
  facet normal 0 -1 0
    outer loop
      vertex 19.2699 61 6.75667
      vertex 20.1552 61 5.01921
      vertex 20.3292 61 5.09127
    endloop
  endfacet
  facet normal 0 -1 0
    outer loop
      vertex 19.6308 61 4.49479
      vertex 17.8933 61 5.38007
      vertex 17.7042 61 4.9234
    endloop
  endfacet
  facet normal 0 -1 0
    outer loop
      vertex 18.8485 61 6.4984
      vertex 19.9947 61 4.92082
      vertex 20.1552 61 5.01921
    endloop
  endfacet
  facet normal 0 -1 0
    outer loop
      vertex 18.4726 61 6.17739
      vertex 19.8515 61 4.79853
      vertex 19.9947 61 4.92082
    endloop
  endfacet
  facet normal 0 -1 0
    outer loop
      vertex 18.1516 61 5.80152
      vertex 19.7292 61 4.65534
      vertex 19.8515 61 4.79853
    endloop
  endfacet
  facet normal 0 -1 0
    outer loop
      vertex 17.8933 61 5.38007
      vertex 19.6308 61 4.49479
      vertex 19.7292 61 4.65534
    endloop
  endfacet
  facet normal 0 -1 0
    outer loop
      vertex 19.5587 61 4.32082
      vertex 17.7042 61 4.9234
      vertex 17.5888 61 4.44277
    endloop
  endfacet
  facet normal 0 -1 0
    outer loop
      vertex 17.7042 61 4.9234
      vertex 19.5587 61 4.32082
      vertex 19.6308 61 4.49479
    endloop
  endfacet
  facet normal 0 -1 0
    outer loop
      vertex 17.5888 61 4.44277
      vertex 19.5148 61 4.13772
      vertex 19.5587 61 4.32082
    endloop
  endfacet
  facet normal 0 -1 0
    outer loop
      vertex 17.55 61 3.95
      vertex 19.5148 61 4.13772
      vertex 17.5888 61 4.44277
    endloop
  endfacet
  facet normal 0 -1 0
    outer loop
      vertex 17.55 61 3.95
      vertex 19.5 61 3.95
      vertex 19.5148 61 4.13772
    endloop
  endfacet
  facet normal 0 -1 0
    outer loop
      vertex 17.5854 61 3.5
      vertex 19.5 61 3.95
      vertex 17.55 61 3.95
    endloop
  endfacet
  facet normal 0 -1 -0
    outer loop
      vertex 19.5 61 3.95
      vertex 17.5854 61 3.5
      vertex 19.5148 61 3.76228
    endloop
  endfacet
  facet normal 0 -1 0
    outer loop
      vertex 17.5888 61 3.45723
      vertex 19.5148 61 3.76228
      vertex 17.5854 61 3.5
    endloop
  endfacet
  facet normal 0 -1 -0
    outer loop
      vertex 19.5148 61 3.76228
      vertex 17.5888 61 3.45723
      vertex 19.5587 61 3.57918
    endloop
  endfacet
  facet normal 0 -1 0
    outer loop
      vertex 17.7042 61 2.9766
      vertex 19.5587 61 3.57918
      vertex 17.5888 61 3.45723
    endloop
  endfacet
  facet normal 0 -1 -0
    outer loop
      vertex 19.5587 61 3.57918
      vertex 17.7042 61 2.9766
      vertex 19.6308 61 3.40521
    endloop
  endfacet
  facet normal 0 -1 0
    outer loop
      vertex 17.8933 61 2.51993
      vertex 19.6308 61 3.40521
      vertex 17.7042 61 2.9766
    endloop
  endfacet
  facet normal 0 -1 0
    outer loop
      vertex 18.0281 61 2.3
      vertex 19.6308 61 3.40521
      vertex 17.8933 61 2.51993
    endloop
  endfacet
  facet normal 0 -1 -0
    outer loop
      vertex 19.6308 61 3.40521
      vertex 18.0281 61 2.3
      vertex 19.7292 61 3.24466
    endloop
  endfacet
  facet normal 0 -1 0
    outer loop
      vertex 18.1516 61 2.09848
      vertex 19.7292 61 3.24466
      vertex 18.0281 61 2.3
    endloop
  endfacet
  facet normal 0 -1 -0
    outer loop
      vertex 19.7292 61 3.24466
      vertex 18.1516 61 2.09848
      vertex 19.8515 61 3.10147
    endloop
  endfacet
  facet normal 0 -1 0
    outer loop
      vertex 18.4726 61 1.72261
      vertex 19.8515 61 3.10147
      vertex 18.1516 61 2.09848
    endloop
  endfacet
  facet normal 0 -1 -0
    outer loop
      vertex 19.8515 61 3.10147
      vertex 18.4726 61 1.72261
      vertex 19.9947 61 2.97918
    endloop
  endfacet
  facet normal 0 -1 0
    outer loop
      vertex 18.8485 61 1.4016
      vertex 19.9947 61 2.97918
      vertex 18.4726 61 1.72261
    endloop
  endfacet
  facet normal 0 -1 0
    outer loop
      vertex 21.4053 61 4.92082
      vertex 22.5515 61 6.4984
      vertex 21.2448 61 5.01921
    endloop
  endfacet
  facet normal 0 -1 -0
    outer loop
      vertex 22.5515 61 6.4984
      vertex 21.4053 61 4.92082
      vertex 22.9274 61 6.17739
    endloop
  endfacet
  facet normal 0 -1 0
    outer loop
      vertex 21.5485 61 4.79853
      vertex 22.9274 61 6.17739
      vertex 21.4053 61 4.92082
    endloop
  endfacet
  facet normal 0 -1 -0
    outer loop
      vertex 22.9274 61 6.17739
      vertex 21.5485 61 4.79853
      vertex 23.2484 61 5.80152
    endloop
  endfacet
  facet normal 0 -1 0
    outer loop
      vertex 21.6708 61 4.65534
      vertex 23.2484 61 5.80152
      vertex 21.5485 61 4.79853
    endloop
  endfacet
  facet normal 0 -1 -0
    outer loop
      vertex 23.2484 61 5.80152
      vertex 21.6708 61 4.65534
      vertex 23.5067 61 5.38007
    endloop
  endfacet
  facet normal 0 -1 0
    outer loop
      vertex 21.7692 61 4.49479
      vertex 23.5067 61 5.38007
      vertex 21.6708 61 4.65534
    endloop
  endfacet
  facet normal 0 -1 -0
    outer loop
      vertex 23.5067 61 5.38007
      vertex 21.7692 61 4.49479
      vertex 23.6958 61 4.9234
    endloop
  endfacet
  facet normal 0 -1 0
    outer loop
      vertex 21.8413 61 4.32082
      vertex 23.6958 61 4.9234
      vertex 21.7692 61 4.49479
    endloop
  endfacet
  facet normal 0 -1 -0
    outer loop
      vertex 23.6958 61 4.9234
      vertex 21.8413 61 4.32082
      vertex 23.8112 61 4.44277
    endloop
  endfacet
  facet normal 0 -1 0
    outer loop
      vertex 21.8852 61 4.13772
      vertex 23.8112 61 4.44277
      vertex 21.8413 61 4.32082
    endloop
  endfacet
  facet normal 0 -1 0
    outer loop
      vertex 21.9 61 3.95
      vertex 23.8112 61 4.44277
      vertex 21.8852 61 4.13772
    endloop
  endfacet
  facet normal 0 -1 0
    outer loop
      vertex 21.9 61 3.95
      vertex 23.85 61 3.95
      vertex 23.8112 61 4.44277
    endloop
  endfacet
  facet normal 0 -1 0
    outer loop
      vertex 23.8146 61 3.5
      vertex 21.9 61 3.95
      vertex 21.8852 61 3.76228
    endloop
  endfacet
  facet normal 0 -1 0
    outer loop
      vertex 23.8112 61 3.45723
      vertex 21.8852 61 3.76228
      vertex 21.8413 61 3.57918
    endloop
  endfacet
  facet normal 0 -1 0
    outer loop
      vertex 21.9 61 3.95
      vertex 23.8146 61 3.5
      vertex 23.85 61 3.95
    endloop
  endfacet
  facet normal 0 -1 0
    outer loop
      vertex 21.8852 61 3.76228
      vertex 23.8112 61 3.45723
      vertex 23.8146 61 3.5
    endloop
  endfacet
  facet normal 0 -1 0
    outer loop
      vertex 23.6958 61 2.9766
      vertex 21.8413 61 3.57918
      vertex 21.7692 61 3.40521
    endloop
  endfacet
  facet normal 0 -1 0
    outer loop
      vertex 23.3719 61 2.3
      vertex 21.7692 61 3.40521
      vertex 21.6708 61 3.24466
    endloop
  endfacet
  facet normal 0 -1 0
    outer loop
      vertex 23.2484 61 2.09848
      vertex 21.6708 61 3.24466
      vertex 21.5485 61 3.10147
    endloop
  endfacet
  facet normal 0 -1 0
    outer loop
      vertex 22.9274 61 1.72261
      vertex 21.5485 61 3.10147
      vertex 21.4053 61 2.97918
    endloop
  endfacet
  facet normal 0 -1 0
    outer loop
      vertex 21.8413 61 3.57918
      vertex 23.6958 61 2.9766
      vertex 23.8112 61 3.45723
    endloop
  endfacet
  facet normal 0 -1 0
    outer loop
      vertex 22.5515 61 1.4016
      vertex 21.4053 61 2.97918
      vertex 21.2448 61 2.88079
    endloop
  endfacet
  facet normal 0 -1 0
    outer loop
      vertex 22.1301 61 1.14333
      vertex 21.2448 61 2.88079
      vertex 21.0708 61 2.80873
    endloop
  endfacet
  facet normal 0 -1 0
    outer loop
      vertex 21.6734 61 0.954171
      vertex 21.0708 61 2.80873
      vertex 20.8877 61 2.76477
    endloop
  endfacet
  facet normal 0 -1 0
    outer loop
      vertex 21.1928 61 0.838781
      vertex 20.8877 61 2.76477
      vertex 20.7 61 2.75
    endloop
  endfacet
  facet normal 0 -1 -0
    outer loop
      vertex 19.9947 61 2.97918
      vertex 18.8485 61 1.4016
      vertex 20.1552 61 2.88079
    endloop
  endfacet
  facet normal 0 -1 0
    outer loop
      vertex 19.2699 61 1.14333
      vertex 20.1552 61 2.88079
      vertex 18.8485 61 1.4016
    endloop
  endfacet
  facet normal 0 -1 0
    outer loop
      vertex 21.7692 61 3.40521
      vertex 23.3719 61 2.3
      vertex 23.5067 61 2.51993
    endloop
  endfacet
  facet normal 0 -1 0
    outer loop
      vertex 21.7692 61 3.40521
      vertex 23.5067 61 2.51993
      vertex 23.6958 61 2.9766
    endloop
  endfacet
  facet normal 0 -1 -0
    outer loop
      vertex 20.1552 61 2.88079
      vertex 19.2699 61 1.14333
      vertex 20.3292 61 2.80873
    endloop
  endfacet
  facet normal 0 -1 0
    outer loop
      vertex 19.7266 61 0.954171
      vertex 20.3292 61 2.80873
      vertex 19.2699 61 1.14333
    endloop
  endfacet
  facet normal 0 -1 -0
    outer loop
      vertex 20.3292 61 2.80873
      vertex 19.7266 61 0.954171
      vertex 20.5123 61 2.76477
    endloop
  endfacet
  facet normal 0 -1 0
    outer loop
      vertex 21.6708 61 3.24466
      vertex 23.2484 61 2.09848
      vertex 23.3719 61 2.3
    endloop
  endfacet
  facet normal 0 -1 0
    outer loop
      vertex 21.4053 61 2.97918
      vertex 22.5515 61 1.4016
      vertex 22.9274 61 1.72261
    endloop
  endfacet
  facet normal 0 -1 0
    outer loop
      vertex 21.5485 61 3.10147
      vertex 22.9274 61 1.72261
      vertex 23.2484 61 2.09848
    endloop
  endfacet
  facet normal 0 -1 0
    outer loop
      vertex 20.2072 61 0.838781
      vertex 20.5123 61 2.76477
      vertex 19.7266 61 0.954171
    endloop
  endfacet
  facet normal 0 -1 0
    outer loop
      vertex 21.2448 61 2.88079
      vertex 22.1301 61 1.14333
      vertex 22.5515 61 1.4016
    endloop
  endfacet
  facet normal 0 -1 -0
    outer loop
      vertex 20.5123 61 2.76477
      vertex 20.2072 61 0.838781
      vertex 20.7 61 2.75
    endloop
  endfacet
  facet normal 0 -1 0
    outer loop
      vertex 21.0708 61 2.80873
      vertex 21.6734 61 0.954171
      vertex 22.1301 61 1.14333
    endloop
  endfacet
  facet normal 0 -1 0
    outer loop
      vertex 20.7 61 0.799999
      vertex 20.7 61 2.75
      vertex 20.2072 61 0.838781
    endloop
  endfacet
  facet normal 0 -1 0
    outer loop
      vertex 20.8877 61 2.76477
      vertex 21.1928 61 0.838781
      vertex 21.6734 61 0.954171
    endloop
  endfacet
  facet normal 0 -1 0
    outer loop
      vertex 20.7 61 2.75
      vertex 20.7 61 0.799999
      vertex 21.1928 61 0.838781
    endloop
  endfacet
  facet normal 0 0 -1
    outer loop
      vertex 2.3 59 2.3
      vertex 18.0281 61 2.3
      vertex 18.0281 59 2.3
    endloop
  endfacet
  facet normal -0 0 -1
    outer loop
      vertex 18.0281 61 2.3
      vertex 2.3 59 2.3
      vertex 2.3 61 2.3
    endloop
  endfacet
  facet normal 0 0 -1
    outer loop
      vertex 23.3719 59 2.3
      vertex 26.3781 61 2.3
      vertex 26.3781 59 2.3
    endloop
  endfacet
  facet normal -0 0 -1
    outer loop
      vertex 26.3781 61 2.3
      vertex 23.3719 59 2.3
      vertex 23.3719 61 2.3
    endloop
  endfacet
  facet normal 0 -1 0
    outer loop
      vertex 3.45723 59 36.9388
      vertex 3.5 59 3.5
      vertex 3.5 59 36.9354
    endloop
  endfacet
  facet normal 0 -1 0
    outer loop
      vertex 2.9766 59 37.0542
      vertex 3.5 59 3.5
      vertex 3.45723 59 36.9388
    endloop
  endfacet
  facet normal 0 -1 0
    outer loop
      vertex 2.51993 59 37.2433
      vertex 3.5 59 3.5
      vertex 2.9766 59 37.0542
    endloop
  endfacet
  facet normal 0 -1 0
    outer loop
      vertex 2.3 59 37.3781
      vertex 3.5 59 3.5
      vertex 2.51993 59 37.2433
    endloop
  endfacet
  facet normal 0 -1 0
    outer loop
      vertex 3.5 59 3.5
      vertex 17.5888 59 3.45723
      vertex 17.5854 59 3.5
    endloop
  endfacet
  facet normal 0 -1 0
    outer loop
      vertex 3.5 59 3.5
      vertex 17.7042 59 2.9766
      vertex 17.5888 59 3.45723
    endloop
  endfacet
  facet normal 0 -1 0
    outer loop
      vertex 3.5 59 3.5
      vertex 17.8933 59 2.51993
      vertex 17.7042 59 2.9766
    endloop
  endfacet
  facet normal 0 -1 0
    outer loop
      vertex 2.3 59 2.3
      vertex 3.5 59 3.5
      vertex 2.3 59 37.3781
    endloop
  endfacet
  facet normal 0 -1 0
    outer loop
      vertex 18.0281 59 2.3
      vertex 3.5 59 3.5
      vertex 2.3 59 2.3
    endloop
  endfacet
  facet normal 0 -1 0
    outer loop
      vertex 3.5 59 3.5
      vertex 18.0281 59 2.3
      vertex 17.8933 59 2.51993
    endloop
  endfacet
  facet normal 0 -1 0
    outer loop
      vertex 23.8112 59 3.45723
      vertex 25.9354 59 3.5
      vertex 23.8146 59 3.5
    endloop
  endfacet
  facet normal 0 -1 0
    outer loop
      vertex 23.8112 59 3.45723
      vertex 25.9388 59 3.45723
      vertex 25.9354 59 3.5
    endloop
  endfacet
  facet normal 0 -1 0
    outer loop
      vertex 23.6958 59 2.9766
      vertex 25.9388 59 3.45723
      vertex 23.8112 59 3.45723
    endloop
  endfacet
  facet normal 0 -1 0
    outer loop
      vertex 23.6958 59 2.9766
      vertex 26.0542 59 2.9766
      vertex 25.9388 59 3.45723
    endloop
  endfacet
  facet normal 0 -1 0
    outer loop
      vertex 23.5067 59 2.51993
      vertex 26.0542 59 2.9766
      vertex 23.6958 59 2.9766
    endloop
  endfacet
  facet normal 0 -1 0
    outer loop
      vertex 23.5067 59 2.51993
      vertex 26.2433 59 2.51993
      vertex 26.0542 59 2.9766
    endloop
  endfacet
  facet normal 0 -1 0
    outer loop
      vertex 23.3719 59 2.3
      vertex 26.2433 59 2.51993
      vertex 23.5067 59 2.51993
    endloop
  endfacet
  facet normal 0 -1 -0
    outer loop
      vertex 26.2433 59 2.51993
      vertex 23.3719 59 2.3
      vertex 26.3781 59 2.3
    endloop
  endfacet
  facet normal 0 -1 0
    outer loop
      vertex 6.75667 59 41.4801
      vertex 26.3781 59 41.7
      vertex 6.6219 59 41.7
    endloop
  endfacet
  facet normal 0 -1 0
    outer loop
      vertex 6.75667 59 41.4801
      vertex 26.2433 59 41.4801
      vertex 26.3781 59 41.7
    endloop
  endfacet
  facet normal 0 -1 0
    outer loop
      vertex 6.94583 59 41.0234
      vertex 26.2433 59 41.4801
      vertex 6.75667 59 41.4801
    endloop
  endfacet
  facet normal 0 -1 0
    outer loop
      vertex 6.94583 59 41.0234
      vertex 26.0542 59 41.0234
      vertex 26.2433 59 41.4801
    endloop
  endfacet
  facet normal 0 -1 0
    outer loop
      vertex 7.06122 59 40.5428
      vertex 26.0542 59 41.0234
      vertex 6.94583 59 41.0234
    endloop
  endfacet
  facet normal 0 -1 0
    outer loop
      vertex 7.06122 59 40.5428
      vertex 25.9388 59 40.5428
      vertex 26.0542 59 41.0234
    endloop
  endfacet
  facet normal 0 -1 0
    outer loop
      vertex 7.06458 59 40.5
      vertex 25.9388 59 40.5428
      vertex 7.06122 59 40.5428
    endloop
  endfacet
  facet normal 0 -1 0
    outer loop
      vertex 25.9388 59 40.5428
      vertex 7.06458 59 40.5
      vertex 25.9354 59 40.5
    endloop
  endfacet
  facet normal 0 -1 0
    outer loop
      vertex 29.5 59 7.06458
      vertex 29.5428 59 36.9388
      vertex 29.5 59 36.9354
    endloop
  endfacet
  facet normal 0 -1 0
    outer loop
      vertex 29.5428 59 7.06122
      vertex 29.5428 59 36.9388
      vertex 29.5 59 7.06458
    endloop
  endfacet
  facet normal 0 -1 0
    outer loop
      vertex 29.5428 59 36.9388
      vertex 29.5428 59 7.06122
      vertex 30.0234 59 37.0542
    endloop
  endfacet
  facet normal 0 -1 0
    outer loop
      vertex 30.0234 59 6.94583
      vertex 30.0234 59 37.0542
      vertex 29.5428 59 7.06122
    endloop
  endfacet
  facet normal 0 -1 0
    outer loop
      vertex 30.0234 59 37.0542
      vertex 30.0234 59 6.94583
      vertex 30.4801 59 37.2433
    endloop
  endfacet
  facet normal 0 -1 0
    outer loop
      vertex 30.4801 59 6.75667
      vertex 30.4801 59 37.2433
      vertex 30.0234 59 6.94583
    endloop
  endfacet
  facet normal 0 -1 0
    outer loop
      vertex 30.4801 59 37.2433
      vertex 30.4801 59 6.75667
      vertex 30.7 59 37.3781
    endloop
  endfacet
  facet normal 0 -1 -0
    outer loop
      vertex 30.7 59 37.3781
      vertex 30.4801 59 6.75667
      vertex 30.7 59 6.6219
    endloop
  endfacet
  facet normal 1 -0 0
    outer loop
      vertex 3.5 59 36.9354
      vertex 3.5 61 3.5
      vertex 3.5 61 36.9354
    endloop
  endfacet
  facet normal 1 0 0
    outer loop
      vertex 3.5 61 3.5
      vertex 3.5 59 36.9354
      vertex 3.5 59 3.5
    endloop
  endfacet
  facet normal 0 0 -1
    outer loop
      vertex 7.06458 59 40.5
      vertex 25.9354 61 40.5
      vertex 25.9354 59 40.5
    endloop
  endfacet
  facet normal -0 0 -1
    outer loop
      vertex 25.9354 61 40.5
      vertex 7.06458 59 40.5
      vertex 7.06458 61 40.5
    endloop
  endfacet
  facet normal -1 0 0
    outer loop
      vertex 29.5 59 7.06458
      vertex 29.5 61 36.9354
      vertex 29.5 61 7.06458
    endloop
  endfacet
  facet normal -1 -0 0
    outer loop
      vertex 29.5 61 36.9354
      vertex 29.5 59 7.06458
      vertex 29.5 59 36.9354
    endloop
  endfacet
  facet normal -0 0 1
    outer loop
      vertex 3.5 61 3.5
      vertex 17.5854 59 3.5
      vertex 17.5854 61 3.5
    endloop
  endfacet
  facet normal 0 0 1
    outer loop
      vertex 17.5854 59 3.5
      vertex 3.5 61 3.5
      vertex 3.5 59 3.5
    endloop
  endfacet
  facet normal -0 0 1
    outer loop
      vertex 23.8146 61 3.5
      vertex 25.9354 59 3.5
      vertex 25.9354 61 3.5
    endloop
  endfacet
  facet normal 0 0 1
    outer loop
      vertex 25.9354 59 3.5
      vertex 23.8146 61 3.5
      vertex 23.8146 59 3.5
    endloop
  endfacet
  facet normal 0.0784614 0 -0.996917
    outer loop
      vertex 30 61 0
      vertex 30.4693 63 0.0369358
      vertex 30.4693 61 0.0369358
    endloop
  endfacet
  facet normal 0.0784614 0 -0.996917
    outer loop
      vertex 30.4693 63 0.0369358
      vertex 30 61 0
      vertex 30 63 0
    endloop
  endfacet
  facet normal 0.0783858 0 0.996923
    outer loop
      vertex 30 63 44
      vertex 30.4693 61 43.9631
      vertex 30.4693 63 43.9631
    endloop
  endfacet
  facet normal 0.0783858 0 0.996923
    outer loop
      vertex 30.4693 61 43.9631
      vertex 30 63 44
      vertex 30 61 44
    endloop
  endfacet
  facet normal 0.522378 0 0.852714
    outer loop
      vertex 31.362 63 43.673
      vertex 31.7634 61 43.4271
      vertex 31.7634 63 43.4271
    endloop
  endfacet
  facet normal 0.522378 0 0.852714
    outer loop
      vertex 31.7634 61 43.4271
      vertex 31.362 63 43.673
      vertex 31.362 61 43.673
    endloop
  endfacet
  facet normal -1 0 0
    outer loop
      vertex 0 61 3
      vertex 0 63 41
      vertex 0 63 3
    endloop
  endfacet
  facet normal -1 -0 0
    outer loop
      vertex 0 63 41
      vertex 0 61 3
      vertex 0 61 41
    endloop
  endfacet
  facet normal 0.923836 -0 0.38279
    outer loop
      vertex 32.673 61 42.362
      vertex 32.8532 63 41.9271
      vertex 32.673 63 42.362
    endloop
  endfacet
  facet normal 0.923836 0 0.38279
    outer loop
      vertex 32.8532 63 41.9271
      vertex 32.673 61 42.362
      vertex 32.8532 61 41.9271
    endloop
  endfacet
  facet normal -0.760348 0 0.649516
    outer loop
      vertex 0.572948 61 42.7634
      vertex 0.878679 63 43.1213
      vertex 0.572948 63 42.7634
    endloop
  endfacet
  facet normal -0.760348 0 0.649516
    outer loop
      vertex 0.878679 63 43.1213
      vertex 0.572948 61 42.7634
      vertex 0.878679 61 43.1213
    endloop
  endfacet
  facet normal -0.522387 0 0.852708
    outer loop
      vertex 1.23664 63 43.4271
      vertex 1.63803 61 43.673
      vertex 1.63803 63 43.673
    endloop
  endfacet
  facet normal -0.522387 0 0.852708
    outer loop
      vertex 1.63803 61 43.673
      vertex 1.23664 63 43.4271
      vertex 1.23664 61 43.4271
    endloop
  endfacet
  facet normal -0.996917 0 0.0784595
    outer loop
      vertex 0 61 41
      vertex 0.0369349 63 41.4693
      vertex 0 63 41
    endloop
  endfacet
  facet normal -0.996917 0 0.0784595
    outer loop
      vertex 0.0369349 63 41.4693
      vertex 0 61 41
      vertex 0.0369349 61 41.4693
    endloop
  endfacet
  facet normal -0 0 1
    outer loop
      vertex 3 63 44
      vertex 30 61 44
      vertex 30 63 44
    endloop
  endfacet
  facet normal 0 0 1
    outer loop
      vertex 30 61 44
      vertex 3 63 44
      vertex 3 61 44
    endloop
  endfacet
  facet normal 0.760275 -0 0.649601
    outer loop
      vertex 32.1213 61 43.1213
      vertex 32.4271 63 42.7634
      vertex 32.1213 63 43.1213
    endloop
  endfacet
  facet normal 0.760275 0 0.649601
    outer loop
      vertex 32.4271 63 42.7634
      vertex 32.1213 61 43.1213
      vertex 32.4271 61 42.7634
    endloop
  endfacet
  facet normal -0.649537 0 0.76033
    outer loop
      vertex 0.878679 63 43.1213
      vertex 1.23664 61 43.4271
      vertex 1.23664 63 43.4271
    endloop
  endfacet
  facet normal -0.649537 0 0.76033
    outer loop
      vertex 1.23664 61 43.4271
      vertex 0.878679 63 43.1213
      vertex 0.878679 61 43.1213
    endloop
  endfacet
  facet normal -0.382775 0 0.923842
    outer loop
      vertex 1.63803 63 43.673
      vertex 2.07295 61 43.8532
      vertex 2.07295 63 43.8532
    endloop
  endfacet
  facet normal -0.382775 0 0.923842
    outer loop
      vertex 2.07295 61 43.8532
      vertex 1.63803 63 43.673
      vertex 1.63803 61 43.673
    endloop
  endfacet
  facet normal -0.923873 0 0.382699
    outer loop
      vertex 0.14683 61 41.9271
      vertex 0.32698 63 42.362
      vertex 0.14683 63 41.9271
    endloop
  endfacet
  facet normal -0.923873 0 0.382699
    outer loop
      vertex 0.32698 63 42.362
      vertex 0.14683 61 41.9271
      vertex 0.32698 61 42.362
    endloop
  endfacet
  facet normal -0.0783858 0 0.996923
    outer loop
      vertex 2.5307 63 43.9631
      vertex 3 61 44
      vertex 3 63 44
    endloop
  endfacet
  facet normal -0.0783858 0 0.996923
    outer loop
      vertex 3 61 44
      vertex 2.5307 63 43.9631
      vertex 2.5307 61 43.9631
    endloop
  endfacet
  facet normal -0.233453 0 0.972368
    outer loop
      vertex 2.07295 63 43.8532
      vertex 2.5307 61 43.9631
      vertex 2.5307 63 43.9631
    endloop
  endfacet
  facet normal -0.233453 0 0.972368
    outer loop
      vertex 2.5307 61 43.9631
      vertex 2.07295 63 43.8532
      vertex 2.07295 61 43.8532
    endloop
  endfacet
  facet normal 0.38279 0 0.923836
    outer loop
      vertex 30.9271 63 43.8532
      vertex 31.362 61 43.673
      vertex 31.362 63 43.673
    endloop
  endfacet
  facet normal 0.38279 0 0.923836
    outer loop
      vertex 31.362 61 43.673
      vertex 30.9271 63 43.8532
      vertex 30.9271 61 43.8532
    endloop
  endfacet
  facet normal 0.852714 -0 0.522378
    outer loop
      vertex 32.4271 61 42.7634
      vertex 32.673 63 42.362
      vertex 32.4271 63 42.7634
    endloop
  endfacet
  facet normal 0.852714 0 0.522378
    outer loop
      vertex 32.673 63 42.362
      vertex 32.4271 61 42.7634
      vertex 32.673 61 42.362
    endloop
  endfacet
  facet normal -0.0784614 0 -0.996917
    outer loop
      vertex 2.5307 61 0.0369358
      vertex 3 63 0
      vertex 3 61 0
    endloop
  endfacet
  facet normal -0.0784614 0 -0.996917
    outer loop
      vertex 3 63 0
      vertex 2.5307 61 0.0369358
      vertex 2.5307 63 0.0369358
    endloop
  endfacet
  facet normal 0 0 -1
    outer loop
      vertex 3 61 0
      vertex 30 63 0
      vertex 30 61 0
    endloop
  endfacet
  facet normal -0 0 -1
    outer loop
      vertex 30 63 0
      vertex 3 61 0
      vertex 3 63 0
    endloop
  endfacet
  facet normal -0.233444 0 -0.97237
    outer loop
      vertex 2.07295 61 0.146831
      vertex 2.5307 63 0.0369358
      vertex 2.5307 61 0.0369358
    endloop
  endfacet
  facet normal -0.233444 0 -0.97237
    outer loop
      vertex 2.5307 63 0.0369358
      vertex 2.07295 61 0.146831
      vertex 2.07295 63 0.146831
    endloop
  endfacet
  facet normal 0.996923 -0 0.0783858
    outer loop
      vertex 32.9631 61 41.4693
      vertex 33 63 41
      vertex 32.9631 63 41.4693
    endloop
  endfacet
  facet normal 0.996923 0 0.0783858
    outer loop
      vertex 33 63 41
      vertex 32.9631 61 41.4693
      vertex 33 61 41
    endloop
  endfacet
  facet normal -0.972376 0 0.233419
    outer loop
      vertex 0.0369349 61 41.4693
      vertex 0.14683 63 41.9271
      vertex 0.0369349 63 41.4693
    endloop
  endfacet
  facet normal -0.972376 0 0.233419
    outer loop
      vertex 0.14683 63 41.9271
      vertex 0.0369349 61 41.4693
      vertex 0.14683 61 41.9271
    endloop
  endfacet
  facet normal -0.85265 0 0.522483
    outer loop
      vertex 0.32698 61 42.362
      vertex 0.572948 63 42.7634
      vertex 0.32698 63 42.362
    endloop
  endfacet
  facet normal -0.85265 0 0.522483
    outer loop
      vertex 0.572948 63 42.7634
      vertex 0.32698 61 42.362
      vertex 0.572948 61 42.7634
    endloop
  endfacet
  facet normal 0.233429 0 0.972374
    outer loop
      vertex 30.4693 63 43.9631
      vertex 30.9271 61 43.8532
      vertex 30.9271 63 43.8532
    endloop
  endfacet
  facet normal 0.233429 0 0.972374
    outer loop
      vertex 30.9271 61 43.8532
      vertex 30.4693 63 43.9631
      vertex 30.4693 61 43.9631
    endloop
  endfacet
  facet normal 0.649601 0 0.760275
    outer loop
      vertex 31.7634 63 43.4271
      vertex 32.1213 61 43.1213
      vertex 32.1213 63 43.1213
    endloop
  endfacet
  facet normal 0.649601 0 0.760275
    outer loop
      vertex 32.1213 61 43.1213
      vertex 31.7634 63 43.4271
      vertex 31.7634 61 43.4271
    endloop
  endfacet
  facet normal -0.522492 0 -0.852644
    outer loop
      vertex 1.23664 61 0.572949
      vertex 1.63803 63 0.326981
      vertex 1.63803 61 0.326981
    endloop
  endfacet
  facet normal -0.522492 0 -0.852644
    outer loop
      vertex 1.63803 63 0.326981
      vertex 1.23664 61 0.572949
      vertex 1.23664 63 0.572949
    endloop
  endfacet
  facet normal 0 1 -0
    outer loop
      vertex 28.7056 63 6.11439
      vertex 18.2 63 14.75
      vertex 28.7071 63 6.11475
    endloop
  endfacet
  facet normal 0 1 0
    outer loop
      vertex 18.2 63 9.25
      vertex 21.0413 63 6.11487
      vertex 20.7 63 6.14174
    endloop
  endfacet
  facet normal 0 1 -0
    outer loop
      vertex 28.3727 63 6.03446
      vertex 18.2 63 14.75
      vertex 28.7056 63 6.11439
    endloop
  endfacet
  facet normal 0 1 0
    outer loop
      vertex 18.2 63 9.25
      vertex 21.0429 63 6.11475
      vertex 21.0413 63 6.11487
    endloop
  endfacet
  facet normal 0 1 -0
    outer loop
      vertex 28.0564 63 5.90345
      vertex 18.2 63 14.75
      vertex 28.3727 63 6.03446
    endloop
  endfacet
  facet normal 0 1 0
    outer loop
      vertex 18.2 63 9.25
      vertex 21.0444 63 6.11439
      vertex 21.0429 63 6.11475
    endloop
  endfacet
  facet normal 0 1 -0
    outer loop
      vertex 28.055 63 5.90285
      vertex 18.2 63 14.75
      vertex 28.0564 63 5.90345
    endloop
  endfacet
  facet normal 0 1 0
    outer loop
      vertex 18.2 63 9.25
      vertex 21.3773 63 6.03446
      vertex 21.0444 63 6.11439
    endloop
  endfacet
  facet normal 0 1 -0
    outer loop
      vertex 21.695 63 5.90285
      vertex 18.2 63 14.75
      vertex 28.055 63 5.90285
    endloop
  endfacet
  facet normal 0 1 0
    outer loop
      vertex 18.2 63 9.25
      vertex 21.6936 63 5.90345
      vertex 21.3773 63 6.03446
    endloop
  endfacet
  facet normal 0 1 0
    outer loop
      vertex 18.2 63 14.75
      vertex 21.695 63 5.90285
      vertex 18.2 63 9.25
    endloop
  endfacet
  facet normal 0 1 0
    outer loop
      vertex 18.2 63 9.25
      vertex 21.695 63 5.90285
      vertex 21.6936 63 5.90345
    endloop
  endfacet
  facet normal 0 1 -0
    outer loop
      vertex 28.0536 63 5.90204
      vertex 21.695 63 5.90285
      vertex 28.055 63 5.90285
    endloop
  endfacet
  facet normal 0 1 0
    outer loop
      vertex 28.0536 63 5.90204
      vertex 21.6964 63 5.90204
      vertex 21.695 63 5.90285
    endloop
  endfacet
  facet normal 0 1 -0
    outer loop
      vertex 27.7617 63 5.72315
      vertex 21.6964 63 5.90204
      vertex 28.0536 63 5.90204
    endloop
  endfacet
  facet normal 0 1 0
    outer loop
      vertex 27.7617 63 5.72315
      vertex 21.9883 63 5.72315
      vertex 21.6964 63 5.90204
    endloop
  endfacet
  facet normal 0 1 -0
    outer loop
      vertex 27.5014 63 5.5008
      vertex 21.9883 63 5.72315
      vertex 27.7617 63 5.72315
    endloop
  endfacet
  facet normal 0 1 0
    outer loop
      vertex 27.5014 63 5.5008
      vertex 22.2486 63 5.5008
      vertex 21.9883 63 5.72315
    endloop
  endfacet
  facet normal 0 1 -0
    outer loop
      vertex 27.5002 63 5.49979
      vertex 22.2486 63 5.5008
      vertex 27.5014 63 5.5008
    endloop
  endfacet
  facet normal 0 1 0
    outer loop
      vertex 27.5002 63 5.49979
      vertex 22.2498 63 5.49979
      vertex 22.2486 63 5.5008
    endloop
  endfacet
  facet normal 0 1 -0
    outer loop
      vertex 27.4992 63 5.49861
      vertex 22.2498 63 5.49979
      vertex 27.5002 63 5.49979
    endloop
  endfacet
  facet normal 0 1 0
    outer loop
      vertex 27.4992 63 5.49861
      vertex 22.2508 63 5.49861
      vertex 22.2498 63 5.49979
    endloop
  endfacet
  facet normal 0 1 -0
    outer loop
      vertex 27.2768 63 5.23827
      vertex 22.2508 63 5.49861
      vertex 27.4992 63 5.49861
    endloop
  endfacet
  facet normal 0 1 0
    outer loop
      vertex 27.2768 63 5.23827
      vertex 22.4732 63 5.23827
      vertex 22.2508 63 5.49861
    endloop
  endfacet
  facet normal 0 1 -0
    outer loop
      vertex 27.098 63 4.94635
      vertex 22.4732 63 5.23827
      vertex 27.2768 63 5.23827
    endloop
  endfacet
  facet normal 0 1 0
    outer loop
      vertex 27.098 63 4.94635
      vertex 22.652 63 4.94635
      vertex 22.4732 63 5.23827
    endloop
  endfacet
  facet normal 0 1 -0
    outer loop
      vertex 27.0971 63 4.94503
      vertex 22.652 63 4.94635
      vertex 27.098 63 4.94635
    endloop
  endfacet
  facet normal 0 1 0
    outer loop
      vertex 27.0971 63 4.94503
      vertex 22.6529 63 4.94503
      vertex 22.652 63 4.94635
    endloop
  endfacet
  facet normal 0 1 -0
    outer loop
      vertex 27.0966 63 4.94359
      vertex 22.6529 63 4.94503
      vertex 27.0971 63 4.94503
    endloop
  endfacet
  facet normal 0 1 0
    outer loop
      vertex 27.0966 63 4.94359
      vertex 22.6534 63 4.94359
      vertex 22.6529 63 4.94503
    endloop
  endfacet
  facet normal 0 1 -0
    outer loop
      vertex 26.9655 63 4.62728
      vertex 22.6534 63 4.94359
      vertex 27.0966 63 4.94359
    endloop
  endfacet
  facet normal 0 1 0
    outer loop
      vertex 26.9655 63 4.62728
      vertex 22.7845 63 4.62728
      vertex 22.6534 63 4.94359
    endloop
  endfacet
  facet normal 0 1 -0
    outer loop
      vertex 26.8856 63 4.29438
      vertex 22.7845 63 4.62728
      vertex 26.9655 63 4.62728
    endloop
  endfacet
  facet normal 0 1 0
    outer loop
      vertex 26.8856 63 4.29438
      vertex 22.8644 63 4.29438
      vertex 22.7845 63 4.62728
    endloop
  endfacet
  facet normal 0 1 -0
    outer loop
      vertex 26.8852 63 4.29286
      vertex 22.8644 63 4.29438
      vertex 26.8856 63 4.29438
    endloop
  endfacet
  facet normal 0 1 0
    outer loop
      vertex 26.8852 63 4.29286
      vertex 22.8648 63 4.29286
      vertex 22.8644 63 4.29438
    endloop
  endfacet
  facet normal 0 1 -0
    outer loop
      vertex 26.8851 63 4.29131
      vertex 22.8648 63 4.29286
      vertex 26.8852 63 4.29286
    endloop
  endfacet
  facet normal 0 1 0
    outer loop
      vertex 26.8851 63 4.29131
      vertex 22.8649 63 4.29131
      vertex 22.8648 63 4.29286
    endloop
  endfacet
  facet normal 0 1 -0
    outer loop
      vertex 26.8583 63 3.95
      vertex 22.8649 63 4.29131
      vertex 26.8851 63 4.29131
    endloop
  endfacet
  facet normal 0 1 0
    outer loop
      vertex 26.8583 63 3.95
      vertex 22.8917 63 3.95
      vertex 22.8649 63 4.29131
    endloop
  endfacet
  facet normal 0 1 0
    outer loop
      vertex 26.8851 63 3.60869
      vertex 22.8917 63 3.95
      vertex 26.8583 63 3.95
    endloop
  endfacet
  facet normal 0 1 0
    outer loop
      vertex 26.8851 63 3.60869
      vertex 22.8649 63 3.60869
      vertex 22.8917 63 3.95
    endloop
  endfacet
  facet normal 0 1 0
    outer loop
      vertex 26.8852 63 3.60714
      vertex 22.8649 63 3.60869
      vertex 26.8851 63 3.60869
    endloop
  endfacet
  facet normal 0 1 0
    outer loop
      vertex 26.8852 63 3.60714
      vertex 22.8648 63 3.60714
      vertex 22.8649 63 3.60869
    endloop
  endfacet
  facet normal 0 1 0
    outer loop
      vertex 26.8856 63 3.60562
      vertex 22.8648 63 3.60714
      vertex 26.8852 63 3.60714
    endloop
  endfacet
  facet normal 0 1 0
    outer loop
      vertex 26.8856 63 3.60562
      vertex 22.8644 63 3.60562
      vertex 22.8648 63 3.60714
    endloop
  endfacet
  facet normal 0 1 0
    outer loop
      vertex 26.9655 63 3.27272
      vertex 22.8644 63 3.60562
      vertex 26.8856 63 3.60562
    endloop
  endfacet
  facet normal 0 1 0
    outer loop
      vertex 26.9655 63 3.27272
      vertex 22.7845 63 3.27272
      vertex 22.8644 63 3.60562
    endloop
  endfacet
  facet normal 0 1 0
    outer loop
      vertex 27.0966 63 2.95641
      vertex 22.7845 63 3.27272
      vertex 26.9655 63 3.27272
    endloop
  endfacet
  facet normal 0 1 0
    outer loop
      vertex 27.0966 63 2.95641
      vertex 22.6534 63 2.95641
      vertex 22.7845 63 3.27272
    endloop
  endfacet
  facet normal 0 1 0
    outer loop
      vertex 27.0971 63 2.95497
      vertex 22.6534 63 2.95641
      vertex 27.0966 63 2.95641
    endloop
  endfacet
  facet normal 0 1 0
    outer loop
      vertex 27.0971 63 2.95497
      vertex 22.6529 63 2.95497
      vertex 22.6534 63 2.95641
    endloop
  endfacet
  facet normal 0 1 0
    outer loop
      vertex 27.098 63 2.95365
      vertex 22.6529 63 2.95497
      vertex 27.0971 63 2.95497
    endloop
  endfacet
  facet normal 0 1 0
    outer loop
      vertex 27.098 63 2.95365
      vertex 22.652 63 2.95365
      vertex 22.6529 63 2.95497
    endloop
  endfacet
  facet normal 0 1 0
    outer loop
      vertex 27.2768 63 2.66173
      vertex 22.652 63 2.95365
      vertex 27.098 63 2.95365
    endloop
  endfacet
  facet normal 0 1 0
    outer loop
      vertex 27.2768 63 2.66173
      vertex 22.4732 63 2.66173
      vertex 22.652 63 2.95365
    endloop
  endfacet
  facet normal 0 1 0
    outer loop
      vertex 27.2779 63 2.66055
      vertex 22.4732 63 2.66173
      vertex 27.2768 63 2.66173
    endloop
  endfacet
  facet normal 0 1 0
    outer loop
      vertex 27.2779 63 2.66055
      vertex 22.4721 63 2.66055
      vertex 22.4732 63 2.66173
    endloop
  endfacet
  facet normal 0 1 0
    outer loop
      vertex 27.5002 63 2.40021
      vertex 22.4721 63 2.66055
      vertex 27.2779 63 2.66055
    endloop
  endfacet
  facet normal 0 1 0
    outer loop
      vertex 27.5002 63 2.40021
      vertex 22.2498 63 2.40021
      vertex 22.4721 63 2.66055
    endloop
  endfacet
  facet normal 0 1 0
    outer loop
      vertex 27.7605 63 2.17786
      vertex 22.2498 63 2.40021
      vertex 27.5002 63 2.40021
    endloop
  endfacet
  facet normal 0 1 0
    outer loop
      vertex 27.7605 63 2.17786
      vertex 21.9895 63 2.17786
      vertex 22.2498 63 2.40021
    endloop
  endfacet
  facet normal 0 1 0
    outer loop
      vertex 27.7617 63 2.17685
      vertex 21.9895 63 2.17786
      vertex 27.7605 63 2.17786
    endloop
  endfacet
  facet normal 0 1 0
    outer loop
      vertex 27.7617 63 2.17685
      vertex 21.9883 63 2.17685
      vertex 21.9895 63 2.17786
    endloop
  endfacet
  facet normal 0 1 0
    outer loop
      vertex 27.7631 63 2.17603
      vertex 21.9883 63 2.17685
      vertex 27.7617 63 2.17685
    endloop
  endfacet
  facet normal 0 1 0
    outer loop
      vertex 27.7631 63 2.17603
      vertex 21.9869 63 2.17603
      vertex 21.9883 63 2.17685
    endloop
  endfacet
  facet normal 0 1 0
    outer loop
      vertex 28.055 63 1.99715
      vertex 21.9869 63 2.17603
      vertex 27.7631 63 2.17603
    endloop
  endfacet
  facet normal 0 1 0
    outer loop
      vertex 28.055 63 1.99715
      vertex 21.695 63 1.99715
      vertex 21.9869 63 2.17603
    endloop
  endfacet
  facet normal 0 1 0
    outer loop
      vertex 30 63 0
      vertex 28.055 63 1.99715
      vertex 28.3713 63 1.86613
    endloop
  endfacet
  facet normal 0 1 0
    outer loop
      vertex 28.055 63 1.99715
      vertex 30 63 0
      vertex 21.695 63 1.99715
    endloop
  endfacet
  facet normal 0 1 0
    outer loop
      vertex 30 63 0
      vertex 28.3713 63 1.86613
      vertex 28.3727 63 1.86553
    endloop
  endfacet
  facet normal 0 1 0
    outer loop
      vertex 21.695 63 1.99715
      vertex 30 63 0
      vertex 21.3787 63 1.86613
    endloop
  endfacet
  facet normal 0 1 0
    outer loop
      vertex 30 63 0
      vertex 28.3727 63 1.86553
      vertex 28.3742 63 1.86517
    endloop
  endfacet
  facet normal 0 1 0
    outer loop
      vertex 21.3787 63 1.86613
      vertex 30 63 0
      vertex 21.3773 63 1.86553
    endloop
  endfacet
  facet normal 0 1 0
    outer loop
      vertex 30 63 0
      vertex 28.3742 63 1.86517
      vertex 28.7071 63 1.78525
    endloop
  endfacet
  facet normal 0 1 0
    outer loop
      vertex 21.3773 63 1.86553
      vertex 30 63 0
      vertex 21.3758 63 1.86517
    endloop
  endfacet
  facet normal 0 1 0
    outer loop
      vertex 30 63 0
      vertex 28.7071 63 1.78525
      vertex 29.0484 63 1.75839
    endloop
  endfacet
  facet normal 0 1 0
    outer loop
      vertex 21.3758 63 1.86517
      vertex 30 63 0
      vertex 21.0429 63 1.78525
    endloop
  endfacet
  facet normal 0 1 0
    outer loop
      vertex 30 63 0
      vertex 29.0484 63 1.75839
      vertex 29.05 63 1.75826
    endloop
  endfacet
  facet normal 0 1 0
    outer loop
      vertex 21.0429 63 1.78525
      vertex 30 63 0
      vertex 20.7016 63 1.75839
    endloop
  endfacet
  facet normal 0 1 0
    outer loop
      vertex 28.3742 63 42.1348
      vertex 30 63 44
      vertex 28.7071 63 42.2148
    endloop
  endfacet
  facet normal 0 1 0
    outer loop
      vertex 3 63 44
      vertex 3.95155 63 42.2416
      vertex 3.95 63 42.2417
    endloop
  endfacet
  facet normal 0 1 0
    outer loop
      vertex 28.3727 63 42.1345
      vertex 30 63 44
      vertex 28.3742 63 42.1348
    endloop
  endfacet
  facet normal 0 1 0
    outer loop
      vertex 3 63 44
      vertex 4.29286 63 42.2148
      vertex 3.95155 63 42.2416
    endloop
  endfacet
  facet normal 0 1 0
    outer loop
      vertex 28.3713 63 42.1339
      vertex 30 63 44
      vertex 28.3727 63 42.1345
    endloop
  endfacet
  facet normal 0 1 0
    outer loop
      vertex 3 63 44
      vertex 4.62577 63 42.1348
      vertex 4.29286 63 42.2148
    endloop
  endfacet
  facet normal 0 1 0
    outer loop
      vertex 28.055 63 42.0028
      vertex 30 63 44
      vertex 28.3713 63 42.1339
    endloop
  endfacet
  facet normal 0 1 0
    outer loop
      vertex 3 63 44
      vertex 4.62728 63 42.1345
      vertex 4.62577 63 42.1348
    endloop
  endfacet
  facet normal 0 1 0
    outer loop
      vertex 27.7631 63 41.824
      vertex 30 63 44
      vertex 28.055 63 42.0028
    endloop
  endfacet
  facet normal 0 1 0
    outer loop
      vertex 3 63 44
      vertex 4.62872 63 42.1339
      vertex 4.62728 63 42.1345
    endloop
  endfacet
  facet normal 0 1 0
    outer loop
      vertex 27.7617 63 41.8232
      vertex 30 63 44
      vertex 27.7631 63 41.824
    endloop
  endfacet
  facet normal 0 1 0
    outer loop
      vertex 3 63 44
      vertex 4.94503 63 42.0028
      vertex 4.62872 63 42.1339
    endloop
  endfacet
  facet normal 0 1 0
    outer loop
      vertex 30 63 44
      vertex 27.7617 63 41.8232
      vertex 3 63 44
    endloop
  endfacet
  facet normal 0 1 0
    outer loop
      vertex 3 63 44
      vertex 5.23694 63 41.824
      vertex 4.94503 63 42.0028
    endloop
  endfacet
  facet normal 0 1 -0
    outer loop
      vertex 5.23827 63 41.8232
      vertex 3 63 44
      vertex 27.7617 63 41.8232
    endloop
  endfacet
  facet normal 0 1 0
    outer loop
      vertex 3 63 44
      vertex 5.23827 63 41.8232
      vertex 5.23694 63 41.824
    endloop
  endfacet
  facet normal 0 1 -0
    outer loop
      vertex 27.7605 63 41.8221
      vertex 5.23827 63 41.8232
      vertex 27.7617 63 41.8232
    endloop
  endfacet
  facet normal 0 1 0
    outer loop
      vertex 27.7605 63 41.8221
      vertex 5.23945 63 41.8221
      vertex 5.23827 63 41.8232
    endloop
  endfacet
  facet normal 0 1 -0
    outer loop
      vertex 27.5002 63 41.5998
      vertex 5.23945 63 41.8221
      vertex 27.7605 63 41.8221
    endloop
  endfacet
  facet normal 0 1 0
    outer loop
      vertex 27.5002 63 41.5998
      vertex 5.49979 63 41.5998
      vertex 5.23945 63 41.8221
    endloop
  endfacet
  facet normal 0 1 -0
    outer loop
      vertex 27.2779 63 41.3395
      vertex 5.49979 63 41.5998
      vertex 27.5002 63 41.5998
    endloop
  endfacet
  facet normal 0 1 0
    outer loop
      vertex 27.2779 63 41.3395
      vertex 5.72214 63 41.3395
      vertex 5.49979 63 41.5998
    endloop
  endfacet
  facet normal 0 1 -0
    outer loop
      vertex 27.2768 63 41.3383
      vertex 5.72214 63 41.3395
      vertex 27.2779 63 41.3395
    endloop
  endfacet
  facet normal 0 1 0
    outer loop
      vertex 27.2768 63 41.3383
      vertex 5.72315 63 41.3383
      vertex 5.72214 63 41.3395
    endloop
  endfacet
  facet normal 0 1 -0
    outer loop
      vertex 27.098 63 41.0464
      vertex 5.72315 63 41.3383
      vertex 27.2768 63 41.3383
    endloop
  endfacet
  facet normal 0 1 0
    outer loop
      vertex 27.098 63 41.0464
      vertex 5.90204 63 41.0464
      vertex 5.72315 63 41.3383
    endloop
  endfacet
  facet normal 0 1 -0
    outer loop
      vertex 27.0971 63 41.045
      vertex 5.90204 63 41.0464
      vertex 27.098 63 41.0464
    endloop
  endfacet
  facet normal 0 1 0
    outer loop
      vertex 27.0971 63 41.045
      vertex 5.90285 63 41.045
      vertex 5.90204 63 41.0464
    endloop
  endfacet
  facet normal 0 1 0
    outer loop
      vertex 15.0564 63 34.2377
      vertex 27.0971 63 41.045
      vertex 27.0966 63 41.0436
    endloop
  endfacet
  facet normal 0 1 0
    outer loop
      vertex 27.0971 63 41.045
      vertex 15.0564 63 34.2377
      vertex 5.90285 63 41.045
    endloop
  endfacet
  facet normal 0 1 0
    outer loop
      vertex 15.0564 63 34.2377
      vertex 27.0966 63 41.0436
      vertex 26.9655 63 40.7273
    endloop
  endfacet
  facet normal 0 1 0
    outer loop
      vertex 5.90285 63 41.045
      vertex 15.0564 63 34.2377
      vertex 5.90345 63 41.0436
    endloop
  endfacet
  facet normal 0 1 0
    outer loop
      vertex 15.209 63 34.2011
      vertex 26.9655 63 40.7273
      vertex 26.8856 63 40.3944
    endloop
  endfacet
  facet normal 0 1 0
    outer loop
      vertex 5.90345 63 41.0436
      vertex 15.0564 63 34.2377
      vertex 6.03446 63 40.7273
    endloop
  endfacet
  facet normal 0 1 0
    outer loop
      vertex 15.209 63 34.2011
      vertex 26.8856 63 40.3944
      vertex 26.8852 63 40.3929
    endloop
  endfacet
  facet normal -0 1 -0
    outer loop
      vertex 14.9 63 34.25
      vertex 6.03446 63 40.7273
      vertex 15.0564 63 34.2377
    endloop
  endfacet
  facet normal 0 1 0
    outer loop
      vertex 15.354 63 34.141
      vertex 26.8852 63 40.3929
      vertex 26.8851 63 40.3913
    endloop
  endfacet
  facet normal 0 1 0
    outer loop
      vertex 6.03446 63 40.7273
      vertex 14.9 63 34.25
      vertex 6.11439 63 40.3944
    endloop
  endfacet
  facet normal 0 1 0
    outer loop
      vertex 15.354 63 34.141
      vertex 26.8851 63 40.3913
      vertex 26.8583 63 40.05
    endloop
  endfacet
  facet normal 0 1 -0
    outer loop
      vertex 14.7436 63 34.2377
      vertex 6.11439 63 40.3944
      vertex 14.9 63 34.25
    endloop
  endfacet
  facet normal 0 1 0
    outer loop
      vertex 15.4878 63 34.059
      vertex 26.8583 63 40.05
      vertex 26.8851 63 39.7087
    endloop
  endfacet
  facet normal 0 1 0
    outer loop
      vertex 6.11439 63 40.3944
      vertex 14.7436 63 34.2377
      vertex 6.11475 63 40.3929
    endloop
  endfacet
  facet normal 0 1 0
    outer loop
      vertex 15.6071 63 33.9571
      vertex 26.8851 63 39.7087
      vertex 26.8852 63 39.7071
    endloop
  endfacet
  facet normal 0 1 0
    outer loop
      vertex 6.11475 63 40.3929
      vertex 14.7436 63 34.2377
      vertex 6.11487 63 40.3913
    endloop
  endfacet
  facet normal 0 1 0
    outer loop
      vertex 15.6071 63 33.9571
      vertex 26.8852 63 39.7071
      vertex 26.8856 63 39.7056
    endloop
  endfacet
  facet normal 0 1 -0
    outer loop
      vertex 14.591 63 34.2011
      vertex 6.11487 63 40.3913
      vertex 14.7436 63 34.2377
    endloop
  endfacet
  facet normal 0 1 0
    outer loop
      vertex 15.709 63 33.8378
      vertex 26.8856 63 39.7056
      vertex 26.9655 63 39.3727
    endloop
  endfacet
  facet normal 0 1 0
    outer loop
      vertex 6.11487 63 40.3913
      vertex 14.591 63 34.2011
      vertex 6.14174 63 40.05
    endloop
  endfacet
  facet normal 0 1 0
    outer loop
      vertex 15.791 63 33.704
      vertex 26.9655 63 39.3727
      vertex 27.0966 63 39.0564
    endloop
  endfacet
  facet normal 0 1 -0
    outer loop
      vertex 14.446 63 34.141
      vertex 6.14174 63 40.05
      vertex 14.591 63 34.2011
    endloop
  endfacet
  facet normal 0 1 0
    outer loop
      vertex 15.791 63 33.704
      vertex 27.0966 63 39.0564
      vertex 27.0971 63 39.055
    endloop
  endfacet
  facet normal 0 1 0
    outer loop
      vertex 6.14174 63 40.05
      vertex 14.446 63 34.141
      vertex 6.11487 63 39.7087
    endloop
  endfacet
  facet normal 0 1 0
    outer loop
      vertex 15.8511 63 33.559
      vertex 27.0971 63 39.055
      vertex 27.098 63 39.0536
    endloop
  endfacet
  facet normal 0 1 0
    outer loop
      vertex 6.11487 63 39.7087
      vertex 14.446 63 34.141
      vertex 6.11475 63 39.7071
    endloop
  endfacet
  facet normal 0 1 0
    outer loop
      vertex 15.8511 63 33.559
      vertex 27.098 63 39.0536
      vertex 27.2768 63 38.7617
    endloop
  endfacet
  facet normal 0 1 -0
    outer loop
      vertex 14.3122 63 34.059
      vertex 6.11475 63 39.7071
      vertex 14.446 63 34.141
    endloop
  endfacet
  facet normal 0 1 0
    outer loop
      vertex 15.8877 63 33.4064
      vertex 27.2768 63 38.7617
      vertex 27.4992 63 38.5014
    endloop
  endfacet
  facet normal 0 1 0
    outer loop
      vertex 6.11475 63 39.7071
      vertex 14.3122 63 34.059
      vertex 6.11439 63 39.7056
    endloop
  endfacet
  facet normal 0 1 0
    outer loop
      vertex 15.8877 63 33.4064
      vertex 27.4992 63 38.5014
      vertex 27.5002 63 38.5002
    endloop
  endfacet
  facet normal 0 1 0
    outer loop
      vertex 6.11439 63 39.7056
      vertex 14.3122 63 34.059
      vertex 6.03446 63 39.3727
    endloop
  endfacet
  facet normal 0 1 0
    outer loop
      vertex 15.9 63 33.25
      vertex 27.5002 63 38.5002
      vertex 27.5014 63 38.4992
    endloop
  endfacet
  facet normal 0 1 -0
    outer loop
      vertex 14.1929 63 33.9571
      vertex 6.03446 63 39.3727
      vertex 14.3122 63 34.059
    endloop
  endfacet
  facet normal 0 1 0
    outer loop
      vertex 15.9 63 33.25
      vertex 27.5014 63 38.4992
      vertex 27.7617 63 38.2768
    endloop
  endfacet
  facet normal 0 1 0
    outer loop
      vertex 6.03446 63 39.3727
      vertex 14.1929 63 33.9571
      vertex 5.90345 63 39.0564
    endloop
  endfacet
  facet normal 0 1 0
    outer loop
      vertex 15.9 63 30.75
      vertex 27.7617 63 38.2768
      vertex 28.0536 63 38.098
    endloop
  endfacet
  facet normal 0 1 0
    outer loop
      vertex 5.90345 63 39.0564
      vertex 14.1929 63 33.9571
      vertex 5.90285 63 39.055
    endloop
  endfacet
  facet normal 0 1 0
    outer loop
      vertex 15.9 63 30.75
      vertex 28.0536 63 38.098
      vertex 28.055 63 38.0971
    endloop
  endfacet
  facet normal 0 1 -0
    outer loop
      vertex 14.091 63 33.8378
      vertex 5.90285 63 39.055
      vertex 14.1929 63 33.9571
    endloop
  endfacet
  facet normal 0 1 0
    outer loop
      vertex 15.9 63 30.75
      vertex 28.055 63 38.0971
      vertex 28.0564 63 38.0966
    endloop
  endfacet
  facet normal 0 1 0
    outer loop
      vertex 5.90285 63 39.055
      vertex 14.091 63 33.8378
      vertex 5.90204 63 39.0536
    endloop
  endfacet
  facet normal 0 1 0
    outer loop
      vertex 15.8877 63 30.5936
      vertex 28.0564 63 38.0966
      vertex 28.3727 63 37.9655
    endloop
  endfacet
  facet normal 0 1 0
    outer loop
      vertex 5.90204 63 39.0536
      vertex 14.091 63 33.8378
      vertex 5.72315 63 38.7617
    endloop
  endfacet
  facet normal 0 1 0
    outer loop
      vertex 15.8511 63 30.441
      vertex 28.3727 63 37.9655
      vertex 28.7056 63 37.8856
    endloop
  endfacet
  facet normal 0 1 -0
    outer loop
      vertex 13.9489 63 33.559
      vertex 5.72315 63 38.7617
      vertex 14.009 63 33.704
    endloop
  endfacet
  facet normal 0 1 0
    outer loop
      vertex 15.8511 63 30.441
      vertex 28.7056 63 37.8856
      vertex 28.7071 63 37.8852
    endloop
  endfacet
  facet normal 0 1 0
    outer loop
      vertex 5.72315 63 38.7617
      vertex 13.9489 63 33.559
      vertex 5.5008 63 38.5014
    endloop
  endfacet
  facet normal 0 1 0
    outer loop
      vertex 15.6511 63 20.809
      vertex 28.7071 63 37.8852
      vertex 28.7087 63 37.8851
    endloop
  endfacet
  facet normal 0 1 0
    outer loop
      vertex 5.5008 63 38.5014
      vertex 13.9489 63 33.559
      vertex 5.49979 63 38.5002
    endloop
  endfacet
  facet normal 0 1 0
    outer loop
      vertex 15.6511 63 20.809
      vertex 28.7087 63 37.8851
      vertex 29.05 63 37.8583
    endloop
  endfacet
  facet normal 0 1 -0
    outer loop
      vertex 13.9123 63 33.4064
      vertex 5.49979 63 38.5002
      vertex 13.9489 63 33.559
    endloop
  endfacet
  facet normal 0 1 0
    outer loop
      vertex 29.7287 63 42.1339
      vertex 30 63 44
      vertex 30.4693 63 43.9631
    endloop
  endfacet
  facet normal 0 1 0
    outer loop
      vertex 29.0484 63 42.2416
      vertex 30 63 44
      vertex 29.05 63 42.2417
    endloop
  endfacet
  facet normal 0 1 0
    outer loop
      vertex 30.045 63 42.0028
      vertex 30.4693 63 43.9631
      vertex 30.9271 63 43.8532
    endloop
  endfacet
  facet normal 0 1 0
    outer loop
      vertex 28.7071 63 42.2148
      vertex 30 63 44
      vertex 29.0484 63 42.2416
    endloop
  endfacet
  facet normal 0 1 0
    outer loop
      vertex 30.045 63 42.0028
      vertex 30.9271 63 43.8532
      vertex 31.362 63 43.673
    endloop
  endfacet
  facet normal 0 1 -0
    outer loop
      vertex 3.60869 63 42.2149
      vertex 3 63 44
      vertex 3.95 63 42.2417
    endloop
  endfacet
  facet normal 0 1 0
    outer loop
      vertex 30.3383 63 41.8232
      vertex 31.362 63 43.673
      vertex 31.7634 63 43.4271
    endloop
  endfacet
  facet normal 0 1 -0
    outer loop
      vertex 3.60714 63 42.2148
      vertex 3 63 44
      vertex 3.60869 63 42.2149
    endloop
  endfacet
  facet normal 0 1 0
    outer loop
      vertex 30.5998 63 41.5998
      vertex 31.7634 63 43.4271
      vertex 32.1213 63 43.1213
    endloop
  endfacet
  facet normal 0 1 -0
    outer loop
      vertex 3.27423 63 42.1348
      vertex 3 63 44
      vertex 3.60714 63 42.2148
    endloop
  endfacet
  facet normal 0 1 0
    outer loop
      vertex 30.5998 63 41.5998
      vertex 32.1213 63 43.1213
      vertex 32.4271 63 42.7634
    endloop
  endfacet
  facet normal 0 1 -0
    outer loop
      vertex 3.27272 63 42.1345
      vertex 3 63 44
      vertex 3.27423 63 42.1348
    endloop
  endfacet
  facet normal 0 1 0
    outer loop
      vertex 30.8232 63 41.3383
      vertex 32.4271 63 42.7634
      vertex 32.673 63 42.362
    endloop
  endfacet
  facet normal 0 1 -0
    outer loop
      vertex 3.27128 63 42.1339
      vertex 3 63 44
      vertex 3.27272 63 42.1345
    endloop
  endfacet
  facet normal 0 1 0
    outer loop
      vertex 3 63 44
      vertex 3.27128 63 42.1339
      vertex 2.5307 63 43.9631
    endloop
  endfacet
  facet normal 0 1 0
    outer loop
      vertex 30 63 44
      vertex 29.3913 63 42.2149
      vertex 29.05 63 42.2417
    endloop
  endfacet
  facet normal 0 1 0
    outer loop
      vertex 30 63 44
      vertex 29.3929 63 42.2148
      vertex 29.3913 63 42.2149
    endloop
  endfacet
  facet normal 0 1 0
    outer loop
      vertex 30 63 44
      vertex 29.7258 63 42.1348
      vertex 29.3929 63 42.2148
    endloop
  endfacet
  facet normal 0 1 0
    outer loop
      vertex 30 63 44
      vertex 29.7273 63 42.1345
      vertex 29.7258 63 42.1348
    endloop
  endfacet
  facet normal 0 1 0
    outer loop
      vertex 30 63 44
      vertex 29.7287 63 42.1339
      vertex 29.7273 63 42.1345
    endloop
  endfacet
  facet normal 0 1 0
    outer loop
      vertex 30.4693 63 43.9631
      vertex 30.045 63 42.0028
      vertex 29.7287 63 42.1339
    endloop
  endfacet
  facet normal 0 1 0
    outer loop
      vertex 30.824 63 41.3369
      vertex 32.673 63 42.362
      vertex 32.8532 63 41.9271
    endloop
  endfacet
  facet normal 0 1 0
    outer loop
      vertex 31.362 63 43.673
      vertex 30.3369 63 41.824
      vertex 30.045 63 42.0028
    endloop
  endfacet
  facet normal 0 1 0
    outer loop
      vertex 31.362 63 43.673
      vertex 30.3383 63 41.8232
      vertex 30.3369 63 41.824
    endloop
  endfacet
  facet normal 0 1 0
    outer loop
      vertex 31.7634 63 43.4271
      vertex 30.3395 63 41.8221
      vertex 30.3383 63 41.8232
    endloop
  endfacet
  facet normal 0 1 0
    outer loop
      vertex 31.7634 63 43.4271
      vertex 30.5998 63 41.5998
      vertex 30.3395 63 41.8221
    endloop
  endfacet
  facet normal 0 1 0
    outer loop
      vertex 31.0029 63 41.045
      vertex 32.8532 63 41.9271
      vertex 32.9631 63 41.4693
    endloop
  endfacet
  facet normal 0 1 0
    outer loop
      vertex 32.4271 63 42.7634
      vertex 30.8221 63 41.3395
      vertex 30.5998 63 41.5998
    endloop
  endfacet
  facet normal 0 1 0
    outer loop
      vertex 32.4271 63 42.7634
      vertex 30.8232 63 41.3383
      vertex 30.8221 63 41.3395
    endloop
  endfacet
  facet normal 0 1 0
    outer loop
      vertex 32.673 63 42.362
      vertex 30.824 63 41.3369
      vertex 30.8232 63 41.3383
    endloop
  endfacet
  facet normal 0 1 0
    outer loop
      vertex 32.8532 63 41.9271
      vertex 31.0029 63 41.045
      vertex 30.824 63 41.3369
    endloop
  endfacet
  facet normal 0 1 0
    outer loop
      vertex 31.1339 63 40.7287
      vertex 32.9631 63 41.4693
      vertex 33 63 41
    endloop
  endfacet
  facet normal 0 1 0
    outer loop
      vertex 32.9631 63 41.4693
      vertex 31.1339 63 40.7287
      vertex 31.0029 63 41.045
    endloop
  endfacet
  facet normal 0 1 0
    outer loop
      vertex 33 63 41
      vertex 31.1345 63 40.7273
      vertex 31.1339 63 40.7287
    endloop
  endfacet
  facet normal 0 1 0
    outer loop
      vertex 33 63 41
      vertex 31.1348 63 40.7258
      vertex 31.1345 63 40.7273
    endloop
  endfacet
  facet normal 0 1 0
    outer loop
      vertex 33 63 41
      vertex 31.2148 63 40.3929
      vertex 31.1348 63 40.7258
    endloop
  endfacet
  facet normal 0 1 0
    outer loop
      vertex 33 63 41
      vertex 31.2149 63 40.3913
      vertex 31.2148 63 40.3929
    endloop
  endfacet
  facet normal 0 1 0
    outer loop
      vertex 33 63 41
      vertex 31.2417 63 40.05
      vertex 31.2149 63 40.3913
    endloop
  endfacet
  facet normal 0 1 0
    outer loop
      vertex 33 63 41
      vertex 31.2416 63 40.0484
      vertex 31.2417 63 40.05
    endloop
  endfacet
  facet normal 0 1 0
    outer loop
      vertex 33 63 41
      vertex 31.2148 63 39.7071
      vertex 31.2416 63 40.0484
    endloop
  endfacet
  facet normal 0 1 0
    outer loop
      vertex 33 63 41
      vertex 31.1348 63 39.3742
      vertex 31.2148 63 39.7071
    endloop
  endfacet
  facet normal 0 1 0
    outer loop
      vertex 33 63 41
      vertex 31.1345 63 39.3727
      vertex 31.1348 63 39.3742
    endloop
  endfacet
  facet normal 0 1 0
    outer loop
      vertex 33 63 41
      vertex 31.1339 63 39.3713
      vertex 31.1345 63 39.3727
    endloop
  endfacet
  facet normal 0 1 0
    outer loop
      vertex 33 63 41
      vertex 31.0029 63 39.055
      vertex 31.1339 63 39.3713
    endloop
  endfacet
  facet normal 0 1 0
    outer loop
      vertex 33 63 41
      vertex 30.824 63 38.7631
      vertex 31.0029 63 39.055
    endloop
  endfacet
  facet normal 0 1 0
    outer loop
      vertex 33 63 41
      vertex 30.8232 63 38.7617
      vertex 30.824 63 38.7631
    endloop
  endfacet
  facet normal 0 1 0
    outer loop
      vertex 33 63 41
      vertex 30.8221 63 38.7605
      vertex 30.8232 63 38.7617
    endloop
  endfacet
  facet normal 0 1 0
    outer loop
      vertex 33 63 41
      vertex 30.5998 63 38.5002
      vertex 30.8221 63 38.7605
    endloop
  endfacet
  facet normal 0 1 0
    outer loop
      vertex 30.5998 63 38.5002
      vertex 30.3383 63 38.2768
      vertex 30.3395 63 38.2779
    endloop
  endfacet
  facet normal 0 1 0
    outer loop
      vertex 30.045 63 38.0971
      vertex 29.7273 63 37.9655
      vertex 30.0436 63 38.0966
    endloop
  endfacet
  facet normal 0 1 0
    outer loop
      vertex 5.49979 63 38.5002
      vertex 13.9123 63 33.4064
      vertex 5.49861 63 38.4992
    endloop
  endfacet
  facet normal 0 1 0
    outer loop
      vertex 17.8185 63 16.339
      vertex 29.05 63 37.8583
      vertex 29.3913 63 37.8851
    endloop
  endfacet
  facet normal 0 1 0
    outer loop
      vertex 17.8185 63 16.339
      vertex 29.3913 63 37.8851
      vertex 29.3929 63 37.8852
    endloop
  endfacet
  facet normal 0 1 0
    outer loop
      vertex 18.0287 63 15.8316
      vertex 29.3929 63 37.8852
      vertex 29.3944 63 37.8856
    endloop
  endfacet
  facet normal 0 1 0
    outer loop
      vertex 29.3944 63 6.11439
      vertex 29.3944 63 37.8856
      vertex 29.7273 63 37.9655
    endloop
  endfacet
  facet normal 0 1 -0
    outer loop
      vertex 14.009 63 33.704
      vertex 5.72315 63 38.7617
      vertex 14.091 63 33.8378
    endloop
  endfacet
  facet normal 0 1 0
    outer loop
      vertex 26.9655 63 40.7273
      vertex 15.209 63 34.2011
      vertex 15.0564 63 34.2377
    endloop
  endfacet
  facet normal 0 1 0
    outer loop
      vertex 26.8852 63 40.3929
      vertex 15.354 63 34.141
      vertex 15.209 63 34.2011
    endloop
  endfacet
  facet normal 0 1 0
    outer loop
      vertex 26.8583 63 40.05
      vertex 15.4878 63 34.059
      vertex 15.354 63 34.141
    endloop
  endfacet
  facet normal 0 1 0
    outer loop
      vertex 26.8851 63 39.7087
      vertex 15.6071 63 33.9571
      vertex 15.4878 63 34.059
    endloop
  endfacet
  facet normal 0 1 0
    outer loop
      vertex 26.8856 63 39.7056
      vertex 15.709 63 33.8378
      vertex 15.6071 63 33.9571
    endloop
  endfacet
  facet normal 0 1 0
    outer loop
      vertex 26.9655 63 39.3727
      vertex 15.791 63 33.704
      vertex 15.709 63 33.8378
    endloop
  endfacet
  facet normal 0 1 0
    outer loop
      vertex 27.0971 63 39.055
      vertex 15.8511 63 33.559
      vertex 15.791 63 33.704
    endloop
  endfacet
  facet normal 0 1 0
    outer loop
      vertex 27.2768 63 38.7617
      vertex 15.8877 63 33.4064
      vertex 15.8511 63 33.559
    endloop
  endfacet
  facet normal 0 1 0
    outer loop
      vertex 27.5002 63 38.5002
      vertex 15.9 63 33.25
      vertex 15.8877 63 33.4064
    endloop
  endfacet
  facet normal 0 1 0
    outer loop
      vertex 27.7617 63 38.2768
      vertex 15.9 63 30.75
      vertex 15.9 63 33.25
    endloop
  endfacet
  facet normal 0 1 0
    outer loop
      vertex 29.7273 63 6.03446
      vertex 29.7273 63 37.9655
      vertex 30.045 63 38.0971
    endloop
  endfacet
  facet normal 0 1 0
    outer loop
      vertex 28.0564 63 38.0966
      vertex 15.8877 63 30.5936
      vertex 15.9 63 30.75
    endloop
  endfacet
  facet normal 0 1 0
    outer loop
      vertex 28.3727 63 37.9655
      vertex 15.8511 63 30.441
      vertex 15.8877 63 30.5936
    endloop
  endfacet
  facet normal 0 1 0
    outer loop
      vertex 28.7071 63 37.8852
      vertex 15.791 63 30.296
      vertex 15.8511 63 30.441
    endloop
  endfacet
  facet normal 0 1 0
    outer loop
      vertex 28.7071 63 37.8852
      vertex 15.6511 63 20.809
      vertex 15.791 63 30.296
    endloop
  endfacet
  facet normal -0 1 0
    outer loop
      vertex 15.591 63 20.954
      vertex 15.791 63 30.296
      vertex 15.6511 63 20.809
    endloop
  endfacet
  facet normal 0 1 0
    outer loop
      vertex 15.791 63 30.296
      vertex 15.591 63 20.954
      vertex 15.709 63 30.1622
    endloop
  endfacet
  facet normal -0 1 0
    outer loop
      vertex 15.509 63 21.0878
      vertex 15.709 63 30.1622
      vertex 15.591 63 20.954
    endloop
  endfacet
  facet normal 0 1 0
    outer loop
      vertex 14.8564 63 21.4877
      vertex 14.9 63 29.75
      vertex 15.0564 63 29.7623
    endloop
  endfacet
  facet normal 0 1 0
    outer loop
      vertex 15.009 63 21.4511
      vertex 15.0564 63 29.7623
      vertex 15.209 63 29.7989
    endloop
  endfacet
  facet normal 0 1 0
    outer loop
      vertex 15.154 63 21.391
      vertex 15.209 63 29.7989
      vertex 15.354 63 29.859
    endloop
  endfacet
  facet normal -0 1 0
    outer loop
      vertex 15.4071 63 21.2071
      vertex 15.6071 63 30.0429
      vertex 15.509 63 21.0878
    endloop
  endfacet
  facet normal 0 1 0
    outer loop
      vertex 30.045 63 5.90285
      vertex 30.045 63 38.0971
      vertex 30.0464 63 38.098
    endloop
  endfacet
  facet normal 0 1 0
    outer loop
      vertex 30.045 63 5.90285
      vertex 30.0464 63 38.098
      vertex 30.3383 63 38.2768
    endloop
  endfacet
  facet normal 0 1 0
    outer loop
      vertex 30.3383 63 5.72315
      vertex 30.3383 63 38.2768
      vertex 30.5998 63 38.5002
    endloop
  endfacet
  facet normal 0 1 0
    outer loop
      vertex 30.5998 63 5.49979
      vertex 30.5998 63 38.5002
      vertex 33 63 41
    endloop
  endfacet
  facet normal 0 1 0
    outer loop
      vertex 14.9 63 29.75
      vertex 14.8564 63 21.4877
      vertex 14.7 63 21.5
    endloop
  endfacet
  facet normal 0 1 0
    outer loop
      vertex 15.0564 63 29.7623
      vertex 15.009 63 21.4511
      vertex 14.8564 63 21.4877
    endloop
  endfacet
  facet normal 0 1 0
    outer loop
      vertex 15.209 63 29.7989
      vertex 15.154 63 21.391
      vertex 15.009 63 21.4511
    endloop
  endfacet
  facet normal 0 1 0
    outer loop
      vertex 15.354 63 29.859
      vertex 15.2878 63 21.309
      vertex 15.154 63 21.391
    endloop
  endfacet
  facet normal 0 1 0
    outer loop
      vertex 15.4878 63 29.941
      vertex 15.2878 63 21.309
      vertex 15.354 63 29.859
    endloop
  endfacet
  facet normal -0 1 0
    outer loop
      vertex 15.2878 63 21.309
      vertex 15.4878 63 29.941
      vertex 15.4071 63 21.2071
    endloop
  endfacet
  facet normal 0 1 0
    outer loop
      vertex 15.6071 63 30.0429
      vertex 15.4071 63 21.2071
      vertex 15.4878 63 29.941
    endloop
  endfacet
  facet normal 0 1 0
    outer loop
      vertex 15.709 63 30.1622
      vertex 15.509 63 21.0878
      vertex 15.6071 63 30.0429
    endloop
  endfacet
  facet normal 0 1 0
    outer loop
      vertex 29.05 63 37.8583
      vertex 17.5316 63 16.8072
      vertex 15.6511 63 20.809
    endloop
  endfacet
  facet normal 0 1 0
    outer loop
      vertex 15.6511 63 20.809
      vertex 17.5316 63 16.8072
      vertex 15.6877 63 20.6564
    endloop
  endfacet
  facet normal -0 1 -0
    outer loop
      vertex 17.1749 63 17.2249
      vertex 15.6877 63 20.6564
      vertex 17.5316 63 16.8072
    endloop
  endfacet
  facet normal 0 1 0
    outer loop
      vertex 15.6877 63 20.6564
      vertex 17.1749 63 17.2249
      vertex 15.7 63 20.5
    endloop
  endfacet
  facet normal 0 1 0
    outer loop
      vertex 15.7 63 20.5
      vertex 17.1749 63 17.2249
      vertex 15.6877 63 20.3436
    endloop
  endfacet
  facet normal -0 1 -0
    outer loop
      vertex 16.7572 63 17.5816
      vertex 15.6877 63 20.3436
      vertex 17.1749 63 17.2249
    endloop
  endfacet
  facet normal 0 1 0
    outer loop
      vertex 14.8564 63 19.5123
      vertex 14.7 63 18.25
      vertex 14.7 63 19.5
    endloop
  endfacet
  facet normal 0 1 0
    outer loop
      vertex 15.2475 63 18.2069
      vertex 14.8564 63 19.5123
      vertex 15.009 63 19.5489
    endloop
  endfacet
  facet normal 0 1 0
    outer loop
      vertex 15.2475 63 18.2069
      vertex 15.009 63 19.5489
      vertex 15.154 63 19.609
    endloop
  endfacet
  facet normal 0 1 -0
    outer loop
      vertex 15.2475 63 18.2069
      vertex 15.154 63 19.609
      vertex 15.2878 63 19.691
    endloop
  endfacet
  facet normal 0 1 0
    outer loop
      vertex 15.7816 63 18.0787
      vertex 15.2878 63 19.691
      vertex 15.4071 63 19.7929
    endloop
  endfacet
  facet normal 0 1 0
    outer loop
      vertex 15.7816 63 18.0787
      vertex 15.4071 63 19.7929
      vertex 15.509 63 19.9122
    endloop
  endfacet
  facet normal 0 1 0
    outer loop
      vertex 15.6877 63 20.3436
      vertex 16.7572 63 17.5816
      vertex 15.6511 63 20.191
    endloop
  endfacet
  facet normal 0 1 0
    outer loop
      vertex 14.8564 63 19.5123
      vertex 15.2475 63 18.2069
      vertex 14.7 63 18.25
    endloop
  endfacet
  facet normal 0 1 0
    outer loop
      vertex 15.2878 63 19.691
      vertex 15.7816 63 18.0787
      vertex 15.2475 63 18.2069
    endloop
  endfacet
  facet normal 0 1 0
    outer loop
      vertex 15.509 63 19.9122
      vertex 16.289 63 17.8685
      vertex 15.7816 63 18.0787
    endloop
  endfacet
  facet normal 0 1 0
    outer loop
      vertex 15.591 63 20.046
      vertex 16.289 63 17.8685
      vertex 15.509 63 19.9122
    endloop
  endfacet
  facet normal 0 1 0
    outer loop
      vertex 15.6511 63 20.191
      vertex 16.289 63 17.8685
      vertex 15.591 63 20.046
    endloop
  endfacet
  facet normal -0 1 -0
    outer loop
      vertex 16.289 63 17.8685
      vertex 15.6511 63 20.191
      vertex 16.7572 63 17.5816
    endloop
  endfacet
  facet normal 0 1 0
    outer loop
      vertex 29.05 63 37.8583
      vertex 17.8185 63 16.339
      vertex 17.5316 63 16.8072
    endloop
  endfacet
  facet normal 0 1 0
    outer loop
      vertex 29.7273 63 37.9655
      vertex 29.7273 63 6.03446
      vertex 29.3944 63 6.11439
    endloop
  endfacet
  facet normal 0 1 0
    outer loop
      vertex 29.3929 63 37.8852
      vertex 18.0287 63 15.8316
      vertex 17.8185 63 16.339
    endloop
  endfacet
  facet normal 0 1 0
    outer loop
      vertex 29.3944 63 37.8856
      vertex 29.3944 63 6.11439
      vertex 18.0287 63 15.8316
    endloop
  endfacet
  facet normal -0 1 -0
    outer loop
      vertex 29.3913 63 6.11487
      vertex 18.0287 63 15.8316
      vertex 29.3929 63 6.11475
    endloop
  endfacet
  facet normal 0 1 0
    outer loop
      vertex 18.1569 63 15.2975
      vertex 28.7087 63 6.11487
      vertex 18.2 63 14.75
    endloop
  endfacet
  facet normal 0 1 -0
    outer loop
      vertex 28.7071 63 6.11475
      vertex 18.2 63 14.75
      vertex 28.7087 63 6.11487
    endloop
  endfacet
  facet normal 0 1 0
    outer loop
      vertex 18.2 63 9.25
      vertex 20.7 63 6.14174
      vertex 18.1569 63 8.70248
    endloop
  endfacet
  facet normal 0 1 -0
    outer loop
      vertex 20.3556 63 6.11439
      vertex 18.0287 63 8.16844
      vertex 20.3571 63 6.11475
    endloop
  endfacet
  facet normal 0 1 0
    outer loop
      vertex 18.1569 63 8.70248
      vertex 20.3571 63 6.11475
      vertex 18.0287 63 8.16844
    endloop
  endfacet
  facet normal 0 1 -0
    outer loop
      vertex 20.3571 63 6.11475
      vertex 18.1569 63 8.70248
      vertex 20.3587 63 6.11487
    endloop
  endfacet
  facet normal 0 1 -0
    outer loop
      vertex 20.3587 63 6.11487
      vertex 18.1569 63 8.70248
      vertex 20.7 63 6.14174
    endloop
  endfacet
  facet normal 0 1 -0
    outer loop
      vertex 28.7087 63 6.11487
      vertex 18.1569 63 15.2975
      vertex 29.05 63 6.14174
    endloop
  endfacet
  facet normal -0 1 -0
    outer loop
      vertex 29.05 63 6.14174
      vertex 18.1569 63 15.2975
      vertex 29.3913 63 6.11487
    endloop
  endfacet
  facet normal 0 1 0
    outer loop
      vertex 18.0287 63 15.8316
      vertex 29.3913 63 6.11487
      vertex 18.1569 63 15.2975
    endloop
  endfacet
  facet normal -0 1 -0
    outer loop
      vertex 29.3929 63 6.11475
      vertex 18.0287 63 15.8316
      vertex 29.3944 63 6.11439
    endloop
  endfacet
  facet normal 0 1 0
    outer loop
      vertex 30.045 63 38.0971
      vertex 30.0436 63 5.90345
      vertex 29.7273 63 6.03446
    endloop
  endfacet
  facet normal 0 1 0
    outer loop
      vertex 30.045 63 38.0971
      vertex 30.045 63 5.90285
      vertex 30.0436 63 5.90345
    endloop
  endfacet
  facet normal 0 1 0
    outer loop
      vertex 30.3383 63 38.2768
      vertex 30.0464 63 5.90204
      vertex 30.045 63 5.90285
    endloop
  endfacet
  facet normal 0 1 0
    outer loop
      vertex 30.3383 63 38.2768
      vertex 30.3383 63 5.72315
      vertex 30.0464 63 5.90204
    endloop
  endfacet
  facet normal 0 1 0
    outer loop
      vertex 30.5998 63 38.5002
      vertex 30.3395 63 5.72214
      vertex 30.3383 63 5.72315
    endloop
  endfacet
  facet normal 0 1 0
    outer loop
      vertex 30.5998 63 38.5002
      vertex 30.5998 63 5.49979
      vertex 30.3395 63 5.72214
    endloop
  endfacet
  facet normal 0 1 0
    outer loop
      vertex 33 63 41
      vertex 30.8221 63 5.23945
      vertex 30.5998 63 5.49979
    endloop
  endfacet
  facet normal 0 1 0
    outer loop
      vertex 33 63 41
      vertex 30.8232 63 5.23827
      vertex 30.8221 63 5.23945
    endloop
  endfacet
  facet normal 0 1 -0
    outer loop
      vertex 33 63 3
      vertex 30.8232 63 5.23827
      vertex 33 63 41
    endloop
  endfacet
  facet normal 0 1 0
    outer loop
      vertex 30.8232 63 5.23827
      vertex 33 63 3
      vertex 30.824 63 5.23694
    endloop
  endfacet
  facet normal 0 1 0
    outer loop
      vertex 30.824 63 5.23694
      vertex 33 63 3
      vertex 31.0029 63 4.94503
    endloop
  endfacet
  facet normal 0 1 0
    outer loop
      vertex 31.0029 63 4.94503
      vertex 33 63 3
      vertex 31.1339 63 4.62872
    endloop
  endfacet
  facet normal 0 1 0
    outer loop
      vertex 31.1339 63 4.62872
      vertex 33 63 3
      vertex 31.1345 63 4.62728
    endloop
  endfacet
  facet normal 0 1 0
    outer loop
      vertex 31.1345 63 4.62728
      vertex 33 63 3
      vertex 31.1348 63 4.62577
    endloop
  endfacet
  facet normal 0 1 0
    outer loop
      vertex 31.1348 63 4.62577
      vertex 33 63 3
      vertex 31.2148 63 4.29286
    endloop
  endfacet
  facet normal 0 1 0
    outer loop
      vertex 31.2148 63 4.29286
      vertex 33 63 3
      vertex 31.2416 63 3.95155
    endloop
  endfacet
  facet normal 0 1 0
    outer loop
      vertex 33 63 3
      vertex 31.2149 63 3.60869
      vertex 31.2417 63 3.95
    endloop
  endfacet
  facet normal 0 1 0
    outer loop
      vertex 33 63 3
      vertex 31.1348 63 3.27423
      vertex 31.2148 63 3.60714
    endloop
  endfacet
  facet normal 0 1 0
    outer loop
      vertex 31.2416 63 3.95155
      vertex 33 63 3
      vertex 31.2417 63 3.95
    endloop
  endfacet
  facet normal 0 1 0
    outer loop
      vertex 31.2149 63 3.60869
      vertex 33 63 3
      vertex 31.2148 63 3.60714
    endloop
  endfacet
  facet normal 0 1 0
    outer loop
      vertex 31.1348 63 3.27423
      vertex 33 63 3
      vertex 31.1345 63 3.27272
    endloop
  endfacet
  facet normal 0 1 0
    outer loop
      vertex 33 63 3
      vertex 31.1339 63 3.27128
      vertex 31.1345 63 3.27272
    endloop
  endfacet
  facet normal 0 1 -0
    outer loop
      vertex 32.9631 63 2.5307
      vertex 31.1339 63 3.27128
      vertex 33 63 3
    endloop
  endfacet
  facet normal 0 1 0
    outer loop
      vertex 31.1339 63 3.27128
      vertex 32.9631 63 2.5307
      vertex 31.0029 63 2.95497
    endloop
  endfacet
  facet normal 0 1 -0
    outer loop
      vertex 32.8532 63 2.07295
      vertex 31.0029 63 2.95497
      vertex 32.9631 63 2.5307
    endloop
  endfacet
  facet normal 0 1 0
    outer loop
      vertex 31.0029 63 2.95497
      vertex 32.8532 63 2.07295
      vertex 30.824 63 2.66306
    endloop
  endfacet
  facet normal 0 1 -0
    outer loop
      vertex 32.673 63 1.63803
      vertex 30.824 63 2.66306
      vertex 32.8532 63 2.07295
    endloop
  endfacet
  facet normal 0 1 0
    outer loop
      vertex 30.824 63 2.66306
      vertex 32.673 63 1.63803
      vertex 30.8232 63 2.66173
    endloop
  endfacet
  facet normal 0 1 -0
    outer loop
      vertex 32.4271 63 1.23664
      vertex 30.8232 63 2.66173
      vertex 32.673 63 1.63803
    endloop
  endfacet
  facet normal 0 1 0
    outer loop
      vertex 30.8232 63 2.66173
      vertex 32.4271 63 1.23664
      vertex 30.8221 63 2.66055
    endloop
  endfacet
  facet normal 0 1 0
    outer loop
      vertex 30.8221 63 2.66055
      vertex 32.4271 63 1.23664
      vertex 30.5998 63 2.40021
    endloop
  endfacet
  facet normal 0 1 -0
    outer loop
      vertex 32.1213 63 0.87868
      vertex 30.5998 63 2.40021
      vertex 32.4271 63 1.23664
    endloop
  endfacet
  facet normal 0 1 -0
    outer loop
      vertex 31.7634 63 0.572949
      vertex 30.5998 63 2.40021
      vertex 32.1213 63 0.87868
    endloop
  endfacet
  facet normal 0 1 0
    outer loop
      vertex 30.5998 63 2.40021
      vertex 31.7634 63 0.572949
      vertex 30.3395 63 2.17786
    endloop
  endfacet
  facet normal 0 1 0
    outer loop
      vertex 30.3395 63 2.17786
      vertex 31.7634 63 0.572949
      vertex 30.3383 63 2.17685
    endloop
  endfacet
  facet normal 0 1 -0
    outer loop
      vertex 31.362 63 0.326981
      vertex 30.3383 63 2.17685
      vertex 31.7634 63 0.572949
    endloop
  endfacet
  facet normal 0 1 0
    outer loop
      vertex 30.3383 63 2.17685
      vertex 31.362 63 0.326981
      vertex 30.3369 63 2.17603
    endloop
  endfacet
  facet normal 0 1 0
    outer loop
      vertex 30 63 0
      vertex 29.0515 63 1.75839
      vertex 29.3929 63 1.78525
    endloop
  endfacet
  facet normal 0 1 -0
    outer loop
      vertex 30.4693 63 0.0369358
      vertex 30.045 63 1.99715
      vertex 30.9271 63 0.146831
    endloop
  endfacet
  facet normal 0 1 -0
    outer loop
      vertex 30.9271 63 0.146831
      vertex 30.045 63 1.99715
      vertex 31.362 63 0.326981
    endloop
  endfacet
  facet normal 0 1 0
    outer loop
      vertex 30.3369 63 2.17603
      vertex 31.362 63 0.326981
      vertex 30.045 63 1.99715
    endloop
  endfacet
  facet normal 0 1 -0
    outer loop
      vertex 2.95497 63 42.0028
      vertex 2.5307 63 43.9631
      vertex 3.27128 63 42.1339
    endloop
  endfacet
  facet normal 0 1 0
    outer loop
      vertex 2.5307 63 43.9631
      vertex 2.95497 63 42.0028
      vertex 2.07295 63 43.8532
    endloop
  endfacet
  facet normal 0 1 0
    outer loop
      vertex 2.07295 63 43.8532
      vertex 2.95497 63 42.0028
      vertex 1.63803 63 43.673
    endloop
  endfacet
  facet normal 0 1 -0
    outer loop
      vertex 2.66306 63 41.824
      vertex 1.63803 63 43.673
      vertex 2.95497 63 42.0028
    endloop
  endfacet
  facet normal 0 1 -0
    outer loop
      vertex 2.66173 63 41.8232
      vertex 1.63803 63 43.673
      vertex 2.66306 63 41.824
    endloop
  endfacet
  facet normal 0 1 0
    outer loop
      vertex 1.63803 63 43.673
      vertex 2.66173 63 41.8232
      vertex 1.23664 63 43.4271
    endloop
  endfacet
  facet normal 0 1 -0
    outer loop
      vertex 2.66055 63 41.8221
      vertex 1.23664 63 43.4271
      vertex 2.66173 63 41.8232
    endloop
  endfacet
  facet normal 0 1 -0
    outer loop
      vertex 2.40021 63 41.5998
      vertex 1.23664 63 43.4271
      vertex 2.66055 63 41.8221
    endloop
  endfacet
  facet normal 0 1 0
    outer loop
      vertex 1.23664 63 43.4271
      vertex 2.40021 63 41.5998
      vertex 0.878679 63 43.1213
    endloop
  endfacet
  facet normal 0 1 0
    outer loop
      vertex 0.878679 63 43.1213
      vertex 2.40021 63 41.5998
      vertex 0.572948 63 42.7634
    endloop
  endfacet
  facet normal 0 1 -0
    outer loop
      vertex 2.17786 63 41.3395
      vertex 0.572948 63 42.7634
      vertex 2.40021 63 41.5998
    endloop
  endfacet
  facet normal 0 1 -0
    outer loop
      vertex 2.17685 63 41.3383
      vertex 0.572948 63 42.7634
      vertex 2.17786 63 41.3395
    endloop
  endfacet
  facet normal 0 1 0
    outer loop
      vertex 0.572948 63 42.7634
      vertex 2.17685 63 41.3383
      vertex 0.32698 63 42.362
    endloop
  endfacet
  facet normal 0 1 -0
    outer loop
      vertex 2.17603 63 41.3369
      vertex 0.32698 63 42.362
      vertex 2.17685 63 41.3383
    endloop
  endfacet
  facet normal 0 1 0
    outer loop
      vertex 0.32698 63 42.362
      vertex 2.17603 63 41.3369
      vertex 0.14683 63 41.9271
    endloop
  endfacet
  facet normal 0 1 -0
    outer loop
      vertex 1.99715 63 41.045
      vertex 0.14683 63 41.9271
      vertex 2.17603 63 41.3369
    endloop
  endfacet
  facet normal 0 1 0
    outer loop
      vertex 0.14683 63 41.9271
      vertex 1.99715 63 41.045
      vertex 0.0369349 63 41.4693
    endloop
  endfacet
  facet normal 0 1 -0
    outer loop
      vertex 1.86613 63 40.7287
      vertex 0.0369349 63 41.4693
      vertex 1.99715 63 41.045
    endloop
  endfacet
  facet normal 0 1 0
    outer loop
      vertex 0.0369349 63 41.4693
      vertex 1.86613 63 40.7287
      vertex 0 63 41
    endloop
  endfacet
  facet normal 0 1 -0
    outer loop
      vertex 1.86553 63 40.7273
      vertex 0 63 41
      vertex 1.86613 63 40.7287
    endloop
  endfacet
  facet normal 0 1 -0
    outer loop
      vertex 1.86517 63 40.7258
      vertex 0 63 41
      vertex 1.86553 63 40.7273
    endloop
  endfacet
  facet normal 0 1 -0
    outer loop
      vertex 1.78525 63 40.3929
      vertex 0 63 41
      vertex 1.86517 63 40.7258
    endloop
  endfacet
  facet normal 0 1 -0
    outer loop
      vertex 1.75839 63 40.0516
      vertex 0 63 41
      vertex 1.78525 63 40.3929
    endloop
  endfacet
  facet normal 0 1 -0
    outer loop
      vertex 1.75826 63 40.05
      vertex 0 63 41
      vertex 1.75839 63 40.0516
    endloop
  endfacet
  facet normal 0 1 0
    outer loop
      vertex 1.75839 63 40.0484
      vertex 0 63 41
      vertex 1.75826 63 40.05
    endloop
  endfacet
  facet normal 0 1 0
    outer loop
      vertex 1.78525 63 39.7071
      vertex 0 63 41
      vertex 1.75839 63 40.0484
    endloop
  endfacet
  facet normal 0 1 0
    outer loop
      vertex 1.86517 63 39.3742
      vertex 0 63 41
      vertex 1.78525 63 39.7071
    endloop
  endfacet
  facet normal 0 1 0
    outer loop
      vertex 1.86553 63 39.3727
      vertex 0 63 41
      vertex 1.86517 63 39.3742
    endloop
  endfacet
  facet normal 0 1 0
    outer loop
      vertex 1.86613 63 39.3713
      vertex 0 63 41
      vertex 1.86553 63 39.3727
    endloop
  endfacet
  facet normal 0 1 0
    outer loop
      vertex 1.99715 63 39.055
      vertex 0 63 41
      vertex 1.86613 63 39.3713
    endloop
  endfacet
  facet normal 0 1 0
    outer loop
      vertex 2.17603 63 38.7631
      vertex 0 63 41
      vertex 1.99715 63 39.055
    endloop
  endfacet
  facet normal 0 1 0
    outer loop
      vertex 2.17685 63 38.7617
      vertex 0 63 41
      vertex 2.17603 63 38.7631
    endloop
  endfacet
  facet normal 0 1 0
    outer loop
      vertex 2.17786 63 38.7605
      vertex 0 63 41
      vertex 2.17685 63 38.7617
    endloop
  endfacet
  facet normal 0 1 0
    outer loop
      vertex 2.40021 63 38.5002
      vertex 0 63 41
      vertex 2.17786 63 38.7605
    endloop
  endfacet
  facet normal 0 1 0
    outer loop
      vertex 2.66173 63 38.2768
      vertex 2.40021 63 38.5002
      vertex 2.66055 63 38.2779
    endloop
  endfacet
  facet normal 0 1 0
    outer loop
      vertex 11.5815 63 16.339
      vertex 2.95641 63 38.0966
      vertex 3.27272 63 37.9655
    endloop
  endfacet
  facet normal 0 1 0
    outer loop
      vertex 13.9489 63 30.441
      vertex 3.60869 63 37.8851
      vertex 3.95 63 37.8583
    endloop
  endfacet
  facet normal 0 1 0
    outer loop
      vertex 5.49861 63 38.4992
      vertex 13.9123 63 33.4064
      vertex 5.23827 63 38.2768
    endloop
  endfacet
  facet normal 0 1 -0
    outer loop
      vertex 13.9 63 33.25
      vertex 5.23827 63 38.2768
      vertex 13.9123 63 33.4064
    endloop
  endfacet
  facet normal 0 1 0
    outer loop
      vertex 5.23827 63 38.2768
      vertex 13.9 63 33.25
      vertex 4.94635 63 38.098
    endloop
  endfacet
  facet normal 0 1 0
    outer loop
      vertex 4.94635 63 38.098
      vertex 13.9 63 33.25
      vertex 4.94503 63 38.0971
    endloop
  endfacet
  facet normal 0 1 0
    outer loop
      vertex 4.94503 63 38.0971
      vertex 13.9 63 33.25
      vertex 4.94359 63 38.0966
    endloop
  endfacet
  facet normal 0 1 -0
    outer loop
      vertex 13.9 63 30.75
      vertex 4.94359 63 38.0966
      vertex 13.9 63 33.25
    endloop
  endfacet
  facet normal 0 1 0
    outer loop
      vertex 4.94359 63 38.0966
      vertex 13.9 63 30.75
      vertex 4.62728 63 37.9655
    endloop
  endfacet
  facet normal 0 1 0
    outer loop
      vertex 4.62728 63 37.9655
      vertex 13.9 63 30.75
      vertex 4.29438 63 37.8856
    endloop
  endfacet
  facet normal 0 1 0
    outer loop
      vertex 4.29438 63 37.8856
      vertex 13.9 63 30.75
      vertex 4.29286 63 37.8852
    endloop
  endfacet
  facet normal 0 1 0
    outer loop
      vertex 13.9123 63 30.5936
      vertex 4.29286 63 37.8852
      vertex 13.9 63 30.75
    endloop
  endfacet
  facet normal 0 1 0
    outer loop
      vertex 4.29286 63 37.8852
      vertex 13.9123 63 30.5936
      vertex 4.29131 63 37.8851
    endloop
  endfacet
  facet normal 0 1 0
    outer loop
      vertex 4.29131 63 37.8851
      vertex 13.9123 63 30.5936
      vertex 3.95 63 37.8583
    endloop
  endfacet
  facet normal 0 1 0
    outer loop
      vertex 13.9489 63 30.441
      vertex 3.95 63 37.8583
      vertex 13.9123 63 30.5936
    endloop
  endfacet
  facet normal 0 1 -0
    outer loop
      vertex 13.809 63 20.954
      vertex 3.60869 63 37.8851
      vertex 13.9489 63 30.441
    endloop
  endfacet
  facet normal 0 1 0
    outer loop
      vertex 3.60869 63 37.8851
      vertex 13.809 63 20.954
      vertex 3.60714 63 37.8852
    endloop
  endfacet
  facet normal 0 1 -0
    outer loop
      vertex 13.7489 63 20.809
      vertex 3.60714 63 37.8852
      vertex 13.809 63 20.954
    endloop
  endfacet
  facet normal 0 1 -0
    outer loop
      vertex 11.8684 63 16.8072
      vertex 3.60714 63 37.8852
      vertex 13.7489 63 20.809
    endloop
  endfacet
  facet normal 0 1 0
    outer loop
      vertex 3.60714 63 37.8852
      vertex 11.8684 63 16.8072
      vertex 3.60562 63 37.8856
    endloop
  endfacet
  facet normal 0 1 0
    outer loop
      vertex 3.60562 63 37.8856
      vertex 11.8684 63 16.8072
      vertex 3.27272 63 37.9655
    endloop
  endfacet
  facet normal 0 1 0
    outer loop
      vertex 13.809 63 20.954
      vertex 13.9489 63 30.441
      vertex 14.009 63 30.296
    endloop
  endfacet
  facet normal 0 1 0
    outer loop
      vertex 13.891 63 21.0878
      vertex 14.009 63 30.296
      vertex 14.091 63 30.1622
    endloop
  endfacet
  facet normal 0 1 0
    outer loop
      vertex 13.9929 63 21.2071
      vertex 14.091 63 30.1622
      vertex 14.1929 63 30.0429
    endloop
  endfacet
  facet normal 0 1 0
    outer loop
      vertex 14.1122 63 21.309
      vertex 14.1929 63 30.0429
      vertex 14.3122 63 29.941
    endloop
  endfacet
  facet normal 0 1 0
    outer loop
      vertex 14.7 63 21.5
      vertex 14.7436 63 29.7623
      vertex 14.9 63 29.75
    endloop
  endfacet
  facet normal 0 1 0
    outer loop
      vertex 14.5436 63 21.4877
      vertex 14.7436 63 29.7623
      vertex 14.7 63 21.5
    endloop
  endfacet
  facet normal 0 1 0
    outer loop
      vertex 14.7436 63 29.7623
      vertex 14.5436 63 21.4877
      vertex 14.591 63 29.7989
    endloop
  endfacet
  facet normal 0 1 0
    outer loop
      vertex 14.391 63 21.4511
      vertex 14.591 63 29.7989
      vertex 14.5436 63 21.4877
    endloop
  endfacet
  facet normal 0 1 0
    outer loop
      vertex 14.591 63 29.7989
      vertex 14.391 63 21.4511
      vertex 14.446 63 29.859
    endloop
  endfacet
  facet normal 0 1 0
    outer loop
      vertex 14.246 63 21.391
      vertex 14.446 63 29.859
      vertex 14.391 63 21.4511
    endloop
  endfacet
  facet normal 0 1 0
    outer loop
      vertex 14.446 63 29.859
      vertex 14.246 63 21.391
      vertex 14.3122 63 29.941
    endloop
  endfacet
  facet normal 0 1 0
    outer loop
      vertex 14.1122 63 21.309
      vertex 14.3122 63 29.941
      vertex 14.246 63 21.391
    endloop
  endfacet
  facet normal 0 1 0
    outer loop
      vertex 14.1929 63 30.0429
      vertex 14.1122 63 21.309
      vertex 13.9929 63 21.2071
    endloop
  endfacet
  facet normal 0 1 0
    outer loop
      vertex 14.091 63 30.1622
      vertex 13.9929 63 21.2071
      vertex 13.891 63 21.0878
    endloop
  endfacet
  facet normal 0 1 0
    outer loop
      vertex 14.009 63 30.296
      vertex 13.891 63 21.0878
      vertex 13.809 63 20.954
    endloop
  endfacet
  facet normal 0 1 -0
    outer loop
      vertex 11.5815 63 16.339
      vertex 3.27272 63 37.9655
      vertex 11.8684 63 16.8072
    endloop
  endfacet
  facet normal 0 1 0
    outer loop
      vertex 2.95641 63 38.0966
      vertex 11.5815 63 16.339
      vertex 2.95497 63 38.0971
    endloop
  endfacet
  facet normal 0 1 -0
    outer loop
      vertex 11.3713 63 15.8316
      vertex 2.95497 63 38.0971
      vertex 11.5815 63 16.339
    endloop
  endfacet
  facet normal 0 1 0
    outer loop
      vertex 2.95497 63 38.0971
      vertex 11.3713 63 15.8316
      vertex 2.95365 63 38.098
    endloop
  endfacet
  facet normal 0 1 0
    outer loop
      vertex 11.8684 63 16.8072
      vertex 13.7489 63 20.809
      vertex 13.7123 63 20.6564
    endloop
  endfacet
  facet normal 0 1 0
    outer loop
      vertex 12.2251 63 17.2249
      vertex 13.7123 63 20.6564
      vertex 13.7 63 20.5
    endloop
  endfacet
  facet normal 0 1 0
    outer loop
      vertex 12.2251 63 17.2249
      vertex 13.7 63 20.5
      vertex 13.7123 63 20.3436
    endloop
  endfacet
  facet normal 0 1 0
    outer loop
      vertex 12.6428 63 17.5816
      vertex 13.7123 63 20.3436
      vertex 13.7489 63 20.191
    endloop
  endfacet
  facet normal 0 1 0
    outer loop
      vertex 13.111 63 17.8685
      vertex 13.7489 63 20.191
      vertex 13.809 63 20.046
    endloop
  endfacet
  facet normal 0 1 0
    outer loop
      vertex 13.111 63 17.8685
      vertex 13.809 63 20.046
      vertex 13.891 63 19.9122
    endloop
  endfacet
  facet normal 0 1 -0
    outer loop
      vertex 14.7 63 18.25
      vertex 14.5436 63 19.5123
      vertex 14.7 63 19.5
    endloop
  endfacet
  facet normal 0 1 0
    outer loop
      vertex 14.1525 63 18.2069
      vertex 14.5436 63 19.5123
      vertex 14.7 63 18.25
    endloop
  endfacet
  facet normal 0 1 0
    outer loop
      vertex 14.5436 63 19.5123
      vertex 14.1525 63 18.2069
      vertex 14.391 63 19.5489
    endloop
  endfacet
  facet normal 0 1 0
    outer loop
      vertex 14.391 63 19.5489
      vertex 14.1525 63 18.2069
      vertex 14.246 63 19.609
    endloop
  endfacet
  facet normal 0 1 0
    outer loop
      vertex 14.246 63 19.609
      vertex 14.1525 63 18.2069
      vertex 14.1122 63 19.691
    endloop
  endfacet
  facet normal 0 1 0
    outer loop
      vertex 13.6184 63 18.0787
      vertex 14.1122 63 19.691
      vertex 14.1525 63 18.2069
    endloop
  endfacet
  facet normal 0 1 0
    outer loop
      vertex 14.1122 63 19.691
      vertex 13.6184 63 18.0787
      vertex 13.9929 63 19.7929
    endloop
  endfacet
  facet normal 0 1 0
    outer loop
      vertex 13.9929 63 19.7929
      vertex 13.6184 63 18.0787
      vertex 13.891 63 19.9122
    endloop
  endfacet
  facet normal 0 1 0
    outer loop
      vertex 13.111 63 17.8685
      vertex 13.891 63 19.9122
      vertex 13.6184 63 18.0787
    endloop
  endfacet
  facet normal 0 1 0
    outer loop
      vertex 13.7489 63 20.191
      vertex 13.111 63 17.8685
      vertex 12.6428 63 17.5816
    endloop
  endfacet
  facet normal 0 1 0
    outer loop
      vertex 13.7123 63 20.3436
      vertex 12.6428 63 17.5816
      vertex 12.2251 63 17.2249
    endloop
  endfacet
  facet normal 0 1 0
    outer loop
      vertex 13.7123 63 20.6564
      vertex 12.2251 63 17.2249
      vertex 11.8684 63 16.8072
    endloop
  endfacet
  facet normal 0 1 0
    outer loop
      vertex 2.95365 63 38.098
      vertex 11.3713 63 15.8316
      vertex 2.66173 63 38.2768
    endloop
  endfacet
  facet normal 0 1 0
    outer loop
      vertex 0 63 3
      vertex 2.66173 63 38.2768
      vertex 11.3713 63 15.8316
    endloop
  endfacet
  facet normal 0 1 0
    outer loop
      vertex 2.66173 63 38.2768
      vertex 0 63 3
      vertex 2.40021 63 38.5002
    endloop
  endfacet
  facet normal 0 1 0
    outer loop
      vertex 0 63 3
      vertex 11.3713 63 15.8316
      vertex 11.2431 63 15.2975
    endloop
  endfacet
  facet normal 0 1 0
    outer loop
      vertex 0 63 3
      vertex 11.2431 63 15.2975
      vertex 11.2 63 14.75
    endloop
  endfacet
  facet normal 0 1 0
    outer loop
      vertex 0 63 3
      vertex 11.2 63 14.75
      vertex 11.2 63 9.25
    endloop
  endfacet
  facet normal 0 1 0
    outer loop
      vertex 0 63 3
      vertex 11.2 63 9.25
      vertex 11.2431 63 8.70248
    endloop
  endfacet
  facet normal 0 1 0
    outer loop
      vertex 0 63 3
      vertex 11.2431 63 8.70248
      vertex 11.3713 63 8.16844
    endloop
  endfacet
  facet normal 0 1 -0
    outer loop
      vertex 18.7471 63 4.94503
      vertex 17.1749 63 6.77513
      vertex 18.926 63 5.23694
    endloop
  endfacet
  facet normal 0 1 0
    outer loop
      vertex 17.1749 63 6.77513
      vertex 18.7471 63 4.94503
      vertex 16.7572 63 6.41844
    endloop
  endfacet
  facet normal 0 1 -0
    outer loop
      vertex 18.6161 63 4.62872
      vertex 16.7572 63 6.41844
      vertex 18.7471 63 4.94503
    endloop
  endfacet
  facet normal 0 1 -0
    outer loop
      vertex 18.6155 63 4.62728
      vertex 16.7572 63 6.41844
      vertex 18.6161 63 4.62872
    endloop
  endfacet
  facet normal 0 1 0
    outer loop
      vertex 16.7572 63 6.41844
      vertex 18.6155 63 4.62728
      vertex 16.289 63 6.13148
    endloop
  endfacet
  facet normal 0 1 -0
    outer loop
      vertex 18.6152 63 4.62577
      vertex 16.289 63 6.13148
      vertex 18.6155 63 4.62728
    endloop
  endfacet
  facet normal 0 1 -0
    outer loop
      vertex 18.5352 63 4.29286
      vertex 16.289 63 6.13148
      vertex 18.6152 63 4.62577
    endloop
  endfacet
  facet normal 0 1 0
    outer loop
      vertex 16.289 63 6.13148
      vertex 18.5352 63 4.29286
      vertex 15.7816 63 5.9213
    endloop
  endfacet
  facet normal 0 1 -0
    outer loop
      vertex 18.5084 63 3.95155
      vertex 15.7816 63 5.9213
      vertex 18.5352 63 4.29286
    endloop
  endfacet
  facet normal 0 1 -0
    outer loop
      vertex 18.5083 63 3.95
      vertex 15.7816 63 5.9213
      vertex 18.5084 63 3.95155
    endloop
  endfacet
  facet normal 0 1 0
    outer loop
      vertex 18.5084 63 3.94845
      vertex 15.7816 63 5.9213
      vertex 18.5083 63 3.95
    endloop
  endfacet
  facet normal 0 1 0
    outer loop
      vertex 18.5352 63 3.60714
      vertex 15.7816 63 5.9213
      vertex 18.5084 63 3.94845
    endloop
  endfacet
  facet normal 0 1 0
    outer loop
      vertex 15.7816 63 5.9213
      vertex 18.5352 63 3.60714
      vertex 15.2475 63 5.79309
    endloop
  endfacet
  facet normal 0 1 0
    outer loop
      vertex 18.6152 63 3.27423
      vertex 15.2475 63 5.79309
      vertex 18.5352 63 3.60714
    endloop
  endfacet
  facet normal 0 1 0
    outer loop
      vertex 18.6155 63 3.27272
      vertex 15.2475 63 5.79309
      vertex 18.6152 63 3.27423
    endloop
  endfacet
  facet normal 0 1 0
    outer loop
      vertex 15.2475 63 5.79309
      vertex 18.6155 63 3.27272
      vertex 14.7 63 5.75
    endloop
  endfacet
  facet normal 0 1 0
    outer loop
      vertex 18.6161 63 3.27128
      vertex 14.7 63 5.75
      vertex 18.6155 63 3.27272
    endloop
  endfacet
  facet normal 0 1 0
    outer loop
      vertex 18.7471 63 2.95497
      vertex 14.7 63 5.75
      vertex 18.6161 63 3.27128
    endloop
  endfacet
  facet normal 0 1 0
    outer loop
      vertex 14.7 63 5.75
      vertex 18.7471 63 2.95497
      vertex 14.1525 63 5.79309
    endloop
  endfacet
  facet normal 0 1 0
    outer loop
      vertex 18.926 63 2.66306
      vertex 14.1525 63 5.79309
      vertex 18.7471 63 2.95497
    endloop
  endfacet
  facet normal 0 1 0
    outer loop
      vertex 2.40021 63 38.5002
      vertex 0 63 3
      vertex 0 63 41
    endloop
  endfacet
  facet normal 0 1 0
    outer loop
      vertex 3 63 0
      vertex 11.3713 63 8.16844
      vertex 11.5815 63 7.66103
    endloop
  endfacet
  facet normal 0 1 0
    outer loop
      vertex 3 63 0
      vertex 11.5815 63 7.66103
      vertex 11.8684 63 7.19275
    endloop
  endfacet
  facet normal 0 1 0
    outer loop
      vertex 3 63 0
      vertex 11.8684 63 7.19275
      vertex 12.2251 63 6.77513
    endloop
  endfacet
  facet normal 0 1 0
    outer loop
      vertex 3 63 0
      vertex 12.2251 63 6.77513
      vertex 12.6428 63 6.41844
    endloop
  endfacet
  facet normal 0 1 0
    outer loop
      vertex 3 63 0
      vertex 12.6428 63 6.41844
      vertex 13.111 63 6.13148
    endloop
  endfacet
  facet normal 0 1 0
    outer loop
      vertex 18.9268 63 2.66173
      vertex 14.1525 63 5.79309
      vertex 18.926 63 2.66306
    endloop
  endfacet
  facet normal 0 1 0
    outer loop
      vertex 14.1525 63 5.79309
      vertex 18.9268 63 2.66173
      vertex 13.6184 63 5.9213
    endloop
  endfacet
  facet normal 0 1 0
    outer loop
      vertex 3 63 0
      vertex 13.6184 63 5.9213
      vertex 18.9268 63 2.66173
    endloop
  endfacet
  facet normal 0 1 0
    outer loop
      vertex 13.6184 63 5.9213
      vertex 3 63 0
      vertex 13.111 63 6.13148
    endloop
  endfacet
  facet normal 0 1 0
    outer loop
      vertex 3 63 0
      vertex 18.9268 63 2.66173
      vertex 18.9279 63 2.66055
    endloop
  endfacet
  facet normal 0 1 0
    outer loop
      vertex 11.3713 63 8.16844
      vertex 3 63 0
      vertex 0 63 3
    endloop
  endfacet
  facet normal 0 1 0
    outer loop
      vertex 3 63 0
      vertex 18.9279 63 2.66055
      vertex 19.1502 63 2.40021
    endloop
  endfacet
  facet normal 0 1 0
    outer loop
      vertex 3 63 0
      vertex 19.1502 63 2.40021
      vertex 19.4105 63 2.17786
    endloop
  endfacet
  facet normal 0 1 0
    outer loop
      vertex 3 63 0
      vertex 19.4105 63 2.17786
      vertex 19.4117 63 2.17685
    endloop
  endfacet
  facet normal 0 1 0
    outer loop
      vertex 3 63 0
      vertex 19.4117 63 2.17685
      vertex 19.4131 63 2.17603
    endloop
  endfacet
  facet normal 0 1 0
    outer loop
      vertex 0 63 3
      vertex 3 63 0
      vertex 0.0369349 63 2.5307
    endloop
  endfacet
  facet normal 0 1 0
    outer loop
      vertex 3 63 0
      vertex 19.4131 63 2.17603
      vertex 19.705 63 1.99715
    endloop
  endfacet
  facet normal 0 1 0
    outer loop
      vertex 3 63 0
      vertex 19.705 63 1.99715
      vertex 20.0213 63 1.86613
    endloop
  endfacet
  facet normal 0 1 0
    outer loop
      vertex 3 63 0
      vertex 20.0213 63 1.86613
      vertex 20.0227 63 1.86553
    endloop
  endfacet
  facet normal 0 1 0
    outer loop
      vertex 3 63 0
      vertex 20.0227 63 1.86553
      vertex 20.0242 63 1.86517
    endloop
  endfacet
  facet normal 0 1 0
    outer loop
      vertex 3 63 0
      vertex 20.0242 63 1.86517
      vertex 20.3571 63 1.78525
    endloop
  endfacet
  facet normal 0 1 0
    outer loop
      vertex 3 63 0
      vertex 20.3571 63 1.78525
      vertex 20.6984 63 1.75839
    endloop
  endfacet
  facet normal 0 1 0
    outer loop
      vertex 3 63 0
      vertex 20.6984 63 1.75839
      vertex 20.7 63 1.75826
    endloop
  endfacet
  facet normal 0 1 0
    outer loop
      vertex 0.0369349 63 2.5307
      vertex 3 63 0
      vertex 0.14683 63 2.07295
    endloop
  endfacet
  facet normal 0 1 0
    outer loop
      vertex 20.7016 63 1.75839
      vertex 30 63 0
      vertex 20.7 63 1.75826
    endloop
  endfacet
  facet normal 0 1 0
    outer loop
      vertex 30.045 63 1.99715
      vertex 30.4693 63 0.0369358
      vertex 29.7287 63 1.86613
    endloop
  endfacet
  facet normal 0 1 0
    outer loop
      vertex 3 63 0
      vertex 20.7 63 1.75826
      vertex 30 63 0
    endloop
  endfacet
  facet normal 0 1 -0
    outer loop
      vertex 30 63 0
      vertex 29.7287 63 1.86613
      vertex 30.4693 63 0.0369358
    endloop
  endfacet
  facet normal 0 1 0
    outer loop
      vertex 0.14683 63 2.07295
      vertex 3 63 0
      vertex 0.32698 63 1.63803
    endloop
  endfacet
  facet normal 0 1 0
    outer loop
      vertex 29.7287 63 1.86613
      vertex 30 63 0
      vertex 29.7273 63 1.86553
    endloop
  endfacet
  facet normal 0 1 0
    outer loop
      vertex 0.32698 63 1.63803
      vertex 3 63 0
      vertex 0.572948 63 1.23664
    endloop
  endfacet
  facet normal 0 1 0
    outer loop
      vertex 29.7273 63 1.86553
      vertex 30 63 0
      vertex 29.7258 63 1.86517
    endloop
  endfacet
  facet normal 0 1 0
    outer loop
      vertex 0.572948 63 1.23664
      vertex 3 63 0
      vertex 0.878679 63 0.87868
    endloop
  endfacet
  facet normal 0 1 0
    outer loop
      vertex 29.7258 63 1.86517
      vertex 30 63 0
      vertex 29.3929 63 1.78525
    endloop
  endfacet
  facet normal 0 1 0
    outer loop
      vertex 0.878679 63 0.87868
      vertex 3 63 0
      vertex 1.23664 63 0.572949
    endloop
  endfacet
  facet normal 0 1 0
    outer loop
      vertex 29.0515 63 1.75839
      vertex 30 63 0
      vertex 29.05 63 1.75826
    endloop
  endfacet
  facet normal 0 1 0
    outer loop
      vertex 1.23664 63 0.572949
      vertex 3 63 0
      vertex 1.63803 63 0.326981
    endloop
  endfacet
  facet normal 0 1 0
    outer loop
      vertex 1.63803 63 0.326981
      vertex 3 63 0
      vertex 2.07295 63 0.146831
    endloop
  endfacet
  facet normal 0 1 0
    outer loop
      vertex 2.07295 63 0.146831
      vertex 3 63 0
      vertex 2.5307 63 0.0369358
    endloop
  endfacet
  facet normal 0 1 -0
    outer loop
      vertex 20.0227 63 6.03446
      vertex 18.0287 63 8.16844
      vertex 20.3556 63 6.11439
    endloop
  endfacet
  facet normal 0 1 0
    outer loop
      vertex 18.0287 63 8.16844
      vertex 20.0227 63 6.03446
      vertex 17.8185 63 7.66103
    endloop
  endfacet
  facet normal 0 1 -0
    outer loop
      vertex 19.7064 63 5.90345
      vertex 17.8185 63 7.66103
      vertex 20.0227 63 6.03446
    endloop
  endfacet
  facet normal 0 1 -0
    outer loop
      vertex 19.705 63 5.90285
      vertex 17.8185 63 7.66103
      vertex 19.7064 63 5.90345
    endloop
  endfacet
  facet normal 0 1 -0
    outer loop
      vertex 19.7036 63 5.90204
      vertex 17.8185 63 7.66103
      vertex 19.705 63 5.90285
    endloop
  endfacet
  facet normal 0 1 -0
    outer loop
      vertex 19.4117 63 5.72315
      vertex 17.8185 63 7.66103
      vertex 19.7036 63 5.90204
    endloop
  endfacet
  facet normal 0 1 0
    outer loop
      vertex 17.8185 63 7.66103
      vertex 19.4117 63 5.72315
      vertex 17.5316 63 7.19275
    endloop
  endfacet
  facet normal 0 1 -0
    outer loop
      vertex 19.4105 63 5.72214
      vertex 17.5316 63 7.19275
      vertex 19.4117 63 5.72315
    endloop
  endfacet
  facet normal 0 1 -0
    outer loop
      vertex 19.1502 63 5.49979
      vertex 17.5316 63 7.19275
      vertex 19.4105 63 5.72214
    endloop
  endfacet
  facet normal 0 1 0
    outer loop
      vertex 17.5316 63 7.19275
      vertex 19.1502 63 5.49979
      vertex 17.1749 63 6.77513
    endloop
  endfacet
  facet normal 0 1 -0
    outer loop
      vertex 18.9279 63 5.23945
      vertex 17.1749 63 6.77513
      vertex 19.1502 63 5.49979
    endloop
  endfacet
  facet normal 0 1 -0
    outer loop
      vertex 18.9268 63 5.23827
      vertex 17.1749 63 6.77513
      vertex 18.9279 63 5.23945
    endloop
  endfacet
  facet normal 0 1 -0
    outer loop
      vertex 18.926 63 5.23694
      vertex 17.1749 63 6.77513
      vertex 18.9268 63 5.23827
    endloop
  endfacet
  facet normal -0.996917 0 -0.0784595
    outer loop
      vertex 0.0369349 61 2.5307
      vertex 0 63 3
      vertex 0.0369349 63 2.5307
    endloop
  endfacet
  facet normal -0.996917 -0 -0.0784595
    outer loop
      vertex 0 63 3
      vertex 0.0369349 61 2.5307
      vertex 0 61 3
    endloop
  endfacet
  facet normal 0.852708 0 -0.522387
    outer loop
      vertex 32.673 61 1.63803
      vertex 32.4271 63 1.23664
      vertex 32.673 63 1.63803
    endloop
  endfacet
  facet normal 0.852708 0 -0.522387
    outer loop
      vertex 32.4271 63 1.23664
      vertex 32.673 61 1.63803
      vertex 32.4271 61 1.23664
    endloop
  endfacet
  facet normal 0.996923 0 -0.0783858
    outer loop
      vertex 33 61 3
      vertex 32.9631 63 2.5307
      vertex 33 63 3
    endloop
  endfacet
  facet normal 0.996923 0 -0.0783858
    outer loop
      vertex 32.9631 63 2.5307
      vertex 33 61 3
      vertex 32.9631 61 2.5307
    endloop
  endfacet
  facet normal 1 -0 0
    outer loop
      vertex 33 61 41
      vertex 33 63 3
      vertex 33 63 41
    endloop
  endfacet
  facet normal 1 0 0
    outer loop
      vertex 33 63 3
      vertex 33 61 41
      vertex 33 61 3
    endloop
  endfacet
  facet normal 0.972374 -0 0.233429
    outer loop
      vertex 32.8532 61 41.9271
      vertex 32.9631 63 41.4693
      vertex 32.8532 63 41.9271
    endloop
  endfacet
  facet normal 0.972374 0 0.233429
    outer loop
      vertex 32.9631 63 41.4693
      vertex 32.8532 61 41.9271
      vertex 32.9631 61 41.4693
    endloop
  endfacet
  facet normal -0.382684 0 -0.923879
    outer loop
      vertex 1.63803 61 0.326981
      vertex 2.07295 63 0.146831
      vertex 2.07295 61 0.146831
    endloop
  endfacet
  facet normal -0.382684 0 -0.923879
    outer loop
      vertex 2.07295 63 0.146831
      vertex 1.63803 61 0.326981
      vertex 1.63803 63 0.326981
    endloop
  endfacet
  facet normal -0.649452 0 -0.760402
    outer loop
      vertex 0.878679 61 0.87868
      vertex 1.23664 63 0.572949
      vertex 1.23664 61 0.572949
    endloop
  endfacet
  facet normal -0.649452 0 -0.760402
    outer loop
      vertex 1.23664 63 0.572949
      vertex 0.878679 61 0.87868
      vertex 0.878679 63 0.87868
    endloop
  endfacet
  facet normal -0.923879 0 -0.382684
    outer loop
      vertex 0.32698 61 1.63803
      vertex 0.14683 63 2.07295
      vertex 0.32698 63 1.63803
    endloop
  endfacet
  facet normal -0.923879 -0 -0.382684
    outer loop
      vertex 0.14683 63 2.07295
      vertex 0.32698 61 1.63803
      vertex 0.14683 61 2.07295
    endloop
  endfacet
  facet normal 0.23342 0 -0.972376
    outer loop
      vertex 30.4693 61 0.0369358
      vertex 30.9271 63 0.146831
      vertex 30.9271 61 0.146831
    endloop
  endfacet
  facet normal 0.23342 0 -0.972376
    outer loop
      vertex 30.9271 63 0.146831
      vertex 30.4693 61 0.0369358
      vertex 30.4693 63 0.0369358
    endloop
  endfacet
  facet normal 0.382699 0 -0.923873
    outer loop
      vertex 30.9271 61 0.146831
      vertex 31.362 63 0.326981
      vertex 31.362 61 0.326981
    endloop
  endfacet
  facet normal 0.382699 0 -0.923873
    outer loop
      vertex 31.362 63 0.326981
      vertex 30.9271 61 0.146831
      vertex 30.9271 63 0.146831
    endloop
  endfacet
  facet normal 0.522483 0 -0.85265
    outer loop
      vertex 31.362 61 0.326981
      vertex 31.7634 63 0.572949
      vertex 31.7634 61 0.572949
    endloop
  endfacet
  facet normal 0.522483 0 -0.85265
    outer loop
      vertex 31.7634 63 0.572949
      vertex 31.362 61 0.326981
      vertex 31.362 63 0.326981
    endloop
  endfacet
  facet normal 0.649516 0 -0.760348
    outer loop
      vertex 31.7634 61 0.572949
      vertex 32.1213 63 0.87868
      vertex 32.1213 61 0.87868
    endloop
  endfacet
  facet normal 0.649516 0 -0.760348
    outer loop
      vertex 32.1213 63 0.87868
      vertex 31.7634 61 0.572949
      vertex 31.7634 63 0.572949
    endloop
  endfacet
  facet normal 0.923842 0 -0.382775
    outer loop
      vertex 32.8532 61 2.07295
      vertex 32.673 63 1.63803
      vertex 32.8532 63 2.07295
    endloop
  endfacet
  facet normal 0.923842 0 -0.382775
    outer loop
      vertex 32.673 63 1.63803
      vertex 32.8532 61 2.07295
      vertex 32.673 61 1.63803
    endloop
  endfacet
  facet normal 0.972368 0 -0.233453
    outer loop
      vertex 32.9631 61 2.5307
      vertex 32.8532 63 2.07295
      vertex 32.9631 63 2.5307
    endloop
  endfacet
  facet normal 0.972368 0 -0.233453
    outer loop
      vertex 32.8532 63 2.07295
      vertex 32.9631 61 2.5307
      vertex 32.8532 61 2.07295
    endloop
  endfacet
  facet normal -0.852644 0 -0.522492
    outer loop
      vertex 0.572948 61 1.23664
      vertex 0.32698 63 1.63803
      vertex 0.572948 63 1.23664
    endloop
  endfacet
  facet normal -0.852644 -0 -0.522492
    outer loop
      vertex 0.32698 63 1.63803
      vertex 0.572948 61 1.23664
      vertex 0.32698 61 1.63803
    endloop
  endfacet
  facet normal -0.760401 0 -0.649453
    outer loop
      vertex 0.878679 61 0.87868
      vertex 0.572948 63 1.23664
      vertex 0.878679 63 0.87868
    endloop
  endfacet
  facet normal -0.760401 -0 -0.649453
    outer loop
      vertex 0.572948 63 1.23664
      vertex 0.878679 61 0.87868
      vertex 0.572948 61 1.23664
    endloop
  endfacet
  facet normal -0.97237 0 -0.233443
    outer loop
      vertex 0.14683 61 2.07295
      vertex 0.0369349 63 2.5307
      vertex 0.14683 63 2.07295
    endloop
  endfacet
  facet normal -0.97237 -0 -0.233443
    outer loop
      vertex 0.0369349 63 2.5307
      vertex 0.14683 61 2.07295
      vertex 0.0369349 61 2.5307
    endloop
  endfacet
  facet normal 0.760329 0 -0.649538
    outer loop
      vertex 32.4271 61 1.23664
      vertex 32.1213 63 0.87868
      vertex 32.4271 63 1.23664
    endloop
  endfacet
  facet normal 0.760329 0 -0.649538
    outer loop
      vertex 32.1213 63 0.87868
      vertex 32.4271 61 1.23664
      vertex 32.1213 61 0.87868
    endloop
  endfacet
  facet normal -0.996918 0 0.0784469
    outer loop
      vertex 5.13523 61 39.8623
      vertex 5.15 61.8 40.05
      vertex 5.13523 61.8 39.8623
    endloop
  endfacet
  facet normal -0.996918 0 0.0784469
    outer loop
      vertex 5.15 61.8 40.05
      vertex 5.13523 61 39.8623
      vertex 5.15 61 40.05
    endloop
  endfacet
  facet normal 0.0785969 0 0.996906
    outer loop
      vertex 3.76228 61.8 38.8648
      vertex 3.95 61 38.85
      vertex 3.95 61.8 38.85
    endloop
  endfacet
  facet normal 0.0785969 0 0.996906
    outer loop
      vertex 3.95 61 38.85
      vertex 3.76228 61.8 38.8648
      vertex 3.76228 61 38.8648
    endloop
  endfacet
  facet normal -0.0785969 0 -0.996906
    outer loop
      vertex 3.95 61 41.25
      vertex 4.13772 61.8 41.2352
      vertex 4.13772 61 41.2352
    endloop
  endfacet
  facet normal -0.0785969 0 -0.996906
    outer loop
      vertex 4.13772 61.8 41.2352
      vertex 3.95 61 41.25
      vertex 3.95 61.8 41.25
    endloop
  endfacet
  facet normal -0.649461 0 0.760395
    outer loop
      vertex 4.65534 61.8 39.0792
      vertex 4.79853 61 39.2015
      vertex 4.79853 61.8 39.2015
    endloop
  endfacet
  facet normal -0.649461 0 0.760395
    outer loop
      vertex 4.79853 61 39.2015
      vertex 4.65534 61.8 39.0792
      vertex 4.65534 61 39.0792
    endloop
  endfacet
  facet normal 0.760444 -0 0.649404
    outer loop
      vertex 2.97918 61 39.3447
      vertex 3.10147 61.8 39.2015
      vertex 2.97918 61.8 39.3447
    endloop
  endfacet
  facet normal 0.760444 0 0.649404
    outer loop
      vertex 3.10147 61.8 39.2015
      vertex 2.97918 61 39.3447
      vertex 3.10147 61 39.2015
    endloop
  endfacet
  facet normal 0.522556 0 0.852605
    outer loop
      vertex 3.24466 61.8 39.0792
      vertex 3.40521 61 38.9808
      vertex 3.40521 61.8 38.9808
    endloop
  endfacet
  facet normal 0.522556 0 0.852605
    outer loop
      vertex 3.40521 61 38.9808
      vertex 3.24466 61.8 39.0792
      vertex 3.24466 61 39.0792
    endloop
  endfacet
  facet normal -0.852556 0 -0.522636
    outer loop
      vertex 5.01921 61 40.5948
      vertex 4.92082 61.8 40.7553
      vertex 5.01921 61.8 40.5948
    endloop
  endfacet
  facet normal -0.852556 -0 -0.522636
    outer loop
      vertex 4.92082 61.8 40.7553
      vertex 5.01921 61 40.5948
      vertex 4.92082 61 40.7553
    endloop
  endfacet
  facet normal -0.852556 0 0.522636
    outer loop
      vertex 4.92082 61 39.3447
      vertex 5.01921 61.8 39.5052
      vertex 4.92082 61.8 39.3447
    endloop
  endfacet
  facet normal -0.852556 0 0.522636
    outer loop
      vertex 5.01921 61.8 39.5052
      vertex 4.92082 61 39.3447
      vertex 5.01921 61 39.5052
    endloop
  endfacet
  facet normal -0.972368 0 0.233453
    outer loop
      vertex 5.09127 61 39.6792
      vertex 5.13523 61.8 39.8623
      vertex 5.09127 61.8 39.6792
    endloop
  endfacet
  facet normal -0.972368 0 0.233453
    outer loop
      vertex 5.13523 61.8 39.8623
      vertex 5.09127 61 39.6792
      vertex 5.13523 61 39.8623
    endloop
  endfacet
  facet normal -0.760444 0 0.649404
    outer loop
      vertex 4.79853 61 39.2015
      vertex 4.92082 61.8 39.3447
      vertex 4.79853 61.8 39.2015
    endloop
  endfacet
  facet normal -0.760444 0 0.649404
    outer loop
      vertex 4.92082 61.8 39.3447
      vertex 4.79853 61 39.2015
      vertex 4.92082 61 39.3447
    endloop
  endfacet
  facet normal -0.382861 0 0.923806
    outer loop
      vertex 4.32082 61.8 38.9087
      vertex 4.49479 61 38.9808
      vertex 4.49479 61.8 38.9808
    endloop
  endfacet
  facet normal -0.382861 0 0.923806
    outer loop
      vertex 4.49479 61 38.9808
      vertex 4.32082 61.8 38.9087
      vertex 4.32082 61 38.9087
    endloop
  endfacet
  facet normal -0.522556 0 0.852605
    outer loop
      vertex 4.49479 61.8 38.9808
      vertex 4.65534 61 39.0792
      vertex 4.65534 61.8 39.0792
    endloop
  endfacet
  facet normal -0.522556 0 0.852605
    outer loop
      vertex 4.65534 61 39.0792
      vertex 4.49479 61.8 38.9808
      vertex 4.49479 61 38.9808
    endloop
  endfacet
  facet normal 0.972368 -0 0.233453
    outer loop
      vertex 2.76477 61 39.8623
      vertex 2.80873 61.8 39.6792
      vertex 2.76477 61.8 39.8623
    endloop
  endfacet
  facet normal 0.972368 0 0.233453
    outer loop
      vertex 2.80873 61.8 39.6792
      vertex 2.76477 61 39.8623
      vertex 2.80873 61 39.6792
    endloop
  endfacet
  facet normal 0.852556 -0 0.522636
    outer loop
      vertex 2.88079 61 39.5052
      vertex 2.97918 61.8 39.3447
      vertex 2.88079 61.8 39.5052
    endloop
  endfacet
  facet normal 0.852556 0 0.522636
    outer loop
      vertex 2.97918 61.8 39.3447
      vertex 2.88079 61 39.5052
      vertex 2.97918 61 39.3447
    endloop
  endfacet
  facet normal 0.996918 -0 0.0784469
    outer loop
      vertex 2.75 61 40.05
      vertex 2.76477 61.8 39.8623
      vertex 2.75 61.8 40.05
    endloop
  endfacet
  facet normal 0.996918 0 0.0784469
    outer loop
      vertex 2.76477 61.8 39.8623
      vertex 2.75 61 40.05
      vertex 2.76477 61 39.8623
    endloop
  endfacet
  facet normal 0.649461 0 0.760395
    outer loop
      vertex 3.10147 61.8 39.2015
      vertex 3.24466 61 39.0792
      vertex 3.24466 61.8 39.0792
    endloop
  endfacet
  facet normal 0.649461 0 0.760395
    outer loop
      vertex 3.24466 61 39.0792
      vertex 3.10147 61.8 39.2015
      vertex 3.10147 61 39.2015
    endloop
  endfacet
  facet normal 0.233152 0 0.97244
    outer loop
      vertex 3.57918 61.8 38.9087
      vertex 3.76228 61 38.8648
      vertex 3.76228 61.8 38.8648
    endloop
  endfacet
  facet normal 0.233152 0 0.97244
    outer loop
      vertex 3.76228 61 38.8648
      vertex 3.57918 61.8 38.9087
      vertex 3.57918 61 38.9087
    endloop
  endfacet
  facet normal -0.972368 0 -0.233453
    outer loop
      vertex 5.13523 61 40.2377
      vertex 5.09127 61.8 40.4208
      vertex 5.13523 61.8 40.2377
    endloop
  endfacet
  facet normal -0.972368 -0 -0.233453
    outer loop
      vertex 5.09127 61.8 40.4208
      vertex 5.13523 61 40.2377
      vertex 5.09127 61 40.4208
    endloop
  endfacet
  facet normal -0.923904 0 0.382624
    outer loop
      vertex 5.01921 61 39.5052
      vertex 5.09127 61.8 39.6792
      vertex 5.01921 61.8 39.5052
    endloop
  endfacet
  facet normal -0.923904 0 0.382624
    outer loop
      vertex 5.09127 61.8 39.6792
      vertex 5.01921 61 39.5052
      vertex 5.09127 61 39.6792
    endloop
  endfacet
  facet normal -0.233152 0 0.97244
    outer loop
      vertex 4.13772 61.8 38.8648
      vertex 4.32082 61 38.9087
      vertex 4.32082 61.8 38.9087
    endloop
  endfacet
  facet normal -0.233152 0 0.97244
    outer loop
      vertex 4.32082 61 38.9087
      vertex 4.13772 61.8 38.8648
      vertex 4.13772 61 38.8648
    endloop
  endfacet
  facet normal -0.0785969 0 0.996906
    outer loop
      vertex 3.95 61.8 38.85
      vertex 4.13772 61 38.8648
      vertex 4.13772 61.8 38.8648
    endloop
  endfacet
  facet normal -0.0785969 0 0.996906
    outer loop
      vertex 4.13772 61 38.8648
      vertex 3.95 61.8 38.85
      vertex 3.95 61 38.85
    endloop
  endfacet
  facet normal 0.923904 -0 0.382624
    outer loop
      vertex 2.80873 61 39.6792
      vertex 2.88079 61.8 39.5052
      vertex 2.80873 61.8 39.6792
    endloop
  endfacet
  facet normal 0.923904 0 0.382624
    outer loop
      vertex 2.88079 61.8 39.5052
      vertex 2.80873 61 39.6792
      vertex 2.88079 61 39.5052
    endloop
  endfacet
  facet normal 0.996918 0 -0.0784469
    outer loop
      vertex 2.76477 61 40.2377
      vertex 2.75 61.8 40.05
      vertex 2.76477 61.8 40.2377
    endloop
  endfacet
  facet normal 0.996918 0 -0.0784469
    outer loop
      vertex 2.75 61.8 40.05
      vertex 2.76477 61 40.2377
      vertex 2.75 61 40.05
    endloop
  endfacet
  facet normal 0.382861 0 0.923806
    outer loop
      vertex 3.40521 61.8 38.9808
      vertex 3.57918 61 38.9087
      vertex 3.57918 61.8 38.9087
    endloop
  endfacet
  facet normal 0.382861 0 0.923806
    outer loop
      vertex 3.57918 61 38.9087
      vertex 3.40521 61.8 38.9808
      vertex 3.40521 61 38.9808
    endloop
  endfacet
  facet normal -0.760444 0 -0.649404
    outer loop
      vertex 4.92082 61 40.7553
      vertex 4.79853 61.8 40.8985
      vertex 4.92082 61.8 40.7553
    endloop
  endfacet
  facet normal -0.760444 -0 -0.649404
    outer loop
      vertex 4.79853 61.8 40.8985
      vertex 4.92082 61 40.7553
      vertex 4.79853 61 40.8985
    endloop
  endfacet
  facet normal -0.923904 0 -0.382624
    outer loop
      vertex 5.09127 61 40.4208
      vertex 5.01921 61.8 40.5948
      vertex 5.09127 61.8 40.4208
    endloop
  endfacet
  facet normal -0.923904 -0 -0.382624
    outer loop
      vertex 5.01921 61.8 40.5948
      vertex 5.09127 61 40.4208
      vertex 5.01921 61 40.5948
    endloop
  endfacet
  facet normal 0.972368 0 -0.233453
    outer loop
      vertex 2.80873 61 40.4208
      vertex 2.76477 61.8 40.2377
      vertex 2.80873 61.8 40.4208
    endloop
  endfacet
  facet normal 0.972368 0 -0.233453
    outer loop
      vertex 2.76477 61.8 40.2377
      vertex 2.80873 61 40.4208
      vertex 2.76477 61 40.2377
    endloop
  endfacet
  facet normal -0.233152 0 -0.97244
    outer loop
      vertex 4.13772 61 41.2352
      vertex 4.32082 61.8 41.1913
      vertex 4.32082 61 41.1913
    endloop
  endfacet
  facet normal -0.233152 0 -0.97244
    outer loop
      vertex 4.32082 61.8 41.1913
      vertex 4.13772 61 41.2352
      vertex 4.13772 61.8 41.2352
    endloop
  endfacet
  facet normal -0.996918 0 -0.0784469
    outer loop
      vertex 5.15 61 40.05
      vertex 5.13523 61.8 40.2377
      vertex 5.15 61.8 40.05
    endloop
  endfacet
  facet normal -0.996918 -0 -0.0784469
    outer loop
      vertex 5.13523 61.8 40.2377
      vertex 5.15 61 40.05
      vertex 5.13523 61 40.2377
    endloop
  endfacet
  facet normal 0.649461 0 -0.760395
    outer loop
      vertex 3.10147 61 40.8985
      vertex 3.24466 61.8 41.0208
      vertex 3.24466 61 41.0208
    endloop
  endfacet
  facet normal 0.649461 0 -0.760395
    outer loop
      vertex 3.24466 61.8 41.0208
      vertex 3.10147 61 40.8985
      vertex 3.10147 61.8 40.8985
    endloop
  endfacet
  facet normal 0.923904 0 -0.382624
    outer loop
      vertex 2.88079 61 40.5948
      vertex 2.80873 61.8 40.4208
      vertex 2.88079 61.8 40.5948
    endloop
  endfacet
  facet normal 0.923904 0 -0.382624
    outer loop
      vertex 2.80873 61.8 40.4208
      vertex 2.88079 61 40.5948
      vertex 2.80873 61 40.4208
    endloop
  endfacet
  facet normal -0.382861 0 -0.923806
    outer loop
      vertex 4.32082 61 41.1913
      vertex 4.49479 61.8 41.1192
      vertex 4.49479 61 41.1192
    endloop
  endfacet
  facet normal -0.382861 0 -0.923806
    outer loop
      vertex 4.49479 61.8 41.1192
      vertex 4.32082 61 41.1913
      vertex 4.32082 61.8 41.1913
    endloop
  endfacet
  facet normal -0.649461 0 -0.760395
    outer loop
      vertex 4.65534 61 41.0208
      vertex 4.79853 61.8 40.8985
      vertex 4.79853 61 40.8985
    endloop
  endfacet
  facet normal -0.649461 0 -0.760395
    outer loop
      vertex 4.79853 61.8 40.8985
      vertex 4.65534 61 41.0208
      vertex 4.65534 61.8 41.0208
    endloop
  endfacet
  facet normal -0.522556 0 -0.852605
    outer loop
      vertex 4.49479 61 41.1192
      vertex 4.65534 61.8 41.0208
      vertex 4.65534 61 41.0208
    endloop
  endfacet
  facet normal -0.522556 0 -0.852605
    outer loop
      vertex 4.65534 61.8 41.0208
      vertex 4.49479 61 41.1192
      vertex 4.49479 61.8 41.1192
    endloop
  endfacet
  facet normal 0.522556 0 -0.852605
    outer loop
      vertex 3.24466 61 41.0208
      vertex 3.40521 61.8 41.1192
      vertex 3.40521 61 41.1192
    endloop
  endfacet
  facet normal 0.522556 0 -0.852605
    outer loop
      vertex 3.40521 61.8 41.1192
      vertex 3.24466 61 41.0208
      vertex 3.24466 61.8 41.0208
    endloop
  endfacet
  facet normal 0.0785969 0 -0.996906
    outer loop
      vertex 3.76228 61 41.2352
      vertex 3.95 61.8 41.25
      vertex 3.95 61 41.25
    endloop
  endfacet
  facet normal 0.0785969 0 -0.996906
    outer loop
      vertex 3.95 61.8 41.25
      vertex 3.76228 61 41.2352
      vertex 3.76228 61.8 41.2352
    endloop
  endfacet
  facet normal 0.760444 0 -0.649404
    outer loop
      vertex 3.10147 61 40.8985
      vertex 2.97918 61.8 40.7553
      vertex 3.10147 61.8 40.8985
    endloop
  endfacet
  facet normal 0.760444 0 -0.649404
    outer loop
      vertex 2.97918 61.8 40.7553
      vertex 3.10147 61 40.8985
      vertex 2.97918 61 40.7553
    endloop
  endfacet
  facet normal 0.852556 0 -0.522636
    outer loop
      vertex 2.97918 61 40.7553
      vertex 2.88079 61.8 40.5948
      vertex 2.97918 61.8 40.7553
    endloop
  endfacet
  facet normal 0.852556 0 -0.522636
    outer loop
      vertex 2.88079 61.8 40.5948
      vertex 2.97918 61 40.7553
      vertex 2.88079 61 40.5948
    endloop
  endfacet
  facet normal 0.382861 0 -0.923806
    outer loop
      vertex 3.40521 61 41.1192
      vertex 3.57918 61.8 41.1913
      vertex 3.57918 61 41.1913
    endloop
  endfacet
  facet normal 0.382861 0 -0.923806
    outer loop
      vertex 3.57918 61.8 41.1913
      vertex 3.40521 61 41.1192
      vertex 3.40521 61.8 41.1192
    endloop
  endfacet
  facet normal 0.233152 0 -0.97244
    outer loop
      vertex 3.57918 61 41.1913
      vertex 3.76228 61.8 41.2352
      vertex 3.76228 61 41.2352
    endloop
  endfacet
  facet normal 0.233152 0 -0.97244
    outer loop
      vertex 3.76228 61.8 41.2352
      vertex 3.57918 61 41.1913
      vertex 3.57918 61.8 41.1913
    endloop
  endfacet
  facet normal -0.750461 0.635879 -0.180187
    outer loop
      vertex 6.03446 63 40.7273
      vertex 6.11439 63 40.3944
      vertex 5.09127 61.8 40.4208
    endloop
  endfacet
  facet normal -0.769409 0.635878 0.0605743
    outer loop
      vertex 6.14174 63 40.05
      vertex 6.11487 63 39.7087
      vertex 5.15 61.8 40.05
    endloop
  endfacet
  facet normal -0.769721 0.635764 0.0577291
    outer loop
      vertex 5.13523 61.8 39.8623
      vertex 6.11487 63 39.7087
      vertex 6.11475 63 39.7071
    endloop
  endfacet
  facet normal -0.769414 0.635874 0.0605448
    outer loop
      vertex 6.11487 63 39.7087
      vertex 5.13523 61.8 39.8623
      vertex 5.15 61.8 40.05
    endloop
  endfacet
  facet normal -0.769414 0.635874 -0.0605448
    outer loop
      vertex 5.13523 61.8 40.2377
      vertex 6.11487 63 40.3913
      vertex 5.15 61.8 40.05
    endloop
  endfacet
  facet normal -0.769721 0.635764 -0.0577291
    outer loop
      vertex 6.11487 63 40.3913
      vertex 5.13523 61.8 40.2377
      vertex 6.11475 63 40.3929
    endloop
  endfacet
  facet normal 0.750464 0.63588 -0.180166
    outer loop
      vertex 1.86517 63 40.7258
      vertex 2.76477 61.8 40.2377
      vertex 1.78525 63 40.3929
    endloop
  endfacet
  facet normal -0.060661 0.635868 -0.76941
    outer loop
      vertex 3.95 61.8 41.25
      vertex 3.95155 63 42.2416
      vertex 4.13772 61.8 41.2352
    endloop
  endfacet
  facet normal -0.04967 0.636246 -0.769885
    outer loop
      vertex 3.95155 63 42.2416
      vertex 3.95 61.8 41.25
      vertex 3.95 63 42.2417
    endloop
  endfacet
  facet normal 0.196897 0.633573 0.748209
    outer loop
      vertex 3.57918 61.8 38.9087
      vertex 3.60714 63 37.8852
      vertex 3.60562 63 37.8856
    endloop
  endfacet
  facet normal 0.179937 0.635914 0.750491
    outer loop
      vertex 3.60714 63 37.8852
      vertex 3.57918 61.8 38.9087
      vertex 3.76228 61.8 38.8648
    endloop
  endfacet
  facet normal -0.403107 0.635894 0.658137
    outer loop
      vertex 5.23827 63 38.2768
      vertex 4.94635 63 38.098
      vertex 4.65534 61.8 39.0792
    endloop
  endfacet
  facet normal -0.586831 0.635888 -0.501275
    outer loop
      vertex 5.49979 63 41.5998
      vertex 5.72214 63 41.3395
      vertex 4.79853 61.8 40.8985
    endloop
  endfacet
  facet normal -0.769409 0.635878 -0.0605743
    outer loop
      vertex 6.11487 63 40.3913
      vertex 6.14174 63 40.05
      vertex 5.15 61.8 40.05
    endloop
  endfacet
  facet normal 0.666431 0.635221 -0.390338
    outer loop
      vertex 2.97918 61.8 40.7553
      vertex 2.17603 63 41.3369
      vertex 2.17685 63 41.3383
    endloop
  endfacet
  facet normal 0.65799 0.635884 -0.403362
    outer loop
      vertex 2.17603 63 41.3369
      vertex 2.97918 61.8 40.7553
      vertex 2.88079 61.8 40.5948
    endloop
  endfacet
  facet normal 0.586888 0.635901 0.501191
    outer loop
      vertex 2.17786 63 38.7605
      vertex 2.97918 61.8 39.3447
      vertex 3.10147 61.8 39.2015
    endloop
  endfacet
  facet normal 0.590338 0.6361 0.496868
    outer loop
      vertex 2.97918 61.8 39.3447
      vertex 2.17786 63 38.7605
      vertex 2.17685 63 38.7617
    endloop
  endfacet
  facet normal 0.658062 0.635868 0.403269
    outer loop
      vertex 2.88079 61.8 39.5052
      vertex 2.17603 63 38.7631
      vertex 1.99715 63 39.055
    endloop
  endfacet
  facet normal -0.750462 0.63588 -0.180176
    outer loop
      vertex 5.09127 61.8 40.4208
      vertex 6.11475 63 40.3929
      vertex 5.13523 61.8 40.2377
    endloop
  endfacet
  facet normal -0.75047 0.635888 -0.180113
    outer loop
      vertex 6.11475 63 40.3929
      vertex 5.09127 61.8 40.4208
      vertex 6.11439 63 40.3944
    endloop
  endfacet
  facet normal -0.403127 0.635869 -0.658148
    outer loop
      vertex 4.94503 63 42.0028
      vertex 5.23694 63 41.824
      vertex 4.49479 61.8 41.1192
    endloop
  endfacet
  facet normal -0.295508 0.635869 -0.712984
    outer loop
      vertex 4.62872 63 42.1339
      vertex 4.94503 63 42.0028
      vertex 4.49479 61.8 41.1192
    endloop
  endfacet
  facet normal -0.527184 0.63424 -0.565524
    outer loop
      vertex 5.23945 63 41.8221
      vertex 4.65534 61.8 41.0208
      vertex 5.23827 63 41.8232
    endloop
  endfacet
  facet normal -0.501251 0.63587 -0.58687
    outer loop
      vertex 4.65534 61.8 41.0208
      vertex 5.23945 63 41.8221
      vertex 4.79853 61.8 40.8985
    endloop
  endfacet
  facet normal -0.501167 0.635884 -0.586927
    outer loop
      vertex 5.23945 63 41.8221
      vertex 5.49979 63 41.5998
      vertex 4.79853 61.8 40.8985
    endloop
  endfacet
  facet normal 0.658062 0.635868 -0.403269
    outer loop
      vertex 2.17603 63 41.3369
      vertex 2.88079 61.8 40.5948
      vertex 1.99715 63 41.045
    endloop
  endfacet
  facet normal 0.769412 0.635877 0.060552
    outer loop
      vertex 2.76477 61.8 39.8623
      vertex 1.78525 63 39.7071
      vertex 1.75839 63 40.0484
    endloop
  endfacet
  facet normal 0.295507 0.635871 0.712982
    outer loop
      vertex 3.57918 61.8 38.9087
      vertex 3.27272 63 37.9655
      vertex 2.95641 63 38.0966
    endloop
  endfacet
  facet normal 0.0604163 0.635869 0.769429
    outer loop
      vertex 3.95 61.8 38.85
      vertex 3.95 63 37.8583
      vertex 3.60869 63 37.8851
    endloop
  endfacet
  facet normal -0.586828 0.635893 0.501272
    outer loop
      vertex 5.72315 63 38.7617
      vertex 5.5008 63 38.5014
      vertex 4.92082 61.8 39.3447
    endloop
  endfacet
  facet normal -0.658035 0.635892 -0.403275
    outer loop
      vertex 5.72315 63 41.3383
      vertex 5.90204 63 41.0464
      vertex 4.92082 61.8 40.7553
    endloop
  endfacet
  facet normal -0.590338 0.6361 -0.496868
    outer loop
      vertex 4.92082 61.8 40.7553
      vertex 5.72214 63 41.3395
      vertex 5.72315 63 41.3383
    endloop
  endfacet
  facet normal -0.586888 0.635901 -0.501191
    outer loop
      vertex 5.72214 63 41.3395
      vertex 4.92082 61.8 40.7553
      vertex 4.79853 61.8 40.8985
    endloop
  endfacet
  facet normal -0.713061 0.635876 -0.295306
    outer loop
      vertex 5.01921 61.8 40.5948
      vertex 5.90345 63 41.0436
      vertex 5.09127 61.8 40.4208
    endloop
  endfacet
  facet normal -0.709139 0.636205 -0.303917
    outer loop
      vertex 5.90345 63 41.0436
      vertex 5.01921 61.8 40.5948
      vertex 5.90285 63 41.045
    endloop
  endfacet
  facet normal -0.713043 0.635881 -0.295339
    outer loop
      vertex 5.90345 63 41.0436
      vertex 6.03446 63 40.7273
      vertex 5.09127 61.8 40.4208
    endloop
  endfacet
  facet normal -0.296906 0.635678 -0.712574
    outer loop
      vertex 4.49479 61.8 41.1192
      vertex 4.62728 63 42.1345
      vertex 4.62872 63 42.1339
    endloop
  endfacet
  facet normal -0.29549 0.635872 -0.712988
    outer loop
      vertex 4.62728 63 42.1345
      vertex 4.49479 61.8 41.1192
      vertex 4.32082 61.8 41.1913
    endloop
  endfacet
  facet normal -0.150633 0.634402 -0.758185
    outer loop
      vertex 4.32082 61.8 41.1913
      vertex 4.62577 63 42.1348
      vertex 4.62728 63 42.1345
    endloop
  endfacet
  facet normal -0.17995 0.635846 -0.750545
    outer loop
      vertex 4.62577 63 42.1348
      vertex 4.32082 61.8 41.1913
      vertex 4.13772 61.8 41.2352
    endloop
  endfacet
  facet normal -0.397914 0.635641 -0.661532
    outer loop
      vertex 4.65534 61.8 41.0208
      vertex 5.23694 63 41.824
      vertex 5.23827 63 41.8232
    endloop
  endfacet
  facet normal -0.403295 0.635897 -0.658018
    outer loop
      vertex 5.23694 63 41.824
      vertex 4.65534 61.8 41.0208
      vertex 4.49479 61.8 41.1192
    endloop
  endfacet
  facet normal 0.713043 0.635871 -0.295362
    outer loop
      vertex 1.99715 63 41.045
      vertex 2.88079 61.8 40.5948
      vertex 1.86613 63 40.7287
    endloop
  endfacet
  facet normal 0.29549 0.635872 -0.712988
    outer loop
      vertex 3.40521 61.8 41.1192
      vertex 3.27272 63 42.1345
      vertex 3.57918 61.8 41.1913
    endloop
  endfacet
  facet normal 0.296906 0.635678 -0.712574
    outer loop
      vertex 3.27272 63 42.1345
      vertex 3.40521 61.8 41.1192
      vertex 3.27128 63 42.1339
    endloop
  endfacet
  facet normal 0.295508 0.635869 -0.712984
    outer loop
      vertex 3.27128 63 42.1339
      vertex 3.40521 61.8 41.1192
      vertex 2.95497 63 42.0028
    endloop
  endfacet
  facet normal 0.527184 0.63424 -0.565524
    outer loop
      vertex 3.24466 61.8 41.0208
      vertex 2.66055 63 41.8221
      vertex 2.66173 63 41.8232
    endloop
  endfacet
  facet normal 0.501251 0.63587 -0.58687
    outer loop
      vertex 2.66055 63 41.8221
      vertex 3.24466 61.8 41.0208
      vertex 3.10147 61.8 40.8985
    endloop
  endfacet
  facet normal 0.501167 0.635884 -0.586927
    outer loop
      vertex 2.66055 63 41.8221
      vertex 3.10147 61.8 40.8985
      vertex 2.40021 63 41.5998
    endloop
  endfacet
  facet normal 0.586888 0.635901 -0.501191
    outer loop
      vertex 2.97918 61.8 40.7553
      vertex 2.17786 63 41.3395
      vertex 3.10147 61.8 40.8985
    endloop
  endfacet
  facet normal 0.590338 0.6361 -0.496868
    outer loop
      vertex 2.17786 63 41.3395
      vertex 2.97918 61.8 40.7553
      vertex 2.17685 63 41.3383
    endloop
  endfacet
  facet normal 0.586831 0.635888 -0.501275
    outer loop
      vertex 2.40021 63 41.5998
      vertex 3.10147 61.8 40.8985
      vertex 2.17786 63 41.3395
    endloop
  endfacet
  facet normal 0.180124 0.635876 0.750478
    outer loop
      vertex 3.57918 61.8 38.9087
      vertex 3.60562 63 37.8856
      vertex 3.27272 63 37.9655
    endloop
  endfacet
  facet normal 0.750464 0.63588 0.180166
    outer loop
      vertex 2.76477 61.8 39.8623
      vertex 1.86517 63 39.3742
      vertex 1.78525 63 39.7071
    endloop
  endfacet
  facet normal 0.769412 0.635878 -0.0605445
    outer loop
      vertex 2.75 61.8 40.05
      vertex 1.75839 63 40.0516
      vertex 2.76477 61.8 40.2377
    endloop
  endfacet
  facet normal 0.769317 0.635802 -0.062507
    outer loop
      vertex 1.75839 63 40.0516
      vertex 2.75 61.8 40.05
      vertex 1.75826 63 40.05
    endloop
  endfacet
  facet normal 0.769412 0.635877 -0.060552
    outer loop
      vertex 1.78525 63 40.3929
      vertex 2.76477 61.8 40.2377
      vertex 1.75839 63 40.0516
    endloop
  endfacet
  facet normal 0.65799 0.635884 0.403362
    outer loop
      vertex 2.97918 61.8 39.3447
      vertex 2.17603 63 38.7631
      vertex 2.88079 61.8 39.5052
    endloop
  endfacet
  facet normal 0.666431 0.635221 0.390338
    outer loop
      vertex 2.17603 63 38.7631
      vertex 2.97918 61.8 39.3447
      vertex 2.17685 63 38.7617
    endloop
  endfacet
  facet normal 0.501167 0.635884 0.586927
    outer loop
      vertex 3.10147 61.8 39.2015
      vertex 2.66055 63 38.2779
      vertex 2.40021 63 38.5002
    endloop
  endfacet
  facet normal 0.586831 0.635888 0.501275
    outer loop
      vertex 3.10147 61.8 39.2015
      vertex 2.40021 63 38.5002
      vertex 2.17786 63 38.7605
    endloop
  endfacet
  facet normal -0.196897 0.633573 0.748209
    outer loop
      vertex 4.29286 63 37.8852
      vertex 4.32082 61.8 38.9087
      vertex 4.29438 63 37.8856
    endloop
  endfacet
  facet normal -0.179937 0.635914 0.750491
    outer loop
      vertex 4.32082 61.8 38.9087
      vertex 4.29286 63 37.8852
      vertex 4.13772 61.8 38.8648
    endloop
  endfacet
  facet normal -0.0604163 0.635869 0.769429
    outer loop
      vertex 4.29131 63 37.8851
      vertex 3.95 63 37.8583
      vertex 3.95 61.8 38.85
    endloop
  endfacet
  facet normal -0.0497124 0.635447 0.770543
    outer loop
      vertex 4.29131 63 37.8851
      vertex 4.13772 61.8 38.8648
      vertex 4.29286 63 37.8852
    endloop
  endfacet
  facet normal -0.0606588 0.635901 0.769383
    outer loop
      vertex 4.13772 61.8 38.8648
      vertex 4.29131 63 37.8851
      vertex 3.95 61.8 38.85
    endloop
  endfacet
  facet normal -0.499036 0.63577 0.588863
    outer loop
      vertex 5.49861 63 38.4992
      vertex 4.79853 61.8 39.2015
      vertex 5.49979 63 38.5002
    endloop
  endfacet
  facet normal -0.501243 0.635885 0.58686
    outer loop
      vertex 4.79853 61.8 39.2015
      vertex 5.49861 63 38.4992
      vertex 4.65534 61.8 39.0792
    endloop
  endfacet
  facet normal -0.501292 0.635895 0.586809
    outer loop
      vertex 5.49861 63 38.4992
      vertex 5.23827 63 38.2768
      vertex 4.65534 61.8 39.0792
    endloop
  endfacet
  facet normal -0.658004 0.635864 -0.403371
    outer loop
      vertex 4.92082 61.8 40.7553
      vertex 5.90285 63 41.045
      vertex 5.01921 61.8 40.5948
    endloop
  endfacet
  facet normal -0.666285 0.638325 -0.385494
    outer loop
      vertex 5.90285 63 41.045
      vertex 4.92082 61.8 40.7553
      vertex 5.90204 63 41.0464
    endloop
  endfacet
  facet normal -0.180327 0.635898 -0.75041
    outer loop
      vertex 4.29286 63 42.2148
      vertex 4.62577 63 42.1348
      vertex 4.13772 61.8 41.2352
    endloop
  endfacet
  facet normal -0.0604143 0.6359 -0.769403
    outer loop
      vertex 4.29286 63 42.2148
      vertex 4.13772 61.8 41.2352
      vertex 3.95155 63 42.2416
    endloop
  endfacet
  facet normal 0.710349 0.634605 -0.304435
    outer loop
      vertex 2.88079 61.8 40.5948
      vertex 1.86553 63 40.7273
      vertex 1.86613 63 40.7287
    endloop
  endfacet
  facet normal 0.713054 0.635886 -0.295303
    outer loop
      vertex 1.86553 63 40.7273
      vertex 2.88079 61.8 40.5948
      vertex 2.80873 61.8 40.4208
    endloop
  endfacet
  facet normal 0.750477 0.635879 -0.180115
    outer loop
      vertex 2.80873 61.8 40.4208
      vertex 1.86517 63 40.7258
      vertex 1.86553 63 40.7273
    endloop
  endfacet
  facet normal 0.75046 0.635882 -0.180176
    outer loop
      vertex 1.86517 63 40.7258
      vertex 2.80873 61.8 40.4208
      vertex 2.76477 61.8 40.2377
    endloop
  endfacet
  facet normal 0.0606588 0.635901 -0.769383
    outer loop
      vertex 3.76228 61.8 41.2352
      vertex 3.60869 63 42.2149
      vertex 3.95 61.8 41.25
    endloop
  endfacet
  facet normal 0.0497124 0.635447 -0.770543
    outer loop
      vertex 3.60869 63 42.2149
      vertex 3.76228 61.8 41.2352
      vertex 3.60714 63 42.2148
    endloop
  endfacet
  facet normal 0.0604163 0.635869 -0.769429
    outer loop
      vertex 3.95 63 42.2417
      vertex 3.95 61.8 41.25
      vertex 3.60869 63 42.2149
    endloop
  endfacet
  facet normal 0.403127 0.635869 -0.658148
    outer loop
      vertex 2.95497 63 42.0028
      vertex 3.40521 61.8 41.1192
      vertex 2.66306 63 41.824
    endloop
  endfacet
  facet normal 0.403295 0.635897 -0.658018
    outer loop
      vertex 3.24466 61.8 41.0208
      vertex 2.66306 63 41.824
      vertex 3.40521 61.8 41.1192
    endloop
  endfacet
  facet normal 0.397914 0.635641 -0.661532
    outer loop
      vertex 2.66306 63 41.824
      vertex 3.24466 61.8 41.0208
      vertex 2.66173 63 41.8232
    endloop
  endfacet
  facet normal 0.501251 0.63587 0.58687
    outer loop
      vertex 3.24466 61.8 39.0792
      vertex 2.66055 63 38.2779
      vertex 3.10147 61.8 39.2015
    endloop
  endfacet
  facet normal 0.527184 0.63424 0.565524
    outer loop
      vertex 2.66055 63 38.2779
      vertex 3.24466 61.8 39.0792
      vertex 2.66173 63 38.2768
    endloop
  endfacet
  facet normal 0.403107 0.635894 0.658137
    outer loop
      vertex 3.24466 61.8 39.0792
      vertex 2.95365 63 38.098
      vertex 2.66173 63 38.2768
    endloop
  endfacet
  facet normal 0.713043 0.635871 0.295362
    outer loop
      vertex 2.88079 61.8 39.5052
      vertex 1.99715 63 39.055
      vertex 1.86613 63 39.3713
    endloop
  endfacet
  facet normal 0.769317 0.635802 0.062507
    outer loop
      vertex 2.75 61.8 40.05
      vertex 1.75839 63 40.0484
      vertex 1.75826 63 40.05
    endloop
  endfacet
  facet normal 0.769412 0.635878 0.0605445
    outer loop
      vertex 1.75839 63 40.0484
      vertex 2.75 61.8 40.05
      vertex 2.76477 61.8 39.8623
    endloop
  endfacet
  facet normal -0.180124 0.635876 0.750478
    outer loop
      vertex 4.32082 61.8 38.9087
      vertex 4.62728 63 37.9655
      vertex 4.29438 63 37.8856
    endloop
  endfacet
  facet normal -0.295507 0.635871 0.712982
    outer loop
      vertex 4.94359 63 38.0966
      vertex 4.62728 63 37.9655
      vertex 4.32082 61.8 38.9087
    endloop
  endfacet
  facet normal 0.0606588 0.635901 0.769383
    outer loop
      vertex 3.60869 63 37.8851
      vertex 3.76228 61.8 38.8648
      vertex 3.95 61.8 38.85
    endloop
  endfacet
  facet normal 0.0497124 0.635447 0.770543
    outer loop
      vertex 3.76228 61.8 38.8648
      vertex 3.60869 63 37.8851
      vertex 3.60714 63 37.8852
    endloop
  endfacet
  facet normal -0.713043 0.635881 0.295339
    outer loop
      vertex 6.03446 63 39.3727
      vertex 5.90345 63 39.0564
      vertex 5.09127 61.8 39.6792
    endloop
  endfacet
  facet normal -0.586902 0.635879 0.501202
    outer loop
      vertex 5.5008 63 38.5014
      vertex 4.79853 61.8 39.2015
      vertex 4.92082 61.8 39.3447
    endloop
  endfacet
  facet normal -0.590615 0.63566 0.497101
    outer loop
      vertex 4.79853 61.8 39.2015
      vertex 5.5008 63 38.5014
      vertex 5.49979 63 38.5002
    endloop
  endfacet
  facet normal 0.180327 0.635898 -0.75041
    outer loop
      vertex 3.60714 63 42.2148
      vertex 3.76228 61.8 41.2352
      vertex 3.27423 63 42.1348
    endloop
  endfacet
  facet normal 0.17995 0.635846 -0.750545
    outer loop
      vertex 3.57918 61.8 41.1913
      vertex 3.27423 63 42.1348
      vertex 3.76228 61.8 41.2352
    endloop
  endfacet
  facet normal 0.150633 0.634402 -0.758185
    outer loop
      vertex 3.27423 63 42.1348
      vertex 3.57918 61.8 41.1913
      vertex 3.27272 63 42.1345
    endloop
  endfacet
  facet normal 0.403296 0.635894 0.65802
    outer loop
      vertex 2.95497 63 38.0971
      vertex 3.24466 61.8 39.0792
      vertex 3.40521 61.8 38.9808
    endloop
  endfacet
  facet normal 0.437279 0.630449 0.641343
    outer loop
      vertex 3.24466 61.8 39.0792
      vertex 2.95497 63 38.0971
      vertex 2.95365 63 38.098
    endloop
  endfacet
  facet normal 0.295491 0.635869 0.712991
    outer loop
      vertex 2.95641 63 38.0966
      vertex 3.40521 61.8 38.9808
      vertex 3.57918 61.8 38.9087
    endloop
  endfacet
  facet normal 0.253797 0.633498 0.730936
    outer loop
      vertex 3.40521 61.8 38.9808
      vertex 2.95641 63 38.0966
      vertex 2.95497 63 38.0971
    endloop
  endfacet
  facet normal 0.75046 0.635882 0.180176
    outer loop
      vertex 2.80873 61.8 39.6792
      vertex 1.86517 63 39.3742
      vertex 2.76477 61.8 39.8623
    endloop
  endfacet
  facet normal 0.750477 0.635879 0.180115
    outer loop
      vertex 1.86517 63 39.3742
      vertex 2.80873 61.8 39.6792
      vertex 1.86553 63 39.3727
    endloop
  endfacet
  facet normal 0.713054 0.635886 0.295303
    outer loop
      vertex 2.88079 61.8 39.5052
      vertex 1.86553 63 39.3727
      vertex 2.80873 61.8 39.6792
    endloop
  endfacet
  facet normal 0.710349 0.634605 0.304435
    outer loop
      vertex 1.86553 63 39.3727
      vertex 2.88079 61.8 39.5052
      vertex 1.86613 63 39.3713
    endloop
  endfacet
  facet normal -0.253797 0.633498 0.730936
    outer loop
      vertex 4.94359 63 38.0966
      vertex 4.49479 61.8 38.9808
      vertex 4.94503 63 38.0971
    endloop
  endfacet
  facet normal -0.295491 0.635869 0.712991
    outer loop
      vertex 4.49479 61.8 38.9808
      vertex 4.94359 63 38.0966
      vertex 4.32082 61.8 38.9087
    endloop
  endfacet
  facet normal -0.437279 0.630449 0.641343
    outer loop
      vertex 4.94503 63 38.0971
      vertex 4.65534 61.8 39.0792
      vertex 4.94635 63 38.098
    endloop
  endfacet
  facet normal -0.403296 0.635894 0.65802
    outer loop
      vertex 4.65534 61.8 39.0792
      vertex 4.94503 63 38.0971
      vertex 4.49479 61.8 38.9808
    endloop
  endfacet
  facet normal -0.750461 0.635879 0.180187
    outer loop
      vertex 6.11439 63 39.7056
      vertex 6.03446 63 39.3727
      vertex 5.09127 61.8 39.6792
    endloop
  endfacet
  facet normal -0.75047 0.635888 0.180113
    outer loop
      vertex 5.09127 61.8 39.6792
      vertex 6.11475 63 39.7071
      vertex 6.11439 63 39.7056
    endloop
  endfacet
  facet normal -0.750462 0.63588 0.180176
    outer loop
      vertex 6.11475 63 39.7071
      vertex 5.09127 61.8 39.6792
      vertex 5.13523 61.8 39.8623
    endloop
  endfacet
  facet normal -0.666285 0.638325 0.385494
    outer loop
      vertex 4.92082 61.8 39.3447
      vertex 5.90285 63 39.055
      vertex 5.90204 63 39.0536
    endloop
  endfacet
  facet normal -0.658004 0.635864 0.403371
    outer loop
      vertex 5.90285 63 39.055
      vertex 4.92082 61.8 39.3447
      vertex 5.01921 61.8 39.5052
    endloop
  endfacet
  facet normal -0.658035 0.635892 0.403275
    outer loop
      vertex 5.90204 63 39.0536
      vertex 5.72315 63 38.7617
      vertex 4.92082 61.8 39.3447
    endloop
  endfacet
  facet normal -0.709139 0.636205 0.303917
    outer loop
      vertex 5.01921 61.8 39.5052
      vertex 5.90345 63 39.0564
      vertex 5.90285 63 39.055
    endloop
  endfacet
  facet normal -0.713061 0.635876 0.295306
    outer loop
      vertex 5.90345 63 39.0564
      vertex 5.01921 61.8 39.5052
      vertex 5.09127 61.8 39.6792
    endloop
  endfacet
  facet normal 0.079245 0 0.996855
    outer loop
      vertex 3.45723 61 36.9388
      vertex 3.5 59 36.9354
      vertex 3.5 61 36.9354
    endloop
  endfacet
  facet normal 0.079245 0 0.996855
    outer loop
      vertex 3.5 59 36.9354
      vertex 3.45723 61 36.9388
      vertex 3.45723 59 36.9388
    endloop
  endfacet
  facet normal 0.382582 0 0.923922
    outer loop
      vertex 2.51993 61 37.2433
      vertex 2.9766 59 37.0542
      vertex 2.9766 61 37.0542
    endloop
  endfacet
  facet normal 0.382582 0 0.923922
    outer loop
      vertex 2.9766 59 37.0542
      vertex 2.51993 61 37.2433
      vertex 2.51993 59 37.2433
    endloop
  endfacet
  facet normal 0.522574 0 0.852594
    outer loop
      vertex 2.3 61 37.3781
      vertex 2.51993 59 37.2433
      vertex 2.51993 61 37.2433
    endloop
  endfacet
  facet normal 0.522574 0 0.852594
    outer loop
      vertex 2.51993 59 37.2433
      vertex 2.3 61 37.3781
      vertex 2.3 59 37.3781
    endloop
  endfacet
  facet normal 0.233466 0 0.972365
    outer loop
      vertex 2.9766 61 37.0542
      vertex 3.45723 59 36.9388
      vertex 3.45723 61 36.9388
    endloop
  endfacet
  facet normal 0.233466 0 0.972365
    outer loop
      vertex 3.45723 59 36.9388
      vertex 2.9766 61 37.0542
      vertex 2.9766 59 37.0542
    endloop
  endfacet
  facet normal -0.972366 0 -0.233461
    outer loop
      vertex 7.06122 59 40.5428
      vertex 6.94583 61 41.0234
      vertex 7.06122 61 40.5428
    endloop
  endfacet
  facet normal -0.972366 -0 -0.233461
    outer loop
      vertex 6.94583 61 41.0234
      vertex 7.06122 59 40.5428
      vertex 6.94583 59 41.0234
    endloop
  endfacet
  facet normal -0.923888 0 -0.382664
    outer loop
      vertex 6.94583 59 41.0234
      vertex 6.75667 61 41.4801
      vertex 6.94583 61 41.0234
    endloop
  endfacet
  facet normal -0.923888 -0 -0.382664
    outer loop
      vertex 6.75667 61 41.4801
      vertex 6.94583 59 41.0234
      vertex 6.75667 59 41.4801
    endloop
  endfacet
  facet normal -0.996933 0 -0.0782639
    outer loop
      vertex 7.06458 59 40.5
      vertex 7.06122 61 40.5428
      vertex 7.06458 61 40.5
    endloop
  endfacet
  facet normal -0.996933 -0 -0.0782639
    outer loop
      vertex 7.06122 61 40.5428
      vertex 7.06458 59 40.5
      vertex 7.06122 59 40.5428
    endloop
  endfacet
  facet normal -0.852614 0 -0.522541
    outer loop
      vertex 6.75667 59 41.4801
      vertex 6.6219 61 41.7
      vertex 6.75667 61 41.4801
    endloop
  endfacet
  facet normal -0.852614 -0 -0.522541
    outer loop
      vertex 6.6219 61 41.7
      vertex 6.75667 59 41.4801
      vertex 6.6219 59 41.7
    endloop
  endfacet
  facet normal -0.996906 0 0.0786053
    outer loop
      vertex 30.2352 61 39.8623
      vertex 30.25 61.8 40.05
      vertex 30.2352 61.8 39.8623
    endloop
  endfacet
  facet normal -0.996906 0 0.0786053
    outer loop
      vertex 30.25 61.8 40.05
      vertex 30.2352 61 39.8623
      vertex 30.25 61 40.05
    endloop
  endfacet
  facet normal 0.996906 -0 0.0786053
    outer loop
      vertex 27.85 61 40.05
      vertex 27.8648 61.8 39.8623
      vertex 27.85 61.8 40.05
    endloop
  endfacet
  facet normal 0.996906 0 0.0786053
    outer loop
      vertex 27.8648 61.8 39.8623
      vertex 27.85 61 40.05
      vertex 27.8648 61 39.8623
    endloop
  endfacet
  facet normal -0.0786053 0 0.996906
    outer loop
      vertex 29.05 61.8 38.85
      vertex 29.2377 61 38.8648
      vertex 29.2377 61.8 38.8648
    endloop
  endfacet
  facet normal -0.0786053 0 0.996906
    outer loop
      vertex 29.2377 61 38.8648
      vertex 29.05 61.8 38.85
      vertex 29.05 61 38.85
    endloop
  endfacet
  facet normal 0.0786053 0 -0.996906
    outer loop
      vertex 28.8623 61 41.2352
      vertex 29.05 61.8 41.25
      vertex 29.05 61 41.25
    endloop
  endfacet
  facet normal 0.0786053 0 -0.996906
    outer loop
      vertex 29.05 61.8 41.25
      vertex 28.8623 61 41.2352
      vertex 28.8623 61.8 41.2352
    endloop
  endfacet
  facet normal 0.760417 0 -0.649435
    outer loop
      vertex 28.2015 61 40.8985
      vertex 28.0792 61.8 40.7553
      vertex 28.2015 61.8 40.8985
    endloop
  endfacet
  facet normal 0.760417 0 -0.649435
    outer loop
      vertex 28.0792 61.8 40.7553
      vertex 28.2015 61 40.8985
      vertex 28.0792 61 40.7553
    endloop
  endfacet
  facet normal -0.760417 0 0.649435
    outer loop
      vertex 29.8985 61 39.2015
      vertex 30.0208 61.8 39.3447
      vertex 29.8985 61.8 39.2015
    endloop
  endfacet
  facet normal -0.760417 0 0.649435
    outer loop
      vertex 30.0208 61.8 39.3447
      vertex 29.8985 61 39.2015
      vertex 30.0208 61 39.3447
    endloop
  endfacet
  facet normal 0.649435 0 0.760417
    outer loop
      vertex 28.2015 61.8 39.2015
      vertex 28.3447 61 39.0792
      vertex 28.3447 61.8 39.0792
    endloop
  endfacet
  facet normal 0.649435 0 0.760417
    outer loop
      vertex 28.3447 61 39.0792
      vertex 28.2015 61.8 39.2015
      vertex 28.2015 61 39.2015
    endloop
  endfacet
  facet normal 0.233152 0 0.97244
    outer loop
      vertex 28.6792 61.8 38.9087
      vertex 28.8623 61 38.8648
      vertex 28.8623 61.8 38.8648
    endloop
  endfacet
  facet normal 0.233152 0 0.97244
    outer loop
      vertex 28.8623 61 38.8648
      vertex 28.6792 61.8 38.9087
      vertex 28.6792 61 38.9087
    endloop
  endfacet
  facet normal -0.923829 0 0.382805
    outer loop
      vertex 30.1192 61 39.5052
      vertex 30.1913 61.8 39.6792
      vertex 30.1192 61.8 39.5052
    endloop
  endfacet
  facet normal -0.923829 0 0.382805
    outer loop
      vertex 30.1913 61.8 39.6792
      vertex 30.1192 61 39.5052
      vertex 30.1913 61 39.6792
    endloop
  endfacet
  facet normal -0.97244 0 0.233152
    outer loop
      vertex 30.1913 61 39.6792
      vertex 30.2352 61.8 39.8623
      vertex 30.1913 61.8 39.6792
    endloop
  endfacet
  facet normal -0.97244 0 0.233152
    outer loop
      vertex 30.2352 61.8 39.8623
      vertex 30.1913 61 39.6792
      vertex 30.2352 61 39.8623
    endloop
  endfacet
  facet normal -0.852533 0 0.522674
    outer loop
      vertex 30.0208 61 39.3447
      vertex 30.1192 61.8 39.5052
      vertex 30.0208 61.8 39.3447
    endloop
  endfacet
  facet normal -0.852533 0 0.522674
    outer loop
      vertex 30.1192 61.8 39.5052
      vertex 30.0208 61 39.3447
      vertex 30.1192 61 39.5052
    endloop
  endfacet
  facet normal -0.382805 0 0.923829
    outer loop
      vertex 29.4208 61.8 38.9087
      vertex 29.5948 61 38.9808
      vertex 29.5948 61.8 38.9808
    endloop
  endfacet
  facet normal -0.382805 0 0.923829
    outer loop
      vertex 29.5948 61 38.9808
      vertex 29.4208 61.8 38.9087
      vertex 29.4208 61 38.9087
    endloop
  endfacet
  facet normal -0.233152 0 0.97244
    outer loop
      vertex 29.2377 61.8 38.8648
      vertex 29.4208 61 38.9087
      vertex 29.4208 61.8 38.9087
    endloop
  endfacet
  facet normal -0.233152 0 0.97244
    outer loop
      vertex 29.4208 61 38.9087
      vertex 29.2377 61.8 38.8648
      vertex 29.2377 61 38.8648
    endloop
  endfacet
  facet normal -0.649435 0 0.760417
    outer loop
      vertex 29.7553 61.8 39.0792
      vertex 29.8985 61 39.2015
      vertex 29.8985 61.8 39.2015
    endloop
  endfacet
  facet normal -0.649435 0 0.760417
    outer loop
      vertex 29.8985 61 39.2015
      vertex 29.7553 61.8 39.0792
      vertex 29.7553 61 39.0792
    endloop
  endfacet
  facet normal 0.923829 -0 0.382805
    outer loop
      vertex 27.9087 61 39.6792
      vertex 27.9808 61.8 39.5052
      vertex 27.9087 61.8 39.6792
    endloop
  endfacet
  facet normal 0.923829 0 0.382805
    outer loop
      vertex 27.9808 61.8 39.5052
      vertex 27.9087 61 39.6792
      vertex 27.9808 61 39.5052
    endloop
  endfacet
  facet normal 0.760417 -0 0.649435
    outer loop
      vertex 28.0792 61 39.3447
      vertex 28.2015 61.8 39.2015
      vertex 28.0792 61.8 39.3447
    endloop
  endfacet
  facet normal 0.760417 0 0.649435
    outer loop
      vertex 28.2015 61.8 39.2015
      vertex 28.0792 61 39.3447
      vertex 28.2015 61 39.2015
    endloop
  endfacet
  facet normal 0.97244 -0 0.233152
    outer loop
      vertex 27.8648 61 39.8623
      vertex 27.9087 61.8 39.6792
      vertex 27.8648 61.8 39.8623
    endloop
  endfacet
  facet normal 0.97244 0 0.233152
    outer loop
      vertex 27.9087 61.8 39.6792
      vertex 27.8648 61 39.8623
      vertex 27.9087 61 39.6792
    endloop
  endfacet
  facet normal 0.0786053 0 0.996906
    outer loop
      vertex 28.8623 61.8 38.8648
      vertex 29.05 61 38.85
      vertex 29.05 61.8 38.85
    endloop
  endfacet
  facet normal 0.0786053 0 0.996906
    outer loop
      vertex 29.05 61 38.85
      vertex 28.8623 61.8 38.8648
      vertex 28.8623 61 38.8648
    endloop
  endfacet
  facet normal -0.923829 0 -0.382805
    outer loop
      vertex 30.1913 61 40.4208
      vertex 30.1192 61.8 40.5948
      vertex 30.1913 61.8 40.4208
    endloop
  endfacet
  facet normal -0.923829 -0 -0.382805
    outer loop
      vertex 30.1192 61.8 40.5948
      vertex 30.1913 61 40.4208
      vertex 30.1192 61 40.5948
    endloop
  endfacet
  facet normal -0.382805 0 -0.923829
    outer loop
      vertex 29.4208 61 41.1913
      vertex 29.5948 61.8 41.1192
      vertex 29.5948 61 41.1192
    endloop
  endfacet
  facet normal -0.382805 0 -0.923829
    outer loop
      vertex 29.5948 61.8 41.1192
      vertex 29.4208 61 41.1913
      vertex 29.4208 61.8 41.1913
    endloop
  endfacet
  facet normal -0.0786053 0 -0.996906
    outer loop
      vertex 29.05 61 41.25
      vertex 29.2377 61.8 41.2352
      vertex 29.2377 61 41.2352
    endloop
  endfacet
  facet normal -0.0786053 0 -0.996906
    outer loop
      vertex 29.2377 61.8 41.2352
      vertex 29.05 61 41.25
      vertex 29.05 61.8 41.25
    endloop
  endfacet
  facet normal -0.522674 0 -0.852533
    outer loop
      vertex 29.5948 61 41.1192
      vertex 29.7553 61.8 41.0208
      vertex 29.7553 61 41.0208
    endloop
  endfacet
  facet normal -0.522674 0 -0.852533
    outer loop
      vertex 29.7553 61.8 41.0208
      vertex 29.5948 61 41.1192
      vertex 29.5948 61.8 41.1192
    endloop
  endfacet
  facet normal 0.649435 0 -0.760417
    outer loop
      vertex 28.2015 61 40.8985
      vertex 28.3447 61.8 41.0208
      vertex 28.3447 61 41.0208
    endloop
  endfacet
  facet normal 0.649435 0 -0.760417
    outer loop
      vertex 28.3447 61.8 41.0208
      vertex 28.2015 61 40.8985
      vertex 28.2015 61.8 40.8985
    endloop
  endfacet
  facet normal 0.996906 0 -0.0786053
    outer loop
      vertex 27.8648 61 40.2377
      vertex 27.85 61.8 40.05
      vertex 27.8648 61.8 40.2377
    endloop
  endfacet
  facet normal 0.996906 0 -0.0786053
    outer loop
      vertex 27.85 61.8 40.05
      vertex 27.8648 61 40.2377
      vertex 27.85 61 40.05
    endloop
  endfacet
  facet normal -0.522674 0 0.852533
    outer loop
      vertex 29.5948 61.8 38.9808
      vertex 29.7553 61 39.0792
      vertex 29.7553 61.8 39.0792
    endloop
  endfacet
  facet normal -0.522674 0 0.852533
    outer loop
      vertex 29.7553 61 39.0792
      vertex 29.5948 61.8 38.9808
      vertex 29.5948 61 38.9808
    endloop
  endfacet
  facet normal 0.852533 -0 0.522674
    outer loop
      vertex 27.9808 61 39.5052
      vertex 28.0792 61.8 39.3447
      vertex 27.9808 61.8 39.5052
    endloop
  endfacet
  facet normal 0.852533 0 0.522674
    outer loop
      vertex 28.0792 61.8 39.3447
      vertex 27.9808 61 39.5052
      vertex 28.0792 61 39.3447
    endloop
  endfacet
  facet normal 0.382805 0 0.923829
    outer loop
      vertex 28.5052 61.8 38.9808
      vertex 28.6792 61 38.9087
      vertex 28.6792 61.8 38.9087
    endloop
  endfacet
  facet normal 0.382805 0 0.923829
    outer loop
      vertex 28.6792 61 38.9087
      vertex 28.5052 61.8 38.9808
      vertex 28.5052 61 38.9808
    endloop
  endfacet
  facet normal 0.522674 0 0.852533
    outer loop
      vertex 28.3447 61.8 39.0792
      vertex 28.5052 61 38.9808
      vertex 28.5052 61.8 38.9808
    endloop
  endfacet
  facet normal 0.522674 0 0.852533
    outer loop
      vertex 28.5052 61 38.9808
      vertex 28.3447 61.8 39.0792
      vertex 28.3447 61 39.0792
    endloop
  endfacet
  facet normal -0.233152 0 -0.97244
    outer loop
      vertex 29.2377 61 41.2352
      vertex 29.4208 61.8 41.1913
      vertex 29.4208 61 41.1913
    endloop
  endfacet
  facet normal -0.233152 0 -0.97244
    outer loop
      vertex 29.4208 61.8 41.1913
      vertex 29.2377 61 41.2352
      vertex 29.2377 61.8 41.2352
    endloop
  endfacet
  facet normal -0.649435 0 -0.760417
    outer loop
      vertex 29.7553 61 41.0208
      vertex 29.8985 61.8 40.8985
      vertex 29.8985 61 40.8985
    endloop
  endfacet
  facet normal -0.649435 0 -0.760417
    outer loop
      vertex 29.8985 61.8 40.8985
      vertex 29.7553 61 41.0208
      vertex 29.7553 61.8 41.0208
    endloop
  endfacet
  facet normal -0.760417 0 -0.649435
    outer loop
      vertex 30.0208 61 40.7553
      vertex 29.8985 61.8 40.8985
      vertex 30.0208 61.8 40.7553
    endloop
  endfacet
  facet normal -0.760417 -0 -0.649435
    outer loop
      vertex 29.8985 61.8 40.8985
      vertex 30.0208 61 40.7553
      vertex 29.8985 61 40.8985
    endloop
  endfacet
  facet normal 0.522674 0 -0.852533
    outer loop
      vertex 28.3447 61 41.0208
      vertex 28.5052 61.8 41.1192
      vertex 28.5052 61 41.1192
    endloop
  endfacet
  facet normal 0.522674 0 -0.852533
    outer loop
      vertex 28.5052 61.8 41.1192
      vertex 28.3447 61 41.0208
      vertex 28.3447 61.8 41.0208
    endloop
  endfacet
  facet normal 0.382805 0 -0.923829
    outer loop
      vertex 28.5052 61 41.1192
      vertex 28.6792 61.8 41.1913
      vertex 28.6792 61 41.1913
    endloop
  endfacet
  facet normal 0.382805 0 -0.923829
    outer loop
      vertex 28.6792 61.8 41.1913
      vertex 28.5052 61 41.1192
      vertex 28.5052 61.8 41.1192
    endloop
  endfacet
  facet normal 0.923829 0 -0.382805
    outer loop
      vertex 27.9808 61 40.5948
      vertex 27.9087 61.8 40.4208
      vertex 27.9808 61.8 40.5948
    endloop
  endfacet
  facet normal 0.923829 0 -0.382805
    outer loop
      vertex 27.9087 61.8 40.4208
      vertex 27.9808 61 40.5948
      vertex 27.9087 61 40.4208
    endloop
  endfacet
  facet normal 0.97244 0 -0.233152
    outer loop
      vertex 27.9087 61 40.4208
      vertex 27.8648 61.8 40.2377
      vertex 27.9087 61.8 40.4208
    endloop
  endfacet
  facet normal 0.97244 0 -0.233152
    outer loop
      vertex 27.8648 61.8 40.2377
      vertex 27.9087 61 40.4208
      vertex 27.8648 61 40.2377
    endloop
  endfacet
  facet normal -0.97244 0 -0.233152
    outer loop
      vertex 30.2352 61 40.2377
      vertex 30.1913 61.8 40.4208
      vertex 30.2352 61.8 40.2377
    endloop
  endfacet
  facet normal -0.97244 -0 -0.233152
    outer loop
      vertex 30.1913 61.8 40.4208
      vertex 30.2352 61 40.2377
      vertex 30.1913 61 40.4208
    endloop
  endfacet
  facet normal -0.852533 0 -0.522674
    outer loop
      vertex 30.1192 61 40.5948
      vertex 30.0208 61.8 40.7553
      vertex 30.1192 61.8 40.5948
    endloop
  endfacet
  facet normal -0.852533 -0 -0.522674
    outer loop
      vertex 30.0208 61.8 40.7553
      vertex 30.1192 61 40.5948
      vertex 30.0208 61 40.7553
    endloop
  endfacet
  facet normal 0.233152 0 -0.97244
    outer loop
      vertex 28.6792 61 41.1913
      vertex 28.8623 61.8 41.2352
      vertex 28.8623 61 41.2352
    endloop
  endfacet
  facet normal 0.233152 0 -0.97244
    outer loop
      vertex 28.8623 61.8 41.2352
      vertex 28.6792 61 41.1913
      vertex 28.6792 61.8 41.1913
    endloop
  endfacet
  facet normal 0.852533 0 -0.522674
    outer loop
      vertex 28.0792 61 40.7553
      vertex 27.9808 61.8 40.5948
      vertex 28.0792 61.8 40.7553
    endloop
  endfacet
  facet normal 0.852533 0 -0.522674
    outer loop
      vertex 27.9808 61.8 40.5948
      vertex 28.0792 61 40.7553
      vertex 27.9808 61 40.5948
    endloop
  endfacet
  facet normal -0.996906 0 -0.0786053
    outer loop
      vertex 30.25 61 40.05
      vertex 30.2352 61.8 40.2377
      vertex 30.25 61.8 40.05
    endloop
  endfacet
  facet normal -0.996906 -0 -0.0786053
    outer loop
      vertex 30.2352 61.8 40.2377
      vertex 30.25 61 40.05
      vertex 30.2352 61 40.2377
    endloop
  endfacet
  facet normal -0.769409 0.635869 0.0606673
    outer loop
      vertex 30.25 61.8 40.05
      vertex 31.2416 63 40.0484
      vertex 30.2352 61.8 39.8623
    endloop
  endfacet
  facet normal -0.769944 0.636294 0.0481215
    outer loop
      vertex 31.2416 63 40.0484
      vertex 30.25 61.8 40.05
      vertex 31.2417 63 40.05
    endloop
  endfacet
  facet normal -0.586881 0.635896 -0.501205
    outer loop
      vertex 30.5998 63 41.5998
      vertex 30.8221 63 41.3395
      vertex 29.8985 61.8 40.8985
    endloop
  endfacet
  facet normal -0.769382 0.635902 -0.0606652
    outer loop
      vertex 30.2352 61.8 40.2377
      vertex 31.2149 63 40.3913
      vertex 30.25 61.8 40.05
    endloop
  endfacet
  facet normal -0.770699 0.635377 -0.0481687
    outer loop
      vertex 31.2149 63 40.3913
      vertex 30.2352 61.8 40.2377
      vertex 31.2148 63 40.3929
    endloop
  endfacet
  facet normal 0.747845 0.633212 -0.199425
    outer loop
      vertex 27.9087 61.8 40.4208
      vertex 26.8852 63 40.3929
      vertex 26.8856 63 40.3944
    endloop
  endfacet
  facet normal 0.750487 0.635919 -0.179936
    outer loop
      vertex 26.8852 63 40.3929
      vertex 27.9087 61.8 40.4208
      vertex 27.8648 61.8 40.2377
    endloop
  endfacet
  facet normal 0.199425 0.633212 0.747845
    outer loop
      vertex 28.6792 61.8 38.9087
      vertex 28.7071 63 37.8852
      vertex 28.7056 63 37.8856
    endloop
  endfacet
  facet normal 0.179936 0.635919 0.750487
    outer loop
      vertex 28.7071 63 37.8852
      vertex 28.6792 61.8 38.9087
      vertex 28.8623 61.8 38.8648
    endloop
  endfacet
  facet normal -0.658029 0.635886 0.403294
    outer loop
      vertex 31.0029 63 39.055
      vertex 30.824 63 38.7631
      vertex 30.1192 61.8 39.5052
    endloop
  endfacet
  facet normal -0.0604181 0.635869 -0.769429
    outer loop
      vertex 29.05 63 42.2417
      vertex 29.3913 63 42.2149
      vertex 29.05 61.8 41.25
    endloop
  endfacet
  facet normal 0.658114 0.635908 0.40312
    outer loop
      vertex 28.0792 61.8 39.3447
      vertex 27.2768 63 38.7617
      vertex 27.098 63 39.0536
    endloop
  endfacet
  facet normal -0.501205 0.635896 0.586881
    outer loop
      vertex 30.5998 63 38.5002
      vertex 30.3395 63 38.2779
      vertex 29.8985 61.8 39.2015
    endloop
  endfacet
  facet normal -0.750405 0.635903 0.180332
    outer loop
      vertex 31.2148 63 39.7071
      vertex 31.1348 63 39.3742
      vertex 30.2352 61.8 39.8623
    endloop
  endfacet
  facet normal -0.713044 0.63589 -0.295317
    outer loop
      vertex 31.0029 63 41.045
      vertex 31.1339 63 40.7287
      vertex 30.1192 61.8 40.5948
    endloop
  endfacet
  facet normal -0.769429 0.635869 -0.0604181
    outer loop
      vertex 31.2149 63 40.3913
      vertex 31.2417 63 40.05
      vertex 30.25 61.8 40.05
    endloop
  endfacet
  facet normal -0.658029 0.635886 -0.403294
    outer loop
      vertex 30.824 63 41.3369
      vertex 31.0029 63 41.045
      vertex 30.1192 61.8 40.5948
    endloop
  endfacet
  facet normal 0.501205 0.635896 -0.586881
    outer loop
      vertex 27.7605 63 41.8221
      vertex 28.2015 61.8 40.8985
      vertex 27.5002 63 41.5998
    endloop
  endfacet
  facet normal 0.750475 0.63588 0.180123
    outer loop
      vertex 27.9087 61.8 39.6792
      vertex 26.9655 63 39.3727
      vertex 26.8856 63 39.7056
    endloop
  endfacet
  facet normal 0.295448 0.635867 0.71301
    outer loop
      vertex 28.0564 63 38.0966
      vertex 28.5052 61.8 38.9808
      vertex 28.6792 61.8 38.9087
    endloop
  endfacet
  facet normal 0.260117 0.633939 0.728327
    outer loop
      vertex 28.5052 61.8 38.9808
      vertex 28.0564 63 38.0966
      vertex 28.055 63 38.0971
    endloop
  endfacet
  facet normal 0.40312 0.635908 0.658114
    outer loop
      vertex 28.3447 61.8 39.0792
      vertex 28.0536 63 38.098
      vertex 27.7617 63 38.2768
    endloop
  endfacet
  facet normal 0.712974 0.635877 0.295514
    outer loop
      vertex 27.9087 61.8 39.6792
      vertex 27.0966 63 39.0564
      vertex 26.9655 63 39.3727
    endloop
  endfacet
  facet normal -0.0481687 0.635377 0.770699
    outer loop
      vertex 29.3913 63 37.8851
      vertex 29.2377 61.8 38.8648
      vertex 29.3929 63 37.8852
    endloop
  endfacet
  facet normal -0.0606652 0.635902 0.769382
    outer loop
      vertex 29.2377 61.8 38.8648
      vertex 29.3913 63 37.8851
      vertex 29.05 61.8 38.85
    endloop
  endfacet
  facet normal -0.180123 0.63588 0.750475
    outer loop
      vertex 29.4208 61.8 38.9087
      vertex 29.7273 63 37.9655
      vertex 29.3944 63 37.8856
    endloop
  endfacet
  facet normal -0.501218 0.635894 0.586872
    outer loop
      vertex 30.3395 63 38.2779
      vertex 29.7553 61.8 39.0792
      vertex 29.8985 61.8 39.2015
    endloop
  endfacet
  facet normal -0.522209 0.634634 0.569682
    outer loop
      vertex 29.7553 61.8 39.0792
      vertex 30.3395 63 38.2779
      vertex 30.3383 63 38.2768
    endloop
  endfacet
  facet normal -0.569682 0.634634 0.522209
    outer loop
      vertex 30.8221 63 38.7605
      vertex 30.0208 61.8 39.3447
      vertex 30.8232 63 38.7617
    endloop
  endfacet
  facet normal -0.586872 0.635894 0.501218
    outer loop
      vertex 30.0208 61.8 39.3447
      vertex 30.8221 63 38.7605
      vertex 29.8985 61.8 39.2015
    endloop
  endfacet
  facet normal -0.586881 0.635896 0.501205
    outer loop
      vertex 30.8221 63 38.7605
      vertex 30.5998 63 38.5002
      vertex 29.8985 61.8 39.2015
    endloop
  endfacet
  facet normal -0.713044 0.63589 0.295317
    outer loop
      vertex 31.1339 63 39.3713
      vertex 31.0029 63 39.055
      vertex 30.1192 61.8 39.5052
    endloop
  endfacet
  facet normal -0.769402 0.635902 0.0604159
    outer loop
      vertex 31.2416 63 40.0484
      vertex 31.2148 63 39.7071
      vertex 30.2352 61.8 39.8623
    endloop
  endfacet
  facet normal -0.750405 0.635903 -0.180332
    outer loop
      vertex 31.1348 63 40.7258
      vertex 31.2148 63 40.3929
      vertex 30.2352 61.8 40.2377
    endloop
  endfacet
  facet normal -0.657959 0.635901 -0.403384
    outer loop
      vertex 30.0208 61.8 40.7553
      vertex 30.824 63 41.3369
      vertex 30.1192 61.8 40.5948
    endloop
  endfacet
  facet normal -0.670856 0.634821 -0.383346
    outer loop
      vertex 30.824 63 41.3369
      vertex 30.0208 61.8 40.7553
      vertex 30.8232 63 41.3383
    endloop
  endfacet
  facet normal -0.569682 0.634634 -0.522209
    outer loop
      vertex 30.0208 61.8 40.7553
      vertex 30.8221 63 41.3395
      vertex 30.8232 63 41.3383
    endloop
  endfacet
  facet normal -0.586872 0.635894 -0.501218
    outer loop
      vertex 30.8221 63 41.3395
      vertex 30.0208 61.8 40.7553
      vertex 29.8985 61.8 40.8985
    endloop
  endfacet
  facet normal -0.403141 0.635861 -0.658148
    outer loop
      vertex 30.045 63 42.0028
      vertex 30.3369 63 41.824
      vertex 29.5948 61.8 41.1192
    endloop
  endfacet
  facet normal -0.180332 0.635903 -0.750405
    outer loop
      vertex 29.3929 63 42.2148
      vertex 29.7258 63 42.1348
      vertex 29.2377 61.8 41.2352
    endloop
  endfacet
  facet normal -0.522209 0.634634 -0.569682
    outer loop
      vertex 30.3395 63 41.8221
      vertex 29.7553 61.8 41.0208
      vertex 30.3383 63 41.8232
    endloop
  endfacet
  facet normal -0.501218 0.635894 -0.586872
    outer loop
      vertex 29.7553 61.8 41.0208
      vertex 30.3395 63 41.8221
      vertex 29.8985 61.8 40.8985
    endloop
  endfacet
  facet normal -0.501205 0.635896 -0.586881
    outer loop
      vertex 30.3395 63 41.8221
      vertex 30.5998 63 41.5998
      vertex 29.8985 61.8 40.8985
    endloop
  endfacet
  facet normal 0.586881 0.635896 -0.501205
    outer loop
      vertex 27.5002 63 41.5998
      vertex 28.2015 61.8 40.8985
      vertex 27.2779 63 41.3395
    endloop
  endfacet
  facet normal 0.403384 0.635901 -0.657959
    outer loop
      vertex 28.3447 61.8 41.0208
      vertex 27.7631 63 41.824
      vertex 28.5052 61.8 41.1192
    endloop
  endfacet
  facet normal 0.383346 0.634821 -0.670856
    outer loop
      vertex 27.7631 63 41.824
      vertex 28.3447 61.8 41.0208
      vertex 27.7617 63 41.8232
    endloop
  endfacet
  facet normal 0.71301 0.635867 0.295448
    outer loop
      vertex 27.9808 61.8 39.5052
      vertex 27.0966 63 39.0564
      vertex 27.9087 61.8 39.6792
    endloop
  endfacet
  facet normal 0.728327 0.633939 0.260117
    outer loop
      vertex 27.0966 63 39.0564
      vertex 27.9808 61.8 39.5052
      vertex 27.0971 63 39.055
    endloop
  endfacet
  facet normal 0.770699 0.635377 -0.0481687
    outer loop
      vertex 27.8648 61.8 40.2377
      vertex 26.8851 63 40.3913
      vertex 26.8852 63 40.3929
    endloop
  endfacet
  facet normal 0.769382 0.635902 -0.0606652
    outer loop
      vertex 26.8851 63 40.3913
      vertex 27.8648 61.8 40.2377
      vertex 27.85 61.8 40.05
    endloop
  endfacet
  facet normal 0.769429 0.635869 -0.0604181
    outer loop
      vertex 26.8851 63 40.3913
      vertex 27.85 61.8 40.05
      vertex 26.8583 63 40.05
    endloop
  endfacet
  facet normal 0.501328 0.63591 0.586761
    outer loop
      vertex 28.3447 61.8 39.0792
      vertex 27.7617 63 38.2768
      vertex 27.5014 63 38.4992
    endloop
  endfacet
  facet normal 0.403393 0.635882 0.657973
    outer loop
      vertex 28.055 63 38.0971
      vertex 28.3447 61.8 39.0792
      vertex 28.5052 61.8 38.9808
    endloop
  endfacet
  facet normal 0.418359 0.633609 0.650781
    outer loop
      vertex 28.3447 61.8 39.0792
      vertex 28.055 63 38.0971
      vertex 28.0536 63 38.098
    endloop
  endfacet
  facet normal -0.0604181 0.635869 0.769429
    outer loop
      vertex 29.3913 63 37.8851
      vertex 29.05 63 37.8583
      vertex 29.05 61.8 38.85
    endloop
  endfacet
  facet normal 0.0604181 0.635869 0.769429
    outer loop
      vertex 29.05 61.8 38.85
      vertex 29.05 63 37.8583
      vertex 28.7087 63 37.8851
    endloop
  endfacet
  facet normal -0.40312 0.635908 0.658114
    outer loop
      vertex 30.3383 63 38.2768
      vertex 30.0464 63 38.098
      vertex 29.7553 61.8 39.0792
    endloop
  endfacet
  facet normal -0.199425 0.633212 0.747845
    outer loop
      vertex 29.3929 63 37.8852
      vertex 29.4208 61.8 38.9087
      vertex 29.3944 63 37.8856
    endloop
  endfacet
  facet normal -0.179936 0.635919 0.750487
    outer loop
      vertex 29.4208 61.8 38.9087
      vertex 29.3929 63 37.8852
      vertex 29.2377 61.8 38.8648
    endloop
  endfacet
  facet normal -0.670856 0.634821 0.383346
    outer loop
      vertex 30.0208 61.8 39.3447
      vertex 30.824 63 38.7631
      vertex 30.8232 63 38.7617
    endloop
  endfacet
  facet normal -0.657959 0.635901 0.403384
    outer loop
      vertex 30.824 63 38.7631
      vertex 30.0208 61.8 39.3447
      vertex 30.1192 61.8 39.5052
    endloop
  endfacet
  facet normal -0.710338 0.634619 0.304431
    outer loop
      vertex 30.1192 61.8 39.5052
      vertex 31.1345 63 39.3727
      vertex 31.1339 63 39.3713
    endloop
  endfacet
  facet normal -0.713 0.63588 0.295444
    outer loop
      vertex 31.1345 63 39.3727
      vertex 30.1192 61.8 39.5052
      vertex 30.1913 61.8 39.6792
    endloop
  endfacet
  facet normal -0.757944 0.634462 0.151589
    outer loop
      vertex 30.1913 61.8 39.6792
      vertex 31.1348 63 39.3742
      vertex 31.1345 63 39.3727
    endloop
  endfacet
  facet normal -0.750541 0.63585 0.17995
    outer loop
      vertex 31.1348 63 39.3742
      vertex 30.1913 61.8 39.6792
      vertex 30.2352 61.8 39.8623
    endloop
  endfacet
  facet normal -0.750541 0.63585 -0.17995
    outer loop
      vertex 30.1913 61.8 40.4208
      vertex 31.1348 63 40.7258
      vertex 30.2352 61.8 40.2377
    endloop
  endfacet
  facet normal -0.757944 0.634462 -0.151589
    outer loop
      vertex 31.1348 63 40.7258
      vertex 30.1913 61.8 40.4208
      vertex 31.1345 63 40.7273
    endloop
  endfacet
  facet normal -0.713 0.63588 -0.295444
    outer loop
      vertex 30.1192 61.8 40.5948
      vertex 31.1345 63 40.7273
      vertex 30.1913 61.8 40.4208
    endloop
  endfacet
  facet normal -0.710338 0.634619 -0.304431
    outer loop
      vertex 31.1345 63 40.7273
      vertex 30.1192 61.8 40.5948
      vertex 31.1339 63 40.7287
    endloop
  endfacet
  facet normal -0.0481687 0.635377 -0.770699
    outer loop
      vertex 29.2377 61.8 41.2352
      vertex 29.3913 63 42.2149
      vertex 29.3929 63 42.2148
    endloop
  endfacet
  facet normal -0.0606652 0.635902 -0.769382
    outer loop
      vertex 29.3913 63 42.2149
      vertex 29.2377 61.8 41.2352
      vertex 29.05 61.8 41.25
    endloop
  endfacet
  facet normal -0.295518 0.635863 -0.712985
    outer loop
      vertex 29.7287 63 42.1339
      vertex 30.045 63 42.0028
      vertex 29.5948 61.8 41.1192
    endloop
  endfacet
  facet normal -0.151589 0.634462 -0.757944
    outer loop
      vertex 29.4208 61.8 41.1913
      vertex 29.7258 63 42.1348
      vertex 29.7273 63 42.1345
    endloop
  endfacet
  facet normal -0.17995 0.63585 -0.750541
    outer loop
      vertex 29.7258 63 42.1348
      vertex 29.4208 61.8 41.1913
      vertex 29.2377 61.8 41.2352
    endloop
  endfacet
  facet normal -0.383346 0.634821 -0.670856
    outer loop
      vertex 29.7553 61.8 41.0208
      vertex 30.3369 63 41.824
      vertex 30.3383 63 41.8232
    endloop
  endfacet
  facet normal -0.403384 0.635901 -0.657959
    outer loop
      vertex 30.3369 63 41.824
      vertex 29.7553 61.8 41.0208
      vertex 29.5948 61.8 41.1192
    endloop
  endfacet
  facet normal 0.712974 0.635877 -0.295514
    outer loop
      vertex 27.0966 63 41.0436
      vertex 27.9087 61.8 40.4208
      vertex 26.9655 63 40.7273
    endloop
  endfacet
  facet normal 0.750475 0.63588 -0.180123
    outer loop
      vertex 26.9655 63 40.7273
      vertex 27.9087 61.8 40.4208
      vertex 26.8856 63 40.3944
    endloop
  endfacet
  facet normal 0.295444 0.63588 -0.713
    outer loop
      vertex 28.5052 61.8 41.1192
      vertex 28.3727 63 42.1345
      vertex 28.6792 61.8 41.1913
    endloop
  endfacet
  facet normal 0.304431 0.634619 -0.710338
    outer loop
      vertex 28.3727 63 42.1345
      vertex 28.5052 61.8 41.1192
      vertex 28.3713 63 42.1339
    endloop
  endfacet
  facet normal 0.0481215 0.636294 -0.769944
    outer loop
      vertex 29.05 61.8 41.25
      vertex 29.0484 63 42.2416
      vertex 29.05 63 42.2417
    endloop
  endfacet
  facet normal 0.0606673 0.635869 -0.769409
    outer loop
      vertex 29.0484 63 42.2416
      vertex 29.05 61.8 41.25
      vertex 28.8623 61.8 41.2352
    endloop
  endfacet
  facet normal 0.522209 0.634634 -0.569682
    outer loop
      vertex 28.3447 61.8 41.0208
      vertex 27.7605 63 41.8221
      vertex 27.7617 63 41.8232
    endloop
  endfacet
  facet normal 0.501218 0.635894 -0.586872
    outer loop
      vertex 27.7605 63 41.8221
      vertex 28.3447 61.8 41.0208
      vertex 28.2015 61.8 40.8985
    endloop
  endfacet
  facet normal 0.658114 0.635908 -0.40312
    outer loop
      vertex 27.2768 63 41.3383
      vertex 28.0792 61.8 40.7553
      vertex 27.098 63 41.0464
    endloop
  endfacet
  facet normal 0.586872 0.635894 -0.501218
    outer loop
      vertex 28.0792 61.8 40.7553
      vertex 27.2779 63 41.3395
      vertex 28.2015 61.8 40.8985
    endloop
  endfacet
  facet normal 0.569682 0.634634 -0.522209
    outer loop
      vertex 27.2779 63 41.3395
      vertex 28.0792 61.8 40.7553
      vertex 27.2768 63 41.3383
    endloop
  endfacet
  facet normal 0.769429 0.635869 0.0604181
    outer loop
      vertex 27.85 61.8 40.05
      vertex 26.8851 63 39.7087
      vertex 26.8583 63 40.05
    endloop
  endfacet
  facet normal 0.657973 0.635882 0.403393
    outer loop
      vertex 28.0792 61.8 39.3447
      vertex 27.0971 63 39.055
      vertex 27.9808 61.8 39.5052
    endloop
  endfacet
  facet normal 0.650781 0.633609 0.418359
    outer loop
      vertex 27.0971 63 39.055
      vertex 28.0792 61.8 39.3447
      vertex 27.098 63 39.0536
    endloop
  endfacet
  facet normal 0.0606652 0.635902 0.769382
    outer loop
      vertex 28.7087 63 37.8851
      vertex 28.8623 61.8 38.8648
      vertex 29.05 61.8 38.85
    endloop
  endfacet
  facet normal 0.0481687 0.635377 0.770699
    outer loop
      vertex 28.8623 61.8 38.8648
      vertex 28.7087 63 37.8851
      vertex 28.7071 63 37.8852
    endloop
  endfacet
  facet normal 0.295514 0.635877 0.712974
    outer loop
      vertex 28.6792 61.8 38.9087
      vertex 28.3727 63 37.9655
      vertex 28.0564 63 38.0966
    endloop
  endfacet
  facet normal 0.586761 0.63591 0.501328
    outer loop
      vertex 28.0792 61.8 39.3447
      vertex 27.4992 63 38.5014
      vertex 27.2768 63 38.7617
    endloop
  endfacet
  facet normal -0.295514 0.635877 0.712974
    outer loop
      vertex 30.0436 63 38.0966
      vertex 29.7273 63 37.9655
      vertex 29.4208 61.8 38.9087
    endloop
  endfacet
  facet normal -0.304431 0.634619 -0.710338
    outer loop
      vertex 29.5948 61.8 41.1192
      vertex 29.7273 63 42.1345
      vertex 29.7287 63 42.1339
    endloop
  endfacet
  facet normal -0.295444 0.63588 -0.713
    outer loop
      vertex 29.7273 63 42.1345
      vertex 29.5948 61.8 41.1192
      vertex 29.4208 61.8 41.1913
    endloop
  endfacet
  facet normal 0.650781 0.633609 -0.418359
    outer loop
      vertex 28.0792 61.8 40.7553
      vertex 27.0971 63 41.045
      vertex 27.098 63 41.0464
    endloop
  endfacet
  facet normal 0.657973 0.635882 -0.403393
    outer loop
      vertex 27.0971 63 41.045
      vertex 28.0792 61.8 40.7553
      vertex 27.9808 61.8 40.5948
    endloop
  endfacet
  facet normal 0.728327 0.633939 -0.260117
    outer loop
      vertex 27.9808 61.8 40.5948
      vertex 27.0966 63 41.0436
      vertex 27.0971 63 41.045
    endloop
  endfacet
  facet normal 0.71301 0.635867 -0.295448
    outer loop
      vertex 27.0966 63 41.0436
      vertex 27.9808 61.8 40.5948
      vertex 27.9087 61.8 40.4208
    endloop
  endfacet
  facet normal 0.295518 0.635863 -0.712985
    outer loop
      vertex 28.3713 63 42.1339
      vertex 28.5052 61.8 41.1192
      vertex 28.055 63 42.0028
    endloop
  endfacet
  facet normal 0.403141 0.635861 -0.658148
    outer loop
      vertex 28.055 63 42.0028
      vertex 28.5052 61.8 41.1192
      vertex 27.7631 63 41.824
    endloop
  endfacet
  facet normal 0.769382 0.635902 0.0606652
    outer loop
      vertex 27.8648 61.8 39.8623
      vertex 26.8851 63 39.7087
      vertex 27.85 61.8 40.05
    endloop
  endfacet
  facet normal 0.770699 0.635377 0.0481687
    outer loop
      vertex 26.8851 63 39.7087
      vertex 27.8648 61.8 39.8623
      vertex 26.8852 63 39.7071
    endloop
  endfacet
  facet normal 0.750487 0.635919 0.179936
    outer loop
      vertex 27.9087 61.8 39.6792
      vertex 26.8852 63 39.7071
      vertex 27.8648 61.8 39.8623
    endloop
  endfacet
  facet normal 0.747845 0.633212 0.199425
    outer loop
      vertex 26.8852 63 39.7071
      vertex 27.9087 61.8 39.6792
      vertex 26.8856 63 39.7056
    endloop
  endfacet
  facet normal 0.180123 0.63588 0.750475
    outer loop
      vertex 28.6792 61.8 38.9087
      vertex 28.7056 63 37.8856
      vertex 28.3727 63 37.9655
    endloop
  endfacet
  facet normal 0.586875 0.635889 0.501221
    outer loop
      vertex 28.2015 61.8 39.2015
      vertex 27.4992 63 38.5014
      vertex 28.0792 61.8 39.3447
    endloop
  endfacet
  facet normal 0.593139 0.635508 0.494283
    outer loop
      vertex 27.4992 63 38.5014
      vertex 28.2015 61.8 39.2015
      vertex 27.5002 63 38.5002
    endloop
  endfacet
  facet normal 0.501221 0.635889 0.586875
    outer loop
      vertex 27.5014 63 38.4992
      vertex 28.2015 61.8 39.2015
      vertex 28.3447 61.8 39.0792
    endloop
  endfacet
  facet normal 0.494283 0.635508 0.593139
    outer loop
      vertex 28.2015 61.8 39.2015
      vertex 27.5014 63 38.4992
      vertex 27.5002 63 38.5002
    endloop
  endfacet
  facet normal -0.260117 0.633939 0.728327
    outer loop
      vertex 30.0436 63 38.0966
      vertex 29.5948 61.8 38.9808
      vertex 30.045 63 38.0971
    endloop
  endfacet
  facet normal -0.295448 0.635867 0.71301
    outer loop
      vertex 29.5948 61.8 38.9808
      vertex 30.0436 63 38.0966
      vertex 29.4208 61.8 38.9087
    endloop
  endfacet
  facet normal -0.418359 0.633609 0.650781
    outer loop
      vertex 30.045 63 38.0971
      vertex 29.7553 61.8 39.0792
      vertex 30.0464 63 38.098
    endloop
  endfacet
  facet normal -0.403393 0.635882 0.657973
    outer loop
      vertex 29.7553 61.8 39.0792
      vertex 30.045 63 38.0971
      vertex 29.5948 61.8 38.9808
    endloop
  endfacet
  facet normal 0.0604159 0.635902 -0.769402
    outer loop
      vertex 29.0484 63 42.2416
      vertex 28.8623 61.8 41.2352
      vertex 28.7071 63 42.2148
    endloop
  endfacet
  facet normal 0.180332 0.635903 -0.750405
    outer loop
      vertex 28.7071 63 42.2148
      vertex 28.8623 61.8 41.2352
      vertex 28.3742 63 42.1348
    endloop
  endfacet
  facet normal 0.17995 0.63585 -0.750541
    outer loop
      vertex 28.6792 61.8 41.1913
      vertex 28.3742 63 42.1348
      vertex 28.8623 61.8 41.2352
    endloop
  endfacet
  facet normal 0.151589 0.634462 -0.757944
    outer loop
      vertex 28.3742 63 42.1348
      vertex 28.6792 61.8 41.1913
      vertex 28.3727 63 42.1345
    endloop
  endfacet
  facet normal -0.23348 0 0.972362
    outer loop
      vertex 29.5428 61 36.9388
      vertex 30.0234 59 37.0542
      vertex 30.0234 61 37.0542
    endloop
  endfacet
  facet normal -0.23348 0 0.972362
    outer loop
      vertex 30.0234 59 37.0542
      vertex 29.5428 61 36.9388
      vertex 29.5428 59 36.9388
    endloop
  endfacet
  facet normal -0.522626 0 0.852562
    outer loop
      vertex 30.4801 61 37.2433
      vertex 30.7 59 37.3781
      vertex 30.7 61 37.3781
    endloop
  endfacet
  facet normal -0.522626 0 0.852562
    outer loop
      vertex 30.7 59 37.3781
      vertex 30.4801 61 37.2433
      vertex 30.4801 59 37.2433
    endloop
  endfacet
  facet normal 0.99686 0 -0.0791898
    outer loop
      vertex 25.9388 59 40.5428
      vertex 25.9354 61 40.5
      vertex 25.9388 61 40.5428
    endloop
  endfacet
  facet normal 0.99686 0 -0.0791898
    outer loop
      vertex 25.9354 61 40.5
      vertex 25.9388 59 40.5428
      vertex 25.9354 59 40.5
    endloop
  endfacet
  facet normal -0.0791898 0 0.99686
    outer loop
      vertex 29.5 61 36.9354
      vertex 29.5428 59 36.9388
      vertex 29.5428 61 36.9388
    endloop
  endfacet
  facet normal -0.0791898 0 0.99686
    outer loop
      vertex 29.5428 59 36.9388
      vertex 29.5 61 36.9354
      vertex 29.5 59 36.9354
    endloop
  endfacet
  facet normal -0.38256 0 0.923931
    outer loop
      vertex 30.0234 61 37.0542
      vertex 30.4801 59 37.2433
      vertex 30.4801 61 37.2433
    endloop
  endfacet
  facet normal -0.38256 0 0.923931
    outer loop
      vertex 30.4801 59 37.2433
      vertex 30.0234 61 37.0542
      vertex 30.0234 59 37.0542
    endloop
  endfacet
  facet normal 0.972362 0 -0.23348
    outer loop
      vertex 26.0542 59 41.0234
      vertex 25.9388 61 40.5428
      vertex 26.0542 61 41.0234
    endloop
  endfacet
  facet normal 0.972362 0 -0.23348
    outer loop
      vertex 25.9388 61 40.5428
      vertex 26.0542 59 41.0234
      vertex 25.9388 59 40.5428
    endloop
  endfacet
  facet normal 0.923931 0 -0.38256
    outer loop
      vertex 26.2433 59 41.4801
      vertex 26.0542 61 41.0234
      vertex 26.2433 61 41.4801
    endloop
  endfacet
  facet normal 0.923931 0 -0.38256
    outer loop
      vertex 26.0542 61 41.0234
      vertex 26.2433 59 41.4801
      vertex 26.0542 59 41.0234
    endloop
  endfacet
  facet normal 0.852562 0 -0.522626
    outer loop
      vertex 26.3781 59 41.7
      vertex 26.2433 61 41.4801
      vertex 26.3781 61 41.7
    endloop
  endfacet
  facet normal 0.852562 0 -0.522626
    outer loop
      vertex 26.2433 61 41.4801
      vertex 26.3781 59 41.7
      vertex 26.2433 59 41.4801
    endloop
  endfacet
  facet normal -0.522636 0 0.852556
    outer loop
      vertex 29.5948 61.8 2.88079
      vertex 29.7553 61 2.97918
      vertex 29.7553 61.8 2.97918
    endloop
  endfacet
  facet normal -0.522636 0 0.852556
    outer loop
      vertex 29.7553 61 2.97918
      vertex 29.5948 61.8 2.88079
      vertex 29.5948 61 2.88079
    endloop
  endfacet
  facet normal 0.97244 -0 0.233152
    outer loop
      vertex 27.8648 61 3.76228
      vertex 27.9087 61.8 3.57918
      vertex 27.8648 61.8 3.76228
    endloop
  endfacet
  facet normal 0.97244 0 0.233152
    outer loop
      vertex 27.9087 61.8 3.57918
      vertex 27.8648 61 3.76228
      vertex 27.9087 61 3.57918
    endloop
  endfacet
  facet normal 0.233453 0 -0.972368
    outer loop
      vertex 28.6792 61 5.09127
      vertex 28.8623 61.8 5.13523
      vertex 28.8623 61 5.13523
    endloop
  endfacet
  facet normal 0.233453 0 -0.972368
    outer loop
      vertex 28.8623 61.8 5.13523
      vertex 28.6792 61 5.09127
      vertex 28.6792 61.8 5.09127
    endloop
  endfacet
  facet normal 0.382624 0 0.923904
    outer loop
      vertex 28.5052 61.8 2.88079
      vertex 28.6792 61 2.80873
      vertex 28.6792 61.8 2.80873
    endloop
  endfacet
  facet normal 0.382624 0 0.923904
    outer loop
      vertex 28.6792 61 2.80873
      vertex 28.5052 61.8 2.88079
      vertex 28.5052 61 2.88079
    endloop
  endfacet
  facet normal 0.923806 -0 0.382861
    outer loop
      vertex 27.9087 61 3.57918
      vertex 27.9808 61.8 3.40521
      vertex 27.9087 61.8 3.57918
    endloop
  endfacet
  facet normal 0.923806 0 0.382861
    outer loop
      vertex 27.9808 61.8 3.40521
      vertex 27.9087 61 3.57918
      vertex 27.9808 61 3.40521
    endloop
  endfacet
  facet normal -0.649404 0 -0.760444
    outer loop
      vertex 29.7553 61 4.92082
      vertex 29.8985 61.8 4.79853
      vertex 29.8985 61 4.79853
    endloop
  endfacet
  facet normal -0.649404 0 -0.760444
    outer loop
      vertex 29.8985 61.8 4.79853
      vertex 29.7553 61 4.92082
      vertex 29.7553 61.8 4.92082
    endloop
  endfacet
  facet normal 0.923806 0 -0.382861
    outer loop
      vertex 27.9808 61 4.49479
      vertex 27.9087 61.8 4.32082
      vertex 27.9808 61.8 4.49479
    endloop
  endfacet
  facet normal 0.923806 0 -0.382861
    outer loop
      vertex 27.9087 61.8 4.32082
      vertex 27.9808 61 4.49479
      vertex 27.9087 61 4.32082
    endloop
  endfacet
  facet normal -0.97244 0 0.233152
    outer loop
      vertex 30.1913 61 3.57918
      vertex 30.2352 61.8 3.76228
      vertex 30.1913 61.8 3.57918
    endloop
  endfacet
  facet normal -0.97244 0 0.233152
    outer loop
      vertex 30.2352 61.8 3.76228
      vertex 30.1913 61 3.57918
      vertex 30.2352 61 3.76228
    endloop
  endfacet
  facet normal -0.923806 0 0.382861
    outer loop
      vertex 30.1192 61 3.40521
      vertex 30.1913 61.8 3.57918
      vertex 30.1192 61.8 3.40521
    endloop
  endfacet
  facet normal -0.923806 0 0.382861
    outer loop
      vertex 30.1913 61.8 3.57918
      vertex 30.1192 61 3.40521
      vertex 30.1913 61 3.57918
    endloop
  endfacet
  facet normal -0.649404 0 0.760444
    outer loop
      vertex 29.7553 61.8 2.97918
      vertex 29.8985 61 3.10147
      vertex 29.8985 61.8 3.10147
    endloop
  endfacet
  facet normal -0.649404 0 0.760444
    outer loop
      vertex 29.8985 61 3.10147
      vertex 29.7553 61.8 2.97918
      vertex 29.7553 61 2.97918
    endloop
  endfacet
  facet normal -0.382624 0 0.923904
    outer loop
      vertex 29.4208 61.8 2.80873
      vertex 29.5948 61 2.88079
      vertex 29.5948 61.8 2.88079
    endloop
  endfacet
  facet normal -0.382624 0 0.923904
    outer loop
      vertex 29.5948 61 2.88079
      vertex 29.4208 61.8 2.80873
      vertex 29.4208 61 2.80873
    endloop
  endfacet
  facet normal 0.0784469 0 0.996918
    outer loop
      vertex 28.8623 61.8 2.76477
      vertex 29.05 61 2.75
      vertex 29.05 61.8 2.75
    endloop
  endfacet
  facet normal 0.0784469 0 0.996918
    outer loop
      vertex 29.05 61 2.75
      vertex 28.8623 61.8 2.76477
      vertex 28.8623 61 2.76477
    endloop
  endfacet
  facet normal -0.0784469 0 0.996918
    outer loop
      vertex 29.05 61.8 2.75
      vertex 29.2377 61 2.76477
      vertex 29.2377 61.8 2.76477
    endloop
  endfacet
  facet normal -0.0784469 0 0.996918
    outer loop
      vertex 29.2377 61 2.76477
      vertex 29.05 61.8 2.75
      vertex 29.05 61 2.75
    endloop
  endfacet
  facet normal 0.996906 -0 0.0785969
    outer loop
      vertex 27.85 61 3.95
      vertex 27.8648 61.8 3.76228
      vertex 27.85 61.8 3.95
    endloop
  endfacet
  facet normal 0.996906 0 0.0785969
    outer loop
      vertex 27.8648 61.8 3.76228
      vertex 27.85 61 3.95
      vertex 27.8648 61 3.76228
    endloop
  endfacet
  facet normal 0.760395 -0 0.649461
    outer loop
      vertex 28.0792 61 3.24466
      vertex 28.2015 61.8 3.10147
      vertex 28.0792 61.8 3.24466
    endloop
  endfacet
  facet normal 0.760395 0 0.649461
    outer loop
      vertex 28.2015 61.8 3.10147
      vertex 28.0792 61 3.24466
      vertex 28.2015 61 3.10147
    endloop
  endfacet
  facet normal 0.522636 0 0.852556
    outer loop
      vertex 28.3447 61.8 2.97918
      vertex 28.5052 61 2.88079
      vertex 28.5052 61.8 2.88079
    endloop
  endfacet
  facet normal 0.522636 0 0.852556
    outer loop
      vertex 28.5052 61 2.88079
      vertex 28.3447 61.8 2.97918
      vertex 28.3447 61 2.97918
    endloop
  endfacet
  facet normal 0.233453 0 0.972368
    outer loop
      vertex 28.6792 61.8 2.80873
      vertex 28.8623 61 2.76477
      vertex 28.8623 61.8 2.76477
    endloop
  endfacet
  facet normal 0.233453 0 0.972368
    outer loop
      vertex 28.8623 61 2.76477
      vertex 28.6792 61.8 2.80873
      vertex 28.6792 61 2.80873
    endloop
  endfacet
  facet normal 0.649404 0 0.760444
    outer loop
      vertex 28.2015 61.8 3.10147
      vertex 28.3447 61 2.97918
      vertex 28.3447 61.8 2.97918
    endloop
  endfacet
  facet normal 0.649404 0 0.760444
    outer loop
      vertex 28.3447 61 2.97918
      vertex 28.2015 61.8 3.10147
      vertex 28.2015 61 3.10147
    endloop
  endfacet
  facet normal -0.996906 0 0.0785969
    outer loop
      vertex 30.2352 61 3.76228
      vertex 30.25 61.8 3.95
      vertex 30.2352 61.8 3.76228
    endloop
  endfacet
  facet normal -0.996906 0 0.0785969
    outer loop
      vertex 30.25 61.8 3.95
      vertex 30.2352 61 3.76228
      vertex 30.25 61 3.95
    endloop
  endfacet
  facet normal -0.0784469 0 -0.996918
    outer loop
      vertex 29.05 61 5.15
      vertex 29.2377 61.8 5.13523
      vertex 29.2377 61 5.13523
    endloop
  endfacet
  facet normal -0.0784469 0 -0.996918
    outer loop
      vertex 29.2377 61.8 5.13523
      vertex 29.05 61 5.15
      vertex 29.05 61.8 5.15
    endloop
  endfacet
  facet normal -0.760395 0 -0.649461
    outer loop
      vertex 30.0208 61 4.65534
      vertex 29.8985 61.8 4.79853
      vertex 30.0208 61.8 4.65534
    endloop
  endfacet
  facet normal -0.760395 -0 -0.649461
    outer loop
      vertex 29.8985 61.8 4.79853
      vertex 30.0208 61 4.65534
      vertex 29.8985 61 4.79853
    endloop
  endfacet
  facet normal -0.233453 0 -0.972368
    outer loop
      vertex 29.2377 61 5.13523
      vertex 29.4208 61.8 5.09127
      vertex 29.4208 61 5.09127
    endloop
  endfacet
  facet normal -0.233453 0 -0.972368
    outer loop
      vertex 29.4208 61.8 5.09127
      vertex 29.2377 61 5.13523
      vertex 29.2377 61.8 5.13523
    endloop
  endfacet
  facet normal 0.0784469 0 -0.996918
    outer loop
      vertex 28.8623 61 5.13523
      vertex 29.05 61.8 5.15
      vertex 29.05 61 5.15
    endloop
  endfacet
  facet normal 0.0784469 0 -0.996918
    outer loop
      vertex 29.05 61.8 5.15
      vertex 28.8623 61 5.13523
      vertex 28.8623 61.8 5.13523
    endloop
  endfacet
  facet normal 0.522636 0 -0.852556
    outer loop
      vertex 28.3447 61 4.92082
      vertex 28.5052 61.8 5.01921
      vertex 28.5052 61 5.01921
    endloop
  endfacet
  facet normal 0.522636 0 -0.852556
    outer loop
      vertex 28.5052 61.8 5.01921
      vertex 28.3447 61 4.92082
      vertex 28.3447 61.8 4.92082
    endloop
  endfacet
  facet normal 0.649404 0 -0.760444
    outer loop
      vertex 28.2015 61 4.79853
      vertex 28.3447 61.8 4.92082
      vertex 28.3447 61 4.92082
    endloop
  endfacet
  facet normal 0.649404 0 -0.760444
    outer loop
      vertex 28.3447 61.8 4.92082
      vertex 28.2015 61 4.79853
      vertex 28.2015 61.8 4.79853
    endloop
  endfacet
  facet normal 0.996906 0 -0.0785969
    outer loop
      vertex 27.8648 61 4.13772
      vertex 27.85 61.8 3.95
      vertex 27.8648 61.8 4.13772
    endloop
  endfacet
  facet normal 0.996906 0 -0.0785969
    outer loop
      vertex 27.85 61.8 3.95
      vertex 27.8648 61 4.13772
      vertex 27.85 61 3.95
    endloop
  endfacet
  facet normal -0.852605 0 0.522556
    outer loop
      vertex 30.0208 61 3.24466
      vertex 30.1192 61.8 3.40521
      vertex 30.0208 61.8 3.24466
    endloop
  endfacet
  facet normal -0.852605 0 0.522556
    outer loop
      vertex 30.1192 61.8 3.40521
      vertex 30.0208 61 3.24466
      vertex 30.1192 61 3.40521
    endloop
  endfacet
  facet normal -0.760395 0 0.649461
    outer loop
      vertex 29.8985 61 3.10147
      vertex 30.0208 61.8 3.24466
      vertex 29.8985 61.8 3.10147
    endloop
  endfacet
  facet normal -0.760395 0 0.649461
    outer loop
      vertex 30.0208 61.8 3.24466
      vertex 29.8985 61 3.10147
      vertex 30.0208 61 3.24466
    endloop
  endfacet
  facet normal -0.233453 0 0.972368
    outer loop
      vertex 29.2377 61.8 2.76477
      vertex 29.4208 61 2.80873
      vertex 29.4208 61.8 2.80873
    endloop
  endfacet
  facet normal -0.233453 0 0.972368
    outer loop
      vertex 29.4208 61 2.80873
      vertex 29.2377 61.8 2.76477
      vertex 29.2377 61 2.76477
    endloop
  endfacet
  facet normal 0.852605 -0 0.522556
    outer loop
      vertex 27.9808 61 3.40521
      vertex 28.0792 61.8 3.24466
      vertex 27.9808 61.8 3.40521
    endloop
  endfacet
  facet normal 0.852605 0 0.522556
    outer loop
      vertex 28.0792 61.8 3.24466
      vertex 27.9808 61 3.40521
      vertex 28.0792 61 3.24466
    endloop
  endfacet
  facet normal -0.996906 0 -0.0785969
    outer loop
      vertex 30.25 61 3.95
      vertex 30.2352 61.8 4.13772
      vertex 30.25 61.8 3.95
    endloop
  endfacet
  facet normal -0.996906 -0 -0.0785969
    outer loop
      vertex 30.2352 61.8 4.13772
      vertex 30.25 61 3.95
      vertex 30.2352 61 4.13772
    endloop
  endfacet
  facet normal -0.923806 0 -0.382861
    outer loop
      vertex 30.1913 61 4.32082
      vertex 30.1192 61.8 4.49479
      vertex 30.1913 61.8 4.32082
    endloop
  endfacet
  facet normal -0.923806 -0 -0.382861
    outer loop
      vertex 30.1192 61.8 4.49479
      vertex 30.1913 61 4.32082
      vertex 30.1192 61 4.49479
    endloop
  endfacet
  facet normal -0.382624 0 -0.923904
    outer loop
      vertex 29.4208 61 5.09127
      vertex 29.5948 61.8 5.01921
      vertex 29.5948 61 5.01921
    endloop
  endfacet
  facet normal -0.382624 0 -0.923904
    outer loop
      vertex 29.5948 61.8 5.01921
      vertex 29.4208 61 5.09127
      vertex 29.4208 61.8 5.09127
    endloop
  endfacet
  facet normal -0.522636 0 -0.852556
    outer loop
      vertex 29.5948 61 5.01921
      vertex 29.7553 61.8 4.92082
      vertex 29.7553 61 4.92082
    endloop
  endfacet
  facet normal -0.522636 0 -0.852556
    outer loop
      vertex 29.7553 61.8 4.92082
      vertex 29.5948 61 5.01921
      vertex 29.5948 61.8 5.01921
    endloop
  endfacet
  facet normal 0.382624 0 -0.923904
    outer loop
      vertex 28.5052 61 5.01921
      vertex 28.6792 61.8 5.09127
      vertex 28.6792 61 5.09127
    endloop
  endfacet
  facet normal 0.382624 0 -0.923904
    outer loop
      vertex 28.6792 61.8 5.09127
      vertex 28.5052 61 5.01921
      vertex 28.5052 61.8 5.01921
    endloop
  endfacet
  facet normal 0.97244 0 -0.233152
    outer loop
      vertex 27.9087 61 4.32082
      vertex 27.8648 61.8 4.13772
      vertex 27.9087 61.8 4.32082
    endloop
  endfacet
  facet normal 0.97244 0 -0.233152
    outer loop
      vertex 27.8648 61.8 4.13772
      vertex 27.9087 61 4.32082
      vertex 27.8648 61 4.13772
    endloop
  endfacet
  facet normal 0.760395 0 -0.649461
    outer loop
      vertex 28.2015 61 4.79853
      vertex 28.0792 61.8 4.65534
      vertex 28.2015 61.8 4.79853
    endloop
  endfacet
  facet normal 0.760395 0 -0.649461
    outer loop
      vertex 28.0792 61.8 4.65534
      vertex 28.2015 61 4.79853
      vertex 28.0792 61 4.65534
    endloop
  endfacet
  facet normal -0.852605 0 -0.522556
    outer loop
      vertex 30.1192 61 4.49479
      vertex 30.0208 61.8 4.65534
      vertex 30.1192 61.8 4.49479
    endloop
  endfacet
  facet normal -0.852605 -0 -0.522556
    outer loop
      vertex 30.0208 61.8 4.65534
      vertex 30.1192 61 4.49479
      vertex 30.0208 61 4.65534
    endloop
  endfacet
  facet normal 0.852605 0 -0.522556
    outer loop
      vertex 28.0792 61 4.65534
      vertex 27.9808 61.8 4.49479
      vertex 28.0792 61.8 4.65534
    endloop
  endfacet
  facet normal 0.852605 0 -0.522556
    outer loop
      vertex 27.9808 61.8 4.49479
      vertex 28.0792 61 4.65534
      vertex 27.9808 61 4.49479
    endloop
  endfacet
  facet normal -0.97244 0 -0.233152
    outer loop
      vertex 30.2352 61 4.13772
      vertex 30.1913 61.8 4.32082
      vertex 30.2352 61.8 4.13772
    endloop
  endfacet
  facet normal -0.97244 -0 -0.233152
    outer loop
      vertex 30.1913 61.8 4.32082
      vertex 30.2352 61 4.13772
      vertex 30.1913 61 4.32082
    endloop
  endfacet
  facet normal -0.65803 0.635895 -0.40328
    outer loop
      vertex 30.824 63 5.23694
      vertex 31.0029 63 4.94503
      vertex 30.1192 61.8 4.49479
    endloop
  endfacet
  facet normal -0.769429 0.635869 0.0604163
    outer loop
      vertex 31.2417 63 3.95
      vertex 31.2149 63 3.60869
      vertex 30.25 61.8 3.95
    endloop
  endfacet
  facet normal -0.770543 0.635447 0.0497124
    outer loop
      vertex 30.2352 61.8 3.76228
      vertex 31.2149 63 3.60869
      vertex 31.2148 63 3.60714
    endloop
  endfacet
  facet normal -0.769383 0.635901 0.0606588
    outer loop
      vertex 31.2149 63 3.60869
      vertex 30.2352 61.8 3.76228
      vertex 30.25 61.8 3.95
    endloop
  endfacet
  facet normal -0.713043 0.635896 -0.295307
    outer loop
      vertex 31.0029 63 4.94503
      vertex 31.1339 63 4.62872
      vertex 30.1192 61.8 4.49479
    endloop
  endfacet
  facet normal -0.180113 0.635888 -0.75047
    outer loop
      vertex 29.4208 61.8 5.09127
      vertex 29.3929 63 6.11475
      vertex 29.3944 63 6.11439
    endloop
  endfacet
  facet normal -0.180176 0.63588 -0.750462
    outer loop
      vertex 29.3929 63 6.11475
      vertex 29.4208 61.8 5.09127
      vertex 29.2377 61.8 5.13523
    endloop
  endfacet
  facet normal -0.403269 0.635868 0.658062
    outer loop
      vertex 30.3369 63 2.17603
      vertex 30.045 63 1.99715
      vertex 29.5948 61.8 2.88079
    endloop
  endfacet
  facet normal 0.658137 0.635894 0.403107
    outer loop
      vertex 28.0792 61.8 3.24466
      vertex 27.2768 63 2.66173
      vertex 27.098 63 2.95365
    endloop
  endfacet
  facet normal -0.712988 0.635872 -0.29549
    outer loop
      vertex 30.1192 61.8 4.49479
      vertex 31.1345 63 4.62728
      vertex 30.1913 61.8 4.32082
    endloop
  endfacet
  facet normal -0.712574 0.635678 -0.296906
    outer loop
      vertex 31.1345 63 4.62728
      vertex 30.1192 61.8 4.49479
      vertex 31.1339 63 4.62872
    endloop
  endfacet
  facet normal -0.586927 0.635884 -0.501167
    outer loop
      vertex 30.5998 63 5.49979
      vertex 30.8221 63 5.23945
      vertex 29.8985 61.8 4.79853
    endloop
  endfacet
  facet normal -0.658018 0.635897 -0.403295
    outer loop
      vertex 30.0208 61.8 4.65534
      vertex 30.824 63 5.23694
      vertex 30.1192 61.8 4.49479
    endloop
  endfacet
  facet normal -0.661532 0.635641 -0.397914
    outer loop
      vertex 30.824 63 5.23694
      vertex 30.0208 61.8 4.65534
      vertex 30.8232 63 5.23827
    endloop
  endfacet
  facet normal -0.385494 0.638325 -0.666285
    outer loop
      vertex 29.7553 61.8 4.92082
      vertex 30.045 63 5.90285
      vertex 30.0464 63 5.90204
    endloop
  endfacet
  facet normal -0.403371 0.635864 -0.658004
    outer loop
      vertex 30.045 63 5.90285
      vertex 29.7553 61.8 4.92082
      vertex 29.5948 61.8 5.01921
    endloop
  endfacet
  facet normal 0.403371 0.635864 -0.658004
    outer loop
      vertex 28.3447 61.8 4.92082
      vertex 28.055 63 5.90285
      vertex 28.5052 61.8 5.01921
    endloop
  endfacet
  facet normal 0.385494 0.638325 -0.666285
    outer loop
      vertex 28.055 63 5.90285
      vertex 28.3447 61.8 4.92082
      vertex 28.0536 63 5.90204
    endloop
  endfacet
  facet normal 0.180176 0.635882 0.75046
    outer loop
      vertex 28.3742 63 1.86517
      vertex 28.6792 61.8 2.80873
      vertex 28.8623 61.8 2.76477
    endloop
  endfacet
  facet normal 0.180115 0.635879 0.750477
    outer loop
      vertex 28.6792 61.8 2.80873
      vertex 28.3742 63 1.86517
      vertex 28.3727 63 1.86553
    endloop
  endfacet
  facet normal 0.769429 0.635869 0.0604163
    outer loop
      vertex 27.85 61.8 3.95
      vertex 26.8851 63 3.60869
      vertex 26.8583 63 3.95
    endloop
  endfacet
  facet normal -0.769885 0.636246 -0.04967
    outer loop
      vertex 30.25 61.8 3.95
      vertex 31.2416 63 3.95155
      vertex 31.2417 63 3.95
    endloop
  endfacet
  facet normal -0.76941 0.635868 -0.060661
    outer loop
      vertex 31.2416 63 3.95155
      vertex 30.25 61.8 3.95
      vertex 30.2352 61.8 4.13772
    endloop
  endfacet
  facet normal -0.769403 0.6359 -0.0604143
    outer loop
      vertex 31.2148 63 4.29286
      vertex 31.2416 63 3.95155
      vertex 30.2352 61.8 4.13772
    endloop
  endfacet
  facet normal -0.75041 0.635898 -0.180327
    outer loop
      vertex 31.1348 63 4.62577
      vertex 31.2148 63 4.29286
      vertex 30.2352 61.8 4.13772
    endloop
  endfacet
  facet normal -0.565524 0.63424 -0.527184
    outer loop
      vertex 30.0208 61.8 4.65534
      vertex 30.8221 63 5.23945
      vertex 30.8232 63 5.23827
    endloop
  endfacet
  facet normal -0.58687 0.63587 -0.501251
    outer loop
      vertex 30.8221 63 5.23945
      vertex 30.0208 61.8 4.65534
      vertex 29.8985 61.8 4.79853
    endloop
  endfacet
  facet normal -0.501275 0.635888 -0.586831
    outer loop
      vertex 30.3395 63 5.72214
      vertex 30.5998 63 5.49979
      vertex 29.8985 61.8 4.79853
    endloop
  endfacet
  facet normal 0.748209 0.633573 -0.196897
    outer loop
      vertex 27.9087 61.8 4.32082
      vertex 26.8852 63 4.29286
      vertex 26.8856 63 4.29438
    endloop
  endfacet
  facet normal 0.750491 0.635914 -0.179937
    outer loop
      vertex 26.8852 63 4.29286
      vertex 27.9087 61.8 4.32082
      vertex 27.8648 61.8 4.13772
    endloop
  endfacet
  facet normal 0.712982 0.635871 -0.295507
    outer loop
      vertex 27.0966 63 4.94359
      vertex 27.9087 61.8 4.32082
      vertex 26.9655 63 4.62728
    endloop
  endfacet
  facet normal 0.295339 0.635881 -0.713043
    outer loop
      vertex 28.3727 63 6.03446
      vertex 28.6792 61.8 5.09127
      vertex 28.0564 63 5.90345
    endloop
  endfacet
  facet normal 0.588863 0.63577 -0.499036
    outer loop
      vertex 28.2015 61.8 4.79853
      vertex 27.4992 63 5.49861
      vertex 27.5002 63 5.49979
    endloop
  endfacet
  facet normal 0.58686 0.635885 -0.501243
    outer loop
      vertex 27.4992 63 5.49861
      vertex 28.2015 61.8 4.79853
      vertex 28.0792 61.8 4.65534
    endloop
  endfacet
  facet normal 0.0605743 0.635878 -0.769409
    outer loop
      vertex 29.05 63 6.14174
      vertex 29.05 61.8 5.15
      vertex 28.7087 63 6.11487
    endloop
  endfacet
  facet normal 0.062507 0.635802 0.769317
    outer loop
      vertex 29.0484 63 1.75839
      vertex 29.05 61.8 2.75
      vertex 29.05 63 1.75826
    endloop
  endfacet
  facet normal 0.0605445 0.635878 0.769412
    outer loop
      vertex 29.05 61.8 2.75
      vertex 29.0484 63 1.75839
      vertex 28.8623 61.8 2.76477
    endloop
  endfacet
  facet normal -0.758185 0.634402 0.150633
    outer loop
      vertex 30.1913 61.8 3.57918
      vertex 31.1348 63 3.27423
      vertex 31.1345 63 3.27272
    endloop
  endfacet
  facet normal -0.750545 0.635846 0.17995
    outer loop
      vertex 31.1348 63 3.27423
      vertex 30.1913 61.8 3.57918
      vertex 30.2352 61.8 3.76228
    endloop
  endfacet
  facet normal 0.501191 0.635901 0.586888
    outer loop
      vertex 28.3447 61.8 2.97918
      vertex 27.7605 63 2.17786
      vertex 28.2015 61.8 3.10147
    endloop
  endfacet
  facet normal 0.496868 0.6361 0.590338
    outer loop
      vertex 27.7605 63 2.17786
      vertex 28.3447 61.8 2.97918
      vertex 27.7617 63 2.17685
    endloop
  endfacet
  facet normal 0.586927 0.635884 0.501167
    outer loop
      vertex 28.2015 61.8 3.10147
      vertex 27.5002 63 2.40021
      vertex 27.2779 63 2.66055
    endloop
  endfacet
  facet normal 0.501275 0.635888 0.586831
    outer loop
      vertex 28.2015 61.8 3.10147
      vertex 27.7605 63 2.17786
      vertex 27.5002 63 2.40021
    endloop
  endfacet
  facet normal 0.769383 0.635901 0.0606588
    outer loop
      vertex 27.8648 61.8 3.76228
      vertex 26.8851 63 3.60869
      vertex 27.85 61.8 3.95
    endloop
  endfacet
  facet normal 0.770543 0.635447 0.0497124
    outer loop
      vertex 26.8851 63 3.60869
      vertex 27.8648 61.8 3.76228
      vertex 26.8852 63 3.60714
    endloop
  endfacet
  facet normal 0.769429 0.635869 -0.0604163
    outer loop
      vertex 26.8851 63 4.29131
      vertex 27.85 61.8 3.95
      vertex 26.8583 63 3.95
    endloop
  endfacet
  facet normal -0.750545 0.635846 -0.17995
    outer loop
      vertex 30.1913 61.8 4.32082
      vertex 31.1348 63 4.62577
      vertex 30.2352 61.8 4.13772
    endloop
  endfacet
  facet normal -0.758185 0.634402 -0.150633
    outer loop
      vertex 31.1348 63 4.62577
      vertex 30.1913 61.8 4.32082
      vertex 31.1345 63 4.62728
    endloop
  endfacet
  facet normal -0.180187 0.635879 -0.750461
    outer loop
      vertex 29.7273 63 6.03446
      vertex 29.4208 61.8 5.09127
      vertex 29.3944 63 6.11439
    endloop
  endfacet
  facet normal -0.295339 0.635881 -0.713043
    outer loop
      vertex 29.7273 63 6.03446
      vertex 30.0436 63 5.90345
      vertex 29.4208 61.8 5.09127
    endloop
  endfacet
  facet normal -0.0577291 0.635764 -0.769721
    outer loop
      vertex 29.2377 61.8 5.13523
      vertex 29.3913 63 6.11487
      vertex 29.3929 63 6.11475
    endloop
  endfacet
  facet normal -0.0605448 0.635874 -0.769414
    outer loop
      vertex 29.3913 63 6.11487
      vertex 29.2377 61.8 5.13523
      vertex 29.05 61.8 5.15
    endloop
  endfacet
  facet normal -0.496868 0.6361 -0.590338
    outer loop
      vertex 30.3395 63 5.72214
      vertex 29.7553 61.8 4.92082
      vertex 30.3383 63 5.72315
    endloop
  endfacet
  facet normal -0.501191 0.635901 -0.586888
    outer loop
      vertex 29.7553 61.8 4.92082
      vertex 30.3395 63 5.72214
      vertex 29.8985 61.8 4.79853
    endloop
  endfacet
  facet normal -0.403275 0.635892 -0.658035
    outer loop
      vertex 30.0464 63 5.90204
      vertex 30.3383 63 5.72315
      vertex 29.7553 61.8 4.92082
    endloop
  endfacet
  facet normal 0.770543 0.635447 -0.0497124
    outer loop
      vertex 27.8648 61.8 4.13772
      vertex 26.8851 63 4.29131
      vertex 26.8852 63 4.29286
    endloop
  endfacet
  facet normal 0.769383 0.635901 -0.0606588
    outer loop
      vertex 26.8851 63 4.29131
      vertex 27.8648 61.8 4.13772
      vertex 27.85 61.8 3.95
    endloop
  endfacet
  facet normal 0.586809 0.635895 -0.501292
    outer loop
      vertex 27.4992 63 5.49861
      vertex 28.0792 61.8 4.65534
      vertex 27.2768 63 5.23827
    endloop
  endfacet
  facet normal 0.750478 0.635876 -0.180124
    outer loop
      vertex 26.9655 63 4.62728
      vertex 27.9087 61.8 4.32082
      vertex 26.8856 63 4.29438
    endloop
  endfacet
  facet normal 0.730936 0.633498 -0.253797
    outer loop
      vertex 27.9808 61.8 4.49479
      vertex 27.0966 63 4.94359
      vertex 27.0971 63 4.94503
    endloop
  endfacet
  facet normal 0.712991 0.635869 -0.295491
    outer loop
      vertex 27.0966 63 4.94359
      vertex 27.9808 61.8 4.49479
      vertex 27.9087 61.8 4.32082
    endloop
  endfacet
  facet normal 0.180187 0.635879 -0.750461
    outer loop
      vertex 28.7056 63 6.11439
      vertex 28.6792 61.8 5.09127
      vertex 28.3727 63 6.03446
    endloop
  endfacet
  facet normal 0.295306 0.635876 -0.713061
    outer loop
      vertex 28.5052 61.8 5.01921
      vertex 28.0564 63 5.90345
      vertex 28.6792 61.8 5.09127
    endloop
  endfacet
  facet normal 0.303917 0.636205 -0.709139
    outer loop
      vertex 28.0564 63 5.90345
      vertex 28.5052 61.8 5.01921
      vertex 28.055 63 5.90285
    endloop
  endfacet
  facet normal 0.403275 0.635892 -0.658035
    outer loop
      vertex 28.0536 63 5.90204
      vertex 28.3447 61.8 4.92082
      vertex 27.7617 63 5.72315
    endloop
  endfacet
  facet normal 0.501272 0.635893 -0.586828
    outer loop
      vertex 27.7617 63 5.72315
      vertex 28.3447 61.8 4.92082
      vertex 27.5014 63 5.5008
    endloop
  endfacet
  facet normal -0.0605743 0.635878 -0.769409
    outer loop
      vertex 29.05 63 6.14174
      vertex 29.3913 63 6.11487
      vertex 29.05 61.8 5.15
    endloop
  endfacet
  facet normal -0.390338 0.635221 0.666431
    outer loop
      vertex 30.3369 63 2.17603
      vertex 29.7553 61.8 2.97918
      vertex 30.3383 63 2.17685
    endloop
  endfacet
  facet normal -0.403362 0.635884 0.65799
    outer loop
      vertex 29.7553 61.8 2.97918
      vertex 30.3369 63 2.17603
      vertex 29.5948 61.8 2.88079
    endloop
  endfacet
  facet normal 0.060552 0.635877 0.769412
    outer loop
      vertex 28.8623 61.8 2.76477
      vertex 29.0484 63 1.75839
      vertex 28.7071 63 1.78525
    endloop
  endfacet
  facet normal -0.501191 0.635901 0.586888
    outer loop
      vertex 30.3395 63 2.17786
      vertex 29.7553 61.8 2.97918
      vertex 29.8985 61.8 3.10147
    endloop
  endfacet
  facet normal -0.496868 0.6361 0.590338
    outer loop
      vertex 29.7553 61.8 2.97918
      vertex 30.3395 63 2.17786
      vertex 30.3383 63 2.17685
    endloop
  endfacet
  facet normal -0.501275 0.635888 0.586831
    outer loop
      vertex 30.5998 63 2.40021
      vertex 30.3395 63 2.17786
      vertex 29.8985 61.8 3.10147
    endloop
  endfacet
  facet normal 0.180166 0.63588 0.750464
    outer loop
      vertex 28.8623 61.8 2.76477
      vertex 28.7071 63 1.78525
      vertex 28.3742 63 1.86517
    endloop
  endfacet
  facet normal 0.403362 0.635884 0.65799
    outer loop
      vertex 27.7631 63 2.17603
      vertex 28.3447 61.8 2.97918
      vertex 28.5052 61.8 2.88079
    endloop
  endfacet
  facet normal 0.390338 0.635221 0.666431
    outer loop
      vertex 28.3447 61.8 2.97918
      vertex 27.7631 63 2.17603
      vertex 27.7617 63 2.17685
    endloop
  endfacet
  facet normal 0.403269 0.635868 0.658062
    outer loop
      vertex 28.5052 61.8 2.88079
      vertex 28.055 63 1.99715
      vertex 27.7631 63 2.17603
    endloop
  endfacet
  facet normal 0.295362 0.635871 0.713043
    outer loop
      vertex 28.5052 61.8 2.88079
      vertex 28.3713 63 1.86613
      vertex 28.055 63 1.99715
    endloop
  endfacet
  facet normal 0.58687 0.63587 0.501251
    outer loop
      vertex 27.2779 63 2.66055
      vertex 28.0792 61.8 3.24466
      vertex 28.2015 61.8 3.10147
    endloop
  endfacet
  facet normal 0.565524 0.63424 0.527184
    outer loop
      vertex 28.0792 61.8 3.24466
      vertex 27.2779 63 2.66055
      vertex 27.2768 63 2.66173
    endloop
  endfacet
  facet normal 0.65802 0.635894 0.403296
    outer loop
      vertex 28.0792 61.8 3.24466
      vertex 27.0971 63 2.95497
      vertex 27.9808 61.8 3.40521
    endloop
  endfacet
  facet normal 0.641343 0.630449 0.437279
    outer loop
      vertex 27.0971 63 2.95497
      vertex 28.0792 61.8 3.24466
      vertex 27.098 63 2.95365
    endloop
  endfacet
  facet normal 0.750491 0.635914 0.179937
    outer loop
      vertex 27.9087 61.8 3.57918
      vertex 26.8852 63 3.60714
      vertex 27.8648 61.8 3.76228
    endloop
  endfacet
  facet normal 0.748209 0.633573 0.196897
    outer loop
      vertex 26.8852 63 3.60714
      vertex 27.9087 61.8 3.57918
      vertex 26.8856 63 3.60562
    endloop
  endfacet
  facet normal -0.303917 0.636205 -0.709139
    outer loop
      vertex 29.5948 61.8 5.01921
      vertex 30.0436 63 5.90345
      vertex 30.045 63 5.90285
    endloop
  endfacet
  facet normal -0.295306 0.635876 -0.713061
    outer loop
      vertex 30.0436 63 5.90345
      vertex 29.5948 61.8 5.01921
      vertex 29.4208 61.8 5.09127
    endloop
  endfacet
  facet normal 0.658137 0.635894 -0.403107
    outer loop
      vertex 27.2768 63 5.23827
      vertex 28.0792 61.8 4.65534
      vertex 27.098 63 4.94635
    endloop
  endfacet
  facet normal 0.0605448 0.635874 -0.769414
    outer loop
      vertex 28.8623 61.8 5.13523
      vertex 28.7087 63 6.11487
      vertex 29.05 61.8 5.15
    endloop
  endfacet
  facet normal 0.0577291 0.635764 -0.769721
    outer loop
      vertex 28.7087 63 6.11487
      vertex 28.8623 61.8 5.13523
      vertex 28.7071 63 6.11475
    endloop
  endfacet
  facet normal 0.180176 0.63588 -0.750462
    outer loop
      vertex 28.6792 61.8 5.09127
      vertex 28.7071 63 6.11475
      vertex 28.8623 61.8 5.13523
    endloop
  endfacet
  facet normal 0.180113 0.635888 -0.75047
    outer loop
      vertex 28.7071 63 6.11475
      vertex 28.6792 61.8 5.09127
      vertex 28.7056 63 6.11439
    endloop
  endfacet
  facet normal 0.501202 0.635879 -0.586902
    outer loop
      vertex 28.2015 61.8 4.79853
      vertex 27.5014 63 5.5008
      vertex 28.3447 61.8 4.92082
    endloop
  endfacet
  facet normal 0.497101 0.63566 -0.590615
    outer loop
      vertex 27.5014 63 5.5008
      vertex 28.2015 61.8 4.79853
      vertex 27.5002 63 5.49979
    endloop
  endfacet
  facet normal -0.0666562 0.635631 0.76911
    outer loop
      vertex 29.05 61.8 2.75
      vertex 29.0515 63 1.75839
      vertex 29.05 63 1.75826
    endloop
  endfacet
  facet normal -0.0605447 0.635875 0.769414
    outer loop
      vertex 29.0515 63 1.75839
      vertex 29.05 61.8 2.75
      vertex 29.2377 61.8 2.76477
    endloop
  endfacet
  facet normal -0.295362 0.635871 0.713043
    outer loop
      vertex 30.045 63 1.99715
      vertex 29.7287 63 1.86613
      vertex 29.5948 61.8 2.88079
    endloop
  endfacet
  facet normal -0.0605344 0.635876 0.769414
    outer loop
      vertex 29.2377 61.8 2.76477
      vertex 29.3929 63 1.78525
      vertex 29.0515 63 1.75839
    endloop
  endfacet
  facet normal -0.75041 0.635898 0.180327
    outer loop
      vertex 31.2148 63 3.60714
      vertex 31.1348 63 3.27423
      vertex 30.2352 61.8 3.76228
    endloop
  endfacet
  facet normal -0.713043 0.635896 0.295307
    outer loop
      vertex 31.1339 63 3.27128
      vertex 31.0029 63 2.95497
      vertex 30.1192 61.8 3.40521
    endloop
  endfacet
  facet normal -0.586927 0.635884 0.501167
    outer loop
      vertex 30.8221 63 2.66055
      vertex 30.5998 63 2.40021
      vertex 29.8985 61.8 3.10147
    endloop
  endfacet
  facet normal -0.565524 0.63424 0.527184
    outer loop
      vertex 30.8221 63 2.66055
      vertex 30.0208 61.8 3.24466
      vertex 30.8232 63 2.66173
    endloop
  endfacet
  facet normal -0.58687 0.63587 0.501251
    outer loop
      vertex 30.0208 61.8 3.24466
      vertex 30.8221 63 2.66055
      vertex 29.8985 61.8 3.10147
    endloop
  endfacet
  facet normal 0.295303 0.635886 0.713054
    outer loop
      vertex 28.3727 63 1.86553
      vertex 28.5052 61.8 2.88079
      vertex 28.6792 61.8 2.80873
    endloop
  endfacet
  facet normal 0.304435 0.634605 0.710349
    outer loop
      vertex 28.5052 61.8 2.88079
      vertex 28.3727 63 1.86553
      vertex 28.3713 63 1.86613
    endloop
  endfacet
  facet normal 0.750478 0.635876 0.180124
    outer loop
      vertex 27.9087 61.8 3.57918
      vertex 26.9655 63 3.27272
      vertex 26.8856 63 3.60562
    endloop
  endfacet
  facet normal 0.712982 0.635871 0.295507
    outer loop
      vertex 27.9087 61.8 3.57918
      vertex 27.0966 63 2.95641
      vertex 26.9655 63 3.27272
    endloop
  endfacet
  facet normal 0.641343 0.630449 -0.437279
    outer loop
      vertex 28.0792 61.8 4.65534
      vertex 27.0971 63 4.94503
      vertex 27.098 63 4.94635
    endloop
  endfacet
  facet normal 0.65802 0.635894 -0.403296
    outer loop
      vertex 27.0971 63 4.94503
      vertex 28.0792 61.8 4.65534
      vertex 27.9808 61.8 4.49479
    endloop
  endfacet
  facet normal -0.180166 0.63588 0.750464
    outer loop
      vertex 29.7258 63 1.86517
      vertex 29.3929 63 1.78525
      vertex 29.2377 61.8 2.76477
    endloop
  endfacet
  facet normal -0.661532 0.635641 0.397914
    outer loop
      vertex 30.0208 61.8 3.24466
      vertex 30.824 63 2.66306
      vertex 30.8232 63 2.66173
    endloop
  endfacet
  facet normal -0.658018 0.635897 0.403295
    outer loop
      vertex 30.824 63 2.66306
      vertex 30.0208 61.8 3.24466
      vertex 30.1192 61.8 3.40521
    endloop
  endfacet
  facet normal -0.65803 0.635895 0.40328
    outer loop
      vertex 31.0029 63 2.95497
      vertex 30.824 63 2.66306
      vertex 30.1192 61.8 3.40521
    endloop
  endfacet
  facet normal 0.712991 0.635869 0.295491
    outer loop
      vertex 27.9808 61.8 3.40521
      vertex 27.0966 63 2.95641
      vertex 27.9087 61.8 3.57918
    endloop
  endfacet
  facet normal 0.730936 0.633498 0.253797
    outer loop
      vertex 27.0966 63 2.95641
      vertex 27.9808 61.8 3.40521
      vertex 27.0971 63 2.95497
    endloop
  endfacet
  facet normal -0.180115 0.635879 0.750477
    outer loop
      vertex 29.7258 63 1.86517
      vertex 29.4208 61.8 2.80873
      vertex 29.7273 63 1.86553
    endloop
  endfacet
  facet normal -0.180176 0.635882 0.75046
    outer loop
      vertex 29.4208 61.8 2.80873
      vertex 29.7258 63 1.86517
      vertex 29.2377 61.8 2.76477
    endloop
  endfacet
  facet normal -0.304435 0.634605 0.710349
    outer loop
      vertex 29.7273 63 1.86553
      vertex 29.5948 61.8 2.88079
      vertex 29.7287 63 1.86613
    endloop
  endfacet
  facet normal -0.295303 0.635886 0.713054
    outer loop
      vertex 29.5948 61.8 2.88079
      vertex 29.7273 63 1.86553
      vertex 29.4208 61.8 2.80873
    endloop
  endfacet
  facet normal -0.712574 0.635678 0.296906
    outer loop
      vertex 30.1192 61.8 3.40521
      vertex 31.1345 63 3.27272
      vertex 31.1339 63 3.27128
    endloop
  endfacet
  facet normal -0.712988 0.635872 0.29549
    outer loop
      vertex 31.1345 63 3.27272
      vertex 30.1192 61.8 3.40521
      vertex 30.1913 61.8 3.57918
    endloop
  endfacet
  facet normal 0.923922 -0 0.382582
    outer loop
      vertex 26.0542 59 2.9766
      vertex 26.2433 61 2.51993
      vertex 26.0542 61 2.9766
    endloop
  endfacet
  facet normal 0.923922 0 0.382582
    outer loop
      vertex 26.2433 61 2.51993
      vertex 26.0542 59 2.9766
      vertex 26.2433 59 2.51993
    endloop
  endfacet
  facet normal 0.852594 -0 0.522574
    outer loop
      vertex 26.2433 59 2.51993
      vertex 26.3781 61 2.3
      vertex 26.2433 61 2.51993
    endloop
  endfacet
  facet normal 0.852594 0 0.522574
    outer loop
      vertex 26.3781 61 2.3
      vertex 26.2433 59 2.51993
      vertex 26.3781 59 2.3
    endloop
  endfacet
  facet normal 0.996855 -0 0.079245
    outer loop
      vertex 25.9354 59 3.5
      vertex 25.9388 61 3.45723
      vertex 25.9354 61 3.5
    endloop
  endfacet
  facet normal 0.996855 0 0.079245
    outer loop
      vertex 25.9388 61 3.45723
      vertex 25.9354 59 3.5
      vertex 25.9388 59 3.45723
    endloop
  endfacet
  facet normal -0.233461 0 -0.972366
    outer loop
      vertex 29.5428 59 7.06122
      vertex 30.0234 61 6.94583
      vertex 30.0234 59 6.94583
    endloop
  endfacet
  facet normal -0.233461 0 -0.972366
    outer loop
      vertex 30.0234 61 6.94583
      vertex 29.5428 59 7.06122
      vertex 29.5428 61 7.06122
    endloop
  endfacet
  facet normal 0.972365 -0 0.233466
    outer loop
      vertex 25.9388 59 3.45723
      vertex 26.0542 61 2.9766
      vertex 25.9388 61 3.45723
    endloop
  endfacet
  facet normal 0.972365 0 0.233466
    outer loop
      vertex 26.0542 61 2.9766
      vertex 25.9388 59 3.45723
      vertex 26.0542 59 2.9766
    endloop
  endfacet
  facet normal -0.382664 0 -0.923888
    outer loop
      vertex 30.0234 59 6.94583
      vertex 30.4801 61 6.75667
      vertex 30.4801 59 6.75667
    endloop
  endfacet
  facet normal -0.382664 0 -0.923888
    outer loop
      vertex 30.4801 61 6.75667
      vertex 30.0234 59 6.94583
      vertex 30.0234 61 6.94583
    endloop
  endfacet
  facet normal -0.522541 0 -0.852614
    outer loop
      vertex 30.4801 59 6.75667
      vertex 30.7 61 6.6219
      vertex 30.7 59 6.6219
    endloop
  endfacet
  facet normal -0.522541 0 -0.852614
    outer loop
      vertex 30.7 61 6.6219
      vertex 30.4801 59 6.75667
      vertex 30.4801 61 6.75667
    endloop
  endfacet
  facet normal -0.0782639 0 -0.996933
    outer loop
      vertex 29.5 59 7.06458
      vertex 29.5428 61 7.06122
      vertex 29.5428 59 7.06122
    endloop
  endfacet
  facet normal -0.0782639 0 -0.996933
    outer loop
      vertex 29.5428 61 7.06122
      vertex 29.5 59 7.06458
      vertex 29.5 61 7.06458
    endloop
  endfacet
  facet normal -0.760395 0 0.649461
    outer loop
      vertex 21.5485 61 3.10147
      vertex 21.6708 61.8 3.24466
      vertex 21.5485 61.8 3.10147
    endloop
  endfacet
  facet normal -0.760395 0 0.649461
    outer loop
      vertex 21.6708 61.8 3.24466
      vertex 21.5485 61 3.10147
      vertex 21.6708 61 3.24466
    endloop
  endfacet
  facet normal -0.233453 0 0.972368
    outer loop
      vertex 20.8877 61.8 2.76477
      vertex 21.0708 61 2.80873
      vertex 21.0708 61.8 2.80873
    endloop
  endfacet
  facet normal -0.233453 0 0.972368
    outer loop
      vertex 21.0708 61 2.80873
      vertex 20.8877 61.8 2.76477
      vertex 20.8877 61 2.76477
    endloop
  endfacet
  facet normal 0.382624 0 0.923904
    outer loop
      vertex 20.1552 61.8 2.88079
      vertex 20.3292 61 2.80873
      vertex 20.3292 61.8 2.80873
    endloop
  endfacet
  facet normal 0.382624 0 0.923904
    outer loop
      vertex 20.3292 61 2.80873
      vertex 20.1552 61.8 2.88079
      vertex 20.1552 61 2.88079
    endloop
  endfacet
  facet normal 0.97244 -0 0.233152
    outer loop
      vertex 19.5148 61 3.76228
      vertex 19.5587 61.8 3.57918
      vertex 19.5148 61.8 3.76228
    endloop
  endfacet
  facet normal 0.97244 0 0.233152
    outer loop
      vertex 19.5587 61.8 3.57918
      vertex 19.5148 61 3.76228
      vertex 19.5587 61 3.57918
    endloop
  endfacet
  facet normal -0.649404 0 0.760444
    outer loop
      vertex 21.4053 61.8 2.97918
      vertex 21.5485 61 3.10147
      vertex 21.5485 61.8 3.10147
    endloop
  endfacet
  facet normal -0.649404 0 0.760444
    outer loop
      vertex 21.5485 61 3.10147
      vertex 21.4053 61.8 2.97918
      vertex 21.4053 61 2.97918
    endloop
  endfacet
  facet normal 0.0784469 0 0.996918
    outer loop
      vertex 20.5123 61.8 2.76477
      vertex 20.7 61 2.75
      vertex 20.7 61.8 2.75
    endloop
  endfacet
  facet normal 0.0784469 0 0.996918
    outer loop
      vertex 20.7 61 2.75
      vertex 20.5123 61.8 2.76477
      vertex 20.5123 61 2.76477
    endloop
  endfacet
  facet normal -0.522636 0 0.852556
    outer loop
      vertex 21.2448 61.8 2.88079
      vertex 21.4053 61 2.97918
      vertex 21.4053 61.8 2.97918
    endloop
  endfacet
  facet normal -0.522636 0 0.852556
    outer loop
      vertex 21.4053 61 2.97918
      vertex 21.2448 61.8 2.88079
      vertex 21.2448 61 2.88079
    endloop
  endfacet
  facet normal 0.996906 0 -0.0785969
    outer loop
      vertex 19.5148 61 4.13772
      vertex 19.5 61.8 3.95
      vertex 19.5148 61.8 4.13772
    endloop
  endfacet
  facet normal 0.996906 0 -0.0785969
    outer loop
      vertex 19.5 61.8 3.95
      vertex 19.5148 61 4.13772
      vertex 19.5 61 3.95
    endloop
  endfacet
  facet normal 0.852605 -0 0.522556
    outer loop
      vertex 19.6308 61 3.40521
      vertex 19.7292 61.8 3.24466
      vertex 19.6308 61.8 3.40521
    endloop
  endfacet
  facet normal 0.852605 0 0.522556
    outer loop
      vertex 19.7292 61.8 3.24466
      vertex 19.6308 61 3.40521
      vertex 19.7292 61 3.24466
    endloop
  endfacet
  facet normal 0.233453 0 0.972368
    outer loop
      vertex 20.3292 61.8 2.80873
      vertex 20.5123 61 2.76477
      vertex 20.5123 61.8 2.76477
    endloop
  endfacet
  facet normal 0.233453 0 0.972368
    outer loop
      vertex 20.5123 61 2.76477
      vertex 20.3292 61.8 2.80873
      vertex 20.3292 61 2.80873
    endloop
  endfacet
  facet normal 0.760395 -0 0.649461
    outer loop
      vertex 19.7292 61 3.24466
      vertex 19.8515 61.8 3.10147
      vertex 19.7292 61.8 3.24466
    endloop
  endfacet
  facet normal 0.760395 0 0.649461
    outer loop
      vertex 19.8515 61.8 3.10147
      vertex 19.7292 61 3.24466
      vertex 19.8515 61 3.10147
    endloop
  endfacet
  facet normal -0.996906 0 0.0785969
    outer loop
      vertex 21.8852 61 3.76228
      vertex 21.9 61.8 3.95
      vertex 21.8852 61.8 3.76228
    endloop
  endfacet
  facet normal -0.996906 0 0.0785969
    outer loop
      vertex 21.9 61.8 3.95
      vertex 21.8852 61 3.76228
      vertex 21.9 61 3.95
    endloop
  endfacet
  facet normal -0.649404 0 -0.760444
    outer loop
      vertex 21.4053 61 4.92082
      vertex 21.5485 61.8 4.79853
      vertex 21.5485 61 4.79853
    endloop
  endfacet
  facet normal -0.649404 0 -0.760444
    outer loop
      vertex 21.5485 61.8 4.79853
      vertex 21.4053 61 4.92082
      vertex 21.4053 61.8 4.92082
    endloop
  endfacet
  facet normal -0.0784469 0 0.996918
    outer loop
      vertex 20.7 61.8 2.75
      vertex 20.8877 61 2.76477
      vertex 20.8877 61.8 2.76477
    endloop
  endfacet
  facet normal -0.0784469 0 0.996918
    outer loop
      vertex 20.8877 61 2.76477
      vertex 20.7 61.8 2.75
      vertex 20.7 61 2.75
    endloop
  endfacet
  facet normal -0.382624 0 0.923904
    outer loop
      vertex 21.0708 61.8 2.80873
      vertex 21.2448 61 2.88079
      vertex 21.2448 61.8 2.88079
    endloop
  endfacet
  facet normal -0.382624 0 0.923904
    outer loop
      vertex 21.2448 61 2.88079
      vertex 21.0708 61.8 2.80873
      vertex 21.0708 61 2.80873
    endloop
  endfacet
  facet normal 0.996906 -0 0.0785969
    outer loop
      vertex 19.5 61 3.95
      vertex 19.5148 61.8 3.76228
      vertex 19.5 61.8 3.95
    endloop
  endfacet
  facet normal 0.996906 0 0.0785969
    outer loop
      vertex 19.5148 61.8 3.76228
      vertex 19.5 61 3.95
      vertex 19.5148 61 3.76228
    endloop
  endfacet
  facet normal 0.923806 -0 0.382861
    outer loop
      vertex 19.5587 61 3.57918
      vertex 19.6308 61.8 3.40521
      vertex 19.5587 61.8 3.57918
    endloop
  endfacet
  facet normal 0.923806 0 0.382861
    outer loop
      vertex 19.6308 61.8 3.40521
      vertex 19.5587 61 3.57918
      vertex 19.6308 61 3.40521
    endloop
  endfacet
  facet normal 0.649404 0 0.760444
    outer loop
      vertex 19.8515 61.8 3.10147
      vertex 19.9947 61 2.97918
      vertex 19.9947 61.8 2.97918
    endloop
  endfacet
  facet normal 0.649404 0 0.760444
    outer loop
      vertex 19.9947 61 2.97918
      vertex 19.8515 61.8 3.10147
      vertex 19.8515 61 3.10147
    endloop
  endfacet
  facet normal 0.522636 0 0.852556
    outer loop
      vertex 19.9947 61.8 2.97918
      vertex 20.1552 61 2.88079
      vertex 20.1552 61.8 2.88079
    endloop
  endfacet
  facet normal 0.522636 0 0.852556
    outer loop
      vertex 20.1552 61 2.88079
      vertex 19.9947 61.8 2.97918
      vertex 19.9947 61 2.97918
    endloop
  endfacet
  facet normal -0.97244 0 -0.233152
    outer loop
      vertex 21.8852 61 4.13772
      vertex 21.8413 61.8 4.32082
      vertex 21.8852 61.8 4.13772
    endloop
  endfacet
  facet normal -0.97244 -0 -0.233152
    outer loop
      vertex 21.8413 61.8 4.32082
      vertex 21.8852 61 4.13772
      vertex 21.8413 61 4.32082
    endloop
  endfacet
  facet normal -0.852605 0 -0.522556
    outer loop
      vertex 21.7692 61 4.49479
      vertex 21.6708 61.8 4.65534
      vertex 21.7692 61.8 4.49479
    endloop
  endfacet
  facet normal -0.852605 -0 -0.522556
    outer loop
      vertex 21.6708 61.8 4.65534
      vertex 21.7692 61 4.49479
      vertex 21.6708 61 4.65534
    endloop
  endfacet
  facet normal 0.97244 0 -0.233152
    outer loop
      vertex 19.5587 61 4.32082
      vertex 19.5148 61.8 4.13772
      vertex 19.5587 61.8 4.32082
    endloop
  endfacet
  facet normal 0.97244 0 -0.233152
    outer loop
      vertex 19.5148 61.8 4.13772
      vertex 19.5587 61 4.32082
      vertex 19.5148 61 4.13772
    endloop
  endfacet
  facet normal 0.852605 0 -0.522556
    outer loop
      vertex 19.7292 61 4.65534
      vertex 19.6308 61.8 4.49479
      vertex 19.7292 61.8 4.65534
    endloop
  endfacet
  facet normal 0.852605 0 -0.522556
    outer loop
      vertex 19.6308 61.8 4.49479
      vertex 19.7292 61 4.65534
      vertex 19.6308 61 4.49479
    endloop
  endfacet
  facet normal -0.233453 0 -0.972368
    outer loop
      vertex 20.8877 61 5.13523
      vertex 21.0708 61.8 5.09127
      vertex 21.0708 61 5.09127
    endloop
  endfacet
  facet normal -0.233453 0 -0.972368
    outer loop
      vertex 21.0708 61.8 5.09127
      vertex 20.8877 61 5.13523
      vertex 20.8877 61.8 5.13523
    endloop
  endfacet
  facet normal -0.852605 0 0.522556
    outer loop
      vertex 21.6708 61 3.24466
      vertex 21.7692 61.8 3.40521
      vertex 21.6708 61.8 3.24466
    endloop
  endfacet
  facet normal -0.852605 0 0.522556
    outer loop
      vertex 21.7692 61.8 3.40521
      vertex 21.6708 61 3.24466
      vertex 21.7692 61 3.40521
    endloop
  endfacet
  facet normal -0.923806 0 0.382861
    outer loop
      vertex 21.7692 61 3.40521
      vertex 21.8413 61.8 3.57918
      vertex 21.7692 61.8 3.40521
    endloop
  endfacet
  facet normal -0.923806 0 0.382861
    outer loop
      vertex 21.8413 61.8 3.57918
      vertex 21.7692 61 3.40521
      vertex 21.8413 61 3.57918
    endloop
  endfacet
  facet normal -0.97244 0 0.233152
    outer loop
      vertex 21.8413 61 3.57918
      vertex 21.8852 61.8 3.76228
      vertex 21.8413 61.8 3.57918
    endloop
  endfacet
  facet normal -0.97244 0 0.233152
    outer loop
      vertex 21.8852 61.8 3.76228
      vertex 21.8413 61 3.57918
      vertex 21.8852 61 3.76228
    endloop
  endfacet
  facet normal -0.996906 0 -0.0785969
    outer loop
      vertex 21.9 61 3.95
      vertex 21.8852 61.8 4.13772
      vertex 21.9 61.8 3.95
    endloop
  endfacet
  facet normal -0.996906 -0 -0.0785969
    outer loop
      vertex 21.8852 61.8 4.13772
      vertex 21.9 61 3.95
      vertex 21.8852 61 4.13772
    endloop
  endfacet
  facet normal -0.923806 0 -0.382861
    outer loop
      vertex 21.8413 61 4.32082
      vertex 21.7692 61.8 4.49479
      vertex 21.8413 61.8 4.32082
    endloop
  endfacet
  facet normal -0.923806 -0 -0.382861
    outer loop
      vertex 21.7692 61.8 4.49479
      vertex 21.8413 61 4.32082
      vertex 21.7692 61 4.49479
    endloop
  endfacet
  facet normal -0.0784469 0 -0.996918
    outer loop
      vertex 20.7 61 5.15
      vertex 20.8877 61.8 5.13523
      vertex 20.8877 61 5.13523
    endloop
  endfacet
  facet normal -0.0784469 0 -0.996918
    outer loop
      vertex 20.8877 61.8 5.13523
      vertex 20.7 61 5.15
      vertex 20.7 61.8 5.15
    endloop
  endfacet
  facet normal 0.923806 0 -0.382861
    outer loop
      vertex 19.6308 61 4.49479
      vertex 19.5587 61.8 4.32082
      vertex 19.6308 61.8 4.49479
    endloop
  endfacet
  facet normal 0.923806 0 -0.382861
    outer loop
      vertex 19.5587 61.8 4.32082
      vertex 19.6308 61 4.49479
      vertex 19.5587 61 4.32082
    endloop
  endfacet
  facet normal -0.522636 0 -0.852556
    outer loop
      vertex 21.2448 61 5.01921
      vertex 21.4053 61.8 4.92082
      vertex 21.4053 61 4.92082
    endloop
  endfacet
  facet normal -0.522636 0 -0.852556
    outer loop
      vertex 21.4053 61.8 4.92082
      vertex 21.2448 61 5.01921
      vertex 21.2448 61.8 5.01921
    endloop
  endfacet
  facet normal -0.382624 0 -0.923904
    outer loop
      vertex 21.0708 61 5.09127
      vertex 21.2448 61.8 5.01921
      vertex 21.2448 61 5.01921
    endloop
  endfacet
  facet normal -0.382624 0 -0.923904
    outer loop
      vertex 21.2448 61.8 5.01921
      vertex 21.0708 61 5.09127
      vertex 21.0708 61.8 5.09127
    endloop
  endfacet
  facet normal -0.760395 0 -0.649461
    outer loop
      vertex 21.6708 61 4.65534
      vertex 21.5485 61.8 4.79853
      vertex 21.6708 61.8 4.65534
    endloop
  endfacet
  facet normal -0.760395 -0 -0.649461
    outer loop
      vertex 21.5485 61.8 4.79853
      vertex 21.6708 61 4.65534
      vertex 21.5485 61 4.79853
    endloop
  endfacet
  facet normal 0.522636 0 -0.852556
    outer loop
      vertex 19.9947 61 4.92082
      vertex 20.1552 61.8 5.01921
      vertex 20.1552 61 5.01921
    endloop
  endfacet
  facet normal 0.522636 0 -0.852556
    outer loop
      vertex 20.1552 61.8 5.01921
      vertex 19.9947 61 4.92082
      vertex 19.9947 61.8 4.92082
    endloop
  endfacet
  facet normal 0.382624 0 -0.923904
    outer loop
      vertex 20.1552 61 5.01921
      vertex 20.3292 61.8 5.09127
      vertex 20.3292 61 5.09127
    endloop
  endfacet
  facet normal 0.382624 0 -0.923904
    outer loop
      vertex 20.3292 61.8 5.09127
      vertex 20.1552 61 5.01921
      vertex 20.1552 61.8 5.01921
    endloop
  endfacet
  facet normal 0.233453 0 -0.972368
    outer loop
      vertex 20.3292 61 5.09127
      vertex 20.5123 61.8 5.13523
      vertex 20.5123 61 5.13523
    endloop
  endfacet
  facet normal 0.233453 0 -0.972368
    outer loop
      vertex 20.5123 61.8 5.13523
      vertex 20.3292 61 5.09127
      vertex 20.3292 61.8 5.09127
    endloop
  endfacet
  facet normal 0.760395 0 -0.649461
    outer loop
      vertex 19.8515 61 4.79853
      vertex 19.7292 61.8 4.65534
      vertex 19.8515 61.8 4.79853
    endloop
  endfacet
  facet normal 0.760395 0 -0.649461
    outer loop
      vertex 19.7292 61.8 4.65534
      vertex 19.8515 61 4.79853
      vertex 19.7292 61 4.65534
    endloop
  endfacet
  facet normal 0.649404 0 -0.760444
    outer loop
      vertex 19.8515 61 4.79853
      vertex 19.9947 61.8 4.92082
      vertex 19.9947 61 4.92082
    endloop
  endfacet
  facet normal 0.649404 0 -0.760444
    outer loop
      vertex 19.9947 61.8 4.92082
      vertex 19.8515 61 4.79853
      vertex 19.8515 61.8 4.79853
    endloop
  endfacet
  facet normal 0.0784469 0 -0.996918
    outer loop
      vertex 20.5123 61 5.13523
      vertex 20.7 61.8 5.15
      vertex 20.7 61 5.15
    endloop
  endfacet
  facet normal 0.0784469 0 -0.996918
    outer loop
      vertex 20.7 61.8 5.15
      vertex 20.5123 61 5.13523
      vertex 20.5123 61.8 5.13523
    endloop
  endfacet
  facet normal -0.588863 0.63577 -0.499036
    outer loop
      vertex 22.2508 63 5.49861
      vertex 21.5485 61.8 4.79853
      vertex 22.2498 63 5.49979
    endloop
  endfacet
  facet normal -0.58686 0.635885 -0.501243
    outer loop
      vertex 21.5485 61.8 4.79853
      vertex 22.2508 63 5.49861
      vertex 21.6708 61.8 4.65534
    endloop
  endfacet
  facet normal -0.769429 0.635869 0.0604163
    outer loop
      vertex 22.8917 63 3.95
      vertex 22.8649 63 3.60869
      vertex 21.9 61.8 3.95
    endloop
  endfacet
  facet normal -0.770543 0.635447 0.0497124
    outer loop
      vertex 21.8852 61.8 3.76228
      vertex 22.8649 63 3.60869
      vertex 22.8648 63 3.60714
    endloop
  endfacet
  facet normal -0.769383 0.635901 0.0606588
    outer loop
      vertex 22.8649 63 3.60869
      vertex 21.8852 61.8 3.76228
      vertex 21.9 61.8 3.95
    endloop
  endfacet
  facet normal -0.769383 0.635901 -0.0606588
    outer loop
      vertex 21.8852 61.8 4.13772
      vertex 22.8649 63 4.29131
      vertex 21.9 61.8 3.95
    endloop
  endfacet
  facet normal -0.770543 0.635447 -0.0497124
    outer loop
      vertex 22.8649 63 4.29131
      vertex 21.8852 61.8 4.13772
      vertex 22.8648 63 4.29286
    endloop
  endfacet
  facet normal 0.769885 0.636246 0.04967
    outer loop
      vertex 19.5 61.8 3.95
      vertex 18.5084 63 3.94845
      vertex 18.5083 63 3.95
    endloop
  endfacet
  facet normal 0.76941 0.635868 0.060661
    outer loop
      vertex 18.5084 63 3.94845
      vertex 19.5 61.8 3.95
      vertex 19.5148 61.8 3.76228
    endloop
  endfacet
  facet normal 0.180166 0.63588 0.750464
    outer loop
      vertex 20.5123 61.8 2.76477
      vertex 20.3571 63 1.78525
      vertex 20.0242 63 1.86517
    endloop
  endfacet
  facet normal -0.0577291 0.635764 -0.769721
    outer loop
      vertex 20.8877 61.8 5.13523
      vertex 21.0413 63 6.11487
      vertex 21.0429 63 6.11475
    endloop
  endfacet
  facet normal -0.0605448 0.635874 -0.769414
    outer loop
      vertex 21.0413 63 6.11487
      vertex 20.8877 61.8 5.13523
      vertex 20.7 61.8 5.15
    endloop
  endfacet
  facet normal -0.750478 0.635876 -0.180124
    outer loop
      vertex 22.7845 63 4.62728
      vertex 22.8644 63 4.29438
      vertex 21.8413 61.8 4.32082
    endloop
  endfacet
  facet normal -0.769429 0.635869 -0.0604163
    outer loop
      vertex 22.8649 63 4.29131
      vertex 22.8917 63 3.95
      vertex 21.9 61.8 3.95
    endloop
  endfacet
  facet normal 0.712574 0.635678 -0.296906
    outer loop
      vertex 19.6308 61.8 4.49479
      vertex 18.6155 63 4.62728
      vertex 18.6161 63 4.62872
    endloop
  endfacet
  facet normal 0.712988 0.635872 -0.29549
    outer loop
      vertex 18.6155 63 4.62728
      vertex 19.6308 61.8 4.49479
      vertex 19.5587 61.8 4.32082
    endloop
  endfacet
  facet normal 0.180187 0.635879 -0.750461
    outer loop
      vertex 20.3556 63 6.11439
      vertex 20.3292 61.8 5.09127
      vertex 20.0227 63 6.03446
    endloop
  endfacet
  facet normal -0.403269 0.635868 0.658062
    outer loop
      vertex 21.9869 63 2.17603
      vertex 21.695 63 1.99715
      vertex 21.2448 61.8 2.88079
    endloop
  endfacet
  facet normal 0.65803 0.635895 0.40328
    outer loop
      vertex 19.6308 61.8 3.40521
      vertex 18.926 63 2.66306
      vertex 18.7471 63 2.95497
    endloop
  endfacet
  facet normal -0.750491 0.635914 -0.179937
    outer loop
      vertex 21.8413 61.8 4.32082
      vertex 22.8648 63 4.29286
      vertex 21.8852 61.8 4.13772
    endloop
  endfacet
  facet normal -0.748209 0.633573 -0.196897
    outer loop
      vertex 22.8648 63 4.29286
      vertex 21.8413 61.8 4.32082
      vertex 22.8644 63 4.29438
    endloop
  endfacet
  facet normal -0.658137 0.635894 -0.403107
    outer loop
      vertex 22.4732 63 5.23827
      vertex 22.652 63 4.94635
      vertex 21.6708 61.8 4.65534
    endloop
  endfacet
  facet normal -0.586809 0.635895 -0.501292
    outer loop
      vertex 22.2508 63 5.49861
      vertex 22.4732 63 5.23827
      vertex 21.6708 61.8 4.65534
    endloop
  endfacet
  facet normal -0.501272 0.635893 -0.586828
    outer loop
      vertex 21.9883 63 5.72315
      vertex 22.2486 63 5.5008
      vertex 21.4053 61.8 4.92082
    endloop
  endfacet
  facet normal -0.180187 0.635879 -0.750461
    outer loop
      vertex 21.3773 63 6.03446
      vertex 21.0708 61.8 5.09127
      vertex 21.0444 63 6.11439
    endloop
  endfacet
  facet normal -0.403275 0.635892 -0.658035
    outer loop
      vertex 21.6964 63 5.90204
      vertex 21.9883 63 5.72315
      vertex 21.4053 61.8 4.92082
    endloop
  endfacet
  facet normal -0.303917 0.636205 -0.709139
    outer loop
      vertex 21.2448 61.8 5.01921
      vertex 21.6936 63 5.90345
      vertex 21.695 63 5.90285
    endloop
  endfacet
  facet normal -0.295306 0.635876 -0.713061
    outer loop
      vertex 21.6936 63 5.90345
      vertex 21.2448 61.8 5.01921
      vertex 21.0708 61.8 5.09127
    endloop
  endfacet
  facet normal 0.501275 0.635888 -0.586831
    outer loop
      vertex 19.4105 63 5.72214
      vertex 19.8515 61.8 4.79853
      vertex 19.1502 63 5.49979
    endloop
  endfacet
  facet normal 0.58687 0.63587 -0.501251
    outer loop
      vertex 19.7292 61.8 4.65534
      vertex 18.9279 63 5.23945
      vertex 19.8515 61.8 4.79853
    endloop
  endfacet
  facet normal 0.565524 0.63424 -0.527184
    outer loop
      vertex 18.9279 63 5.23945
      vertex 19.7292 61.8 4.65534
      vertex 18.9268 63 5.23827
    endloop
  endfacet
  facet normal 0.0605743 0.635878 -0.769409
    outer loop
      vertex 20.7 63 6.14174
      vertex 20.7 61.8 5.15
      vertex 20.3587 63 6.11487
    endloop
  endfacet
  facet normal -0.0605743 0.635878 -0.769409
    outer loop
      vertex 20.7 63 6.14174
      vertex 21.0413 63 6.11487
      vertex 20.7 61.8 5.15
    endloop
  endfacet
  facet normal -0.565524 0.63424 0.527184
    outer loop
      vertex 22.4721 63 2.66055
      vertex 21.6708 61.8 3.24466
      vertex 22.4732 63 2.66173
    endloop
  endfacet
  facet normal -0.58687 0.63587 0.501251
    outer loop
      vertex 21.6708 61.8 3.24466
      vertex 22.4721 63 2.66055
      vertex 21.5485 61.8 3.10147
    endloop
  endfacet
  facet normal 0.062507 0.635802 0.769317
    outer loop
      vertex 20.6984 63 1.75839
      vertex 20.7 61.8 2.75
      vertex 20.7 63 1.75826
    endloop
  endfacet
  facet normal 0.0605445 0.635878 0.769412
    outer loop
      vertex 20.7 61.8 2.75
      vertex 20.6984 63 1.75839
      vertex 20.5123 61.8 2.76477
    endloop
  endfacet
  facet normal 0.501275 0.635888 0.586831
    outer loop
      vertex 19.8515 61.8 3.10147
      vertex 19.4105 63 2.17786
      vertex 19.1502 63 2.40021
    endloop
  endfacet
  facet normal 0.586927 0.635884 0.501167
    outer loop
      vertex 19.8515 61.8 3.10147
      vertex 19.1502 63 2.40021
      vertex 18.9279 63 2.66055
    endloop
  endfacet
  facet normal 0.501191 0.635901 0.586888
    outer loop
      vertex 19.9947 61.8 2.97918
      vertex 19.4105 63 2.17786
      vertex 19.8515 61.8 3.10147
    endloop
  endfacet
  facet normal 0.496868 0.6361 0.590338
    outer loop
      vertex 19.4105 63 2.17786
      vertex 19.9947 61.8 2.97918
      vertex 19.4117 63 2.17685
    endloop
  endfacet
  facet normal 0.403362 0.635884 0.65799
    outer loop
      vertex 19.4131 63 2.17603
      vertex 19.9947 61.8 2.97918
      vertex 20.1552 61.8 2.88079
    endloop
  endfacet
  facet normal 0.390338 0.635221 0.666431
    outer loop
      vertex 19.9947 61.8 2.97918
      vertex 19.4131 63 2.17603
      vertex 19.4117 63 2.17685
    endloop
  endfacet
  facet normal 0.76941 0.635868 -0.060661
    outer loop
      vertex 19.5 61.8 3.95
      vertex 18.5084 63 3.95155
      vertex 19.5148 61.8 4.13772
    endloop
  endfacet
  facet normal 0.769885 0.636246 -0.04967
    outer loop
      vertex 18.5084 63 3.95155
      vertex 19.5 61.8 3.95
      vertex 18.5083 63 3.95
    endloop
  endfacet
  facet normal 0.769403 0.6359 -0.0604143
    outer loop
      vertex 18.5352 63 4.29286
      vertex 19.5148 61.8 4.13772
      vertex 18.5084 63 3.95155
    endloop
  endfacet
  facet normal -0.712991 0.635869 -0.295491
    outer loop
      vertex 21.7692 61.8 4.49479
      vertex 22.6534 63 4.94359
      vertex 21.8413 61.8 4.32082
    endloop
  endfacet
  facet normal -0.730936 0.633498 -0.253797
    outer loop
      vertex 22.6534 63 4.94359
      vertex 21.7692 61.8 4.49479
      vertex 22.6529 63 4.94503
    endloop
  endfacet
  facet normal -0.712982 0.635871 -0.295507
    outer loop
      vertex 22.6534 63 4.94359
      vertex 22.7845 63 4.62728
      vertex 21.8413 61.8 4.32082
    endloop
  endfacet
  facet normal -0.180113 0.635888 -0.75047
    outer loop
      vertex 21.0708 61.8 5.09127
      vertex 21.0429 63 6.11475
      vertex 21.0444 63 6.11439
    endloop
  endfacet
  facet normal -0.180176 0.63588 -0.750462
    outer loop
      vertex 21.0429 63 6.11475
      vertex 21.0708 61.8 5.09127
      vertex 20.8877 61.8 5.13523
    endloop
  endfacet
  facet normal -0.295339 0.635881 -0.713043
    outer loop
      vertex 21.3773 63 6.03446
      vertex 21.6936 63 5.90345
      vertex 21.0708 61.8 5.09127
    endloop
  endfacet
  facet normal -0.497101 0.63566 -0.590615
    outer loop
      vertex 21.5485 61.8 4.79853
      vertex 22.2486 63 5.5008
      vertex 22.2498 63 5.49979
    endloop
  endfacet
  facet normal -0.501202 0.635879 -0.586902
    outer loop
      vertex 22.2486 63 5.5008
      vertex 21.5485 61.8 4.79853
      vertex 21.4053 61.8 4.92082
    endloop
  endfacet
  facet normal 0.65803 0.635895 -0.40328
    outer loop
      vertex 18.926 63 5.23694
      vertex 19.6308 61.8 4.49479
      vertex 18.7471 63 4.94503
    endloop
  endfacet
  facet normal 0.295339 0.635881 -0.713043
    outer loop
      vertex 20.0227 63 6.03446
      vertex 20.3292 61.8 5.09127
      vertex 19.7064 63 5.90345
    endloop
  endfacet
  facet normal 0.713043 0.635896 -0.295307
    outer loop
      vertex 18.7471 63 4.94503
      vertex 19.6308 61.8 4.49479
      vertex 18.6161 63 4.62872
    endloop
  endfacet
  facet normal 0.496868 0.6361 -0.590338
    outer loop
      vertex 19.9947 61.8 4.92082
      vertex 19.4105 63 5.72214
      vertex 19.4117 63 5.72315
    endloop
  endfacet
  facet normal 0.501191 0.635901 -0.586888
    outer loop
      vertex 19.4105 63 5.72214
      vertex 19.9947 61.8 4.92082
      vertex 19.8515 61.8 4.79853
    endloop
  endfacet
  facet normal -0.390338 0.635221 0.666431
    outer loop
      vertex 21.9869 63 2.17603
      vertex 21.4053 61.8 2.97918
      vertex 21.9883 63 2.17685
    endloop
  endfacet
  facet normal -0.403362 0.635884 0.65799
    outer loop
      vertex 21.4053 61.8 2.97918
      vertex 21.9869 63 2.17603
      vertex 21.2448 61.8 2.88079
    endloop
  endfacet
  facet normal 0.060552 0.635877 0.769412
    outer loop
      vertex 20.5123 61.8 2.76477
      vertex 20.6984 63 1.75839
      vertex 20.3571 63 1.78525
    endloop
  endfacet
  facet normal 0.180176 0.635882 0.75046
    outer loop
      vertex 20.0242 63 1.86517
      vertex 20.3292 61.8 2.80873
      vertex 20.5123 61.8 2.76477
    endloop
  endfacet
  facet normal 0.180115 0.635879 0.750477
    outer loop
      vertex 20.3292 61.8 2.80873
      vertex 20.0242 63 1.86517
      vertex 20.0227 63 1.86553
    endloop
  endfacet
  facet normal 0.58687 0.63587 0.501251
    outer loop
      vertex 18.9279 63 2.66055
      vertex 19.7292 61.8 3.24466
      vertex 19.8515 61.8 3.10147
    endloop
  endfacet
  facet normal 0.565524 0.63424 0.527184
    outer loop
      vertex 19.7292 61.8 3.24466
      vertex 18.9279 63 2.66055
      vertex 18.9268 63 2.66173
    endloop
  endfacet
  facet normal 0.658018 0.635897 0.403295
    outer loop
      vertex 19.7292 61.8 3.24466
      vertex 18.926 63 2.66306
      vertex 19.6308 61.8 3.40521
    endloop
  endfacet
  facet normal 0.661532 0.635641 0.397914
    outer loop
      vertex 18.926 63 2.66306
      vertex 19.7292 61.8 3.24466
      vertex 18.9268 63 2.66173
    endloop
  endfacet
  facet normal -0.65802 0.635894 -0.403296
    outer loop
      vertex 21.6708 61.8 4.65534
      vertex 22.6529 63 4.94503
      vertex 21.7692 61.8 4.49479
    endloop
  endfacet
  facet normal -0.641343 0.630449 -0.437279
    outer loop
      vertex 22.6529 63 4.94503
      vertex 21.6708 61.8 4.65534
      vertex 22.652 63 4.94635
    endloop
  endfacet
  facet normal -0.385494 0.638325 -0.666285
    outer loop
      vertex 21.4053 61.8 4.92082
      vertex 21.695 63 5.90285
      vertex 21.6964 63 5.90204
    endloop
  endfacet
  facet normal -0.403371 0.635864 -0.658004
    outer loop
      vertex 21.695 63 5.90285
      vertex 21.4053 61.8 4.92082
      vertex 21.2448 61.8 5.01921
    endloop
  endfacet
  facet normal 0.0605448 0.635874 -0.769414
    outer loop
      vertex 20.5123 61.8 5.13523
      vertex 20.3587 63 6.11487
      vertex 20.7 61.8 5.15
    endloop
  endfacet
  facet normal 0.0577291 0.635764 -0.769721
    outer loop
      vertex 20.3587 63 6.11487
      vertex 20.5123 61.8 5.13523
      vertex 20.3571 63 6.11475
    endloop
  endfacet
  facet normal 0.180176 0.63588 -0.750462
    outer loop
      vertex 20.3292 61.8 5.09127
      vertex 20.3571 63 6.11475
      vertex 20.5123 61.8 5.13523
    endloop
  endfacet
  facet normal 0.180113 0.635888 -0.75047
    outer loop
      vertex 20.3571 63 6.11475
      vertex 20.3292 61.8 5.09127
      vertex 20.3556 63 6.11439
    endloop
  endfacet
  facet normal 0.403275 0.635892 -0.658035
    outer loop
      vertex 19.7036 63 5.90204
      vertex 19.9947 61.8 4.92082
      vertex 19.4117 63 5.72315
    endloop
  endfacet
  facet normal 0.75041 0.635898 -0.180327
    outer loop
      vertex 18.6152 63 4.62577
      vertex 19.5148 61.8 4.13772
      vertex 18.5352 63 4.29286
    endloop
  endfacet
  facet normal 0.758185 0.634402 -0.150633
    outer loop
      vertex 19.5587 61.8 4.32082
      vertex 18.6152 63 4.62577
      vertex 18.6155 63 4.62728
    endloop
  endfacet
  facet normal 0.750545 0.635846 -0.17995
    outer loop
      vertex 18.6152 63 4.62577
      vertex 19.5587 61.8 4.32082
      vertex 19.5148 61.8 4.13772
    endloop
  endfacet
  facet normal 0.586927 0.635884 -0.501167
    outer loop
      vertex 19.1502 63 5.49979
      vertex 19.8515 61.8 4.79853
      vertex 18.9279 63 5.23945
    endloop
  endfacet
  facet normal 0.661532 0.635641 -0.397914
    outer loop
      vertex 19.7292 61.8 4.65534
      vertex 18.926 63 5.23694
      vertex 18.9268 63 5.23827
    endloop
  endfacet
  facet normal 0.658018 0.635897 -0.403295
    outer loop
      vertex 18.926 63 5.23694
      vertex 19.7292 61.8 4.65534
      vertex 19.6308 61.8 4.49479
    endloop
  endfacet
  facet normal -0.501191 0.635901 0.586888
    outer loop
      vertex 21.9895 63 2.17786
      vertex 21.4053 61.8 2.97918
      vertex 21.5485 61.8 3.10147
    endloop
  endfacet
  facet normal -0.496868 0.6361 0.590338
    outer loop
      vertex 21.4053 61.8 2.97918
      vertex 21.9895 63 2.17786
      vertex 21.9883 63 2.17685
    endloop
  endfacet
  facet normal -0.295362 0.635871 0.713043
    outer loop
      vertex 21.695 63 1.99715
      vertex 21.3787 63 1.86613
      vertex 21.2448 61.8 2.88079
    endloop
  endfacet
  facet normal -0.062507 0.635802 0.769317
    outer loop
      vertex 20.7 61.8 2.75
      vertex 20.7016 63 1.75839
      vertex 20.7 63 1.75826
    endloop
  endfacet
  facet normal -0.0605445 0.635878 0.769412
    outer loop
      vertex 20.7016 63 1.75839
      vertex 20.7 61.8 2.75
      vertex 20.8877 61.8 2.76477
    endloop
  endfacet
  facet normal 0.403269 0.635868 0.658062
    outer loop
      vertex 20.1552 61.8 2.88079
      vertex 19.705 63 1.99715
      vertex 19.4131 63 2.17603
    endloop
  endfacet
  facet normal 0.295362 0.635871 0.713043
    outer loop
      vertex 20.1552 61.8 2.88079
      vertex 20.0213 63 1.86613
      vertex 19.705 63 1.99715
    endloop
  endfacet
  facet normal 0.769403 0.6359 0.0604143
    outer loop
      vertex 19.5148 61.8 3.76228
      vertex 18.5352 63 3.60714
      vertex 18.5084 63 3.94845
    endloop
  endfacet
  facet normal 0.75041 0.635898 0.180327
    outer loop
      vertex 19.5148 61.8 3.76228
      vertex 18.6152 63 3.27423
      vertex 18.5352 63 3.60714
    endloop
  endfacet
  facet normal 0.713043 0.635896 0.295307
    outer loop
      vertex 19.6308 61.8 3.40521
      vertex 18.7471 63 2.95497
      vertex 18.6161 63 3.27128
    endloop
  endfacet
  facet normal 0.403371 0.635864 -0.658004
    outer loop
      vertex 19.9947 61.8 4.92082
      vertex 19.705 63 5.90285
      vertex 20.1552 61.8 5.01921
    endloop
  endfacet
  facet normal 0.385494 0.638325 -0.666285
    outer loop
      vertex 19.705 63 5.90285
      vertex 19.9947 61.8 4.92082
      vertex 19.7036 63 5.90204
    endloop
  endfacet
  facet normal 0.295306 0.635876 -0.713061
    outer loop
      vertex 20.1552 61.8 5.01921
      vertex 19.7064 63 5.90345
      vertex 20.3292 61.8 5.09127
    endloop
  endfacet
  facet normal 0.303917 0.636205 -0.709139
    outer loop
      vertex 19.7064 63 5.90345
      vertex 20.1552 61.8 5.01921
      vertex 19.705 63 5.90285
    endloop
  endfacet
  facet normal -0.750478 0.635876 0.180124
    outer loop
      vertex 22.8644 63 3.60562
      vertex 22.7845 63 3.27272
      vertex 21.8413 61.8 3.57918
    endloop
  endfacet
  facet normal -0.748209 0.633573 0.196897
    outer loop
      vertex 21.8413 61.8 3.57918
      vertex 22.8648 63 3.60714
      vertex 22.8644 63 3.60562
    endloop
  endfacet
  facet normal -0.750491 0.635914 0.179937
    outer loop
      vertex 22.8648 63 3.60714
      vertex 21.8413 61.8 3.57918
      vertex 21.8852 61.8 3.76228
    endloop
  endfacet
  facet normal -0.501275 0.635888 0.586831
    outer loop
      vertex 22.2498 63 2.40021
      vertex 21.9895 63 2.17786
      vertex 21.5485 61.8 3.10147
    endloop
  endfacet
  facet normal -0.586927 0.635884 0.501167
    outer loop
      vertex 22.4721 63 2.66055
      vertex 22.2498 63 2.40021
      vertex 21.5485 61.8 3.10147
    endloop
  endfacet
  facet normal -0.060552 0.635877 0.769412
    outer loop
      vertex 20.8877 61.8 2.76477
      vertex 21.0429 63 1.78525
      vertex 20.7016 63 1.75839
    endloop
  endfacet
  facet normal 0.295303 0.635886 0.713054
    outer loop
      vertex 20.0227 63 1.86553
      vertex 20.1552 61.8 2.88079
      vertex 20.3292 61.8 2.80873
    endloop
  endfacet
  facet normal 0.304435 0.634605 0.710349
    outer loop
      vertex 20.1552 61.8 2.88079
      vertex 20.0227 63 1.86553
      vertex 20.0213 63 1.86613
    endloop
  endfacet
  facet normal 0.750545 0.635846 0.17995
    outer loop
      vertex 19.5587 61.8 3.57918
      vertex 18.6152 63 3.27423
      vertex 19.5148 61.8 3.76228
    endloop
  endfacet
  facet normal 0.758185 0.634402 0.150633
    outer loop
      vertex 18.6152 63 3.27423
      vertex 19.5587 61.8 3.57918
      vertex 18.6155 63 3.27272
    endloop
  endfacet
  facet normal 0.712988 0.635872 0.29549
    outer loop
      vertex 19.6308 61.8 3.40521
      vertex 18.6155 63 3.27272
      vertex 19.5587 61.8 3.57918
    endloop
  endfacet
  facet normal 0.712574 0.635678 0.296906
    outer loop
      vertex 18.6155 63 3.27272
      vertex 19.6308 61.8 3.40521
      vertex 18.6161 63 3.27128
    endloop
  endfacet
  facet normal -0.712982 0.635871 0.295507
    outer loop
      vertex 22.7845 63 3.27272
      vertex 22.6534 63 2.95641
      vertex 21.8413 61.8 3.57918
    endloop
  endfacet
  facet normal -0.180166 0.63588 0.750464
    outer loop
      vertex 21.3758 63 1.86517
      vertex 21.0429 63 1.78525
      vertex 20.8877 61.8 2.76477
    endloop
  endfacet
  facet normal -0.641343 0.630449 0.437279
    outer loop
      vertex 21.6708 61.8 3.24466
      vertex 22.6529 63 2.95497
      vertex 22.652 63 2.95365
    endloop
  endfacet
  facet normal -0.65802 0.635894 0.403296
    outer loop
      vertex 22.6529 63 2.95497
      vertex 21.6708 61.8 3.24466
      vertex 21.7692 61.8 3.40521
    endloop
  endfacet
  facet normal -0.658137 0.635894 0.403107
    outer loop
      vertex 22.652 63 2.95365
      vertex 22.4732 63 2.66173
      vertex 21.6708 61.8 3.24466
    endloop
  endfacet
  facet normal -0.180115 0.635879 0.750477
    outer loop
      vertex 21.3758 63 1.86517
      vertex 21.0708 61.8 2.80873
      vertex 21.3773 63 1.86553
    endloop
  endfacet
  facet normal -0.180176 0.635882 0.75046
    outer loop
      vertex 21.0708 61.8 2.80873
      vertex 21.3758 63 1.86517
      vertex 20.8877 61.8 2.76477
    endloop
  endfacet
  facet normal -0.304435 0.634605 0.710349
    outer loop
      vertex 21.3773 63 1.86553
      vertex 21.2448 61.8 2.88079
      vertex 21.3787 63 1.86613
    endloop
  endfacet
  facet normal -0.295303 0.635886 0.713054
    outer loop
      vertex 21.2448 61.8 2.88079
      vertex 21.3773 63 1.86553
      vertex 21.0708 61.8 2.80873
    endloop
  endfacet
  facet normal -0.730936 0.633498 0.253797
    outer loop
      vertex 21.7692 61.8 3.40521
      vertex 22.6534 63 2.95641
      vertex 22.6529 63 2.95497
    endloop
  endfacet
  facet normal -0.712991 0.635869 0.295491
    outer loop
      vertex 22.6534 63 2.95641
      vertex 21.7692 61.8 3.40521
      vertex 21.8413 61.8 3.57918
    endloop
  endfacet
  facet normal -0.996855 0 0.079245
    outer loop
      vertex 23.8112 59 3.45723
      vertex 23.8146 61 3.5
      vertex 23.8112 61 3.45723
    endloop
  endfacet
  facet normal -0.996855 0 0.079245
    outer loop
      vertex 23.8146 61 3.5
      vertex 23.8112 59 3.45723
      vertex 23.8146 59 3.5
    endloop
  endfacet
  facet normal 0.996855 -0 0.079245
    outer loop
      vertex 17.5854 59 3.5
      vertex 17.5888 61 3.45723
      vertex 17.5854 61 3.5
    endloop
  endfacet
  facet normal 0.996855 0 0.079245
    outer loop
      vertex 17.5888 61 3.45723
      vertex 17.5854 59 3.5
      vertex 17.5888 59 3.45723
    endloop
  endfacet
  facet normal -0.923922 0 0.382582
    outer loop
      vertex 23.5067 59 2.51993
      vertex 23.6958 61 2.9766
      vertex 23.5067 61 2.51993
    endloop
  endfacet
  facet normal -0.923922 0 0.382582
    outer loop
      vertex 23.6958 61 2.9766
      vertex 23.5067 59 2.51993
      vertex 23.6958 59 2.9766
    endloop
  endfacet
  facet normal -0.972365 0 0.233466
    outer loop
      vertex 23.6958 59 2.9766
      vertex 23.8112 61 3.45723
      vertex 23.6958 61 2.9766
    endloop
  endfacet
  facet normal -0.972365 0 0.233466
    outer loop
      vertex 23.8112 61 3.45723
      vertex 23.6958 59 2.9766
      vertex 23.8112 59 3.45723
    endloop
  endfacet
  facet normal -0.852594 0 0.522574
    outer loop
      vertex 23.3719 59 2.3
      vertex 23.5067 61 2.51993
      vertex 23.3719 61 2.3
    endloop
  endfacet
  facet normal -0.852594 0 0.522574
    outer loop
      vertex 23.5067 61 2.51993
      vertex 23.3719 59 2.3
      vertex 23.5067 59 2.51993
    endloop
  endfacet
  facet normal 0.923922 -0 0.382582
    outer loop
      vertex 17.7042 59 2.9766
      vertex 17.8933 61 2.51993
      vertex 17.7042 61 2.9766
    endloop
  endfacet
  facet normal 0.923922 0 0.382582
    outer loop
      vertex 17.8933 61 2.51993
      vertex 17.7042 59 2.9766
      vertex 17.8933 59 2.51993
    endloop
  endfacet
  facet normal 0.852594 -0 0.522574
    outer loop
      vertex 17.8933 59 2.51993
      vertex 18.0281 61 2.3
      vertex 17.8933 61 2.51993
    endloop
  endfacet
  facet normal 0.852594 0 0.522574
    outer loop
      vertex 18.0281 61 2.3
      vertex 17.8933 59 2.51993
      vertex 18.0281 59 2.3
    endloop
  endfacet
  facet normal 0.972365 -0 0.233466
    outer loop
      vertex 17.5888 59 3.45723
      vertex 17.7042 61 2.9766
      vertex 17.5888 61 3.45723
    endloop
  endfacet
  facet normal 0.972365 0 0.233466
    outer loop
      vertex 17.7042 61 2.9766
      vertex 17.5888 59 3.45723
      vertex 17.7042 59 2.9766
    endloop
  endfacet
  facet normal 1 -0 0
    outer loop
      vertex 12.6 61 14.9
      vertex 12.6 62 9.1
      vertex 12.6 62 14.9
    endloop
  endfacet
  facet normal 1 0 0
    outer loop
      vertex 12.6 62 9.1
      vertex 12.6 61 14.9
      vertex 12.6 61 9.1
    endloop
  endfacet
  facet normal 0.996906 0 -0.0785993
    outer loop
      vertex 12.6259 61 15.2285
      vertex 12.6 62 14.9
      vertex 12.6259 62 15.2285
    endloop
  endfacet
  facet normal 0.996906 0 -0.0785993
    outer loop
      vertex 12.6 62 14.9
      vertex 12.6259 61 15.2285
      vertex 12.6 61 14.9
    endloop
  endfacet
  facet normal 0.972385 0 -0.233384
    outer loop
      vertex 12.7028 61 15.5489
      vertex 12.6259 62 15.2285
      vertex 12.7028 62 15.5489
    endloop
  endfacet
  facet normal 0.972385 0 -0.233384
    outer loop
      vertex 12.6259 62 15.2285
      vertex 12.7028 61 15.5489
      vertex 12.6259 61 15.2285
    endloop
  endfacet
  facet normal -0.972385 0 -0.233384
    outer loop
      vertex 16.7741 61 15.2285
      vertex 16.6972 62 15.5489
      vertex 16.7741 62 15.2285
    endloop
  endfacet
  facet normal -0.972385 -0 -0.233384
    outer loop
      vertex 16.6972 62 15.5489
      vertex 16.7741 61 15.2285
      vertex 16.6972 61 15.5489
    endloop
  endfacet
  facet normal 0.92391 0 -0.382611
    outer loop
      vertex 12.8289 61 15.8534
      vertex 12.7028 62 15.5489
      vertex 12.8289 62 15.8534
    endloop
  endfacet
  facet normal 0.92391 0 -0.382611
    outer loop
      vertex 12.7028 62 15.5489
      vertex 12.8289 61 15.8534
      vertex 12.7028 61 15.5489
    endloop
  endfacet
  facet normal 0.996906 -0 0.0785969
    outer loop
      vertex 12.6 61 9.1
      vertex 12.6259 62 8.77149
      vertex 12.6 62 9.1
    endloop
  endfacet
  facet normal 0.996906 0 0.0785969
    outer loop
      vertex 12.6259 62 8.77149
      vertex 12.6 61 9.1
      vertex 12.6259 61 8.77149
    endloop
  endfacet
  facet normal -0.996906 0 0.0785969
    outer loop
      vertex 16.7741 61 8.77149
      vertex 16.8 62 9.1
      vertex 16.7741 62 8.77149
    endloop
  endfacet
  facet normal -0.996906 0 0.0785969
    outer loop
      vertex 16.8 62 9.1
      vertex 16.7741 61 8.77149
      vertex 16.8 61 9.1
    endloop
  endfacet
  facet normal 0.649391 0 -0.760455
    outer loop
      vertex 13.2151 61 16.3849
      vertex 13.4657 62 16.5989
      vertex 13.4657 61 16.5989
    endloop
  endfacet
  facet normal 0.649391 0 -0.760455
    outer loop
      vertex 13.4657 62 16.5989
      vertex 13.2151 61 16.3849
      vertex 13.2151 62 16.3849
    endloop
  endfacet
  facet normal 0.852553 0 -0.52264
    outer loop
      vertex 13.0011 61 16.1343
      vertex 12.8289 62 15.8534
      vertex 13.0011 62 16.1343
    endloop
  endfacet
  facet normal 0.852553 0 -0.52264
    outer loop
      vertex 12.8289 62 15.8534
      vertex 13.0011 61 16.1343
      vertex 12.8289 61 15.8534
    endloop
  endfacet
  facet normal 0.923887 -0 0.382664
    outer loop
      vertex 12.7028 61 8.45107
      vertex 12.8289 62 8.14662
      vertex 12.7028 62 8.45107
    endloop
  endfacet
  facet normal 0.923887 0 0.382664
    outer loop
      vertex 12.8289 62 8.14662
      vertex 12.7028 61 8.45107
      vertex 12.8289 61 8.14662
    endloop
  endfacet
  facet normal -1 0 0
    outer loop
      vertex 16.8 61 9.1
      vertex 16.8 62 14.9
      vertex 16.8 62 9.1
    endloop
  endfacet
  facet normal -1 -0 0
    outer loop
      vertex 16.8 62 14.9
      vertex 16.8 61 9.1
      vertex 16.8 61 14.9
    endloop
  endfacet
  facet normal -0.760455 0 -0.649391
    outer loop
      vertex 16.3989 61 16.1343
      vertex 16.1849 62 16.3849
      vertex 16.3989 62 16.1343
    endloop
  endfacet
  facet normal -0.760455 -0 -0.649391
    outer loop
      vertex 16.1849 62 16.3849
      vertex 16.3989 61 16.1343
      vertex 16.1849 61 16.3849
    endloop
  endfacet
  facet normal 0.760455 0 -0.649391
    outer loop
      vertex 13.2151 61 16.3849
      vertex 13.0011 62 16.1343
      vertex 13.2151 62 16.3849
    endloop
  endfacet
  facet normal 0.760455 0 -0.649391
    outer loop
      vertex 13.0011 62 16.1343
      vertex 13.2151 61 16.3849
      vertex 13.0011 61 16.1343
    endloop
  endfacet
  facet normal -0.233442 0 0.972371
    outer loop
      vertex 15.0285 62 7.02586
      vertex 15.3489 61 7.10278
      vertex 15.3489 62 7.10278
    endloop
  endfacet
  facet normal -0.233442 0 0.972371
    outer loop
      vertex 15.3489 61 7.10278
      vertex 15.0285 62 7.02586
      vertex 15.0285 61 7.02586
    endloop
  endfacet
  facet normal -0.852611 0 0.522546
    outer loop
      vertex 16.3989 61 7.86565
      vertex 16.5711 62 8.14662
      vertex 16.3989 62 7.86565
    endloop
  endfacet
  facet normal -0.852611 0 0.522546
    outer loop
      vertex 16.5711 62 8.14662
      vertex 16.3989 61 7.86565
      vertex 16.5711 61 8.14662
    endloop
  endfacet
  facet normal -0.996906 0 -0.0785993
    outer loop
      vertex 16.8 61 14.9
      vertex 16.7741 62 15.2285
      vertex 16.8 62 14.9
    endloop
  endfacet
  facet normal -0.996906 -0 -0.0785993
    outer loop
      vertex 16.7741 62 15.2285
      vertex 16.8 61 14.9
      vertex 16.7741 61 15.2285
    endloop
  endfacet
  facet normal 0.0785993 0 -0.996906
    outer loop
      vertex 14.3715 61 16.9741
      vertex 14.7 62 17
      vertex 14.7 61 17
    endloop
  endfacet
  facet normal 0.0785993 0 -0.996906
    outer loop
      vertex 14.7 62 17
      vertex 14.3715 61 16.9741
      vertex 14.3715 62 16.9741
    endloop
  endfacet
  facet normal -0.0785993 0 -0.996906
    outer loop
      vertex 14.7 61 17
      vertex 15.0285 62 16.9741
      vertex 15.0285 61 16.9741
    endloop
  endfacet
  facet normal -0.0785993 0 -0.996906
    outer loop
      vertex 15.0285 62 16.9741
      vertex 14.7 61 17
      vertex 14.7 62 17
    endloop
  endfacet
  facet normal 0.52264 0 -0.852553
    outer loop
      vertex 13.4657 61 16.5989
      vertex 13.7466 62 16.7711
      vertex 13.7466 61 16.7711
    endloop
  endfacet
  facet normal 0.52264 0 -0.852553
    outer loop
      vertex 13.7466 62 16.7711
      vertex 13.4657 61 16.5989
      vertex 13.4657 62 16.5989
    endloop
  endfacet
  facet normal -0.233384 0 -0.972385
    outer loop
      vertex 15.0285 61 16.9741
      vertex 15.3489 62 16.8972
      vertex 15.3489 61 16.8972
    endloop
  endfacet
  facet normal -0.233384 0 -0.972385
    outer loop
      vertex 15.3489 62 16.8972
      vertex 15.0285 61 16.9741
      vertex 15.0285 62 16.9741
    endloop
  endfacet
  facet normal -0.649391 0 -0.760455
    outer loop
      vertex 15.9343 61 16.5989
      vertex 16.1849 62 16.3849
      vertex 16.1849 61 16.3849
    endloop
  endfacet
  facet normal -0.649391 0 -0.760455
    outer loop
      vertex 16.1849 62 16.3849
      vertex 15.9343 61 16.5989
      vertex 15.9343 62 16.5989
    endloop
  endfacet
  facet normal -0.52264 0 -0.852553
    outer loop
      vertex 15.6534 61 16.7711
      vertex 15.9343 62 16.5989
      vertex 15.9343 61 16.5989
    endloop
  endfacet
  facet normal -0.52264 0 -0.852553
    outer loop
      vertex 15.9343 62 16.5989
      vertex 15.6534 61 16.7711
      vertex 15.6534 62 16.7711
    endloop
  endfacet
  facet normal -0.852553 0 -0.52264
    outer loop
      vertex 16.5711 61 15.8534
      vertex 16.3989 62 16.1343
      vertex 16.5711 62 15.8534
    endloop
  endfacet
  facet normal -0.852553 -0 -0.52264
    outer loop
      vertex 16.3989 62 16.1343
      vertex 16.5711 61 15.8534
      vertex 16.3989 61 16.1343
    endloop
  endfacet
  facet normal -0.92391 0 -0.382611
    outer loop
      vertex 16.6972 61 15.5489
      vertex 16.5711 62 15.8534
      vertex 16.6972 62 15.5489
    endloop
  endfacet
  facet normal -0.92391 -0 -0.382611
    outer loop
      vertex 16.5711 62 15.8534
      vertex 16.6972 61 15.5489
      vertex 16.5711 61 15.8534
    endloop
  endfacet
  facet normal 0.972388 -0 0.233371
    outer loop
      vertex 12.6259 61 8.77149
      vertex 12.7028 62 8.45107
      vertex 12.6259 62 8.77149
    endloop
  endfacet
  facet normal 0.972388 0 0.233371
    outer loop
      vertex 12.7028 62 8.45107
      vertex 12.6259 61 8.77149
      vertex 12.7028 61 8.45107
    endloop
  endfacet
  facet normal 0.760416 -0 0.649436
    outer loop
      vertex 13.0011 61 7.86565
      vertex 13.2151 62 7.61508
      vertex 13.0011 62 7.86565
    endloop
  endfacet
  facet normal 0.760416 0 0.649436
    outer loop
      vertex 13.2151 62 7.61508
      vertex 13.0011 61 7.86565
      vertex 13.2151 61 7.61508
    endloop
  endfacet
  facet normal 0.233442 0 0.972371
    outer loop
      vertex 14.0511 62 7.10278
      vertex 14.3715 61 7.02586
      vertex 14.3715 62 7.02586
    endloop
  endfacet
  facet normal 0.233442 0 0.972371
    outer loop
      vertex 14.3715 61 7.02586
      vertex 14.0511 62 7.10278
      vertex 14.0511 61 7.10278
    endloop
  endfacet
  facet normal 0.382611 0 -0.92391
    outer loop
      vertex 13.7466 61 16.7711
      vertex 14.0511 62 16.8972
      vertex 14.0511 61 16.8972
    endloop
  endfacet
  facet normal 0.382611 0 -0.92391
    outer loop
      vertex 14.0511 62 16.8972
      vertex 13.7466 61 16.7711
      vertex 13.7466 62 16.7711
    endloop
  endfacet
  facet normal -0.0784787 0 0.996916
    outer loop
      vertex 14.7 62 7
      vertex 15.0285 61 7.02586
      vertex 15.0285 62 7.02586
    endloop
  endfacet
  facet normal -0.0784787 0 0.996916
    outer loop
      vertex 15.0285 61 7.02586
      vertex 14.7 62 7
      vertex 14.7 61 7
    endloop
  endfacet
  facet normal 0.852611 -0 0.522546
    outer loop
      vertex 12.8289 61 8.14662
      vertex 13.0011 62 7.86565
      vertex 12.8289 62 8.14662
    endloop
  endfacet
  facet normal 0.852611 0 0.522546
    outer loop
      vertex 13.0011 62 7.86565
      vertex 12.8289 61 8.14662
      vertex 13.0011 61 7.86565
    endloop
  endfacet
  facet normal 0.0784787 0 0.996916
    outer loop
      vertex 14.3715 62 7.02586
      vertex 14.7 61 7
      vertex 14.7 62 7
    endloop
  endfacet
  facet normal 0.0784787 0 0.996916
    outer loop
      vertex 14.7 61 7
      vertex 14.3715 62 7.02586
      vertex 14.3715 61 7.02586
    endloop
  endfacet
  facet normal 0.382637 0 0.923899
    outer loop
      vertex 13.7466 62 7.22889
      vertex 14.0511 61 7.10278
      vertex 14.0511 62 7.10278
    endloop
  endfacet
  facet normal 0.382637 0 0.923899
    outer loop
      vertex 14.0511 61 7.10278
      vertex 13.7466 62 7.22889
      vertex 13.7466 61 7.22889
    endloop
  endfacet
  facet normal -0.923887 0 0.382664
    outer loop
      vertex 16.5711 61 8.14662
      vertex 16.6972 62 8.45107
      vertex 16.5711 62 8.14662
    endloop
  endfacet
  facet normal -0.923887 0 0.382664
    outer loop
      vertex 16.6972 62 8.45107
      vertex 16.5711 61 8.14662
      vertex 16.6972 61 8.45107
    endloop
  endfacet
  facet normal -0.972388 0 0.233371
    outer loop
      vertex 16.6972 61 8.45107
      vertex 16.7741 62 8.77149
      vertex 16.6972 62 8.45107
    endloop
  endfacet
  facet normal -0.972388 0 0.233371
    outer loop
      vertex 16.7741 62 8.77149
      vertex 16.6972 61 8.45107
      vertex 16.7741 61 8.77149
    endloop
  endfacet
  facet normal -0.649426 0 0.760425
    outer loop
      vertex 15.9343 62 7.40106
      vertex 16.1849 61 7.61508
      vertex 16.1849 62 7.61508
    endloop
  endfacet
  facet normal -0.649426 0 0.760425
    outer loop
      vertex 16.1849 61 7.61508
      vertex 15.9343 62 7.40106
      vertex 15.9343 61 7.40106
    endloop
  endfacet
  facet normal -0.760416 0 0.649436
    outer loop
      vertex 16.1849 61 7.61508
      vertex 16.3989 62 7.86565
      vertex 16.1849 62 7.61508
    endloop
  endfacet
  facet normal -0.760416 0 0.649436
    outer loop
      vertex 16.3989 62 7.86565
      vertex 16.1849 61 7.61508
      vertex 16.3989 61 7.86565
    endloop
  endfacet
  facet normal -0.382637 0 0.923899
    outer loop
      vertex 15.3489 62 7.10278
      vertex 15.6534 61 7.22889
      vertex 15.6534 62 7.22889
    endloop
  endfacet
  facet normal -0.382637 0 0.923899
    outer loop
      vertex 15.6534 61 7.22889
      vertex 15.3489 62 7.10278
      vertex 15.3489 61 7.10278
    endloop
  endfacet
  facet normal -0.522574 0 0.852594
    outer loop
      vertex 15.6534 62 7.22889
      vertex 15.9343 61 7.40106
      vertex 15.9343 62 7.40106
    endloop
  endfacet
  facet normal -0.522574 0 0.852594
    outer loop
      vertex 15.9343 61 7.40106
      vertex 15.6534 62 7.22889
      vertex 15.6534 61 7.22889
    endloop
  endfacet
  facet normal 0.233384 0 -0.972385
    outer loop
      vertex 14.0511 61 16.8972
      vertex 14.3715 62 16.9741
      vertex 14.3715 61 16.9741
    endloop
  endfacet
  facet normal 0.233384 0 -0.972385
    outer loop
      vertex 14.3715 62 16.9741
      vertex 14.0511 61 16.8972
      vertex 14.0511 62 16.8972
    endloop
  endfacet
  facet normal -0.382611 0 -0.92391
    outer loop
      vertex 15.3489 61 16.8972
      vertex 15.6534 62 16.7711
      vertex 15.6534 61 16.7711
    endloop
  endfacet
  facet normal -0.382611 0 -0.92391
    outer loop
      vertex 15.6534 62 16.7711
      vertex 15.3489 61 16.8972
      vertex 15.3489 62 16.8972
    endloop
  endfacet
  facet normal 0.649426 0 0.760425
    outer loop
      vertex 13.2151 62 7.61508
      vertex 13.4657 61 7.40106
      vertex 13.4657 62 7.40106
    endloop
  endfacet
  facet normal 0.649426 0 0.760425
    outer loop
      vertex 13.4657 61 7.40106
      vertex 13.2151 62 7.61508
      vertex 13.2151 61 7.61508
    endloop
  endfacet
  facet normal 0.522574 0 0.852594
    outer loop
      vertex 13.4657 62 7.40106
      vertex 13.7466 61 7.22889
      vertex 13.7466 62 7.22889
    endloop
  endfacet
  facet normal 0.522574 0 0.852594
    outer loop
      vertex 13.7466 61 7.22889
      vertex 13.4657 62 7.40106
      vertex 13.4657 61 7.40106
    endloop
  endfacet
  facet normal -0.996916 0 -0.0784787
    outer loop
      vertex 18.2 62 14.75
      vertex 18.1569 63 15.2975
      vertex 18.2 63 14.75
    endloop
  endfacet
  facet normal -0.996916 -0 -0.0784787
    outer loop
      vertex 18.1569 63 15.2975
      vertex 18.2 62 14.75
      vertex 18.1569 62 15.2975
    endloop
  endfacet
  facet normal -0.522481 0 -0.852651
    outer loop
      vertex 16.289 62 17.8685
      vertex 16.7572 63 17.5816
      vertex 16.7572 62 17.5816
    endloop
  endfacet
  facet normal -0.522481 0 -0.852651
    outer loop
      vertex 16.7572 63 17.5816
      vertex 16.289 62 17.8685
      vertex 16.289 63 17.8685
    endloop
  endfacet
  facet normal 0.996916 0 -0.0784787
    outer loop
      vertex 11.2431 62 15.2975
      vertex 11.2 63 14.75
      vertex 11.2431 63 15.2975
    endloop
  endfacet
  facet normal 0.996916 0 -0.0784787
    outer loop
      vertex 11.2 63 14.75
      vertex 11.2431 62 15.2975
      vertex 11.2 62 14.75
    endloop
  endfacet
  facet normal -0.76045 0 -0.649396
    outer loop
      vertex 17.5316 62 16.8072
      vertex 17.1749 63 17.2249
      vertex 17.5316 63 16.8072
    endloop
  endfacet
  facet normal -0.76045 -0 -0.649396
    outer loop
      vertex 17.1749 63 17.2249
      vertex 17.5316 62 16.8072
      vertex 17.1749 62 17.2249
    endloop
  endfacet
  facet normal 0 1 -0
    outer loop
      vertex 15.0285 62 16.9741
      vertex 14.7 62 18.25
      vertex 15.2475 62 18.2069
    endloop
  endfacet
  facet normal 0 1 -0
    outer loop
      vertex 15.3489 62 16.8972
      vertex 15.2475 62 18.2069
      vertex 15.7816 62 18.0787
    endloop
  endfacet
  facet normal 0 1 0
    outer loop
      vertex 14.7 62 18.25
      vertex 15.0285 62 16.9741
      vertex 14.7 62 17
    endloop
  endfacet
  facet normal 0 1 0
    outer loop
      vertex 15.6534 62 16.7711
      vertex 15.7816 62 18.0787
      vertex 16.289 62 17.8685
    endloop
  endfacet
  facet normal 0 1 0
    outer loop
      vertex 14.7 62 18.25
      vertex 14.3715 62 16.9741
      vertex 14.1525 62 18.2069
    endloop
  endfacet
  facet normal 0 1 0
    outer loop
      vertex 15.9343 62 16.5989
      vertex 16.289 62 17.8685
      vertex 16.7572 62 17.5816
    endloop
  endfacet
  facet normal 0 1 0
    outer loop
      vertex 14.0511 62 16.8972
      vertex 14.1525 62 18.2069
      vertex 14.3715 62 16.9741
    endloop
  endfacet
  facet normal 0 1 0
    outer loop
      vertex 16.1849 62 16.3849
      vertex 16.7572 62 17.5816
      vertex 17.1749 62 17.2249
    endloop
  endfacet
  facet normal 0 1 0
    outer loop
      vertex 14.1525 62 18.2069
      vertex 14.0511 62 16.8972
      vertex 13.6184 62 18.0787
    endloop
  endfacet
  facet normal 0 1 -0
    outer loop
      vertex 13.7466 62 16.7711
      vertex 13.6184 62 18.0787
      vertex 14.0511 62 16.8972
    endloop
  endfacet
  facet normal 0 1 0
    outer loop
      vertex 14.3715 62 16.9741
      vertex 14.7 62 18.25
      vertex 14.7 62 17
    endloop
  endfacet
  facet normal 0 1 0
    outer loop
      vertex 15.2475 62 18.2069
      vertex 15.3489 62 16.8972
      vertex 15.0285 62 16.9741
    endloop
  endfacet
  facet normal 0 1 0
    outer loop
      vertex 16.3989 62 16.1343
      vertex 17.1749 62 17.2249
      vertex 17.5316 62 16.8072
    endloop
  endfacet
  facet normal 0 1 0
    outer loop
      vertex 15.7816 62 18.0787
      vertex 15.6534 62 16.7711
      vertex 15.3489 62 16.8972
    endloop
  endfacet
  facet normal 0 1 0
    outer loop
      vertex 16.289 62 17.8685
      vertex 15.9343 62 16.5989
      vertex 15.6534 62 16.7711
    endloop
  endfacet
  facet normal 0 1 0
    outer loop
      vertex 16.7572 62 17.5816
      vertex 16.1849 62 16.3849
      vertex 15.9343 62 16.5989
    endloop
  endfacet
  facet normal 0 1 0
    outer loop
      vertex 16.5711 62 15.8534
      vertex 17.5316 62 16.8072
      vertex 17.8185 62 16.339
    endloop
  endfacet
  facet normal 0 1 0
    outer loop
      vertex 17.1749 62 17.2249
      vertex 16.3989 62 16.1343
      vertex 16.1849 62 16.3849
    endloop
  endfacet
  facet normal 0 1 0
    outer loop
      vertex 17.5316 62 16.8072
      vertex 16.5711 62 15.8534
      vertex 16.3989 62 16.1343
    endloop
  endfacet
  facet normal 0 1 0
    outer loop
      vertex 16.6972 62 15.5489
      vertex 17.8185 62 16.339
      vertex 18.0287 62 15.8316
    endloop
  endfacet
  facet normal 0 1 0
    outer loop
      vertex 17.8185 62 16.339
      vertex 16.6972 62 15.5489
      vertex 16.5711 62 15.8534
    endloop
  endfacet
  facet normal 0 1 0
    outer loop
      vertex 16.7741 62 15.2285
      vertex 18.0287 62 15.8316
      vertex 18.1569 62 15.2975
    endloop
  endfacet
  facet normal 0 1 0
    outer loop
      vertex 18.0287 62 15.8316
      vertex 16.7741 62 15.2285
      vertex 16.6972 62 15.5489
    endloop
  endfacet
  facet normal 0 1 0
    outer loop
      vertex 18.1569 62 15.2975
      vertex 16.8 62 14.9
      vertex 16.7741 62 15.2285
    endloop
  endfacet
  facet normal 0 1 0
    outer loop
      vertex 18.2 62 14.75
      vertex 16.8 62 14.9
      vertex 18.1569 62 15.2975
    endloop
  endfacet
  facet normal 0 1 -0
    outer loop
      vertex 18.2 62 9.25
      vertex 16.8 62 14.9
      vertex 18.2 62 14.75
    endloop
  endfacet
  facet normal 0 1 0
    outer loop
      vertex 18.2 62 9.25
      vertex 16.8 62 9.1
      vertex 16.8 62 14.9
    endloop
  endfacet
  facet normal 0 1 -0
    outer loop
      vertex 18.1569 62 8.70248
      vertex 16.8 62 9.1
      vertex 18.2 62 9.25
    endloop
  endfacet
  facet normal 0 1 0
    outer loop
      vertex 16.8 62 9.1
      vertex 18.1569 62 8.70248
      vertex 16.7741 62 8.77149
    endloop
  endfacet
  facet normal 0 1 -0
    outer loop
      vertex 18.0287 62 8.16844
      vertex 16.7741 62 8.77149
      vertex 18.1569 62 8.70248
    endloop
  endfacet
  facet normal 0 1 0
    outer loop
      vertex 16.7741 62 8.77149
      vertex 18.0287 62 8.16844
      vertex 16.6972 62 8.45107
    endloop
  endfacet
  facet normal 0 1 -0
    outer loop
      vertex 17.8185 62 7.66103
      vertex 16.6972 62 8.45107
      vertex 18.0287 62 8.16844
    endloop
  endfacet
  facet normal 0 1 0
    outer loop
      vertex 16.6972 62 8.45107
      vertex 17.8185 62 7.66103
      vertex 16.5711 62 8.14662
    endloop
  endfacet
  facet normal 0 1 -0
    outer loop
      vertex 17.5316 62 7.19275
      vertex 16.5711 62 8.14662
      vertex 17.8185 62 7.66103
    endloop
  endfacet
  facet normal 0 1 0
    outer loop
      vertex 16.5711 62 8.14662
      vertex 17.5316 62 7.19275
      vertex 16.3989 62 7.86565
    endloop
  endfacet
  facet normal 0 1 -0
    outer loop
      vertex 17.1749 62 6.77513
      vertex 16.3989 62 7.86565
      vertex 17.5316 62 7.19275
    endloop
  endfacet
  facet normal 0 1 0
    outer loop
      vertex 16.3989 62 7.86565
      vertex 17.1749 62 6.77513
      vertex 16.1849 62 7.61508
    endloop
  endfacet
  facet normal 0 1 -0
    outer loop
      vertex 16.7572 62 6.41844
      vertex 16.1849 62 7.61508
      vertex 17.1749 62 6.77513
    endloop
  endfacet
  facet normal 0 1 0
    outer loop
      vertex 16.1849 62 7.61508
      vertex 16.7572 62 6.41844
      vertex 15.9343 62 7.40106
    endloop
  endfacet
  facet normal 0 1 -0
    outer loop
      vertex 16.289 62 6.13148
      vertex 15.9343 62 7.40106
      vertex 16.7572 62 6.41844
    endloop
  endfacet
  facet normal 0 1 0
    outer loop
      vertex 15.9343 62 7.40106
      vertex 16.289 62 6.13148
      vertex 15.6534 62 7.22889
    endloop
  endfacet
  facet normal 0 1 -0
    outer loop
      vertex 15.7816 62 5.9213
      vertex 15.6534 62 7.22889
      vertex 16.289 62 6.13148
    endloop
  endfacet
  facet normal 0 1 0
    outer loop
      vertex 13.6184 62 18.0787
      vertex 13.7466 62 16.7711
      vertex 13.111 62 17.8685
    endloop
  endfacet
  facet normal 0 1 -0
    outer loop
      vertex 13.4657 62 16.5989
      vertex 13.111 62 17.8685
      vertex 13.7466 62 16.7711
    endloop
  endfacet
  facet normal 0 1 0
    outer loop
      vertex 13.111 62 17.8685
      vertex 13.4657 62 16.5989
      vertex 12.6428 62 17.5816
    endloop
  endfacet
  facet normal 0 1 -0
    outer loop
      vertex 13.2151 62 16.3849
      vertex 12.6428 62 17.5816
      vertex 13.4657 62 16.5989
    endloop
  endfacet
  facet normal 0 1 0
    outer loop
      vertex 12.6428 62 17.5816
      vertex 13.2151 62 16.3849
      vertex 12.2251 62 17.2249
    endloop
  endfacet
  facet normal 0 1 -0
    outer loop
      vertex 13.0011 62 16.1343
      vertex 12.2251 62 17.2249
      vertex 13.2151 62 16.3849
    endloop
  endfacet
  facet normal 0 1 0
    outer loop
      vertex 12.2251 62 17.2249
      vertex 13.0011 62 16.1343
      vertex 11.8684 62 16.8072
    endloop
  endfacet
  facet normal 0 1 -0
    outer loop
      vertex 12.8289 62 15.8534
      vertex 11.8684 62 16.8072
      vertex 13.0011 62 16.1343
    endloop
  endfacet
  facet normal 0 1 0
    outer loop
      vertex 11.8684 62 16.8072
      vertex 12.8289 62 15.8534
      vertex 11.5815 62 16.339
    endloop
  endfacet
  facet normal 0 1 -0
    outer loop
      vertex 12.7028 62 15.5489
      vertex 11.5815 62 16.339
      vertex 12.8289 62 15.8534
    endloop
  endfacet
  facet normal 0 1 0
    outer loop
      vertex 11.5815 62 16.339
      vertex 12.7028 62 15.5489
      vertex 11.3713 62 15.8316
    endloop
  endfacet
  facet normal 0 1 -0
    outer loop
      vertex 12.6259 62 15.2285
      vertex 11.3713 62 15.8316
      vertex 12.7028 62 15.5489
    endloop
  endfacet
  facet normal 0 1 0
    outer loop
      vertex 11.3713 62 15.8316
      vertex 12.6259 62 15.2285
      vertex 11.2431 62 15.2975
    endloop
  endfacet
  facet normal 0 1 -0
    outer loop
      vertex 12.6 62 14.9
      vertex 11.2431 62 15.2975
      vertex 12.6259 62 15.2285
    endloop
  endfacet
  facet normal 0 1 0
    outer loop
      vertex 12.6 62 14.9
      vertex 11.2 62 14.75
      vertex 11.2431 62 15.2975
    endloop
  endfacet
  facet normal 0 1 0
    outer loop
      vertex 12.6 62 14.9
      vertex 11.2 62 9.25
      vertex 11.2 62 14.75
    endloop
  endfacet
  facet normal 0 1 -0
    outer loop
      vertex 12.6 62 9.1
      vertex 11.2 62 9.25
      vertex 12.6 62 14.9
    endloop
  endfacet
  facet normal 0 1 0
    outer loop
      vertex 11.2431 62 8.70248
      vertex 12.6 62 9.1
      vertex 12.6259 62 8.77149
    endloop
  endfacet
  facet normal 0 1 0
    outer loop
      vertex 12.6 62 9.1
      vertex 11.2431 62 8.70248
      vertex 11.2 62 9.25
    endloop
  endfacet
  facet normal 0 1 0
    outer loop
      vertex 11.3713 62 8.16844
      vertex 12.6259 62 8.77149
      vertex 12.7028 62 8.45107
    endloop
  endfacet
  facet normal 0 1 0
    outer loop
      vertex 12.6259 62 8.77149
      vertex 11.3713 62 8.16844
      vertex 11.2431 62 8.70248
    endloop
  endfacet
  facet normal 0 1 0
    outer loop
      vertex 11.5815 62 7.66103
      vertex 12.7028 62 8.45107
      vertex 12.8289 62 8.14662
    endloop
  endfacet
  facet normal 0 1 0
    outer loop
      vertex 11.8684 62 7.19275
      vertex 12.8289 62 8.14662
      vertex 13.0011 62 7.86565
    endloop
  endfacet
  facet normal 0 1 0
    outer loop
      vertex 12.7028 62 8.45107
      vertex 11.5815 62 7.66103
      vertex 11.3713 62 8.16844
    endloop
  endfacet
  facet normal 0 1 0
    outer loop
      vertex 12.2251 62 6.77513
      vertex 13.0011 62 7.86565
      vertex 13.2151 62 7.61508
    endloop
  endfacet
  facet normal 0 1 0
    outer loop
      vertex 12.6428 62 6.41844
      vertex 13.2151 62 7.61508
      vertex 13.4657 62 7.40106
    endloop
  endfacet
  facet normal 0 1 0
    outer loop
      vertex 13.111 62 6.13148
      vertex 13.4657 62 7.40106
      vertex 13.7466 62 7.22889
    endloop
  endfacet
  facet normal 0 1 0
    outer loop
      vertex 12.8289 62 8.14662
      vertex 11.8684 62 7.19275
      vertex 11.5815 62 7.66103
    endloop
  endfacet
  facet normal 0 1 0
    outer loop
      vertex 13.6184 62 5.9213
      vertex 13.7466 62 7.22889
      vertex 14.0511 62 7.10278
    endloop
  endfacet
  facet normal 0 1 -0
    outer loop
      vertex 14.1525 62 5.79309
      vertex 14.0511 62 7.10278
      vertex 14.3715 62 7.02586
    endloop
  endfacet
  facet normal 0 1 -0
    outer loop
      vertex 14.7 62 5.75
      vertex 14.3715 62 7.02586
      vertex 14.7 62 7
    endloop
  endfacet
  facet normal 0 1 0
    outer loop
      vertex 15.6534 62 7.22889
      vertex 15.7816 62 5.9213
      vertex 15.3489 62 7.10278
    endloop
  endfacet
  facet normal 0 1 0
    outer loop
      vertex 13.0011 62 7.86565
      vertex 12.2251 62 6.77513
      vertex 11.8684 62 7.19275
    endloop
  endfacet
  facet normal 0 1 0
    outer loop
      vertex 15.2475 62 5.79309
      vertex 15.3489 62 7.10278
      vertex 15.7816 62 5.9213
    endloop
  endfacet
  facet normal 0 1 0
    outer loop
      vertex 13.2151 62 7.61508
      vertex 12.6428 62 6.41844
      vertex 12.2251 62 6.77513
    endloop
  endfacet
  facet normal 0 1 0
    outer loop
      vertex 15.3489 62 7.10278
      vertex 15.2475 62 5.79309
      vertex 15.0285 62 7.02586
    endloop
  endfacet
  facet normal 0 1 0
    outer loop
      vertex 13.4657 62 7.40106
      vertex 13.111 62 6.13148
      vertex 12.6428 62 6.41844
    endloop
  endfacet
  facet normal 0 1 0
    outer loop
      vertex 14.7 62 5.75
      vertex 15.0285 62 7.02586
      vertex 15.2475 62 5.79309
    endloop
  endfacet
  facet normal 0 1 0
    outer loop
      vertex 13.7466 62 7.22889
      vertex 13.6184 62 5.9213
      vertex 13.111 62 6.13148
    endloop
  endfacet
  facet normal 0 1 0
    outer loop
      vertex 15.0285 62 7.02586
      vertex 14.7 62 5.75
      vertex 14.7 62 7
    endloop
  endfacet
  facet normal 0 1 0
    outer loop
      vertex 14.0511 62 7.10278
      vertex 14.1525 62 5.79309
      vertex 13.6184 62 5.9213
    endloop
  endfacet
  facet normal 0 1 0
    outer loop
      vertex 14.3715 62 7.02586
      vertex 14.7 62 5.75
      vertex 14.1525 62 5.79309
    endloop
  endfacet
  facet normal 0.382727 0 -0.923861
    outer loop
      vertex 13.111 62 17.8685
      vertex 13.6184 63 18.0787
      vertex 13.6184 62 18.0787
    endloop
  endfacet
  facet normal 0.382727 0 -0.923861
    outer loop
      vertex 13.6184 63 18.0787
      vertex 13.111 62 17.8685
      vertex 13.111 63 17.8685
    endloop
  endfacet
  facet normal -1 0 0
    outer loop
      vertex 18.2 62 9.25
      vertex 18.2 63 14.75
      vertex 18.2 63 9.25
    endloop
  endfacet
  facet normal -1 -0 0
    outer loop
      vertex 18.2 63 14.75
      vertex 18.2 62 9.25
      vertex 18.2 62 14.75
    endloop
  endfacet
  facet normal -0.923861 0 -0.382727
    outer loop
      vertex 18.0287 62 15.8316
      vertex 17.8185 63 16.339
      vertex 18.0287 63 15.8316
    endloop
  endfacet
  facet normal -0.923861 -0 -0.382727
    outer loop
      vertex 17.8185 63 16.339
      vertex 18.0287 62 15.8316
      vertex 17.8185 62 16.339
    endloop
  endfacet
  facet normal -0.852651 0 -0.522481
    outer loop
      vertex 17.8185 62 16.339
      vertex 17.5316 63 16.8072
      vertex 17.8185 63 16.339
    endloop
  endfacet
  facet normal -0.852651 -0 -0.522481
    outer loop
      vertex 17.5316 63 16.8072
      vertex 17.8185 62 16.339
      vertex 17.5316 62 16.8072
    endloop
  endfacet
  facet normal 1 -0 0
    outer loop
      vertex 11.2 62 14.75
      vertex 11.2 63 9.25
      vertex 11.2 63 14.75
    endloop
  endfacet
  facet normal 1 0 0
    outer loop
      vertex 11.2 63 9.25
      vertex 11.2 62 14.75
      vertex 11.2 62 9.25
    endloop
  endfacet
  facet normal 0.852651 0 -0.522481
    outer loop
      vertex 11.8684 62 16.8072
      vertex 11.5815 63 16.339
      vertex 11.8684 63 16.8072
    endloop
  endfacet
  facet normal 0.852651 0 -0.522481
    outer loop
      vertex 11.5815 63 16.339
      vertex 11.8684 62 16.8072
      vertex 11.5815 62 16.339
    endloop
  endfacet
  facet normal 0.649385 0 0.760459
    outer loop
      vertex 12.2251 63 6.77513
      vertex 12.6428 62 6.41844
      vertex 12.6428 63 6.41844
    endloop
  endfacet
  facet normal 0.649385 0 0.760459
    outer loop
      vertex 12.6428 62 6.41844
      vertex 12.2251 63 6.77513
      vertex 12.2251 62 6.77513
    endloop
  endfacet
  facet normal -0.972381 0 -0.2334
    outer loop
      vertex 18.1569 62 15.2975
      vertex 18.0287 63 15.8316
      vertex 18.1569 63 15.2975
    endloop
  endfacet
  facet normal -0.972381 -0 -0.2334
    outer loop
      vertex 18.0287 63 15.8316
      vertex 18.1569 62 15.2975
      vertex 18.0287 62 15.8316
    endloop
  endfacet
  facet normal -0.2334 0 -0.972381
    outer loop
      vertex 15.2475 62 18.2069
      vertex 15.7816 63 18.0787
      vertex 15.7816 62 18.0787
    endloop
  endfacet
  facet normal -0.2334 0 -0.972381
    outer loop
      vertex 15.7816 63 18.0787
      vertex 15.2475 62 18.2069
      vertex 15.2475 63 18.2069
    endloop
  endfacet
  facet normal -0.382727 0 -0.923861
    outer loop
      vertex 15.7816 62 18.0787
      vertex 16.289 63 17.8685
      vertex 16.289 62 17.8685
    endloop
  endfacet
  facet normal -0.382727 0 -0.923861
    outer loop
      vertex 16.289 63 17.8685
      vertex 15.7816 62 18.0787
      vertex 15.7816 63 18.0787
    endloop
  endfacet
  facet normal 0.0784787 0 -0.996916
    outer loop
      vertex 14.1525 62 18.2069
      vertex 14.7 63 18.25
      vertex 14.7 62 18.25
    endloop
  endfacet
  facet normal 0.0784787 0 -0.996916
    outer loop
      vertex 14.7 63 18.25
      vertex 14.1525 62 18.2069
      vertex 14.1525 63 18.2069
    endloop
  endfacet
  facet normal 0.76045 0 -0.649396
    outer loop
      vertex 12.2251 62 17.2249
      vertex 11.8684 63 16.8072
      vertex 12.2251 63 17.2249
    endloop
  endfacet
  facet normal 0.76045 0 -0.649396
    outer loop
      vertex 11.8684 63 16.8072
      vertex 12.2251 62 17.2249
      vertex 11.8684 62 16.8072
    endloop
  endfacet
  facet normal 0.996916 -0 0.0784758
    outer loop
      vertex 11.2 62 9.25
      vertex 11.2431 63 8.70248
      vertex 11.2 63 9.25
    endloop
  endfacet
  facet normal 0.996916 0 0.0784758
    outer loop
      vertex 11.2431 63 8.70248
      vertex 11.2 62 9.25
      vertex 11.2431 62 8.70248
    endloop
  endfacet
  facet normal 0.972375 -0 0.233425
    outer loop
      vertex 11.2431 62 8.70248
      vertex 11.3713 63 8.16844
      vertex 11.2431 63 8.70248
    endloop
  endfacet
  facet normal 0.972375 0 0.233425
    outer loop
      vertex 11.3713 63 8.16844
      vertex 11.2431 62 8.70248
      vertex 11.3713 62 8.16844
    endloop
  endfacet
  facet normal -0.972375 0 0.233425
    outer loop
      vertex 18.0287 62 8.16844
      vertex 18.1569 63 8.70248
      vertex 18.0287 63 8.16844
    endloop
  endfacet
  facet normal -0.972375 0 0.233425
    outer loop
      vertex 18.1569 63 8.70248
      vertex 18.0287 62 8.16844
      vertex 18.1569 62 8.70248
    endloop
  endfacet
  facet normal -0.996916 0 0.0784758
    outer loop
      vertex 18.1569 62 8.70248
      vertex 18.2 63 9.25
      vertex 18.1569 63 8.70248
    endloop
  endfacet
  facet normal -0.996916 0 0.0784758
    outer loop
      vertex 18.2 63 9.25
      vertex 18.1569 62 8.70248
      vertex 18.2 62 9.25
    endloop
  endfacet
  facet normal -0.923864 0 0.382721
    outer loop
      vertex 17.8185 62 7.66103
      vertex 18.0287 63 8.16844
      vertex 17.8185 63 7.66103
    endloop
  endfacet
  facet normal -0.923864 0 0.382721
    outer loop
      vertex 18.0287 63 8.16844
      vertex 17.8185 62 7.66103
      vertex 18.0287 62 8.16844
    endloop
  endfacet
  facet normal 0.233418 0 0.972377
    outer loop
      vertex 13.6184 63 5.9213
      vertex 14.1525 62 5.79309
      vertex 14.1525 63 5.79309
    endloop
  endfacet
  facet normal 0.233418 0 0.972377
    outer loop
      vertex 14.1525 62 5.79309
      vertex 13.6184 63 5.9213
      vertex 13.6184 62 5.9213
    endloop
  endfacet
  facet normal 0.649396 0 -0.76045
    outer loop
      vertex 12.2251 62 17.2249
      vertex 12.6428 63 17.5816
      vertex 12.6428 62 17.5816
    endloop
  endfacet
  facet normal 0.649396 0 -0.76045
    outer loop
      vertex 12.6428 63 17.5816
      vertex 12.2251 62 17.2249
      vertex 12.2251 63 17.2249
    endloop
  endfacet
  facet normal 0.522481 0 -0.852651
    outer loop
      vertex 12.6428 62 17.5816
      vertex 13.111 63 17.8685
      vertex 13.111 62 17.8685
    endloop
  endfacet
  facet normal 0.522481 0 -0.852651
    outer loop
      vertex 13.111 63 17.8685
      vertex 12.6428 62 17.5816
      vertex 12.6428 63 17.5816
    endloop
  endfacet
  facet normal 0.923864 -0 0.382721
    outer loop
      vertex 11.3713 62 8.16844
      vertex 11.5815 63 7.66103
      vertex 11.3713 63 8.16844
    endloop
  endfacet
  facet normal 0.923864 0 0.382721
    outer loop
      vertex 11.5815 63 7.66103
      vertex 11.3713 62 8.16844
      vertex 11.5815 62 7.66103
    endloop
  endfacet
  facet normal -0.0784606 0 0.996917
    outer loop
      vertex 14.7 63 5.75
      vertex 15.2475 62 5.79309
      vertex 15.2475 63 5.79309
    endloop
  endfacet
  facet normal -0.0784606 0 0.996917
    outer loop
      vertex 15.2475 62 5.79309
      vertex 14.7 63 5.75
      vertex 14.7 62 5.75
    endloop
  endfacet
  facet normal -0.233418 0 0.972377
    outer loop
      vertex 15.2475 63 5.79309
      vertex 15.7816 62 5.9213
      vertex 15.7816 63 5.9213
    endloop
  endfacet
  facet normal -0.233418 0 0.972377
    outer loop
      vertex 15.7816 62 5.9213
      vertex 15.2475 63 5.79309
      vertex 15.2475 62 5.79309
    endloop
  endfacet
  facet normal 0.382696 0 0.923874
    outer loop
      vertex 13.111 63 6.13148
      vertex 13.6184 62 5.9213
      vertex 13.6184 63 5.9213
    endloop
  endfacet
  facet normal 0.382696 0 0.923874
    outer loop
      vertex 13.6184 62 5.9213
      vertex 13.111 63 6.13148
      vertex 13.111 62 6.13148
    endloop
  endfacet
  facet normal 0.760389 -0 0.649468
    outer loop
      vertex 11.8684 62 7.19275
      vertex 12.2251 63 6.77513
      vertex 11.8684 63 7.19275
    endloop
  endfacet
  facet normal 0.760389 0 0.649468
    outer loop
      vertex 12.2251 63 6.77513
      vertex 11.8684 62 7.19275
      vertex 12.2251 62 6.77513
    endloop
  endfacet
  facet normal -0.649396 0 -0.76045
    outer loop
      vertex 16.7572 62 17.5816
      vertex 17.1749 63 17.2249
      vertex 17.1749 62 17.2249
    endloop
  endfacet
  facet normal -0.649396 0 -0.76045
    outer loop
      vertex 17.1749 63 17.2249
      vertex 16.7572 62 17.5816
      vertex 16.7572 63 17.5816
    endloop
  endfacet
  facet normal -0.0784787 0 -0.996916
    outer loop
      vertex 14.7 62 18.25
      vertex 15.2475 63 18.2069
      vertex 15.2475 62 18.2069
    endloop
  endfacet
  facet normal -0.0784787 0 -0.996916
    outer loop
      vertex 15.2475 63 18.2069
      vertex 14.7 62 18.25
      vertex 14.7 63 18.25
    endloop
  endfacet
  facet normal 0.2334 0 -0.972381
    outer loop
      vertex 13.6184 62 18.0787
      vertex 14.1525 63 18.2069
      vertex 14.1525 62 18.2069
    endloop
  endfacet
  facet normal 0.2334 0 -0.972381
    outer loop
      vertex 14.1525 63 18.2069
      vertex 13.6184 62 18.0787
      vertex 13.6184 63 18.0787
    endloop
  endfacet
  facet normal 0.923861 0 -0.382727
    outer loop
      vertex 11.5815 62 16.339
      vertex 11.3713 63 15.8316
      vertex 11.5815 63 16.339
    endloop
  endfacet
  facet normal 0.923861 0 -0.382727
    outer loop
      vertex 11.3713 63 15.8316
      vertex 11.5815 62 16.339
      vertex 11.3713 62 15.8316
    endloop
  endfacet
  facet normal 0.972381 0 -0.2334
    outer loop
      vertex 11.3713 62 15.8316
      vertex 11.2431 63 15.2975
      vertex 11.3713 63 15.8316
    endloop
  endfacet
  facet normal 0.972381 0 -0.2334
    outer loop
      vertex 11.2431 63 15.2975
      vertex 11.3713 62 15.8316
      vertex 11.2431 62 15.2975
    endloop
  endfacet
  facet normal -0.852691 0 0.522416
    outer loop
      vertex 17.5316 62 7.19275
      vertex 17.8185 63 7.66103
      vertex 17.5316 63 7.19275
    endloop
  endfacet
  facet normal -0.852691 0 0.522416
    outer loop
      vertex 17.8185 63 7.66103
      vertex 17.5316 62 7.19275
      vertex 17.8185 62 7.66103
    endloop
  endfacet
  facet normal -0.649385 0 0.760459
    outer loop
      vertex 16.7572 63 6.41844
      vertex 17.1749 62 6.77513
      vertex 17.1749 63 6.77513
    endloop
  endfacet
  facet normal -0.649385 0 0.760459
    outer loop
      vertex 17.1749 62 6.77513
      vertex 16.7572 63 6.41844
      vertex 16.7572 62 6.41844
    endloop
  endfacet
  facet normal -0.760389 0 0.649468
    outer loop
      vertex 17.1749 62 6.77513
      vertex 17.5316 63 7.19275
      vertex 17.1749 63 6.77513
    endloop
  endfacet
  facet normal -0.760389 0 0.649468
    outer loop
      vertex 17.5316 63 7.19275
      vertex 17.1749 62 6.77513
      vertex 17.5316 62 7.19275
    endloop
  endfacet
  facet normal -0.382696 0 0.923874
    outer loop
      vertex 15.7816 63 5.9213
      vertex 16.289 62 6.13148
      vertex 16.289 63 6.13148
    endloop
  endfacet
  facet normal -0.382696 0 0.923874
    outer loop
      vertex 16.289 62 6.13148
      vertex 15.7816 63 5.9213
      vertex 15.7816 62 5.9213
    endloop
  endfacet
  facet normal 0.0784606 0 0.996917
    outer loop
      vertex 14.1525 63 5.79309
      vertex 14.7 62 5.75
      vertex 14.7 63 5.75
    endloop
  endfacet
  facet normal 0.0784606 0 0.996917
    outer loop
      vertex 14.7 62 5.75
      vertex 14.1525 63 5.79309
      vertex 14.1525 62 5.79309
    endloop
  endfacet
  facet normal 0.52256 0 0.852602
    outer loop
      vertex 12.6428 63 6.41844
      vertex 13.111 62 6.13148
      vertex 13.111 63 6.13148
    endloop
  endfacet
  facet normal 0.52256 0 0.852602
    outer loop
      vertex 13.111 62 6.13148
      vertex 12.6428 63 6.41844
      vertex 12.6428 62 6.41844
    endloop
  endfacet
  facet normal 0.852691 -0 0.522416
    outer loop
      vertex 11.5815 62 7.66103
      vertex 11.8684 63 7.19275
      vertex 11.5815 63 7.66103
    endloop
  endfacet
  facet normal 0.852691 0 0.522416
    outer loop
      vertex 11.8684 63 7.19275
      vertex 11.5815 62 7.66103
      vertex 11.8684 62 7.19275
    endloop
  endfacet
  facet normal -0.52256 0 0.852602
    outer loop
      vertex 16.289 63 6.13148
      vertex 16.7572 62 6.41844
      vertex 16.7572 63 6.41844
    endloop
  endfacet
  facet normal -0.52256 0 0.852602
    outer loop
      vertex 16.7572 62 6.41844
      vertex 16.289 63 6.13148
      vertex 16.289 62 6.13148
    endloop
  endfacet
  facet normal 0.996922 -0 0.0784024
    outer loop
      vertex 13.7 61 20.5
      vertex 13.7123 63 20.3436
      vertex 13.7 63 20.5
    endloop
  endfacet
  facet normal 0.996922 0 0.0784024
    outer loop
      vertex 13.7123 63 20.3436
      vertex 13.7 61 20.5
      vertex 13.7123 61 20.3436
    endloop
  endfacet
  facet normal -0.76038 0 0.649478
    outer loop
      vertex 15.4071 61 19.7929
      vertex 15.509 63 19.9122
      vertex 15.4071 63 19.7929
    endloop
  endfacet
  facet normal -0.76038 0 0.649478
    outer loop
      vertex 15.509 63 19.9122
      vertex 15.4071 61 19.7929
      vertex 15.509 61 19.9122
    endloop
  endfacet
  facet normal -0.382896 0 0.923792
    outer loop
      vertex 15.009 63 19.5489
      vertex 15.154 61 19.609
      vertex 15.154 63 19.609
    endloop
  endfacet
  facet normal -0.382896 0 0.923792
    outer loop
      vertex 15.154 61 19.609
      vertex 15.009 63 19.5489
      vertex 15.009 61 19.5489
    endloop
  endfacet
  facet normal 0.382896 0 0.923792
    outer loop
      vertex 14.246 63 19.609
      vertex 14.391 61 19.5489
      vertex 14.391 63 19.5489
    endloop
  endfacet
  facet normal 0.382896 0 0.923792
    outer loop
      vertex 14.391 61 19.5489
      vertex 14.246 63 19.609
      vertex 14.246 61 19.609
    endloop
  endfacet
  facet normal 0.972422 -0 0.233228
    outer loop
      vertex 13.7123 61 20.3436
      vertex 13.7489 63 20.191
      vertex 13.7123 63 20.3436
    endloop
  endfacet
  facet normal 0.972422 0 0.233228
    outer loop
      vertex 13.7489 63 20.191
      vertex 13.7123 61 20.3436
      vertex 13.7489 61 20.191
    endloop
  endfacet
  facet normal -0.649478 0 0.76038
    outer loop
      vertex 15.2878 63 19.691
      vertex 15.4071 61 19.7929
      vertex 15.4071 63 19.7929
    endloop
  endfacet
  facet normal -0.649478 0 0.76038
    outer loop
      vertex 15.4071 61 19.7929
      vertex 15.2878 63 19.691
      vertex 15.2878 61 19.691
    endloop
  endfacet
  facet normal -0.0784024 0 0.996922
    outer loop
      vertex 14.7 63 19.5
      vertex 14.8564 61 19.5123
      vertex 14.8564 63 19.5123
    endloop
  endfacet
  facet normal -0.0784024 0 0.996922
    outer loop
      vertex 14.8564 61 19.5123
      vertex 14.7 63 19.5
      vertex 14.7 61 19.5
    endloop
  endfacet
  facet normal -0.522532 0 0.85262
    outer loop
      vertex 15.154 63 19.609
      vertex 15.2878 61 19.691
      vertex 15.2878 63 19.691
    endloop
  endfacet
  facet normal -0.522532 0 0.85262
    outer loop
      vertex 15.2878 61 19.691
      vertex 15.154 63 19.609
      vertex 15.154 61 19.609
    endloop
  endfacet
  facet normal 0.996922 0 -0.0784024
    outer loop
      vertex 13.7123 61 20.6564
      vertex 13.7 63 20.5
      vertex 13.7123 63 20.6564
    endloop
  endfacet
  facet normal 0.996922 0 -0.0784024
    outer loop
      vertex 13.7 63 20.5
      vertex 13.7123 61 20.6564
      vertex 13.7 61 20.5
    endloop
  endfacet
  facet normal 0.85262 -0 0.522532
    outer loop
      vertex 13.809 61 20.046
      vertex 13.891 63 19.9122
      vertex 13.809 63 20.046
    endloop
  endfacet
  facet normal 0.85262 0 0.522532
    outer loop
      vertex 13.891 63 19.9122
      vertex 13.809 61 20.046
      vertex 13.891 61 19.9122
    endloop
  endfacet
  facet normal 0.233228 0 0.972422
    outer loop
      vertex 14.391 63 19.5489
      vertex 14.5436 61 19.5123
      vertex 14.5436 63 19.5123
    endloop
  endfacet
  facet normal 0.233228 0 0.972422
    outer loop
      vertex 14.5436 61 19.5123
      vertex 14.391 63 19.5489
      vertex 14.391 61 19.5489
    endloop
  endfacet
  facet normal 0.76038 -0 0.649478
    outer loop
      vertex 13.891 61 19.9122
      vertex 13.9929 63 19.7929
      vertex 13.891 63 19.9122
    endloop
  endfacet
  facet normal 0.76038 0 0.649478
    outer loop
      vertex 13.9929 63 19.7929
      vertex 13.891 61 19.9122
      vertex 13.9929 61 19.7929
    endloop
  endfacet
  facet normal -0.996922 0 0.0784024
    outer loop
      vertex 15.6877 61 20.3436
      vertex 15.7 63 20.5
      vertex 15.6877 63 20.3436
    endloop
  endfacet
  facet normal -0.996922 0 0.0784024
    outer loop
      vertex 15.7 63 20.5
      vertex 15.6877 61 20.3436
      vertex 15.7 61 20.5
    endloop
  endfacet
  facet normal -0.649478 0 -0.76038
    outer loop
      vertex 15.2878 61 21.309
      vertex 15.4071 63 21.2071
      vertex 15.4071 61 21.2071
    endloop
  endfacet
  facet normal -0.649478 0 -0.76038
    outer loop
      vertex 15.4071 63 21.2071
      vertex 15.2878 61 21.309
      vertex 15.2878 63 21.309
    endloop
  endfacet
  facet normal -0.85262 0 -0.522532
    outer loop
      vertex 15.591 61 20.954
      vertex 15.509 63 21.0878
      vertex 15.591 63 20.954
    endloop
  endfacet
  facet normal -0.85262 -0 -0.522532
    outer loop
      vertex 15.509 63 21.0878
      vertex 15.591 61 20.954
      vertex 15.509 61 21.0878
    endloop
  endfacet
  facet normal 0.76038 0 -0.649478
    outer loop
      vertex 13.9929 61 21.2071
      vertex 13.891 63 21.0878
      vertex 13.9929 63 21.2071
    endloop
  endfacet
  facet normal 0.76038 0 -0.649478
    outer loop
      vertex 13.891 63 21.0878
      vertex 13.9929 61 21.2071
      vertex 13.891 61 21.0878
    endloop
  endfacet
  facet normal 0.0784024 0 0.996922
    outer loop
      vertex 14.5436 63 19.5123
      vertex 14.7 61 19.5
      vertex 14.7 63 19.5
    endloop
  endfacet
  facet normal 0.0784024 0 0.996922
    outer loop
      vertex 14.7 61 19.5
      vertex 14.5436 63 19.5123
      vertex 14.5436 61 19.5123
    endloop
  endfacet
  facet normal -0.233228 0 0.972422
    outer loop
      vertex 14.8564 63 19.5123
      vertex 15.009 61 19.5489
      vertex 15.009 63 19.5489
    endloop
  endfacet
  facet normal -0.233228 0 0.972422
    outer loop
      vertex 15.009 61 19.5489
      vertex 14.8564 63 19.5123
      vertex 14.8564 61 19.5123
    endloop
  endfacet
  facet normal 0.923792 -0 0.382896
    outer loop
      vertex 13.7489 61 20.191
      vertex 13.809 63 20.046
      vertex 13.7489 63 20.191
    endloop
  endfacet
  facet normal 0.923792 0 0.382896
    outer loop
      vertex 13.809 63 20.046
      vertex 13.7489 61 20.191
      vertex 13.809 61 20.046
    endloop
  endfacet
  facet normal 0.522532 0 0.85262
    outer loop
      vertex 14.1122 63 19.691
      vertex 14.246 61 19.609
      vertex 14.246 63 19.609
    endloop
  endfacet
  facet normal 0.522532 0 0.85262
    outer loop
      vertex 14.246 61 19.609
      vertex 14.1122 63 19.691
      vertex 14.1122 61 19.691
    endloop
  endfacet
  facet normal 0.649478 0 0.76038
    outer loop
      vertex 13.9929 63 19.7929
      vertex 14.1122 61 19.691
      vertex 14.1122 63 19.691
    endloop
  endfacet
  facet normal 0.649478 0 0.76038
    outer loop
      vertex 14.1122 61 19.691
      vertex 13.9929 63 19.7929
      vertex 13.9929 61 19.7929
    endloop
  endfacet
  facet normal -0.996922 0 -0.0784024
    outer loop
      vertex 15.7 61 20.5
      vertex 15.6877 63 20.6564
      vertex 15.7 63 20.5
    endloop
  endfacet
  facet normal -0.996922 -0 -0.0784024
    outer loop
      vertex 15.6877 63 20.6564
      vertex 15.7 61 20.5
      vertex 15.6877 61 20.6564
    endloop
  endfacet
  facet normal -0.972422 0 -0.233228
    outer loop
      vertex 15.6877 61 20.6564
      vertex 15.6511 63 20.809
      vertex 15.6877 63 20.6564
    endloop
  endfacet
  facet normal -0.972422 -0 -0.233228
    outer loop
      vertex 15.6511 63 20.809
      vertex 15.6877 61 20.6564
      vertex 15.6511 61 20.809
    endloop
  endfacet
  facet normal 0.972422 0 -0.233228
    outer loop
      vertex 13.7489 61 20.809
      vertex 13.7123 63 20.6564
      vertex 13.7489 63 20.809
    endloop
  endfacet
  facet normal 0.972422 0 -0.233228
    outer loop
      vertex 13.7123 63 20.6564
      vertex 13.7489 61 20.809
      vertex 13.7123 61 20.6564
    endloop
  endfacet
  facet normal -0.233228 0 -0.972422
    outer loop
      vertex 14.8564 61 21.4877
      vertex 15.009 63 21.4511
      vertex 15.009 61 21.4511
    endloop
  endfacet
  facet normal -0.233228 0 -0.972422
    outer loop
      vertex 15.009 63 21.4511
      vertex 14.8564 61 21.4877
      vertex 14.8564 63 21.4877
    endloop
  endfacet
  facet normal -0.382896 0 -0.923792
    outer loop
      vertex 15.009 61 21.4511
      vertex 15.154 63 21.391
      vertex 15.154 61 21.391
    endloop
  endfacet
  facet normal -0.382896 0 -0.923792
    outer loop
      vertex 15.154 63 21.391
      vertex 15.009 61 21.4511
      vertex 15.009 63 21.4511
    endloop
  endfacet
  facet normal -0.85262 0 0.522532
    outer loop
      vertex 15.509 61 19.9122
      vertex 15.591 63 20.046
      vertex 15.509 63 19.9122
    endloop
  endfacet
  facet normal -0.85262 0 0.522532
    outer loop
      vertex 15.591 63 20.046
      vertex 15.509 61 19.9122
      vertex 15.591 61 20.046
    endloop
  endfacet
  facet normal -0.923792 0 0.382896
    outer loop
      vertex 15.591 61 20.046
      vertex 15.6511 63 20.191
      vertex 15.591 63 20.046
    endloop
  endfacet
  facet normal -0.923792 0 0.382896
    outer loop
      vertex 15.6511 63 20.191
      vertex 15.591 61 20.046
      vertex 15.6511 61 20.191
    endloop
  endfacet
  facet normal -0.972422 0 0.233228
    outer loop
      vertex 15.6511 61 20.191
      vertex 15.6877 63 20.3436
      vertex 15.6511 63 20.191
    endloop
  endfacet
  facet normal -0.972422 0 0.233228
    outer loop
      vertex 15.6877 63 20.3436
      vertex 15.6511 61 20.191
      vertex 15.6877 61 20.3436
    endloop
  endfacet
  facet normal -0.923792 0 -0.382896
    outer loop
      vertex 15.6511 61 20.809
      vertex 15.591 63 20.954
      vertex 15.6511 63 20.809
    endloop
  endfacet
  facet normal -0.923792 -0 -0.382896
    outer loop
      vertex 15.591 63 20.954
      vertex 15.6511 61 20.809
      vertex 15.591 61 20.954
    endloop
  endfacet
  facet normal 0.382896 0 -0.923792
    outer loop
      vertex 14.246 61 21.391
      vertex 14.391 63 21.4511
      vertex 14.391 61 21.4511
    endloop
  endfacet
  facet normal 0.382896 0 -0.923792
    outer loop
      vertex 14.391 63 21.4511
      vertex 14.246 61 21.391
      vertex 14.246 63 21.391
    endloop
  endfacet
  facet normal -0.0784024 0 -0.996922
    outer loop
      vertex 14.7 61 21.5
      vertex 14.8564 63 21.4877
      vertex 14.8564 61 21.4877
    endloop
  endfacet
  facet normal -0.0784024 0 -0.996922
    outer loop
      vertex 14.8564 63 21.4877
      vertex 14.7 61 21.5
      vertex 14.7 63 21.5
    endloop
  endfacet
  facet normal 0.85262 0 -0.522532
    outer loop
      vertex 13.891 61 21.0878
      vertex 13.809 63 20.954
      vertex 13.891 63 21.0878
    endloop
  endfacet
  facet normal 0.85262 0 -0.522532
    outer loop
      vertex 13.809 63 20.954
      vertex 13.891 61 21.0878
      vertex 13.809 61 20.954
    endloop
  endfacet
  facet normal 0.923792 0 -0.382896
    outer loop
      vertex 13.809 61 20.954
      vertex 13.7489 63 20.809
      vertex 13.809 63 20.954
    endloop
  endfacet
  facet normal 0.923792 0 -0.382896
    outer loop
      vertex 13.7489 63 20.809
      vertex 13.809 61 20.954
      vertex 13.7489 61 20.809
    endloop
  endfacet
  facet normal 0.649478 0 -0.76038
    outer loop
      vertex 13.9929 61 21.2071
      vertex 14.1122 63 21.309
      vertex 14.1122 61 21.309
    endloop
  endfacet
  facet normal 0.649478 0 -0.76038
    outer loop
      vertex 14.1122 63 21.309
      vertex 13.9929 61 21.2071
      vertex 13.9929 63 21.2071
    endloop
  endfacet
  facet normal -0.76038 0 -0.649478
    outer loop
      vertex 15.509 61 21.0878
      vertex 15.4071 63 21.2071
      vertex 15.509 63 21.0878
    endloop
  endfacet
  facet normal -0.76038 -0 -0.649478
    outer loop
      vertex 15.4071 63 21.2071
      vertex 15.509 61 21.0878
      vertex 15.4071 61 21.2071
    endloop
  endfacet
  facet normal -0.522532 0 -0.85262
    outer loop
      vertex 15.154 61 21.391
      vertex 15.2878 63 21.309
      vertex 15.2878 61 21.309
    endloop
  endfacet
  facet normal -0.522532 0 -0.85262
    outer loop
      vertex 15.2878 63 21.309
      vertex 15.154 61 21.391
      vertex 15.154 63 21.391
    endloop
  endfacet
  facet normal 0.522532 0 -0.85262
    outer loop
      vertex 14.1122 61 21.309
      vertex 14.246 63 21.391
      vertex 14.246 61 21.391
    endloop
  endfacet
  facet normal 0.522532 0 -0.85262
    outer loop
      vertex 14.246 63 21.391
      vertex 14.1122 61 21.309
      vertex 14.1122 63 21.309
    endloop
  endfacet
  facet normal 0.233228 0 -0.972422
    outer loop
      vertex 14.391 61 21.4511
      vertex 14.5436 63 21.4877
      vertex 14.5436 61 21.4877
    endloop
  endfacet
  facet normal 0.233228 0 -0.972422
    outer loop
      vertex 14.5436 63 21.4877
      vertex 14.391 61 21.4511
      vertex 14.391 63 21.4511
    endloop
  endfacet
  facet normal 0.0784024 0 -0.996922
    outer loop
      vertex 14.5436 61 21.4877
      vertex 14.7 63 21.5
      vertex 14.7 61 21.5
    endloop
  endfacet
  facet normal 0.0784024 0 -0.996922
    outer loop
      vertex 14.7 63 21.5
      vertex 14.5436 61 21.4877
      vertex 14.5436 63 21.4877
    endloop
  endfacet
  facet normal -0.996922 0 0.0784024
    outer loop
      vertex 15.8877 61.99 30.5936
      vertex 15.9 63 30.75
      vertex 15.8877 63 30.5936
    endloop
  endfacet
  facet normal -0.996922 0 0.0784024
    outer loop
      vertex 15.9 63 30.75
      vertex 15.8877 61.99 30.5936
      vertex 15.9 61.99 30.75
    endloop
  endfacet
  facet normal 0.996922 -0 0.0784024
    outer loop
      vertex 13.9 61.99 30.75
      vertex 13.9123 63 30.5936
      vertex 13.9 63 30.75
    endloop
  endfacet
  facet normal 0.996922 0 0.0784024
    outer loop
      vertex 13.9123 63 30.5936
      vertex 13.9 61.99 30.75
      vertex 13.9123 61.99 30.5936
    endloop
  endfacet
  facet normal -1 0 0
    outer loop
      vertex 15.9 61.99 30.75
      vertex 15.9 63 33.25
      vertex 15.9 63 30.75
    endloop
  endfacet
  facet normal -1 -0 0
    outer loop
      vertex 15.9 63 33.25
      vertex 15.9 61.99 30.75
      vertex 15.9 61.99 33.25
    endloop
  endfacet
  facet normal -0.649478 0 0.76038
    outer loop
      vertex 15.4878 63 29.941
      vertex 15.6071 61.99 30.0429
      vertex 15.6071 63 30.0429
    endloop
  endfacet
  facet normal -0.649478 0 0.76038
    outer loop
      vertex 15.6071 61.99 30.0429
      vertex 15.4878 63 29.941
      vertex 15.4878 61.99 29.941
    endloop
  endfacet
  facet normal 0.85262 0 -0.522532
    outer loop
      vertex 14.091 61.99 33.8378
      vertex 14.009 63 33.704
      vertex 14.091 63 33.8378
    endloop
  endfacet
  facet normal 0.85262 0 -0.522532
    outer loop
      vertex 14.009 63 33.704
      vertex 14.091 61.99 33.8378
      vertex 14.009 61.99 33.704
    endloop
  endfacet
  facet normal -0.85262 0 0.522532
    outer loop
      vertex 15.709 61.99 30.1622
      vertex 15.791 63 30.296
      vertex 15.709 63 30.1622
    endloop
  endfacet
  facet normal -0.85262 0 0.522532
    outer loop
      vertex 15.791 63 30.296
      vertex 15.709 61.99 30.1622
      vertex 15.791 61.99 30.296
    endloop
  endfacet
  facet normal -0.996922 0 -0.0784024
    outer loop
      vertex 15.9 61.99 33.25
      vertex 15.8877 63 33.4064
      vertex 15.9 63 33.25
    endloop
  endfacet
  facet normal -0.996922 -0 -0.0784024
    outer loop
      vertex 15.8877 63 33.4064
      vertex 15.9 61.99 33.25
      vertex 15.8877 61.99 33.4064
    endloop
  endfacet
  facet normal -0.972422 0 -0.233228
    outer loop
      vertex 15.8877 61.99 33.4064
      vertex 15.8511 63 33.559
      vertex 15.8877 63 33.4064
    endloop
  endfacet
  facet normal -0.972422 -0 -0.233228
    outer loop
      vertex 15.8511 63 33.559
      vertex 15.8877 61.99 33.4064
      vertex 15.8511 61.99 33.559
    endloop
  endfacet
  facet normal 0.382896 0 0.923792
    outer loop
      vertex 14.446 63 29.859
      vertex 14.591 61.99 29.7989
      vertex 14.591 63 29.7989
    endloop
  endfacet
  facet normal 0.382896 0 0.923792
    outer loop
      vertex 14.591 61.99 29.7989
      vertex 14.446 63 29.859
      vertex 14.446 61.99 29.859
    endloop
  endfacet
  facet normal 0.972422 -0 0.233228
    outer loop
      vertex 13.9123 61.99 30.5936
      vertex 13.9489 63 30.441
      vertex 13.9123 63 30.5936
    endloop
  endfacet
  facet normal 0.972422 0 0.233228
    outer loop
      vertex 13.9489 63 30.441
      vertex 13.9123 61.99 30.5936
      vertex 13.9489 61.99 30.441
    endloop
  endfacet
  facet normal 1 -0 0
    outer loop
      vertex 13.9 61.99 33.25
      vertex 13.9 63 30.75
      vertex 13.9 63 33.25
    endloop
  endfacet
  facet normal 1 0 0
    outer loop
      vertex 13.9 63 30.75
      vertex 13.9 61.99 33.25
      vertex 13.9 61.99 30.75
    endloop
  endfacet
  facet normal -0.76038 0 0.649478
    outer loop
      vertex 15.6071 61.99 30.0429
      vertex 15.709 63 30.1622
      vertex 15.6071 63 30.0429
    endloop
  endfacet
  facet normal -0.76038 0 0.649478
    outer loop
      vertex 15.709 63 30.1622
      vertex 15.6071 61.99 30.0429
      vertex 15.709 61.99 30.1622
    endloop
  endfacet
  facet normal -0.923792 0 0.382896
    outer loop
      vertex 15.791 61.99 30.296
      vertex 15.8511 63 30.441
      vertex 15.791 63 30.296
    endloop
  endfacet
  facet normal -0.923792 0 0.382896
    outer loop
      vertex 15.8511 63 30.441
      vertex 15.791 61.99 30.296
      vertex 15.8511 61.99 30.441
    endloop
  endfacet
  facet normal -0.923792 0 -0.382896
    outer loop
      vertex 15.8511 61.99 33.559
      vertex 15.791 63 33.704
      vertex 15.8511 63 33.559
    endloop
  endfacet
  facet normal -0.923792 -0 -0.382896
    outer loop
      vertex 15.791 63 33.704
      vertex 15.8511 61.99 33.559
      vertex 15.791 61.99 33.704
    endloop
  endfacet
  facet normal -0.76038 0 -0.649478
    outer loop
      vertex 15.709 61.99 33.8378
      vertex 15.6071 63 33.9571
      vertex 15.709 63 33.8378
    endloop
  endfacet
  facet normal -0.76038 -0 -0.649478
    outer loop
      vertex 15.6071 63 33.9571
      vertex 15.709 61.99 33.8378
      vertex 15.6071 61.99 33.9571
    endloop
  endfacet
  facet normal -0.522532 0 -0.85262
    outer loop
      vertex 15.354 61.99 34.141
      vertex 15.4878 63 34.059
      vertex 15.4878 61.99 34.059
    endloop
  endfacet
  facet normal -0.522532 0 -0.85262
    outer loop
      vertex 15.4878 63 34.059
      vertex 15.354 61.99 34.141
      vertex 15.354 63 34.141
    endloop
  endfacet
  facet normal -0.649478 0 -0.76038
    outer loop
      vertex 15.4878 61.99 34.059
      vertex 15.6071 63 33.9571
      vertex 15.6071 61.99 33.9571
    endloop
  endfacet
  facet normal -0.649478 0 -0.76038
    outer loop
      vertex 15.6071 63 33.9571
      vertex 15.4878 61.99 34.059
      vertex 15.4878 63 34.059
    endloop
  endfacet
  facet normal 0.522532 0 -0.85262
    outer loop
      vertex 14.3122 61.99 34.059
      vertex 14.446 63 34.141
      vertex 14.446 61.99 34.141
    endloop
  endfacet
  facet normal 0.522532 0 -0.85262
    outer loop
      vertex 14.446 63 34.141
      vertex 14.3122 61.99 34.059
      vertex 14.3122 63 34.059
    endloop
  endfacet
  facet normal 0.0784024 0 -0.996922
    outer loop
      vertex 14.7436 61.99 34.2377
      vertex 14.9 63 34.25
      vertex 14.9 61.99 34.25
    endloop
  endfacet
  facet normal 0.0784024 0 -0.996922
    outer loop
      vertex 14.9 63 34.25
      vertex 14.7436 61.99 34.2377
      vertex 14.7436 63 34.2377
    endloop
  endfacet
  facet normal 0.649478 0 -0.76038
    outer loop
      vertex 14.1929 61.99 33.9571
      vertex 14.3122 63 34.059
      vertex 14.3122 61.99 34.059
    endloop
  endfacet
  facet normal 0.649478 0 -0.76038
    outer loop
      vertex 14.3122 63 34.059
      vertex 14.1929 61.99 33.9571
      vertex 14.1929 63 33.9571
    endloop
  endfacet
  facet normal -0.0784024 0 -0.996922
    outer loop
      vertex 14.9 61.99 34.25
      vertex 15.0564 63 34.2377
      vertex 15.0564 61.99 34.2377
    endloop
  endfacet
  facet normal -0.0784024 0 -0.996922
    outer loop
      vertex 15.0564 63 34.2377
      vertex 14.9 61.99 34.25
      vertex 14.9 63 34.25
    endloop
  endfacet
  facet normal -0.382896 0 -0.923792
    outer loop
      vertex 15.209 61.99 34.2011
      vertex 15.354 63 34.141
      vertex 15.354 61.99 34.141
    endloop
  endfacet
  facet normal -0.382896 0 -0.923792
    outer loop
      vertex 15.354 63 34.141
      vertex 15.209 61.99 34.2011
      vertex 15.209 63 34.2011
    endloop
  endfacet
  facet normal 0.923792 -0 0.382896
    outer loop
      vertex 13.9489 61.99 30.441
      vertex 14.009 63 30.296
      vertex 13.9489 63 30.441
    endloop
  endfacet
  facet normal 0.923792 0 0.382896
    outer loop
      vertex 14.009 63 30.296
      vertex 13.9489 61.99 30.441
      vertex 14.009 61.99 30.296
    endloop
  endfacet
  facet normal 0.76038 0 -0.649478
    outer loop
      vertex 14.1929 61.99 33.9571
      vertex 14.091 63 33.8378
      vertex 14.1929 63 33.9571
    endloop
  endfacet
  facet normal 0.76038 0 -0.649478
    outer loop
      vertex 14.091 63 33.8378
      vertex 14.1929 61.99 33.9571
      vertex 14.091 61.99 33.8378
    endloop
  endfacet
  facet normal 0.923792 0 -0.382896
    outer loop
      vertex 14.009 61.99 33.704
      vertex 13.9489 63 33.559
      vertex 14.009 63 33.704
    endloop
  endfacet
  facet normal 0.923792 0 -0.382896
    outer loop
      vertex 13.9489 63 33.559
      vertex 14.009 61.99 33.704
      vertex 13.9489 61.99 33.559
    endloop
  endfacet
  facet normal 0.996922 0 -0.0784024
    outer loop
      vertex 13.9123 61.99 33.4064
      vertex 13.9 63 33.25
      vertex 13.9123 63 33.4064
    endloop
  endfacet
  facet normal 0.996922 0 -0.0784024
    outer loop
      vertex 13.9 63 33.25
      vertex 13.9123 61.99 33.4064
      vertex 13.9 61.99 33.25
    endloop
  endfacet
  facet normal 0.972422 0 -0.233228
    outer loop
      vertex 13.9489 61.99 33.559
      vertex 13.9123 63 33.4064
      vertex 13.9489 63 33.559
    endloop
  endfacet
  facet normal 0.972422 0 -0.233228
    outer loop
      vertex 13.9123 63 33.4064
      vertex 13.9489 61.99 33.559
      vertex 13.9123 61.99 33.4064
    endloop
  endfacet
  facet normal -0.972422 0 0.233228
    outer loop
      vertex 15.8511 61.99 30.441
      vertex 15.8877 63 30.5936
      vertex 15.8511 63 30.441
    endloop
  endfacet
  facet normal -0.972422 0 0.233228
    outer loop
      vertex 15.8877 63 30.5936
      vertex 15.8511 61.99 30.441
      vertex 15.8877 61.99 30.5936
    endloop
  endfacet
  facet normal -0.85262 0 -0.522532
    outer loop
      vertex 15.791 61.99 33.704
      vertex 15.709 63 33.8378
      vertex 15.791 63 33.704
    endloop
  endfacet
  facet normal -0.85262 -0 -0.522532
    outer loop
      vertex 15.709 63 33.8378
      vertex 15.791 61.99 33.704
      vertex 15.709 61.99 33.8378
    endloop
  endfacet
  facet normal 0.382896 0 -0.923792
    outer loop
      vertex 14.446 61.99 34.141
      vertex 14.591 63 34.2011
      vertex 14.591 61.99 34.2011
    endloop
  endfacet
  facet normal 0.382896 0 -0.923792
    outer loop
      vertex 14.591 63 34.2011
      vertex 14.446 61.99 34.141
      vertex 14.446 63 34.141
    endloop
  endfacet
  facet normal 0.233228 0 -0.972422
    outer loop
      vertex 14.591 61.99 34.2011
      vertex 14.7436 63 34.2377
      vertex 14.7436 61.99 34.2377
    endloop
  endfacet
  facet normal 0.233228 0 -0.972422
    outer loop
      vertex 14.7436 63 34.2377
      vertex 14.591 61.99 34.2011
      vertex 14.591 63 34.2011
    endloop
  endfacet
  facet normal -0.233228 0 -0.972422
    outer loop
      vertex 15.0564 61.99 34.2377
      vertex 15.209 63 34.2011
      vertex 15.209 61.99 34.2011
    endloop
  endfacet
  facet normal -0.233228 0 -0.972422
    outer loop
      vertex 15.209 63 34.2011
      vertex 15.0564 61.99 34.2377
      vertex 15.0564 63 34.2377
    endloop
  endfacet
  facet normal -0.382896 0 0.923792
    outer loop
      vertex 15.209 63 29.7989
      vertex 15.354 61.99 29.859
      vertex 15.354 63 29.859
    endloop
  endfacet
  facet normal -0.382896 0 0.923792
    outer loop
      vertex 15.354 61.99 29.859
      vertex 15.209 63 29.7989
      vertex 15.209 61.99 29.7989
    endloop
  endfacet
  facet normal 0.522532 0 0.85262
    outer loop
      vertex 14.3122 63 29.941
      vertex 14.446 61.99 29.859
      vertex 14.446 63 29.859
    endloop
  endfacet
  facet normal 0.522532 0 0.85262
    outer loop
      vertex 14.446 61.99 29.859
      vertex 14.3122 63 29.941
      vertex 14.3122 61.99 29.941
    endloop
  endfacet
  facet normal -0.522532 0 0.85262
    outer loop
      vertex 15.354 63 29.859
      vertex 15.4878 61.99 29.941
      vertex 15.4878 63 29.941
    endloop
  endfacet
  facet normal -0.522532 0 0.85262
    outer loop
      vertex 15.4878 61.99 29.941
      vertex 15.354 63 29.859
      vertex 15.354 61.99 29.859
    endloop
  endfacet
  facet normal -0.233228 0 0.972422
    outer loop
      vertex 15.0564 63 29.7623
      vertex 15.209 61.99 29.7989
      vertex 15.209 63 29.7989
    endloop
  endfacet
  facet normal -0.233228 0 0.972422
    outer loop
      vertex 15.209 61.99 29.7989
      vertex 15.0564 63 29.7623
      vertex 15.0564 61.99 29.7623
    endloop
  endfacet
  facet normal 0.649478 0 0.76038
    outer loop
      vertex 14.1929 63 30.0429
      vertex 14.3122 61.99 29.941
      vertex 14.3122 63 29.941
    endloop
  endfacet
  facet normal 0.649478 0 0.76038
    outer loop
      vertex 14.3122 61.99 29.941
      vertex 14.1929 63 30.0429
      vertex 14.1929 61.99 30.0429
    endloop
  endfacet
  facet normal 0.76038 -0 0.649478
    outer loop
      vertex 14.091 61.99 30.1622
      vertex 14.1929 63 30.0429
      vertex 14.091 63 30.1622
    endloop
  endfacet
  facet normal 0.76038 0 0.649478
    outer loop
      vertex 14.1929 63 30.0429
      vertex 14.091 61.99 30.1622
      vertex 14.1929 61.99 30.0429
    endloop
  endfacet
  facet normal 0.85262 -0 0.522532
    outer loop
      vertex 14.009 61.99 30.296
      vertex 14.091 63 30.1622
      vertex 14.009 63 30.296
    endloop
  endfacet
  facet normal 0.85262 0 0.522532
    outer loop
      vertex 14.091 63 30.1622
      vertex 14.009 61.99 30.296
      vertex 14.091 61.99 30.1622
    endloop
  endfacet
  facet normal -0.0784024 0 0.996922
    outer loop
      vertex 14.9 63 29.75
      vertex 15.0564 61.99 29.7623
      vertex 15.0564 63 29.7623
    endloop
  endfacet
  facet normal -0.0784024 0 0.996922
    outer loop
      vertex 15.0564 61.99 29.7623
      vertex 14.9 63 29.75
      vertex 14.9 61.99 29.75
    endloop
  endfacet
  facet normal 0.233228 0 0.972422
    outer loop
      vertex 14.591 63 29.7989
      vertex 14.7436 61.99 29.7623
      vertex 14.7436 63 29.7623
    endloop
  endfacet
  facet normal 0.233228 0 0.972422
    outer loop
      vertex 14.7436 61.99 29.7623
      vertex 14.591 63 29.7989
      vertex 14.591 61.99 29.7989
    endloop
  endfacet
  facet normal 0.0784024 0 0.996922
    outer loop
      vertex 14.7436 63 29.7623
      vertex 14.9 61.99 29.75
      vertex 14.9 63 29.75
    endloop
  endfacet
  facet normal 0.0784024 0 0.996922
    outer loop
      vertex 14.9 61.99 29.75
      vertex 14.7436 63 29.7623
      vertex 14.7436 61.99 29.7623
    endloop
  endfacet
  facet normal 1 -0 0
    outer loop
      vertex 12.8 61 36.6
      vertex 12.8 61.99 27.4
      vertex 12.8 61.99 36.6
    endloop
  endfacet
  facet normal 1 0 0
    outer loop
      vertex 12.8 61.99 27.4
      vertex 12.8 61 36.6
      vertex 12.8 61 27.4
    endloop
  endfacet
  facet normal 0 0 -1
    outer loop
      vertex 12.8 61 36.6
      vertex 17 61.99 36.6
      vertex 17 61 36.6
    endloop
  endfacet
  facet normal -0 0 -1
    outer loop
      vertex 17 61.99 36.6
      vertex 12.8 61 36.6
      vertex 12.8 61.99 36.6
    endloop
  endfacet
  facet normal -1 0 0
    outer loop
      vertex 17 61 27.4
      vertex 17 61.99 36.6
      vertex 17 61.99 27.4
    endloop
  endfacet
  facet normal -1 -0 0
    outer loop
      vertex 17 61.99 36.6
      vertex 17 61 27.4
      vertex 17 61 36.6
    endloop
  endfacet
  facet normal 0 -1 0
    outer loop
      vertex 12.8 61.99 36.6
      vertex 14.9 61.99 34.25
      vertex 17 61.99 36.6
    endloop
  endfacet
  facet normal 0 -1 0
    outer loop
      vertex 12.8 61.99 36.6
      vertex 14.7436 61.99 34.2377
      vertex 14.9 61.99 34.25
    endloop
  endfacet
  facet normal 0 -1 0
    outer loop
      vertex 12.8 61.99 36.6
      vertex 14.591 61.99 34.2011
      vertex 14.7436 61.99 34.2377
    endloop
  endfacet
  facet normal 0 -1 0
    outer loop
      vertex 12.8 61.99 36.6
      vertex 14.446 61.99 34.141
      vertex 14.591 61.99 34.2011
    endloop
  endfacet
  facet normal 0 -1 0
    outer loop
      vertex 12.8 61.99 36.6
      vertex 14.3122 61.99 34.059
      vertex 14.446 61.99 34.141
    endloop
  endfacet
  facet normal 0 -1 0
    outer loop
      vertex 12.8 61.99 36.6
      vertex 14.1929 61.99 33.9571
      vertex 14.3122 61.99 34.059
    endloop
  endfacet
  facet normal 0 -1 0
    outer loop
      vertex 12.8 61.99 36.6
      vertex 14.091 61.99 33.8378
      vertex 14.1929 61.99 33.9571
    endloop
  endfacet
  facet normal 0 -1 0
    outer loop
      vertex 12.8 61.99 36.6
      vertex 14.009 61.99 33.704
      vertex 14.091 61.99 33.8378
    endloop
  endfacet
  facet normal 0 -1 0
    outer loop
      vertex 12.8 61.99 36.6
      vertex 13.9489 61.99 33.559
      vertex 14.009 61.99 33.704
    endloop
  endfacet
  facet normal 0 -1 0
    outer loop
      vertex 12.8 61.99 36.6
      vertex 13.9123 61.99 33.4064
      vertex 13.9489 61.99 33.559
    endloop
  endfacet
  facet normal 0 -1 0
    outer loop
      vertex 12.8 61.99 36.6
      vertex 13.9 61.99 33.25
      vertex 13.9123 61.99 33.4064
    endloop
  endfacet
  facet normal 0 -1 0
    outer loop
      vertex 12.8 61.99 36.6
      vertex 13.9 61.99 30.75
      vertex 13.9 61.99 33.25
    endloop
  endfacet
  facet normal 0 -1 0
    outer loop
      vertex 12.8 61.99 27.4
      vertex 13.9 61.99 30.75
      vertex 12.8 61.99 36.6
    endloop
  endfacet
  facet normal 0 -1 -0
    outer loop
      vertex 14.7436 61.99 29.7623
      vertex 12.8 61.99 27.4
      vertex 14.9 61.99 29.75
    endloop
  endfacet
  facet normal 0 -1 -0
    outer loop
      vertex 14.591 61.99 29.7989
      vertex 12.8 61.99 27.4
      vertex 14.7436 61.99 29.7623
    endloop
  endfacet
  facet normal 0 -1 -0
    outer loop
      vertex 14.446 61.99 29.859
      vertex 12.8 61.99 27.4
      vertex 14.591 61.99 29.7989
    endloop
  endfacet
  facet normal 0 -1 -0
    outer loop
      vertex 14.3122 61.99 29.941
      vertex 12.8 61.99 27.4
      vertex 14.446 61.99 29.859
    endloop
  endfacet
  facet normal 0 -1 -0
    outer loop
      vertex 14.1929 61.99 30.0429
      vertex 12.8 61.99 27.4
      vertex 14.3122 61.99 29.941
    endloop
  endfacet
  facet normal 0 -1 -0
    outer loop
      vertex 14.091 61.99 30.1622
      vertex 12.8 61.99 27.4
      vertex 14.1929 61.99 30.0429
    endloop
  endfacet
  facet normal 0 -1 -0
    outer loop
      vertex 14.009 61.99 30.296
      vertex 12.8 61.99 27.4
      vertex 14.091 61.99 30.1622
    endloop
  endfacet
  facet normal 0 -1 -0
    outer loop
      vertex 13.9489 61.99 30.441
      vertex 12.8 61.99 27.4
      vertex 14.009 61.99 30.296
    endloop
  endfacet
  facet normal 0 -1 -0
    outer loop
      vertex 13.9123 61.99 30.5936
      vertex 12.8 61.99 27.4
      vertex 13.9489 61.99 30.441
    endloop
  endfacet
  facet normal 0 -1 -0
    outer loop
      vertex 13.9 61.99 30.75
      vertex 12.8 61.99 27.4
      vertex 13.9123 61.99 30.5936
    endloop
  endfacet
  facet normal 0 -1 0
    outer loop
      vertex 15.0564 61.99 34.2377
      vertex 17 61.99 36.6
      vertex 14.9 61.99 34.25
    endloop
  endfacet
  facet normal 0 -1 0
    outer loop
      vertex 15.209 61.99 34.2011
      vertex 17 61.99 36.6
      vertex 15.0564 61.99 34.2377
    endloop
  endfacet
  facet normal 0 -1 0
    outer loop
      vertex 15.354 61.99 34.141
      vertex 17 61.99 36.6
      vertex 15.209 61.99 34.2011
    endloop
  endfacet
  facet normal 0 -1 0
    outer loop
      vertex 15.4878 61.99 34.059
      vertex 17 61.99 36.6
      vertex 15.354 61.99 34.141
    endloop
  endfacet
  facet normal 0 -1 0
    outer loop
      vertex 15.6071 61.99 33.9571
      vertex 17 61.99 36.6
      vertex 15.4878 61.99 34.059
    endloop
  endfacet
  facet normal 0 -1 0
    outer loop
      vertex 15.709 61.99 33.8378
      vertex 17 61.99 36.6
      vertex 15.6071 61.99 33.9571
    endloop
  endfacet
  facet normal 0 -1 0
    outer loop
      vertex 15.791 61.99 33.704
      vertex 17 61.99 36.6
      vertex 15.709 61.99 33.8378
    endloop
  endfacet
  facet normal 0 -1 0
    outer loop
      vertex 15.8511 61.99 33.559
      vertex 17 61.99 36.6
      vertex 15.791 61.99 33.704
    endloop
  endfacet
  facet normal 0 -1 0
    outer loop
      vertex 15.8877 61.99 33.4064
      vertex 17 61.99 36.6
      vertex 15.8511 61.99 33.559
    endloop
  endfacet
  facet normal 0 -1 0
    outer loop
      vertex 15.9 61.99 33.25
      vertex 17 61.99 36.6
      vertex 15.8877 61.99 33.4064
    endloop
  endfacet
  facet normal 0 -1 0
    outer loop
      vertex 15.9 61.99 30.75
      vertex 17 61.99 36.6
      vertex 15.9 61.99 33.25
    endloop
  endfacet
  facet normal 0 -1 0
    outer loop
      vertex 17 61.99 27.4
      vertex 15.9 61.99 30.75
      vertex 15.8877 61.99 30.5936
    endloop
  endfacet
  facet normal 0 -1 0
    outer loop
      vertex 17 61.99 27.4
      vertex 14.9 61.99 29.75
      vertex 12.8 61.99 27.4
    endloop
  endfacet
  facet normal 0 -1 0
    outer loop
      vertex 14.9 61.99 29.75
      vertex 17 61.99 27.4
      vertex 15.0564 61.99 29.7623
    endloop
  endfacet
  facet normal 0 -1 0
    outer loop
      vertex 15.0564 61.99 29.7623
      vertex 17 61.99 27.4
      vertex 15.209 61.99 29.7989
    endloop
  endfacet
  facet normal 0 -1 0
    outer loop
      vertex 15.209 61.99 29.7989
      vertex 17 61.99 27.4
      vertex 15.354 61.99 29.859
    endloop
  endfacet
  facet normal 0 -1 0
    outer loop
      vertex 15.354 61.99 29.859
      vertex 17 61.99 27.4
      vertex 15.4878 61.99 29.941
    endloop
  endfacet
  facet normal 0 -1 0
    outer loop
      vertex 15.9 61.99 30.75
      vertex 17 61.99 27.4
      vertex 17 61.99 36.6
    endloop
  endfacet
  facet normal 0 -1 0
    outer loop
      vertex 15.8511 61.99 30.441
      vertex 17 61.99 27.4
      vertex 15.8877 61.99 30.5936
    endloop
  endfacet
  facet normal 0 -1 0
    outer loop
      vertex 15.791 61.99 30.296
      vertex 17 61.99 27.4
      vertex 15.8511 61.99 30.441
    endloop
  endfacet
  facet normal 0 -1 0
    outer loop
      vertex 15.709 61.99 30.1622
      vertex 17 61.99 27.4
      vertex 15.791 61.99 30.296
    endloop
  endfacet
  facet normal 0 -1 0
    outer loop
      vertex 15.6071 61.99 30.0429
      vertex 17 61.99 27.4
      vertex 15.709 61.99 30.1622
    endloop
  endfacet
  facet normal 0 -1 0
    outer loop
      vertex 15.4878 61.99 29.941
      vertex 17 61.99 27.4
      vertex 15.6071 61.99 30.0429
    endloop
  endfacet
  facet normal -0 0 1
    outer loop
      vertex 12.8 61.99 27.4
      vertex 17 61 27.4
      vertex 17 61.99 27.4
    endloop
  endfacet
  facet normal 0 0 1
    outer loop
      vertex 17 61 27.4
      vertex 12.8 61.99 27.4
      vertex 12.8 61 27.4
    endloop
  endfacet
endsolid OpenSCAD_Model
