solid OpenSCAD_Model
  facet normal -0.996917 0 0.0784595
    outer loop
      vertex 0 0 41
      vertex 0.0369349 61 41.4693
      vertex 0 61 41
    endloop
  endfacet
  facet normal -0.996917 0 0.0784595
    outer loop
      vertex 0.0369349 61 41.4693
      vertex 0 0 41
      vertex 0.0369349 0 41.4693
    endloop
  endfacet
  facet normal -0.233453 0 0.972368
    outer loop
      vertex 2.07295 61 43.8532
      vertex 2.5307 0 43.9631
      vertex 2.5307 61 43.9631
    endloop
  endfacet
  facet normal -0.233453 0 0.972368
    outer loop
      vertex 2.5307 0 43.9631
      vertex 2.07295 61 43.8532
      vertex 2.07295 0 43.8532
    endloop
  endfacet
  facet normal -0.85265 0 0.522483
    outer loop
      vertex 0.32698 0 42.362
      vertex 0.572948 61 42.7634
      vertex 0.32698 61 42.362
    endloop
  endfacet
  facet normal -0.85265 0 0.522483
    outer loop
      vertex 0.572948 61 42.7634
      vertex 0.32698 0 42.362
      vertex 0.572948 0 42.7634
    endloop
  endfacet
  facet normal 0 -1 0
    outer loop
      vertex 0 0 41
      vertex 3 0 44
      vertex 2.5307 0 43.9631
    endloop
  endfacet
  facet normal 0 -1 0
    outer loop
      vertex 3 0 44
      vertex 15.0068 0 43.8786
      vertex 15 0 44
    endloop
  endfacet
  facet normal 0 -1 0
    outer loop
      vertex 0 0 41
      vertex 2.5307 0 43.9631
      vertex 2.07295 0 43.8532
    endloop
  endfacet
  facet normal 0 -1 0
    outer loop
      vertex 0 0 41
      vertex 2.07295 0 43.8532
      vertex 1.63803 0 43.673
    endloop
  endfacet
  facet normal 0 -1 0
    outer loop
      vertex 3 0 44
      vertex 15.0185 0 43.6682
      vertex 15.0068 0 43.8786
    endloop
  endfacet
  facet normal 0 -1 0
    outer loop
      vertex 3 0 44
      vertex 15.052 0 43.4706
      vertex 15.0185 0 43.6682
    endloop
  endfacet
  facet normal 0 -1 0
    outer loop
      vertex 0 0 41
      vertex 1.63803 0 43.673
      vertex 1.23664 0 43.4271
    endloop
  endfacet
  facet normal 0 -1 0
    outer loop
      vertex 3 0 44
      vertex 15.0734 0 43.3445
      vertex 15.052 0 43.4706
    endloop
  endfacet
  facet normal 0 -1 0
    outer loop
      vertex 3 0 44
      vertex 15.1099 0 43.2201
      vertex 15.0734 0 43.3445
    endloop
  endfacet
  facet normal 0 -1 0
    outer loop
      vertex 0 0 41
      vertex 1.23664 0 43.4271
      vertex 0.878679 0 43.1213
    endloop
  endfacet
  facet normal 0 -1 0
    outer loop
      vertex 3 0 44
      vertex 15.1635 0 43.0369
      vertex 15.1099 0 43.2201
    endloop
  endfacet
  facet normal 0 -1 0
    outer loop
      vertex 3 0 44
      vertex 15.2154 0 42.9171
      vertex 15.1635 0 43.0369
    endloop
  endfacet
  facet normal 0 -1 0
    outer loop
      vertex 0 0 41
      vertex 0.878679 0 43.1213
      vertex 0.572948 0 42.7634
    endloop
  endfacet
  facet normal 0 -1 0
    outer loop
      vertex 3 0 44
      vertex 15.2865 0 42.7531
      vertex 15.2154 0 42.9171
    endloop
  endfacet
  facet normal 0 -1 0
    outer loop
      vertex 3 0 44
      vertex 0 0 41
      vertex 2.6 0 32.65
    endloop
  endfacet
  facet normal -0 -1 0
    outer loop
      vertex 15.4393 0 42.5
      vertex 3 0 44
      vertex 2.6 0 32.65
    endloop
  endfacet
  facet normal 0 -1 0
    outer loop
      vertex 3 0 44
      vertex 15.372 0 42.6115
      vertex 15.2865 0 42.7531
    endloop
  endfacet
  facet normal 0 -1 0
    outer loop
      vertex 0 0 41
      vertex 0.572948 0 42.7634
      vertex 0.32698 0 42.362
    endloop
  endfacet
  facet normal 0 -1 0
    outer loop
      vertex 3 0 44
      vertex 15.4393 0 42.5
      vertex 15.372 0 42.6115
    endloop
  endfacet
  facet normal 0 -1 -0
    outer loop
      vertex 15.4393 0 42.5
      vertex 2.6 0 32.65
      vertex 15.5204 0 42.4021
    endloop
  endfacet
  facet normal 0 -1 -0
    outer loop
      vertex 15.5204 0 42.4021
      vertex 2.6 0 32.65
      vertex 15.6183 0 42.2838
    endloop
  endfacet
  facet normal 0 -1 -0
    outer loop
      vertex 15.6183 0 42.2838
      vertex 2.6 0 32.65
      vertex 15.7257 0 42.1908
    endloop
  endfacet
  facet normal 0 -1 -0
    outer loop
      vertex 15.7257 0 42.1908
      vertex 2.6 0 32.65
      vertex 15.819 0 42.1099
    endloop
  endfacet
  facet normal 0 -1 0
    outer loop
      vertex 0 0 41
      vertex 0.32698 0 42.362
      vertex 0.14683 0 41.9271
    endloop
  endfacet
  facet normal 0 -1 -0
    outer loop
      vertex 15.819 0 42.1099
      vertex 2.6 0 32.65
      vertex 15.922 0 42.0496
    endloop
  endfacet
  facet normal 0 -1 -0
    outer loop
      vertex 15.922 0 42.0496
      vertex 2.6 0 32.65
      vertex 16.0365 0 41.9825
    endloop
  endfacet
  facet normal 0 -1 0
    outer loop
      vertex 0 0 41
      vertex 0.14683 0 41.9271
      vertex 0.0369349 0 41.4693
    endloop
  endfacet
  facet normal 0 -1 0
    outer loop
      vertex 17.9932 0 43.8786
      vertex 30 0 44
      vertex 18 0 44
    endloop
  endfacet
  facet normal 0 -1 0
    outer loop
      vertex 17.9815 0 43.6682
      vertex 30 0 44
      vertex 17.9932 0 43.8786
    endloop
  endfacet
  facet normal 0 -1 0
    outer loop
      vertex 17.948 0 43.4706
      vertex 30 0 44
      vertex 17.9815 0 43.6682
    endloop
  endfacet
  facet normal 0 -1 0
    outer loop
      vertex 17.9266 0 43.3445
      vertex 30 0 44
      vertex 17.948 0 43.4706
    endloop
  endfacet
  facet normal 0 -1 0
    outer loop
      vertex 17.8901 0 43.2201
      vertex 30 0 44
      vertex 17.9266 0 43.3445
    endloop
  endfacet
  facet normal 0 -1 0
    outer loop
      vertex 17.8365 0 43.0369
      vertex 30 0 44
      vertex 17.8901 0 43.2201
    endloop
  endfacet
  facet normal 0 -1 0
    outer loop
      vertex 17.7846 0 42.9171
      vertex 30 0 44
      vertex 17.8365 0 43.0369
    endloop
  endfacet
  facet normal 0 -1 0
    outer loop
      vertex 17.7135 0 42.7531
      vertex 30 0 44
      vertex 17.7846 0 42.9171
    endloop
  endfacet
  facet normal 0 -1 0
    outer loop
      vertex 17.628 0 42.6115
      vertex 30 0 44
      vertex 17.7135 0 42.7531
    endloop
  endfacet
  facet normal 0 -1 0
    outer loop
      vertex 17.5607 0 42.5
      vertex 30 0 44
      vertex 17.628 0 42.6115
    endloop
  endfacet
  facet normal 0 -1 0
    outer loop
      vertex 30 0 44
      vertex 33 0 41
      vertex 30.4693 0 43.9631
    endloop
  endfacet
  facet normal 0 -1 0
    outer loop
      vertex 30.4693 0 43.9631
      vertex 33 0 41
      vertex 30.9271 0 43.8532
    endloop
  endfacet
  facet normal 0 -1 0
    outer loop
      vertex 30.9271 0 43.8532
      vertex 33 0 41
      vertex 31.362 0 43.673
    endloop
  endfacet
  facet normal 0 -1 0
    outer loop
      vertex 31.7634 0 43.4271
      vertex 33 0 41
      vertex 32.1213 0 43.1213
    endloop
  endfacet
  facet normal -0 -1 0
    outer loop
      vertex 33 0 41
      vertex 30 0 44
      vertex 30.4 0 32.65
    endloop
  endfacet
  facet normal 0 -1 -0
    outer loop
      vertex 30 0 44
      vertex 17.5607 0 42.5
      vertex 30.4 0 32.65
    endloop
  endfacet
  facet normal 0 -1 0
    outer loop
      vertex 30.4 0 32.65
      vertex 17.5607 0 42.5
      vertex 17.4796 0 42.4021
    endloop
  endfacet
  facet normal 0 -1 0
    outer loop
      vertex 32.1213 0 43.1213
      vertex 33 0 41
      vertex 32.4271 0 42.7634
    endloop
  endfacet
  facet normal 0 -1 0
    outer loop
      vertex 30.4 0 32.65
      vertex 17.4796 0 42.4021
      vertex 17.3817 0 42.2838
    endloop
  endfacet
  facet normal 0 -1 0
    outer loop
      vertex 30.4 0 32.65
      vertex 17.3817 0 42.2838
      vertex 17.2743 0 42.1908
    endloop
  endfacet
  facet normal 0 -1 0
    outer loop
      vertex 30.4 0 32.65
      vertex 17.2743 0 42.1908
      vertex 17.181 0 42.1099
    endloop
  endfacet
  facet normal 0 -1 0
    outer loop
      vertex 30.4 0 32.65
      vertex 17.181 0 42.1099
      vertex 17.078 0 42.0496
    endloop
  endfacet
  facet normal 0 -1 0
    outer loop
      vertex 30.4 0 32.65
      vertex 17.078 0 42.0496
      vertex 16.9635 0 41.9825
    endloop
  endfacet
  facet normal 0 -1 0
    outer loop
      vertex 32.4271 0 42.7634
      vertex 33 0 41
      vertex 32.673 0 42.362
    endloop
  endfacet
  facet normal 0 -1 0
    outer loop
      vertex 30.4 0 32.65
      vertex 16.9635 0 41.9825
      vertex 16.7347 0 41.9048
    endloop
  endfacet
  facet normal 0 -1 0
    outer loop
      vertex 30.4 0 32.65
      vertex 16.7347 0 41.9048
      vertex 16.5 0 41.8787
    endloop
  endfacet
  facet normal 0 -1 -0
    outer loop
      vertex 16.0365 0 41.9825
      vertex 2.6 0 32.65
      vertex 16.2653 0 41.9048
    endloop
  endfacet
  facet normal 0 -1 0
    outer loop
      vertex 30.4 0 32.65
      vertex 16.5 0 41.8787
      vertex 2.6 0 32.65
    endloop
  endfacet
  facet normal 0 -1 -0
    outer loop
      vertex 16.2653 0 41.9048
      vertex 2.6 0 32.65
      vertex 16.5 0 41.8787
    endloop
  endfacet
  facet normal 0 -1 0
    outer loop
      vertex 31.362 0 43.673
      vertex 33 0 41
      vertex 31.7634 0 43.4271
    endloop
  endfacet
  facet normal 0 -1 0
    outer loop
      vertex 32.673 0 42.362
      vertex 33 0 41
      vertex 32.8532 0 41.9271
    endloop
  endfacet
  facet normal 0 -1 0
    outer loop
      vertex 0 0 3
      vertex 2.6 0 32.65
      vertex 0 0 41
    endloop
  endfacet
  facet normal 0 -1 0
    outer loop
      vertex 0.0369349 0 2.5307
      vertex 2.6 0 4.85
      vertex 0 0 3
    endloop
  endfacet
  facet normal 0 -1 -0
    outer loop
      vertex 2.6 0 32.65
      vertex 0 0 3
      vertex 2.6 0 4.85
    endloop
  endfacet
  facet normal 0 -1 0
    outer loop
      vertex 32.8532 0 41.9271
      vertex 33 0 41
      vertex 32.9631 0 41.4693
    endloop
  endfacet
  facet normal 0 -1 0
    outer loop
      vertex 33 0 3
      vertex 30.4 0 32.65
      vertex 30.4 0 4.85
    endloop
  endfacet
  facet normal 0 -1 0
    outer loop
      vertex 30.4 0 32.65
      vertex 33 0 3
      vertex 33 0 41
    endloop
  endfacet
  facet normal 0 -1 0
    outer loop
      vertex 2.6 0 4.85
      vertex 3 0 0
      vertex 30.4 0 4.85
    endloop
  endfacet
  facet normal 0 -1 0
    outer loop
      vertex 0.14683 0 2.07295
      vertex 2.6 0 4.85
      vertex 0.0369349 0 2.5307
    endloop
  endfacet
  facet normal 0 -1 0
    outer loop
      vertex 30 0 0
      vertex 30.4 0 4.85
      vertex 3 0 0
    endloop
  endfacet
  facet normal 0 -1 0
    outer loop
      vertex 0.32698 0 1.63803
      vertex 2.6 0 4.85
      vertex 0.14683 0 2.07295
    endloop
  endfacet
  facet normal -0 -1 0
    outer loop
      vertex 30.4693 0 0.0369358
      vertex 30.4 0 4.85
      vertex 30 0 0
    endloop
  endfacet
  facet normal 0 -1 0
    outer loop
      vertex 0.572948 0 1.23664
      vertex 2.6 0 4.85
      vertex 0.32698 0 1.63803
    endloop
  endfacet
  facet normal 0 -1 0
    outer loop
      vertex 30.4 0 4.85
      vertex 32.9631 0 2.5307
      vertex 33 0 3
    endloop
  endfacet
  facet normal 0 -1 0
    outer loop
      vertex 0.878679 0 0.87868
      vertex 2.6 0 4.85
      vertex 0.572948 0 1.23664
    endloop
  endfacet
  facet normal 0 -1 0
    outer loop
      vertex 30.4 0 4.85
      vertex 32.8532 0 2.07295
      vertex 32.9631 0 2.5307
    endloop
  endfacet
  facet normal 0 -1 0
    outer loop
      vertex 1.23664 0 0.572949
      vertex 2.6 0 4.85
      vertex 0.878679 0 0.87868
    endloop
  endfacet
  facet normal 0 -1 0
    outer loop
      vertex 30.4 0 4.85
      vertex 32.673 0 1.63803
      vertex 32.8532 0 2.07295
    endloop
  endfacet
  facet normal 0 -1 0
    outer loop
      vertex 1.63803 0 0.326981
      vertex 2.6 0 4.85
      vertex 1.23664 0 0.572949
    endloop
  endfacet
  facet normal 0 -1 0
    outer loop
      vertex 30.4 0 4.85
      vertex 32.4271 0 1.23664
      vertex 32.673 0 1.63803
    endloop
  endfacet
  facet normal 0 -1 0
    outer loop
      vertex 2.07295 0 0.146831
      vertex 2.6 0 4.85
      vertex 1.63803 0 0.326981
    endloop
  endfacet
  facet normal 0 -1 0
    outer loop
      vertex 30.4 0 4.85
      vertex 32.1213 0 0.87868
      vertex 32.4271 0 1.23664
    endloop
  endfacet
  facet normal 0 -1 0
    outer loop
      vertex 2.5307 0 0.0369358
      vertex 2.6 0 4.85
      vertex 2.07295 0 0.146831
    endloop
  endfacet
  facet normal 0 -1 0
    outer loop
      vertex 30.4 0 4.85
      vertex 31.7634 0 0.572949
      vertex 32.1213 0 0.87868
    endloop
  endfacet
  facet normal 0 -1 -0
    outer loop
      vertex 2.6 0 4.85
      vertex 2.5307 0 0.0369358
      vertex 3 0 0
    endloop
  endfacet
  facet normal 0 -1 0
    outer loop
      vertex 30.4 0 4.85
      vertex 31.362 0 0.326981
      vertex 31.7634 0 0.572949
    endloop
  endfacet
  facet normal 0 -1 0
    outer loop
      vertex 30.4 0 4.85
      vertex 30.9271 0 0.146831
      vertex 31.362 0 0.326981
    endloop
  endfacet
  facet normal 0 -1 0
    outer loop
      vertex 30.4 0 4.85
      vertex 30.4693 0 0.0369358
      vertex 30.9271 0 0.146831
    endloop
  endfacet
  facet normal 0.0783858 0 0.996923
    outer loop
      vertex 30 61 44
      vertex 30.4693 0 43.9631
      vertex 30.4693 61 43.9631
    endloop
  endfacet
  facet normal 0.0783858 0 0.996923
    outer loop
      vertex 30.4693 0 43.9631
      vertex 30 61 44
      vertex 30 0 44
    endloop
  endfacet
  facet normal -0 0 1
    outer loop
      vertex 16.9635 2.0175 44
      vertex 30 0 44
      vertex 30 61 44
    endloop
  endfacet
  facet normal 0 0 1
    outer loop
      vertex 30 0 44
      vertex 17.9932 0.121367 44
      vertex 18 0 44
    endloop
  endfacet
  facet normal 0 0 1
    outer loop
      vertex 30 0 44
      vertex 17.9815 0.331847 44
      vertex 17.9932 0.121367 44
    endloop
  endfacet
  facet normal 0 0 1
    outer loop
      vertex 30 0 44
      vertex 17.948 0.529364 44
      vertex 17.9815 0.331847 44
    endloop
  endfacet
  facet normal 0 0 1
    outer loop
      vertex 30 0 44
      vertex 17.9266 0.655523 44
      vertex 17.948 0.529364 44
    endloop
  endfacet
  facet normal 0 0 1
    outer loop
      vertex 30 0 44
      vertex 17.8901 0.779933 44
      vertex 17.9266 0.655523 44
    endloop
  endfacet
  facet normal 0 0 1
    outer loop
      vertex 30 0 44
      vertex 17.8365 0.963059 44
      vertex 17.8901 0.779933 44
    endloop
  endfacet
  facet normal 0 0 1
    outer loop
      vertex 30 0 44
      vertex 17.7846 1.08294 44
      vertex 17.8365 0.963059 44
    endloop
  endfacet
  facet normal 0 0 1
    outer loop
      vertex 30 0 44
      vertex 17.7135 1.24688 44
      vertex 17.7846 1.08294 44
    endloop
  endfacet
  facet normal 0 0 1
    outer loop
      vertex 30 0 44
      vertex 17.628 1.38853 44
      vertex 17.7135 1.24688 44
    endloop
  endfacet
  facet normal 0 0 1
    outer loop
      vertex 30 0 44
      vertex 17.5607 1.5 44
      vertex 17.628 1.38853 44
    endloop
  endfacet
  facet normal 0 0 1
    outer loop
      vertex 30 0 44
      vertex 17.4796 1.59787 44
      vertex 17.5607 1.5 44
    endloop
  endfacet
  facet normal 0 0 1
    outer loop
      vertex 30 0 44
      vertex 17.3817 1.71618 44
      vertex 17.4796 1.59787 44
    endloop
  endfacet
  facet normal 0 0 1
    outer loop
      vertex 30 0 44
      vertex 17.2743 1.8092 44
      vertex 17.3817 1.71618 44
    endloop
  endfacet
  facet normal 0 0 1
    outer loop
      vertex 30 0 44
      vertex 17.181 1.89011 44
      vertex 17.2743 1.8092 44
    endloop
  endfacet
  facet normal 0 0 1
    outer loop
      vertex 30 0 44
      vertex 17.078 1.95043 44
      vertex 17.181 1.89011 44
    endloop
  endfacet
  facet normal 0 0 1
    outer loop
      vertex 30 0 44
      vertex 16.9635 2.0175 44
      vertex 17.078 1.95043 44
    endloop
  endfacet
  facet normal 0 0 1
    outer loop
      vertex 30 61 44
      vertex 16.7347 2.0952 44
      vertex 16.9635 2.0175 44
    endloop
  endfacet
  facet normal 0 0 1
    outer loop
      vertex 30 61 44
      vertex 16.5 2.12132 44
      vertex 16.7347 2.0952 44
    endloop
  endfacet
  facet normal -0 0 1
    outer loop
      vertex 3 61 44
      vertex 16.5 2.12132 44
      vertex 30 61 44
    endloop
  endfacet
  facet normal 0 0 1
    outer loop
      vertex 16.5 2.12132 44
      vertex 3 61 44
      vertex 16.2653 2.0952 44
    endloop
  endfacet
  facet normal 0 0 1
    outer loop
      vertex 16.2653 2.0952 44
      vertex 3 61 44
      vertex 16.0365 2.0175 44
    endloop
  endfacet
  facet normal 0 0 1
    outer loop
      vertex 3 0 44
      vertex 16.0365 2.0175 44
      vertex 3 61 44
    endloop
  endfacet
  facet normal 0 0 1
    outer loop
      vertex 16.0365 2.0175 44
      vertex 3 0 44
      vertex 15.922 1.95043 44
    endloop
  endfacet
  facet normal 0 0 1
    outer loop
      vertex 15.922 1.95043 44
      vertex 3 0 44
      vertex 15.819 1.89011 44
    endloop
  endfacet
  facet normal 0 0 1
    outer loop
      vertex 15.819 1.89011 44
      vertex 3 0 44
      vertex 15.7257 1.8092 44
    endloop
  endfacet
  facet normal 0 0 1
    outer loop
      vertex 15.7257 1.8092 44
      vertex 3 0 44
      vertex 15.6183 1.71618 44
    endloop
  endfacet
  facet normal 0 0 1
    outer loop
      vertex 15.6183 1.71618 44
      vertex 3 0 44
      vertex 15.5204 1.59787 44
    endloop
  endfacet
  facet normal 0 0 1
    outer loop
      vertex 15.5204 1.59787 44
      vertex 3 0 44
      vertex 15.4393 1.5 44
    endloop
  endfacet
  facet normal 0 0 1
    outer loop
      vertex 15.4393 1.5 44
      vertex 3 0 44
      vertex 15.372 1.38853 44
    endloop
  endfacet
  facet normal 0 0 1
    outer loop
      vertex 15.372 1.38853 44
      vertex 3 0 44
      vertex 15.2865 1.24688 44
    endloop
  endfacet
  facet normal 0 0 1
    outer loop
      vertex 15.2865 1.24688 44
      vertex 3 0 44
      vertex 15.2154 1.08294 44
    endloop
  endfacet
  facet normal 0 0 1
    outer loop
      vertex 15.2154 1.08294 44
      vertex 3 0 44
      vertex 15.1635 0.963059 44
    endloop
  endfacet
  facet normal 0 0 1
    outer loop
      vertex 3 0 44
      vertex 15.052 0.529364 44
      vertex 15.0734 0.655523 44
    endloop
  endfacet
  facet normal 0 0 1
    outer loop
      vertex 15.1635 0.963059 44
      vertex 3 0 44
      vertex 15.1099 0.779933 44
    endloop
  endfacet
  facet normal 0 0 1
    outer loop
      vertex 15.1099 0.779933 44
      vertex 3 0 44
      vertex 15.0734 0.655523 44
    endloop
  endfacet
  facet normal 0 0 1
    outer loop
      vertex 15.052 0.529364 44
      vertex 3 0 44
      vertex 15.0185 0.331847 44
    endloop
  endfacet
  facet normal 0 0 1
    outer loop
      vertex 15.0185 0.331847 44
      vertex 3 0 44
      vertex 15.0068 0.121367 44
    endloop
  endfacet
  facet normal 0 0 1
    outer loop
      vertex 15.0068 0.121367 44
      vertex 3 0 44
      vertex 15 0 44
    endloop
  endfacet
  facet normal -0.382775 0 0.923842
    outer loop
      vertex 1.63803 61 43.673
      vertex 2.07295 0 43.8532
      vertex 2.07295 61 43.8532
    endloop
  endfacet
  facet normal -0.382775 0 0.923842
    outer loop
      vertex 2.07295 0 43.8532
      vertex 1.63803 61 43.673
      vertex 1.63803 0 43.673
    endloop
  endfacet
  facet normal -0.649537 0 0.76033
    outer loop
      vertex 0.878679 61 43.1213
      vertex 1.23664 0 43.4271
      vertex 1.23664 61 43.4271
    endloop
  endfacet
  facet normal -0.649537 0 0.76033
    outer loop
      vertex 1.23664 0 43.4271
      vertex 0.878679 61 43.1213
      vertex 0.878679 0 43.1213
    endloop
  endfacet
  facet normal -1 0 0
    outer loop
      vertex 0 0 3
      vertex 0 61 41
      vertex 0 61 3
    endloop
  endfacet
  facet normal -1 -0 0
    outer loop
      vertex 0 61 41
      vertex 0 0 3
      vertex 0 0 41
    endloop
  endfacet
  facet normal 0.38279 0 0.923836
    outer loop
      vertex 30.9271 61 43.8532
      vertex 31.362 0 43.673
      vertex 31.362 61 43.673
    endloop
  endfacet
  facet normal 0.38279 0 0.923836
    outer loop
      vertex 31.362 0 43.673
      vertex 30.9271 61 43.8532
      vertex 30.9271 0 43.8532
    endloop
  endfacet
  facet normal 0.649601 0 0.760275
    outer loop
      vertex 31.7634 61 43.4271
      vertex 32.1213 0 43.1213
      vertex 32.1213 61 43.1213
    endloop
  endfacet
  facet normal 0.649601 0 0.760275
    outer loop
      vertex 32.1213 0 43.1213
      vertex 31.7634 61 43.4271
      vertex 31.7634 0 43.4271
    endloop
  endfacet
  facet normal -0.0783858 0 0.996923
    outer loop
      vertex 2.5307 61 43.9631
      vertex 3 0 44
      vertex 3 61 44
    endloop
  endfacet
  facet normal -0.0783858 0 0.996923
    outer loop
      vertex 3 0 44
      vertex 2.5307 61 43.9631
      vertex 2.5307 0 43.9631
    endloop
  endfacet
  facet normal -0.522387 0 0.852708
    outer loop
      vertex 1.23664 61 43.4271
      vertex 1.63803 0 43.673
      vertex 1.63803 61 43.673
    endloop
  endfacet
  facet normal -0.522387 0 0.852708
    outer loop
      vertex 1.63803 0 43.673
      vertex 1.23664 61 43.4271
      vertex 1.23664 0 43.4271
    endloop
  endfacet
  facet normal -0.972376 0 0.233419
    outer loop
      vertex 0.0369349 0 41.4693
      vertex 0.14683 61 41.9271
      vertex 0.0369349 61 41.4693
    endloop
  endfacet
  facet normal -0.972376 0 0.233419
    outer loop
      vertex 0.14683 61 41.9271
      vertex 0.0369349 0 41.4693
      vertex 0.14683 0 41.9271
    endloop
  endfacet
  facet normal -0.760348 0 0.649516
    outer loop
      vertex 0.572948 0 42.7634
      vertex 0.878679 61 43.1213
      vertex 0.572948 61 42.7634
    endloop
  endfacet
  facet normal -0.760348 0 0.649516
    outer loop
      vertex 0.878679 61 43.1213
      vertex 0.572948 0 42.7634
      vertex 0.878679 0 43.1213
    endloop
  endfacet
  facet normal -0.923873 0 0.382699
    outer loop
      vertex 0.14683 0 41.9271
      vertex 0.32698 61 42.362
      vertex 0.14683 61 41.9271
    endloop
  endfacet
  facet normal -0.923873 0 0.382699
    outer loop
      vertex 0.32698 61 42.362
      vertex 0.14683 0 41.9271
      vertex 0.32698 0 42.362
    endloop
  endfacet
  facet normal -0.923879 0 -0.382684
    outer loop
      vertex 0.32698 0 1.63803
      vertex 0.14683 61 2.07295
      vertex 0.32698 61 1.63803
    endloop
  endfacet
  facet normal -0.923879 -0 -0.382684
    outer loop
      vertex 0.14683 61 2.07295
      vertex 0.32698 0 1.63803
      vertex 0.14683 0 2.07295
    endloop
  endfacet
  facet normal 1 0 0
    outer loop
      vertex 33 61 41
      vertex 33 40.4 28.2
      vertex 33 61 3
    endloop
  endfacet
  facet normal 1 0 0
    outer loop
      vertex 33 61 41
      vertex 33 40.3902 28.3251
      vertex 33 40.4 28.2
    endloop
  endfacet
  facet normal 1 0 0
    outer loop
      vertex 33 61 41
      vertex 33 40.3608 28.4472
      vertex 33 40.3902 28.3251
    endloop
  endfacet
  facet normal 1 0 0
    outer loop
      vertex 33 61 41
      vertex 33 40.3128 28.5632
      vertex 33 40.3608 28.4472
    endloop
  endfacet
  facet normal 1 0 0
    outer loop
      vertex 33 61 41
      vertex 33 40.2472 28.6702
      vertex 33 40.3128 28.5632
    endloop
  endfacet
  facet normal 1 0 0
    outer loop
      vertex 33 61 41
      vertex 33 40.1657 28.7657
      vertex 33 40.2472 28.6702
    endloop
  endfacet
  facet normal 1 0 0
    outer loop
      vertex 33 61 41
      vertex 33 40.0702 28.8472
      vertex 33 40.1657 28.7657
    endloop
  endfacet
  facet normal 1 0 0
    outer loop
      vertex 33 61 41
      vertex 33 39.9632 28.9128
      vertex 33 40.0702 28.8472
    endloop
  endfacet
  facet normal 1 0 0
    outer loop
      vertex 33 61 41
      vertex 33 39.8472 28.9608
      vertex 33 39.9632 28.9128
    endloop
  endfacet
  facet normal 1 0 0
    outer loop
      vertex 33 61 41
      vertex 33 39.7251 28.9902
      vertex 33 39.8472 28.9608
    endloop
  endfacet
  facet normal 1 0 0
    outer loop
      vertex 33 61 41
      vertex 33 39.6 29
      vertex 33 39.7251 28.9902
    endloop
  endfacet
  facet normal 1 0 0
    outer loop
      vertex 33 36.2 29
      vertex 33 39.6 29
      vertex 33 61 41
    endloop
  endfacet
  facet normal 1 0 0
    outer loop
      vertex 33 39.6 29
      vertex 33 36.2 29
      vertex 33 39.4749 28.9902
    endloop
  endfacet
  facet normal 1 0 -0
    outer loop
      vertex 33 36.3251 28.9902
      vertex 33 39.4749 28.9902
      vertex 33 36.2 29
    endloop
  endfacet
  facet normal 1 0 0
    outer loop
      vertex 33 38.8 28.2
      vertex 33 37 28.2
      vertex 33 38.8 15.8
    endloop
  endfacet
  facet normal 1 0 0
    outer loop
      vertex 33 38.8098 28.3251
      vertex 33 37 28.2
      vertex 33 38.8 28.2
    endloop
  endfacet
  facet normal 1 0 0
    outer loop
      vertex 33 36.9902 28.3251
      vertex 33 38.8098 28.3251
      vertex 33 38.8392 28.4472
    endloop
  endfacet
  facet normal 1 0 0
    outer loop
      vertex 33 36.9608 28.4472
      vertex 33 38.8392 28.4472
      vertex 33 38.8872 28.5632
    endloop
  endfacet
  facet normal 1 0 0
    outer loop
      vertex 33 36.9128 28.5632
      vertex 33 38.8872 28.5632
      vertex 33 38.9528 28.6702
    endloop
  endfacet
  facet normal 1 0 0
    outer loop
      vertex 33 36.8472 28.6702
      vertex 33 38.9528 28.6702
      vertex 33 39.0343 28.7657
    endloop
  endfacet
  facet normal 1 0 0
    outer loop
      vertex 33 36.7657 28.7657
      vertex 33 39.0343 28.7657
      vertex 33 39.1298 28.8472
    endloop
  endfacet
  facet normal 1 0 0
    outer loop
      vertex 33 36.6702 28.8472
      vertex 33 39.1298 28.8472
      vertex 33 39.2368 28.9128
    endloop
  endfacet
  facet normal 1 0 -0
    outer loop
      vertex 33 36.4472 28.9608
      vertex 33 39.3528 28.9608
      vertex 33 36.3251 28.9902
    endloop
  endfacet
  facet normal 1 0 0
    outer loop
      vertex 33 38.8098 28.3251
      vertex 33 36.9902 28.3251
      vertex 33 37 28.2
    endloop
  endfacet
  facet normal 1 0 0
    outer loop
      vertex 33 38.8392 28.4472
      vertex 33 36.9608 28.4472
      vertex 33 36.9902 28.3251
    endloop
  endfacet
  facet normal 1 0 0
    outer loop
      vertex 33 38.8872 28.5632
      vertex 33 36.9128 28.5632
      vertex 33 36.9608 28.4472
    endloop
  endfacet
  facet normal 1 0 0
    outer loop
      vertex 33 38.9528 28.6702
      vertex 33 36.8472 28.6702
      vertex 33 36.9128 28.5632
    endloop
  endfacet
  facet normal 1 0 0
    outer loop
      vertex 33 39.0343 28.7657
      vertex 33 36.7657 28.7657
      vertex 33 36.8472 28.6702
    endloop
  endfacet
  facet normal 1 0 0
    outer loop
      vertex 33 39.1298 28.8472
      vertex 33 36.6702 28.8472
      vertex 33 36.7657 28.7657
    endloop
  endfacet
  facet normal 1 0 0
    outer loop
      vertex 33 39.2368 28.9128
      vertex 33 36.5632 28.9128
      vertex 33 36.6702 28.8472
    endloop
  endfacet
  facet normal 1 0 0
    outer loop
      vertex 33 39.2368 28.9128
      vertex 33 36.4472 28.9608
      vertex 33 36.5632 28.9128
    endloop
  endfacet
  facet normal 1 0 0
    outer loop
      vertex 33 39.3528 28.9608
      vertex 33 36.4472 28.9608
      vertex 33 39.2368 28.9128
    endloop
  endfacet
  facet normal 1 0 0
    outer loop
      vertex 33 39.4749 28.9902
      vertex 33 36.3251 28.9902
      vertex 33 39.3528 28.9608
    endloop
  endfacet
  facet normal 1 0 0
    outer loop
      vertex 33 32.8 29
      vertex 33 36.2 29
      vertex 33 61 41
    endloop
  endfacet
  facet normal 1 0 0
    outer loop
      vertex 33 36.2 29
      vertex 33 32.8 29
      vertex 33 36.0749 28.9902
    endloop
  endfacet
  facet normal 1 0 -0
    outer loop
      vertex 33 32.9251 28.9902
      vertex 33 36.0749 28.9902
      vertex 33 32.8 29
    endloop
  endfacet
  facet normal 1 0 0
    outer loop
      vertex 33 35.4 28.2
      vertex 33 33.6 28.2
      vertex 33 35.4 15.8
    endloop
  endfacet
  facet normal 1 0 0
    outer loop
      vertex 33 35.4099 28.3251
      vertex 33 33.6 28.2
      vertex 33 35.4 28.2
    endloop
  endfacet
  facet normal 1 0 0
    outer loop
      vertex 33 33.5901 28.3251
      vertex 33 35.4099 28.3251
      vertex 33 35.4392 28.4472
    endloop
  endfacet
  facet normal 1 0 0
    outer loop
      vertex 33 33.5608 28.4472
      vertex 33 35.4392 28.4472
      vertex 33 35.4872 28.5632
    endloop
  endfacet
  facet normal 1 0 0
    outer loop
      vertex 33 33.5128 28.5632
      vertex 33 35.4872 28.5632
      vertex 33 35.5528 28.6702
    endloop
  endfacet
  facet normal 1 0 0
    outer loop
      vertex 33 33.4472 28.6702
      vertex 33 35.5528 28.6702
      vertex 33 35.6343 28.7657
    endloop
  endfacet
  facet normal 1 0 0
    outer loop
      vertex 33 33.3657 28.7657
      vertex 33 35.6343 28.7657
      vertex 33 35.7298 28.8472
    endloop
  endfacet
  facet normal 1 0 0
    outer loop
      vertex 33 33.2702 28.8472
      vertex 33 35.7298 28.8472
      vertex 33 35.8368 28.9128
    endloop
  endfacet
  facet normal 1 0 -0
    outer loop
      vertex 33 33.0472 28.9608
      vertex 33 35.9528 28.9608
      vertex 33 32.9251 28.9902
    endloop
  endfacet
  facet normal 1 0 0
    outer loop
      vertex 33 35.4099 28.3251
      vertex 33 33.5901 28.3251
      vertex 33 33.6 28.2
    endloop
  endfacet
  facet normal 1 0 0
    outer loop
      vertex 33 35.4392 28.4472
      vertex 33 33.5608 28.4472
      vertex 33 33.5901 28.3251
    endloop
  endfacet
  facet normal 1 0 0
    outer loop
      vertex 33 35.4872 28.5632
      vertex 33 33.5128 28.5632
      vertex 33 33.5608 28.4472
    endloop
  endfacet
  facet normal 1 0 0
    outer loop
      vertex 33 35.5528 28.6702
      vertex 33 33.4472 28.6702
      vertex 33 33.5128 28.5632
    endloop
  endfacet
  facet normal 1 0 0
    outer loop
      vertex 33 35.6343 28.7657
      vertex 33 33.3657 28.7657
      vertex 33 33.4472 28.6702
    endloop
  endfacet
  facet normal 1 0 0
    outer loop
      vertex 33 35.7298 28.8472
      vertex 33 33.2702 28.8472
      vertex 33 33.3657 28.7657
    endloop
  endfacet
  facet normal 1 0 0
    outer loop
      vertex 33 35.8368 28.9128
      vertex 33 33.1632 28.9128
      vertex 33 33.2702 28.8472
    endloop
  endfacet
  facet normal 1 0 0
    outer loop
      vertex 33 35.8368 28.9128
      vertex 33 33.0472 28.9608
      vertex 33 33.1632 28.9128
    endloop
  endfacet
  facet normal 1 0 0
    outer loop
      vertex 33 35.9528 28.9608
      vertex 33 33.0472 28.9608
      vertex 33 35.8368 28.9128
    endloop
  endfacet
  facet normal 1 0 0
    outer loop
      vertex 33 36.0749 28.9902
      vertex 33 32.9251 28.9902
      vertex 33 35.9528 28.9608
    endloop
  endfacet
  facet normal 1 0 0
    outer loop
      vertex 33 29.4 29
      vertex 33 32.8 29
      vertex 33 61 41
    endloop
  endfacet
  facet normal 1 0 0
    outer loop
      vertex 33 32.8 29
      vertex 33 29.4 29
      vertex 33 32.6749 28.9902
    endloop
  endfacet
  facet normal 1 0 -0
    outer loop
      vertex 33 29.5251 28.9902
      vertex 33 32.6749 28.9902
      vertex 33 29.4 29
    endloop
  endfacet
  facet normal 1 0 0
    outer loop
      vertex 33 32 28.2
      vertex 33 30.2 28.2
      vertex 33 32 15.8
    endloop
  endfacet
  facet normal 1 0 0
    outer loop
      vertex 33 32.0098 28.3251
      vertex 33 30.2 28.2
      vertex 33 32 28.2
    endloop
  endfacet
  facet normal 1 0 0
    outer loop
      vertex 33 30.1902 28.3251
      vertex 33 32.0098 28.3251
      vertex 33 32.0392 28.4472
    endloop
  endfacet
  facet normal 1 0 0
    outer loop
      vertex 33 30.1608 28.4472
      vertex 33 32.0392 28.4472
      vertex 33 32.0872 28.5632
    endloop
  endfacet
  facet normal 1 0 0
    outer loop
      vertex 33 30.1128 28.5632
      vertex 33 32.0872 28.5632
      vertex 33 32.1528 28.6702
    endloop
  endfacet
  facet normal 1 0 0
    outer loop
      vertex 33 30.0472 28.6702
      vertex 33 32.1528 28.6702
      vertex 33 32.2343 28.7657
    endloop
  endfacet
  facet normal 1 0 0
    outer loop
      vertex 33 29.9657 28.7657
      vertex 33 32.2343 28.7657
      vertex 33 32.3298 28.8472
    endloop
  endfacet
  facet normal 1 0 0
    outer loop
      vertex 33 29.8702 28.8472
      vertex 33 32.3298 28.8472
      vertex 33 32.4368 28.9128
    endloop
  endfacet
  facet normal 1 0 0
    outer loop
      vertex 33 32.6749 28.9902
      vertex 33 29.5251 28.9902
      vertex 33 32.5528 28.9608
    endloop
  endfacet
  facet normal 1 0 0
    outer loop
      vertex 33 32.0098 28.3251
      vertex 33 30.1902 28.3251
      vertex 33 30.2 28.2
    endloop
  endfacet
  facet normal 1 0 0
    outer loop
      vertex 33 32.0392 28.4472
      vertex 33 30.1608 28.4472
      vertex 33 30.1902 28.3251
    endloop
  endfacet
  facet normal 1 0 0
    outer loop
      vertex 33 32.0872 28.5632
      vertex 33 30.1128 28.5632
      vertex 33 30.1608 28.4472
    endloop
  endfacet
  facet normal 1 0 0
    outer loop
      vertex 33 32.1528 28.6702
      vertex 33 30.0472 28.6702
      vertex 33 30.1128 28.5632
    endloop
  endfacet
  facet normal 1 0 0
    outer loop
      vertex 33 32.2343 28.7657
      vertex 33 29.9657 28.7657
      vertex 33 30.0472 28.6702
    endloop
  endfacet
  facet normal 1 0 0
    outer loop
      vertex 33 32.3298 28.8472
      vertex 33 29.8702 28.8472
      vertex 33 29.9657 28.7657
    endloop
  endfacet
  facet normal 1 0 0
    outer loop
      vertex 33 32.4368 28.9128
      vertex 33 29.7632 28.9128
      vertex 33 29.8702 28.8472
    endloop
  endfacet
  facet normal 1 0 0
    outer loop
      vertex 33 32.4368 28.9128
      vertex 33 29.6472 28.9608
      vertex 33 29.7632 28.9128
    endloop
  endfacet
  facet normal 1 0 0
    outer loop
      vertex 33 32.5528 28.9608
      vertex 33 29.6472 28.9608
      vertex 33 32.4368 28.9128
    endloop
  endfacet
  facet normal 1 0 -0
    outer loop
      vertex 33 29.6472 28.9608
      vertex 33 32.5528 28.9608
      vertex 33 29.5251 28.9902
    endloop
  endfacet
  facet normal 1 -0 0
    outer loop
      vertex 33 0 41
      vertex 33 29.4 29
      vertex 33 61 41
    endloop
  endfacet
  facet normal 1 0 -0
    outer loop
      vertex 33 26 29
      vertex 33 29.4 29
      vertex 33 0 41
    endloop
  endfacet
  facet normal 1 0 0
    outer loop
      vertex 33 28.6 28.2
      vertex 33 26.8 28.2
      vertex 33 28.6 15.8
    endloop
  endfacet
  facet normal 1 0 0
    outer loop
      vertex 33 28.6098 28.3251
      vertex 33 26.8 28.2
      vertex 33 28.6 28.2
    endloop
  endfacet
  facet normal 1 0 0
    outer loop
      vertex 33 26.7901 28.3251
      vertex 33 28.6098 28.3251
      vertex 33 28.6392 28.4472
    endloop
  endfacet
  facet normal 1 0 0
    outer loop
      vertex 33 26.7608 28.4472
      vertex 33 28.6392 28.4472
      vertex 33 28.6872 28.5632
    endloop
  endfacet
  facet normal 1 0 0
    outer loop
      vertex 33 26.7128 28.5632
      vertex 33 28.6872 28.5632
      vertex 33 28.7528 28.6702
    endloop
  endfacet
  facet normal 1 0 0
    outer loop
      vertex 33 26.6472 28.6702
      vertex 33 28.7528 28.6702
      vertex 33 28.8343 28.7657
    endloop
  endfacet
  facet normal 1 0 0
    outer loop
      vertex 33 26.5657 28.7657
      vertex 33 28.8343 28.7657
      vertex 33 28.9298 28.8472
    endloop
  endfacet
  facet normal 1 0 0
    outer loop
      vertex 33 26.4702 28.8472
      vertex 33 28.9298 28.8472
      vertex 33 29.0368 28.9128
    endloop
  endfacet
  facet normal 1 0 0
    outer loop
      vertex 33 26.3632 28.9128
      vertex 33 29.0368 28.9128
      vertex 33 29.1528 28.9608
    endloop
  endfacet
  facet normal 1 0 0
    outer loop
      vertex 33 29.4 29
      vertex 33 26 29
      vertex 33 29.2749 28.9902
    endloop
  endfacet
  facet normal 1 0 0
    outer loop
      vertex 33 28.6098 28.3251
      vertex 33 26.7901 28.3251
      vertex 33 26.8 28.2
    endloop
  endfacet
  facet normal 1 0 0
    outer loop
      vertex 33 28.6392 28.4472
      vertex 33 26.7608 28.4472
      vertex 33 26.7901 28.3251
    endloop
  endfacet
  facet normal 1 0 0
    outer loop
      vertex 33 28.6872 28.5632
      vertex 33 26.7128 28.5632
      vertex 33 26.7608 28.4472
    endloop
  endfacet
  facet normal 1 0 0
    outer loop
      vertex 33 28.7528 28.6702
      vertex 33 26.6472 28.6702
      vertex 33 26.7128 28.5632
    endloop
  endfacet
  facet normal 1 0 0
    outer loop
      vertex 33 28.8343 28.7657
      vertex 33 26.5657 28.7657
      vertex 33 26.6472 28.6702
    endloop
  endfacet
  facet normal 1 0 0
    outer loop
      vertex 33 28.9298 28.8472
      vertex 33 26.4702 28.8472
      vertex 33 26.5657 28.7657
    endloop
  endfacet
  facet normal 1 0 0
    outer loop
      vertex 33 29.0368 28.9128
      vertex 33 26.3632 28.9128
      vertex 33 26.4702 28.8472
    endloop
  endfacet
  facet normal 1 0 0
    outer loop
      vertex 33 29.1528 28.9608
      vertex 33 26.2472 28.9608
      vertex 33 26.3632 28.9128
    endloop
  endfacet
  facet normal 1 0 0
    outer loop
      vertex 33 29.1528 28.9608
      vertex 33 26.1251 28.9902
      vertex 33 26.2472 28.9608
    endloop
  endfacet
  facet normal 1 0 -0
    outer loop
      vertex 33 26.1251 28.9902
      vertex 33 29.2749 28.9902
      vertex 33 26 29
    endloop
  endfacet
  facet normal 1 0 0
    outer loop
      vertex 33 29.2749 28.9902
      vertex 33 26.1251 28.9902
      vertex 33 29.1528 28.9608
    endloop
  endfacet
  facet normal 1 0 -0
    outer loop
      vertex 33 22.6 29
      vertex 33 26 29
      vertex 33 0 41
    endloop
  endfacet
  facet normal 1 0 0
    outer loop
      vertex 33 25.2 28.2
      vertex 33 23.4 28.2
      vertex 33 25.2 15.8
    endloop
  endfacet
  facet normal 1 0 0
    outer loop
      vertex 33 25.2098 28.3251
      vertex 33 23.4 28.2
      vertex 33 25.2 28.2
    endloop
  endfacet
  facet normal 1 0 0
    outer loop
      vertex 33 23.3902 28.3251
      vertex 33 25.2098 28.3251
      vertex 33 25.2392 28.4472
    endloop
  endfacet
  facet normal 1 0 0
    outer loop
      vertex 33 23.3608 28.4472
      vertex 33 25.2392 28.4472
      vertex 33 25.2872 28.5632
    endloop
  endfacet
  facet normal 1 0 0
    outer loop
      vertex 33 23.3128 28.5632
      vertex 33 25.2872 28.5632
      vertex 33 25.3528 28.6702
    endloop
  endfacet
  facet normal 1 0 0
    outer loop
      vertex 33 23.2472 28.6702
      vertex 33 25.3528 28.6702
      vertex 33 25.4343 28.7657
    endloop
  endfacet
  facet normal 1 0 0
    outer loop
      vertex 33 23.1657 28.7657
      vertex 33 25.4343 28.7657
      vertex 33 25.5298 28.8472
    endloop
  endfacet
  facet normal 1 0 0
    outer loop
      vertex 33 23.0702 28.8472
      vertex 33 25.5298 28.8472
      vertex 33 25.6368 28.9128
    endloop
  endfacet
  facet normal 1 0 0
    outer loop
      vertex 33 22.9632 28.9128
      vertex 33 25.6368 28.9128
      vertex 33 25.7528 28.9608
    endloop
  endfacet
  facet normal 1 0 0
    outer loop
      vertex 33 26 29
      vertex 33 22.6 29
      vertex 33 25.8749 28.9902
    endloop
  endfacet
  facet normal 1 0 0
    outer loop
      vertex 33 25.2098 28.3251
      vertex 33 23.3902 28.3251
      vertex 33 23.4 28.2
    endloop
  endfacet
  facet normal 1 0 0
    outer loop
      vertex 33 25.2392 28.4472
      vertex 33 23.3608 28.4472
      vertex 33 23.3902 28.3251
    endloop
  endfacet
  facet normal 1 0 0
    outer loop
      vertex 33 25.2872 28.5632
      vertex 33 23.3128 28.5632
      vertex 33 23.3608 28.4472
    endloop
  endfacet
  facet normal 1 0 0
    outer loop
      vertex 33 25.3528 28.6702
      vertex 33 23.2472 28.6702
      vertex 33 23.3128 28.5632
    endloop
  endfacet
  facet normal 1 0 0
    outer loop
      vertex 33 25.4343 28.7657
      vertex 33 23.1657 28.7657
      vertex 33 23.2472 28.6702
    endloop
  endfacet
  facet normal 1 0 0
    outer loop
      vertex 33 25.5298 28.8472
      vertex 33 23.0702 28.8472
      vertex 33 23.1657 28.7657
    endloop
  endfacet
  facet normal 1 0 0
    outer loop
      vertex 33 25.6368 28.9128
      vertex 33 22.9632 28.9128
      vertex 33 23.0702 28.8472
    endloop
  endfacet
  facet normal 1 0 0
    outer loop
      vertex 33 25.7528 28.9608
      vertex 33 22.8472 28.9608
      vertex 33 22.9632 28.9128
    endloop
  endfacet
  facet normal 1 0 0
    outer loop
      vertex 33 25.7528 28.9608
      vertex 33 22.7251 28.9902
      vertex 33 22.8472 28.9608
    endloop
  endfacet
  facet normal 1 0 -0
    outer loop
      vertex 33 22.7251 28.9902
      vertex 33 25.8749 28.9902
      vertex 33 22.6 29
    endloop
  endfacet
  facet normal 1 0 0
    outer loop
      vertex 33 25.8749 28.9902
      vertex 33 22.7251 28.9902
      vertex 33 25.7528 28.9608
    endloop
  endfacet
  facet normal 1 0 -0
    outer loop
      vertex 33 19.2 29
      vertex 33 22.6 29
      vertex 33 0 41
    endloop
  endfacet
  facet normal 1 0 0
    outer loop
      vertex 33 21.8 28.2
      vertex 33 20 28.2
      vertex 33 21.8 15.8
    endloop
  endfacet
  facet normal 1 0 0
    outer loop
      vertex 33 21.8098 28.3251
      vertex 33 20 28.2
      vertex 33 21.8 28.2
    endloop
  endfacet
  facet normal 1 0 0
    outer loop
      vertex 33 19.9902 28.3251
      vertex 33 21.8098 28.3251
      vertex 33 21.8392 28.4472
    endloop
  endfacet
  facet normal 1 0 0
    outer loop
      vertex 33 19.9608 28.4472
      vertex 33 21.8392 28.4472
      vertex 33 21.8872 28.5632
    endloop
  endfacet
  facet normal 1 0 0
    outer loop
      vertex 33 19.9128 28.5632
      vertex 33 21.8872 28.5632
      vertex 33 21.9528 28.6702
    endloop
  endfacet
  facet normal 1 0 0
    outer loop
      vertex 33 19.8472 28.6702
      vertex 33 21.9528 28.6702
      vertex 33 22.0343 28.7657
    endloop
  endfacet
  facet normal 1 0 0
    outer loop
      vertex 33 19.7657 28.7657
      vertex 33 22.0343 28.7657
      vertex 33 22.1298 28.8472
    endloop
  endfacet
  facet normal 1 0 0
    outer loop
      vertex 33 19.6702 28.8472
      vertex 33 22.1298 28.8472
      vertex 33 22.2368 28.9128
    endloop
  endfacet
  facet normal 1 0 0
    outer loop
      vertex 33 19.5632 28.9128
      vertex 33 22.2368 28.9128
      vertex 33 22.3528 28.9608
    endloop
  endfacet
  facet normal 1 0 0
    outer loop
      vertex 33 21.8098 28.3251
      vertex 33 19.9902 28.3251
      vertex 33 20 28.2
    endloop
  endfacet
  facet normal 1 0 0
    outer loop
      vertex 33 22.6 29
      vertex 33 19.2 29
      vertex 33 22.4749 28.9902
    endloop
  endfacet
  facet normal 1 0 0
    outer loop
      vertex 33 21.8392 28.4472
      vertex 33 19.9608 28.4472
      vertex 33 19.9902 28.3251
    endloop
  endfacet
  facet normal 1 0 0
    outer loop
      vertex 33 21.8872 28.5632
      vertex 33 19.9128 28.5632
      vertex 33 19.9608 28.4472
    endloop
  endfacet
  facet normal 1 0 0
    outer loop
      vertex 33 21.9528 28.6702
      vertex 33 19.8472 28.6702
      vertex 33 19.9128 28.5632
    endloop
  endfacet
  facet normal 1 0 0
    outer loop
      vertex 33 22.0343 28.7657
      vertex 33 19.7657 28.7657
      vertex 33 19.8472 28.6702
    endloop
  endfacet
  facet normal 1 0 0
    outer loop
      vertex 33 22.1298 28.8472
      vertex 33 19.6702 28.8472
      vertex 33 19.7657 28.7657
    endloop
  endfacet
  facet normal 1 0 0
    outer loop
      vertex 33 22.2368 28.9128
      vertex 33 19.5632 28.9128
      vertex 33 19.6702 28.8472
    endloop
  endfacet
  facet normal 1 0 0
    outer loop
      vertex 33 22.3528 28.9608
      vertex 33 19.4472 28.9608
      vertex 33 19.5632 28.9128
    endloop
  endfacet
  facet normal 1 0 0
    outer loop
      vertex 33 22.4749 28.9902
      vertex 33 19.3251 28.9902
      vertex 33 22.3528 28.9608
    endloop
  endfacet
  facet normal 1 0 0
    outer loop
      vertex 33 22.3528 28.9608
      vertex 33 19.3251 28.9902
      vertex 33 19.4472 28.9608
    endloop
  endfacet
  facet normal 1 0 0
    outer loop
      vertex 33 22.4749 28.9902
      vertex 33 19.2 29
      vertex 33 19.3251 28.9902
    endloop
  endfacet
  facet normal 1 0 0
    outer loop
      vertex 33 19.2 29
      vertex 33 0 41
      vertex 33 19.0749 28.9902
    endloop
  endfacet
  facet normal 1 0 0
    outer loop
      vertex 33 18.4 28.2
      vertex 33 16.6 28.2
      vertex 33 18.4 15.8
    endloop
  endfacet
  facet normal 1 0 0
    outer loop
      vertex 33 18.4098 28.3251
      vertex 33 16.6 28.2
      vertex 33 18.4 28.2
    endloop
  endfacet
  facet normal 1 0 0
    outer loop
      vertex 33 16.5901 28.3251
      vertex 33 18.4098 28.3251
      vertex 33 18.4392 28.4472
    endloop
  endfacet
  facet normal 1 0 0
    outer loop
      vertex 33 16.5608 28.4472
      vertex 33 18.4392 28.4472
      vertex 33 18.4872 28.5632
    endloop
  endfacet
  facet normal 1 0 0
    outer loop
      vertex 33 16.5128 28.5632
      vertex 33 18.4872 28.5632
      vertex 33 18.5528 28.6702
    endloop
  endfacet
  facet normal 1 0 0
    outer loop
      vertex 33 16.4472 28.6702
      vertex 33 18.5528 28.6702
      vertex 33 18.6343 28.7657
    endloop
  endfacet
  facet normal 1 0 0
    outer loop
      vertex 33 16.3657 28.7657
      vertex 33 18.6343 28.7657
      vertex 33 18.7298 28.8472
    endloop
  endfacet
  facet normal 1 0 0
    outer loop
      vertex 33 16.2702 28.8472
      vertex 33 18.7298 28.8472
      vertex 33 18.8368 28.9128
    endloop
  endfacet
  facet normal 1 0 0
    outer loop
      vertex 33 16.1632 28.9128
      vertex 33 18.8368 28.9128
      vertex 33 18.9528 28.9608
    endloop
  endfacet
  facet normal 1 0 0
    outer loop
      vertex 33 18.4098 28.3251
      vertex 33 16.5901 28.3251
      vertex 33 16.6 28.2
    endloop
  endfacet
  facet normal 1 0 -0
    outer loop
      vertex 33 15.9251 28.9902
      vertex 33 19.0749 28.9902
      vertex 33 0 41
    endloop
  endfacet
  facet normal 1 0 0
    outer loop
      vertex 33 18.4392 28.4472
      vertex 33 16.5608 28.4472
      vertex 33 16.5901 28.3251
    endloop
  endfacet
  facet normal 1 0 0
    outer loop
      vertex 33 18.4872 28.5632
      vertex 33 16.5128 28.5632
      vertex 33 16.5608 28.4472
    endloop
  endfacet
  facet normal 1 0 0
    outer loop
      vertex 33 18.5528 28.6702
      vertex 33 16.4472 28.6702
      vertex 33 16.5128 28.5632
    endloop
  endfacet
  facet normal 1 0 0
    outer loop
      vertex 33 18.6343 28.7657
      vertex 33 16.3657 28.7657
      vertex 33 16.4472 28.6702
    endloop
  endfacet
  facet normal 1 0 0
    outer loop
      vertex 33 18.7298 28.8472
      vertex 33 16.2702 28.8472
      vertex 33 16.3657 28.7657
    endloop
  endfacet
  facet normal 1 0 0
    outer loop
      vertex 33 18.8368 28.9128
      vertex 33 16.1632 28.9128
      vertex 33 16.2702 28.8472
    endloop
  endfacet
  facet normal 1 0 0
    outer loop
      vertex 33 18.9528 28.9608
      vertex 33 16.0472 28.9608
      vertex 33 16.1632 28.9128
    endloop
  endfacet
  facet normal 1 0 0
    outer loop
      vertex 33 19.0749 28.9902
      vertex 33 15.9251 28.9902
      vertex 33 18.9528 28.9608
    endloop
  endfacet
  facet normal 1 0 0
    outer loop
      vertex 33 18.9528 28.9608
      vertex 33 15.9251 28.9902
      vertex 33 16.0472 28.9608
    endloop
  endfacet
  facet normal 1 0 0
    outer loop
      vertex 33 15.9251 28.9902
      vertex 33 0 41
      vertex 33 15.8 29
    endloop
  endfacet
  facet normal 1 0 0
    outer loop
      vertex 33 15.8 29
      vertex 33 0 41
      vertex 33 15.6749 28.9902
    endloop
  endfacet
  facet normal 1 0 0
    outer loop
      vertex 33 15 28.2
      vertex 33 0 41
      vertex 33 15 15.8
    endloop
  endfacet
  facet normal 1 0 0
    outer loop
      vertex 33 15.0098 28.3251
      vertex 33 0 41
      vertex 33 15 28.2
    endloop
  endfacet
  facet normal 1 0 0
    outer loop
      vertex 33 15.0392 28.4472
      vertex 33 0 41
      vertex 33 15.0098 28.3251
    endloop
  endfacet
  facet normal 1 0 0
    outer loop
      vertex 33 15.0872 28.5632
      vertex 33 0 41
      vertex 33 15.0392 28.4472
    endloop
  endfacet
  facet normal 1 0 0
    outer loop
      vertex 33 15.1528 28.6702
      vertex 33 0 41
      vertex 33 15.0872 28.5632
    endloop
  endfacet
  facet normal 1 0 0
    outer loop
      vertex 33 15.2343 28.7657
      vertex 33 0 41
      vertex 33 15.1528 28.6702
    endloop
  endfacet
  facet normal 1 0 0
    outer loop
      vertex 33 15.3298 28.8472
      vertex 33 0 41
      vertex 33 15.2343 28.7657
    endloop
  endfacet
  facet normal 1 0 0
    outer loop
      vertex 33 15.4368 28.9128
      vertex 33 0 41
      vertex 33 15.3298 28.8472
    endloop
  endfacet
  facet normal 1 0 0
    outer loop
      vertex 33 15.5528 28.9608
      vertex 33 0 41
      vertex 33 15.4368 28.9128
    endloop
  endfacet
  facet normal 1 0 0
    outer loop
      vertex 33 15.6749 28.9902
      vertex 33 0 41
      vertex 33 15.5528 28.9608
    endloop
  endfacet
  facet normal 1 -0 0
    outer loop
      vertex 33 40.4 15.8
      vertex 33 61 3
      vertex 33 40.4 28.2
    endloop
  endfacet
  facet normal 1 -0 0
    outer loop
      vertex 33 40.3902 15.6749
      vertex 33 61 3
      vertex 33 40.4 15.8
    endloop
  endfacet
  facet normal 1 -0 0
    outer loop
      vertex 33 40.3608 15.5528
      vertex 33 61 3
      vertex 33 40.3902 15.6749
    endloop
  endfacet
  facet normal 1 -0 0
    outer loop
      vertex 33 40.3128 15.4368
      vertex 33 61 3
      vertex 33 40.3608 15.5528
    endloop
  endfacet
  facet normal 1 -0 0
    outer loop
      vertex 33 40.2472 15.3298
      vertex 33 61 3
      vertex 33 40.3128 15.4368
    endloop
  endfacet
  facet normal 1 -0 0
    outer loop
      vertex 33 40.1657 15.2343
      vertex 33 61 3
      vertex 33 40.2472 15.3298
    endloop
  endfacet
  facet normal 1 -0 0
    outer loop
      vertex 33 40.0702 15.1528
      vertex 33 61 3
      vertex 33 40.1657 15.2343
    endloop
  endfacet
  facet normal 1 -0 0
    outer loop
      vertex 33 39.9632 15.0872
      vertex 33 61 3
      vertex 33 40.0702 15.1528
    endloop
  endfacet
  facet normal 1 -0 0
    outer loop
      vertex 33 39.8472 15.0392
      vertex 33 61 3
      vertex 33 39.9632 15.0872
    endloop
  endfacet
  facet normal 1 -0 0
    outer loop
      vertex 33 39.7251 15.0098
      vertex 33 61 3
      vertex 33 39.8472 15.0392
    endloop
  endfacet
  facet normal 1 -0 0
    outer loop
      vertex 33 39.6 15
      vertex 33 61 3
      vertex 33 39.7251 15.0098
    endloop
  endfacet
  facet normal 1 0 0
    outer loop
      vertex 33 36.2 15
      vertex 33 39.6 15
      vertex 33 39.4749 15.0098
    endloop
  endfacet
  facet normal 1 0 0
    outer loop
      vertex 33 36.3251 15.0098
      vertex 33 39.4749 15.0098
      vertex 33 39.3528 15.0392
    endloop
  endfacet
  facet normal 1 0 0
    outer loop
      vertex 33 36.4472 15.0392
      vertex 33 39.3528 15.0392
      vertex 33 39.2368 15.0872
    endloop
  endfacet
  facet normal 1 0 0
    outer loop
      vertex 33 37 15.8
      vertex 33 38.8 15.8
      vertex 33 37 28.2
    endloop
  endfacet
  facet normal 1 0 0
    outer loop
      vertex 33 38.8 15.8
      vertex 33 37 15.8
      vertex 33 38.8098 15.6749
    endloop
  endfacet
  facet normal 1 0 0
    outer loop
      vertex 33 36.9902 15.6749
      vertex 33 38.8098 15.6749
      vertex 33 37 15.8
    endloop
  endfacet
  facet normal 1 0 0
    outer loop
      vertex 33 38.8098 15.6749
      vertex 33 36.9902 15.6749
      vertex 33 38.8392 15.5528
    endloop
  endfacet
  facet normal 1 0 0
    outer loop
      vertex 33 36.9608 15.5528
      vertex 33 38.8392 15.5528
      vertex 33 36.9902 15.6749
    endloop
  endfacet
  facet normal 1 0 0
    outer loop
      vertex 33 38.8392 15.5528
      vertex 33 36.9608 15.5528
      vertex 33 38.8872 15.4368
    endloop
  endfacet
  facet normal 1 0 0
    outer loop
      vertex 33 36.9128 15.4368
      vertex 33 38.8872 15.4368
      vertex 33 36.9608 15.5528
    endloop
  endfacet
  facet normal 1 0 0
    outer loop
      vertex 33 38.8872 15.4368
      vertex 33 36.9128 15.4368
      vertex 33 38.9528 15.3298
    endloop
  endfacet
  facet normal 1 0 0
    outer loop
      vertex 33 36.8472 15.3298
      vertex 33 38.9528 15.3298
      vertex 33 36.9128 15.4368
    endloop
  endfacet
  facet normal 1 0 0
    outer loop
      vertex 33 38.9528 15.3298
      vertex 33 36.8472 15.3298
      vertex 33 39.0343 15.2343
    endloop
  endfacet
  facet normal 1 0 0
    outer loop
      vertex 33 36.7657 15.2343
      vertex 33 39.0343 15.2343
      vertex 33 36.8472 15.3298
    endloop
  endfacet
  facet normal 1 0 0
    outer loop
      vertex 33 39.0343 15.2343
      vertex 33 36.7657 15.2343
      vertex 33 39.1298 15.1528
    endloop
  endfacet
  facet normal 1 0 0
    outer loop
      vertex 33 36.6702 15.1528
      vertex 33 39.1298 15.1528
      vertex 33 36.7657 15.2343
    endloop
  endfacet
  facet normal 1 0 0
    outer loop
      vertex 33 39.1298 15.1528
      vertex 33 36.6702 15.1528
      vertex 33 39.2368 15.0872
    endloop
  endfacet
  facet normal 1 0 0
    outer loop
      vertex 33 36.5632 15.0872
      vertex 33 39.2368 15.0872
      vertex 33 36.6702 15.1528
    endloop
  endfacet
  facet normal 1 0 0
    outer loop
      vertex 33 36.4472 15.0392
      vertex 33 39.2368 15.0872
      vertex 33 36.5632 15.0872
    endloop
  endfacet
  facet normal 1 0 0
    outer loop
      vertex 33 39.3528 15.0392
      vertex 33 36.4472 15.0392
      vertex 33 36.3251 15.0098
    endloop
  endfacet
  facet normal 1 0 0
    outer loop
      vertex 33 39.4749 15.0098
      vertex 33 36.3251 15.0098
      vertex 33 36.2 15
    endloop
  endfacet
  facet normal 1 0 0
    outer loop
      vertex 33 39.6 15
      vertex 33 36.2 15
      vertex 33 61 3
    endloop
  endfacet
  facet normal 1 0 0
    outer loop
      vertex 33 32.8 15
      vertex 33 36.2 15
      vertex 33 36.0749 15.0098
    endloop
  endfacet
  facet normal 1 0 0
    outer loop
      vertex 33 32.9251 15.0098
      vertex 33 36.0749 15.0098
      vertex 33 35.9528 15.0392
    endloop
  endfacet
  facet normal 1 0 0
    outer loop
      vertex 33 33.0472 15.0392
      vertex 33 35.9528 15.0392
      vertex 33 35.8368 15.0872
    endloop
  endfacet
  facet normal 1 0 0
    outer loop
      vertex 33 33.6 15.8
      vertex 33 35.4 15.8
      vertex 33 33.6 28.2
    endloop
  endfacet
  facet normal 1 0 0
    outer loop
      vertex 33 35.4 15.8
      vertex 33 33.6 15.8
      vertex 33 35.4099 15.6749
    endloop
  endfacet
  facet normal 1 0 0
    outer loop
      vertex 33 33.5901 15.6749
      vertex 33 35.4099 15.6749
      vertex 33 33.6 15.8
    endloop
  endfacet
  facet normal 1 0 0
    outer loop
      vertex 33 35.4099 15.6749
      vertex 33 33.5901 15.6749
      vertex 33 35.4392 15.5528
    endloop
  endfacet
  facet normal 1 0 0
    outer loop
      vertex 33 33.5608 15.5528
      vertex 33 35.4392 15.5528
      vertex 33 33.5901 15.6749
    endloop
  endfacet
  facet normal 1 0 0
    outer loop
      vertex 33 35.4392 15.5528
      vertex 33 33.5608 15.5528
      vertex 33 35.4872 15.4368
    endloop
  endfacet
  facet normal 1 0 0
    outer loop
      vertex 33 33.5128 15.4368
      vertex 33 35.4872 15.4368
      vertex 33 33.5608 15.5528
    endloop
  endfacet
  facet normal 1 0 0
    outer loop
      vertex 33 35.4872 15.4368
      vertex 33 33.5128 15.4368
      vertex 33 35.5528 15.3298
    endloop
  endfacet
  facet normal 1 0 0
    outer loop
      vertex 33 33.4472 15.3298
      vertex 33 35.5528 15.3298
      vertex 33 33.5128 15.4368
    endloop
  endfacet
  facet normal 1 0 0
    outer loop
      vertex 33 35.5528 15.3298
      vertex 33 33.4472 15.3298
      vertex 33 35.6343 15.2343
    endloop
  endfacet
  facet normal 1 0 0
    outer loop
      vertex 33 33.3657 15.2343
      vertex 33 35.6343 15.2343
      vertex 33 33.4472 15.3298
    endloop
  endfacet
  facet normal 1 0 0
    outer loop
      vertex 33 35.6343 15.2343
      vertex 33 33.3657 15.2343
      vertex 33 35.7298 15.1528
    endloop
  endfacet
  facet normal 1 0 0
    outer loop
      vertex 33 33.2702 15.1528
      vertex 33 35.7298 15.1528
      vertex 33 33.3657 15.2343
    endloop
  endfacet
  facet normal 1 0 0
    outer loop
      vertex 33 35.7298 15.1528
      vertex 33 33.2702 15.1528
      vertex 33 35.8368 15.0872
    endloop
  endfacet
  facet normal 1 0 0
    outer loop
      vertex 33 33.1632 15.0872
      vertex 33 35.8368 15.0872
      vertex 33 33.2702 15.1528
    endloop
  endfacet
  facet normal 1 0 0
    outer loop
      vertex 33 33.0472 15.0392
      vertex 33 35.8368 15.0872
      vertex 33 33.1632 15.0872
    endloop
  endfacet
  facet normal 1 0 0
    outer loop
      vertex 33 35.9528 15.0392
      vertex 33 33.0472 15.0392
      vertex 33 32.9251 15.0098
    endloop
  endfacet
  facet normal 1 0 0
    outer loop
      vertex 33 36.0749 15.0098
      vertex 33 32.9251 15.0098
      vertex 33 32.8 15
    endloop
  endfacet
  facet normal 1 0 0
    outer loop
      vertex 33 36.2 15
      vertex 33 32.8 15
      vertex 33 61 3
    endloop
  endfacet
  facet normal 1 0 0
    outer loop
      vertex 33 29.4 15
      vertex 33 32.8 15
      vertex 33 32.6749 15.0098
    endloop
  endfacet
  facet normal 1 0 0
    outer loop
      vertex 33 29.5251 15.0098
      vertex 33 32.6749 15.0098
      vertex 33 32.5528 15.0392
    endloop
  endfacet
  facet normal 1 0 0
    outer loop
      vertex 33 29.6472 15.0392
      vertex 33 32.5528 15.0392
      vertex 33 32.4368 15.0872
    endloop
  endfacet
  facet normal 1 0 0
    outer loop
      vertex 33 30.2 15.8
      vertex 33 32 15.8
      vertex 33 30.2 28.2
    endloop
  endfacet
  facet normal 1 0 0
    outer loop
      vertex 33 32 15.8
      vertex 33 30.2 15.8
      vertex 33 32.0098 15.6749
    endloop
  endfacet
  facet normal 1 0 0
    outer loop
      vertex 33 30.1902 15.6749
      vertex 33 32.0098 15.6749
      vertex 33 30.2 15.8
    endloop
  endfacet
  facet normal 1 0 0
    outer loop
      vertex 33 32.0098 15.6749
      vertex 33 30.1902 15.6749
      vertex 33 32.0392 15.5528
    endloop
  endfacet
  facet normal 1 0 0
    outer loop
      vertex 33 30.1608 15.5528
      vertex 33 32.0392 15.5528
      vertex 33 30.1902 15.6749
    endloop
  endfacet
  facet normal 1 0 0
    outer loop
      vertex 33 32.0392 15.5528
      vertex 33 30.1608 15.5528
      vertex 33 32.0872 15.4368
    endloop
  endfacet
  facet normal 1 0 0
    outer loop
      vertex 33 30.1128 15.4368
      vertex 33 32.0872 15.4368
      vertex 33 30.1608 15.5528
    endloop
  endfacet
  facet normal 1 0 0
    outer loop
      vertex 33 32.0872 15.4368
      vertex 33 30.1128 15.4368
      vertex 33 32.1528 15.3298
    endloop
  endfacet
  facet normal 1 0 0
    outer loop
      vertex 33 30.0472 15.3298
      vertex 33 32.1528 15.3298
      vertex 33 30.1128 15.4368
    endloop
  endfacet
  facet normal 1 0 0
    outer loop
      vertex 33 32.1528 15.3298
      vertex 33 30.0472 15.3298
      vertex 33 32.2343 15.2343
    endloop
  endfacet
  facet normal 1 0 0
    outer loop
      vertex 33 29.9657 15.2343
      vertex 33 32.2343 15.2343
      vertex 33 30.0472 15.3298
    endloop
  endfacet
  facet normal 1 0 0
    outer loop
      vertex 33 32.2343 15.2343
      vertex 33 29.9657 15.2343
      vertex 33 32.3298 15.1528
    endloop
  endfacet
  facet normal 1 0 0
    outer loop
      vertex 33 29.8702 15.1528
      vertex 33 32.3298 15.1528
      vertex 33 29.9657 15.2343
    endloop
  endfacet
  facet normal 1 0 0
    outer loop
      vertex 33 32.3298 15.1528
      vertex 33 29.8702 15.1528
      vertex 33 32.4368 15.0872
    endloop
  endfacet
  facet normal 1 0 0
    outer loop
      vertex 33 29.7632 15.0872
      vertex 33 32.4368 15.0872
      vertex 33 29.8702 15.1528
    endloop
  endfacet
  facet normal 1 0 0
    outer loop
      vertex 33 29.6472 15.0392
      vertex 33 32.4368 15.0872
      vertex 33 29.7632 15.0872
    endloop
  endfacet
  facet normal 1 0 0
    outer loop
      vertex 33 32.5528 15.0392
      vertex 33 29.6472 15.0392
      vertex 33 29.5251 15.0098
    endloop
  endfacet
  facet normal 1 0 0
    outer loop
      vertex 33 32.6749 15.0098
      vertex 33 29.5251 15.0098
      vertex 33 29.4 15
    endloop
  endfacet
  facet normal 1 0 0
    outer loop
      vertex 33 32.8 15
      vertex 33 29.4 15
      vertex 33 61 3
    endloop
  endfacet
  facet normal 1 0 0
    outer loop
      vertex 33 26 15
      vertex 33 29.4 15
      vertex 33 29.2749 15.0098
    endloop
  endfacet
  facet normal 1 0 0
    outer loop
      vertex 33 26.1251 15.0098
      vertex 33 29.2749 15.0098
      vertex 33 29.1528 15.0392
    endloop
  endfacet
  facet normal 1 0 0
    outer loop
      vertex 33 26.8 15.8
      vertex 33 28.6 15.8
      vertex 33 26.8 28.2
    endloop
  endfacet
  facet normal 1 0 0
    outer loop
      vertex 33 28.6 15.8
      vertex 33 26.8 15.8
      vertex 33 28.6098 15.6749
    endloop
  endfacet
  facet normal 1 0 0
    outer loop
      vertex 33 26.7901 15.6749
      vertex 33 28.6098 15.6749
      vertex 33 26.8 15.8
    endloop
  endfacet
  facet normal 1 0 0
    outer loop
      vertex 33 28.6098 15.6749
      vertex 33 26.7901 15.6749
      vertex 33 28.6392 15.5528
    endloop
  endfacet
  facet normal 1 0 0
    outer loop
      vertex 33 26.7608 15.5528
      vertex 33 28.6392 15.5528
      vertex 33 26.7901 15.6749
    endloop
  endfacet
  facet normal 1 0 0
    outer loop
      vertex 33 28.6392 15.5528
      vertex 33 26.7608 15.5528
      vertex 33 28.6872 15.4368
    endloop
  endfacet
  facet normal 1 0 0
    outer loop
      vertex 33 26.7128 15.4368
      vertex 33 28.6872 15.4368
      vertex 33 26.7608 15.5528
    endloop
  endfacet
  facet normal 1 0 0
    outer loop
      vertex 33 28.6872 15.4368
      vertex 33 26.7128 15.4368
      vertex 33 28.7528 15.3298
    endloop
  endfacet
  facet normal 1 0 0
    outer loop
      vertex 33 26.6472 15.3298
      vertex 33 28.7528 15.3298
      vertex 33 26.7128 15.4368
    endloop
  endfacet
  facet normal 1 0 0
    outer loop
      vertex 33 28.7528 15.3298
      vertex 33 26.6472 15.3298
      vertex 33 28.8343 15.2343
    endloop
  endfacet
  facet normal 1 0 0
    outer loop
      vertex 33 26.5657 15.2343
      vertex 33 28.8343 15.2343
      vertex 33 26.6472 15.3298
    endloop
  endfacet
  facet normal 1 0 0
    outer loop
      vertex 33 28.8343 15.2343
      vertex 33 26.5657 15.2343
      vertex 33 28.9298 15.1528
    endloop
  endfacet
  facet normal 1 0 0
    outer loop
      vertex 33 26.4702 15.1528
      vertex 33 28.9298 15.1528
      vertex 33 26.5657 15.2343
    endloop
  endfacet
  facet normal 1 0 0
    outer loop
      vertex 33 28.9298 15.1528
      vertex 33 26.4702 15.1528
      vertex 33 29.0368 15.0872
    endloop
  endfacet
  facet normal 1 0 0
    outer loop
      vertex 33 26.3632 15.0872
      vertex 33 29.0368 15.0872
      vertex 33 26.4702 15.1528
    endloop
  endfacet
  facet normal 1 0 0
    outer loop
      vertex 33 29.0368 15.0872
      vertex 33 26.3632 15.0872
      vertex 33 29.1528 15.0392
    endloop
  endfacet
  facet normal 1 0 0
    outer loop
      vertex 33 26.2472 15.0392
      vertex 33 29.1528 15.0392
      vertex 33 26.3632 15.0872
    endloop
  endfacet
  facet normal 1 0 0
    outer loop
      vertex 33 26.1251 15.0098
      vertex 33 29.1528 15.0392
      vertex 33 26.2472 15.0392
    endloop
  endfacet
  facet normal 1 0 0
    outer loop
      vertex 33 29.2749 15.0098
      vertex 33 26.1251 15.0098
      vertex 33 26 15
    endloop
  endfacet
  facet normal 1 0 0
    outer loop
      vertex 33 29.4 15
      vertex 33 26 15
      vertex 33 0 3
    endloop
  endfacet
  facet normal 1 0 0
    outer loop
      vertex 33 22.6 15
      vertex 33 26 15
      vertex 33 25.8749 15.0098
    endloop
  endfacet
  facet normal 1 0 0
    outer loop
      vertex 33 22.7251 15.0098
      vertex 33 25.8749 15.0098
      vertex 33 25.7528 15.0392
    endloop
  endfacet
  facet normal 1 0 0
    outer loop
      vertex 33 23.4 15.8
      vertex 33 25.2 15.8
      vertex 33 23.4 28.2
    endloop
  endfacet
  facet normal 1 0 0
    outer loop
      vertex 33 25.2 15.8
      vertex 33 23.4 15.8
      vertex 33 25.2098 15.6749
    endloop
  endfacet
  facet normal 1 0 0
    outer loop
      vertex 33 23.3902 15.6749
      vertex 33 25.2098 15.6749
      vertex 33 23.4 15.8
    endloop
  endfacet
  facet normal 1 0 0
    outer loop
      vertex 33 25.2098 15.6749
      vertex 33 23.3902 15.6749
      vertex 33 25.2392 15.5528
    endloop
  endfacet
  facet normal 1 0 0
    outer loop
      vertex 33 23.3608 15.5528
      vertex 33 25.2392 15.5528
      vertex 33 23.3902 15.6749
    endloop
  endfacet
  facet normal 1 0 0
    outer loop
      vertex 33 25.2392 15.5528
      vertex 33 23.3608 15.5528
      vertex 33 25.2872 15.4368
    endloop
  endfacet
  facet normal 1 0 0
    outer loop
      vertex 33 23.3128 15.4368
      vertex 33 25.2872 15.4368
      vertex 33 23.3608 15.5528
    endloop
  endfacet
  facet normal 1 0 0
    outer loop
      vertex 33 25.2872 15.4368
      vertex 33 23.3128 15.4368
      vertex 33 25.3528 15.3298
    endloop
  endfacet
  facet normal 1 0 0
    outer loop
      vertex 33 23.2472 15.3298
      vertex 33 25.3528 15.3298
      vertex 33 23.3128 15.4368
    endloop
  endfacet
  facet normal 1 0 0
    outer loop
      vertex 33 25.3528 15.3298
      vertex 33 23.2472 15.3298
      vertex 33 25.4343 15.2343
    endloop
  endfacet
  facet normal 1 0 0
    outer loop
      vertex 33 23.1657 15.2343
      vertex 33 25.4343 15.2343
      vertex 33 23.2472 15.3298
    endloop
  endfacet
  facet normal 1 0 0
    outer loop
      vertex 33 25.4343 15.2343
      vertex 33 23.1657 15.2343
      vertex 33 25.5298 15.1528
    endloop
  endfacet
  facet normal 1 0 0
    outer loop
      vertex 33 23.0702 15.1528
      vertex 33 25.5298 15.1528
      vertex 33 23.1657 15.2343
    endloop
  endfacet
  facet normal 1 0 0
    outer loop
      vertex 33 25.5298 15.1528
      vertex 33 23.0702 15.1528
      vertex 33 25.6368 15.0872
    endloop
  endfacet
  facet normal 1 0 0
    outer loop
      vertex 33 22.9632 15.0872
      vertex 33 25.6368 15.0872
      vertex 33 23.0702 15.1528
    endloop
  endfacet
  facet normal 1 0 0
    outer loop
      vertex 33 25.6368 15.0872
      vertex 33 22.9632 15.0872
      vertex 33 25.7528 15.0392
    endloop
  endfacet
  facet normal 1 0 0
    outer loop
      vertex 33 22.8472 15.0392
      vertex 33 25.7528 15.0392
      vertex 33 22.9632 15.0872
    endloop
  endfacet
  facet normal 1 0 0
    outer loop
      vertex 33 22.7251 15.0098
      vertex 33 25.7528 15.0392
      vertex 33 22.8472 15.0392
    endloop
  endfacet
  facet normal 1 0 0
    outer loop
      vertex 33 25.8749 15.0098
      vertex 33 22.7251 15.0098
      vertex 33 22.6 15
    endloop
  endfacet
  facet normal 1 0 0
    outer loop
      vertex 33 26 15
      vertex 33 22.6 15
      vertex 33 0 3
    endloop
  endfacet
  facet normal 1 0 0
    outer loop
      vertex 33 19.2 15
      vertex 33 22.6 15
      vertex 33 22.4749 15.0098
    endloop
  endfacet
  facet normal 1 0 0
    outer loop
      vertex 33 19.3251 15.0098
      vertex 33 22.4749 15.0098
      vertex 33 22.3528 15.0392
    endloop
  endfacet
  facet normal 1 0 0
    outer loop
      vertex 33 20 15.8
      vertex 33 21.8 15.8
      vertex 33 20 28.2
    endloop
  endfacet
  facet normal 1 0 0
    outer loop
      vertex 33 21.8 15.8
      vertex 33 20 15.8
      vertex 33 21.8098 15.6749
    endloop
  endfacet
  facet normal 1 0 0
    outer loop
      vertex 33 19.9902 15.6749
      vertex 33 21.8098 15.6749
      vertex 33 20 15.8
    endloop
  endfacet
  facet normal 1 0 0
    outer loop
      vertex 33 21.8098 15.6749
      vertex 33 19.9902 15.6749
      vertex 33 21.8392 15.5528
    endloop
  endfacet
  facet normal 1 0 0
    outer loop
      vertex 33 19.9608 15.5528
      vertex 33 21.8392 15.5528
      vertex 33 19.9902 15.6749
    endloop
  endfacet
  facet normal 1 0 0
    outer loop
      vertex 33 21.8392 15.5528
      vertex 33 19.9608 15.5528
      vertex 33 21.8872 15.4368
    endloop
  endfacet
  facet normal 1 0 0
    outer loop
      vertex 33 19.9128 15.4368
      vertex 33 21.8872 15.4368
      vertex 33 19.9608 15.5528
    endloop
  endfacet
  facet normal 1 0 0
    outer loop
      vertex 33 21.8872 15.4368
      vertex 33 19.9128 15.4368
      vertex 33 21.9528 15.3298
    endloop
  endfacet
  facet normal 1 0 0
    outer loop
      vertex 33 19.8472 15.3298
      vertex 33 21.9528 15.3298
      vertex 33 19.9128 15.4368
    endloop
  endfacet
  facet normal 1 0 0
    outer loop
      vertex 33 21.9528 15.3298
      vertex 33 19.8472 15.3298
      vertex 33 22.0343 15.2343
    endloop
  endfacet
  facet normal 1 0 0
    outer loop
      vertex 33 19.7657 15.2343
      vertex 33 22.0343 15.2343
      vertex 33 19.8472 15.3298
    endloop
  endfacet
  facet normal 1 0 0
    outer loop
      vertex 33 22.0343 15.2343
      vertex 33 19.7657 15.2343
      vertex 33 22.1298 15.1528
    endloop
  endfacet
  facet normal 1 0 0
    outer loop
      vertex 33 19.6702 15.1528
      vertex 33 22.1298 15.1528
      vertex 33 19.7657 15.2343
    endloop
  endfacet
  facet normal 1 0 0
    outer loop
      vertex 33 22.1298 15.1528
      vertex 33 19.6702 15.1528
      vertex 33 22.2368 15.0872
    endloop
  endfacet
  facet normal 1 0 0
    outer loop
      vertex 33 19.5632 15.0872
      vertex 33 22.2368 15.0872
      vertex 33 19.6702 15.1528
    endloop
  endfacet
  facet normal 1 0 0
    outer loop
      vertex 33 22.2368 15.0872
      vertex 33 19.5632 15.0872
      vertex 33 22.3528 15.0392
    endloop
  endfacet
  facet normal 1 0 0
    outer loop
      vertex 33 19.4472 15.0392
      vertex 33 22.3528 15.0392
      vertex 33 19.5632 15.0872
    endloop
  endfacet
  facet normal 1 0 0
    outer loop
      vertex 33 19.3251 15.0098
      vertex 33 22.3528 15.0392
      vertex 33 19.4472 15.0392
    endloop
  endfacet
  facet normal 1 0 0
    outer loop
      vertex 33 19.2 15
      vertex 33 22.4749 15.0098
      vertex 33 19.3251 15.0098
    endloop
  endfacet
  facet normal 1 0 0
    outer loop
      vertex 33 22.6 15
      vertex 33 19.2 15
      vertex 33 0 3
    endloop
  endfacet
  facet normal 1 0 0
    outer loop
      vertex 33 0 3
      vertex 33 19.2 15
      vertex 33 19.0749 15.0098
    endloop
  endfacet
  facet normal 1 0 0
    outer loop
      vertex 33 15.9251 15.0098
      vertex 33 19.0749 15.0098
      vertex 33 18.9528 15.0392
    endloop
  endfacet
  facet normal 1 0 0
    outer loop
      vertex 33 16.6 15.8
      vertex 33 18.4 15.8
      vertex 33 16.6 28.2
    endloop
  endfacet
  facet normal 1 0 0
    outer loop
      vertex 33 18.4 15.8
      vertex 33 16.6 15.8
      vertex 33 18.4098 15.6749
    endloop
  endfacet
  facet normal 1 0 0
    outer loop
      vertex 33 16.5901 15.6749
      vertex 33 18.4098 15.6749
      vertex 33 16.6 15.8
    endloop
  endfacet
  facet normal 1 0 0
    outer loop
      vertex 33 18.4098 15.6749
      vertex 33 16.5901 15.6749
      vertex 33 18.4392 15.5528
    endloop
  endfacet
  facet normal 1 0 0
    outer loop
      vertex 33 16.5608 15.5528
      vertex 33 18.4392 15.5528
      vertex 33 16.5901 15.6749
    endloop
  endfacet
  facet normal 1 0 0
    outer loop
      vertex 33 18.4392 15.5528
      vertex 33 16.5608 15.5528
      vertex 33 18.4872 15.4368
    endloop
  endfacet
  facet normal 1 0 0
    outer loop
      vertex 33 16.5128 15.4368
      vertex 33 18.4872 15.4368
      vertex 33 16.5608 15.5528
    endloop
  endfacet
  facet normal 1 0 0
    outer loop
      vertex 33 18.4872 15.4368
      vertex 33 16.5128 15.4368
      vertex 33 18.5528 15.3298
    endloop
  endfacet
  facet normal 1 0 0
    outer loop
      vertex 33 16.4472 15.3298
      vertex 33 18.5528 15.3298
      vertex 33 16.5128 15.4368
    endloop
  endfacet
  facet normal 1 0 0
    outer loop
      vertex 33 18.5528 15.3298
      vertex 33 16.4472 15.3298
      vertex 33 18.6343 15.2343
    endloop
  endfacet
  facet normal 1 0 0
    outer loop
      vertex 33 16.3657 15.2343
      vertex 33 18.6343 15.2343
      vertex 33 16.4472 15.3298
    endloop
  endfacet
  facet normal 1 0 0
    outer loop
      vertex 33 18.6343 15.2343
      vertex 33 16.3657 15.2343
      vertex 33 18.7298 15.1528
    endloop
  endfacet
  facet normal 1 0 0
    outer loop
      vertex 33 16.2702 15.1528
      vertex 33 18.7298 15.1528
      vertex 33 16.3657 15.2343
    endloop
  endfacet
  facet normal 1 0 0
    outer loop
      vertex 33 18.7298 15.1528
      vertex 33 16.2702 15.1528
      vertex 33 18.8368 15.0872
    endloop
  endfacet
  facet normal 1 0 0
    outer loop
      vertex 33 16.1632 15.0872
      vertex 33 18.8368 15.0872
      vertex 33 16.2702 15.1528
    endloop
  endfacet
  facet normal 1 0 0
    outer loop
      vertex 33 18.8368 15.0872
      vertex 33 16.1632 15.0872
      vertex 33 18.9528 15.0392
    endloop
  endfacet
  facet normal 1 0 0
    outer loop
      vertex 33 16.0472 15.0392
      vertex 33 18.9528 15.0392
      vertex 33 16.1632 15.0872
    endloop
  endfacet
  facet normal 1 0 0
    outer loop
      vertex 33 15.9251 15.0098
      vertex 33 18.9528 15.0392
      vertex 33 16.0472 15.0392
    endloop
  endfacet
  facet normal 1 0 0
    outer loop
      vertex 33 19.0749 15.0098
      vertex 33 15.9251 15.0098
      vertex 33 0 3
    endloop
  endfacet
  facet normal 1 0 0
    outer loop
      vertex 33 0 3
      vertex 33 15.9251 15.0098
      vertex 33 15.8 15
    endloop
  endfacet
  facet normal 1 0 0
    outer loop
      vertex 33 0 3
      vertex 33 15.8 15
      vertex 33 15.6749 15.0098
    endloop
  endfacet
  facet normal 1 0 0
    outer loop
      vertex 33 0 3
      vertex 33 15.6749 15.0098
      vertex 33 15.5528 15.0392
    endloop
  endfacet
  facet normal 1 0 0
    outer loop
      vertex 33 0 3
      vertex 33 15 15.8
      vertex 33 0 41
    endloop
  endfacet
  facet normal 1 0 0
    outer loop
      vertex 33 15 15.8
      vertex 33 0 3
      vertex 33 15.0098 15.6749
    endloop
  endfacet
  facet normal 1 0 0
    outer loop
      vertex 33 15.0098 15.6749
      vertex 33 0 3
      vertex 33 15.0392 15.5528
    endloop
  endfacet
  facet normal 1 0 0
    outer loop
      vertex 33 29.4 15
      vertex 33 0 3
      vertex 33 61 3
    endloop
  endfacet
  facet normal 1 0 0
    outer loop
      vertex 33 15.4368 15.0872
      vertex 33 0 3
      vertex 33 15.5528 15.0392
    endloop
  endfacet
  facet normal 1 0 0
    outer loop
      vertex 33 15.3298 15.1528
      vertex 33 0 3
      vertex 33 15.4368 15.0872
    endloop
  endfacet
  facet normal 1 0 0
    outer loop
      vertex 33 15.2343 15.2343
      vertex 33 0 3
      vertex 33 15.3298 15.1528
    endloop
  endfacet
  facet normal 1 0 0
    outer loop
      vertex 33 15.1528 15.3298
      vertex 33 0 3
      vertex 33 15.2343 15.2343
    endloop
  endfacet
  facet normal 1 0 0
    outer loop
      vertex 33 15.0872 15.4368
      vertex 33 0 3
      vertex 33 15.1528 15.3298
    endloop
  endfacet
  facet normal 1 0 0
    outer loop
      vertex 33 15.0392 15.5528
      vertex 33 0 3
      vertex 33 15.0872 15.4368
    endloop
  endfacet
  facet normal 0.760275 -0 0.649601
    outer loop
      vertex 32.1213 0 43.1213
      vertex 32.4271 61 42.7634
      vertex 32.1213 61 43.1213
    endloop
  endfacet
  facet normal 0.760275 0 0.649601
    outer loop
      vertex 32.4271 61 42.7634
      vertex 32.1213 0 43.1213
      vertex 32.4271 0 42.7634
    endloop
  endfacet
  facet normal 0.972374 -0 0.233429
    outer loop
      vertex 32.8532 0 41.9271
      vertex 32.9631 61 41.4693
      vertex 32.8532 61 41.9271
    endloop
  endfacet
  facet normal 0.972374 0 0.233429
    outer loop
      vertex 32.9631 61 41.4693
      vertex 32.8532 0 41.9271
      vertex 32.9631 0 41.4693
    endloop
  endfacet
  facet normal 0 0 -1
    outer loop
      vertex 3 0 0
      vertex 30 61 0
      vertex 30 0 0
    endloop
  endfacet
  facet normal -0 0 -1
    outer loop
      vertex 30 61 0
      vertex 3 0 0
      vertex 3 61 0
    endloop
  endfacet
  facet normal -0.996917 0 -0.0784595
    outer loop
      vertex 0.0369349 0 2.5307
      vertex 0 61 3
      vertex 0.0369349 61 2.5307
    endloop
  endfacet
  facet normal -0.996917 -0 -0.0784595
    outer loop
      vertex 0 61 3
      vertex 0.0369349 0 2.5307
      vertex 0 0 3
    endloop
  endfacet
  facet normal -0.382684 0 -0.923879
    outer loop
      vertex 1.63803 0 0.326981
      vertex 2.07295 61 0.146831
      vertex 2.07295 0 0.146831
    endloop
  endfacet
  facet normal -0.382684 0 -0.923879
    outer loop
      vertex 2.07295 61 0.146831
      vertex 1.63803 0 0.326981
      vertex 1.63803 61 0.326981
    endloop
  endfacet
  facet normal -0.852644 0 -0.522492
    outer loop
      vertex 0.572948 0 1.23664
      vertex 0.32698 61 1.63803
      vertex 0.572948 61 1.23664
    endloop
  endfacet
  facet normal -0.852644 -0 -0.522492
    outer loop
      vertex 0.32698 61 1.63803
      vertex 0.572948 0 1.23664
      vertex 0.32698 0 1.63803
    endloop
  endfacet
  facet normal 0.996923 0 -0.0783858
    outer loop
      vertex 33 0 3
      vertex 32.9631 61 2.5307
      vertex 33 61 3
    endloop
  endfacet
  facet normal 0.996923 0 -0.0783858
    outer loop
      vertex 32.9631 61 2.5307
      vertex 33 0 3
      vertex 32.9631 0 2.5307
    endloop
  endfacet
  facet normal 0.649516 0 -0.760348
    outer loop
      vertex 31.7634 0 0.572949
      vertex 32.1213 61 0.87868
      vertex 32.1213 0 0.87868
    endloop
  endfacet
  facet normal 0.649516 0 -0.760348
    outer loop
      vertex 32.1213 61 0.87868
      vertex 31.7634 0 0.572949
      vertex 31.7634 61 0.572949
    endloop
  endfacet
  facet normal 0.852714 -0 0.522378
    outer loop
      vertex 32.4271 0 42.7634
      vertex 32.673 61 42.362
      vertex 32.4271 61 42.7634
    endloop
  endfacet
  facet normal 0.852714 0 0.522378
    outer loop
      vertex 32.673 61 42.362
      vertex 32.4271 0 42.7634
      vertex 32.673 0 42.362
    endloop
  endfacet
  facet normal -0.233444 0 -0.97237
    outer loop
      vertex 2.07295 0 0.146831
      vertex 2.5307 61 0.0369358
      vertex 2.5307 0 0.0369358
    endloop
  endfacet
  facet normal -0.233444 0 -0.97237
    outer loop
      vertex 2.5307 61 0.0369358
      vertex 2.07295 0 0.146831
      vertex 2.07295 61 0.146831
    endloop
  endfacet
  facet normal -0.0784614 0 -0.996917
    outer loop
      vertex 2.5307 0 0.0369358
      vertex 3 61 0
      vertex 3 0 0
    endloop
  endfacet
  facet normal -0.0784614 0 -0.996917
    outer loop
      vertex 3 61 0
      vertex 2.5307 0 0.0369358
      vertex 2.5307 61 0.0369358
    endloop
  endfacet
  facet normal 0 1 -0
    outer loop
      vertex 32.673 61 1.63803
      vertex 31 61 2.01185
      vertex 32.8532 61 2.07295
    endloop
  endfacet
  facet normal 0 1 0
    outer loop
      vertex 31.362 61 0.326981
      vertex 30.9882 61 2
      vertex 31 61 2
    endloop
  endfacet
  facet normal 0 1 0
    outer loop
      vertex 30.9882 61 2
      vertex 30 61 0
      vertex 27.1118 61 2
    endloop
  endfacet
  facet normal 0 1 0
    outer loop
      vertex 27.1118 61 2
      vertex 30 61 0
      vertex 22.6382 61 2
    endloop
  endfacet
  facet normal 0 1 0
    outer loop
      vertex 22.6382 61 2
      vertex 30 61 0
      vertex 18.7618 61 2
    endloop
  endfacet
  facet normal 0 1 -0
    outer loop
      vertex 32.4271 61 1.23664
      vertex 31 61 2
      vertex 32.673 61 1.63803
    endloop
  endfacet
  facet normal 0 1 0
    outer loop
      vertex 31 61 2.01185
      vertex 32.673 61 1.63803
      vertex 31 61 2
    endloop
  endfacet
  facet normal 0 1 -0
    outer loop
      vertex 4.7998 61 37.4346
      vertex 4.21266 61 39.2416
      vertex 5.19847 61 37.5997
    endloop
  endfacet
  facet normal 0 1 0
    outer loop
      vertex 4.21266 61 39.2416
      vertex 4.7998 61 37.4346
      vertex 4.08297 61 39.2105
    endloop
  endfacet
  facet normal -0 1 0
    outer loop
      vertex 2.00546 61 38.1055
      vertex 3.95 61 39.2
      vertex 2.33359 61 37.8252
    endloop
  endfacet
  facet normal 0 1 0
    outer loop
      vertex 3.95 61 39.2
      vertex 2.00546 61 38.1055
      vertex 2 61 38.1118
    endloop
  endfacet
  facet normal 0 1 -0
    outer loop
      vertex 4.38019 61 37.3339
      vertex 4.08297 61 39.2105
      vertex 4.7998 61 37.4346
    endloop
  endfacet
  facet normal 0 1 0
    outer loop
      vertex 3.95 61 39.2
      vertex 2.70153 61 37.5997
      vertex 2.33359 61 37.8252
    endloop
  endfacet
  facet normal 0 1 0
    outer loop
      vertex 4.08297 61 39.2105
      vertex 4.38019 61 37.3339
      vertex 3.95 61 39.2
    endloop
  endfacet
  facet normal 0 1 0
    outer loop
      vertex 3.95 61 39.2
      vertex 3.1002 61 37.4346
      vertex 2.70153 61 37.5997
    endloop
  endfacet
  facet normal 0 1 0
    outer loop
      vertex 3.95 61 37.3
      vertex 3.95 61 39.2
      vertex 4.38019 61 37.3339
    endloop
  endfacet
  facet normal 0 1 0
    outer loop
      vertex 3.95 61 39.2
      vertex 3.5198 61 37.3339
      vertex 3.1002 61 37.4346
    endloop
  endfacet
  facet normal 0 1 0
    outer loop
      vertex 3.95 61 39.2
      vertex 3.95 61 37.3
      vertex 3.5198 61 37.3339
    endloop
  endfacet
  facet normal 0 1 -0
    outer loop
      vertex 29.8998 61 37.4346
      vertex 29.3127 61 39.2416
      vertex 30.2985 61 37.5997
    endloop
  endfacet
  facet normal 0 1 0
    outer loop
      vertex 29.05 61 39.2
      vertex 27.1055 61 38.1055
      vertex 26.8252 61 38.4336
    endloop
  endfacet
  facet normal 0 1 0
    outer loop
      vertex 29.3127 61 39.2416
      vertex 29.8998 61 37.4346
      vertex 29.183 61 39.2105
    endloop
  endfacet
  facet normal 0 1 0
    outer loop
      vertex 29.05 61 39.2
      vertex 27.4336 61 37.8252
      vertex 27.1055 61 38.1055
    endloop
  endfacet
  facet normal 0 1 -0
    outer loop
      vertex 29.4802 61 37.3339
      vertex 29.183 61 39.2105
      vertex 29.8998 61 37.4346
    endloop
  endfacet
  facet normal 0 1 0
    outer loop
      vertex 29.05 61 39.2
      vertex 27.8015 61 37.5997
      vertex 27.4336 61 37.8252
    endloop
  endfacet
  facet normal 0 1 0
    outer loop
      vertex 29.183 61 39.2105
      vertex 29.4802 61 37.3339
      vertex 29.05 61 39.2
    endloop
  endfacet
  facet normal 0 1 0
    outer loop
      vertex 29.05 61 39.2
      vertex 28.2002 61 37.4346
      vertex 27.8015 61 37.5997
    endloop
  endfacet
  facet normal 0 1 0
    outer loop
      vertex 29.05 61 37.3
      vertex 29.05 61 39.2
      vertex 29.4802 61 37.3339
    endloop
  endfacet
  facet normal 0 1 0
    outer loop
      vertex 29.05 61 39.2
      vertex 28.6198 61 37.3339
      vertex 28.2002 61 37.4346
    endloop
  endfacet
  facet normal 0 1 0
    outer loop
      vertex 29.05 61 39.2
      vertex 29.05 61 37.3
      vertex 28.6198 61 37.3339
    endloop
  endfacet
  facet normal 0 1 0
    outer loop
      vertex 30.9882 61 42
      vertex 29.183 61 40.8895
      vertex 29.05 61 40.9
    endloop
  endfacet
  facet normal 0 1 0
    outer loop
      vertex 31 61 41.9882
      vertex 29.3127 61 40.8584
      vertex 29.183 61 40.8895
    endloop
  endfacet
  facet normal 0 1 0
    outer loop
      vertex 31 61 41.9882
      vertex 29.4359 61 40.8074
      vertex 29.3127 61 40.8584
    endloop
  endfacet
  facet normal 0 1 0
    outer loop
      vertex 31 61 41.9882
      vertex 29.5496 61 40.7377
      vertex 29.4359 61 40.8074
    endloop
  endfacet
  facet normal 0 1 0
    outer loop
      vertex 31 61 41.9882
      vertex 29.651 61 40.651
      vertex 29.5496 61 40.7377
    endloop
  endfacet
  facet normal 0 1 0
    outer loop
      vertex 31 61 41.9882
      vertex 29.7377 61 40.5496
      vertex 29.651 61 40.651
    endloop
  endfacet
  facet normal 0 1 0
    outer loop
      vertex 31 61 41.9882
      vertex 29.8074 61 40.4359
      vertex 29.7377 61 40.5496
    endloop
  endfacet
  facet normal 0 1 0
    outer loop
      vertex 31 61 41.9882
      vertex 29.8584 61 40.3127
      vertex 29.8074 61 40.4359
    endloop
  endfacet
  facet normal 0 1 0
    outer loop
      vertex 31 61 41.9882
      vertex 29.8895 61 40.183
      vertex 29.8584 61 40.3127
    endloop
  endfacet
  facet normal 0 1 0
    outer loop
      vertex 33 61 41
      vertex 29.9 61 40.05
      vertex 29.8895 61 40.183
    endloop
  endfacet
  facet normal 0 1 0
    outer loop
      vertex 33 61 41
      vertex 29.8895 61 39.917
      vertex 29.9 61 40.05
    endloop
  endfacet
  facet normal 0 1 -0
    outer loop
      vertex 31 61 38.1118
      vertex 29.8895 61 39.917
      vertex 33 61 41
    endloop
  endfacet
  facet normal 0 1 0
    outer loop
      vertex 29.8895 61 39.917
      vertex 31 61 38.1118
      vertex 29.8584 61 39.7873
    endloop
  endfacet
  facet normal 0 1 0
    outer loop
      vertex 29.8584 61 39.7873
      vertex 31 61 38.1118
      vertex 29.8074 61 39.6641
    endloop
  endfacet
  facet normal 0 1 0
    outer loop
      vertex 29.8074 61 39.6641
      vertex 31 61 38.1118
      vertex 29.7377 61 39.5504
    endloop
  endfacet
  facet normal 0 1 0
    outer loop
      vertex 29.7377 61 39.5504
      vertex 31 61 38.1118
      vertex 29.651 61 39.449
    endloop
  endfacet
  facet normal 0 1 -0
    outer loop
      vertex 30.9945 61 38.1055
      vertex 29.651 61 39.449
      vertex 31 61 38.1118
    endloop
  endfacet
  facet normal 0 1 -0
    outer loop
      vertex 30.2985 61 37.5997
      vertex 29.4359 61 39.2926
      vertex 30.6664 61 37.8252
    endloop
  endfacet
  facet normal 0 1 0
    outer loop
      vertex 29.05 61 39.2
      vertex 26.8252 61 38.4336
      vertex 26.5997 61 38.8015
    endloop
  endfacet
  facet normal 0 1 0
    outer loop
      vertex 29.5496 61 39.3623
      vertex 30.6664 61 37.8252
      vertex 29.4359 61 39.2926
    endloop
  endfacet
  facet normal 0 1 0
    outer loop
      vertex 29.4359 61 39.2926
      vertex 30.2985 61 37.5997
      vertex 29.3127 61 39.2416
    endloop
  endfacet
  facet normal 0 1 -0
    outer loop
      vertex 30.6664 61 37.8252
      vertex 29.5496 61 39.3623
      vertex 30.9945 61 38.1055
    endloop
  endfacet
  facet normal 0 1 0
    outer loop
      vertex 29.651 61 39.449
      vertex 30.9945 61 38.1055
      vertex 29.5496 61 39.3623
    endloop
  endfacet
  facet normal 0 1 0
    outer loop
      vertex 33 61 41
      vertex 31 61 5.88815
      vertex 31 61 38.1118
    endloop
  endfacet
  facet normal 0 1 0
    outer loop
      vertex 27.8015 61 6.40027
      vertex 28.6641 61 4.70736
      vertex 27.4336 61 6.1748
    endloop
  endfacet
  facet normal 0 1 0
    outer loop
      vertex 28.917 61 4.78953
      vertex 31 61 5.88815
      vertex 29.05 61 4.8
    endloop
  endfacet
  facet normal 0 1 0
    outer loop
      vertex 31 61 5.88815
      vertex 29.183 61 4.78953
      vertex 29.05 61 4.8
    endloop
  endfacet
  facet normal 0 1 0
    outer loop
      vertex 31 61 5.88815
      vertex 29.3127 61 4.7584
      vertex 29.183 61 4.78953
    endloop
  endfacet
  facet normal 0 1 0
    outer loop
      vertex 31 61 5.88815
      vertex 29.4359 61 4.70736
      vertex 29.3127 61 4.7584
    endloop
  endfacet
  facet normal 0 1 0
    outer loop
      vertex 31 61 5.88815
      vertex 29.5496 61 4.63766
      vertex 29.4359 61 4.70736
    endloop
  endfacet
  facet normal 0 1 0
    outer loop
      vertex 31 61 5.88815
      vertex 29.651 61 4.55104
      vertex 29.5496 61 4.63766
    endloop
  endfacet
  facet normal 0 1 0
    outer loop
      vertex 31 61 5.88815
      vertex 29.7377 61 4.44962
      vertex 29.651 61 4.55104
    endloop
  endfacet
  facet normal 0 1 0
    outer loop
      vertex 31 61 5.88815
      vertex 29.8074 61 4.33589
      vertex 29.7377 61 4.44962
    endloop
  endfacet
  facet normal 0 1 0
    outer loop
      vertex 31 61 5.88815
      vertex 29.8584 61 4.21266
      vertex 29.8074 61 4.33589
    endloop
  endfacet
  facet normal 0 1 0
    outer loop
      vertex 31 61 5.88815
      vertex 29.8895 61 4.08297
      vertex 29.8584 61 4.21266
    endloop
  endfacet
  facet normal 0 1 0
    outer loop
      vertex 33 61 3
      vertex 29.8895 61 4.08297
      vertex 31 61 5.88815
    endloop
  endfacet
  facet normal 0 1 0
    outer loop
      vertex 29.8895 61 4.08297
      vertex 33 61 3
      vertex 29.9 61 3.95
    endloop
  endfacet
  facet normal 0 1 0
    outer loop
      vertex 29.9 61 3.95
      vertex 33 61 3
      vertex 29.8895 61 3.81703
    endloop
  endfacet
  facet normal 0 1 -0
    outer loop
      vertex 31 61 2.01185
      vertex 29.8895 61 3.81703
      vertex 33 61 3
    endloop
  endfacet
  facet normal 0 1 0
    outer loop
      vertex 29.4359 61 3.19264
      vertex 30.9882 61 2
      vertex 29.3127 61 3.1416
    endloop
  endfacet
  facet normal 0 1 0
    outer loop
      vertex 29.5496 61 3.26233
      vertex 30.9882 61 2
      vertex 29.4359 61 3.19264
    endloop
  endfacet
  facet normal 0 1 0
    outer loop
      vertex 29.651 61 3.34896
      vertex 30.9882 61 2
      vertex 29.5496 61 3.26233
    endloop
  endfacet
  facet normal 0 1 -0
    outer loop
      vertex 30.9882 61 2
      vertex 29.651 61 3.34896
      vertex 31 61 2.01185
    endloop
  endfacet
  facet normal 0 1 0
    outer loop
      vertex 29.7377 61 3.45038
      vertex 31 61 2.01185
      vertex 29.651 61 3.34896
    endloop
  endfacet
  facet normal 0 1 0
    outer loop
      vertex 29.8074 61 3.56411
      vertex 31 61 2.01185
      vertex 29.7377 61 3.45038
    endloop
  endfacet
  facet normal 0 1 0
    outer loop
      vertex 29.8584 61 3.68734
      vertex 31 61 2.01185
      vertex 29.8074 61 3.56411
    endloop
  endfacet
  facet normal 0 1 0
    outer loop
      vertex 29.8895 61 3.81703
      vertex 31 61 2.01185
      vertex 29.8584 61 3.68734
    endloop
  endfacet
  facet normal 0 1 -0
    outer loop
      vertex 33 61 3
      vertex 31 61 5.88815
      vertex 33 61 41
    endloop
  endfacet
  facet normal 0 1 -0
    outer loop
      vertex 3.56411 61 40.8074
      vertex 2.01185 61 42
      vertex 3.68734 61 40.8584
    endloop
  endfacet
  facet normal 0 1 -0
    outer loop
      vertex 3.45038 61 40.7377
      vertex 2.01185 61 42
      vertex 3.56411 61 40.8074
    endloop
  endfacet
  facet normal 0 1 -0
    outer loop
      vertex 3.34896 61 40.651
      vertex 2.01185 61 42
      vertex 3.45038 61 40.7377
    endloop
  endfacet
  facet normal 0 1 0
    outer loop
      vertex 2.01185 61 42
      vertex 3.34896 61 40.651
      vertex 2 61 41.9882
    endloop
  endfacet
  facet normal 0 1 -0
    outer loop
      vertex 3.26233 61 40.5496
      vertex 2 61 41.9882
      vertex 3.34896 61 40.651
    endloop
  endfacet
  facet normal 0 1 -0
    outer loop
      vertex 3.19264 61 40.4359
      vertex 2 61 41.9882
      vertex 3.26233 61 40.5496
    endloop
  endfacet
  facet normal 0 1 -0
    outer loop
      vertex 3.1416 61 40.3127
      vertex 2 61 41.9882
      vertex 3.19264 61 40.4359
    endloop
  endfacet
  facet normal 0 1 -0
    outer loop
      vertex 3.11046 61 40.183
      vertex 2 61 41.9882
      vertex 3.1416 61 40.3127
    endloop
  endfacet
  facet normal 0 1 0
    outer loop
      vertex 2 61 41.9882
      vertex 3.11046 61 40.183
      vertex 0 61 41
    endloop
  endfacet
  facet normal 0 1 -0
    outer loop
      vertex 3.1 61 40.05
      vertex 0 61 41
      vertex 3.11046 61 40.183
    endloop
  endfacet
  facet normal 0 1 0
    outer loop
      vertex 3.11046 61 39.917
      vertex 0 61 41
      vertex 3.1 61 40.05
    endloop
  endfacet
  facet normal 0 1 0
    outer loop
      vertex 2 61 38.1118
      vertex 3.11046 61 39.917
      vertex 3.1416 61 39.7873
    endloop
  endfacet
  facet normal 0 1 0
    outer loop
      vertex 2 61 38.1118
      vertex 3.1416 61 39.7873
      vertex 3.19264 61 39.6641
    endloop
  endfacet
  facet normal 0 1 0
    outer loop
      vertex 2 61 38.1118
      vertex 3.19264 61 39.6641
      vertex 3.26233 61 39.5504
    endloop
  endfacet
  facet normal 0 1 0
    outer loop
      vertex 2 61 38.1118
      vertex 3.26233 61 39.5504
      vertex 3.34896 61 39.449
    endloop
  endfacet
  facet normal 0 1 0
    outer loop
      vertex 2 61 38.1118
      vertex 3.34896 61 39.449
      vertex 3.45038 61 39.3623
    endloop
  endfacet
  facet normal 0 1 0
    outer loop
      vertex 2 61 38.1118
      vertex 3.45038 61 39.3623
      vertex 3.56411 61 39.2926
    endloop
  endfacet
  facet normal 0 1 -0
    outer loop
      vertex 5.19847 61 37.5997
      vertex 4.33589 61 39.2926
      vertex 5.56641 61 37.8252
    endloop
  endfacet
  facet normal 0 1 0
    outer loop
      vertex 4.33589 61 39.2926
      vertex 5.19847 61 37.5997
      vertex 4.21266 61 39.2416
    endloop
  endfacet
  facet normal 0 1 0
    outer loop
      vertex 3.95 61 39.2
      vertex 2 61 38.1118
      vertex 3.81703 61 39.2105
    endloop
  endfacet
  facet normal 0 1 0
    outer loop
      vertex 3.81703 61 39.2105
      vertex 2 61 38.1118
      vertex 3.68734 61 39.2416
    endloop
  endfacet
  facet normal 0 1 0
    outer loop
      vertex 2 61 38.1118
      vertex 3.56411 61 39.2926
      vertex 3.68734 61 39.2416
    endloop
  endfacet
  facet normal 0 1 0
    outer loop
      vertex 3.11046 61 39.917
      vertex 2 61 38.1118
      vertex 0 61 41
    endloop
  endfacet
  facet normal 0 1 0
    outer loop
      vertex 2 61 38.1118
      vertex 0 61 3
      vertex 0 61 41
    endloop
  endfacet
  facet normal 0 1 -0
    outer loop
      vertex 2 61 2
      vertex 0 61 3
      vertex 2 61 38.1118
    endloop
  endfacet
  facet normal 0 1 0
    outer loop
      vertex 0 61 3
      vertex 2 61 2
      vertex 0.0369349 61 2.5307
    endloop
  endfacet
  facet normal 0 1 0
    outer loop
      vertex 0.0369349 61 2.5307
      vertex 2 61 2
      vertex 0.14683 61 2.07295
    endloop
  endfacet
  facet normal 0 1 0
    outer loop
      vertex 2 61 2
      vertex 0.32698 61 1.63803
      vertex 0.14683 61 2.07295
    endloop
  endfacet
  facet normal 0 1 0
    outer loop
      vertex 3 61 0
      vertex 18.7618 61 2
      vertex 30 61 0
    endloop
  endfacet
  facet normal 0 1 -0
    outer loop
      vertex 32.1213 61 0.87868
      vertex 31 61 2
      vertex 32.4271 61 1.23664
    endloop
  endfacet
  facet normal 0 1 0
    outer loop
      vertex 18.7618 61 2
      vertex 3 61 0
      vertex 2 61 2
    endloop
  endfacet
  facet normal 0 1 -0
    outer loop
      vertex 31.7634 61 0.572949
      vertex 31 61 2
      vertex 32.1213 61 0.87868
    endloop
  endfacet
  facet normal -0 1 -0
    outer loop
      vertex 2.5307 61 0.0369358
      vertex 2 61 2
      vertex 3 61 0
    endloop
  endfacet
  facet normal 0 1 -0
    outer loop
      vertex 31.362 61 0.326981
      vertex 31 61 2
      vertex 31.7634 61 0.572949
    endloop
  endfacet
  facet normal 0 1 0
    outer loop
      vertex 2 61 2
      vertex 0.572948 61 1.23664
      vertex 0.32698 61 1.63803
    endloop
  endfacet
  facet normal 0 1 0
    outer loop
      vertex 30.9882 61 2
      vertex 31.362 61 0.326981
      vertex 30.9271 61 0.146831
    endloop
  endfacet
  facet normal 0 1 0
    outer loop
      vertex 2 61 2
      vertex 0.878679 61 0.87868
      vertex 0.572948 61 1.23664
    endloop
  endfacet
  facet normal 0 1 0
    outer loop
      vertex 30.9882 61 2
      vertex 30.9271 61 0.146831
      vertex 30.4693 61 0.0369358
    endloop
  endfacet
  facet normal 0 1 0
    outer loop
      vertex 2 61 2
      vertex 1.23664 61 0.572949
      vertex 0.878679 61 0.87868
    endloop
  endfacet
  facet normal 0 1 0
    outer loop
      vertex 30.9882 61 2
      vertex 30.4693 61 0.0369358
      vertex 30 61 0
    endloop
  endfacet
  facet normal 0 1 0
    outer loop
      vertex 2 61 2
      vertex 1.63803 61 0.326981
      vertex 1.23664 61 0.572949
    endloop
  endfacet
  facet normal 0 1 0
    outer loop
      vertex 2 61 2
      vertex 2.07295 61 0.146831
      vertex 1.63803 61 0.326981
    endloop
  endfacet
  facet normal 0 1 0
    outer loop
      vertex 2 61 2
      vertex 2.5307 61 0.0369358
      vertex 2.07295 61 0.146831
    endloop
  endfacet
  facet normal 0 1 0
    outer loop
      vertex 20.7 61 4.8
      vertex 20.7 61 6.7
      vertex 21.1302 61 6.66614
    endloop
  endfacet
  facet normal 0 1 0
    outer loop
      vertex 20.833 61 4.78953
      vertex 21.1302 61 6.66614
      vertex 21.5498 61 6.5654
    endloop
  endfacet
  facet normal 0 1 0
    outer loop
      vertex 20.7 61 6.7
      vertex 20.7 61 4.8
      vertex 20.2698 61 6.66614
    endloop
  endfacet
  facet normal 0 1 0
    outer loop
      vertex 20.9627 61 4.7584
      vertex 21.5498 61 6.5654
      vertex 21.9485 61 6.40027
    endloop
  endfacet
  facet normal 0 1 -0
    outer loop
      vertex 20.567 61 4.78953
      vertex 20.2698 61 6.66614
      vertex 20.7 61 4.8
    endloop
  endfacet
  facet normal 0 1 0
    outer loop
      vertex 21.0859 61 4.70736
      vertex 21.9485 61 6.40027
      vertex 22.3164 61 6.1748
    endloop
  endfacet
  facet normal 0 1 0
    outer loop
      vertex 20.2698 61 6.66614
      vertex 20.567 61 4.78953
      vertex 19.8502 61 6.5654
    endloop
  endfacet
  facet normal 0 1 0
    outer loop
      vertex 21.1996 61 4.63766
      vertex 22.3164 61 6.1748
      vertex 22.6445 61 5.89454
    endloop
  endfacet
  facet normal 0 1 -0
    outer loop
      vertex 20.4373 61 4.7584
      vertex 19.8502 61 6.5654
      vertex 20.567 61 4.78953
    endloop
  endfacet
  facet normal 0 1 0
    outer loop
      vertex 21.301 61 4.55104
      vertex 22.6445 61 5.89454
      vertex 22.9248 61 5.56641
    endloop
  endfacet
  facet normal 0 1 0
    outer loop
      vertex 19.8502 61 6.5654
      vertex 20.4373 61 4.7584
      vertex 19.4515 61 6.40027
    endloop
  endfacet
  facet normal 0 1 0
    outer loop
      vertex 21.3877 61 4.44962
      vertex 22.9248 61 5.56641
      vertex 23.1503 61 5.19847
    endloop
  endfacet
  facet normal 0 1 -0
    outer loop
      vertex 20.3141 61 4.70736
      vertex 19.4515 61 6.40027
      vertex 20.4373 61 4.7584
    endloop
  endfacet
  facet normal 0 1 0
    outer loop
      vertex 19.4515 61 6.40027
      vertex 20.3141 61 4.70736
      vertex 19.0836 61 6.1748
    endloop
  endfacet
  facet normal 0 1 0
    outer loop
      vertex 21.4574 61 4.33589
      vertex 23.1503 61 5.19847
      vertex 23.3154 61 4.7998
    endloop
  endfacet
  facet normal 0 1 0
    outer loop
      vertex 21.1302 61 6.66614
      vertex 20.833 61 4.78953
      vertex 20.7 61 4.8
    endloop
  endfacet
  facet normal 0 1 0
    outer loop
      vertex 21.5498 61 6.5654
      vertex 20.9627 61 4.7584
      vertex 20.833 61 4.78953
    endloop
  endfacet
  facet normal 0 1 0
    outer loop
      vertex 21.9485 61 6.40027
      vertex 21.0859 61 4.70736
      vertex 20.9627 61 4.7584
    endloop
  endfacet
  facet normal 0 1 0
    outer loop
      vertex 22.3164 61 6.1748
      vertex 21.1996 61 4.63766
      vertex 21.0859 61 4.70736
    endloop
  endfacet
  facet normal 0 1 0
    outer loop
      vertex 22.6445 61 5.89454
      vertex 21.301 61 4.55104
      vertex 21.1996 61 4.63766
    endloop
  endfacet
  facet normal 0 1 0
    outer loop
      vertex 22.9248 61 5.56641
      vertex 21.3877 61 4.44962
      vertex 21.301 61 4.55104
    endloop
  endfacet
  facet normal 0 1 0
    outer loop
      vertex 21.5084 61 4.21266
      vertex 23.3154 61 4.7998
      vertex 23.4161 61 4.38019
    endloop
  endfacet
  facet normal 0 1 0
    outer loop
      vertex 23.1503 61 5.19847
      vertex 21.4574 61 4.33589
      vertex 21.3877 61 4.44962
    endloop
  endfacet
  facet normal 0 1 0
    outer loop
      vertex 23.3154 61 4.7998
      vertex 21.5084 61 4.21266
      vertex 21.4574 61 4.33589
    endloop
  endfacet
  facet normal 0 1 0
    outer loop
      vertex 23.4161 61 4.38019
      vertex 21.5395 61 4.08297
      vertex 21.5084 61 4.21266
    endloop
  endfacet
  facet normal 0 1 0
    outer loop
      vertex 23.45 61 3.95
      vertex 21.5395 61 4.08297
      vertex 23.4161 61 4.38019
    endloop
  endfacet
  facet normal 0 1 0
    outer loop
      vertex 23.45 61 3.95
      vertex 21.55 61 3.95
      vertex 21.5395 61 4.08297
    endloop
  endfacet
  facet normal 0 1 0
    outer loop
      vertex 23.45 61 3.95
      vertex 21.5395 61 3.81703
      vertex 21.55 61 3.95
    endloop
  endfacet
  facet normal 0 1 -0
    outer loop
      vertex 23.4161 61 3.5198
      vertex 21.5395 61 3.81703
      vertex 23.45 61 3.95
    endloop
  endfacet
  facet normal 0 1 0
    outer loop
      vertex 21.5395 61 3.81703
      vertex 23.4161 61 3.5198
      vertex 21.5084 61 3.68734
    endloop
  endfacet
  facet normal 0 1 -0
    outer loop
      vertex 23.3154 61 3.1002
      vertex 21.5084 61 3.68734
      vertex 23.4161 61 3.5198
    endloop
  endfacet
  facet normal 0 1 0
    outer loop
      vertex 21.5084 61 3.68734
      vertex 23.3154 61 3.1002
      vertex 21.4574 61 3.56411
    endloop
  endfacet
  facet normal 0 1 -0
    outer loop
      vertex 23.1503 61 2.70153
      vertex 21.4574 61 3.56411
      vertex 23.3154 61 3.1002
    endloop
  endfacet
  facet normal 0 1 0
    outer loop
      vertex 21.4574 61 3.56411
      vertex 23.1503 61 2.70153
      vertex 21.3877 61 3.45038
    endloop
  endfacet
  facet normal 0 1 -0
    outer loop
      vertex 22.9248 61 2.33359
      vertex 21.3877 61 3.45038
      vertex 23.1503 61 2.70153
    endloop
  endfacet
  facet normal 0 1 0
    outer loop
      vertex 21.3877 61 3.45038
      vertex 22.9248 61 2.33359
      vertex 21.301 61 3.34896
    endloop
  endfacet
  facet normal 0 1 -0
    outer loop
      vertex 22.6445 61 2.00546
      vertex 21.301 61 3.34896
      vertex 22.9248 61 2.33359
    endloop
  endfacet
  facet normal 0 1 -0
    outer loop
      vertex 22.6382 61 2
      vertex 21.301 61 3.34896
      vertex 22.6445 61 2.00546
    endloop
  endfacet
  facet normal 0 1 0
    outer loop
      vertex 21.301 61 3.34896
      vertex 22.6382 61 2
      vertex 21.1996 61 3.26233
    endloop
  endfacet
  facet normal 0 1 0
    outer loop
      vertex 21.1996 61 3.26233
      vertex 22.6382 61 2
      vertex 21.0859 61 3.19264
    endloop
  endfacet
  facet normal 0 1 -0
    outer loop
      vertex 20.2004 61 4.63766
      vertex 19.0836 61 6.1748
      vertex 20.3141 61 4.70736
    endloop
  endfacet
  facet normal 0 1 0
    outer loop
      vertex 19.0836 61 6.1748
      vertex 20.2004 61 4.63766
      vertex 18.7555 61 5.89454
    endloop
  endfacet
  facet normal 0 1 -0
    outer loop
      vertex 20.099 61 4.55104
      vertex 18.7555 61 5.89454
      vertex 20.2004 61 4.63766
    endloop
  endfacet
  facet normal 0 1 0
    outer loop
      vertex 18.7555 61 5.89454
      vertex 20.099 61 4.55104
      vertex 18.4752 61 5.56641
    endloop
  endfacet
  facet normal 0 1 -0
    outer loop
      vertex 20.0123 61 4.44962
      vertex 18.4752 61 5.56641
      vertex 20.099 61 4.55104
    endloop
  endfacet
  facet normal 0 1 0
    outer loop
      vertex 18.4752 61 5.56641
      vertex 20.0123 61 4.44962
      vertex 18.2497 61 5.19847
    endloop
  endfacet
  facet normal 0 1 -0
    outer loop
      vertex 19.9426 61 4.33589
      vertex 18.2497 61 5.19847
      vertex 20.0123 61 4.44962
    endloop
  endfacet
  facet normal 0 1 0
    outer loop
      vertex 18.2497 61 5.19847
      vertex 19.9426 61 4.33589
      vertex 18.0846 61 4.7998
    endloop
  endfacet
  facet normal 0 1 -0
    outer loop
      vertex 19.8916 61 4.21266
      vertex 18.0846 61 4.7998
      vertex 19.9426 61 4.33589
    endloop
  endfacet
  facet normal 0 1 0
    outer loop
      vertex 18.0846 61 4.7998
      vertex 19.8916 61 4.21266
      vertex 17.9839 61 4.38019
    endloop
  endfacet
  facet normal 0 1 -0
    outer loop
      vertex 19.8605 61 4.08297
      vertex 17.9839 61 4.38019
      vertex 19.8916 61 4.21266
    endloop
  endfacet
  facet normal 0 1 -0
    outer loop
      vertex 19.85 61 3.95
      vertex 17.9839 61 4.38019
      vertex 19.8605 61 4.08297
    endloop
  endfacet
  facet normal 0 1 0
    outer loop
      vertex 19.85 61 3.95
      vertex 17.95 61 3.95
      vertex 17.9839 61 4.38019
    endloop
  endfacet
  facet normal 0 1 0
    outer loop
      vertex 19.8605 61 3.81703
      vertex 17.95 61 3.95
      vertex 19.85 61 3.95
    endloop
  endfacet
  facet normal 0 1 0
    outer loop
      vertex 17.9839 61 3.5198
      vertex 19.8605 61 3.81703
      vertex 19.8916 61 3.68734
    endloop
  endfacet
  facet normal 0 1 0
    outer loop
      vertex 18.0846 61 3.1002
      vertex 19.8916 61 3.68734
      vertex 19.9426 61 3.56411
    endloop
  endfacet
  facet normal 0 1 0
    outer loop
      vertex 19.8605 61 3.81703
      vertex 17.9839 61 3.5198
      vertex 17.95 61 3.95
    endloop
  endfacet
  facet normal 0 1 0
    outer loop
      vertex 18.2497 61 2.70153
      vertex 19.9426 61 3.56411
      vertex 20.0123 61 3.45038
    endloop
  endfacet
  facet normal 0 1 0
    outer loop
      vertex 18.4752 61 2.33359
      vertex 20.0123 61 3.45038
      vertex 20.099 61 3.34896
    endloop
  endfacet
  facet normal 0 1 0
    outer loop
      vertex 18.7618 61 2
      vertex 20.099 61 3.34896
      vertex 20.2004 61 3.26233
    endloop
  endfacet
  facet normal 0 1 0
    outer loop
      vertex 18.7618 61 2
      vertex 20.2004 61 3.26233
      vertex 20.3141 61 3.19264
    endloop
  endfacet
  facet normal 0 1 0
    outer loop
      vertex 18.7618 61 2
      vertex 20.3141 61 3.19264
      vertex 20.4373 61 3.1416
    endloop
  endfacet
  facet normal 0 1 0
    outer loop
      vertex 18.7618 61 2
      vertex 20.4373 61 3.1416
      vertex 20.567 61 3.11046
    endloop
  endfacet
  facet normal 0 1 0
    outer loop
      vertex 19.8916 61 3.68734
      vertex 18.0846 61 3.1002
      vertex 17.9839 61 3.5198
    endloop
  endfacet
  facet normal 0 1 0
    outer loop
      vertex 18.7618 61 2
      vertex 20.567 61 3.11046
      vertex 20.7 61 3.1
    endloop
  endfacet
  facet normal 0 1 0
    outer loop
      vertex 21.0859 61 3.19264
      vertex 22.6382 61 2
      vertex 20.9627 61 3.1416
    endloop
  endfacet
  facet normal 0 1 0
    outer loop
      vertex 19.9426 61 3.56411
      vertex 18.2497 61 2.70153
      vertex 18.0846 61 3.1002
    endloop
  endfacet
  facet normal 0 1 0
    outer loop
      vertex 20.9627 61 3.1416
      vertex 22.6382 61 2
      vertex 20.833 61 3.11046
    endloop
  endfacet
  facet normal 0 1 0
    outer loop
      vertex 20.0123 61 3.45038
      vertex 18.4752 61 2.33359
      vertex 18.2497 61 2.70153
    endloop
  endfacet
  facet normal 0 1 0
    outer loop
      vertex 20.833 61 3.11046
      vertex 22.6382 61 2
      vertex 20.7 61 3.1
    endloop
  endfacet
  facet normal 0 1 0
    outer loop
      vertex 18.7618 61 2
      vertex 20.7 61 3.1
      vertex 22.6382 61 2
    endloop
  endfacet
  facet normal 0 1 0
    outer loop
      vertex 20.099 61 3.34896
      vertex 18.7618 61 2
      vertex 18.7555 61 2.00546
    endloop
  endfacet
  facet normal 0 1 0
    outer loop
      vertex 20.099 61 3.34896
      vertex 18.7555 61 2.00546
      vertex 18.4752 61 2.33359
    endloop
  endfacet
  facet normal 0 1 0
    outer loop
      vertex 28.917 61 4.78953
      vertex 29.05 61 6.7
      vertex 29.4802 61 6.66614
    endloop
  endfacet
  facet normal 0 1 0
    outer loop
      vertex 28.917 61 4.78953
      vertex 29.4802 61 6.66614
      vertex 29.8998 61 6.5654
    endloop
  endfacet
  facet normal 0 1 0
    outer loop
      vertex 29.05 61 6.7
      vertex 28.917 61 4.78953
      vertex 28.6198 61 6.66614
    endloop
  endfacet
  facet normal 0 1 0
    outer loop
      vertex 28.917 61 4.78953
      vertex 29.8998 61 6.5654
      vertex 30.2985 61 6.40027
    endloop
  endfacet
  facet normal 0 1 0
    outer loop
      vertex 28.6198 61 6.66614
      vertex 28.917 61 4.78953
      vertex 28.2002 61 6.5654
    endloop
  endfacet
  facet normal 0 1 0
    outer loop
      vertex 28.917 61 4.78953
      vertex 30.2985 61 6.40027
      vertex 30.6664 61 6.1748
    endloop
  endfacet
  facet normal 0 1 -0
    outer loop
      vertex 28.7873 61 4.7584
      vertex 28.2002 61 6.5654
      vertex 28.917 61 4.78953
    endloop
  endfacet
  facet normal 0 1 0
    outer loop
      vertex 28.917 61 4.78953
      vertex 30.9945 61 5.89454
      vertex 31 61 5.88815
    endloop
  endfacet
  facet normal 0 1 0
    outer loop
      vertex 30.9945 61 5.89454
      vertex 28.917 61 4.78953
      vertex 30.6664 61 6.1748
    endloop
  endfacet
  facet normal 0 1 0
    outer loop
      vertex 28.2002 61 6.5654
      vertex 28.7873 61 4.7584
      vertex 27.8015 61 6.40027
    endloop
  endfacet
  facet normal 0 1 -0
    outer loop
      vertex 28.6641 61 4.70736
      vertex 27.8015 61 6.40027
      vertex 28.7873 61 4.7584
    endloop
  endfacet
  facet normal 0 1 -0
    outer loop
      vertex 28.5504 61 4.63766
      vertex 27.4336 61 6.1748
      vertex 28.6641 61 4.70736
    endloop
  endfacet
  facet normal 0 1 0
    outer loop
      vertex 27.4336 61 6.1748
      vertex 28.5504 61 4.63766
      vertex 27.1055 61 5.89454
    endloop
  endfacet
  facet normal 0 1 -0
    outer loop
      vertex 28.449 61 4.55104
      vertex 27.1055 61 5.89454
      vertex 28.5504 61 4.63766
    endloop
  endfacet
  facet normal 0 1 0
    outer loop
      vertex 27.1055 61 5.89454
      vertex 28.449 61 4.55104
      vertex 26.8252 61 5.56641
    endloop
  endfacet
  facet normal 0 1 -0
    outer loop
      vertex 28.3623 61 4.44962
      vertex 26.8252 61 5.56641
      vertex 28.449 61 4.55104
    endloop
  endfacet
  facet normal 0 1 0
    outer loop
      vertex 26.8252 61 5.56641
      vertex 28.3623 61 4.44962
      vertex 26.5997 61 5.19847
    endloop
  endfacet
  facet normal 0 1 -0
    outer loop
      vertex 28.2926 61 4.33589
      vertex 26.5997 61 5.19847
      vertex 28.3623 61 4.44962
    endloop
  endfacet
  facet normal 0 1 0
    outer loop
      vertex 26.5997 61 5.19847
      vertex 28.2926 61 4.33589
      vertex 26.4346 61 4.7998
    endloop
  endfacet
  facet normal 0 1 -0
    outer loop
      vertex 28.2416 61 4.21266
      vertex 26.4346 61 4.7998
      vertex 28.2926 61 4.33589
    endloop
  endfacet
  facet normal 0 1 0
    outer loop
      vertex 26.4346 61 4.7998
      vertex 28.2416 61 4.21266
      vertex 26.3339 61 4.38019
    endloop
  endfacet
  facet normal 0 1 -0
    outer loop
      vertex 28.2105 61 4.08297
      vertex 26.3339 61 4.38019
      vertex 28.2416 61 4.21266
    endloop
  endfacet
  facet normal 0 1 -0
    outer loop
      vertex 28.2 61 3.95
      vertex 26.3339 61 4.38019
      vertex 28.2105 61 4.08297
    endloop
  endfacet
  facet normal 0 1 0
    outer loop
      vertex 28.2 61 3.95
      vertex 26.3 61 3.95
      vertex 26.3339 61 4.38019
    endloop
  endfacet
  facet normal 0 1 0
    outer loop
      vertex 28.2105 61 3.81703
      vertex 26.3 61 3.95
      vertex 28.2 61 3.95
    endloop
  endfacet
  facet normal 0 1 0
    outer loop
      vertex 26.3339 61 3.5198
      vertex 28.2105 61 3.81703
      vertex 28.2416 61 3.68734
    endloop
  endfacet
  facet normal 0 1 0
    outer loop
      vertex 26.4346 61 3.1002
      vertex 28.2416 61 3.68734
      vertex 28.2926 61 3.56411
    endloop
  endfacet
  facet normal 0 1 0
    outer loop
      vertex 28.2105 61 3.81703
      vertex 26.3339 61 3.5198
      vertex 26.3 61 3.95
    endloop
  endfacet
  facet normal 0 1 0
    outer loop
      vertex 26.5997 61 2.70153
      vertex 28.2926 61 3.56411
      vertex 28.3623 61 3.45038
    endloop
  endfacet
  facet normal 0 1 0
    outer loop
      vertex 26.8252 61 2.33359
      vertex 28.3623 61 3.45038
      vertex 28.449 61 3.34896
    endloop
  endfacet
  facet normal 0 1 0
    outer loop
      vertex 27.1118 61 2
      vertex 28.449 61 3.34896
      vertex 28.5504 61 3.26233
    endloop
  endfacet
  facet normal 0 1 0
    outer loop
      vertex 27.1118 61 2
      vertex 28.5504 61 3.26233
      vertex 28.6641 61 3.19264
    endloop
  endfacet
  facet normal 0 1 0
    outer loop
      vertex 27.1118 61 2
      vertex 28.6641 61 3.19264
      vertex 28.7873 61 3.1416
    endloop
  endfacet
  facet normal 0 1 0
    outer loop
      vertex 27.1118 61 2
      vertex 28.7873 61 3.1416
      vertex 28.917 61 3.11046
    endloop
  endfacet
  facet normal 0 1 0
    outer loop
      vertex 28.2416 61 3.68734
      vertex 26.4346 61 3.1002
      vertex 26.3339 61 3.5198
    endloop
  endfacet
  facet normal 0 1 0
    outer loop
      vertex 27.1118 61 2
      vertex 28.917 61 3.11046
      vertex 29.05 61 3.1
    endloop
  endfacet
  facet normal 0 1 0
    outer loop
      vertex 29.3127 61 3.1416
      vertex 30.9882 61 2
      vertex 29.183 61 3.11046
    endloop
  endfacet
  facet normal 0 1 0
    outer loop
      vertex 29.183 61 3.11046
      vertex 30.9882 61 2
      vertex 29.05 61 3.1
    endloop
  endfacet
  facet normal 0 1 0
    outer loop
      vertex 31 61 2.01185
      vertex 33 61 3
      vertex 32.9631 61 2.5307
    endloop
  endfacet
  facet normal 0 1 0
    outer loop
      vertex 28.2926 61 3.56411
      vertex 26.5997 61 2.70153
      vertex 26.4346 61 3.1002
    endloop
  endfacet
  facet normal 0 1 0
    outer loop
      vertex 31 61 2.01185
      vertex 32.9631 61 2.5307
      vertex 32.8532 61 2.07295
    endloop
  endfacet
  facet normal 0 1 0
    outer loop
      vertex 28.3623 61 3.45038
      vertex 26.8252 61 2.33359
      vertex 26.5997 61 2.70153
    endloop
  endfacet
  facet normal 0 1 0
    outer loop
      vertex 30.9882 61 2
      vertex 31 61 2.01185
      vertex 30.9945 61 2.00546
    endloop
  endfacet
  facet normal 0 1 0
    outer loop
      vertex 27.1118 61 2
      vertex 29.05 61 3.1
      vertex 30.9882 61 2
    endloop
  endfacet
  facet normal 0 1 0
    outer loop
      vertex 28.449 61 3.34896
      vertex 27.1118 61 2
      vertex 27.1055 61 2.00546
    endloop
  endfacet
  facet normal 0 1 0
    outer loop
      vertex 28.449 61 3.34896
      vertex 27.1055 61 2.00546
      vertex 26.8252 61 2.33359
    endloop
  endfacet
  facet normal 0 1 0
    outer loop
      vertex 4.55104 61 40.651
      vertex 5.88815 61 42
      vertex 5.89454 61 41.9945
    endloop
  endfacet
  facet normal 0 1 0
    outer loop
      vertex 5.88815 61 42
      vertex 3.95 61 40.9
      vertex 2.01185 61 42
    endloop
  endfacet
  facet normal 0 1 -0
    outer loop
      vertex 3.81703 61 40.8895
      vertex 2.01185 61 42
      vertex 3.95 61 40.9
    endloop
  endfacet
  facet normal 0 1 0
    outer loop
      vertex 2.01185 61 42
      vertex 2 61 41.9882
      vertex 2.00546 61 41.9945
    endloop
  endfacet
  facet normal 0 1 0
    outer loop
      vertex 4.55104 61 40.651
      vertex 5.89454 61 41.9945
      vertex 6.1748 61 41.6664
    endloop
  endfacet
  facet normal 0 1 -0
    outer loop
      vertex 3.68734 61 40.8584
      vertex 2.01185 61 42
      vertex 3.81703 61 40.8895
    endloop
  endfacet
  facet normal 0 1 0
    outer loop
      vertex 4.63766 61 40.5496
      vertex 6.1748 61 41.6664
      vertex 6.40027 61 41.2985
    endloop
  endfacet
  facet normal 0 1 0
    outer loop
      vertex 2 61 41.9882
      vertex 0.0369349 61 41.4693
      vertex 0.14683 61 41.9271
    endloop
  endfacet
  facet normal 0 1 0
    outer loop
      vertex 2 61 41.9882
      vertex 0 61 41
      vertex 0.0369349 61 41.4693
    endloop
  endfacet
  facet normal 0 1 0
    outer loop
      vertex 4.70736 61 40.4359
      vertex 6.40027 61 41.2985
      vertex 6.5654 61 40.8998
    endloop
  endfacet
  facet normal 0 1 0
    outer loop
      vertex 5.88815 61 42
      vertex 4.08297 61 40.8895
      vertex 3.95 61 40.9
    endloop
  endfacet
  facet normal 0 1 0
    outer loop
      vertex 5.88815 61 42
      vertex 4.21266 61 40.8584
      vertex 4.08297 61 40.8895
    endloop
  endfacet
  facet normal 0 1 0
    outer loop
      vertex 5.88815 61 42
      vertex 4.33589 61 40.8074
      vertex 4.21266 61 40.8584
    endloop
  endfacet
  facet normal 0 1 0
    outer loop
      vertex 5.88815 61 42
      vertex 4.44962 61 40.7377
      vertex 4.33589 61 40.8074
    endloop
  endfacet
  facet normal 0 1 0
    outer loop
      vertex 5.88815 61 42
      vertex 4.55104 61 40.651
      vertex 4.44962 61 40.7377
    endloop
  endfacet
  facet normal 0 1 0
    outer loop
      vertex 6.1748 61 41.6664
      vertex 4.63766 61 40.5496
      vertex 4.55104 61 40.651
    endloop
  endfacet
  facet normal 0 1 0
    outer loop
      vertex 4.7584 61 40.3127
      vertex 6.5654 61 40.8998
      vertex 6.66614 61 40.4802
    endloop
  endfacet
  facet normal 0 1 0
    outer loop
      vertex 6.40027 61 41.2985
      vertex 4.70736 61 40.4359
      vertex 4.63766 61 40.5496
    endloop
  endfacet
  facet normal 0 1 0
    outer loop
      vertex 6.5654 61 40.8998
      vertex 4.7584 61 40.3127
      vertex 4.70736 61 40.4359
    endloop
  endfacet
  facet normal 0 1 0
    outer loop
      vertex 6.66614 61 40.4802
      vertex 4.78953 61 40.183
      vertex 4.7584 61 40.3127
    endloop
  endfacet
  facet normal 0 1 0
    outer loop
      vertex 6.7 61 40.05
      vertex 4.78953 61 40.183
      vertex 6.66614 61 40.4802
    endloop
  endfacet
  facet normal 0 1 0
    outer loop
      vertex 6.7 61 40.05
      vertex 4.8 61 40.05
      vertex 4.78953 61 40.183
    endloop
  endfacet
  facet normal 0 1 0
    outer loop
      vertex 6.7 61 40.05
      vertex 4.78953 61 39.917
      vertex 4.8 61 40.05
    endloop
  endfacet
  facet normal 0 1 -0
    outer loop
      vertex 6.66614 61 39.6198
      vertex 4.78953 61 39.917
      vertex 6.7 61 40.05
    endloop
  endfacet
  facet normal 0 1 0
    outer loop
      vertex 4.78953 61 39.917
      vertex 6.66614 61 39.6198
      vertex 4.7584 61 39.7873
    endloop
  endfacet
  facet normal 0 1 -0
    outer loop
      vertex 6.5654 61 39.2002
      vertex 4.7584 61 39.7873
      vertex 6.66614 61 39.6198
    endloop
  endfacet
  facet normal 0 1 0
    outer loop
      vertex 4.7584 61 39.7873
      vertex 6.5654 61 39.2002
      vertex 4.70736 61 39.6641
    endloop
  endfacet
  facet normal 0 1 -0
    outer loop
      vertex 6.40027 61 38.8015
      vertex 4.70736 61 39.6641
      vertex 6.5654 61 39.2002
    endloop
  endfacet
  facet normal 0 1 0
    outer loop
      vertex 4.70736 61 39.6641
      vertex 6.40027 61 38.8015
      vertex 4.63766 61 39.5504
    endloop
  endfacet
  facet normal 0 1 -0
    outer loop
      vertex 6.1748 61 38.4336
      vertex 4.63766 61 39.5504
      vertex 6.40027 61 38.8015
    endloop
  endfacet
  facet normal 0 1 0
    outer loop
      vertex 4.63766 61 39.5504
      vertex 6.1748 61 38.4336
      vertex 4.55104 61 39.449
    endloop
  endfacet
  facet normal 0 1 -0
    outer loop
      vertex 5.89454 61 38.1055
      vertex 4.55104 61 39.449
      vertex 6.1748 61 38.4336
    endloop
  endfacet
  facet normal 0 1 0
    outer loop
      vertex 4.55104 61 39.449
      vertex 5.89454 61 38.1055
      vertex 4.44962 61 39.3623
    endloop
  endfacet
  facet normal 0 1 -0
    outer loop
      vertex 5.56641 61 37.8252
      vertex 4.44962 61 39.3623
      vertex 5.89454 61 38.1055
    endloop
  endfacet
  facet normal 0 1 0
    outer loop
      vertex 4.44962 61 39.3623
      vertex 5.56641 61 37.8252
      vertex 4.33589 61 39.2926
    endloop
  endfacet
  facet normal 0 1 0
    outer loop
      vertex 31 61 41.9882
      vertex 30.9882 61 42
      vertex 30.9945 61 41.9945
    endloop
  endfacet
  facet normal 0 1 0
    outer loop
      vertex 30.9882 61 42
      vertex 29.05 61 40.9
      vertex 27.1118 61 42
    endloop
  endfacet
  facet normal 0 1 0
    outer loop
      vertex 29.183 61 40.8895
      vertex 30.9882 61 42
      vertex 31 61 41.9882
    endloop
  endfacet
  facet normal 0 1 0
    outer loop
      vertex 32.9631 61 41.4693
      vertex 31 61 41.9882
      vertex 32.8532 61 41.9271
    endloop
  endfacet
  facet normal 0 1 -0
    outer loop
      vertex 28.917 61 40.8895
      vertex 27.1118 61 42
      vertex 29.05 61 40.9
    endloop
  endfacet
  facet normal 0 1 0
    outer loop
      vertex 33 61 41
      vertex 31 61 41.9882
      vertex 32.9631 61 41.4693
    endloop
  endfacet
  facet normal 0 1 -0
    outer loop
      vertex 28.7873 61 40.8584
      vertex 27.1118 61 42
      vertex 28.917 61 40.8895
    endloop
  endfacet
  facet normal 0 1 0
    outer loop
      vertex 29.8895 61 40.183
      vertex 31 61 41.9882
      vertex 33 61 41
    endloop
  endfacet
  facet normal 0 1 -0
    outer loop
      vertex 28.6641 61 40.8074
      vertex 27.1118 61 42
      vertex 28.7873 61 40.8584
    endloop
  endfacet
  facet normal 0 1 -0
    outer loop
      vertex 28.5504 61 40.7377
      vertex 27.1118 61 42
      vertex 28.6641 61 40.8074
    endloop
  endfacet
  facet normal 0 1 -0
    outer loop
      vertex 28.449 61 40.651
      vertex 27.1118 61 42
      vertex 28.5504 61 40.7377
    endloop
  endfacet
  facet normal 0 1 0
    outer loop
      vertex 27.1118 61 42
      vertex 28.449 61 40.651
      vertex 27.1055 61 41.9945
    endloop
  endfacet
  facet normal 0 1 0
    outer loop
      vertex 27.1055 61 41.9945
      vertex 28.449 61 40.651
      vertex 26.8252 61 41.6664
    endloop
  endfacet
  facet normal 0 1 -0
    outer loop
      vertex 28.3623 61 40.5496
      vertex 26.8252 61 41.6664
      vertex 28.449 61 40.651
    endloop
  endfacet
  facet normal 0 1 0
    outer loop
      vertex 26.8252 61 41.6664
      vertex 28.3623 61 40.5496
      vertex 26.5997 61 41.2985
    endloop
  endfacet
  facet normal 0 1 -0
    outer loop
      vertex 28.2926 61 40.4359
      vertex 26.5997 61 41.2985
      vertex 28.3623 61 40.5496
    endloop
  endfacet
  facet normal 0 1 0
    outer loop
      vertex 26.5997 61 41.2985
      vertex 28.2926 61 40.4359
      vertex 26.4346 61 40.8998
    endloop
  endfacet
  facet normal 0 1 -0
    outer loop
      vertex 28.2416 61 40.3127
      vertex 26.4346 61 40.8998
      vertex 28.2926 61 40.4359
    endloop
  endfacet
  facet normal 0 1 0
    outer loop
      vertex 26.4346 61 40.8998
      vertex 28.2416 61 40.3127
      vertex 26.3339 61 40.4802
    endloop
  endfacet
  facet normal 0 1 -0
    outer loop
      vertex 28.2105 61 40.183
      vertex 26.3339 61 40.4802
      vertex 28.2416 61 40.3127
    endloop
  endfacet
  facet normal 0 1 -0
    outer loop
      vertex 28.2 61 40.05
      vertex 26.3339 61 40.4802
      vertex 28.2105 61 40.183
    endloop
  endfacet
  facet normal 0 1 0
    outer loop
      vertex 28.2 61 40.05
      vertex 26.3 61 40.05
      vertex 26.3339 61 40.4802
    endloop
  endfacet
  facet normal 0 1 0
    outer loop
      vertex 28.2105 61 39.917
      vertex 26.3 61 40.05
      vertex 28.2 61 40.05
    endloop
  endfacet
  facet normal 0 1 0
    outer loop
      vertex 26.3339 61 39.6198
      vertex 28.2105 61 39.917
      vertex 28.2416 61 39.7873
    endloop
  endfacet
  facet normal 0 1 0
    outer loop
      vertex 26.4346 61 39.2002
      vertex 28.2416 61 39.7873
      vertex 28.2926 61 39.6641
    endloop
  endfacet
  facet normal 0 1 0
    outer loop
      vertex 28.2105 61 39.917
      vertex 26.3339 61 39.6198
      vertex 26.3 61 40.05
    endloop
  endfacet
  facet normal 0 1 0
    outer loop
      vertex 26.5997 61 38.8015
      vertex 28.2926 61 39.6641
      vertex 28.3623 61 39.5504
    endloop
  endfacet
  facet normal 0 1 0
    outer loop
      vertex 26.5997 61 38.8015
      vertex 28.3623 61 39.5504
      vertex 28.449 61 39.449
    endloop
  endfacet
  facet normal 0 1 0
    outer loop
      vertex 26.5997 61 38.8015
      vertex 28.449 61 39.449
      vertex 28.5504 61 39.3623
    endloop
  endfacet
  facet normal 0 1 0
    outer loop
      vertex 26.5997 61 38.8015
      vertex 28.5504 61 39.3623
      vertex 28.6641 61 39.2926
    endloop
  endfacet
  facet normal 0 1 0
    outer loop
      vertex 26.5997 61 38.8015
      vertex 28.6641 61 39.2926
      vertex 28.7873 61 39.2416
    endloop
  endfacet
  facet normal 0 1 0
    outer loop
      vertex 26.5997 61 38.8015
      vertex 28.7873 61 39.2416
      vertex 28.917 61 39.2105
    endloop
  endfacet
  facet normal 0 1 0
    outer loop
      vertex 28.2416 61 39.7873
      vertex 26.4346 61 39.2002
      vertex 26.3339 61 39.6198
    endloop
  endfacet
  facet normal 0 1 0
    outer loop
      vertex 26.5997 61 38.8015
      vertex 28.917 61 39.2105
      vertex 29.05 61 39.2
    endloop
  endfacet
  facet normal 0 1 0
    outer loop
      vertex 28.2926 61 39.6641
      vertex 26.5997 61 38.8015
      vertex 26.4346 61 39.2002
    endloop
  endfacet
  facet normal 0 1 0
    outer loop
      vertex 30.9882 61 42
      vertex 30 61 44
      vertex 30.4693 61 43.9631
    endloop
  endfacet
  facet normal 0 1 0
    outer loop
      vertex 30 61 44
      vertex 27.1118 61 42
      vertex 3 61 44
    endloop
  endfacet
  facet normal 0 1 0
    outer loop
      vertex 30.9882 61 42
      vertex 30.4693 61 43.9631
      vertex 30.9271 61 43.8532
    endloop
  endfacet
  facet normal 0 1 -0
    outer loop
      vertex 5.88815 61 42
      vertex 3 61 44
      vertex 27.1118 61 42
    endloop
  endfacet
  facet normal 0 1 -0
    outer loop
      vertex 30.9882 61 42
      vertex 30.9271 61 43.8532
      vertex 31.362 61 43.673
    endloop
  endfacet
  facet normal 0 1 0
    outer loop
      vertex 2.01185 61 42
      vertex 3 61 44
      vertex 5.88815 61 42
    endloop
  endfacet
  facet normal 0 1 0
    outer loop
      vertex 31 61 42
      vertex 31.362 61 43.673
      vertex 31.7634 61 43.4271
    endloop
  endfacet
  facet normal 0 1 0
    outer loop
      vertex 3 61 44
      vertex 2.01185 61 42
      vertex 2.5307 61 43.9631
    endloop
  endfacet
  facet normal 0 1 0
    outer loop
      vertex 31 61 42
      vertex 31.7634 61 43.4271
      vertex 32.1213 61 43.1213
    endloop
  endfacet
  facet normal 0 1 0
    outer loop
      vertex 2.5307 61 43.9631
      vertex 2.01185 61 42
      vertex 2.07295 61 43.8532
    endloop
  endfacet
  facet normal 0 1 0
    outer loop
      vertex 31 61 42
      vertex 32.1213 61 43.1213
      vertex 32.4271 61 42.7634
    endloop
  endfacet
  facet normal 0 1 0
    outer loop
      vertex 2.07295 61 43.8532
      vertex 2.01185 61 42
      vertex 1.63803 61 43.673
    endloop
  endfacet
  facet normal 0 1 0
    outer loop
      vertex 31 61 42
      vertex 32.4271 61 42.7634
      vertex 32.673 61 42.362
    endloop
  endfacet
  facet normal 0 1 -0
    outer loop
      vertex 2 61 42
      vertex 1.63803 61 43.673
      vertex 2.01185 61 42
    endloop
  endfacet
  facet normal 0 1 0
    outer loop
      vertex 31.362 61 43.673
      vertex 31 61 42
      vertex 30.9882 61 42
    endloop
  endfacet
  facet normal 0 1 0
    outer loop
      vertex 32.673 61 42.362
      vertex 31 61 41.9882
      vertex 31 61 42
    endloop
  endfacet
  facet normal -0 1 0
    outer loop
      vertex 31 61 41.9882
      vertex 32.673 61 42.362
      vertex 32.8532 61 41.9271
    endloop
  endfacet
  facet normal 0 1 0
    outer loop
      vertex 30 61 44
      vertex 30.9882 61 42
      vertex 27.1118 61 42
    endloop
  endfacet
  facet normal 0 1 0
    outer loop
      vertex 1.63803 61 43.673
      vertex 2 61 42
      vertex 1.23664 61 43.4271
    endloop
  endfacet
  facet normal 0 1 0
    outer loop
      vertex 1.23664 61 43.4271
      vertex 2 61 42
      vertex 0.878679 61 43.1213
    endloop
  endfacet
  facet normal 0 1 0
    outer loop
      vertex 0.878679 61 43.1213
      vertex 2 61 42
      vertex 0.572948 61 42.7634
    endloop
  endfacet
  facet normal 0 1 0
    outer loop
      vertex 0.572948 61 42.7634
      vertex 2 61 42
      vertex 0.32698 61 42.362
    endloop
  endfacet
  facet normal 0 1 -0
    outer loop
      vertex 2 61 41.9882
      vertex 0.32698 61 42.362
      vertex 2 61 42
    endloop
  endfacet
  facet normal 0 1 0
    outer loop
      vertex 0.32698 61 42.362
      vertex 2 61 41.9882
      vertex 0.14683 61 41.9271
    endloop
  endfacet
  facet normal -0.97237 0 -0.233443
    outer loop
      vertex 0.14683 0 2.07295
      vertex 0.0369349 61 2.5307
      vertex 0.14683 61 2.07295
    endloop
  endfacet
  facet normal -0.97237 -0 -0.233443
    outer loop
      vertex 0.0369349 61 2.5307
      vertex 0.14683 0 2.07295
      vertex 0.0369349 0 2.5307
    endloop
  endfacet
  facet normal 0.852708 0 -0.522387
    outer loop
      vertex 32.673 0 1.63803
      vertex 32.4271 61 1.23664
      vertex 32.673 61 1.63803
    endloop
  endfacet
  facet normal 0.852708 0 -0.522387
    outer loop
      vertex 32.4271 61 1.23664
      vertex 32.673 0 1.63803
      vertex 32.4271 0 1.23664
    endloop
  endfacet
  facet normal 0.923842 0 -0.382775
    outer loop
      vertex 32.8532 0 2.07295
      vertex 32.673 61 1.63803
      vertex 32.8532 61 2.07295
    endloop
  endfacet
  facet normal 0.923842 0 -0.382775
    outer loop
      vertex 32.673 61 1.63803
      vertex 32.8532 0 2.07295
      vertex 32.673 0 1.63803
    endloop
  endfacet
  facet normal 0.972368 0 -0.233453
    outer loop
      vertex 32.9631 0 2.5307
      vertex 32.8532 61 2.07295
      vertex 32.9631 61 2.5307
    endloop
  endfacet
  facet normal 0.972368 0 -0.233453
    outer loop
      vertex 32.8532 61 2.07295
      vertex 32.9631 0 2.5307
      vertex 32.8532 0 2.07295
    endloop
  endfacet
  facet normal 0.382699 0 -0.923873
    outer loop
      vertex 30.9271 0 0.146831
      vertex 31.362 61 0.326981
      vertex 31.362 0 0.326981
    endloop
  endfacet
  facet normal 0.382699 0 -0.923873
    outer loop
      vertex 31.362 61 0.326981
      vertex 30.9271 0 0.146831
      vertex 30.9271 61 0.146831
    endloop
  endfacet
  facet normal 0.522483 0 -0.85265
    outer loop
      vertex 31.362 0 0.326981
      vertex 31.7634 61 0.572949
      vertex 31.7634 0 0.572949
    endloop
  endfacet
  facet normal 0.522483 0 -0.85265
    outer loop
      vertex 31.7634 61 0.572949
      vertex 31.362 0 0.326981
      vertex 31.362 61 0.326981
    endloop
  endfacet
  facet normal 0.760329 0 -0.649538
    outer loop
      vertex 32.4271 0 1.23664
      vertex 32.1213 61 0.87868
      vertex 32.4271 61 1.23664
    endloop
  endfacet
  facet normal 0.760329 0 -0.649538
    outer loop
      vertex 32.1213 61 0.87868
      vertex 32.4271 0 1.23664
      vertex 32.1213 0 0.87868
    endloop
  endfacet
  facet normal 0.923836 -0 0.38279
    outer loop
      vertex 32.673 0 42.362
      vertex 32.8532 61 41.9271
      vertex 32.673 61 42.362
    endloop
  endfacet
  facet normal 0.923836 0 0.38279
    outer loop
      vertex 32.8532 61 41.9271
      vertex 32.673 0 42.362
      vertex 32.8532 0 41.9271
    endloop
  endfacet
  facet normal 0.996923 -0 0.0783858
    outer loop
      vertex 32.9631 0 41.4693
      vertex 33 61 41
      vertex 32.9631 61 41.4693
    endloop
  endfacet
  facet normal 0.996923 0 0.0783858
    outer loop
      vertex 33 61 41
      vertex 32.9631 0 41.4693
      vertex 33 0 41
    endloop
  endfacet
  facet normal 0.233429 0 0.972374
    outer loop
      vertex 30.4693 61 43.9631
      vertex 30.9271 0 43.8532
      vertex 30.9271 61 43.8532
    endloop
  endfacet
  facet normal 0.233429 0 0.972374
    outer loop
      vertex 30.9271 0 43.8532
      vertex 30.4693 61 43.9631
      vertex 30.4693 0 43.9631
    endloop
  endfacet
  facet normal 0.522378 0 0.852714
    outer loop
      vertex 31.362 61 43.673
      vertex 31.7634 0 43.4271
      vertex 31.7634 61 43.4271
    endloop
  endfacet
  facet normal 0.522378 0 0.852714
    outer loop
      vertex 31.7634 0 43.4271
      vertex 31.362 61 43.673
      vertex 31.362 0 43.673
    endloop
  endfacet
  facet normal -0.522492 0 -0.852644
    outer loop
      vertex 1.23664 0 0.572949
      vertex 1.63803 61 0.326981
      vertex 1.63803 0 0.326981
    endloop
  endfacet
  facet normal -0.522492 0 -0.852644
    outer loop
      vertex 1.63803 61 0.326981
      vertex 1.23664 0 0.572949
      vertex 1.23664 61 0.572949
    endloop
  endfacet
  facet normal -0.649452 0 -0.760402
    outer loop
      vertex 0.878679 0 0.87868
      vertex 1.23664 61 0.572949
      vertex 1.23664 0 0.572949
    endloop
  endfacet
  facet normal -0.649452 0 -0.760402
    outer loop
      vertex 1.23664 61 0.572949
      vertex 0.878679 0 0.87868
      vertex 0.878679 61 0.87868
    endloop
  endfacet
  facet normal -0.760401 0 -0.649453
    outer loop
      vertex 0.878679 0 0.87868
      vertex 0.572948 61 1.23664
      vertex 0.878679 61 0.87868
    endloop
  endfacet
  facet normal -0.760401 -0 -0.649453
    outer loop
      vertex 0.572948 61 1.23664
      vertex 0.878679 0 0.87868
      vertex 0.572948 0 1.23664
    endloop
  endfacet
  facet normal 0.0784614 0 -0.996917
    outer loop
      vertex 30 0 0
      vertex 30.4693 61 0.0369358
      vertex 30.4693 0 0.0369358
    endloop
  endfacet
  facet normal 0.0784614 0 -0.996917
    outer loop
      vertex 30.4693 61 0.0369358
      vertex 30 0 0
      vertex 30 61 0
    endloop
  endfacet
  facet normal 0.23342 0 -0.972376
    outer loop
      vertex 30.4693 0 0.0369358
      vertex 30.9271 61 0.146831
      vertex 30.9271 0 0.146831
    endloop
  endfacet
  facet normal 0.23342 0 -0.972376
    outer loop
      vertex 30.9271 61 0.146831
      vertex 30.4693 0 0.0369358
      vertex 30.4693 61 0.0369358
    endloop
  endfacet
  facet normal 1 0 0
    outer loop
      vertex 2 61 42
      vertex 2 55 41.9882
      vertex 2 61 41.9882
    endloop
  endfacet
  facet normal 1 0 0
    outer loop
      vertex 2 55 41.9882
      vertex 2 2 42
      vertex 2 55 38.1118
    endloop
  endfacet
  facet normal 1 -0 0
    outer loop
      vertex 2 2 42
      vertex 2 55 41.9882
      vertex 2 61 42
    endloop
  endfacet
  facet normal 1 -0 0
    outer loop
      vertex 2 55 38.1118
      vertex 2 61 2
      vertex 2 61 38.1118
    endloop
  endfacet
  facet normal 1 0 0
    outer loop
      vertex 2 2 2
      vertex 2 55 38.1118
      vertex 2 2 42
    endloop
  endfacet
  facet normal 1 0 0
    outer loop
      vertex 2 55 38.1118
      vertex 2 2 2
      vertex 2 61 2
    endloop
  endfacet
  facet normal 0 0 -1
    outer loop
      vertex 31 2 42
      vertex 30.9882 55 42
      vertex 31 61 42
    endloop
  endfacet
  facet normal 0 0 -1
    outer loop
      vertex 21.2 25 42
      vertex 30.9882 55 42
      vertex 31 2 42
    endloop
  endfacet
  facet normal -0 0 -1
    outer loop
      vertex 30.9882 55 42
      vertex 21.2 25 42
      vertex 27.1118 55 42
    endloop
  endfacet
  facet normal 0 0 -1
    outer loop
      vertex 21.2 25 42
      vertex 31 2 42
      vertex 21.2 11.7 42
    endloop
  endfacet
  facet normal 0 0 -1
    outer loop
      vertex 17.9888 2.20114 42
      vertex 31 2 42
      vertex 18 2 42
    endloop
  endfacet
  facet normal 0 0 -1
    outer loop
      vertex 17.9815 2.33185 42
      vertex 31 2 42
      vertex 17.9888 2.20114 42
    endloop
  endfacet
  facet normal 0 0 -1
    outer loop
      vertex 17.9607 2.4545 42
      vertex 31 2 42
      vertex 17.9815 2.33185 42
    endloop
  endfacet
  facet normal 0 0 -1
    outer loop
      vertex 17.9266 2.65552 42
      vertex 31 2 42
      vertex 17.9607 2.4545 42
    endloop
  endfacet
  facet normal 0 0 -1
    outer loop
      vertex 17.8685 2.85376 42
      vertex 31 2 42
      vertex 17.9266 2.65552 42
    endloop
  endfacet
  facet normal 0 0 -1
    outer loop
      vertex 17.8365 2.96306 42
      vertex 31 2 42
      vertex 17.8685 2.85376 42
    endloop
  endfacet
  facet normal 0 0 -1
    outer loop
      vertex 31 2 42
      vertex 17.8365 2.96306 42
      vertex 21.2 11.7 42
    endloop
  endfacet
  facet normal 0 0 -1
    outer loop
      vertex 17.7551 3.15098 42
      vertex 21.2 11.7 42
      vertex 17.8365 2.96306 42
    endloop
  endfacet
  facet normal 0 0 -1
    outer loop
      vertex 17.7135 3.24688 42
      vertex 21.2 11.7 42
      vertex 17.7551 3.15098 42
    endloop
  endfacet
  facet normal 0 0 -1
    outer loop
      vertex 17.6635 3.32974 42
      vertex 21.2 11.7 42
      vertex 17.7135 3.24688 42
    endloop
  endfacet
  facet normal 0 0 -1
    outer loop
      vertex 17.5607 3.5 42
      vertex 21.2 11.7 42
      vertex 17.6635 3.32974 42
    endloop
  endfacet
  facet normal 0 0 -1
    outer loop
      vertex 17.4369 3.64949 42
      vertex 21.2 11.7 42
      vertex 17.5607 3.5 42
    endloop
  endfacet
  facet normal 0 0 -1
    outer loop
      vertex 17.3817 3.71618 42
      vertex 21.2 11.7 42
      vertex 17.4369 3.64949 42
    endloop
  endfacet
  facet normal 0 0 -1
    outer loop
      vertex 17.3212 3.76862 42
      vertex 21.2 11.7 42
      vertex 17.3817 3.71618 42
    endloop
  endfacet
  facet normal 0 0 -1
    outer loop
      vertex 17.181 3.89011 42
      vertex 21.2 11.7 42
      vertex 17.3212 3.76862 42
    endloop
  endfacet
  facet normal 0 0 -1
    outer loop
      vertex 17.0264 3.98068 42
      vertex 21.2 11.7 42
      vertex 17.181 3.89011 42
    endloop
  endfacet
  facet normal 0 0 -1
    outer loop
      vertex 16.9635 4.0175 42
      vertex 21.2 11.7 42
      vertex 17.0264 3.98068 42
    endloop
  endfacet
  facet normal 0 0 -1
    outer loop
      vertex 16.7347 4.0952 42
      vertex 21.2 11.7 42
      vertex 16.9635 4.0175 42
    endloop
  endfacet
  facet normal 0 0 -1
    outer loop
      vertex 16.5 4.12132 42
      vertex 21.2 11.7 42
      vertex 16.7347 4.0952 42
    endloop
  endfacet
  facet normal 0 0 -1
    outer loop
      vertex 11.8 11.7 42
      vertex 16.5 4.12132 42
      vertex 16.2653 4.0952 42
    endloop
  endfacet
  facet normal 0 0 -1
    outer loop
      vertex 11.8 11.7 42
      vertex 16.2653 4.0952 42
      vertex 16.0365 4.0175 42
    endloop
  endfacet
  facet normal 0 0 -1
    outer loop
      vertex 11.8 11.7 42
      vertex 16.0365 4.0175 42
      vertex 15.9736 3.98068 42
    endloop
  endfacet
  facet normal 0 0 -1
    outer loop
      vertex 11.8 11.7 42
      vertex 15.9736 3.98068 42
      vertex 15.819 3.89011 42
    endloop
  endfacet
  facet normal 0 0 -1
    outer loop
      vertex 11.8 11.7 42
      vertex 15.819 3.89011 42
      vertex 15.6788 3.76862 42
    endloop
  endfacet
  facet normal 0 0 -1
    outer loop
      vertex 11.8 11.7 42
      vertex 15.6788 3.76862 42
      vertex 15.6183 3.71618 42
    endloop
  endfacet
  facet normal 0 0 -1
    outer loop
      vertex 11.8 11.7 42
      vertex 15.6183 3.71618 42
      vertex 15.5631 3.64949 42
    endloop
  endfacet
  facet normal 0 0 -1
    outer loop
      vertex 11.8 11.7 42
      vertex 15.5631 3.64949 42
      vertex 15.4393 3.5 42
    endloop
  endfacet
  facet normal 0 0 -1
    outer loop
      vertex 16.5 4.12132 42
      vertex 11.8 11.7 42
      vertex 21.2 11.7 42
    endloop
  endfacet
  facet normal 0 0 -1
    outer loop
      vertex 15.3365 3.32974 42
      vertex 11.8 11.7 42
      vertex 15.4393 3.5 42
    endloop
  endfacet
  facet normal 0 0 -1
    outer loop
      vertex 15.2865 3.24688 42
      vertex 11.8 11.7 42
      vertex 15.3365 3.32974 42
    endloop
  endfacet
  facet normal 0 0 -1
    outer loop
      vertex 15.2449 3.15098 42
      vertex 11.8 11.7 42
      vertex 15.2865 3.24688 42
    endloop
  endfacet
  facet normal 0 0 -1
    outer loop
      vertex 15.1635 2.96306 42
      vertex 11.8 11.7 42
      vertex 15.2449 3.15098 42
    endloop
  endfacet
  facet normal 0 0 -1
    outer loop
      vertex 2 2 42
      vertex 15.1635 2.96306 42
      vertex 15.1315 2.85376 42
    endloop
  endfacet
  facet normal 0 0 -1
    outer loop
      vertex 2 2 42
      vertex 15.1315 2.85376 42
      vertex 15.0734 2.65552 42
    endloop
  endfacet
  facet normal 0 0 -1
    outer loop
      vertex 2 2 42
      vertex 15.0734 2.65552 42
      vertex 15.0393 2.4545 42
    endloop
  endfacet
  facet normal 0 0 -1
    outer loop
      vertex 2 2 42
      vertex 15.0393 2.4545 42
      vertex 15.0185 2.33185 42
    endloop
  endfacet
  facet normal 0 0 -1
    outer loop
      vertex 2 2 42
      vertex 15.0185 2.33185 42
      vertex 15.0112 2.20114 42
    endloop
  endfacet
  facet normal 0 0 -1
    outer loop
      vertex 2 2 42
      vertex 15.0112 2.20114 42
      vertex 15 2 42
    endloop
  endfacet
  facet normal 0 0 -1
    outer loop
      vertex 2 2 42
      vertex 11.8 25 42
      vertex 11.8 11.7 42
    endloop
  endfacet
  facet normal 0 0 -1
    outer loop
      vertex 11.8 25 42
      vertex 2.01185 55 42
      vertex 5.88815 55 42
    endloop
  endfacet
  facet normal -0 0 -1
    outer loop
      vertex 15.1635 2.96306 42
      vertex 2 2 42
      vertex 11.8 11.7 42
    endloop
  endfacet
  facet normal -0 0 -1
    outer loop
      vertex 11.8 25 42
      vertex 2 2 42
      vertex 2.01185 55 42
    endloop
  endfacet
  facet normal 0 0 -1
    outer loop
      vertex 2 61 42
      vertex 2.01185 55 42
      vertex 2 2 42
    endloop
  endfacet
  facet normal 0 0 -1
    outer loop
      vertex 2.01185 55 42
      vertex 2 61 42
      vertex 2.01185 61 42
    endloop
  endfacet
  facet normal -0 0 -1
    outer loop
      vertex 31 61 42
      vertex 30.9882 55 42
      vertex 30.9882 61 42
    endloop
  endfacet
  facet normal 0 0 -1
    outer loop
      vertex 5.88815 55 42
      vertex 27.1118 55 42
      vertex 21.2 25 42
    endloop
  endfacet
  facet normal 0 0 -1
    outer loop
      vertex 5.88815 55 42
      vertex 21.2 25 42
      vertex 11.8 25 42
    endloop
  endfacet
  facet normal 0 0 -1
    outer loop
      vertex 27.1118 55 42
      vertex 5.88815 55 42
      vertex 27.1118 61 42
    endloop
  endfacet
  facet normal -0 0 -1
    outer loop
      vertex 27.1118 61 42
      vertex 5.88815 55 42
      vertex 5.88815 61 42
    endloop
  endfacet
  facet normal -1 0 0
    outer loop
      vertex 31 42.4 11.6
      vertex 31 40.4 15.8
      vertex 31 42.4 32.4
    endloop
  endfacet
  facet normal -1 0 0
    outer loop
      vertex 31 42.4 11.6
      vertex 31 40.3902 15.6749
      vertex 31 40.4 15.8
    endloop
  endfacet
  facet normal -1 0 0
    outer loop
      vertex 31 42.4 11.6
      vertex 31 40.3608 15.5528
      vertex 31 40.3902 15.6749
    endloop
  endfacet
  facet normal -1 0 0
    outer loop
      vertex 31 42.4 11.6
      vertex 31 40.3128 15.4368
      vertex 31 40.3608 15.5528
    endloop
  endfacet
  facet normal -1 0 0
    outer loop
      vertex 31 42.4 11.6
      vertex 31 40.2472 15.3298
      vertex 31 40.3128 15.4368
    endloop
  endfacet
  facet normal -1 0 0
    outer loop
      vertex 31 42.4 11.6
      vertex 31 40.1657 15.2343
      vertex 31 40.2472 15.3298
    endloop
  endfacet
  facet normal -1 0 0
    outer loop
      vertex 31 42.4 11.6
      vertex 31 40.0702 15.1528
      vertex 31 40.1657 15.2343
    endloop
  endfacet
  facet normal -1 0 0
    outer loop
      vertex 31 42.4 11.6
      vertex 31 39.9632 15.0872
      vertex 31 40.0702 15.1528
    endloop
  endfacet
  facet normal -1 0 0
    outer loop
      vertex 31 42.4 11.6
      vertex 31 39.8472 15.0392
      vertex 31 39.9632 15.0872
    endloop
  endfacet
  facet normal -1 0 0
    outer loop
      vertex 31 42.4 11.6
      vertex 31 39.7251 15.0098
      vertex 31 39.8472 15.0392
    endloop
  endfacet
  facet normal -1 0 0
    outer loop
      vertex 31 42.4 11.6
      vertex 31 39.6 15
      vertex 31 39.7251 15.0098
    endloop
  endfacet
  facet normal -1 0 0
    outer loop
      vertex 31 42.4 11.6
      vertex 31 39.4749 15.0098
      vertex 31 39.6 15
    endloop
  endfacet
  facet normal -1 0 0
    outer loop
      vertex 31 42.4 11.6
      vertex 31 39.3528 15.0392
      vertex 31 39.4749 15.0098
    endloop
  endfacet
  facet normal -1 0 0
    outer loop
      vertex 31 36.4472 15.0392
      vertex 31 39.3528 15.0392
      vertex 31 42.4 11.6
    endloop
  endfacet
  facet normal -1 0 0
    outer loop
      vertex 31 39.3528 15.0392
      vertex 31 36.4472 15.0392
      vertex 31 39.2368 15.0872
    endloop
  endfacet
  facet normal -1 0 -0
    outer loop
      vertex 31 36.5632 15.0872
      vertex 31 39.2368 15.0872
      vertex 31 36.4472 15.0392
    endloop
  endfacet
  facet normal -1 0 0
    outer loop
      vertex 31 38.8 15.8
      vertex 31 37 15.8
      vertex 31 38.8 28.2
    endloop
  endfacet
  facet normal -1 0 0
    outer loop
      vertex 31 38.8098 15.6749
      vertex 31 37 15.8
      vertex 31 38.8 15.8
    endloop
  endfacet
  facet normal -1 0 0
    outer loop
      vertex 31 36.9902 15.6749
      vertex 31 38.8098 15.6749
      vertex 31 38.8392 15.5528
    endloop
  endfacet
  facet normal -1 0 0
    outer loop
      vertex 31 36.9608 15.5528
      vertex 31 38.8392 15.5528
      vertex 31 38.8872 15.4368
    endloop
  endfacet
  facet normal -1 0 0
    outer loop
      vertex 31 36.9128 15.4368
      vertex 31 38.8872 15.4368
      vertex 31 38.9528 15.3298
    endloop
  endfacet
  facet normal -1 0 0
    outer loop
      vertex 31 36.8472 15.3298
      vertex 31 38.9528 15.3298
      vertex 31 39.0343 15.2343
    endloop
  endfacet
  facet normal -1 0 0
    outer loop
      vertex 31 39.2368 15.0872
      vertex 31 36.5632 15.0872
      vertex 31 39.1298 15.1528
    endloop
  endfacet
  facet normal -1 0 0
    outer loop
      vertex 31 38.8098 15.6749
      vertex 31 36.9902 15.6749
      vertex 31 37 15.8
    endloop
  endfacet
  facet normal -1 0 0
    outer loop
      vertex 31 38.8392 15.5528
      vertex 31 36.9608 15.5528
      vertex 31 36.9902 15.6749
    endloop
  endfacet
  facet normal -1 0 0
    outer loop
      vertex 31 38.8872 15.4368
      vertex 31 36.9128 15.4368
      vertex 31 36.9608 15.5528
    endloop
  endfacet
  facet normal -1 0 0
    outer loop
      vertex 31 38.9528 15.3298
      vertex 31 36.8472 15.3298
      vertex 31 36.9128 15.4368
    endloop
  endfacet
  facet normal -1 0 0
    outer loop
      vertex 31 39.0343 15.2343
      vertex 31 36.7657 15.2343
      vertex 31 36.8472 15.3298
    endloop
  endfacet
  facet normal -1 -0 0
    outer loop
      vertex 31 39.0343 15.2343
      vertex 31 36.6702 15.1528
      vertex 31 36.7657 15.2343
    endloop
  endfacet
  facet normal -1 0 0
    outer loop
      vertex 31 39.1298 15.1528
      vertex 31 36.6702 15.1528
      vertex 31 39.0343 15.2343
    endloop
  endfacet
  facet normal -1 0 -0
    outer loop
      vertex 31 36.6702 15.1528
      vertex 31 39.1298 15.1528
      vertex 31 36.5632 15.0872
    endloop
  endfacet
  facet normal -1 0 0
    outer loop
      vertex 31 42.4 11.6
      vertex 31 36.3251 15.0098
      vertex 31 36.4472 15.0392
    endloop
  endfacet
  facet normal -1 0 0
    outer loop
      vertex 31 42.4 11.6
      vertex 31 36.2 15
      vertex 31 36.3251 15.0098
    endloop
  endfacet
  facet normal -1 0 0
    outer loop
      vertex 31 42.4 11.6
      vertex 31 36.0749 15.0098
      vertex 31 36.2 15
    endloop
  endfacet
  facet normal -1 0 0
    outer loop
      vertex 31 32.9251 15.0098
      vertex 31 36.0749 15.0098
      vertex 31 42.4 11.6
    endloop
  endfacet
  facet normal -1 0 0
    outer loop
      vertex 31 36.0749 15.0098
      vertex 31 32.9251 15.0098
      vertex 31 35.9528 15.0392
    endloop
  endfacet
  facet normal -1 0 0
    outer loop
      vertex 31 35.4 15.8
      vertex 31 33.6 15.8
      vertex 31 35.4 28.2
    endloop
  endfacet
  facet normal -1 0 0
    outer loop
      vertex 31 35.4099 15.6749
      vertex 31 33.6 15.8
      vertex 31 35.4 15.8
    endloop
  endfacet
  facet normal -1 0 0
    outer loop
      vertex 31 33.5901 15.6749
      vertex 31 35.4099 15.6749
      vertex 31 35.4392 15.5528
    endloop
  endfacet
  facet normal -1 0 0
    outer loop
      vertex 31 33.5608 15.5528
      vertex 31 35.4392 15.5528
      vertex 31 35.4872 15.4368
    endloop
  endfacet
  facet normal -1 0 0
    outer loop
      vertex 31 33.5128 15.4368
      vertex 31 35.4872 15.4368
      vertex 31 35.5528 15.3298
    endloop
  endfacet
  facet normal -1 0 0
    outer loop
      vertex 31 33.4472 15.3298
      vertex 31 35.5528 15.3298
      vertex 31 35.6343 15.2343
    endloop
  endfacet
  facet normal -1 0 0
    outer loop
      vertex 31 33.3657 15.2343
      vertex 31 35.6343 15.2343
      vertex 31 35.7298 15.1528
    endloop
  endfacet
  facet normal -1 0 0
    outer loop
      vertex 31 33.2702 15.1528
      vertex 31 35.7298 15.1528
      vertex 31 35.8368 15.0872
    endloop
  endfacet
  facet normal -1 0 -0
    outer loop
      vertex 31 33.0472 15.0392
      vertex 31 35.9528 15.0392
      vertex 31 32.9251 15.0098
    endloop
  endfacet
  facet normal -1 0 0
    outer loop
      vertex 31 35.4099 15.6749
      vertex 31 33.5901 15.6749
      vertex 31 33.6 15.8
    endloop
  endfacet
  facet normal -1 0 0
    outer loop
      vertex 31 35.4392 15.5528
      vertex 31 33.5608 15.5528
      vertex 31 33.5901 15.6749
    endloop
  endfacet
  facet normal -1 0 0
    outer loop
      vertex 31 35.4872 15.4368
      vertex 31 33.5128 15.4368
      vertex 31 33.5608 15.5528
    endloop
  endfacet
  facet normal -1 0 0
    outer loop
      vertex 31 35.5528 15.3298
      vertex 31 33.4472 15.3298
      vertex 31 33.5128 15.4368
    endloop
  endfacet
  facet normal -1 0 0
    outer loop
      vertex 31 35.6343 15.2343
      vertex 31 33.3657 15.2343
      vertex 31 33.4472 15.3298
    endloop
  endfacet
  facet normal -1 0 0
    outer loop
      vertex 31 35.7298 15.1528
      vertex 31 33.2702 15.1528
      vertex 31 33.3657 15.2343
    endloop
  endfacet
  facet normal -1 0 0
    outer loop
      vertex 31 35.8368 15.0872
      vertex 31 33.1632 15.0872
      vertex 31 33.2702 15.1528
    endloop
  endfacet
  facet normal -1 -0 0
    outer loop
      vertex 31 35.8368 15.0872
      vertex 31 33.0472 15.0392
      vertex 31 33.1632 15.0872
    endloop
  endfacet
  facet normal -1 0 0
    outer loop
      vertex 31 35.9528 15.0392
      vertex 31 33.0472 15.0392
      vertex 31 35.8368 15.0872
    endloop
  endfacet
  facet normal -1 0 0
    outer loop
      vertex 31 42.4 11.6
      vertex 31 32.8 15
      vertex 31 32.9251 15.0098
    endloop
  endfacet
  facet normal -1 0 0
    outer loop
      vertex 31 42.4 11.6
      vertex 31 32.6749 15.0098
      vertex 31 32.8 15
    endloop
  endfacet
  facet normal -1 0 0
    outer loop
      vertex 31 29.5251 15.0098
      vertex 31 32.6749 15.0098
      vertex 31 42.4 11.6
    endloop
  endfacet
  facet normal -1 0 0
    outer loop
      vertex 31 32 15.8
      vertex 31 30.2 15.8
      vertex 31 32 28.2
    endloop
  endfacet
  facet normal -1 0 0
    outer loop
      vertex 31 32.0098 15.6749
      vertex 31 30.2 15.8
      vertex 31 32 15.8
    endloop
  endfacet
  facet normal -1 0 0
    outer loop
      vertex 31 30.1902 15.6749
      vertex 31 32.0098 15.6749
      vertex 31 32.0392 15.5528
    endloop
  endfacet
  facet normal -1 0 0
    outer loop
      vertex 31 30.1608 15.5528
      vertex 31 32.0392 15.5528
      vertex 31 32.0872 15.4368
    endloop
  endfacet
  facet normal -1 0 0
    outer loop
      vertex 31 30.1128 15.4368
      vertex 31 32.0872 15.4368
      vertex 31 32.1528 15.3298
    endloop
  endfacet
  facet normal -1 0 0
    outer loop
      vertex 31 30.0472 15.3298
      vertex 31 32.1528 15.3298
      vertex 31 32.2343 15.2343
    endloop
  endfacet
  facet normal -1 0 0
    outer loop
      vertex 31 29.9657 15.2343
      vertex 31 32.2343 15.2343
      vertex 31 32.3298 15.1528
    endloop
  endfacet
  facet normal -1 0 0
    outer loop
      vertex 31 29.8702 15.1528
      vertex 31 32.3298 15.1528
      vertex 31 32.4368 15.0872
    endloop
  endfacet
  facet normal -1 0 0
    outer loop
      vertex 31 29.7632 15.0872
      vertex 31 32.4368 15.0872
      vertex 31 32.5528 15.0392
    endloop
  endfacet
  facet normal -1 0 0
    outer loop
      vertex 31 32.6749 15.0098
      vertex 31 29.5251 15.0098
      vertex 31 32.5528 15.0392
    endloop
  endfacet
  facet normal -1 0 0
    outer loop
      vertex 31 32.0098 15.6749
      vertex 31 30.1902 15.6749
      vertex 31 30.2 15.8
    endloop
  endfacet
  facet normal -1 0 0
    outer loop
      vertex 31 32.0392 15.5528
      vertex 31 30.1608 15.5528
      vertex 31 30.1902 15.6749
    endloop
  endfacet
  facet normal -1 0 0
    outer loop
      vertex 31 32.0872 15.4368
      vertex 31 30.1128 15.4368
      vertex 31 30.1608 15.5528
    endloop
  endfacet
  facet normal -1 0 0
    outer loop
      vertex 31 32.1528 15.3298
      vertex 31 30.0472 15.3298
      vertex 31 30.1128 15.4368
    endloop
  endfacet
  facet normal -1 0 0
    outer loop
      vertex 31 32.2343 15.2343
      vertex 31 29.9657 15.2343
      vertex 31 30.0472 15.3298
    endloop
  endfacet
  facet normal -1 0 0
    outer loop
      vertex 31 32.3298 15.1528
      vertex 31 29.8702 15.1528
      vertex 31 29.9657 15.2343
    endloop
  endfacet
  facet normal -1 0 0
    outer loop
      vertex 31 32.4368 15.0872
      vertex 31 29.7632 15.0872
      vertex 31 29.8702 15.1528
    endloop
  endfacet
  facet normal -1 0 0
    outer loop
      vertex 31 32.5528 15.0392
      vertex 31 29.6472 15.0392
      vertex 31 29.7632 15.0872
    endloop
  endfacet
  facet normal -1 -0 0
    outer loop
      vertex 31 32.5528 15.0392
      vertex 31 29.5251 15.0098
      vertex 31 29.6472 15.0392
    endloop
  endfacet
  facet normal -1 0 0
    outer loop
      vertex 31 42.4 11.6
      vertex 31 29.4 15
      vertex 31 29.5251 15.0098
    endloop
  endfacet
  facet normal -1 0 0
    outer loop
      vertex 31 26 15
      vertex 31 29.4 15
      vertex 31 42.4 11.6
    endloop
  endfacet
  facet normal -1 0 0
    outer loop
      vertex 31 29.4 15
      vertex 31 26 15
      vertex 31 29.2749 15.0098
    endloop
  endfacet
  facet normal -1 0 0
    outer loop
      vertex 31 28.6 15.8
      vertex 31 26.8 15.8
      vertex 31 28.6 28.2
    endloop
  endfacet
  facet normal -1 0 0
    outer loop
      vertex 31 28.6098 15.6749
      vertex 31 26.8 15.8
      vertex 31 28.6 15.8
    endloop
  endfacet
  facet normal -1 0 0
    outer loop
      vertex 31 26.7901 15.6749
      vertex 31 28.6098 15.6749
      vertex 31 28.6392 15.5528
    endloop
  endfacet
  facet normal -1 0 0
    outer loop
      vertex 31 26.7608 15.5528
      vertex 31 28.6392 15.5528
      vertex 31 28.6872 15.4368
    endloop
  endfacet
  facet normal -1 0 0
    outer loop
      vertex 31 26.7128 15.4368
      vertex 31 28.6872 15.4368
      vertex 31 28.7528 15.3298
    endloop
  endfacet
  facet normal -1 0 0
    outer loop
      vertex 31 26.6472 15.3298
      vertex 31 28.7528 15.3298
      vertex 31 28.8343 15.2343
    endloop
  endfacet
  facet normal -1 0 0
    outer loop
      vertex 31 26.5657 15.2343
      vertex 31 28.8343 15.2343
      vertex 31 28.9298 15.1528
    endloop
  endfacet
  facet normal -1 0 0
    outer loop
      vertex 31 26.4702 15.1528
      vertex 31 28.9298 15.1528
      vertex 31 29.0368 15.0872
    endloop
  endfacet
  facet normal -1 0 0
    outer loop
      vertex 31 26.3632 15.0872
      vertex 31 29.0368 15.0872
      vertex 31 29.1528 15.0392
    endloop
  endfacet
  facet normal -1 0 0
    outer loop
      vertex 31 28.6098 15.6749
      vertex 31 26.7901 15.6749
      vertex 31 26.8 15.8
    endloop
  endfacet
  facet normal -1 0 0
    outer loop
      vertex 31 28.6392 15.5528
      vertex 31 26.7608 15.5528
      vertex 31 26.7901 15.6749
    endloop
  endfacet
  facet normal -1 0 -0
    outer loop
      vertex 31 26.1251 15.0098
      vertex 31 29.2749 15.0098
      vertex 31 26 15
    endloop
  endfacet
  facet normal -1 0 0
    outer loop
      vertex 31 28.6872 15.4368
      vertex 31 26.7128 15.4368
      vertex 31 26.7608 15.5528
    endloop
  endfacet
  facet normal -1 0 0
    outer loop
      vertex 31 28.7528 15.3298
      vertex 31 26.6472 15.3298
      vertex 31 26.7128 15.4368
    endloop
  endfacet
  facet normal -1 0 0
    outer loop
      vertex 31 28.8343 15.2343
      vertex 31 26.5657 15.2343
      vertex 31 26.6472 15.3298
    endloop
  endfacet
  facet normal -1 0 0
    outer loop
      vertex 31 28.9298 15.1528
      vertex 31 26.4702 15.1528
      vertex 31 26.5657 15.2343
    endloop
  endfacet
  facet normal -1 0 0
    outer loop
      vertex 31 29.0368 15.0872
      vertex 31 26.3632 15.0872
      vertex 31 26.4702 15.1528
    endloop
  endfacet
  facet normal -1 0 0
    outer loop
      vertex 31 29.1528 15.0392
      vertex 31 26.2472 15.0392
      vertex 31 26.3632 15.0872
    endloop
  endfacet
  facet normal -1 -0 0
    outer loop
      vertex 31 29.1528 15.0392
      vertex 31 26.1251 15.0098
      vertex 31 26.2472 15.0392
    endloop
  endfacet
  facet normal -1 0 0
    outer loop
      vertex 31 29.2749 15.0098
      vertex 31 26.1251 15.0098
      vertex 31 29.1528 15.0392
    endloop
  endfacet
  facet normal -1 0 0
    outer loop
      vertex 31 11.6 11.6
      vertex 31 26 15
      vertex 31 42.4 11.6
    endloop
  endfacet
  facet normal -1 0 0
    outer loop
      vertex 31 25.2 15.8
      vertex 31 23.4 15.8
      vertex 31 25.2 28.2
    endloop
  endfacet
  facet normal -1 0 0
    outer loop
      vertex 31 25.2098 15.6749
      vertex 31 23.4 15.8
      vertex 31 25.2 15.8
    endloop
  endfacet
  facet normal -1 0 0
    outer loop
      vertex 31 23.3902 15.6749
      vertex 31 25.2098 15.6749
      vertex 31 25.2392 15.5528
    endloop
  endfacet
  facet normal -1 0 0
    outer loop
      vertex 31 23.3608 15.5528
      vertex 31 25.2392 15.5528
      vertex 31 25.2872 15.4368
    endloop
  endfacet
  facet normal -1 0 0
    outer loop
      vertex 31 23.3128 15.4368
      vertex 31 25.2872 15.4368
      vertex 31 25.3528 15.3298
    endloop
  endfacet
  facet normal -1 0 0
    outer loop
      vertex 31 23.2472 15.3298
      vertex 31 25.3528 15.3298
      vertex 31 25.4343 15.2343
    endloop
  endfacet
  facet normal -1 0 0
    outer loop
      vertex 31 23.1657 15.2343
      vertex 31 25.4343 15.2343
      vertex 31 25.5298 15.1528
    endloop
  endfacet
  facet normal -1 0 0
    outer loop
      vertex 31 23.0702 15.1528
      vertex 31 25.5298 15.1528
      vertex 31 25.6368 15.0872
    endloop
  endfacet
  facet normal -1 0 0
    outer loop
      vertex 31 22.9632 15.0872
      vertex 31 25.6368 15.0872
      vertex 31 25.7528 15.0392
    endloop
  endfacet
  facet normal -1 0 0
    outer loop
      vertex 31 25.2098 15.6749
      vertex 31 23.3902 15.6749
      vertex 31 23.4 15.8
    endloop
  endfacet
  facet normal -1 0 0
    outer loop
      vertex 31 25.2392 15.5528
      vertex 31 23.3608 15.5528
      vertex 31 23.3902 15.6749
    endloop
  endfacet
  facet normal -1 0 0
    outer loop
      vertex 31 22.8472 15.0392
      vertex 31 25.7528 15.0392
      vertex 31 25.8749 15.0098
    endloop
  endfacet
  facet normal -1 0 0
    outer loop
      vertex 31 25.2872 15.4368
      vertex 31 23.3128 15.4368
      vertex 31 23.3608 15.5528
    endloop
  endfacet
  facet normal -1 0 -0
    outer loop
      vertex 31 22.6 15
      vertex 31 26 15
      vertex 31 11.6 11.6
    endloop
  endfacet
  facet normal -1 0 0
    outer loop
      vertex 31 25.3528 15.3298
      vertex 31 23.2472 15.3298
      vertex 31 23.3128 15.4368
    endloop
  endfacet
  facet normal -1 0 0
    outer loop
      vertex 31 25.4343 15.2343
      vertex 31 23.1657 15.2343
      vertex 31 23.2472 15.3298
    endloop
  endfacet
  facet normal -1 0 0
    outer loop
      vertex 31 25.5298 15.1528
      vertex 31 23.0702 15.1528
      vertex 31 23.1657 15.2343
    endloop
  endfacet
  facet normal -1 0 0
    outer loop
      vertex 31 25.6368 15.0872
      vertex 31 22.9632 15.0872
      vertex 31 23.0702 15.1528
    endloop
  endfacet
  facet normal -1 0 0
    outer loop
      vertex 31 25.7528 15.0392
      vertex 31 22.8472 15.0392
      vertex 31 22.9632 15.0872
    endloop
  endfacet
  facet normal -1 0 0
    outer loop
      vertex 31 25.8749 15.0098
      vertex 31 22.7251 15.0098
      vertex 31 22.8472 15.0392
    endloop
  endfacet
  facet normal -1 0 0
    outer loop
      vertex 31 26 15
      vertex 31 22.6 15
      vertex 31 25.8749 15.0098
    endloop
  endfacet
  facet normal -1 -0 0
    outer loop
      vertex 31 25.8749 15.0098
      vertex 31 22.6 15
      vertex 31 22.7251 15.0098
    endloop
  endfacet
  facet normal -1 0 0
    outer loop
      vertex 31 21.8 15.8
      vertex 31 20 15.8
      vertex 31 21.8 28.2
    endloop
  endfacet
  facet normal -1 0 0
    outer loop
      vertex 31 21.8098 15.6749
      vertex 31 20 15.8
      vertex 31 21.8 15.8
    endloop
  endfacet
  facet normal -1 0 0
    outer loop
      vertex 31 19.9902 15.6749
      vertex 31 21.8098 15.6749
      vertex 31 21.8392 15.5528
    endloop
  endfacet
  facet normal -1 0 0
    outer loop
      vertex 31 19.9608 15.5528
      vertex 31 21.8392 15.5528
      vertex 31 21.8872 15.4368
    endloop
  endfacet
  facet normal -1 0 0
    outer loop
      vertex 31 19.9128 15.4368
      vertex 31 21.8872 15.4368
      vertex 31 21.9528 15.3298
    endloop
  endfacet
  facet normal -1 0 0
    outer loop
      vertex 31 19.8472 15.3298
      vertex 31 21.9528 15.3298
      vertex 31 22.0343 15.2343
    endloop
  endfacet
  facet normal -1 0 0
    outer loop
      vertex 31 19.7657 15.2343
      vertex 31 22.0343 15.2343
      vertex 31 22.1298 15.1528
    endloop
  endfacet
  facet normal -1 0 0
    outer loop
      vertex 31 19.6702 15.1528
      vertex 31 22.1298 15.1528
      vertex 31 22.2368 15.0872
    endloop
  endfacet
  facet normal -1 0 0
    outer loop
      vertex 31 19.5632 15.0872
      vertex 31 22.2368 15.0872
      vertex 31 22.3528 15.0392
    endloop
  endfacet
  facet normal -1 0 0
    outer loop
      vertex 31 21.8098 15.6749
      vertex 31 19.9902 15.6749
      vertex 31 20 15.8
    endloop
  endfacet
  facet normal -1 0 0
    outer loop
      vertex 31 21.8392 15.5528
      vertex 31 19.9608 15.5528
      vertex 31 19.9902 15.6749
    endloop
  endfacet
  facet normal -1 0 0
    outer loop
      vertex 31 19.4472 15.0392
      vertex 31 22.3528 15.0392
      vertex 31 22.4749 15.0098
    endloop
  endfacet
  facet normal -1 0 0
    outer loop
      vertex 31 21.8872 15.4368
      vertex 31 19.9128 15.4368
      vertex 31 19.9608 15.5528
    endloop
  endfacet
  facet normal -1 -0 0
    outer loop
      vertex 31 22.6 15
      vertex 31 11.6 11.6
      vertex 31 22.4749 15.0098
    endloop
  endfacet
  facet normal -1 0 0
    outer loop
      vertex 31 21.9528 15.3298
      vertex 31 19.8472 15.3298
      vertex 31 19.9128 15.4368
    endloop
  endfacet
  facet normal -1 0 0
    outer loop
      vertex 31 22.0343 15.2343
      vertex 31 19.7657 15.2343
      vertex 31 19.8472 15.3298
    endloop
  endfacet
  facet normal -1 0 0
    outer loop
      vertex 31 22.1298 15.1528
      vertex 31 19.6702 15.1528
      vertex 31 19.7657 15.2343
    endloop
  endfacet
  facet normal -1 0 0
    outer loop
      vertex 31 22.2368 15.0872
      vertex 31 19.5632 15.0872
      vertex 31 19.6702 15.1528
    endloop
  endfacet
  facet normal -1 0 0
    outer loop
      vertex 31 22.3528 15.0392
      vertex 31 19.4472 15.0392
      vertex 31 19.5632 15.0872
    endloop
  endfacet
  facet normal -1 0 -0
    outer loop
      vertex 31 19.3251 15.0098
      vertex 31 22.4749 15.0098
      vertex 31 11.6 11.6
    endloop
  endfacet
  facet normal -1 0 0
    outer loop
      vertex 31 22.4749 15.0098
      vertex 31 19.3251 15.0098
      vertex 31 19.4472 15.0392
    endloop
  endfacet
  facet normal -1 0 0
    outer loop
      vertex 31 19.3251 15.0098
      vertex 31 11.6 11.6
      vertex 31 19.2 15
    endloop
  endfacet
  facet normal -1 0 0
    outer loop
      vertex 31 18.4 15.8
      vertex 31 16.6 15.8
      vertex 31 18.4 28.2
    endloop
  endfacet
  facet normal -1 0 0
    outer loop
      vertex 31 18.4098 15.6749
      vertex 31 16.6 15.8
      vertex 31 18.4 15.8
    endloop
  endfacet
  facet normal -1 0 0
    outer loop
      vertex 31 16.5901 15.6749
      vertex 31 18.4098 15.6749
      vertex 31 18.4392 15.5528
    endloop
  endfacet
  facet normal -1 0 0
    outer loop
      vertex 31 16.5608 15.5528
      vertex 31 18.4392 15.5528
      vertex 31 18.4872 15.4368
    endloop
  endfacet
  facet normal -1 0 0
    outer loop
      vertex 31 16.5128 15.4368
      vertex 31 18.4872 15.4368
      vertex 31 18.5528 15.3298
    endloop
  endfacet
  facet normal -1 0 0
    outer loop
      vertex 31 16.4472 15.3298
      vertex 31 18.5528 15.3298
      vertex 31 18.6343 15.2343
    endloop
  endfacet
  facet normal -1 0 0
    outer loop
      vertex 31 16.3657 15.2343
      vertex 31 18.6343 15.2343
      vertex 31 18.7298 15.1528
    endloop
  endfacet
  facet normal -1 0 0
    outer loop
      vertex 31 16.2702 15.1528
      vertex 31 18.7298 15.1528
      vertex 31 18.8368 15.0872
    endloop
  endfacet
  facet normal -1 0 0
    outer loop
      vertex 31 16.1632 15.0872
      vertex 31 18.8368 15.0872
      vertex 31 18.9528 15.0392
    endloop
  endfacet
  facet normal -1 0 0
    outer loop
      vertex 31 18.4098 15.6749
      vertex 31 16.5901 15.6749
      vertex 31 16.6 15.8
    endloop
  endfacet
  facet normal -1 0 0
    outer loop
      vertex 31 18.4392 15.5528
      vertex 31 16.5608 15.5528
      vertex 31 16.5901 15.6749
    endloop
  endfacet
  facet normal -1 0 0
    outer loop
      vertex 31 16.0472 15.0392
      vertex 31 18.9528 15.0392
      vertex 31 19.0749 15.0098
    endloop
  endfacet
  facet normal -1 0 0
    outer loop
      vertex 31 18.4872 15.4368
      vertex 31 16.5128 15.4368
      vertex 31 16.5608 15.5528
    endloop
  endfacet
  facet normal -1 0 0
    outer loop
      vertex 31 18.5528 15.3298
      vertex 31 16.4472 15.3298
      vertex 31 16.5128 15.4368
    endloop
  endfacet
  facet normal -1 -0 0
    outer loop
      vertex 31 19.2 15
      vertex 31 11.6 11.6
      vertex 31 19.0749 15.0098
    endloop
  endfacet
  facet normal -1 0 0
    outer loop
      vertex 31 18.6343 15.2343
      vertex 31 16.3657 15.2343
      vertex 31 16.4472 15.3298
    endloop
  endfacet
  facet normal -1 0 0
    outer loop
      vertex 31 18.7298 15.1528
      vertex 31 16.2702 15.1528
      vertex 31 16.3657 15.2343
    endloop
  endfacet
  facet normal -1 0 0
    outer loop
      vertex 31 18.8368 15.0872
      vertex 31 16.1632 15.0872
      vertex 31 16.2702 15.1528
    endloop
  endfacet
  facet normal -1 0 -0
    outer loop
      vertex 31 16.0472 15.0392
      vertex 31 19.0749 15.0098
      vertex 31 11.6 11.6
    endloop
  endfacet
  facet normal -1 0 0
    outer loop
      vertex 31 18.9528 15.0392
      vertex 31 16.0472 15.0392
      vertex 31 16.1632 15.0872
    endloop
  endfacet
  facet normal -1 0 0
    outer loop
      vertex 31 16.0472 15.0392
      vertex 31 11.6 11.6
      vertex 31 15.9251 15.0098
    endloop
  endfacet
  facet normal -1 0 0
    outer loop
      vertex 31 15.9251 15.0098
      vertex 31 11.6 11.6
      vertex 31 15.8 15
    endloop
  endfacet
  facet normal -1 -0 0
    outer loop
      vertex 31 15 15.8
      vertex 31 11.6 11.6
      vertex 31 15 28.2
    endloop
  endfacet
  facet normal -1 -0 0
    outer loop
      vertex 31 15.0098 15.6749
      vertex 31 11.6 11.6
      vertex 31 15 15.8
    endloop
  endfacet
  facet normal -1 -0 0
    outer loop
      vertex 31 15.0392 15.5528
      vertex 31 11.6 11.6
      vertex 31 15.0098 15.6749
    endloop
  endfacet
  facet normal -1 -0 0
    outer loop
      vertex 31 15.0872 15.4368
      vertex 31 11.6 11.6
      vertex 31 15.0392 15.5528
    endloop
  endfacet
  facet normal -1 -0 0
    outer loop
      vertex 31 15.1528 15.3298
      vertex 31 11.6 11.6
      vertex 31 15.0872 15.4368
    endloop
  endfacet
  facet normal -1 -0 0
    outer loop
      vertex 31 15.2343 15.2343
      vertex 31 11.6 11.6
      vertex 31 15.1528 15.3298
    endloop
  endfacet
  facet normal -1 -0 0
    outer loop
      vertex 31 15.3298 15.1528
      vertex 31 11.6 11.6
      vertex 31 15.2343 15.2343
    endloop
  endfacet
  facet normal -1 -0 0
    outer loop
      vertex 31 15.4368 15.0872
      vertex 31 11.6 11.6
      vertex 31 15.3298 15.1528
    endloop
  endfacet
  facet normal -1 -0 0
    outer loop
      vertex 31 15.5528 15.0392
      vertex 31 11.6 11.6
      vertex 31 15.4368 15.0872
    endloop
  endfacet
  facet normal -1 -0 0
    outer loop
      vertex 31 15.6749 15.0098
      vertex 31 11.6 11.6
      vertex 31 15.5528 15.0392
    endloop
  endfacet
  facet normal -1 -0 0
    outer loop
      vertex 31 15.8 15
      vertex 31 11.6 11.6
      vertex 31 15.6749 15.0098
    endloop
  endfacet
  facet normal -1 0 0
    outer loop
      vertex 31 40.4 28.2
      vertex 31 42.4 32.4
      vertex 31 40.4 15.8
    endloop
  endfacet
  facet normal -1 0 0
    outer loop
      vertex 31 40.3902 28.3251
      vertex 31 42.4 32.4
      vertex 31 40.4 28.2
    endloop
  endfacet
  facet normal -1 0 0
    outer loop
      vertex 31 40.3608 28.4472
      vertex 31 42.4 32.4
      vertex 31 40.3902 28.3251
    endloop
  endfacet
  facet normal -1 0 0
    outer loop
      vertex 31 40.3128 28.5632
      vertex 31 42.4 32.4
      vertex 31 40.3608 28.4472
    endloop
  endfacet
  facet normal -1 0 0
    outer loop
      vertex 31 40.2472 28.6702
      vertex 31 42.4 32.4
      vertex 31 40.3128 28.5632
    endloop
  endfacet
  facet normal -1 0 0
    outer loop
      vertex 31 40.1657 28.7657
      vertex 31 42.4 32.4
      vertex 31 40.2472 28.6702
    endloop
  endfacet
  facet normal -1 0 0
    outer loop
      vertex 31 40.0702 28.8472
      vertex 31 42.4 32.4
      vertex 31 40.1657 28.7657
    endloop
  endfacet
  facet normal -1 0 0
    outer loop
      vertex 31 39.9632 28.9128
      vertex 31 42.4 32.4
      vertex 31 40.0702 28.8472
    endloop
  endfacet
  facet normal -1 0 0
    outer loop
      vertex 31 39.8472 28.9608
      vertex 31 42.4 32.4
      vertex 31 39.9632 28.9128
    endloop
  endfacet
  facet normal -1 0 0
    outer loop
      vertex 31 39.7251 28.9902
      vertex 31 42.4 32.4
      vertex 31 39.8472 28.9608
    endloop
  endfacet
  facet normal -1 0 0
    outer loop
      vertex 31 39.6 29
      vertex 31 42.4 32.4
      vertex 31 39.7251 28.9902
    endloop
  endfacet
  facet normal -1 0 0
    outer loop
      vertex 31 39.4749 28.9902
      vertex 31 42.4 32.4
      vertex 31 39.6 29
    endloop
  endfacet
  facet normal -1 0 0
    outer loop
      vertex 31 39.3528 28.9608
      vertex 31 42.4 32.4
      vertex 31 39.4749 28.9902
    endloop
  endfacet
  facet normal -1 0 0
    outer loop
      vertex 31 36.4472 28.9608
      vertex 31 39.3528 28.9608
      vertex 31 39.2368 28.9128
    endloop
  endfacet
  facet normal -1 0 0
    outer loop
      vertex 31 36.5632 28.9128
      vertex 31 39.2368 28.9128
      vertex 31 39.1298 28.8472
    endloop
  endfacet
  facet normal -1 0 0
    outer loop
      vertex 31 36.6702 28.8472
      vertex 31 39.1298 28.8472
      vertex 31 39.0343 28.7657
    endloop
  endfacet
  facet normal -1 0 0
    outer loop
      vertex 31 37 28.2
      vertex 31 38.8 28.2
      vertex 31 37 15.8
    endloop
  endfacet
  facet normal -1 0 0
    outer loop
      vertex 31 38.8 28.2
      vertex 31 37 28.2
      vertex 31 38.8098 28.3251
    endloop
  endfacet
  facet normal -1 0 0
    outer loop
      vertex 31 36.9902 28.3251
      vertex 31 38.8098 28.3251
      vertex 31 37 28.2
    endloop
  endfacet
  facet normal -1 0 0
    outer loop
      vertex 31 38.8098 28.3251
      vertex 31 36.9902 28.3251
      vertex 31 38.8392 28.4472
    endloop
  endfacet
  facet normal -1 0 0
    outer loop
      vertex 31 36.9608 28.4472
      vertex 31 38.8392 28.4472
      vertex 31 36.9902 28.3251
    endloop
  endfacet
  facet normal -1 0 0
    outer loop
      vertex 31 38.8392 28.4472
      vertex 31 36.9608 28.4472
      vertex 31 38.8872 28.5632
    endloop
  endfacet
  facet normal -1 0 0
    outer loop
      vertex 31 36.9128 28.5632
      vertex 31 38.8872 28.5632
      vertex 31 36.9608 28.4472
    endloop
  endfacet
  facet normal -1 0 0
    outer loop
      vertex 31 38.8872 28.5632
      vertex 31 36.9128 28.5632
      vertex 31 38.9528 28.6702
    endloop
  endfacet
  facet normal -1 0 0
    outer loop
      vertex 31 36.8472 28.6702
      vertex 31 38.9528 28.6702
      vertex 31 36.9128 28.5632
    endloop
  endfacet
  facet normal -1 0 0
    outer loop
      vertex 31 38.9528 28.6702
      vertex 31 36.8472 28.6702
      vertex 31 39.0343 28.7657
    endloop
  endfacet
  facet normal -1 0 0
    outer loop
      vertex 31 36.7657 28.7657
      vertex 31 39.0343 28.7657
      vertex 31 36.8472 28.6702
    endloop
  endfacet
  facet normal -1 0 0
    outer loop
      vertex 31 36.6702 28.8472
      vertex 31 39.0343 28.7657
      vertex 31 36.7657 28.7657
    endloop
  endfacet
  facet normal -1 0 0
    outer loop
      vertex 31 39.1298 28.8472
      vertex 31 36.6702 28.8472
      vertex 31 36.5632 28.9128
    endloop
  endfacet
  facet normal -1 0 0
    outer loop
      vertex 31 39.2368 28.9128
      vertex 31 36.5632 28.9128
      vertex 31 36.4472 28.9608
    endloop
  endfacet
  facet normal -1 0 0
    outer loop
      vertex 31 39.3528 28.9608
      vertex 31 36.4472 28.9608
      vertex 31 42.4 32.4
    endloop
  endfacet
  facet normal -1 0 0
    outer loop
      vertex 31 36.3251 28.9902
      vertex 31 42.4 32.4
      vertex 31 36.4472 28.9608
    endloop
  endfacet
  facet normal -1 0 0
    outer loop
      vertex 31 36.2 29
      vertex 31 42.4 32.4
      vertex 31 36.3251 28.9902
    endloop
  endfacet
  facet normal -1 0 0
    outer loop
      vertex 31 36.0749 28.9902
      vertex 31 42.4 32.4
      vertex 31 36.2 29
    endloop
  endfacet
  facet normal -1 0 0
    outer loop
      vertex 31 32.9251 28.9902
      vertex 31 36.0749 28.9902
      vertex 31 35.9528 28.9608
    endloop
  endfacet
  facet normal -1 0 0
    outer loop
      vertex 31 33.0472 28.9608
      vertex 31 35.9528 28.9608
      vertex 31 35.8368 28.9128
    endloop
  endfacet
  facet normal -1 0 0
    outer loop
      vertex 31 33.6 28.2
      vertex 31 35.4 28.2
      vertex 31 33.6 15.8
    endloop
  endfacet
  facet normal -1 0 0
    outer loop
      vertex 31 35.4 28.2
      vertex 31 33.6 28.2
      vertex 31 35.4099 28.3251
    endloop
  endfacet
  facet normal -1 0 0
    outer loop
      vertex 31 33.5901 28.3251
      vertex 31 35.4099 28.3251
      vertex 31 33.6 28.2
    endloop
  endfacet
  facet normal -1 0 0
    outer loop
      vertex 31 35.4099 28.3251
      vertex 31 33.5901 28.3251
      vertex 31 35.4392 28.4472
    endloop
  endfacet
  facet normal -1 0 0
    outer loop
      vertex 31 33.5608 28.4472
      vertex 31 35.4392 28.4472
      vertex 31 33.5901 28.3251
    endloop
  endfacet
  facet normal -1 0 0
    outer loop
      vertex 31 35.4392 28.4472
      vertex 31 33.5608 28.4472
      vertex 31 35.4872 28.5632
    endloop
  endfacet
  facet normal -1 0 0
    outer loop
      vertex 31 33.5128 28.5632
      vertex 31 35.4872 28.5632
      vertex 31 33.5608 28.4472
    endloop
  endfacet
  facet normal -1 0 0
    outer loop
      vertex 31 35.4872 28.5632
      vertex 31 33.5128 28.5632
      vertex 31 35.5528 28.6702
    endloop
  endfacet
  facet normal -1 0 0
    outer loop
      vertex 31 33.4472 28.6702
      vertex 31 35.5528 28.6702
      vertex 31 33.5128 28.5632
    endloop
  endfacet
  facet normal -1 0 0
    outer loop
      vertex 31 35.5528 28.6702
      vertex 31 33.4472 28.6702
      vertex 31 35.6343 28.7657
    endloop
  endfacet
  facet normal -1 0 0
    outer loop
      vertex 31 33.3657 28.7657
      vertex 31 35.6343 28.7657
      vertex 31 33.4472 28.6702
    endloop
  endfacet
  facet normal -1 0 0
    outer loop
      vertex 31 35.6343 28.7657
      vertex 31 33.3657 28.7657
      vertex 31 35.7298 28.8472
    endloop
  endfacet
  facet normal -1 0 0
    outer loop
      vertex 31 33.2702 28.8472
      vertex 31 35.7298 28.8472
      vertex 31 33.3657 28.7657
    endloop
  endfacet
  facet normal -1 0 0
    outer loop
      vertex 31 35.7298 28.8472
      vertex 31 33.2702 28.8472
      vertex 31 35.8368 28.9128
    endloop
  endfacet
  facet normal -1 0 0
    outer loop
      vertex 31 33.1632 28.9128
      vertex 31 35.8368 28.9128
      vertex 31 33.2702 28.8472
    endloop
  endfacet
  facet normal -1 0 0
    outer loop
      vertex 31 33.0472 28.9608
      vertex 31 35.8368 28.9128
      vertex 31 33.1632 28.9128
    endloop
  endfacet
  facet normal -1 0 0
    outer loop
      vertex 31 35.9528 28.9608
      vertex 31 33.0472 28.9608
      vertex 31 32.9251 28.9902
    endloop
  endfacet
  facet normal -1 0 0
    outer loop
      vertex 31 36.0749 28.9902
      vertex 31 32.9251 28.9902
      vertex 31 42.4 32.4
    endloop
  endfacet
  facet normal -1 0 0
    outer loop
      vertex 31 32.8 29
      vertex 31 42.4 32.4
      vertex 31 32.9251 28.9902
    endloop
  endfacet
  facet normal -1 0 0
    outer loop
      vertex 31 32.6749 28.9902
      vertex 31 42.4 32.4
      vertex 31 32.8 29
    endloop
  endfacet
  facet normal -1 0 0
    outer loop
      vertex 31 29.5251 28.9902
      vertex 31 32.6749 28.9902
      vertex 31 32.5528 28.9608
    endloop
  endfacet
  facet normal -1 0 0
    outer loop
      vertex 31 30.2 28.2
      vertex 31 32 28.2
      vertex 31 30.2 15.8
    endloop
  endfacet
  facet normal -1 0 0
    outer loop
      vertex 31 32 28.2
      vertex 31 30.2 28.2
      vertex 31 32.0098 28.3251
    endloop
  endfacet
  facet normal -1 0 0
    outer loop
      vertex 31 30.1902 28.3251
      vertex 31 32.0098 28.3251
      vertex 31 30.2 28.2
    endloop
  endfacet
  facet normal -1 0 0
    outer loop
      vertex 31 32.0098 28.3251
      vertex 31 30.1902 28.3251
      vertex 31 32.0392 28.4472
    endloop
  endfacet
  facet normal -1 0 0
    outer loop
      vertex 31 30.1608 28.4472
      vertex 31 32.0392 28.4472
      vertex 31 30.1902 28.3251
    endloop
  endfacet
  facet normal -1 0 0
    outer loop
      vertex 31 32.0392 28.4472
      vertex 31 30.1608 28.4472
      vertex 31 32.0872 28.5632
    endloop
  endfacet
  facet normal -1 0 0
    outer loop
      vertex 31 30.1128 28.5632
      vertex 31 32.0872 28.5632
      vertex 31 30.1608 28.4472
    endloop
  endfacet
  facet normal -1 0 0
    outer loop
      vertex 31 32.0872 28.5632
      vertex 31 30.1128 28.5632
      vertex 31 32.1528 28.6702
    endloop
  endfacet
  facet normal -1 0 0
    outer loop
      vertex 31 30.0472 28.6702
      vertex 31 32.1528 28.6702
      vertex 31 30.1128 28.5632
    endloop
  endfacet
  facet normal -1 0 0
    outer loop
      vertex 31 32.1528 28.6702
      vertex 31 30.0472 28.6702
      vertex 31 32.2343 28.7657
    endloop
  endfacet
  facet normal -1 0 0
    outer loop
      vertex 31 29.9657 28.7657
      vertex 31 32.2343 28.7657
      vertex 31 30.0472 28.6702
    endloop
  endfacet
  facet normal -1 0 0
    outer loop
      vertex 31 32.2343 28.7657
      vertex 31 29.9657 28.7657
      vertex 31 32.3298 28.8472
    endloop
  endfacet
  facet normal -1 0 0
    outer loop
      vertex 31 29.8702 28.8472
      vertex 31 32.3298 28.8472
      vertex 31 29.9657 28.7657
    endloop
  endfacet
  facet normal -1 0 0
    outer loop
      vertex 31 32.3298 28.8472
      vertex 31 29.8702 28.8472
      vertex 31 32.4368 28.9128
    endloop
  endfacet
  facet normal -1 0 0
    outer loop
      vertex 31 29.7632 28.9128
      vertex 31 32.4368 28.9128
      vertex 31 29.8702 28.8472
    endloop
  endfacet
  facet normal -1 0 0
    outer loop
      vertex 31 32.4368 28.9128
      vertex 31 29.7632 28.9128
      vertex 31 32.5528 28.9608
    endloop
  endfacet
  facet normal -1 0 0
    outer loop
      vertex 31 29.6472 28.9608
      vertex 31 32.5528 28.9608
      vertex 31 29.7632 28.9128
    endloop
  endfacet
  facet normal -1 0 0
    outer loop
      vertex 31 29.5251 28.9902
      vertex 31 32.5528 28.9608
      vertex 31 29.6472 28.9608
    endloop
  endfacet
  facet normal -1 0 0
    outer loop
      vertex 31 32.6749 28.9902
      vertex 31 29.5251 28.9902
      vertex 31 42.4 32.4
    endloop
  endfacet
  facet normal -1 0 0
    outer loop
      vertex 31 29.4 29
      vertex 31 42.4 32.4
      vertex 31 29.5251 28.9902
    endloop
  endfacet
  facet normal -1 0 0
    outer loop
      vertex 31 26 29
      vertex 31 29.4 29
      vertex 31 29.2749 28.9902
    endloop
  endfacet
  facet normal -1 0 0
    outer loop
      vertex 31 26.1251 28.9902
      vertex 31 29.2749 28.9902
      vertex 31 29.1528 28.9608
    endloop
  endfacet
  facet normal -1 0 0
    outer loop
      vertex 31 26.8 28.2
      vertex 31 28.6 28.2
      vertex 31 26.8 15.8
    endloop
  endfacet
  facet normal -1 0 0
    outer loop
      vertex 31 28.6 28.2
      vertex 31 26.8 28.2
      vertex 31 28.6098 28.3251
    endloop
  endfacet
  facet normal -1 0 0
    outer loop
      vertex 31 26.7901 28.3251
      vertex 31 28.6098 28.3251
      vertex 31 26.8 28.2
    endloop
  endfacet
  facet normal -1 0 0
    outer loop
      vertex 31 28.6098 28.3251
      vertex 31 26.7901 28.3251
      vertex 31 28.6392 28.4472
    endloop
  endfacet
  facet normal -1 0 0
    outer loop
      vertex 31 26.7608 28.4472
      vertex 31 28.6392 28.4472
      vertex 31 26.7901 28.3251
    endloop
  endfacet
  facet normal -1 0 0
    outer loop
      vertex 31 28.6392 28.4472
      vertex 31 26.7608 28.4472
      vertex 31 28.6872 28.5632
    endloop
  endfacet
  facet normal -1 0 0
    outer loop
      vertex 31 26.7128 28.5632
      vertex 31 28.6872 28.5632
      vertex 31 26.7608 28.4472
    endloop
  endfacet
  facet normal -1 0 0
    outer loop
      vertex 31 28.6872 28.5632
      vertex 31 26.7128 28.5632
      vertex 31 28.7528 28.6702
    endloop
  endfacet
  facet normal -1 0 0
    outer loop
      vertex 31 26.6472 28.6702
      vertex 31 28.7528 28.6702
      vertex 31 26.7128 28.5632
    endloop
  endfacet
  facet normal -1 0 0
    outer loop
      vertex 31 28.7528 28.6702
      vertex 31 26.6472 28.6702
      vertex 31 28.8343 28.7657
    endloop
  endfacet
  facet normal -1 0 0
    outer loop
      vertex 31 26.5657 28.7657
      vertex 31 28.8343 28.7657
      vertex 31 26.6472 28.6702
    endloop
  endfacet
  facet normal -1 0 0
    outer loop
      vertex 31 28.8343 28.7657
      vertex 31 26.5657 28.7657
      vertex 31 28.9298 28.8472
    endloop
  endfacet
  facet normal -1 0 0
    outer loop
      vertex 31 26.4702 28.8472
      vertex 31 28.9298 28.8472
      vertex 31 26.5657 28.7657
    endloop
  endfacet
  facet normal -1 0 0
    outer loop
      vertex 31 28.9298 28.8472
      vertex 31 26.4702 28.8472
      vertex 31 29.0368 28.9128
    endloop
  endfacet
  facet normal -1 0 0
    outer loop
      vertex 31 26.3632 28.9128
      vertex 31 29.0368 28.9128
      vertex 31 26.4702 28.8472
    endloop
  endfacet
  facet normal -1 0 0
    outer loop
      vertex 31 29.0368 28.9128
      vertex 31 26.3632 28.9128
      vertex 31 29.1528 28.9608
    endloop
  endfacet
  facet normal -1 0 0
    outer loop
      vertex 31 26.2472 28.9608
      vertex 31 29.1528 28.9608
      vertex 31 26.3632 28.9128
    endloop
  endfacet
  facet normal -1 0 0
    outer loop
      vertex 31 26.1251 28.9902
      vertex 31 29.1528 28.9608
      vertex 31 26.2472 28.9608
    endloop
  endfacet
  facet normal -1 0 0
    outer loop
      vertex 31 29.2749 28.9902
      vertex 31 26.1251 28.9902
      vertex 31 26 29
    endloop
  endfacet
  facet normal -1 0 0
    outer loop
      vertex 31 29.4 29
      vertex 31 26 29
      vertex 31 42.4 32.4
    endloop
  endfacet
  facet normal -1 0 0
    outer loop
      vertex 31 22.6 29
      vertex 31 26 29
      vertex 31 25.8749 28.9902
    endloop
  endfacet
  facet normal -1 0 0
    outer loop
      vertex 31 23.4 28.2
      vertex 31 25.2 28.2
      vertex 31 23.4 15.8
    endloop
  endfacet
  facet normal -1 0 0
    outer loop
      vertex 31 25.2 28.2
      vertex 31 23.4 28.2
      vertex 31 25.2098 28.3251
    endloop
  endfacet
  facet normal -1 0 0
    outer loop
      vertex 31 23.3902 28.3251
      vertex 31 25.2098 28.3251
      vertex 31 23.4 28.2
    endloop
  endfacet
  facet normal -1 0 0
    outer loop
      vertex 31 25.2098 28.3251
      vertex 31 23.3902 28.3251
      vertex 31 25.2392 28.4472
    endloop
  endfacet
  facet normal -1 0 0
    outer loop
      vertex 31 23.3608 28.4472
      vertex 31 25.2392 28.4472
      vertex 31 23.3902 28.3251
    endloop
  endfacet
  facet normal -1 0 0
    outer loop
      vertex 31 25.2392 28.4472
      vertex 31 23.3608 28.4472
      vertex 31 25.2872 28.5632
    endloop
  endfacet
  facet normal -1 0 0
    outer loop
      vertex 31 23.3128 28.5632
      vertex 31 25.2872 28.5632
      vertex 31 23.3608 28.4472
    endloop
  endfacet
  facet normal -1 0 0
    outer loop
      vertex 31 25.2872 28.5632
      vertex 31 23.3128 28.5632
      vertex 31 25.3528 28.6702
    endloop
  endfacet
  facet normal -1 0 0
    outer loop
      vertex 31 23.2472 28.6702
      vertex 31 25.3528 28.6702
      vertex 31 23.3128 28.5632
    endloop
  endfacet
  facet normal -1 0 0
    outer loop
      vertex 31 25.3528 28.6702
      vertex 31 23.2472 28.6702
      vertex 31 25.4343 28.7657
    endloop
  endfacet
  facet normal -1 0 0
    outer loop
      vertex 31 23.1657 28.7657
      vertex 31 25.4343 28.7657
      vertex 31 23.2472 28.6702
    endloop
  endfacet
  facet normal -1 0 0
    outer loop
      vertex 31 25.4343 28.7657
      vertex 31 23.1657 28.7657
      vertex 31 25.5298 28.8472
    endloop
  endfacet
  facet normal -1 0 0
    outer loop
      vertex 31 23.0702 28.8472
      vertex 31 25.5298 28.8472
      vertex 31 23.1657 28.7657
    endloop
  endfacet
  facet normal -1 0 0
    outer loop
      vertex 31 25.5298 28.8472
      vertex 31 23.0702 28.8472
      vertex 31 25.6368 28.9128
    endloop
  endfacet
  facet normal -1 0 0
    outer loop
      vertex 31 22.9632 28.9128
      vertex 31 25.6368 28.9128
      vertex 31 23.0702 28.8472
    endloop
  endfacet
  facet normal -1 0 0
    outer loop
      vertex 31 25.6368 28.9128
      vertex 31 22.9632 28.9128
      vertex 31 25.7528 28.9608
    endloop
  endfacet
  facet normal -1 0 0
    outer loop
      vertex 31 22.8472 28.9608
      vertex 31 25.7528 28.9608
      vertex 31 22.9632 28.9128
    endloop
  endfacet
  facet normal -1 0 0
    outer loop
      vertex 31 25.7528 28.9608
      vertex 31 22.8472 28.9608
      vertex 31 25.8749 28.9902
    endloop
  endfacet
  facet normal -1 0 0
    outer loop
      vertex 31 22.7251 28.9902
      vertex 31 25.8749 28.9902
      vertex 31 22.8472 28.9608
    endloop
  endfacet
  facet normal -1 0 0
    outer loop
      vertex 31 22.6 29
      vertex 31 25.8749 28.9902
      vertex 31 22.7251 28.9902
    endloop
  endfacet
  facet normal -1 0 0
    outer loop
      vertex 31 26 29
      vertex 31 22.6 29
      vertex 31 11.6 32.4
    endloop
  endfacet
  facet normal -1 0 0
    outer loop
      vertex 31 11.6 32.4
      vertex 31 22.6 29
      vertex 31 22.4749 28.9902
    endloop
  endfacet
  facet normal -1 0 0
    outer loop
      vertex 31 20 28.2
      vertex 31 21.8 28.2
      vertex 31 20 15.8
    endloop
  endfacet
  facet normal -1 0 0
    outer loop
      vertex 31 21.8 28.2
      vertex 31 20 28.2
      vertex 31 21.8098 28.3251
    endloop
  endfacet
  facet normal -1 0 0
    outer loop
      vertex 31 19.9902 28.3251
      vertex 31 21.8098 28.3251
      vertex 31 20 28.2
    endloop
  endfacet
  facet normal -1 0 0
    outer loop
      vertex 31 21.8098 28.3251
      vertex 31 19.9902 28.3251
      vertex 31 21.8392 28.4472
    endloop
  endfacet
  facet normal -1 0 0
    outer loop
      vertex 31 19.9608 28.4472
      vertex 31 21.8392 28.4472
      vertex 31 19.9902 28.3251
    endloop
  endfacet
  facet normal -1 0 0
    outer loop
      vertex 31 21.8392 28.4472
      vertex 31 19.9608 28.4472
      vertex 31 21.8872 28.5632
    endloop
  endfacet
  facet normal -1 0 0
    outer loop
      vertex 31 19.9128 28.5632
      vertex 31 21.8872 28.5632
      vertex 31 19.9608 28.4472
    endloop
  endfacet
  facet normal -1 0 0
    outer loop
      vertex 31 21.8872 28.5632
      vertex 31 19.9128 28.5632
      vertex 31 21.9528 28.6702
    endloop
  endfacet
  facet normal -1 0 0
    outer loop
      vertex 31 19.8472 28.6702
      vertex 31 21.9528 28.6702
      vertex 31 19.9128 28.5632
    endloop
  endfacet
  facet normal -1 0 0
    outer loop
      vertex 31 21.9528 28.6702
      vertex 31 19.8472 28.6702
      vertex 31 22.0343 28.7657
    endloop
  endfacet
  facet normal -1 0 0
    outer loop
      vertex 31 19.7657 28.7657
      vertex 31 22.0343 28.7657
      vertex 31 19.8472 28.6702
    endloop
  endfacet
  facet normal -1 0 0
    outer loop
      vertex 31 22.0343 28.7657
      vertex 31 19.7657 28.7657
      vertex 31 22.1298 28.8472
    endloop
  endfacet
  facet normal -1 0 0
    outer loop
      vertex 31 19.6702 28.8472
      vertex 31 22.1298 28.8472
      vertex 31 19.7657 28.7657
    endloop
  endfacet
  facet normal -1 0 0
    outer loop
      vertex 31 22.1298 28.8472
      vertex 31 19.6702 28.8472
      vertex 31 22.2368 28.9128
    endloop
  endfacet
  facet normal -1 0 0
    outer loop
      vertex 31 19.5632 28.9128
      vertex 31 22.2368 28.9128
      vertex 31 19.6702 28.8472
    endloop
  endfacet
  facet normal -1 0 0
    outer loop
      vertex 31 22.2368 28.9128
      vertex 31 19.5632 28.9128
      vertex 31 22.3528 28.9608
    endloop
  endfacet
  facet normal -1 0 0
    outer loop
      vertex 31 19.4472 28.9608
      vertex 31 22.3528 28.9608
      vertex 31 19.5632 28.9128
    endloop
  endfacet
  facet normal -1 0 0
    outer loop
      vertex 31 22.3528 28.9608
      vertex 31 19.4472 28.9608
      vertex 31 22.4749 28.9902
    endloop
  endfacet
  facet normal -1 0 0
    outer loop
      vertex 31 19.3251 28.9902
      vertex 31 22.4749 28.9902
      vertex 31 19.4472 28.9608
    endloop
  endfacet
  facet normal -1 0 0
    outer loop
      vertex 31 22.4749 28.9902
      vertex 31 19.3251 28.9902
      vertex 31 11.6 32.4
    endloop
  endfacet
  facet normal -1 0 0
    outer loop
      vertex 31 11.6 32.4
      vertex 31 19.3251 28.9902
      vertex 31 19.2 29
    endloop
  endfacet
  facet normal -1 0 0
    outer loop
      vertex 31 11.6 32.4
      vertex 31 19.2 29
      vertex 31 19.0749 28.9902
    endloop
  endfacet
  facet normal -1 0 0
    outer loop
      vertex 31 16.6 28.2
      vertex 31 18.4 28.2
      vertex 31 16.6 15.8
    endloop
  endfacet
  facet normal -1 0 0
    outer loop
      vertex 31 18.4 28.2
      vertex 31 16.6 28.2
      vertex 31 18.4098 28.3251
    endloop
  endfacet
  facet normal -1 0 0
    outer loop
      vertex 31 16.5901 28.3251
      vertex 31 18.4098 28.3251
      vertex 31 16.6 28.2
    endloop
  endfacet
  facet normal -1 0 0
    outer loop
      vertex 31 18.4098 28.3251
      vertex 31 16.5901 28.3251
      vertex 31 18.4392 28.4472
    endloop
  endfacet
  facet normal -1 0 0
    outer loop
      vertex 31 16.5608 28.4472
      vertex 31 18.4392 28.4472
      vertex 31 16.5901 28.3251
    endloop
  endfacet
  facet normal -1 0 0
    outer loop
      vertex 31 18.4392 28.4472
      vertex 31 16.5608 28.4472
      vertex 31 18.4872 28.5632
    endloop
  endfacet
  facet normal -1 0 0
    outer loop
      vertex 31 16.5128 28.5632
      vertex 31 18.4872 28.5632
      vertex 31 16.5608 28.4472
    endloop
  endfacet
  facet normal -1 0 0
    outer loop
      vertex 31 18.4872 28.5632
      vertex 31 16.5128 28.5632
      vertex 31 18.5528 28.6702
    endloop
  endfacet
  facet normal -1 0 0
    outer loop
      vertex 31 16.4472 28.6702
      vertex 31 18.5528 28.6702
      vertex 31 16.5128 28.5632
    endloop
  endfacet
  facet normal -1 0 0
    outer loop
      vertex 31 18.5528 28.6702
      vertex 31 16.4472 28.6702
      vertex 31 18.6343 28.7657
    endloop
  endfacet
  facet normal -1 0 0
    outer loop
      vertex 31 16.3657 28.7657
      vertex 31 18.6343 28.7657
      vertex 31 16.4472 28.6702
    endloop
  endfacet
  facet normal -1 0 0
    outer loop
      vertex 31 18.6343 28.7657
      vertex 31 16.3657 28.7657
      vertex 31 18.7298 28.8472
    endloop
  endfacet
  facet normal -1 0 0
    outer loop
      vertex 31 16.2702 28.8472
      vertex 31 18.7298 28.8472
      vertex 31 16.3657 28.7657
    endloop
  endfacet
  facet normal -1 0 0
    outer loop
      vertex 31 18.7298 28.8472
      vertex 31 16.2702 28.8472
      vertex 31 18.8368 28.9128
    endloop
  endfacet
  facet normal -1 0 0
    outer loop
      vertex 31 16.1632 28.9128
      vertex 31 18.8368 28.9128
      vertex 31 16.2702 28.8472
    endloop
  endfacet
  facet normal -1 0 0
    outer loop
      vertex 31 18.8368 28.9128
      vertex 31 16.1632 28.9128
      vertex 31 18.9528 28.9608
    endloop
  endfacet
  facet normal -1 0 0
    outer loop
      vertex 31 16.0472 28.9608
      vertex 31 18.9528 28.9608
      vertex 31 16.1632 28.9128
    endloop
  endfacet
  facet normal -1 0 0
    outer loop
      vertex 31 18.9528 28.9608
      vertex 31 16.0472 28.9608
      vertex 31 19.0749 28.9902
    endloop
  endfacet
  facet normal -1 -0 0
    outer loop
      vertex 31 19.0749 28.9902
      vertex 31 16.0472 28.9608
      vertex 31 11.6 32.4
    endloop
  endfacet
  facet normal -1 0 0
    outer loop
      vertex 31 11.6 32.4
      vertex 31 16.0472 28.9608
      vertex 31 15.9251 28.9902
    endloop
  endfacet
  facet normal -1 0 0
    outer loop
      vertex 31 11.6 32.4
      vertex 31 15.9251 28.9902
      vertex 31 15.8 29
    endloop
  endfacet
  facet normal -1 0 0
    outer loop
      vertex 31 11.6 32.4
      vertex 31 15.8 29
      vertex 31 15.6749 28.9902
    endloop
  endfacet
  facet normal -1 0 0
    outer loop
      vertex 31 11.6 32.4
      vertex 31 15 28.2
      vertex 31 11.6 11.6
    endloop
  endfacet
  facet normal -1 0 0
    outer loop
      vertex 31 26 29
      vertex 31 11.6 32.4
      vertex 31 42.4 32.4
    endloop
  endfacet
  facet normal -1 0 0
    outer loop
      vertex 31 15.5528 28.9608
      vertex 31 11.6 32.4
      vertex 31 15.6749 28.9902
    endloop
  endfacet
  facet normal -1 0 0
    outer loop
      vertex 31 15.4368 28.9128
      vertex 31 11.6 32.4
      vertex 31 15.5528 28.9608
    endloop
  endfacet
  facet normal -1 0 0
    outer loop
      vertex 31 15.3298 28.8472
      vertex 31 11.6 32.4
      vertex 31 15.4368 28.9128
    endloop
  endfacet
  facet normal -1 0 0
    outer loop
      vertex 31 15.2343 28.7657
      vertex 31 11.6 32.4
      vertex 31 15.3298 28.8472
    endloop
  endfacet
  facet normal -1 0 0
    outer loop
      vertex 31 15.1528 28.6702
      vertex 31 11.6 32.4
      vertex 31 15.2343 28.7657
    endloop
  endfacet
  facet normal -1 0 0
    outer loop
      vertex 31 15.0872 28.5632
      vertex 31 11.6 32.4
      vertex 31 15.1528 28.6702
    endloop
  endfacet
  facet normal -1 0 0
    outer loop
      vertex 31 15.0392 28.4472
      vertex 31 11.6 32.4
      vertex 31 15.0872 28.5632
    endloop
  endfacet
  facet normal -1 0 0
    outer loop
      vertex 31 15.0098 28.3251
      vertex 31 11.6 32.4
      vertex 31 15.0392 28.4472
    endloop
  endfacet
  facet normal -1 0 0
    outer loop
      vertex 31 15 28.2
      vertex 31 11.6 32.4
      vertex 31 15.0098 28.3251
    endloop
  endfacet
  facet normal -1 0 0
    outer loop
      vertex 31 61 2
      vertex 31 55 2.01185
      vertex 31 61 2.01185
    endloop
  endfacet
  facet normal -1 0 0
    outer loop
      vertex 31 43.6 10.4
      vertex 31 55 5.88815
      vertex 31 55 2.01185
    endloop
  endfacet
  facet normal -1 0 0
    outer loop
      vertex 31 55 5.88815
      vertex 31 43.6 10.4
      vertex 31 55 38.1118
    endloop
  endfacet
  facet normal -1 0 0
    outer loop
      vertex 31 43.6 33.6
      vertex 31 55 38.1118
      vertex 31 43.6 10.4
    endloop
  endfacet
  facet normal -1 0 0
    outer loop
      vertex 31 2 2
      vertex 31 43.6 10.4
      vertex 31 55 2.01185
    endloop
  endfacet
  facet normal -1 -0 0
    outer loop
      vertex 31 10.4 10.4
      vertex 31 2 2
      vertex 31 10.4 33.6
    endloop
  endfacet
  facet normal -1 -0 0
    outer loop
      vertex 31 43.6 10.4
      vertex 31 2 2
      vertex 31 10.4 10.4
    endloop
  endfacet
  facet normal -1 0 0
    outer loop
      vertex 31 2 2
      vertex 31 55 2.01185
      vertex 31 61 2
    endloop
  endfacet
  facet normal -1 0 0
    outer loop
      vertex 31 55 5.88815
      vertex 31 61 38.1118
      vertex 31 61 5.88815
    endloop
  endfacet
  facet normal -1 -0 0
    outer loop
      vertex 31 61 38.1118
      vertex 31 55 5.88815
      vertex 31 55 38.1118
    endloop
  endfacet
  facet normal -1 0 0
    outer loop
      vertex 31 55 41.9882
      vertex 31 61 42
      vertex 31 61 41.9882
    endloop
  endfacet
  facet normal -1 -0 0
    outer loop
      vertex 31 55 38.1118
      vertex 31 43.6 33.6
      vertex 31 55 41.9882
    endloop
  endfacet
  facet normal -1 0 0
    outer loop
      vertex 31 2 42
      vertex 31 43.6 33.6
      vertex 31 10.4 33.6
    endloop
  endfacet
  facet normal -1 0 0
    outer loop
      vertex 31 55 41.9882
      vertex 31 2 42
      vertex 31 61 42
    endloop
  endfacet
  facet normal -1 0 0
    outer loop
      vertex 31 43.6 33.6
      vertex 31 2 42
      vertex 31 55 41.9882
    endloop
  endfacet
  facet normal -1 0 0
    outer loop
      vertex 31 2 42
      vertex 31 10.4 33.6
      vertex 31 2 2
    endloop
  endfacet
  facet normal 0 0 1
    outer loop
      vertex 10.8 49.2 2
      vertex 18.7618 55 2
      vertex 18.7618 61 2
    endloop
  endfacet
  facet normal 0 0 1
    outer loop
      vertex 18.7618 55 2
      vertex 10.8 49.2 2
      vertex 12 49.2 2
    endloop
  endfacet
  facet normal 0 0 1
    outer loop
      vertex 10.8 49.2 2
      vertex 2 61 2
      vertex 10.8 15.2 2
    endloop
  endfacet
  facet normal -0 0 1
    outer loop
      vertex 2 61 2
      vertex 10.8 49.2 2
      vertex 18.7618 61 2
    endloop
  endfacet
  facet normal 0 0 1
    outer loop
      vertex 27.1118 61 2
      vertex 22.6382 61 2
      vertex 27.1118 55 2
    endloop
  endfacet
  facet normal 0 0 1
    outer loop
      vertex 30.9882 55 2
      vertex 31 61 2
      vertex 30.9882 61 2
    endloop
  endfacet
  facet normal 0 0 1
    outer loop
      vertex 31 61 2
      vertex 30.9882 55 2
      vertex 31 2 2
    endloop
  endfacet
  facet normal 0 0 1
    outer loop
      vertex 12 15.2 2
      vertex 30.9882 55 2
      vertex 27.1118 55 2
    endloop
  endfacet
  facet normal 0 0 1
    outer loop
      vertex 22.6382 55 2
      vertex 27.1118 55 2
      vertex 22.6382 61 2
    endloop
  endfacet
  facet normal 0 0 1
    outer loop
      vertex 12 49.2 2
      vertex 27.1118 55 2
      vertex 22.6382 55 2
    endloop
  endfacet
  facet normal 0 0 1
    outer loop
      vertex 12 49.2 2
      vertex 22.6382 55 2
      vertex 18.7618 55 2
    endloop
  endfacet
  facet normal 0 0 1
    outer loop
      vertex 27.1118 55 2
      vertex 12 49.2 2
      vertex 12 15.2 2
    endloop
  endfacet
  facet normal 0 0 1
    outer loop
      vertex 30.9882 55 2
      vertex 12 15.2 2
      vertex 31 2 2
    endloop
  endfacet
  facet normal 0 0 1
    outer loop
      vertex 2 2 2
      vertex 12 15.2 2
      vertex 10.8 15.2 2
    endloop
  endfacet
  facet normal 0 0 1
    outer loop
      vertex 12 15.2 2
      vertex 2 2 2
      vertex 31 2 2
    endloop
  endfacet
  facet normal 0 0 1
    outer loop
      vertex 2 2 2
      vertex 10.8 15.2 2
      vertex 2 61 2
    endloop
  endfacet
  facet normal 0 1 -0
    outer loop
      vertex 28.0371 2 41.5254
      vertex 18 2 42
      vertex 31 2 42
    endloop
  endfacet
  facet normal 0 1 -0
    outer loop
      vertex 27.732 2 41.4521
      vertex 18 2 42
      vertex 28.0371 2 41.5254
    endloop
  endfacet
  facet normal 0 1 0
    outer loop
      vertex 28.0371 2 41.5254
      vertex 31 2 42
      vertex 28.35 2 41.55
    endloop
  endfacet
  facet normal 0 1 0
    outer loop
      vertex 31 2 42
      vertex 28.6629 2 41.5254
      vertex 28.35 2 41.55
    endloop
  endfacet
  facet normal 0 1 0
    outer loop
      vertex 31 2 42
      vertex 28.968 2 41.4521
      vertex 28.6629 2 41.5254
    endloop
  endfacet
  facet normal 0 1 0
    outer loop
      vertex 31 2 42
      vertex 29.258 2 41.332
      vertex 28.968 2 41.4521
    endloop
  endfacet
  facet normal 0 1 0
    outer loop
      vertex 31 2 42
      vertex 29.5256 2 41.168
      vertex 29.258 2 41.332
    endloop
  endfacet
  facet normal 0 1 0
    outer loop
      vertex 31 2 42
      vertex 29.7642 2 40.9642
      vertex 29.5256 2 41.168
    endloop
  endfacet
  facet normal 0 1 0
    outer loop
      vertex 31 2 42
      vertex 29.968 2 40.7256
      vertex 29.7642 2 40.9642
    endloop
  endfacet
  facet normal 0 1 0
    outer loop
      vertex 31 2 42
      vertex 30.132 2 40.458
      vertex 29.968 2 40.7256
    endloop
  endfacet
  facet normal 0 1 0
    outer loop
      vertex 31 2 42
      vertex 30.2521 2 40.168
      vertex 30.132 2 40.458
    endloop
  endfacet
  facet normal 0 1 0
    outer loop
      vertex 31 2 42
      vertex 30.3254 2 39.8629
      vertex 30.2521 2 40.168
    endloop
  endfacet
  facet normal 0 1 0
    outer loop
      vertex 31 2 42
      vertex 30.35 2 39.55
      vertex 30.3254 2 39.8629
    endloop
  endfacet
  facet normal 0 1 0
    outer loop
      vertex 31 2 42
      vertex 30.3254 2 39.2371
      vertex 30.35 2 39.55
    endloop
  endfacet
  facet normal 0 1 0
    outer loop
      vertex 29.604 2 31.854
      vertex 30.3254 2 39.2371
      vertex 31 2 42
    endloop
  endfacet
  facet normal 0 1 0
    outer loop
      vertex 5.26803 2 37.6479
      vertex 3.39602 2 31.854
      vertex 4.96287 2 37.5746
    endloop
  endfacet
  facet normal 0 1 0
    outer loop
      vertex 28.6629 2 37.5746
      vertex 29.604 2 31.854
      vertex 28.35 2 37.55
    endloop
  endfacet
  facet normal 0 1 0
    outer loop
      vertex 28.968 2 37.6479
      vertex 29.604 2 31.854
      vertex 28.6629 2 37.5746
    endloop
  endfacet
  facet normal 0 1 0
    outer loop
      vertex 29.258 2 37.768
      vertex 29.604 2 31.854
      vertex 28.968 2 37.6479
    endloop
  endfacet
  facet normal 0 1 0
    outer loop
      vertex 29.5256 2 37.932
      vertex 29.604 2 31.854
      vertex 29.258 2 37.768
    endloop
  endfacet
  facet normal 0 1 0
    outer loop
      vertex 29.7642 2 38.1358
      vertex 29.604 2 31.854
      vertex 29.5256 2 37.932
    endloop
  endfacet
  facet normal 0 1 0
    outer loop
      vertex 29.968 2 38.3744
      vertex 29.604 2 31.854
      vertex 29.7642 2 38.1358
    endloop
  endfacet
  facet normal 0 1 0
    outer loop
      vertex 30.132 2 38.642
      vertex 29.604 2 31.854
      vertex 29.968 2 38.3744
    endloop
  endfacet
  facet normal 0 1 0
    outer loop
      vertex 30.2521 2 38.932
      vertex 29.604 2 31.854
      vertex 30.132 2 38.642
    endloop
  endfacet
  facet normal 0 1 0
    outer loop
      vertex 30.3254 2 39.2371
      vertex 29.604 2 31.854
      vertex 30.2521 2 38.932
    endloop
  endfacet
  facet normal 0 1 -0
    outer loop
      vertex 31 2 2
      vertex 29.604 2 31.854
      vertex 31 2 42
    endloop
  endfacet
  facet normal 0 1 0
    outer loop
      vertex 26.4195 2 4.95
      vertex 29.604 2 5.64602
      vertex 30.2805 2 4.95
    endloop
  endfacet
  facet normal 0 1 0
    outer loop
      vertex 29.604 2 31.854
      vertex 30.2805 2 4.95
      vertex 29.604 2 5.64602
    endloop
  endfacet
  facet normal 0 1 0
    outer loop
      vertex 29.604 2 31.854
      vertex 30.3254 2 4.76287
      vertex 30.2805 2 4.95
    endloop
  endfacet
  facet normal 0 1 0
    outer loop
      vertex 29.604 2 31.854
      vertex 31 2 2
      vertex 30.3254 2 4.76287
    endloop
  endfacet
  facet normal 0 1 0
    outer loop
      vertex 2 2 2
      vertex 4.96287 2 2.47462
      vertex 31 2 2
    endloop
  endfacet
  facet normal 0 1 0
    outer loop
      vertex 28.6629 2 2.47462
      vertex 31 2 2
      vertex 28.35 2 2.45
    endloop
  endfacet
  facet normal 0 1 0
    outer loop
      vertex 28.968 2 2.54789
      vertex 31 2 2
      vertex 28.6629 2 2.47462
    endloop
  endfacet
  facet normal 0 1 0
    outer loop
      vertex 29.258 2 2.66799
      vertex 31 2 2
      vertex 28.968 2 2.54789
    endloop
  endfacet
  facet normal 0 1 0
    outer loop
      vertex 29.5256 2 2.83197
      vertex 31 2 2
      vertex 29.258 2 2.66799
    endloop
  endfacet
  facet normal 0 1 0
    outer loop
      vertex 29.7642 2 3.03579
      vertex 31 2 2
      vertex 29.5256 2 2.83197
    endloop
  endfacet
  facet normal 0 1 0
    outer loop
      vertex 29.968 2 3.27443
      vertex 31 2 2
      vertex 29.7642 2 3.03579
    endloop
  endfacet
  facet normal 0 1 0
    outer loop
      vertex 30.132 2 3.54202
      vertex 31 2 2
      vertex 29.968 2 3.27443
    endloop
  endfacet
  facet normal 0 1 0
    outer loop
      vertex 30.2521 2 3.83197
      vertex 31 2 2
      vertex 30.132 2 3.54202
    endloop
  endfacet
  facet normal 0 1 0
    outer loop
      vertex 30.3254 2 4.13713
      vertex 31 2 2
      vertex 30.2521 2 3.83197
    endloop
  endfacet
  facet normal 0 1 0
    outer loop
      vertex 30.35 2 4.45
      vertex 31 2 2
      vertex 30.3254 2 4.13713
    endloop
  endfacet
  facet normal 0 1 0
    outer loop
      vertex 30.3254 2 4.76287
      vertex 31 2 2
      vertex 30.35 2 4.45
    endloop
  endfacet
  facet normal 0 1 -0
    outer loop
      vertex 27.442 2 41.332
      vertex 18 2 42
      vertex 27.732 2 41.4521
    endloop
  endfacet
  facet normal 0 1 -0
    outer loop
      vertex 27.1744 2 41.168
      vertex 18 2 42
      vertex 27.442 2 41.332
    endloop
  endfacet
  facet normal 0 1 -0
    outer loop
      vertex 26.9358 2 40.9642
      vertex 18 2 42
      vertex 27.1744 2 41.168
    endloop
  endfacet
  facet normal 0 1 -0
    outer loop
      vertex 26.732 2 40.7256
      vertex 18 2 42
      vertex 26.9358 2 40.9642
    endloop
  endfacet
  facet normal 0 1 -0
    outer loop
      vertex 26.568 2 40.458
      vertex 18 2 42
      vertex 26.732 2 40.7256
    endloop
  endfacet
  facet normal 0 1 -0
    outer loop
      vertex 26.4479 2 40.168
      vertex 18 2 42
      vertex 26.568 2 40.458
    endloop
  endfacet
  facet normal 0 1 0
    outer loop
      vertex 18 2 42
      vertex 26.4479 2 40.168
      vertex 17.9888 2 41.7989
    endloop
  endfacet
  facet normal 0 1 0
    outer loop
      vertex 17.9888 2 41.7989
      vertex 26.4479 2 40.168
      vertex 17.9815 2 41.6682
    endloop
  endfacet
  facet normal 0 1 -0
    outer loop
      vertex 26.3746 2 39.8629
      vertex 17.9815 2 41.6682
      vertex 26.4479 2 40.168
    endloop
  endfacet
  facet normal 0 1 0
    outer loop
      vertex 17.9815 2 41.6682
      vertex 26.3746 2 39.8629
      vertex 17.9607 2 41.5455
    endloop
  endfacet
  facet normal 0 1 0
    outer loop
      vertex 17.9607 2 41.5455
      vertex 26.3746 2 39.8629
      vertex 17.9266 2 41.3445
    endloop
  endfacet
  facet normal 0 1 0
    outer loop
      vertex 17.9266 2 41.3445
      vertex 26.3746 2 39.8629
      vertex 17.8685 2 41.1462
    endloop
  endfacet
  facet normal 0 1 -0
    outer loop
      vertex 26.35 2 39.55
      vertex 17.8685 2 41.1462
      vertex 26.3746 2 39.8629
    endloop
  endfacet
  facet normal 0 1 0
    outer loop
      vertex 17.8685 2 41.1462
      vertex 26.35 2 39.55
      vertex 17.8365 2 41.0369
    endloop
  endfacet
  facet normal 0 1 0
    outer loop
      vertex 17.8365 2 41.0369
      vertex 26.35 2 39.55
      vertex 17.7551 2 40.849
    endloop
  endfacet
  facet normal 0 1 0
    outer loop
      vertex 17.7551 2 40.849
      vertex 26.35 2 39.55
      vertex 17.7135 2 40.7531
    endloop
  endfacet
  facet normal 0 1 0
    outer loop
      vertex 26.3746 2 39.2371
      vertex 17.7135 2 40.7531
      vertex 26.35 2 39.55
    endloop
  endfacet
  facet normal 0 1 0
    outer loop
      vertex 17.7135 2 40.7531
      vertex 26.3746 2 39.2371
      vertex 17.6635 2 40.6703
    endloop
  endfacet
  facet normal 0 1 0
    outer loop
      vertex 17.6635 2 40.6703
      vertex 26.3746 2 39.2371
      vertex 17.5607 2 40.5
    endloop
  endfacet
  facet normal 0 1 0
    outer loop
      vertex 26.4479 2 38.932
      vertex 17.5607 2 40.5
      vertex 26.3746 2 39.2371
    endloop
  endfacet
  facet normal 0 1 0
    outer loop
      vertex 17.5607 2 40.5
      vertex 26.4479 2 38.932
      vertex 17.4369 2 40.3505
    endloop
  endfacet
  facet normal 0 1 0
    outer loop
      vertex 17.4369 2 40.3505
      vertex 26.4479 2 38.932
      vertex 17.3817 2 40.2838
    endloop
  endfacet
  facet normal 0 1 0
    outer loop
      vertex 26.568 2 38.642
      vertex 17.3817 2 40.2838
      vertex 26.4479 2 38.932
    endloop
  endfacet
  facet normal 0 1 0
    outer loop
      vertex 17.3817 2 40.2838
      vertex 26.568 2 38.642
      vertex 17.3212 2 40.2314
    endloop
  endfacet
  facet normal 0 1 0
    outer loop
      vertex 17.3212 2 40.2314
      vertex 26.568 2 38.642
      vertex 17.181 2 40.1099
    endloop
  endfacet
  facet normal 0 1 0
    outer loop
      vertex 6.62538 2 39.8629
      vertex 15.0185 2 41.6682
      vertex 15.0393 2 41.5455
    endloop
  endfacet
  facet normal 0 1 0
    outer loop
      vertex 15.0185 2 41.6682
      vertex 4.96287 2 41.5254
      vertex 4.65 2 41.55
    endloop
  endfacet
  facet normal 0 1 0
    outer loop
      vertex 15.0185 2 41.6682
      vertex 5.26803 2 41.4521
      vertex 4.96287 2 41.5254
    endloop
  endfacet
  facet normal 0 1 0
    outer loop
      vertex 6.62538 2 39.8629
      vertex 15.0393 2 41.5455
      vertex 15.0734 2 41.3445
    endloop
  endfacet
  facet normal 0 1 0
    outer loop
      vertex 15.0185 2 41.6682
      vertex 5.55798 2 41.332
      vertex 5.26803 2 41.4521
    endloop
  endfacet
  facet normal 0 1 0
    outer loop
      vertex 15.0185 2 41.6682
      vertex 5.82557 2 41.168
      vertex 5.55798 2 41.332
    endloop
  endfacet
  facet normal 0 1 0
    outer loop
      vertex 6.62538 2 39.8629
      vertex 15.0734 2 41.3445
      vertex 15.1315 2 41.1462
    endloop
  endfacet
  facet normal 0 1 0
    outer loop
      vertex 6.65 2 39.55
      vertex 15.1315 2 41.1462
      vertex 15.1635 2 41.0369
    endloop
  endfacet
  facet normal 0 1 0
    outer loop
      vertex 15.0185 2 41.6682
      vertex 6.06421 2 40.9642
      vertex 5.82557 2 41.168
    endloop
  endfacet
  facet normal 0 1 0
    outer loop
      vertex 6.65 2 39.55
      vertex 15.1635 2 41.0369
      vertex 15.2449 2 40.849
    endloop
  endfacet
  facet normal 0 1 0
    outer loop
      vertex 6.65 2 39.55
      vertex 15.2449 2 40.849
      vertex 15.2865 2 40.7531
    endloop
  endfacet
  facet normal 0 1 0
    outer loop
      vertex 15.0185 2 41.6682
      vertex 6.26803 2 40.7256
      vertex 6.06421 2 40.9642
    endloop
  endfacet
  facet normal 0 1 0
    outer loop
      vertex 6.62538 2 39.2371
      vertex 15.2865 2 40.7531
      vertex 15.3365 2 40.6703
    endloop
  endfacet
  facet normal 0 1 0
    outer loop
      vertex 6.62538 2 39.2371
      vertex 15.3365 2 40.6703
      vertex 15.4393 2 40.5
    endloop
  endfacet
  facet normal 0 1 0
    outer loop
      vertex 15.0185 2 41.6682
      vertex 6.43201 2 40.458
      vertex 6.26803 2 40.7256
    endloop
  endfacet
  facet normal 0 1 0
    outer loop
      vertex 6.55211 2 38.932
      vertex 15.4393 2 40.5
      vertex 15.5631 2 40.3505
    endloop
  endfacet
  facet normal 0 1 0
    outer loop
      vertex 6.55211 2 38.932
      vertex 15.5631 2 40.3505
      vertex 15.6183 2 40.2838
    endloop
  endfacet
  facet normal 0 1 0
    outer loop
      vertex 6.43201 2 38.642
      vertex 15.6183 2 40.2838
      vertex 15.6788 2 40.2314
    endloop
  endfacet
  facet normal 0 1 0
    outer loop
      vertex 15.0185 2 41.6682
      vertex 6.55211 2 40.168
      vertex 6.43201 2 40.458
    endloop
  endfacet
  facet normal 0 1 0
    outer loop
      vertex 6.43201 2 38.642
      vertex 15.6788 2 40.2314
      vertex 15.819 2 40.1099
    endloop
  endfacet
  facet normal 0 1 0
    outer loop
      vertex 6.26803 2 38.3744
      vertex 15.819 2 40.1099
      vertex 15.9736 2 40.0193
    endloop
  endfacet
  facet normal 0 1 0
    outer loop
      vertex 6.26803 2 38.3744
      vertex 15.9736 2 40.0193
      vertex 16.0365 2 39.9825
    endloop
  endfacet
  facet normal 0 1 0
    outer loop
      vertex 3.39602 2 31.854
      vertex 16.0365 2 39.9825
      vertex 16.2653 2 39.9048
    endloop
  endfacet
  facet normal 0 1 0
    outer loop
      vertex 3.39602 2 31.854
      vertex 16.2653 2 39.9048
      vertex 16.5 2 39.8787
    endloop
  endfacet
  facet normal 0 1 0
    outer loop
      vertex 15.0185 2 41.6682
      vertex 6.62538 2 39.8629
      vertex 6.55211 2 40.168
    endloop
  endfacet
  facet normal 0 1 0
    outer loop
      vertex 26.732 2 38.3744
      vertex 17.181 2 40.1099
      vertex 26.568 2 38.642
    endloop
  endfacet
  facet normal 0 1 0
    outer loop
      vertex 17.181 2 40.1099
      vertex 26.732 2 38.3744
      vertex 17.0264 2 40.0193
    endloop
  endfacet
  facet normal 0 1 0
    outer loop
      vertex 15.1315 2 41.1462
      vertex 6.65 2 39.55
      vertex 6.62538 2 39.8629
    endloop
  endfacet
  facet normal 0 1 0
    outer loop
      vertex 17.0264 2 40.0193
      vertex 26.732 2 38.3744
      vertex 16.9635 2 39.9825
    endloop
  endfacet
  facet normal 0 1 0
    outer loop
      vertex 15.2865 2 40.7531
      vertex 6.62538 2 39.2371
      vertex 6.65 2 39.55
    endloop
  endfacet
  facet normal 0 1 0
    outer loop
      vertex 26.9358 2 38.1358
      vertex 16.9635 2 39.9825
      vertex 26.732 2 38.3744
    endloop
  endfacet
  facet normal 0 1 0
    outer loop
      vertex 15.4393 2 40.5
      vertex 6.55211 2 38.932
      vertex 6.62538 2 39.2371
    endloop
  endfacet
  facet normal 0 1 0
    outer loop
      vertex 29.604 2 31.854
      vertex 16.9635 2 39.9825
      vertex 26.9358 2 38.1358
    endloop
  endfacet
  facet normal 0 1 0
    outer loop
      vertex 15.6183 2 40.2838
      vertex 6.43201 2 38.642
      vertex 6.55211 2 38.932
    endloop
  endfacet
  facet normal 0 1 0
    outer loop
      vertex 29.604 2 31.854
      vertex 26.9358 2 38.1358
      vertex 27.1744 2 37.932
    endloop
  endfacet
  facet normal 0 1 0
    outer loop
      vertex 15.819 2 40.1099
      vertex 6.26803 2 38.3744
      vertex 6.43201 2 38.642
    endloop
  endfacet
  facet normal 0 1 0
    outer loop
      vertex 29.604 2 31.854
      vertex 27.1744 2 37.932
      vertex 27.442 2 37.768
    endloop
  endfacet
  facet normal 0 1 0
    outer loop
      vertex 16.0365 2 39.9825
      vertex 6.06421 2 38.1358
      vertex 6.26803 2 38.3744
    endloop
  endfacet
  facet normal 0 1 0
    outer loop
      vertex 16.9635 2 39.9825
      vertex 29.604 2 31.854
      vertex 16.7347 2 39.9048
    endloop
  endfacet
  facet normal 0 1 0
    outer loop
      vertex 16.0365 2 39.9825
      vertex 3.39602 2 31.854
      vertex 6.06421 2 38.1358
    endloop
  endfacet
  facet normal 0 1 0
    outer loop
      vertex 16.7347 2 39.9048
      vertex 29.604 2 31.854
      vertex 16.5 2 39.8787
    endloop
  endfacet
  facet normal 0 1 0
    outer loop
      vertex 6.06421 2 38.1358
      vertex 3.39602 2 31.854
      vertex 5.82557 2 37.932
    endloop
  endfacet
  facet normal 0 1 0
    outer loop
      vertex 29.604 2 31.854
      vertex 27.442 2 37.768
      vertex 27.732 2 37.6479
    endloop
  endfacet
  facet normal 0 1 0
    outer loop
      vertex 3.39602 2 31.854
      vertex 16.5 2 39.8787
      vertex 29.604 2 31.854
    endloop
  endfacet
  facet normal 0 1 0
    outer loop
      vertex 29.604 2 31.854
      vertex 27.732 2 37.6479
      vertex 28.0371 2 37.5746
    endloop
  endfacet
  facet normal 0 1 0
    outer loop
      vertex 5.82557 2 37.932
      vertex 3.39602 2 31.854
      vertex 5.55798 2 37.768
    endloop
  endfacet
  facet normal 0 1 0
    outer loop
      vertex 29.604 2 31.854
      vertex 28.0371 2 37.5746
      vertex 28.35 2 37.55
    endloop
  endfacet
  facet normal 0 1 0
    outer loop
      vertex 5.55798 2 37.768
      vertex 3.39602 2 31.854
      vertex 5.26803 2 37.6479
    endloop
  endfacet
  facet normal 0 1 0
    outer loop
      vertex 4.65 2 41.55
      vertex 15 2 42
      vertex 15.0112 2 41.7989
    endloop
  endfacet
  facet normal 0 1 0
    outer loop
      vertex 4.65 2 41.55
      vertex 15.0112 2 41.7989
      vertex 15.0185 2 41.6682
    endloop
  endfacet
  facet normal 0 1 0
    outer loop
      vertex 15 2 42
      vertex 4.65 2 41.55
      vertex 2 2 42
    endloop
  endfacet
  facet normal 0 1 -0
    outer loop
      vertex 4.33713 2 41.5254
      vertex 2 2 42
      vertex 4.65 2 41.55
    endloop
  endfacet
  facet normal 0 1 -0
    outer loop
      vertex 4.03197 2 41.4521
      vertex 2 2 42
      vertex 4.33713 2 41.5254
    endloop
  endfacet
  facet normal 0 1 -0
    outer loop
      vertex 3.74202 2 41.332
      vertex 2 2 42
      vertex 4.03197 2 41.4521
    endloop
  endfacet
  facet normal 0 1 -0
    outer loop
      vertex 3.47443 2 41.168
      vertex 2 2 42
      vertex 3.74202 2 41.332
    endloop
  endfacet
  facet normal 0 1 -0
    outer loop
      vertex 3.23579 2 40.9642
      vertex 2 2 42
      vertex 3.47443 2 41.168
    endloop
  endfacet
  facet normal 0 1 -0
    outer loop
      vertex 3.03197 2 40.7256
      vertex 2 2 42
      vertex 3.23579 2 40.9642
    endloop
  endfacet
  facet normal 0 1 -0
    outer loop
      vertex 2.86799 2 40.458
      vertex 2 2 42
      vertex 3.03197 2 40.7256
    endloop
  endfacet
  facet normal 0 1 -0
    outer loop
      vertex 2.74789 2 40.168
      vertex 2 2 42
      vertex 2.86799 2 40.458
    endloop
  endfacet
  facet normal 0 1 -0
    outer loop
      vertex 2.67462 2 39.8629
      vertex 2 2 42
      vertex 2.74789 2 40.168
    endloop
  endfacet
  facet normal 0 1 -0
    outer loop
      vertex 2.65 2 39.55
      vertex 2 2 42
      vertex 2.67462 2 39.8629
    endloop
  endfacet
  facet normal 0 1 0
    outer loop
      vertex 2.67462 2 39.2371
      vertex 2 2 42
      vertex 2.65 2 39.55
    endloop
  endfacet
  facet normal 0 1 0
    outer loop
      vertex 3.39602 2 31.854
      vertex 2.67462 2 39.2371
      vertex 2.74789 2 38.932
    endloop
  endfacet
  facet normal 0 1 0
    outer loop
      vertex 4.96287 2 37.5746
      vertex 3.39602 2 31.854
      vertex 4.65 2 37.55
    endloop
  endfacet
  facet normal 0 1 0
    outer loop
      vertex 4.65 2 37.55
      vertex 3.39602 2 31.854
      vertex 4.33713 2 37.5746
    endloop
  endfacet
  facet normal 0 1 0
    outer loop
      vertex 3.39602 2 31.854
      vertex 4.03197 2 37.6479
      vertex 4.33713 2 37.5746
    endloop
  endfacet
  facet normal 0 1 0
    outer loop
      vertex 3.39602 2 31.854
      vertex 3.74202 2 37.768
      vertex 4.03197 2 37.6479
    endloop
  endfacet
  facet normal 0 1 0
    outer loop
      vertex 3.39602 2 31.854
      vertex 3.47443 2 37.932
      vertex 3.74202 2 37.768
    endloop
  endfacet
  facet normal 0 1 -0
    outer loop
      vertex 3.39602 2 31.854
      vertex 3.23579 2 38.1358
      vertex 3.47443 2 37.932
    endloop
  endfacet
  facet normal 0 1 0
    outer loop
      vertex 3.39602 2 31.854
      vertex 3.03197 2 38.3744
      vertex 3.23579 2 38.1358
    endloop
  endfacet
  facet normal 0 1 0
    outer loop
      vertex 3.39602 2 31.854
      vertex 2.86799 2 38.642
      vertex 3.03197 2 38.3744
    endloop
  endfacet
  facet normal 0 1 0
    outer loop
      vertex 3.39602 2 31.854
      vertex 2.74789 2 38.932
      vertex 2.86799 2 38.642
    endloop
  endfacet
  facet normal 0 1 0
    outer loop
      vertex 2.67462 2 39.2371
      vertex 3.39602 2 31.854
      vertex 2 2 42
    endloop
  endfacet
  facet normal 0 1 0
    outer loop
      vertex 2.71955 2 4.95
      vertex 3.39602 2 31.854
      vertex 3.39602 2 5.64602
    endloop
  endfacet
  facet normal 0 1 0
    outer loop
      vertex 29.604 2 5.64602
      vertex 26.4195 2 4.95
      vertex 3.39602 2 5.64602
    endloop
  endfacet
  facet normal 0 1 -0
    outer loop
      vertex 6.58045 2 4.95
      vertex 3.39602 2 5.64602
      vertex 26.4195 2 4.95
    endloop
  endfacet
  facet normal 0 1 0
    outer loop
      vertex 2.71955 2 4.95
      vertex 3.39602 2 5.64602
      vertex 6.58045 2 4.95
    endloop
  endfacet
  facet normal 0 1 0
    outer loop
      vertex 2.67462 2 4.76287
      vertex 3.39602 2 31.854
      vertex 2.71955 2 4.95
    endloop
  endfacet
  facet normal 0 1 0
    outer loop
      vertex 2 2 2
      vertex 3.39602 2 31.854
      vertex 2.67462 2 4.76287
    endloop
  endfacet
  facet normal 0 1 0
    outer loop
      vertex 2 2 2
      vertex 2.67462 2 4.76287
      vertex 2.65 2 4.45
    endloop
  endfacet
  facet normal 0 1 0
    outer loop
      vertex 3.39602 2 31.854
      vertex 2 2 2
      vertex 2 2 42
    endloop
  endfacet
  facet normal 0 1 0
    outer loop
      vertex 2.67462 2 4.13713
      vertex 2 2 2
      vertex 2.65 2 4.45
    endloop
  endfacet
  facet normal 0 1 0
    outer loop
      vertex 2.74789 2 3.83197
      vertex 2 2 2
      vertex 2.67462 2 4.13713
    endloop
  endfacet
  facet normal 0 1 0
    outer loop
      vertex 2.86799 2 3.54202
      vertex 2 2 2
      vertex 2.74789 2 3.83197
    endloop
  endfacet
  facet normal 0 1 0
    outer loop
      vertex 3.03197 2 3.27443
      vertex 2 2 2
      vertex 2.86799 2 3.54202
    endloop
  endfacet
  facet normal 0 1 0
    outer loop
      vertex 3.23579 2 3.03579
      vertex 2 2 2
      vertex 3.03197 2 3.27443
    endloop
  endfacet
  facet normal 0 1 0
    outer loop
      vertex 3.47443 2 2.83197
      vertex 2 2 2
      vertex 3.23579 2 3.03579
    endloop
  endfacet
  facet normal 0 1 0
    outer loop
      vertex 3.74202 2 2.66799
      vertex 2 2 2
      vertex 3.47443 2 2.83197
    endloop
  endfacet
  facet normal 0 1 0
    outer loop
      vertex 4.03197 2 2.54789
      vertex 2 2 2
      vertex 3.74202 2 2.66799
    endloop
  endfacet
  facet normal 0 1 0
    outer loop
      vertex 4.33713 2 2.47462
      vertex 2 2 2
      vertex 4.03197 2 2.54789
    endloop
  endfacet
  facet normal 0 1 0
    outer loop
      vertex 4.65 2 2.45
      vertex 2 2 2
      vertex 4.33713 2 2.47462
    endloop
  endfacet
  facet normal 0 1 0
    outer loop
      vertex 4.96287 2 2.47462
      vertex 2 2 2
      vertex 4.65 2 2.45
    endloop
  endfacet
  facet normal 0 1 -0
    outer loop
      vertex 26.3746 2 4.76287
      vertex 6.58045 2 4.95
      vertex 26.4195 2 4.95
    endloop
  endfacet
  facet normal 0 1 0
    outer loop
      vertex 26.3746 2 4.76287
      vertex 6.62538 2 4.76287
      vertex 6.58045 2 4.95
    endloop
  endfacet
  facet normal 0 1 -0
    outer loop
      vertex 26.35 2 4.45
      vertex 6.62538 2 4.76287
      vertex 26.3746 2 4.76287
    endloop
  endfacet
  facet normal 0 1 0
    outer loop
      vertex 26.35 2 4.45
      vertex 6.65 2 4.45
      vertex 6.62538 2 4.76287
    endloop
  endfacet
  facet normal 0 1 0
    outer loop
      vertex 26.3746 2 4.13713
      vertex 6.65 2 4.45
      vertex 26.35 2 4.45
    endloop
  endfacet
  facet normal 0 1 0
    outer loop
      vertex 26.3746 2 4.13713
      vertex 6.62538 2 4.13713
      vertex 6.65 2 4.45
    endloop
  endfacet
  facet normal 0 1 0
    outer loop
      vertex 26.4479 2 3.83197
      vertex 6.62538 2 4.13713
      vertex 26.3746 2 4.13713
    endloop
  endfacet
  facet normal 0 1 0
    outer loop
      vertex 26.4479 2 3.83197
      vertex 6.55211 2 3.83197
      vertex 6.62538 2 4.13713
    endloop
  endfacet
  facet normal 0 1 0
    outer loop
      vertex 26.568 2 3.54202
      vertex 6.55211 2 3.83197
      vertex 26.4479 2 3.83197
    endloop
  endfacet
  facet normal 0 1 0
    outer loop
      vertex 26.568 2 3.54202
      vertex 6.43201 2 3.54202
      vertex 6.55211 2 3.83197
    endloop
  endfacet
  facet normal 0 1 0
    outer loop
      vertex 26.732 2 3.27443
      vertex 6.43201 2 3.54202
      vertex 26.568 2 3.54202
    endloop
  endfacet
  facet normal 0 1 0
    outer loop
      vertex 26.732 2 3.27443
      vertex 6.26803 2 3.27443
      vertex 6.43201 2 3.54202
    endloop
  endfacet
  facet normal 0 1 0
    outer loop
      vertex 26.9358 2 3.03579
      vertex 6.26803 2 3.27443
      vertex 26.732 2 3.27443
    endloop
  endfacet
  facet normal 0 1 0
    outer loop
      vertex 26.9358 2 3.03579
      vertex 6.06421 2 3.03579
      vertex 6.26803 2 3.27443
    endloop
  endfacet
  facet normal 0 1 0
    outer loop
      vertex 27.1744 2 2.83197
      vertex 6.06421 2 3.03579
      vertex 26.9358 2 3.03579
    endloop
  endfacet
  facet normal 0 1 0
    outer loop
      vertex 27.1744 2 2.83197
      vertex 5.82557 2 2.83197
      vertex 6.06421 2 3.03579
    endloop
  endfacet
  facet normal 0 1 0
    outer loop
      vertex 27.442 2 2.66799
      vertex 5.82557 2 2.83197
      vertex 27.1744 2 2.83197
    endloop
  endfacet
  facet normal 0 1 0
    outer loop
      vertex 27.442 2 2.66799
      vertex 5.55798 2 2.66799
      vertex 5.82557 2 2.83197
    endloop
  endfacet
  facet normal 0 1 0
    outer loop
      vertex 27.732 2 2.54789
      vertex 5.55798 2 2.66799
      vertex 27.442 2 2.66799
    endloop
  endfacet
  facet normal 0 1 0
    outer loop
      vertex 27.732 2 2.54789
      vertex 5.26803 2 2.54789
      vertex 5.55798 2 2.66799
    endloop
  endfacet
  facet normal 0 1 0
    outer loop
      vertex 28.0371 2 2.47462
      vertex 5.26803 2 2.54789
      vertex 27.732 2 2.54789
    endloop
  endfacet
  facet normal 0 1 0
    outer loop
      vertex 28.0371 2 2.47462
      vertex 4.96287 2 2.47462
      vertex 5.26803 2 2.54789
    endloop
  endfacet
  facet normal 0 1 0
    outer loop
      vertex 31 2 2
      vertex 28.0371 2 2.47462
      vertex 28.35 2 2.45
    endloop
  endfacet
  facet normal 0 1 0
    outer loop
      vertex 28.0371 2 2.47462
      vertex 31 2 2
      vertex 4.96287 2 2.47462
    endloop
  endfacet
  facet normal 0.996917 0 -0.0784649
    outer loop
      vertex 6.7 55 40.05
      vertex 6.66614 61 39.6198
      vertex 6.7 61 40.05
    endloop
  endfacet
  facet normal 0.996917 0 -0.0784649
    outer loop
      vertex 6.66614 61 39.6198
      vertex 6.7 55 40.05
      vertex 6.66614 55 39.6198
    endloop
  endfacet
  facet normal -0.078557 0 -0.99691
    outer loop
      vertex 3.5198 55 37.3339
      vertex 3.95 61 37.3
      vertex 3.95 55 37.3
    endloop
  endfacet
  facet normal -0.078557 0 -0.99691
    outer loop
      vertex 3.95 61 37.3
      vertex 3.5198 55 37.3339
      vertex 3.5198 61 37.3339
    endloop
  endfacet
  facet normal -0.652353 0 0.757915
    outer loop
      vertex 2.00546 61 41.9945
      vertex 2.01185 55 42
      vertex 2.01185 61 42
    endloop
  endfacet
  facet normal -0.652353 0 0.757915
    outer loop
      vertex 2.01185 55 42
      vertex 2.00546 61 41.9945
      vertex 2.00546 55 41.9945
    endloop
  endfacet
  facet normal 0.649516 0 -0.760348
    outer loop
      vertex 5.56641 55 37.8252
      vertex 5.89454 61 38.1055
      vertex 5.89454 55 38.1055
    endloop
  endfacet
  facet normal 0.649516 0 -0.760348
    outer loop
      vertex 5.89454 61 38.1055
      vertex 5.56641 55 37.8252
      vertex 5.56641 61 37.8252
    endloop
  endfacet
  facet normal -0.755689 0 -0.654931
    outer loop
      vertex 2.00546 55 38.1055
      vertex 2 61 38.1118
      vertex 2.00546 61 38.1055
    endloop
  endfacet
  facet normal -0.755689 -0 -0.654931
    outer loop
      vertex 2 61 38.1118
      vertex 2.00546 55 38.1055
      vertex 2 55 38.1118
    endloop
  endfacet
  facet normal -0.382615 0 -0.923908
    outer loop
      vertex 2.70153 55 37.5997
      vertex 3.1002 61 37.4346
      vertex 3.1002 55 37.4346
    endloop
  endfacet
  facet normal -0.382615 0 -0.923908
    outer loop
      vertex 3.1002 61 37.4346
      vertex 2.70153 55 37.5997
      vertex 2.70153 61 37.5997
    endloop
  endfacet
  facet normal 0.852619 0 -0.522533
    outer loop
      vertex 6.40027 55 38.8015
      vertex 6.1748 61 38.4336
      vertex 6.40027 61 38.8015
    endloop
  endfacet
  facet normal 0.852619 0 -0.522533
    outer loop
      vertex 6.1748 61 38.4336
      vertex 6.40027 55 38.8015
      vertex 6.1748 55 38.4336
    endloop
  endfacet
  facet normal 0.760365 0 -0.649496
    outer loop
      vertex 6.1748 55 38.4336
      vertex 5.89454 61 38.1055
      vertex 6.1748 61 38.4336
    endloop
  endfacet
  facet normal 0.760365 0 -0.649496
    outer loop
      vertex 5.89454 61 38.1055
      vertex 6.1748 55 38.4336
      vertex 5.89454 55 38.1055
    endloop
  endfacet
  facet normal 0.233359 0 -0.972391
    outer loop
      vertex 4.38019 55 37.3339
      vertex 4.7998 61 37.4346
      vertex 4.7998 55 37.4346
    endloop
  endfacet
  facet normal 0.233359 0 -0.972391
    outer loop
      vertex 4.7998 61 37.4346
      vertex 4.38019 55 37.3339
      vertex 4.38019 61 37.3339
    endloop
  endfacet
  facet normal 0.0785588 0 -0.996909
    outer loop
      vertex 3.95 55 37.3
      vertex 4.38019 61 37.3339
      vertex 4.38019 55 37.3339
    endloop
  endfacet
  facet normal 0.0785588 0 -0.996909
    outer loop
      vertex 4.38019 61 37.3339
      vertex 3.95 55 37.3
      vertex 3.95 61 37.3
    endloop
  endfacet
  facet normal 0.522542 0 -0.852613
    outer loop
      vertex 5.19847 55 37.5997
      vertex 5.56641 61 37.8252
      vertex 5.56641 55 37.8252
    endloop
  endfacet
  facet normal 0.522542 0 -0.852613
    outer loop
      vertex 5.56641 61 37.8252
      vertex 5.19847 55 37.5997
      vertex 5.19847 61 37.5997
    endloop
  endfacet
  facet normal 0 -1 0
    outer loop
      vertex 2 55 41.9882
      vertex 2.01185 55 42
      vertex 2.00546 55 41.9945
    endloop
  endfacet
  facet normal 0 -1 -0
    outer loop
      vertex 2.01185 55 42
      vertex 2 55 41.9882
      vertex 5.88815 55 42
    endloop
  endfacet
  facet normal 0 -1 0
    outer loop
      vertex 6.1748 55 41.6664
      vertex 5.88815 55 42
      vertex 2 55 41.9882
    endloop
  endfacet
  facet normal 0 -1 0
    outer loop
      vertex 5.88815 55 42
      vertex 6.1748 55 41.6664
      vertex 5.89454 55 41.9945
    endloop
  endfacet
  facet normal 0 -1 0
    outer loop
      vertex 2 55 41.9882
      vertex 6.40027 55 41.2985
      vertex 6.1748 55 41.6664
    endloop
  endfacet
  facet normal 0 -1 0
    outer loop
      vertex 2 55 41.9882
      vertex 6.5654 55 40.8998
      vertex 6.40027 55 41.2985
    endloop
  endfacet
  facet normal 0 -1 0
    outer loop
      vertex 2 55 41.9882
      vertex 6.66614 55 40.4802
      vertex 6.5654 55 40.8998
    endloop
  endfacet
  facet normal 0 -1 0
    outer loop
      vertex 2 55 41.9882
      vertex 6.7 55 40.05
      vertex 6.66614 55 40.4802
    endloop
  endfacet
  facet normal 0 -1 0
    outer loop
      vertex 2 55 41.9882
      vertex 6.66614 55 39.6198
      vertex 6.7 55 40.05
    endloop
  endfacet
  facet normal 0 -1 0
    outer loop
      vertex 2 55 41.9882
      vertex 6.5654 55 39.2002
      vertex 6.66614 55 39.6198
    endloop
  endfacet
  facet normal 0 -1 0
    outer loop
      vertex 2 55 41.9882
      vertex 6.40027 55 38.8015
      vertex 6.5654 55 39.2002
    endloop
  endfacet
  facet normal 0 -1 0
    outer loop
      vertex 2 55 41.9882
      vertex 6.1748 55 38.4336
      vertex 6.40027 55 38.8015
    endloop
  endfacet
  facet normal 0 -1 0
    outer loop
      vertex 2 55 38.1118
      vertex 6.1748 55 38.4336
      vertex 2 55 41.9882
    endloop
  endfacet
  facet normal 0 -1 0
    outer loop
      vertex 2.33359 55 37.8252
      vertex 2 55 38.1118
      vertex 2.00546 55 38.1055
    endloop
  endfacet
  facet normal 0 -1 0
    outer loop
      vertex 2 55 38.1118
      vertex 5.89454 55 38.1055
      vertex 6.1748 55 38.4336
    endloop
  endfacet
  facet normal 0 -1 0
    outer loop
      vertex 2 55 38.1118
      vertex 2.33359 55 37.8252
      vertex 5.89454 55 38.1055
    endloop
  endfacet
  facet normal 0 -1 0
    outer loop
      vertex 2.33359 55 37.8252
      vertex 5.56641 55 37.8252
      vertex 5.89454 55 38.1055
    endloop
  endfacet
  facet normal 0 -1 0
    outer loop
      vertex 2.70153 55 37.5997
      vertex 5.56641 55 37.8252
      vertex 2.33359 55 37.8252
    endloop
  endfacet
  facet normal 0 -1 0
    outer loop
      vertex 2.70153 55 37.5997
      vertex 5.19847 55 37.5997
      vertex 5.56641 55 37.8252
    endloop
  endfacet
  facet normal 0 -1 0
    outer loop
      vertex 3.1002 55 37.4346
      vertex 5.19847 55 37.5997
      vertex 2.70153 55 37.5997
    endloop
  endfacet
  facet normal 0 -1 0
    outer loop
      vertex 3.1002 55 37.4346
      vertex 4.7998 55 37.4346
      vertex 5.19847 55 37.5997
    endloop
  endfacet
  facet normal 0 -1 0
    outer loop
      vertex 3.5198 55 37.3339
      vertex 4.7998 55 37.4346
      vertex 3.1002 55 37.4346
    endloop
  endfacet
  facet normal 0 -1 0
    outer loop
      vertex 3.5198 55 37.3339
      vertex 4.38019 55 37.3339
      vertex 4.7998 55 37.4346
    endloop
  endfacet
  facet normal -0 -1 0
    outer loop
      vertex 4.38019 55 37.3339
      vertex 3.5198 55 37.3339
      vertex 3.95 55 37.3
    endloop
  endfacet
  facet normal -0.233364 0 -0.972389
    outer loop
      vertex 3.1002 55 37.4346
      vertex 3.5198 61 37.3339
      vertex 3.5198 55 37.3339
    endloop
  endfacet
  facet normal -0.233364 0 -0.972389
    outer loop
      vertex 3.5198 61 37.3339
      vertex 3.1002 55 37.4346
      vertex 3.1002 61 37.4346
    endloop
  endfacet
  facet normal 0.652353 0 0.757915
    outer loop
      vertex 5.88815 61 42
      vertex 5.89454 55 41.9945
      vertex 5.89454 61 41.9945
    endloop
  endfacet
  facet normal 0.652353 0 0.757915
    outer loop
      vertex 5.89454 55 41.9945
      vertex 5.88815 61 42
      vertex 5.88815 55 42
    endloop
  endfacet
  facet normal 0.852619 -0 0.522533
    outer loop
      vertex 6.1748 55 41.6664
      vertex 6.40027 61 41.2985
      vertex 6.1748 61 41.6664
    endloop
  endfacet
  facet normal 0.852619 0 0.522533
    outer loop
      vertex 6.40027 61 41.2985
      vertex 6.1748 55 41.6664
      vertex 6.40027 55 41.2985
    endloop
  endfacet
  facet normal 0.972368 -0 0.233452
    outer loop
      vertex 6.5654 55 40.8998
      vertex 6.66614 61 40.4802
      vertex 6.5654 61 40.8998
    endloop
  endfacet
  facet normal 0.972368 0 0.233452
    outer loop
      vertex 6.66614 61 40.4802
      vertex 6.5654 55 40.8998
      vertex 6.66614 55 40.4802
    endloop
  endfacet
  facet normal -0.755689 0 0.654931
    outer loop
      vertex 2 55 41.9882
      vertex 2.00546 61 41.9945
      vertex 2 61 41.9882
    endloop
  endfacet
  facet normal -0.755689 0 0.654931
    outer loop
      vertex 2.00546 61 41.9945
      vertex 2 55 41.9882
      vertex 2.00546 55 41.9945
    endloop
  endfacet
  facet normal 0.923893 0 -0.38265
    outer loop
      vertex 6.5654 55 39.2002
      vertex 6.40027 61 38.8015
      vertex 6.5654 61 39.2002
    endloop
  endfacet
  facet normal 0.923893 0 -0.38265
    outer loop
      vertex 6.40027 61 38.8015
      vertex 6.5654 55 39.2002
      vertex 6.40027 55 38.8015
    endloop
  endfacet
  facet normal 0.972368 0 -0.233452
    outer loop
      vertex 6.66614 55 39.6198
      vertex 6.5654 61 39.2002
      vertex 6.66614 61 39.6198
    endloop
  endfacet
  facet normal 0.972368 0 -0.233452
    outer loop
      vertex 6.5654 61 39.2002
      vertex 6.66614 55 39.6198
      vertex 6.5654 55 39.2002
    endloop
  endfacet
  facet normal 0.382615 0 -0.923908
    outer loop
      vertex 4.7998 55 37.4346
      vertex 5.19847 61 37.5997
      vertex 5.19847 55 37.5997
    endloop
  endfacet
  facet normal 0.382615 0 -0.923908
    outer loop
      vertex 5.19847 61 37.5997
      vertex 4.7998 55 37.4346
      vertex 4.7998 61 37.4346
    endloop
  endfacet
  facet normal -0.522542 0 -0.852613
    outer loop
      vertex 2.33359 55 37.8252
      vertex 2.70153 61 37.5997
      vertex 2.70153 55 37.5997
    endloop
  endfacet
  facet normal -0.522542 0 -0.852613
    outer loop
      vertex 2.70153 61 37.5997
      vertex 2.33359 55 37.8252
      vertex 2.33359 61 37.8252
    endloop
  endfacet
  facet normal -0.649516 0 -0.760348
    outer loop
      vertex 2.00546 55 38.1055
      vertex 2.33359 61 37.8252
      vertex 2.33359 55 37.8252
    endloop
  endfacet
  facet normal -0.649516 0 -0.760348
    outer loop
      vertex 2.33359 61 37.8252
      vertex 2.00546 55 38.1055
      vertex 2.00546 61 38.1055
    endloop
  endfacet
  facet normal 0.760365 -0 0.649496
    outer loop
      vertex 5.89454 55 41.9945
      vertex 6.1748 61 41.6664
      vertex 5.89454 61 41.9945
    endloop
  endfacet
  facet normal 0.760365 0 0.649496
    outer loop
      vertex 6.1748 61 41.6664
      vertex 5.89454 55 41.9945
      vertex 6.1748 55 41.6664
    endloop
  endfacet
  facet normal 0.923893 -0 0.38265
    outer loop
      vertex 6.40027 55 41.2985
      vertex 6.5654 61 40.8998
      vertex 6.40027 61 41.2985
    endloop
  endfacet
  facet normal 0.923893 0 0.38265
    outer loop
      vertex 6.5654 61 40.8998
      vertex 6.40027 55 41.2985
      vertex 6.5654 55 40.8998
    endloop
  endfacet
  facet normal 0.996917 -0 0.0784649
    outer loop
      vertex 6.66614 55 40.4802
      vertex 6.7 61 40.05
      vertex 6.66614 61 40.4802
    endloop
  endfacet
  facet normal 0.996917 0 0.0784649
    outer loop
      vertex 6.7 61 40.05
      vertex 6.66614 55 40.4802
      vertex 6.7 55 40.05
    endloop
  endfacet
  facet normal 0.522584 0 -0.852588
    outer loop
      vertex 30.2985 55 37.5997
      vertex 30.6664 61 37.8252
      vertex 30.6664 55 37.8252
    endloop
  endfacet
  facet normal 0.522584 0 -0.852588
    outer loop
      vertex 30.6664 61 37.8252
      vertex 30.2985 55 37.5997
      vertex 30.2985 61 37.5997
    endloop
  endfacet
  facet normal -0.382591 0 -0.923918
    outer loop
      vertex 27.8015 55 37.5997
      vertex 28.2002 61 37.4346
      vertex 28.2002 55 37.4346
    endloop
  endfacet
  facet normal -0.382591 0 -0.923918
    outer loop
      vertex 28.2002 61 37.4346
      vertex 27.8015 55 37.5997
      vertex 27.8015 61 37.5997
    endloop
  endfacet
  facet normal -0.852588 0 -0.522584
    outer loop
      vertex 26.8252 55 38.4336
      vertex 26.5997 61 38.8015
      vertex 26.8252 61 38.4336
    endloop
  endfacet
  facet normal -0.852588 -0 -0.522584
    outer loop
      vertex 26.5997 61 38.8015
      vertex 26.8252 55 38.4336
      vertex 26.5997 55 38.8015
    endloop
  endfacet
  facet normal 0.753317 0 -0.657658
    outer loop
      vertex 31 55 38.1118
      vertex 30.9945 61 38.1055
      vertex 31 61 38.1118
    endloop
  endfacet
  facet normal 0.753317 0 -0.657658
    outer loop
      vertex 30.9945 61 38.1055
      vertex 31 55 38.1118
      vertex 30.9945 55 38.1055
    endloop
  endfacet
  facet normal 0.64955 0 -0.760319
    outer loop
      vertex 30.6664 55 37.8252
      vertex 30.9945 61 38.1055
      vertex 30.9945 55 38.1055
    endloop
  endfacet
  facet normal 0.64955 0 -0.760319
    outer loop
      vertex 30.9945 61 38.1055
      vertex 30.6664 55 37.8252
      vertex 30.6664 61 37.8252
    endloop
  endfacet
  facet normal -0.99691 0 -0.078557
    outer loop
      vertex 26.3339 55 39.6198
      vertex 26.3 61 40.05
      vertex 26.3339 61 39.6198
    endloop
  endfacet
  facet normal -0.99691 -0 -0.078557
    outer loop
      vertex 26.3 61 40.05
      vertex 26.3339 55 39.6198
      vertex 26.3 55 40.05
    endloop
  endfacet
  facet normal -0.760319 0 -0.64955
    outer loop
      vertex 27.1055 55 38.1055
      vertex 26.8252 61 38.4336
      vertex 27.1055 61 38.1055
    endloop
  endfacet
  facet normal -0.760319 -0 -0.64955
    outer loop
      vertex 26.8252 61 38.4336
      vertex 27.1055 55 38.1055
      vertex 26.8252 55 38.4336
    endloop
  endfacet
  facet normal -0.522584 0 -0.852588
    outer loop
      vertex 27.4336 55 37.8252
      vertex 27.8015 61 37.5997
      vertex 27.8015 55 37.5997
    endloop
  endfacet
  facet normal -0.522584 0 -0.852588
    outer loop
      vertex 27.8015 61 37.5997
      vertex 27.4336 55 37.8252
      vertex 27.4336 61 37.8252
    endloop
  endfacet
  facet normal -0.078557 0 -0.99691
    outer loop
      vertex 28.6198 55 37.3339
      vertex 29.05 61 37.3
      vertex 29.05 55 37.3
    endloop
  endfacet
  facet normal -0.078557 0 -0.99691
    outer loop
      vertex 29.05 61 37.3
      vertex 28.6198 55 37.3339
      vertex 28.6198 61 37.3339
    endloop
  endfacet
  facet normal -0.64955 0 -0.760319
    outer loop
      vertex 27.1055 55 38.1055
      vertex 27.4336 61 37.8252
      vertex 27.4336 55 37.8252
    endloop
  endfacet
  facet normal -0.64955 0 -0.760319
    outer loop
      vertex 27.4336 61 37.8252
      vertex 27.1055 55 38.1055
      vertex 27.1055 61 38.1055
    endloop
  endfacet
  facet normal -0.657658 0 0.753317
    outer loop
      vertex 27.1055 61 41.9945
      vertex 27.1118 55 42
      vertex 27.1118 61 42
    endloop
  endfacet
  facet normal -0.657658 0 0.753317
    outer loop
      vertex 27.1118 55 42
      vertex 27.1055 61 41.9945
      vertex 27.1055 55 41.9945
    endloop
  endfacet
  facet normal -0.852588 0 0.522584
    outer loop
      vertex 26.5997 55 41.2985
      vertex 26.8252 61 41.6664
      vertex 26.5997 61 41.2985
    endloop
  endfacet
  facet normal -0.852588 0 0.522584
    outer loop
      vertex 26.8252 61 41.6664
      vertex 26.5997 55 41.2985
      vertex 26.8252 55 41.6664
    endloop
  endfacet
  facet normal 0.657658 0 0.753317
    outer loop
      vertex 30.9882 61 42
      vertex 30.9945 55 41.9945
      vertex 30.9945 61 41.9945
    endloop
  endfacet
  facet normal 0.657658 0 0.753317
    outer loop
      vertex 30.9945 55 41.9945
      vertex 30.9882 61 42
      vertex 30.9882 55 42
    endloop
  endfacet
  facet normal 0.078557 0 -0.99691
    outer loop
      vertex 29.05 55 37.3
      vertex 29.4802 61 37.3339
      vertex 29.4802 55 37.3339
    endloop
  endfacet
  facet normal 0.078557 0 -0.99691
    outer loop
      vertex 29.4802 61 37.3339
      vertex 29.05 55 37.3
      vertex 29.05 61 37.3
    endloop
  endfacet
  facet normal 0.382591 0 -0.923918
    outer loop
      vertex 29.8998 55 37.4346
      vertex 30.2985 61 37.5997
      vertex 30.2985 55 37.5997
    endloop
  endfacet
  facet normal 0.382591 0 -0.923918
    outer loop
      vertex 30.2985 61 37.5997
      vertex 29.8998 55 37.4346
      vertex 29.8998 61 37.4346
    endloop
  endfacet
  facet normal -0.923918 0 -0.382591
    outer loop
      vertex 26.5997 55 38.8015
      vertex 26.4346 61 39.2002
      vertex 26.5997 61 38.8015
    endloop
  endfacet
  facet normal -0.923918 -0 -0.382591
    outer loop
      vertex 26.4346 61 39.2002
      vertex 26.5997 55 38.8015
      vertex 26.4346 55 39.2002
    endloop
  endfacet
  facet normal -0.972389 0 -0.233364
    outer loop
      vertex 26.4346 55 39.2002
      vertex 26.3339 61 39.6198
      vertex 26.4346 61 39.2002
    endloop
  endfacet
  facet normal -0.972389 -0 -0.233364
    outer loop
      vertex 26.3339 61 39.6198
      vertex 26.4346 55 39.2002
      vertex 26.3339 55 39.6198
    endloop
  endfacet
  facet normal -0.233364 0 -0.972389
    outer loop
      vertex 28.2002 55 37.4346
      vertex 28.6198 61 37.3339
      vertex 28.6198 55 37.3339
    endloop
  endfacet
  facet normal -0.233364 0 -0.972389
    outer loop
      vertex 28.6198 61 37.3339
      vertex 28.2002 55 37.4346
      vertex 28.2002 61 37.4346
    endloop
  endfacet
  facet normal -0.923918 0 0.382591
    outer loop
      vertex 26.4346 55 40.8998
      vertex 26.5997 61 41.2985
      vertex 26.4346 61 40.8998
    endloop
  endfacet
  facet normal -0.923918 0 0.382591
    outer loop
      vertex 26.5997 61 41.2985
      vertex 26.4346 55 40.8998
      vertex 26.5997 55 41.2985
    endloop
  endfacet
  facet normal -0.760319 0 0.64955
    outer loop
      vertex 26.8252 55 41.6664
      vertex 27.1055 61 41.9945
      vertex 26.8252 61 41.6664
    endloop
  endfacet
  facet normal -0.760319 0 0.64955
    outer loop
      vertex 27.1055 61 41.9945
      vertex 26.8252 55 41.6664
      vertex 27.1055 55 41.9945
    endloop
  endfacet
  facet normal 0.233364 0 -0.972389
    outer loop
      vertex 29.4802 55 37.3339
      vertex 29.8998 61 37.4346
      vertex 29.8998 55 37.4346
    endloop
  endfacet
  facet normal 0.233364 0 -0.972389
    outer loop
      vertex 29.8998 61 37.4346
      vertex 29.4802 55 37.3339
      vertex 29.4802 61 37.3339
    endloop
  endfacet
  facet normal -0.99691 0 0.078557
    outer loop
      vertex 26.3 55 40.05
      vertex 26.3339 61 40.4802
      vertex 26.3 61 40.05
    endloop
  endfacet
  facet normal -0.99691 0 0.078557
    outer loop
      vertex 26.3339 61 40.4802
      vertex 26.3 55 40.05
      vertex 26.3339 55 40.4802
    endloop
  endfacet
  facet normal 0 -1 0
    outer loop
      vertex 26.8252 55 41.6664
      vertex 27.1118 55 42
      vertex 27.1055 55 41.9945
    endloop
  endfacet
  facet normal 0 -1 0
    outer loop
      vertex 27.1118 55 42
      vertex 31 55 41.9882
      vertex 30.9882 55 42
    endloop
  endfacet
  facet normal 0 -1 0
    outer loop
      vertex 30.9882 55 42
      vertex 31 55 41.9882
      vertex 30.9945 55 41.9945
    endloop
  endfacet
  facet normal 0 -1 -0
    outer loop
      vertex 27.1118 55 42
      vertex 26.8252 55 41.6664
      vertex 31 55 41.9882
    endloop
  endfacet
  facet normal 0 -1 0
    outer loop
      vertex 26.5997 55 41.2985
      vertex 31 55 41.9882
      vertex 26.8252 55 41.6664
    endloop
  endfacet
  facet normal 0 -1 0
    outer loop
      vertex 26.4346 55 40.8998
      vertex 31 55 41.9882
      vertex 26.5997 55 41.2985
    endloop
  endfacet
  facet normal 0 -1 0
    outer loop
      vertex 26.3339 55 40.4802
      vertex 31 55 41.9882
      vertex 26.4346 55 40.8998
    endloop
  endfacet
  facet normal 0 -1 0
    outer loop
      vertex 26.3 55 40.05
      vertex 31 55 41.9882
      vertex 26.3339 55 40.4802
    endloop
  endfacet
  facet normal 0 -1 0
    outer loop
      vertex 26.3339 55 39.6198
      vertex 31 55 41.9882
      vertex 26.3 55 40.05
    endloop
  endfacet
  facet normal 0 -1 0
    outer loop
      vertex 26.4346 55 39.2002
      vertex 31 55 41.9882
      vertex 26.3339 55 39.6198
    endloop
  endfacet
  facet normal 0 -1 0
    outer loop
      vertex 26.5997 55 38.8015
      vertex 31 55 41.9882
      vertex 26.4346 55 39.2002
    endloop
  endfacet
  facet normal 0 -1 0
    outer loop
      vertex 26.8252 55 38.4336
      vertex 31 55 41.9882
      vertex 26.5997 55 38.8015
    endloop
  endfacet
  facet normal 0 -1 0
    outer loop
      vertex 26.8252 55 38.4336
      vertex 31 55 38.1118
      vertex 31 55 41.9882
    endloop
  endfacet
  facet normal 0 -1 0
    outer loop
      vertex 27.1055 55 38.1055
      vertex 31 55 38.1118
      vertex 26.8252 55 38.4336
    endloop
  endfacet
  facet normal 0 -1 0
    outer loop
      vertex 27.4336 55 37.8252
      vertex 31 55 38.1118
      vertex 27.1055 55 38.1055
    endloop
  endfacet
  facet normal 0 -1 0
    outer loop
      vertex 30.6664 55 37.8252
      vertex 31 55 38.1118
      vertex 27.4336 55 37.8252
    endloop
  endfacet
  facet normal 0 -1 0
    outer loop
      vertex 31 55 38.1118
      vertex 30.6664 55 37.8252
      vertex 30.9945 55 38.1055
    endloop
  endfacet
  facet normal 0 -1 0
    outer loop
      vertex 27.8015 55 37.5997
      vertex 30.6664 55 37.8252
      vertex 27.4336 55 37.8252
    endloop
  endfacet
  facet normal 0 -1 0
    outer loop
      vertex 27.8015 55 37.5997
      vertex 30.2985 55 37.5997
      vertex 30.6664 55 37.8252
    endloop
  endfacet
  facet normal 0 -1 0
    outer loop
      vertex 28.2002 55 37.4346
      vertex 30.2985 55 37.5997
      vertex 27.8015 55 37.5997
    endloop
  endfacet
  facet normal 0 -1 0
    outer loop
      vertex 28.2002 55 37.4346
      vertex 29.8998 55 37.4346
      vertex 30.2985 55 37.5997
    endloop
  endfacet
  facet normal 0 -1 0
    outer loop
      vertex 28.6198 55 37.3339
      vertex 29.8998 55 37.4346
      vertex 28.2002 55 37.4346
    endloop
  endfacet
  facet normal 0 -1 0
    outer loop
      vertex 28.6198 55 37.3339
      vertex 29.4802 55 37.3339
      vertex 29.8998 55 37.4346
    endloop
  endfacet
  facet normal -0 -1 0
    outer loop
      vertex 29.4802 55 37.3339
      vertex 28.6198 55 37.3339
      vertex 29.05 55 37.3
    endloop
  endfacet
  facet normal 0.753317 -0 0.657658
    outer loop
      vertex 30.9945 55 41.9945
      vertex 31 61 41.9882
      vertex 30.9945 61 41.9945
    endloop
  endfacet
  facet normal 0.753317 0 0.657658
    outer loop
      vertex 31 61 41.9882
      vertex 30.9945 55 41.9945
      vertex 31 55 41.9882
    endloop
  endfacet
  facet normal -0.972389 0 0.233364
    outer loop
      vertex 26.3339 55 40.4802
      vertex 26.4346 61 40.8998
      vertex 26.3339 61 40.4802
    endloop
  endfacet
  facet normal -0.972389 0 0.233364
    outer loop
      vertex 26.4346 61 40.8998
      vertex 26.3339 55 40.4802
      vertex 26.4346 55 40.8998
    endloop
  endfacet
  facet normal -0.923908 0 -0.382615
    outer loop
      vertex 26.5997 55 2.70153
      vertex 26.4346 61 3.1002
      vertex 26.5997 61 2.70153
    endloop
  endfacet
  facet normal -0.923908 -0 -0.382615
    outer loop
      vertex 26.4346 61 3.1002
      vertex 26.5997 55 2.70153
      vertex 26.4346 55 3.1002
    endloop
  endfacet
  facet normal -0.852613 0 -0.522542
    outer loop
      vertex 26.8252 55 2.33359
      vertex 26.5997 61 2.70153
      vertex 26.8252 61 2.33359
    endloop
  endfacet
  facet normal -0.852613 -0 -0.522542
    outer loop
      vertex 26.5997 61 2.70153
      vertex 26.8252 55 2.33359
      vertex 26.5997 55 2.70153
    endloop
  endfacet
  facet normal 0.757915 0 -0.652353
    outer loop
      vertex 31 55 2.01185
      vertex 30.9945 61 2.00546
      vertex 31 61 2.01185
    endloop
  endfacet
  facet normal 0.757915 0 -0.652353
    outer loop
      vertex 30.9945 61 2.00546
      vertex 31 55 2.01185
      vertex 30.9945 55 2.00546
    endloop
  endfacet
  facet normal 0.654931 0 -0.755689
    outer loop
      vertex 30.9882 55 2
      vertex 30.9945 61 2.00546
      vertex 30.9945 55 2.00546
    endloop
  endfacet
  facet normal 0.654931 0 -0.755689
    outer loop
      vertex 30.9945 61 2.00546
      vertex 30.9882 55 2
      vertex 30.9882 61 2
    endloop
  endfacet
  facet normal -0.972389 0 -0.233364
    outer loop
      vertex 26.4346 55 3.1002
      vertex 26.3339 61 3.5198
      vertex 26.4346 61 3.1002
    endloop
  endfacet
  facet normal -0.972389 -0 -0.233364
    outer loop
      vertex 26.3339 61 3.5198
      vertex 26.4346 55 3.1002
      vertex 26.3339 55 3.5198
    endloop
  endfacet
  facet normal -0.760348 0 -0.649516
    outer loop
      vertex 27.1055 55 2.00546
      vertex 26.8252 61 2.33359
      vertex 27.1055 61 2.00546
    endloop
  endfacet
  facet normal -0.760348 -0 -0.649516
    outer loop
      vertex 26.8252 61 2.33359
      vertex 27.1055 55 2.00546
      vertex 26.8252 55 2.33359
    endloop
  endfacet
  facet normal -0.654931 0 -0.755689
    outer loop
      vertex 27.1055 55 2.00546
      vertex 27.1118 61 2
      vertex 27.1118 55 2
    endloop
  endfacet
  facet normal -0.654931 0 -0.755689
    outer loop
      vertex 27.1118 61 2
      vertex 27.1055 55 2.00546
      vertex 27.1055 61 2.00546
    endloop
  endfacet
  facet normal 0.38265 0 0.923893
    outer loop
      vertex 29.8998 61 6.5654
      vertex 30.2985 55 6.40027
      vertex 30.2985 61 6.40027
    endloop
  endfacet
  facet normal 0.38265 0 0.923893
    outer loop
      vertex 30.2985 55 6.40027
      vertex 29.8998 61 6.5654
      vertex 29.8998 55 6.5654
    endloop
  endfacet
  facet normal 0.522533 0 0.852619
    outer loop
      vertex 30.2985 61 6.40027
      vertex 30.6664 55 6.1748
      vertex 30.6664 61 6.1748
    endloop
  endfacet
  facet normal 0.522533 0 0.852619
    outer loop
      vertex 30.6664 55 6.1748
      vertex 30.2985 61 6.40027
      vertex 30.2985 55 6.40027
    endloop
  endfacet
  facet normal 0.757915 -0 0.652353
    outer loop
      vertex 30.9945 55 5.89454
      vertex 31 61 5.88815
      vertex 30.9945 61 5.89454
    endloop
  endfacet
  facet normal 0.757915 0 0.652353
    outer loop
      vertex 31 61 5.88815
      vertex 30.9945 55 5.89454
      vertex 31 55 5.88815
    endloop
  endfacet
  facet normal -0.0784649 0 0.996917
    outer loop
      vertex 28.6198 61 6.66614
      vertex 29.05 55 6.7
      vertex 29.05 61 6.7
    endloop
  endfacet
  facet normal -0.0784649 0 0.996917
    outer loop
      vertex 29.05 55 6.7
      vertex 28.6198 61 6.66614
      vertex 28.6198 55 6.66614
    endloop
  endfacet
  facet normal -0.649496 0 0.760365
    outer loop
      vertex 27.1055 61 5.89454
      vertex 27.4336 55 6.1748
      vertex 27.4336 61 6.1748
    endloop
  endfacet
  facet normal -0.649496 0 0.760365
    outer loop
      vertex 27.4336 55 6.1748
      vertex 27.1055 61 5.89454
      vertex 27.1055 55 5.89454
    endloop
  endfacet
  facet normal -0.852613 0 0.522542
    outer loop
      vertex 26.5997 55 5.19847
      vertex 26.8252 61 5.56641
      vertex 26.5997 61 5.19847
    endloop
  endfacet
  facet normal -0.852613 0 0.522542
    outer loop
      vertex 26.8252 61 5.56641
      vertex 26.5997 55 5.19847
      vertex 26.8252 55 5.56641
    endloop
  endfacet
  facet normal -0.996909 0 0.0785588
    outer loop
      vertex 26.3 55 3.95
      vertex 26.3339 61 4.38019
      vertex 26.3 61 3.95
    endloop
  endfacet
  facet normal -0.996909 0 0.0785588
    outer loop
      vertex 26.3339 61 4.38019
      vertex 26.3 55 3.95
      vertex 26.3339 55 4.38019
    endloop
  endfacet
  facet normal 0 -1 0
    outer loop
      vertex 28.6198 55 6.66614
      vertex 29.4802 55 6.66614
      vertex 29.05 55 6.7
    endloop
  endfacet
  facet normal 0 -1 0
    outer loop
      vertex 28.2002 55 6.5654
      vertex 29.4802 55 6.66614
      vertex 28.6198 55 6.66614
    endloop
  endfacet
  facet normal 0 -1 0
    outer loop
      vertex 28.2002 55 6.5654
      vertex 29.8998 55 6.5654
      vertex 29.4802 55 6.66614
    endloop
  endfacet
  facet normal 0 -1 0
    outer loop
      vertex 27.8015 55 6.40027
      vertex 29.8998 55 6.5654
      vertex 28.2002 55 6.5654
    endloop
  endfacet
  facet normal 0 -1 0
    outer loop
      vertex 27.8015 55 6.40027
      vertex 30.2985 55 6.40027
      vertex 29.8998 55 6.5654
    endloop
  endfacet
  facet normal 0 -1 0
    outer loop
      vertex 27.4336 55 6.1748
      vertex 30.2985 55 6.40027
      vertex 27.8015 55 6.40027
    endloop
  endfacet
  facet normal 0 -1 0
    outer loop
      vertex 27.4336 55 6.1748
      vertex 30.6664 55 6.1748
      vertex 30.2985 55 6.40027
    endloop
  endfacet
  facet normal 0 -1 0
    outer loop
      vertex 27.1055 55 5.89454
      vertex 30.6664 55 6.1748
      vertex 27.4336 55 6.1748
    endloop
  endfacet
  facet normal 0 -1 0
    outer loop
      vertex 31 55 5.88815
      vertex 30.6664 55 6.1748
      vertex 27.1055 55 5.89454
    endloop
  endfacet
  facet normal 0 -1 0
    outer loop
      vertex 30.6664 55 6.1748
      vertex 31 55 5.88815
      vertex 30.9945 55 5.89454
    endloop
  endfacet
  facet normal 0 -1 0
    outer loop
      vertex 26.8252 55 5.56641
      vertex 31 55 5.88815
      vertex 27.1055 55 5.89454
    endloop
  endfacet
  facet normal 0 -1 0
    outer loop
      vertex 26.5997 55 5.19847
      vertex 31 55 5.88815
      vertex 26.8252 55 5.56641
    endloop
  endfacet
  facet normal 0 -1 0
    outer loop
      vertex 26.4346 55 4.7998
      vertex 31 55 5.88815
      vertex 26.5997 55 5.19847
    endloop
  endfacet
  facet normal 0 -1 0
    outer loop
      vertex 26.3339 55 4.38019
      vertex 31 55 5.88815
      vertex 26.4346 55 4.7998
    endloop
  endfacet
  facet normal 0 -1 0
    outer loop
      vertex 26.3 55 3.95
      vertex 31 55 5.88815
      vertex 26.3339 55 4.38019
    endloop
  endfacet
  facet normal 0 -1 0
    outer loop
      vertex 26.3339 55 3.5198
      vertex 31 55 5.88815
      vertex 26.3 55 3.95
    endloop
  endfacet
  facet normal 0 -1 0
    outer loop
      vertex 26.4346 55 3.1002
      vertex 31 55 5.88815
      vertex 26.3339 55 3.5198
    endloop
  endfacet
  facet normal 0 -1 0
    outer loop
      vertex 26.5997 55 2.70153
      vertex 31 55 5.88815
      vertex 26.4346 55 3.1002
    endloop
  endfacet
  facet normal 0 -1 0
    outer loop
      vertex 26.8252 55 2.33359
      vertex 31 55 5.88815
      vertex 26.5997 55 2.70153
    endloop
  endfacet
  facet normal 0 -1 0
    outer loop
      vertex 26.8252 55 2.33359
      vertex 31 55 2.01185
      vertex 31 55 5.88815
    endloop
  endfacet
  facet normal 0 -1 0
    outer loop
      vertex 27.1118 55 2
      vertex 26.8252 55 2.33359
      vertex 27.1055 55 2.00546
    endloop
  endfacet
  facet normal 0 -1 0
    outer loop
      vertex 26.8252 55 2.33359
      vertex 27.1118 55 2
      vertex 31 55 2.01185
    endloop
  endfacet
  facet normal 0 -1 0
    outer loop
      vertex 30.9882 55 2
      vertex 31 55 2.01185
      vertex 27.1118 55 2
    endloop
  endfacet
  facet normal 0 -1 0
    outer loop
      vertex 31 55 2.01185
      vertex 30.9882 55 2
      vertex 30.9945 55 2.00546
    endloop
  endfacet
  facet normal -0.760348 0 0.649516
    outer loop
      vertex 26.8252 55 5.56641
      vertex 27.1055 61 5.89454
      vertex 26.8252 61 5.56641
    endloop
  endfacet
  facet normal -0.760348 0 0.649516
    outer loop
      vertex 27.1055 61 5.89454
      vertex 26.8252 55 5.56641
      vertex 27.1055 55 5.89454
    endloop
  endfacet
  facet normal -0.99691 0 -0.078557
    outer loop
      vertex 26.3339 55 3.5198
      vertex 26.3 61 3.95
      vertex 26.3339 61 3.5198
    endloop
  endfacet
  facet normal -0.99691 -0 -0.078557
    outer loop
      vertex 26.3 61 3.95
      vertex 26.3339 55 3.5198
      vertex 26.3 55 3.95
    endloop
  endfacet
  facet normal 0.0784649 0 0.996917
    outer loop
      vertex 29.05 61 6.7
      vertex 29.4802 55 6.66614
      vertex 29.4802 61 6.66614
    endloop
  endfacet
  facet normal 0.0784649 0 0.996917
    outer loop
      vertex 29.4802 55 6.66614
      vertex 29.05 61 6.7
      vertex 29.05 55 6.7
    endloop
  endfacet
  facet normal 0.649496 0 0.760365
    outer loop
      vertex 30.6664 61 6.1748
      vertex 30.9945 55 5.89454
      vertex 30.9945 61 5.89454
    endloop
  endfacet
  facet normal 0.649496 0 0.760365
    outer loop
      vertex 30.9945 55 5.89454
      vertex 30.6664 61 6.1748
      vertex 30.6664 55 6.1748
    endloop
  endfacet
  facet normal -0.38265 0 0.923893
    outer loop
      vertex 27.8015 61 6.40027
      vertex 28.2002 55 6.5654
      vertex 28.2002 61 6.5654
    endloop
  endfacet
  facet normal -0.38265 0 0.923893
    outer loop
      vertex 28.2002 55 6.5654
      vertex 27.8015 61 6.40027
      vertex 27.8015 55 6.40027
    endloop
  endfacet
  facet normal -0.522533 0 0.852619
    outer loop
      vertex 27.4336 61 6.1748
      vertex 27.8015 55 6.40027
      vertex 27.8015 61 6.40027
    endloop
  endfacet
  facet normal -0.522533 0 0.852619
    outer loop
      vertex 27.8015 55 6.40027
      vertex 27.4336 61 6.1748
      vertex 27.4336 55 6.1748
    endloop
  endfacet
  facet normal -0.972391 0 0.233359
    outer loop
      vertex 26.3339 55 4.38019
      vertex 26.4346 61 4.7998
      vertex 26.3339 61 4.38019
    endloop
  endfacet
  facet normal -0.972391 0 0.233359
    outer loop
      vertex 26.4346 61 4.7998
      vertex 26.3339 55 4.38019
      vertex 26.4346 55 4.7998
    endloop
  endfacet
  facet normal 0.233452 0 0.972368
    outer loop
      vertex 29.4802 61 6.66614
      vertex 29.8998 55 6.5654
      vertex 29.8998 61 6.5654
    endloop
  endfacet
  facet normal 0.233452 0 0.972368
    outer loop
      vertex 29.8998 55 6.5654
      vertex 29.4802 61 6.66614
      vertex 29.4802 55 6.66614
    endloop
  endfacet
  facet normal -0.233452 0 0.972368
    outer loop
      vertex 28.2002 61 6.5654
      vertex 28.6198 55 6.66614
      vertex 28.6198 61 6.66614
    endloop
  endfacet
  facet normal -0.233452 0 0.972368
    outer loop
      vertex 28.6198 55 6.66614
      vertex 28.2002 61 6.5654
      vertex 28.2002 55 6.5654
    endloop
  endfacet
  facet normal -0.923908 0 0.382615
    outer loop
      vertex 26.4346 55 4.7998
      vertex 26.5997 61 5.19847
      vertex 26.4346 61 4.7998
    endloop
  endfacet
  facet normal -0.923908 0 0.382615
    outer loop
      vertex 26.5997 61 5.19847
      vertex 26.4346 55 4.7998
      vertex 26.5997 55 5.19847
    endloop
  endfacet
  facet normal 0.923908 0 -0.382615
    outer loop
      vertex 23.3154 55 3.1002
      vertex 23.1503 61 2.70153
      vertex 23.3154 61 3.1002
    endloop
  endfacet
  facet normal 0.923908 0 -0.382615
    outer loop
      vertex 23.1503 61 2.70153
      vertex 23.3154 55 3.1002
      vertex 23.1503 55 2.70153
    endloop
  endfacet
  facet normal -0.972389 0 -0.233364
    outer loop
      vertex 18.0846 55 3.1002
      vertex 17.9839 61 3.5198
      vertex 18.0846 61 3.1002
    endloop
  endfacet
  facet normal -0.972389 -0 -0.233364
    outer loop
      vertex 17.9839 61 3.5198
      vertex 18.0846 55 3.1002
      vertex 17.9839 55 3.5198
    endloop
  endfacet
  facet normal 0.852613 0 -0.522542
    outer loop
      vertex 23.1503 55 2.70153
      vertex 22.9248 61 2.33359
      vertex 23.1503 61 2.70153
    endloop
  endfacet
  facet normal 0.852613 0 -0.522542
    outer loop
      vertex 22.9248 61 2.33359
      vertex 23.1503 55 2.70153
      vertex 22.9248 55 2.33359
    endloop
  endfacet
  facet normal -0.923908 0 -0.382615
    outer loop
      vertex 18.2497 55 2.70153
      vertex 18.0846 61 3.1002
      vertex 18.2497 61 2.70153
    endloop
  endfacet
  facet normal -0.923908 -0 -0.382615
    outer loop
      vertex 18.0846 61 3.1002
      vertex 18.2497 55 2.70153
      vertex 18.0846 55 3.1002
    endloop
  endfacet
  facet normal 0.996909 -0 0.0785588
    outer loop
      vertex 23.4161 55 4.38019
      vertex 23.45 61 3.95
      vertex 23.4161 61 4.38019
    endloop
  endfacet
  facet normal 0.996909 0 0.0785588
    outer loop
      vertex 23.45 61 3.95
      vertex 23.4161 55 4.38019
      vertex 23.45 55 3.95
    endloop
  endfacet
  facet normal 0.654931 0 -0.755689
    outer loop
      vertex 22.6382 55 2
      vertex 22.6445 61 2.00546
      vertex 22.6445 55 2.00546
    endloop
  endfacet
  facet normal 0.654931 0 -0.755689
    outer loop
      vertex 22.6445 61 2.00546
      vertex 22.6382 55 2
      vertex 22.6382 61 2
    endloop
  endfacet
  facet normal 0 -1 0
    outer loop
      vertex 20.2698 55 6.66614
      vertex 21.1302 55 6.66614
      vertex 20.7 55 6.7
    endloop
  endfacet
  facet normal 0 -1 0
    outer loop
      vertex 19.8502 55 6.5654
      vertex 21.1302 55 6.66614
      vertex 20.2698 55 6.66614
    endloop
  endfacet
  facet normal 0 -1 0
    outer loop
      vertex 19.8502 55 6.5654
      vertex 21.5498 55 6.5654
      vertex 21.1302 55 6.66614
    endloop
  endfacet
  facet normal 0 -1 0
    outer loop
      vertex 19.4515 55 6.40027
      vertex 21.5498 55 6.5654
      vertex 19.8502 55 6.5654
    endloop
  endfacet
  facet normal 0 -1 0
    outer loop
      vertex 19.4515 55 6.40027
      vertex 21.9485 55 6.40027
      vertex 21.5498 55 6.5654
    endloop
  endfacet
  facet normal 0 -1 0
    outer loop
      vertex 19.0836 55 6.1748
      vertex 21.9485 55 6.40027
      vertex 19.4515 55 6.40027
    endloop
  endfacet
  facet normal 0 -1 0
    outer loop
      vertex 19.0836 55 6.1748
      vertex 22.3164 55 6.1748
      vertex 21.9485 55 6.40027
    endloop
  endfacet
  facet normal 0 -1 0
    outer loop
      vertex 18.7555 55 5.89454
      vertex 22.3164 55 6.1748
      vertex 19.0836 55 6.1748
    endloop
  endfacet
  facet normal 0 -1 0
    outer loop
      vertex 18.7555 55 5.89454
      vertex 22.6445 55 5.89454
      vertex 22.3164 55 6.1748
    endloop
  endfacet
  facet normal 0 -1 0
    outer loop
      vertex 18.4752 55 5.56641
      vertex 22.6445 55 5.89454
      vertex 18.7555 55 5.89454
    endloop
  endfacet
  facet normal 0 -1 0
    outer loop
      vertex 18.4752 55 5.56641
      vertex 22.9248 55 5.56641
      vertex 22.6445 55 5.89454
    endloop
  endfacet
  facet normal 0 -1 0
    outer loop
      vertex 18.2497 55 5.19847
      vertex 22.9248 55 5.56641
      vertex 18.4752 55 5.56641
    endloop
  endfacet
  facet normal 0 -1 0
    outer loop
      vertex 18.2497 55 5.19847
      vertex 23.1503 55 5.19847
      vertex 22.9248 55 5.56641
    endloop
  endfacet
  facet normal 0 -1 0
    outer loop
      vertex 18.0846 55 4.7998
      vertex 23.1503 55 5.19847
      vertex 18.2497 55 5.19847
    endloop
  endfacet
  facet normal 0 -1 0
    outer loop
      vertex 18.0846 55 4.7998
      vertex 23.3154 55 4.7998
      vertex 23.1503 55 5.19847
    endloop
  endfacet
  facet normal 0 -1 0
    outer loop
      vertex 17.9839 55 4.38019
      vertex 23.3154 55 4.7998
      vertex 18.0846 55 4.7998
    endloop
  endfacet
  facet normal 0 -1 0
    outer loop
      vertex 17.9839 55 4.38019
      vertex 23.4161 55 4.38019
      vertex 23.3154 55 4.7998
    endloop
  endfacet
  facet normal 0 -1 0
    outer loop
      vertex 17.95 55 3.95
      vertex 23.4161 55 4.38019
      vertex 17.9839 55 4.38019
    endloop
  endfacet
  facet normal 0 -1 0
    outer loop
      vertex 17.95 55 3.95
      vertex 23.45 55 3.95
      vertex 23.4161 55 4.38019
    endloop
  endfacet
  facet normal 0 -1 0
    outer loop
      vertex 17.9839 55 3.5198
      vertex 23.45 55 3.95
      vertex 17.95 55 3.95
    endloop
  endfacet
  facet normal 0 -1 0
    outer loop
      vertex 17.9839 55 3.5198
      vertex 23.4161 55 3.5198
      vertex 23.45 55 3.95
    endloop
  endfacet
  facet normal 0 -1 0
    outer loop
      vertex 18.0846 55 3.1002
      vertex 23.4161 55 3.5198
      vertex 17.9839 55 3.5198
    endloop
  endfacet
  facet normal 0 -1 0
    outer loop
      vertex 18.0846 55 3.1002
      vertex 23.3154 55 3.1002
      vertex 23.4161 55 3.5198
    endloop
  endfacet
  facet normal 0 -1 0
    outer loop
      vertex 18.2497 55 2.70153
      vertex 23.3154 55 3.1002
      vertex 18.0846 55 3.1002
    endloop
  endfacet
  facet normal 0 -1 0
    outer loop
      vertex 18.2497 55 2.70153
      vertex 23.1503 55 2.70153
      vertex 23.3154 55 3.1002
    endloop
  endfacet
  facet normal 0 -1 0
    outer loop
      vertex 18.4752 55 2.33359
      vertex 23.1503 55 2.70153
      vertex 18.2497 55 2.70153
    endloop
  endfacet
  facet normal 0 -1 0
    outer loop
      vertex 18.4752 55 2.33359
      vertex 22.9248 55 2.33359
      vertex 23.1503 55 2.70153
    endloop
  endfacet
  facet normal 0 -1 0
    outer loop
      vertex 18.7618 55 2
      vertex 18.4752 55 2.33359
      vertex 18.7555 55 2.00546
    endloop
  endfacet
  facet normal 0 -1 0
    outer loop
      vertex 18.4752 55 2.33359
      vertex 18.7618 55 2
      vertex 22.9248 55 2.33359
    endloop
  endfacet
  facet normal 0 -1 0
    outer loop
      vertex 22.6382 55 2
      vertex 22.9248 55 2.33359
      vertex 18.7618 55 2
    endloop
  endfacet
  facet normal 0 -1 0
    outer loop
      vertex 22.9248 55 2.33359
      vertex 22.6382 55 2
      vertex 22.6445 55 2.00546
    endloop
  endfacet
  facet normal -0.99691 0 -0.078557
    outer loop
      vertex 17.9839 55 3.5198
      vertex 17.95 61 3.95
      vertex 17.9839 61 3.5198
    endloop
  endfacet
  facet normal -0.99691 -0 -0.078557
    outer loop
      vertex 17.95 61 3.95
      vertex 17.9839 55 3.5198
      vertex 17.95 55 3.95
    endloop
  endfacet
  facet normal -0.852613 0 -0.522542
    outer loop
      vertex 18.4752 55 2.33359
      vertex 18.2497 61 2.70153
      vertex 18.4752 61 2.33359
    endloop
  endfacet
  facet normal -0.852613 -0 -0.522542
    outer loop
      vertex 18.2497 61 2.70153
      vertex 18.4752 55 2.33359
      vertex 18.2497 55 2.70153
    endloop
  endfacet
  facet normal -0.654931 0 -0.755689
    outer loop
      vertex 18.7555 55 2.00546
      vertex 18.7618 61 2
      vertex 18.7618 55 2
    endloop
  endfacet
  facet normal -0.654931 0 -0.755689
    outer loop
      vertex 18.7618 61 2
      vertex 18.7555 55 2.00546
      vertex 18.7555 61 2.00546
    endloop
  endfacet
  facet normal -0.760348 0 -0.649516
    outer loop
      vertex 18.7555 55 2.00546
      vertex 18.4752 61 2.33359
      vertex 18.7555 61 2.00546
    endloop
  endfacet
  facet normal -0.760348 -0 -0.649516
    outer loop
      vertex 18.4752 61 2.33359
      vertex 18.7555 55 2.00546
      vertex 18.4752 55 2.33359
    endloop
  endfacet
  facet normal 0.99691 0 -0.078557
    outer loop
      vertex 23.45 55 3.95
      vertex 23.4161 61 3.5198
      vertex 23.45 61 3.95
    endloop
  endfacet
  facet normal 0.99691 0 -0.078557
    outer loop
      vertex 23.4161 61 3.5198
      vertex 23.45 55 3.95
      vertex 23.4161 55 3.5198
    endloop
  endfacet
  facet normal 0.972391 -0 0.233359
    outer loop
      vertex 23.3154 55 4.7998
      vertex 23.4161 61 4.38019
      vertex 23.3154 61 4.7998
    endloop
  endfacet
  facet normal 0.972391 0 0.233359
    outer loop
      vertex 23.4161 61 4.38019
      vertex 23.3154 55 4.7998
      vertex 23.4161 55 4.38019
    endloop
  endfacet
  facet normal 0.649496 0 0.760365
    outer loop
      vertex 22.3164 61 6.1748
      vertex 22.6445 55 5.89454
      vertex 22.6445 61 5.89454
    endloop
  endfacet
  facet normal 0.649496 0 0.760365
    outer loop
      vertex 22.6445 55 5.89454
      vertex 22.3164 61 6.1748
      vertex 22.3164 55 6.1748
    endloop
  endfacet
  facet normal 0.972389 0 -0.233364
    outer loop
      vertex 23.4161 55 3.5198
      vertex 23.3154 61 3.1002
      vertex 23.4161 61 3.5198
    endloop
  endfacet
  facet normal 0.972389 0 -0.233364
    outer loop
      vertex 23.3154 61 3.1002
      vertex 23.4161 55 3.5198
      vertex 23.3154 55 3.1002
    endloop
  endfacet
  facet normal 0.760348 0 -0.649516
    outer loop
      vertex 22.9248 55 2.33359
      vertex 22.6445 61 2.00546
      vertex 22.9248 61 2.33359
    endloop
  endfacet
  facet normal 0.760348 0 -0.649516
    outer loop
      vertex 22.6445 61 2.00546
      vertex 22.9248 55 2.33359
      vertex 22.6445 55 2.00546
    endloop
  endfacet
  facet normal -0.996909 0 0.0785588
    outer loop
      vertex 17.95 55 3.95
      vertex 17.9839 61 4.38019
      vertex 17.95 61 3.95
    endloop
  endfacet
  facet normal -0.996909 0 0.0785588
    outer loop
      vertex 17.9839 61 4.38019
      vertex 17.95 55 3.95
      vertex 17.9839 55 4.38019
    endloop
  endfacet
  facet normal 0.852613 -0 0.522542
    outer loop
      vertex 22.9248 55 5.56641
      vertex 23.1503 61 5.19847
      vertex 22.9248 61 5.56641
    endloop
  endfacet
  facet normal 0.852613 0 0.522542
    outer loop
      vertex 23.1503 61 5.19847
      vertex 22.9248 55 5.56641
      vertex 23.1503 55 5.19847
    endloop
  endfacet
  facet normal 0.0784649 0 0.996917
    outer loop
      vertex 20.7 61 6.7
      vertex 21.1302 55 6.66614
      vertex 21.1302 61 6.66614
    endloop
  endfacet
  facet normal 0.0784649 0 0.996917
    outer loop
      vertex 21.1302 55 6.66614
      vertex 20.7 61 6.7
      vertex 20.7 55 6.7
    endloop
  endfacet
  facet normal -0.972391 0 0.233359
    outer loop
      vertex 17.9839 55 4.38019
      vertex 18.0846 61 4.7998
      vertex 17.9839 61 4.38019
    endloop
  endfacet
  facet normal -0.972391 0 0.233359
    outer loop
      vertex 18.0846 61 4.7998
      vertex 17.9839 55 4.38019
      vertex 18.0846 55 4.7998
    endloop
  endfacet
  facet normal 0.233452 0 0.972368
    outer loop
      vertex 21.1302 61 6.66614
      vertex 21.5498 55 6.5654
      vertex 21.5498 61 6.5654
    endloop
  endfacet
  facet normal 0.233452 0 0.972368
    outer loop
      vertex 21.5498 55 6.5654
      vertex 21.1302 61 6.66614
      vertex 21.1302 55 6.66614
    endloop
  endfacet
  facet normal 0.923908 -0 0.382615
    outer loop
      vertex 23.1503 55 5.19847
      vertex 23.3154 61 4.7998
      vertex 23.1503 61 5.19847
    endloop
  endfacet
  facet normal 0.923908 0 0.382615
    outer loop
      vertex 23.3154 61 4.7998
      vertex 23.1503 55 5.19847
      vertex 23.3154 55 4.7998
    endloop
  endfacet
  facet normal -0.760348 0 0.649516
    outer loop
      vertex 18.4752 55 5.56641
      vertex 18.7555 61 5.89454
      vertex 18.4752 61 5.56641
    endloop
  endfacet
  facet normal -0.760348 0 0.649516
    outer loop
      vertex 18.7555 61 5.89454
      vertex 18.4752 55 5.56641
      vertex 18.7555 55 5.89454
    endloop
  endfacet
  facet normal -0.852613 0 0.522542
    outer loop
      vertex 18.2497 55 5.19847
      vertex 18.4752 61 5.56641
      vertex 18.2497 61 5.19847
    endloop
  endfacet
  facet normal -0.852613 0 0.522542
    outer loop
      vertex 18.4752 61 5.56641
      vertex 18.2497 55 5.19847
      vertex 18.4752 55 5.56641
    endloop
  endfacet
  facet normal -0.649496 0 0.760365
    outer loop
      vertex 18.7555 61 5.89454
      vertex 19.0836 55 6.1748
      vertex 19.0836 61 6.1748
    endloop
  endfacet
  facet normal -0.649496 0 0.760365
    outer loop
      vertex 19.0836 55 6.1748
      vertex 18.7555 61 5.89454
      vertex 18.7555 55 5.89454
    endloop
  endfacet
  facet normal 0.522533 0 0.852619
    outer loop
      vertex 21.9485 61 6.40027
      vertex 22.3164 55 6.1748
      vertex 22.3164 61 6.1748
    endloop
  endfacet
  facet normal 0.522533 0 0.852619
    outer loop
      vertex 22.3164 55 6.1748
      vertex 21.9485 61 6.40027
      vertex 21.9485 55 6.40027
    endloop
  endfacet
  facet normal 0.38265 0 0.923893
    outer loop
      vertex 21.5498 61 6.5654
      vertex 21.9485 55 6.40027
      vertex 21.9485 61 6.40027
    endloop
  endfacet
  facet normal 0.38265 0 0.923893
    outer loop
      vertex 21.9485 55 6.40027
      vertex 21.5498 61 6.5654
      vertex 21.5498 55 6.5654
    endloop
  endfacet
  facet normal 0.760348 -0 0.649516
    outer loop
      vertex 22.6445 55 5.89454
      vertex 22.9248 61 5.56641
      vertex 22.6445 61 5.89454
    endloop
  endfacet
  facet normal 0.760348 0 0.649516
    outer loop
      vertex 22.9248 61 5.56641
      vertex 22.6445 55 5.89454
      vertex 22.9248 55 5.56641
    endloop
  endfacet
  facet normal -0.522533 0 0.852619
    outer loop
      vertex 19.0836 61 6.1748
      vertex 19.4515 55 6.40027
      vertex 19.4515 61 6.40027
    endloop
  endfacet
  facet normal -0.522533 0 0.852619
    outer loop
      vertex 19.4515 55 6.40027
      vertex 19.0836 61 6.1748
      vertex 19.0836 55 6.1748
    endloop
  endfacet
  facet normal -0.38265 0 0.923893
    outer loop
      vertex 19.4515 61 6.40027
      vertex 19.8502 55 6.5654
      vertex 19.8502 61 6.5654
    endloop
  endfacet
  facet normal -0.38265 0 0.923893
    outer loop
      vertex 19.8502 55 6.5654
      vertex 19.4515 61 6.40027
      vertex 19.4515 55 6.40027
    endloop
  endfacet
  facet normal -0.233452 0 0.972368
    outer loop
      vertex 19.8502 61 6.5654
      vertex 20.2698 55 6.66614
      vertex 20.2698 61 6.66614
    endloop
  endfacet
  facet normal -0.233452 0 0.972368
    outer loop
      vertex 20.2698 55 6.66614
      vertex 19.8502 61 6.5654
      vertex 19.8502 55 6.5654
    endloop
  endfacet
  facet normal -0.923908 0 0.382615
    outer loop
      vertex 18.0846 55 4.7998
      vertex 18.2497 61 5.19847
      vertex 18.0846 61 4.7998
    endloop
  endfacet
  facet normal -0.923908 0 0.382615
    outer loop
      vertex 18.2497 61 5.19847
      vertex 18.0846 55 4.7998
      vertex 18.2497 55 5.19847
    endloop
  endfacet
  facet normal -0.0784649 0 0.996917
    outer loop
      vertex 20.2698 61 6.66614
      vertex 20.7 55 6.7
      vertex 20.7 61 6.7
    endloop
  endfacet
  facet normal -0.0784649 0 0.996917
    outer loop
      vertex 20.7 55 6.7
      vertex 20.2698 61 6.66614
      vertex 20.2698 55 6.66614
    endloop
  endfacet
  facet normal 0.996919 0 -0.0784408
    outer loop
      vertex 6.65 2 39.55
      vertex 6.62538 4.2 39.2371
      vertex 6.65 4.2 39.55
    endloop
  endfacet
  facet normal 0.996919 0 -0.0784408
    outer loop
      vertex 6.62538 4.2 39.2371
      vertex 6.65 2 39.55
      vertex 6.62538 2 39.2371
    endloop
  endfacet
  facet normal -0.078385 0 -0.996923
    outer loop
      vertex 4.33713 2 37.5746
      vertex 4.65 4.2 37.55
      vertex 4.65 2 37.55
    endloop
  endfacet
  facet normal -0.078385 0 -0.996923
    outer loop
      vertex 4.65 4.2 37.55
      vertex 4.33713 2 37.5746
      vertex 4.33713 4.2 37.5746
    endloop
  endfacet
  facet normal 0.078385 0 0.996923
    outer loop
      vertex 4.65 4.2 41.55
      vertex 4.96287 2 41.5254
      vertex 4.96287 4.2 41.5254
    endloop
  endfacet
  facet normal 0.078385 0 0.996923
    outer loop
      vertex 4.96287 2 41.5254
      vertex 4.65 4.2 41.55
      vertex 4.65 2 41.55
    endloop
  endfacet
  facet normal 0.649415 0 -0.760434
    outer loop
      vertex 5.82557 2 37.932
      vertex 6.06421 4.2 38.1358
      vertex 6.06421 2 38.1358
    endloop
  endfacet
  facet normal 0.649415 0 -0.760434
    outer loop
      vertex 6.06421 4.2 38.1358
      vertex 5.82557 2 37.932
      vertex 5.82557 4.2 37.932
    endloop
  endfacet
  facet normal -0.760349 0 -0.649515
    outer loop
      vertex 3.23579 2 38.1358
      vertex 3.03197 4.2 38.3744
      vertex 3.23579 4.2 38.1358
    endloop
  endfacet
  facet normal -0.760349 -0 -0.649515
    outer loop
      vertex 3.03197 4.2 38.3744
      vertex 3.23579 2 38.1358
      vertex 3.03197 2 38.3744
    endloop
  endfacet
  facet normal -0.38268 0 -0.923881
    outer loop
      vertex 3.74202 2 37.768
      vertex 4.03197 4.2 37.6479
      vertex 4.03197 2 37.6479
    endloop
  endfacet
  facet normal -0.38268 0 -0.923881
    outer loop
      vertex 4.03197 4.2 37.6479
      vertex 3.74202 2 37.768
      vertex 3.74202 4.2 37.768
    endloop
  endfacet
  facet normal 0.760349 -0 0.649515
    outer loop
      vertex 6.06421 2 40.9642
      vertex 6.26803 4.2 40.7256
      vertex 6.06421 4.2 40.9642
    endloop
  endfacet
  facet normal 0.760349 0 0.649515
    outer loop
      vertex 6.26803 4.2 40.7256
      vertex 6.06421 2 40.9642
      vertex 6.26803 2 40.7256
    endloop
  endfacet
  facet normal -0.852648 0 0.522486
    outer loop
      vertex 2.86799 2 40.458
      vertex 3.03197 4.2 40.7256
      vertex 2.86799 4.2 40.458
    endloop
  endfacet
  facet normal -0.852648 0 0.522486
    outer loop
      vertex 3.03197 4.2 40.7256
      vertex 2.86799 2 40.458
      vertex 3.03197 2 40.7256
    endloop
  endfacet
  facet normal 0.852648 0 -0.522486
    outer loop
      vertex 6.43201 2 38.642
      vertex 6.26803 4.2 38.3744
      vertex 6.43201 4.2 38.642
    endloop
  endfacet
  facet normal 0.852648 0 -0.522486
    outer loop
      vertex 6.26803 4.2 38.3744
      vertex 6.43201 2 38.642
      vertex 6.26803 2 38.3744
    endloop
  endfacet
  facet normal 0.972354 0 -0.233512
    outer loop
      vertex 6.62538 2 39.2371
      vertex 6.55211 4.2 38.932
      vertex 6.62538 4.2 39.2371
    endloop
  endfacet
  facet normal 0.972354 0 -0.233512
    outer loop
      vertex 6.55211 4.2 38.932
      vertex 6.62538 2 39.2371
      vertex 6.55211 2 38.932
    endloop
  endfacet
  facet normal 0.760349 0 -0.649515
    outer loop
      vertex 6.26803 2 38.3744
      vertex 6.06421 4.2 38.1358
      vertex 6.26803 4.2 38.3744
    endloop
  endfacet
  facet normal 0.760349 0 -0.649515
    outer loop
      vertex 6.06421 4.2 38.1358
      vertex 6.26803 2 38.3744
      vertex 6.06421 2 38.1358
    endloop
  endfacet
  facet normal 0.38268 0 -0.923881
    outer loop
      vertex 5.26803 2 37.6479
      vertex 5.55798 4.2 37.768
      vertex 5.55798 2 37.768
    endloop
  endfacet
  facet normal 0.38268 0 -0.923881
    outer loop
      vertex 5.55798 4.2 37.768
      vertex 5.26803 2 37.6479
      vertex 5.26803 4.2 37.6479
    endloop
  endfacet
  facet normal 0.522546 0 -0.852611
    outer loop
      vertex 5.55798 2 37.768
      vertex 5.82557 4.2 37.932
      vertex 5.82557 2 37.932
    endloop
  endfacet
  facet normal 0.522546 0 -0.852611
    outer loop
      vertex 5.82557 4.2 37.932
      vertex 5.55798 2 37.768
      vertex 5.55798 4.2 37.768
    endloop
  endfacet
  facet normal -0.972354 0 -0.233512
    outer loop
      vertex 2.74789 2 38.932
      vertex 2.67462 4.2 39.2371
      vertex 2.74789 4.2 38.932
    endloop
  endfacet
  facet normal -0.972354 -0 -0.233512
    outer loop
      vertex 2.67462 4.2 39.2371
      vertex 2.74789 2 38.932
      vertex 2.67462 2 39.2371
    endloop
  endfacet
  facet normal -0.852648 0 -0.522486
    outer loop
      vertex 3.03197 2 38.3744
      vertex 2.86799 4.2 38.642
      vertex 3.03197 4.2 38.3744
    endloop
  endfacet
  facet normal -0.852648 -0 -0.522486
    outer loop
      vertex 2.86799 4.2 38.642
      vertex 3.03197 2 38.3744
      vertex 2.86799 2 38.642
    endloop
  endfacet
  facet normal -0.996919 0 -0.0784408
    outer loop
      vertex 2.67462 2 39.2371
      vertex 2.65 4.2 39.55
      vertex 2.67462 4.2 39.2371
    endloop
  endfacet
  facet normal -0.996919 -0 -0.0784408
    outer loop
      vertex 2.65 4.2 39.55
      vertex 2.67462 2 39.2371
      vertex 2.65 2 39.55
    endloop
  endfacet
  facet normal 0 1 0
    outer loop
      vertex 4.65 4.2 40.2
      vertex 4.65 4.2 41.55
      vertex 4.96287 4.2 41.5254
    endloop
  endfacet
  facet normal 0 1 0
    outer loop
      vertex 4.75168 4.2 40.192
      vertex 4.96287 4.2 41.5254
      vertex 5.26803 4.2 41.4521
    endloop
  endfacet
  facet normal 0 1 0
    outer loop
      vertex 4.65 4.2 41.55
      vertex 4.65 4.2 40.2
      vertex 4.33713 4.2 41.5254
    endloop
  endfacet
  facet normal 0 1 0
    outer loop
      vertex 4.85086 4.2 40.1682
      vertex 5.26803 4.2 41.4521
      vertex 5.55798 4.2 41.332
    endloop
  endfacet
  facet normal 0 1 -0
    outer loop
      vertex 4.54832 4.2 40.192
      vertex 4.33713 4.2 41.5254
      vertex 4.65 4.2 40.2
    endloop
  endfacet
  facet normal 0 1 0
    outer loop
      vertex 4.94509 4.2 40.1292
      vertex 5.55798 4.2 41.332
      vertex 5.82557 4.2 41.168
    endloop
  endfacet
  facet normal 0 1 0
    outer loop
      vertex 4.33713 4.2 41.5254
      vertex 4.54832 4.2 40.192
      vertex 4.03197 4.2 41.4521
    endloop
  endfacet
  facet normal 0 1 0
    outer loop
      vertex 5.03206 4.2 40.0759
      vertex 5.82557 4.2 41.168
      vertex 6.06421 4.2 40.9642
    endloop
  endfacet
  facet normal 0 1 -0
    outer loop
      vertex 4.44914 4.2 40.1682
      vertex 4.03197 4.2 41.4521
      vertex 4.54832 4.2 40.192
    endloop
  endfacet
  facet normal 0 1 0
    outer loop
      vertex 5.10962 4.2 40.0096
      vertex 6.06421 4.2 40.9642
      vertex 6.26803 4.2 40.7256
    endloop
  endfacet
  facet normal 0 1 0
    outer loop
      vertex 4.03197 4.2 41.4521
      vertex 4.44914 4.2 40.1682
      vertex 3.74202 4.2 41.332
    endloop
  endfacet
  facet normal 0 1 0
    outer loop
      vertex 5.17586 4.2 39.9321
      vertex 6.26803 4.2 40.7256
      vertex 6.43201 4.2 40.458
    endloop
  endfacet
  facet normal 0 1 -0
    outer loop
      vertex 4.35491 4.2 40.1292
      vertex 3.74202 4.2 41.332
      vertex 4.44914 4.2 40.1682
    endloop
  endfacet
  facet normal 0 1 0
    outer loop
      vertex 3.74202 4.2 41.332
      vertex 4.35491 4.2 40.1292
      vertex 3.47443 4.2 41.168
    endloop
  endfacet
  facet normal 0 1 0
    outer loop
      vertex 4.96287 4.2 41.5254
      vertex 4.75168 4.2 40.192
      vertex 4.65 4.2 40.2
    endloop
  endfacet
  facet normal 0 1 0
    outer loop
      vertex 5.26803 4.2 41.4521
      vertex 4.85086 4.2 40.1682
      vertex 4.75168 4.2 40.192
    endloop
  endfacet
  facet normal 0 1 0
    outer loop
      vertex 5.22915 4.2 39.8451
      vertex 6.43201 4.2 40.458
      vertex 6.55211 4.2 40.168
    endloop
  endfacet
  facet normal 0 1 0
    outer loop
      vertex 5.55798 4.2 41.332
      vertex 4.94509 4.2 40.1292
      vertex 4.85086 4.2 40.1682
    endloop
  endfacet
  facet normal 0 1 0
    outer loop
      vertex 5.82557 4.2 41.168
      vertex 5.03206 4.2 40.0759
      vertex 4.94509 4.2 40.1292
    endloop
  endfacet
  facet normal 0 1 0
    outer loop
      vertex 6.06421 4.2 40.9642
      vertex 5.10962 4.2 40.0096
      vertex 5.03206 4.2 40.0759
    endloop
  endfacet
  facet normal 0 1 0
    outer loop
      vertex 6.26803 4.2 40.7256
      vertex 5.17586 4.2 39.9321
      vertex 5.10962 4.2 40.0096
    endloop
  endfacet
  facet normal 0 1 0
    outer loop
      vertex 5.26819 4.2 39.7509
      vertex 6.55211 4.2 40.168
      vertex 6.62538 4.2 39.8629
    endloop
  endfacet
  facet normal 0 1 0
    outer loop
      vertex 6.43201 4.2 40.458
      vertex 5.22915 4.2 39.8451
      vertex 5.17586 4.2 39.9321
    endloop
  endfacet
  facet normal 0 1 0
    outer loop
      vertex 6.55211 4.2 40.168
      vertex 5.26819 4.2 39.7509
      vertex 5.22915 4.2 39.8451
    endloop
  endfacet
  facet normal 0 1 0
    outer loop
      vertex 6.62538 4.2 39.8629
      vertex 5.292 4.2 39.6517
      vertex 5.26819 4.2 39.7509
    endloop
  endfacet
  facet normal 0 1 0
    outer loop
      vertex 6.65 4.2 39.55
      vertex 5.292 4.2 39.6517
      vertex 6.62538 4.2 39.8629
    endloop
  endfacet
  facet normal 0 1 0
    outer loop
      vertex 6.65 4.2 39.55
      vertex 5.3 4.2 39.55
      vertex 5.292 4.2 39.6517
    endloop
  endfacet
  facet normal 0 1 0
    outer loop
      vertex 6.65 4.2 39.55
      vertex 5.292 4.2 39.4483
      vertex 5.3 4.2 39.55
    endloop
  endfacet
  facet normal 0 1 -0
    outer loop
      vertex 6.62538 4.2 39.2371
      vertex 5.292 4.2 39.4483
      vertex 6.65 4.2 39.55
    endloop
  endfacet
  facet normal 0 1 0
    outer loop
      vertex 5.292 4.2 39.4483
      vertex 6.62538 4.2 39.2371
      vertex 5.26819 4.2 39.3491
    endloop
  endfacet
  facet normal 0 1 -0
    outer loop
      vertex 6.55211 4.2 38.932
      vertex 5.26819 4.2 39.3491
      vertex 6.62538 4.2 39.2371
    endloop
  endfacet
  facet normal 0 1 0
    outer loop
      vertex 5.26819 4.2 39.3491
      vertex 6.55211 4.2 38.932
      vertex 5.22915 4.2 39.2549
    endloop
  endfacet
  facet normal 0 1 -0
    outer loop
      vertex 6.43201 4.2 38.642
      vertex 5.22915 4.2 39.2549
      vertex 6.55211 4.2 38.932
    endloop
  endfacet
  facet normal 0 1 0
    outer loop
      vertex 5.22915 4.2 39.2549
      vertex 6.43201 4.2 38.642
      vertex 5.17586 4.2 39.1679
    endloop
  endfacet
  facet normal 0 1 -0
    outer loop
      vertex 6.26803 4.2 38.3744
      vertex 5.17586 4.2 39.1679
      vertex 6.43201 4.2 38.642
    endloop
  endfacet
  facet normal 0 1 0
    outer loop
      vertex 5.17586 4.2 39.1679
      vertex 6.26803 4.2 38.3744
      vertex 5.10962 4.2 39.0904
    endloop
  endfacet
  facet normal 0 1 -0
    outer loop
      vertex 6.06421 4.2 38.1358
      vertex 5.10962 4.2 39.0904
      vertex 6.26803 4.2 38.3744
    endloop
  endfacet
  facet normal 0 1 0
    outer loop
      vertex 5.10962 4.2 39.0904
      vertex 6.06421 4.2 38.1358
      vertex 5.03206 4.2 39.0241
    endloop
  endfacet
  facet normal 0 1 -0
    outer loop
      vertex 5.82557 4.2 37.932
      vertex 5.03206 4.2 39.0241
      vertex 6.06421 4.2 38.1358
    endloop
  endfacet
  facet normal 0 1 0
    outer loop
      vertex 5.03206 4.2 39.0241
      vertex 5.82557 4.2 37.932
      vertex 4.94509 4.2 38.9708
    endloop
  endfacet
  facet normal 0 1 -0
    outer loop
      vertex 4.26794 4.2 40.0759
      vertex 3.47443 4.2 41.168
      vertex 4.35491 4.2 40.1292
    endloop
  endfacet
  facet normal 0 1 0
    outer loop
      vertex 3.47443 4.2 41.168
      vertex 4.26794 4.2 40.0759
      vertex 3.23579 4.2 40.9642
    endloop
  endfacet
  facet normal 0 1 -0
    outer loop
      vertex 4.19038 4.2 40.0096
      vertex 3.23579 4.2 40.9642
      vertex 4.26794 4.2 40.0759
    endloop
  endfacet
  facet normal 0 1 0
    outer loop
      vertex 3.23579 4.2 40.9642
      vertex 4.19038 4.2 40.0096
      vertex 3.03197 4.2 40.7256
    endloop
  endfacet
  facet normal 0 1 -0
    outer loop
      vertex 4.12414 4.2 39.9321
      vertex 3.03197 4.2 40.7256
      vertex 4.19038 4.2 40.0096
    endloop
  endfacet
  facet normal 0 1 0
    outer loop
      vertex 3.03197 4.2 40.7256
      vertex 4.12414 4.2 39.9321
      vertex 2.86799 4.2 40.458
    endloop
  endfacet
  facet normal 0 1 -0
    outer loop
      vertex 4.07085 4.2 39.8451
      vertex 2.86799 4.2 40.458
      vertex 4.12414 4.2 39.9321
    endloop
  endfacet
  facet normal 0 1 0
    outer loop
      vertex 2.86799 4.2 40.458
      vertex 4.07085 4.2 39.8451
      vertex 2.74789 4.2 40.168
    endloop
  endfacet
  facet normal 0 1 -0
    outer loop
      vertex 4.03181 4.2 39.7509
      vertex 2.74789 4.2 40.168
      vertex 4.07085 4.2 39.8451
    endloop
  endfacet
  facet normal 0 1 0
    outer loop
      vertex 2.74789 4.2 40.168
      vertex 4.03181 4.2 39.7509
      vertex 2.67462 4.2 39.8629
    endloop
  endfacet
  facet normal 0 1 -0
    outer loop
      vertex 4.008 4.2 39.6517
      vertex 2.67462 4.2 39.8629
      vertex 4.03181 4.2 39.7509
    endloop
  endfacet
  facet normal 0 1 -0
    outer loop
      vertex 4 4.2 39.55
      vertex 2.67462 4.2 39.8629
      vertex 4.008 4.2 39.6517
    endloop
  endfacet
  facet normal 0 1 0
    outer loop
      vertex 4 4.2 39.55
      vertex 2.65 4.2 39.55
      vertex 2.67462 4.2 39.8629
    endloop
  endfacet
  facet normal 0 1 0
    outer loop
      vertex 4.008 4.2 39.4483
      vertex 2.65 4.2 39.55
      vertex 4 4.2 39.55
    endloop
  endfacet
  facet normal 0 1 0
    outer loop
      vertex 2.67462 4.2 39.2371
      vertex 4.008 4.2 39.4483
      vertex 4.03181 4.2 39.3491
    endloop
  endfacet
  facet normal 0 1 0
    outer loop
      vertex 2.74789 4.2 38.932
      vertex 4.03181 4.2 39.3491
      vertex 4.07085 4.2 39.2549
    endloop
  endfacet
  facet normal 0 1 0
    outer loop
      vertex 4.008 4.2 39.4483
      vertex 2.67462 4.2 39.2371
      vertex 2.65 4.2 39.55
    endloop
  endfacet
  facet normal 0 1 0
    outer loop
      vertex 2.86799 4.2 38.642
      vertex 4.07085 4.2 39.2549
      vertex 4.12414 4.2 39.1679
    endloop
  endfacet
  facet normal 0 1 0
    outer loop
      vertex 3.03197 4.2 38.3744
      vertex 4.12414 4.2 39.1679
      vertex 4.19038 4.2 39.0904
    endloop
  endfacet
  facet normal 0 1 0
    outer loop
      vertex 3.23579 4.2 38.1358
      vertex 4.19038 4.2 39.0904
      vertex 4.26794 4.2 39.0241
    endloop
  endfacet
  facet normal 0 1 0
    outer loop
      vertex 3.47443 4.2 37.932
      vertex 4.26794 4.2 39.0241
      vertex 4.35491 4.2 38.9708
    endloop
  endfacet
  facet normal 0 1 0
    outer loop
      vertex 4.03181 4.2 39.3491
      vertex 2.74789 4.2 38.932
      vertex 2.67462 4.2 39.2371
    endloop
  endfacet
  facet normal 0 1 0
    outer loop
      vertex 3.74202 4.2 37.768
      vertex 4.35491 4.2 38.9708
      vertex 4.44914 4.2 38.9318
    endloop
  endfacet
  facet normal 0 1 0
    outer loop
      vertex 4.03197 4.2 37.6479
      vertex 4.44914 4.2 38.9318
      vertex 4.54832 4.2 38.908
    endloop
  endfacet
  facet normal 0 1 0
    outer loop
      vertex 4.33713 4.2 37.5746
      vertex 4.54832 4.2 38.908
      vertex 4.65 4.2 38.9
    endloop
  endfacet
  facet normal 0 1 -0
    outer loop
      vertex 5.55798 4.2 37.768
      vertex 4.94509 4.2 38.9708
      vertex 5.82557 4.2 37.932
    endloop
  endfacet
  facet normal 0 1 0
    outer loop
      vertex 4.07085 4.2 39.2549
      vertex 2.86799 4.2 38.642
      vertex 2.74789 4.2 38.932
    endloop
  endfacet
  facet normal 0 1 0
    outer loop
      vertex 4.94509 4.2 38.9708
      vertex 5.55798 4.2 37.768
      vertex 4.85086 4.2 38.9318
    endloop
  endfacet
  facet normal 0 1 0
    outer loop
      vertex 4.12414 4.2 39.1679
      vertex 3.03197 4.2 38.3744
      vertex 2.86799 4.2 38.642
    endloop
  endfacet
  facet normal 0 1 -0
    outer loop
      vertex 5.26803 4.2 37.6479
      vertex 4.85086 4.2 38.9318
      vertex 5.55798 4.2 37.768
    endloop
  endfacet
  facet normal 0 1 0
    outer loop
      vertex 4.19038 4.2 39.0904
      vertex 3.23579 4.2 38.1358
      vertex 3.03197 4.2 38.3744
    endloop
  endfacet
  facet normal 0 1 0
    outer loop
      vertex 4.85086 4.2 38.9318
      vertex 5.26803 4.2 37.6479
      vertex 4.75168 4.2 38.908
    endloop
  endfacet
  facet normal 0 1 0
    outer loop
      vertex 4.26794 4.2 39.0241
      vertex 3.47443 4.2 37.932
      vertex 3.23579 4.2 38.1358
    endloop
  endfacet
  facet normal 0 1 -0
    outer loop
      vertex 4.96287 4.2 37.5746
      vertex 4.75168 4.2 38.908
      vertex 5.26803 4.2 37.6479
    endloop
  endfacet
  facet normal 0 1 0
    outer loop
      vertex 4.35491 4.2 38.9708
      vertex 3.74202 4.2 37.768
      vertex 3.47443 4.2 37.932
    endloop
  endfacet
  facet normal 0 1 0
    outer loop
      vertex 4.75168 4.2 38.908
      vertex 4.96287 4.2 37.5746
      vertex 4.65 4.2 38.9
    endloop
  endfacet
  facet normal 0 1 0
    outer loop
      vertex 4.44914 4.2 38.9318
      vertex 4.03197 4.2 37.6479
      vertex 3.74202 4.2 37.768
    endloop
  endfacet
  facet normal 0 1 0
    outer loop
      vertex 4.65 4.2 37.55
      vertex 4.65 4.2 38.9
      vertex 4.96287 4.2 37.5746
    endloop
  endfacet
  facet normal 0 1 0
    outer loop
      vertex 4.54832 4.2 38.908
      vertex 4.33713 4.2 37.5746
      vertex 4.03197 4.2 37.6479
    endloop
  endfacet
  facet normal 0 1 0
    outer loop
      vertex 4.65 4.2 38.9
      vertex 4.65 4.2 37.55
      vertex 4.33713 4.2 37.5746
    endloop
  endfacet
  facet normal -0.233559 0 -0.972343
    outer loop
      vertex 4.03197 2 37.6479
      vertex 4.33713 4.2 37.5746
      vertex 4.33713 2 37.5746
    endloop
  endfacet
  facet normal -0.233559 0 -0.972343
    outer loop
      vertex 4.33713 4.2 37.5746
      vertex 4.03197 2 37.6479
      vertex 4.03197 4.2 37.6479
    endloop
  endfacet
  facet normal 0.522546 0 0.852611
    outer loop
      vertex 5.55798 4.2 41.332
      vertex 5.82557 2 41.168
      vertex 5.82557 4.2 41.168
    endloop
  endfacet
  facet normal 0.522546 0 0.852611
    outer loop
      vertex 5.82557 2 41.168
      vertex 5.55798 4.2 41.332
      vertex 5.55798 2 41.332
    endloop
  endfacet
  facet normal 0.233559 0 0.972343
    outer loop
      vertex 4.96287 4.2 41.5254
      vertex 5.26803 2 41.4521
      vertex 5.26803 4.2 41.4521
    endloop
  endfacet
  facet normal 0.233559 0 0.972343
    outer loop
      vertex 5.26803 2 41.4521
      vertex 4.96287 4.2 41.5254
      vertex 4.96287 2 41.5254
    endloop
  endfacet
  facet normal 0.649415 0 0.760434
    outer loop
      vertex 5.82557 4.2 41.168
      vertex 6.06421 2 40.9642
      vertex 6.06421 4.2 40.9642
    endloop
  endfacet
  facet normal 0.649415 0 0.760434
    outer loop
      vertex 6.06421 2 40.9642
      vertex 5.82557 4.2 41.168
      vertex 5.82557 2 41.168
    endloop
  endfacet
  facet normal -0.078385 0 0.996923
    outer loop
      vertex 4.33713 4.2 41.5254
      vertex 4.65 2 41.55
      vertex 4.65 4.2 41.55
    endloop
  endfacet
  facet normal -0.078385 0 0.996923
    outer loop
      vertex 4.65 2 41.55
      vertex 4.33713 4.2 41.5254
      vertex 4.33713 2 41.5254
    endloop
  endfacet
  facet normal -0.760349 0 0.649515
    outer loop
      vertex 3.03197 2 40.7256
      vertex 3.23579 4.2 40.9642
      vertex 3.03197 4.2 40.7256
    endloop
  endfacet
  facet normal -0.760349 0 0.649515
    outer loop
      vertex 3.23579 4.2 40.9642
      vertex 3.03197 2 40.7256
      vertex 3.23579 2 40.9642
    endloop
  endfacet
  facet normal -0.972354 0 0.233512
    outer loop
      vertex 2.67462 2 39.8629
      vertex 2.74789 4.2 40.168
      vertex 2.67462 4.2 39.8629
    endloop
  endfacet
  facet normal -0.972354 0 0.233512
    outer loop
      vertex 2.74789 4.2 40.168
      vertex 2.67462 2 39.8629
      vertex 2.74789 2 40.168
    endloop
  endfacet
  facet normal 0.923904 0 -0.382624
    outer loop
      vertex 6.55211 2 38.932
      vertex 6.43201 4.2 38.642
      vertex 6.55211 4.2 38.932
    endloop
  endfacet
  facet normal 0.923904 0 -0.382624
    outer loop
      vertex 6.43201 4.2 38.642
      vertex 6.55211 2 38.932
      vertex 6.43201 2 38.642
    endloop
  endfacet
  facet normal 0.233559 0 -0.972343
    outer loop
      vertex 4.96287 2 37.5746
      vertex 5.26803 4.2 37.6479
      vertex 5.26803 2 37.6479
    endloop
  endfacet
  facet normal 0.233559 0 -0.972343
    outer loop
      vertex 5.26803 4.2 37.6479
      vertex 4.96287 2 37.5746
      vertex 4.96287 4.2 37.5746
    endloop
  endfacet
  facet normal 0.078385 0 -0.996923
    outer loop
      vertex 4.65 2 37.55
      vertex 4.96287 4.2 37.5746
      vertex 4.96287 2 37.5746
    endloop
  endfacet
  facet normal 0.078385 0 -0.996923
    outer loop
      vertex 4.96287 4.2 37.5746
      vertex 4.65 2 37.55
      vertex 4.65 4.2 37.55
    endloop
  endfacet
  facet normal -0.923904 0 -0.382624
    outer loop
      vertex 2.86799 2 38.642
      vertex 2.74789 4.2 38.932
      vertex 2.86799 4.2 38.642
    endloop
  endfacet
  facet normal -0.923904 -0 -0.382624
    outer loop
      vertex 2.74789 4.2 38.932
      vertex 2.86799 2 38.642
      vertex 2.74789 2 38.932
    endloop
  endfacet
  facet normal -0.996919 0 0.0784408
    outer loop
      vertex 2.65 2 39.55
      vertex 2.67462 4.2 39.8629
      vertex 2.65 4.2 39.55
    endloop
  endfacet
  facet normal -0.996919 0 0.0784408
    outer loop
      vertex 2.67462 4.2 39.8629
      vertex 2.65 2 39.55
      vertex 2.67462 2 39.8629
    endloop
  endfacet
  facet normal -0.522546 0 -0.852611
    outer loop
      vertex 3.47443 2 37.932
      vertex 3.74202 4.2 37.768
      vertex 3.74202 2 37.768
    endloop
  endfacet
  facet normal -0.522546 0 -0.852611
    outer loop
      vertex 3.74202 4.2 37.768
      vertex 3.47443 2 37.932
      vertex 3.47443 4.2 37.932
    endloop
  endfacet
  facet normal -0.649415 0 -0.760434
    outer loop
      vertex 3.23579 2 38.1358
      vertex 3.47443 4.2 37.932
      vertex 3.47443 2 37.932
    endloop
  endfacet
  facet normal -0.649415 0 -0.760434
    outer loop
      vertex 3.47443 4.2 37.932
      vertex 3.23579 2 38.1358
      vertex 3.23579 4.2 38.1358
    endloop
  endfacet
  facet normal 0.38268 0 0.923881
    outer loop
      vertex 5.26803 4.2 41.4521
      vertex 5.55798 2 41.332
      vertex 5.55798 4.2 41.332
    endloop
  endfacet
  facet normal 0.38268 0 0.923881
    outer loop
      vertex 5.55798 2 41.332
      vertex 5.26803 4.2 41.4521
      vertex 5.26803 2 41.4521
    endloop
  endfacet
  facet normal 0.923904 -0 0.382624
    outer loop
      vertex 6.43201 2 40.458
      vertex 6.55211 4.2 40.168
      vertex 6.43201 4.2 40.458
    endloop
  endfacet
  facet normal 0.923904 0 0.382624
    outer loop
      vertex 6.55211 4.2 40.168
      vertex 6.43201 2 40.458
      vertex 6.55211 2 40.168
    endloop
  endfacet
  facet normal 0.852648 -0 0.522486
    outer loop
      vertex 6.26803 2 40.7256
      vertex 6.43201 4.2 40.458
      vertex 6.26803 4.2 40.7256
    endloop
  endfacet
  facet normal 0.852648 0 0.522486
    outer loop
      vertex 6.43201 4.2 40.458
      vertex 6.26803 2 40.7256
      vertex 6.43201 2 40.458
    endloop
  endfacet
  facet normal 0.972354 -0 0.233512
    outer loop
      vertex 6.55211 2 40.168
      vertex 6.62538 4.2 39.8629
      vertex 6.55211 4.2 40.168
    endloop
  endfacet
  facet normal 0.972354 0 0.233512
    outer loop
      vertex 6.62538 4.2 39.8629
      vertex 6.55211 2 40.168
      vertex 6.62538 2 39.8629
    endloop
  endfacet
  facet normal -0.522546 0 0.852611
    outer loop
      vertex 3.47443 4.2 41.168
      vertex 3.74202 2 41.332
      vertex 3.74202 4.2 41.332
    endloop
  endfacet
  facet normal -0.522546 0 0.852611
    outer loop
      vertex 3.74202 2 41.332
      vertex 3.47443 4.2 41.168
      vertex 3.47443 2 41.168
    endloop
  endfacet
  facet normal -0.233559 0 0.972343
    outer loop
      vertex 4.03197 4.2 41.4521
      vertex 4.33713 2 41.5254
      vertex 4.33713 4.2 41.5254
    endloop
  endfacet
  facet normal -0.233559 0 0.972343
    outer loop
      vertex 4.33713 2 41.5254
      vertex 4.03197 4.2 41.4521
      vertex 4.03197 2 41.4521
    endloop
  endfacet
  facet normal -0.649415 0 0.760434
    outer loop
      vertex 3.23579 4.2 40.9642
      vertex 3.47443 2 41.168
      vertex 3.47443 4.2 41.168
    endloop
  endfacet
  facet normal -0.649415 0 0.760434
    outer loop
      vertex 3.47443 2 41.168
      vertex 3.23579 4.2 40.9642
      vertex 3.23579 2 40.9642
    endloop
  endfacet
  facet normal -0.923904 0 0.382624
    outer loop
      vertex 2.74789 2 40.168
      vertex 2.86799 4.2 40.458
      vertex 2.74789 4.2 40.168
    endloop
  endfacet
  facet normal -0.923904 0 0.382624
    outer loop
      vertex 2.86799 4.2 40.458
      vertex 2.74789 2 40.168
      vertex 2.86799 2 40.458
    endloop
  endfacet
  facet normal 0.996919 -0 0.0784408
    outer loop
      vertex 6.62538 2 39.8629
      vertex 6.65 4.2 39.55
      vertex 6.62538 4.2 39.8629
    endloop
  endfacet
  facet normal 0.996919 0 0.0784408
    outer loop
      vertex 6.65 4.2 39.55
      vertex 6.62538 2 39.8629
      vertex 6.65 2 39.55
    endloop
  endfacet
  facet normal -0.38268 0 0.923881
    outer loop
      vertex 3.74202 4.2 41.332
      vertex 4.03197 2 41.4521
      vertex 4.03197 4.2 41.4521
    endloop
  endfacet
  facet normal -0.38268 0 0.923881
    outer loop
      vertex 4.03197 2 41.4521
      vertex 3.74202 4.2 41.332
      vertex 3.74202 2 41.332
    endloop
  endfacet
  facet normal 0.996918 0 -0.0784483
    outer loop
      vertex 6.65 2 4.45
      vertex 6.62538 4.2 4.13713
      vertex 6.65 4.2 4.45
    endloop
  endfacet
  facet normal 0.996918 0 -0.0784483
    outer loop
      vertex 6.62538 4.2 4.13713
      vertex 6.65 2 4.45
      vertex 6.62538 2 4.13713
    endloop
  endfacet
  facet normal -0.0784483 0 -0.996918
    outer loop
      vertex 4.33713 2 2.47462
      vertex 4.65 4.2 2.45
      vertex 4.65 2 2.45
    endloop
  endfacet
  facet normal -0.0784483 0 -0.996918
    outer loop
      vertex 4.65 4.2 2.45
      vertex 4.33713 2 2.47462
      vertex 4.33713 4.2 2.47462
    endloop
  endfacet
  facet normal 0.649452 0 -0.760403
    outer loop
      vertex 5.82557 2 2.83197
      vertex 6.06421 4.2 3.03579
      vertex 6.06421 2 3.03579
    endloop
  endfacet
  facet normal 0.649452 0 -0.760403
    outer loop
      vertex 6.06421 4.2 3.03579
      vertex 5.82557 2 2.83197
      vertex 5.82557 4.2 2.83197
    endloop
  endfacet
  facet normal -0.760403 0 -0.649452
    outer loop
      vertex 3.23579 2 3.03579
      vertex 3.03197 4.2 3.27443
      vertex 3.23579 4.2 3.03579
    endloop
  endfacet
  facet normal -0.760403 -0 -0.649452
    outer loop
      vertex 3.03197 4.2 3.27443
      vertex 3.23579 2 3.03579
      vertex 3.03197 2 3.27443
    endloop
  endfacet
  facet normal -0.5225 0 -0.852639
    outer loop
      vertex 3.47443 2 2.83197
      vertex 3.74202 4.2 2.66799
      vertex 3.74202 2 2.66799
    endloop
  endfacet
  facet normal -0.5225 0 -0.852639
    outer loop
      vertex 3.74202 4.2 2.66799
      vertex 3.47443 2 2.83197
      vertex 3.47443 4.2 2.83197
    endloop
  endfacet
  facet normal 0.852639 0 -0.5225
    outer loop
      vertex 6.43201 2 3.54202
      vertex 6.26803 4.2 3.27443
      vertex 6.43201 4.2 3.54202
    endloop
  endfacet
  facet normal 0.852639 0 -0.5225
    outer loop
      vertex 6.26803 4.2 3.27443
      vertex 6.43201 2 3.54202
      vertex 6.26803 2 3.27443
    endloop
  endfacet
  facet normal 0.972364 0 -0.233468
    outer loop
      vertex 6.62538 2 4.13713
      vertex 6.55211 4.2 3.83197
      vertex 6.62538 4.2 4.13713
    endloop
  endfacet
  facet normal 0.972364 0 -0.233468
    outer loop
      vertex 6.55211 4.2 3.83197
      vertex 6.62538 2 4.13713
      vertex 6.55211 2 3.83197
    endloop
  endfacet
  facet normal 0.760403 0 -0.649452
    outer loop
      vertex 6.26803 2 3.27443
      vertex 6.06421 4.2 3.03579
      vertex 6.26803 4.2 3.27443
    endloop
  endfacet
  facet normal 0.760403 0 -0.649452
    outer loop
      vertex 6.06421 4.2 3.03579
      vertex 6.26803 2 3.27443
      vertex 6.06421 2 3.03579
    endloop
  endfacet
  facet normal 0.233468 0 -0.972364
    outer loop
      vertex 4.96287 2 2.47462
      vertex 5.26803 4.2 2.54789
      vertex 5.26803 2 2.54789
    endloop
  endfacet
  facet normal 0.233468 0 -0.972364
    outer loop
      vertex 5.26803 4.2 2.54789
      vertex 4.96287 2 2.47462
      vertex 4.96287 4.2 2.47462
    endloop
  endfacet
  facet normal 0.0784483 0 -0.996918
    outer loop
      vertex 4.65 2 2.45
      vertex 4.96287 4.2 2.47462
      vertex 4.96287 2 2.47462
    endloop
  endfacet
  facet normal 0.0784483 0 -0.996918
    outer loop
      vertex 4.96287 4.2 2.47462
      vertex 4.65 2 2.45
      vertex 4.65 4.2 2.45
    endloop
  endfacet
  facet normal 0.38268 0 -0.923881
    outer loop
      vertex 5.26803 2 2.54789
      vertex 5.55798 4.2 2.66799
      vertex 5.55798 2 2.66799
    endloop
  endfacet
  facet normal 0.38268 0 -0.923881
    outer loop
      vertex 5.55798 4.2 2.66799
      vertex 5.26803 2 2.54789
      vertex 5.26803 4.2 2.54789
    endloop
  endfacet
  facet normal -0.972364 0 -0.233468
    outer loop
      vertex 2.74789 2 3.83197
      vertex 2.67462 4.2 4.13713
      vertex 2.74789 4.2 3.83197
    endloop
  endfacet
  facet normal -0.972364 -0 -0.233468
    outer loop
      vertex 2.67462 4.2 4.13713
      vertex 2.74789 2 3.83197
      vertex 2.67462 2 4.13713
    endloop
  endfacet
  facet normal -0.996918 0 -0.0784483
    outer loop
      vertex 2.67462 2 4.13713
      vertex 2.65 4.2 4.45
      vertex 2.67462 4.2 4.13713
    endloop
  endfacet
  facet normal -0.996918 -0 -0.0784483
    outer loop
      vertex 2.65 4.2 4.45
      vertex 2.67462 2 4.13713
      vertex 2.65 2 4.45
    endloop
  endfacet
  facet normal 0 1 0
    outer loop
      vertex 6.58045 4.2 4.95
      vertex 5.10962 4.2 4.90962
      vertex 5.06234 4.2 4.95
    endloop
  endfacet
  facet normal 0 1 0
    outer loop
      vertex 6.58045 4.2 4.95
      vertex 5.17586 4.2 4.83206
      vertex 5.10962 4.2 4.90962
    endloop
  endfacet
  facet normal 0 1 0
    outer loop
      vertex 5.292 4.2 4.55168
      vertex 6.58045 4.2 4.95
      vertex 6.62538 4.2 4.76287
    endloop
  endfacet
  facet normal 0 1 0
    outer loop
      vertex 6.58045 4.2 4.95
      vertex 5.22915 4.2 4.74509
      vertex 5.17586 4.2 4.83206
    endloop
  endfacet
  facet normal 0 1 0
    outer loop
      vertex 6.58045 4.2 4.95
      vertex 5.26819 4.2 4.65086
      vertex 5.22915 4.2 4.74509
    endloop
  endfacet
  facet normal 0 1 0
    outer loop
      vertex 6.58045 4.2 4.95
      vertex 5.292 4.2 4.55168
      vertex 5.26819 4.2 4.65086
    endloop
  endfacet
  facet normal 0 1 0
    outer loop
      vertex 6.65 4.2 4.45
      vertex 5.292 4.2 4.55168
      vertex 6.62538 4.2 4.76287
    endloop
  endfacet
  facet normal 0 1 0
    outer loop
      vertex 6.65 4.2 4.45
      vertex 5.3 4.2 4.45
      vertex 5.292 4.2 4.55168
    endloop
  endfacet
  facet normal 0 1 0
    outer loop
      vertex 6.65 4.2 4.45
      vertex 5.292 4.2 4.34832
      vertex 5.3 4.2 4.45
    endloop
  endfacet
  facet normal 0 1 -0
    outer loop
      vertex 6.62538 4.2 4.13713
      vertex 5.292 4.2 4.34832
      vertex 6.65 4.2 4.45
    endloop
  endfacet
  facet normal 0 1 0
    outer loop
      vertex 5.292 4.2 4.34832
      vertex 6.62538 4.2 4.13713
      vertex 5.26819 4.2 4.24914
    endloop
  endfacet
  facet normal 0 1 -0
    outer loop
      vertex 6.55211 4.2 3.83197
      vertex 5.26819 4.2 4.24914
      vertex 6.62538 4.2 4.13713
    endloop
  endfacet
  facet normal 0 1 0
    outer loop
      vertex 5.26819 4.2 4.24914
      vertex 6.55211 4.2 3.83197
      vertex 5.22915 4.2 4.15491
    endloop
  endfacet
  facet normal 0 1 -0
    outer loop
      vertex 6.43201 4.2 3.54202
      vertex 5.22915 4.2 4.15491
      vertex 6.55211 4.2 3.83197
    endloop
  endfacet
  facet normal 0 1 0
    outer loop
      vertex 5.22915 4.2 4.15491
      vertex 6.43201 4.2 3.54202
      vertex 5.17586 4.2 4.06794
    endloop
  endfacet
  facet normal 0 1 -0
    outer loop
      vertex 6.26803 4.2 3.27443
      vertex 5.17586 4.2 4.06794
      vertex 6.43201 4.2 3.54202
    endloop
  endfacet
  facet normal 0 1 0
    outer loop
      vertex 5.17586 4.2 4.06794
      vertex 6.26803 4.2 3.27443
      vertex 5.10962 4.2 3.99038
    endloop
  endfacet
  facet normal 0 1 -0
    outer loop
      vertex 6.06421 4.2 3.03579
      vertex 5.10962 4.2 3.99038
      vertex 6.26803 4.2 3.27443
    endloop
  endfacet
  facet normal 0 1 0
    outer loop
      vertex 5.10962 4.2 3.99038
      vertex 6.06421 4.2 3.03579
      vertex 5.03206 4.2 3.92414
    endloop
  endfacet
  facet normal 0 1 -0
    outer loop
      vertex 5.82557 4.2 2.83197
      vertex 5.03206 4.2 3.92414
      vertex 6.06421 4.2 3.03579
    endloop
  endfacet
  facet normal 0 1 0
    outer loop
      vertex 5.03206 4.2 3.92414
      vertex 5.82557 4.2 2.83197
      vertex 4.94509 4.2 3.87084
    endloop
  endfacet
  facet normal 0 1 -0
    outer loop
      vertex 4.19038 4.2 4.90962
      vertex 2.71955 4.2 4.95
      vertex 4.23766 4.2 4.95
    endloop
  endfacet
  facet normal 0 1 -0
    outer loop
      vertex 4.12414 4.2 4.83206
      vertex 2.71955 4.2 4.95
      vertex 4.19038 4.2 4.90962
    endloop
  endfacet
  facet normal 0 1 -0
    outer loop
      vertex 4.07085 4.2 4.74509
      vertex 2.71955 4.2 4.95
      vertex 4.12414 4.2 4.83206
    endloop
  endfacet
  facet normal 0 1 -0
    outer loop
      vertex 4.03181 4.2 4.65086
      vertex 2.71955 4.2 4.95
      vertex 4.07085 4.2 4.74509
    endloop
  endfacet
  facet normal 0 1 -0
    outer loop
      vertex 4.008 4.2 4.55168
      vertex 2.71955 4.2 4.95
      vertex 4.03181 4.2 4.65086
    endloop
  endfacet
  facet normal 0 1 0
    outer loop
      vertex 2.71955 4.2 4.95
      vertex 4.008 4.2 4.55168
      vertex 2.67462 4.2 4.76287
    endloop
  endfacet
  facet normal 0 1 -0
    outer loop
      vertex 4 4.2 4.45
      vertex 2.67462 4.2 4.76287
      vertex 4.008 4.2 4.55168
    endloop
  endfacet
  facet normal 0 1 0
    outer loop
      vertex 4 4.2 4.45
      vertex 2.65 4.2 4.45
      vertex 2.67462 4.2 4.76287
    endloop
  endfacet
  facet normal 0 1 0
    outer loop
      vertex 4.008 4.2 4.34832
      vertex 2.65 4.2 4.45
      vertex 4 4.2 4.45
    endloop
  endfacet
  facet normal 0 1 0
    outer loop
      vertex 2.67462 4.2 4.13713
      vertex 4.008 4.2 4.34832
      vertex 4.03181 4.2 4.24914
    endloop
  endfacet
  facet normal 0 1 0
    outer loop
      vertex 2.74789 4.2 3.83197
      vertex 4.03181 4.2 4.24914
      vertex 4.07085 4.2 4.15491
    endloop
  endfacet
  facet normal 0 1 0
    outer loop
      vertex 4.008 4.2 4.34832
      vertex 2.67462 4.2 4.13713
      vertex 2.65 4.2 4.45
    endloop
  endfacet
  facet normal 0 1 0
    outer loop
      vertex 2.86799 4.2 3.54202
      vertex 4.07085 4.2 4.15491
      vertex 4.12414 4.2 4.06794
    endloop
  endfacet
  facet normal 0 1 0
    outer loop
      vertex 3.03197 4.2 3.27443
      vertex 4.12414 4.2 4.06794
      vertex 4.19038 4.2 3.99038
    endloop
  endfacet
  facet normal 0 1 0
    outer loop
      vertex 3.23579 4.2 3.03579
      vertex 4.19038 4.2 3.99038
      vertex 4.26794 4.2 3.92414
    endloop
  endfacet
  facet normal 0 1 0
    outer loop
      vertex 3.47443 4.2 2.83197
      vertex 4.26794 4.2 3.92414
      vertex 4.35491 4.2 3.87084
    endloop
  endfacet
  facet normal 0 1 0
    outer loop
      vertex 4.03181 4.2 4.24914
      vertex 2.74789 4.2 3.83197
      vertex 2.67462 4.2 4.13713
    endloop
  endfacet
  facet normal 0 1 0
    outer loop
      vertex 3.74202 4.2 2.66799
      vertex 4.35491 4.2 3.87084
      vertex 4.44914 4.2 3.83181
    endloop
  endfacet
  facet normal 0 1 0
    outer loop
      vertex 4.03197 4.2 2.54789
      vertex 4.44914 4.2 3.83181
      vertex 4.54832 4.2 3.808
    endloop
  endfacet
  facet normal 0 1 0
    outer loop
      vertex 4.33713 4.2 2.47462
      vertex 4.54832 4.2 3.808
      vertex 4.65 4.2 3.8
    endloop
  endfacet
  facet normal 0 1 -0
    outer loop
      vertex 5.55798 4.2 2.66799
      vertex 4.94509 4.2 3.87084
      vertex 5.82557 4.2 2.83197
    endloop
  endfacet
  facet normal 0 1 0
    outer loop
      vertex 4.07085 4.2 4.15491
      vertex 2.86799 4.2 3.54202
      vertex 2.74789 4.2 3.83197
    endloop
  endfacet
  facet normal 0 1 0
    outer loop
      vertex 4.94509 4.2 3.87084
      vertex 5.55798 4.2 2.66799
      vertex 4.85086 4.2 3.83181
    endloop
  endfacet
  facet normal 0 1 0
    outer loop
      vertex 4.12414 4.2 4.06794
      vertex 3.03197 4.2 3.27443
      vertex 2.86799 4.2 3.54202
    endloop
  endfacet
  facet normal 0 1 -0
    outer loop
      vertex 5.26803 4.2 2.54789
      vertex 4.85086 4.2 3.83181
      vertex 5.55798 4.2 2.66799
    endloop
  endfacet
  facet normal 0 1 0
    outer loop
      vertex 4.19038 4.2 3.99038
      vertex 3.23579 4.2 3.03579
      vertex 3.03197 4.2 3.27443
    endloop
  endfacet
  facet normal 0 1 0
    outer loop
      vertex 4.85086 4.2 3.83181
      vertex 5.26803 4.2 2.54789
      vertex 4.75168 4.2 3.808
    endloop
  endfacet
  facet normal 0 1 0
    outer loop
      vertex 4.26794 4.2 3.92414
      vertex 3.47443 4.2 2.83197
      vertex 3.23579 4.2 3.03579
    endloop
  endfacet
  facet normal 0 1 -0
    outer loop
      vertex 4.96287 4.2 2.47462
      vertex 4.75168 4.2 3.808
      vertex 5.26803 4.2 2.54789
    endloop
  endfacet
  facet normal 0 1 0
    outer loop
      vertex 4.35491 4.2 3.87084
      vertex 3.74202 4.2 2.66799
      vertex 3.47443 4.2 2.83197
    endloop
  endfacet
  facet normal 0 1 0
    outer loop
      vertex 4.75168 4.2 3.808
      vertex 4.96287 4.2 2.47462
      vertex 4.65 4.2 3.8
    endloop
  endfacet
  facet normal 0 1 0
    outer loop
      vertex 4.44914 4.2 3.83181
      vertex 4.03197 4.2 2.54789
      vertex 3.74202 4.2 2.66799
    endloop
  endfacet
  facet normal 0 1 0
    outer loop
      vertex 4.65 4.2 2.45
      vertex 4.65 4.2 3.8
      vertex 4.96287 4.2 2.47462
    endloop
  endfacet
  facet normal 0 1 0
    outer loop
      vertex 4.54832 4.2 3.808
      vertex 4.33713 4.2 2.47462
      vertex 4.03197 4.2 2.54789
    endloop
  endfacet
  facet normal 0 1 0
    outer loop
      vertex 4.65 4.2 3.8
      vertex 4.65 4.2 2.45
      vertex 4.33713 4.2 2.47462
    endloop
  endfacet
  facet normal -0.649452 0 -0.760403
    outer loop
      vertex 3.23579 2 3.03579
      vertex 3.47443 4.2 2.83197
      vertex 3.47443 2 2.83197
    endloop
  endfacet
  facet normal -0.649452 0 -0.760403
    outer loop
      vertex 3.47443 4.2 2.83197
      vertex 3.23579 2 3.03579
      vertex 3.23579 4.2 3.03579
    endloop
  endfacet
  facet normal -0.233468 0 -0.972364
    outer loop
      vertex 4.03197 2 2.54789
      vertex 4.33713 4.2 2.47462
      vertex 4.33713 2 2.47462
    endloop
  endfacet
  facet normal -0.233468 0 -0.972364
    outer loop
      vertex 4.33713 4.2 2.47462
      vertex 4.03197 2 2.54789
      vertex 4.03197 4.2 2.54789
    endloop
  endfacet
  facet normal 0.972365 -0 0.233465
    outer loop
      vertex 6.58045 2 4.95
      vertex 6.62538 4.2 4.76287
      vertex 6.58045 4.2 4.95
    endloop
  endfacet
  facet normal 0.972365 0 0.233465
    outer loop
      vertex 6.62538 4.2 4.76287
      vertex 6.58045 2 4.95
      vertex 6.62538 2 4.76287
    endloop
  endfacet
  facet normal 0.923881 0 -0.38268
    outer loop
      vertex 6.55211 2 3.83197
      vertex 6.43201 4.2 3.54202
      vertex 6.55211 4.2 3.83197
    endloop
  endfacet
  facet normal 0.923881 0 -0.38268
    outer loop
      vertex 6.43201 4.2 3.54202
      vertex 6.55211 2 3.83197
      vertex 6.43201 2 3.54202
    endloop
  endfacet
  facet normal 0.5225 0 -0.852639
    outer loop
      vertex 5.55798 2 2.66799
      vertex 5.82557 4.2 2.83197
      vertex 5.82557 2 2.83197
    endloop
  endfacet
  facet normal 0.5225 0 -0.852639
    outer loop
      vertex 5.82557 4.2 2.83197
      vertex 5.55798 2 2.66799
      vertex 5.55798 4.2 2.66799
    endloop
  endfacet
  facet normal -0.923881 0 -0.38268
    outer loop
      vertex 2.86799 2 3.54202
      vertex 2.74789 4.2 3.83197
      vertex 2.86799 4.2 3.54202
    endloop
  endfacet
  facet normal -0.923881 -0 -0.38268
    outer loop
      vertex 2.74789 4.2 3.83197
      vertex 2.86799 2 3.54202
      vertex 2.74789 2 3.83197
    endloop
  endfacet
  facet normal -0.852639 0 -0.5225
    outer loop
      vertex 3.03197 2 3.27443
      vertex 2.86799 4.2 3.54202
      vertex 3.03197 4.2 3.27443
    endloop
  endfacet
  facet normal -0.852639 -0 -0.5225
    outer loop
      vertex 2.86799 4.2 3.54202
      vertex 3.03197 2 3.27443
      vertex 2.86799 2 3.54202
    endloop
  endfacet
  facet normal -0.996918 0 0.0784483
    outer loop
      vertex 2.65 2 4.45
      vertex 2.67462 4.2 4.76287
      vertex 2.65 4.2 4.45
    endloop
  endfacet
  facet normal -0.996918 0 0.0784483
    outer loop
      vertex 2.67462 4.2 4.76287
      vertex 2.65 2 4.45
      vertex 2.67462 2 4.76287
    endloop
  endfacet
  facet normal -0.38268 0 -0.923881
    outer loop
      vertex 3.74202 2 2.66799
      vertex 4.03197 4.2 2.54789
      vertex 4.03197 2 2.54789
    endloop
  endfacet
  facet normal -0.38268 0 -0.923881
    outer loop
      vertex 4.03197 4.2 2.54789
      vertex 3.74202 2 2.66799
      vertex 3.74202 4.2 2.66799
    endloop
  endfacet
  facet normal 0.996918 -0 0.0784483
    outer loop
      vertex 6.62538 2 4.76287
      vertex 6.65 4.2 4.45
      vertex 6.62538 4.2 4.76287
    endloop
  endfacet
  facet normal 0.996918 0 0.0784483
    outer loop
      vertex 6.65 4.2 4.45
      vertex 6.62538 2 4.76287
      vertex 6.65 2 4.45
    endloop
  endfacet
  facet normal -0.972365 0 0.233465
    outer loop
      vertex 2.67462 2 4.76287
      vertex 2.71955 4.2 4.95
      vertex 2.67462 4.2 4.76287
    endloop
  endfacet
  facet normal -0.972365 0 0.233465
    outer loop
      vertex 2.71955 4.2 4.95
      vertex 2.67462 2 4.76287
      vertex 2.71955 2 4.95
    endloop
  endfacet
  facet normal 0.996924 0 -0.0783775
    outer loop
      vertex 30.35 2 39.55
      vertex 30.3254 4.2 39.2371
      vertex 30.35 4.2 39.55
    endloop
  endfacet
  facet normal 0.996924 0 -0.0783775
    outer loop
      vertex 30.3254 4.2 39.2371
      vertex 30.35 2 39.55
      vertex 30.3254 2 39.2371
    endloop
  endfacet
  facet normal -0.996924 0 -0.0783775
    outer loop
      vertex 26.3746 2 39.2371
      vertex 26.35 4.2 39.55
      vertex 26.3746 4.2 39.2371
    endloop
  endfacet
  facet normal -0.996924 -0 -0.0783775
    outer loop
      vertex 26.35 4.2 39.55
      vertex 26.3746 2 39.2371
      vertex 26.35 2 39.55
    endloop
  endfacet
  facet normal 0.0783775 0 -0.996924
    outer loop
      vertex 28.35 2 37.55
      vertex 28.6629 4.2 37.5746
      vertex 28.6629 2 37.5746
    endloop
  endfacet
  facet normal 0.0783775 0 -0.996924
    outer loop
      vertex 28.6629 4.2 37.5746
      vertex 28.35 2 37.55
      vertex 28.35 4.2 37.55
    endloop
  endfacet
  facet normal 0.0783775 0 0.996924
    outer loop
      vertex 28.35 4.2 41.55
      vertex 28.6629 2 41.5254
      vertex 28.6629 4.2 41.5254
    endloop
  endfacet
  facet normal 0.0783775 0 0.996924
    outer loop
      vertex 28.6629 2 41.5254
      vertex 28.35 4.2 41.55
      vertex 28.35 2 41.55
    endloop
  endfacet
  facet normal 0.76038 0 -0.649478
    outer loop
      vertex 29.968 2 38.3744
      vertex 29.7642 4.2 38.1358
      vertex 29.968 4.2 38.3744
    endloop
  endfacet
  facet normal 0.76038 0 -0.649478
    outer loop
      vertex 29.7642 4.2 38.1358
      vertex 29.968 2 38.3744
      vertex 29.7642 2 38.1358
    endloop
  endfacet
  facet normal -0.649478 0 -0.76038
    outer loop
      vertex 26.9358 2 38.1358
      vertex 27.1744 4.2 37.932
      vertex 27.1744 2 37.932
    endloop
  endfacet
  facet normal -0.649478 0 -0.76038
    outer loop
      vertex 27.1744 4.2 37.932
      vertex 26.9358 2 38.1358
      vertex 26.9358 4.2 38.1358
    endloop
  endfacet
  facet normal -0.233602 0 -0.972332
    outer loop
      vertex 27.732 2 37.6479
      vertex 28.0371 4.2 37.5746
      vertex 28.0371 2 37.5746
    endloop
  endfacet
  facet normal -0.233602 0 -0.972332
    outer loop
      vertex 28.0371 4.2 37.5746
      vertex 27.732 2 37.6479
      vertex 27.732 4.2 37.6479
    endloop
  endfacet
  facet normal 0.923904 0 -0.382624
    outer loop
      vertex 30.2521 2 38.932
      vertex 30.132 4.2 38.642
      vertex 30.2521 4.2 38.932
    endloop
  endfacet
  facet normal 0.923904 0 -0.382624
    outer loop
      vertex 30.132 4.2 38.642
      vertex 30.2521 2 38.932
      vertex 30.132 2 38.642
    endloop
  endfacet
  facet normal 0.972332 0 -0.233602
    outer loop
      vertex 30.3254 2 39.2371
      vertex 30.2521 4.2 38.932
      vertex 30.3254 4.2 39.2371
    endloop
  endfacet
  facet normal 0.972332 0 -0.233602
    outer loop
      vertex 30.2521 4.2 38.932
      vertex 30.3254 2 39.2371
      vertex 30.2521 2 38.932
    endloop
  endfacet
  facet normal 0.85262 0 -0.522532
    outer loop
      vertex 30.132 2 38.642
      vertex 29.968 4.2 38.3744
      vertex 30.132 4.2 38.642
    endloop
  endfacet
  facet normal 0.85262 0 -0.522532
    outer loop
      vertex 29.968 4.2 38.3744
      vertex 30.132 2 38.642
      vertex 29.968 2 38.3744
    endloop
  endfacet
  facet normal 0.382624 0 -0.923904
    outer loop
      vertex 28.968 2 37.6479
      vertex 29.258 4.2 37.768
      vertex 29.258 2 37.768
    endloop
  endfacet
  facet normal 0.382624 0 -0.923904
    outer loop
      vertex 29.258 4.2 37.768
      vertex 28.968 2 37.6479
      vertex 28.968 4.2 37.6479
    endloop
  endfacet
  facet normal 0.233602 0 -0.972332
    outer loop
      vertex 28.6629 2 37.5746
      vertex 28.968 4.2 37.6479
      vertex 28.968 2 37.6479
    endloop
  endfacet
  facet normal 0.233602 0 -0.972332
    outer loop
      vertex 28.968 4.2 37.6479
      vertex 28.6629 2 37.5746
      vertex 28.6629 4.2 37.5746
    endloop
  endfacet
  facet normal 0.522532 0 -0.85262
    outer loop
      vertex 29.258 2 37.768
      vertex 29.5256 4.2 37.932
      vertex 29.5256 2 37.932
    endloop
  endfacet
  facet normal 0.522532 0 -0.85262
    outer loop
      vertex 29.5256 4.2 37.932
      vertex 29.258 2 37.768
      vertex 29.258 4.2 37.768
    endloop
  endfacet
  facet normal -0.85262 0 -0.522532
    outer loop
      vertex 26.732 2 38.3744
      vertex 26.568 4.2 38.642
      vertex 26.732 4.2 38.3744
    endloop
  endfacet
  facet normal -0.85262 -0 -0.522532
    outer loop
      vertex 26.568 4.2 38.642
      vertex 26.732 2 38.3744
      vertex 26.568 2 38.642
    endloop
  endfacet
  facet normal -0.76038 0 -0.649478
    outer loop
      vertex 26.9358 2 38.1358
      vertex 26.732 4.2 38.3744
      vertex 26.9358 4.2 38.1358
    endloop
  endfacet
  facet normal -0.76038 -0 -0.649478
    outer loop
      vertex 26.732 4.2 38.3744
      vertex 26.9358 2 38.1358
      vertex 26.732 2 38.3744
    endloop
  endfacet
  facet normal -0.923904 0 -0.382624
    outer loop
      vertex 26.568 2 38.642
      vertex 26.4479 4.2 38.932
      vertex 26.568 4.2 38.642
    endloop
  endfacet
  facet normal -0.923904 -0 -0.382624
    outer loop
      vertex 26.4479 4.2 38.932
      vertex 26.568 2 38.642
      vertex 26.4479 2 38.932
    endloop
  endfacet
  facet normal -0.382624 0 -0.923904
    outer loop
      vertex 27.442 2 37.768
      vertex 27.732 4.2 37.6479
      vertex 27.732 2 37.6479
    endloop
  endfacet
  facet normal -0.382624 0 -0.923904
    outer loop
      vertex 27.732 4.2 37.6479
      vertex 27.442 2 37.768
      vertex 27.442 4.2 37.768
    endloop
  endfacet
  facet normal -0.0783775 0 -0.996924
    outer loop
      vertex 28.0371 2 37.5746
      vertex 28.35 4.2 37.55
      vertex 28.35 2 37.55
    endloop
  endfacet
  facet normal -0.0783775 0 -0.996924
    outer loop
      vertex 28.35 4.2 37.55
      vertex 28.0371 2 37.5746
      vertex 28.0371 4.2 37.5746
    endloop
  endfacet
  facet normal 0.996924 -0 0.0783775
    outer loop
      vertex 30.3254 2 39.8629
      vertex 30.35 4.2 39.55
      vertex 30.3254 4.2 39.8629
    endloop
  endfacet
  facet normal 0.996924 0 0.0783775
    outer loop
      vertex 30.35 4.2 39.55
      vertex 30.3254 2 39.8629
      vertex 30.35 2 39.55
    endloop
  endfacet
  facet normal -0.923904 0 0.382624
    outer loop
      vertex 26.4479 2 40.168
      vertex 26.568 4.2 40.458
      vertex 26.4479 4.2 40.168
    endloop
  endfacet
  facet normal -0.923904 0 0.382624
    outer loop
      vertex 26.568 4.2 40.458
      vertex 26.4479 2 40.168
      vertex 26.568 2 40.458
    endloop
  endfacet
  facet normal 0.522532 0 0.85262
    outer loop
      vertex 29.258 4.2 41.332
      vertex 29.5256 2 41.168
      vertex 29.5256 4.2 41.168
    endloop
  endfacet
  facet normal 0.522532 0 0.85262
    outer loop
      vertex 29.5256 2 41.168
      vertex 29.258 4.2 41.332
      vertex 29.258 2 41.332
    endloop
  endfacet
  facet normal 0.649478 0 -0.76038
    outer loop
      vertex 29.5256 2 37.932
      vertex 29.7642 4.2 38.1358
      vertex 29.7642 2 38.1358
    endloop
  endfacet
  facet normal 0.649478 0 -0.76038
    outer loop
      vertex 29.7642 4.2 38.1358
      vertex 29.5256 2 37.932
      vertex 29.5256 4.2 37.932
    endloop
  endfacet
  facet normal -0.972332 0 -0.233602
    outer loop
      vertex 26.4479 2 38.932
      vertex 26.3746 4.2 39.2371
      vertex 26.4479 4.2 38.932
    endloop
  endfacet
  facet normal -0.972332 -0 -0.233602
    outer loop
      vertex 26.3746 4.2 39.2371
      vertex 26.4479 2 38.932
      vertex 26.3746 2 39.2371
    endloop
  endfacet
  facet normal 0 1 0
    outer loop
      vertex 28.35 4.2 40.2
      vertex 28.35 4.2 41.55
      vertex 28.6629 4.2 41.5254
    endloop
  endfacet
  facet normal 0 1 0
    outer loop
      vertex 28.4517 4.2 40.192
      vertex 28.6629 4.2 41.5254
      vertex 28.968 4.2 41.4521
    endloop
  endfacet
  facet normal 0 1 0
    outer loop
      vertex 28.35 4.2 41.55
      vertex 28.35 4.2 40.2
      vertex 28.0371 4.2 41.5254
    endloop
  endfacet
  facet normal 0 1 0
    outer loop
      vertex 28.5509 4.2 40.1682
      vertex 28.968 4.2 41.4521
      vertex 29.258 4.2 41.332
    endloop
  endfacet
  facet normal 0 1 -0
    outer loop
      vertex 28.2483 4.2 40.192
      vertex 28.0371 4.2 41.5254
      vertex 28.35 4.2 40.2
    endloop
  endfacet
  facet normal 0 1 0
    outer loop
      vertex 28.6451 4.2 40.1292
      vertex 29.258 4.2 41.332
      vertex 29.5256 4.2 41.168
    endloop
  endfacet
  facet normal 0 1 0
    outer loop
      vertex 28.0371 4.2 41.5254
      vertex 28.2483 4.2 40.192
      vertex 27.732 4.2 41.4521
    endloop
  endfacet
  facet normal 0 1 0
    outer loop
      vertex 28.7321 4.2 40.0759
      vertex 29.5256 4.2 41.168
      vertex 29.7642 4.2 40.9642
    endloop
  endfacet
  facet normal 0 1 -0
    outer loop
      vertex 28.1491 4.2 40.1682
      vertex 27.732 4.2 41.4521
      vertex 28.2483 4.2 40.192
    endloop
  endfacet
  facet normal 0 1 0
    outer loop
      vertex 28.8096 4.2 40.0096
      vertex 29.7642 4.2 40.9642
      vertex 29.968 4.2 40.7256
    endloop
  endfacet
  facet normal 0 1 0
    outer loop
      vertex 27.732 4.2 41.4521
      vertex 28.1491 4.2 40.1682
      vertex 27.442 4.2 41.332
    endloop
  endfacet
  facet normal 0 1 0
    outer loop
      vertex 28.8759 4.2 39.9321
      vertex 29.968 4.2 40.7256
      vertex 30.132 4.2 40.458
    endloop
  endfacet
  facet normal 0 1 -0
    outer loop
      vertex 28.0549 4.2 40.1292
      vertex 27.442 4.2 41.332
      vertex 28.1491 4.2 40.1682
    endloop
  endfacet
  facet normal 0 1 0
    outer loop
      vertex 27.442 4.2 41.332
      vertex 28.0549 4.2 40.1292
      vertex 27.1744 4.2 41.168
    endloop
  endfacet
  facet normal 0 1 0
    outer loop
      vertex 28.6629 4.2 41.5254
      vertex 28.4517 4.2 40.192
      vertex 28.35 4.2 40.2
    endloop
  endfacet
  facet normal 0 1 0
    outer loop
      vertex 28.968 4.2 41.4521
      vertex 28.5509 4.2 40.1682
      vertex 28.4517 4.2 40.192
    endloop
  endfacet
  facet normal 0 1 0
    outer loop
      vertex 28.9292 4.2 39.8451
      vertex 30.132 4.2 40.458
      vertex 30.2521 4.2 40.168
    endloop
  endfacet
  facet normal 0 1 0
    outer loop
      vertex 29.258 4.2 41.332
      vertex 28.6451 4.2 40.1292
      vertex 28.5509 4.2 40.1682
    endloop
  endfacet
  facet normal 0 1 0
    outer loop
      vertex 29.5256 4.2 41.168
      vertex 28.7321 4.2 40.0759
      vertex 28.6451 4.2 40.1292
    endloop
  endfacet
  facet normal 0 1 0
    outer loop
      vertex 29.7642 4.2 40.9642
      vertex 28.8096 4.2 40.0096
      vertex 28.7321 4.2 40.0759
    endloop
  endfacet
  facet normal 0 1 0
    outer loop
      vertex 29.968 4.2 40.7256
      vertex 28.8759 4.2 39.9321
      vertex 28.8096 4.2 40.0096
    endloop
  endfacet
  facet normal 0 1 0
    outer loop
      vertex 28.9682 4.2 39.7509
      vertex 30.2521 4.2 40.168
      vertex 30.3254 4.2 39.8629
    endloop
  endfacet
  facet normal 0 1 0
    outer loop
      vertex 30.132 4.2 40.458
      vertex 28.9292 4.2 39.8451
      vertex 28.8759 4.2 39.9321
    endloop
  endfacet
  facet normal 0 1 0
    outer loop
      vertex 30.2521 4.2 40.168
      vertex 28.9682 4.2 39.7509
      vertex 28.9292 4.2 39.8451
    endloop
  endfacet
  facet normal 0 1 0
    outer loop
      vertex 30.3254 4.2 39.8629
      vertex 28.992 4.2 39.6517
      vertex 28.9682 4.2 39.7509
    endloop
  endfacet
  facet normal 0 1 0
    outer loop
      vertex 30.35 4.2 39.55
      vertex 28.992 4.2 39.6517
      vertex 30.3254 4.2 39.8629
    endloop
  endfacet
  facet normal 0 1 0
    outer loop
      vertex 30.35 4.2 39.55
      vertex 29 4.2 39.55
      vertex 28.992 4.2 39.6517
    endloop
  endfacet
  facet normal 0 1 0
    outer loop
      vertex 30.35 4.2 39.55
      vertex 28.992 4.2 39.4483
      vertex 29 4.2 39.55
    endloop
  endfacet
  facet normal 0 1 -0
    outer loop
      vertex 30.3254 4.2 39.2371
      vertex 28.992 4.2 39.4483
      vertex 30.35 4.2 39.55
    endloop
  endfacet
  facet normal 0 1 0
    outer loop
      vertex 28.992 4.2 39.4483
      vertex 30.3254 4.2 39.2371
      vertex 28.9682 4.2 39.3491
    endloop
  endfacet
  facet normal 0 1 -0
    outer loop
      vertex 30.2521 4.2 38.932
      vertex 28.9682 4.2 39.3491
      vertex 30.3254 4.2 39.2371
    endloop
  endfacet
  facet normal 0 1 0
    outer loop
      vertex 28.9682 4.2 39.3491
      vertex 30.2521 4.2 38.932
      vertex 28.9292 4.2 39.2549
    endloop
  endfacet
  facet normal 0 1 -0
    outer loop
      vertex 30.132 4.2 38.642
      vertex 28.9292 4.2 39.2549
      vertex 30.2521 4.2 38.932
    endloop
  endfacet
  facet normal 0 1 0
    outer loop
      vertex 28.9292 4.2 39.2549
      vertex 30.132 4.2 38.642
      vertex 28.8759 4.2 39.1679
    endloop
  endfacet
  facet normal 0 1 -0
    outer loop
      vertex 29.968 4.2 38.3744
      vertex 28.8759 4.2 39.1679
      vertex 30.132 4.2 38.642
    endloop
  endfacet
  facet normal 0 1 0
    outer loop
      vertex 28.8759 4.2 39.1679
      vertex 29.968 4.2 38.3744
      vertex 28.8096 4.2 39.0904
    endloop
  endfacet
  facet normal 0 1 -0
    outer loop
      vertex 29.7642 4.2 38.1358
      vertex 28.8096 4.2 39.0904
      vertex 29.968 4.2 38.3744
    endloop
  endfacet
  facet normal 0 1 0
    outer loop
      vertex 28.8096 4.2 39.0904
      vertex 29.7642 4.2 38.1358
      vertex 28.7321 4.2 39.0241
    endloop
  endfacet
  facet normal 0 1 -0
    outer loop
      vertex 29.5256 4.2 37.932
      vertex 28.7321 4.2 39.0241
      vertex 29.7642 4.2 38.1358
    endloop
  endfacet
  facet normal 0 1 0
    outer loop
      vertex 28.7321 4.2 39.0241
      vertex 29.5256 4.2 37.932
      vertex 28.6451 4.2 38.9708
    endloop
  endfacet
  facet normal 0 1 -0
    outer loop
      vertex 27.9679 4.2 40.0759
      vertex 27.1744 4.2 41.168
      vertex 28.0549 4.2 40.1292
    endloop
  endfacet
  facet normal 0 1 0
    outer loop
      vertex 27.1744 4.2 41.168
      vertex 27.9679 4.2 40.0759
      vertex 26.9358 4.2 40.9642
    endloop
  endfacet
  facet normal 0 1 -0
    outer loop
      vertex 27.8904 4.2 40.0096
      vertex 26.9358 4.2 40.9642
      vertex 27.9679 4.2 40.0759
    endloop
  endfacet
  facet normal 0 1 0
    outer loop
      vertex 26.9358 4.2 40.9642
      vertex 27.8904 4.2 40.0096
      vertex 26.732 4.2 40.7256
    endloop
  endfacet
  facet normal 0 1 -0
    outer loop
      vertex 27.8241 4.2 39.9321
      vertex 26.732 4.2 40.7256
      vertex 27.8904 4.2 40.0096
    endloop
  endfacet
  facet normal 0 1 0
    outer loop
      vertex 26.732 4.2 40.7256
      vertex 27.8241 4.2 39.9321
      vertex 26.568 4.2 40.458
    endloop
  endfacet
  facet normal 0 1 -0
    outer loop
      vertex 27.7708 4.2 39.8451
      vertex 26.568 4.2 40.458
      vertex 27.8241 4.2 39.9321
    endloop
  endfacet
  facet normal 0 1 0
    outer loop
      vertex 26.568 4.2 40.458
      vertex 27.7708 4.2 39.8451
      vertex 26.4479 4.2 40.168
    endloop
  endfacet
  facet normal 0 1 -0
    outer loop
      vertex 27.7318 4.2 39.7509
      vertex 26.4479 4.2 40.168
      vertex 27.7708 4.2 39.8451
    endloop
  endfacet
  facet normal 0 1 0
    outer loop
      vertex 26.4479 4.2 40.168
      vertex 27.7318 4.2 39.7509
      vertex 26.3746 4.2 39.8629
    endloop
  endfacet
  facet normal 0 1 -0
    outer loop
      vertex 27.708 4.2 39.6517
      vertex 26.3746 4.2 39.8629
      vertex 27.7318 4.2 39.7509
    endloop
  endfacet
  facet normal 0 1 -0
    outer loop
      vertex 27.7 4.2 39.55
      vertex 26.3746 4.2 39.8629
      vertex 27.708 4.2 39.6517
    endloop
  endfacet
  facet normal 0 1 0
    outer loop
      vertex 27.7 4.2 39.55
      vertex 26.35 4.2 39.55
      vertex 26.3746 4.2 39.8629
    endloop
  endfacet
  facet normal 0 1 0
    outer loop
      vertex 27.708 4.2 39.4483
      vertex 26.35 4.2 39.55
      vertex 27.7 4.2 39.55
    endloop
  endfacet
  facet normal 0 1 0
    outer loop
      vertex 26.3746 4.2 39.2371
      vertex 27.708 4.2 39.4483
      vertex 27.7318 4.2 39.3491
    endloop
  endfacet
  facet normal 0 1 0
    outer loop
      vertex 26.4479 4.2 38.932
      vertex 27.7318 4.2 39.3491
      vertex 27.7708 4.2 39.2549
    endloop
  endfacet
  facet normal 0 1 0
    outer loop
      vertex 27.708 4.2 39.4483
      vertex 26.3746 4.2 39.2371
      vertex 26.35 4.2 39.55
    endloop
  endfacet
  facet normal 0 1 0
    outer loop
      vertex 26.568 4.2 38.642
      vertex 27.7708 4.2 39.2549
      vertex 27.8241 4.2 39.1679
    endloop
  endfacet
  facet normal 0 1 0
    outer loop
      vertex 26.732 4.2 38.3744
      vertex 27.8241 4.2 39.1679
      vertex 27.8904 4.2 39.0904
    endloop
  endfacet
  facet normal 0 1 0
    outer loop
      vertex 26.9358 4.2 38.1358
      vertex 27.8904 4.2 39.0904
      vertex 27.9679 4.2 39.0241
    endloop
  endfacet
  facet normal 0 1 0
    outer loop
      vertex 27.1744 4.2 37.932
      vertex 27.9679 4.2 39.0241
      vertex 28.0549 4.2 38.9708
    endloop
  endfacet
  facet normal 0 1 0
    outer loop
      vertex 27.7318 4.2 39.3491
      vertex 26.4479 4.2 38.932
      vertex 26.3746 4.2 39.2371
    endloop
  endfacet
  facet normal 0 1 0
    outer loop
      vertex 27.442 4.2 37.768
      vertex 28.0549 4.2 38.9708
      vertex 28.1491 4.2 38.9318
    endloop
  endfacet
  facet normal 0 1 0
    outer loop
      vertex 27.732 4.2 37.6479
      vertex 28.1491 4.2 38.9318
      vertex 28.2483 4.2 38.908
    endloop
  endfacet
  facet normal 0 1 0
    outer loop
      vertex 28.0371 4.2 37.5746
      vertex 28.2483 4.2 38.908
      vertex 28.35 4.2 38.9
    endloop
  endfacet
  facet normal 0 1 -0
    outer loop
      vertex 29.258 4.2 37.768
      vertex 28.6451 4.2 38.9708
      vertex 29.5256 4.2 37.932
    endloop
  endfacet
  facet normal 0 1 0
    outer loop
      vertex 27.7708 4.2 39.2549
      vertex 26.568 4.2 38.642
      vertex 26.4479 4.2 38.932
    endloop
  endfacet
  facet normal 0 1 0
    outer loop
      vertex 28.6451 4.2 38.9708
      vertex 29.258 4.2 37.768
      vertex 28.5509 4.2 38.9318
    endloop
  endfacet
  facet normal 0 1 0
    outer loop
      vertex 27.8241 4.2 39.1679
      vertex 26.732 4.2 38.3744
      vertex 26.568 4.2 38.642
    endloop
  endfacet
  facet normal 0 1 -0
    outer loop
      vertex 28.968 4.2 37.6479
      vertex 28.5509 4.2 38.9318
      vertex 29.258 4.2 37.768
    endloop
  endfacet
  facet normal 0 1 0
    outer loop
      vertex 27.8904 4.2 39.0904
      vertex 26.9358 4.2 38.1358
      vertex 26.732 4.2 38.3744
    endloop
  endfacet
  facet normal 0 1 0
    outer loop
      vertex 28.5509 4.2 38.9318
      vertex 28.968 4.2 37.6479
      vertex 28.4517 4.2 38.908
    endloop
  endfacet
  facet normal 0 1 0
    outer loop
      vertex 27.9679 4.2 39.0241
      vertex 27.1744 4.2 37.932
      vertex 26.9358 4.2 38.1358
    endloop
  endfacet
  facet normal 0 1 -0
    outer loop
      vertex 28.6629 4.2 37.5746
      vertex 28.4517 4.2 38.908
      vertex 28.968 4.2 37.6479
    endloop
  endfacet
  facet normal 0 1 0
    outer loop
      vertex 28.0549 4.2 38.9708
      vertex 27.442 4.2 37.768
      vertex 27.1744 4.2 37.932
    endloop
  endfacet
  facet normal 0 1 0
    outer loop
      vertex 28.4517 4.2 38.908
      vertex 28.6629 4.2 37.5746
      vertex 28.35 4.2 38.9
    endloop
  endfacet
  facet normal 0 1 0
    outer loop
      vertex 28.1491 4.2 38.9318
      vertex 27.732 4.2 37.6479
      vertex 27.442 4.2 37.768
    endloop
  endfacet
  facet normal 0 1 0
    outer loop
      vertex 28.35 4.2 37.55
      vertex 28.35 4.2 38.9
      vertex 28.6629 4.2 37.5746
    endloop
  endfacet
  facet normal 0 1 0
    outer loop
      vertex 28.2483 4.2 38.908
      vertex 28.0371 4.2 37.5746
      vertex 27.732 4.2 37.6479
    endloop
  endfacet
  facet normal 0 1 0
    outer loop
      vertex 28.35 4.2 38.9
      vertex 28.35 4.2 37.55
      vertex 28.0371 4.2 37.5746
    endloop
  endfacet
  facet normal -0.522532 0 -0.85262
    outer loop
      vertex 27.1744 2 37.932
      vertex 27.442 4.2 37.768
      vertex 27.442 2 37.768
    endloop
  endfacet
  facet normal -0.522532 0 -0.85262
    outer loop
      vertex 27.442 4.2 37.768
      vertex 27.1744 2 37.932
      vertex 27.1744 4.2 37.932
    endloop
  endfacet
  facet normal 0.972332 -0 0.233602
    outer loop
      vertex 30.2521 2 40.168
      vertex 30.3254 4.2 39.8629
      vertex 30.2521 4.2 40.168
    endloop
  endfacet
  facet normal 0.972332 0 0.233602
    outer loop
      vertex 30.3254 4.2 39.8629
      vertex 30.2521 2 40.168
      vertex 30.3254 2 39.8629
    endloop
  endfacet
  facet normal 0.649478 0 0.76038
    outer loop
      vertex 29.5256 4.2 41.168
      vertex 29.7642 2 40.9642
      vertex 29.7642 4.2 40.9642
    endloop
  endfacet
  facet normal 0.649478 0 0.76038
    outer loop
      vertex 29.7642 2 40.9642
      vertex 29.5256 4.2 41.168
      vertex 29.5256 2 41.168
    endloop
  endfacet
  facet normal 0.85262 -0 0.522532
    outer loop
      vertex 29.968 2 40.7256
      vertex 30.132 4.2 40.458
      vertex 29.968 4.2 40.7256
    endloop
  endfacet
  facet normal 0.85262 0 0.522532
    outer loop
      vertex 30.132 4.2 40.458
      vertex 29.968 2 40.7256
      vertex 30.132 2 40.458
    endloop
  endfacet
  facet normal -0.0783775 0 0.996924
    outer loop
      vertex 28.0371 4.2 41.5254
      vertex 28.35 2 41.55
      vertex 28.35 4.2 41.55
    endloop
  endfacet
  facet normal -0.0783775 0 0.996924
    outer loop
      vertex 28.35 2 41.55
      vertex 28.0371 4.2 41.5254
      vertex 28.0371 2 41.5254
    endloop
  endfacet
  facet normal 0.76038 -0 0.649478
    outer loop
      vertex 29.7642 2 40.9642
      vertex 29.968 4.2 40.7256
      vertex 29.7642 4.2 40.9642
    endloop
  endfacet
  facet normal 0.76038 0 0.649478
    outer loop
      vertex 29.968 4.2 40.7256
      vertex 29.7642 2 40.9642
      vertex 29.968 2 40.7256
    endloop
  endfacet
  facet normal 0.382624 0 0.923904
    outer loop
      vertex 28.968 4.2 41.4521
      vertex 29.258 2 41.332
      vertex 29.258 4.2 41.332
    endloop
  endfacet
  facet normal 0.382624 0 0.923904
    outer loop
      vertex 29.258 2 41.332
      vertex 28.968 4.2 41.4521
      vertex 28.968 2 41.4521
    endloop
  endfacet
  facet normal 0.233602 0 0.972332
    outer loop
      vertex 28.6629 4.2 41.5254
      vertex 28.968 2 41.4521
      vertex 28.968 4.2 41.4521
    endloop
  endfacet
  facet normal 0.233602 0 0.972332
    outer loop
      vertex 28.968 2 41.4521
      vertex 28.6629 4.2 41.5254
      vertex 28.6629 2 41.5254
    endloop
  endfacet
  facet normal 0.923904 -0 0.382624
    outer loop
      vertex 30.132 2 40.458
      vertex 30.2521 4.2 40.168
      vertex 30.132 4.2 40.458
    endloop
  endfacet
  facet normal 0.923904 0 0.382624
    outer loop
      vertex 30.2521 4.2 40.168
      vertex 30.132 2 40.458
      vertex 30.2521 2 40.168
    endloop
  endfacet
  facet normal -0.233602 0 0.972332
    outer loop
      vertex 27.732 4.2 41.4521
      vertex 28.0371 2 41.5254
      vertex 28.0371 4.2 41.5254
    endloop
  endfacet
  facet normal -0.233602 0 0.972332
    outer loop
      vertex 28.0371 2 41.5254
      vertex 27.732 4.2 41.4521
      vertex 27.732 2 41.4521
    endloop
  endfacet
  facet normal -0.76038 0 0.649478
    outer loop
      vertex 26.732 2 40.7256
      vertex 26.9358 4.2 40.9642
      vertex 26.732 4.2 40.7256
    endloop
  endfacet
  facet normal -0.76038 0 0.649478
    outer loop
      vertex 26.9358 4.2 40.9642
      vertex 26.732 2 40.7256
      vertex 26.9358 2 40.9642
    endloop
  endfacet
  facet normal -0.649478 0 0.76038
    outer loop
      vertex 26.9358 4.2 40.9642
      vertex 27.1744 2 41.168
      vertex 27.1744 4.2 41.168
    endloop
  endfacet
  facet normal -0.649478 0 0.76038
    outer loop
      vertex 27.1744 2 41.168
      vertex 26.9358 4.2 40.9642
      vertex 26.9358 2 40.9642
    endloop
  endfacet
  facet normal -0.972332 0 0.233602
    outer loop
      vertex 26.3746 2 39.8629
      vertex 26.4479 4.2 40.168
      vertex 26.3746 4.2 39.8629
    endloop
  endfacet
  facet normal -0.972332 0 0.233602
    outer loop
      vertex 26.4479 4.2 40.168
      vertex 26.3746 2 39.8629
      vertex 26.4479 2 40.168
    endloop
  endfacet
  facet normal -0.996924 0 0.0783775
    outer loop
      vertex 26.35 2 39.55
      vertex 26.3746 4.2 39.8629
      vertex 26.35 4.2 39.55
    endloop
  endfacet
  facet normal -0.996924 0 0.0783775
    outer loop
      vertex 26.3746 4.2 39.8629
      vertex 26.35 2 39.55
      vertex 26.3746 2 39.8629
    endloop
  endfacet
  facet normal -0.85262 0 0.522532
    outer loop
      vertex 26.568 2 40.458
      vertex 26.732 4.2 40.7256
      vertex 26.568 4.2 40.458
    endloop
  endfacet
  facet normal -0.85262 0 0.522532
    outer loop
      vertex 26.732 4.2 40.7256
      vertex 26.568 2 40.458
      vertex 26.732 2 40.7256
    endloop
  endfacet
  facet normal -0.382624 0 0.923904
    outer loop
      vertex 27.442 4.2 41.332
      vertex 27.732 2 41.4521
      vertex 27.732 4.2 41.4521
    endloop
  endfacet
  facet normal -0.382624 0 0.923904
    outer loop
      vertex 27.732 2 41.4521
      vertex 27.442 4.2 41.332
      vertex 27.442 2 41.332
    endloop
  endfacet
  facet normal -0.522532 0 0.85262
    outer loop
      vertex 27.1744 4.2 41.168
      vertex 27.442 2 41.332
      vertex 27.442 4.2 41.332
    endloop
  endfacet
  facet normal -0.522532 0 0.85262
    outer loop
      vertex 27.442 2 41.332
      vertex 27.1744 4.2 41.168
      vertex 27.1744 2 41.168
    endloop
  endfacet
  facet normal 0.996923 0 -0.078385
    outer loop
      vertex 30.35 2 4.45
      vertex 30.3254 4.2 4.13713
      vertex 30.35 4.2 4.45
    endloop
  endfacet
  facet normal 0.996923 0 -0.078385
    outer loop
      vertex 30.3254 4.2 4.13713
      vertex 30.35 2 4.45
      vertex 30.3254 2 4.13713
    endloop
  endfacet
  facet normal -0.996923 0 -0.078385
    outer loop
      vertex 26.3746 2 4.13713
      vertex 26.35 4.2 4.45
      vertex 26.3746 4.2 4.13713
    endloop
  endfacet
  facet normal -0.996923 -0 -0.078385
    outer loop
      vertex 26.35 4.2 4.45
      vertex 26.3746 2 4.13713
      vertex 26.35 2 4.45
    endloop
  endfacet
  facet normal -0.0784408 0 -0.996919
    outer loop
      vertex 28.0371 2 2.47462
      vertex 28.35 4.2 2.45
      vertex 28.35 2 2.45
    endloop
  endfacet
  facet normal -0.0784408 0 -0.996919
    outer loop
      vertex 28.35 4.2 2.45
      vertex 28.0371 2 2.47462
      vertex 28.0371 4.2 2.47462
    endloop
  endfacet
  facet normal 0.649515 0 -0.760349
    outer loop
      vertex 29.5256 2 2.83197
      vertex 29.7642 4.2 3.03579
      vertex 29.7642 2 3.03579
    endloop
  endfacet
  facet normal 0.649515 0 -0.760349
    outer loop
      vertex 29.7642 4.2 3.03579
      vertex 29.5256 2 2.83197
      vertex 29.5256 4.2 2.83197
    endloop
  endfacet
  facet normal -0.760434 0 -0.649415
    outer loop
      vertex 26.9358 2 3.03579
      vertex 26.732 4.2 3.27443
      vertex 26.9358 4.2 3.03579
    endloop
  endfacet
  facet normal -0.760434 -0 -0.649415
    outer loop
      vertex 26.732 4.2 3.27443
      vertex 26.9358 2 3.03579
      vertex 26.732 2 3.27443
    endloop
  endfacet
  facet normal -0.522486 0 -0.852648
    outer loop
      vertex 27.1744 2 2.83197
      vertex 27.442 4.2 2.66799
      vertex 27.442 2 2.66799
    endloop
  endfacet
  facet normal -0.522486 0 -0.852648
    outer loop
      vertex 27.442 4.2 2.66799
      vertex 27.1744 2 2.83197
      vertex 27.1744 4.2 2.83197
    endloop
  endfacet
  facet normal 0.852611 0 -0.522546
    outer loop
      vertex 30.132 2 3.54202
      vertex 29.968 4.2 3.27443
      vertex 30.132 4.2 3.54202
    endloop
  endfacet
  facet normal 0.852611 0 -0.522546
    outer loop
      vertex 29.968 4.2 3.27443
      vertex 30.132 2 3.54202
      vertex 29.968 2 3.27443
    endloop
  endfacet
  facet normal 0.972343 0 -0.233559
    outer loop
      vertex 30.3254 2 4.13713
      vertex 30.2521 4.2 3.83197
      vertex 30.3254 4.2 4.13713
    endloop
  endfacet
  facet normal 0.972343 0 -0.233559
    outer loop
      vertex 30.2521 4.2 3.83197
      vertex 30.3254 2 4.13713
      vertex 30.2521 2 3.83197
    endloop
  endfacet
  facet normal 0.760434 0 -0.649415
    outer loop
      vertex 29.968 2 3.27443
      vertex 29.7642 4.2 3.03579
      vertex 29.968 4.2 3.27443
    endloop
  endfacet
  facet normal 0.760434 0 -0.649415
    outer loop
      vertex 29.7642 4.2 3.03579
      vertex 29.968 2 3.27443
      vertex 29.7642 2 3.03579
    endloop
  endfacet
  facet normal 0.233512 0 -0.972354
    outer loop
      vertex 28.6629 2 2.47462
      vertex 28.968 4.2 2.54789
      vertex 28.968 2 2.54789
    endloop
  endfacet
  facet normal 0.233512 0 -0.972354
    outer loop
      vertex 28.968 4.2 2.54789
      vertex 28.6629 2 2.47462
      vertex 28.6629 4.2 2.47462
    endloop
  endfacet
  facet normal 0.0784408 0 -0.996919
    outer loop
      vertex 28.35 2 2.45
      vertex 28.6629 4.2 2.47462
      vertex 28.6629 2 2.47462
    endloop
  endfacet
  facet normal 0.0784408 0 -0.996919
    outer loop
      vertex 28.6629 4.2 2.47462
      vertex 28.35 2 2.45
      vertex 28.35 4.2 2.45
    endloop
  endfacet
  facet normal 0.382624 0 -0.923904
    outer loop
      vertex 28.968 2 2.54789
      vertex 29.258 4.2 2.66799
      vertex 29.258 2 2.66799
    endloop
  endfacet
  facet normal 0.382624 0 -0.923904
    outer loop
      vertex 29.258 4.2 2.66799
      vertex 28.968 2 2.54789
      vertex 28.968 4.2 2.54789
    endloop
  endfacet
  facet normal -0.923881 0 -0.38268
    outer loop
      vertex 26.568 2 3.54202
      vertex 26.4479 4.2 3.83197
      vertex 26.568 4.2 3.54202
    endloop
  endfacet
  facet normal -0.923881 -0 -0.38268
    outer loop
      vertex 26.4479 4.2 3.83197
      vertex 26.568 2 3.54202
      vertex 26.4479 2 3.83197
    endloop
  endfacet
  facet normal -0.852611 0 -0.522546
    outer loop
      vertex 26.732 2 3.27443
      vertex 26.568 4.2 3.54202
      vertex 26.732 4.2 3.27443
    endloop
  endfacet
  facet normal -0.852611 -0 -0.522546
    outer loop
      vertex 26.568 4.2 3.54202
      vertex 26.732 2 3.27443
      vertex 26.568 2 3.54202
    endloop
  endfacet
  facet normal -0.972343 0 -0.233559
    outer loop
      vertex 26.4479 2 3.83197
      vertex 26.3746 4.2 4.13713
      vertex 26.4479 4.2 3.83197
    endloop
  endfacet
  facet normal -0.972343 -0 -0.233559
    outer loop
      vertex 26.3746 4.2 4.13713
      vertex 26.4479 2 3.83197
      vertex 26.3746 2 4.13713
    endloop
  endfacet
  facet normal 0 1 0
    outer loop
      vertex 30.2805 4.2 4.95
      vertex 28.8096 4.2 4.90962
      vertex 28.7623 4.2 4.95
    endloop
  endfacet
  facet normal 0 1 0
    outer loop
      vertex 30.2805 4.2 4.95
      vertex 28.8759 4.2 4.83206
      vertex 28.8096 4.2 4.90962
    endloop
  endfacet
  facet normal 0 1 0
    outer loop
      vertex 28.992 4.2 4.55168
      vertex 30.2805 4.2 4.95
      vertex 30.3254 4.2 4.76287
    endloop
  endfacet
  facet normal 0 1 0
    outer loop
      vertex 30.2805 4.2 4.95
      vertex 28.9292 4.2 4.74509
      vertex 28.8759 4.2 4.83206
    endloop
  endfacet
  facet normal 0 1 0
    outer loop
      vertex 30.2805 4.2 4.95
      vertex 28.9682 4.2 4.65086
      vertex 28.9292 4.2 4.74509
    endloop
  endfacet
  facet normal 0 1 0
    outer loop
      vertex 30.2805 4.2 4.95
      vertex 28.992 4.2 4.55168
      vertex 28.9682 4.2 4.65086
    endloop
  endfacet
  facet normal 0 1 0
    outer loop
      vertex 30.35 4.2 4.45
      vertex 28.992 4.2 4.55168
      vertex 30.3254 4.2 4.76287
    endloop
  endfacet
  facet normal 0 1 0
    outer loop
      vertex 30.35 4.2 4.45
      vertex 29 4.2 4.45
      vertex 28.992 4.2 4.55168
    endloop
  endfacet
  facet normal 0 1 0
    outer loop
      vertex 30.35 4.2 4.45
      vertex 28.992 4.2 4.34832
      vertex 29 4.2 4.45
    endloop
  endfacet
  facet normal 0 1 -0
    outer loop
      vertex 30.3254 4.2 4.13713
      vertex 28.992 4.2 4.34832
      vertex 30.35 4.2 4.45
    endloop
  endfacet
  facet normal 0 1 0
    outer loop
      vertex 28.992 4.2 4.34832
      vertex 30.3254 4.2 4.13713
      vertex 28.9682 4.2 4.24914
    endloop
  endfacet
  facet normal 0 1 -0
    outer loop
      vertex 30.2521 4.2 3.83197
      vertex 28.9682 4.2 4.24914
      vertex 30.3254 4.2 4.13713
    endloop
  endfacet
  facet normal 0 1 0
    outer loop
      vertex 28.9682 4.2 4.24914
      vertex 30.2521 4.2 3.83197
      vertex 28.9292 4.2 4.15491
    endloop
  endfacet
  facet normal 0 1 -0
    outer loop
      vertex 30.132 4.2 3.54202
      vertex 28.9292 4.2 4.15491
      vertex 30.2521 4.2 3.83197
    endloop
  endfacet
  facet normal 0 1 0
    outer loop
      vertex 28.9292 4.2 4.15491
      vertex 30.132 4.2 3.54202
      vertex 28.8759 4.2 4.06794
    endloop
  endfacet
  facet normal 0 1 -0
    outer loop
      vertex 29.968 4.2 3.27443
      vertex 28.8759 4.2 4.06794
      vertex 30.132 4.2 3.54202
    endloop
  endfacet
  facet normal 0 1 0
    outer loop
      vertex 28.8759 4.2 4.06794
      vertex 29.968 4.2 3.27443
      vertex 28.8096 4.2 3.99038
    endloop
  endfacet
  facet normal 0 1 -0
    outer loop
      vertex 29.7642 4.2 3.03579
      vertex 28.8096 4.2 3.99038
      vertex 29.968 4.2 3.27443
    endloop
  endfacet
  facet normal 0 1 0
    outer loop
      vertex 28.8096 4.2 3.99038
      vertex 29.7642 4.2 3.03579
      vertex 28.7321 4.2 3.92414
    endloop
  endfacet
  facet normal 0 1 -0
    outer loop
      vertex 29.5256 4.2 2.83197
      vertex 28.7321 4.2 3.92414
      vertex 29.7642 4.2 3.03579
    endloop
  endfacet
  facet normal 0 1 0
    outer loop
      vertex 28.7321 4.2 3.92414
      vertex 29.5256 4.2 2.83197
      vertex 28.6451 4.2 3.87084
    endloop
  endfacet
  facet normal 0 1 -0
    outer loop
      vertex 27.8904 4.2 4.90962
      vertex 26.4195 4.2 4.95
      vertex 27.9377 4.2 4.95
    endloop
  endfacet
  facet normal 0 1 -0
    outer loop
      vertex 27.8241 4.2 4.83206
      vertex 26.4195 4.2 4.95
      vertex 27.8904 4.2 4.90962
    endloop
  endfacet
  facet normal 0 1 -0
    outer loop
      vertex 27.7708 4.2 4.74509
      vertex 26.4195 4.2 4.95
      vertex 27.8241 4.2 4.83206
    endloop
  endfacet
  facet normal 0 1 -0
    outer loop
      vertex 27.7318 4.2 4.65086
      vertex 26.4195 4.2 4.95
      vertex 27.7708 4.2 4.74509
    endloop
  endfacet
  facet normal 0 1 -0
    outer loop
      vertex 27.708 4.2 4.55168
      vertex 26.4195 4.2 4.95
      vertex 27.7318 4.2 4.65086
    endloop
  endfacet
  facet normal 0 1 0
    outer loop
      vertex 26.4195 4.2 4.95
      vertex 27.708 4.2 4.55168
      vertex 26.3746 4.2 4.76287
    endloop
  endfacet
  facet normal 0 1 -0
    outer loop
      vertex 27.7 4.2 4.45
      vertex 26.3746 4.2 4.76287
      vertex 27.708 4.2 4.55168
    endloop
  endfacet
  facet normal 0 1 0
    outer loop
      vertex 27.7 4.2 4.45
      vertex 26.35 4.2 4.45
      vertex 26.3746 4.2 4.76287
    endloop
  endfacet
  facet normal 0 1 0
    outer loop
      vertex 27.708 4.2 4.34832
      vertex 26.35 4.2 4.45
      vertex 27.7 4.2 4.45
    endloop
  endfacet
  facet normal 0 1 0
    outer loop
      vertex 26.3746 4.2 4.13713
      vertex 27.708 4.2 4.34832
      vertex 27.7318 4.2 4.24914
    endloop
  endfacet
  facet normal 0 1 0
    outer loop
      vertex 26.4479 4.2 3.83197
      vertex 27.7318 4.2 4.24914
      vertex 27.7708 4.2 4.15491
    endloop
  endfacet
  facet normal 0 1 0
    outer loop
      vertex 27.708 4.2 4.34832
      vertex 26.3746 4.2 4.13713
      vertex 26.35 4.2 4.45
    endloop
  endfacet
  facet normal 0 1 0
    outer loop
      vertex 26.568 4.2 3.54202
      vertex 27.7708 4.2 4.15491
      vertex 27.8241 4.2 4.06794
    endloop
  endfacet
  facet normal 0 1 0
    outer loop
      vertex 26.732 4.2 3.27443
      vertex 27.8241 4.2 4.06794
      vertex 27.8904 4.2 3.99038
    endloop
  endfacet
  facet normal 0 1 0
    outer loop
      vertex 26.9358 4.2 3.03579
      vertex 27.8904 4.2 3.99038
      vertex 27.9679 4.2 3.92414
    endloop
  endfacet
  facet normal 0 1 0
    outer loop
      vertex 27.1744 4.2 2.83197
      vertex 27.9679 4.2 3.92414
      vertex 28.0549 4.2 3.87084
    endloop
  endfacet
  facet normal 0 1 0
    outer loop
      vertex 27.7318 4.2 4.24914
      vertex 26.4479 4.2 3.83197
      vertex 26.3746 4.2 4.13713
    endloop
  endfacet
  facet normal 0 1 0
    outer loop
      vertex 27.442 4.2 2.66799
      vertex 28.0549 4.2 3.87084
      vertex 28.1491 4.2 3.83181
    endloop
  endfacet
  facet normal 0 1 0
    outer loop
      vertex 27.732 4.2 2.54789
      vertex 28.1491 4.2 3.83181
      vertex 28.2483 4.2 3.808
    endloop
  endfacet
  facet normal 0 1 0
    outer loop
      vertex 28.0371 4.2 2.47462
      vertex 28.2483 4.2 3.808
      vertex 28.35 4.2 3.8
    endloop
  endfacet
  facet normal 0 1 -0
    outer loop
      vertex 29.258 4.2 2.66799
      vertex 28.6451 4.2 3.87084
      vertex 29.5256 4.2 2.83197
    endloop
  endfacet
  facet normal 0 1 0
    outer loop
      vertex 27.7708 4.2 4.15491
      vertex 26.568 4.2 3.54202
      vertex 26.4479 4.2 3.83197
    endloop
  endfacet
  facet normal 0 1 0
    outer loop
      vertex 28.6451 4.2 3.87084
      vertex 29.258 4.2 2.66799
      vertex 28.5509 4.2 3.83181
    endloop
  endfacet
  facet normal 0 1 0
    outer loop
      vertex 27.8241 4.2 4.06794
      vertex 26.732 4.2 3.27443
      vertex 26.568 4.2 3.54202
    endloop
  endfacet
  facet normal 0 1 -0
    outer loop
      vertex 28.968 4.2 2.54789
      vertex 28.5509 4.2 3.83181
      vertex 29.258 4.2 2.66799
    endloop
  endfacet
  facet normal 0 1 0
    outer loop
      vertex 27.8904 4.2 3.99038
      vertex 26.9358 4.2 3.03579
      vertex 26.732 4.2 3.27443
    endloop
  endfacet
  facet normal 0 1 0
    outer loop
      vertex 28.5509 4.2 3.83181
      vertex 28.968 4.2 2.54789
      vertex 28.4517 4.2 3.808
    endloop
  endfacet
  facet normal 0 1 0
    outer loop
      vertex 27.9679 4.2 3.92414
      vertex 27.1744 4.2 2.83197
      vertex 26.9358 4.2 3.03579
    endloop
  endfacet
  facet normal 0 1 -0
    outer loop
      vertex 28.6629 4.2 2.47462
      vertex 28.4517 4.2 3.808
      vertex 28.968 4.2 2.54789
    endloop
  endfacet
  facet normal 0 1 0
    outer loop
      vertex 28.0549 4.2 3.87084
      vertex 27.442 4.2 2.66799
      vertex 27.1744 4.2 2.83197
    endloop
  endfacet
  facet normal 0 1 0
    outer loop
      vertex 28.4517 4.2 3.808
      vertex 28.6629 4.2 2.47462
      vertex 28.35 4.2 3.8
    endloop
  endfacet
  facet normal 0 1 0
    outer loop
      vertex 28.1491 4.2 3.83181
      vertex 27.732 4.2 2.54789
      vertex 27.442 4.2 2.66799
    endloop
  endfacet
  facet normal 0 1 0
    outer loop
      vertex 28.35 4.2 2.45
      vertex 28.35 4.2 3.8
      vertex 28.6629 4.2 2.47462
    endloop
  endfacet
  facet normal 0 1 0
    outer loop
      vertex 28.2483 4.2 3.808
      vertex 28.0371 4.2 2.47462
      vertex 27.732 4.2 2.54789
    endloop
  endfacet
  facet normal 0 1 0
    outer loop
      vertex 28.35 4.2 3.8
      vertex 28.35 4.2 2.45
      vertex 28.0371 4.2 2.47462
    endloop
  endfacet
  facet normal -0.649515 0 -0.760349
    outer loop
      vertex 26.9358 2 3.03579
      vertex 27.1744 4.2 2.83197
      vertex 27.1744 2 2.83197
    endloop
  endfacet
  facet normal -0.649515 0 -0.760349
    outer loop
      vertex 27.1744 4.2 2.83197
      vertex 26.9358 2 3.03579
      vertex 26.9358 4.2 3.03579
    endloop
  endfacet
  facet normal -0.233512 0 -0.972354
    outer loop
      vertex 27.732 2 2.54789
      vertex 28.0371 4.2 2.47462
      vertex 28.0371 2 2.47462
    endloop
  endfacet
  facet normal -0.233512 0 -0.972354
    outer loop
      vertex 28.0371 4.2 2.47462
      vertex 27.732 2 2.54789
      vertex 27.732 4.2 2.54789
    endloop
  endfacet
  facet normal 0.923881 0 -0.38268
    outer loop
      vertex 30.2521 2 3.83197
      vertex 30.132 4.2 3.54202
      vertex 30.2521 4.2 3.83197
    endloop
  endfacet
  facet normal 0.923881 0 -0.38268
    outer loop
      vertex 30.132 4.2 3.54202
      vertex 30.2521 2 3.83197
      vertex 30.132 2 3.54202
    endloop
  endfacet
  facet normal 0.522486 0 -0.852648
    outer loop
      vertex 29.258 2 2.66799
      vertex 29.5256 4.2 2.83197
      vertex 29.5256 2 2.83197
    endloop
  endfacet
  facet normal 0.522486 0 -0.852648
    outer loop
      vertex 29.5256 4.2 2.83197
      vertex 29.258 2 2.66799
      vertex 29.258 4.2 2.66799
    endloop
  endfacet
  facet normal -0.382624 0 -0.923904
    outer loop
      vertex 27.442 2 2.66799
      vertex 27.732 4.2 2.54789
      vertex 27.732 2 2.54789
    endloop
  endfacet
  facet normal -0.382624 0 -0.923904
    outer loop
      vertex 27.732 4.2 2.54789
      vertex 27.442 2 2.66799
      vertex 27.442 4.2 2.66799
    endloop
  endfacet
  facet normal 0.996923 -0 0.078385
    outer loop
      vertex 30.3254 2 4.76287
      vertex 30.35 4.2 4.45
      vertex 30.3254 4.2 4.76287
    endloop
  endfacet
  facet normal 0.996923 0 0.078385
    outer loop
      vertex 30.35 4.2 4.45
      vertex 30.3254 2 4.76287
      vertex 30.35 2 4.45
    endloop
  endfacet
  facet normal -0.996923 0 0.078385
    outer loop
      vertex 26.35 2 4.45
      vertex 26.3746 4.2 4.76287
      vertex 26.35 4.2 4.45
    endloop
  endfacet
  facet normal -0.996923 0 0.078385
    outer loop
      vertex 26.3746 4.2 4.76287
      vertex 26.35 2 4.45
      vertex 26.3746 2 4.76287
    endloop
  endfacet
  facet normal -0.972401 0 0.233318
    outer loop
      vertex 26.3746 2 4.76287
      vertex 26.4195 4.2 4.95
      vertex 26.3746 4.2 4.76287
    endloop
  endfacet
  facet normal -0.972401 0 0.233318
    outer loop
      vertex 26.4195 4.2 4.95
      vertex 26.3746 2 4.76287
      vertex 26.4195 2 4.95
    endloop
  endfacet
  facet normal 0.972401 -0 0.233318
    outer loop
      vertex 30.2805 2 4.95
      vertex 30.3254 4.2 4.76287
      vertex 30.2805 4.2 4.95
    endloop
  endfacet
  facet normal 0.972401 0 0.233318
    outer loop
      vertex 30.3254 4.2 4.76287
      vertex 30.2805 2 4.95
      vertex 30.3254 2 4.76287
    endloop
  endfacet
  facet normal 0 0 1
    outer loop
      vertex 4.23766 4.2 4.95
      vertex 2.71955 4.2 4.95
      vertex 4.23766 2.6 4.95
    endloop
  endfacet
  facet normal 0 0 1
    outer loop
      vertex 5.06234 2.6 4.95
      vertex 6.58045 4.2 4.95
      vertex 5.06234 4.2 4.95
    endloop
  endfacet
  facet normal 0 0 1
    outer loop
      vertex 6.58045 4.2 4.95
      vertex 5.06234 2.6 4.95
      vertex 6.58045 2 4.95
    endloop
  endfacet
  facet normal -0 0 1
    outer loop
      vertex 4.23766 2.6 4.95
      vertex 6.58045 2 4.95
      vertex 5.06234 2.6 4.95
    endloop
  endfacet
  facet normal 0 0 1
    outer loop
      vertex 4.23766 2.6 4.95
      vertex 2.71955 2 4.95
      vertex 6.58045 2 4.95
    endloop
  endfacet
  facet normal 0 0 1
    outer loop
      vertex 2.71955 2 4.95
      vertex 4.23766 2.6 4.95
      vertex 2.71955 4.2 4.95
    endloop
  endfacet
  facet normal 0 0 1
    outer loop
      vertex 27.9377 4.2 4.95
      vertex 26.4195 4.2 4.95
      vertex 27.9377 2.6 4.95
    endloop
  endfacet
  facet normal 0 0 1
    outer loop
      vertex 28.7623 2.6 4.95
      vertex 30.2805 4.2 4.95
      vertex 28.7623 4.2 4.95
    endloop
  endfacet
  facet normal 0 0 1
    outer loop
      vertex 30.2805 4.2 4.95
      vertex 28.7623 2.6 4.95
      vertex 30.2805 2 4.95
    endloop
  endfacet
  facet normal -0 0 1
    outer loop
      vertex 27.9377 2.6 4.95
      vertex 30.2805 2 4.95
      vertex 28.7623 2.6 4.95
    endloop
  endfacet
  facet normal 0 0 1
    outer loop
      vertex 27.9377 2.6 4.95
      vertex 26.4195 2 4.95
      vertex 30.2805 2 4.95
    endloop
  endfacet
  facet normal 0 0 1
    outer loop
      vertex 26.4195 2 4.95
      vertex 27.9377 2.6 4.95
      vertex 26.4195 4.2 4.95
    endloop
  endfacet
  facet normal -1 0 0
    outer loop
      vertex 28.5 43.6 10.4
      vertex 28.5 42.4 11.6
      vertex 28.5 43.6 33.6
    endloop
  endfacet
  facet normal -1 0 0
    outer loop
      vertex 28.5 43.6 10.4
      vertex 28.5 11.6 11.6
      vertex 28.5 42.4 11.6
    endloop
  endfacet
  facet normal -1 -0 0
    outer loop
      vertex 28.5 11.6 11.6
      vertex 28.5 10.4 10.4
      vertex 28.5 11.6 32.4
    endloop
  endfacet
  facet normal -1 0 0
    outer loop
      vertex 28.5 10.4 10.4
      vertex 28.5 11.6 11.6
      vertex 28.5 43.6 10.4
    endloop
  endfacet
  facet normal -1 0 0
    outer loop
      vertex 28.5 42.4 32.4
      vertex 28.5 43.6 33.6
      vertex 28.5 42.4 11.6
    endloop
  endfacet
  facet normal -1 0 0
    outer loop
      vertex 28.5 11.6 32.4
      vertex 28.5 43.6 33.6
      vertex 28.5 42.4 32.4
    endloop
  endfacet
  facet normal -1 0 0
    outer loop
      vertex 28.5 11.6 32.4
      vertex 28.5 10.4 33.6
      vertex 28.5 43.6 33.6
    endloop
  endfacet
  facet normal -1 0 0
    outer loop
      vertex 28.5 10.4 33.6
      vertex 28.5 11.6 32.4
      vertex 28.5 10.4 10.4
    endloop
  endfacet
  facet normal -0 0 1
    outer loop
      vertex 28.5 43.6 33.6
      vertex 31 10.4 33.6
      vertex 31 43.6 33.6
    endloop
  endfacet
  facet normal 0 0 1
    outer loop
      vertex 31 10.4 33.6
      vertex 28.5 43.6 33.6
      vertex 28.5 10.4 33.6
    endloop
  endfacet
  facet normal 0 1 -0
    outer loop
      vertex 31 43.6 10.4
      vertex 28.5 43.6 33.6
      vertex 31 43.6 33.6
    endloop
  endfacet
  facet normal 0 1 0
    outer loop
      vertex 28.5 43.6 33.6
      vertex 31 43.6 10.4
      vertex 28.5 43.6 10.4
    endloop
  endfacet
  facet normal 0 0 -1
    outer loop
      vertex 28.5 10.4 10.4
      vertex 31 43.6 10.4
      vertex 31 10.4 10.4
    endloop
  endfacet
  facet normal -0 0 -1
    outer loop
      vertex 31 43.6 10.4
      vertex 28.5 10.4 10.4
      vertex 28.5 43.6 10.4
    endloop
  endfacet
  facet normal 0 -1 0
    outer loop
      vertex 28.5 10.4 10.4
      vertex 31 10.4 33.6
      vertex 28.5 10.4 33.6
    endloop
  endfacet
  facet normal 0 -1 -0
    outer loop
      vertex 31 10.4 33.6
      vertex 28.5 10.4 10.4
      vertex 31 10.4 10.4
    endloop
  endfacet
  facet normal 0 0 -1
    outer loop
      vertex 28.5 11.6 32.4
      vertex 31 42.4 32.4
      vertex 31 11.6 32.4
    endloop
  endfacet
  facet normal -0 0 -1
    outer loop
      vertex 31 42.4 32.4
      vertex 28.5 11.6 32.4
      vertex 28.5 42.4 32.4
    endloop
  endfacet
  facet normal -0 0 1
    outer loop
      vertex 28.5 42.4 11.6
      vertex 31 11.6 11.6
      vertex 31 42.4 11.6
    endloop
  endfacet
  facet normal 0 0 1
    outer loop
      vertex 31 11.6 11.6
      vertex 28.5 42.4 11.6
      vertex 28.5 11.6 11.6
    endloop
  endfacet
  facet normal 0 1 -0
    outer loop
      vertex 31 11.6 11.6
      vertex 28.5 11.6 32.4
      vertex 31 11.6 32.4
    endloop
  endfacet
  facet normal 0 1 0
    outer loop
      vertex 28.5 11.6 32.4
      vertex 31 11.6 11.6
      vertex 28.5 11.6 11.6
    endloop
  endfacet
  facet normal 0 -1 0
    outer loop
      vertex 28.5 42.4 11.6
      vertex 31 42.4 32.4
      vertex 28.5 42.4 32.4
    endloop
  endfacet
  facet normal 0 -1 -0
    outer loop
      vertex 31 42.4 32.4
      vertex 28.5 42.4 11.6
      vertex 31 42.4 11.6
    endloop
  endfacet
  facet normal -1 0 0
    outer loop
      vertex 10.8 15.2 2
      vertex 10.8 49.2 5
      vertex 10.8 49.2 2
    endloop
  endfacet
  facet normal -1 -0 0
    outer loop
      vertex 10.8 49.2 5
      vertex 10.8 15.2 2
      vertex 10.8 15.2 5
    endloop
  endfacet
  facet normal -0 0 1
    outer loop
      vertex 10.8 49.2 5
      vertex 12 15.2 5
      vertex 12 49.2 5
    endloop
  endfacet
  facet normal 0 0 1
    outer loop
      vertex 12 15.2 5
      vertex 10.8 49.2 5
      vertex 10.8 15.2 5
    endloop
  endfacet
  facet normal 1 -0 0
    outer loop
      vertex 12 15.2 5
      vertex 12 49.2 2
      vertex 12 49.2 5
    endloop
  endfacet
  facet normal 1 0 0
    outer loop
      vertex 12 49.2 2
      vertex 12 15.2 5
      vertex 12 15.2 2
    endloop
  endfacet
  facet normal 0 -1 0
    outer loop
      vertex 10.8 15.2 2
      vertex 12 15.2 5
      vertex 10.8 15.2 5
    endloop
  endfacet
  facet normal 0 -1 -0
    outer loop
      vertex 12 15.2 5
      vertex 10.8 15.2 2
      vertex 12 15.2 2
    endloop
  endfacet
  facet normal 0 1 -0
    outer loop
      vertex 12 49.2 2
      vertex 10.8 49.2 5
      vertex 12 49.2 5
    endloop
  endfacet
  facet normal 0 1 0
    outer loop
      vertex 10.8 49.2 5
      vertex 12 49.2 2
      vertex 10.8 49.2 2
    endloop
  endfacet
  facet normal 0 1 0
    outer loop
      vertex 4.08297 56 40.8895
      vertex 3.81703 56 40.8895
      vertex 3.95 56 40.9
    endloop
  endfacet
  facet normal 0 1 0
    outer loop
      vertex 4.21266 56 40.8584
      vertex 3.81703 56 40.8895
      vertex 4.08297 56 40.8895
    endloop
  endfacet
  facet normal 0 1 0
    outer loop
      vertex 4.21266 56 40.8584
      vertex 3.68734 56 40.8584
      vertex 3.81703 56 40.8895
    endloop
  endfacet
  facet normal 0 1 0
    outer loop
      vertex 4.33589 56 40.8074
      vertex 3.68734 56 40.8584
      vertex 4.21266 56 40.8584
    endloop
  endfacet
  facet normal 0 1 0
    outer loop
      vertex 4.33589 56 40.8074
      vertex 3.56411 56 40.8074
      vertex 3.68734 56 40.8584
    endloop
  endfacet
  facet normal 0 1 0
    outer loop
      vertex 4.44962 56 40.7377
      vertex 3.56411 56 40.8074
      vertex 4.33589 56 40.8074
    endloop
  endfacet
  facet normal 0 1 0
    outer loop
      vertex 4.44962 56 40.7377
      vertex 3.45038 56 40.7377
      vertex 3.56411 56 40.8074
    endloop
  endfacet
  facet normal 0 1 0
    outer loop
      vertex 4.55104 56 40.651
      vertex 3.45038 56 40.7377
      vertex 4.44962 56 40.7377
    endloop
  endfacet
  facet normal 0 1 0
    outer loop
      vertex 4.55104 56 40.651
      vertex 3.34896 56 40.651
      vertex 3.45038 56 40.7377
    endloop
  endfacet
  facet normal 0 1 0
    outer loop
      vertex 4.63766 56 40.5496
      vertex 3.34896 56 40.651
      vertex 4.55104 56 40.651
    endloop
  endfacet
  facet normal 0 1 0
    outer loop
      vertex 4.63766 56 40.5496
      vertex 3.26233 56 40.5496
      vertex 3.34896 56 40.651
    endloop
  endfacet
  facet normal 0 1 0
    outer loop
      vertex 4.70736 56 40.4359
      vertex 3.26233 56 40.5496
      vertex 4.63766 56 40.5496
    endloop
  endfacet
  facet normal 0 1 0
    outer loop
      vertex 4.70736 56 40.4359
      vertex 3.19264 56 40.4359
      vertex 3.26233 56 40.5496
    endloop
  endfacet
  facet normal 0 1 0
    outer loop
      vertex 4.7584 56 40.3127
      vertex 3.19264 56 40.4359
      vertex 4.70736 56 40.4359
    endloop
  endfacet
  facet normal 0 1 0
    outer loop
      vertex 4.7584 56 40.3127
      vertex 3.1416 56 40.3127
      vertex 3.19264 56 40.4359
    endloop
  endfacet
  facet normal 0 1 0
    outer loop
      vertex 4.78953 56 40.183
      vertex 3.1416 56 40.3127
      vertex 4.7584 56 40.3127
    endloop
  endfacet
  facet normal 0 1 0
    outer loop
      vertex 4.78953 56 40.183
      vertex 3.11046 56 40.183
      vertex 3.1416 56 40.3127
    endloop
  endfacet
  facet normal 0 1 0
    outer loop
      vertex 4.8 56 40.05
      vertex 3.11046 56 40.183
      vertex 4.78953 56 40.183
    endloop
  endfacet
  facet normal 0 1 0
    outer loop
      vertex 4.8 56 40.05
      vertex 3.1 56 40.05
      vertex 3.11046 56 40.183
    endloop
  endfacet
  facet normal 0 1 -0
    outer loop
      vertex 4.78953 56 39.917
      vertex 3.1 56 40.05
      vertex 4.8 56 40.05
    endloop
  endfacet
  facet normal 0 1 0
    outer loop
      vertex 4.78953 56 39.917
      vertex 3.11046 56 39.917
      vertex 3.1 56 40.05
    endloop
  endfacet
  facet normal 0 1 -0
    outer loop
      vertex 4.7584 56 39.7873
      vertex 3.11046 56 39.917
      vertex 4.78953 56 39.917
    endloop
  endfacet
  facet normal 0 1 0
    outer loop
      vertex 4.7584 56 39.7873
      vertex 3.1416 56 39.7873
      vertex 3.11046 56 39.917
    endloop
  endfacet
  facet normal 0 1 -0
    outer loop
      vertex 4.70736 56 39.6641
      vertex 3.1416 56 39.7873
      vertex 4.7584 56 39.7873
    endloop
  endfacet
  facet normal 0 1 0
    outer loop
      vertex 4.70736 56 39.6641
      vertex 3.19264 56 39.6641
      vertex 3.1416 56 39.7873
    endloop
  endfacet
  facet normal 0 1 -0
    outer loop
      vertex 4.63766 56 39.5504
      vertex 3.19264 56 39.6641
      vertex 4.70736 56 39.6641
    endloop
  endfacet
  facet normal 0 1 0
    outer loop
      vertex 4.63766 56 39.5504
      vertex 3.26233 56 39.5504
      vertex 3.19264 56 39.6641
    endloop
  endfacet
  facet normal 0 1 -0
    outer loop
      vertex 4.55104 56 39.449
      vertex 3.26233 56 39.5504
      vertex 4.63766 56 39.5504
    endloop
  endfacet
  facet normal 0 1 0
    outer loop
      vertex 4.55104 56 39.449
      vertex 3.34896 56 39.449
      vertex 3.26233 56 39.5504
    endloop
  endfacet
  facet normal 0 1 -0
    outer loop
      vertex 4.44962 56 39.3623
      vertex 3.34896 56 39.449
      vertex 4.55104 56 39.449
    endloop
  endfacet
  facet normal 0 1 0
    outer loop
      vertex 4.44962 56 39.3623
      vertex 3.45038 56 39.3623
      vertex 3.34896 56 39.449
    endloop
  endfacet
  facet normal 0 1 -0
    outer loop
      vertex 4.33589 56 39.2926
      vertex 3.45038 56 39.3623
      vertex 4.44962 56 39.3623
    endloop
  endfacet
  facet normal 0 1 0
    outer loop
      vertex 4.33589 56 39.2926
      vertex 3.56411 56 39.2926
      vertex 3.45038 56 39.3623
    endloop
  endfacet
  facet normal 0 1 -0
    outer loop
      vertex 4.21266 56 39.2416
      vertex 3.56411 56 39.2926
      vertex 4.33589 56 39.2926
    endloop
  endfacet
  facet normal 0 1 0
    outer loop
      vertex 4.21266 56 39.2416
      vertex 3.68734 56 39.2416
      vertex 3.56411 56 39.2926
    endloop
  endfacet
  facet normal 0 1 -0
    outer loop
      vertex 4.08297 56 39.2105
      vertex 3.68734 56 39.2416
      vertex 4.21266 56 39.2416
    endloop
  endfacet
  facet normal 0 1 0
    outer loop
      vertex 4.08297 56 39.2105
      vertex 3.81703 56 39.2105
      vertex 3.68734 56 39.2416
    endloop
  endfacet
  facet normal -0 1 0
    outer loop
      vertex 3.81703 56 39.2105
      vertex 4.08297 56 39.2105
      vertex 3.95 56 39.2
    endloop
  endfacet
  facet normal -0.522532 0 0.85262
    outer loop
      vertex 4.33589 61 39.2926
      vertex 4.44962 56 39.3623
      vertex 4.44962 61 39.3623
    endloop
  endfacet
  facet normal -0.522532 0 0.85262
    outer loop
      vertex 4.44962 56 39.3623
      vertex 4.33589 61 39.2926
      vertex 4.33589 56 39.2926
    endloop
  endfacet
  facet normal -0.996916 0 -0.078479
    outer loop
      vertex 4.8 56 40.05
      vertex 4.78953 61 40.183
      vertex 4.8 61 40.05
    endloop
  endfacet
  facet normal -0.996916 -0 -0.078479
    outer loop
      vertex 4.78953 61 40.183
      vertex 4.8 56 40.05
      vertex 4.78953 56 40.183
    endloop
  endfacet
  facet normal 0.0787201 0 -0.996897
    outer loop
      vertex 3.81703 56 40.8895
      vertex 3.95 61 40.9
      vertex 3.95 56 40.9
    endloop
  endfacet
  facet normal 0.0787201 0 -0.996897
    outer loop
      vertex 3.95 61 40.9
      vertex 3.81703 56 40.8895
      vertex 3.81703 61 40.8895
    endloop
  endfacet
  facet normal 0.382405 0 0.923995
    outer loop
      vertex 3.56411 61 39.2926
      vertex 3.68734 56 39.2416
      vertex 3.68734 61 39.2416
    endloop
  endfacet
  facet normal 0.382405 0 0.923995
    outer loop
      vertex 3.68734 56 39.2416
      vertex 3.56411 61 39.2926
      vertex 3.56411 56 39.2926
    endloop
  endfacet
  facet normal 0.972367 -0 0.233458
    outer loop
      vertex 3.11046 56 39.917
      vertex 3.1416 61 39.7873
      vertex 3.11046 61 39.917
    endloop
  endfacet
  facet normal 0.972367 0 0.233458
    outer loop
      vertex 3.1416 61 39.7873
      vertex 3.11046 56 39.917
      vertex 3.1416 56 39.7873
    endloop
  endfacet
  facet normal 0.852592 0 -0.522578
    outer loop
      vertex 3.26233 56 40.5496
      vertex 3.19264 61 40.4359
      vertex 3.26233 61 40.5496
    endloop
  endfacet
  facet normal 0.852592 0 -0.522578
    outer loop
      vertex 3.19264 61 40.4359
      vertex 3.26233 56 40.5496
      vertex 3.19264 56 40.4359
    endloop
  endfacet
  facet normal -0.923856 0 0.38274
    outer loop
      vertex 4.70736 56 39.6641
      vertex 4.7584 61 39.7873
      vertex 4.70736 61 39.6641
    endloop
  endfacet
  facet normal -0.923856 0 0.38274
    outer loop
      vertex 4.7584 61 39.7873
      vertex 4.70736 56 39.6641
      vertex 4.7584 56 39.7873
    endloop
  endfacet
  facet normal -0.852558 0 0.522632
    outer loop
      vertex 4.63766 56 39.5504
      vertex 4.70736 61 39.6641
      vertex 4.63766 61 39.5504
    endloop
  endfacet
  facet normal -0.852558 0 0.522632
    outer loop
      vertex 4.70736 61 39.6641
      vertex 4.63766 56 39.5504
      vertex 4.70736 56 39.6641
    endloop
  endfacet
  facet normal -0.649791 0 0.760113
    outer loop
      vertex 4.44962 61 39.3623
      vertex 4.55104 56 39.449
      vertex 4.55104 61 39.449
    endloop
  endfacet
  facet normal -0.649791 0 0.760113
    outer loop
      vertex 4.55104 56 39.449
      vertex 4.44962 61 39.3623
      vertex 4.44962 56 39.3623
    endloop
  endfacet
  facet normal -0.233191 0 0.972431
    outer loop
      vertex 4.08297 61 39.2105
      vertex 4.21266 56 39.2416
      vertex 4.21266 61 39.2416
    endloop
  endfacet
  facet normal -0.233191 0 0.972431
    outer loop
      vertex 4.21266 56 39.2416
      vertex 4.08297 61 39.2105
      vertex 4.08297 56 39.2105
    endloop
  endfacet
  facet normal 0.0787201 0 0.996897
    outer loop
      vertex 3.81703 61 39.2105
      vertex 3.95 56 39.2
      vertex 3.95 61 39.2
    endloop
  endfacet
  facet normal 0.0787201 0 0.996897
    outer loop
      vertex 3.95 56 39.2
      vertex 3.81703 61 39.2105
      vertex 3.81703 56 39.2105
    endloop
  endfacet
  facet normal 0.996922 0 -0.0784045
    outer loop
      vertex 3.11046 56 40.183
      vertex 3.1 61 40.05
      vertex 3.11046 61 40.183
    endloop
  endfacet
  facet normal 0.996922 0 -0.0784045
    outer loop
      vertex 3.1 61 40.05
      vertex 3.11046 56 40.183
      vertex 3.1 56 40.05
    endloop
  endfacet
  facet normal 0.852592 -0 0.522578
    outer loop
      vertex 3.19264 56 39.6641
      vertex 3.26233 61 39.5504
      vertex 3.19264 61 39.6641
    endloop
  endfacet
  facet normal 0.852592 0 0.522578
    outer loop
      vertex 3.26233 61 39.5504
      vertex 3.19264 56 39.6641
      vertex 3.26233 56 39.5504
    endloop
  endfacet
  facet normal 0.233191 0 0.972431
    outer loop
      vertex 3.68734 61 39.2416
      vertex 3.81703 56 39.2105
      vertex 3.81703 61 39.2105
    endloop
  endfacet
  facet normal 0.233191 0 0.972431
    outer loop
      vertex 3.81703 56 39.2105
      vertex 3.68734 61 39.2416
      vertex 3.68734 56 39.2416
    endloop
  endfacet
  facet normal 0.760309 -0 0.649562
    outer loop
      vertex 3.26233 56 39.5504
      vertex 3.34896 61 39.449
      vertex 3.26233 61 39.5504
    endloop
  endfacet
  facet normal 0.760309 0 0.649562
    outer loop
      vertex 3.34896 61 39.449
      vertex 3.26233 56 39.5504
      vertex 3.34896 56 39.449
    endloop
  endfacet
  facet normal -0.996916 0 0.078479
    outer loop
      vertex 4.78953 56 39.917
      vertex 4.8 61 40.05
      vertex 4.78953 61 39.917
    endloop
  endfacet
  facet normal -0.996916 0 0.078479
    outer loop
      vertex 4.8 61 40.05
      vertex 4.78953 56 39.917
      vertex 4.8 56 40.05
    endloop
  endfacet
  facet normal -0.972384 0 -0.233387
    outer loop
      vertex 4.78953 56 40.183
      vertex 4.7584 61 40.3127
      vertex 4.78953 61 40.183
    endloop
  endfacet
  facet normal -0.972384 -0 -0.233387
    outer loop
      vertex 4.7584 61 40.3127
      vertex 4.78953 56 40.183
      vertex 4.7584 56 40.3127
    endloop
  endfacet
  facet normal -0.522532 0 -0.85262
    outer loop
      vertex 4.33589 56 40.8074
      vertex 4.44962 61 40.7377
      vertex 4.44962 56 40.7377
    endloop
  endfacet
  facet normal -0.522532 0 -0.85262
    outer loop
      vertex 4.44962 61 40.7377
      vertex 4.33589 56 40.8074
      vertex 4.33589 61 40.8074
    endloop
  endfacet
  facet normal -0.649791 0 -0.760113
    outer loop
      vertex 4.44962 56 40.7377
      vertex 4.55104 61 40.651
      vertex 4.55104 56 40.651
    endloop
  endfacet
  facet normal -0.649791 0 -0.760113
    outer loop
      vertex 4.55104 61 40.651
      vertex 4.44962 56 40.7377
      vertex 4.44962 61 40.7377
    endloop
  endfacet
  facet normal -0.0787201 0 -0.996897
    outer loop
      vertex 3.95 56 40.9
      vertex 4.08297 61 40.8895
      vertex 4.08297 56 40.8895
    endloop
  endfacet
  facet normal -0.0787201 0 -0.996897
    outer loop
      vertex 4.08297 61 40.8895
      vertex 3.95 56 40.9
      vertex 3.95 61 40.9
    endloop
  endfacet
  facet normal 0.522532 0 -0.85262
    outer loop
      vertex 3.45038 56 40.7377
      vertex 3.56411 61 40.8074
      vertex 3.56411 56 40.8074
    endloop
  endfacet
  facet normal 0.522532 0 -0.85262
    outer loop
      vertex 3.56411 61 40.8074
      vertex 3.45038 56 40.7377
      vertex 3.45038 61 40.7377
    endloop
  endfacet
  facet normal 0.760309 0 -0.649562
    outer loop
      vertex 3.34896 56 40.651
      vertex 3.26233 61 40.5496
      vertex 3.34896 61 40.651
    endloop
  endfacet
  facet normal 0.760309 0 -0.649562
    outer loop
      vertex 3.26233 61 40.5496
      vertex 3.34896 56 40.651
      vertex 3.26233 56 40.5496
    endloop
  endfacet
  facet normal 0.972367 0 -0.233458
    outer loop
      vertex 3.1416 56 40.3127
      vertex 3.11046 61 40.183
      vertex 3.1416 61 40.3127
    endloop
  endfacet
  facet normal 0.972367 0 -0.233458
    outer loop
      vertex 3.11046 61 40.183
      vertex 3.1416 56 40.3127
      vertex 3.11046 56 40.183
    endloop
  endfacet
  facet normal -0.972384 0 0.233387
    outer loop
      vertex 4.7584 56 39.7873
      vertex 4.78953 61 39.917
      vertex 4.7584 61 39.7873
    endloop
  endfacet
  facet normal -0.972384 0 0.233387
    outer loop
      vertex 4.78953 61 39.917
      vertex 4.7584 56 39.7873
      vertex 4.78953 56 39.917
    endloop
  endfacet
  facet normal -0.760346 0 0.649518
    outer loop
      vertex 4.55104 56 39.449
      vertex 4.63766 61 39.5504
      vertex 4.55104 61 39.449
    endloop
  endfacet
  facet normal -0.760346 0 0.649518
    outer loop
      vertex 4.63766 61 39.5504
      vertex 4.55104 56 39.449
      vertex 4.63766 56 39.5504
    endloop
  endfacet
  facet normal -0.382405 0 0.923995
    outer loop
      vertex 4.21266 61 39.2416
      vertex 4.33589 56 39.2926
      vertex 4.33589 61 39.2926
    endloop
  endfacet
  facet normal -0.382405 0 0.923995
    outer loop
      vertex 4.33589 56 39.2926
      vertex 4.21266 61 39.2416
      vertex 4.21266 56 39.2416
    endloop
  endfacet
  facet normal -0.0787201 0 0.996897
    outer loop
      vertex 3.95 61 39.2
      vertex 4.08297 56 39.2105
      vertex 4.08297 61 39.2105
    endloop
  endfacet
  facet normal -0.0787201 0 0.996897
    outer loop
      vertex 4.08297 56 39.2105
      vertex 3.95 61 39.2
      vertex 3.95 56 39.2
    endloop
  endfacet
  facet normal 0.996922 -0 0.0784045
    outer loop
      vertex 3.1 56 40.05
      vertex 3.11046 61 39.917
      vertex 3.1 61 40.05
    endloop
  endfacet
  facet normal 0.996922 0 0.0784045
    outer loop
      vertex 3.11046 61 39.917
      vertex 3.1 56 40.05
      vertex 3.11046 56 39.917
    endloop
  endfacet
  facet normal 0.923856 -0 0.38274
    outer loop
      vertex 3.1416 56 39.7873
      vertex 3.19264 61 39.6641
      vertex 3.1416 61 39.7873
    endloop
  endfacet
  facet normal 0.923856 0 0.38274
    outer loop
      vertex 3.19264 61 39.6641
      vertex 3.1416 56 39.7873
      vertex 3.19264 56 39.6641
    endloop
  endfacet
  facet normal 0.649791 0 0.760113
    outer loop
      vertex 3.34896 61 39.449
      vertex 3.45038 56 39.3623
      vertex 3.45038 61 39.3623
    endloop
  endfacet
  facet normal 0.649791 0 0.760113
    outer loop
      vertex 3.45038 56 39.3623
      vertex 3.34896 61 39.449
      vertex 3.34896 56 39.449
    endloop
  endfacet
  facet normal 0.522532 0 0.85262
    outer loop
      vertex 3.45038 61 39.3623
      vertex 3.56411 56 39.2926
      vertex 3.56411 61 39.2926
    endloop
  endfacet
  facet normal 0.522532 0 0.85262
    outer loop
      vertex 3.56411 56 39.2926
      vertex 3.45038 61 39.3623
      vertex 3.45038 56 39.3623
    endloop
  endfacet
  facet normal -0.233191 0 -0.972431
    outer loop
      vertex 4.08297 56 40.8895
      vertex 4.21266 61 40.8584
      vertex 4.21266 56 40.8584
    endloop
  endfacet
  facet normal -0.233191 0 -0.972431
    outer loop
      vertex 4.21266 61 40.8584
      vertex 4.08297 56 40.8895
      vertex 4.08297 61 40.8895
    endloop
  endfacet
  facet normal -0.852558 0 -0.522632
    outer loop
      vertex 4.70736 56 40.4359
      vertex 4.63766 61 40.5496
      vertex 4.70736 61 40.4359
    endloop
  endfacet
  facet normal -0.852558 -0 -0.522632
    outer loop
      vertex 4.63766 61 40.5496
      vertex 4.70736 56 40.4359
      vertex 4.63766 56 40.5496
    endloop
  endfacet
  facet normal -0.382405 0 -0.923995
    outer loop
      vertex 4.21266 56 40.8584
      vertex 4.33589 61 40.8074
      vertex 4.33589 56 40.8074
    endloop
  endfacet
  facet normal -0.382405 0 -0.923995
    outer loop
      vertex 4.33589 61 40.8074
      vertex 4.21266 56 40.8584
      vertex 4.21266 61 40.8584
    endloop
  endfacet
  facet normal -0.760346 0 -0.649518
    outer loop
      vertex 4.63766 56 40.5496
      vertex 4.55104 61 40.651
      vertex 4.63766 61 40.5496
    endloop
  endfacet
  facet normal -0.760346 -0 -0.649518
    outer loop
      vertex 4.55104 61 40.651
      vertex 4.63766 56 40.5496
      vertex 4.55104 56 40.651
    endloop
  endfacet
  facet normal 0.233191 0 -0.972431
    outer loop
      vertex 3.68734 56 40.8584
      vertex 3.81703 61 40.8895
      vertex 3.81703 56 40.8895
    endloop
  endfacet
  facet normal 0.233191 0 -0.972431
    outer loop
      vertex 3.81703 61 40.8895
      vertex 3.68734 56 40.8584
      vertex 3.68734 61 40.8584
    endloop
  endfacet
  facet normal 0.923856 0 -0.38274
    outer loop
      vertex 3.19264 56 40.4359
      vertex 3.1416 61 40.3127
      vertex 3.19264 61 40.4359
    endloop
  endfacet
  facet normal 0.923856 0 -0.38274
    outer loop
      vertex 3.1416 61 40.3127
      vertex 3.19264 56 40.4359
      vertex 3.1416 56 40.3127
    endloop
  endfacet
  facet normal 0.649791 0 -0.760113
    outer loop
      vertex 3.34896 56 40.651
      vertex 3.45038 61 40.7377
      vertex 3.45038 56 40.7377
    endloop
  endfacet
  facet normal 0.649791 0 -0.760113
    outer loop
      vertex 3.45038 61 40.7377
      vertex 3.34896 56 40.651
      vertex 3.34896 61 40.651
    endloop
  endfacet
  facet normal -0.923856 0 -0.38274
    outer loop
      vertex 4.7584 56 40.3127
      vertex 4.70736 61 40.4359
      vertex 4.7584 61 40.3127
    endloop
  endfacet
  facet normal -0.923856 -0 -0.38274
    outer loop
      vertex 4.70736 61 40.4359
      vertex 4.7584 56 40.3127
      vertex 4.70736 56 40.4359
    endloop
  endfacet
  facet normal 0.382405 0 -0.923995
    outer loop
      vertex 3.56411 56 40.8074
      vertex 3.68734 61 40.8584
      vertex 3.68734 56 40.8584
    endloop
  endfacet
  facet normal 0.382405 0 -0.923995
    outer loop
      vertex 3.68734 61 40.8584
      vertex 3.56411 56 40.8074
      vertex 3.56411 61 40.8074
    endloop
  endfacet
  facet normal 0 1 0
    outer loop
      vertex 29.183 56 40.8895
      vertex 28.917 56 40.8895
      vertex 29.05 56 40.9
    endloop
  endfacet
  facet normal 0 1 0
    outer loop
      vertex 29.3127 56 40.8584
      vertex 28.917 56 40.8895
      vertex 29.183 56 40.8895
    endloop
  endfacet
  facet normal 0 1 0
    outer loop
      vertex 29.3127 56 40.8584
      vertex 28.7873 56 40.8584
      vertex 28.917 56 40.8895
    endloop
  endfacet
  facet normal 0 1 0
    outer loop
      vertex 29.4359 56 40.8074
      vertex 28.7873 56 40.8584
      vertex 29.3127 56 40.8584
    endloop
  endfacet
  facet normal 0 1 0
    outer loop
      vertex 29.4359 56 40.8074
      vertex 28.6641 56 40.8074
      vertex 28.7873 56 40.8584
    endloop
  endfacet
  facet normal 0 1 0
    outer loop
      vertex 29.5496 56 40.7377
      vertex 28.6641 56 40.8074
      vertex 29.4359 56 40.8074
    endloop
  endfacet
  facet normal 0 1 0
    outer loop
      vertex 29.5496 56 40.7377
      vertex 28.5504 56 40.7377
      vertex 28.6641 56 40.8074
    endloop
  endfacet
  facet normal 0 1 0
    outer loop
      vertex 29.651 56 40.651
      vertex 28.5504 56 40.7377
      vertex 29.5496 56 40.7377
    endloop
  endfacet
  facet normal 0 1 0
    outer loop
      vertex 29.651 56 40.651
      vertex 28.449 56 40.651
      vertex 28.5504 56 40.7377
    endloop
  endfacet
  facet normal 0 1 0
    outer loop
      vertex 29.7377 56 40.5496
      vertex 28.449 56 40.651
      vertex 29.651 56 40.651
    endloop
  endfacet
  facet normal 0 1 0
    outer loop
      vertex 29.7377 56 40.5496
      vertex 28.3623 56 40.5496
      vertex 28.449 56 40.651
    endloop
  endfacet
  facet normal 0 1 0
    outer loop
      vertex 29.8074 56 40.4359
      vertex 28.3623 56 40.5496
      vertex 29.7377 56 40.5496
    endloop
  endfacet
  facet normal 0 1 0
    outer loop
      vertex 29.8074 56 40.4359
      vertex 28.2926 56 40.4359
      vertex 28.3623 56 40.5496
    endloop
  endfacet
  facet normal 0 1 0
    outer loop
      vertex 29.8584 56 40.3127
      vertex 28.2926 56 40.4359
      vertex 29.8074 56 40.4359
    endloop
  endfacet
  facet normal 0 1 0
    outer loop
      vertex 29.8584 56 40.3127
      vertex 28.2416 56 40.3127
      vertex 28.2926 56 40.4359
    endloop
  endfacet
  facet normal 0 1 0
    outer loop
      vertex 29.8895 56 40.183
      vertex 28.2416 56 40.3127
      vertex 29.8584 56 40.3127
    endloop
  endfacet
  facet normal 0 1 0
    outer loop
      vertex 29.8895 56 40.183
      vertex 28.2105 56 40.183
      vertex 28.2416 56 40.3127
    endloop
  endfacet
  facet normal 0 1 0
    outer loop
      vertex 29.9 56 40.05
      vertex 28.2105 56 40.183
      vertex 29.8895 56 40.183
    endloop
  endfacet
  facet normal 0 1 0
    outer loop
      vertex 29.9 56 40.05
      vertex 28.2 56 40.05
      vertex 28.2105 56 40.183
    endloop
  endfacet
  facet normal 0 1 -0
    outer loop
      vertex 29.8895 56 39.917
      vertex 28.2 56 40.05
      vertex 29.9 56 40.05
    endloop
  endfacet
  facet normal 0 1 0
    outer loop
      vertex 29.8895 56 39.917
      vertex 28.2105 56 39.917
      vertex 28.2 56 40.05
    endloop
  endfacet
  facet normal 0 1 -0
    outer loop
      vertex 29.8584 56 39.7873
      vertex 28.2105 56 39.917
      vertex 29.8895 56 39.917
    endloop
  endfacet
  facet normal 0 1 0
    outer loop
      vertex 29.8584 56 39.7873
      vertex 28.2416 56 39.7873
      vertex 28.2105 56 39.917
    endloop
  endfacet
  facet normal 0 1 -0
    outer loop
      vertex 29.8074 56 39.6641
      vertex 28.2416 56 39.7873
      vertex 29.8584 56 39.7873
    endloop
  endfacet
  facet normal 0 1 0
    outer loop
      vertex 29.8074 56 39.6641
      vertex 28.2926 56 39.6641
      vertex 28.2416 56 39.7873
    endloop
  endfacet
  facet normal 0 1 -0
    outer loop
      vertex 29.7377 56 39.5504
      vertex 28.2926 56 39.6641
      vertex 29.8074 56 39.6641
    endloop
  endfacet
  facet normal 0 1 0
    outer loop
      vertex 29.7377 56 39.5504
      vertex 28.3623 56 39.5504
      vertex 28.2926 56 39.6641
    endloop
  endfacet
  facet normal 0 1 -0
    outer loop
      vertex 29.651 56 39.449
      vertex 28.3623 56 39.5504
      vertex 29.7377 56 39.5504
    endloop
  endfacet
  facet normal 0 1 0
    outer loop
      vertex 29.651 56 39.449
      vertex 28.449 56 39.449
      vertex 28.3623 56 39.5504
    endloop
  endfacet
  facet normal 0 1 -0
    outer loop
      vertex 29.5496 56 39.3623
      vertex 28.449 56 39.449
      vertex 29.651 56 39.449
    endloop
  endfacet
  facet normal 0 1 0
    outer loop
      vertex 29.5496 56 39.3623
      vertex 28.5504 56 39.3623
      vertex 28.449 56 39.449
    endloop
  endfacet
  facet normal 0 1 -0
    outer loop
      vertex 29.4359 56 39.2926
      vertex 28.5504 56 39.3623
      vertex 29.5496 56 39.3623
    endloop
  endfacet
  facet normal 0 1 0
    outer loop
      vertex 29.4359 56 39.2926
      vertex 28.6641 56 39.2926
      vertex 28.5504 56 39.3623
    endloop
  endfacet
  facet normal 0 1 -0
    outer loop
      vertex 29.3127 56 39.2416
      vertex 28.6641 56 39.2926
      vertex 29.4359 56 39.2926
    endloop
  endfacet
  facet normal 0 1 0
    outer loop
      vertex 29.3127 56 39.2416
      vertex 28.7873 56 39.2416
      vertex 28.6641 56 39.2926
    endloop
  endfacet
  facet normal 0 1 -0
    outer loop
      vertex 29.183 56 39.2105
      vertex 28.7873 56 39.2416
      vertex 29.3127 56 39.2416
    endloop
  endfacet
  facet normal 0 1 0
    outer loop
      vertex 29.183 56 39.2105
      vertex 28.917 56 39.2105
      vertex 28.7873 56 39.2416
    endloop
  endfacet
  facet normal -0 1 0
    outer loop
      vertex 28.917 56 39.2105
      vertex 29.183 56 39.2105
      vertex 29.05 56 39.2
    endloop
  endfacet
  facet normal -0.522632 0 0.852558
    outer loop
      vertex 29.4359 61 39.2926
      vertex 29.5496 56 39.3623
      vertex 29.5496 61 39.3623
    endloop
  endfacet
  facet normal -0.522632 0 0.852558
    outer loop
      vertex 29.5496 56 39.3623
      vertex 29.4359 61 39.2926
      vertex 29.4359 56 39.2926
    endloop
  endfacet
  facet normal -0.996898 0 -0.0787025
    outer loop
      vertex 29.9 56 40.05
      vertex 29.8895 61 40.183
      vertex 29.9 61 40.05
    endloop
  endfacet
  facet normal -0.996898 -0 -0.0787025
    outer loop
      vertex 29.8895 61 40.183
      vertex 29.9 56 40.05
      vertex 29.8895 56 40.183
    endloop
  endfacet
  facet normal 0.0787025 0 -0.996898
    outer loop
      vertex 28.917 56 40.8895
      vertex 29.05 61 40.9
      vertex 29.05 56 40.9
    endloop
  endfacet
  facet normal 0.0787025 0 -0.996898
    outer loop
      vertex 29.05 61 40.9
      vertex 28.917 56 40.8895
      vertex 28.917 61 40.8895
    endloop
  endfacet
  facet normal 0.382484 0 0.923962
    outer loop
      vertex 28.6641 61 39.2926
      vertex 28.7873 56 39.2416
      vertex 28.7873 61 39.2416
    endloop
  endfacet
  facet normal 0.382484 0 0.923962
    outer loop
      vertex 28.7873 56 39.2416
      vertex 28.6641 61 39.2926
      vertex 28.6641 56 39.2926
    endloop
  endfacet
  facet normal 0.972435 -0 0.233174
    outer loop
      vertex 28.2105 56 39.917
      vertex 28.2416 61 39.7873
      vertex 28.2105 61 39.917
    endloop
  endfacet
  facet normal 0.972435 0 0.233174
    outer loop
      vertex 28.2416 61 39.7873
      vertex 28.2105 56 39.917
      vertex 28.2416 56 39.7873
    endloop
  endfacet
  facet normal -0.76005 0 -0.649865
    outer loop
      vertex 29.7377 56 40.5496
      vertex 29.651 61 40.651
      vertex 29.7377 61 40.5496
    endloop
  endfacet
  facet normal -0.76005 -0 -0.649865
    outer loop
      vertex 29.651 61 40.651
      vertex 29.7377 56 40.5496
      vertex 29.651 56 40.651
    endloop
  endfacet
  facet normal 0.852558 0 -0.522632
    outer loop
      vertex 28.3623 56 40.5496
      vertex 28.2926 61 40.4359
      vertex 28.3623 61 40.5496
    endloop
  endfacet
  facet normal 0.852558 0 -0.522632
    outer loop
      vertex 28.2926 61 40.4359
      vertex 28.3623 56 40.5496
      vertex 28.2926 56 40.4359
    endloop
  endfacet
  facet normal -0.923962 0 0.382484
    outer loop
      vertex 29.8074 56 39.6641
      vertex 29.8584 61 39.7873
      vertex 29.8074 61 39.6641
    endloop
  endfacet
  facet normal -0.923962 0 0.382484
    outer loop
      vertex 29.8584 61 39.7873
      vertex 29.8074 56 39.6641
      vertex 29.8584 56 39.7873
    endloop
  endfacet
  facet normal -0.852558 0 0.522632
    outer loop
      vertex 29.7377 56 39.5504
      vertex 29.8074 61 39.6641
      vertex 29.7377 61 39.5504
    endloop
  endfacet
  facet normal -0.852558 0 0.522632
    outer loop
      vertex 29.8074 61 39.6641
      vertex 29.7377 56 39.5504
      vertex 29.8074 56 39.6641
    endloop
  endfacet
  facet normal -0.76005 0 0.649865
    outer loop
      vertex 29.651 56 39.449
      vertex 29.7377 61 39.5504
      vertex 29.651 61 39.449
    endloop
  endfacet
  facet normal -0.76005 0 0.649865
    outer loop
      vertex 29.7377 61 39.5504
      vertex 29.651 56 39.449
      vertex 29.7377 56 39.5504
    endloop
  endfacet
  facet normal -0.649865 0 0.76005
    outer loop
      vertex 29.5496 61 39.3623
      vertex 29.651 56 39.449
      vertex 29.651 61 39.449
    endloop
  endfacet
  facet normal -0.649865 0 0.76005
    outer loop
      vertex 29.651 56 39.449
      vertex 29.5496 61 39.3623
      vertex 29.5496 56 39.3623
    endloop
  endfacet
  facet normal -0.382484 0 0.923962
    outer loop
      vertex 29.3127 61 39.2416
      vertex 29.4359 56 39.2926
      vertex 29.4359 61 39.2926
    endloop
  endfacet
  facet normal -0.382484 0 0.923962
    outer loop
      vertex 29.4359 56 39.2926
      vertex 29.3127 61 39.2416
      vertex 29.3127 56 39.2416
    endloop
  endfacet
  facet normal 0.0787025 0 0.996898
    outer loop
      vertex 28.917 61 39.2105
      vertex 29.05 56 39.2
      vertex 29.05 61 39.2
    endloop
  endfacet
  facet normal 0.0787025 0 0.996898
    outer loop
      vertex 29.05 56 39.2
      vertex 28.917 61 39.2105
      vertex 28.917 56 39.2105
    endloop
  endfacet
  facet normal 0.996898 0 -0.0787025
    outer loop
      vertex 28.2105 56 40.183
      vertex 28.2 61 40.05
      vertex 28.2105 61 40.183
    endloop
  endfacet
  facet normal 0.996898 0 -0.0787025
    outer loop
      vertex 28.2 61 40.05
      vertex 28.2105 56 40.183
      vertex 28.2 56 40.05
    endloop
  endfacet
  facet normal 0.852558 -0 0.522632
    outer loop
      vertex 28.2926 56 39.6641
      vertex 28.3623 61 39.5504
      vertex 28.2926 61 39.6641
    endloop
  endfacet
  facet normal 0.852558 0 0.522632
    outer loop
      vertex 28.3623 61 39.5504
      vertex 28.2926 56 39.6641
      vertex 28.3623 56 39.5504
    endloop
  endfacet
  facet normal 0.233174 0 0.972435
    outer loop
      vertex 28.7873 61 39.2416
      vertex 28.917 56 39.2105
      vertex 28.917 61 39.2105
    endloop
  endfacet
  facet normal 0.233174 0 0.972435
    outer loop
      vertex 28.917 56 39.2105
      vertex 28.7873 61 39.2416
      vertex 28.7873 56 39.2416
    endloop
  endfacet
  facet normal 0.76005 -0 0.649865
    outer loop
      vertex 28.3623 56 39.5504
      vertex 28.449 61 39.449
      vertex 28.3623 61 39.5504
    endloop
  endfacet
  facet normal 0.76005 0 0.649865
    outer loop
      vertex 28.449 61 39.449
      vertex 28.3623 56 39.5504
      vertex 28.449 56 39.449
    endloop
  endfacet
  facet normal -0.996898 0 0.0787025
    outer loop
      vertex 29.8895 56 39.917
      vertex 29.9 61 40.05
      vertex 29.8895 61 39.917
    endloop
  endfacet
  facet normal -0.996898 0 0.0787025
    outer loop
      vertex 29.9 61 40.05
      vertex 29.8895 56 39.917
      vertex 29.9 56 40.05
    endloop
  endfacet
  facet normal -0.233174 0 -0.972435
    outer loop
      vertex 29.183 56 40.8895
      vertex 29.3127 61 40.8584
      vertex 29.3127 56 40.8584
    endloop
  endfacet
  facet normal -0.233174 0 -0.972435
    outer loop
      vertex 29.3127 61 40.8584
      vertex 29.183 56 40.8895
      vertex 29.183 61 40.8895
    endloop
  endfacet
  facet normal -0.852558 0 -0.522632
    outer loop
      vertex 29.8074 56 40.4359
      vertex 29.7377 61 40.5496
      vertex 29.8074 61 40.4359
    endloop
  endfacet
  facet normal -0.852558 -0 -0.522632
    outer loop
      vertex 29.7377 61 40.5496
      vertex 29.8074 56 40.4359
      vertex 29.7377 56 40.5496
    endloop
  endfacet
  facet normal -0.382484 0 -0.923962
    outer loop
      vertex 29.3127 56 40.8584
      vertex 29.4359 61 40.8074
      vertex 29.4359 56 40.8074
    endloop
  endfacet
  facet normal -0.382484 0 -0.923962
    outer loop
      vertex 29.4359 61 40.8074
      vertex 29.3127 56 40.8584
      vertex 29.3127 61 40.8584
    endloop
  endfacet
  facet normal -0.649865 0 -0.76005
    outer loop
      vertex 29.5496 56 40.7377
      vertex 29.651 61 40.651
      vertex 29.651 56 40.651
    endloop
  endfacet
  facet normal -0.649865 0 -0.76005
    outer loop
      vertex 29.651 61 40.651
      vertex 29.5496 56 40.7377
      vertex 29.5496 61 40.7377
    endloop
  endfacet
  facet normal -0.0787025 0 -0.996898
    outer loop
      vertex 29.05 56 40.9
      vertex 29.183 61 40.8895
      vertex 29.183 56 40.8895
    endloop
  endfacet
  facet normal -0.0787025 0 -0.996898
    outer loop
      vertex 29.183 61 40.8895
      vertex 29.05 56 40.9
      vertex 29.05 61 40.9
    endloop
  endfacet
  facet normal 0.382484 0 -0.923962
    outer loop
      vertex 28.6641 56 40.8074
      vertex 28.7873 61 40.8584
      vertex 28.7873 56 40.8584
    endloop
  endfacet
  facet normal 0.382484 0 -0.923962
    outer loop
      vertex 28.7873 61 40.8584
      vertex 28.6641 56 40.8074
      vertex 28.6641 61 40.8074
    endloop
  endfacet
  facet normal 0.522632 0 -0.852558
    outer loop
      vertex 28.5504 56 40.7377
      vertex 28.6641 61 40.8074
      vertex 28.6641 56 40.8074
    endloop
  endfacet
  facet normal 0.522632 0 -0.852558
    outer loop
      vertex 28.6641 61 40.8074
      vertex 28.5504 56 40.7377
      vertex 28.5504 61 40.7377
    endloop
  endfacet
  facet normal 0.972435 0 -0.233174
    outer loop
      vertex 28.2416 56 40.3127
      vertex 28.2105 61 40.183
      vertex 28.2416 61 40.3127
    endloop
  endfacet
  facet normal 0.972435 0 -0.233174
    outer loop
      vertex 28.2105 61 40.183
      vertex 28.2416 56 40.3127
      vertex 28.2105 56 40.183
    endloop
  endfacet
  facet normal -0.972435 0 0.233174
    outer loop
      vertex 29.8584 56 39.7873
      vertex 29.8895 61 39.917
      vertex 29.8584 61 39.7873
    endloop
  endfacet
  facet normal -0.972435 0 0.233174
    outer loop
      vertex 29.8895 61 39.917
      vertex 29.8584 56 39.7873
      vertex 29.8895 56 39.917
    endloop
  endfacet
  facet normal -0.233174 0 0.972435
    outer loop
      vertex 29.183 61 39.2105
      vertex 29.3127 56 39.2416
      vertex 29.3127 61 39.2416
    endloop
  endfacet
  facet normal -0.233174 0 0.972435
    outer loop
      vertex 29.3127 56 39.2416
      vertex 29.183 61 39.2105
      vertex 29.183 56 39.2105
    endloop
  endfacet
  facet normal -0.0787025 0 0.996898
    outer loop
      vertex 29.05 61 39.2
      vertex 29.183 56 39.2105
      vertex 29.183 61 39.2105
    endloop
  endfacet
  facet normal -0.0787025 0 0.996898
    outer loop
      vertex 29.183 56 39.2105
      vertex 29.05 61 39.2
      vertex 29.05 56 39.2
    endloop
  endfacet
  facet normal 0.996898 -0 0.0787025
    outer loop
      vertex 28.2 56 40.05
      vertex 28.2105 61 39.917
      vertex 28.2 61 40.05
    endloop
  endfacet
  facet normal 0.996898 0 0.0787025
    outer loop
      vertex 28.2105 61 39.917
      vertex 28.2 56 40.05
      vertex 28.2105 56 39.917
    endloop
  endfacet
  facet normal 0.522632 0 0.852558
    outer loop
      vertex 28.5504 61 39.3623
      vertex 28.6641 56 39.2926
      vertex 28.6641 61 39.2926
    endloop
  endfacet
  facet normal 0.522632 0 0.852558
    outer loop
      vertex 28.6641 56 39.2926
      vertex 28.5504 61 39.3623
      vertex 28.5504 56 39.3623
    endloop
  endfacet
  facet normal 0.649865 0 0.76005
    outer loop
      vertex 28.449 61 39.449
      vertex 28.5504 56 39.3623
      vertex 28.5504 61 39.3623
    endloop
  endfacet
  facet normal 0.649865 0 0.76005
    outer loop
      vertex 28.5504 56 39.3623
      vertex 28.449 61 39.449
      vertex 28.449 56 39.449
    endloop
  endfacet
  facet normal -0.972435 0 -0.233174
    outer loop
      vertex 29.8895 56 40.183
      vertex 29.8584 61 40.3127
      vertex 29.8895 61 40.183
    endloop
  endfacet
  facet normal -0.972435 -0 -0.233174
    outer loop
      vertex 29.8584 61 40.3127
      vertex 29.8895 56 40.183
      vertex 29.8584 56 40.3127
    endloop
  endfacet
  facet normal 0.233174 0 -0.972435
    outer loop
      vertex 28.7873 56 40.8584
      vertex 28.917 61 40.8895
      vertex 28.917 56 40.8895
    endloop
  endfacet
  facet normal 0.233174 0 -0.972435
    outer loop
      vertex 28.917 61 40.8895
      vertex 28.7873 56 40.8584
      vertex 28.7873 61 40.8584
    endloop
  endfacet
  facet normal 0.923962 0 -0.382484
    outer loop
      vertex 28.2926 56 40.4359
      vertex 28.2416 61 40.3127
      vertex 28.2926 61 40.4359
    endloop
  endfacet
  facet normal 0.923962 0 -0.382484
    outer loop
      vertex 28.2416 61 40.3127
      vertex 28.2926 56 40.4359
      vertex 28.2416 56 40.3127
    endloop
  endfacet
  facet normal 0.649865 0 -0.76005
    outer loop
      vertex 28.449 56 40.651
      vertex 28.5504 61 40.7377
      vertex 28.5504 56 40.7377
    endloop
  endfacet
  facet normal 0.649865 0 -0.76005
    outer loop
      vertex 28.5504 61 40.7377
      vertex 28.449 56 40.651
      vertex 28.449 61 40.651
    endloop
  endfacet
  facet normal 0.923962 -0 0.382484
    outer loop
      vertex 28.2416 56 39.7873
      vertex 28.2926 61 39.6641
      vertex 28.2416 61 39.7873
    endloop
  endfacet
  facet normal 0.923962 0 0.382484
    outer loop
      vertex 28.2926 61 39.6641
      vertex 28.2416 56 39.7873
      vertex 28.2926 56 39.6641
    endloop
  endfacet
  facet normal -0.923962 0 -0.382484
    outer loop
      vertex 29.8584 56 40.3127
      vertex 29.8074 61 40.4359
      vertex 29.8584 61 40.3127
    endloop
  endfacet
  facet normal -0.923962 -0 -0.382484
    outer loop
      vertex 29.8074 61 40.4359
      vertex 29.8584 56 40.3127
      vertex 29.8074 56 40.4359
    endloop
  endfacet
  facet normal -0.522632 0 -0.852558
    outer loop
      vertex 29.4359 56 40.8074
      vertex 29.5496 61 40.7377
      vertex 29.5496 56 40.7377
    endloop
  endfacet
  facet normal -0.522632 0 -0.852558
    outer loop
      vertex 29.5496 61 40.7377
      vertex 29.4359 56 40.8074
      vertex 29.4359 61 40.8074
    endloop
  endfacet
  facet normal 0.76005 0 -0.649865
    outer loop
      vertex 28.449 56 40.651
      vertex 28.3623 61 40.5496
      vertex 28.449 61 40.651
    endloop
  endfacet
  facet normal 0.76005 0 -0.649865
    outer loop
      vertex 28.3623 61 40.5496
      vertex 28.449 56 40.651
      vertex 28.3623 56 40.5496
    endloop
  endfacet
  facet normal -0.760113 0 0.649791
    outer loop
      vertex 29.651 56 3.34896
      vertex 29.7377 61 3.45038
      vertex 29.651 61 3.34896
    endloop
  endfacet
  facet normal -0.760113 0 0.649791
    outer loop
      vertex 29.7377 61 3.45038
      vertex 29.651 56 3.34896
      vertex 29.7377 56 3.45038
    endloop
  endfacet
  facet normal -0.233458 0 0.972367
    outer loop
      vertex 29.183 61 3.11046
      vertex 29.3127 56 3.1416
      vertex 29.3127 61 3.1416
    endloop
  endfacet
  facet normal -0.233458 0 0.972367
    outer loop
      vertex 29.3127 56 3.1416
      vertex 29.183 61 3.11046
      vertex 29.183 56 3.11046
    endloop
  endfacet
  facet normal 0.38274 0 0.923856
    outer loop
      vertex 28.6641 61 3.19264
      vertex 28.7873 56 3.1416
      vertex 28.7873 61 3.1416
    endloop
  endfacet
  facet normal 0.38274 0 0.923856
    outer loop
      vertex 28.7873 56 3.1416
      vertex 28.6641 61 3.19264
      vertex 28.6641 56 3.19264
    endloop
  endfacet
  facet normal 0.85262 -0 0.522532
    outer loop
      vertex 28.2926 56 3.56411
      vertex 28.3623 61 3.45038
      vertex 28.2926 61 3.56411
    endloop
  endfacet
  facet normal 0.85262 0 0.522532
    outer loop
      vertex 28.3623 61 3.45038
      vertex 28.2926 56 3.56411
      vertex 28.3623 56 3.45038
    endloop
  endfacet
  facet normal -0.996897 0 -0.0787201
    outer loop
      vertex 29.9 56 3.95
      vertex 29.8895 61 4.08297
      vertex 29.9 61 3.95
    endloop
  endfacet
  facet normal -0.996897 -0 -0.0787201
    outer loop
      vertex 29.8895 61 4.08297
      vertex 29.9 56 3.95
      vertex 29.8895 56 4.08297
    endloop
  endfacet
  facet normal -0.233387 0 -0.972384
    outer loop
      vertex 29.183 56 4.78953
      vertex 29.3127 61 4.7584
      vertex 29.3127 56 4.7584
    endloop
  endfacet
  facet normal -0.233387 0 -0.972384
    outer loop
      vertex 29.3127 61 4.7584
      vertex 29.183 56 4.78953
      vertex 29.183 61 4.78953
    endloop
  endfacet
  facet normal -0.649562 0 0.760309
    outer loop
      vertex 29.5496 61 3.26233
      vertex 29.651 56 3.34896
      vertex 29.651 61 3.34896
    endloop
  endfacet
  facet normal -0.649562 0 0.760309
    outer loop
      vertex 29.651 56 3.34896
      vertex 29.5496 61 3.26233
      vertex 29.5496 56 3.26233
    endloop
  endfacet
  facet normal 0.0784045 0 0.996922
    outer loop
      vertex 28.917 61 3.11046
      vertex 29.05 56 3.1
      vertex 29.05 61 3.1
    endloop
  endfacet
  facet normal 0.0784045 0 0.996922
    outer loop
      vertex 29.05 56 3.1
      vertex 28.917 61 3.11046
      vertex 28.917 56 3.11046
    endloop
  endfacet
  facet normal -0.38274 0 0.923856
    outer loop
      vertex 29.3127 61 3.1416
      vertex 29.4359 56 3.19264
      vertex 29.4359 61 3.19264
    endloop
  endfacet
  facet normal -0.38274 0 0.923856
    outer loop
      vertex 29.4359 56 3.19264
      vertex 29.3127 61 3.1416
      vertex 29.3127 56 3.1416
    endloop
  endfacet
  facet normal 0.996897 -0 0.0787201
    outer loop
      vertex 28.2 56 3.95
      vertex 28.2105 61 3.81703
      vertex 28.2 61 3.95
    endloop
  endfacet
  facet normal 0.996897 0 0.0787201
    outer loop
      vertex 28.2105 61 3.81703
      vertex 28.2 56 3.95
      vertex 28.2105 56 3.81703
    endloop
  endfacet
  facet normal 0.972431 -0 0.233191
    outer loop
      vertex 28.2105 56 3.81703
      vertex 28.2416 61 3.68734
      vertex 28.2105 61 3.81703
    endloop
  endfacet
  facet normal 0.972431 0 0.233191
    outer loop
      vertex 28.2416 61 3.68734
      vertex 28.2105 56 3.81703
      vertex 28.2416 56 3.68734
    endloop
  endfacet
  facet normal 0.760113 -0 0.649791
    outer loop
      vertex 28.3623 56 3.45038
      vertex 28.449 61 3.34896
      vertex 28.3623 61 3.45038
    endloop
  endfacet
  facet normal 0.760113 0 0.649791
    outer loop
      vertex 28.449 61 3.34896
      vertex 28.3623 56 3.45038
      vertex 28.449 56 3.34896
    endloop
  endfacet
  facet normal 0.522578 0 0.852592
    outer loop
      vertex 28.5504 61 3.26233
      vertex 28.6641 56 3.19264
      vertex 28.6641 61 3.19264
    endloop
  endfacet
  facet normal 0.522578 0 0.852592
    outer loop
      vertex 28.6641 56 3.19264
      vertex 28.5504 61 3.26233
      vertex 28.5504 56 3.26233
    endloop
  endfacet
  facet normal 0.233458 0 0.972367
    outer loop
      vertex 28.7873 61 3.1416
      vertex 28.917 56 3.11046
      vertex 28.917 61 3.11046
    endloop
  endfacet
  facet normal 0.233458 0 0.972367
    outer loop
      vertex 28.917 56 3.11046
      vertex 28.7873 61 3.1416
      vertex 28.7873 56 3.1416
    endloop
  endfacet
  facet normal 0.649562 0 0.760309
    outer loop
      vertex 28.449 61 3.34896
      vertex 28.5504 56 3.26233
      vertex 28.5504 61 3.26233
    endloop
  endfacet
  facet normal 0.649562 0 0.760309
    outer loop
      vertex 28.5504 56 3.26233
      vertex 28.449 61 3.34896
      vertex 28.449 56 3.34896
    endloop
  endfacet
  facet normal -0.996897 0 0.0787201
    outer loop
      vertex 29.8895 56 3.81703
      vertex 29.9 61 3.95
      vertex 29.8895 61 3.81703
    endloop
  endfacet
  facet normal -0.996897 0 0.0787201
    outer loop
      vertex 29.9 61 3.95
      vertex 29.8895 56 3.81703
      vertex 29.9 56 3.95
    endloop
  endfacet
  facet normal -0.649518 0 -0.760346
    outer loop
      vertex 29.5496 56 4.63766
      vertex 29.651 61 4.55104
      vertex 29.651 56 4.55104
    endloop
  endfacet
  facet normal -0.649518 0 -0.760346
    outer loop
      vertex 29.651 61 4.55104
      vertex 29.5496 56 4.63766
      vertex 29.5496 61 4.63766
    endloop
  endfacet
  facet normal -0.85262 0 -0.522532
    outer loop
      vertex 29.8074 56 4.33589
      vertex 29.7377 61 4.44962
      vertex 29.8074 61 4.33589
    endloop
  endfacet
  facet normal -0.85262 -0 -0.522532
    outer loop
      vertex 29.7377 61 4.44962
      vertex 29.8074 56 4.33589
      vertex 29.7377 56 4.44962
    endloop
  endfacet
  facet normal 0.233387 0 -0.972384
    outer loop
      vertex 28.7873 56 4.7584
      vertex 28.917 61 4.78953
      vertex 28.917 56 4.78953
    endloop
  endfacet
  facet normal 0.233387 0 -0.972384
    outer loop
      vertex 28.917 61 4.78953
      vertex 28.7873 56 4.7584
      vertex 28.7873 61 4.7584
    endloop
  endfacet
  facet normal -0.0784045 0 0.996922
    outer loop
      vertex 29.05 61 3.1
      vertex 29.183 56 3.11046
      vertex 29.183 61 3.11046
    endloop
  endfacet
  facet normal -0.0784045 0 0.996922
    outer loop
      vertex 29.183 56 3.11046
      vertex 29.05 61 3.1
      vertex 29.05 56 3.1
    endloop
  endfacet
  facet normal -0.522578 0 0.852592
    outer loop
      vertex 29.4359 61 3.19264
      vertex 29.5496 56 3.26233
      vertex 29.5496 61 3.26233
    endloop
  endfacet
  facet normal -0.522578 0 0.852592
    outer loop
      vertex 29.5496 56 3.26233
      vertex 29.4359 61 3.19264
      vertex 29.4359 56 3.19264
    endloop
  endfacet
  facet normal 0.078479 0 -0.996916
    outer loop
      vertex 28.917 56 4.78953
      vertex 29.05 61 4.8
      vertex 29.05 56 4.8
    endloop
  endfacet
  facet normal 0.078479 0 -0.996916
    outer loop
      vertex 29.05 61 4.8
      vertex 28.917 56 4.78953
      vertex 28.917 61 4.78953
    endloop
  endfacet
  facet normal 0.996897 0 -0.0787201
    outer loop
      vertex 28.2105 56 4.08297
      vertex 28.2 61 3.95
      vertex 28.2105 61 4.08297
    endloop
  endfacet
  facet normal 0.996897 0 -0.0787201
    outer loop
      vertex 28.2 61 3.95
      vertex 28.2105 56 4.08297
      vertex 28.2 56 3.95
    endloop
  endfacet
  facet normal 0.972431 0 -0.233191
    outer loop
      vertex 28.2416 56 4.21266
      vertex 28.2105 61 4.08297
      vertex 28.2416 61 4.21266
    endloop
  endfacet
  facet normal 0.972431 0 -0.233191
    outer loop
      vertex 28.2105 61 4.08297
      vertex 28.2416 56 4.21266
      vertex 28.2105 56 4.08297
    endloop
  endfacet
  facet normal 0.85262 0 -0.522532
    outer loop
      vertex 28.3623 56 4.44962
      vertex 28.2926 61 4.33589
      vertex 28.3623 61 4.44962
    endloop
  endfacet
  facet normal 0.85262 0 -0.522532
    outer loop
      vertex 28.2926 61 4.33589
      vertex 28.3623 56 4.44962
      vertex 28.2926 56 4.33589
    endloop
  endfacet
  facet normal -0.85262 0 0.522532
    outer loop
      vertex 29.7377 56 3.45038
      vertex 29.8074 61 3.56411
      vertex 29.7377 61 3.45038
    endloop
  endfacet
  facet normal -0.85262 0 0.522532
    outer loop
      vertex 29.8074 61 3.56411
      vertex 29.7377 56 3.45038
      vertex 29.8074 56 3.56411
    endloop
  endfacet
  facet normal -0.923995 0 0.382405
    outer loop
      vertex 29.8074 56 3.56411
      vertex 29.8584 61 3.68734
      vertex 29.8074 61 3.56411
    endloop
  endfacet
  facet normal -0.923995 0 0.382405
    outer loop
      vertex 29.8584 61 3.68734
      vertex 29.8074 56 3.56411
      vertex 29.8584 56 3.68734
    endloop
  endfacet
  facet normal -0.972431 0 0.233191
    outer loop
      vertex 29.8584 56 3.68734
      vertex 29.8895 61 3.81703
      vertex 29.8584 61 3.68734
    endloop
  endfacet
  facet normal -0.972431 0 0.233191
    outer loop
      vertex 29.8895 61 3.81703
      vertex 29.8584 56 3.68734
      vertex 29.8895 56 3.81703
    endloop
  endfacet
  facet normal 0.923995 -0 0.382405
    outer loop
      vertex 28.2416 56 3.68734
      vertex 28.2926 61 3.56411
      vertex 28.2416 61 3.68734
    endloop
  endfacet
  facet normal 0.923995 0 0.382405
    outer loop
      vertex 28.2926 61 3.56411
      vertex 28.2416 56 3.68734
      vertex 28.2926 56 3.56411
    endloop
  endfacet
  facet normal -0.972431 0 -0.233191
    outer loop
      vertex 29.8895 56 4.08297
      vertex 29.8584 61 4.21266
      vertex 29.8895 61 4.08297
    endloop
  endfacet
  facet normal -0.972431 -0 -0.233191
    outer loop
      vertex 29.8584 61 4.21266
      vertex 29.8895 56 4.08297
      vertex 29.8584 56 4.21266
    endloop
  endfacet
  facet normal -0.923995 0 -0.382405
    outer loop
      vertex 29.8584 56 4.21266
      vertex 29.8074 61 4.33589
      vertex 29.8584 61 4.21266
    endloop
  endfacet
  facet normal -0.923995 -0 -0.382405
    outer loop
      vertex 29.8074 61 4.33589
      vertex 29.8584 56 4.21266
      vertex 29.8074 56 4.33589
    endloop
  endfacet
  facet normal 0.522632 0 -0.852558
    outer loop
      vertex 28.5504 56 4.63766
      vertex 28.6641 61 4.70736
      vertex 28.6641 56 4.70736
    endloop
  endfacet
  facet normal 0.522632 0 -0.852558
    outer loop
      vertex 28.6641 61 4.70736
      vertex 28.5504 56 4.63766
      vertex 28.5504 61 4.63766
    endloop
  endfacet
  facet normal 0 1 0
    outer loop
      vertex 29.183 56 4.78953
      vertex 28.917 56 4.78953
      vertex 29.05 56 4.8
    endloop
  endfacet
  facet normal 0 1 0
    outer loop
      vertex 29.3127 56 4.7584
      vertex 28.917 56 4.78953
      vertex 29.183 56 4.78953
    endloop
  endfacet
  facet normal 0 1 0
    outer loop
      vertex 29.3127 56 4.7584
      vertex 28.7873 56 4.7584
      vertex 28.917 56 4.78953
    endloop
  endfacet
  facet normal 0 1 0
    outer loop
      vertex 29.4359 56 4.70736
      vertex 28.7873 56 4.7584
      vertex 29.3127 56 4.7584
    endloop
  endfacet
  facet normal 0 1 0
    outer loop
      vertex 29.4359 56 4.70736
      vertex 28.6641 56 4.70736
      vertex 28.7873 56 4.7584
    endloop
  endfacet
  facet normal 0 1 0
    outer loop
      vertex 29.5496 56 4.63766
      vertex 28.6641 56 4.70736
      vertex 29.4359 56 4.70736
    endloop
  endfacet
  facet normal 0 1 0
    outer loop
      vertex 29.5496 56 4.63766
      vertex 28.5504 56 4.63766
      vertex 28.6641 56 4.70736
    endloop
  endfacet
  facet normal 0 1 0
    outer loop
      vertex 29.651 56 4.55104
      vertex 28.5504 56 4.63766
      vertex 29.5496 56 4.63766
    endloop
  endfacet
  facet normal 0 1 0
    outer loop
      vertex 29.651 56 4.55104
      vertex 28.449 56 4.55104
      vertex 28.5504 56 4.63766
    endloop
  endfacet
  facet normal 0 1 0
    outer loop
      vertex 29.7377 56 4.44962
      vertex 28.449 56 4.55104
      vertex 29.651 56 4.55104
    endloop
  endfacet
  facet normal 0 1 0
    outer loop
      vertex 29.7377 56 4.44962
      vertex 28.3623 56 4.44962
      vertex 28.449 56 4.55104
    endloop
  endfacet
  facet normal 0 1 0
    outer loop
      vertex 29.8074 56 4.33589
      vertex 28.3623 56 4.44962
      vertex 29.7377 56 4.44962
    endloop
  endfacet
  facet normal 0 1 0
    outer loop
      vertex 29.8074 56 4.33589
      vertex 28.2926 56 4.33589
      vertex 28.3623 56 4.44962
    endloop
  endfacet
  facet normal 0 1 0
    outer loop
      vertex 29.8584 56 4.21266
      vertex 28.2926 56 4.33589
      vertex 29.8074 56 4.33589
    endloop
  endfacet
  facet normal 0 1 0
    outer loop
      vertex 29.8584 56 4.21266
      vertex 28.2416 56 4.21266
      vertex 28.2926 56 4.33589
    endloop
  endfacet
  facet normal 0 1 0
    outer loop
      vertex 29.8895 56 4.08297
      vertex 28.2416 56 4.21266
      vertex 29.8584 56 4.21266
    endloop
  endfacet
  facet normal 0 1 0
    outer loop
      vertex 29.8895 56 4.08297
      vertex 28.2105 56 4.08297
      vertex 28.2416 56 4.21266
    endloop
  endfacet
  facet normal 0 1 0
    outer loop
      vertex 29.9 56 3.95
      vertex 28.2105 56 4.08297
      vertex 29.8895 56 4.08297
    endloop
  endfacet
  facet normal 0 1 0
    outer loop
      vertex 29.9 56 3.95
      vertex 28.2 56 3.95
      vertex 28.2105 56 4.08297
    endloop
  endfacet
  facet normal 0 1 -0
    outer loop
      vertex 29.8895 56 3.81703
      vertex 28.2 56 3.95
      vertex 29.9 56 3.95
    endloop
  endfacet
  facet normal 0 1 0
    outer loop
      vertex 29.8895 56 3.81703
      vertex 28.2105 56 3.81703
      vertex 28.2 56 3.95
    endloop
  endfacet
  facet normal 0 1 -0
    outer loop
      vertex 29.8584 56 3.68734
      vertex 28.2105 56 3.81703
      vertex 29.8895 56 3.81703
    endloop
  endfacet
  facet normal 0 1 0
    outer loop
      vertex 29.8584 56 3.68734
      vertex 28.2416 56 3.68734
      vertex 28.2105 56 3.81703
    endloop
  endfacet
  facet normal 0 1 -0
    outer loop
      vertex 29.8074 56 3.56411
      vertex 28.2416 56 3.68734
      vertex 29.8584 56 3.68734
    endloop
  endfacet
  facet normal 0 1 0
    outer loop
      vertex 29.8074 56 3.56411
      vertex 28.2926 56 3.56411
      vertex 28.2416 56 3.68734
    endloop
  endfacet
  facet normal 0 1 -0
    outer loop
      vertex 29.7377 56 3.45038
      vertex 28.2926 56 3.56411
      vertex 29.8074 56 3.56411
    endloop
  endfacet
  facet normal 0 1 0
    outer loop
      vertex 29.7377 56 3.45038
      vertex 28.3623 56 3.45038
      vertex 28.2926 56 3.56411
    endloop
  endfacet
  facet normal 0 1 -0
    outer loop
      vertex 29.651 56 3.34896
      vertex 28.3623 56 3.45038
      vertex 29.7377 56 3.45038
    endloop
  endfacet
  facet normal 0 1 0
    outer loop
      vertex 29.651 56 3.34896
      vertex 28.449 56 3.34896
      vertex 28.3623 56 3.45038
    endloop
  endfacet
  facet normal 0 1 -0
    outer loop
      vertex 29.5496 56 3.26233
      vertex 28.449 56 3.34896
      vertex 29.651 56 3.34896
    endloop
  endfacet
  facet normal 0 1 0
    outer loop
      vertex 29.5496 56 3.26233
      vertex 28.5504 56 3.26233
      vertex 28.449 56 3.34896
    endloop
  endfacet
  facet normal 0 1 -0
    outer loop
      vertex 29.4359 56 3.19264
      vertex 28.5504 56 3.26233
      vertex 29.5496 56 3.26233
    endloop
  endfacet
  facet normal 0 1 0
    outer loop
      vertex 29.4359 56 3.19264
      vertex 28.6641 56 3.19264
      vertex 28.5504 56 3.26233
    endloop
  endfacet
  facet normal 0 1 -0
    outer loop
      vertex 29.3127 56 3.1416
      vertex 28.6641 56 3.19264
      vertex 29.4359 56 3.19264
    endloop
  endfacet
  facet normal 0 1 0
    outer loop
      vertex 29.3127 56 3.1416
      vertex 28.7873 56 3.1416
      vertex 28.6641 56 3.19264
    endloop
  endfacet
  facet normal 0 1 -0
    outer loop
      vertex 29.183 56 3.11046
      vertex 28.7873 56 3.1416
      vertex 29.3127 56 3.1416
    endloop
  endfacet
  facet normal 0 1 0
    outer loop
      vertex 29.183 56 3.11046
      vertex 28.917 56 3.11046
      vertex 28.7873 56 3.1416
    endloop
  endfacet
  facet normal -0 1 0
    outer loop
      vertex 28.917 56 3.11046
      vertex 29.183 56 3.11046
      vertex 29.05 56 3.1
    endloop
  endfacet
  facet normal 0.923995 0 -0.382405
    outer loop
      vertex 28.2926 56 4.33589
      vertex 28.2416 61 4.21266
      vertex 28.2926 61 4.33589
    endloop
  endfacet
  facet normal 0.923995 0 -0.382405
    outer loop
      vertex 28.2416 61 4.21266
      vertex 28.2926 56 4.33589
      vertex 28.2416 56 4.21266
    endloop
  endfacet
  facet normal 0.760113 0 -0.649791
    outer loop
      vertex 28.449 56 4.55104
      vertex 28.3623 61 4.44962
      vertex 28.449 61 4.55104
    endloop
  endfacet
  facet normal 0.760113 0 -0.649791
    outer loop
      vertex 28.3623 61 4.44962
      vertex 28.449 56 4.55104
      vertex 28.3623 56 4.44962
    endloop
  endfacet
  facet normal -0.38274 0 -0.923856
    outer loop
      vertex 29.3127 56 4.7584
      vertex 29.4359 61 4.70736
      vertex 29.4359 56 4.70736
    endloop
  endfacet
  facet normal -0.38274 0 -0.923856
    outer loop
      vertex 29.4359 61 4.70736
      vertex 29.3127 56 4.7584
      vertex 29.3127 61 4.7584
    endloop
  endfacet
  facet normal -0.760113 0 -0.649791
    outer loop
      vertex 29.7377 56 4.44962
      vertex 29.651 61 4.55104
      vertex 29.7377 61 4.44962
    endloop
  endfacet
  facet normal -0.760113 -0 -0.649791
    outer loop
      vertex 29.651 61 4.55104
      vertex 29.7377 56 4.44962
      vertex 29.651 56 4.55104
    endloop
  endfacet
  facet normal -0.522632 0 -0.852558
    outer loop
      vertex 29.4359 56 4.70736
      vertex 29.5496 61 4.63766
      vertex 29.5496 56 4.63766
    endloop
  endfacet
  facet normal -0.522632 0 -0.852558
    outer loop
      vertex 29.5496 61 4.63766
      vertex 29.4359 56 4.70736
      vertex 29.4359 61 4.70736
    endloop
  endfacet
  facet normal 0.38274 0 -0.923856
    outer loop
      vertex 28.6641 56 4.70736
      vertex 28.7873 61 4.7584
      vertex 28.7873 56 4.7584
    endloop
  endfacet
  facet normal 0.38274 0 -0.923856
    outer loop
      vertex 28.7873 61 4.7584
      vertex 28.6641 56 4.70736
      vertex 28.6641 61 4.70736
    endloop
  endfacet
  facet normal 0.649518 0 -0.760346
    outer loop
      vertex 28.449 56 4.55104
      vertex 28.5504 61 4.63766
      vertex 28.5504 56 4.63766
    endloop
  endfacet
  facet normal 0.649518 0 -0.760346
    outer loop
      vertex 28.5504 61 4.63766
      vertex 28.449 56 4.55104
      vertex 28.449 61 4.55104
    endloop
  endfacet
  facet normal -0.078479 0 -0.996916
    outer loop
      vertex 29.05 56 4.8
      vertex 29.183 61 4.78953
      vertex 29.183 56 4.78953
    endloop
  endfacet
  facet normal -0.078479 0 -0.996916
    outer loop
      vertex 29.183 61 4.78953
      vertex 29.05 56 4.8
      vertex 29.05 61 4.8
    endloop
  endfacet
  facet normal -0.923995 0 0.382405
    outer loop
      vertex 21.4574 56 3.56411
      vertex 21.5084 61 3.68734
      vertex 21.4574 61 3.56411
    endloop
  endfacet
  facet normal -0.923995 0 0.382405
    outer loop
      vertex 21.5084 61 3.68734
      vertex 21.4574 56 3.56411
      vertex 21.5084 56 3.68734
    endloop
  endfacet
  facet normal -0.85262 0 0.522532
    outer loop
      vertex 21.3877 56 3.45038
      vertex 21.4574 61 3.56411
      vertex 21.3877 61 3.45038
    endloop
  endfacet
  facet normal -0.85262 0 0.522532
    outer loop
      vertex 21.4574 61 3.56411
      vertex 21.3877 56 3.45038
      vertex 21.4574 56 3.56411
    endloop
  endfacet
  facet normal -0.233458 0 0.972367
    outer loop
      vertex 20.833 61 3.11046
      vertex 20.9627 56 3.1416
      vertex 20.9627 61 3.1416
    endloop
  endfacet
  facet normal -0.233458 0 0.972367
    outer loop
      vertex 20.9627 56 3.1416
      vertex 20.833 61 3.11046
      vertex 20.833 56 3.11046
    endloop
  endfacet
  facet normal 0.522578 0 0.852592
    outer loop
      vertex 20.2004 61 3.26233
      vertex 20.3141 56 3.19264
      vertex 20.3141 61 3.19264
    endloop
  endfacet
  facet normal 0.522578 0 0.852592
    outer loop
      vertex 20.3141 56 3.19264
      vertex 20.2004 61 3.26233
      vertex 20.2004 56 3.26233
    endloop
  endfacet
  facet normal 0.923995 -0 0.382405
    outer loop
      vertex 19.8916 56 3.68734
      vertex 19.9426 61 3.56411
      vertex 19.8916 61 3.68734
    endloop
  endfacet
  facet normal 0.923995 0 0.382405
    outer loop
      vertex 19.9426 61 3.56411
      vertex 19.8916 56 3.68734
      vertex 19.9426 56 3.56411
    endloop
  endfacet
  facet normal -0.996897 0 -0.0787201
    outer loop
      vertex 21.55 56 3.95
      vertex 21.5395 61 4.08297
      vertex 21.55 61 3.95
    endloop
  endfacet
  facet normal -0.996897 -0 -0.0787201
    outer loop
      vertex 21.5395 61 4.08297
      vertex 21.55 56 3.95
      vertex 21.5395 56 4.08297
    endloop
  endfacet
  facet normal -0.233387 0 -0.972384
    outer loop
      vertex 20.833 56 4.78953
      vertex 20.9627 61 4.7584
      vertex 20.9627 56 4.7584
    endloop
  endfacet
  facet normal -0.233387 0 -0.972384
    outer loop
      vertex 20.9627 61 4.7584
      vertex 20.833 56 4.78953
      vertex 20.833 61 4.78953
    endloop
  endfacet
  facet normal -0.649562 0 0.760309
    outer loop
      vertex 21.1996 61 3.26233
      vertex 21.301 56 3.34896
      vertex 21.301 61 3.34896
    endloop
  endfacet
  facet normal -0.649562 0 0.760309
    outer loop
      vertex 21.301 56 3.34896
      vertex 21.1996 61 3.26233
      vertex 21.1996 56 3.26233
    endloop
  endfacet
  facet normal 0.0784045 0 0.996922
    outer loop
      vertex 20.567 61 3.11046
      vertex 20.7 56 3.1
      vertex 20.7 61 3.1
    endloop
  endfacet
  facet normal 0.0784045 0 0.996922
    outer loop
      vertex 20.7 56 3.1
      vertex 20.567 61 3.11046
      vertex 20.567 56 3.11046
    endloop
  endfacet
  facet normal -0.522578 0 0.852592
    outer loop
      vertex 21.0859 61 3.19264
      vertex 21.1996 56 3.26233
      vertex 21.1996 61 3.26233
    endloop
  endfacet
  facet normal -0.522578 0 0.852592
    outer loop
      vertex 21.1996 56 3.26233
      vertex 21.0859 61 3.19264
      vertex 21.0859 56 3.19264
    endloop
  endfacet
  facet normal 0.996897 -0 0.0787201
    outer loop
      vertex 19.85 56 3.95
      vertex 19.8605 61 3.81703
      vertex 19.85 61 3.95
    endloop
  endfacet
  facet normal 0.996897 0 0.0787201
    outer loop
      vertex 19.8605 61 3.81703
      vertex 19.85 56 3.95
      vertex 19.8605 56 3.81703
    endloop
  endfacet
  facet normal 0.85262 -0 0.522532
    outer loop
      vertex 19.9426 56 3.56411
      vertex 20.0123 61 3.45038
      vertex 19.9426 61 3.56411
    endloop
  endfacet
  facet normal 0.85262 0 0.522532
    outer loop
      vertex 20.0123 61 3.45038
      vertex 19.9426 56 3.56411
      vertex 20.0123 56 3.45038
    endloop
  endfacet
  facet normal 0.649562 0 0.760309
    outer loop
      vertex 20.099 61 3.34896
      vertex 20.2004 56 3.26233
      vertex 20.2004 61 3.26233
    endloop
  endfacet
  facet normal 0.649562 0 0.760309
    outer loop
      vertex 20.2004 56 3.26233
      vertex 20.099 61 3.34896
      vertex 20.099 56 3.34896
    endloop
  endfacet
  facet normal 0.233458 0 0.972367
    outer loop
      vertex 20.4373 61 3.1416
      vertex 20.567 56 3.11046
      vertex 20.567 61 3.11046
    endloop
  endfacet
  facet normal 0.233458 0 0.972367
    outer loop
      vertex 20.567 56 3.11046
      vertex 20.4373 61 3.1416
      vertex 20.4373 56 3.1416
    endloop
  endfacet
  facet normal 0.760113 -0 0.649791
    outer loop
      vertex 20.0123 56 3.45038
      vertex 20.099 61 3.34896
      vertex 20.0123 61 3.45038
    endloop
  endfacet
  facet normal 0.760113 0 0.649791
    outer loop
      vertex 20.099 61 3.34896
      vertex 20.0123 56 3.45038
      vertex 20.099 56 3.34896
    endloop
  endfacet
  facet normal -0.996897 0 0.0787201
    outer loop
      vertex 21.5395 56 3.81703
      vertex 21.55 61 3.95
      vertex 21.5395 61 3.81703
    endloop
  endfacet
  facet normal -0.996897 0 0.0787201
    outer loop
      vertex 21.55 61 3.95
      vertex 21.5395 56 3.81703
      vertex 21.55 56 3.95
    endloop
  endfacet
  facet normal 0.649518 0 -0.760346
    outer loop
      vertex 20.099 56 4.55104
      vertex 20.2004 61 4.63766
      vertex 20.2004 56 4.63766
    endloop
  endfacet
  facet normal 0.649518 0 -0.760346
    outer loop
      vertex 20.2004 61 4.63766
      vertex 20.099 56 4.55104
      vertex 20.099 61 4.55104
    endloop
  endfacet
  facet normal 0.85262 0 -0.522532
    outer loop
      vertex 20.0123 56 4.44962
      vertex 19.9426 61 4.33589
      vertex 20.0123 61 4.44962
    endloop
  endfacet
  facet normal 0.85262 0 -0.522532
    outer loop
      vertex 19.9426 61 4.33589
      vertex 20.0123 56 4.44962
      vertex 19.9426 56 4.33589
    endloop
  endfacet
  facet normal -0.972431 0 0.233191
    outer loop
      vertex 21.5084 56 3.68734
      vertex 21.5395 61 3.81703
      vertex 21.5084 61 3.68734
    endloop
  endfacet
  facet normal -0.972431 0 0.233191
    outer loop
      vertex 21.5395 61 3.81703
      vertex 21.5084 56 3.68734
      vertex 21.5395 56 3.81703
    endloop
  endfacet
  facet normal -0.760113 0 0.649791
    outer loop
      vertex 21.301 56 3.34896
      vertex 21.3877 61 3.45038
      vertex 21.301 61 3.34896
    endloop
  endfacet
  facet normal -0.760113 0 0.649791
    outer loop
      vertex 21.3877 61 3.45038
      vertex 21.301 56 3.34896
      vertex 21.3877 56 3.45038
    endloop
  endfacet
  facet normal -0.0784045 0 0.996922
    outer loop
      vertex 20.7 61 3.1
      vertex 20.833 56 3.11046
      vertex 20.833 61 3.11046
    endloop
  endfacet
  facet normal -0.0784045 0 0.996922
    outer loop
      vertex 20.833 56 3.11046
      vertex 20.7 61 3.1
      vertex 20.7 56 3.1
    endloop
  endfacet
  facet normal -0.38274 0 0.923856
    outer loop
      vertex 20.9627 61 3.1416
      vertex 21.0859 56 3.19264
      vertex 21.0859 61 3.19264
    endloop
  endfacet
  facet normal -0.38274 0 0.923856
    outer loop
      vertex 21.0859 56 3.19264
      vertex 20.9627 61 3.1416
      vertex 20.9627 56 3.1416
    endloop
  endfacet
  facet normal 0.972431 -0 0.233191
    outer loop
      vertex 19.8605 56 3.81703
      vertex 19.8916 61 3.68734
      vertex 19.8605 61 3.81703
    endloop
  endfacet
  facet normal 0.972431 0 0.233191
    outer loop
      vertex 19.8916 61 3.68734
      vertex 19.8605 56 3.81703
      vertex 19.8916 56 3.68734
    endloop
  endfacet
  facet normal 0.38274 0 0.923856
    outer loop
      vertex 20.3141 61 3.19264
      vertex 20.4373 56 3.1416
      vertex 20.4373 61 3.1416
    endloop
  endfacet
  facet normal 0.38274 0 0.923856
    outer loop
      vertex 20.4373 56 3.1416
      vertex 20.3141 61 3.19264
      vertex 20.3141 56 3.19264
    endloop
  endfacet
  facet normal -0.078479 0 -0.996916
    outer loop
      vertex 20.7 56 4.8
      vertex 20.833 61 4.78953
      vertex 20.833 56 4.78953
    endloop
  endfacet
  facet normal -0.078479 0 -0.996916
    outer loop
      vertex 20.833 61 4.78953
      vertex 20.7 56 4.8
      vertex 20.7 61 4.8
    endloop
  endfacet
  facet normal 0.996897 0 -0.0787201
    outer loop
      vertex 19.8605 56 4.08297
      vertex 19.85 61 3.95
      vertex 19.8605 61 4.08297
    endloop
  endfacet
  facet normal 0.996897 0 -0.0787201
    outer loop
      vertex 19.85 61 3.95
      vertex 19.8605 56 4.08297
      vertex 19.85 56 3.95
    endloop
  endfacet
  facet normal 0 1 0
    outer loop
      vertex 20.833 56 4.78953
      vertex 20.567 56 4.78953
      vertex 20.7 56 4.8
    endloop
  endfacet
  facet normal 0 1 0
    outer loop
      vertex 20.9627 56 4.7584
      vertex 20.567 56 4.78953
      vertex 20.833 56 4.78953
    endloop
  endfacet
  facet normal 0 1 0
    outer loop
      vertex 20.9627 56 4.7584
      vertex 20.4373 56 4.7584
      vertex 20.567 56 4.78953
    endloop
  endfacet
  facet normal 0 1 0
    outer loop
      vertex 21.0859 56 4.70736
      vertex 20.4373 56 4.7584
      vertex 20.9627 56 4.7584
    endloop
  endfacet
  facet normal 0 1 0
    outer loop
      vertex 21.0859 56 4.70736
      vertex 20.3141 56 4.70736
      vertex 20.4373 56 4.7584
    endloop
  endfacet
  facet normal 0 1 0
    outer loop
      vertex 21.1996 56 4.63766
      vertex 20.3141 56 4.70736
      vertex 21.0859 56 4.70736
    endloop
  endfacet
  facet normal 0 1 0
    outer loop
      vertex 21.1996 56 4.63766
      vertex 20.2004 56 4.63766
      vertex 20.3141 56 4.70736
    endloop
  endfacet
  facet normal 0 1 0
    outer loop
      vertex 21.301 56 4.55104
      vertex 20.2004 56 4.63766
      vertex 21.1996 56 4.63766
    endloop
  endfacet
  facet normal 0 1 0
    outer loop
      vertex 21.301 56 4.55104
      vertex 20.099 56 4.55104
      vertex 20.2004 56 4.63766
    endloop
  endfacet
  facet normal 0 1 0
    outer loop
      vertex 21.3877 56 4.44962
      vertex 20.099 56 4.55104
      vertex 21.301 56 4.55104
    endloop
  endfacet
  facet normal 0 1 0
    outer loop
      vertex 21.3877 56 4.44962
      vertex 20.0123 56 4.44962
      vertex 20.099 56 4.55104
    endloop
  endfacet
  facet normal 0 1 0
    outer loop
      vertex 21.4574 56 4.33589
      vertex 20.0123 56 4.44962
      vertex 21.3877 56 4.44962
    endloop
  endfacet
  facet normal 0 1 0
    outer loop
      vertex 21.4574 56 4.33589
      vertex 19.9426 56 4.33589
      vertex 20.0123 56 4.44962
    endloop
  endfacet
  facet normal 0 1 0
    outer loop
      vertex 21.5084 56 4.21266
      vertex 19.9426 56 4.33589
      vertex 21.4574 56 4.33589
    endloop
  endfacet
  facet normal 0 1 0
    outer loop
      vertex 21.5084 56 4.21266
      vertex 19.8916 56 4.21266
      vertex 19.9426 56 4.33589
    endloop
  endfacet
  facet normal 0 1 0
    outer loop
      vertex 21.5395 56 4.08297
      vertex 19.8916 56 4.21266
      vertex 21.5084 56 4.21266
    endloop
  endfacet
  facet normal 0 1 0
    outer loop
      vertex 21.5395 56 4.08297
      vertex 19.8605 56 4.08297
      vertex 19.8916 56 4.21266
    endloop
  endfacet
  facet normal 0 1 0
    outer loop
      vertex 21.55 56 3.95
      vertex 19.8605 56 4.08297
      vertex 21.5395 56 4.08297
    endloop
  endfacet
  facet normal 0 1 0
    outer loop
      vertex 21.55 56 3.95
      vertex 19.85 56 3.95
      vertex 19.8605 56 4.08297
    endloop
  endfacet
  facet normal 0 1 -0
    outer loop
      vertex 21.5395 56 3.81703
      vertex 19.85 56 3.95
      vertex 21.55 56 3.95
    endloop
  endfacet
  facet normal 0 1 0
    outer loop
      vertex 21.5395 56 3.81703
      vertex 19.8605 56 3.81703
      vertex 19.85 56 3.95
    endloop
  endfacet
  facet normal 0 1 -0
    outer loop
      vertex 21.5084 56 3.68734
      vertex 19.8605 56 3.81703
      vertex 21.5395 56 3.81703
    endloop
  endfacet
  facet normal 0 1 0
    outer loop
      vertex 21.5084 56 3.68734
      vertex 19.8916 56 3.68734
      vertex 19.8605 56 3.81703
    endloop
  endfacet
  facet normal 0 1 -0
    outer loop
      vertex 21.4574 56 3.56411
      vertex 19.8916 56 3.68734
      vertex 21.5084 56 3.68734
    endloop
  endfacet
  facet normal 0 1 0
    outer loop
      vertex 21.4574 56 3.56411
      vertex 19.9426 56 3.56411
      vertex 19.8916 56 3.68734
    endloop
  endfacet
  facet normal 0 1 -0
    outer loop
      vertex 21.3877 56 3.45038
      vertex 19.9426 56 3.56411
      vertex 21.4574 56 3.56411
    endloop
  endfacet
  facet normal 0 1 0
    outer loop
      vertex 21.3877 56 3.45038
      vertex 20.0123 56 3.45038
      vertex 19.9426 56 3.56411
    endloop
  endfacet
  facet normal 0 1 -0
    outer loop
      vertex 21.301 56 3.34896
      vertex 20.0123 56 3.45038
      vertex 21.3877 56 3.45038
    endloop
  endfacet
  facet normal 0 1 0
    outer loop
      vertex 21.301 56 3.34896
      vertex 20.099 56 3.34896
      vertex 20.0123 56 3.45038
    endloop
  endfacet
  facet normal 0 1 -0
    outer loop
      vertex 21.1996 56 3.26233
      vertex 20.099 56 3.34896
      vertex 21.301 56 3.34896
    endloop
  endfacet
  facet normal 0 1 0
    outer loop
      vertex 21.1996 56 3.26233
      vertex 20.2004 56 3.26233
      vertex 20.099 56 3.34896
    endloop
  endfacet
  facet normal 0 1 -0
    outer loop
      vertex 21.0859 56 3.19264
      vertex 20.2004 56 3.26233
      vertex 21.1996 56 3.26233
    endloop
  endfacet
  facet normal 0 1 0
    outer loop
      vertex 21.0859 56 3.19264
      vertex 20.3141 56 3.19264
      vertex 20.2004 56 3.26233
    endloop
  endfacet
  facet normal 0 1 -0
    outer loop
      vertex 20.9627 56 3.1416
      vertex 20.3141 56 3.19264
      vertex 21.0859 56 3.19264
    endloop
  endfacet
  facet normal 0 1 0
    outer loop
      vertex 20.9627 56 3.1416
      vertex 20.4373 56 3.1416
      vertex 20.3141 56 3.19264
    endloop
  endfacet
  facet normal 0 1 -0
    outer loop
      vertex 20.833 56 3.11046
      vertex 20.4373 56 3.1416
      vertex 20.9627 56 3.1416
    endloop
  endfacet
  facet normal 0 1 0
    outer loop
      vertex 20.833 56 3.11046
      vertex 20.567 56 3.11046
      vertex 20.4373 56 3.1416
    endloop
  endfacet
  facet normal -0 1 0
    outer loop
      vertex 20.567 56 3.11046
      vertex 20.833 56 3.11046
      vertex 20.7 56 3.1
    endloop
  endfacet
  facet normal 0.760113 0 -0.649791
    outer loop
      vertex 20.099 56 4.55104
      vertex 20.0123 61 4.44962
      vertex 20.099 61 4.55104
    endloop
  endfacet
  facet normal 0.760113 0 -0.649791
    outer loop
      vertex 20.0123 61 4.44962
      vertex 20.099 56 4.55104
      vertex 20.0123 56 4.44962
    endloop
  endfacet
  facet normal -0.38274 0 -0.923856
    outer loop
      vertex 20.9627 56 4.7584
      vertex 21.0859 61 4.70736
      vertex 21.0859 56 4.70736
    endloop
  endfacet
  facet normal -0.38274 0 -0.923856
    outer loop
      vertex 21.0859 61 4.70736
      vertex 20.9627 56 4.7584
      vertex 20.9627 61 4.7584
    endloop
  endfacet
  facet normal -0.923995 0 -0.382405
    outer loop
      vertex 21.5084 56 4.21266
      vertex 21.4574 61 4.33589
      vertex 21.5084 61 4.21266
    endloop
  endfacet
  facet normal -0.923995 -0 -0.382405
    outer loop
      vertex 21.4574 61 4.33589
      vertex 21.5084 56 4.21266
      vertex 21.4574 56 4.33589
    endloop
  endfacet
  facet normal -0.972431 0 -0.233191
    outer loop
      vertex 21.5395 56 4.08297
      vertex 21.5084 61 4.21266
      vertex 21.5395 61 4.08297
    endloop
  endfacet
  facet normal -0.972431 -0 -0.233191
    outer loop
      vertex 21.5084 61 4.21266
      vertex 21.5395 56 4.08297
      vertex 21.5084 56 4.21266
    endloop
  endfacet
  facet normal -0.760113 0 -0.649791
    outer loop
      vertex 21.3877 56 4.44962
      vertex 21.301 61 4.55104
      vertex 21.3877 61 4.44962
    endloop
  endfacet
  facet normal -0.760113 -0 -0.649791
    outer loop
      vertex 21.301 61 4.55104
      vertex 21.3877 56 4.44962
      vertex 21.301 56 4.55104
    endloop
  endfacet
  facet normal -0.85262 0 -0.522532
    outer loop
      vertex 21.4574 56 4.33589
      vertex 21.3877 61 4.44962
      vertex 21.4574 61 4.33589
    endloop
  endfacet
  facet normal -0.85262 -0 -0.522532
    outer loop
      vertex 21.3877 61 4.44962
      vertex 21.4574 56 4.33589
      vertex 21.3877 56 4.44962
    endloop
  endfacet
  facet normal 0.38274 0 -0.923856
    outer loop
      vertex 20.3141 56 4.70736
      vertex 20.4373 61 4.7584
      vertex 20.4373 56 4.7584
    endloop
  endfacet
  facet normal 0.38274 0 -0.923856
    outer loop
      vertex 20.4373 61 4.7584
      vertex 20.3141 56 4.70736
      vertex 20.3141 61 4.70736
    endloop
  endfacet
  facet normal 0.923995 0 -0.382405
    outer loop
      vertex 19.9426 56 4.33589
      vertex 19.8916 61 4.21266
      vertex 19.9426 61 4.33589
    endloop
  endfacet
  facet normal 0.923995 0 -0.382405
    outer loop
      vertex 19.8916 61 4.21266
      vertex 19.9426 56 4.33589
      vertex 19.8916 56 4.21266
    endloop
  endfacet
  facet normal 0.972431 0 -0.233191
    outer loop
      vertex 19.8916 56 4.21266
      vertex 19.8605 61 4.08297
      vertex 19.8916 61 4.21266
    endloop
  endfacet
  facet normal 0.972431 0 -0.233191
    outer loop
      vertex 19.8605 61 4.08297
      vertex 19.8916 56 4.21266
      vertex 19.8605 56 4.08297
    endloop
  endfacet
  facet normal -0.649518 0 -0.760346
    outer loop
      vertex 21.1996 56 4.63766
      vertex 21.301 61 4.55104
      vertex 21.301 56 4.55104
    endloop
  endfacet
  facet normal -0.649518 0 -0.760346
    outer loop
      vertex 21.301 61 4.55104
      vertex 21.1996 56 4.63766
      vertex 21.1996 61 4.63766
    endloop
  endfacet
  facet normal -0.522632 0 -0.852558
    outer loop
      vertex 21.0859 56 4.70736
      vertex 21.1996 61 4.63766
      vertex 21.1996 56 4.63766
    endloop
  endfacet
  facet normal -0.522632 0 -0.852558
    outer loop
      vertex 21.1996 61 4.63766
      vertex 21.0859 56 4.70736
      vertex 21.0859 61 4.70736
    endloop
  endfacet
  facet normal 0.078479 0 -0.996916
    outer loop
      vertex 20.567 56 4.78953
      vertex 20.7 61 4.8
      vertex 20.7 56 4.8
    endloop
  endfacet
  facet normal 0.078479 0 -0.996916
    outer loop
      vertex 20.7 61 4.8
      vertex 20.567 56 4.78953
      vertex 20.567 61 4.78953
    endloop
  endfacet
  facet normal 0.522632 0 -0.852558
    outer loop
      vertex 20.2004 56 4.63766
      vertex 20.3141 61 4.70736
      vertex 20.3141 56 4.70736
    endloop
  endfacet
  facet normal 0.522632 0 -0.852558
    outer loop
      vertex 20.3141 61 4.70736
      vertex 20.2004 56 4.63766
      vertex 20.2004 61 4.63766
    endloop
  endfacet
  facet normal 0.233387 0 -0.972384
    outer loop
      vertex 20.4373 56 4.7584
      vertex 20.567 61 4.78953
      vertex 20.567 56 4.78953
    endloop
  endfacet
  facet normal 0.233387 0 -0.972384
    outer loop
      vertex 20.567 61 4.78953
      vertex 20.4373 56 4.7584
      vertex 20.4373 61 4.7584
    endloop
  endfacet
  facet normal -0.923806 0 0.38286
    outer loop
      vertex 5.22915 2.6 39.2549
      vertex 5.26819 4.2 39.3491
      vertex 5.22915 4.2 39.2549
    endloop
  endfacet
  facet normal -0.923806 0 0.38286
    outer loop
      vertex 5.26819 4.2 39.3491
      vertex 5.22915 2.6 39.2549
      vertex 5.26819 2.6 39.3491
    endloop
  endfacet
  facet normal -0.852744 0 0.52233
    outer loop
      vertex 5.17586 2.6 39.1679
      vertex 5.22915 4.2 39.2549
      vertex 5.17586 4.2 39.1679
    endloop
  endfacet
  facet normal -0.852744 0 0.52233
    outer loop
      vertex 5.22915 4.2 39.2549
      vertex 5.17586 2.6 39.1679
      vertex 5.22915 2.6 39.2549
    endloop
  endfacet
  facet normal -0.233343 0 0.972394
    outer loop
      vertex 4.75168 4.2 38.908
      vertex 4.85086 2.6 38.9318
      vertex 4.85086 4.2 38.9318
    endloop
  endfacet
  facet normal -0.233343 0 0.972394
    outer loop
      vertex 4.85086 2.6 38.9318
      vertex 4.75168 4.2 38.908
      vertex 4.75168 2.6 38.908
    endloop
  endfacet
  facet normal 0.522532 0 0.85262
    outer loop
      vertex 4.26794 4.2 39.0241
      vertex 4.35491 2.6 38.9708
      vertex 4.35491 4.2 38.9708
    endloop
  endfacet
  facet normal 0.522532 0 0.85262
    outer loop
      vertex 4.35491 2.6 38.9708
      vertex 4.26794 4.2 39.0241
      vertex 4.26794 2.6 39.0241
    endloop
  endfacet
  facet normal 0.923806 -0 0.38286
    outer loop
      vertex 4.03181 2.6 39.3491
      vertex 4.07085 4.2 39.2549
      vertex 4.03181 4.2 39.3491
    endloop
  endfacet
  facet normal 0.923806 0 0.38286
    outer loop
      vertex 4.07085 4.2 39.2549
      vertex 4.03181 2.6 39.3491
      vertex 4.07085 2.6 39.2549
    endloop
  endfacet
  facet normal -0.99692 0 -0.0784205
    outer loop
      vertex 5.3 2.6 39.55
      vertex 5.292 4.2 39.6517
      vertex 5.3 4.2 39.55
    endloop
  endfacet
  facet normal -0.99692 -0 -0.0784205
    outer loop
      vertex 5.292 4.2 39.6517
      vertex 5.3 2.6 39.55
      vertex 5.292 2.6 39.6517
    endloop
  endfacet
  facet normal -0.972383 0 0.233391
    outer loop
      vertex 5.26819 2.6 39.3491
      vertex 5.292 4.2 39.4483
      vertex 5.26819 4.2 39.3491
    endloop
  endfacet
  facet normal -0.972383 0 0.233391
    outer loop
      vertex 5.292 4.2 39.4483
      vertex 5.26819 2.6 39.3491
      vertex 5.292 2.6 39.4483
    endloop
  endfacet
  facet normal -0.649774 0 0.760128
    outer loop
      vertex 5.03206 4.2 39.0241
      vertex 5.10962 2.6 39.0904
      vertex 5.10962 4.2 39.0904
    endloop
  endfacet
  facet normal -0.649774 0 0.760128
    outer loop
      vertex 5.10962 2.6 39.0904
      vertex 5.03206 4.2 39.0241
      vertex 5.03206 2.6 39.0241
    endloop
  endfacet
  facet normal 0.0784358 0 0.996919
    outer loop
      vertex 4.54832 4.2 38.908
      vertex 4.65 2.6 38.9
      vertex 4.65 4.2 38.9
    endloop
  endfacet
  facet normal 0.0784358 0 0.996919
    outer loop
      vertex 4.65 2.6 38.9
      vertex 4.54832 4.2 38.908
      vertex 4.54832 2.6 38.908
    endloop
  endfacet
  facet normal -0.522532 0 0.85262
    outer loop
      vertex 4.94509 4.2 38.9708
      vertex 5.03206 2.6 39.0241
      vertex 5.03206 4.2 39.0241
    endloop
  endfacet
  facet normal -0.522532 0 0.85262
    outer loop
      vertex 5.03206 2.6 39.0241
      vertex 4.94509 4.2 38.9708
      vertex 4.94509 2.6 38.9708
    endloop
  endfacet
  facet normal 0 1 0
    outer loop
      vertex 4.75168 2.6 40.192
      vertex 4.54832 2.6 40.192
      vertex 4.65 2.6 40.2
    endloop
  endfacet
  facet normal 0 1 0
    outer loop
      vertex 4.85086 2.6 40.1682
      vertex 4.54832 2.6 40.192
      vertex 4.75168 2.6 40.192
    endloop
  endfacet
  facet normal 0 1 0
    outer loop
      vertex 4.85086 2.6 40.1682
      vertex 4.44914 2.6 40.1682
      vertex 4.54832 2.6 40.192
    endloop
  endfacet
  facet normal 0 1 0
    outer loop
      vertex 4.94509 2.6 40.1292
      vertex 4.44914 2.6 40.1682
      vertex 4.85086 2.6 40.1682
    endloop
  endfacet
  facet normal 0 1 0
    outer loop
      vertex 4.94509 2.6 40.1292
      vertex 4.35491 2.6 40.1292
      vertex 4.44914 2.6 40.1682
    endloop
  endfacet
  facet normal 0 1 0
    outer loop
      vertex 5.03206 2.6 40.0759
      vertex 4.35491 2.6 40.1292
      vertex 4.94509 2.6 40.1292
    endloop
  endfacet
  facet normal 0 1 0
    outer loop
      vertex 5.03206 2.6 40.0759
      vertex 4.26794 2.6 40.0759
      vertex 4.35491 2.6 40.1292
    endloop
  endfacet
  facet normal 0 1 0
    outer loop
      vertex 5.10962 2.6 40.0096
      vertex 4.26794 2.6 40.0759
      vertex 5.03206 2.6 40.0759
    endloop
  endfacet
  facet normal 0 1 0
    outer loop
      vertex 5.10962 2.6 40.0096
      vertex 4.19038 2.6 40.0096
      vertex 4.26794 2.6 40.0759
    endloop
  endfacet
  facet normal 0 1 0
    outer loop
      vertex 5.17586 2.6 39.9321
      vertex 4.19038 2.6 40.0096
      vertex 5.10962 2.6 40.0096
    endloop
  endfacet
  facet normal 0 1 0
    outer loop
      vertex 5.17586 2.6 39.9321
      vertex 4.12414 2.6 39.9321
      vertex 4.19038 2.6 40.0096
    endloop
  endfacet
  facet normal 0 1 0
    outer loop
      vertex 5.22915 2.6 39.8451
      vertex 4.12414 2.6 39.9321
      vertex 5.17586 2.6 39.9321
    endloop
  endfacet
  facet normal 0 1 0
    outer loop
      vertex 5.22915 2.6 39.8451
      vertex 4.07085 2.6 39.8451
      vertex 4.12414 2.6 39.9321
    endloop
  endfacet
  facet normal 0 1 0
    outer loop
      vertex 5.26819 2.6 39.7509
      vertex 4.07085 2.6 39.8451
      vertex 5.22915 2.6 39.8451
    endloop
  endfacet
  facet normal 0 1 0
    outer loop
      vertex 5.26819 2.6 39.7509
      vertex 4.03181 2.6 39.7509
      vertex 4.07085 2.6 39.8451
    endloop
  endfacet
  facet normal 0 1 0
    outer loop
      vertex 5.292 2.6 39.6517
      vertex 4.03181 2.6 39.7509
      vertex 5.26819 2.6 39.7509
    endloop
  endfacet
  facet normal 0 1 0
    outer loop
      vertex 5.292 2.6 39.6517
      vertex 4.008 2.6 39.6517
      vertex 4.03181 2.6 39.7509
    endloop
  endfacet
  facet normal 0 1 0
    outer loop
      vertex 5.3 2.6 39.55
      vertex 4.008 2.6 39.6517
      vertex 5.292 2.6 39.6517
    endloop
  endfacet
  facet normal 0 1 0
    outer loop
      vertex 5.3 2.6 39.55
      vertex 4 2.6 39.55
      vertex 4.008 2.6 39.6517
    endloop
  endfacet
  facet normal 0 1 -0
    outer loop
      vertex 5.292 2.6 39.4483
      vertex 4 2.6 39.55
      vertex 5.3 2.6 39.55
    endloop
  endfacet
  facet normal 0 1 0
    outer loop
      vertex 5.292 2.6 39.4483
      vertex 4.008 2.6 39.4483
      vertex 4 2.6 39.55
    endloop
  endfacet
  facet normal 0 1 -0
    outer loop
      vertex 5.26819 2.6 39.3491
      vertex 4.008 2.6 39.4483
      vertex 5.292 2.6 39.4483
    endloop
  endfacet
  facet normal 0 1 0
    outer loop
      vertex 5.26819 2.6 39.3491
      vertex 4.03181 2.6 39.3491
      vertex 4.008 2.6 39.4483
    endloop
  endfacet
  facet normal 0 1 -0
    outer loop
      vertex 5.22915 2.6 39.2549
      vertex 4.03181 2.6 39.3491
      vertex 5.26819 2.6 39.3491
    endloop
  endfacet
  facet normal 0 1 0
    outer loop
      vertex 5.22915 2.6 39.2549
      vertex 4.07085 2.6 39.2549
      vertex 4.03181 2.6 39.3491
    endloop
  endfacet
  facet normal 0 1 -0
    outer loop
      vertex 5.17586 2.6 39.1679
      vertex 4.07085 2.6 39.2549
      vertex 5.22915 2.6 39.2549
    endloop
  endfacet
  facet normal 0 1 0
    outer loop
      vertex 5.17586 2.6 39.1679
      vertex 4.12414 2.6 39.1679
      vertex 4.07085 2.6 39.2549
    endloop
  endfacet
  facet normal 0 1 -0
    outer loop
      vertex 5.10962 2.6 39.0904
      vertex 4.12414 2.6 39.1679
      vertex 5.17586 2.6 39.1679
    endloop
  endfacet
  facet normal 0 1 0
    outer loop
      vertex 5.10962 2.6 39.0904
      vertex 4.19038 2.6 39.0904
      vertex 4.12414 2.6 39.1679
    endloop
  endfacet
  facet normal 0 1 -0
    outer loop
      vertex 5.03206 2.6 39.0241
      vertex 4.19038 2.6 39.0904
      vertex 5.10962 2.6 39.0904
    endloop
  endfacet
  facet normal 0 1 0
    outer loop
      vertex 5.03206 2.6 39.0241
      vertex 4.26794 2.6 39.0241
      vertex 4.19038 2.6 39.0904
    endloop
  endfacet
  facet normal 0 1 -0
    outer loop
      vertex 4.94509 2.6 38.9708
      vertex 4.26794 2.6 39.0241
      vertex 5.03206 2.6 39.0241
    endloop
  endfacet
  facet normal 0 1 0
    outer loop
      vertex 4.94509 2.6 38.9708
      vertex 4.35491 2.6 38.9708
      vertex 4.26794 2.6 39.0241
    endloop
  endfacet
  facet normal 0 1 -0
    outer loop
      vertex 4.85086 2.6 38.9318
      vertex 4.35491 2.6 38.9708
      vertex 4.94509 2.6 38.9708
    endloop
  endfacet
  facet normal 0 1 0
    outer loop
      vertex 4.85086 2.6 38.9318
      vertex 4.44914 2.6 38.9318
      vertex 4.35491 2.6 38.9708
    endloop
  endfacet
  facet normal 0 1 -0
    outer loop
      vertex 4.75168 2.6 38.908
      vertex 4.44914 2.6 38.9318
      vertex 4.85086 2.6 38.9318
    endloop
  endfacet
  facet normal 0 1 0
    outer loop
      vertex 4.75168 2.6 38.908
      vertex 4.54832 2.6 38.908
      vertex 4.44914 2.6 38.9318
    endloop
  endfacet
  facet normal -0 1 0
    outer loop
      vertex 4.54832 2.6 38.908
      vertex 4.75168 2.6 38.908
      vertex 4.65 2.6 38.9
    endloop
  endfacet
  facet normal 0.99692 -0 0.0784205
    outer loop
      vertex 4 2.6 39.55
      vertex 4.008 4.2 39.4483
      vertex 4 4.2 39.55
    endloop
  endfacet
  facet normal 0.99692 0 0.0784205
    outer loop
      vertex 4.008 4.2 39.4483
      vertex 4 2.6 39.55
      vertex 4.008 2.6 39.4483
    endloop
  endfacet
  facet normal 0.852744 -0 0.52233
    outer loop
      vertex 4.07085 2.6 39.2549
      vertex 4.12414 4.2 39.1679
      vertex 4.07085 4.2 39.2549
    endloop
  endfacet
  facet normal 0.852744 0 0.52233
    outer loop
      vertex 4.12414 4.2 39.1679
      vertex 4.07085 2.6 39.2549
      vertex 4.12414 2.6 39.1679
    endloop
  endfacet
  facet normal 0.649774 0 0.760128
    outer loop
      vertex 4.19038 4.2 39.0904
      vertex 4.26794 2.6 39.0241
      vertex 4.26794 4.2 39.0241
    endloop
  endfacet
  facet normal 0.649774 0 0.760128
    outer loop
      vertex 4.26794 2.6 39.0241
      vertex 4.19038 4.2 39.0904
      vertex 4.19038 2.6 39.0904
    endloop
  endfacet
  facet normal 0.382421 0 0.923988
    outer loop
      vertex 4.35491 4.2 38.9708
      vertex 4.44914 2.6 38.9318
      vertex 4.44914 4.2 38.9318
    endloop
  endfacet
  facet normal 0.382421 0 0.923988
    outer loop
      vertex 4.44914 2.6 38.9318
      vertex 4.35491 4.2 38.9708
      vertex 4.35491 2.6 38.9708
    endloop
  endfacet
  facet normal 0.76017 -0 0.649724
    outer loop
      vertex 4.12414 2.6 39.1679
      vertex 4.19038 4.2 39.0904
      vertex 4.12414 4.2 39.1679
    endloop
  endfacet
  facet normal 0.76017 0 0.649724
    outer loop
      vertex 4.19038 4.2 39.0904
      vertex 4.12414 2.6 39.1679
      vertex 4.19038 2.6 39.0904
    endloop
  endfacet
  facet normal -0.522532 0 -0.85262
    outer loop
      vertex 4.94509 2.6 40.1292
      vertex 5.03206 4.2 40.0759
      vertex 5.03206 2.6 40.0759
    endloop
  endfacet
  facet normal -0.522532 0 -0.85262
    outer loop
      vertex 5.03206 4.2 40.0759
      vertex 4.94509 2.6 40.1292
      vertex 4.94509 4.2 40.1292
    endloop
  endfacet
  facet normal -0.923806 0 -0.38286
    outer loop
      vertex 5.26819 2.6 39.7509
      vertex 5.22915 4.2 39.8451
      vertex 5.26819 4.2 39.7509
    endloop
  endfacet
  facet normal -0.923806 -0 -0.38286
    outer loop
      vertex 5.22915 4.2 39.8451
      vertex 5.26819 2.6 39.7509
      vertex 5.22915 2.6 39.8451
    endloop
  endfacet
  facet normal 0.522532 0 -0.85262
    outer loop
      vertex 4.26794 2.6 40.0759
      vertex 4.35491 4.2 40.1292
      vertex 4.35491 2.6 40.1292
    endloop
  endfacet
  facet normal 0.522532 0 -0.85262
    outer loop
      vertex 4.35491 4.2 40.1292
      vertex 4.26794 2.6 40.0759
      vertex 4.26794 4.2 40.0759
    endloop
  endfacet
  facet normal -0.76017 0 0.649724
    outer loop
      vertex 5.10962 2.6 39.0904
      vertex 5.17586 4.2 39.1679
      vertex 5.10962 4.2 39.0904
    endloop
  endfacet
  facet normal -0.76017 0 0.649724
    outer loop
      vertex 5.17586 4.2 39.1679
      vertex 5.10962 2.6 39.0904
      vertex 5.17586 2.6 39.1679
    endloop
  endfacet
  facet normal -0.0784358 0 0.996919
    outer loop
      vertex 4.65 4.2 38.9
      vertex 4.75168 2.6 38.908
      vertex 4.75168 4.2 38.908
    endloop
  endfacet
  facet normal -0.0784358 0 0.996919
    outer loop
      vertex 4.75168 2.6 38.908
      vertex 4.65 4.2 38.9
      vertex 4.65 2.6 38.9
    endloop
  endfacet
  facet normal -0.382421 0 0.923988
    outer loop
      vertex 4.85086 4.2 38.9318
      vertex 4.94509 2.6 38.9708
      vertex 4.94509 4.2 38.9708
    endloop
  endfacet
  facet normal -0.382421 0 0.923988
    outer loop
      vertex 4.94509 2.6 38.9708
      vertex 4.85086 4.2 38.9318
      vertex 4.85086 2.6 38.9318
    endloop
  endfacet
  facet normal 0.99692 0 -0.0784205
    outer loop
      vertex 4.008 2.6 39.6517
      vertex 4 4.2 39.55
      vertex 4.008 4.2 39.6517
    endloop
  endfacet
  facet normal 0.99692 0 -0.0784205
    outer loop
      vertex 4 4.2 39.55
      vertex 4.008 2.6 39.6517
      vertex 4 2.6 39.55
    endloop
  endfacet
  facet normal 0.972383 -0 0.233391
    outer loop
      vertex 4.008 2.6 39.4483
      vertex 4.03181 4.2 39.3491
      vertex 4.008 4.2 39.4483
    endloop
  endfacet
  facet normal 0.972383 0 0.233391
    outer loop
      vertex 4.03181 4.2 39.3491
      vertex 4.008 2.6 39.4483
      vertex 4.03181 2.6 39.3491
    endloop
  endfacet
  facet normal 0.233343 0 0.972394
    outer loop
      vertex 4.44914 4.2 38.9318
      vertex 4.54832 2.6 38.908
      vertex 4.54832 4.2 38.908
    endloop
  endfacet
  facet normal 0.233343 0 0.972394
    outer loop
      vertex 4.54832 2.6 38.908
      vertex 4.44914 4.2 38.9318
      vertex 4.44914 2.6 38.9318
    endloop
  endfacet
  facet normal -0.99692 0 0.0784205
    outer loop
      vertex 5.292 2.6 39.4483
      vertex 5.3 4.2 39.55
      vertex 5.292 4.2 39.4483
    endloop
  endfacet
  facet normal -0.99692 0 0.0784205
    outer loop
      vertex 5.3 4.2 39.55
      vertex 5.292 2.6 39.4483
      vertex 5.3 2.6 39.55
    endloop
  endfacet
  facet normal -0.972383 0 -0.233391
    outer loop
      vertex 5.292 2.6 39.6517
      vertex 5.26819 4.2 39.7509
      vertex 5.292 4.2 39.6517
    endloop
  endfacet
  facet normal -0.972383 -0 -0.233391
    outer loop
      vertex 5.26819 4.2 39.7509
      vertex 5.292 2.6 39.6517
      vertex 5.26819 2.6 39.7509
    endloop
  endfacet
  facet normal -0.852744 0 -0.52233
    outer loop
      vertex 5.22915 2.6 39.8451
      vertex 5.17586 4.2 39.9321
      vertex 5.22915 4.2 39.8451
    endloop
  endfacet
  facet normal -0.852744 -0 -0.52233
    outer loop
      vertex 5.17586 4.2 39.9321
      vertex 5.22915 2.6 39.8451
      vertex 5.17586 2.6 39.9321
    endloop
  endfacet
  facet normal -0.0784358 0 -0.996919
    outer loop
      vertex 4.65 2.6 40.2
      vertex 4.75168 4.2 40.192
      vertex 4.75168 2.6 40.192
    endloop
  endfacet
  facet normal -0.0784358 0 -0.996919
    outer loop
      vertex 4.75168 4.2 40.192
      vertex 4.65 2.6 40.2
      vertex 4.65 4.2 40.2
    endloop
  endfacet
  facet normal 0.649774 0 -0.760128
    outer loop
      vertex 4.19038 2.6 40.0096
      vertex 4.26794 4.2 40.0759
      vertex 4.26794 2.6 40.0759
    endloop
  endfacet
  facet normal 0.649774 0 -0.760128
    outer loop
      vertex 4.26794 4.2 40.0759
      vertex 4.19038 2.6 40.0096
      vertex 4.19038 4.2 40.0096
    endloop
  endfacet
  facet normal -0.233343 0 -0.972394
    outer loop
      vertex 4.75168 2.6 40.192
      vertex 4.85086 4.2 40.1682
      vertex 4.85086 2.6 40.1682
    endloop
  endfacet
  facet normal -0.233343 0 -0.972394
    outer loop
      vertex 4.85086 4.2 40.1682
      vertex 4.75168 2.6 40.192
      vertex 4.75168 4.2 40.192
    endloop
  endfacet
  facet normal -0.382421 0 -0.923988
    outer loop
      vertex 4.85086 2.6 40.1682
      vertex 4.94509 4.2 40.1292
      vertex 4.94509 2.6 40.1292
    endloop
  endfacet
  facet normal -0.382421 0 -0.923988
    outer loop
      vertex 4.94509 4.2 40.1292
      vertex 4.85086 2.6 40.1682
      vertex 4.85086 4.2 40.1682
    endloop
  endfacet
  facet normal -0.76017 0 -0.649724
    outer loop
      vertex 5.17586 2.6 39.9321
      vertex 5.10962 4.2 40.0096
      vertex 5.17586 4.2 39.9321
    endloop
  endfacet
  facet normal -0.76017 -0 -0.649724
    outer loop
      vertex 5.10962 4.2 40.0096
      vertex 5.17586 2.6 39.9321
      vertex 5.10962 2.6 40.0096
    endloop
  endfacet
  facet normal 0.233343 0 -0.972394
    outer loop
      vertex 4.44914 2.6 40.1682
      vertex 4.54832 4.2 40.192
      vertex 4.54832 2.6 40.192
    endloop
  endfacet
  facet normal 0.233343 0 -0.972394
    outer loop
      vertex 4.54832 4.2 40.192
      vertex 4.44914 2.6 40.1682
      vertex 4.44914 4.2 40.1682
    endloop
  endfacet
  facet normal 0.923806 0 -0.38286
    outer loop
      vertex 4.07085 2.6 39.8451
      vertex 4.03181 4.2 39.7509
      vertex 4.07085 4.2 39.8451
    endloop
  endfacet
  facet normal 0.923806 0 -0.38286
    outer loop
      vertex 4.03181 4.2 39.7509
      vertex 4.07085 2.6 39.8451
      vertex 4.03181 2.6 39.7509
    endloop
  endfacet
  facet normal 0.972383 0 -0.233391
    outer loop
      vertex 4.03181 2.6 39.7509
      vertex 4.008 4.2 39.6517
      vertex 4.03181 4.2 39.7509
    endloop
  endfacet
  facet normal 0.972383 0 -0.233391
    outer loop
      vertex 4.008 4.2 39.6517
      vertex 4.03181 2.6 39.7509
      vertex 4.008 2.6 39.6517
    endloop
  endfacet
  facet normal -0.649774 0 -0.760128
    outer loop
      vertex 5.03206 2.6 40.0759
      vertex 5.10962 4.2 40.0096
      vertex 5.10962 2.6 40.0096
    endloop
  endfacet
  facet normal -0.649774 0 -0.760128
    outer loop
      vertex 5.10962 4.2 40.0096
      vertex 5.03206 2.6 40.0759
      vertex 5.03206 4.2 40.0759
    endloop
  endfacet
  facet normal 0.382421 0 -0.923988
    outer loop
      vertex 4.35491 2.6 40.1292
      vertex 4.44914 4.2 40.1682
      vertex 4.44914 2.6 40.1682
    endloop
  endfacet
  facet normal 0.382421 0 -0.923988
    outer loop
      vertex 4.44914 4.2 40.1682
      vertex 4.35491 2.6 40.1292
      vertex 4.35491 4.2 40.1292
    endloop
  endfacet
  facet normal 0.76017 0 -0.649724
    outer loop
      vertex 4.19038 2.6 40.0096
      vertex 4.12414 4.2 39.9321
      vertex 4.19038 4.2 40.0096
    endloop
  endfacet
  facet normal 0.76017 0 -0.649724
    outer loop
      vertex 4.12414 4.2 39.9321
      vertex 4.19038 2.6 40.0096
      vertex 4.12414 2.6 39.9321
    endloop
  endfacet
  facet normal 0.852744 0 -0.52233
    outer loop
      vertex 4.12414 2.6 39.9321
      vertex 4.07085 4.2 39.8451
      vertex 4.12414 4.2 39.9321
    endloop
  endfacet
  facet normal 0.852744 0 -0.52233
    outer loop
      vertex 4.07085 4.2 39.8451
      vertex 4.12414 2.6 39.9321
      vertex 4.07085 2.6 39.8451
    endloop
  endfacet
  facet normal 0.0784358 0 -0.996919
    outer loop
      vertex 4.54832 2.6 40.192
      vertex 4.65 4.2 40.2
      vertex 4.65 2.6 40.2
    endloop
  endfacet
  facet normal 0.0784358 0 -0.996919
    outer loop
      vertex 4.65 4.2 40.2
      vertex 4.54832 2.6 40.192
      vertex 4.54832 4.2 40.192
    endloop
  endfacet
  facet normal -0.92385 0 0.382756
    outer loop
      vertex 5.22915 2.6 4.15491
      vertex 5.26819 4.2 4.24914
      vertex 5.22915 4.2 4.15491
    endloop
  endfacet
  facet normal -0.92385 0 0.382756
    outer loop
      vertex 5.26819 4.2 4.24914
      vertex 5.22915 2.6 4.15491
      vertex 5.26819 2.6 4.24914
    endloop
  endfacet
  facet normal -0.852663 0 0.522461
    outer loop
      vertex 5.17586 2.6 4.06794
      vertex 5.22915 4.2 4.15491
      vertex 5.17586 4.2 4.06794
    endloop
  endfacet
  facet normal -0.852663 0 0.522461
    outer loop
      vertex 5.22915 4.2 4.15491
      vertex 5.17586 2.6 4.06794
      vertex 5.22915 2.6 4.15491
    endloop
  endfacet
  facet normal -0.382672 0 0.923884
    outer loop
      vertex 4.85086 4.2 3.83181
      vertex 4.94509 2.6 3.87084
      vertex 4.94509 4.2 3.87084
    endloop
  endfacet
  facet normal -0.382672 0 0.923884
    outer loop
      vertex 4.94509 2.6 3.87084
      vertex 4.85086 4.2 3.83181
      vertex 4.85086 2.6 3.83181
    endloop
  endfacet
  facet normal 0.382672 0 0.923884
    outer loop
      vertex 4.35491 4.2 3.87084
      vertex 4.44914 2.6 3.83181
      vertex 4.44914 4.2 3.83181
    endloop
  endfacet
  facet normal 0.382672 0 0.923884
    outer loop
      vertex 4.44914 2.6 3.83181
      vertex 4.35491 4.2 3.87084
      vertex 4.35491 2.6 3.87084
    endloop
  endfacet
  facet normal 0.92385 -0 0.382756
    outer loop
      vertex 4.03181 2.6 4.24914
      vertex 4.07085 4.2 4.15491
      vertex 4.03181 4.2 4.24914
    endloop
  endfacet
  facet normal 0.92385 0 0.382756
    outer loop
      vertex 4.07085 4.2 4.15491
      vertex 4.03181 2.6 4.24914
      vertex 4.07085 2.6 4.15491
    endloop
  endfacet
  facet normal -0.649434 0 0.760418
    outer loop
      vertex 5.03206 4.2 3.92414
      vertex 5.10962 2.6 3.99038
      vertex 5.10962 4.2 3.99038
    endloop
  endfacet
  facet normal -0.649434 0 0.760418
    outer loop
      vertex 5.10962 2.6 3.99038
      vertex 5.03206 4.2 3.92414
      vertex 5.03206 2.6 3.92414
    endloop
  endfacet
  facet normal -0.0784358 0 0.996919
    outer loop
      vertex 4.65 4.2 3.8
      vertex 4.75168 2.6 3.808
      vertex 4.75168 4.2 3.808
    endloop
  endfacet
  facet normal -0.0784358 0 0.996919
    outer loop
      vertex 4.75168 2.6 3.808
      vertex 4.65 4.2 3.8
      vertex 4.65 2.6 3.8
    endloop
  endfacet
  facet normal -0.522532 0 0.85262
    outer loop
      vertex 4.94509 4.2 3.87084
      vertex 5.03206 2.6 3.92414
      vertex 5.03206 4.2 3.92414
    endloop
  endfacet
  facet normal -0.522532 0 0.85262
    outer loop
      vertex 5.03206 2.6 3.92414
      vertex 4.94509 4.2 3.87084
      vertex 4.94509 2.6 3.87084
    endloop
  endfacet
  facet normal 0.996919 -0 0.0784358
    outer loop
      vertex 4 2.6 4.45
      vertex 4.008 4.2 4.34832
      vertex 4 4.2 4.45
    endloop
  endfacet
  facet normal 0.996919 0 0.0784358
    outer loop
      vertex 4.008 4.2 4.34832
      vertex 4 2.6 4.45
      vertex 4.008 2.6 4.34832
    endloop
  endfacet
  facet normal 0.760418 -0 0.649434
    outer loop
      vertex 4.12414 2.6 4.06794
      vertex 4.19038 4.2 3.99038
      vertex 4.12414 4.2 4.06794
    endloop
  endfacet
  facet normal 0.760418 0 0.649434
    outer loop
      vertex 4.19038 4.2 3.99038
      vertex 4.12414 2.6 4.06794
      vertex 4.19038 2.6 3.99038
    endloop
  endfacet
  facet normal 0.522532 0 0.85262
    outer loop
      vertex 4.26794 4.2 3.92414
      vertex 4.35491 2.6 3.87084
      vertex 4.35491 4.2 3.87084
    endloop
  endfacet
  facet normal 0.522532 0 0.85262
    outer loop
      vertex 4.35491 2.6 3.87084
      vertex 4.26794 4.2 3.92414
      vertex 4.26794 2.6 3.92414
    endloop
  endfacet
  facet normal 0.233436 0 0.972372
    outer loop
      vertex 4.44914 4.2 3.83181
      vertex 4.54832 2.6 3.808
      vertex 4.54832 4.2 3.808
    endloop
  endfacet
  facet normal 0.233436 0 0.972372
    outer loop
      vertex 4.54832 2.6 3.808
      vertex 4.44914 4.2 3.83181
      vertex 4.44914 2.6 3.83181
    endloop
  endfacet
  facet normal 0.649434 0 0.760418
    outer loop
      vertex 4.19038 4.2 3.99038
      vertex 4.26794 2.6 3.92414
      vertex 4.26794 4.2 3.92414
    endloop
  endfacet
  facet normal 0.649434 0 0.760418
    outer loop
      vertex 4.26794 2.6 3.92414
      vertex 4.19038 4.2 3.99038
      vertex 4.19038 2.6 3.99038
    endloop
  endfacet
  facet normal 0.649439 0 -0.760413
    outer loop
      vertex 4.19038 2.6 4.90962
      vertex 4.23766 4.2 4.95
      vertex 4.23766 2.6 4.95
    endloop
  endfacet
  facet normal 0.649439 0 -0.760413
    outer loop
      vertex 4.23766 4.2 4.95
      vertex 4.19038 2.6 4.90962
      vertex 4.19038 4.2 4.90962
    endloop
  endfacet
  facet normal 0.92385 0 -0.382756
    outer loop
      vertex 4.07085 2.6 4.74509
      vertex 4.03181 4.2 4.65086
      vertex 4.07085 4.2 4.74509
    endloop
  endfacet
  facet normal 0.92385 0 -0.382756
    outer loop
      vertex 4.03181 4.2 4.65086
      vertex 4.07085 2.6 4.74509
      vertex 4.03181 2.6 4.65086
    endloop
  endfacet
  facet normal -0.92385 0 -0.382756
    outer loop
      vertex 5.26819 2.6 4.65086
      vertex 5.22915 4.2 4.74509
      vertex 5.26819 4.2 4.65086
    endloop
  endfacet
  facet normal -0.92385 -0 -0.382756
    outer loop
      vertex 5.22915 4.2 4.74509
      vertex 5.26819 2.6 4.65086
      vertex 5.22915 2.6 4.74509
    endloop
  endfacet
  facet normal -0.972372 0 0.233436
    outer loop
      vertex 5.26819 2.6 4.24914
      vertex 5.292 4.2 4.34832
      vertex 5.26819 4.2 4.24914
    endloop
  endfacet
  facet normal -0.972372 0 0.233436
    outer loop
      vertex 5.292 4.2 4.34832
      vertex 5.26819 2.6 4.24914
      vertex 5.292 2.6 4.34832
    endloop
  endfacet
  facet normal -0.760418 0 0.649434
    outer loop
      vertex 5.10962 2.6 3.99038
      vertex 5.17586 4.2 4.06794
      vertex 5.10962 4.2 3.99038
    endloop
  endfacet
  facet normal -0.760418 0 0.649434
    outer loop
      vertex 5.17586 4.2 4.06794
      vertex 5.10962 2.6 3.99038
      vertex 5.17586 2.6 4.06794
    endloop
  endfacet
  facet normal -0.233436 0 0.972372
    outer loop
      vertex 4.75168 4.2 3.808
      vertex 4.85086 2.6 3.83181
      vertex 4.85086 4.2 3.83181
    endloop
  endfacet
  facet normal -0.233436 0 0.972372
    outer loop
      vertex 4.85086 2.6 3.83181
      vertex 4.75168 4.2 3.808
      vertex 4.75168 2.6 3.808
    endloop
  endfacet
  facet normal 0.972372 -0 0.233436
    outer loop
      vertex 4.008 2.6 4.34832
      vertex 4.03181 4.2 4.24914
      vertex 4.008 4.2 4.34832
    endloop
  endfacet
  facet normal 0.972372 0 0.233436
    outer loop
      vertex 4.03181 4.2 4.24914
      vertex 4.008 2.6 4.34832
      vertex 4.03181 2.6 4.24914
    endloop
  endfacet
  facet normal 0.852663 -0 0.522461
    outer loop
      vertex 4.07085 2.6 4.15491
      vertex 4.12414 4.2 4.06794
      vertex 4.07085 4.2 4.15491
    endloop
  endfacet
  facet normal 0.852663 0 0.522461
    outer loop
      vertex 4.12414 4.2 4.06794
      vertex 4.07085 2.6 4.15491
      vertex 4.12414 2.6 4.06794
    endloop
  endfacet
  facet normal 0.0784358 0 0.996919
    outer loop
      vertex 4.54832 4.2 3.808
      vertex 4.65 2.6 3.8
      vertex 4.65 4.2 3.8
    endloop
  endfacet
  facet normal 0.0784358 0 0.996919
    outer loop
      vertex 4.65 2.6 3.8
      vertex 4.54832 4.2 3.808
      vertex 4.54832 2.6 3.808
    endloop
  endfacet
  facet normal -0.996919 0 0.0784358
    outer loop
      vertex 5.292 2.6 4.34832
      vertex 5.3 4.2 4.45
      vertex 5.292 4.2 4.34832
    endloop
  endfacet
  facet normal -0.996919 0 0.0784358
    outer loop
      vertex 5.3 4.2 4.45
      vertex 5.292 2.6 4.34832
      vertex 5.3 2.6 4.45
    endloop
  endfacet
  facet normal -0.996919 0 -0.0784358
    outer loop
      vertex 5.3 2.6 4.45
      vertex 5.292 4.2 4.55168
      vertex 5.3 4.2 4.45
    endloop
  endfacet
  facet normal -0.996919 -0 -0.0784358
    outer loop
      vertex 5.292 4.2 4.55168
      vertex 5.3 2.6 4.45
      vertex 5.292 2.6 4.55168
    endloop
  endfacet
  facet normal -0.972372 0 -0.233436
    outer loop
      vertex 5.292 2.6 4.55168
      vertex 5.26819 4.2 4.65086
      vertex 5.292 4.2 4.55168
    endloop
  endfacet
  facet normal -0.972372 -0 -0.233436
    outer loop
      vertex 5.26819 4.2 4.65086
      vertex 5.292 2.6 4.55168
      vertex 5.26819 2.6 4.65086
    endloop
  endfacet
  facet normal 0.996919 0 -0.0784358
    outer loop
      vertex 4.008 2.6 4.55168
      vertex 4 4.2 4.45
      vertex 4.008 4.2 4.55168
    endloop
  endfacet
  facet normal 0.996919 0 -0.0784358
    outer loop
      vertex 4 4.2 4.45
      vertex 4.008 2.6 4.55168
      vertex 4 2.6 4.45
    endloop
  endfacet
  facet normal 0.852663 0 -0.522461
    outer loop
      vertex 4.12414 2.6 4.83206
      vertex 4.07085 4.2 4.74509
      vertex 4.12414 4.2 4.83206
    endloop
  endfacet
  facet normal 0.852663 0 -0.522461
    outer loop
      vertex 4.07085 4.2 4.74509
      vertex 4.12414 2.6 4.83206
      vertex 4.07085 2.6 4.74509
    endloop
  endfacet
  facet normal -0.852663 0 -0.522461
    outer loop
      vertex 5.22915 2.6 4.74509
      vertex 5.17586 4.2 4.83206
      vertex 5.22915 4.2 4.74509
    endloop
  endfacet
  facet normal -0.852663 -0 -0.522461
    outer loop
      vertex 5.17586 4.2 4.83206
      vertex 5.22915 2.6 4.74509
      vertex 5.17586 2.6 4.83206
    endloop
  endfacet
  facet normal 0 1 0
    outer loop
      vertex 5.17586 2.6 4.83206
      vertex 5.06234 2.6 4.95
      vertex 5.10962 2.6 4.90962
    endloop
  endfacet
  facet normal 0 1 0
    outer loop
      vertex 5.22915 2.6 4.74509
      vertex 5.06234 2.6 4.95
      vertex 5.17586 2.6 4.83206
    endloop
  endfacet
  facet normal 0 1 0
    outer loop
      vertex 5.06234 2.6 4.95
      vertex 5.22915 2.6 4.74509
      vertex 4.23766 2.6 4.95
    endloop
  endfacet
  facet normal 0 1 0
    outer loop
      vertex 4.23766 2.6 4.95
      vertex 4.12414 2.6 4.83206
      vertex 4.19038 2.6 4.90962
    endloop
  endfacet
  facet normal 0 1 0
    outer loop
      vertex 4.07085 2.6 4.74509
      vertex 4.23766 2.6 4.95
      vertex 5.22915 2.6 4.74509
    endloop
  endfacet
  facet normal 0 1 0
    outer loop
      vertex 4.23766 2.6 4.95
      vertex 4.07085 2.6 4.74509
      vertex 4.12414 2.6 4.83206
    endloop
  endfacet
  facet normal 0 1 0
    outer loop
      vertex 5.26819 2.6 4.65086
      vertex 4.07085 2.6 4.74509
      vertex 5.22915 2.6 4.74509
    endloop
  endfacet
  facet normal 0 1 0
    outer loop
      vertex 5.26819 2.6 4.65086
      vertex 4.03181 2.6 4.65086
      vertex 4.07085 2.6 4.74509
    endloop
  endfacet
  facet normal 0 1 0
    outer loop
      vertex 5.292 2.6 4.55168
      vertex 4.03181 2.6 4.65086
      vertex 5.26819 2.6 4.65086
    endloop
  endfacet
  facet normal 0 1 0
    outer loop
      vertex 5.292 2.6 4.55168
      vertex 4.008 2.6 4.55168
      vertex 4.03181 2.6 4.65086
    endloop
  endfacet
  facet normal 0 1 0
    outer loop
      vertex 5.3 2.6 4.45
      vertex 4.008 2.6 4.55168
      vertex 5.292 2.6 4.55168
    endloop
  endfacet
  facet normal 0 1 0
    outer loop
      vertex 5.3 2.6 4.45
      vertex 4 2.6 4.45
      vertex 4.008 2.6 4.55168
    endloop
  endfacet
  facet normal 0 1 -0
    outer loop
      vertex 5.292 2.6 4.34832
      vertex 4 2.6 4.45
      vertex 5.3 2.6 4.45
    endloop
  endfacet
  facet normal 0 1 0
    outer loop
      vertex 5.292 2.6 4.34832
      vertex 4.008 2.6 4.34832
      vertex 4 2.6 4.45
    endloop
  endfacet
  facet normal 0 1 -0
    outer loop
      vertex 5.26819 2.6 4.24914
      vertex 4.008 2.6 4.34832
      vertex 5.292 2.6 4.34832
    endloop
  endfacet
  facet normal 0 1 0
    outer loop
      vertex 5.26819 2.6 4.24914
      vertex 4.03181 2.6 4.24914
      vertex 4.008 2.6 4.34832
    endloop
  endfacet
  facet normal 0 1 -0
    outer loop
      vertex 5.22915 2.6 4.15491
      vertex 4.03181 2.6 4.24914
      vertex 5.26819 2.6 4.24914
    endloop
  endfacet
  facet normal 0 1 0
    outer loop
      vertex 5.22915 2.6 4.15491
      vertex 4.07085 2.6 4.15491
      vertex 4.03181 2.6 4.24914
    endloop
  endfacet
  facet normal 0 1 -0
    outer loop
      vertex 5.17586 2.6 4.06794
      vertex 4.07085 2.6 4.15491
      vertex 5.22915 2.6 4.15491
    endloop
  endfacet
  facet normal 0 1 0
    outer loop
      vertex 5.17586 2.6 4.06794
      vertex 4.12414 2.6 4.06794
      vertex 4.07085 2.6 4.15491
    endloop
  endfacet
  facet normal 0 1 -0
    outer loop
      vertex 5.10962 2.6 3.99038
      vertex 4.12414 2.6 4.06794
      vertex 5.17586 2.6 4.06794
    endloop
  endfacet
  facet normal 0 1 0
    outer loop
      vertex 5.10962 2.6 3.99038
      vertex 4.19038 2.6 3.99038
      vertex 4.12414 2.6 4.06794
    endloop
  endfacet
  facet normal 0 1 -0
    outer loop
      vertex 5.03206 2.6 3.92414
      vertex 4.19038 2.6 3.99038
      vertex 5.10962 2.6 3.99038
    endloop
  endfacet
  facet normal 0 1 0
    outer loop
      vertex 5.03206 2.6 3.92414
      vertex 4.26794 2.6 3.92414
      vertex 4.19038 2.6 3.99038
    endloop
  endfacet
  facet normal 0 1 -0
    outer loop
      vertex 4.94509 2.6 3.87084
      vertex 4.26794 2.6 3.92414
      vertex 5.03206 2.6 3.92414
    endloop
  endfacet
  facet normal 0 1 0
    outer loop
      vertex 4.94509 2.6 3.87084
      vertex 4.35491 2.6 3.87084
      vertex 4.26794 2.6 3.92414
    endloop
  endfacet
  facet normal 0 1 -0
    outer loop
      vertex 4.85086 2.6 3.83181
      vertex 4.35491 2.6 3.87084
      vertex 4.94509 2.6 3.87084
    endloop
  endfacet
  facet normal 0 1 0
    outer loop
      vertex 4.85086 2.6 3.83181
      vertex 4.44914 2.6 3.83181
      vertex 4.35491 2.6 3.87084
    endloop
  endfacet
  facet normal 0 1 -0
    outer loop
      vertex 4.75168 2.6 3.808
      vertex 4.44914 2.6 3.83181
      vertex 4.85086 2.6 3.83181
    endloop
  endfacet
  facet normal 0 1 0
    outer loop
      vertex 4.75168 2.6 3.808
      vertex 4.54832 2.6 3.808
      vertex 4.44914 2.6 3.83181
    endloop
  endfacet
  facet normal -0 1 0
    outer loop
      vertex 4.54832 2.6 3.808
      vertex 4.75168 2.6 3.808
      vertex 4.65 2.6 3.8
    endloop
  endfacet
  facet normal 0.972372 0 -0.233436
    outer loop
      vertex 4.03181 2.6 4.65086
      vertex 4.008 4.2 4.55168
      vertex 4.03181 4.2 4.65086
    endloop
  endfacet
  facet normal 0.972372 0 -0.233436
    outer loop
      vertex 4.008 4.2 4.55168
      vertex 4.03181 2.6 4.65086
      vertex 4.008 2.6 4.55168
    endloop
  endfacet
  facet normal 0.760418 0 -0.649434
    outer loop
      vertex 4.19038 2.6 4.90962
      vertex 4.12414 4.2 4.83206
      vertex 4.19038 4.2 4.90962
    endloop
  endfacet
  facet normal 0.760418 0 -0.649434
    outer loop
      vertex 4.12414 4.2 4.83206
      vertex 4.19038 2.6 4.90962
      vertex 4.12414 2.6 4.83206
    endloop
  endfacet
  facet normal -0.760418 0 -0.649434
    outer loop
      vertex 5.17586 2.6 4.83206
      vertex 5.10962 4.2 4.90962
      vertex 5.17586 4.2 4.83206
    endloop
  endfacet
  facet normal -0.760418 -0 -0.649434
    outer loop
      vertex 5.10962 4.2 4.90962
      vertex 5.17586 2.6 4.83206
      vertex 5.10962 2.6 4.90962
    endloop
  endfacet
  facet normal -0.649439 0 -0.760413
    outer loop
      vertex 5.06234 2.6 4.95
      vertex 5.10962 4.2 4.90962
      vertex 5.10962 2.6 4.90962
    endloop
  endfacet
  facet normal -0.649439 0 -0.760413
    outer loop
      vertex 5.10962 4.2 4.90962
      vertex 5.06234 2.6 4.95
      vertex 5.06234 4.2 4.95
    endloop
  endfacet
  facet normal -0.923945 0 0.382525
    outer loop
      vertex 28.9292 2.6 39.2549
      vertex 28.9682 4.2 39.3491
      vertex 28.9292 4.2 39.2549
    endloop
  endfacet
  facet normal -0.923945 0 0.382525
    outer loop
      vertex 28.9682 4.2 39.3491
      vertex 28.9292 2.6 39.2549
      vertex 28.9682 2.6 39.3491
    endloop
  endfacet
  facet normal -0.8527 0 0.522401
    outer loop
      vertex 28.8759 2.6 39.1679
      vertex 28.9292 4.2 39.2549
      vertex 28.8759 4.2 39.1679
    endloop
  endfacet
  facet normal -0.8527 0 0.522401
    outer loop
      vertex 28.9292 4.2 39.2549
      vertex 28.8759 2.6 39.1679
      vertex 28.9292 2.6 39.2549
    endloop
  endfacet
  facet normal -0.0784205 0 0.99692
    outer loop
      vertex 28.35 4.2 38.9
      vertex 28.4517 2.6 38.908
      vertex 28.4517 4.2 38.908
    endloop
  endfacet
  facet normal -0.0784205 0 0.99692
    outer loop
      vertex 28.4517 2.6 38.908
      vertex 28.35 4.2 38.9
      vertex 28.35 2.6 38.9
    endloop
  endfacet
  facet normal -0.233299 0 0.972405
    outer loop
      vertex 28.4517 4.2 38.908
      vertex 28.5509 2.6 38.9318
      vertex 28.5509 4.2 38.9318
    endloop
  endfacet
  facet normal -0.233299 0 0.972405
    outer loop
      vertex 28.5509 2.6 38.9318
      vertex 28.4517 4.2 38.908
      vertex 28.4517 2.6 38.908
    endloop
  endfacet
  facet normal 0.522401 0 0.8527
    outer loop
      vertex 27.9679 4.2 39.0241
      vertex 28.0549 2.6 38.9708
      vertex 28.0549 4.2 38.9708
    endloop
  endfacet
  facet normal 0.522401 0 0.8527
    outer loop
      vertex 28.0549 2.6 38.9708
      vertex 27.9679 4.2 39.0241
      vertex 27.9679 2.6 39.0241
    endloop
  endfacet
  facet normal 0.923945 -0 0.382525
    outer loop
      vertex 27.7318 2.6 39.3491
      vertex 27.7708 4.2 39.2549
      vertex 27.7318 4.2 39.3491
    endloop
  endfacet
  facet normal 0.923945 0 0.382525
    outer loop
      vertex 27.7708 4.2 39.2549
      vertex 27.7318 2.6 39.3491
      vertex 27.7708 2.6 39.2549
    endloop
  endfacet
  facet normal -0.650064 0 0.759879
    outer loop
      vertex 28.7321 4.2 39.0241
      vertex 28.8096 2.6 39.0904
      vertex 28.8096 4.2 39.0904
    endloop
  endfacet
  facet normal -0.650064 0 0.759879
    outer loop
      vertex 28.8096 2.6 39.0904
      vertex 28.7321 4.2 39.0241
      vertex 28.7321 2.6 39.0241
    endloop
  endfacet
  facet normal 0.0784205 0 0.99692
    outer loop
      vertex 28.2483 4.2 38.908
      vertex 28.35 2.6 38.9
      vertex 28.35 4.2 38.9
    endloop
  endfacet
  facet normal 0.0784205 0 0.99692
    outer loop
      vertex 28.35 2.6 38.9
      vertex 28.2483 4.2 38.908
      vertex 28.2483 2.6 38.908
    endloop
  endfacet
  facet normal -0.522401 0 0.8527
    outer loop
      vertex 28.6451 4.2 38.9708
      vertex 28.7321 2.6 39.0241
      vertex 28.7321 4.2 39.0241
    endloop
  endfacet
  facet normal -0.522401 0 0.8527
    outer loop
      vertex 28.7321 2.6 39.0241
      vertex 28.6451 4.2 38.9708
      vertex 28.6451 2.6 38.9708
    endloop
  endfacet
  facet normal 0 1 0
    outer loop
      vertex 28.4517 2.6 40.192
      vertex 28.2483 2.6 40.192
      vertex 28.35 2.6 40.2
    endloop
  endfacet
  facet normal 0 1 0
    outer loop
      vertex 28.5509 2.6 40.1682
      vertex 28.2483 2.6 40.192
      vertex 28.4517 2.6 40.192
    endloop
  endfacet
  facet normal 0 1 0
    outer loop
      vertex 28.5509 2.6 40.1682
      vertex 28.1491 2.6 40.1682
      vertex 28.2483 2.6 40.192
    endloop
  endfacet
  facet normal 0 1 0
    outer loop
      vertex 28.6451 2.6 40.1292
      vertex 28.1491 2.6 40.1682
      vertex 28.5509 2.6 40.1682
    endloop
  endfacet
  facet normal 0 1 0
    outer loop
      vertex 28.6451 2.6 40.1292
      vertex 28.0549 2.6 40.1292
      vertex 28.1491 2.6 40.1682
    endloop
  endfacet
  facet normal 0 1 0
    outer loop
      vertex 28.7321 2.6 40.0759
      vertex 28.0549 2.6 40.1292
      vertex 28.6451 2.6 40.1292
    endloop
  endfacet
  facet normal 0 1 0
    outer loop
      vertex 28.7321 2.6 40.0759
      vertex 27.9679 2.6 40.0759
      vertex 28.0549 2.6 40.1292
    endloop
  endfacet
  facet normal 0 1 0
    outer loop
      vertex 28.8096 2.6 40.0096
      vertex 27.9679 2.6 40.0759
      vertex 28.7321 2.6 40.0759
    endloop
  endfacet
  facet normal 0 1 0
    outer loop
      vertex 28.8096 2.6 40.0096
      vertex 27.8904 2.6 40.0096
      vertex 27.9679 2.6 40.0759
    endloop
  endfacet
  facet normal 0 1 0
    outer loop
      vertex 28.8759 2.6 39.9321
      vertex 27.8904 2.6 40.0096
      vertex 28.8096 2.6 40.0096
    endloop
  endfacet
  facet normal 0 1 0
    outer loop
      vertex 28.8759 2.6 39.9321
      vertex 27.8241 2.6 39.9321
      vertex 27.8904 2.6 40.0096
    endloop
  endfacet
  facet normal 0 1 0
    outer loop
      vertex 28.9292 2.6 39.8451
      vertex 27.8241 2.6 39.9321
      vertex 28.8759 2.6 39.9321
    endloop
  endfacet
  facet normal 0 1 0
    outer loop
      vertex 28.9292 2.6 39.8451
      vertex 27.7708 2.6 39.8451
      vertex 27.8241 2.6 39.9321
    endloop
  endfacet
  facet normal 0 1 0
    outer loop
      vertex 28.9682 2.6 39.7509
      vertex 27.7708 2.6 39.8451
      vertex 28.9292 2.6 39.8451
    endloop
  endfacet
  facet normal 0 1 0
    outer loop
      vertex 28.9682 2.6 39.7509
      vertex 27.7318 2.6 39.7509
      vertex 27.7708 2.6 39.8451
    endloop
  endfacet
  facet normal 0 1 0
    outer loop
      vertex 28.992 2.6 39.6517
      vertex 27.7318 2.6 39.7509
      vertex 28.9682 2.6 39.7509
    endloop
  endfacet
  facet normal 0 1 0
    outer loop
      vertex 28.992 2.6 39.6517
      vertex 27.708 2.6 39.6517
      vertex 27.7318 2.6 39.7509
    endloop
  endfacet
  facet normal 0 1 0
    outer loop
      vertex 29 2.6 39.55
      vertex 27.708 2.6 39.6517
      vertex 28.992 2.6 39.6517
    endloop
  endfacet
  facet normal 0 1 0
    outer loop
      vertex 29 2.6 39.55
      vertex 27.7 2.6 39.55
      vertex 27.708 2.6 39.6517
    endloop
  endfacet
  facet normal 0 1 -0
    outer loop
      vertex 28.992 2.6 39.4483
      vertex 27.7 2.6 39.55
      vertex 29 2.6 39.55
    endloop
  endfacet
  facet normal 0 1 0
    outer loop
      vertex 28.992 2.6 39.4483
      vertex 27.708 2.6 39.4483
      vertex 27.7 2.6 39.55
    endloop
  endfacet
  facet normal 0 1 -0
    outer loop
      vertex 28.9682 2.6 39.3491
      vertex 27.708 2.6 39.4483
      vertex 28.992 2.6 39.4483
    endloop
  endfacet
  facet normal 0 1 0
    outer loop
      vertex 28.9682 2.6 39.3491
      vertex 27.7318 2.6 39.3491
      vertex 27.708 2.6 39.4483
    endloop
  endfacet
  facet normal 0 1 -0
    outer loop
      vertex 28.9292 2.6 39.2549
      vertex 27.7318 2.6 39.3491
      vertex 28.9682 2.6 39.3491
    endloop
  endfacet
  facet normal 0 1 0
    outer loop
      vertex 28.9292 2.6 39.2549
      vertex 27.7708 2.6 39.2549
      vertex 27.7318 2.6 39.3491
    endloop
  endfacet
  facet normal 0 1 -0
    outer loop
      vertex 28.8759 2.6 39.1679
      vertex 27.7708 2.6 39.2549
      vertex 28.9292 2.6 39.2549
    endloop
  endfacet
  facet normal 0 1 0
    outer loop
      vertex 28.8759 2.6 39.1679
      vertex 27.8241 2.6 39.1679
      vertex 27.7708 2.6 39.2549
    endloop
  endfacet
  facet normal 0 1 -0
    outer loop
      vertex 28.8096 2.6 39.0904
      vertex 27.8241 2.6 39.1679
      vertex 28.8759 2.6 39.1679
    endloop
  endfacet
  facet normal 0 1 0
    outer loop
      vertex 28.8096 2.6 39.0904
      vertex 27.8904 2.6 39.0904
      vertex 27.8241 2.6 39.1679
    endloop
  endfacet
  facet normal 0 1 -0
    outer loop
      vertex 28.7321 2.6 39.0241
      vertex 27.8904 2.6 39.0904
      vertex 28.8096 2.6 39.0904
    endloop
  endfacet
  facet normal 0 1 0
    outer loop
      vertex 28.7321 2.6 39.0241
      vertex 27.9679 2.6 39.0241
      vertex 27.8904 2.6 39.0904
    endloop
  endfacet
  facet normal 0 1 -0
    outer loop
      vertex 28.6451 2.6 38.9708
      vertex 27.9679 2.6 39.0241
      vertex 28.7321 2.6 39.0241
    endloop
  endfacet
  facet normal 0 1 0
    outer loop
      vertex 28.6451 2.6 38.9708
      vertex 28.0549 2.6 38.9708
      vertex 27.9679 2.6 39.0241
    endloop
  endfacet
  facet normal 0 1 -0
    outer loop
      vertex 28.5509 2.6 38.9318
      vertex 28.0549 2.6 38.9708
      vertex 28.6451 2.6 38.9708
    endloop
  endfacet
  facet normal 0 1 0
    outer loop
      vertex 28.5509 2.6 38.9318
      vertex 28.1491 2.6 38.9318
      vertex 28.0549 2.6 38.9708
    endloop
  endfacet
  facet normal 0 1 -0
    outer loop
      vertex 28.4517 2.6 38.908
      vertex 28.1491 2.6 38.9318
      vertex 28.5509 2.6 38.9318
    endloop
  endfacet
  facet normal 0 1 0
    outer loop
      vertex 28.4517 2.6 38.908
      vertex 28.2483 2.6 38.908
      vertex 28.1491 2.6 38.9318
    endloop
  endfacet
  facet normal -0 1 0
    outer loop
      vertex 28.2483 2.6 38.908
      vertex 28.4517 2.6 38.908
      vertex 28.35 2.6 38.9
    endloop
  endfacet
  facet normal 0.8527 -0 0.522401
    outer loop
      vertex 27.7708 2.6 39.2549
      vertex 27.8241 4.2 39.1679
      vertex 27.7708 4.2 39.2549
    endloop
  endfacet
  facet normal 0.8527 0 0.522401
    outer loop
      vertex 27.8241 4.2 39.1679
      vertex 27.7708 2.6 39.2549
      vertex 27.8241 2.6 39.1679
    endloop
  endfacet
  facet normal 0.650064 0 0.759879
    outer loop
      vertex 27.8904 4.2 39.0904
      vertex 27.9679 2.6 39.0241
      vertex 27.9679 4.2 39.0241
    endloop
  endfacet
  facet normal 0.650064 0 0.759879
    outer loop
      vertex 27.9679 2.6 39.0241
      vertex 27.8904 4.2 39.0904
      vertex 27.8904 2.6 39.0904
    endloop
  endfacet
  facet normal 0.382525 0 0.923945
    outer loop
      vertex 28.0549 4.2 38.9708
      vertex 28.1491 2.6 38.9318
      vertex 28.1491 4.2 38.9318
    endloop
  endfacet
  facet normal 0.382525 0 0.923945
    outer loop
      vertex 28.1491 2.6 38.9318
      vertex 28.0549 4.2 38.9708
      vertex 28.0549 2.6 38.9708
    endloop
  endfacet
  facet normal 0.759879 -0 0.650064
    outer loop
      vertex 27.8241 2.6 39.1679
      vertex 27.8904 4.2 39.0904
      vertex 27.8241 4.2 39.1679
    endloop
  endfacet
  facet normal 0.759879 0 0.650064
    outer loop
      vertex 27.8904 4.2 39.0904
      vertex 27.8241 2.6 39.1679
      vertex 27.8904 2.6 39.0904
    endloop
  endfacet
  facet normal -0.99692 0 0.0784205
    outer loop
      vertex 28.992 2.6 39.4483
      vertex 29 4.2 39.55
      vertex 28.992 4.2 39.4483
    endloop
  endfacet
  facet normal -0.99692 0 0.0784205
    outer loop
      vertex 29 4.2 39.55
      vertex 28.992 2.6 39.4483
      vertex 29 2.6 39.55
    endloop
  endfacet
  facet normal 0.522401 0 -0.8527
    outer loop
      vertex 27.9679 2.6 40.0759
      vertex 28.0549 4.2 40.1292
      vertex 28.0549 2.6 40.1292
    endloop
  endfacet
  facet normal 0.522401 0 -0.8527
    outer loop
      vertex 28.0549 4.2 40.1292
      vertex 27.9679 2.6 40.0759
      vertex 27.9679 4.2 40.0759
    endloop
  endfacet
  facet normal -0.522401 0 -0.8527
    outer loop
      vertex 28.6451 2.6 40.1292
      vertex 28.7321 4.2 40.0759
      vertex 28.7321 2.6 40.0759
    endloop
  endfacet
  facet normal -0.522401 0 -0.8527
    outer loop
      vertex 28.7321 4.2 40.0759
      vertex 28.6451 2.6 40.1292
      vertex 28.6451 4.2 40.1292
    endloop
  endfacet
  facet normal -0.972405 0 0.233299
    outer loop
      vertex 28.9682 2.6 39.3491
      vertex 28.992 4.2 39.4483
      vertex 28.9682 4.2 39.3491
    endloop
  endfacet
  facet normal -0.972405 0 0.233299
    outer loop
      vertex 28.992 4.2 39.4483
      vertex 28.9682 2.6 39.3491
      vertex 28.992 2.6 39.4483
    endloop
  endfacet
  facet normal -0.759879 0 0.650064
    outer loop
      vertex 28.8096 2.6 39.0904
      vertex 28.8759 4.2 39.1679
      vertex 28.8096 4.2 39.0904
    endloop
  endfacet
  facet normal -0.759879 0 0.650064
    outer loop
      vertex 28.8759 4.2 39.1679
      vertex 28.8096 2.6 39.0904
      vertex 28.8759 2.6 39.1679
    endloop
  endfacet
  facet normal -0.382525 0 0.923945
    outer loop
      vertex 28.5509 4.2 38.9318
      vertex 28.6451 2.6 38.9708
      vertex 28.6451 4.2 38.9708
    endloop
  endfacet
  facet normal -0.382525 0 0.923945
    outer loop
      vertex 28.6451 2.6 38.9708
      vertex 28.5509 4.2 38.9318
      vertex 28.5509 2.6 38.9318
    endloop
  endfacet
  facet normal 0.99692 0 -0.0784205
    outer loop
      vertex 27.708 2.6 39.6517
      vertex 27.7 4.2 39.55
      vertex 27.708 4.2 39.6517
    endloop
  endfacet
  facet normal 0.99692 0 -0.0784205
    outer loop
      vertex 27.7 4.2 39.55
      vertex 27.708 2.6 39.6517
      vertex 27.7 2.6 39.55
    endloop
  endfacet
  facet normal 0.972405 -0 0.233299
    outer loop
      vertex 27.708 2.6 39.4483
      vertex 27.7318 4.2 39.3491
      vertex 27.708 4.2 39.4483
    endloop
  endfacet
  facet normal 0.972405 0 0.233299
    outer loop
      vertex 27.7318 4.2 39.3491
      vertex 27.708 2.6 39.4483
      vertex 27.7318 2.6 39.3491
    endloop
  endfacet
  facet normal 0.233299 0 0.972405
    outer loop
      vertex 28.1491 4.2 38.9318
      vertex 28.2483 2.6 38.908
      vertex 28.2483 4.2 38.908
    endloop
  endfacet
  facet normal 0.233299 0 0.972405
    outer loop
      vertex 28.2483 2.6 38.908
      vertex 28.1491 4.2 38.9318
      vertex 28.1491 2.6 38.9318
    endloop
  endfacet
  facet normal -0.972405 0 -0.233299
    outer loop
      vertex 28.992 2.6 39.6517
      vertex 28.9682 4.2 39.7509
      vertex 28.992 4.2 39.6517
    endloop
  endfacet
  facet normal -0.972405 -0 -0.233299
    outer loop
      vertex 28.9682 4.2 39.7509
      vertex 28.992 2.6 39.6517
      vertex 28.9682 2.6 39.7509
    endloop
  endfacet
  facet normal -0.8527 0 -0.522401
    outer loop
      vertex 28.9292 2.6 39.8451
      vertex 28.8759 4.2 39.9321
      vertex 28.9292 4.2 39.8451
    endloop
  endfacet
  facet normal -0.8527 -0 -0.522401
    outer loop
      vertex 28.8759 4.2 39.9321
      vertex 28.9292 2.6 39.8451
      vertex 28.8759 2.6 39.9321
    endloop
  endfacet
  facet normal 0.972405 0 -0.233299
    outer loop
      vertex 27.7318 2.6 39.7509
      vertex 27.708 4.2 39.6517
      vertex 27.7318 4.2 39.7509
    endloop
  endfacet
  facet normal 0.972405 0 -0.233299
    outer loop
      vertex 27.708 4.2 39.6517
      vertex 27.7318 2.6 39.7509
      vertex 27.708 2.6 39.6517
    endloop
  endfacet
  facet normal 0.650064 0 -0.759879
    outer loop
      vertex 27.8904 2.6 40.0096
      vertex 27.9679 4.2 40.0759
      vertex 27.9679 2.6 40.0759
    endloop
  endfacet
  facet normal 0.650064 0 -0.759879
    outer loop
      vertex 27.9679 4.2 40.0759
      vertex 27.8904 2.6 40.0096
      vertex 27.8904 4.2 40.0096
    endloop
  endfacet
  facet normal -0.233299 0 -0.972405
    outer loop
      vertex 28.4517 2.6 40.192
      vertex 28.5509 4.2 40.1682
      vertex 28.5509 2.6 40.1682
    endloop
  endfacet
  facet normal -0.233299 0 -0.972405
    outer loop
      vertex 28.5509 4.2 40.1682
      vertex 28.4517 2.6 40.192
      vertex 28.4517 4.2 40.192
    endloop
  endfacet
  facet normal -0.382525 0 -0.923945
    outer loop
      vertex 28.5509 2.6 40.1682
      vertex 28.6451 4.2 40.1292
      vertex 28.6451 2.6 40.1292
    endloop
  endfacet
  facet normal -0.382525 0 -0.923945
    outer loop
      vertex 28.6451 4.2 40.1292
      vertex 28.5509 2.6 40.1682
      vertex 28.5509 4.2 40.1682
    endloop
  endfacet
  facet normal -0.650064 0 -0.759879
    outer loop
      vertex 28.7321 2.6 40.0759
      vertex 28.8096 4.2 40.0096
      vertex 28.8096 2.6 40.0096
    endloop
  endfacet
  facet normal -0.650064 0 -0.759879
    outer loop
      vertex 28.8096 4.2 40.0096
      vertex 28.7321 2.6 40.0759
      vertex 28.7321 4.2 40.0759
    endloop
  endfacet
  facet normal 0.99692 -0 0.0784205
    outer loop
      vertex 27.7 2.6 39.55
      vertex 27.708 4.2 39.4483
      vertex 27.7 4.2 39.55
    endloop
  endfacet
  facet normal 0.99692 0 0.0784205
    outer loop
      vertex 27.708 4.2 39.4483
      vertex 27.7 2.6 39.55
      vertex 27.708 2.6 39.4483
    endloop
  endfacet
  facet normal -0.99692 0 -0.0784205
    outer loop
      vertex 29 2.6 39.55
      vertex 28.992 4.2 39.6517
      vertex 29 4.2 39.55
    endloop
  endfacet
  facet normal -0.99692 -0 -0.0784205
    outer loop
      vertex 28.992 4.2 39.6517
      vertex 29 2.6 39.55
      vertex 28.992 2.6 39.6517
    endloop
  endfacet
  facet normal -0.923945 0 -0.382525
    outer loop
      vertex 28.9682 2.6 39.7509
      vertex 28.9292 4.2 39.8451
      vertex 28.9682 4.2 39.7509
    endloop
  endfacet
  facet normal -0.923945 -0 -0.382525
    outer loop
      vertex 28.9292 4.2 39.8451
      vertex 28.9682 2.6 39.7509
      vertex 28.9292 2.6 39.8451
    endloop
  endfacet
  facet normal -0.0784205 0 -0.99692
    outer loop
      vertex 28.35 2.6 40.2
      vertex 28.4517 4.2 40.192
      vertex 28.4517 2.6 40.192
    endloop
  endfacet
  facet normal -0.0784205 0 -0.99692
    outer loop
      vertex 28.4517 4.2 40.192
      vertex 28.35 2.6 40.2
      vertex 28.35 4.2 40.2
    endloop
  endfacet
  facet normal 0.923945 0 -0.382525
    outer loop
      vertex 27.7708 2.6 39.8451
      vertex 27.7318 4.2 39.7509
      vertex 27.7708 4.2 39.8451
    endloop
  endfacet
  facet normal 0.923945 0 -0.382525
    outer loop
      vertex 27.7318 4.2 39.7509
      vertex 27.7708 2.6 39.8451
      vertex 27.7318 2.6 39.7509
    endloop
  endfacet
  facet normal -0.759879 0 -0.650064
    outer loop
      vertex 28.8759 2.6 39.9321
      vertex 28.8096 4.2 40.0096
      vertex 28.8759 4.2 39.9321
    endloop
  endfacet
  facet normal -0.759879 -0 -0.650064
    outer loop
      vertex 28.8096 4.2 40.0096
      vertex 28.8759 2.6 39.9321
      vertex 28.8096 2.6 40.0096
    endloop
  endfacet
  facet normal 0.233299 0 -0.972405
    outer loop
      vertex 28.1491 2.6 40.1682
      vertex 28.2483 4.2 40.192
      vertex 28.2483 2.6 40.192
    endloop
  endfacet
  facet normal 0.233299 0 -0.972405
    outer loop
      vertex 28.2483 4.2 40.192
      vertex 28.1491 2.6 40.1682
      vertex 28.1491 4.2 40.1682
    endloop
  endfacet
  facet normal 0.382525 0 -0.923945
    outer loop
      vertex 28.0549 2.6 40.1292
      vertex 28.1491 4.2 40.1682
      vertex 28.1491 2.6 40.1682
    endloop
  endfacet
  facet normal 0.382525 0 -0.923945
    outer loop
      vertex 28.1491 4.2 40.1682
      vertex 28.0549 2.6 40.1292
      vertex 28.0549 4.2 40.1292
    endloop
  endfacet
  facet normal 0.759879 0 -0.650064
    outer loop
      vertex 27.8904 2.6 40.0096
      vertex 27.8241 4.2 39.9321
      vertex 27.8904 4.2 40.0096
    endloop
  endfacet
  facet normal 0.759879 0 -0.650064
    outer loop
      vertex 27.8241 4.2 39.9321
      vertex 27.8904 2.6 40.0096
      vertex 27.8241 2.6 39.9321
    endloop
  endfacet
  facet normal 0.8527 0 -0.522401
    outer loop
      vertex 27.8241 2.6 39.9321
      vertex 27.7708 4.2 39.8451
      vertex 27.8241 4.2 39.9321
    endloop
  endfacet
  facet normal 0.8527 0 -0.522401
    outer loop
      vertex 27.7708 4.2 39.8451
      vertex 27.8241 2.6 39.9321
      vertex 27.7708 2.6 39.8451
    endloop
  endfacet
  facet normal 0.0784205 0 -0.99692
    outer loop
      vertex 28.2483 2.6 40.192
      vertex 28.35 4.2 40.2
      vertex 28.35 2.6 40.2
    endloop
  endfacet
  facet normal 0.0784205 0 -0.99692
    outer loop
      vertex 28.35 4.2 40.2
      vertex 28.2483 2.6 40.192
      vertex 28.2483 4.2 40.192
    endloop
  endfacet
  facet normal -0.522401 0 0.8527
    outer loop
      vertex 28.6451 4.2 3.87084
      vertex 28.7321 2.6 3.92414
      vertex 28.7321 4.2 3.92414
    endloop
  endfacet
  facet normal -0.522401 0 0.8527
    outer loop
      vertex 28.7321 2.6 3.92414
      vertex 28.6451 4.2 3.87084
      vertex 28.6451 2.6 3.87084
    endloop
  endfacet
  facet normal 0.382776 0 0.923841
    outer loop
      vertex 28.0549 4.2 3.87084
      vertex 28.1491 2.6 3.83181
      vertex 28.1491 4.2 3.83181
    endloop
  endfacet
  facet normal 0.382776 0 0.923841
    outer loop
      vertex 28.1491 2.6 3.83181
      vertex 28.0549 4.2 3.87084
      vertex 28.0549 2.6 3.87084
    endloop
  endfacet
  facet normal 0.923988 -0 0.382421
    outer loop
      vertex 27.7318 2.6 4.24914
      vertex 27.7708 4.2 4.15491
      vertex 27.7318 4.2 4.24914
    endloop
  endfacet
  facet normal 0.923988 0 0.382421
    outer loop
      vertex 27.7708 4.2 4.15491
      vertex 27.7318 2.6 4.24914
      vertex 27.7708 2.6 4.15491
    endloop
  endfacet
  facet normal -0.923988 0 0.382421
    outer loop
      vertex 28.9292 2.6 4.15491
      vertex 28.9682 4.2 4.24914
      vertex 28.9292 4.2 4.15491
    endloop
  endfacet
  facet normal -0.923988 0 0.382421
    outer loop
      vertex 28.9682 4.2 4.24914
      vertex 28.9292 2.6 4.15491
      vertex 28.9682 2.6 4.24914
    endloop
  endfacet
  facet normal -0.85262 0 0.522532
    outer loop
      vertex 28.8759 2.6 4.06794
      vertex 28.9292 4.2 4.15491
      vertex 28.8759 4.2 4.06794
    endloop
  endfacet
  facet normal -0.85262 0 0.522532
    outer loop
      vertex 28.9292 4.2 4.15491
      vertex 28.8759 2.6 4.06794
      vertex 28.9292 2.6 4.15491
    endloop
  endfacet
  facet normal -0.649724 0 0.76017
    outer loop
      vertex 28.7321 4.2 3.92414
      vertex 28.8096 2.6 3.99038
      vertex 28.8096 4.2 3.99038
    endloop
  endfacet
  facet normal -0.649724 0 0.76017
    outer loop
      vertex 28.8096 2.6 3.99038
      vertex 28.7321 4.2 3.92414
      vertex 28.7321 2.6 3.92414
    endloop
  endfacet
  facet normal -0.382776 0 0.923841
    outer loop
      vertex 28.5509 4.2 3.83181
      vertex 28.6451 2.6 3.87084
      vertex 28.6451 4.2 3.87084
    endloop
  endfacet
  facet normal -0.382776 0 0.923841
    outer loop
      vertex 28.6451 2.6 3.87084
      vertex 28.5509 4.2 3.83181
      vertex 28.5509 2.6 3.83181
    endloop
  endfacet
  facet normal 0.0784205 0 0.99692
    outer loop
      vertex 28.2483 4.2 3.808
      vertex 28.35 2.6 3.8
      vertex 28.35 4.2 3.8
    endloop
  endfacet
  facet normal 0.0784205 0 0.99692
    outer loop
      vertex 28.35 2.6 3.8
      vertex 28.2483 4.2 3.808
      vertex 28.2483 2.6 3.808
    endloop
  endfacet
  facet normal 0 1 0
    outer loop
      vertex 28.8759 2.6 4.83206
      vertex 28.7623 2.6 4.95
      vertex 28.8096 2.6 4.90962
    endloop
  endfacet
  facet normal 0 1 0
    outer loop
      vertex 28.9292 2.6 4.74509
      vertex 28.7623 2.6 4.95
      vertex 28.8759 2.6 4.83206
    endloop
  endfacet
  facet normal 0 1 0
    outer loop
      vertex 28.7623 2.6 4.95
      vertex 28.9292 2.6 4.74509
      vertex 27.9377 2.6 4.95
    endloop
  endfacet
  facet normal 0 1 0
    outer loop
      vertex 27.9377 2.6 4.95
      vertex 27.8241 2.6 4.83206
      vertex 27.8904 2.6 4.90962
    endloop
  endfacet
  facet normal 0 1 0
    outer loop
      vertex 27.7708 2.6 4.74509
      vertex 27.9377 2.6 4.95
      vertex 28.9292 2.6 4.74509
    endloop
  endfacet
  facet normal 0 1 0
    outer loop
      vertex 27.9377 2.6 4.95
      vertex 27.7708 2.6 4.74509
      vertex 27.8241 2.6 4.83206
    endloop
  endfacet
  facet normal 0 1 0
    outer loop
      vertex 28.9682 2.6 4.65086
      vertex 27.7708 2.6 4.74509
      vertex 28.9292 2.6 4.74509
    endloop
  endfacet
  facet normal 0 1 0
    outer loop
      vertex 28.9682 2.6 4.65086
      vertex 27.7318 2.6 4.65086
      vertex 27.7708 2.6 4.74509
    endloop
  endfacet
  facet normal 0 1 0
    outer loop
      vertex 28.992 2.6 4.55168
      vertex 27.7318 2.6 4.65086
      vertex 28.9682 2.6 4.65086
    endloop
  endfacet
  facet normal 0 1 0
    outer loop
      vertex 28.992 2.6 4.55168
      vertex 27.708 2.6 4.55168
      vertex 27.7318 2.6 4.65086
    endloop
  endfacet
  facet normal 0 1 0
    outer loop
      vertex 29 2.6 4.45
      vertex 27.708 2.6 4.55168
      vertex 28.992 2.6 4.55168
    endloop
  endfacet
  facet normal 0 1 0
    outer loop
      vertex 29 2.6 4.45
      vertex 27.7 2.6 4.45
      vertex 27.708 2.6 4.55168
    endloop
  endfacet
  facet normal 0 1 -0
    outer loop
      vertex 28.992 2.6 4.34832
      vertex 27.7 2.6 4.45
      vertex 29 2.6 4.45
    endloop
  endfacet
  facet normal 0 1 0
    outer loop
      vertex 28.992 2.6 4.34832
      vertex 27.708 2.6 4.34832
      vertex 27.7 2.6 4.45
    endloop
  endfacet
  facet normal 0 1 -0
    outer loop
      vertex 28.9682 2.6 4.24914
      vertex 27.708 2.6 4.34832
      vertex 28.992 2.6 4.34832
    endloop
  endfacet
  facet normal 0 1 0
    outer loop
      vertex 28.9682 2.6 4.24914
      vertex 27.7318 2.6 4.24914
      vertex 27.708 2.6 4.34832
    endloop
  endfacet
  facet normal 0 1 -0
    outer loop
      vertex 28.9292 2.6 4.15491
      vertex 27.7318 2.6 4.24914
      vertex 28.9682 2.6 4.24914
    endloop
  endfacet
  facet normal 0 1 0
    outer loop
      vertex 28.9292 2.6 4.15491
      vertex 27.7708 2.6 4.15491
      vertex 27.7318 2.6 4.24914
    endloop
  endfacet
  facet normal 0 1 -0
    outer loop
      vertex 28.8759 2.6 4.06794
      vertex 27.7708 2.6 4.15491
      vertex 28.9292 2.6 4.15491
    endloop
  endfacet
  facet normal 0 1 0
    outer loop
      vertex 28.8759 2.6 4.06794
      vertex 27.8241 2.6 4.06794
      vertex 27.7708 2.6 4.15491
    endloop
  endfacet
  facet normal 0 1 -0
    outer loop
      vertex 28.8096 2.6 3.99038
      vertex 27.8241 2.6 4.06794
      vertex 28.8759 2.6 4.06794
    endloop
  endfacet
  facet normal 0 1 0
    outer loop
      vertex 28.8096 2.6 3.99038
      vertex 27.8904 2.6 3.99038
      vertex 27.8241 2.6 4.06794
    endloop
  endfacet
  facet normal 0 1 -0
    outer loop
      vertex 28.7321 2.6 3.92414
      vertex 27.8904 2.6 3.99038
      vertex 28.8096 2.6 3.99038
    endloop
  endfacet
  facet normal 0 1 0
    outer loop
      vertex 28.7321 2.6 3.92414
      vertex 27.9679 2.6 3.92414
      vertex 27.8904 2.6 3.99038
    endloop
  endfacet
  facet normal 0 1 -0
    outer loop
      vertex 28.6451 2.6 3.87084
      vertex 27.9679 2.6 3.92414
      vertex 28.7321 2.6 3.92414
    endloop
  endfacet
  facet normal 0 1 0
    outer loop
      vertex 28.6451 2.6 3.87084
      vertex 28.0549 2.6 3.87084
      vertex 27.9679 2.6 3.92414
    endloop
  endfacet
  facet normal 0 1 -0
    outer loop
      vertex 28.5509 2.6 3.83181
      vertex 28.0549 2.6 3.87084
      vertex 28.6451 2.6 3.87084
    endloop
  endfacet
  facet normal 0 1 0
    outer loop
      vertex 28.5509 2.6 3.83181
      vertex 28.1491 2.6 3.83181
      vertex 28.0549 2.6 3.87084
    endloop
  endfacet
  facet normal 0 1 -0
    outer loop
      vertex 28.4517 2.6 3.808
      vertex 28.1491 2.6 3.83181
      vertex 28.5509 2.6 3.83181
    endloop
  endfacet
  facet normal 0 1 0
    outer loop
      vertex 28.4517 2.6 3.808
      vertex 28.2483 2.6 3.808
      vertex 28.1491 2.6 3.83181
    endloop
  endfacet
  facet normal -0 1 0
    outer loop
      vertex 28.2483 2.6 3.808
      vertex 28.4517 2.6 3.808
      vertex 28.35 2.6 3.8
    endloop
  endfacet
  facet normal 0.996919 -0 0.0784358
    outer loop
      vertex 27.7 2.6 4.45
      vertex 27.708 4.2 4.34832
      vertex 27.7 4.2 4.45
    endloop
  endfacet
  facet normal 0.996919 0 0.0784358
    outer loop
      vertex 27.708 4.2 4.34832
      vertex 27.7 2.6 4.45
      vertex 27.708 2.6 4.34832
    endloop
  endfacet
  facet normal 0.85262 -0 0.522532
    outer loop
      vertex 27.7708 2.6 4.15491
      vertex 27.8241 4.2 4.06794
      vertex 27.7708 4.2 4.15491
    endloop
  endfacet
  facet normal 0.85262 0 0.522532
    outer loop
      vertex 27.8241 4.2 4.06794
      vertex 27.7708 2.6 4.15491
      vertex 27.8241 2.6 4.06794
    endloop
  endfacet
  facet normal 0.522401 0 0.8527
    outer loop
      vertex 27.9679 4.2 3.92414
      vertex 28.0549 2.6 3.87084
      vertex 28.0549 4.2 3.87084
    endloop
  endfacet
  facet normal 0.522401 0 0.8527
    outer loop
      vertex 28.0549 2.6 3.87084
      vertex 27.9679 4.2 3.92414
      vertex 27.9679 2.6 3.92414
    endloop
  endfacet
  facet normal 0.233391 0 0.972383
    outer loop
      vertex 28.1491 4.2 3.83181
      vertex 28.2483 2.6 3.808
      vertex 28.2483 4.2 3.808
    endloop
  endfacet
  facet normal 0.233391 0 0.972383
    outer loop
      vertex 28.2483 2.6 3.808
      vertex 28.1491 4.2 3.83181
      vertex 28.1491 2.6 3.83181
    endloop
  endfacet
  facet normal -0.996919 0 0.0784358
    outer loop
      vertex 28.992 2.6 4.34832
      vertex 29 4.2 4.45
      vertex 28.992 4.2 4.34832
    endloop
  endfacet
  facet normal -0.996919 0 0.0784358
    outer loop
      vertex 29 4.2 4.45
      vertex 28.992 2.6 4.34832
      vertex 29 2.6 4.45
    endloop
  endfacet
  facet normal -0.649281 0 -0.760549
    outer loop
      vertex 28.7623 2.6 4.95
      vertex 28.8096 4.2 4.90962
      vertex 28.8096 2.6 4.90962
    endloop
  endfacet
  facet normal -0.649281 0 -0.760549
    outer loop
      vertex 28.8096 4.2 4.90962
      vertex 28.7623 2.6 4.95
      vertex 28.7623 4.2 4.95
    endloop
  endfacet
  facet normal -0.85262 0 -0.522532
    outer loop
      vertex 28.9292 2.6 4.74509
      vertex 28.8759 4.2 4.83206
      vertex 28.9292 4.2 4.74509
    endloop
  endfacet
  facet normal -0.85262 -0 -0.522532
    outer loop
      vertex 28.8759 4.2 4.83206
      vertex 28.9292 2.6 4.74509
      vertex 28.8759 2.6 4.83206
    endloop
  endfacet
  facet normal 0.972394 0 -0.233343
    outer loop
      vertex 27.7318 2.6 4.65086
      vertex 27.708 4.2 4.55168
      vertex 27.7318 4.2 4.65086
    endloop
  endfacet
  facet normal 0.972394 0 -0.233343
    outer loop
      vertex 27.708 4.2 4.55168
      vertex 27.7318 2.6 4.65086
      vertex 27.708 2.6 4.55168
    endloop
  endfacet
  facet normal 0.649281 0 -0.760549
    outer loop
      vertex 27.8904 2.6 4.90962
      vertex 27.9377 4.2 4.95
      vertex 27.9377 2.6 4.95
    endloop
  endfacet
  facet normal 0.649281 0 -0.760549
    outer loop
      vertex 27.9377 4.2 4.95
      vertex 27.8904 2.6 4.90962
      vertex 27.8904 4.2 4.90962
    endloop
  endfacet
  facet normal -0.972394 0 0.233343
    outer loop
      vertex 28.9682 2.6 4.24914
      vertex 28.992 4.2 4.34832
      vertex 28.9682 4.2 4.24914
    endloop
  endfacet
  facet normal -0.972394 0 0.233343
    outer loop
      vertex 28.992 4.2 4.34832
      vertex 28.9682 2.6 4.24914
      vertex 28.992 2.6 4.34832
    endloop
  endfacet
  facet normal -0.760128 0 0.649774
    outer loop
      vertex 28.8096 2.6 3.99038
      vertex 28.8759 4.2 4.06794
      vertex 28.8096 4.2 3.99038
    endloop
  endfacet
  facet normal -0.760128 0 0.649774
    outer loop
      vertex 28.8759 4.2 4.06794
      vertex 28.8096 2.6 3.99038
      vertex 28.8759 2.6 4.06794
    endloop
  endfacet
  facet normal -0.233391 0 0.972383
    outer loop
      vertex 28.4517 4.2 3.808
      vertex 28.5509 2.6 3.83181
      vertex 28.5509 4.2 3.83181
    endloop
  endfacet
  facet normal -0.233391 0 0.972383
    outer loop
      vertex 28.5509 2.6 3.83181
      vertex 28.4517 4.2 3.808
      vertex 28.4517 2.6 3.808
    endloop
  endfacet
  facet normal -0.0784205 0 0.99692
    outer loop
      vertex 28.35 4.2 3.8
      vertex 28.4517 2.6 3.808
      vertex 28.4517 4.2 3.808
    endloop
  endfacet
  facet normal -0.0784205 0 0.99692
    outer loop
      vertex 28.4517 2.6 3.808
      vertex 28.35 4.2 3.8
      vertex 28.35 2.6 3.8
    endloop
  endfacet
  facet normal 0.996919 0 -0.0784358
    outer loop
      vertex 27.708 2.6 4.55168
      vertex 27.7 4.2 4.45
      vertex 27.708 4.2 4.55168
    endloop
  endfacet
  facet normal 0.996919 0 -0.0784358
    outer loop
      vertex 27.7 4.2 4.45
      vertex 27.708 2.6 4.55168
      vertex 27.7 2.6 4.45
    endloop
  endfacet
  facet normal 0.972394 -0 0.233343
    outer loop
      vertex 27.708 2.6 4.34832
      vertex 27.7318 4.2 4.24914
      vertex 27.708 4.2 4.34832
    endloop
  endfacet
  facet normal 0.972394 0 0.233343
    outer loop
      vertex 27.7318 4.2 4.24914
      vertex 27.708 2.6 4.34832
      vertex 27.7318 2.6 4.24914
    endloop
  endfacet
  facet normal 0.649724 0 0.76017
    outer loop
      vertex 27.8904 4.2 3.99038
      vertex 27.9679 2.6 3.92414
      vertex 27.9679 4.2 3.92414
    endloop
  endfacet
  facet normal 0.649724 0 0.76017
    outer loop
      vertex 27.9679 2.6 3.92414
      vertex 27.8904 4.2 3.99038
      vertex 27.8904 2.6 3.99038
    endloop
  endfacet
  facet normal 0.760128 -0 0.649774
    outer loop
      vertex 27.8241 2.6 4.06794
      vertex 27.8904 4.2 3.99038
      vertex 27.8241 4.2 4.06794
    endloop
  endfacet
  facet normal 0.760128 0 0.649774
    outer loop
      vertex 27.8904 4.2 3.99038
      vertex 27.8241 2.6 4.06794
      vertex 27.8904 2.6 3.99038
    endloop
  endfacet
  facet normal -0.972394 0 -0.233343
    outer loop
      vertex 28.992 2.6 4.55168
      vertex 28.9682 4.2 4.65086
      vertex 28.992 4.2 4.55168
    endloop
  endfacet
  facet normal -0.972394 -0 -0.233343
    outer loop
      vertex 28.9682 4.2 4.65086
      vertex 28.992 2.6 4.55168
      vertex 28.9682 2.6 4.65086
    endloop
  endfacet
  facet normal -0.760128 0 -0.649774
    outer loop
      vertex 28.8759 2.6 4.83206
      vertex 28.8096 4.2 4.90962
      vertex 28.8759 4.2 4.83206
    endloop
  endfacet
  facet normal -0.760128 -0 -0.649774
    outer loop
      vertex 28.8096 4.2 4.90962
      vertex 28.8759 2.6 4.83206
      vertex 28.8096 2.6 4.90962
    endloop
  endfacet
  facet normal -0.923988 0 -0.382421
    outer loop
      vertex 28.9682 2.6 4.65086
      vertex 28.9292 4.2 4.74509
      vertex 28.9682 4.2 4.65086
    endloop
  endfacet
  facet normal -0.923988 -0 -0.382421
    outer loop
      vertex 28.9292 4.2 4.74509
      vertex 28.9682 2.6 4.65086
      vertex 28.9292 2.6 4.74509
    endloop
  endfacet
  facet normal 0.923988 0 -0.382421
    outer loop
      vertex 27.7708 2.6 4.74509
      vertex 27.7318 4.2 4.65086
      vertex 27.7708 4.2 4.74509
    endloop
  endfacet
  facet normal 0.923988 0 -0.382421
    outer loop
      vertex 27.7318 4.2 4.65086
      vertex 27.7708 2.6 4.74509
      vertex 27.7318 2.6 4.65086
    endloop
  endfacet
  facet normal 0.85262 0 -0.522532
    outer loop
      vertex 27.8241 2.6 4.83206
      vertex 27.7708 4.2 4.74509
      vertex 27.8241 4.2 4.83206
    endloop
  endfacet
  facet normal 0.85262 0 -0.522532
    outer loop
      vertex 27.7708 4.2 4.74509
      vertex 27.8241 2.6 4.83206
      vertex 27.7708 2.6 4.74509
    endloop
  endfacet
  facet normal -0.996919 0 -0.0784358
    outer loop
      vertex 29 2.6 4.45
      vertex 28.992 4.2 4.55168
      vertex 29 4.2 4.45
    endloop
  endfacet
  facet normal -0.996919 -0 -0.0784358
    outer loop
      vertex 28.992 4.2 4.55168
      vertex 29 2.6 4.45
      vertex 28.992 2.6 4.55168
    endloop
  endfacet
  facet normal 0.760128 0 -0.649774
    outer loop
      vertex 27.8904 2.6 4.90962
      vertex 27.8241 4.2 4.83206
      vertex 27.8904 4.2 4.90962
    endloop
  endfacet
  facet normal 0.760128 0 -0.649774
    outer loop
      vertex 27.8241 4.2 4.83206
      vertex 27.8904 2.6 4.90962
      vertex 27.8241 2.6 4.83206
    endloop
  endfacet
  facet normal 0 1 -0
    outer loop
      vertex 33 15 15.8
      vertex 31 15 28.2
      vertex 33 15 28.2
    endloop
  endfacet
  facet normal 0 1 0
    outer loop
      vertex 31 15 28.2
      vertex 33 15 15.8
      vertex 31 15 15.8
    endloop
  endfacet
  facet normal -0 0.64915 0.76066
    outer loop
      vertex 31 15.3298 15.1528
      vertex 33 15.2343 15.2343
      vertex 33 15.3298 15.1528
    endloop
  endfacet
  facet normal 0 0.64915 0.76066
    outer loop
      vertex 33 15.2343 15.2343
      vertex 31 15.3298 15.1528
      vertex 31 15.2343 15.2343
    endloop
  endfacet
  facet normal 0 0.64915 -0.76066
    outer loop
      vertex 31 15.2343 28.7657
      vertex 33 15.3298 28.8472
      vertex 33 15.2343 28.7657
    endloop
  endfacet
  facet normal 0 0.64915 -0.76066
    outer loop
      vertex 33 15.3298 28.8472
      vertex 31 15.2343 28.7657
      vertex 31 15.3298 28.8472
    endloop
  endfacet
  facet normal 0 -1 0
    outer loop
      vertex 31 16.6 15.8
      vertex 33 16.6 28.2
      vertex 31 16.6 28.2
    endloop
  endfacet
  facet normal 0 -1 -0
    outer loop
      vertex 33 16.6 28.2
      vertex 31 16.6 15.8
      vertex 33 16.6 15.8
    endloop
  endfacet
  facet normal 0 -0.76066 -0.64915
    outer loop
      vertex 31 16.4472 28.6702
      vertex 33 16.3657 28.7657
      vertex 31 16.3657 28.7657
    endloop
  endfacet
  facet normal 0 -0.76066 -0.64915
    outer loop
      vertex 33 16.3657 28.7657
      vertex 31 16.4472 28.6702
      vertex 33 16.4472 28.6702
    endloop
  endfacet
  facet normal 0 -0.382352 -0.924017
    outer loop
      vertex 31 16.0472 28.9608
      vertex 33 16.1632 28.9128
      vertex 33 16.0472 28.9608
    endloop
  endfacet
  facet normal -0 -0.382352 -0.924017
    outer loop
      vertex 33 16.1632 28.9128
      vertex 31 16.0472 28.9608
      vertex 31 16.1632 28.9128
    endloop
  endfacet
  facet normal 0 0.234096 -0.972214
    outer loop
      vertex 31 15.5528 28.9608
      vertex 33 15.6749 28.9902
      vertex 33 15.5528 28.9608
    endloop
  endfacet
  facet normal 0 0.234096 -0.972214
    outer loop
      vertex 33 15.6749 28.9902
      vertex 31 15.5528 28.9608
      vertex 31 15.6749 28.9902
    endloop
  endfacet
  facet normal 0 0.924017 0.382352
    outer loop
      vertex 33 15.0872 15.4368
      vertex 31 15.0392 15.5528
      vertex 33 15.0392 15.5528
    endloop
  endfacet
  facet normal 0 0.924017 0.382352
    outer loop
      vertex 31 15.0392 15.5528
      vertex 33 15.0872 15.4368
      vertex 31 15.0872 15.4368
    endloop
  endfacet
  facet normal 0 0.996946 0.0780981
    outer loop
      vertex 33 15.0098 15.6749
      vertex 31 15 15.8
      vertex 33 15 15.8
    endloop
  endfacet
  facet normal 0 0.996946 0.0780981
    outer loop
      vertex 31 15 15.8
      vertex 33 15.0098 15.6749
      vertex 31 15.0098 15.6749
    endloop
  endfacet
  facet normal -0 0.234096 0.972214
    outer loop
      vertex 31 15.6749 15.0098
      vertex 33 15.5528 15.0392
      vertex 33 15.6749 15.0098
    endloop
  endfacet
  facet normal 0 0.234096 0.972214
    outer loop
      vertex 33 15.5528 15.0392
      vertex 31 15.6749 15.0098
      vertex 31 15.5528 15.0392
    endloop
  endfacet
  facet normal -0 0.0780981 0.996946
    outer loop
      vertex 31 15.8 15
      vertex 33 15.6749 15.0098
      vertex 33 15.8 15
    endloop
  endfacet
  facet normal 0 0.0780981 0.996946
    outer loop
      vertex 33 15.6749 15.0098
      vertex 31 15.8 15
      vertex 31 15.6749 15.0098
    endloop
  endfacet
  facet normal 0 -0.0780981 -0.996946
    outer loop
      vertex 31 15.8 29
      vertex 33 15.9251 28.9902
      vertex 33 15.8 29
    endloop
  endfacet
  facet normal -0 -0.0780981 -0.996946
    outer loop
      vertex 33 15.9251 28.9902
      vertex 31 15.8 29
      vertex 31 15.9251 28.9902
    endloop
  endfacet
  facet normal 0 -0.76066 0.64915
    outer loop
      vertex 31 16.3657 15.2343
      vertex 33 16.4472 15.3298
      vertex 31 16.4472 15.3298
    endloop
  endfacet
  facet normal 0 -0.76066 0.64915
    outer loop
      vertex 33 16.4472 15.3298
      vertex 31 16.3657 15.2343
      vertex 33 16.3657 15.2343
    endloop
  endfacet
  facet normal 0 -0.996883 -0.07889
    outer loop
      vertex 31 16.6 28.2
      vertex 33 16.5901 28.3251
      vertex 31 16.5901 28.3251
    endloop
  endfacet
  facet normal 0 -0.996883 -0.07889
    outer loop
      vertex 33 16.5901 28.3251
      vertex 31 16.6 28.2
      vertex 33 16.6 28.2
    endloop
  endfacet
  facet normal 0 -0.924017 -0.382352
    outer loop
      vertex 31 16.5608 28.4472
      vertex 33 16.5128 28.5632
      vertex 31 16.5128 28.5632
    endloop
  endfacet
  facet normal 0 -0.924017 -0.382352
    outer loop
      vertex 33 16.5128 28.5632
      vertex 31 16.5608 28.4472
      vertex 33 16.5608 28.4472
    endloop
  endfacet
  facet normal 0 -0.852533 -0.522674
    outer loop
      vertex 31 16.5128 28.5632
      vertex 33 16.4472 28.6702
      vertex 31 16.4472 28.6702
    endloop
  endfacet
  facet normal 0 -0.852533 -0.522674
    outer loop
      vertex 33 16.4472 28.6702
      vertex 31 16.5128 28.5632
      vertex 33 16.5128 28.5632
    endloop
  endfacet
  facet normal 0 -0.64915 -0.76066
    outer loop
      vertex 31 16.2702 28.8472
      vertex 33 16.3657 28.7657
      vertex 33 16.2702 28.8472
    endloop
  endfacet
  facet normal -0 -0.64915 -0.76066
    outer loop
      vertex 33 16.3657 28.7657
      vertex 31 16.2702 28.8472
      vertex 31 16.3657 28.7657
    endloop
  endfacet
  facet normal 0 0.996946 -0.0780981
    outer loop
      vertex 33 15 28.2
      vertex 31 15.0098 28.3251
      vertex 33 15.0098 28.3251
    endloop
  endfacet
  facet normal 0 0.996946 -0.0780981
    outer loop
      vertex 31 15.0098 28.3251
      vertex 33 15 28.2
      vertex 31 15 28.2
    endloop
  endfacet
  facet normal 0 0.924017 -0.382352
    outer loop
      vertex 33 15.0392 28.4472
      vertex 31 15.0872 28.5632
      vertex 33 15.0872 28.5632
    endloop
  endfacet
  facet normal 0 0.924017 -0.382352
    outer loop
      vertex 31 15.0872 28.5632
      vertex 33 15.0392 28.4472
      vertex 31 15.0392 28.4472
    endloop
  endfacet
  facet normal 0 0.382352 -0.924017
    outer loop
      vertex 31 15.4368 28.9128
      vertex 33 15.5528 28.9608
      vertex 33 15.4368 28.9128
    endloop
  endfacet
  facet normal 0 0.382352 -0.924017
    outer loop
      vertex 33 15.5528 28.9608
      vertex 31 15.4368 28.9128
      vertex 31 15.5528 28.9608
    endloop
  endfacet
  facet normal 0 0.0780981 -0.996946
    outer loop
      vertex 31 15.6749 28.9902
      vertex 33 15.8 29
      vertex 33 15.6749 28.9902
    endloop
  endfacet
  facet normal 0 0.0780981 -0.996946
    outer loop
      vertex 33 15.8 29
      vertex 31 15.6749 28.9902
      vertex 31 15.8 29
    endloop
  endfacet
  facet normal 0 0.972214 0.234096
    outer loop
      vertex 33 15.0392 15.5528
      vertex 31 15.0098 15.6749
      vertex 33 15.0098 15.6749
    endloop
  endfacet
  facet normal 0 0.972214 0.234096
    outer loop
      vertex 31 15.0098 15.6749
      vertex 33 15.0392 15.5528
      vertex 31 15.0392 15.5528
    endloop
  endfacet
  facet normal 0 0.852533 0.522674
    outer loop
      vertex 33 15.1528 15.3298
      vertex 31 15.0872 15.4368
      vertex 33 15.0872 15.4368
    endloop
  endfacet
  facet normal 0 0.852533 0.522674
    outer loop
      vertex 31 15.0872 15.4368
      vertex 33 15.1528 15.3298
      vertex 31 15.1528 15.3298
    endloop
  endfacet
  facet normal 0 -0.0780981 0.996946
    outer loop
      vertex 31 15.9251 15.0098
      vertex 33 15.8 15
      vertex 33 15.9251 15.0098
    endloop
  endfacet
  facet normal 0 -0.0780981 0.996946
    outer loop
      vertex 33 15.8 15
      vertex 31 15.9251 15.0098
      vertex 31 15.8 15
    endloop
  endfacet
  facet normal -0 0.382352 0.924017
    outer loop
      vertex 31 15.5528 15.0392
      vertex 33 15.4368 15.0872
      vertex 33 15.5528 15.0392
    endloop
  endfacet
  facet normal 0 0.382352 0.924017
    outer loop
      vertex 33 15.4368 15.0872
      vertex 31 15.5528 15.0392
      vertex 31 15.4368 15.0872
    endloop
  endfacet
  facet normal 0 -0.234096 0.972214
    outer loop
      vertex 31 16.0472 15.0392
      vertex 33 15.9251 15.0098
      vertex 33 16.0472 15.0392
    endloop
  endfacet
  facet normal 0 -0.234096 0.972214
    outer loop
      vertex 33 15.9251 15.0098
      vertex 31 16.0472 15.0392
      vertex 31 15.9251 15.0098
    endloop
  endfacet
  facet normal 0 -0.996883 0.07889
    outer loop
      vertex 31 16.5901 15.6749
      vertex 33 16.6 15.8
      vertex 31 16.6 15.8
    endloop
  endfacet
  facet normal 0 -0.996883 0.07889
    outer loop
      vertex 33 16.6 15.8
      vertex 31 16.5901 15.6749
      vertex 33 16.5901 15.6749
    endloop
  endfacet
  facet normal 0 -0.852533 0.522674
    outer loop
      vertex 31 16.4472 15.3298
      vertex 33 16.5128 15.4368
      vertex 31 16.5128 15.4368
    endloop
  endfacet
  facet normal 0 -0.852533 0.522674
    outer loop
      vertex 33 16.5128 15.4368
      vertex 31 16.4472 15.3298
      vertex 33 16.4472 15.3298
    endloop
  endfacet
  facet normal 0 -0.972395 0.233343
    outer loop
      vertex 31 16.5608 15.5528
      vertex 33 16.5901 15.6749
      vertex 31 16.5901 15.6749
    endloop
  endfacet
  facet normal 0 -0.972395 0.233343
    outer loop
      vertex 33 16.5901 15.6749
      vertex 31 16.5608 15.5528
      vertex 33 16.5608 15.5528
    endloop
  endfacet
  facet normal 0 -0.382352 0.924017
    outer loop
      vertex 31 16.1632 15.0872
      vertex 33 16.0472 15.0392
      vertex 33 16.1632 15.0872
    endloop
  endfacet
  facet normal 0 -0.382352 0.924017
    outer loop
      vertex 33 16.0472 15.0392
      vertex 31 16.1632 15.0872
      vertex 31 16.0472 15.0392
    endloop
  endfacet
  facet normal 0 -0.234096 -0.972214
    outer loop
      vertex 31 15.9251 28.9902
      vertex 33 16.0472 28.9608
      vertex 33 15.9251 28.9902
    endloop
  endfacet
  facet normal -0 -0.234096 -0.972214
    outer loop
      vertex 33 16.0472 28.9608
      vertex 31 15.9251 28.9902
      vertex 31 16.0472 28.9608
    endloop
  endfacet
  facet normal 0 -0.972395 -0.233343
    outer loop
      vertex 31 16.5901 28.3251
      vertex 33 16.5608 28.4472
      vertex 31 16.5608 28.4472
    endloop
  endfacet
  facet normal 0 -0.972395 -0.233343
    outer loop
      vertex 33 16.5608 28.4472
      vertex 31 16.5901 28.3251
      vertex 33 16.5901 28.3251
    endloop
  endfacet
  facet normal 0 -0.522674 -0.852533
    outer loop
      vertex 31 16.1632 28.9128
      vertex 33 16.2702 28.8472
      vertex 33 16.1632 28.9128
    endloop
  endfacet
  facet normal -0 -0.522674 -0.852533
    outer loop
      vertex 33 16.2702 28.8472
      vertex 31 16.1632 28.9128
      vertex 31 16.2702 28.8472
    endloop
  endfacet
  facet normal 0 0.852533 -0.522674
    outer loop
      vertex 33 15.0872 28.5632
      vertex 31 15.1528 28.6702
      vertex 33 15.1528 28.6702
    endloop
  endfacet
  facet normal 0 0.852533 -0.522674
    outer loop
      vertex 31 15.1528 28.6702
      vertex 33 15.0872 28.5632
      vertex 31 15.0872 28.5632
    endloop
  endfacet
  facet normal 0 0.76066 -0.64915
    outer loop
      vertex 33 15.1528 28.6702
      vertex 31 15.2343 28.7657
      vertex 33 15.2343 28.7657
    endloop
  endfacet
  facet normal 0 0.76066 -0.64915
    outer loop
      vertex 31 15.2343 28.7657
      vertex 33 15.1528 28.6702
      vertex 31 15.1528 28.6702
    endloop
  endfacet
  facet normal 0 0.972214 -0.234096
    outer loop
      vertex 33 15.0098 28.3251
      vertex 31 15.0392 28.4472
      vertex 33 15.0392 28.4472
    endloop
  endfacet
  facet normal 0 0.972214 -0.234096
    outer loop
      vertex 31 15.0392 28.4472
      vertex 33 15.0098 28.3251
      vertex 31 15.0098 28.3251
    endloop
  endfacet
  facet normal 0 0.522674 -0.852533
    outer loop
      vertex 31 15.3298 28.8472
      vertex 33 15.4368 28.9128
      vertex 33 15.3298 28.8472
    endloop
  endfacet
  facet normal 0 0.522674 -0.852533
    outer loop
      vertex 33 15.4368 28.9128
      vertex 31 15.3298 28.8472
      vertex 31 15.4368 28.9128
    endloop
  endfacet
  facet normal 0 0.76066 0.64915
    outer loop
      vertex 33 15.2343 15.2343
      vertex 31 15.1528 15.3298
      vertex 33 15.1528 15.3298
    endloop
  endfacet
  facet normal 0 0.76066 0.64915
    outer loop
      vertex 31 15.1528 15.3298
      vertex 33 15.2343 15.2343
      vertex 31 15.2343 15.2343
    endloop
  endfacet
  facet normal -0 0.522674 0.852533
    outer loop
      vertex 31 15.4368 15.0872
      vertex 33 15.3298 15.1528
      vertex 33 15.4368 15.0872
    endloop
  endfacet
  facet normal 0 0.522674 0.852533
    outer loop
      vertex 33 15.3298 15.1528
      vertex 31 15.4368 15.0872
      vertex 31 15.3298 15.1528
    endloop
  endfacet
  facet normal 0 -0.924017 0.382352
    outer loop
      vertex 31 16.5128 15.4368
      vertex 33 16.5608 15.5528
      vertex 31 16.5608 15.5528
    endloop
  endfacet
  facet normal 0 -0.924017 0.382352
    outer loop
      vertex 33 16.5608 15.5528
      vertex 31 16.5128 15.4368
      vertex 33 16.5128 15.4368
    endloop
  endfacet
  facet normal 0 -0.522674 0.852533
    outer loop
      vertex 31 16.2702 15.1528
      vertex 33 16.1632 15.0872
      vertex 33 16.2702 15.1528
    endloop
  endfacet
  facet normal 0 -0.522674 0.852533
    outer loop
      vertex 33 16.1632 15.0872
      vertex 31 16.2702 15.1528
      vertex 31 16.1632 15.0872
    endloop
  endfacet
  facet normal 0 -0.64915 0.76066
    outer loop
      vertex 31 16.3657 15.2343
      vertex 33 16.2702 15.1528
      vertex 33 16.3657 15.2343
    endloop
  endfacet
  facet normal 0 -0.64915 0.76066
    outer loop
      vertex 33 16.2702 15.1528
      vertex 31 16.3657 15.2343
      vertex 31 16.2702 15.1528
    endloop
  endfacet
  facet normal 0 1 -0
    outer loop
      vertex 33 18.4 15.8
      vertex 31 18.4 28.2
      vertex 33 18.4 28.2
    endloop
  endfacet
  facet normal 0 1 0
    outer loop
      vertex 31 18.4 28.2
      vertex 33 18.4 15.8
      vertex 31 18.4 15.8
    endloop
  endfacet
  facet normal -0 0.64915 0.76066
    outer loop
      vertex 31 18.7298 15.1528
      vertex 33 18.6343 15.2343
      vertex 33 18.7298 15.1528
    endloop
  endfacet
  facet normal 0 0.64915 0.76066
    outer loop
      vertex 33 18.6343 15.2343
      vertex 31 18.7298 15.1528
      vertex 31 18.6343 15.2343
    endloop
  endfacet
  facet normal 0 0.64915 -0.76066
    outer loop
      vertex 31 18.6343 28.7657
      vertex 33 18.7298 28.8472
      vertex 33 18.6343 28.7657
    endloop
  endfacet
  facet normal 0 0.64915 -0.76066
    outer loop
      vertex 33 18.7298 28.8472
      vertex 31 18.6343 28.7657
      vertex 31 18.7298 28.8472
    endloop
  endfacet
  facet normal 0 -1 0
    outer loop
      vertex 31 20 15.8
      vertex 33 20 28.2
      vertex 31 20 28.2
    endloop
  endfacet
  facet normal 0 -1 -0
    outer loop
      vertex 33 20 28.2
      vertex 31 20 15.8
      vertex 33 20 15.8
    endloop
  endfacet
  facet normal 0 -0.382352 -0.924017
    outer loop
      vertex 31 19.4472 28.9608
      vertex 33 19.5632 28.9128
      vertex 33 19.4472 28.9608
    endloop
  endfacet
  facet normal -0 -0.382352 -0.924017
    outer loop
      vertex 33 19.5632 28.9128
      vertex 31 19.4472 28.9608
      vertex 31 19.5632 28.9128
    endloop
  endfacet
  facet normal 0 0.234096 -0.972214
    outer loop
      vertex 31 18.9528 28.9608
      vertex 33 19.0749 28.9902
      vertex 33 18.9528 28.9608
    endloop
  endfacet
  facet normal 0 0.234096 -0.972214
    outer loop
      vertex 33 19.0749 28.9902
      vertex 31 18.9528 28.9608
      vertex 31 19.0749 28.9902
    endloop
  endfacet
  facet normal 0 0.852533 0.522674
    outer loop
      vertex 33 18.5528 15.3298
      vertex 31 18.4872 15.4368
      vertex 33 18.4872 15.4368
    endloop
  endfacet
  facet normal 0 0.852533 0.522674
    outer loop
      vertex 31 18.4872 15.4368
      vertex 33 18.5528 15.3298
      vertex 31 18.5528 15.3298
    endloop
  endfacet
  facet normal 0 0.996946 0.0780981
    outer loop
      vertex 33 18.4098 15.6749
      vertex 31 18.4 15.8
      vertex 33 18.4 15.8
    endloop
  endfacet
  facet normal 0 0.996946 0.0780981
    outer loop
      vertex 31 18.4 15.8
      vertex 33 18.4098 15.6749
      vertex 31 18.4098 15.6749
    endloop
  endfacet
  facet normal -0 0.234096 0.972214
    outer loop
      vertex 31 19.0749 15.0098
      vertex 33 18.9528 15.0392
      vertex 33 19.0749 15.0098
    endloop
  endfacet
  facet normal 0 0.234096 0.972214
    outer loop
      vertex 33 18.9528 15.0392
      vertex 31 19.0749 15.0098
      vertex 31 18.9528 15.0392
    endloop
  endfacet
  facet normal -0 0.0780981 0.996946
    outer loop
      vertex 31 19.2 15
      vertex 33 19.0749 15.0098
      vertex 33 19.2 15
    endloop
  endfacet
  facet normal 0 0.0780981 0.996946
    outer loop
      vertex 33 19.0749 15.0098
      vertex 31 19.2 15
      vertex 31 19.0749 15.0098
    endloop
  endfacet
  facet normal 0 -0.0780981 -0.996946
    outer loop
      vertex 31 19.2 29
      vertex 33 19.3251 28.9902
      vertex 33 19.2 29
    endloop
  endfacet
  facet normal -0 -0.0780981 -0.996946
    outer loop
      vertex 33 19.3251 28.9902
      vertex 31 19.2 29
      vertex 31 19.3251 28.9902
    endloop
  endfacet
  facet normal 0 -0.972214 -0.234096
    outer loop
      vertex 31 19.9902 28.3251
      vertex 33 19.9608 28.4472
      vertex 31 19.9608 28.4472
    endloop
  endfacet
  facet normal 0 -0.972214 -0.234096
    outer loop
      vertex 33 19.9608 28.4472
      vertex 31 19.9902 28.3251
      vertex 33 19.9902 28.3251
    endloop
  endfacet
  facet normal 0 -0.924017 -0.382352
    outer loop
      vertex 31 19.9608 28.4472
      vertex 33 19.9128 28.5632
      vertex 31 19.9128 28.5632
    endloop
  endfacet
  facet normal 0 -0.924017 -0.382352
    outer loop
      vertex 33 19.9128 28.5632
      vertex 31 19.9608 28.4472
      vertex 33 19.9608 28.4472
    endloop
  endfacet
  facet normal 0 -0.64915 -0.76066
    outer loop
      vertex 31 19.6702 28.8472
      vertex 33 19.7657 28.7657
      vertex 33 19.6702 28.8472
    endloop
  endfacet
  facet normal -0 -0.64915 -0.76066
    outer loop
      vertex 33 19.7657 28.7657
      vertex 31 19.6702 28.8472
      vertex 31 19.7657 28.7657
    endloop
  endfacet
  facet normal 0 0.996946 -0.0780981
    outer loop
      vertex 33 18.4 28.2
      vertex 31 18.4098 28.3251
      vertex 33 18.4098 28.3251
    endloop
  endfacet
  facet normal 0 0.996946 -0.0780981
    outer loop
      vertex 31 18.4098 28.3251
      vertex 33 18.4 28.2
      vertex 31 18.4 28.2
    endloop
  endfacet
  facet normal 0 0.76066 -0.64915
    outer loop
      vertex 33 18.5528 28.6702
      vertex 31 18.6343 28.7657
      vertex 33 18.6343 28.7657
    endloop
  endfacet
  facet normal 0 0.76066 -0.64915
    outer loop
      vertex 31 18.6343 28.7657
      vertex 33 18.5528 28.6702
      vertex 31 18.5528 28.6702
    endloop
  endfacet
  facet normal 0 0.852533 -0.522674
    outer loop
      vertex 33 18.4872 28.5632
      vertex 31 18.5528 28.6702
      vertex 33 18.5528 28.6702
    endloop
  endfacet
  facet normal 0 0.852533 -0.522674
    outer loop
      vertex 31 18.5528 28.6702
      vertex 33 18.4872 28.5632
      vertex 31 18.4872 28.5632
    endloop
  endfacet
  facet normal 0 0.382352 -0.924017
    outer loop
      vertex 31 18.8368 28.9128
      vertex 33 18.9528 28.9608
      vertex 33 18.8368 28.9128
    endloop
  endfacet
  facet normal 0 0.382352 -0.924017
    outer loop
      vertex 33 18.9528 28.9608
      vertex 31 18.8368 28.9128
      vertex 31 18.9528 28.9608
    endloop
  endfacet
  facet normal 0 0.0780981 -0.996946
    outer loop
      vertex 31 19.0749 28.9902
      vertex 33 19.2 29
      vertex 33 19.0749 28.9902
    endloop
  endfacet
  facet normal 0 0.0780981 -0.996946
    outer loop
      vertex 33 19.2 29
      vertex 31 19.0749 28.9902
      vertex 31 19.2 29
    endloop
  endfacet
  facet normal 0 0.972214 0.234096
    outer loop
      vertex 33 18.4392 15.5528
      vertex 31 18.4098 15.6749
      vertex 33 18.4098 15.6749
    endloop
  endfacet
  facet normal 0 0.972214 0.234096
    outer loop
      vertex 31 18.4098 15.6749
      vertex 33 18.4392 15.5528
      vertex 31 18.4392 15.5528
    endloop
  endfacet
  facet normal 0 0.76066 0.64915
    outer loop
      vertex 33 18.6343 15.2343
      vertex 31 18.5528 15.3298
      vertex 33 18.5528 15.3298
    endloop
  endfacet
  facet normal 0 0.76066 0.64915
    outer loop
      vertex 31 18.5528 15.3298
      vertex 33 18.6343 15.2343
      vertex 31 18.6343 15.2343
    endloop
  endfacet
  facet normal 0 -0.0780981 0.996946
    outer loop
      vertex 31 19.3251 15.0098
      vertex 33 19.2 15
      vertex 33 19.3251 15.0098
    endloop
  endfacet
  facet normal 0 -0.0780981 0.996946
    outer loop
      vertex 33 19.2 15
      vertex 31 19.3251 15.0098
      vertex 31 19.2 15
    endloop
  endfacet
  facet normal -0 0.382352 0.924017
    outer loop
      vertex 31 18.9528 15.0392
      vertex 33 18.8368 15.0872
      vertex 33 18.9528 15.0392
    endloop
  endfacet
  facet normal 0 0.382352 0.924017
    outer loop
      vertex 33 18.8368 15.0872
      vertex 31 18.9528 15.0392
      vertex 31 18.8368 15.0872
    endloop
  endfacet
  facet normal 0 -0.234096 0.972214
    outer loop
      vertex 31 19.4472 15.0392
      vertex 33 19.3251 15.0098
      vertex 33 19.4472 15.0392
    endloop
  endfacet
  facet normal 0 -0.234096 0.972214
    outer loop
      vertex 33 19.3251 15.0098
      vertex 31 19.4472 15.0392
      vertex 31 19.3251 15.0098
    endloop
  endfacet
  facet normal 0 -0.972214 0.234096
    outer loop
      vertex 31 19.9608 15.5528
      vertex 33 19.9902 15.6749
      vertex 31 19.9902 15.6749
    endloop
  endfacet
  facet normal 0 -0.972214 0.234096
    outer loop
      vertex 33 19.9902 15.6749
      vertex 31 19.9608 15.5528
      vertex 33 19.9608 15.5528
    endloop
  endfacet
  facet normal 0 -0.382352 0.924017
    outer loop
      vertex 31 19.5632 15.0872
      vertex 33 19.4472 15.0392
      vertex 33 19.5632 15.0872
    endloop
  endfacet
  facet normal 0 -0.382352 0.924017
    outer loop
      vertex 33 19.4472 15.0392
      vertex 31 19.5632 15.0872
      vertex 31 19.4472 15.0392
    endloop
  endfacet
  facet normal 0 -0.522674 0.852533
    outer loop
      vertex 31 19.6702 15.1528
      vertex 33 19.5632 15.0872
      vertex 33 19.6702 15.1528
    endloop
  endfacet
  facet normal 0 -0.522674 0.852533
    outer loop
      vertex 33 19.5632 15.0872
      vertex 31 19.6702 15.1528
      vertex 31 19.5632 15.0872
    endloop
  endfacet
  facet normal 0 -0.234096 -0.972214
    outer loop
      vertex 31 19.3251 28.9902
      vertex 33 19.4472 28.9608
      vertex 33 19.3251 28.9902
    endloop
  endfacet
  facet normal -0 -0.234096 -0.972214
    outer loop
      vertex 33 19.4472 28.9608
      vertex 31 19.3251 28.9902
      vertex 31 19.4472 28.9608
    endloop
  endfacet
  facet normal 0 -0.996946 -0.0780981
    outer loop
      vertex 31 20 28.2
      vertex 33 19.9902 28.3251
      vertex 31 19.9902 28.3251
    endloop
  endfacet
  facet normal 0 -0.996946 -0.0780981
    outer loop
      vertex 33 19.9902 28.3251
      vertex 31 20 28.2
      vertex 33 20 28.2
    endloop
  endfacet
  facet normal 0 -0.76066 -0.64915
    outer loop
      vertex 31 19.8472 28.6702
      vertex 33 19.7657 28.7657
      vertex 31 19.7657 28.7657
    endloop
  endfacet
  facet normal 0 -0.76066 -0.64915
    outer loop
      vertex 33 19.7657 28.7657
      vertex 31 19.8472 28.6702
      vertex 33 19.8472 28.6702
    endloop
  endfacet
  facet normal 0 -0.852533 -0.522674
    outer loop
      vertex 31 19.9128 28.5632
      vertex 33 19.8472 28.6702
      vertex 31 19.8472 28.6702
    endloop
  endfacet
  facet normal 0 -0.852533 -0.522674
    outer loop
      vertex 33 19.8472 28.6702
      vertex 31 19.9128 28.5632
      vertex 33 19.9128 28.5632
    endloop
  endfacet
  facet normal 0 -0.522674 -0.852533
    outer loop
      vertex 31 19.5632 28.9128
      vertex 33 19.6702 28.8472
      vertex 33 19.5632 28.9128
    endloop
  endfacet
  facet normal -0 -0.522674 -0.852533
    outer loop
      vertex 33 19.6702 28.8472
      vertex 31 19.5632 28.9128
      vertex 31 19.6702 28.8472
    endloop
  endfacet
  facet normal 0 0.924017 -0.382352
    outer loop
      vertex 33 18.4392 28.4472
      vertex 31 18.4872 28.5632
      vertex 33 18.4872 28.5632
    endloop
  endfacet
  facet normal 0 0.924017 -0.382352
    outer loop
      vertex 31 18.4872 28.5632
      vertex 33 18.4392 28.4472
      vertex 31 18.4392 28.4472
    endloop
  endfacet
  facet normal 0 0.972214 -0.234096
    outer loop
      vertex 33 18.4098 28.3251
      vertex 31 18.4392 28.4472
      vertex 33 18.4392 28.4472
    endloop
  endfacet
  facet normal 0 0.972214 -0.234096
    outer loop
      vertex 31 18.4392 28.4472
      vertex 33 18.4098 28.3251
      vertex 31 18.4098 28.3251
    endloop
  endfacet
  facet normal 0 0.522674 -0.852533
    outer loop
      vertex 31 18.7298 28.8472
      vertex 33 18.8368 28.9128
      vertex 33 18.7298 28.8472
    endloop
  endfacet
  facet normal 0 0.522674 -0.852533
    outer loop
      vertex 33 18.8368 28.9128
      vertex 31 18.7298 28.8472
      vertex 31 18.8368 28.9128
    endloop
  endfacet
  facet normal 0 0.924017 0.382352
    outer loop
      vertex 33 18.4872 15.4368
      vertex 31 18.4392 15.5528
      vertex 33 18.4392 15.5528
    endloop
  endfacet
  facet normal 0 0.924017 0.382352
    outer loop
      vertex 31 18.4392 15.5528
      vertex 33 18.4872 15.4368
      vertex 31 18.4872 15.4368
    endloop
  endfacet
  facet normal -0 0.522674 0.852533
    outer loop
      vertex 31 18.8368 15.0872
      vertex 33 18.7298 15.1528
      vertex 33 18.8368 15.0872
    endloop
  endfacet
  facet normal 0 0.522674 0.852533
    outer loop
      vertex 33 18.7298 15.1528
      vertex 31 18.8368 15.0872
      vertex 31 18.7298 15.1528
    endloop
  endfacet
  facet normal 0 -0.76066 0.64915
    outer loop
      vertex 31 19.7657 15.2343
      vertex 33 19.8472 15.3298
      vertex 31 19.8472 15.3298
    endloop
  endfacet
  facet normal 0 -0.76066 0.64915
    outer loop
      vertex 33 19.8472 15.3298
      vertex 31 19.7657 15.2343
      vertex 33 19.7657 15.2343
    endloop
  endfacet
  facet normal 0 -0.924017 0.382352
    outer loop
      vertex 31 19.9128 15.4368
      vertex 33 19.9608 15.5528
      vertex 31 19.9608 15.5528
    endloop
  endfacet
  facet normal 0 -0.924017 0.382352
    outer loop
      vertex 33 19.9608 15.5528
      vertex 31 19.9128 15.4368
      vertex 33 19.9128 15.4368
    endloop
  endfacet
  facet normal 0 -0.996946 0.0780981
    outer loop
      vertex 31 19.9902 15.6749
      vertex 33 20 15.8
      vertex 31 20 15.8
    endloop
  endfacet
  facet normal 0 -0.996946 0.0780981
    outer loop
      vertex 33 20 15.8
      vertex 31 19.9902 15.6749
      vertex 33 19.9902 15.6749
    endloop
  endfacet
  facet normal 0 -0.64915 0.76066
    outer loop
      vertex 31 19.7657 15.2343
      vertex 33 19.6702 15.1528
      vertex 33 19.7657 15.2343
    endloop
  endfacet
  facet normal 0 -0.64915 0.76066
    outer loop
      vertex 33 19.6702 15.1528
      vertex 31 19.7657 15.2343
      vertex 31 19.6702 15.1528
    endloop
  endfacet
  facet normal 0 -0.852533 0.522674
    outer loop
      vertex 31 19.8472 15.3298
      vertex 33 19.9128 15.4368
      vertex 31 19.9128 15.4368
    endloop
  endfacet
  facet normal 0 -0.852533 0.522674
    outer loop
      vertex 33 19.9128 15.4368
      vertex 31 19.8472 15.3298
      vertex 33 19.8472 15.3298
    endloop
  endfacet
  facet normal 0 1 -0
    outer loop
      vertex 33 21.8 15.8
      vertex 31 21.8 28.2
      vertex 33 21.8 28.2
    endloop
  endfacet
  facet normal 0 1 0
    outer loop
      vertex 31 21.8 28.2
      vertex 33 21.8 15.8
      vertex 31 21.8 15.8
    endloop
  endfacet
  facet normal -0 0.64915 0.76066
    outer loop
      vertex 31 22.1298 15.1528
      vertex 33 22.0343 15.2343
      vertex 33 22.1298 15.1528
    endloop
  endfacet
  facet normal 0 0.64915 0.76066
    outer loop
      vertex 33 22.0343 15.2343
      vertex 31 22.1298 15.1528
      vertex 31 22.0343 15.2343
    endloop
  endfacet
  facet normal 0 -0.234096 -0.972214
    outer loop
      vertex 31 22.7251 28.9902
      vertex 33 22.8472 28.9608
      vertex 33 22.7251 28.9902
    endloop
  endfacet
  facet normal -0 -0.234096 -0.972214
    outer loop
      vertex 33 22.8472 28.9608
      vertex 31 22.7251 28.9902
      vertex 31 22.8472 28.9608
    endloop
  endfacet
  facet normal 0 0.64915 -0.76066
    outer loop
      vertex 31 22.0343 28.7657
      vertex 33 22.1298 28.8472
      vertex 33 22.0343 28.7657
    endloop
  endfacet
  facet normal 0 0.64915 -0.76066
    outer loop
      vertex 33 22.1298 28.8472
      vertex 31 22.0343 28.7657
      vertex 31 22.1298 28.8472
    endloop
  endfacet
  facet normal 0 -1 0
    outer loop
      vertex 31 23.4 15.8
      vertex 33 23.4 28.2
      vertex 31 23.4 28.2
    endloop
  endfacet
  facet normal 0 -1 -0
    outer loop
      vertex 33 23.4 28.2
      vertex 31 23.4 15.8
      vertex 33 23.4 15.8
    endloop
  endfacet
  facet normal 0 -0.76066 -0.64915
    outer loop
      vertex 31 23.2472 28.6702
      vertex 33 23.1657 28.7657
      vertex 31 23.1657 28.7657
    endloop
  endfacet
  facet normal 0 -0.76066 -0.64915
    outer loop
      vertex 33 23.1657 28.7657
      vertex 31 23.2472 28.6702
      vertex 33 23.2472 28.6702
    endloop
  endfacet
  facet normal 0 -0.382352 -0.924017
    outer loop
      vertex 31 22.8472 28.9608
      vertex 33 22.9632 28.9128
      vertex 33 22.8472 28.9608
    endloop
  endfacet
  facet normal -0 -0.382352 -0.924017
    outer loop
      vertex 33 22.9632 28.9128
      vertex 31 22.8472 28.9608
      vertex 31 22.9632 28.9128
    endloop
  endfacet
  facet normal 0 0.972214 -0.234096
    outer loop
      vertex 33 21.8098 28.3251
      vertex 31 21.8392 28.4472
      vertex 33 21.8392 28.4472
    endloop
  endfacet
  facet normal 0 0.972214 -0.234096
    outer loop
      vertex 31 21.8392 28.4472
      vertex 33 21.8098 28.3251
      vertex 31 21.8098 28.3251
    endloop
  endfacet
  facet normal 0 0.234096 -0.972214
    outer loop
      vertex 31 22.3528 28.9608
      vertex 33 22.4749 28.9902
      vertex 33 22.3528 28.9608
    endloop
  endfacet
  facet normal 0 0.234096 -0.972214
    outer loop
      vertex 33 22.4749 28.9902
      vertex 31 22.3528 28.9608
      vertex 31 22.4749 28.9902
    endloop
  endfacet
  facet normal 0 0.996946 0.0780981
    outer loop
      vertex 33 21.8098 15.6749
      vertex 31 21.8 15.8
      vertex 33 21.8 15.8
    endloop
  endfacet
  facet normal 0 0.996946 0.0780981
    outer loop
      vertex 31 21.8 15.8
      vertex 33 21.8098 15.6749
      vertex 31 21.8098 15.6749
    endloop
  endfacet
  facet normal -0 0.234096 0.972214
    outer loop
      vertex 31 22.4749 15.0098
      vertex 33 22.3528 15.0392
      vertex 33 22.4749 15.0098
    endloop
  endfacet
  facet normal 0 0.234096 0.972214
    outer loop
      vertex 33 22.3528 15.0392
      vertex 31 22.4749 15.0098
      vertex 31 22.3528 15.0392
    endloop
  endfacet
  facet normal -0 0.0780981 0.996946
    outer loop
      vertex 31 22.6 15
      vertex 33 22.4749 15.0098
      vertex 33 22.6 15
    endloop
  endfacet
  facet normal 0 0.0780981 0.996946
    outer loop
      vertex 33 22.4749 15.0098
      vertex 31 22.6 15
      vertex 31 22.4749 15.0098
    endloop
  endfacet
  facet normal 0 -0.0780981 -0.996946
    outer loop
      vertex 31 22.6 29
      vertex 33 22.7251 28.9902
      vertex 33 22.6 29
    endloop
  endfacet
  facet normal -0 -0.0780981 -0.996946
    outer loop
      vertex 33 22.7251 28.9902
      vertex 31 22.6 29
      vertex 31 22.7251 28.9902
    endloop
  endfacet
  facet normal 0 -0.996946 -0.0780981
    outer loop
      vertex 31 23.4 28.2
      vertex 33 23.3902 28.3251
      vertex 31 23.3902 28.3251
    endloop
  endfacet
  facet normal 0 -0.996946 -0.0780981
    outer loop
      vertex 33 23.3902 28.3251
      vertex 31 23.4 28.2
      vertex 33 23.4 28.2
    endloop
  endfacet
  facet normal 0 -0.924017 -0.382352
    outer loop
      vertex 31 23.3608 28.4472
      vertex 33 23.3128 28.5632
      vertex 31 23.3128 28.5632
    endloop
  endfacet
  facet normal 0 -0.924017 -0.382352
    outer loop
      vertex 33 23.3128 28.5632
      vertex 31 23.3608 28.4472
      vertex 33 23.3608 28.4472
    endloop
  endfacet
  facet normal 0 -0.852533 -0.522674
    outer loop
      vertex 31 23.3128 28.5632
      vertex 33 23.2472 28.6702
      vertex 31 23.2472 28.6702
    endloop
  endfacet
  facet normal 0 -0.852533 -0.522674
    outer loop
      vertex 33 23.2472 28.6702
      vertex 31 23.3128 28.5632
      vertex 33 23.3128 28.5632
    endloop
  endfacet
  facet normal 0 -0.64915 -0.76066
    outer loop
      vertex 31 23.0702 28.8472
      vertex 33 23.1657 28.7657
      vertex 33 23.0702 28.8472
    endloop
  endfacet
  facet normal -0 -0.64915 -0.76066
    outer loop
      vertex 33 23.1657 28.7657
      vertex 31 23.0702 28.8472
      vertex 31 23.1657 28.7657
    endloop
  endfacet
  facet normal 0 0.996946 -0.0780981
    outer loop
      vertex 33 21.8 28.2
      vertex 31 21.8098 28.3251
      vertex 33 21.8098 28.3251
    endloop
  endfacet
  facet normal 0 0.996946 -0.0780981
    outer loop
      vertex 31 21.8098 28.3251
      vertex 33 21.8 28.2
      vertex 31 21.8 28.2
    endloop
  endfacet
  facet normal 0 0.76066 -0.64915
    outer loop
      vertex 33 21.9528 28.6702
      vertex 31 22.0343 28.7657
      vertex 33 22.0343 28.7657
    endloop
  endfacet
  facet normal 0 0.76066 -0.64915
    outer loop
      vertex 31 22.0343 28.7657
      vertex 33 21.9528 28.6702
      vertex 31 21.9528 28.6702
    endloop
  endfacet
  facet normal 0 0.924017 -0.382352
    outer loop
      vertex 33 21.8392 28.4472
      vertex 31 21.8872 28.5632
      vertex 33 21.8872 28.5632
    endloop
  endfacet
  facet normal 0 0.924017 -0.382352
    outer loop
      vertex 31 21.8872 28.5632
      vertex 33 21.8392 28.4472
      vertex 31 21.8392 28.4472
    endloop
  endfacet
  facet normal 0 0.382352 -0.924017
    outer loop
      vertex 31 22.2368 28.9128
      vertex 33 22.3528 28.9608
      vertex 33 22.2368 28.9128
    endloop
  endfacet
  facet normal 0 0.382352 -0.924017
    outer loop
      vertex 33 22.3528 28.9608
      vertex 31 22.2368 28.9128
      vertex 31 22.3528 28.9608
    endloop
  endfacet
  facet normal 0 0.0780981 -0.996946
    outer loop
      vertex 31 22.4749 28.9902
      vertex 33 22.6 29
      vertex 33 22.4749 28.9902
    endloop
  endfacet
  facet normal 0 0.0780981 -0.996946
    outer loop
      vertex 33 22.6 29
      vertex 31 22.4749 28.9902
      vertex 31 22.6 29
    endloop
  endfacet
  facet normal 0 0.972214 0.234096
    outer loop
      vertex 33 21.8392 15.5528
      vertex 31 21.8098 15.6749
      vertex 33 21.8098 15.6749
    endloop
  endfacet
  facet normal 0 0.972214 0.234096
    outer loop
      vertex 31 21.8098 15.6749
      vertex 33 21.8392 15.5528
      vertex 31 21.8392 15.5528
    endloop
  endfacet
  facet normal 0 0.76066 0.64915
    outer loop
      vertex 33 22.0343 15.2343
      vertex 31 21.9528 15.3298
      vertex 33 21.9528 15.3298
    endloop
  endfacet
  facet normal 0 0.76066 0.64915
    outer loop
      vertex 31 21.9528 15.3298
      vertex 33 22.0343 15.2343
      vertex 31 22.0343 15.2343
    endloop
  endfacet
  facet normal 0 0.924017 0.382352
    outer loop
      vertex 33 21.8872 15.4368
      vertex 31 21.8392 15.5528
      vertex 33 21.8392 15.5528
    endloop
  endfacet
  facet normal 0 0.924017 0.382352
    outer loop
      vertex 31 21.8392 15.5528
      vertex 33 21.8872 15.4368
      vertex 31 21.8872 15.4368
    endloop
  endfacet
  facet normal 0 -0.0780981 0.996946
    outer loop
      vertex 31 22.7251 15.0098
      vertex 33 22.6 15
      vertex 33 22.7251 15.0098
    endloop
  endfacet
  facet normal 0 -0.0780981 0.996946
    outer loop
      vertex 33 22.6 15
      vertex 31 22.7251 15.0098
      vertex 31 22.6 15
    endloop
  endfacet
  facet normal -0 0.382352 0.924017
    outer loop
      vertex 31 22.3528 15.0392
      vertex 33 22.2368 15.0872
      vertex 33 22.3528 15.0392
    endloop
  endfacet
  facet normal 0 0.382352 0.924017
    outer loop
      vertex 33 22.2368 15.0872
      vertex 31 22.3528 15.0392
      vertex 31 22.2368 15.0872
    endloop
  endfacet
  facet normal 0 -0.234096 0.972214
    outer loop
      vertex 31 22.8472 15.0392
      vertex 33 22.7251 15.0098
      vertex 33 22.8472 15.0392
    endloop
  endfacet
  facet normal 0 -0.234096 0.972214
    outer loop
      vertex 33 22.7251 15.0098
      vertex 31 22.8472 15.0392
      vertex 31 22.7251 15.0098
    endloop
  endfacet
  facet normal 0 -0.852533 0.522674
    outer loop
      vertex 31 23.2472 15.3298
      vertex 33 23.3128 15.4368
      vertex 31 23.3128 15.4368
    endloop
  endfacet
  facet normal 0 -0.852533 0.522674
    outer loop
      vertex 33 23.3128 15.4368
      vertex 31 23.2472 15.3298
      vertex 33 23.2472 15.3298
    endloop
  endfacet
  facet normal 0 -0.972214 0.234096
    outer loop
      vertex 31 23.3608 15.5528
      vertex 33 23.3902 15.6749
      vertex 31 23.3902 15.6749
    endloop
  endfacet
  facet normal 0 -0.972214 0.234096
    outer loop
      vertex 33 23.3902 15.6749
      vertex 31 23.3608 15.5528
      vertex 33 23.3608 15.5528
    endloop
  endfacet
  facet normal 0 -0.382352 0.924017
    outer loop
      vertex 31 22.9632 15.0872
      vertex 33 22.8472 15.0392
      vertex 33 22.9632 15.0872
    endloop
  endfacet
  facet normal 0 -0.382352 0.924017
    outer loop
      vertex 33 22.8472 15.0392
      vertex 31 22.9632 15.0872
      vertex 31 22.8472 15.0392
    endloop
  endfacet
  facet normal 0 -0.972214 -0.234096
    outer loop
      vertex 31 23.3902 28.3251
      vertex 33 23.3608 28.4472
      vertex 31 23.3608 28.4472
    endloop
  endfacet
  facet normal 0 -0.972214 -0.234096
    outer loop
      vertex 33 23.3608 28.4472
      vertex 31 23.3902 28.3251
      vertex 33 23.3902 28.3251
    endloop
  endfacet
  facet normal 0 -0.522674 -0.852533
    outer loop
      vertex 31 22.9632 28.9128
      vertex 33 23.0702 28.8472
      vertex 33 22.9632 28.9128
    endloop
  endfacet
  facet normal -0 -0.522674 -0.852533
    outer loop
      vertex 33 23.0702 28.8472
      vertex 31 22.9632 28.9128
      vertex 31 23.0702 28.8472
    endloop
  endfacet
  facet normal 0 0.852533 -0.522674
    outer loop
      vertex 33 21.8872 28.5632
      vertex 31 21.9528 28.6702
      vertex 33 21.9528 28.6702
    endloop
  endfacet
  facet normal 0 0.852533 -0.522674
    outer loop
      vertex 31 21.9528 28.6702
      vertex 33 21.8872 28.5632
      vertex 31 21.8872 28.5632
    endloop
  endfacet
  facet normal 0 0.522674 -0.852533
    outer loop
      vertex 31 22.1298 28.8472
      vertex 33 22.2368 28.9128
      vertex 33 22.1298 28.8472
    endloop
  endfacet
  facet normal 0 0.522674 -0.852533
    outer loop
      vertex 33 22.2368 28.9128
      vertex 31 22.1298 28.8472
      vertex 31 22.2368 28.9128
    endloop
  endfacet
  facet normal 0 0.852533 0.522674
    outer loop
      vertex 33 21.9528 15.3298
      vertex 31 21.8872 15.4368
      vertex 33 21.8872 15.4368
    endloop
  endfacet
  facet normal 0 0.852533 0.522674
    outer loop
      vertex 31 21.8872 15.4368
      vertex 33 21.9528 15.3298
      vertex 31 21.9528 15.3298
    endloop
  endfacet
  facet normal -0 0.522674 0.852533
    outer loop
      vertex 31 22.2368 15.0872
      vertex 33 22.1298 15.1528
      vertex 33 22.2368 15.0872
    endloop
  endfacet
  facet normal 0 0.522674 0.852533
    outer loop
      vertex 33 22.1298 15.1528
      vertex 31 22.2368 15.0872
      vertex 31 22.1298 15.1528
    endloop
  endfacet
  facet normal 0 -0.924017 0.382352
    outer loop
      vertex 31 23.3128 15.4368
      vertex 33 23.3608 15.5528
      vertex 31 23.3608 15.5528
    endloop
  endfacet
  facet normal 0 -0.924017 0.382352
    outer loop
      vertex 33 23.3608 15.5528
      vertex 31 23.3128 15.4368
      vertex 33 23.3128 15.4368
    endloop
  endfacet
  facet normal 0 -0.996946 0.0780981
    outer loop
      vertex 31 23.3902 15.6749
      vertex 33 23.4 15.8
      vertex 31 23.4 15.8
    endloop
  endfacet
  facet normal 0 -0.996946 0.0780981
    outer loop
      vertex 33 23.4 15.8
      vertex 31 23.3902 15.6749
      vertex 33 23.3902 15.6749
    endloop
  endfacet
  facet normal 0 -0.76066 0.64915
    outer loop
      vertex 31 23.1657 15.2343
      vertex 33 23.2472 15.3298
      vertex 31 23.2472 15.3298
    endloop
  endfacet
  facet normal 0 -0.76066 0.64915
    outer loop
      vertex 33 23.2472 15.3298
      vertex 31 23.1657 15.2343
      vertex 33 23.1657 15.2343
    endloop
  endfacet
  facet normal 0 -0.522674 0.852533
    outer loop
      vertex 31 23.0702 15.1528
      vertex 33 22.9632 15.0872
      vertex 33 23.0702 15.1528
    endloop
  endfacet
  facet normal 0 -0.522674 0.852533
    outer loop
      vertex 33 22.9632 15.0872
      vertex 31 23.0702 15.1528
      vertex 31 22.9632 15.0872
    endloop
  endfacet
  facet normal 0 -0.64915 0.76066
    outer loop
      vertex 31 23.1657 15.2343
      vertex 33 23.0702 15.1528
      vertex 33 23.1657 15.2343
    endloop
  endfacet
  facet normal 0 -0.64915 0.76066
    outer loop
      vertex 33 23.0702 15.1528
      vertex 31 23.1657 15.2343
      vertex 31 23.0702 15.1528
    endloop
  endfacet
  facet normal 0 1 -0
    outer loop
      vertex 33 25.2 15.8
      vertex 31 25.2 28.2
      vertex 33 25.2 28.2
    endloop
  endfacet
  facet normal 0 1 0
    outer loop
      vertex 31 25.2 28.2
      vertex 33 25.2 15.8
      vertex 31 25.2 15.8
    endloop
  endfacet
  facet normal -0 0.64915 0.76066
    outer loop
      vertex 31 25.5298 15.1528
      vertex 33 25.4343 15.2343
      vertex 33 25.5298 15.1528
    endloop
  endfacet
  facet normal 0 0.64915 0.76066
    outer loop
      vertex 33 25.4343 15.2343
      vertex 31 25.5298 15.1528
      vertex 31 25.4343 15.2343
    endloop
  endfacet
  facet normal 0 -0.234096 -0.972214
    outer loop
      vertex 31 26.1251 28.9902
      vertex 33 26.2472 28.9608
      vertex 33 26.1251 28.9902
    endloop
  endfacet
  facet normal -0 -0.234096 -0.972214
    outer loop
      vertex 33 26.2472 28.9608
      vertex 31 26.1251 28.9902
      vertex 31 26.2472 28.9608
    endloop
  endfacet
  facet normal 0 0.64915 -0.76066
    outer loop
      vertex 31 25.4343 28.7657
      vertex 33 25.5298 28.8472
      vertex 33 25.4343 28.7657
    endloop
  endfacet
  facet normal 0 0.64915 -0.76066
    outer loop
      vertex 33 25.5298 28.8472
      vertex 31 25.4343 28.7657
      vertex 31 25.5298 28.8472
    endloop
  endfacet
  facet normal 0 -1 0
    outer loop
      vertex 31 26.8 15.8
      vertex 33 26.8 28.2
      vertex 31 26.8 28.2
    endloop
  endfacet
  facet normal 0 -1 -0
    outer loop
      vertex 33 26.8 28.2
      vertex 31 26.8 15.8
      vertex 33 26.8 15.8
    endloop
  endfacet
  facet normal 0 -0.382352 -0.924017
    outer loop
      vertex 31 26.2472 28.9608
      vertex 33 26.3632 28.9128
      vertex 33 26.2472 28.9608
    endloop
  endfacet
  facet normal -0 -0.382352 -0.924017
    outer loop
      vertex 33 26.3632 28.9128
      vertex 31 26.2472 28.9608
      vertex 31 26.3632 28.9128
    endloop
  endfacet
  facet normal 0 0.972214 -0.234096
    outer loop
      vertex 33 25.2098 28.3251
      vertex 31 25.2392 28.4472
      vertex 33 25.2392 28.4472
    endloop
  endfacet
  facet normal 0 0.972214 -0.234096
    outer loop
      vertex 31 25.2392 28.4472
      vertex 33 25.2098 28.3251
      vertex 31 25.2098 28.3251
    endloop
  endfacet
  facet normal 0 0.234096 -0.972214
    outer loop
      vertex 31 25.7528 28.9608
      vertex 33 25.8749 28.9902
      vertex 33 25.7528 28.9608
    endloop
  endfacet
  facet normal 0 0.234096 -0.972214
    outer loop
      vertex 33 25.8749 28.9902
      vertex 31 25.7528 28.9608
      vertex 31 25.8749 28.9902
    endloop
  endfacet
  facet normal 0 0.924017 0.382352
    outer loop
      vertex 33 25.2872 15.4368
      vertex 31 25.2392 15.5528
      vertex 33 25.2392 15.5528
    endloop
  endfacet
  facet normal 0 0.924017 0.382352
    outer loop
      vertex 31 25.2392 15.5528
      vertex 33 25.2872 15.4368
      vertex 31 25.2872 15.4368
    endloop
  endfacet
  facet normal 0 0.996946 0.0780981
    outer loop
      vertex 33 25.2098 15.6749
      vertex 31 25.2 15.8
      vertex 33 25.2 15.8
    endloop
  endfacet
  facet normal 0 0.996946 0.0780981
    outer loop
      vertex 31 25.2 15.8
      vertex 33 25.2098 15.6749
      vertex 31 25.2098 15.6749
    endloop
  endfacet
  facet normal -0 0.234096 0.972214
    outer loop
      vertex 31 25.8749 15.0098
      vertex 33 25.7528 15.0392
      vertex 33 25.8749 15.0098
    endloop
  endfacet
  facet normal 0 0.234096 0.972214
    outer loop
      vertex 33 25.7528 15.0392
      vertex 31 25.8749 15.0098
      vertex 31 25.7528 15.0392
    endloop
  endfacet
  facet normal -0 0.0780981 0.996946
    outer loop
      vertex 31 26 15
      vertex 33 25.8749 15.0098
      vertex 33 26 15
    endloop
  endfacet
  facet normal 0 0.0780981 0.996946
    outer loop
      vertex 33 25.8749 15.0098
      vertex 31 26 15
      vertex 31 25.8749 15.0098
    endloop
  endfacet
  facet normal 0 -0.0780981 -0.996946
    outer loop
      vertex 31 26 29
      vertex 33 26.1251 28.9902
      vertex 33 26 29
    endloop
  endfacet
  facet normal -0 -0.0780981 -0.996946
    outer loop
      vertex 33 26.1251 28.9902
      vertex 31 26 29
      vertex 31 26.1251 28.9902
    endloop
  endfacet
  facet normal 0 -0.996883 -0.07889
    outer loop
      vertex 31 26.8 28.2
      vertex 33 26.7901 28.3251
      vertex 31 26.7901 28.3251
    endloop
  endfacet
  facet normal 0 -0.996883 -0.07889
    outer loop
      vertex 33 26.7901 28.3251
      vertex 31 26.8 28.2
      vertex 33 26.8 28.2
    endloop
  endfacet
  facet normal 0 -0.972395 -0.233343
    outer loop
      vertex 31 26.7901 28.3251
      vertex 33 26.7608 28.4472
      vertex 31 26.7608 28.4472
    endloop
  endfacet
  facet normal 0 -0.972395 -0.233343
    outer loop
      vertex 33 26.7608 28.4472
      vertex 31 26.7901 28.3251
      vertex 33 26.7901 28.3251
    endloop
  endfacet
  facet normal 0 -0.924017 -0.382352
    outer loop
      vertex 31 26.7608 28.4472
      vertex 33 26.7128 28.5632
      vertex 31 26.7128 28.5632
    endloop
  endfacet
  facet normal 0 -0.924017 -0.382352
    outer loop
      vertex 33 26.7128 28.5632
      vertex 31 26.7608 28.4472
      vertex 33 26.7608 28.4472
    endloop
  endfacet
  facet normal 0 -0.64915 -0.76066
    outer loop
      vertex 31 26.4702 28.8472
      vertex 33 26.5657 28.7657
      vertex 33 26.4702 28.8472
    endloop
  endfacet
  facet normal -0 -0.64915 -0.76066
    outer loop
      vertex 33 26.5657 28.7657
      vertex 31 26.4702 28.8472
      vertex 31 26.5657 28.7657
    endloop
  endfacet
  facet normal 0 0.996946 -0.0780981
    outer loop
      vertex 33 25.2 28.2
      vertex 31 25.2098 28.3251
      vertex 33 25.2098 28.3251
    endloop
  endfacet
  facet normal 0 0.996946 -0.0780981
    outer loop
      vertex 31 25.2098 28.3251
      vertex 33 25.2 28.2
      vertex 31 25.2 28.2
    endloop
  endfacet
  facet normal 0 0.924017 -0.382352
    outer loop
      vertex 33 25.2392 28.4472
      vertex 31 25.2872 28.5632
      vertex 33 25.2872 28.5632
    endloop
  endfacet
  facet normal 0 0.924017 -0.382352
    outer loop
      vertex 31 25.2872 28.5632
      vertex 33 25.2392 28.4472
      vertex 31 25.2392 28.4472
    endloop
  endfacet
  facet normal 0 0.0780981 -0.996946
    outer loop
      vertex 31 25.8749 28.9902
      vertex 33 26 29
      vertex 33 25.8749 28.9902
    endloop
  endfacet
  facet normal 0 0.0780981 -0.996946
    outer loop
      vertex 33 26 29
      vertex 31 25.8749 28.9902
      vertex 31 26 29
    endloop
  endfacet
  facet normal 0 0.972214 0.234096
    outer loop
      vertex 33 25.2392 15.5528
      vertex 31 25.2098 15.6749
      vertex 33 25.2098 15.6749
    endloop
  endfacet
  facet normal 0 0.972214 0.234096
    outer loop
      vertex 31 25.2098 15.6749
      vertex 33 25.2392 15.5528
      vertex 31 25.2392 15.5528
    endloop
  endfacet
  facet normal 0 0.852533 0.522674
    outer loop
      vertex 33 25.3528 15.3298
      vertex 31 25.2872 15.4368
      vertex 33 25.2872 15.4368
    endloop
  endfacet
  facet normal 0 0.852533 0.522674
    outer loop
      vertex 31 25.2872 15.4368
      vertex 33 25.3528 15.3298
      vertex 31 25.3528 15.3298
    endloop
  endfacet
  facet normal 0 -0.0780981 0.996946
    outer loop
      vertex 31 26.1251 15.0098
      vertex 33 26 15
      vertex 33 26.1251 15.0098
    endloop
  endfacet
  facet normal 0 -0.0780981 0.996946
    outer loop
      vertex 33 26 15
      vertex 31 26.1251 15.0098
      vertex 31 26 15
    endloop
  endfacet
  facet normal -0 0.522674 0.852533
    outer loop
      vertex 31 25.6368 15.0872
      vertex 33 25.5298 15.1528
      vertex 33 25.6368 15.0872
    endloop
  endfacet
  facet normal 0 0.522674 0.852533
    outer loop
      vertex 33 25.5298 15.1528
      vertex 31 25.6368 15.0872
      vertex 31 25.5298 15.1528
    endloop
  endfacet
  facet normal 0 -0.234096 0.972214
    outer loop
      vertex 31 26.2472 15.0392
      vertex 33 26.1251 15.0098
      vertex 33 26.2472 15.0392
    endloop
  endfacet
  facet normal 0 -0.234096 0.972214
    outer loop
      vertex 33 26.1251 15.0098
      vertex 31 26.2472 15.0392
      vertex 31 26.1251 15.0098
    endloop
  endfacet
  facet normal 0 -0.972395 0.233343
    outer loop
      vertex 31 26.7608 15.5528
      vertex 33 26.7901 15.6749
      vertex 31 26.7901 15.6749
    endloop
  endfacet
  facet normal 0 -0.972395 0.233343
    outer loop
      vertex 33 26.7901 15.6749
      vertex 31 26.7608 15.5528
      vertex 33 26.7608 15.5528
    endloop
  endfacet
  facet normal 0 -0.382352 0.924017
    outer loop
      vertex 31 26.3632 15.0872
      vertex 33 26.2472 15.0392
      vertex 33 26.3632 15.0872
    endloop
  endfacet
  facet normal 0 -0.382352 0.924017
    outer loop
      vertex 33 26.2472 15.0392
      vertex 31 26.3632 15.0872
      vertex 31 26.2472 15.0392
    endloop
  endfacet
  facet normal 0 -0.522674 0.852533
    outer loop
      vertex 31 26.4702 15.1528
      vertex 33 26.3632 15.0872
      vertex 33 26.4702 15.1528
    endloop
  endfacet
  facet normal 0 -0.522674 0.852533
    outer loop
      vertex 33 26.3632 15.0872
      vertex 31 26.4702 15.1528
      vertex 31 26.3632 15.0872
    endloop
  endfacet
  facet normal 0 -0.76066 -0.64915
    outer loop
      vertex 31 26.6472 28.6702
      vertex 33 26.5657 28.7657
      vertex 31 26.5657 28.7657
    endloop
  endfacet
  facet normal 0 -0.76066 -0.64915
    outer loop
      vertex 33 26.5657 28.7657
      vertex 31 26.6472 28.6702
      vertex 33 26.6472 28.6702
    endloop
  endfacet
  facet normal 0 -0.852533 -0.522674
    outer loop
      vertex 31 26.7128 28.5632
      vertex 33 26.6472 28.6702
      vertex 31 26.6472 28.6702
    endloop
  endfacet
  facet normal 0 -0.852533 -0.522674
    outer loop
      vertex 33 26.6472 28.6702
      vertex 31 26.7128 28.5632
      vertex 33 26.7128 28.5632
    endloop
  endfacet
  facet normal 0 -0.522674 -0.852533
    outer loop
      vertex 31 26.3632 28.9128
      vertex 33 26.4702 28.8472
      vertex 33 26.3632 28.9128
    endloop
  endfacet
  facet normal -0 -0.522674 -0.852533
    outer loop
      vertex 33 26.4702 28.8472
      vertex 31 26.3632 28.9128
      vertex 31 26.4702 28.8472
    endloop
  endfacet
  facet normal 0 0.852533 -0.522674
    outer loop
      vertex 33 25.2872 28.5632
      vertex 31 25.3528 28.6702
      vertex 33 25.3528 28.6702
    endloop
  endfacet
  facet normal 0 0.852533 -0.522674
    outer loop
      vertex 31 25.3528 28.6702
      vertex 33 25.2872 28.5632
      vertex 31 25.2872 28.5632
    endloop
  endfacet
  facet normal 0 0.76066 -0.64915
    outer loop
      vertex 33 25.3528 28.6702
      vertex 31 25.4343 28.7657
      vertex 33 25.4343 28.7657
    endloop
  endfacet
  facet normal 0 0.76066 -0.64915
    outer loop
      vertex 31 25.4343 28.7657
      vertex 33 25.3528 28.6702
      vertex 31 25.3528 28.6702
    endloop
  endfacet
  facet normal 0 0.382352 -0.924017
    outer loop
      vertex 31 25.6368 28.9128
      vertex 33 25.7528 28.9608
      vertex 33 25.6368 28.9128
    endloop
  endfacet
  facet normal 0 0.382352 -0.924017
    outer loop
      vertex 33 25.7528 28.9608
      vertex 31 25.6368 28.9128
      vertex 31 25.7528 28.9608
    endloop
  endfacet
  facet normal 0 0.522674 -0.852533
    outer loop
      vertex 31 25.5298 28.8472
      vertex 33 25.6368 28.9128
      vertex 33 25.5298 28.8472
    endloop
  endfacet
  facet normal 0 0.522674 -0.852533
    outer loop
      vertex 33 25.6368 28.9128
      vertex 31 25.5298 28.8472
      vertex 31 25.6368 28.9128
    endloop
  endfacet
  facet normal 0 0.76066 0.64915
    outer loop
      vertex 33 25.4343 15.2343
      vertex 31 25.3528 15.3298
      vertex 33 25.3528 15.3298
    endloop
  endfacet
  facet normal 0 0.76066 0.64915
    outer loop
      vertex 31 25.3528 15.3298
      vertex 33 25.4343 15.2343
      vertex 31 25.4343 15.2343
    endloop
  endfacet
  facet normal -0 0.382352 0.924017
    outer loop
      vertex 31 25.7528 15.0392
      vertex 33 25.6368 15.0872
      vertex 33 25.7528 15.0392
    endloop
  endfacet
  facet normal 0 0.382352 0.924017
    outer loop
      vertex 33 25.6368 15.0872
      vertex 31 25.7528 15.0392
      vertex 31 25.6368 15.0872
    endloop
  endfacet
  facet normal 0 -0.76066 0.64915
    outer loop
      vertex 31 26.5657 15.2343
      vertex 33 26.6472 15.3298
      vertex 31 26.6472 15.3298
    endloop
  endfacet
  facet normal 0 -0.76066 0.64915
    outer loop
      vertex 33 26.6472 15.3298
      vertex 31 26.5657 15.2343
      vertex 33 26.5657 15.2343
    endloop
  endfacet
  facet normal 0 -0.924017 0.382352
    outer loop
      vertex 31 26.7128 15.4368
      vertex 33 26.7608 15.5528
      vertex 31 26.7608 15.5528
    endloop
  endfacet
  facet normal 0 -0.924017 0.382352
    outer loop
      vertex 33 26.7608 15.5528
      vertex 31 26.7128 15.4368
      vertex 33 26.7128 15.4368
    endloop
  endfacet
  facet normal 0 -0.996883 0.07889
    outer loop
      vertex 31 26.7901 15.6749
      vertex 33 26.8 15.8
      vertex 31 26.8 15.8
    endloop
  endfacet
  facet normal 0 -0.996883 0.07889
    outer loop
      vertex 33 26.8 15.8
      vertex 31 26.7901 15.6749
      vertex 33 26.7901 15.6749
    endloop
  endfacet
  facet normal 0 -0.64915 0.76066
    outer loop
      vertex 31 26.5657 15.2343
      vertex 33 26.4702 15.1528
      vertex 33 26.5657 15.2343
    endloop
  endfacet
  facet normal 0 -0.64915 0.76066
    outer loop
      vertex 33 26.4702 15.1528
      vertex 31 26.5657 15.2343
      vertex 31 26.4702 15.1528
    endloop
  endfacet
  facet normal 0 -0.852533 0.522674
    outer loop
      vertex 31 26.6472 15.3298
      vertex 33 26.7128 15.4368
      vertex 31 26.7128 15.4368
    endloop
  endfacet
  facet normal 0 -0.852533 0.522674
    outer loop
      vertex 33 26.7128 15.4368
      vertex 31 26.6472 15.3298
      vertex 33 26.6472 15.3298
    endloop
  endfacet
  facet normal 0 1 -0
    outer loop
      vertex 33 28.6 15.8
      vertex 31 28.6 28.2
      vertex 33 28.6 28.2
    endloop
  endfacet
  facet normal 0 1 0
    outer loop
      vertex 31 28.6 28.2
      vertex 33 28.6 15.8
      vertex 31 28.6 15.8
    endloop
  endfacet
  facet normal -0 0.64915 0.76066
    outer loop
      vertex 31 28.9298 15.1528
      vertex 33 28.8343 15.2343
      vertex 33 28.9298 15.1528
    endloop
  endfacet
  facet normal 0 0.64915 0.76066
    outer loop
      vertex 33 28.8343 15.2343
      vertex 31 28.9298 15.1528
      vertex 31 28.8343 15.2343
    endloop
  endfacet
  facet normal 0 0.64915 -0.76066
    outer loop
      vertex 31 28.8343 28.7657
      vertex 33 28.9298 28.8472
      vertex 33 28.8343 28.7657
    endloop
  endfacet
  facet normal 0 0.64915 -0.76066
    outer loop
      vertex 33 28.9298 28.8472
      vertex 31 28.8343 28.7657
      vertex 31 28.9298 28.8472
    endloop
  endfacet
  facet normal 0 0.924017 0.382352
    outer loop
      vertex 33 28.6872 15.4368
      vertex 31 28.6392 15.5528
      vertex 33 28.6392 15.5528
    endloop
  endfacet
  facet normal 0 0.924017 0.382352
    outer loop
      vertex 31 28.6392 15.5528
      vertex 33 28.6872 15.4368
      vertex 31 28.6872 15.4368
    endloop
  endfacet
  facet normal 0 -1 0
    outer loop
      vertex 31 30.2 15.8
      vertex 33 30.2 28.2
      vertex 31 30.2 28.2
    endloop
  endfacet
  facet normal 0 -1 -0
    outer loop
      vertex 33 30.2 28.2
      vertex 31 30.2 15.8
      vertex 33 30.2 15.8
    endloop
  endfacet
  facet normal 0 -0.76066 -0.64915
    outer loop
      vertex 31 30.0472 28.6702
      vertex 33 29.9657 28.7657
      vertex 31 29.9657 28.7657
    endloop
  endfacet
  facet normal 0 -0.76066 -0.64915
    outer loop
      vertex 33 29.9657 28.7657
      vertex 31 30.0472 28.6702
      vertex 33 30.0472 28.6702
    endloop
  endfacet
  facet normal 0 -0.382352 -0.924017
    outer loop
      vertex 31 29.6472 28.9608
      vertex 33 29.7632 28.9128
      vertex 33 29.6472 28.9608
    endloop
  endfacet
  facet normal -0 -0.382352 -0.924017
    outer loop
      vertex 33 29.7632 28.9128
      vertex 31 29.6472 28.9608
      vertex 31 29.7632 28.9128
    endloop
  endfacet
  facet normal 0 0.234096 -0.972214
    outer loop
      vertex 31 29.1528 28.9608
      vertex 33 29.2749 28.9902
      vertex 33 29.1528 28.9608
    endloop
  endfacet
  facet normal 0 0.234096 -0.972214
    outer loop
      vertex 33 29.2749 28.9902
      vertex 31 29.1528 28.9608
      vertex 31 29.2749 28.9902
    endloop
  endfacet
  facet normal 0 0.852533 0.522674
    outer loop
      vertex 33 28.7528 15.3298
      vertex 31 28.6872 15.4368
      vertex 33 28.6872 15.4368
    endloop
  endfacet
  facet normal 0 0.852533 0.522674
    outer loop
      vertex 31 28.6872 15.4368
      vertex 33 28.7528 15.3298
      vertex 31 28.7528 15.3298
    endloop
  endfacet
  facet normal 0 0.996946 0.0780981
    outer loop
      vertex 33 28.6098 15.6749
      vertex 31 28.6 15.8
      vertex 33 28.6 15.8
    endloop
  endfacet
  facet normal 0 0.996946 0.0780981
    outer loop
      vertex 31 28.6 15.8
      vertex 33 28.6098 15.6749
      vertex 31 28.6098 15.6749
    endloop
  endfacet
  facet normal -0 0.234096 0.972214
    outer loop
      vertex 31 29.2749 15.0098
      vertex 33 29.1528 15.0392
      vertex 33 29.2749 15.0098
    endloop
  endfacet
  facet normal 0 0.234096 0.972214
    outer loop
      vertex 33 29.1528 15.0392
      vertex 31 29.2749 15.0098
      vertex 31 29.1528 15.0392
    endloop
  endfacet
  facet normal -0 0.0780981 0.996946
    outer loop
      vertex 31 29.4 15
      vertex 33 29.2749 15.0098
      vertex 33 29.4 15
    endloop
  endfacet
  facet normal 0 0.0780981 0.996946
    outer loop
      vertex 33 29.2749 15.0098
      vertex 31 29.4 15
      vertex 31 29.2749 15.0098
    endloop
  endfacet
  facet normal 0 -0.0780981 -0.996946
    outer loop
      vertex 31 29.4 29
      vertex 33 29.5251 28.9902
      vertex 33 29.4 29
    endloop
  endfacet
  facet normal -0 -0.0780981 -0.996946
    outer loop
      vertex 33 29.5251 28.9902
      vertex 31 29.4 29
      vertex 31 29.5251 28.9902
    endloop
  endfacet
  facet normal 0 -0.76066 0.64915
    outer loop
      vertex 31 29.9657 15.2343
      vertex 33 30.0472 15.3298
      vertex 31 30.0472 15.3298
    endloop
  endfacet
  facet normal 0 -0.76066 0.64915
    outer loop
      vertex 33 30.0472 15.3298
      vertex 31 29.9657 15.2343
      vertex 33 29.9657 15.2343
    endloop
  endfacet
  facet normal 0 -0.972214 -0.234096
    outer loop
      vertex 31 30.1902 28.3251
      vertex 33 30.1608 28.4472
      vertex 31 30.1608 28.4472
    endloop
  endfacet
  facet normal 0 -0.972214 -0.234096
    outer loop
      vertex 33 30.1608 28.4472
      vertex 31 30.1902 28.3251
      vertex 33 30.1902 28.3251
    endloop
  endfacet
  facet normal 0 -0.64915 -0.76066
    outer loop
      vertex 31 29.8702 28.8472
      vertex 33 29.9657 28.7657
      vertex 33 29.8702 28.8472
    endloop
  endfacet
  facet normal -0 -0.64915 -0.76066
    outer loop
      vertex 33 29.9657 28.7657
      vertex 31 29.8702 28.8472
      vertex 31 29.9657 28.7657
    endloop
  endfacet
  facet normal 0 0.996946 -0.0780981
    outer loop
      vertex 33 28.6 28.2
      vertex 31 28.6098 28.3251
      vertex 33 28.6098 28.3251
    endloop
  endfacet
  facet normal 0 0.996946 -0.0780981
    outer loop
      vertex 31 28.6098 28.3251
      vertex 33 28.6 28.2
      vertex 31 28.6 28.2
    endloop
  endfacet
  facet normal 0 0.76066 -0.64915
    outer loop
      vertex 33 28.7528 28.6702
      vertex 31 28.8343 28.7657
      vertex 33 28.8343 28.7657
    endloop
  endfacet
  facet normal 0 0.76066 -0.64915
    outer loop
      vertex 31 28.8343 28.7657
      vertex 33 28.7528 28.6702
      vertex 31 28.7528 28.6702
    endloop
  endfacet
  facet normal 0 0.852533 -0.522674
    outer loop
      vertex 33 28.6872 28.5632
      vertex 31 28.7528 28.6702
      vertex 33 28.7528 28.6702
    endloop
  endfacet
  facet normal 0 0.852533 -0.522674
    outer loop
      vertex 31 28.7528 28.6702
      vertex 33 28.6872 28.5632
      vertex 31 28.6872 28.5632
    endloop
  endfacet
  facet normal 0 0.382352 -0.924017
    outer loop
      vertex 31 29.0368 28.9128
      vertex 33 29.1528 28.9608
      vertex 33 29.0368 28.9128
    endloop
  endfacet
  facet normal 0 0.382352 -0.924017
    outer loop
      vertex 33 29.1528 28.9608
      vertex 31 29.0368 28.9128
      vertex 31 29.1528 28.9608
    endloop
  endfacet
  facet normal 0 0.0780981 -0.996946
    outer loop
      vertex 31 29.2749 28.9902
      vertex 33 29.4 29
      vertex 33 29.2749 28.9902
    endloop
  endfacet
  facet normal 0 0.0780981 -0.996946
    outer loop
      vertex 33 29.4 29
      vertex 31 29.2749 28.9902
      vertex 31 29.4 29
    endloop
  endfacet
  facet normal 0 0.972214 0.234096
    outer loop
      vertex 33 28.6392 15.5528
      vertex 31 28.6098 15.6749
      vertex 33 28.6098 15.6749
    endloop
  endfacet
  facet normal 0 0.972214 0.234096
    outer loop
      vertex 31 28.6098 15.6749
      vertex 33 28.6392 15.5528
      vertex 31 28.6392 15.5528
    endloop
  endfacet
  facet normal 0 0.76066 0.64915
    outer loop
      vertex 33 28.8343 15.2343
      vertex 31 28.7528 15.3298
      vertex 33 28.7528 15.3298
    endloop
  endfacet
  facet normal 0 0.76066 0.64915
    outer loop
      vertex 31 28.7528 15.3298
      vertex 33 28.8343 15.2343
      vertex 31 28.8343 15.2343
    endloop
  endfacet
  facet normal 0 -0.0780981 0.996946
    outer loop
      vertex 31 29.5251 15.0098
      vertex 33 29.4 15
      vertex 33 29.5251 15.0098
    endloop
  endfacet
  facet normal 0 -0.0780981 0.996946
    outer loop
      vertex 33 29.4 15
      vertex 31 29.5251 15.0098
      vertex 31 29.4 15
    endloop
  endfacet
  facet normal -0 0.382352 0.924017
    outer loop
      vertex 31 29.1528 15.0392
      vertex 33 29.0368 15.0872
      vertex 33 29.1528 15.0392
    endloop
  endfacet
  facet normal 0 0.382352 0.924017
    outer loop
      vertex 33 29.0368 15.0872
      vertex 31 29.1528 15.0392
      vertex 31 29.0368 15.0872
    endloop
  endfacet
  facet normal 0 -0.234096 0.972214
    outer loop
      vertex 31 29.6472 15.0392
      vertex 33 29.5251 15.0098
      vertex 33 29.6472 15.0392
    endloop
  endfacet
  facet normal 0 -0.234096 0.972214
    outer loop
      vertex 33 29.5251 15.0098
      vertex 31 29.6472 15.0392
      vertex 31 29.5251 15.0098
    endloop
  endfacet
  facet normal 0 -0.852533 0.522674
    outer loop
      vertex 31 30.0472 15.3298
      vertex 33 30.1128 15.4368
      vertex 31 30.1128 15.4368
    endloop
  endfacet
  facet normal 0 -0.852533 0.522674
    outer loop
      vertex 33 30.1128 15.4368
      vertex 31 30.0472 15.3298
      vertex 33 30.0472 15.3298
    endloop
  endfacet
  facet normal 0 -0.972214 0.234096
    outer loop
      vertex 31 30.1608 15.5528
      vertex 33 30.1902 15.6749
      vertex 31 30.1902 15.6749
    endloop
  endfacet
  facet normal 0 -0.972214 0.234096
    outer loop
      vertex 33 30.1902 15.6749
      vertex 31 30.1608 15.5528
      vertex 33 30.1608 15.5528
    endloop
  endfacet
  facet normal 0 -0.382352 0.924017
    outer loop
      vertex 31 29.7632 15.0872
      vertex 33 29.6472 15.0392
      vertex 33 29.7632 15.0872
    endloop
  endfacet
  facet normal 0 -0.382352 0.924017
    outer loop
      vertex 33 29.6472 15.0392
      vertex 31 29.7632 15.0872
      vertex 31 29.6472 15.0392
    endloop
  endfacet
  facet normal 0 -0.234096 -0.972214
    outer loop
      vertex 31 29.5251 28.9902
      vertex 33 29.6472 28.9608
      vertex 33 29.5251 28.9902
    endloop
  endfacet
  facet normal -0 -0.234096 -0.972214
    outer loop
      vertex 33 29.6472 28.9608
      vertex 31 29.5251 28.9902
      vertex 31 29.6472 28.9608
    endloop
  endfacet
  facet normal 0 -0.996946 -0.0780981
    outer loop
      vertex 31 30.2 28.2
      vertex 33 30.1902 28.3251
      vertex 31 30.1902 28.3251
    endloop
  endfacet
  facet normal 0 -0.996946 -0.0780981
    outer loop
      vertex 33 30.1902 28.3251
      vertex 31 30.2 28.2
      vertex 33 30.2 28.2
    endloop
  endfacet
  facet normal 0 -0.852533 -0.522674
    outer loop
      vertex 31 30.1128 28.5632
      vertex 33 30.0472 28.6702
      vertex 31 30.0472 28.6702
    endloop
  endfacet
  facet normal 0 -0.852533 -0.522674
    outer loop
      vertex 33 30.0472 28.6702
      vertex 31 30.1128 28.5632
      vertex 33 30.1128 28.5632
    endloop
  endfacet
  facet normal 0 -0.924017 -0.382352
    outer loop
      vertex 31 30.1608 28.4472
      vertex 33 30.1128 28.5632
      vertex 31 30.1128 28.5632
    endloop
  endfacet
  facet normal 0 -0.924017 -0.382352
    outer loop
      vertex 33 30.1128 28.5632
      vertex 31 30.1608 28.4472
      vertex 33 30.1608 28.4472
    endloop
  endfacet
  facet normal 0 -0.522674 -0.852533
    outer loop
      vertex 31 29.7632 28.9128
      vertex 33 29.8702 28.8472
      vertex 33 29.7632 28.9128
    endloop
  endfacet
  facet normal -0 -0.522674 -0.852533
    outer loop
      vertex 33 29.8702 28.8472
      vertex 31 29.7632 28.9128
      vertex 31 29.8702 28.8472
    endloop
  endfacet
  facet normal 0 0.924017 -0.382352
    outer loop
      vertex 33 28.6392 28.4472
      vertex 31 28.6872 28.5632
      vertex 33 28.6872 28.5632
    endloop
  endfacet
  facet normal 0 0.924017 -0.382352
    outer loop
      vertex 31 28.6872 28.5632
      vertex 33 28.6392 28.4472
      vertex 31 28.6392 28.4472
    endloop
  endfacet
  facet normal 0 0.972214 -0.234096
    outer loop
      vertex 33 28.6098 28.3251
      vertex 31 28.6392 28.4472
      vertex 33 28.6392 28.4472
    endloop
  endfacet
  facet normal 0 0.972214 -0.234096
    outer loop
      vertex 31 28.6392 28.4472
      vertex 33 28.6098 28.3251
      vertex 31 28.6098 28.3251
    endloop
  endfacet
  facet normal 0 0.522674 -0.852533
    outer loop
      vertex 31 28.9298 28.8472
      vertex 33 29.0368 28.9128
      vertex 33 28.9298 28.8472
    endloop
  endfacet
  facet normal 0 0.522674 -0.852533
    outer loop
      vertex 33 29.0368 28.9128
      vertex 31 28.9298 28.8472
      vertex 31 29.0368 28.9128
    endloop
  endfacet
  facet normal -0 0.522674 0.852533
    outer loop
      vertex 31 29.0368 15.0872
      vertex 33 28.9298 15.1528
      vertex 33 29.0368 15.0872
    endloop
  endfacet
  facet normal 0 0.522674 0.852533
    outer loop
      vertex 33 28.9298 15.1528
      vertex 31 29.0368 15.0872
      vertex 31 28.9298 15.1528
    endloop
  endfacet
  facet normal 0 -0.924017 0.382352
    outer loop
      vertex 31 30.1128 15.4368
      vertex 33 30.1608 15.5528
      vertex 31 30.1608 15.5528
    endloop
  endfacet
  facet normal 0 -0.924017 0.382352
    outer loop
      vertex 33 30.1608 15.5528
      vertex 31 30.1128 15.4368
      vertex 33 30.1128 15.4368
    endloop
  endfacet
  facet normal 0 -0.996946 0.0780981
    outer loop
      vertex 31 30.1902 15.6749
      vertex 33 30.2 15.8
      vertex 31 30.2 15.8
    endloop
  endfacet
  facet normal 0 -0.996946 0.0780981
    outer loop
      vertex 33 30.2 15.8
      vertex 31 30.1902 15.6749
      vertex 33 30.1902 15.6749
    endloop
  endfacet
  facet normal 0 -0.522674 0.852533
    outer loop
      vertex 31 29.8702 15.1528
      vertex 33 29.7632 15.0872
      vertex 33 29.8702 15.1528
    endloop
  endfacet
  facet normal 0 -0.522674 0.852533
    outer loop
      vertex 33 29.7632 15.0872
      vertex 31 29.8702 15.1528
      vertex 31 29.7632 15.0872
    endloop
  endfacet
  facet normal 0 -0.64915 0.76066
    outer loop
      vertex 31 29.9657 15.2343
      vertex 33 29.8702 15.1528
      vertex 33 29.9657 15.2343
    endloop
  endfacet
  facet normal 0 -0.64915 0.76066
    outer loop
      vertex 33 29.8702 15.1528
      vertex 31 29.9657 15.2343
      vertex 31 29.8702 15.1528
    endloop
  endfacet
  facet normal 0 1 -0
    outer loop
      vertex 33 32 15.8
      vertex 31 32 28.2
      vertex 33 32 28.2
    endloop
  endfacet
  facet normal 0 1 0
    outer loop
      vertex 31 32 28.2
      vertex 33 32 15.8
      vertex 31 32 15.8
    endloop
  endfacet
  facet normal -0 0.64915 0.76066
    outer loop
      vertex 31 32.3298 15.1528
      vertex 33 32.2343 15.2343
      vertex 33 32.3298 15.1528
    endloop
  endfacet
  facet normal 0 0.64915 0.76066
    outer loop
      vertex 33 32.2343 15.2343
      vertex 31 32.3298 15.1528
      vertex 31 32.2343 15.2343
    endloop
  endfacet
  facet normal 0 -0.234096 -0.972214
    outer loop
      vertex 31 32.9251 28.9902
      vertex 33 33.0472 28.9608
      vertex 33 32.9251 28.9902
    endloop
  endfacet
  facet normal -0 -0.234096 -0.972214
    outer loop
      vertex 33 33.0472 28.9608
      vertex 31 32.9251 28.9902
      vertex 31 33.0472 28.9608
    endloop
  endfacet
  facet normal 0 0.64915 -0.76066
    outer loop
      vertex 31 32.2343 28.7657
      vertex 33 32.3298 28.8472
      vertex 33 32.2343 28.7657
    endloop
  endfacet
  facet normal 0 0.64915 -0.76066
    outer loop
      vertex 33 32.3298 28.8472
      vertex 31 32.2343 28.7657
      vertex 31 32.3298 28.8472
    endloop
  endfacet
  facet normal 0 -1 0
    outer loop
      vertex 31 33.6 15.8
      vertex 33 33.6 28.2
      vertex 31 33.6 28.2
    endloop
  endfacet
  facet normal 0 -1 -0
    outer loop
      vertex 33 33.6 28.2
      vertex 31 33.6 15.8
      vertex 33 33.6 15.8
    endloop
  endfacet
  facet normal 0 -0.76066 -0.64915
    outer loop
      vertex 31 33.4472 28.6702
      vertex 33 33.3657 28.7657
      vertex 31 33.3657 28.7657
    endloop
  endfacet
  facet normal 0 -0.76066 -0.64915
    outer loop
      vertex 33 33.3657 28.7657
      vertex 31 33.4472 28.6702
      vertex 33 33.4472 28.6702
    endloop
  endfacet
  facet normal 0 -0.382352 -0.924017
    outer loop
      vertex 31 33.0472 28.9608
      vertex 33 33.1632 28.9128
      vertex 33 33.0472 28.9608
    endloop
  endfacet
  facet normal -0 -0.382352 -0.924017
    outer loop
      vertex 33 33.1632 28.9128
      vertex 31 33.0472 28.9608
      vertex 31 33.1632 28.9128
    endloop
  endfacet
  facet normal 0 0.972214 -0.234096
    outer loop
      vertex 33 32.0098 28.3251
      vertex 31 32.0392 28.4472
      vertex 33 32.0392 28.4472
    endloop
  endfacet
  facet normal 0 0.972214 -0.234096
    outer loop
      vertex 31 32.0392 28.4472
      vertex 33 32.0098 28.3251
      vertex 31 32.0098 28.3251
    endloop
  endfacet
  facet normal 0 0.234096 -0.972214
    outer loop
      vertex 31 32.5528 28.9608
      vertex 33 32.6749 28.9902
      vertex 33 32.5528 28.9608
    endloop
  endfacet
  facet normal 0 0.234096 -0.972214
    outer loop
      vertex 33 32.6749 28.9902
      vertex 31 32.5528 28.9608
      vertex 31 32.6749 28.9902
    endloop
  endfacet
  facet normal 0 0.924017 0.382352
    outer loop
      vertex 33 32.0872 15.4368
      vertex 31 32.0392 15.5528
      vertex 33 32.0392 15.5528
    endloop
  endfacet
  facet normal 0 0.924017 0.382352
    outer loop
      vertex 31 32.0392 15.5528
      vertex 33 32.0872 15.4368
      vertex 31 32.0872 15.4368
    endloop
  endfacet
  facet normal 0 0.996946 0.0780981
    outer loop
      vertex 33 32.0098 15.6749
      vertex 31 32 15.8
      vertex 33 32 15.8
    endloop
  endfacet
  facet normal 0 0.996946 0.0780981
    outer loop
      vertex 31 32 15.8
      vertex 33 32.0098 15.6749
      vertex 31 32.0098 15.6749
    endloop
  endfacet
  facet normal -0 0.234096 0.972214
    outer loop
      vertex 31 32.6749 15.0098
      vertex 33 32.5528 15.0392
      vertex 33 32.6749 15.0098
    endloop
  endfacet
  facet normal 0 0.234096 0.972214
    outer loop
      vertex 33 32.5528 15.0392
      vertex 31 32.6749 15.0098
      vertex 31 32.5528 15.0392
    endloop
  endfacet
  facet normal -0 0.0780981 0.996946
    outer loop
      vertex 31 32.8 15
      vertex 33 32.6749 15.0098
      vertex 33 32.8 15
    endloop
  endfacet
  facet normal 0 0.0780981 0.996946
    outer loop
      vertex 33 32.6749 15.0098
      vertex 31 32.8 15
      vertex 31 32.6749 15.0098
    endloop
  endfacet
  facet normal 0 -0.0780981 -0.996946
    outer loop
      vertex 31 32.8 29
      vertex 33 32.9251 28.9902
      vertex 33 32.8 29
    endloop
  endfacet
  facet normal -0 -0.0780981 -0.996946
    outer loop
      vertex 33 32.9251 28.9902
      vertex 31 32.8 29
      vertex 31 32.9251 28.9902
    endloop
  endfacet
  facet normal 0 -0.76066 0.64915
    outer loop
      vertex 31 33.3657 15.2343
      vertex 33 33.4472 15.3298
      vertex 31 33.4472 15.3298
    endloop
  endfacet
  facet normal 0 -0.76066 0.64915
    outer loop
      vertex 33 33.4472 15.3298
      vertex 31 33.3657 15.2343
      vertex 33 33.3657 15.2343
    endloop
  endfacet
  facet normal 0 -0.996883 -0.07889
    outer loop
      vertex 31 33.6 28.2
      vertex 33 33.5901 28.3251
      vertex 31 33.5901 28.3251
    endloop
  endfacet
  facet normal 0 -0.996883 -0.07889
    outer loop
      vertex 33 33.5901 28.3251
      vertex 31 33.6 28.2
      vertex 33 33.6 28.2
    endloop
  endfacet
  facet normal 0 -0.924017 -0.382352
    outer loop
      vertex 31 33.5608 28.4472
      vertex 33 33.5128 28.5632
      vertex 31 33.5128 28.5632
    endloop
  endfacet
  facet normal 0 -0.924017 -0.382352
    outer loop
      vertex 33 33.5128 28.5632
      vertex 31 33.5608 28.4472
      vertex 33 33.5608 28.4472
    endloop
  endfacet
  facet normal 0 -0.852533 -0.522674
    outer loop
      vertex 31 33.5128 28.5632
      vertex 33 33.4472 28.6702
      vertex 31 33.4472 28.6702
    endloop
  endfacet
  facet normal 0 -0.852533 -0.522674
    outer loop
      vertex 33 33.4472 28.6702
      vertex 31 33.5128 28.5632
      vertex 33 33.5128 28.5632
    endloop
  endfacet
  facet normal 0 -0.64915 -0.76066
    outer loop
      vertex 31 33.2702 28.8472
      vertex 33 33.3657 28.7657
      vertex 33 33.2702 28.8472
    endloop
  endfacet
  facet normal -0 -0.64915 -0.76066
    outer loop
      vertex 33 33.3657 28.7657
      vertex 31 33.2702 28.8472
      vertex 31 33.3657 28.7657
    endloop
  endfacet
  facet normal 0 0.996946 -0.0780981
    outer loop
      vertex 33 32 28.2
      vertex 31 32.0098 28.3251
      vertex 33 32.0098 28.3251
    endloop
  endfacet
  facet normal 0 0.996946 -0.0780981
    outer loop
      vertex 31 32.0098 28.3251
      vertex 33 32 28.2
      vertex 31 32 28.2
    endloop
  endfacet
  facet normal 0 0.924017 -0.382352
    outer loop
      vertex 33 32.0392 28.4472
      vertex 31 32.0872 28.5632
      vertex 33 32.0872 28.5632
    endloop
  endfacet
  facet normal 0 0.924017 -0.382352
    outer loop
      vertex 31 32.0872 28.5632
      vertex 33 32.0392 28.4472
      vertex 31 32.0392 28.4472
    endloop
  endfacet
  facet normal 0 0.382352 -0.924017
    outer loop
      vertex 31 32.4368 28.9128
      vertex 33 32.5528 28.9608
      vertex 33 32.4368 28.9128
    endloop
  endfacet
  facet normal 0 0.382352 -0.924017
    outer loop
      vertex 33 32.5528 28.9608
      vertex 31 32.4368 28.9128
      vertex 31 32.5528 28.9608
    endloop
  endfacet
  facet normal 0 0.0780981 -0.996946
    outer loop
      vertex 31 32.6749 28.9902
      vertex 33 32.8 29
      vertex 33 32.6749 28.9902
    endloop
  endfacet
  facet normal 0 0.0780981 -0.996946
    outer loop
      vertex 33 32.8 29
      vertex 31 32.6749 28.9902
      vertex 31 32.8 29
    endloop
  endfacet
  facet normal 0 0.972214 0.234096
    outer loop
      vertex 33 32.0392 15.5528
      vertex 31 32.0098 15.6749
      vertex 33 32.0098 15.6749
    endloop
  endfacet
  facet normal 0 0.972214 0.234096
    outer loop
      vertex 31 32.0098 15.6749
      vertex 33 32.0392 15.5528
      vertex 31 32.0392 15.5528
    endloop
  endfacet
  facet normal 0 0.852533 0.522674
    outer loop
      vertex 33 32.1528 15.3298
      vertex 31 32.0872 15.4368
      vertex 33 32.0872 15.4368
    endloop
  endfacet
  facet normal 0 0.852533 0.522674
    outer loop
      vertex 31 32.0872 15.4368
      vertex 33 32.1528 15.3298
      vertex 31 32.1528 15.3298
    endloop
  endfacet
  facet normal 0 -0.0780981 0.996946
    outer loop
      vertex 31 32.9251 15.0098
      vertex 33 32.8 15
      vertex 33 32.9251 15.0098
    endloop
  endfacet
  facet normal 0 -0.0780981 0.996946
    outer loop
      vertex 33 32.8 15
      vertex 31 32.9251 15.0098
      vertex 31 32.8 15
    endloop
  endfacet
  facet normal -0 0.382352 0.924017
    outer loop
      vertex 31 32.5528 15.0392
      vertex 33 32.4368 15.0872
      vertex 33 32.5528 15.0392
    endloop
  endfacet
  facet normal 0 0.382352 0.924017
    outer loop
      vertex 33 32.4368 15.0872
      vertex 31 32.5528 15.0392
      vertex 31 32.4368 15.0872
    endloop
  endfacet
  facet normal 0 -0.234096 0.972214
    outer loop
      vertex 31 33.0472 15.0392
      vertex 33 32.9251 15.0098
      vertex 33 33.0472 15.0392
    endloop
  endfacet
  facet normal 0 -0.234096 0.972214
    outer loop
      vertex 33 32.9251 15.0098
      vertex 31 33.0472 15.0392
      vertex 31 32.9251 15.0098
    endloop
  endfacet
  facet normal 0 -0.996883 0.07889
    outer loop
      vertex 31 33.5901 15.6749
      vertex 33 33.6 15.8
      vertex 31 33.6 15.8
    endloop
  endfacet
  facet normal 0 -0.996883 0.07889
    outer loop
      vertex 33 33.6 15.8
      vertex 31 33.5901 15.6749
      vertex 33 33.5901 15.6749
    endloop
  endfacet
  facet normal 0 -0.852533 0.522674
    outer loop
      vertex 31 33.4472 15.3298
      vertex 33 33.5128 15.4368
      vertex 31 33.5128 15.4368
    endloop
  endfacet
  facet normal 0 -0.852533 0.522674
    outer loop
      vertex 33 33.5128 15.4368
      vertex 31 33.4472 15.3298
      vertex 33 33.4472 15.3298
    endloop
  endfacet
  facet normal 0 -0.972395 0.233343
    outer loop
      vertex 31 33.5608 15.5528
      vertex 33 33.5901 15.6749
      vertex 31 33.5901 15.6749
    endloop
  endfacet
  facet normal 0 -0.972395 0.233343
    outer loop
      vertex 33 33.5901 15.6749
      vertex 31 33.5608 15.5528
      vertex 33 33.5608 15.5528
    endloop
  endfacet
  facet normal 0 -0.382352 0.924017
    outer loop
      vertex 31 33.1632 15.0872
      vertex 33 33.0472 15.0392
      vertex 33 33.1632 15.0872
    endloop
  endfacet
  facet normal 0 -0.382352 0.924017
    outer loop
      vertex 33 33.0472 15.0392
      vertex 31 33.1632 15.0872
      vertex 31 33.0472 15.0392
    endloop
  endfacet
  facet normal 0 -0.972395 -0.233343
    outer loop
      vertex 31 33.5901 28.3251
      vertex 33 33.5608 28.4472
      vertex 31 33.5608 28.4472
    endloop
  endfacet
  facet normal 0 -0.972395 -0.233343
    outer loop
      vertex 33 33.5608 28.4472
      vertex 31 33.5901 28.3251
      vertex 33 33.5901 28.3251
    endloop
  endfacet
  facet normal 0 -0.522674 -0.852533
    outer loop
      vertex 31 33.1632 28.9128
      vertex 33 33.2702 28.8472
      vertex 33 33.1632 28.9128
    endloop
  endfacet
  facet normal -0 -0.522674 -0.852533
    outer loop
      vertex 33 33.2702 28.8472
      vertex 31 33.1632 28.9128
      vertex 31 33.2702 28.8472
    endloop
  endfacet
  facet normal 0 0.852533 -0.522674
    outer loop
      vertex 33 32.0872 28.5632
      vertex 31 32.1528 28.6702
      vertex 33 32.1528 28.6702
    endloop
  endfacet
  facet normal 0 0.852533 -0.522674
    outer loop
      vertex 31 32.1528 28.6702
      vertex 33 32.0872 28.5632
      vertex 31 32.0872 28.5632
    endloop
  endfacet
  facet normal 0 0.76066 -0.64915
    outer loop
      vertex 33 32.1528 28.6702
      vertex 31 32.2343 28.7657
      vertex 33 32.2343 28.7657
    endloop
  endfacet
  facet normal 0 0.76066 -0.64915
    outer loop
      vertex 31 32.2343 28.7657
      vertex 33 32.1528 28.6702
      vertex 31 32.1528 28.6702
    endloop
  endfacet
  facet normal 0 0.522674 -0.852533
    outer loop
      vertex 31 32.3298 28.8472
      vertex 33 32.4368 28.9128
      vertex 33 32.3298 28.8472
    endloop
  endfacet
  facet normal 0 0.522674 -0.852533
    outer loop
      vertex 33 32.4368 28.9128
      vertex 31 32.3298 28.8472
      vertex 31 32.4368 28.9128
    endloop
  endfacet
  facet normal 0 0.76066 0.64915
    outer loop
      vertex 33 32.2343 15.2343
      vertex 31 32.1528 15.3298
      vertex 33 32.1528 15.3298
    endloop
  endfacet
  facet normal 0 0.76066 0.64915
    outer loop
      vertex 31 32.1528 15.3298
      vertex 33 32.2343 15.2343
      vertex 31 32.2343 15.2343
    endloop
  endfacet
  facet normal -0 0.522674 0.852533
    outer loop
      vertex 31 32.4368 15.0872
      vertex 33 32.3298 15.1528
      vertex 33 32.4368 15.0872
    endloop
  endfacet
  facet normal 0 0.522674 0.852533
    outer loop
      vertex 33 32.3298 15.1528
      vertex 31 32.4368 15.0872
      vertex 31 32.3298 15.1528
    endloop
  endfacet
  facet normal 0 -0.924017 0.382352
    outer loop
      vertex 31 33.5128 15.4368
      vertex 33 33.5608 15.5528
      vertex 31 33.5608 15.5528
    endloop
  endfacet
  facet normal 0 -0.924017 0.382352
    outer loop
      vertex 33 33.5608 15.5528
      vertex 31 33.5128 15.4368
      vertex 33 33.5128 15.4368
    endloop
  endfacet
  facet normal 0 -0.522674 0.852533
    outer loop
      vertex 31 33.2702 15.1528
      vertex 33 33.1632 15.0872
      vertex 33 33.2702 15.1528
    endloop
  endfacet
  facet normal 0 -0.522674 0.852533
    outer loop
      vertex 33 33.1632 15.0872
      vertex 31 33.2702 15.1528
      vertex 31 33.1632 15.0872
    endloop
  endfacet
  facet normal 0 -0.64915 0.76066
    outer loop
      vertex 31 33.3657 15.2343
      vertex 33 33.2702 15.1528
      vertex 33 33.3657 15.2343
    endloop
  endfacet
  facet normal 0 -0.64915 0.76066
    outer loop
      vertex 33 33.2702 15.1528
      vertex 31 33.3657 15.2343
      vertex 31 33.2702 15.1528
    endloop
  endfacet
  facet normal 0 1 -0
    outer loop
      vertex 33 35.4 15.8
      vertex 31 35.4 28.2
      vertex 33 35.4 28.2
    endloop
  endfacet
  facet normal 0 1 0
    outer loop
      vertex 31 35.4 28.2
      vertex 33 35.4 15.8
      vertex 31 35.4 15.8
    endloop
  endfacet
  facet normal -0 0.64915 0.76066
    outer loop
      vertex 31 35.7298 15.1528
      vertex 33 35.6343 15.2343
      vertex 33 35.7298 15.1528
    endloop
  endfacet
  facet normal 0 0.64915 0.76066
    outer loop
      vertex 33 35.6343 15.2343
      vertex 31 35.7298 15.1528
      vertex 31 35.6343 15.2343
    endloop
  endfacet
  facet normal 0 0.64915 -0.76066
    outer loop
      vertex 31 35.6343 28.7657
      vertex 33 35.7298 28.8472
      vertex 33 35.6343 28.7657
    endloop
  endfacet
  facet normal 0 0.64915 -0.76066
    outer loop
      vertex 33 35.7298 28.8472
      vertex 31 35.6343 28.7657
      vertex 31 35.7298 28.8472
    endloop
  endfacet
  facet normal 0 0.924017 0.382352
    outer loop
      vertex 33 35.4872 15.4368
      vertex 31 35.4392 15.5528
      vertex 33 35.4392 15.5528
    endloop
  endfacet
  facet normal 0 0.924017 0.382352
    outer loop
      vertex 31 35.4392 15.5528
      vertex 33 35.4872 15.4368
      vertex 31 35.4872 15.4368
    endloop
  endfacet
  facet normal 0 -1 0
    outer loop
      vertex 31 37 15.8
      vertex 33 37 28.2
      vertex 31 37 28.2
    endloop
  endfacet
  facet normal 0 -1 -0
    outer loop
      vertex 33 37 28.2
      vertex 31 37 15.8
      vertex 33 37 15.8
    endloop
  endfacet
  facet normal 0 -0.382352 -0.924017
    outer loop
      vertex 31 36.4472 28.9608
      vertex 33 36.5632 28.9128
      vertex 33 36.4472 28.9608
    endloop
  endfacet
  facet normal -0 -0.382352 -0.924017
    outer loop
      vertex 33 36.5632 28.9128
      vertex 31 36.4472 28.9608
      vertex 31 36.5632 28.9128
    endloop
  endfacet
  facet normal 0 0.234096 -0.972214
    outer loop
      vertex 31 35.9528 28.9608
      vertex 33 36.0749 28.9902
      vertex 33 35.9528 28.9608
    endloop
  endfacet
  facet normal 0 0.234096 -0.972214
    outer loop
      vertex 33 36.0749 28.9902
      vertex 31 35.9528 28.9608
      vertex 31 36.0749 28.9902
    endloop
  endfacet
  facet normal 0 0.852533 0.522674
    outer loop
      vertex 33 35.5528 15.3298
      vertex 31 35.4872 15.4368
      vertex 33 35.4872 15.4368
    endloop
  endfacet
  facet normal 0 0.852533 0.522674
    outer loop
      vertex 31 35.4872 15.4368
      vertex 33 35.5528 15.3298
      vertex 31 35.5528 15.3298
    endloop
  endfacet
  facet normal 0 0.996883 0.07889
    outer loop
      vertex 33 35.4099 15.6749
      vertex 31 35.4 15.8
      vertex 33 35.4 15.8
    endloop
  endfacet
  facet normal 0 0.996883 0.07889
    outer loop
      vertex 31 35.4 15.8
      vertex 33 35.4099 15.6749
      vertex 31 35.4099 15.6749
    endloop
  endfacet
  facet normal -0 0.234096 0.972214
    outer loop
      vertex 31 36.0749 15.0098
      vertex 33 35.9528 15.0392
      vertex 33 36.0749 15.0098
    endloop
  endfacet
  facet normal 0 0.234096 0.972214
    outer loop
      vertex 33 35.9528 15.0392
      vertex 31 36.0749 15.0098
      vertex 31 35.9528 15.0392
    endloop
  endfacet
  facet normal -0 0.0780981 0.996946
    outer loop
      vertex 31 36.2 15
      vertex 33 36.0749 15.0098
      vertex 33 36.2 15
    endloop
  endfacet
  facet normal 0 0.0780981 0.996946
    outer loop
      vertex 33 36.0749 15.0098
      vertex 31 36.2 15
      vertex 31 36.0749 15.0098
    endloop
  endfacet
  facet normal 0 -0.0780981 -0.996946
    outer loop
      vertex 31 36.2 29
      vertex 33 36.3251 28.9902
      vertex 33 36.2 29
    endloop
  endfacet
  facet normal -0 -0.0780981 -0.996946
    outer loop
      vertex 33 36.3251 28.9902
      vertex 31 36.2 29
      vertex 31 36.3251 28.9902
    endloop
  endfacet
  facet normal 0 -0.972214 -0.234096
    outer loop
      vertex 31 36.9902 28.3251
      vertex 33 36.9608 28.4472
      vertex 31 36.9608 28.4472
    endloop
  endfacet
  facet normal 0 -0.972214 -0.234096
    outer loop
      vertex 33 36.9608 28.4472
      vertex 31 36.9902 28.3251
      vertex 33 36.9902 28.3251
    endloop
  endfacet
  facet normal 0 -0.924017 -0.382352
    outer loop
      vertex 31 36.9608 28.4472
      vertex 33 36.9128 28.5632
      vertex 31 36.9128 28.5632
    endloop
  endfacet
  facet normal 0 -0.924017 -0.382352
    outer loop
      vertex 33 36.9128 28.5632
      vertex 31 36.9608 28.4472
      vertex 33 36.9608 28.4472
    endloop
  endfacet
  facet normal 0 -0.64915 -0.76066
    outer loop
      vertex 31 36.6702 28.8472
      vertex 33 36.7657 28.7657
      vertex 33 36.6702 28.8472
    endloop
  endfacet
  facet normal -0 -0.64915 -0.76066
    outer loop
      vertex 33 36.7657 28.7657
      vertex 31 36.6702 28.8472
      vertex 31 36.7657 28.7657
    endloop
  endfacet
  facet normal 0 0.996883 -0.07889
    outer loop
      vertex 33 35.4 28.2
      vertex 31 35.4099 28.3251
      vertex 33 35.4099 28.3251
    endloop
  endfacet
  facet normal 0 0.996883 -0.07889
    outer loop
      vertex 31 35.4099 28.3251
      vertex 33 35.4 28.2
      vertex 31 35.4 28.2
    endloop
  endfacet
  facet normal 0 0.76066 -0.64915
    outer loop
      vertex 33 35.5528 28.6702
      vertex 31 35.6343 28.7657
      vertex 33 35.6343 28.7657
    endloop
  endfacet
  facet normal 0 0.76066 -0.64915
    outer loop
      vertex 31 35.6343 28.7657
      vertex 33 35.5528 28.6702
      vertex 31 35.5528 28.6702
    endloop
  endfacet
  facet normal 0 0.852533 -0.522674
    outer loop
      vertex 33 35.4872 28.5632
      vertex 31 35.5528 28.6702
      vertex 33 35.5528 28.6702
    endloop
  endfacet
  facet normal 0 0.852533 -0.522674
    outer loop
      vertex 31 35.5528 28.6702
      vertex 33 35.4872 28.5632
      vertex 31 35.4872 28.5632
    endloop
  endfacet
  facet normal 0 0.382352 -0.924017
    outer loop
      vertex 31 35.8368 28.9128
      vertex 33 35.9528 28.9608
      vertex 33 35.8368 28.9128
    endloop
  endfacet
  facet normal 0 0.382352 -0.924017
    outer loop
      vertex 33 35.9528 28.9608
      vertex 31 35.8368 28.9128
      vertex 31 35.9528 28.9608
    endloop
  endfacet
  facet normal 0 0.0780981 -0.996946
    outer loop
      vertex 31 36.0749 28.9902
      vertex 33 36.2 29
      vertex 33 36.0749 28.9902
    endloop
  endfacet
  facet normal 0 0.0780981 -0.996946
    outer loop
      vertex 33 36.2 29
      vertex 31 36.0749 28.9902
      vertex 31 36.2 29
    endloop
  endfacet
  facet normal 0 0.972395 0.233343
    outer loop
      vertex 33 35.4392 15.5528
      vertex 31 35.4099 15.6749
      vertex 33 35.4099 15.6749
    endloop
  endfacet
  facet normal 0 0.972395 0.233343
    outer loop
      vertex 31 35.4099 15.6749
      vertex 33 35.4392 15.5528
      vertex 31 35.4392 15.5528
    endloop
  endfacet
  facet normal 0 0.76066 0.64915
    outer loop
      vertex 33 35.6343 15.2343
      vertex 31 35.5528 15.3298
      vertex 33 35.5528 15.3298
    endloop
  endfacet
  facet normal 0 0.76066 0.64915
    outer loop
      vertex 31 35.5528 15.3298
      vertex 33 35.6343 15.2343
      vertex 31 35.6343 15.2343
    endloop
  endfacet
  facet normal 0 -0.0780981 0.996946
    outer loop
      vertex 31 36.3251 15.0098
      vertex 33 36.2 15
      vertex 33 36.3251 15.0098
    endloop
  endfacet
  facet normal 0 -0.0780981 0.996946
    outer loop
      vertex 33 36.2 15
      vertex 31 36.3251 15.0098
      vertex 31 36.2 15
    endloop
  endfacet
  facet normal -0 0.382352 0.924017
    outer loop
      vertex 31 35.9528 15.0392
      vertex 33 35.8368 15.0872
      vertex 33 35.9528 15.0392
    endloop
  endfacet
  facet normal 0 0.382352 0.924017
    outer loop
      vertex 33 35.8368 15.0872
      vertex 31 35.9528 15.0392
      vertex 31 35.8368 15.0872
    endloop
  endfacet
  facet normal 0 -0.234096 0.972214
    outer loop
      vertex 31 36.4472 15.0392
      vertex 33 36.3251 15.0098
      vertex 33 36.4472 15.0392
    endloop
  endfacet
  facet normal 0 -0.234096 0.972214
    outer loop
      vertex 33 36.3251 15.0098
      vertex 31 36.4472 15.0392
      vertex 31 36.3251 15.0098
    endloop
  endfacet
  facet normal 0 -0.972214 0.234096
    outer loop
      vertex 31 36.9608 15.5528
      vertex 33 36.9902 15.6749
      vertex 31 36.9902 15.6749
    endloop
  endfacet
  facet normal 0 -0.972214 0.234096
    outer loop
      vertex 33 36.9902 15.6749
      vertex 31 36.9608 15.5528
      vertex 33 36.9608 15.5528
    endloop
  endfacet
  facet normal 0 -0.382352 0.924017
    outer loop
      vertex 31 36.5632 15.0872
      vertex 33 36.4472 15.0392
      vertex 33 36.5632 15.0872
    endloop
  endfacet
  facet normal 0 -0.382352 0.924017
    outer loop
      vertex 33 36.4472 15.0392
      vertex 31 36.5632 15.0872
      vertex 31 36.4472 15.0392
    endloop
  endfacet
  facet normal 0 -0.522674 0.852533
    outer loop
      vertex 31 36.6702 15.1528
      vertex 33 36.5632 15.0872
      vertex 33 36.6702 15.1528
    endloop
  endfacet
  facet normal 0 -0.522674 0.852533
    outer loop
      vertex 33 36.5632 15.0872
      vertex 31 36.6702 15.1528
      vertex 31 36.5632 15.0872
    endloop
  endfacet
  facet normal 0 -0.234096 -0.972214
    outer loop
      vertex 31 36.3251 28.9902
      vertex 33 36.4472 28.9608
      vertex 33 36.3251 28.9902
    endloop
  endfacet
  facet normal -0 -0.234096 -0.972214
    outer loop
      vertex 33 36.4472 28.9608
      vertex 31 36.3251 28.9902
      vertex 31 36.4472 28.9608
    endloop
  endfacet
  facet normal 0 -0.996946 -0.0780981
    outer loop
      vertex 31 37 28.2
      vertex 33 36.9902 28.3251
      vertex 31 36.9902 28.3251
    endloop
  endfacet
  facet normal 0 -0.996946 -0.0780981
    outer loop
      vertex 33 36.9902 28.3251
      vertex 31 37 28.2
      vertex 33 37 28.2
    endloop
  endfacet
  facet normal 0 -0.76066 -0.64915
    outer loop
      vertex 31 36.8472 28.6702
      vertex 33 36.7657 28.7657
      vertex 31 36.7657 28.7657
    endloop
  endfacet
  facet normal 0 -0.76066 -0.64915
    outer loop
      vertex 33 36.7657 28.7657
      vertex 31 36.8472 28.6702
      vertex 33 36.8472 28.6702
    endloop
  endfacet
  facet normal 0 -0.852533 -0.522674
    outer loop
      vertex 31 36.9128 28.5632
      vertex 33 36.8472 28.6702
      vertex 31 36.8472 28.6702
    endloop
  endfacet
  facet normal 0 -0.852533 -0.522674
    outer loop
      vertex 33 36.8472 28.6702
      vertex 31 36.9128 28.5632
      vertex 33 36.9128 28.5632
    endloop
  endfacet
  facet normal 0 -0.522674 -0.852533
    outer loop
      vertex 31 36.5632 28.9128
      vertex 33 36.6702 28.8472
      vertex 33 36.5632 28.9128
    endloop
  endfacet
  facet normal -0 -0.522674 -0.852533
    outer loop
      vertex 33 36.6702 28.8472
      vertex 31 36.5632 28.9128
      vertex 31 36.6702 28.8472
    endloop
  endfacet
  facet normal 0 0.924017 -0.382352
    outer loop
      vertex 33 35.4392 28.4472
      vertex 31 35.4872 28.5632
      vertex 33 35.4872 28.5632
    endloop
  endfacet
  facet normal 0 0.924017 -0.382352
    outer loop
      vertex 31 35.4872 28.5632
      vertex 33 35.4392 28.4472
      vertex 31 35.4392 28.4472
    endloop
  endfacet
  facet normal 0 0.972395 -0.233343
    outer loop
      vertex 33 35.4099 28.3251
      vertex 31 35.4392 28.4472
      vertex 33 35.4392 28.4472
    endloop
  endfacet
  facet normal 0 0.972395 -0.233343
    outer loop
      vertex 31 35.4392 28.4472
      vertex 33 35.4099 28.3251
      vertex 31 35.4099 28.3251
    endloop
  endfacet
  facet normal 0 0.522674 -0.852533
    outer loop
      vertex 31 35.7298 28.8472
      vertex 33 35.8368 28.9128
      vertex 33 35.7298 28.8472
    endloop
  endfacet
  facet normal 0 0.522674 -0.852533
    outer loop
      vertex 33 35.8368 28.9128
      vertex 31 35.7298 28.8472
      vertex 31 35.8368 28.9128
    endloop
  endfacet
  facet normal -0 0.522674 0.852533
    outer loop
      vertex 31 35.8368 15.0872
      vertex 33 35.7298 15.1528
      vertex 33 35.8368 15.0872
    endloop
  endfacet
  facet normal 0 0.522674 0.852533
    outer loop
      vertex 33 35.7298 15.1528
      vertex 31 35.8368 15.0872
      vertex 31 35.7298 15.1528
    endloop
  endfacet
  facet normal 0 -0.76066 0.64915
    outer loop
      vertex 31 36.7657 15.2343
      vertex 33 36.8472 15.3298
      vertex 31 36.8472 15.3298
    endloop
  endfacet
  facet normal 0 -0.76066 0.64915
    outer loop
      vertex 33 36.8472 15.3298
      vertex 31 36.7657 15.2343
      vertex 33 36.7657 15.2343
    endloop
  endfacet
  facet normal 0 -0.924017 0.382352
    outer loop
      vertex 31 36.9128 15.4368
      vertex 33 36.9608 15.5528
      vertex 31 36.9608 15.5528
    endloop
  endfacet
  facet normal 0 -0.924017 0.382352
    outer loop
      vertex 33 36.9608 15.5528
      vertex 31 36.9128 15.4368
      vertex 33 36.9128 15.4368
    endloop
  endfacet
  facet normal 0 -0.996946 0.0780981
    outer loop
      vertex 31 36.9902 15.6749
      vertex 33 37 15.8
      vertex 31 37 15.8
    endloop
  endfacet
  facet normal 0 -0.996946 0.0780981
    outer loop
      vertex 33 37 15.8
      vertex 31 36.9902 15.6749
      vertex 33 36.9902 15.6749
    endloop
  endfacet
  facet normal 0 -0.64915 0.76066
    outer loop
      vertex 31 36.7657 15.2343
      vertex 33 36.6702 15.1528
      vertex 33 36.7657 15.2343
    endloop
  endfacet
  facet normal 0 -0.64915 0.76066
    outer loop
      vertex 33 36.6702 15.1528
      vertex 31 36.7657 15.2343
      vertex 31 36.6702 15.1528
    endloop
  endfacet
  facet normal 0 -0.852533 0.522674
    outer loop
      vertex 31 36.8472 15.3298
      vertex 33 36.9128 15.4368
      vertex 31 36.9128 15.4368
    endloop
  endfacet
  facet normal 0 -0.852533 0.522674
    outer loop
      vertex 33 36.9128 15.4368
      vertex 31 36.8472 15.3298
      vertex 33 36.8472 15.3298
    endloop
  endfacet
  facet normal 0 1 -0
    outer loop
      vertex 33 38.8 15.8
      vertex 31 38.8 28.2
      vertex 33 38.8 28.2
    endloop
  endfacet
  facet normal 0 1 0
    outer loop
      vertex 31 38.8 28.2
      vertex 33 38.8 15.8
      vertex 31 38.8 15.8
    endloop
  endfacet
  facet normal -0 0.64915 0.76066
    outer loop
      vertex 31 39.1298 15.1528
      vertex 33 39.0343 15.2343
      vertex 33 39.1298 15.1528
    endloop
  endfacet
  facet normal 0 0.64915 0.76066
    outer loop
      vertex 33 39.0343 15.2343
      vertex 31 39.1298 15.1528
      vertex 31 39.0343 15.2343
    endloop
  endfacet
  facet normal 0 0.64915 -0.76066
    outer loop
      vertex 31 39.0343 28.7657
      vertex 33 39.1298 28.8472
      vertex 33 39.0343 28.7657
    endloop
  endfacet
  facet normal 0 0.64915 -0.76066
    outer loop
      vertex 33 39.1298 28.8472
      vertex 31 39.0343 28.7657
      vertex 31 39.1298 28.8472
    endloop
  endfacet
  facet normal 0 -1 0
    outer loop
      vertex 31 40.4 15.8
      vertex 33 40.4 28.2
      vertex 31 40.4 28.2
    endloop
  endfacet
  facet normal 0 -1 -0
    outer loop
      vertex 33 40.4 28.2
      vertex 31 40.4 15.8
      vertex 33 40.4 15.8
    endloop
  endfacet
  facet normal 0 -0.76066 -0.64915
    outer loop
      vertex 31 40.2472 28.6702
      vertex 33 40.1657 28.7657
      vertex 31 40.1657 28.7657
    endloop
  endfacet
  facet normal 0 -0.76066 -0.64915
    outer loop
      vertex 33 40.1657 28.7657
      vertex 31 40.2472 28.6702
      vertex 33 40.2472 28.6702
    endloop
  endfacet
  facet normal 0 -0.382352 -0.924017
    outer loop
      vertex 31 39.8472 28.9608
      vertex 33 39.9632 28.9128
      vertex 33 39.8472 28.9608
    endloop
  endfacet
  facet normal -0 -0.382352 -0.924017
    outer loop
      vertex 33 39.9632 28.9128
      vertex 31 39.8472 28.9608
      vertex 31 39.9632 28.9128
    endloop
  endfacet
  facet normal 0 0.234096 -0.972214
    outer loop
      vertex 31 39.3528 28.9608
      vertex 33 39.4749 28.9902
      vertex 33 39.3528 28.9608
    endloop
  endfacet
  facet normal 0 0.234096 -0.972214
    outer loop
      vertex 33 39.4749 28.9902
      vertex 31 39.3528 28.9608
      vertex 31 39.4749 28.9902
    endloop
  endfacet
  facet normal 0 0.996946 0.0780981
    outer loop
      vertex 33 38.8098 15.6749
      vertex 31 38.8 15.8
      vertex 33 38.8 15.8
    endloop
  endfacet
  facet normal 0 0.996946 0.0780981
    outer loop
      vertex 31 38.8 15.8
      vertex 33 38.8098 15.6749
      vertex 31 38.8098 15.6749
    endloop
  endfacet
  facet normal -0 0.234096 0.972214
    outer loop
      vertex 31 39.4749 15.0098
      vertex 33 39.3528 15.0392
      vertex 33 39.4749 15.0098
    endloop
  endfacet
  facet normal 0 0.234096 0.972214
    outer loop
      vertex 33 39.3528 15.0392
      vertex 31 39.4749 15.0098
      vertex 31 39.3528 15.0392
    endloop
  endfacet
  facet normal -0 0.0780981 0.996946
    outer loop
      vertex 31 39.6 15
      vertex 33 39.4749 15.0098
      vertex 33 39.6 15
    endloop
  endfacet
  facet normal 0 0.0780981 0.996946
    outer loop
      vertex 33 39.4749 15.0098
      vertex 31 39.6 15
      vertex 31 39.4749 15.0098
    endloop
  endfacet
  facet normal 0 -0.0780981 -0.996946
    outer loop
      vertex 31 39.6 29
      vertex 33 39.7251 28.9902
      vertex 33 39.6 29
    endloop
  endfacet
  facet normal -0 -0.0780981 -0.996946
    outer loop
      vertex 33 39.7251 28.9902
      vertex 31 39.6 29
      vertex 31 39.7251 28.9902
    endloop
  endfacet
  facet normal 0 -0.76066 0.64915
    outer loop
      vertex 31 40.1657 15.2343
      vertex 33 40.2472 15.3298
      vertex 31 40.2472 15.3298
    endloop
  endfacet
  facet normal 0 -0.76066 0.64915
    outer loop
      vertex 33 40.2472 15.3298
      vertex 31 40.1657 15.2343
      vertex 33 40.1657 15.2343
    endloop
  endfacet
  facet normal 0 -0.996946 -0.0780981
    outer loop
      vertex 31 40.4 28.2
      vertex 33 40.3902 28.3251
      vertex 31 40.3902 28.3251
    endloop
  endfacet
  facet normal 0 -0.996946 -0.0780981
    outer loop
      vertex 33 40.3902 28.3251
      vertex 31 40.4 28.2
      vertex 33 40.4 28.2
    endloop
  endfacet
  facet normal 0 -0.924017 -0.382352
    outer loop
      vertex 31 40.3608 28.4472
      vertex 33 40.3128 28.5632
      vertex 31 40.3128 28.5632
    endloop
  endfacet
  facet normal 0 -0.924017 -0.382352
    outer loop
      vertex 33 40.3128 28.5632
      vertex 31 40.3608 28.4472
      vertex 33 40.3608 28.4472
    endloop
  endfacet
  facet normal 0 -0.852533 -0.522674
    outer loop
      vertex 31 40.3128 28.5632
      vertex 33 40.2472 28.6702
      vertex 31 40.2472 28.6702
    endloop
  endfacet
  facet normal 0 -0.852533 -0.522674
    outer loop
      vertex 33 40.2472 28.6702
      vertex 31 40.3128 28.5632
      vertex 33 40.3128 28.5632
    endloop
  endfacet
  facet normal 0 -0.64915 -0.76066
    outer loop
      vertex 31 40.0702 28.8472
      vertex 33 40.1657 28.7657
      vertex 33 40.0702 28.8472
    endloop
  endfacet
  facet normal -0 -0.64915 -0.76066
    outer loop
      vertex 33 40.1657 28.7657
      vertex 31 40.0702 28.8472
      vertex 31 40.1657 28.7657
    endloop
  endfacet
  facet normal 0 0.996946 -0.0780981
    outer loop
      vertex 33 38.8 28.2
      vertex 31 38.8098 28.3251
      vertex 33 38.8098 28.3251
    endloop
  endfacet
  facet normal 0 0.996946 -0.0780981
    outer loop
      vertex 31 38.8098 28.3251
      vertex 33 38.8 28.2
      vertex 31 38.8 28.2
    endloop
  endfacet
  facet normal 0 0.76066 -0.64915
    outer loop
      vertex 33 38.9528 28.6702
      vertex 31 39.0343 28.7657
      vertex 33 39.0343 28.7657
    endloop
  endfacet
  facet normal 0 0.76066 -0.64915
    outer loop
      vertex 31 39.0343 28.7657
      vertex 33 38.9528 28.6702
      vertex 31 38.9528 28.6702
    endloop
  endfacet
  facet normal 0 0.924017 -0.382352
    outer loop
      vertex 33 38.8392 28.4472
      vertex 31 38.8872 28.5632
      vertex 33 38.8872 28.5632
    endloop
  endfacet
  facet normal 0 0.924017 -0.382352
    outer loop
      vertex 31 38.8872 28.5632
      vertex 33 38.8392 28.4472
      vertex 31 38.8392 28.4472
    endloop
  endfacet
  facet normal 0 0.382352 -0.924017
    outer loop
      vertex 31 39.2368 28.9128
      vertex 33 39.3528 28.9608
      vertex 33 39.2368 28.9128
    endloop
  endfacet
  facet normal 0 0.382352 -0.924017
    outer loop
      vertex 33 39.3528 28.9608
      vertex 31 39.2368 28.9128
      vertex 31 39.3528 28.9608
    endloop
  endfacet
  facet normal 0 0.0780981 -0.996946
    outer loop
      vertex 31 39.4749 28.9902
      vertex 33 39.6 29
      vertex 33 39.4749 28.9902
    endloop
  endfacet
  facet normal 0 0.0780981 -0.996946
    outer loop
      vertex 33 39.6 29
      vertex 31 39.4749 28.9902
      vertex 31 39.6 29
    endloop
  endfacet
  facet normal 0 0.972214 0.234096
    outer loop
      vertex 33 38.8392 15.5528
      vertex 31 38.8098 15.6749
      vertex 33 38.8098 15.6749
    endloop
  endfacet
  facet normal 0 0.972214 0.234096
    outer loop
      vertex 31 38.8098 15.6749
      vertex 33 38.8392 15.5528
      vertex 31 38.8392 15.5528
    endloop
  endfacet
  facet normal 0 0.76066 0.64915
    outer loop
      vertex 33 39.0343 15.2343
      vertex 31 38.9528 15.3298
      vertex 33 38.9528 15.3298
    endloop
  endfacet
  facet normal 0 0.76066 0.64915
    outer loop
      vertex 31 38.9528 15.3298
      vertex 33 39.0343 15.2343
      vertex 31 39.0343 15.2343
    endloop
  endfacet
  facet normal 0 0.924017 0.382352
    outer loop
      vertex 33 38.8872 15.4368
      vertex 31 38.8392 15.5528
      vertex 33 38.8392 15.5528
    endloop
  endfacet
  facet normal 0 0.924017 0.382352
    outer loop
      vertex 31 38.8392 15.5528
      vertex 33 38.8872 15.4368
      vertex 31 38.8872 15.4368
    endloop
  endfacet
  facet normal 0 -0.0780981 0.996946
    outer loop
      vertex 31 39.7251 15.0098
      vertex 33 39.6 15
      vertex 33 39.7251 15.0098
    endloop
  endfacet
  facet normal 0 -0.0780981 0.996946
    outer loop
      vertex 33 39.6 15
      vertex 31 39.7251 15.0098
      vertex 31 39.6 15
    endloop
  endfacet
  facet normal -0 0.382352 0.924017
    outer loop
      vertex 31 39.3528 15.0392
      vertex 33 39.2368 15.0872
      vertex 33 39.3528 15.0392
    endloop
  endfacet
  facet normal 0 0.382352 0.924017
    outer loop
      vertex 33 39.2368 15.0872
      vertex 31 39.3528 15.0392
      vertex 31 39.2368 15.0872
    endloop
  endfacet
  facet normal 0 -0.234096 0.972214
    outer loop
      vertex 31 39.8472 15.0392
      vertex 33 39.7251 15.0098
      vertex 33 39.8472 15.0392
    endloop
  endfacet
  facet normal 0 -0.234096 0.972214
    outer loop
      vertex 33 39.7251 15.0098
      vertex 31 39.8472 15.0392
      vertex 31 39.7251 15.0098
    endloop
  endfacet
  facet normal 0 -0.852533 0.522674
    outer loop
      vertex 31 40.2472 15.3298
      vertex 33 40.3128 15.4368
      vertex 31 40.3128 15.4368
    endloop
  endfacet
  facet normal 0 -0.852533 0.522674
    outer loop
      vertex 33 40.3128 15.4368
      vertex 31 40.2472 15.3298
      vertex 33 40.2472 15.3298
    endloop
  endfacet
  facet normal 0 -0.972214 0.234096
    outer loop
      vertex 31 40.3608 15.5528
      vertex 33 40.3902 15.6749
      vertex 31 40.3902 15.6749
    endloop
  endfacet
  facet normal 0 -0.972214 0.234096
    outer loop
      vertex 33 40.3902 15.6749
      vertex 31 40.3608 15.5528
      vertex 33 40.3608 15.5528
    endloop
  endfacet
  facet normal 0 -0.234096 -0.972214
    outer loop
      vertex 31 39.7251 28.9902
      vertex 33 39.8472 28.9608
      vertex 33 39.7251 28.9902
    endloop
  endfacet
  facet normal -0 -0.234096 -0.972214
    outer loop
      vertex 33 39.8472 28.9608
      vertex 31 39.7251 28.9902
      vertex 31 39.8472 28.9608
    endloop
  endfacet
  facet normal 0 -0.972214 -0.234096
    outer loop
      vertex 31 40.3902 28.3251
      vertex 33 40.3608 28.4472
      vertex 31 40.3608 28.4472
    endloop
  endfacet
  facet normal 0 -0.972214 -0.234096
    outer loop
      vertex 33 40.3608 28.4472
      vertex 31 40.3902 28.3251
      vertex 33 40.3902 28.3251
    endloop
  endfacet
  facet normal 0 -0.522674 -0.852533
    outer loop
      vertex 31 39.9632 28.9128
      vertex 33 40.0702 28.8472
      vertex 33 39.9632 28.9128
    endloop
  endfacet
  facet normal -0 -0.522674 -0.852533
    outer loop
      vertex 33 40.0702 28.8472
      vertex 31 39.9632 28.9128
      vertex 31 40.0702 28.8472
    endloop
  endfacet
  facet normal 0 0.972214 -0.234096
    outer loop
      vertex 33 38.8098 28.3251
      vertex 31 38.8392 28.4472
      vertex 33 38.8392 28.4472
    endloop
  endfacet
  facet normal 0 0.972214 -0.234096
    outer loop
      vertex 31 38.8392 28.4472
      vertex 33 38.8098 28.3251
      vertex 31 38.8098 28.3251
    endloop
  endfacet
  facet normal 0 0.852533 -0.522674
    outer loop
      vertex 33 38.8872 28.5632
      vertex 31 38.9528 28.6702
      vertex 33 38.9528 28.6702
    endloop
  endfacet
  facet normal 0 0.852533 -0.522674
    outer loop
      vertex 31 38.9528 28.6702
      vertex 33 38.8872 28.5632
      vertex 31 38.8872 28.5632
    endloop
  endfacet
  facet normal 0 0.522674 -0.852533
    outer loop
      vertex 31 39.1298 28.8472
      vertex 33 39.2368 28.9128
      vertex 33 39.1298 28.8472
    endloop
  endfacet
  facet normal 0 0.522674 -0.852533
    outer loop
      vertex 33 39.2368 28.9128
      vertex 31 39.1298 28.8472
      vertex 31 39.2368 28.9128
    endloop
  endfacet
  facet normal 0 0.852533 0.522674
    outer loop
      vertex 33 38.9528 15.3298
      vertex 31 38.8872 15.4368
      vertex 33 38.8872 15.4368
    endloop
  endfacet
  facet normal 0 0.852533 0.522674
    outer loop
      vertex 31 38.8872 15.4368
      vertex 33 38.9528 15.3298
      vertex 31 38.9528 15.3298
    endloop
  endfacet
  facet normal -0 0.522674 0.852533
    outer loop
      vertex 31 39.2368 15.0872
      vertex 33 39.1298 15.1528
      vertex 33 39.2368 15.0872
    endloop
  endfacet
  facet normal 0 0.522674 0.852533
    outer loop
      vertex 33 39.1298 15.1528
      vertex 31 39.2368 15.0872
      vertex 31 39.1298 15.1528
    endloop
  endfacet
  facet normal 0 -0.924017 0.382352
    outer loop
      vertex 31 40.3128 15.4368
      vertex 33 40.3608 15.5528
      vertex 31 40.3608 15.5528
    endloop
  endfacet
  facet normal 0 -0.924017 0.382352
    outer loop
      vertex 33 40.3608 15.5528
      vertex 31 40.3128 15.4368
      vertex 33 40.3128 15.4368
    endloop
  endfacet
  facet normal 0 -0.996946 0.0780981
    outer loop
      vertex 31 40.3902 15.6749
      vertex 33 40.4 15.8
      vertex 31 40.4 15.8
    endloop
  endfacet
  facet normal 0 -0.996946 0.0780981
    outer loop
      vertex 33 40.4 15.8
      vertex 31 40.3902 15.6749
      vertex 33 40.3902 15.6749
    endloop
  endfacet
  facet normal 0 -0.382352 0.924017
    outer loop
      vertex 31 39.9632 15.0872
      vertex 33 39.8472 15.0392
      vertex 33 39.9632 15.0872
    endloop
  endfacet
  facet normal 0 -0.382352 0.924017
    outer loop
      vertex 33 39.8472 15.0392
      vertex 31 39.9632 15.0872
      vertex 31 39.8472 15.0392
    endloop
  endfacet
  facet normal 0 -0.522674 0.852533
    outer loop
      vertex 31 40.0702 15.1528
      vertex 33 39.9632 15.0872
      vertex 33 40.0702 15.1528
    endloop
  endfacet
  facet normal 0 -0.522674 0.852533
    outer loop
      vertex 33 39.9632 15.0872
      vertex 31 40.0702 15.1528
      vertex 31 39.9632 15.0872
    endloop
  endfacet
  facet normal 0 -0.64915 0.76066
    outer loop
      vertex 31 40.1657 15.2343
      vertex 33 40.0702 15.1528
      vertex 33 40.1657 15.2343
    endloop
  endfacet
  facet normal 0 -0.64915 0.76066
    outer loop
      vertex 33 40.0702 15.1528
      vertex 31 40.1657 15.2343
      vertex 31 40.0702 15.1528
    endloop
  endfacet
  facet normal 0 -0.369796 0.929113
    outer loop
      vertex 3.39602 2 5.64602
      vertex 30.4 0 4.85
      vertex 29.604 2 5.64602
    endloop
  endfacet
  facet normal 0 -0.369796 0.929113
    outer loop
      vertex 30.4 0 4.85
      vertex 3.39602 2 5.64602
      vertex 2.6 0 4.85
    endloop
  endfacet
  facet normal 0.929113 -0.369796 0
    outer loop
      vertex 2.6 0 32.65
      vertex 3.39602 2 5.64602
      vertex 3.39602 2 31.854
    endloop
  endfacet
  facet normal 0.929113 -0.369796 0
    outer loop
      vertex 3.39602 2 5.64602
      vertex 2.6 0 32.65
      vertex 2.6 0 4.85
    endloop
  endfacet
  facet normal 0 -0.369788 -0.929116
    outer loop
      vertex 30.4 0 32.65
      vertex 3.39602 2 31.854
      vertex 29.604 2 31.854
    endloop
  endfacet
  facet normal 0 -0.369788 -0.929116
    outer loop
      vertex 3.39602 2 31.854
      vertex 30.4 0 32.65
      vertex 2.6 0 32.65
    endloop
  endfacet
  facet normal -0.929116 -0.369788 0
    outer loop
      vertex 30.4 0 4.85
      vertex 29.604 2 31.854
      vertex 29.604 2 5.64602
    endloop
  endfacet
  facet normal -0.929116 -0.369788 0
    outer loop
      vertex 29.604 2 31.854
      vertex 30.4 0 4.85
      vertex 30.4 0 32.65
    endloop
  endfacet
  facet normal 1 -0 0
    outer loop
      vertex 11.8 11.7 43
      vertex 11.8 25 42
      vertex 11.8 25 43
    endloop
  endfacet
  facet normal 1 0 0
    outer loop
      vertex 11.8 25 42
      vertex 11.8 11.7 43
      vertex 11.8 11.7 42
    endloop
  endfacet
  facet normal 0 0 -1
    outer loop
      vertex 11.8 11.7 43
      vertex 21.2 25 43
      vertex 21.2 11.7 43
    endloop
  endfacet
  facet normal -0 0 -1
    outer loop
      vertex 21.2 25 43
      vertex 11.8 11.7 43
      vertex 11.8 25 43
    endloop
  endfacet
  facet normal -1 0 0
    outer loop
      vertex 21.2 11.7 42
      vertex 21.2 25 43
      vertex 21.2 25 42
    endloop
  endfacet
  facet normal -1 -0 0
    outer loop
      vertex 21.2 25 43
      vertex 21.2 11.7 42
      vertex 21.2 11.7 43
    endloop
  endfacet
  facet normal 0 -1 0
    outer loop
      vertex 11.8 25 42
      vertex 21.2 25 43
      vertex 11.8 25 43
    endloop
  endfacet
  facet normal 0 -1 -0
    outer loop
      vertex 21.2 25 43
      vertex 11.8 25 42
      vertex 21.2 25 42
    endloop
  endfacet
  facet normal 0 1 -0
    outer loop
      vertex 21.2 11.7 42
      vertex 11.8 11.7 43
      vertex 21.2 11.7 43
    endloop
  endfacet
  facet normal 0 1 0
    outer loop
      vertex 11.8 11.7 43
      vertex 21.2 11.7 42
      vertex 11.8 11.7 42
    endloop
  endfacet
  facet normal -0.996895 -0.0556754 -0.0556755
    outer loop
      vertex 17.9888 2.20114 42
      vertex 17.9815 0.331847 44
      vertex 17.9815 2.33185 42
    endloop
  endfacet
  facet normal -0.996923 -0.0554162 -0.0554333
    outer loop
      vertex 17.9815 0.331847 44
      vertex 17.9888 2.20114 42
      vertex 17.9932 0.121367 44
    endloop
  endfacet
  facet normal -0.923789 -0.270743 -0.270761
    outer loop
      vertex 17.9266 2.65552 42
      vertex 17.8901 0.779933 44
      vertex 17.8685 2.85376 42
    endloop
  endfacet
  facet normal -0.923652 -0.270986 -0.270985
    outer loop
      vertex 17.8901 0.779933 44
      vertex 17.9266 2.65552 42
      vertex 17.9266 0.655523 44
    endloop
  endfacet
  facet normal -0.996913 -0.0555107 -0.0555316
    outer loop
      vertex 18 2 42
      vertex 17.9932 0.121367 44
      vertex 17.9888 2.20114 42
    endloop
  endfacet
  facet normal -0.996876 -0.0558534 -0.0558534
    outer loop
      vertex 17.9932 0.121367 44
      vertex 18 2 42
      vertex 18 0 44
    endloop
  endfacet
  facet normal -0.972409 -0.164955 -0.164954
    outer loop
      vertex 17.9607 2.4545 42
      vertex 17.9266 0.655523 44
      vertex 17.9266 2.65552 42
    endloop
  endfacet
  facet normal -0.972412 -0.164947 -0.164948
    outer loop
      vertex 17.9266 0.655523 44
      vertex 17.9607 2.4545 42
      vertex 17.948 0.529364 44
    endloop
  endfacet
  facet normal 0.760482 -0.459166 -0.459166
    outer loop
      vertex 15.4393 1.5 44
      vertex 15.3365 3.32974 42
      vertex 15.4393 3.5 42
    endloop
  endfacet
  facet normal 0.760499 -0.459151 -0.459153
    outer loop
      vertex 15.3365 3.32974 42
      vertex 15.4393 1.5 44
      vertex 15.372 1.38853 44
    endloop
  endfacet
  facet normal 0.972441 0.164862 0.164862
    outer loop
      vertex 15.052 0 43.4706
      vertex 15.0185 2 41.6682
      vertex 15.0185 0 43.6682
    endloop
  endfacet
  facet normal 0.972445 0.16485 0.164848
    outer loop
      vertex 15.0185 2 41.6682
      vertex 15.052 0 43.4706
      vertex 15.0393 2 41.5455
    endloop
  endfacet
  facet normal 0.64923 0.53782 0.53782
    outer loop
      vertex 15.5204 0 42.4021
      vertex 15.4393 2 40.5
      vertex 15.4393 0 42.5
    endloop
  endfacet
  facet normal 0.649364 0.537744 0.537734
    outer loop
      vertex 15.4393 2 40.5
      vertex 15.5204 0 42.4021
      vertex 15.5631 2 40.3505
    endloop
  endfacet
  facet normal -0.233494 -0.687561 -0.687561
    outer loop
      vertex 16.7347 4.0952 42
      vertex 16.9635 2.0175 44
      vertex 16.7347 2.0952 44
    endloop
  endfacet
  facet normal -0.233494 -0.687561 -0.687561
    outer loop
      vertex 16.9635 2.0175 44
      vertex 16.7347 4.0952 42
      vertex 16.9635 4.0175 42
    endloop
  endfacet
  facet normal -0.382453 -0.653349 -0.653349
    outer loop
      vertex 17.0264 3.98068 42
      vertex 16.9635 2.0175 44
      vertex 16.9635 4.0175 42
    endloop
  endfacet
  facet normal -0.382669 -0.653282 -0.65329
    outer loop
      vertex 16.9635 2.0175 44
      vertex 17.0264 3.98068 42
      vertex 17.078 1.95043 44
    endloop
  endfacet
  facet normal -0.522265 -0.603003 -0.603015
    outer loop
      vertex 17.3212 3.76862 42
      vertex 17.3817 1.71618 44
      vertex 17.2743 1.8092 44
    endloop
  endfacet
  facet normal -0.522562 -0.60288 -0.60288
    outer loop
      vertex 17.3817 1.71618 44
      vertex 17.3212 3.76862 42
      vertex 17.3817 3.71618 42
    endloop
  endfacet
  facet normal -0.233494 0.687561 0.687561
    outer loop
      vertex 16.9635 2 39.9825
      vertex 16.7347 0 41.9048
      vertex 16.9635 0 41.9825
    endloop
  endfacet
  facet normal -0.233494 0.687561 0.687561
    outer loop
      vertex 16.7347 0 41.9048
      vertex 16.9635 2 39.9825
      vertex 16.7347 2 39.9048
    endloop
  endfacet
  facet normal -0.760558 0.459104 0.459104
    outer loop
      vertex 17.5607 0 42.5
      vertex 17.6635 2 40.6703
      vertex 17.5607 2 40.5
    endloop
  endfacet
  facet normal -0.760585 0.459083 0.459079
    outer loop
      vertex 17.6635 2 40.6703
      vertex 17.5607 0 42.5
      vertex 17.628 0 42.6115
    endloop
  endfacet
  facet normal 0.924023 0.270357 0.270347
    outer loop
      vertex 15.1635 0 43.0369
      vertex 15.1315 2 41.1462
      vertex 15.1099 0 43.2201
    endloop
  endfacet
  facet normal 0.923935 0.270503 0.270503
    outer loop
      vertex 15.1315 2 41.1462
      vertex 15.1635 0 43.0369
      vertex 15.1635 2 41.0369
    endloop
  endfacet
  facet normal -0.649337 -0.537748 -0.537763
    outer loop
      vertex 17.5607 3.5 42
      vertex 17.4796 1.59787 44
      vertex 17.4369 3.64949 42
    endloop
  endfacet
  facet normal -0.649115 -0.537889 -0.537889
    outer loop
      vertex 17.4796 1.59787 44
      vertex 17.5607 3.5 42
      vertex 17.5607 1.5 44
    endloop
  endfacet
  facet normal 0.382669 -0.653282 -0.65329
    outer loop
      vertex 15.9736 3.98068 42
      vertex 16.0365 2.0175 44
      vertex 15.922 1.95043 44
    endloop
  endfacet
  facet normal 0.382453 -0.653349 -0.653349
    outer loop
      vertex 16.0365 2.0175 44
      vertex 15.9736 3.98068 42
      vertex 16.0365 4.0175 42
    endloop
  endfacet
  facet normal 0.996877 0.0558383 0.0558383
    outer loop
      vertex 15.0068 0 43.8786
      vertex 15 2 42
      vertex 15 0 44
    endloop
  endfacet
  facet normal 0.996912 0.055541 0.0555217
    outer loop
      vertex 15 2 42
      vertex 15.0068 0 43.8786
      vertex 15.0112 2 41.7989
    endloop
  endfacet
  facet normal -0.996912 0.055541 0.0555217
    outer loop
      vertex 17.9932 0 43.8786
      vertex 18 2 42
      vertex 17.9888 2 41.7989
    endloop
  endfacet
  facet normal -0.996877 0.0558383 0.0558383
    outer loop
      vertex 18 2 42
      vertex 17.9932 0 43.8786
      vertex 18 0 44
    endloop
  endfacet
  facet normal -0.972404 0.16497 0.16497
    outer loop
      vertex 17.9266 0 43.3445
      vertex 17.9607 2 41.5455
      vertex 17.9266 2 41.3445
    endloop
  endfacet
  facet normal -0.972388 0.165015 0.165021
    outer loop
      vertex 17.9607 2 41.5455
      vertex 17.9266 0 43.3445
      vertex 17.948 0 43.4706
    endloop
  endfacet
  facet normal -0.852697 0.369397 0.369396
    outer loop
      vertex 17.7846 0 42.9171
      vertex 17.8365 2 41.0369
      vertex 17.7551 2 40.849
    endloop
  endfacet
  facet normal -0.85269 0.369404 0.369404
    outer loop
      vertex 17.8365 2 41.0369
      vertex 17.7846 0 42.9171
      vertex 17.8365 0 43.0369
    endloop
  endfacet
  facet normal -0.382812 0.653254 0.653234
    outer loop
      vertex 17.0264 2 40.0193
      vertex 16.9635 0 41.9825
      vertex 17.078 0 42.0496
    endloop
  endfacet
  facet normal -0.382276 0.653401 0.653401
    outer loop
      vertex 16.9635 0 41.9825
      vertex 17.0264 2 40.0193
      vertex 16.9635 2 39.9825
    endloop
  endfacet
  facet normal 0.382812 0.653254 0.653234
    outer loop
      vertex 16.0365 0 41.9825
      vertex 15.9736 2 40.0193
      vertex 15.922 0 42.0496
    endloop
  endfacet
  facet normal 0.382276 0.653401 0.653401
    outer loop
      vertex 15.9736 2 40.0193
      vertex 16.0365 0 41.9825
      vertex 16.0365 2 39.9825
    endloop
  endfacet
  facet normal 0.85269 0.369404 0.369404
    outer loop
      vertex 15.2154 0 42.9171
      vertex 15.1635 2 41.0369
      vertex 15.1635 0 43.0369
    endloop
  endfacet
  facet normal 0.852697 0.369397 0.369396
    outer loop
      vertex 15.1635 2 41.0369
      vertex 15.2154 0 42.9171
      vertex 15.2449 2 40.849
    endloop
  endfacet
  facet normal -0.852726 -0.369369 -0.369358
    outer loop
      vertex 17.8365 2.96306 42
      vertex 17.7846 1.08294 44
      vertex 17.7551 3.15098 42
    endloop
  endfacet
  facet normal -0.852848 -0.369223 -0.369223
    outer loop
      vertex 17.7846 1.08294 44
      vertex 17.8365 2.96306 42
      vertex 17.8365 0.963059 44
    endloop
  endfacet
  facet normal -0.852388 -0.369753 -0.369753
    outer loop
      vertex 17.7551 3.15098 42
      vertex 17.7135 1.24688 44
      vertex 17.7135 3.24688 42
    endloop
  endfacet
  facet normal -0.852435 -0.369697 -0.369701
    outer loop
      vertex 17.7135 1.24688 44
      vertex 17.7551 3.15098 42
      vertex 17.7846 1.08294 44
    endloop
  endfacet
  facet normal -0.382708 -0.653271 -0.653278
    outer loop
      vertex 17.181 3.89011 42
      vertex 17.078 1.95043 44
      vertex 17.0264 3.98068 42
    endloop
  endfacet
  facet normal -0.382597 -0.653307 -0.653307
    outer loop
      vertex 17.078 1.95043 44
      vertex 17.181 3.89011 42
      vertex 17.181 1.89011 44
    endloop
  endfacet
  facet normal -0.522749 -0.602799 -0.602799
    outer loop
      vertex 17.181 3.89011 42
      vertex 17.2743 1.8092 44
      vertex 17.181 1.89011 44
    endloop
  endfacet
  facet normal -0.522456 -0.602917 -0.602935
    outer loop
      vertex 17.2743 1.8092 44
      vertex 17.181 3.89011 42
      vertex 17.3212 3.76862 42
    endloop
  endfacet
  facet normal 0.649337 -0.537748 -0.537763
    outer loop
      vertex 15.5204 1.59787 44
      vertex 15.4393 3.5 42
      vertex 15.5631 3.64949 42
    endloop
  endfacet
  facet normal 0.649115 -0.537889 -0.537889
    outer loop
      vertex 15.4393 3.5 42
      vertex 15.5204 1.59787 44
      vertex 15.4393 1.5 44
    endloop
  endfacet
  facet normal 0.0784521 -0.704927 -0.704927
    outer loop
      vertex 16.2653 4.0952 42
      vertex 16.5 2.12132 44
      vertex 16.2653 2.0952 44
    endloop
  endfacet
  facet normal 0.0784521 -0.704927 -0.704927
    outer loop
      vertex 16.5 2.12132 44
      vertex 16.2653 4.0952 42
      vertex 16.5 4.12132 42
    endloop
  endfacet
  facet normal 0.972424 -0.164912 -0.164914
    outer loop
      vertex 15.052 0.529364 44
      vertex 15.0185 2.33185 42
      vertex 15.0393 2.4545 42
    endloop
  endfacet
  facet normal 0.972418 -0.164928 -0.164928
    outer loop
      vertex 15.0185 2.33185 42
      vertex 15.052 0.529364 44
      vertex 15.0185 0.331847 44
    endloop
  endfacet
  facet normal 0.760668 -0.459008 -0.459017
    outer loop
      vertex 15.372 1.38853 44
      vertex 15.2865 3.24688 42
      vertex 15.3365 3.32974 42
    endloop
  endfacet
  facet normal 0.760579 -0.459086 -0.459086
    outer loop
      vertex 15.2865 3.24688 42
      vertex 15.372 1.38853 44
      vertex 15.2865 1.24688 44
    endloop
  endfacet
  facet normal 0.923935 -0.270503 -0.270503
    outer loop
      vertex 15.1635 0.963059 44
      vertex 15.1315 2.85376 42
      vertex 15.1635 2.96306 42
    endloop
  endfacet
  facet normal 0.92397 -0.270441 -0.270445
    outer loop
      vertex 15.1315 2.85376 42
      vertex 15.1635 0.963059 44
      vertex 15.1099 0.779933 44
    endloop
  endfacet
  facet normal 0.52274 -0.602789 -0.602817
    outer loop
      vertex 15.6788 3.76862 42
      vertex 15.819 1.89011 44
      vertex 15.7257 1.8092 44
    endloop
  endfacet
  facet normal 0.522462 -0.602923 -0.602923
    outer loop
      vertex 15.819 1.89011 44
      vertex 15.6788 3.76862 42
      vertex 15.819 3.89011 42
    endloop
  endfacet
  facet normal 0.233494 -0.687561 -0.687561
    outer loop
      vertex 16.0365 4.0175 42
      vertex 16.2653 2.0952 44
      vertex 16.0365 2.0175 44
    endloop
  endfacet
  facet normal 0.233494 -0.687561 -0.687561
    outer loop
      vertex 16.2653 2.0952 44
      vertex 16.0365 4.0175 42
      vertex 16.2653 4.0952 42
    endloop
  endfacet
  facet normal -0.852388 0.369753 0.369753
    outer loop
      vertex 17.7135 0 42.7531
      vertex 17.7551 2 40.849
      vertex 17.7135 2 40.7531
    endloop
  endfacet
  facet normal -0.852518 0.369608 0.369598
    outer loop
      vertex 17.7551 2 40.849
      vertex 17.7135 0 42.7531
      vertex 17.7846 0 42.9171
    endloop
  endfacet
  facet normal -0.972445 0.16485 0.164848
    outer loop
      vertex 17.948 0 43.4706
      vertex 17.9815 2 41.6682
      vertex 17.9607 2 41.5455
    endloop
  endfacet
  facet normal -0.972441 0.164862 0.164862
    outer loop
      vertex 17.9815 2 41.6682
      vertex 17.948 0 43.4706
      vertex 17.9815 0 43.6682
    endloop
  endfacet
  facet normal -0.996895 0.0556797 0.0556797
    outer loop
      vertex 17.9815 0 43.6682
      vertex 17.9888 2 41.7989
      vertex 17.9815 2 41.6682
    endloop
  endfacet
  facet normal -0.996921 0.0554531 0.0554372
    outer loop
      vertex 17.9888 2 41.7989
      vertex 17.9815 0 43.6682
      vertex 17.9932 0 43.8786
    endloop
  endfacet
  facet normal -0.522273 0.603006 0.603006
    outer loop
      vertex 17.3212 2 40.2314
      vertex 17.3817 0 42.2838
      vertex 17.3817 2 40.2838
    endloop
  endfacet
  facet normal -0.522186 0.603045 0.603041
    outer loop
      vertex 17.3817 0 42.2838
      vertex 17.3212 2 40.2314
      vertex 17.2743 0 42.1908
    endloop
  endfacet
  facet normal -0.649598 0.537598 0.537598
    outer loop
      vertex 17.3817 0 42.2838
      vertex 17.4369 2 40.3505
      vertex 17.3817 2 40.2838
    endloop
  endfacet
  facet normal -0.649611 0.53759 0.53759
    outer loop
      vertex 17.4369 2 40.3505
      vertex 17.3817 0 42.2838
      vertex 17.4796 0 42.4021
    endloop
  endfacet
  facet normal -0.0783924 0.704931 0.704931
    outer loop
      vertex 16.7347 2 39.9048
      vertex 16.5 0 41.8787
      vertex 16.7347 0 41.9048
    endloop
  endfacet
  facet normal -0.0783924 0.704931 0.704931
    outer loop
      vertex 16.5 0 41.8787
      vertex 16.7347 2 39.9048
      vertex 16.5 2 39.8787
    endloop
  endfacet
  facet normal 0.522188 0.603042 0.603042
    outer loop
      vertex 15.7257 0 42.1908
      vertex 15.6183 2 40.2838
      vertex 15.6183 0 42.2838
    endloop
  endfacet
  facet normal 0.522271 0.60301 0.603003
    outer loop
      vertex 15.6183 2 40.2838
      vertex 15.7257 0 42.1908
      vertex 15.6788 2 40.2314
    endloop
  endfacet
  facet normal 0.760585 0.459083 0.459079
    outer loop
      vertex 15.4393 0 42.5
      vertex 15.3365 2 40.6703
      vertex 15.372 0 42.6115
    endloop
  endfacet
  facet normal 0.760558 0.459104 0.459104
    outer loop
      vertex 15.3365 2 40.6703
      vertex 15.4393 0 42.5
      vertex 15.4393 2 40.5
    endloop
  endfacet
  facet normal 0.923641 0.271004 0.271004
    outer loop
      vertex 15.1099 0 43.2201
      vertex 15.0734 2 41.3445
      vertex 15.0734 0 43.3445
    endloop
  endfacet
  facet normal 0.923829 0.270697 0.270673
    outer loop
      vertex 15.0734 2 41.3445
      vertex 15.1099 0 43.2201
      vertex 15.1315 2 41.1462
    endloop
  endfacet
  facet normal 0.972388 0.165015 0.165021
    outer loop
      vertex 15.0734 0 43.3445
      vertex 15.0393 2 41.5455
      vertex 15.052 0 43.4706
    endloop
  endfacet
  facet normal 0.972404 0.16497 0.16497
    outer loop
      vertex 15.0393 2 41.5455
      vertex 15.0734 0 43.3445
      vertex 15.0734 2 41.3445
    endloop
  endfacet
  facet normal 0.852518 0.369608 0.369598
    outer loop
      vertex 15.2865 0 42.7531
      vertex 15.2449 2 40.849
      vertex 15.2154 0 42.9171
    endloop
  endfacet
  facet normal 0.852388 0.369753 0.369753
    outer loop
      vertex 15.2449 2 40.849
      vertex 15.2865 0 42.7531
      vertex 15.2865 2 40.7531
    endloop
  endfacet
  facet normal 0.760466 0.45918 0.45918
    outer loop
      vertex 15.372 0 42.6115
      vertex 15.2865 2 40.7531
      vertex 15.2865 0 42.7531
    endloop
  endfacet
  facet normal 0.76044 0.4592 0.459203
    outer loop
      vertex 15.2865 2 40.7531
      vertex 15.372 0 42.6115
      vertex 15.3365 2 40.6703
    endloop
  endfacet
  facet normal -0.923935 -0.270503 -0.270503
    outer loop
      vertex 17.8685 2.85376 42
      vertex 17.8365 0.963059 44
      vertex 17.8365 2.96306 42
    endloop
  endfacet
  facet normal -0.92397 -0.270441 -0.270445
    outer loop
      vertex 17.8365 0.963059 44
      vertex 17.8685 2.85376 42
      vertex 17.8901 0.779933 44
    endloop
  endfacet
  facet normal -0.760482 -0.459166 -0.459166
    outer loop
      vertex 17.6635 3.32974 42
      vertex 17.5607 1.5 44
      vertex 17.5607 3.5 42
    endloop
  endfacet
  facet normal -0.760499 -0.459151 -0.459153
    outer loop
      vertex 17.5607 1.5 44
      vertex 17.6635 3.32974 42
      vertex 17.628 1.38853 44
    endloop
  endfacet
  facet normal -0.649541 -0.537632 -0.537632
    outer loop
      vertex 17.4369 3.64949 42
      vertex 17.3817 1.71618 44
      vertex 17.3817 3.71618 42
    endloop
  endfacet
  facet normal -0.649641 -0.537569 -0.537574
    outer loop
      vertex 17.3817 1.71618 44
      vertex 17.4369 3.64949 42
      vertex 17.4796 1.59787 44
    endloop
  endfacet
  facet normal -0.0784521 -0.704927 -0.704927
    outer loop
      vertex 16.5 4.12132 42
      vertex 16.7347 2.0952 44
      vertex 16.5 2.12132 44
    endloop
  endfacet
  facet normal -0.0784521 -0.704927 -0.704927
    outer loop
      vertex 16.7347 2.0952 44
      vertex 16.5 4.12132 42
      vertex 16.7347 4.0952 42
    endloop
  endfacet
  facet normal 0.996921 0.0554531 0.0554372
    outer loop
      vertex 15.0185 0 43.6682
      vertex 15.0112 2 41.7989
      vertex 15.0068 0 43.8786
    endloop
  endfacet
  facet normal 0.996895 0.0556797 0.0556797
    outer loop
      vertex 15.0112 2 41.7989
      vertex 15.0185 0 43.6682
      vertex 15.0185 2 41.6682
    endloop
  endfacet
  facet normal 0.996913 -0.0555107 -0.0555316
    outer loop
      vertex 15.0068 0.121367 44
      vertex 15 2 42
      vertex 15.0112 2.20114 42
    endloop
  endfacet
  facet normal 0.996876 -0.0558534 -0.0558534
    outer loop
      vertex 15 2 42
      vertex 15.0068 0.121367 44
      vertex 15 0 44
    endloop
  endfacet
  facet normal 0.996895 -0.0556754 -0.0556755
    outer loop
      vertex 15.0185 0.331847 44
      vertex 15.0112 2.20114 42
      vertex 15.0185 2.33185 42
    endloop
  endfacet
  facet normal 0.996923 -0.0554162 -0.0554333
    outer loop
      vertex 15.0112 2.20114 42
      vertex 15.0185 0.331847 44
      vertex 15.0068 0.121367 44
    endloop
  endfacet
  facet normal 0.852726 -0.369369 -0.369358
    outer loop
      vertex 15.2154 1.08294 44
      vertex 15.1635 2.96306 42
      vertex 15.2449 3.15098 42
    endloop
  endfacet
  facet normal 0.852848 -0.369223 -0.369223
    outer loop
      vertex 15.1635 2.96306 42
      vertex 15.2154 1.08294 44
      vertex 15.1635 0.963059 44
    endloop
  endfacet
  facet normal 0.382597 -0.653307 -0.653307
    outer loop
      vertex 15.819 3.89011 42
      vertex 15.922 1.95043 44
      vertex 15.819 1.89011 44
    endloop
  endfacet
  facet normal 0.382708 -0.653271 -0.653278
    outer loop
      vertex 15.922 1.95043 44
      vertex 15.819 3.89011 42
      vertex 15.9736 3.98068 42
    endloop
  endfacet
  facet normal -0.923829 0.270697 0.270673
    outer loop
      vertex 17.8901 0 43.2201
      vertex 17.9266 2 41.3445
      vertex 17.8685 2 41.1462
    endloop
  endfacet
  facet normal -0.923641 0.271004 0.271004
    outer loop
      vertex 17.9266 2 41.3445
      vertex 17.8901 0 43.2201
      vertex 17.9266 0 43.3445
    endloop
  endfacet
  facet normal -0.923935 0.270503 0.270503
    outer loop
      vertex 17.8365 0 43.0369
      vertex 17.8685 2 41.1462
      vertex 17.8365 2 41.0369
    endloop
  endfacet
  facet normal -0.924023 0.270357 0.270347
    outer loop
      vertex 17.8685 2 41.1462
      vertex 17.8365 0 43.0369
      vertex 17.8901 0 43.2201
    endloop
  endfacet
  facet normal -0.522489 0.602918 0.602905
    outer loop
      vertex 17.181 2 40.1099
      vertex 17.2743 0 42.1908
      vertex 17.3212 2 40.2314
    endloop
  endfacet
  facet normal -0.522702 0.602819 0.602819
    outer loop
      vertex 17.2743 0 42.1908
      vertex 17.181 2 40.1099
      vertex 17.181 0 42.1099
    endloop
  endfacet
  facet normal 0.233494 0.687561 0.687561
    outer loop
      vertex 16.2653 0 41.9048
      vertex 16.0365 2 39.9825
      vertex 16.0365 0 41.9825
    endloop
  endfacet
  facet normal 0.233494 0.687561 0.687561
    outer loop
      vertex 16.0365 2 39.9825
      vertex 16.2653 0 41.9048
      vertex 16.2653 2 39.9048
    endloop
  endfacet
  facet normal 0.0783924 0.704931 0.704931
    outer loop
      vertex 16.5 0 41.8787
      vertex 16.2653 2 39.9048
      vertex 16.2653 0 41.9048
    endloop
  endfacet
  facet normal 0.0783924 0.704931 0.704931
    outer loop
      vertex 16.2653 2 39.9048
      vertex 16.5 0 41.8787
      vertex 16.5 2 39.8787
    endloop
  endfacet
  facet normal 0.382488 0.653339 0.653339
    outer loop
      vertex 15.922 0 42.0496
      vertex 15.819 2 40.1099
      vertex 15.819 0 42.1099
    endloop
  endfacet
  facet normal 0.382813 0.653253 0.653233
    outer loop
      vertex 15.819 2 40.1099
      vertex 15.922 0 42.0496
      vertex 15.9736 2 40.0193
    endloop
  endfacet
  facet normal 0.522702 0.602819 0.602819
    outer loop
      vertex 15.819 2 40.1099
      vertex 15.7257 0 42.1908
      vertex 15.819 0 42.1099
    endloop
  endfacet
  facet normal 0.522489 0.602918 0.602905
    outer loop
      vertex 15.7257 0 42.1908
      vertex 15.819 2 40.1099
      vertex 15.6788 2 40.2314
    endloop
  endfacet
  facet normal 0.649611 0.53759 0.53759
    outer loop
      vertex 15.6183 0 42.2838
      vertex 15.5631 2 40.3505
      vertex 15.5204 0 42.4021
    endloop
  endfacet
  facet normal 0.649598 0.537598 0.537598
    outer loop
      vertex 15.5631 2 40.3505
      vertex 15.6183 0 42.2838
      vertex 15.6183 2 40.2838
    endloop
  endfacet
  facet normal -0.972424 -0.164912 -0.164914
    outer loop
      vertex 17.9815 2.33185 42
      vertex 17.948 0.529364 44
      vertex 17.9607 2.4545 42
    endloop
  endfacet
  facet normal -0.972418 -0.164928 -0.164928
    outer loop
      vertex 17.948 0.529364 44
      vertex 17.9815 2.33185 42
      vertex 17.9815 0.331847 44
    endloop
  endfacet
  facet normal -0.760668 -0.459008 -0.459017
    outer loop
      vertex 17.7135 3.24688 42
      vertex 17.628 1.38853 44
      vertex 17.6635 3.32974 42
    endloop
  endfacet
  facet normal -0.760579 -0.459086 -0.459086
    outer loop
      vertex 17.628 1.38853 44
      vertex 17.7135 3.24688 42
      vertex 17.7135 1.24688 44
    endloop
  endfacet
  facet normal 0.972409 -0.164955 -0.164954
    outer loop
      vertex 15.0734 0.655523 44
      vertex 15.0393 2.4545 42
      vertex 15.0734 2.65552 42
    endloop
  endfacet
  facet normal 0.972412 -0.164947 -0.164948
    outer loop
      vertex 15.0393 2.4545 42
      vertex 15.0734 0.655523 44
      vertex 15.052 0.529364 44
    endloop
  endfacet
  facet normal 0.923789 -0.270743 -0.270761
    outer loop
      vertex 15.1099 0.779933 44
      vertex 15.0734 2.65552 42
      vertex 15.1315 2.85376 42
    endloop
  endfacet
  facet normal 0.923652 -0.270986 -0.270985
    outer loop
      vertex 15.0734 2.65552 42
      vertex 15.1099 0.779933 44
      vertex 15.0734 0.655523 44
    endloop
  endfacet
  facet normal -0.76044 0.4592 0.459203
    outer loop
      vertex 17.628 0 42.6115
      vertex 17.7135 2 40.7531
      vertex 17.6635 2 40.6703
    endloop
  endfacet
  facet normal -0.760466 0.45918 0.45918
    outer loop
      vertex 17.7135 2 40.7531
      vertex 17.628 0 42.6115
      vertex 17.7135 0 42.7531
    endloop
  endfacet
  facet normal -0.649364 0.537744 0.537734
    outer loop
      vertex 17.4796 0 42.4021
      vertex 17.5607 2 40.5
      vertex 17.4369 2 40.3505
    endloop
  endfacet
  facet normal -0.64923 0.53782 0.53782
    outer loop
      vertex 17.5607 2 40.5
      vertex 17.4796 0 42.4021
      vertex 17.5607 0 42.5
    endloop
  endfacet
  facet normal -0.382488 0.653339 0.653339
    outer loop
      vertex 17.181 2 40.1099
      vertex 17.078 0 42.0496
      vertex 17.181 0 42.1099
    endloop
  endfacet
  facet normal -0.382813 0.653253 0.653233
    outer loop
      vertex 17.078 0 42.0496
      vertex 17.181 2 40.1099
      vertex 17.0264 2 40.0193
    endloop
  endfacet
  facet normal 0.522269 -0.603007 -0.603007
    outer loop
      vertex 15.6183 3.71618 42
      vertex 15.7257 1.8092 44
      vertex 15.6183 1.71618 44
    endloop
  endfacet
  facet normal 0.522556 -0.602872 -0.602894
    outer loop
      vertex 15.7257 1.8092 44
      vertex 15.6183 3.71618 42
      vertex 15.6788 3.76862 42
    endloop
  endfacet
  facet normal 0.649541 -0.537632 -0.537632
    outer loop
      vertex 15.6183 1.71618 44
      vertex 15.5631 3.64949 42
      vertex 15.6183 3.71618 42
    endloop
  endfacet
  facet normal 0.649641 -0.537569 -0.537574
    outer loop
      vertex 15.5631 3.64949 42
      vertex 15.6183 1.71618 44
      vertex 15.5204 1.59787 44
    endloop
  endfacet
  facet normal 0.852388 -0.369753 -0.369753
    outer loop
      vertex 15.2865 1.24688 44
      vertex 15.2449 3.15098 42
      vertex 15.2865 3.24688 42
    endloop
  endfacet
  facet normal 0.852435 -0.369697 -0.369701
    outer loop
      vertex 15.2449 3.15098 42
      vertex 15.2865 1.24688 44
      vertex 15.2154 1.08294 44
    endloop
  endfacet
endsolid OpenSCAD_Model
